Timestamp,RunIndex,ScenarioID,TotalAgents,VisibleSignCount,SignHeight,SignPositionX,SignPositionZ,SignOrientation,VcaAngle,VcaDistance,SignComprehensionTime,AgentID,AgentType,StartNode,GoalNode,Height,EyeHeight,TimeInVCA,TimesInVCA,SawSign,TotalNodesNavigated,NodesWithDetection,RDEffective
2026-03-06_21.09.01,229,sign-optimization-horizontal-vertical_scenario,621,167,3,0,4,90,90,15,1,132145,WheelchairAgent(Clone),11,10,1.3,1.17,7.551758,2,True,3,2,0.6666667
2026-03-06_21.09.01,229,sign-optimization-horizontal-vertical_scenario,621,167,3,0,4,90,90,15,1,132146,AdultFemaleAgent(Clone),10,12,1.58,1.45,2.657227,1,False,3,0,0
2026-03-06_21.09.01,229,sign-optimization-horizontal-vertical_scenario,621,167,3,0,4,90,90,15,1,132147,AdultMaleAgent(Clone),6,12,1.71,1.58,0.5800781,1,False,2,0,0
2026-03-06_21.09.01,229,sign-optimization-horizontal-vertical_scenario,621,167,3,0,4,90,90,15,1,132148,AdultFemaleAgent(Clone),7,11,1.58,1.450001,0.08691406,1,False,2,0,0
2026-03-06_21.09.01,229,sign-optimization-horizontal-vertical_scenario,621,167,3,0,4,90,90,15,1,132149,WheelchairAgent(Clone),5,10,1.3,1.17,11.36719,1,True,2,1,0.5
2026-03-06_21.09.01,229,sign-optimization-horizontal-vertical_scenario,621,167,3,0,4,90,90,15,1,132150,AdultMaleAgent(Clone),7,11,1.71,1.58,0,0,False,2,0,0
2026-03-06_21.09.01,229,sign-optimization-horizontal-vertical_scenario,621,167,3,0,4,90,90,15,1,132151,AdultMaleAgent(Clone),6,12,1.71,1.58,0,0,False,2,0,0
2026-03-06_21.09.01,229,sign-optimization-horizontal-vertical_scenario,621,167,3,0,4,90,90,15,1,132152,WheelchairAgent(Clone),7,11,1.3,1.17,0.8505859,2,True,2,1,0.5
2026-03-06_21.09.01,229,sign-optimization-horizontal-vertical_scenario,621,167,3,0,4,90,90,15,1,132153,AdultFemaleAgent(Clone),10,12,1.58,1.45,2.624023,1,False,3,0,0
2026-03-06_21.09.01,229,sign-optimization-horizontal-vertical_scenario,621,167,3,0,4,90,90,15,1,132154,WheelchairAgent(Clone),5,10,1.3,1.17,11.99316,1,True,2,1,0.5
2026-03-06_21.09.01,229,sign-optimization-horizontal-vertical_scenario,621,167,3,0,4,90,90,15,1,132155,WheelchairAgent(Clone),7,11,1.3,1.17,0,0,False,2,0,0
2026-03-06_21.09.01,229,sign-optimization-horizontal-vertical_scenario,621,167,3,0,4,90,90,15,1,132156,AdultMaleAgent(Clone),11,10,1.71,1.58,5.898438,2,True,3,1,0.3333333
2026-03-06_21.09.01,229,sign-optimization-horizontal-vertical_scenario,621,167,3,0,4,90,90,15,1,132157,AdultFemaleAgent(Clone),5,10,1.58,1.45,11.375,1,True,2,1,0.5
2026-03-06_21.09.01,229,sign-optimization-horizontal-vertical_scenario,621,167,3,0,4,90,90,15,1,132158,WheelchairAgent(Clone),6,12,1.3,1.17,0,0,False,2,0,0
2026-03-06_21.09.01,229,sign-optimization-horizontal-vertical_scenario,621,167,3,0,4,90,90,15,1,132159,AdultMaleAgent(Clone),6,12,1.71,1.58,2.214844,1,False,2,0,0
2026-03-06_21.09.01,229,sign-optimization-horizontal-vertical_scenario,621,167,3,0,4,90,90,15,1,132160,AdultFemaleAgent(Clone),7,11,1.58,1.450001,0.7890625,2,False,2,1,0.5
2026-03-06_21.09.01,229,sign-optimization-horizontal-vertical_scenario,621,167,3,0,4,90,90,15,1,132161,AdultFemaleAgent(Clone),7,11,1.58,1.450001,0.7207031,1,False,2,0,0
2026-03-06_21.09.01,229,sign-optimization-horizontal-vertical_scenario,621,167,3,0,4,90,90,15,1,132162,AdultFemaleAgent(Clone),10,12,1.58,1.45,0,0,False,3,0,0
2026-03-06_21.09.01,229,sign-optimization-horizontal-vertical_scenario,621,167,3,0,4,90,90,15,1,132163,AdultMaleAgent(Clone),5,10,1.71,1.58,11.70313,1,True,2,1,0.5
2026-03-06_21.09.01,229,sign-optimization-horizontal-vertical_scenario,621,167,3,0,4,90,90,15,1,132164,WheelchairAgent(Clone),11,10,1.3,1.17,9.900391,1,True,3,2,0.6666667
2026-03-06_21.09.01,229,sign-optimization-horizontal-vertical_scenario,621,167,3,0,4,90,90,15,1,132165,AdultMaleAgent(Clone),10,12,1.71,1.58,0.07519531,2,False,3,1,0.3333333
2026-03-06_21.09.01,229,sign-optimization-horizontal-vertical_scenario,621,167,3,0,4,90,90,15,1,132166,WheelchairAgent(Clone),6,12,1.3,1.17,3.100586,1,False,2,0,0
2026-03-06_21.09.01,229,sign-optimization-horizontal-vertical_scenario,621,167,3,0,4,90,90,15,1,132167,AdultMaleAgent(Clone),7,11,1.71,1.58,0,0,False,2,0,0
2026-03-06_21.09.01,229,sign-optimization-horizontal-vertical_scenario,621,167,3,0,4,90,90,15,1,132168,AdultMaleAgent(Clone),6,12,1.71,1.58,1.09375,1,False,2,0,0
2026-03-06_21.09.01,229,sign-optimization-horizontal-vertical_scenario,621,167,3,0,4,90,90,15,1,132169,AdultMaleAgent(Clone),11,10,1.71,1.58,7.481445,2,True,3,2,0.6666667
2026-03-06_21.09.01,229,sign-optimization-horizontal-vertical_scenario,621,167,3,0,4,90,90,15,1,132170,AdultMaleAgent(Clone),10,12,1.71,1.58,0.0234375,2,False,3,0,0
2026-03-06_21.09.01,229,sign-optimization-horizontal-vertical_scenario,621,167,3,0,4,90,90,15,1,132171,AdultFemaleAgent(Clone),11,10,1.58,1.450001,6.098633,2,True,3,2,0.6666667
2026-03-06_21.09.01,229,sign-optimization-horizontal-vertical_scenario,621,167,3,0,4,90,90,15,1,132172,WheelchairAgent(Clone),7,11,1.3,1.17,0,0,False,2,0,0
2026-03-06_21.09.01,229,sign-optimization-horizontal-vertical_scenario,621,167,3,0,4,90,90,15,1,132173,AdultMaleAgent(Clone),6,12,1.71,1.58,0,0,False,2,0,0
2026-03-06_21.09.01,229,sign-optimization-horizontal-vertical_scenario,621,167,3,0,4,90,90,15,1,132174,AdultMaleAgent(Clone),6,12,1.71,1.58,0,0,False,2,0,0
2026-03-06_21.09.01,229,sign-optimization-horizontal-vertical_scenario,621,167,3,0,4,90,90,15,1,132175,AdultFemaleAgent(Clone),6,12,1.58,1.45,0,0,False,2,0,0
2026-03-06_21.09.01,229,sign-optimization-horizontal-vertical_scenario,621,167,3,0,4,90,90,15,1,132176,AdultFemaleAgent(Clone),6,12,1.58,1.45,2.914063,1,False,2,0,0
2026-03-06_21.09.01,229,sign-optimization-horizontal-vertical_scenario,621,167,3,0,4,90,90,15,1,132177,WheelchairAgent(Clone),5,10,1.3,1.17,12.60938,1,True,2,1,0.5
2026-03-06_21.09.01,229,sign-optimization-horizontal-vertical_scenario,621,167,3,0,4,90,90,15,1,132178,AdultFemaleAgent(Clone),11,10,1.58,1.450001,4.300781,1,False,3,1,0.3333333
2026-03-06_21.09.01,229,sign-optimization-horizontal-vertical_scenario,621,167,3,0,4,90,90,15,1,132179,WheelchairAgent(Clone),6,12,1.3,1.17,3.793945,1,False,2,1,0.5
2026-03-06_21.09.01,229,sign-optimization-horizontal-vertical_scenario,621,167,3,0,4,90,90,15,1,132180,AdultFemaleAgent(Clone),6,12,1.58,1.45,0,0,False,2,0,0
2026-03-06_21.09.01,229,sign-optimization-horizontal-vertical_scenario,621,167,3,0,4,90,90,15,1,132181,AdultMaleAgent(Clone),6,12,1.71,1.58,0,0,False,2,0,0
2026-03-06_21.09.01,229,sign-optimization-horizontal-vertical_scenario,621,167,3,0,4,90,90,15,1,132182,AdultMaleAgent(Clone),7,11,1.71,1.58,0,0,False,2,0,0
2026-03-06_21.09.01,229,sign-optimization-horizontal-vertical_scenario,621,167,3,0,4,90,90,15,1,132183,AdultFemaleAgent(Clone),6,12,1.58,1.45,0,0,False,2,0,0
2026-03-06_21.09.01,229,sign-optimization-horizontal-vertical_scenario,621,167,3,0,4,90,90,15,1,132184,WheelchairAgent(Clone),7,11,1.3,1.17,0,0,False,2,0,0
2026-03-06_21.09.01,229,sign-optimization-horizontal-vertical_scenario,621,167,3,0,4,90,90,15,1,132185,WheelchairAgent(Clone),11,10,1.3,1.17,4.763672,1,False,3,1,0.3333333
2026-03-06_21.09.01,229,sign-optimization-horizontal-vertical_scenario,621,167,3,0,4,90,90,15,1,132186,WheelchairAgent(Clone),7,11,1.3,1.17,0.6152344,2,False,2,0,0
2026-03-06_21.09.01,229,sign-optimization-horizontal-vertical_scenario,621,167,3,0,4,90,90,15,1,132187,AdultMaleAgent(Clone),7,11,1.71,1.58,0,0,False,2,0,0
2026-03-06_21.09.01,229,sign-optimization-horizontal-vertical_scenario,621,167,3,0,4,90,90,15,1,132188,AdultFemaleAgent(Clone),11,10,1.58,1.450001,6.941406,2,True,3,1,0.3333333
2026-03-06_21.09.01,229,sign-optimization-horizontal-vertical_scenario,621,167,3,0,4,90,90,15,1,132189,WheelchairAgent(Clone),10,12,1.3,1.17,4.322266,1,False,3,0,0
2026-03-06_21.09.01,229,sign-optimization-horizontal-vertical_scenario,621,167,3,0,4,90,90,15,1,132190,AdultFemaleAgent(Clone),7,11,1.58,1.450001,0.2880859,2,False,2,1,0.5
2026-03-06_21.09.01,229,sign-optimization-horizontal-vertical_scenario,621,167,3,0,4,90,90,15,1,132191,AdultMaleAgent(Clone),11,10,1.71,1.58,11.02344,1,True,3,2,0.6666667
2026-03-06_21.09.01,229,sign-optimization-horizontal-vertical_scenario,621,167,3,0,4,90,90,15,1,132192,AdultMaleAgent(Clone),7,11,1.71,1.58,1.488281,2,False,2,1,0.5
2026-03-06_21.09.01,229,sign-optimization-horizontal-vertical_scenario,621,167,3,0,4,90,90,15,1,132193,AdultFemaleAgent(Clone),7,11,1.58,1.450001,0,0,False,2,0,0
2026-03-06_21.09.01,229,sign-optimization-horizontal-vertical_scenario,621,167,3,0,4,90,90,15,1,132194,AdultFemaleAgent(Clone),7,11,1.58,1.450001,2.733398,2,True,2,1,0.5
2026-03-06_21.09.01,229,sign-optimization-horizontal-vertical_scenario,621,167,3,0,4,90,90,15,1,132195,AdultMaleAgent(Clone),7,11,1.71,1.58,2.722656,2,True,2,1,0.5
2026-03-06_21.09.01,229,sign-optimization-horizontal-vertical_scenario,621,167,3,0,4,90,90,15,1,132196,AdultFemaleAgent(Clone),10,12,1.58,1.45,4.15918,1,False,3,0,0
2026-03-06_21.09.01,229,sign-optimization-horizontal-vertical_scenario,621,167,3,0,4,90,90,15,1,132197,WheelchairAgent(Clone),7,11,1.3,1.17,0,0,False,2,0,0
2026-03-06_21.09.01,229,sign-optimization-horizontal-vertical_scenario,621,167,3,0,4,90,90,15,1,132198,AdultMaleAgent(Clone),11,10,1.71,1.58,8.039063,2,True,3,1,0.3333333
2026-03-06_21.09.01,229,sign-optimization-horizontal-vertical_scenario,621,167,3,0,4,90,90,15,1,132199,AdultFemaleAgent(Clone),7,11,1.58,1.450001,0.2021484,1,False,2,0,0
2026-03-06_21.09.01,229,sign-optimization-horizontal-vertical_scenario,621,167,3,0,4,90,90,15,1,132200,WheelchairAgent(Clone),10,12,1.3,1.17,2.191406,1,False,3,0,0
2026-03-06_21.09.01,229,sign-optimization-horizontal-vertical_scenario,621,167,3,0,4,90,90,15,1,132201,AdultFemaleAgent(Clone),7,11,1.58,1.450001,3.245117,2,True,2,1,0.5
2026-03-06_21.09.01,229,sign-optimization-horizontal-vertical_scenario,621,167,3,0,4,90,90,15,1,132202,AdultFemaleAgent(Clone),5,10,1.58,1.45,12.37988,1,True,2,1,0.5
2026-03-06_21.09.01,229,sign-optimization-horizontal-vertical_scenario,621,167,3,0,4,90,90,15,1,132203,AdultFemaleAgent(Clone),7,11,1.58,1.450001,0,0,False,2,0,0
2026-03-06_21.09.01,229,sign-optimization-horizontal-vertical_scenario,621,167,3,0,4,90,90,15,1,132204,AdultMaleAgent(Clone),11,10,1.71,1.58,10.27637,1,True,3,1,0.3333333
2026-03-06_21.09.01,229,sign-optimization-horizontal-vertical_scenario,621,167,3,0,4,90,90,15,1,132205,WheelchairAgent(Clone),11,10,1.3,1.17,5.523438,2,True,3,1,0.3333333
2026-03-06_21.09.01,229,sign-optimization-horizontal-vertical_scenario,621,167,3,0,4,90,90,15,1,132206,AdultMaleAgent(Clone),5,10,1.71,1.58,11.66504,1,True,2,1,0.5
2026-03-06_21.09.01,229,sign-optimization-horizontal-vertical_scenario,621,167,3,0,4,90,90,15,1,132207,AdultFemaleAgent(Clone),5,10,1.58,1.45,13.09863,1,False,2,1,0.5
2026-03-06_21.09.01,229,sign-optimization-horizontal-vertical_scenario,621,167,3,0,4,90,90,15,1,132208,AdultFemaleAgent(Clone),6,12,1.58,1.45,3.99707,1,False,2,1,0.5
2026-03-06_21.09.01,229,sign-optimization-horizontal-vertical_scenario,621,167,3,0,4,90,90,15,1,132209,AdultFemaleAgent(Clone),10,12,1.58,1.45,2.762695,1,False,3,0,0
2026-03-06_21.09.01,229,sign-optimization-horizontal-vertical_scenario,621,167,3,0,4,90,90,15,1,132210,AdultFemaleAgent(Clone),7,11,1.58,1.450001,0,0,False,2,0,0
2026-03-06_21.09.01,229,sign-optimization-horizontal-vertical_scenario,621,167,3,0,4,90,90,15,1,132211,AdultMaleAgent(Clone),11,10,1.71,1.58,4.255859,2,True,3,2,0.6666667
2026-03-06_21.09.01,229,sign-optimization-horizontal-vertical_scenario,621,167,3,0,4,90,90,15,1,132212,WheelchairAgent(Clone),10,12,1.3,1.17,0,0,False,3,0,0
2026-03-06_21.09.01,229,sign-optimization-horizontal-vertical_scenario,621,167,3,0,4,90,90,15,1,132213,AdultFemaleAgent(Clone),5,10,1.58,1.45,12.45117,1,True,2,1,0.5
2026-03-06_21.09.01,229,sign-optimization-horizontal-vertical_scenario,621,167,3,0,4,90,90,15,1,132214,AdultFemaleAgent(Clone),10,12,1.58,1.45,3.044922,1,False,3,0,0
2026-03-06_21.09.01,229,sign-optimization-horizontal-vertical_scenario,621,167,3,0,4,90,90,15,1,132215,AdultMaleAgent(Clone),11,10,1.71,1.58,5.310547,2,True,3,1,0.3333333
2026-03-06_21.09.01,229,sign-optimization-horizontal-vertical_scenario,621,167,3,0,4,90,90,15,1,132216,AdultFemaleAgent(Clone),11,10,1.58,1.450001,9.84082,1,True,3,1,0.3333333
2026-03-06_21.09.01,229,sign-optimization-horizontal-vertical_scenario,621,167,3,0,4,90,90,15,1,132217,AdultMaleAgent(Clone),5,10,1.71,1.58,13.43555,1,True,2,1,0.5
2026-03-06_21.09.01,229,sign-optimization-horizontal-vertical_scenario,621,167,3,0,4,90,90,15,1,132218,AdultFemaleAgent(Clone),11,10,1.58,1.450001,4.519531,2,True,3,1,0.3333333
2026-03-06_21.09.01,229,sign-optimization-horizontal-vertical_scenario,621,167,3,0,4,90,90,15,1,132219,WheelchairAgent(Clone),5,10,1.3,1.17,12.15527,1,True,2,1,0.5
2026-03-06_21.09.01,229,sign-optimization-horizontal-vertical_scenario,621,167,3,0,4,90,90,15,1,132220,WheelchairAgent(Clone),11,10,1.3,1.17,5.592773,1,True,3,1,0.3333333
2026-03-06_21.09.01,229,sign-optimization-horizontal-vertical_scenario,621,167,3,0,4,90,90,15,1,132221,WheelchairAgent(Clone),11,10,1.3,1.17,5.321289,2,True,3,1,0.3333333
2026-03-06_21.09.01,229,sign-optimization-horizontal-vertical_scenario,621,167,3,0,4,90,90,15,1,132222,AdultFemaleAgent(Clone),5,10,1.58,1.45,11.13281,1,True,2,1,0.5
2026-03-06_21.09.01,229,sign-optimization-horizontal-vertical_scenario,621,167,3,0,4,90,90,15,1,132223,AdultMaleAgent(Clone),6,12,1.71,1.58,4.737305,1,False,2,1,0.5
2026-03-06_21.09.01,229,sign-optimization-horizontal-vertical_scenario,621,167,3,0,4,90,90,15,1,132224,AdultFemaleAgent(Clone),11,10,1.58,1.450001,5.072266,2,True,3,1,0.3333333
2026-03-06_21.09.01,229,sign-optimization-horizontal-vertical_scenario,621,167,3,0,4,90,90,15,1,132225,AdultMaleAgent(Clone),7,11,1.71,1.58,1.058594,1,True,2,1,0.5
2026-03-06_21.09.01,229,sign-optimization-horizontal-vertical_scenario,621,167,3,0,4,90,90,15,1,132226,WheelchairAgent(Clone),7,11,1.3,1.17,0,0,False,2,0,0
2026-03-06_21.09.01,229,sign-optimization-horizontal-vertical_scenario,621,167,3,0,4,90,90,15,1,132227,WheelchairAgent(Clone),10,12,1.3,1.17,3.915039,1,False,3,0,0
2026-03-06_21.09.01,229,sign-optimization-horizontal-vertical_scenario,621,167,3,0,4,90,90,15,1,132228,AdultMaleAgent(Clone),5,10,1.71,1.58,10.44141,1,True,2,1,0.5
2026-03-06_21.09.01,229,sign-optimization-horizontal-vertical_scenario,621,167,3,0,4,90,90,15,1,132229,AdultFemaleAgent(Clone),11,10,1.58,1.450001,5.933594,1,True,3,1,0.3333333
2026-03-06_21.09.01,229,sign-optimization-horizontal-vertical_scenario,621,167,3,0,4,90,90,15,1,132230,AdultFemaleAgent(Clone),5,10,1.58,1.45,14.50195,1,True,2,1,0.5
2026-03-06_21.09.01,229,sign-optimization-horizontal-vertical_scenario,621,167,3,0,4,90,90,15,1,132231,AdultFemaleAgent(Clone),5,10,1.58,1.45,13.3457,1,True,2,1,0.5
2026-03-06_21.09.01,229,sign-optimization-horizontal-vertical_scenario,621,167,3,0,4,90,90,15,1,132232,AdultMaleAgent(Clone),5,10,1.71,1.58,12.1416,1,True,2,1,0.5
2026-03-06_21.09.01,229,sign-optimization-horizontal-vertical_scenario,621,167,3,0,4,90,90,15,1,132233,AdultMaleAgent(Clone),5,10,1.71,1.58,11.23828,1,True,2,1,0.5
2026-03-06_21.09.01,229,sign-optimization-horizontal-vertical_scenario,621,167,3,0,4,90,90,15,1,132234,AdultFemaleAgent(Clone),5,10,1.58,1.45,14.16504,1,True,2,1,0.5
2026-03-06_21.09.01,229,sign-optimization-horizontal-vertical_scenario,621,167,3,0,4,90,90,15,1,132235,WheelchairAgent(Clone),10,12,1.3,1.17,2.643555,1,False,3,0,0
2026-03-06_21.09.01,229,sign-optimization-horizontal-vertical_scenario,621,167,3,0,4,90,90,15,1,132236,WheelchairAgent(Clone),5,10,1.3,1.17,14.42578,1,True,2,1,0.5
2026-03-06_21.09.01,229,sign-optimization-horizontal-vertical_scenario,621,167,3,0,4,90,90,15,1,132237,AdultFemaleAgent(Clone),6,12,1.58,1.45,2.366211,1,False,2,0,0
2026-03-06_21.09.01,229,sign-optimization-horizontal-vertical_scenario,621,167,3,0,4,90,90,15,1,132238,AdultFemaleAgent(Clone),10,12,1.58,1.45,0.4287109,2,False,3,0,0
2026-03-06_21.09.01,229,sign-optimization-horizontal-vertical_scenario,621,167,3,0,4,90,90,15,1,132239,AdultFemaleAgent(Clone),6,12,1.58,1.45,1.28418,1,False,2,0,0
2026-03-06_21.09.01,229,sign-optimization-horizontal-vertical_scenario,621,167,3,0,4,90,90,15,1,132240,AdultFemaleAgent(Clone),11,10,1.58,1.450001,5.803711,2,True,3,1,0.3333333
2026-03-06_21.09.01,229,sign-optimization-horizontal-vertical_scenario,621,167,3,0,4,90,90,15,1,132241,WheelchairAgent(Clone),10,12,1.3,1.17,0,0,False,3,0,0
2026-03-06_21.09.01,229,sign-optimization-horizontal-vertical_scenario,621,167,3,0,4,90,90,15,1,132242,AdultMaleAgent(Clone),11,10,1.71,1.58,6.211914,1,True,3,1,0.3333333
2026-03-06_21.09.01,229,sign-optimization-horizontal-vertical_scenario,621,167,3,0,4,90,90,15,1,132243,WheelchairAgent(Clone),7,11,1.3,1.17,1.297852,2,False,2,1,0.5
2026-03-06_21.09.01,229,sign-optimization-horizontal-vertical_scenario,621,167,3,0,4,90,90,15,1,132244,AdultFemaleAgent(Clone),6,12,1.58,1.45,3.816406,1,False,2,1,0.5
2026-03-06_21.09.01,229,sign-optimization-horizontal-vertical_scenario,621,167,3,0,4,90,90,15,1,132245,AdultFemaleAgent(Clone),11,10,1.58,1.450001,6.235352,2,True,3,1,0.3333333
2026-03-06_21.09.01,229,sign-optimization-horizontal-vertical_scenario,621,167,3,0,4,90,90,15,1,132246,AdultFemaleAgent(Clone),11,10,1.58,1.450001,6.615234,2,True,3,2,0.6666667
2026-03-06_21.09.01,229,sign-optimization-horizontal-vertical_scenario,621,167,3,0,4,90,90,15,1,132247,WheelchairAgent(Clone),6,12,1.3,1.17,4.868164,1,False,2,0,0
2026-03-06_21.09.01,229,sign-optimization-horizontal-vertical_scenario,621,167,3,0,4,90,90,15,1,132248,WheelchairAgent(Clone),10,12,1.3,1.17,2.944336,1,False,3,0,0
2026-03-06_21.09.01,229,sign-optimization-horizontal-vertical_scenario,621,167,3,0,4,90,90,15,1,132249,AdultFemaleAgent(Clone),10,12,1.58,1.45,0.1376953,2,False,3,0,0
2026-03-06_21.09.01,229,sign-optimization-horizontal-vertical_scenario,621,167,3,0,4,90,90,15,1,132250,WheelchairAgent(Clone),10,12,1.3,1.17,3.797852,1,False,3,0,0
2026-03-06_21.09.01,229,sign-optimization-horizontal-vertical_scenario,621,167,3,0,4,90,90,15,1,132251,WheelchairAgent(Clone),5,10,1.3,1.17,11.46973,1,True,2,1,0.5
2026-03-06_21.09.01,229,sign-optimization-horizontal-vertical_scenario,621,167,3,0,4,90,90,15,1,132252,WheelchairAgent(Clone),6,12,1.3,1.17,3.836914,1,False,2,0,0
2026-03-06_21.09.01,229,sign-optimization-horizontal-vertical_scenario,621,167,3,0,4,90,90,15,1,132253,AdultFemaleAgent(Clone),11,10,1.58,1.450001,7.15918,2,True,3,2,0.6666667
2026-03-06_21.09.01,229,sign-optimization-horizontal-vertical_scenario,621,167,3,0,4,90,90,15,1,132254,AdultMaleAgent(Clone),7,11,1.71,1.58,0,0,False,2,0,0
2026-03-06_21.09.01,229,sign-optimization-horizontal-vertical_scenario,621,167,3,0,4,90,90,15,1,132255,WheelchairAgent(Clone),10,12,1.3,1.17,1.24707,1,False,3,0,0
2026-03-06_21.09.01,229,sign-optimization-horizontal-vertical_scenario,621,167,3,0,4,90,90,15,1,132256,AdultFemaleAgent(Clone),10,12,1.58,1.45,0,0,False,3,0,0
2026-03-06_21.09.01,229,sign-optimization-horizontal-vertical_scenario,621,167,3,0,4,90,90,15,1,132257,AdultFemaleAgent(Clone),6,12,1.58,1.45,0,0,False,2,0,0
2026-03-06_21.09.01,229,sign-optimization-horizontal-vertical_scenario,621,167,3,0,4,90,90,15,1,132258,AdultFemaleAgent(Clone),5,10,1.58,1.45,11.88965,1,True,2,1,0.5
2026-03-06_21.09.01,229,sign-optimization-horizontal-vertical_scenario,621,167,3,0,4,90,90,15,1,132259,AdultFemaleAgent(Clone),7,11,1.58,1.450001,1.045898,2,True,2,1,0.5
2026-03-06_21.09.01,229,sign-optimization-horizontal-vertical_scenario,621,167,3,0,4,90,90,15,1,132260,WheelchairAgent(Clone),6,12,1.3,1.17,4.511719,1,False,2,0,0
2026-03-06_21.09.01,229,sign-optimization-horizontal-vertical_scenario,621,167,3,0,4,90,90,15,1,132261,AdultFemaleAgent(Clone),10,12,1.58,1.45,1.453125,1,False,3,0,0
2026-03-06_21.09.01,229,sign-optimization-horizontal-vertical_scenario,621,167,3,0,4,90,90,15,1,132262,WheelchairAgent(Clone),11,10,1.3,1.17,6.629883,2,False,3,2,0.6666667
2026-03-06_21.09.01,229,sign-optimization-horizontal-vertical_scenario,621,167,3,0,4,90,90,15,1,132263,AdultFemaleAgent(Clone),6,12,1.58,1.45,4.478516,1,False,2,1,0.5
2026-03-06_21.09.01,229,sign-optimization-horizontal-vertical_scenario,621,167,3,0,4,90,90,15,1,132264,AdultMaleAgent(Clone),11,10,1.71,1.58,8.495117,2,True,3,2,0.6666667
2026-03-06_21.09.01,229,sign-optimization-horizontal-vertical_scenario,621,167,3,0,4,90,90,15,1,132265,AdultFemaleAgent(Clone),5,10,1.58,1.45,13.88574,1,True,2,1,0.5
2026-03-06_21.09.01,229,sign-optimization-horizontal-vertical_scenario,621,167,3,0,4,90,90,15,1,132266,AdultFemaleAgent(Clone),11,10,1.58,1.450001,11.04199,1,True,3,1,0.3333333
2026-03-06_21.09.01,229,sign-optimization-horizontal-vertical_scenario,621,167,3,0,4,90,90,15,1,132267,AdultFemaleAgent(Clone),11,10,1.58,1.450001,8.842773,1,True,3,1,0.3333333
2026-03-06_21.09.01,229,sign-optimization-horizontal-vertical_scenario,621,167,3,0,4,90,90,15,1,132268,WheelchairAgent(Clone),6,12,1.3,1.17,0,0,False,2,0,0
2026-03-06_21.09.01,229,sign-optimization-horizontal-vertical_scenario,621,167,3,0,4,90,90,15,1,132269,AdultMaleAgent(Clone),11,10,1.71,1.58,10.73828,1,True,3,2,0.6666667
2026-03-06_21.09.01,229,sign-optimization-horizontal-vertical_scenario,621,167,3,0,4,90,90,15,1,132270,AdultFemaleAgent(Clone),6,12,1.58,1.45,2.375,1,False,2,0,0
2026-03-06_21.09.01,229,sign-optimization-horizontal-vertical_scenario,621,167,3,0,4,90,90,15,1,132271,AdultFemaleAgent(Clone),10,12,1.58,1.45,3.62207,1,False,3,0,0
2026-03-06_21.09.01,229,sign-optimization-horizontal-vertical_scenario,621,167,3,0,4,90,90,15,1,132272,AdultFemaleAgent(Clone),11,10,1.58,1.450001,9.518555,2,True,3,1,0.3333333
2026-03-06_21.09.01,229,sign-optimization-horizontal-vertical_scenario,621,167,3,0,4,90,90,15,1,132273,AdultMaleAgent(Clone),5,10,1.71,1.58,12.03711,1,True,2,1,0.5
2026-03-06_21.09.01,229,sign-optimization-horizontal-vertical_scenario,621,167,3,0,4,90,90,15,1,132274,WheelchairAgent(Clone),10,12,1.3,1.17,0,0,False,3,0,0
2026-03-06_21.09.01,229,sign-optimization-horizontal-vertical_scenario,621,167,3,0,4,90,90,15,1,132275,WheelchairAgent(Clone),10,12,1.3,1.17,2.129883,1,False,3,0,0
2026-03-06_21.09.01,229,sign-optimization-horizontal-vertical_scenario,621,167,3,0,4,90,90,15,1,132276,WheelchairAgent(Clone),5,10,1.3,1.17,13.26758,1,True,2,1,0.5
2026-03-06_21.09.01,229,sign-optimization-horizontal-vertical_scenario,621,167,3,0,4,90,90,15,1,132277,WheelchairAgent(Clone),10,12,1.3,1.17,1.240234,1,False,3,0,0
2026-03-06_21.09.01,229,sign-optimization-horizontal-vertical_scenario,621,167,3,0,4,90,90,15,1,132278,AdultMaleAgent(Clone),6,12,1.71,1.58,0,0,False,2,0,0
2026-03-06_21.09.01,229,sign-optimization-horizontal-vertical_scenario,621,167,3,0,4,90,90,15,1,132279,WheelchairAgent(Clone),6,12,1.3,1.17,0.6386719,1,False,2,0,0
2026-03-06_21.09.01,229,sign-optimization-horizontal-vertical_scenario,621,167,3,0,4,90,90,15,1,132280,AdultMaleAgent(Clone),5,10,1.71,1.58,11.29883,1,True,2,1,0.5
2026-03-06_21.09.01,229,sign-optimization-horizontal-vertical_scenario,621,167,3,0,4,90,90,15,1,132281,AdultFemaleAgent(Clone),7,11,1.58,1.450001,2.833008,2,True,2,1,0.5
2026-03-06_21.09.01,229,sign-optimization-horizontal-vertical_scenario,621,167,3,0,4,90,90,15,1,132282,AdultMaleAgent(Clone),7,11,1.71,1.58,2.71875,2,True,2,1,0.5
2026-03-06_21.09.01,229,sign-optimization-horizontal-vertical_scenario,621,167,3,0,4,90,90,15,1,132283,AdultMaleAgent(Clone),10,12,1.71,1.58,0,0,False,3,0,0
2026-03-06_21.09.01,229,sign-optimization-horizontal-vertical_scenario,621,167,3,0,4,90,90,15,1,132284,AdultFemaleAgent(Clone),6,12,1.58,1.45,4.390625,1,False,2,0,0
2026-03-06_21.09.01,229,sign-optimization-horizontal-vertical_scenario,621,167,3,0,4,90,90,15,1,132285,WheelchairAgent(Clone),11,10,1.3,1.17,8.428711,2,True,3,1,0.3333333
2026-03-06_21.09.01,229,sign-optimization-horizontal-vertical_scenario,621,167,3,0,4,90,90,15,1,132286,WheelchairAgent(Clone),11,10,1.3,1.17,8.74707,3,True,3,1,0.3333333
2026-03-06_21.09.01,229,sign-optimization-horizontal-vertical_scenario,621,167,3,0,4,90,90,15,1,132287,AdultFemaleAgent(Clone),7,11,1.58,1.450001,1.180664,2,True,2,1,0.5
2026-03-06_21.09.01,229,sign-optimization-horizontal-vertical_scenario,621,167,3,0,4,90,90,15,1,132288,AdultMaleAgent(Clone),7,11,1.71,1.58,0,0,False,2,0,0
2026-03-06_21.09.01,229,sign-optimization-horizontal-vertical_scenario,621,167,3,0,4,90,90,15,1,132289,WheelchairAgent(Clone),11,10,1.3,1.17,10.70508,1,True,3,2,0.6666667
2026-03-06_21.09.01,229,sign-optimization-horizontal-vertical_scenario,621,167,3,0,4,90,90,15,1,132290,AdultMaleAgent(Clone),5,10,1.71,1.58,13.72461,1,True,2,1,0.5
2026-03-06_21.09.01,229,sign-optimization-horizontal-vertical_scenario,621,167,3,0,4,90,90,15,1,132291,AdultMaleAgent(Clone),6,12,1.71,1.58,7.65332,1,True,2,1,0.5
2026-03-06_21.09.01,229,sign-optimization-horizontal-vertical_scenario,621,167,3,0,4,90,90,15,1,132292,WheelchairAgent(Clone),11,10,1.3,1.17,11.37305,1,True,3,1,0.3333333
2026-03-06_21.09.01,229,sign-optimization-horizontal-vertical_scenario,621,167,3,0,4,90,90,15,1,132293,AdultFemaleAgent(Clone),11,10,1.58,1.450001,11.34668,1,True,3,2,0.6666667
2026-03-06_21.09.01,229,sign-optimization-horizontal-vertical_scenario,621,167,3,0,4,90,90,15,1,132294,AdultFemaleAgent(Clone),7,11,1.58,1.450001,0.3955078,1,False,2,1,0.5
2026-03-06_21.09.01,229,sign-optimization-horizontal-vertical_scenario,621,167,3,0,4,90,90,15,1,132295,AdultMaleAgent(Clone),6,12,1.71,1.58,0,0,False,2,0,0
2026-03-06_21.09.01,229,sign-optimization-horizontal-vertical_scenario,621,167,3,0,4,90,90,15,1,132296,WheelchairAgent(Clone),7,11,1.3,1.17,0,0,False,2,0,0
2026-03-06_21.09.01,229,sign-optimization-horizontal-vertical_scenario,621,167,3,0,4,90,90,15,1,132297,AdultFemaleAgent(Clone),7,11,1.58,1.450001,0,0,False,2,0,0
2026-03-06_21.09.01,229,sign-optimization-horizontal-vertical_scenario,621,167,3,0,4,90,90,15,1,132298,WheelchairAgent(Clone),11,10,1.3,1.17,13.0957,1,True,3,2,0.6666667
2026-03-06_21.09.01,229,sign-optimization-horizontal-vertical_scenario,621,167,3,0,4,90,90,15,1,132299,AdultFemaleAgent(Clone),7,11,1.58,1.450001,0,0,False,2,0,0
2026-03-06_21.09.01,229,sign-optimization-horizontal-vertical_scenario,621,167,3,0,4,90,90,15,1,132300,AdultFemaleAgent(Clone),6,12,1.58,1.45,0,0,False,2,0,0
2026-03-06_21.09.01,229,sign-optimization-horizontal-vertical_scenario,621,167,3,0,4,90,90,15,1,132301,AdultFemaleAgent(Clone),5,10,1.58,1.45,13.14453,1,True,2,1,0.5
2026-03-06_21.09.01,229,sign-optimization-horizontal-vertical_scenario,621,167,3,0,4,90,90,15,1,132302,AdultFemaleAgent(Clone),6,12,1.58,1.45,0,0,False,2,0,0
2026-03-06_21.09.01,229,sign-optimization-horizontal-vertical_scenario,621,167,3,0,4,90,90,15,1,132303,AdultMaleAgent(Clone),10,12,1.71,1.58,3.985352,1,False,3,0,0
2026-03-06_21.09.01,229,sign-optimization-horizontal-vertical_scenario,621,167,3,0,4,90,90,15,1,132304,AdultFemaleAgent(Clone),7,11,1.58,1.450001,1.010742,1,False,2,1,0.5
2026-03-06_21.09.01,229,sign-optimization-horizontal-vertical_scenario,621,167,3,0,4,90,90,15,1,132305,AdultFemaleAgent(Clone),10,12,1.58,1.45,4.112305,1,False,3,0,0
2026-03-06_21.09.01,229,sign-optimization-horizontal-vertical_scenario,621,167,3,0,4,90,90,15,1,132306,AdultMaleAgent(Clone),7,11,1.71,1.58,1.023438,1,False,2,1,0.5
2026-03-06_21.09.01,229,sign-optimization-horizontal-vertical_scenario,621,167,3,0,4,90,90,15,1,132307,AdultFemaleAgent(Clone),7,11,1.58,1.450001,0.4394531,1,False,2,0,0
2026-03-06_21.09.01,229,sign-optimization-horizontal-vertical_scenario,621,167,3,0,4,90,90,15,1,132308,AdultMaleAgent(Clone),5,10,1.71,1.58,13.3877,1,True,2,1,0.5
2026-03-06_21.09.01,229,sign-optimization-horizontal-vertical_scenario,621,167,3,0,4,90,90,15,1,132309,WheelchairAgent(Clone),7,11,1.3,1.17,3.165039,2,False,2,1,0.5
2026-03-06_21.09.01,229,sign-optimization-horizontal-vertical_scenario,621,167,3,0,4,90,90,15,1,132310,WheelchairAgent(Clone),10,12,1.3,1.17,0,0,False,3,0,0
2026-03-06_21.09.01,229,sign-optimization-horizontal-vertical_scenario,621,167,3,0,4,90,90,15,1,132311,WheelchairAgent(Clone),7,11,1.3,1.17,0.9160156,2,False,2,1,0.5
2026-03-06_21.09.01,229,sign-optimization-horizontal-vertical_scenario,621,167,3,0,4,90,90,15,1,132312,WheelchairAgent(Clone),7,11,1.3,1.17,0,0,False,2,0,0
2026-03-06_21.09.01,229,sign-optimization-horizontal-vertical_scenario,621,167,3,0,4,90,90,15,1,132313,AdultMaleAgent(Clone),10,12,1.71,1.58,2.674805,1,False,3,0,0
2026-03-06_21.09.01,229,sign-optimization-horizontal-vertical_scenario,621,167,3,0,4,90,90,15,1,132314,WheelchairAgent(Clone),5,10,1.3,1.17,12.05176,1,True,2,1,0.5
2026-03-06_21.09.01,229,sign-optimization-horizontal-vertical_scenario,621,167,3,0,4,90,90,15,1,132315,AdultFemaleAgent(Clone),10,12,1.58,1.45,4.21582,1,False,3,0,0
2026-03-06_21.09.01,229,sign-optimization-horizontal-vertical_scenario,621,167,3,0,4,90,90,15,1,132316,AdultFemaleAgent(Clone),7,11,1.58,1.450001,0,0,False,2,0,0
2026-03-06_21.09.01,229,sign-optimization-horizontal-vertical_scenario,621,167,3,0,4,90,90,15,1,132317,AdultMaleAgent(Clone),6,12,1.71,1.58,2.242188,1,False,2,0,0
2026-03-06_21.09.01,229,sign-optimization-horizontal-vertical_scenario,621,167,3,0,4,90,90,15,1,132318,WheelchairAgent(Clone),6,12,1.3,1.17,1.353516,1,False,2,0,0
2026-03-06_21.09.01,229,sign-optimization-horizontal-vertical_scenario,621,167,3,0,4,90,90,15,1,132319,WheelchairAgent(Clone),5,10,1.3,1.17,10.98535,1,True,2,1,0.5
2026-03-06_21.09.01,229,sign-optimization-horizontal-vertical_scenario,621,167,3,0,4,90,90,15,1,132320,AdultMaleAgent(Clone),10,12,1.71,1.58,3.811523,1,False,3,0,0
2026-03-06_21.09.01,229,sign-optimization-horizontal-vertical_scenario,621,167,3,0,4,90,90,15,1,132321,WheelchairAgent(Clone),6,12,1.3,1.17,3.241211,1,False,2,0,0
2026-03-06_21.09.01,229,sign-optimization-horizontal-vertical_scenario,621,167,3,0,4,90,90,15,1,132322,WheelchairAgent(Clone),7,11,1.3,1.17,0,0,False,2,0,0
2026-03-06_21.09.01,229,sign-optimization-horizontal-vertical_scenario,621,167,3,0,4,90,90,15,1,132323,AdultMaleAgent(Clone),6,12,1.71,1.58,5.951172,1,False,2,1,0.5
2026-03-06_21.09.01,229,sign-optimization-horizontal-vertical_scenario,621,167,3,0,4,90,90,15,1,132324,WheelchairAgent(Clone),5,10,1.3,1.17,13.73535,1,True,2,1,0.5
2026-03-06_21.09.01,229,sign-optimization-horizontal-vertical_scenario,621,167,3,0,4,90,90,15,1,132325,WheelchairAgent(Clone),10,12,1.3,1.17,0.7255859,1,False,3,0,0
2026-03-06_21.09.01,229,sign-optimization-horizontal-vertical_scenario,621,167,3,0,4,90,90,15,1,132326,WheelchairAgent(Clone),10,12,1.3,1.17,0.140625,1,False,3,0,0
2026-03-06_21.09.01,229,sign-optimization-horizontal-vertical_scenario,621,167,3,0,4,90,90,15,1,132327,AdultMaleAgent(Clone),5,10,1.71,1.58,10.80566,1,True,2,1,0.5
2026-03-06_21.09.01,229,sign-optimization-horizontal-vertical_scenario,621,167,3,0,4,90,90,15,1,132328,WheelchairAgent(Clone),11,10,1.3,1.17,11.93164,1,True,3,2,0.6666667
2026-03-06_21.09.01,229,sign-optimization-horizontal-vertical_scenario,621,167,3,0,4,90,90,15,1,132329,WheelchairAgent(Clone),10,12,1.3,1.17,1.962891,1,False,3,0,0
2026-03-06_21.09.01,229,sign-optimization-horizontal-vertical_scenario,621,167,3,0,4,90,90,15,1,132330,AdultFemaleAgent(Clone),6,12,1.58,1.45,4.641602,1,False,2,1,0.5
2026-03-06_21.09.01,229,sign-optimization-horizontal-vertical_scenario,621,167,3,0,4,90,90,15,1,132331,WheelchairAgent(Clone),5,10,1.3,1.17,14.55664,1,True,2,1,0.5
2026-03-06_21.09.01,229,sign-optimization-horizontal-vertical_scenario,621,167,3,0,4,90,90,15,1,132332,AdultMaleAgent(Clone),6,12,1.71,1.58,1.431641,1,False,2,0,0
2026-03-06_21.09.01,229,sign-optimization-horizontal-vertical_scenario,621,167,3,0,4,90,90,15,1,132333,AdultMaleAgent(Clone),5,10,1.71,1.58,13.63477,1,True,2,1,0.5
2026-03-06_21.09.01,229,sign-optimization-horizontal-vertical_scenario,621,167,3,0,4,90,90,15,1,132334,AdultFemaleAgent(Clone),10,12,1.58,1.45,3.582031,1,False,3,0,0
2026-03-06_21.09.01,229,sign-optimization-horizontal-vertical_scenario,621,167,3,0,4,90,90,15,1,132335,AdultFemaleAgent(Clone),11,10,1.58,1.450001,11.66504,1,True,3,1,0.3333333
2026-03-06_21.09.01,229,sign-optimization-horizontal-vertical_scenario,621,167,3,0,4,90,90,15,1,132336,AdultFemaleAgent(Clone),10,12,1.58,1.45,3.758789,1,False,3,0,0
2026-03-06_21.09.01,229,sign-optimization-horizontal-vertical_scenario,621,167,3,0,4,90,90,15,1,132337,AdultMaleAgent(Clone),5,10,1.71,1.58,11.15234,1,True,2,1,0.5
2026-03-06_21.09.01,229,sign-optimization-horizontal-vertical_scenario,621,167,3,0,4,90,90,15,1,132338,AdultFemaleAgent(Clone),10,12,1.58,1.45,1.574219,1,False,3,0,0
2026-03-06_21.09.01,229,sign-optimization-horizontal-vertical_scenario,621,167,3,0,4,90,90,15,1,132339,WheelchairAgent(Clone),6,12,1.3,1.17,0,0,False,2,0,0
2026-03-06_21.09.01,229,sign-optimization-horizontal-vertical_scenario,621,167,3,0,4,90,90,15,1,132340,WheelchairAgent(Clone),7,11,1.3,1.17,2.989258,2,True,2,1,0.5
2026-03-06_21.09.01,229,sign-optimization-horizontal-vertical_scenario,621,167,3,0,4,90,90,15,1,132341,WheelchairAgent(Clone),7,11,1.3,1.17,0.7958984,1,False,2,1,0.5
2026-03-06_21.09.01,229,sign-optimization-horizontal-vertical_scenario,621,167,3,0,4,90,90,15,1,132342,AdultFemaleAgent(Clone),11,10,1.58,1.450001,12.66016,1,True,3,1,0.3333333
2026-03-06_21.09.01,229,sign-optimization-horizontal-vertical_scenario,621,167,3,0,4,90,90,15,1,132343,AdultMaleAgent(Clone),10,12,1.71,1.58,2.068359,1,False,3,0,0
2026-03-06_21.09.01,229,sign-optimization-horizontal-vertical_scenario,621,167,3,0,4,90,90,15,1,132344,WheelchairAgent(Clone),7,11,1.3,1.17,0,0,False,2,0,0
2026-03-06_21.09.01,229,sign-optimization-horizontal-vertical_scenario,621,167,3,0,4,90,90,15,1,132345,AdultFemaleAgent(Clone),5,10,1.58,1.45,10.50684,1,True,2,1,0.5
2026-03-06_21.09.01,229,sign-optimization-horizontal-vertical_scenario,621,167,3,0,4,90,90,15,1,132346,AdultFemaleAgent(Clone),10,12,1.58,1.45,3.707031,1,False,3,0,0
2026-03-06_21.09.01,229,sign-optimization-horizontal-vertical_scenario,621,167,3,0,4,90,90,15,1,132347,AdultMaleAgent(Clone),11,10,1.71,1.58,10.32715,2,True,3,1,0.3333333
2026-03-06_21.09.01,229,sign-optimization-horizontal-vertical_scenario,621,167,3,0,4,90,90,15,1,132348,AdultFemaleAgent(Clone),7,11,1.58,1.450001,0.9013672,2,True,2,1,0.5
2026-03-06_21.09.01,229,sign-optimization-horizontal-vertical_scenario,621,167,3,0,4,90,90,15,1,132349,WheelchairAgent(Clone),7,11,1.3,1.17,0,0,False,2,0,0
2026-03-06_21.09.01,229,sign-optimization-horizontal-vertical_scenario,621,167,3,0,4,90,90,15,1,132350,AdultMaleAgent(Clone),5,10,1.71,1.58,12.04883,1,True,2,1,0.5
2026-03-06_21.09.01,229,sign-optimization-horizontal-vertical_scenario,621,167,3,0,4,90,90,15,1,132351,AdultMaleAgent(Clone),5,10,1.71,1.58,14.64648,1,True,2,1,0.5
2026-03-06_21.09.01,229,sign-optimization-horizontal-vertical_scenario,621,167,3,0,4,90,90,15,1,132352,AdultFemaleAgent(Clone),6,12,1.58,1.45,2.71875,1,False,2,0,0
2026-03-06_21.09.01,229,sign-optimization-horizontal-vertical_scenario,621,167,3,0,4,90,90,15,1,132353,AdultFemaleAgent(Clone),11,10,1.58,1.450001,11.52148,1,True,3,1,0.3333333
2026-03-06_21.09.01,229,sign-optimization-horizontal-vertical_scenario,621,167,3,0,4,90,90,15,1,132354,AdultFemaleAgent(Clone),5,10,1.58,1.45,12.14453,1,True,2,1,0.5
2026-03-06_21.09.01,229,sign-optimization-horizontal-vertical_scenario,621,167,3,0,4,90,90,15,1,132355,AdultMaleAgent(Clone),5,10,1.71,1.58,12.64941,1,True,2,1,0.5
2026-03-06_21.09.01,229,sign-optimization-horizontal-vertical_scenario,621,167,3,0,4,90,90,15,1,132356,AdultMaleAgent(Clone),7,11,1.71,1.58,0,0,False,2,0,0
2026-03-06_21.09.01,229,sign-optimization-horizontal-vertical_scenario,621,167,3,0,4,90,90,15,1,132357,WheelchairAgent(Clone),11,10,1.3,1.17,13.44336,1,True,3,1,0.3333333
2026-03-06_21.09.01,229,sign-optimization-horizontal-vertical_scenario,621,167,3,0,4,90,90,15,1,132358,AdultMaleAgent(Clone),11,10,1.71,1.58,10.69727,2,True,3,1,0.3333333
2026-03-06_21.09.01,229,sign-optimization-horizontal-vertical_scenario,621,167,3,0,4,90,90,15,1,132359,AdultFemaleAgent(Clone),5,10,1.58,1.45,13.46777,1,True,2,1,0.5
2026-03-06_21.09.01,229,sign-optimization-horizontal-vertical_scenario,621,167,3,0,4,90,90,15,1,132360,WheelchairAgent(Clone),6,12,1.3,1.17,0,0,False,2,0,0
2026-03-06_21.09.01,229,sign-optimization-horizontal-vertical_scenario,621,167,3,0,4,90,90,15,1,132361,AdultMaleAgent(Clone),5,10,1.71,1.58,13.39453,1,True,2,1,0.5
2026-03-06_21.09.01,229,sign-optimization-horizontal-vertical_scenario,621,167,3,0,4,90,90,15,1,132362,AdultMaleAgent(Clone),10,12,1.71,1.58,4.094727,1,False,3,0,0
2026-03-06_21.09.01,229,sign-optimization-horizontal-vertical_scenario,621,167,3,0,4,90,90,15,1,132363,AdultMaleAgent(Clone),11,10,1.71,1.58,8.648438,1,True,3,1,0.3333333
2026-03-06_21.09.01,229,sign-optimization-horizontal-vertical_scenario,621,167,3,0,4,90,90,15,1,132364,WheelchairAgent(Clone),11,10,1.3,1.17,9.986328,1,True,3,1,0.3333333
2026-03-06_21.09.01,229,sign-optimization-horizontal-vertical_scenario,621,167,3,0,4,90,90,15,1,132365,AdultFemaleAgent(Clone),10,12,1.58,1.45,3.740234,1,False,3,0,0
2026-03-06_21.09.01,229,sign-optimization-horizontal-vertical_scenario,621,167,3,0,4,90,90,15,1,132366,AdultFemaleAgent(Clone),7,11,1.58,1.450001,0.8779297,1,False,2,1,0.5
2026-03-06_21.09.01,229,sign-optimization-horizontal-vertical_scenario,621,167,3,0,4,90,90,15,1,132367,AdultMaleAgent(Clone),6,12,1.71,1.58,4.905273,1,False,2,1,0.5
2026-03-06_21.09.01,229,sign-optimization-horizontal-vertical_scenario,621,167,3,0,4,90,90,15,1,132368,AdultFemaleAgent(Clone),11,10,1.58,1.450001,0,0,False,3,0,0
2026-03-06_21.09.01,229,sign-optimization-horizontal-vertical_scenario,621,167,3,0,4,90,90,15,1,132369,AdultMaleAgent(Clone),10,12,1.71,1.58,2.585938,1,False,3,0,0
2026-03-06_21.09.01,229,sign-optimization-horizontal-vertical_scenario,621,167,3,0,4,90,90,15,1,132370,WheelchairAgent(Clone),11,10,1.3,1.17,10.7793,1,True,3,1,0.3333333
2026-03-06_21.09.01,229,sign-optimization-horizontal-vertical_scenario,621,167,3,0,4,90,90,15,1,132371,AdultFemaleAgent(Clone),10,12,1.58,1.45,1.539063,2,False,3,0,0
2026-03-06_21.09.01,229,sign-optimization-horizontal-vertical_scenario,621,167,3,0,4,90,90,15,1,132372,AdultFemaleAgent(Clone),6,12,1.58,1.45,0,0,False,2,0,0
2026-03-06_21.09.01,229,sign-optimization-horizontal-vertical_scenario,621,167,3,0,4,90,90,15,1,132373,WheelchairAgent(Clone),11,10,1.3,1.17,10.23535,1,True,3,1,0.3333333
2026-03-06_21.09.01,229,sign-optimization-horizontal-vertical_scenario,621,167,3,0,4,90,90,15,1,132374,AdultMaleAgent(Clone),7,11,1.71,1.58,0,0,False,2,0,0
2026-03-06_21.09.01,229,sign-optimization-horizontal-vertical_scenario,621,167,3,0,4,90,90,15,1,132375,AdultFemaleAgent(Clone),6,12,1.58,1.45,4.363281,1,False,2,0,0
2026-03-06_21.09.01,229,sign-optimization-horizontal-vertical_scenario,621,167,3,0,4,90,90,15,1,132376,WheelchairAgent(Clone),10,12,1.3,1.17,0.5712891,1,False,3,0,0
2026-03-06_21.09.01,229,sign-optimization-horizontal-vertical_scenario,621,167,3,0,4,90,90,15,1,132377,WheelchairAgent(Clone),7,11,1.3,1.17,0,0,False,2,0,0
2026-03-06_21.09.01,229,sign-optimization-horizontal-vertical_scenario,621,167,3,0,4,90,90,15,1,132378,AdultMaleAgent(Clone),7,11,1.71,1.58,0.1708984,2,True,2,1,0.5
2026-03-06_21.09.01,229,sign-optimization-horizontal-vertical_scenario,621,167,3,0,4,90,90,15,1,132379,AdultMaleAgent(Clone),5,10,1.71,1.58,10.09863,1,True,2,1,0.5
2026-03-06_21.09.01,229,sign-optimization-horizontal-vertical_scenario,621,167,3,0,4,90,90,15,1,132380,AdultFemaleAgent(Clone),10,12,1.58,1.45,2.444336,1,False,3,0,0
2026-03-06_21.09.01,229,sign-optimization-horizontal-vertical_scenario,621,167,3,0,4,90,90,15,1,132381,AdultFemaleAgent(Clone),11,10,1.58,1.450001,2.246094,1,False,3,1,0.3333333
2026-03-06_21.09.01,229,sign-optimization-horizontal-vertical_scenario,621,167,3,0,4,90,90,15,1,132382,AdultFemaleAgent(Clone),7,11,1.58,1.450001,0,0,False,2,0,0
2026-03-06_21.09.01,229,sign-optimization-horizontal-vertical_scenario,621,167,3,0,4,90,90,15,1,132383,AdultFemaleAgent(Clone),7,11,1.58,1.450001,0.4511719,2,False,2,1,0.5
2026-03-06_21.09.01,229,sign-optimization-horizontal-vertical_scenario,621,167,3,0,4,90,90,15,1,132384,WheelchairAgent(Clone),10,12,1.3,1.17,0,0,False,3,0,0
2026-03-06_21.09.01,229,sign-optimization-horizontal-vertical_scenario,621,167,3,0,4,90,90,15,1,132385,AdultMaleAgent(Clone),11,10,1.71,1.58,0.07128906,1,False,3,1,0.3333333
2026-03-06_21.09.01,229,sign-optimization-horizontal-vertical_scenario,621,167,3,0,4,90,90,15,1,132386,AdultMaleAgent(Clone),10,12,1.71,1.58,0.3193359,2,False,3,0,0
2026-03-06_21.09.01,229,sign-optimization-horizontal-vertical_scenario,621,167,3,0,4,90,90,15,1,132387,AdultMaleAgent(Clone),10,12,1.71,1.58,0,0,False,3,0,0
2026-03-06_21.09.01,229,sign-optimization-horizontal-vertical_scenario,621,167,3,0,4,90,90,15,1,132388,AdultMaleAgent(Clone),7,11,1.71,1.58,0,0,False,2,0,0
2026-03-06_21.09.01,229,sign-optimization-horizontal-vertical_scenario,621,167,3,0,4,90,90,15,1,132389,AdultMaleAgent(Clone),11,10,1.71,1.58,1.56543,1,False,3,0,0
2026-03-06_21.09.01,229,sign-optimization-horizontal-vertical_scenario,621,167,3,0,4,90,90,15,1,132390,WheelchairAgent(Clone),6,12,1.3,1.17,0,0,False,2,0,0
2026-03-06_21.09.01,229,sign-optimization-horizontal-vertical_scenario,621,167,3,0,4,90,90,15,1,132391,AdultMaleAgent(Clone),10,12,1.71,1.58,1.053711,2,False,3,0,0
2026-03-06_21.09.01,229,sign-optimization-horizontal-vertical_scenario,621,167,3,0,4,90,90,15,1,132392,WheelchairAgent(Clone),6,12,1.3,1.17,3.457031,1,False,2,0,0
2026-03-06_21.09.01,229,sign-optimization-horizontal-vertical_scenario,621,167,3,0,4,90,90,15,1,132393,WheelchairAgent(Clone),7,11,1.3,1.17,0,0,False,2,0,0
2026-03-06_21.09.01,229,sign-optimization-horizontal-vertical_scenario,621,167,3,0,4,90,90,15,1,132394,WheelchairAgent(Clone),5,10,1.3,1.17,10.87695,1,True,2,1,0.5
2026-03-06_21.09.01,229,sign-optimization-horizontal-vertical_scenario,621,167,3,0,4,90,90,15,1,132395,AdultMaleAgent(Clone),6,12,1.71,1.58,0,0,False,2,0,0
2026-03-06_21.09.01,229,sign-optimization-horizontal-vertical_scenario,621,167,3,0,4,90,90,15,1,132396,WheelchairAgent(Clone),11,10,1.3,1.17,0,0,False,3,0,0
2026-03-06_21.09.01,229,sign-optimization-horizontal-vertical_scenario,621,167,3,0,4,90,90,15,1,132397,WheelchairAgent(Clone),6,12,1.3,1.17,0,0,False,2,0,0
2026-03-06_21.09.01,229,sign-optimization-horizontal-vertical_scenario,621,167,3,0,4,90,90,15,1,132398,AdultFemaleAgent(Clone),6,12,1.58,1.45,0,0,False,2,0,0
2026-03-06_21.09.01,229,sign-optimization-horizontal-vertical_scenario,621,167,3,0,4,90,90,15,1,132399,WheelchairAgent(Clone),6,12,1.3,1.17,0,0,False,2,0,0
2026-03-06_21.09.01,229,sign-optimization-horizontal-vertical_scenario,621,167,3,0,4,90,90,15,1,132400,WheelchairAgent(Clone),11,10,1.3,1.17,11.29004,2,True,3,2,0.6666667
2026-03-06_21.09.01,229,sign-optimization-horizontal-vertical_scenario,621,167,3,0,4,90,90,15,1,132401,AdultFemaleAgent(Clone),11,10,1.58,1.450001,0,0,True,3,1,0.3333333
2026-03-06_21.09.01,229,sign-optimization-horizontal-vertical_scenario,621,167,3,0,4,90,90,15,1,132402,AdultFemaleAgent(Clone),6,12,1.58,1.45,4.024414,1,False,2,0,0
2026-03-06_21.09.01,229,sign-optimization-horizontal-vertical_scenario,621,167,3,0,4,90,90,15,1,132403,AdultMaleAgent(Clone),7,11,1.71,1.58,0.06738281,1,False,2,1,0.5
2026-03-06_21.09.01,229,sign-optimization-horizontal-vertical_scenario,621,167,3,0,4,90,90,15,1,132404,AdultFemaleAgent(Clone),5,10,1.58,1.45,11.62598,1,True,2,1,0.5
2026-03-06_21.09.01,229,sign-optimization-horizontal-vertical_scenario,621,167,3,0,4,90,90,15,1,132405,AdultFemaleAgent(Clone),11,10,1.58,1.450001,11.07227,3,True,3,1,0.3333333
2026-03-06_21.09.01,229,sign-optimization-horizontal-vertical_scenario,621,167,3,0,4,90,90,15,1,132406,AdultFemaleAgent(Clone),5,10,1.58,1.45,14.77734,1,True,2,1,0.5
2026-03-06_21.09.01,229,sign-optimization-horizontal-vertical_scenario,621,167,3,0,4,90,90,15,1,132407,AdultMaleAgent(Clone),10,12,1.71,1.58,0.7226563,1,False,3,0,0
2026-03-06_21.09.01,229,sign-optimization-horizontal-vertical_scenario,621,167,3,0,4,90,90,15,1,132408,AdultFemaleAgent(Clone),11,10,1.58,1.450001,9.46582,1,True,3,1,0.3333333
2026-03-06_21.09.01,229,sign-optimization-horizontal-vertical_scenario,621,167,3,0,4,90,90,15,1,132409,WheelchairAgent(Clone),6,12,1.3,1.17,0,0,False,2,0,0
2026-03-06_21.09.01,229,sign-optimization-horizontal-vertical_scenario,621,167,3,0,4,90,90,15,1,132410,WheelchairAgent(Clone),5,10,1.3,1.17,11.1123,1,True,2,1,0.5
2026-03-06_21.09.01,229,sign-optimization-horizontal-vertical_scenario,621,167,3,0,4,90,90,15,1,132411,AdultFemaleAgent(Clone),5,10,1.58,1.45,13.07813,1,True,2,1,0.5
2026-03-06_21.09.01,229,sign-optimization-horizontal-vertical_scenario,621,167,3,0,4,90,90,15,1,132412,WheelchairAgent(Clone),7,11,1.3,1.17,0,0,False,2,0,0
2026-03-06_21.09.01,229,sign-optimization-horizontal-vertical_scenario,621,167,3,0,4,90,90,15,1,132413,AdultMaleAgent(Clone),10,12,1.71,1.58,3.526367,1,False,3,0,0
2026-03-06_21.09.01,229,sign-optimization-horizontal-vertical_scenario,621,167,3,0,4,90,90,15,1,132414,WheelchairAgent(Clone),7,11,1.3,1.17,0,0,False,2,0,0
2026-03-06_21.09.01,229,sign-optimization-horizontal-vertical_scenario,621,167,3,0,4,90,90,15,1,132415,WheelchairAgent(Clone),6,12,1.3,1.17,3.844727,1,False,2,0,0
2026-03-06_21.09.01,229,sign-optimization-horizontal-vertical_scenario,621,167,3,0,4,90,90,15,1,132416,AdultFemaleAgent(Clone),10,12,1.58,1.45,0.4404297,1,False,3,0,0
2026-03-06_21.09.01,229,sign-optimization-horizontal-vertical_scenario,621,167,3,0,4,90,90,15,1,132417,AdultMaleAgent(Clone),10,12,1.71,1.58,0.3310547,2,False,3,0,0
2026-03-06_21.09.01,229,sign-optimization-horizontal-vertical_scenario,621,167,3,0,4,90,90,15,1,132418,AdultMaleAgent(Clone),6,12,1.71,1.58,1.835938,1,False,2,0,0
2026-03-06_21.09.01,229,sign-optimization-horizontal-vertical_scenario,621,167,3,0,4,90,90,15,1,132419,AdultFemaleAgent(Clone),11,10,1.58,1.450001,10.02051,1,True,3,2,0.6666667
2026-03-06_21.09.01,229,sign-optimization-horizontal-vertical_scenario,621,167,3,0,4,90,90,15,1,132420,AdultMaleAgent(Clone),10,12,1.71,1.58,0.1396484,2,False,3,0,0
2026-03-06_21.09.01,229,sign-optimization-horizontal-vertical_scenario,621,167,3,0,4,90,90,15,1,132421,AdultFemaleAgent(Clone),11,10,1.58,1.450001,11.62012,1,True,3,2,0.6666667
2026-03-06_21.09.01,229,sign-optimization-horizontal-vertical_scenario,621,167,3,0,4,90,90,15,1,132422,WheelchairAgent(Clone),6,12,1.3,1.17,4.708984,1,False,2,1,0.5
2026-03-06_21.09.01,229,sign-optimization-horizontal-vertical_scenario,621,167,3,0,4,90,90,15,1,132423,WheelchairAgent(Clone),6,12,1.3,1.17,5.49707,1,True,2,1,0.5
2026-03-06_21.09.01,229,sign-optimization-horizontal-vertical_scenario,621,167,3,0,4,90,90,15,1,132424,WheelchairAgent(Clone),7,11,1.3,1.17,0,0,False,2,0,0
2026-03-06_21.09.01,229,sign-optimization-horizontal-vertical_scenario,621,167,3,0,4,90,90,15,1,132425,WheelchairAgent(Clone),7,11,1.3,1.17,0,0,False,2,0,0
2026-03-06_21.09.01,229,sign-optimization-horizontal-vertical_scenario,621,167,3,0,4,90,90,15,1,132426,AdultFemaleAgent(Clone),10,12,1.58,1.45,3.873047,1,False,3,0,0
2026-03-06_21.09.01,229,sign-optimization-horizontal-vertical_scenario,621,167,3,0,4,90,90,15,1,132427,WheelchairAgent(Clone),11,10,1.3,1.17,10.08008,1,True,3,2,0.6666667
2026-03-06_21.09.01,229,sign-optimization-horizontal-vertical_scenario,621,167,3,0,4,90,90,15,1,132428,AdultMaleAgent(Clone),6,12,1.71,1.58,3.87207,1,False,2,1,0.5
2026-03-06_21.09.01,229,sign-optimization-horizontal-vertical_scenario,621,167,3,0,4,90,90,15,1,132429,WheelchairAgent(Clone),10,12,1.3,1.17,3.134766,1,False,3,0,0
2026-03-06_21.09.01,229,sign-optimization-horizontal-vertical_scenario,621,167,3,0,4,90,90,15,1,132430,AdultFemaleAgent(Clone),7,11,1.58,1.450001,0,0,False,2,0,0
2026-03-06_21.09.01,229,sign-optimization-horizontal-vertical_scenario,621,167,3,0,4,90,90,15,1,132431,AdultFemaleAgent(Clone),6,12,1.58,1.45,2.683594,1,False,2,0,0
2026-03-06_21.09.01,229,sign-optimization-horizontal-vertical_scenario,621,167,3,0,4,90,90,15,1,132432,AdultFemaleAgent(Clone),11,10,1.58,1.450001,10.34668,1,True,3,2,0.6666667
2026-03-06_21.09.01,229,sign-optimization-horizontal-vertical_scenario,621,167,3,0,4,90,90,15,1,132433,WheelchairAgent(Clone),5,10,1.3,1.17,14.62207,1,True,2,1,0.5
2026-03-06_21.09.01,229,sign-optimization-horizontal-vertical_scenario,621,167,3,0,4,90,90,15,1,132434,AdultMaleAgent(Clone),10,12,1.71,1.58,1.167969,1,False,3,0,0
2026-03-06_21.09.01,229,sign-optimization-horizontal-vertical_scenario,621,167,3,0,4,90,90,15,1,132435,AdultFemaleAgent(Clone),7,11,1.58,1.450001,0.546875,1,False,2,1,0.5
2026-03-06_21.09.01,229,sign-optimization-horizontal-vertical_scenario,621,167,3,0,4,90,90,15,1,132436,AdultFemaleAgent(Clone),10,12,1.58,1.45,1.286133,1,False,3,0,0
2026-03-06_21.09.01,229,sign-optimization-horizontal-vertical_scenario,621,167,3,0,4,90,90,15,1,132437,AdultFemaleAgent(Clone),10,12,1.58,1.45,2.676758,1,False,3,0,0
2026-03-06_21.09.01,229,sign-optimization-horizontal-vertical_scenario,621,167,3,0,4,90,90,15,1,132438,AdultFemaleAgent(Clone),5,10,1.58,1.45,11.68066,1,True,2,1,0.5
2026-03-06_21.09.01,229,sign-optimization-horizontal-vertical_scenario,621,167,3,0,4,90,90,15,1,132439,AdultMaleAgent(Clone),6,12,1.71,1.58,3.128906,1,False,2,0,0
2026-03-06_21.09.01,229,sign-optimization-horizontal-vertical_scenario,621,167,3,0,4,90,90,15,1,132440,AdultFemaleAgent(Clone),10,12,1.58,1.45,0,0,False,3,0,0
2026-03-06_21.09.01,229,sign-optimization-horizontal-vertical_scenario,621,167,3,0,4,90,90,15,1,132441,AdultMaleAgent(Clone),7,11,1.71,1.58,1.87793,1,True,2,1,0.5
2026-03-06_21.09.01,229,sign-optimization-horizontal-vertical_scenario,621,167,3,0,4,90,90,15,1,132442,WheelchairAgent(Clone),6,12,1.3,1.17,0,0,False,2,0,0
2026-03-06_21.09.01,229,sign-optimization-horizontal-vertical_scenario,621,167,3,0,4,90,90,15,1,132443,AdultFemaleAgent(Clone),6,12,1.58,1.45,1.350586,1,False,2,0,0
2026-03-06_21.09.01,229,sign-optimization-horizontal-vertical_scenario,621,167,3,0,4,90,90,15,1,132444,AdultMaleAgent(Clone),6,12,1.71,1.58,5.512695,1,False,2,1,0.5
2026-03-06_21.09.01,229,sign-optimization-horizontal-vertical_scenario,621,167,3,0,4,90,90,15,1,132445,AdultMaleAgent(Clone),10,12,1.71,1.58,2.176758,1,False,3,0,0
2026-03-06_21.09.01,229,sign-optimization-horizontal-vertical_scenario,621,167,3,0,4,90,90,15,1,132446,AdultFemaleAgent(Clone),6,12,1.58,1.45,4.438477,1,False,2,0,0
2026-03-06_21.09.01,229,sign-optimization-horizontal-vertical_scenario,621,167,3,0,4,90,90,15,1,132447,AdultMaleAgent(Clone),10,12,1.71,1.58,1.036133,1,False,3,0,0
2026-03-06_21.09.01,229,sign-optimization-horizontal-vertical_scenario,621,167,3,0,4,90,90,15,1,132448,AdultMaleAgent(Clone),6,12,1.71,1.58,0.5527344,1,False,2,0,0
2026-03-06_21.09.01,229,sign-optimization-horizontal-vertical_scenario,621,167,3,0,4,90,90,15,1,132449,AdultFemaleAgent(Clone),7,11,1.58,1.450001,0.7109375,1,False,2,1,0.5
2026-03-06_21.09.01,229,sign-optimization-horizontal-vertical_scenario,621,167,3,0,4,90,90,15,1,132450,WheelchairAgent(Clone),5,10,1.3,1.17,12.1543,1,True,2,1,0.5
2026-03-06_21.09.01,229,sign-optimization-horizontal-vertical_scenario,621,167,3,0,4,90,90,15,1,132451,WheelchairAgent(Clone),10,12,1.3,1.17,2.453125,1,False,3,0,0
2026-03-06_21.09.01,229,sign-optimization-horizontal-vertical_scenario,621,167,3,0,4,90,90,15,1,132452,AdultMaleAgent(Clone),11,10,1.71,1.58,0.9951172,1,False,3,2,0.6666667
2026-03-06_21.09.01,229,sign-optimization-horizontal-vertical_scenario,621,167,3,0,4,90,90,15,1,132453,WheelchairAgent(Clone),10,12,1.3,1.17,0,0,False,3,0,0
2026-03-06_21.09.01,229,sign-optimization-horizontal-vertical_scenario,621,167,3,0,4,90,90,15,1,132454,AdultMaleAgent(Clone),11,10,1.71,1.58,10.66504,1,True,3,2,0.6666667
2026-03-06_21.09.01,229,sign-optimization-horizontal-vertical_scenario,621,167,3,0,4,90,90,15,1,132455,AdultFemaleAgent(Clone),10,12,1.58,1.45,2.575195,2,False,3,0,0
2026-03-06_21.09.01,229,sign-optimization-horizontal-vertical_scenario,621,167,3,0,4,90,90,15,1,132456,AdultFemaleAgent(Clone),6,12,1.58,1.45,4.454102,1,False,2,0,0
2026-03-06_21.09.01,229,sign-optimization-horizontal-vertical_scenario,621,167,3,0,4,90,90,15,1,132457,AdultFemaleAgent(Clone),10,12,1.58,1.45,0,0,False,3,0,0
2026-03-06_21.09.01,229,sign-optimization-horizontal-vertical_scenario,621,167,3,0,4,90,90,15,1,132458,WheelchairAgent(Clone),6,12,1.3,1.17,2.850586,1,False,2,0,0
2026-03-06_21.09.01,229,sign-optimization-horizontal-vertical_scenario,621,167,3,0,4,90,90,15,1,132459,AdultFemaleAgent(Clone),10,12,1.58,1.45,0.5966797,2,False,3,0,0
2026-03-06_21.09.01,229,sign-optimization-horizontal-vertical_scenario,621,167,3,0,4,90,90,15,1,132460,WheelchairAgent(Clone),11,10,1.3,1.17,1.325195,1,False,3,0,0
2026-03-06_21.09.01,229,sign-optimization-horizontal-vertical_scenario,621,167,3,0,4,90,90,15,1,132461,AdultFemaleAgent(Clone),7,11,1.58,1.450001,0,0,False,2,0,0
2026-03-06_21.09.01,229,sign-optimization-horizontal-vertical_scenario,621,167,3,0,4,90,90,15,1,132462,AdultMaleAgent(Clone),11,10,1.71,1.58,1.185547,1,False,3,2,0.6666667
2026-03-06_21.09.01,229,sign-optimization-horizontal-vertical_scenario,621,167,3,0,4,90,90,15,1,132463,WheelchairAgent(Clone),6,12,1.3,1.17,0,0,False,2,0,0
2026-03-06_21.09.01,229,sign-optimization-horizontal-vertical_scenario,621,167,3,0,4,90,90,15,1,132464,WheelchairAgent(Clone),6,12,1.3,1.17,2.140625,1,False,2,0,0
2026-03-06_21.09.01,229,sign-optimization-horizontal-vertical_scenario,621,167,3,0,4,90,90,15,1,132465,AdultMaleAgent(Clone),5,10,1.71,1.58,0,0,True,2,1,0.5
2026-03-06_21.09.01,229,sign-optimization-horizontal-vertical_scenario,621,167,3,0,4,90,90,15,1,132466,AdultMaleAgent(Clone),11,10,1.71,1.58,0,0,True,3,1,0.3333333
2026-03-06_21.09.01,229,sign-optimization-horizontal-vertical_scenario,621,167,3,0,4,90,90,15,1,132467,WheelchairAgent(Clone),6,12,1.3,1.17,5.078125,1,False,2,0,0
2026-03-06_21.09.01,229,sign-optimization-horizontal-vertical_scenario,621,167,3,0,4,90,90,15,1,132468,WheelchairAgent(Clone),10,12,1.3,1.17,2.400391,1,False,3,0,0
2026-03-06_21.09.01,229,sign-optimization-horizontal-vertical_scenario,621,167,3,0,4,90,90,15,1,132469,WheelchairAgent(Clone),5,10,1.3,1.17,13.18164,1,True,2,1,0.5
2026-03-06_21.09.01,229,sign-optimization-horizontal-vertical_scenario,621,167,3,0,4,90,90,15,1,132470,AdultFemaleAgent(Clone),11,10,1.58,1.450001,0.6933594,2,True,3,1,0.3333333
2026-03-06_21.09.01,229,sign-optimization-horizontal-vertical_scenario,621,167,3,0,4,90,90,15,1,132471,WheelchairAgent(Clone),5,10,1.3,1.17,13.9834,1,True,2,1,0.5
2026-03-06_21.09.01,229,sign-optimization-horizontal-vertical_scenario,621,167,3,0,4,90,90,15,1,132472,AdultMaleAgent(Clone),7,11,1.71,1.58,1.469727,1,True,2,1,0.5
2026-03-06_21.09.01,229,sign-optimization-horizontal-vertical_scenario,621,167,3,0,4,90,90,15,1,132473,WheelchairAgent(Clone),6,12,1.3,1.17,0,0,False,2,0,0
2026-03-06_21.09.01,229,sign-optimization-horizontal-vertical_scenario,621,167,3,0,4,90,90,15,1,132474,WheelchairAgent(Clone),5,10,1.3,1.17,11.64355,1,True,2,1,0.5
2026-03-06_21.09.01,229,sign-optimization-horizontal-vertical_scenario,621,167,3,0,4,90,90,15,1,132475,AdultFemaleAgent(Clone),5,10,1.58,1.45,0,0,True,2,1,0.5
2026-03-06_21.09.01,229,sign-optimization-horizontal-vertical_scenario,621,167,3,0,4,90,90,15,1,132476,AdultMaleAgent(Clone),10,12,1.71,1.58,3.587891,1,False,3,0,0
2026-03-06_21.09.01,229,sign-optimization-horizontal-vertical_scenario,621,167,3,0,4,90,90,15,1,132477,AdultMaleAgent(Clone),5,10,1.71,1.58,0,0,True,2,1,0.5
2026-03-06_21.09.01,229,sign-optimization-horizontal-vertical_scenario,621,167,3,0,4,90,90,15,1,132478,AdultFemaleAgent(Clone),10,12,1.58,1.45,2.530273,2,False,3,0,0
2026-03-06_21.09.01,229,sign-optimization-horizontal-vertical_scenario,621,167,3,0,4,90,90,15,1,132479,AdultFemaleAgent(Clone),5,10,1.58,1.45,10.44824,1,True,2,1,0.5
2026-03-06_21.09.01,229,sign-optimization-horizontal-vertical_scenario,621,167,3,0,4,90,90,15,1,132480,AdultFemaleAgent(Clone),10,12,1.58,1.45,3.178711,1,False,3,0,0
2026-03-06_21.09.01,229,sign-optimization-horizontal-vertical_scenario,621,167,3,0,4,90,90,15,1,132481,WheelchairAgent(Clone),5,10,1.3,1.17,0,0,True,2,1,0.5
2026-03-06_21.09.01,229,sign-optimization-horizontal-vertical_scenario,621,167,3,0,4,90,90,15,1,132482,AdultMaleAgent(Clone),11,10,1.71,1.58,9.34082,1,True,3,1,0.3333333
2026-03-06_21.09.01,229,sign-optimization-horizontal-vertical_scenario,621,167,3,0,4,90,90,15,1,132483,WheelchairAgent(Clone),10,12,1.3,1.17,0.8173828,2,False,3,0,0
2026-03-06_21.09.01,229,sign-optimization-horizontal-vertical_scenario,621,167,3,0,4,90,90,15,1,132484,WheelchairAgent(Clone),7,11,1.3,1.17,1.333984,1,False,2,1,0.5
2026-03-06_21.09.01,229,sign-optimization-horizontal-vertical_scenario,621,167,3,0,4,90,90,15,1,132485,WheelchairAgent(Clone),7,11,1.3,1.17,0,0,False,2,0,0
2026-03-06_21.09.01,229,sign-optimization-horizontal-vertical_scenario,621,167,3,0,4,90,90,15,1,132486,WheelchairAgent(Clone),10,12,1.3,1.17,3.597656,1,False,3,0,0
2026-03-06_21.09.01,229,sign-optimization-horizontal-vertical_scenario,621,167,3,0,4,90,90,15,1,132487,WheelchairAgent(Clone),6,12,1.3,1.17,0,0,False,2,0,0
2026-03-06_21.09.01,229,sign-optimization-horizontal-vertical_scenario,621,167,3,0,4,90,90,15,1,132488,WheelchairAgent(Clone),10,12,1.3,1.17,6.115234,1,False,3,0,0
2026-03-06_21.09.01,229,sign-optimization-horizontal-vertical_scenario,621,167,3,0,4,90,90,15,1,132489,AdultFemaleAgent(Clone),7,11,1.58,1.450001,0,0,False,2,0,0
2026-03-06_21.09.01,229,sign-optimization-horizontal-vertical_scenario,621,167,3,0,4,90,90,15,1,132490,AdultFemaleAgent(Clone),11,10,1.58,1.450001,11.93262,1,True,3,2,0.6666667
2026-03-06_21.09.01,229,sign-optimization-horizontal-vertical_scenario,621,167,3,0,4,90,90,15,1,132491,WheelchairAgent(Clone),7,11,1.3,1.17,0,0,False,2,0,0
2026-03-06_21.09.01,229,sign-optimization-horizontal-vertical_scenario,621,167,3,0,4,90,90,15,1,132492,AdultFemaleAgent(Clone),10,12,1.58,1.45,4.628906,1,False,3,0,0
2026-03-06_21.09.01,229,sign-optimization-horizontal-vertical_scenario,621,167,3,0,4,90,90,15,1,132493,AdultFemaleAgent(Clone),6,12,1.58,1.45,4.759766,1,False,2,1,0.5
2026-03-06_21.09.01,229,sign-optimization-horizontal-vertical_scenario,621,167,3,0,4,90,90,15,1,132494,WheelchairAgent(Clone),6,12,1.3,1.17,2.210938,1,False,2,0,0
2026-03-06_21.09.01,229,sign-optimization-horizontal-vertical_scenario,621,167,3,0,4,90,90,15,1,132495,WheelchairAgent(Clone),7,11,1.3,1.17,1.029297,1,False,2,1,0.5
2026-03-06_21.09.01,229,sign-optimization-horizontal-vertical_scenario,621,167,3,0,4,90,90,15,1,132496,AdultMaleAgent(Clone),11,10,1.71,1.58,11.86133,2,True,3,2,0.6666667
2026-03-06_21.09.01,229,sign-optimization-horizontal-vertical_scenario,621,167,3,0,4,90,90,15,1,132497,WheelchairAgent(Clone),7,11,1.3,1.17,0,0,False,2,0,0
2026-03-06_21.09.01,229,sign-optimization-horizontal-vertical_scenario,621,167,3,0,4,90,90,15,1,132498,WheelchairAgent(Clone),10,12,1.3,1.17,0,0,False,3,0,0
2026-03-06_21.09.01,229,sign-optimization-horizontal-vertical_scenario,621,167,3,0,4,90,90,15,1,132499,AdultFemaleAgent(Clone),10,12,1.58,1.45,3.746094,1,False,3,0,0
2026-03-06_21.09.01,229,sign-optimization-horizontal-vertical_scenario,621,167,3,0,4,90,90,15,1,132500,AdultFemaleAgent(Clone),10,12,1.58,1.45,0.8857422,2,False,3,0,0
2026-03-06_21.09.01,229,sign-optimization-horizontal-vertical_scenario,621,167,3,0,4,90,90,15,1,132501,WheelchairAgent(Clone),11,10,1.3,1.17,10.25684,1,True,3,2,0.6666667
2026-03-06_21.09.01,229,sign-optimization-horizontal-vertical_scenario,621,167,3,0,4,90,90,15,1,132502,AdultMaleAgent(Clone),10,12,1.71,1.58,0.9394531,3,False,3,0,0
2026-03-06_21.09.01,229,sign-optimization-horizontal-vertical_scenario,621,167,3,0,4,90,90,15,1,132503,AdultMaleAgent(Clone),6,12,1.71,1.58,5.817383,1,False,2,0,0
2026-03-06_21.09.01,229,sign-optimization-horizontal-vertical_scenario,621,167,3,0,4,90,90,15,1,132504,WheelchairAgent(Clone),11,10,1.3,1.17,11.79199,1,True,3,1,0.3333333
2026-03-06_21.09.01,229,sign-optimization-horizontal-vertical_scenario,621,167,3,0,4,90,90,15,1,132505,WheelchairAgent(Clone),5,10,1.3,1.17,0,0,True,2,1,0.5
2026-03-06_21.09.01,229,sign-optimization-horizontal-vertical_scenario,621,167,3,0,4,90,90,15,1,132506,AdultFemaleAgent(Clone),11,10,1.58,1.450001,12.06445,1,True,3,2,0.6666667
2026-03-06_21.09.01,229,sign-optimization-horizontal-vertical_scenario,621,167,3,0,4,90,90,15,1,132507,AdultMaleAgent(Clone),5,10,1.71,1.58,0,0,True,2,1,0.5
2026-03-06_21.09.01,229,sign-optimization-horizontal-vertical_scenario,621,167,3,0,4,90,90,15,1,132508,AdultFemaleAgent(Clone),7,11,1.58,1.450001,2.34668,1,True,2,1,0.5
2026-03-06_21.09.01,229,sign-optimization-horizontal-vertical_scenario,621,167,3,0,4,90,90,15,1,132509,AdultFemaleAgent(Clone),11,10,1.58,1.450001,0.1679688,1,True,3,1,0.3333333
2026-03-06_21.09.01,229,sign-optimization-horizontal-vertical_scenario,621,167,3,0,4,90,90,15,1,132510,AdultMaleAgent(Clone),7,11,1.71,1.58,0,0,False,2,0,0
2026-03-06_21.09.01,229,sign-optimization-horizontal-vertical_scenario,621,167,3,0,4,90,90,15,1,132511,WheelchairAgent(Clone),11,10,1.3,1.17,2.171875,1,False,3,1,0.3333333
2026-03-06_21.09.01,229,sign-optimization-horizontal-vertical_scenario,621,167,3,0,4,90,90,15,1,132512,AdultFemaleAgent(Clone),7,11,1.58,1.450001,1.963867,1,True,2,1,0.5
2026-03-06_21.09.01,229,sign-optimization-horizontal-vertical_scenario,621,167,3,0,4,90,90,15,1,132513,AdultMaleAgent(Clone),5,10,1.71,1.58,0,0,True,2,1,0.5
2026-03-06_21.09.01,229,sign-optimization-horizontal-vertical_scenario,621,167,3,0,4,90,90,15,1,132514,WheelchairAgent(Clone),10,12,1.3,1.17,2.326172,1,False,3,0,0
2026-03-06_21.09.01,229,sign-optimization-horizontal-vertical_scenario,621,167,3,0,4,90,90,15,1,132515,AdultMaleAgent(Clone),5,10,1.71,1.58,0,0,True,2,1,0.5
2026-03-06_21.09.01,229,sign-optimization-horizontal-vertical_scenario,621,167,3,0,4,90,90,15,1,132516,AdultFemaleAgent(Clone),7,11,1.58,1.450001,0,0,False,2,0,0
2026-03-06_21.09.01,229,sign-optimization-horizontal-vertical_scenario,621,167,3,0,4,90,90,15,1,132517,AdultMaleAgent(Clone),7,11,1.71,1.58,0,0,False,2,0,0
2026-03-06_21.09.01,229,sign-optimization-horizontal-vertical_scenario,621,167,3,0,4,90,90,15,1,132518,WheelchairAgent(Clone),7,11,1.3,1.17,1.28418,1,False,2,0,0
2026-03-06_21.09.01,229,sign-optimization-horizontal-vertical_scenario,621,167,3,0,4,90,90,15,1,132519,WheelchairAgent(Clone),10,12,1.3,1.17,2.293945,1,False,3,0,0
2026-03-06_21.09.01,229,sign-optimization-horizontal-vertical_scenario,621,167,3,0,4,90,90,15,1,132520,AdultFemaleAgent(Clone),5,10,1.58,1.45,0,0,True,2,1,0.5
2026-03-06_21.09.01,229,sign-optimization-horizontal-vertical_scenario,621,167,3,0,4,90,90,15,1,132521,WheelchairAgent(Clone),6,12,1.3,1.17,0,0,False,2,0,0
2026-03-06_21.09.01,229,sign-optimization-horizontal-vertical_scenario,621,167,3,0,4,90,90,15,1,132522,AdultMaleAgent(Clone),7,11,1.71,1.58,0,0,False,2,0,0
2026-03-06_21.09.01,229,sign-optimization-horizontal-vertical_scenario,621,167,3,0,4,90,90,15,1,132523,AdultFemaleAgent(Clone),6,12,1.58,1.45,5.456055,1,False,2,0,0
2026-03-06_21.09.01,229,sign-optimization-horizontal-vertical_scenario,621,167,3,0,4,90,90,15,1,132524,AdultFemaleAgent(Clone),11,10,1.58,1.450001,1.928711,1,False,3,0,0
2026-03-06_21.09.01,229,sign-optimization-horizontal-vertical_scenario,621,167,3,0,4,90,90,15,1,132525,AdultFemaleAgent(Clone),7,11,1.58,1.450001,2.822266,1,True,2,1,0.5
2026-03-06_21.09.01,229,sign-optimization-horizontal-vertical_scenario,621,167,3,0,4,90,90,15,1,132526,AdultMaleAgent(Clone),5,10,1.71,1.58,0,0,True,2,1,0.5
2026-03-06_21.09.01,229,sign-optimization-horizontal-vertical_scenario,621,167,3,0,4,90,90,15,1,132527,WheelchairAgent(Clone),6,12,1.3,1.17,4.255859,1,False,2,0,0
2026-03-06_21.09.01,229,sign-optimization-horizontal-vertical_scenario,621,167,3,0,4,90,90,15,1,132528,WheelchairAgent(Clone),10,12,1.3,1.17,2.005859,1,False,3,0,0
2026-03-06_21.09.01,229,sign-optimization-horizontal-vertical_scenario,621,167,3,0,4,90,90,15,1,132529,AdultMaleAgent(Clone),11,10,1.71,1.58,0.6181641,1,True,3,2,0.6666667
2026-03-06_21.09.01,229,sign-optimization-horizontal-vertical_scenario,621,167,3,0,4,90,90,15,1,132530,AdultFemaleAgent(Clone),7,11,1.58,1.450001,0.3330078,1,False,2,1,0.5
2026-03-06_21.09.01,229,sign-optimization-horizontal-vertical_scenario,621,167,3,0,4,90,90,15,1,132531,AdultMaleAgent(Clone),10,12,1.71,1.58,0.5673828,2,False,3,0,0
2026-03-06_21.09.01,229,sign-optimization-horizontal-vertical_scenario,621,167,3,0,4,90,90,15,1,132532,AdultFemaleAgent(Clone),11,10,1.58,1.450001,1.783203,1,False,3,2,0.6666667
2026-03-06_21.09.01,229,sign-optimization-horizontal-vertical_scenario,621,167,3,0,4,90,90,15,1,132533,AdultFemaleAgent(Clone),7,11,1.58,1.450001,0,0,False,2,0,0
2026-03-06_21.09.01,229,sign-optimization-horizontal-vertical_scenario,621,167,3,0,4,90,90,15,1,132534,AdultFemaleAgent(Clone),10,12,1.58,1.45,0,0,False,3,0,0
2026-03-06_21.09.01,229,sign-optimization-horizontal-vertical_scenario,621,167,3,0,4,90,90,15,1,132535,AdultMaleAgent(Clone),6,12,1.71,1.58,5.244141,1,False,2,1,0.5
2026-03-06_21.09.01,229,sign-optimization-horizontal-vertical_scenario,621,167,3,0,4,90,90,15,1,132536,AdultFemaleAgent(Clone),6,12,1.58,1.45,3.192383,1,False,2,0,0
2026-03-06_21.09.01,229,sign-optimization-horizontal-vertical_scenario,621,167,3,0,4,90,90,15,1,132537,WheelchairAgent(Clone),10,12,1.3,1.17,4.360352,1,False,3,0,0
2026-03-06_21.09.01,229,sign-optimization-horizontal-vertical_scenario,621,167,3,0,4,90,90,15,1,132538,AdultFemaleAgent(Clone),11,10,1.58,1.450001,0,0,True,3,1,0.3333333
2026-03-06_21.09.01,229,sign-optimization-horizontal-vertical_scenario,621,167,3,0,4,90,90,15,1,132539,WheelchairAgent(Clone),7,11,1.3,1.17,0,0,False,2,0,0
2026-03-06_21.09.01,229,sign-optimization-horizontal-vertical_scenario,621,167,3,0,4,90,90,15,1,132540,AdultMaleAgent(Clone),11,10,1.71,1.58,1.511719,1,True,3,2,0.6666667
2026-03-06_21.09.01,229,sign-optimization-horizontal-vertical_scenario,621,167,3,0,4,90,90,15,1,132541,AdultMaleAgent(Clone),5,10,1.71,1.58,0,0,True,2,1,0.5
2026-03-06_21.09.01,229,sign-optimization-horizontal-vertical_scenario,621,167,3,0,4,90,90,15,1,132542,AdultMaleAgent(Clone),10,12,1.71,1.58,2.157227,1,False,3,0,0
2026-03-06_21.09.01,229,sign-optimization-horizontal-vertical_scenario,621,167,3,0,4,90,90,15,1,132543,AdultFemaleAgent(Clone),11,10,1.58,1.450001,1.634766,1,False,3,0,0
2026-03-06_21.09.01,229,sign-optimization-horizontal-vertical_scenario,621,167,3,0,4,90,90,15,1,132544,AdultMaleAgent(Clone),7,11,1.71,1.58,0,0,False,2,0,0
2026-03-06_21.09.01,229,sign-optimization-horizontal-vertical_scenario,621,167,3,0,4,90,90,15,1,132545,AdultFemaleAgent(Clone),6,12,1.58,1.45,5.044922,1,False,2,1,0.5
2026-03-06_21.09.01,229,sign-optimization-horizontal-vertical_scenario,621,167,3,0,4,90,90,15,1,132546,AdultMaleAgent(Clone),6,12,1.71,1.58,4.861328,1,False,2,0,0
2026-03-06_21.09.01,229,sign-optimization-horizontal-vertical_scenario,621,167,3,0,4,90,90,15,1,132547,AdultMaleAgent(Clone),10,12,1.71,1.58,1.734375,1,False,3,0,0
2026-03-06_21.09.01,229,sign-optimization-horizontal-vertical_scenario,621,167,3,0,4,90,90,15,1,132548,AdultMaleAgent(Clone),11,10,1.71,1.58,1.238281,1,True,3,2,0.6666667
2026-03-06_21.09.01,229,sign-optimization-horizontal-vertical_scenario,621,167,3,0,4,90,90,15,1,132549,AdultFemaleAgent(Clone),5,10,1.58,1.45,0,0,True,2,1,0.5
2026-03-06_21.09.01,229,sign-optimization-horizontal-vertical_scenario,621,167,3,0,4,90,90,15,1,132550,AdultMaleAgent(Clone),10,12,1.71,1.58,0,0,False,3,0,0
2026-03-06_21.09.01,229,sign-optimization-horizontal-vertical_scenario,621,167,3,0,4,90,90,15,1,132551,AdultFemaleAgent(Clone),7,11,1.58,1.450001,0,0,False,2,0,0
2026-03-06_21.09.01,229,sign-optimization-horizontal-vertical_scenario,621,167,3,0,4,90,90,15,1,132552,AdultFemaleAgent(Clone),10,12,1.58,1.45,0,0,False,3,0,0
2026-03-06_21.09.01,229,sign-optimization-horizontal-vertical_scenario,621,167,3,0,4,90,90,15,1,132553,WheelchairAgent(Clone),7,11,1.3,1.17,0.7353516,1,False,2,1,0.5
2026-03-06_21.09.01,229,sign-optimization-horizontal-vertical_scenario,621,167,3,0,4,90,90,15,1,132554,WheelchairAgent(Clone),6,12,1.3,1.17,0,0,False,2,0,0
2026-03-06_21.09.01,229,sign-optimization-horizontal-vertical_scenario,621,167,3,0,4,90,90,15,1,132555,WheelchairAgent(Clone),10,12,1.3,1.17,1.05957,1,False,3,0,0
2026-03-06_21.09.01,229,sign-optimization-horizontal-vertical_scenario,621,167,3,0,4,90,90,15,1,132556,WheelchairAgent(Clone),7,11,1.3,1.17,1.564453,1,True,2,1,0.5
2026-03-06_21.09.01,229,sign-optimization-horizontal-vertical_scenario,621,167,3,0,4,90,90,15,1,132557,AdultMaleAgent(Clone),11,10,1.71,1.58,0,0,True,3,2,0.6666667
2026-03-06_21.09.01,229,sign-optimization-horizontal-vertical_scenario,621,167,3,0,4,90,90,15,1,132558,WheelchairAgent(Clone),7,11,1.3,1.17,0.3505859,1,False,2,1,0.5
2026-03-06_21.09.01,229,sign-optimization-horizontal-vertical_scenario,621,167,3,0,4,90,90,15,1,132559,AdultFemaleAgent(Clone),10,12,1.58,1.45,0,0,False,3,0,0
2026-03-06_21.09.01,229,sign-optimization-horizontal-vertical_scenario,621,167,3,0,4,90,90,15,1,132560,WheelchairAgent(Clone),6,12,1.3,1.17,0,0,False,2,0,0
2026-03-06_21.09.01,229,sign-optimization-horizontal-vertical_scenario,621,167,3,0,4,90,90,15,1,132561,WheelchairAgent(Clone),10,12,1.3,1.17,0,0,False,3,0,0
2026-03-06_21.09.01,229,sign-optimization-horizontal-vertical_scenario,621,167,3,0,4,90,90,15,1,132562,AdultFemaleAgent(Clone),7,11,1.58,1.450001,0.4804688,1,False,2,1,0.5
2026-03-06_21.09.01,229,sign-optimization-horizontal-vertical_scenario,621,167,3,0,4,90,90,15,1,132563,WheelchairAgent(Clone),7,11,1.3,1.17,1.714844,1,True,2,1,0.5
2026-03-06_21.09.01,229,sign-optimization-horizontal-vertical_scenario,621,167,3,0,4,90,90,15,1,132564,AdultMaleAgent(Clone),10,12,1.71,1.58,4.082031,1,False,3,0,0
2026-03-06_21.09.01,229,sign-optimization-horizontal-vertical_scenario,621,167,3,0,4,90,90,15,1,132565,WheelchairAgent(Clone),10,12,1.3,1.17,0,0,False,3,0,0
2026-03-06_21.09.01,229,sign-optimization-horizontal-vertical_scenario,621,167,3,0,4,90,90,15,1,132566,WheelchairAgent(Clone),10,12,1.3,1.17,0,0,False,3,0,0
2026-03-06_21.09.01,229,sign-optimization-horizontal-vertical_scenario,621,167,3,0,4,90,90,15,1,132567,WheelchairAgent(Clone),5,10,1.3,1.17,0,0,True,2,1,0.5
2026-03-06_21.09.01,229,sign-optimization-horizontal-vertical_scenario,621,167,3,0,4,90,90,15,1,132568,WheelchairAgent(Clone),11,10,1.3,1.17,0,0,True,3,2,0.6666667
2026-03-06_21.09.01,229,sign-optimization-horizontal-vertical_scenario,621,167,3,0,4,90,90,15,1,132569,WheelchairAgent(Clone),6,12,1.3,1.17,0,0,False,2,0,0
2026-03-06_21.09.01,229,sign-optimization-horizontal-vertical_scenario,621,167,3,0,4,90,90,15,1,132570,AdultFemaleAgent(Clone),7,11,1.58,1.450001,0.6152344,1,False,2,1,0.5
2026-03-06_21.09.01,229,sign-optimization-horizontal-vertical_scenario,621,167,3,0,4,90,90,15,1,132571,WheelchairAgent(Clone),10,12,1.3,1.17,0,0,False,3,0,0
2026-03-06_21.09.01,229,sign-optimization-horizontal-vertical_scenario,621,167,3,0,4,90,90,15,1,132572,WheelchairAgent(Clone),5,10,1.3,1.17,0,0,True,2,1,0.5
2026-03-06_21.09.01,229,sign-optimization-horizontal-vertical_scenario,621,167,3,0,4,90,90,15,1,132573,AdultFemaleAgent(Clone),10,12,1.58,1.45,1.864258,1,False,3,0,0
2026-03-06_21.09.01,229,sign-optimization-horizontal-vertical_scenario,621,167,3,0,4,90,90,15,1,132574,AdultMaleAgent(Clone),7,11,1.71,1.58,0,0,False,2,0,0
2026-03-06_21.09.01,229,sign-optimization-horizontal-vertical_scenario,621,167,3,0,4,90,90,15,1,132575,AdultFemaleAgent(Clone),6,12,1.58,1.45,0,0,False,2,0,0
2026-03-06_21.09.01,229,sign-optimization-horizontal-vertical_scenario,621,167,3,0,4,90,90,15,1,132576,AdultFemaleAgent(Clone),5,10,1.58,1.45,0,0,True,2,1,0.5
2026-03-06_21.09.01,229,sign-optimization-horizontal-vertical_scenario,621,167,3,0,4,90,90,15,1,132577,WheelchairAgent(Clone),7,11,1.3,1.17,1.628906,1,False,2,1,0.5
2026-03-06_21.09.01,229,sign-optimization-horizontal-vertical_scenario,621,167,3,0,4,90,90,15,1,132578,AdultMaleAgent(Clone),10,12,1.71,1.58,0,0,False,3,0,0
2026-03-06_21.09.01,229,sign-optimization-horizontal-vertical_scenario,621,167,3,0,4,90,90,15,1,132579,AdultFemaleAgent(Clone),5,10,1.58,1.45,0,0,True,2,1,0.5
2026-03-06_21.09.01,229,sign-optimization-horizontal-vertical_scenario,621,167,3,0,4,90,90,15,1,132580,AdultFemaleAgent(Clone),10,12,1.58,1.45,0,0,False,3,0,0
2026-03-06_21.09.01,229,sign-optimization-horizontal-vertical_scenario,621,167,3,0,4,90,90,15,1,132581,AdultMaleAgent(Clone),5,10,1.71,1.58,0,0,True,2,1,0.5
2026-03-06_21.09.01,229,sign-optimization-horizontal-vertical_scenario,621,167,3,0,4,90,90,15,1,132582,AdultFemaleAgent(Clone),10,12,1.58,1.45,0,0,False,3,0,0
2026-03-06_21.09.01,229,sign-optimization-horizontal-vertical_scenario,621,167,3,0,4,90,90,15,1,132583,AdultMaleAgent(Clone),5,10,1.71,1.58,0,0,False,2,0,0
2026-03-06_21.09.01,229,sign-optimization-horizontal-vertical_scenario,621,167,3,0,4,90,90,15,1,132584,AdultFemaleAgent(Clone),6,12,1.58,1.45,0,0,False,2,1,0.5
2026-03-06_21.09.01,229,sign-optimization-horizontal-vertical_scenario,621,167,3,0,4,90,90,15,1,132585,AdultMaleAgent(Clone),6,12,1.71,1.58,0,0,False,2,0,0
2026-03-06_21.09.01,229,sign-optimization-horizontal-vertical_scenario,621,167,3,0,4,90,90,15,1,132586,AdultFemaleAgent(Clone),11,10,1.58,1.450001,0.8173828,1,True,3,2,0.6666667
2026-03-06_21.09.01,229,sign-optimization-horizontal-vertical_scenario,621,167,3,0,4,90,90,15,1,132587,AdultFemaleAgent(Clone),10,12,1.58,1.45,0,0,False,3,0,0
2026-03-06_21.09.01,229,sign-optimization-horizontal-vertical_scenario,621,167,3,0,4,90,90,15,1,132588,WheelchairAgent(Clone),6,12,1.3,1.17,0,0,False,2,0,0
2026-03-06_21.09.01,229,sign-optimization-horizontal-vertical_scenario,621,167,3,0,4,90,90,15,1,132589,WheelchairAgent(Clone),7,11,1.3,1.17,0,0,False,2,0,0
2026-03-06_21.09.01,229,sign-optimization-horizontal-vertical_scenario,621,167,3,0,4,90,90,15,1,132590,AdultMaleAgent(Clone),11,10,1.71,1.58,0,0,True,3,2,0.6666667
2026-03-06_21.09.01,229,sign-optimization-horizontal-vertical_scenario,621,167,3,0,4,90,90,15,1,132591,AdultMaleAgent(Clone),5,10,1.71,1.58,0,0,True,2,1,0.5
2026-03-06_21.09.01,229,sign-optimization-horizontal-vertical_scenario,621,167,3,0,4,90,90,15,1,132592,WheelchairAgent(Clone),5,10,1.3,1.17,0,0,True,2,1,0.5
2026-03-06_21.09.01,229,sign-optimization-horizontal-vertical_scenario,621,167,3,0,4,90,90,15,1,132593,AdultFemaleAgent(Clone),5,10,1.58,1.45,0,0,False,2,1,0.5
2026-03-06_21.09.01,229,sign-optimization-horizontal-vertical_scenario,621,167,3,0,4,90,90,15,1,132594,AdultMaleAgent(Clone),6,12,1.71,1.58,0,0,False,2,0,0
2026-03-06_21.09.01,229,sign-optimization-horizontal-vertical_scenario,621,167,3,0,4,90,90,15,1,132595,AdultFemaleAgent(Clone),10,12,1.58,1.45,0,0,False,3,0,0
2026-03-06_21.09.01,229,sign-optimization-horizontal-vertical_scenario,621,167,3,0,4,90,90,15,1,132596,AdultMaleAgent(Clone),6,12,1.71,1.58,0,0,False,2,1,0.5
2026-03-06_21.09.01,229,sign-optimization-horizontal-vertical_scenario,621,167,3,0,4,90,90,15,1,132597,AdultMaleAgent(Clone),7,11,1.71,1.58,0,0,False,2,0,0
2026-03-06_21.09.01,229,sign-optimization-horizontal-vertical_scenario,621,167,3,0,4,90,90,15,1,132598,AdultFemaleAgent(Clone),7,11,1.58,1.450001,1.182617,1,True,2,1,0.5
2026-03-06_21.09.01,229,sign-optimization-horizontal-vertical_scenario,621,167,3,0,4,90,90,15,1,132599,AdultFemaleAgent(Clone),7,11,1.58,1.450001,0,0,False,2,0,0
2026-03-06_21.09.01,229,sign-optimization-horizontal-vertical_scenario,621,167,3,0,4,90,90,15,1,132600,AdultMaleAgent(Clone),7,11,1.71,1.58,0.9873047,1,False,2,1,0.5
2026-03-06_21.09.01,229,sign-optimization-horizontal-vertical_scenario,621,167,3,0,4,90,90,15,1,132601,AdultMaleAgent(Clone),5,10,1.71,1.58,0,0,False,2,1,0.5
2026-03-06_21.09.01,229,sign-optimization-horizontal-vertical_scenario,621,167,3,0,4,90,90,15,1,132602,AdultMaleAgent(Clone),10,12,1.71,1.58,0,0,False,3,0,0
2026-03-06_21.09.01,229,sign-optimization-horizontal-vertical_scenario,621,167,3,0,4,90,90,15,1,132603,AdultFemaleAgent(Clone),6,12,1.58,1.45,0,0,False,2,0,0
2026-03-06_21.09.01,229,sign-optimization-horizontal-vertical_scenario,621,167,3,0,4,90,90,15,1,132604,AdultMaleAgent(Clone),10,12,1.71,1.58,0,0,False,3,0,0
2026-03-06_21.09.01,229,sign-optimization-horizontal-vertical_scenario,621,167,3,0,4,90,90,15,1,132605,AdultFemaleAgent(Clone),5,10,1.58,1.45,0,0,False,2,0,0
2026-03-06_21.09.01,229,sign-optimization-horizontal-vertical_scenario,621,167,3,0,4,90,90,15,1,132606,AdultMaleAgent(Clone),7,11,1.71,1.58,0,0,False,2,0,0
2026-03-06_21.09.01,229,sign-optimization-horizontal-vertical_scenario,621,167,3,0,4,90,90,15,1,132607,AdultFemaleAgent(Clone),7,11,1.58,1.450001,0,0,False,2,0,0
2026-03-06_21.09.01,229,sign-optimization-horizontal-vertical_scenario,621,167,3,0,4,90,90,15,1,132608,AdultFemaleAgent(Clone),11,10,1.58,1.450001,0,0,True,3,1,0.3333333
2026-03-06_21.09.01,229,sign-optimization-horizontal-vertical_scenario,621,167,3,0,4,90,90,15,1,132609,WheelchairAgent(Clone),6,12,1.3,1.17,0,0,False,2,0,0
2026-03-06_21.09.01,229,sign-optimization-horizontal-vertical_scenario,621,167,3,0,4,90,90,15,1,132610,WheelchairAgent(Clone),10,12,1.3,1.17,0,0,False,3,0,0
2026-03-06_21.09.01,229,sign-optimization-horizontal-vertical_scenario,621,167,3,0,4,90,90,15,1,132611,WheelchairAgent(Clone),7,11,1.3,1.17,0.8613281,1,False,2,1,0.5
2026-03-06_21.09.01,229,sign-optimization-horizontal-vertical_scenario,621,167,3,0,4,90,90,15,1,132612,WheelchairAgent(Clone),11,10,1.3,1.17,1.291016,1,False,3,0,0
2026-03-06_21.09.01,229,sign-optimization-horizontal-vertical_scenario,621,167,3,0,4,90,90,15,1,132613,AdultMaleAgent(Clone),10,12,1.71,1.58,0,0,False,3,0,0
2026-03-06_21.09.01,229,sign-optimization-horizontal-vertical_scenario,621,167,3,0,4,90,90,15,1,132614,AdultFemaleAgent(Clone),5,10,1.58,1.45,0,0,False,2,0,0
2026-03-06_21.09.01,229,sign-optimization-horizontal-vertical_scenario,621,167,3,0,4,90,90,15,1,132615,AdultFemaleAgent(Clone),11,10,1.58,1.450001,1.123047,1,False,3,0,0
2026-03-06_21.09.01,229,sign-optimization-horizontal-vertical_scenario,621,167,3,0,4,90,90,15,1,132616,AdultMaleAgent(Clone),7,11,1.71,1.58,0,0,False,2,0,0
2026-03-06_21.09.01,229,sign-optimization-horizontal-vertical_scenario,621,167,3,0,4,90,90,15,1,132617,WheelchairAgent(Clone),6,12,1.3,1.17,0,0,False,2,0,0
2026-03-06_21.09.01,229,sign-optimization-horizontal-vertical_scenario,621,167,3,0,4,90,90,15,1,132618,WheelchairAgent(Clone),6,12,1.3,1.17,0,0,False,2,0,0
2026-03-06_21.09.01,229,sign-optimization-horizontal-vertical_scenario,621,167,3,0,4,90,90,15,1,132619,AdultMaleAgent(Clone),10,12,1.71,1.58,0,0,False,3,0,0
2026-03-06_21.09.01,229,sign-optimization-horizontal-vertical_scenario,621,167,3,0,4,90,90,15,1,132620,AdultFemaleAgent(Clone),7,11,1.58,1.450001,0,0,False,2,0,0
2026-03-06_21.09.01,229,sign-optimization-horizontal-vertical_scenario,621,167,3,0,4,90,90,15,1,132621,AdultFemaleAgent(Clone),10,12,1.58,1.45,0,0,False,3,0,0
2026-03-06_21.09.01,229,sign-optimization-horizontal-vertical_scenario,621,167,3,0,4,90,90,15,1,132622,AdultFemaleAgent(Clone),11,10,1.58,1.450001,0,0,False,3,2,0.6666667
2026-03-06_21.09.01,229,sign-optimization-horizontal-vertical_scenario,621,167,3,0,4,90,90,15,1,132623,AdultFemaleAgent(Clone),10,12,1.58,1.45,0,0,False,3,0,0
2026-03-06_21.09.01,229,sign-optimization-horizontal-vertical_scenario,621,167,3,0,4,90,90,15,1,132624,AdultMaleAgent(Clone),10,12,1.71,1.58,0,0,False,3,0,0
2026-03-06_21.09.01,229,sign-optimization-horizontal-vertical_scenario,621,167,3,0,4,90,90,15,1,132625,WheelchairAgent(Clone),11,10,1.3,1.17,0,0,False,3,0,0
2026-03-06_21.09.01,229,sign-optimization-horizontal-vertical_scenario,621,167,3,0,4,90,90,15,1,132626,AdultMaleAgent(Clone),7,11,1.71,1.58,0,0,False,2,0,0
2026-03-06_21.09.01,229,sign-optimization-horizontal-vertical_scenario,621,167,3,0,4,90,90,15,1,132627,AdultFemaleAgent(Clone),10,12,1.58,1.45,0,0,False,3,0,0
2026-03-06_21.09.01,229,sign-optimization-horizontal-vertical_scenario,621,167,3,0,4,90,90,15,1,132628,WheelchairAgent(Clone),6,12,1.3,1.17,0,0,False,2,0,0
2026-03-06_21.09.01,229,sign-optimization-horizontal-vertical_scenario,621,167,3,0,4,90,90,15,1,132629,AdultFemaleAgent(Clone),7,11,1.58,1.450001,0.2285156,1,False,2,1,0.5
2026-03-06_21.09.01,229,sign-optimization-horizontal-vertical_scenario,621,167,3,0,4,90,90,15,1,132630,AdultFemaleAgent(Clone),6,12,1.58,1.45,0,0,False,2,0,0
2026-03-06_21.09.01,229,sign-optimization-horizontal-vertical_scenario,621,167,3,0,4,90,90,15,1,132631,WheelchairAgent(Clone),7,11,1.3,1.17,0,0,False,2,1,0.5
2026-03-06_21.09.01,229,sign-optimization-horizontal-vertical_scenario,621,167,3,0,4,90,90,15,1,132632,AdultMaleAgent(Clone),5,10,1.71,1.58,0,0,False,2,0,0
2026-03-06_21.09.01,229,sign-optimization-horizontal-vertical_scenario,621,167,3,0,4,90,90,15,1,132633,AdultFemaleAgent(Clone),10,12,1.58,1.45,0,0,False,3,0,0
2026-03-06_21.09.01,229,sign-optimization-horizontal-vertical_scenario,621,167,3,0,4,90,90,15,1,132634,AdultMaleAgent(Clone),6,12,1.71,1.58,0,0,False,2,0,0
2026-03-06_21.09.01,229,sign-optimization-horizontal-vertical_scenario,621,167,3,0,4,90,90,15,1,132635,AdultFemaleAgent(Clone),6,12,1.58,1.45,0,0,False,2,0,0
2026-03-06_21.09.01,229,sign-optimization-horizontal-vertical_scenario,621,167,3,0,4,90,90,15,1,132636,WheelchairAgent(Clone),5,10,1.3,1.17,0,0,False,2,0,0
2026-03-06_21.09.01,229,sign-optimization-horizontal-vertical_scenario,621,167,3,0,4,90,90,15,1,132637,AdultMaleAgent(Clone),11,10,1.71,1.58,0,0,False,3,0,0
2026-03-06_21.09.01,229,sign-optimization-horizontal-vertical_scenario,621,167,3,0,4,90,90,15,1,132638,AdultMaleAgent(Clone),6,12,1.71,1.58,0,0,False,2,0,0
2026-03-06_21.09.01,229,sign-optimization-horizontal-vertical_scenario,621,167,3,0,4,90,90,15,1,132639,AdultMaleAgent(Clone),5,10,1.71,1.58,0,0,False,2,0,0
2026-03-06_21.09.01,229,sign-optimization-horizontal-vertical_scenario,621,167,3,0,4,90,90,15,1,132640,AdultFemaleAgent(Clone),10,12,1.58,1.45,0,0,False,3,0,0
2026-03-06_21.09.01,229,sign-optimization-horizontal-vertical_scenario,621,167,3,0,4,90,90,15,1,132641,AdultMaleAgent(Clone),11,10,1.71,1.58,0,0,False,3,0,0
2026-03-06_21.09.01,229,sign-optimization-horizontal-vertical_scenario,621,167,3,0,4,90,90,15,1,132642,AdultFemaleAgent(Clone),5,10,1.58,1.45,0,0,False,2,0,0
2026-03-06_21.09.01,229,sign-optimization-horizontal-vertical_scenario,621,167,3,0,4,90,90,15,1,132643,AdultMaleAgent(Clone),11,10,1.71,1.58,0,0,False,3,0,0
2026-03-06_21.09.01,229,sign-optimization-horizontal-vertical_scenario,621,167,3,0,4,90,90,15,1,132644,AdultFemaleAgent(Clone),6,12,1.58,1.45,0,0,False,2,0,0
2026-03-06_21.09.01,229,sign-optimization-horizontal-vertical_scenario,621,167,3,0,4,90,90,15,1,132645,AdultMaleAgent(Clone),11,10,1.71,1.58,0,0,False,3,0,0
2026-03-06_21.09.01,229,sign-optimization-horizontal-vertical_scenario,621,167,3,0,4,90,90,15,1,132646,AdultFemaleAgent(Clone),10,12,1.58,1.45,0,0,False,3,0,0
2026-03-06_21.09.01,229,sign-optimization-horizontal-vertical_scenario,621,167,3,0,4,90,90,15,1,132647,AdultMaleAgent(Clone),7,11,1.71,1.58,0,0,False,2,0,0
2026-03-06_21.09.01,229,sign-optimization-horizontal-vertical_scenario,621,167,3,0,4,90,90,15,1,132648,AdultMaleAgent(Clone),10,12,1.71,1.58,0,0,False,3,0,0
2026-03-06_21.09.01,229,sign-optimization-horizontal-vertical_scenario,621,167,3,0,4,90,90,15,1,132649,WheelchairAgent(Clone),11,10,1.3,1.17,0,0,False,3,0,0
2026-03-06_21.09.01,229,sign-optimization-horizontal-vertical_scenario,621,167,3,0,4,90,90,15,1,132650,AdultMaleAgent(Clone),5,10,1.71,1.58,0,0,False,2,0,0
2026-03-06_21.09.01,229,sign-optimization-horizontal-vertical_scenario,621,167,3,0,4,90,90,15,1,132651,AdultFemaleAgent(Clone),7,11,1.58,1.450001,0,0,False,2,0,0
2026-03-06_21.09.01,229,sign-optimization-horizontal-vertical_scenario,621,167,3,0,4,90,90,15,1,132652,WheelchairAgent(Clone),10,12,1.3,1.17,0,0,False,3,0,0
2026-03-06_21.09.01,229,sign-optimization-horizontal-vertical_scenario,621,167,3,0,4,90,90,15,1,132653,WheelchairAgent(Clone),6,12,1.3,1.17,0,0,False,2,0,0
2026-03-06_21.09.01,229,sign-optimization-horizontal-vertical_scenario,621,167,3,0,4,90,90,15,1,132654,AdultMaleAgent(Clone),5,10,1.71,1.58,0,0,False,2,0,0
2026-03-06_21.09.01,229,sign-optimization-horizontal-vertical_scenario,621,167,3,0,4,90,90,15,1,132655,WheelchairAgent(Clone),7,11,1.3,1.17,0,0,False,2,0,0
2026-03-06_21.09.01,229,sign-optimization-horizontal-vertical_scenario,621,167,3,0,4,90,90,15,1,132656,AdultMaleAgent(Clone),10,12,1.71,1.58,0,0,False,3,0,0
2026-03-06_21.09.01,229,sign-optimization-horizontal-vertical_scenario,621,167,3,0,4,90,90,15,1,132657,WheelchairAgent(Clone),7,11,1.3,1.17,0,0,False,2,1,0.5
2026-03-06_21.09.01,229,sign-optimization-horizontal-vertical_scenario,621,167,3,0,4,90,90,15,1,132658,WheelchairAgent(Clone),10,12,1.3,1.17,0,0,False,3,0,0
2026-03-06_21.09.01,229,sign-optimization-horizontal-vertical_scenario,621,167,3,0,4,90,90,15,1,132659,AdultMaleAgent(Clone),7,11,1.71,1.58,0,0,False,2,0,0
2026-03-06_21.09.01,229,sign-optimization-horizontal-vertical_scenario,621,167,3,0,4,90,90,15,1,132660,AdultMaleAgent(Clone),10,12,1.71,1.58,0,0,False,3,0,0
2026-03-06_21.09.01,229,sign-optimization-horizontal-vertical_scenario,621,167,3,0,4,90,90,15,1,132661,AdultMaleAgent(Clone),7,11,1.71,1.58,0,0,False,2,0,0
2026-03-06_21.09.01,229,sign-optimization-horizontal-vertical_scenario,621,167,3,0,4,90,90,15,1,132662,AdultFemaleAgent(Clone),10,12,1.58,1.45,0,0,False,3,0,0
2026-03-06_21.09.01,229,sign-optimization-horizontal-vertical_scenario,621,167,3,0,4,90,90,15,1,132663,AdultFemaleAgent(Clone),10,12,1.58,1.45,0,0,False,3,0,0
2026-03-06_21.09.01,229,sign-optimization-horizontal-vertical_scenario,621,167,3,0,4,90,90,15,1,132664,WheelchairAgent(Clone),6,12,1.3,1.17,0,0,False,2,0,0
2026-03-06_21.09.01,229,sign-optimization-horizontal-vertical_scenario,621,167,3,0,4,90,90,15,1,132665,WheelchairAgent(Clone),10,12,1.3,1.17,0,0,False,3,0,0
2026-03-06_21.09.01,229,sign-optimization-horizontal-vertical_scenario,621,167,3,0,4,90,90,15,1,132666,WheelchairAgent(Clone),6,12,1.3,1.17,0,0,False,2,0,0
2026-03-06_21.09.01,229,sign-optimization-horizontal-vertical_scenario,621,167,3,0,4,90,90,15,1,132667,AdultFemaleAgent(Clone),11,10,1.58,1.450001,0,0,False,3,0,0
2026-03-06_21.09.01,229,sign-optimization-horizontal-vertical_scenario,621,167,3,0,4,90,90,15,1,132668,AdultMaleAgent(Clone),11,10,1.71,1.58,0,0,False,3,0,0
2026-03-06_21.09.01,229,sign-optimization-horizontal-vertical_scenario,621,167,3,0,4,90,90,15,1,132669,AdultMaleAgent(Clone),6,12,1.71,1.58,0,0,False,2,0,0
2026-03-06_21.09.01,229,sign-optimization-horizontal-vertical_scenario,621,167,3,0,4,90,90,15,1,132670,WheelchairAgent(Clone),11,10,1.3,1.17,0,0,False,3,0,0
2026-03-06_21.09.01,229,sign-optimization-horizontal-vertical_scenario,621,167,3,0,4,90,90,15,1,132671,WheelchairAgent(Clone),11,10,1.3,1.17,0,0,False,3,0,0
2026-03-06_21.09.01,229,sign-optimization-horizontal-vertical_scenario,621,167,3,0,4,90,90,15,1,132672,AdultMaleAgent(Clone),10,12,1.71,1.58,0,0,False,3,0,0
2026-03-06_21.09.01,229,sign-optimization-horizontal-vertical_scenario,621,167,3,0,4,90,90,15,1,132673,AdultMaleAgent(Clone),7,11,1.71,1.58,0,0,False,2,0,0
2026-03-06_21.09.01,229,sign-optimization-horizontal-vertical_scenario,621,167,3,0,4,90,90,15,1,132674,AdultMaleAgent(Clone),7,11,1.71,1.58,0,0,False,2,0,0
2026-03-06_21.09.01,229,sign-optimization-horizontal-vertical_scenario,621,167,3,0,4,90,90,15,1,132675,WheelchairAgent(Clone),11,10,1.3,1.17,0,0,False,3,0,0
2026-03-06_21.09.01,229,sign-optimization-horizontal-vertical_scenario,621,167,3,0,4,90,90,15,1,132676,WheelchairAgent(Clone),11,10,1.3,1.17,0,0,False,3,0,0
2026-03-06_21.09.01,229,sign-optimization-horizontal-vertical_scenario,621,167,3,0,4,90,90,15,1,132677,WheelchairAgent(Clone),5,10,1.3,1.17,0,0,False,2,0,0
2026-03-06_21.09.01,229,sign-optimization-horizontal-vertical_scenario,621,167,3,0,4,90,90,15,1,132678,AdultMaleAgent(Clone),6,12,1.71,1.58,0,0,False,2,0,0
2026-03-06_21.09.01,229,sign-optimization-horizontal-vertical_scenario,621,167,3,0,4,90,90,15,1,132679,WheelchairAgent(Clone),5,10,1.3,1.17,0,0,False,2,0,0
2026-03-06_21.09.01,229,sign-optimization-horizontal-vertical_scenario,621,167,3,0,4,90,90,15,1,132680,WheelchairAgent(Clone),5,10,1.3,1.17,0,0,False,2,0,0
2026-03-06_21.09.01,229,sign-optimization-horizontal-vertical_scenario,621,167,3,0,4,90,90,15,1,132681,AdultFemaleAgent(Clone),7,11,1.58,1.450001,0,0,False,2,0,0
2026-03-06_21.09.01,229,sign-optimization-horizontal-vertical_scenario,621,167,3,0,4,90,90,15,1,132682,AdultMaleAgent(Clone),6,12,1.71,1.58,0,0,False,2,0,0
2026-03-06_21.09.01,229,sign-optimization-horizontal-vertical_scenario,621,167,3,0,4,90,90,15,1,132683,WheelchairAgent(Clone),10,12,1.3,1.17,0,0,False,3,0,0
2026-03-06_21.09.01,229,sign-optimization-horizontal-vertical_scenario,621,167,3,0,4,90,90,15,1,132684,AdultFemaleAgent(Clone),11,10,1.58,1.450001,0,0,False,3,0,0
2026-03-06_21.09.01,229,sign-optimization-horizontal-vertical_scenario,621,167,3,0,4,90,90,15,1,132685,WheelchairAgent(Clone),10,12,1.3,1.17,0,0,False,3,0,0
2026-03-06_21.09.01,229,sign-optimization-horizontal-vertical_scenario,621,167,3,0,4,90,90,15,1,132686,AdultMaleAgent(Clone),5,10,1.71,1.58,0,0,False,2,0,0
2026-03-06_21.09.01,229,sign-optimization-horizontal-vertical_scenario,621,167,3,0,4,90,90,15,1,132687,WheelchairAgent(Clone),7,11,1.3,1.17,0,0,False,2,0,0
2026-03-06_21.09.01,229,sign-optimization-horizontal-vertical_scenario,621,167,3,0,4,90,90,15,1,132688,AdultMaleAgent(Clone),11,10,1.71,1.58,0,0,False,3,0,0
2026-03-06_21.09.01,229,sign-optimization-horizontal-vertical_scenario,621,167,3,0,4,90,90,15,1,132689,WheelchairAgent(Clone),7,11,1.3,1.17,0,0,False,2,0,0
2026-03-06_21.09.01,229,sign-optimization-horizontal-vertical_scenario,621,167,3,0,4,90,90,15,1,132690,AdultMaleAgent(Clone),5,10,1.71,1.58,0,0,False,2,0,0
2026-03-06_21.09.01,229,sign-optimization-horizontal-vertical_scenario,621,167,3,0,4,90,90,15,1,132691,AdultFemaleAgent(Clone),6,12,1.58,1.45,0,0,False,2,0,0
2026-03-06_21.09.01,229,sign-optimization-horizontal-vertical_scenario,621,167,3,0,4,90,90,15,1,132692,AdultMaleAgent(Clone),10,12,1.71,1.58,0,0,False,3,0,0
2026-03-06_21.09.01,229,sign-optimization-horizontal-vertical_scenario,621,167,3,0,4,90,90,15,1,132693,AdultMaleAgent(Clone),5,10,1.71,1.58,0,0,False,2,0,0
2026-03-06_21.09.01,229,sign-optimization-horizontal-vertical_scenario,621,167,3,0,4,90,90,15,1,132694,AdultMaleAgent(Clone),11,10,1.71,1.58,0,0,False,3,0,0
2026-03-06_21.09.01,229,sign-optimization-horizontal-vertical_scenario,621,167,3,0,4,90,90,15,1,132695,WheelchairAgent(Clone),7,11,1.3,1.17,0,0,False,2,0,0
2026-03-06_21.09.01,229,sign-optimization-horizontal-vertical_scenario,621,167,3,0,4,90,90,15,1,132696,AdultMaleAgent(Clone),6,12,1.71,1.58,0,0,False,2,0,0
2026-03-06_21.09.01,229,sign-optimization-horizontal-vertical_scenario,621,167,3,0,4,90,90,15,1,132697,WheelchairAgent(Clone),11,10,1.3,1.17,0,0,False,3,0,0
2026-03-06_21.09.01,229,sign-optimization-horizontal-vertical_scenario,621,167,3,0,4,90,90,15,1,132698,AdultMaleAgent(Clone),5,10,1.71,1.58,0,0,False,2,0,0
2026-03-06_21.09.01,229,sign-optimization-horizontal-vertical_scenario,621,167,3,0,4,90,90,15,1,132699,AdultFemaleAgent(Clone),5,10,1.58,1.45,0,0,False,2,0,0
2026-03-06_21.09.01,229,sign-optimization-horizontal-vertical_scenario,621,167,3,0,4,90,90,15,1,132700,WheelchairAgent(Clone),10,12,1.3,1.17,0,0,False,3,0,0
2026-03-06_21.09.01,229,sign-optimization-horizontal-vertical_scenario,621,167,3,0,4,90,90,15,1,132701,AdultFemaleAgent(Clone),5,10,1.58,1.45,0,0,False,2,0,0
2026-03-06_21.09.01,229,sign-optimization-horizontal-vertical_scenario,621,167,3,0,4,90,90,15,1,132702,WheelchairAgent(Clone),10,12,1.3,1.17,0,0,False,3,0,0
2026-03-06_21.09.01,229,sign-optimization-horizontal-vertical_scenario,621,167,3,0,4,90,90,15,1,132703,AdultFemaleAgent(Clone),6,12,1.58,1.45,0,0,False,2,0,0
2026-03-06_21.09.01,229,sign-optimization-horizontal-vertical_scenario,621,167,3,0,4,90,90,15,1,132704,AdultFemaleAgent(Clone),5,10,1.58,1.45,0,0,False,2,0,0
2026-03-06_21.09.01,229,sign-optimization-horizontal-vertical_scenario,621,167,3,0,4,90,90,15,1,132705,AdultMaleAgent(Clone),6,12,1.71,1.58,0,0,False,2,0,0
2026-03-06_21.09.01,229,sign-optimization-horizontal-vertical_scenario,621,167,3,0,4,90,90,15,1,132706,AdultFemaleAgent(Clone),10,12,1.58,1.45,0,0,False,3,0,0
2026-03-06_21.09.01,229,sign-optimization-horizontal-vertical_scenario,621,167,3,0,4,90,90,15,1,132707,WheelchairAgent(Clone),6,12,1.3,1.17,0,0,False,2,0,0
2026-03-06_21.09.01,229,sign-optimization-horizontal-vertical_scenario,621,167,3,0,4,90,90,15,1,132708,AdultMaleAgent(Clone),11,10,1.71,1.58,0,0,False,3,0,0
2026-03-06_21.09.01,229,sign-optimization-horizontal-vertical_scenario,621,167,3,0,4,90,90,15,1,132709,WheelchairAgent(Clone),5,10,1.3,1.17,0,0,False,2,0,0
2026-03-06_21.09.01,229,sign-optimization-horizontal-vertical_scenario,621,167,3,0,4,90,90,15,1,132710,AdultFemaleAgent(Clone),6,12,1.58,1.45,0,0,False,2,0,0
2026-03-06_21.09.01,229,sign-optimization-horizontal-vertical_scenario,621,167,3,0,4,90,90,15,1,132711,AdultMaleAgent(Clone),10,12,1.71,1.58,0,0,False,3,0,0
2026-03-06_21.09.01,229,sign-optimization-horizontal-vertical_scenario,621,167,3,0,4,90,90,15,1,132712,WheelchairAgent(Clone),5,10,1.3,1.17,0,0,False,2,0,0
2026-03-06_21.09.01,229,sign-optimization-horizontal-vertical_scenario,621,167,3,0,4,90,90,15,1,132713,AdultFemaleAgent(Clone),11,10,1.58,1.450001,0,0,False,3,0,0
2026-03-06_21.09.01,229,sign-optimization-horizontal-vertical_scenario,621,167,3,0,4,90,90,15,1,132714,AdultMaleAgent(Clone),7,11,1.71,1.58,0,0,False,2,0,0
2026-03-06_21.09.01,229,sign-optimization-horizontal-vertical_scenario,621,167,3,0,4,90,90,15,1,132715,AdultMaleAgent(Clone),6,12,1.71,1.58,0,0,False,2,0,0
2026-03-06_21.09.01,229,sign-optimization-horizontal-vertical_scenario,621,167,3,0,4,90,90,15,1,132716,AdultFemaleAgent(Clone),11,10,1.58,1.450001,0,0,False,3,0,0
2026-03-06_21.09.01,229,sign-optimization-horizontal-vertical_scenario,621,167,3,0,4,90,90,15,1,132717,AdultFemaleAgent(Clone),7,11,1.58,1.450001,0,0,False,2,0,0
2026-03-06_21.09.01,229,sign-optimization-horizontal-vertical_scenario,621,167,3,0,4,90,90,15,1,132718,AdultFemaleAgent(Clone),11,10,1.58,1.450001,0,0,False,3,0,0
2026-03-06_21.09.01,229,sign-optimization-horizontal-vertical_scenario,621,167,3,0,4,90,90,15,1,132719,WheelchairAgent(Clone),11,10,1.3,1.17,0,0,False,3,0,0
2026-03-06_21.09.01,229,sign-optimization-horizontal-vertical_scenario,621,167,3,0,4,90,90,15,1,132720,AdultFemaleAgent(Clone),11,10,1.58,1.450001,0,0,False,3,0,0
2026-03-06_21.09.01,229,sign-optimization-horizontal-vertical_scenario,621,167,3,0,4,90,90,15,1,132721,AdultMaleAgent(Clone),6,12,1.71,1.58,0,0,False,2,0,0
2026-03-06_21.09.01,229,sign-optimization-horizontal-vertical_scenario,621,167,3,0,4,90,90,15,1,132722,AdultMaleAgent(Clone),6,12,1.71,1.58,0,0,False,2,0,0
2026-03-06_21.09.01,229,sign-optimization-horizontal-vertical_scenario,621,167,3,0,4,90,90,15,1,132723,WheelchairAgent(Clone),5,10,1.3,1.17,0,0,False,2,0,0
2026-03-06_21.09.01,229,sign-optimization-horizontal-vertical_scenario,621,167,3,0,4,90,90,15,1,132724,AdultFemaleAgent(Clone),11,10,1.58,1.450001,0,0,False,3,0,0
2026-03-06_21.09.01,229,sign-optimization-horizontal-vertical_scenario,621,167,3,0,4,90,90,15,1,132725,AdultFemaleAgent(Clone),11,10,1.58,1.450001,0,0,False,3,0,0
2026-03-06_21.09.01,229,sign-optimization-horizontal-vertical_scenario,621,167,3,0,4,90,90,15,1,132726,AdultMaleAgent(Clone),5,10,1.71,1.58,0,0,False,2,0,0
2026-03-06_21.09.01,229,sign-optimization-horizontal-vertical_scenario,621,167,3,0,4,90,90,15,1,132727,AdultFemaleAgent(Clone),6,12,1.58,1.45,0,0,False,2,0,0
2026-03-06_21.09.01,229,sign-optimization-horizontal-vertical_scenario,621,167,3,0,4,90,90,15,1,132728,WheelchairAgent(Clone),10,12,1.3,1.17,0,0,False,3,0,0
2026-03-06_21.09.01,229,sign-optimization-horizontal-vertical_scenario,621,167,3,0,4,90,90,15,1,132729,WheelchairAgent(Clone),11,10,1.3,1.17,0,0,False,3,0,0
2026-03-06_21.09.01,229,sign-optimization-horizontal-vertical_scenario,621,167,3,0,4,90,90,15,1,132730,AdultMaleAgent(Clone),6,12,1.71,1.58,0,0,False,2,0,0
2026-03-06_21.09.01,229,sign-optimization-horizontal-vertical_scenario,621,167,3,0,4,90,90,15,1,132731,AdultMaleAgent(Clone),7,11,1.71,1.58,0,0,False,2,0,0
2026-03-06_21.09.01,229,sign-optimization-horizontal-vertical_scenario,621,167,3,0,4,90,90,15,1,132732,AdultFemaleAgent(Clone),11,10,1.58,1.450001,0,0,False,3,0,0
2026-03-06_21.09.01,229,sign-optimization-horizontal-vertical_scenario,621,167,3,0,4,90,90,15,1,132733,AdultMaleAgent(Clone),7,11,1.71,1.58,0,0,False,2,0,0
2026-03-06_21.09.01,229,sign-optimization-horizontal-vertical_scenario,621,167,3,0,4,90,90,15,1,132734,AdultMaleAgent(Clone),6,12,1.71,1.58,0,0,False,2,0,0
2026-03-06_21.09.01,229,sign-optimization-horizontal-vertical_scenario,621,167,3,0,4,90,90,15,1,132735,AdultFemaleAgent(Clone),7,11,1.58,1.450001,0,0,False,2,0,0
2026-03-06_21.09.01,229,sign-optimization-horizontal-vertical_scenario,621,167,3,0,4,90,90,15,1,132736,AdultMaleAgent(Clone),6,12,1.71,1.58,0,0,False,2,0,0
2026-03-06_21.09.01,229,sign-optimization-horizontal-vertical_scenario,621,167,3,0,4,90,90,15,1,132737,AdultMaleAgent(Clone),11,10,1.71,1.58,0,0,False,3,0,0
2026-03-06_21.09.01,229,sign-optimization-horizontal-vertical_scenario,621,167,3,0,4,90,90,15,1,132738,AdultFemaleAgent(Clone),7,11,1.58,1.450001,0,0,False,2,0,0
2026-03-06_21.09.01,229,sign-optimization-horizontal-vertical_scenario,621,167,3,0,4,90,90,15,1,132739,AdultFemaleAgent(Clone),11,10,1.58,1.450001,0,0,False,3,0,0
2026-03-06_21.09.01,229,sign-optimization-horizontal-vertical_scenario,621,167,3,0,4,90,90,15,1,132740,AdultFemaleAgent(Clone),11,10,1.58,1.450001,0,0,False,3,0,0
2026-03-06_21.09.01,229,sign-optimization-horizontal-vertical_scenario,621,167,3,0,4,90,90,15,1,132741,AdultMaleAgent(Clone),6,12,1.71,1.58,0,0,False,2,0,0
2026-03-06_21.09.01,229,sign-optimization-horizontal-vertical_scenario,621,167,3,0,4,90,90,15,1,132742,AdultMaleAgent(Clone),5,10,1.71,1.58,0,0,False,2,0,0
2026-03-06_21.09.01,229,sign-optimization-horizontal-vertical_scenario,621,167,3,0,4,90,90,15,1,132743,AdultMaleAgent(Clone),11,10,1.71,1.58,0,0,False,3,0,0
2026-03-06_21.09.01,229,sign-optimization-horizontal-vertical_scenario,621,167,3,0,4,90,90,15,1,132744,WheelchairAgent(Clone),7,11,1.3,1.17,0,0,False,2,0,0
2026-03-06_21.09.01,229,sign-optimization-horizontal-vertical_scenario,621,167,3,0,4,90,90,15,1,132745,WheelchairAgent(Clone),6,12,1.3,1.17,0,0,False,2,0,0
2026-03-06_21.09.01,229,sign-optimization-horizontal-vertical_scenario,621,167,3,0,4,90,90,15,1,132746,AdultMaleAgent(Clone),11,10,1.71,1.58,0,0,False,3,0,0
2026-03-06_21.09.01,229,sign-optimization-horizontal-vertical_scenario,621,167,3,0,4,90,90,15,1,132747,WheelchairAgent(Clone),5,10,1.3,1.17,0,0,False,2,0,0
2026-03-06_21.09.01,229,sign-optimization-horizontal-vertical_scenario,621,167,3,0,4,90,90,15,1,132748,AdultMaleAgent(Clone),7,11,1.71,1.58,0,0,False,2,0,0
2026-03-06_21.09.01,229,sign-optimization-horizontal-vertical_scenario,621,167,3,0,4,90,90,15,1,132749,AdultMaleAgent(Clone),11,10,1.71,1.58,0,0,False,3,0,0
2026-03-06_21.09.01,229,sign-optimization-horizontal-vertical_scenario,621,167,3,0,4,90,90,15,1,132750,WheelchairAgent(Clone),6,12,1.3,1.17,0,0,False,2,0,0
2026-03-06_21.09.01,229,sign-optimization-horizontal-vertical_scenario,621,167,3,0,4,90,90,15,1,132751,AdultFemaleAgent(Clone),6,12,1.58,1.45,0,0,False,2,0,0
2026-03-06_21.09.01,229,sign-optimization-horizontal-vertical_scenario,621,167,3,0,4,90,90,15,1,132752,WheelchairAgent(Clone),6,12,1.3,1.17,0,0,False,2,0,0
2026-03-06_21.09.01,229,sign-optimization-horizontal-vertical_scenario,621,167,3,0,4,90,90,15,1,132753,AdultFemaleAgent(Clone),5,10,1.58,1.45,0,0,False,2,0,0
2026-03-06_21.09.01,229,sign-optimization-horizontal-vertical_scenario,621,167,3,0,4,90,90,15,1,132754,WheelchairAgent(Clone),5,10,1.3,1.17,0,0,False,2,0,0
2026-03-06_21.09.01,229,sign-optimization-horizontal-vertical_scenario,621,167,3,0,4,90,90,15,1,132755,AdultFemaleAgent(Clone),10,12,1.58,1.45,0,0,False,3,0,0
2026-03-06_21.09.01,229,sign-optimization-horizontal-vertical_scenario,621,167,3,0,4,90,90,15,1,132756,AdultMaleAgent(Clone),7,11,1.71,1.58,0,0,False,2,0,0
2026-03-06_21.09.01,229,sign-optimization-horizontal-vertical_scenario,621,167,3,0,4,90,90,15,1,132757,AdultFemaleAgent(Clone),5,10,1.58,1.45,0,0,False,2,0,0
2026-03-06_21.09.01,229,sign-optimization-horizontal-vertical_scenario,621,167,3,0,4,90,90,15,1,132758,AdultFemaleAgent(Clone),7,11,1.58,1.450001,0,0,False,2,0,0
2026-03-06_21.09.01,229,sign-optimization-horizontal-vertical_scenario,621,167,3,0,4,90,90,15,1,132759,AdultFemaleAgent(Clone),5,10,1.58,1.45,0,0,False,2,0,0
2026-03-06_21.09.01,229,sign-optimization-horizontal-vertical_scenario,621,167,3,0,4,90,90,15,1,132760,AdultFemaleAgent(Clone),5,10,1.58,1.45,0,0,False,2,0,0
2026-03-06_21.09.01,229,sign-optimization-horizontal-vertical_scenario,621,167,3,0,4,90,90,15,1,132761,WheelchairAgent(Clone),11,10,1.3,1.17,0,0,False,3,0,0
2026-03-06_21.09.01,229,sign-optimization-horizontal-vertical_scenario,621,167,3,0,4,90,90,15,1,132762,AdultMaleAgent(Clone),7,11,1.71,1.58,0,0,False,2,0,0
2026-03-06_21.09.01,229,sign-optimization-horizontal-vertical_scenario,621,167,3,0,4,90,90,15,1,132763,AdultFemaleAgent(Clone),10,12,1.58,1.45,0,0,False,3,0,0
2026-03-06_21.09.01,229,sign-optimization-horizontal-vertical_scenario,621,167,3,0,4,90,90,15,1,132764,AdultMaleAgent(Clone),5,10,1.71,1.58,0,0,False,2,0,0
2026-03-06_21.09.01,229,sign-optimization-horizontal-vertical_scenario,621,167,3,0,4,90,90,15,1,132765,WheelchairAgent(Clone),11,10,1.3,1.17,0,0,False,3,0,0
