Timestamp,RunIndex,ScenarioID,TotalAgents,VisibleSignCount,SignHeight,SignPositionX,SignPositionZ,SignOrientation,VcaAngle,VcaDistance,SignComprehensionTime,AgentID,AgentType,StartNode,GoalNode,Height,EyeHeight,TimeInVCA,TimesInVCA,SawSign,TotalNodesNavigated,NodesWithDetection,RDEffective
2026-03-07_02.12.51,222,sign-optimization-horizontal-vertical_scenario,633,185,3,-7,4,0,90,15,1,128033,WheelchairAgent(Clone),11,10,1.3,1.17,4.55957,1,False,3,0,0
2026-03-07_02.12.51,222,sign-optimization-horizontal-vertical_scenario,633,185,3,-7,4,0,90,15,1,128034,WheelchairAgent(Clone),10,12,1.3,1.17,0.3583984,2,False,3,0,0
2026-03-07_02.12.51,222,sign-optimization-horizontal-vertical_scenario,633,185,3,-7,4,0,90,15,1,128035,AdultMaleAgent(Clone),10,12,1.71,1.58,0.4414063,2,False,3,0,0
2026-03-07_02.12.51,222,sign-optimization-horizontal-vertical_scenario,633,185,3,-7,4,0,90,15,1,128036,AdultMaleAgent(Clone),7,11,1.71,1.58,14.95508,1,True,2,1,0.5
2026-03-07_02.12.51,222,sign-optimization-horizontal-vertical_scenario,633,185,3,-7,4,0,90,15,1,128037,WheelchairAgent(Clone),7,11,1.3,1.17,13.77246,1,True,2,1,0.5
2026-03-07_02.12.51,222,sign-optimization-horizontal-vertical_scenario,633,185,3,-7,4,0,90,15,1,128038,WheelchairAgent(Clone),6,12,1.3,1.17,5.325195,2,False,2,0,0
2026-03-07_02.12.51,222,sign-optimization-horizontal-vertical_scenario,633,185,3,-7,4,0,90,15,1,128039,WheelchairAgent(Clone),11,10,1.3,1.17,5.135742,1,False,3,0,0
2026-03-07_02.12.51,222,sign-optimization-horizontal-vertical_scenario,633,185,3,-7,4,0,90,15,1,128040,WheelchairAgent(Clone),6,12,1.3,1.17,0.671875,2,False,2,0,0
2026-03-07_02.12.51,222,sign-optimization-horizontal-vertical_scenario,633,185,3,-7,4,0,90,15,1,128041,AdultFemaleAgent(Clone),6,12,1.58,1.45,0.1005859,1,False,2,0,0
2026-03-07_02.12.51,222,sign-optimization-horizontal-vertical_scenario,633,185,3,-7,4,0,90,15,1,128042,WheelchairAgent(Clone),10,12,1.3,1.17,0.2568359,2,False,3,0,0
2026-03-07_02.12.51,222,sign-optimization-horizontal-vertical_scenario,633,185,3,-7,4,0,90,15,1,128043,AdultMaleAgent(Clone),11,10,1.71,1.58,5.586914,1,False,3,0,0
2026-03-07_02.12.51,222,sign-optimization-horizontal-vertical_scenario,633,185,3,-7,4,0,90,15,1,128044,AdultMaleAgent(Clone),11,10,1.71,1.58,5.18457,1,False,3,0,0
2026-03-07_02.12.51,222,sign-optimization-horizontal-vertical_scenario,633,185,3,-7,4,0,90,15,1,128045,WheelchairAgent(Clone),10,12,1.3,1.17,5.574219,1,False,3,0,0
2026-03-07_02.12.51,222,sign-optimization-horizontal-vertical_scenario,633,185,3,-7,4,0,90,15,1,128046,AdultMaleAgent(Clone),11,10,1.71,1.58,3.990234,1,False,3,0,0
2026-03-07_02.12.51,222,sign-optimization-horizontal-vertical_scenario,633,185,3,-7,4,0,90,15,1,128047,AdultFemaleAgent(Clone),7,11,1.58,1.450001,11.4707,1,True,2,1,0.5
2026-03-07_02.12.51,222,sign-optimization-horizontal-vertical_scenario,633,185,3,-7,4,0,90,15,1,128048,AdultFemaleAgent(Clone),7,11,1.58,1.450001,12.88281,1,True,2,1,0.5
2026-03-07_02.12.51,222,sign-optimization-horizontal-vertical_scenario,633,185,3,-7,4,0,90,15,1,128049,WheelchairAgent(Clone),5,10,1.3,1.17,7.798828,2,True,2,1,0.5
2026-03-07_02.12.51,222,sign-optimization-horizontal-vertical_scenario,633,185,3,-7,4,0,90,15,1,128050,WheelchairAgent(Clone),6,12,1.3,1.17,3.505859,2,False,2,0,0
2026-03-07_02.12.51,222,sign-optimization-horizontal-vertical_scenario,633,185,3,-7,4,0,90,15,1,128051,WheelchairAgent(Clone),5,10,1.3,1.17,7.825195,2,True,2,1,0.5
2026-03-07_02.12.51,222,sign-optimization-horizontal-vertical_scenario,633,185,3,-7,4,0,90,15,1,128052,AdultFemaleAgent(Clone),10,12,1.58,1.45,4.99707,1,False,3,0,0
2026-03-07_02.12.51,222,sign-optimization-horizontal-vertical_scenario,633,185,3,-7,4,0,90,15,1,128053,WheelchairAgent(Clone),10,12,1.3,1.17,0.5683594,2,False,3,0,0
2026-03-07_02.12.51,222,sign-optimization-horizontal-vertical_scenario,633,185,3,-7,4,0,90,15,1,128054,WheelchairAgent(Clone),6,12,1.3,1.17,0.2529297,2,False,2,0,0
2026-03-07_02.12.51,222,sign-optimization-horizontal-vertical_scenario,633,185,3,-7,4,0,90,15,1,128055,AdultFemaleAgent(Clone),10,12,1.58,1.45,0.0859375,2,False,3,0,0
2026-03-07_02.12.51,222,sign-optimization-horizontal-vertical_scenario,633,185,3,-7,4,0,90,15,1,128056,AdultMaleAgent(Clone),10,12,1.71,1.58,5.414063,1,False,3,0,0
2026-03-07_02.12.51,222,sign-optimization-horizontal-vertical_scenario,633,185,3,-7,4,0,90,15,1,128057,WheelchairAgent(Clone),7,11,1.3,1.17,12.1748,1,True,2,1,0.5
2026-03-07_02.12.51,222,sign-optimization-horizontal-vertical_scenario,633,185,3,-7,4,0,90,15,1,128058,AdultFemaleAgent(Clone),11,10,1.58,1.450001,5.712891,1,False,3,0,0
2026-03-07_02.12.51,222,sign-optimization-horizontal-vertical_scenario,633,185,3,-7,4,0,90,15,1,128059,AdultFemaleAgent(Clone),6,12,1.58,1.45,1.00293,2,False,2,0,0
2026-03-07_02.12.51,222,sign-optimization-horizontal-vertical_scenario,633,185,3,-7,4,0,90,15,1,128060,AdultFemaleAgent(Clone),11,10,1.58,1.450001,6.084961,1,False,3,0,0
2026-03-07_02.12.51,222,sign-optimization-horizontal-vertical_scenario,633,185,3,-7,4,0,90,15,1,128061,WheelchairAgent(Clone),5,10,1.3,1.17,6.451172,2,True,2,1,0.5
2026-03-07_02.12.51,222,sign-optimization-horizontal-vertical_scenario,633,185,3,-7,4,0,90,15,1,128062,WheelchairAgent(Clone),5,10,1.3,1.17,7.810547,2,True,2,1,0.5
2026-03-07_02.12.51,222,sign-optimization-horizontal-vertical_scenario,633,185,3,-7,4,0,90,15,1,128063,AdultFemaleAgent(Clone),6,12,1.58,1.45,0.2392578,1,False,2,0,0
2026-03-07_02.12.51,222,sign-optimization-horizontal-vertical_scenario,633,185,3,-7,4,0,90,15,1,128064,AdultFemaleAgent(Clone),10,12,1.58,1.45,0.5136719,2,False,3,0,0
2026-03-07_02.12.51,222,sign-optimization-horizontal-vertical_scenario,633,185,3,-7,4,0,90,15,1,128065,WheelchairAgent(Clone),6,12,1.3,1.17,2.380859,2,False,2,0,0
2026-03-07_02.12.51,222,sign-optimization-horizontal-vertical_scenario,633,185,3,-7,4,0,90,15,1,128066,AdultMaleAgent(Clone),11,10,1.71,1.58,4.381836,1,False,3,0,0
2026-03-07_02.12.51,222,sign-optimization-horizontal-vertical_scenario,633,185,3,-7,4,0,90,15,1,128067,AdultMaleAgent(Clone),6,12,1.71,1.58,2.732422,2,False,2,0,0
2026-03-07_02.12.51,222,sign-optimization-horizontal-vertical_scenario,633,185,3,-7,4,0,90,15,1,128068,AdultFemaleAgent(Clone),6,12,1.58,1.45,1.563477,2,False,2,0,0
2026-03-07_02.12.51,222,sign-optimization-horizontal-vertical_scenario,633,185,3,-7,4,0,90,15,1,128069,AdultFemaleAgent(Clone),7,11,1.58,1.450001,13.12695,1,True,2,1,0.5
2026-03-07_02.12.51,222,sign-optimization-horizontal-vertical_scenario,633,185,3,-7,4,0,90,15,1,128070,AdultFemaleAgent(Clone),5,10,1.58,1.45,7.172852,2,True,2,1,0.5
2026-03-07_02.12.51,222,sign-optimization-horizontal-vertical_scenario,633,185,3,-7,4,0,90,15,1,128071,AdultMaleAgent(Clone),6,12,1.71,1.58,3.255859,2,False,2,0,0
2026-03-07_02.12.51,222,sign-optimization-horizontal-vertical_scenario,633,185,3,-7,4,0,90,15,1,128072,AdultMaleAgent(Clone),7,11,1.71,1.58,13.07422,1,True,2,1,0.5
2026-03-07_02.12.51,222,sign-optimization-horizontal-vertical_scenario,633,185,3,-7,4,0,90,15,1,128073,WheelchairAgent(Clone),11,10,1.3,1.17,4.919922,1,False,3,0,0
2026-03-07_02.12.51,222,sign-optimization-horizontal-vertical_scenario,633,185,3,-7,4,0,90,15,1,128074,WheelchairAgent(Clone),5,10,1.3,1.17,7.737305,2,True,2,1,0.5
2026-03-07_02.12.51,222,sign-optimization-horizontal-vertical_scenario,633,185,3,-7,4,0,90,15,1,128075,WheelchairAgent(Clone),10,12,1.3,1.17,5.714844,1,False,3,0,0
2026-03-07_02.12.51,222,sign-optimization-horizontal-vertical_scenario,633,185,3,-7,4,0,90,15,1,128076,WheelchairAgent(Clone),7,11,1.3,1.17,10.40234,1,False,2,0,0
2026-03-07_02.12.51,222,sign-optimization-horizontal-vertical_scenario,633,185,3,-7,4,0,90,15,1,128077,AdultFemaleAgent(Clone),7,11,1.58,1.450001,13.15039,1,True,2,1,0.5
2026-03-07_02.12.51,222,sign-optimization-horizontal-vertical_scenario,633,185,3,-7,4,0,90,15,1,128078,AdultMaleAgent(Clone),10,12,1.71,1.58,1.009766,2,False,3,0,0
2026-03-07_02.12.51,222,sign-optimization-horizontal-vertical_scenario,633,185,3,-7,4,0,90,15,1,128079,WheelchairAgent(Clone),10,12,1.3,1.17,5.979492,1,False,3,0,0
2026-03-07_02.12.51,222,sign-optimization-horizontal-vertical_scenario,633,185,3,-7,4,0,90,15,1,128080,AdultFemaleAgent(Clone),10,12,1.58,1.45,0.04785156,2,False,3,0,0
2026-03-07_02.12.51,222,sign-optimization-horizontal-vertical_scenario,633,185,3,-7,4,0,90,15,1,128081,WheelchairAgent(Clone),7,11,1.3,1.17,15.26074,1,True,2,1,0.5
2026-03-07_02.12.51,222,sign-optimization-horizontal-vertical_scenario,633,185,3,-7,4,0,90,15,1,128082,AdultFemaleAgent(Clone),10,12,1.58,1.45,5.501953,1,False,3,0,0
2026-03-07_02.12.51,222,sign-optimization-horizontal-vertical_scenario,633,185,3,-7,4,0,90,15,1,128083,AdultFemaleAgent(Clone),11,10,1.58,1.450001,9.041016,1,False,3,0,0
2026-03-07_02.12.51,222,sign-optimization-horizontal-vertical_scenario,633,185,3,-7,4,0,90,15,1,128084,WheelchairAgent(Clone),11,10,1.3,1.17,4.730469,1,False,3,0,0
2026-03-07_02.12.51,222,sign-optimization-horizontal-vertical_scenario,633,185,3,-7,4,0,90,15,1,128085,WheelchairAgent(Clone),7,11,1.3,1.17,13.24707,1,True,2,1,0.5
2026-03-07_02.12.51,222,sign-optimization-horizontal-vertical_scenario,633,185,3,-7,4,0,90,15,1,128086,AdultMaleAgent(Clone),11,10,1.71,1.58,7.99707,1,False,3,0,0
2026-03-07_02.12.51,222,sign-optimization-horizontal-vertical_scenario,633,185,3,-7,4,0,90,15,1,128087,WheelchairAgent(Clone),5,10,1.3,1.17,7.734375,2,True,2,1,0.5
2026-03-07_02.12.51,222,sign-optimization-horizontal-vertical_scenario,633,185,3,-7,4,0,90,15,1,128088,WheelchairAgent(Clone),7,11,1.3,1.17,12.58301,1,True,2,1,0.5
2026-03-07_02.12.51,222,sign-optimization-horizontal-vertical_scenario,633,185,3,-7,4,0,90,15,1,128089,AdultMaleAgent(Clone),10,12,1.71,1.58,5.49707,1,False,3,0,0
2026-03-07_02.12.51,222,sign-optimization-horizontal-vertical_scenario,633,185,3,-7,4,0,90,15,1,128090,AdultFemaleAgent(Clone),5,10,1.58,1.45,8.40918,2,True,2,1,0.5
2026-03-07_02.12.51,222,sign-optimization-horizontal-vertical_scenario,633,185,3,-7,4,0,90,15,1,128091,AdultFemaleAgent(Clone),7,11,1.58,1.450001,13.30176,1,True,2,1,0.5
2026-03-07_02.12.51,222,sign-optimization-horizontal-vertical_scenario,633,185,3,-7,4,0,90,15,1,128092,AdultMaleAgent(Clone),6,12,1.71,1.58,1.374023,2,False,2,0,0
2026-03-07_02.12.51,222,sign-optimization-horizontal-vertical_scenario,633,185,3,-7,4,0,90,15,1,128093,AdultMaleAgent(Clone),11,10,1.71,1.58,3.102539,1,False,3,0,0
2026-03-07_02.12.51,222,sign-optimization-horizontal-vertical_scenario,633,185,3,-7,4,0,90,15,1,128094,WheelchairAgent(Clone),10,12,1.3,1.17,5.604492,1,False,3,0,0
2026-03-07_02.12.51,222,sign-optimization-horizontal-vertical_scenario,633,185,3,-7,4,0,90,15,1,128095,AdultFemaleAgent(Clone),6,12,1.58,1.45,4.068359,1,False,2,0,0
2026-03-07_02.12.51,222,sign-optimization-horizontal-vertical_scenario,633,185,3,-7,4,0,90,15,1,128096,AdultMaleAgent(Clone),5,10,1.71,1.58,7.213867,2,True,2,1,0.5
2026-03-07_02.12.51,222,sign-optimization-horizontal-vertical_scenario,633,185,3,-7,4,0,90,15,1,128097,AdultFemaleAgent(Clone),6,12,1.58,1.45,1.722656,1,False,2,0,0
2026-03-07_02.12.51,222,sign-optimization-horizontal-vertical_scenario,633,185,3,-7,4,0,90,15,1,128098,WheelchairAgent(Clone),6,12,1.3,1.17,0.7099609,1,False,2,0,0
2026-03-07_02.12.51,222,sign-optimization-horizontal-vertical_scenario,633,185,3,-7,4,0,90,15,1,128099,AdultFemaleAgent(Clone),5,10,1.58,1.45,7.40332,2,True,2,1,0.5
2026-03-07_02.12.51,222,sign-optimization-horizontal-vertical_scenario,633,185,3,-7,4,0,90,15,1,128100,WheelchairAgent(Clone),5,10,1.3,1.17,8.136719,2,False,2,1,0.5
2026-03-07_02.12.51,222,sign-optimization-horizontal-vertical_scenario,633,185,3,-7,4,0,90,15,1,128101,WheelchairAgent(Clone),7,11,1.3,1.17,12.18164,1,True,2,1,0.5
2026-03-07_02.12.51,222,sign-optimization-horizontal-vertical_scenario,633,185,3,-7,4,0,90,15,1,128102,AdultMaleAgent(Clone),6,12,1.71,1.58,4.43457,2,False,2,0,0
2026-03-07_02.12.51,222,sign-optimization-horizontal-vertical_scenario,633,185,3,-7,4,0,90,15,1,128103,AdultMaleAgent(Clone),10,12,1.71,1.58,0.5566406,2,False,3,0,0
2026-03-07_02.12.51,222,sign-optimization-horizontal-vertical_scenario,633,185,3,-7,4,0,90,15,1,128104,AdultMaleAgent(Clone),7,11,1.71,1.58,13.82227,1,True,2,1,0.5
2026-03-07_02.12.51,222,sign-optimization-horizontal-vertical_scenario,633,185,3,-7,4,0,90,15,1,128105,WheelchairAgent(Clone),10,12,1.3,1.17,6.25293,1,False,3,0,0
2026-03-07_02.12.51,222,sign-optimization-horizontal-vertical_scenario,633,185,3,-7,4,0,90,15,1,128106,AdultFemaleAgent(Clone),6,12,1.58,1.45,2.641602,2,False,2,0,0
2026-03-07_02.12.51,222,sign-optimization-horizontal-vertical_scenario,633,185,3,-7,4,0,90,15,1,128107,WheelchairAgent(Clone),10,12,1.3,1.17,5.182617,1,False,3,0,0
2026-03-07_02.12.51,222,sign-optimization-horizontal-vertical_scenario,633,185,3,-7,4,0,90,15,1,128108,WheelchairAgent(Clone),6,12,1.3,1.17,5.188477,2,False,2,0,0
2026-03-07_02.12.51,222,sign-optimization-horizontal-vertical_scenario,633,185,3,-7,4,0,90,15,1,128109,AdultFemaleAgent(Clone),7,11,1.58,1.450001,13.90137,1,True,2,1,0.5
2026-03-07_02.12.51,222,sign-optimization-horizontal-vertical_scenario,633,185,3,-7,4,0,90,15,1,128110,AdultMaleAgent(Clone),11,10,1.71,1.58,4.959961,1,False,3,0,0
2026-03-07_02.12.51,222,sign-optimization-horizontal-vertical_scenario,633,185,3,-7,4,0,90,15,1,128111,AdultMaleAgent(Clone),5,10,1.71,1.58,7.416992,2,True,2,1,0.5
2026-03-07_02.12.51,222,sign-optimization-horizontal-vertical_scenario,633,185,3,-7,4,0,90,15,1,128112,AdultFemaleAgent(Clone),5,10,1.58,1.45,6.606445,2,True,2,1,0.5
2026-03-07_02.12.51,222,sign-optimization-horizontal-vertical_scenario,633,185,3,-7,4,0,90,15,1,128113,AdultMaleAgent(Clone),7,11,1.71,1.58,13.0293,1,True,2,1,0.5
2026-03-07_02.12.51,222,sign-optimization-horizontal-vertical_scenario,633,185,3,-7,4,0,90,15,1,128114,AdultMaleAgent(Clone),6,12,1.71,1.58,4.28125,2,False,2,0,0
2026-03-07_02.12.51,222,sign-optimization-horizontal-vertical_scenario,633,185,3,-7,4,0,90,15,1,128115,AdultMaleAgent(Clone),7,11,1.71,1.58,13.47949,1,True,2,1,0.5
2026-03-07_02.12.51,222,sign-optimization-horizontal-vertical_scenario,633,185,3,-7,4,0,90,15,1,128116,WheelchairAgent(Clone),5,10,1.3,1.17,7.161133,2,True,2,1,0.5
2026-03-07_02.12.51,222,sign-optimization-horizontal-vertical_scenario,633,185,3,-7,4,0,90,15,1,128117,AdultFemaleAgent(Clone),10,12,1.58,1.45,5.321289,1,False,3,0,0
2026-03-07_02.12.51,222,sign-optimization-horizontal-vertical_scenario,633,185,3,-7,4,0,90,15,1,128118,WheelchairAgent(Clone),5,10,1.3,1.17,8.678711,2,True,2,1,0.5
2026-03-07_02.12.51,222,sign-optimization-horizontal-vertical_scenario,633,185,3,-7,4,0,90,15,1,128119,WheelchairAgent(Clone),6,12,1.3,1.17,2.601563,2,False,2,0,0
2026-03-07_02.12.51,222,sign-optimization-horizontal-vertical_scenario,633,185,3,-7,4,0,90,15,1,128120,AdultFemaleAgent(Clone),5,10,1.58,1.45,7.34082,2,True,2,1,0.5
2026-03-07_02.12.51,222,sign-optimization-horizontal-vertical_scenario,633,185,3,-7,4,0,90,15,1,128121,AdultMaleAgent(Clone),7,11,1.71,1.58,13.83203,1,True,2,1,0.5
2026-03-07_02.12.51,222,sign-optimization-horizontal-vertical_scenario,633,185,3,-7,4,0,90,15,1,128122,WheelchairAgent(Clone),5,10,1.3,1.17,7.292969,2,True,2,1,0.5
2026-03-07_02.12.51,222,sign-optimization-horizontal-vertical_scenario,633,185,3,-7,4,0,90,15,1,128123,AdultMaleAgent(Clone),6,12,1.71,1.58,0.2451172,1,False,2,0,0
2026-03-07_02.12.51,222,sign-optimization-horizontal-vertical_scenario,633,185,3,-7,4,0,90,15,1,128124,AdultFemaleAgent(Clone),11,10,1.58,1.450001,4.048828,1,False,3,0,0
2026-03-07_02.12.51,222,sign-optimization-horizontal-vertical_scenario,633,185,3,-7,4,0,90,15,1,128125,AdultMaleAgent(Clone),11,10,1.71,1.58,3.948242,1,False,3,0,0
2026-03-07_02.12.51,222,sign-optimization-horizontal-vertical_scenario,633,185,3,-7,4,0,90,15,1,128126,AdultFemaleAgent(Clone),10,12,1.58,1.45,6.899414,1,False,3,0,0
2026-03-07_02.12.51,222,sign-optimization-horizontal-vertical_scenario,633,185,3,-7,4,0,90,15,1,128127,AdultMaleAgent(Clone),5,10,1.71,1.58,7.326172,2,True,2,1,0.5
2026-03-07_02.12.51,222,sign-optimization-horizontal-vertical_scenario,633,185,3,-7,4,0,90,15,1,128128,WheelchairAgent(Clone),7,11,1.3,1.17,12.31152,1,False,2,1,0.5
2026-03-07_02.12.51,222,sign-optimization-horizontal-vertical_scenario,633,185,3,-7,4,0,90,15,1,128129,AdultMaleAgent(Clone),6,12,1.71,1.58,5.485352,2,False,2,0,0
2026-03-07_02.12.51,222,sign-optimization-horizontal-vertical_scenario,633,185,3,-7,4,0,90,15,1,128130,WheelchairAgent(Clone),11,10,1.3,1.17,5.290039,1,False,3,0,0
2026-03-07_02.12.51,222,sign-optimization-horizontal-vertical_scenario,633,185,3,-7,4,0,90,15,1,128131,AdultMaleAgent(Clone),6,12,1.71,1.58,0.8554688,2,False,2,0,0
2026-03-07_02.12.51,222,sign-optimization-horizontal-vertical_scenario,633,185,3,-7,4,0,90,15,1,128132,AdultMaleAgent(Clone),10,12,1.71,1.58,5.251953,1,False,3,0,0
2026-03-07_02.12.51,222,sign-optimization-horizontal-vertical_scenario,633,185,3,-7,4,0,90,15,1,128133,AdultFemaleAgent(Clone),11,10,1.58,1.450001,5.448242,1,False,3,0,0
2026-03-07_02.12.51,222,sign-optimization-horizontal-vertical_scenario,633,185,3,-7,4,0,90,15,1,128134,AdultFemaleAgent(Clone),10,12,1.58,1.45,0.4111328,2,False,3,0,0
2026-03-07_02.12.51,222,sign-optimization-horizontal-vertical_scenario,633,185,3,-7,4,0,90,15,1,128135,AdultFemaleAgent(Clone),6,12,1.58,1.45,1.762695,1,False,2,0,0
2026-03-07_02.12.51,222,sign-optimization-horizontal-vertical_scenario,633,185,3,-7,4,0,90,15,1,128136,WheelchairAgent(Clone),7,11,1.3,1.17,13.60254,1,False,2,0,0
2026-03-07_02.12.51,222,sign-optimization-horizontal-vertical_scenario,633,185,3,-7,4,0,90,15,1,128137,WheelchairAgent(Clone),11,10,1.3,1.17,3.335938,1,False,3,0,0
2026-03-07_02.12.51,222,sign-optimization-horizontal-vertical_scenario,633,185,3,-7,4,0,90,15,1,128138,AdultFemaleAgent(Clone),11,10,1.58,1.450001,4.62793,1,False,3,0,0
2026-03-07_02.12.51,222,sign-optimization-horizontal-vertical_scenario,633,185,3,-7,4,0,90,15,1,128139,WheelchairAgent(Clone),7,11,1.3,1.17,13.26855,1,False,2,1,0.5
2026-03-07_02.12.51,222,sign-optimization-horizontal-vertical_scenario,633,185,3,-7,4,0,90,15,1,128140,WheelchairAgent(Clone),6,12,1.3,1.17,1.616211,2,False,2,0,0
2026-03-07_02.12.51,222,sign-optimization-horizontal-vertical_scenario,633,185,3,-7,4,0,90,15,1,128141,WheelchairAgent(Clone),10,12,1.3,1.17,5.152344,1,False,3,0,0
2026-03-07_02.12.51,222,sign-optimization-horizontal-vertical_scenario,633,185,3,-7,4,0,90,15,1,128142,AdultFemaleAgent(Clone),11,10,1.58,1.450001,5.194336,1,False,3,0,0
2026-03-07_02.12.51,222,sign-optimization-horizontal-vertical_scenario,633,185,3,-7,4,0,90,15,1,128143,WheelchairAgent(Clone),11,10,1.3,1.17,6.71582,1,False,3,0,0
2026-03-07_02.12.51,222,sign-optimization-horizontal-vertical_scenario,633,185,3,-7,4,0,90,15,1,128144,WheelchairAgent(Clone),5,10,1.3,1.17,8.461914,2,True,2,1,0.5
2026-03-07_02.12.51,222,sign-optimization-horizontal-vertical_scenario,633,185,3,-7,4,0,90,15,1,128145,AdultFemaleAgent(Clone),6,12,1.58,1.45,4.361328,2,False,2,0,0
2026-03-07_02.12.51,222,sign-optimization-horizontal-vertical_scenario,633,185,3,-7,4,0,90,15,1,128146,WheelchairAgent(Clone),7,11,1.3,1.17,12.23047,1,True,2,1,0.5
2026-03-07_02.12.51,222,sign-optimization-horizontal-vertical_scenario,633,185,3,-7,4,0,90,15,1,128147,AdultMaleAgent(Clone),6,12,1.71,1.58,1.641602,1,False,2,0,0
2026-03-07_02.12.51,222,sign-optimization-horizontal-vertical_scenario,633,185,3,-7,4,0,90,15,1,128148,WheelchairAgent(Clone),7,11,1.3,1.17,15.7998,1,True,2,1,0.5
2026-03-07_02.12.51,222,sign-optimization-horizontal-vertical_scenario,633,185,3,-7,4,0,90,15,1,128149,AdultFemaleAgent(Clone),11,10,1.58,1.450001,5.029297,1,False,3,0,0
2026-03-07_02.12.51,222,sign-optimization-horizontal-vertical_scenario,633,185,3,-7,4,0,90,15,1,128150,AdultMaleAgent(Clone),7,11,1.71,1.58,12.62402,1,True,2,1,0.5
2026-03-07_02.12.51,222,sign-optimization-horizontal-vertical_scenario,633,185,3,-7,4,0,90,15,1,128151,AdultMaleAgent(Clone),6,12,1.71,1.58,2.541016,2,False,2,0,0
2026-03-07_02.12.51,222,sign-optimization-horizontal-vertical_scenario,633,185,3,-7,4,0,90,15,1,128152,WheelchairAgent(Clone),10,12,1.3,1.17,5.056641,1,False,3,0,0
2026-03-07_02.12.51,222,sign-optimization-horizontal-vertical_scenario,633,185,3,-7,4,0,90,15,1,128153,AdultFemaleAgent(Clone),11,10,1.58,1.450001,4.724609,1,False,3,0,0
2026-03-07_02.12.51,222,sign-optimization-horizontal-vertical_scenario,633,185,3,-7,4,0,90,15,1,128154,AdultMaleAgent(Clone),10,12,1.71,1.58,7.43457,1,False,3,0,0
2026-03-07_02.12.51,222,sign-optimization-horizontal-vertical_scenario,633,185,3,-7,4,0,90,15,1,128155,WheelchairAgent(Clone),7,11,1.3,1.17,10.19824,1,False,2,1,0.5
2026-03-07_02.12.51,222,sign-optimization-horizontal-vertical_scenario,633,185,3,-7,4,0,90,15,1,128156,AdultMaleAgent(Clone),6,12,1.71,1.58,1.660156,2,False,2,0,0
2026-03-07_02.12.51,222,sign-optimization-horizontal-vertical_scenario,633,185,3,-7,4,0,90,15,1,128157,WheelchairAgent(Clone),7,11,1.3,1.17,11.09961,1,True,2,1,0.5
2026-03-07_02.12.51,222,sign-optimization-horizontal-vertical_scenario,633,185,3,-7,4,0,90,15,1,128158,WheelchairAgent(Clone),5,10,1.3,1.17,8.423828,2,True,2,1,0.5
2026-03-07_02.12.51,222,sign-optimization-horizontal-vertical_scenario,633,185,3,-7,4,0,90,15,1,128159,AdultFemaleAgent(Clone),11,10,1.58,1.450001,4.955078,1,False,3,0,0
2026-03-07_02.12.51,222,sign-optimization-horizontal-vertical_scenario,633,185,3,-7,4,0,90,15,1,128160,AdultMaleAgent(Clone),5,10,1.71,1.58,8.043945,2,True,2,1,0.5
2026-03-07_02.12.51,222,sign-optimization-horizontal-vertical_scenario,633,185,3,-7,4,0,90,15,1,128161,AdultMaleAgent(Clone),10,12,1.71,1.58,4.793945,1,False,3,0,0
2026-03-07_02.12.51,222,sign-optimization-horizontal-vertical_scenario,633,185,3,-7,4,0,90,15,1,128162,WheelchairAgent(Clone),7,11,1.3,1.17,13.1377,1,True,2,1,0.5
2026-03-07_02.12.51,222,sign-optimization-horizontal-vertical_scenario,633,185,3,-7,4,0,90,15,1,128163,WheelchairAgent(Clone),6,12,1.3,1.17,3.37207,1,False,2,0,0
2026-03-07_02.12.51,222,sign-optimization-horizontal-vertical_scenario,633,185,3,-7,4,0,90,15,1,128164,AdultMaleAgent(Clone),7,11,1.71,1.58,14.25488,1,True,2,1,0.5
2026-03-07_02.12.51,222,sign-optimization-horizontal-vertical_scenario,633,185,3,-7,4,0,90,15,1,128165,WheelchairAgent(Clone),7,11,1.3,1.17,13.15918,1,True,2,1,0.5
2026-03-07_02.12.51,222,sign-optimization-horizontal-vertical_scenario,633,185,3,-7,4,0,90,15,1,128166,AdultFemaleAgent(Clone),5,10,1.58,1.45,7.194336,2,True,2,1,0.5
2026-03-07_02.12.51,222,sign-optimization-horizontal-vertical_scenario,633,185,3,-7,4,0,90,15,1,128167,AdultFemaleAgent(Clone),11,10,1.58,1.450001,2.856445,1,False,3,0,0
2026-03-07_02.12.51,222,sign-optimization-horizontal-vertical_scenario,633,185,3,-7,4,0,90,15,1,128168,AdultMaleAgent(Clone),5,10,1.71,1.58,8.111328,2,True,2,1,0.5
2026-03-07_02.12.51,222,sign-optimization-horizontal-vertical_scenario,633,185,3,-7,4,0,90,15,1,128169,WheelchairAgent(Clone),11,10,1.3,1.17,5.25,1,False,3,0,0
2026-03-07_02.12.51,222,sign-optimization-horizontal-vertical_scenario,633,185,3,-7,4,0,90,15,1,128170,AdultFemaleAgent(Clone),11,10,1.58,1.450001,4.710938,1,False,3,0,0
2026-03-07_02.12.51,222,sign-optimization-horizontal-vertical_scenario,633,185,3,-7,4,0,90,15,1,128171,AdultMaleAgent(Clone),11,10,1.71,1.58,3.34375,1,False,3,0,0
2026-03-07_02.12.51,222,sign-optimization-horizontal-vertical_scenario,633,185,3,-7,4,0,90,15,1,128172,WheelchairAgent(Clone),10,12,1.3,1.17,0.08398438,2,False,3,0,0
2026-03-07_02.12.51,222,sign-optimization-horizontal-vertical_scenario,633,185,3,-7,4,0,90,15,1,128173,AdultMaleAgent(Clone),6,12,1.71,1.58,4.073242,2,False,2,0,0
2026-03-07_02.12.51,222,sign-optimization-horizontal-vertical_scenario,633,185,3,-7,4,0,90,15,1,128174,AdultMaleAgent(Clone),10,12,1.71,1.58,0.4775391,2,False,3,0,0
2026-03-07_02.12.51,222,sign-optimization-horizontal-vertical_scenario,633,185,3,-7,4,0,90,15,1,128175,AdultMaleAgent(Clone),7,11,1.71,1.58,10.7793,1,False,2,1,0.5
2026-03-07_02.12.51,222,sign-optimization-horizontal-vertical_scenario,633,185,3,-7,4,0,90,15,1,128176,AdultFemaleAgent(Clone),7,11,1.58,1.450001,16.33984,1,True,2,1,0.5
2026-03-07_02.12.51,222,sign-optimization-horizontal-vertical_scenario,633,185,3,-7,4,0,90,15,1,128177,AdultFemaleAgent(Clone),11,10,1.58,1.450001,0,0,False,3,0,0
2026-03-07_02.12.51,222,sign-optimization-horizontal-vertical_scenario,633,185,3,-7,4,0,90,15,1,128178,WheelchairAgent(Clone),11,10,1.3,1.17,0,0,False,3,0,0
2026-03-07_02.12.51,222,sign-optimization-horizontal-vertical_scenario,633,185,3,-7,4,0,90,15,1,128179,AdultFemaleAgent(Clone),7,11,1.58,1.450001,11.8252,1,True,2,1,0.5
2026-03-07_02.12.51,222,sign-optimization-horizontal-vertical_scenario,633,185,3,-7,4,0,90,15,1,128180,AdultMaleAgent(Clone),5,10,1.71,1.58,8.694336,2,True,2,1,0.5
2026-03-07_02.12.51,222,sign-optimization-horizontal-vertical_scenario,633,185,3,-7,4,0,90,15,1,128181,WheelchairAgent(Clone),7,11,1.3,1.17,11.76172,1,True,2,1,0.5
2026-03-07_02.12.51,222,sign-optimization-horizontal-vertical_scenario,633,185,3,-7,4,0,90,15,1,128182,WheelchairAgent(Clone),6,12,1.3,1.17,1.618164,1,False,2,0,0
2026-03-07_02.12.51,222,sign-optimization-horizontal-vertical_scenario,633,185,3,-7,4,0,90,15,1,128183,WheelchairAgent(Clone),10,12,1.3,1.17,4.358398,1,False,3,0,0
2026-03-07_02.12.51,222,sign-optimization-horizontal-vertical_scenario,633,185,3,-7,4,0,90,15,1,128184,AdultMaleAgent(Clone),5,10,1.71,1.58,7.102539,2,True,2,1,0.5
2026-03-07_02.12.51,222,sign-optimization-horizontal-vertical_scenario,633,185,3,-7,4,0,90,15,1,128185,AdultMaleAgent(Clone),6,12,1.71,1.58,1.527344,2,False,2,0,0
2026-03-07_02.12.51,222,sign-optimization-horizontal-vertical_scenario,633,185,3,-7,4,0,90,15,1,128186,WheelchairAgent(Clone),11,10,1.3,1.17,2.791016,1,False,3,0,0
2026-03-07_02.12.51,222,sign-optimization-horizontal-vertical_scenario,633,185,3,-7,4,0,90,15,1,128187,AdultMaleAgent(Clone),10,12,1.71,1.58,0.125,2,False,3,0,0
2026-03-07_02.12.51,222,sign-optimization-horizontal-vertical_scenario,633,185,3,-7,4,0,90,15,1,128188,AdultFemaleAgent(Clone),6,12,1.58,1.45,3.522461,2,False,2,0,0
2026-03-07_02.12.51,222,sign-optimization-horizontal-vertical_scenario,633,185,3,-7,4,0,90,15,1,128189,AdultFemaleAgent(Clone),10,12,1.58,1.45,6.761719,1,False,3,0,0
2026-03-07_02.12.51,222,sign-optimization-horizontal-vertical_scenario,633,185,3,-7,4,0,90,15,1,128190,WheelchairAgent(Clone),10,12,1.3,1.17,5.167969,1,False,3,0,0
2026-03-07_02.12.51,222,sign-optimization-horizontal-vertical_scenario,633,185,3,-7,4,0,90,15,1,128191,AdultFemaleAgent(Clone),5,10,1.58,1.45,8.020508,2,True,2,1,0.5
2026-03-07_02.12.51,222,sign-optimization-horizontal-vertical_scenario,633,185,3,-7,4,0,90,15,1,128192,AdultFemaleAgent(Clone),6,12,1.58,1.45,0.1308594,1,False,2,0,0
2026-03-07_02.12.51,222,sign-optimization-horizontal-vertical_scenario,633,185,3,-7,4,0,90,15,1,128193,WheelchairAgent(Clone),5,10,1.3,1.17,7.517578,2,True,2,1,0.5
2026-03-07_02.12.51,222,sign-optimization-horizontal-vertical_scenario,633,185,3,-7,4,0,90,15,1,128194,WheelchairAgent(Clone),10,12,1.3,1.17,5.541992,1,False,3,0,0
2026-03-07_02.12.51,222,sign-optimization-horizontal-vertical_scenario,633,185,3,-7,4,0,90,15,1,128195,WheelchairAgent(Clone),6,12,1.3,1.17,1.666992,1,False,2,0,0
2026-03-07_02.12.51,222,sign-optimization-horizontal-vertical_scenario,633,185,3,-7,4,0,90,15,1,128196,WheelchairAgent(Clone),7,11,1.3,1.17,12.12109,1,False,2,0,0
2026-03-07_02.12.51,222,sign-optimization-horizontal-vertical_scenario,633,185,3,-7,4,0,90,15,1,128197,AdultMaleAgent(Clone),10,12,1.71,1.58,6.833008,1,False,3,0,0
2026-03-07_02.12.51,222,sign-optimization-horizontal-vertical_scenario,633,185,3,-7,4,0,90,15,1,128198,WheelchairAgent(Clone),6,12,1.3,1.17,2.001953,2,False,2,0,0
2026-03-07_02.12.51,222,sign-optimization-horizontal-vertical_scenario,633,185,3,-7,4,0,90,15,1,128199,WheelchairAgent(Clone),10,12,1.3,1.17,5.866211,1,False,3,0,0
2026-03-07_02.12.51,222,sign-optimization-horizontal-vertical_scenario,633,185,3,-7,4,0,90,15,1,128200,AdultFemaleAgent(Clone),11,10,1.58,1.450001,3.728516,1,False,3,0,0
2026-03-07_02.12.51,222,sign-optimization-horizontal-vertical_scenario,633,185,3,-7,4,0,90,15,1,128201,WheelchairAgent(Clone),6,12,1.3,1.17,1.192383,2,False,2,0,0
2026-03-07_02.12.51,222,sign-optimization-horizontal-vertical_scenario,633,185,3,-7,4,0,90,15,1,128202,AdultFemaleAgent(Clone),5,10,1.58,1.45,7.834961,2,True,2,1,0.5
2026-03-07_02.12.51,222,sign-optimization-horizontal-vertical_scenario,633,185,3,-7,4,0,90,15,1,128203,WheelchairAgent(Clone),11,10,1.3,1.17,4.962891,1,False,3,0,0
2026-03-07_02.12.51,222,sign-optimization-horizontal-vertical_scenario,633,185,3,-7,4,0,90,15,1,128204,AdultFemaleAgent(Clone),11,10,1.58,1.450001,4.347656,1,False,3,0,0
2026-03-07_02.12.51,222,sign-optimization-horizontal-vertical_scenario,633,185,3,-7,4,0,90,15,1,128205,AdultMaleAgent(Clone),5,10,1.71,1.58,8.493164,2,True,2,1,0.5
2026-03-07_02.12.51,222,sign-optimization-horizontal-vertical_scenario,633,185,3,-7,4,0,90,15,1,128206,AdultFemaleAgent(Clone),11,10,1.58,1.450001,4.337891,1,False,3,0,0
2026-03-07_02.12.51,222,sign-optimization-horizontal-vertical_scenario,633,185,3,-7,4,0,90,15,1,128207,AdultFemaleAgent(Clone),6,12,1.58,1.45,1.78125,2,False,2,0,0
2026-03-07_02.12.51,222,sign-optimization-horizontal-vertical_scenario,633,185,3,-7,4,0,90,15,1,128208,WheelchairAgent(Clone),5,10,1.3,1.17,7.341797,2,True,2,1,0.5
2026-03-07_02.12.51,222,sign-optimization-horizontal-vertical_scenario,633,185,3,-7,4,0,90,15,1,128209,WheelchairAgent(Clone),11,10,1.3,1.17,0,0,False,3,0,0
2026-03-07_02.12.51,222,sign-optimization-horizontal-vertical_scenario,633,185,3,-7,4,0,90,15,1,128210,AdultFemaleAgent(Clone),11,10,1.58,1.450001,0.9667969,1,False,3,0,0
2026-03-07_02.12.51,222,sign-optimization-horizontal-vertical_scenario,633,185,3,-7,4,0,90,15,1,128211,WheelchairAgent(Clone),6,12,1.3,1.17,1.390625,2,False,2,0,0
2026-03-07_02.12.51,222,sign-optimization-horizontal-vertical_scenario,633,185,3,-7,4,0,90,15,1,128212,AdultMaleAgent(Clone),6,12,1.71,1.58,1.958008,2,False,2,0,0
2026-03-07_02.12.51,222,sign-optimization-horizontal-vertical_scenario,633,185,3,-7,4,0,90,15,1,128213,AdultFemaleAgent(Clone),11,10,1.58,1.450001,4.788086,1,False,3,0,0
2026-03-07_02.12.51,222,sign-optimization-horizontal-vertical_scenario,633,185,3,-7,4,0,90,15,1,128214,WheelchairAgent(Clone),10,12,1.3,1.17,0.2314453,2,False,3,0,0
2026-03-07_02.12.51,222,sign-optimization-horizontal-vertical_scenario,633,185,3,-7,4,0,90,15,1,128215,AdultMaleAgent(Clone),7,11,1.71,1.58,15.09375,1,True,2,1,0.5
2026-03-07_02.12.51,222,sign-optimization-horizontal-vertical_scenario,633,185,3,-7,4,0,90,15,1,128216,WheelchairAgent(Clone),11,10,1.3,1.17,0,0,False,3,0,0
2026-03-07_02.12.51,222,sign-optimization-horizontal-vertical_scenario,633,185,3,-7,4,0,90,15,1,128217,WheelchairAgent(Clone),6,12,1.3,1.17,1.245117,1,False,2,0,0
2026-03-07_02.12.51,222,sign-optimization-horizontal-vertical_scenario,633,185,3,-7,4,0,90,15,1,128218,WheelchairAgent(Clone),6,12,1.3,1.17,2.597656,2,False,2,0,0
2026-03-07_02.12.51,222,sign-optimization-horizontal-vertical_scenario,633,185,3,-7,4,0,90,15,1,128219,WheelchairAgent(Clone),11,10,1.3,1.17,5.298828,1,False,3,0,0
2026-03-07_02.12.51,222,sign-optimization-horizontal-vertical_scenario,633,185,3,-7,4,0,90,15,1,128220,AdultMaleAgent(Clone),11,10,1.71,1.58,5.046875,1,False,3,0,0
2026-03-07_02.12.51,222,sign-optimization-horizontal-vertical_scenario,633,185,3,-7,4,0,90,15,1,128221,AdultFemaleAgent(Clone),6,12,1.58,1.45,0.2285156,1,False,2,0,0
2026-03-07_02.12.51,222,sign-optimization-horizontal-vertical_scenario,633,185,3,-7,4,0,90,15,1,128222,AdultFemaleAgent(Clone),6,12,1.58,1.45,0.3505859,2,False,2,0,0
2026-03-07_02.12.51,222,sign-optimization-horizontal-vertical_scenario,633,185,3,-7,4,0,90,15,1,128223,WheelchairAgent(Clone),6,12,1.3,1.17,3.421875,2,False,2,0,0
2026-03-07_02.12.51,222,sign-optimization-horizontal-vertical_scenario,633,185,3,-7,4,0,90,15,1,128224,WheelchairAgent(Clone),5,10,1.3,1.17,7.272461,2,True,2,1,0.5
2026-03-07_02.12.51,222,sign-optimization-horizontal-vertical_scenario,633,185,3,-7,4,0,90,15,1,128225,AdultMaleAgent(Clone),10,12,1.71,1.58,6.494141,1,False,3,0,0
2026-03-07_02.12.51,222,sign-optimization-horizontal-vertical_scenario,633,185,3,-7,4,0,90,15,1,128226,WheelchairAgent(Clone),5,10,1.3,1.17,6.266602,2,True,2,1,0.5
2026-03-07_02.12.51,222,sign-optimization-horizontal-vertical_scenario,633,185,3,-7,4,0,90,15,1,128227,AdultMaleAgent(Clone),6,12,1.71,1.58,3.130859,2,False,2,0,0
2026-03-07_02.12.51,222,sign-optimization-horizontal-vertical_scenario,633,185,3,-7,4,0,90,15,1,128228,WheelchairAgent(Clone),5,10,1.3,1.17,7.65332,2,True,2,1,0.5
2026-03-07_02.12.51,222,sign-optimization-horizontal-vertical_scenario,633,185,3,-7,4,0,90,15,1,128229,AdultFemaleAgent(Clone),7,11,1.58,1.450001,15.37891,1,True,2,1,0.5
2026-03-07_02.12.51,222,sign-optimization-horizontal-vertical_scenario,633,185,3,-7,4,0,90,15,1,128230,WheelchairAgent(Clone),7,11,1.3,1.17,15.48926,1,True,2,1,0.5
2026-03-07_02.12.51,222,sign-optimization-horizontal-vertical_scenario,633,185,3,-7,4,0,90,15,1,128231,WheelchairAgent(Clone),5,10,1.3,1.17,6.636719,2,True,2,1,0.5
2026-03-07_02.12.51,222,sign-optimization-horizontal-vertical_scenario,633,185,3,-7,4,0,90,15,1,128232,WheelchairAgent(Clone),7,11,1.3,1.17,12.46875,1,True,2,1,0.5
2026-03-07_02.12.51,222,sign-optimization-horizontal-vertical_scenario,633,185,3,-7,4,0,90,15,1,128233,AdultMaleAgent(Clone),10,12,1.71,1.58,5.881836,1,False,3,0,0
2026-03-07_02.12.51,222,sign-optimization-horizontal-vertical_scenario,633,185,3,-7,4,0,90,15,1,128234,WheelchairAgent(Clone),7,11,1.3,1.17,11.59277,1,False,2,1,0.5
2026-03-07_02.12.51,222,sign-optimization-horizontal-vertical_scenario,633,185,3,-7,4,0,90,15,1,128235,WheelchairAgent(Clone),7,11,1.3,1.17,16.48242,1,True,2,1,0.5
2026-03-07_02.12.51,222,sign-optimization-horizontal-vertical_scenario,633,185,3,-7,4,0,90,15,1,128236,AdultMaleAgent(Clone),5,10,1.71,1.58,6.851563,2,True,2,1,0.5
2026-03-07_02.12.51,222,sign-optimization-horizontal-vertical_scenario,633,185,3,-7,4,0,90,15,1,128237,AdultFemaleAgent(Clone),7,11,1.58,1.450001,11.99219,1,True,2,1,0.5
2026-03-07_02.12.51,222,sign-optimization-horizontal-vertical_scenario,633,185,3,-7,4,0,90,15,1,128238,WheelchairAgent(Clone),6,12,1.3,1.17,4.004883,2,False,2,0,0
2026-03-07_02.12.51,222,sign-optimization-horizontal-vertical_scenario,633,185,3,-7,4,0,90,15,1,128239,AdultMaleAgent(Clone),6,12,1.71,1.58,5.163086,2,False,2,0,0
2026-03-07_02.12.51,222,sign-optimization-horizontal-vertical_scenario,633,185,3,-7,4,0,90,15,1,128240,WheelchairAgent(Clone),6,12,1.3,1.17,2.958984,2,False,2,0,0
2026-03-07_02.12.51,222,sign-optimization-horizontal-vertical_scenario,633,185,3,-7,4,0,90,15,1,128241,AdultFemaleAgent(Clone),6,12,1.58,1.45,2.925781,2,False,2,0,0
2026-03-07_02.12.51,222,sign-optimization-horizontal-vertical_scenario,633,185,3,-7,4,0,90,15,1,128242,AdultFemaleAgent(Clone),5,10,1.58,1.45,8.363281,2,True,2,1,0.5
2026-03-07_02.12.51,222,sign-optimization-horizontal-vertical_scenario,633,185,3,-7,4,0,90,15,1,128243,AdultMaleAgent(Clone),6,12,1.71,1.58,0.9394531,2,False,2,0,0
2026-03-07_02.12.51,222,sign-optimization-horizontal-vertical_scenario,633,185,3,-7,4,0,90,15,1,128244,AdultMaleAgent(Clone),11,10,1.71,1.58,6.307617,1,False,3,0,0
2026-03-07_02.12.51,222,sign-optimization-horizontal-vertical_scenario,633,185,3,-7,4,0,90,15,1,128245,WheelchairAgent(Clone),6,12,1.3,1.17,0.984375,1,False,2,0,0
2026-03-07_02.12.51,222,sign-optimization-horizontal-vertical_scenario,633,185,3,-7,4,0,90,15,1,128246,AdultFemaleAgent(Clone),10,12,1.58,1.45,5.927734,1,False,3,0,0
2026-03-07_02.12.51,222,sign-optimization-horizontal-vertical_scenario,633,185,3,-7,4,0,90,15,1,128247,AdultMaleAgent(Clone),11,10,1.71,1.58,4.533203,1,False,3,0,0
2026-03-07_02.12.51,222,sign-optimization-horizontal-vertical_scenario,633,185,3,-7,4,0,90,15,1,128248,AdultFemaleAgent(Clone),7,11,1.58,1.450001,11.57617,1,True,2,1,0.5
2026-03-07_02.12.51,222,sign-optimization-horizontal-vertical_scenario,633,185,3,-7,4,0,90,15,1,128249,AdultFemaleAgent(Clone),5,10,1.58,1.45,7.789063,2,True,2,1,0.5
2026-03-07_02.12.51,222,sign-optimization-horizontal-vertical_scenario,633,185,3,-7,4,0,90,15,1,128250,AdultMaleAgent(Clone),7,11,1.71,1.58,9.523438,1,True,2,1,0.5
2026-03-07_02.12.51,222,sign-optimization-horizontal-vertical_scenario,633,185,3,-7,4,0,90,15,1,128251,AdultFemaleAgent(Clone),10,12,1.58,1.45,5.979492,1,False,3,0,0
2026-03-07_02.12.51,222,sign-optimization-horizontal-vertical_scenario,633,185,3,-7,4,0,90,15,1,128252,AdultMaleAgent(Clone),7,11,1.71,1.58,12.87012,1,True,2,1,0.5
2026-03-07_02.12.51,222,sign-optimization-horizontal-vertical_scenario,633,185,3,-7,4,0,90,15,1,128253,WheelchairAgent(Clone),5,10,1.3,1.17,8.233398,2,True,2,1,0.5
2026-03-07_02.12.51,222,sign-optimization-horizontal-vertical_scenario,633,185,3,-7,4,0,90,15,1,128254,WheelchairAgent(Clone),11,10,1.3,1.17,1.151367,1,False,3,0,0
2026-03-07_02.12.51,222,sign-optimization-horizontal-vertical_scenario,633,185,3,-7,4,0,90,15,1,128255,WheelchairAgent(Clone),5,10,1.3,1.17,8.511719,2,True,2,1,0.5
2026-03-07_02.12.51,222,sign-optimization-horizontal-vertical_scenario,633,185,3,-7,4,0,90,15,1,128256,WheelchairAgent(Clone),5,10,1.3,1.17,7.212891,2,True,2,1,0.5
2026-03-07_02.12.51,222,sign-optimization-horizontal-vertical_scenario,633,185,3,-7,4,0,90,15,1,128257,WheelchairAgent(Clone),5,10,1.3,1.17,7.824219,2,True,2,1,0.5
2026-03-07_02.12.51,222,sign-optimization-horizontal-vertical_scenario,633,185,3,-7,4,0,90,15,1,128258,AdultFemaleAgent(Clone),5,10,1.58,1.45,7.71582,2,True,2,1,0.5
2026-03-07_02.12.51,222,sign-optimization-horizontal-vertical_scenario,633,185,3,-7,4,0,90,15,1,128259,AdultMaleAgent(Clone),5,10,1.71,1.58,7.533203,2,True,2,1,0.5
2026-03-07_02.12.51,222,sign-optimization-horizontal-vertical_scenario,633,185,3,-7,4,0,90,15,1,128260,AdultMaleAgent(Clone),10,12,1.71,1.58,5.924805,1,False,3,0,0
2026-03-07_02.12.51,222,sign-optimization-horizontal-vertical_scenario,633,185,3,-7,4,0,90,15,1,128261,AdultMaleAgent(Clone),6,12,1.71,1.58,0.1210938,1,False,2,0,0
2026-03-07_02.12.51,222,sign-optimization-horizontal-vertical_scenario,633,185,3,-7,4,0,90,15,1,128262,AdultFemaleAgent(Clone),10,12,1.58,1.45,4.974609,1,False,3,0,0
2026-03-07_02.12.51,222,sign-optimization-horizontal-vertical_scenario,633,185,3,-7,4,0,90,15,1,128263,AdultMaleAgent(Clone),10,12,1.71,1.58,5.768555,1,False,3,0,0
2026-03-07_02.12.51,222,sign-optimization-horizontal-vertical_scenario,633,185,3,-7,4,0,90,15,1,128264,AdultFemaleAgent(Clone),5,10,1.58,1.45,8.71582,2,True,2,1,0.5
2026-03-07_02.12.51,222,sign-optimization-horizontal-vertical_scenario,633,185,3,-7,4,0,90,15,1,128265,AdultMaleAgent(Clone),11,10,1.71,1.58,4.303711,1,False,3,0,0
2026-03-07_02.12.51,222,sign-optimization-horizontal-vertical_scenario,633,185,3,-7,4,0,90,15,1,128266,AdultMaleAgent(Clone),10,12,1.71,1.58,6.223633,1,False,3,0,0
2026-03-07_02.12.51,222,sign-optimization-horizontal-vertical_scenario,633,185,3,-7,4,0,90,15,1,128267,AdultFemaleAgent(Clone),5,10,1.58,1.45,7.244141,2,True,2,1,0.5
2026-03-07_02.12.51,222,sign-optimization-horizontal-vertical_scenario,633,185,3,-7,4,0,90,15,1,128268,AdultMaleAgent(Clone),11,10,1.71,1.58,4.551758,1,False,3,0,0
2026-03-07_02.12.51,222,sign-optimization-horizontal-vertical_scenario,633,185,3,-7,4,0,90,15,1,128269,AdultFemaleAgent(Clone),11,10,1.58,1.450001,2.229492,1,False,3,0,0
2026-03-07_02.12.51,222,sign-optimization-horizontal-vertical_scenario,633,185,3,-7,4,0,90,15,1,128270,WheelchairAgent(Clone),7,11,1.3,1.17,13.07715,1,True,2,1,0.5
2026-03-07_02.12.51,222,sign-optimization-horizontal-vertical_scenario,633,185,3,-7,4,0,90,15,1,128271,AdultMaleAgent(Clone),6,12,1.71,1.58,5.40918,2,False,2,0,0
2026-03-07_02.12.51,222,sign-optimization-horizontal-vertical_scenario,633,185,3,-7,4,0,90,15,1,128272,AdultMaleAgent(Clone),11,10,1.71,1.58,5.248047,1,False,3,0,0
2026-03-07_02.12.51,222,sign-optimization-horizontal-vertical_scenario,633,185,3,-7,4,0,90,15,1,128273,WheelchairAgent(Clone),11,10,1.3,1.17,2.945313,1,False,3,0,0
2026-03-07_02.12.51,222,sign-optimization-horizontal-vertical_scenario,633,185,3,-7,4,0,90,15,1,128274,AdultMaleAgent(Clone),7,11,1.71,1.58,13.97266,1,True,2,1,0.5
2026-03-07_02.12.51,222,sign-optimization-horizontal-vertical_scenario,633,185,3,-7,4,0,90,15,1,128275,WheelchairAgent(Clone),10,12,1.3,1.17,0.5087891,2,False,3,0,0
2026-03-07_02.12.51,222,sign-optimization-horizontal-vertical_scenario,633,185,3,-7,4,0,90,15,1,128276,WheelchairAgent(Clone),11,10,1.3,1.17,3.589844,1,False,3,0,0
2026-03-07_02.12.51,222,sign-optimization-horizontal-vertical_scenario,633,185,3,-7,4,0,90,15,1,128277,AdultMaleAgent(Clone),11,10,1.71,1.58,1.591797,1,False,3,0,0
2026-03-07_02.12.51,222,sign-optimization-horizontal-vertical_scenario,633,185,3,-7,4,0,90,15,1,128278,WheelchairAgent(Clone),5,10,1.3,1.17,6.978516,2,True,2,1,0.5
2026-03-07_02.12.51,222,sign-optimization-horizontal-vertical_scenario,633,185,3,-7,4,0,90,15,1,128279,AdultMaleAgent(Clone),7,11,1.71,1.58,12.36719,1,True,2,1,0.5
2026-03-07_02.12.51,222,sign-optimization-horizontal-vertical_scenario,633,185,3,-7,4,0,90,15,1,128280,WheelchairAgent(Clone),6,12,1.3,1.17,1.602539,2,False,2,0,0
2026-03-07_02.12.51,222,sign-optimization-horizontal-vertical_scenario,633,185,3,-7,4,0,90,15,1,128281,WheelchairAgent(Clone),7,11,1.3,1.17,12.07422,1,True,2,1,0.5
2026-03-07_02.12.51,222,sign-optimization-horizontal-vertical_scenario,633,185,3,-7,4,0,90,15,1,128282,AdultFemaleAgent(Clone),6,12,1.58,1.45,6.21875,2,False,2,0,0
2026-03-07_02.12.51,222,sign-optimization-horizontal-vertical_scenario,633,185,3,-7,4,0,90,15,1,128283,AdultMaleAgent(Clone),5,10,1.71,1.58,7.852539,2,True,2,1,0.5
2026-03-07_02.12.51,222,sign-optimization-horizontal-vertical_scenario,633,185,3,-7,4,0,90,15,1,128284,AdultFemaleAgent(Clone),5,10,1.58,1.45,6.974609,2,True,2,1,0.5
2026-03-07_02.12.51,222,sign-optimization-horizontal-vertical_scenario,633,185,3,-7,4,0,90,15,1,128285,WheelchairAgent(Clone),6,12,1.3,1.17,0.4316406,1,False,2,0,0
2026-03-07_02.12.51,222,sign-optimization-horizontal-vertical_scenario,633,185,3,-7,4,0,90,15,1,128286,AdultFemaleAgent(Clone),10,12,1.58,1.45,5.568359,1,False,3,0,0
2026-03-07_02.12.51,222,sign-optimization-horizontal-vertical_scenario,633,185,3,-7,4,0,90,15,1,128287,WheelchairAgent(Clone),7,11,1.3,1.17,14.33984,1,True,2,1,0.5
2026-03-07_02.12.51,222,sign-optimization-horizontal-vertical_scenario,633,185,3,-7,4,0,90,15,1,128288,AdultMaleAgent(Clone),5,10,1.71,1.58,8.162109,2,True,2,1,0.5
2026-03-07_02.12.51,222,sign-optimization-horizontal-vertical_scenario,633,185,3,-7,4,0,90,15,1,128289,WheelchairAgent(Clone),11,10,1.3,1.17,2.385742,1,False,3,0,0
2026-03-07_02.12.51,222,sign-optimization-horizontal-vertical_scenario,633,185,3,-7,4,0,90,15,1,128290,AdultMaleAgent(Clone),11,10,1.71,1.58,3.753906,1,False,3,0,0
2026-03-07_02.12.51,222,sign-optimization-horizontal-vertical_scenario,633,185,3,-7,4,0,90,15,1,128291,AdultMaleAgent(Clone),11,10,1.71,1.58,2.355469,1,False,3,0,0
2026-03-07_02.12.51,222,sign-optimization-horizontal-vertical_scenario,633,185,3,-7,4,0,90,15,1,128292,AdultMaleAgent(Clone),6,12,1.71,1.58,4.220703,2,False,2,0,0
2026-03-07_02.12.51,222,sign-optimization-horizontal-vertical_scenario,633,185,3,-7,4,0,90,15,1,128293,AdultFemaleAgent(Clone),6,12,1.58,1.45,2.628906,2,False,2,0,0
2026-03-07_02.12.51,222,sign-optimization-horizontal-vertical_scenario,633,185,3,-7,4,0,90,15,1,128294,AdultMaleAgent(Clone),5,10,1.71,1.58,8.389648,2,True,2,1,0.5
2026-03-07_02.12.51,222,sign-optimization-horizontal-vertical_scenario,633,185,3,-7,4,0,90,15,1,128295,WheelchairAgent(Clone),11,10,1.3,1.17,2.680664,1,False,3,0,0
2026-03-07_02.12.51,222,sign-optimization-horizontal-vertical_scenario,633,185,3,-7,4,0,90,15,1,128296,AdultFemaleAgent(Clone),5,10,1.58,1.45,7.710938,2,True,2,1,0.5
2026-03-07_02.12.51,222,sign-optimization-horizontal-vertical_scenario,633,185,3,-7,4,0,90,15,1,128297,AdultFemaleAgent(Clone),6,12,1.58,1.45,2.974609,2,False,2,0,0
2026-03-07_02.12.51,222,sign-optimization-horizontal-vertical_scenario,633,185,3,-7,4,0,90,15,1,128298,AdultFemaleAgent(Clone),6,12,1.58,1.45,0.7744141,2,False,2,0,0
2026-03-07_02.12.51,222,sign-optimization-horizontal-vertical_scenario,633,185,3,-7,4,0,90,15,1,128299,AdultMaleAgent(Clone),11,10,1.71,1.58,0,0,False,3,0,0
2026-03-07_02.12.51,222,sign-optimization-horizontal-vertical_scenario,633,185,3,-7,4,0,90,15,1,128300,AdultFemaleAgent(Clone),10,12,1.58,1.45,6.865234,1,False,3,0,0
2026-03-07_02.12.51,222,sign-optimization-horizontal-vertical_scenario,633,185,3,-7,4,0,90,15,1,128301,AdultMaleAgent(Clone),11,10,1.71,1.58,0,0,False,3,0,0
2026-03-07_02.12.51,222,sign-optimization-horizontal-vertical_scenario,633,185,3,-7,4,0,90,15,1,128302,WheelchairAgent(Clone),6,12,1.3,1.17,2.269531,2,False,2,0,0
2026-03-07_02.12.51,222,sign-optimization-horizontal-vertical_scenario,633,185,3,-7,4,0,90,15,1,128303,AdultMaleAgent(Clone),6,12,1.71,1.58,4.253906,2,False,2,0,0
2026-03-07_02.12.51,222,sign-optimization-horizontal-vertical_scenario,633,185,3,-7,4,0,90,15,1,128304,AdultMaleAgent(Clone),10,12,1.71,1.58,0.5478516,2,False,3,0,0
2026-03-07_02.12.51,222,sign-optimization-horizontal-vertical_scenario,633,185,3,-7,4,0,90,15,1,128305,WheelchairAgent(Clone),6,12,1.3,1.17,1.569336,2,False,2,0,0
2026-03-07_02.12.51,222,sign-optimization-horizontal-vertical_scenario,633,185,3,-7,4,0,90,15,1,128306,AdultFemaleAgent(Clone),7,11,1.58,1.450001,13.4248,1,True,2,1,0.5
2026-03-07_02.12.51,222,sign-optimization-horizontal-vertical_scenario,633,185,3,-7,4,0,90,15,1,128307,AdultFemaleAgent(Clone),10,12,1.58,1.45,5.603516,1,False,3,0,0
2026-03-07_02.12.51,222,sign-optimization-horizontal-vertical_scenario,633,185,3,-7,4,0,90,15,1,128308,AdultMaleAgent(Clone),11,10,1.71,1.58,3.90332,1,False,3,0,0
2026-03-07_02.12.51,222,sign-optimization-horizontal-vertical_scenario,633,185,3,-7,4,0,90,15,1,128309,WheelchairAgent(Clone),5,10,1.3,1.17,7.299805,2,True,2,1,0.5
2026-03-07_02.12.51,222,sign-optimization-horizontal-vertical_scenario,633,185,3,-7,4,0,90,15,1,128310,AdultFemaleAgent(Clone),7,11,1.58,1.450001,11.69336,1,True,2,1,0.5
2026-03-07_02.12.51,222,sign-optimization-horizontal-vertical_scenario,633,185,3,-7,4,0,90,15,1,128311,WheelchairAgent(Clone),6,12,1.3,1.17,2.941406,2,False,2,0,0
2026-03-07_02.12.51,222,sign-optimization-horizontal-vertical_scenario,633,185,3,-7,4,0,90,15,1,128312,AdultMaleAgent(Clone),7,11,1.71,1.58,12.14453,1,True,2,1,0.5
2026-03-07_02.12.51,222,sign-optimization-horizontal-vertical_scenario,633,185,3,-7,4,0,90,15,1,128313,WheelchairAgent(Clone),11,10,1.3,1.17,0,0,False,3,0,0
2026-03-07_02.12.51,222,sign-optimization-horizontal-vertical_scenario,633,185,3,-7,4,0,90,15,1,128314,WheelchairAgent(Clone),6,12,1.3,1.17,4.649414,2,False,2,0,0
2026-03-07_02.12.51,222,sign-optimization-horizontal-vertical_scenario,633,185,3,-7,4,0,90,15,1,128315,AdultMaleAgent(Clone),7,11,1.71,1.58,15.5752,1,True,2,1,0.5
2026-03-07_02.12.51,222,sign-optimization-horizontal-vertical_scenario,633,185,3,-7,4,0,90,15,1,128316,AdultFemaleAgent(Clone),6,12,1.58,1.45,0.8779297,2,False,2,0,0
2026-03-07_02.12.51,222,sign-optimization-horizontal-vertical_scenario,633,185,3,-7,4,0,90,15,1,128317,AdultMaleAgent(Clone),7,11,1.71,1.58,13.3291,1,True,2,1,0.5
2026-03-07_02.12.51,222,sign-optimization-horizontal-vertical_scenario,633,185,3,-7,4,0,90,15,1,128318,WheelchairAgent(Clone),7,11,1.3,1.17,14.02148,1,True,2,1,0.5
2026-03-07_02.12.51,222,sign-optimization-horizontal-vertical_scenario,633,185,3,-7,4,0,90,15,1,128319,AdultFemaleAgent(Clone),5,10,1.58,1.45,7.269531,2,True,2,1,0.5
2026-03-07_02.12.51,222,sign-optimization-horizontal-vertical_scenario,633,185,3,-7,4,0,90,15,1,128320,WheelchairAgent(Clone),7,11,1.3,1.17,12.07617,1,True,2,1,0.5
2026-03-07_02.12.51,222,sign-optimization-horizontal-vertical_scenario,633,185,3,-7,4,0,90,15,1,128321,AdultFemaleAgent(Clone),5,10,1.58,1.45,8.023438,2,True,2,1,0.5
2026-03-07_02.12.51,222,sign-optimization-horizontal-vertical_scenario,633,185,3,-7,4,0,90,15,1,128322,AdultMaleAgent(Clone),10,12,1.71,1.58,0.2949219,2,False,3,0,0
2026-03-07_02.12.51,222,sign-optimization-horizontal-vertical_scenario,633,185,3,-7,4,0,90,15,1,128323,AdultFemaleAgent(Clone),11,10,1.58,1.450001,0,0,False,3,0,0
2026-03-07_02.12.51,222,sign-optimization-horizontal-vertical_scenario,633,185,3,-7,4,0,90,15,1,128324,WheelchairAgent(Clone),11,10,1.3,1.17,3.929688,1,False,3,0,0
2026-03-07_02.12.51,222,sign-optimization-horizontal-vertical_scenario,633,185,3,-7,4,0,90,15,1,128325,AdultMaleAgent(Clone),10,12,1.71,1.58,5.614258,1,False,3,0,0
2026-03-07_02.12.51,222,sign-optimization-horizontal-vertical_scenario,633,185,3,-7,4,0,90,15,1,128326,AdultFemaleAgent(Clone),6,12,1.58,1.45,0.9667969,1,False,2,0,0
2026-03-07_02.12.51,222,sign-optimization-horizontal-vertical_scenario,633,185,3,-7,4,0,90,15,1,128327,AdultFemaleAgent(Clone),7,11,1.58,1.450001,15.46387,1,True,2,1,0.5
2026-03-07_02.12.51,222,sign-optimization-horizontal-vertical_scenario,633,185,3,-7,4,0,90,15,1,128328,AdultMaleAgent(Clone),6,12,1.71,1.58,2.354492,2,False,2,0,0
2026-03-07_02.12.51,222,sign-optimization-horizontal-vertical_scenario,633,185,3,-7,4,0,90,15,1,128329,AdultMaleAgent(Clone),7,11,1.71,1.58,12.96289,1,True,2,1,0.5
2026-03-07_02.12.51,222,sign-optimization-horizontal-vertical_scenario,633,185,3,-7,4,0,90,15,1,128330,AdultFemaleAgent(Clone),7,11,1.58,1.450001,14.23926,1,True,2,1,0.5
2026-03-07_02.12.51,222,sign-optimization-horizontal-vertical_scenario,633,185,3,-7,4,0,90,15,1,128331,AdultFemaleAgent(Clone),10,12,1.58,1.45,7.200195,1,False,3,0,0
2026-03-07_02.12.51,222,sign-optimization-horizontal-vertical_scenario,633,185,3,-7,4,0,90,15,1,128332,AdultFemaleAgent(Clone),5,10,1.58,1.45,7.658203,1,True,2,1,0.5
2026-03-07_02.12.51,222,sign-optimization-horizontal-vertical_scenario,633,185,3,-7,4,0,90,15,1,128333,AdultFemaleAgent(Clone),10,12,1.58,1.45,0.3369141,2,False,3,0,0
2026-03-07_02.12.51,222,sign-optimization-horizontal-vertical_scenario,633,185,3,-7,4,0,90,15,1,128334,AdultMaleAgent(Clone),6,12,1.71,1.58,2.993164,1,False,2,0,0
2026-03-07_02.12.51,222,sign-optimization-horizontal-vertical_scenario,633,185,3,-7,4,0,90,15,1,128335,AdultFemaleAgent(Clone),5,10,1.58,1.45,7.415039,2,True,2,1,0.5
2026-03-07_02.12.51,222,sign-optimization-horizontal-vertical_scenario,633,185,3,-7,4,0,90,15,1,128336,AdultMaleAgent(Clone),10,12,1.71,1.58,7.145508,1,False,3,0,0
2026-03-07_02.12.51,222,sign-optimization-horizontal-vertical_scenario,633,185,3,-7,4,0,90,15,1,128337,AdultFemaleAgent(Clone),6,12,1.58,1.45,1.463867,2,False,2,0,0
2026-03-07_02.12.51,222,sign-optimization-horizontal-vertical_scenario,633,185,3,-7,4,0,90,15,1,128338,AdultMaleAgent(Clone),6,12,1.71,1.58,1.964844,2,False,2,0,0
2026-03-07_02.12.51,222,sign-optimization-horizontal-vertical_scenario,633,185,3,-7,4,0,90,15,1,128339,WheelchairAgent(Clone),11,10,1.3,1.17,0,0,False,3,0,0
2026-03-07_02.12.51,222,sign-optimization-horizontal-vertical_scenario,633,185,3,-7,4,0,90,15,1,128340,WheelchairAgent(Clone),10,12,1.3,1.17,6.503906,1,False,3,0,0
2026-03-07_02.12.51,222,sign-optimization-horizontal-vertical_scenario,633,185,3,-7,4,0,90,15,1,128341,AdultFemaleAgent(Clone),5,10,1.58,1.45,7.710938,2,True,2,1,0.5
2026-03-07_02.12.51,222,sign-optimization-horizontal-vertical_scenario,633,185,3,-7,4,0,90,15,1,128342,AdultMaleAgent(Clone),10,12,1.71,1.58,5.526367,1,False,3,0,0
2026-03-07_02.12.51,222,sign-optimization-horizontal-vertical_scenario,633,185,3,-7,4,0,90,15,1,128343,AdultMaleAgent(Clone),7,11,1.71,1.58,13.85352,1,True,2,1,0.5
2026-03-07_02.12.51,222,sign-optimization-horizontal-vertical_scenario,633,185,3,-7,4,0,90,15,1,128344,AdultFemaleAgent(Clone),5,10,1.58,1.45,7.361328,2,True,2,1,0.5
2026-03-07_02.12.51,222,sign-optimization-horizontal-vertical_scenario,633,185,3,-7,4,0,90,15,1,128345,AdultMaleAgent(Clone),11,10,1.71,1.58,3.037109,1,False,3,0,0
2026-03-07_02.12.51,222,sign-optimization-horizontal-vertical_scenario,633,185,3,-7,4,0,90,15,1,128346,WheelchairAgent(Clone),6,12,1.3,1.17,3.355469,1,False,2,0,0
2026-03-07_02.12.51,222,sign-optimization-horizontal-vertical_scenario,633,185,3,-7,4,0,90,15,1,128347,WheelchairAgent(Clone),10,12,1.3,1.17,5.580078,1,False,3,0,0
2026-03-07_02.12.51,222,sign-optimization-horizontal-vertical_scenario,633,185,3,-7,4,0,90,15,1,128348,AdultMaleAgent(Clone),11,10,1.71,1.58,0,0,False,3,0,0
2026-03-07_02.12.51,222,sign-optimization-horizontal-vertical_scenario,633,185,3,-7,4,0,90,15,1,128349,AdultMaleAgent(Clone),6,12,1.71,1.58,2.554688,2,False,2,0,0
2026-03-07_02.12.51,222,sign-optimization-horizontal-vertical_scenario,633,185,3,-7,4,0,90,15,1,128350,AdultFemaleAgent(Clone),7,11,1.58,1.450001,15.24902,1,True,2,1,0.5
2026-03-07_02.12.51,222,sign-optimization-horizontal-vertical_scenario,633,185,3,-7,4,0,90,15,1,128351,WheelchairAgent(Clone),10,12,1.3,1.17,5.611328,1,False,3,0,0
2026-03-07_02.12.51,222,sign-optimization-horizontal-vertical_scenario,633,185,3,-7,4,0,90,15,1,128352,WheelchairAgent(Clone),6,12,1.3,1.17,1.363281,1,False,2,0,0
2026-03-07_02.12.51,222,sign-optimization-horizontal-vertical_scenario,633,185,3,-7,4,0,90,15,1,128353,WheelchairAgent(Clone),11,10,1.3,1.17,0,0,False,3,0,0
2026-03-07_02.12.51,222,sign-optimization-horizontal-vertical_scenario,633,185,3,-7,4,0,90,15,1,128354,AdultMaleAgent(Clone),11,10,1.71,1.58,0,0,False,3,0,0
2026-03-07_02.12.51,222,sign-optimization-horizontal-vertical_scenario,633,185,3,-7,4,0,90,15,1,128355,WheelchairAgent(Clone),10,12,1.3,1.17,6.742188,1,False,3,0,0
2026-03-07_02.12.51,222,sign-optimization-horizontal-vertical_scenario,633,185,3,-7,4,0,90,15,1,128356,AdultFemaleAgent(Clone),7,11,1.58,1.450001,15.09375,1,True,2,1,0.5
2026-03-07_02.12.51,222,sign-optimization-horizontal-vertical_scenario,633,185,3,-7,4,0,90,15,1,128357,AdultMaleAgent(Clone),5,10,1.71,1.58,6.568359,2,True,2,1,0.5
2026-03-07_02.12.51,222,sign-optimization-horizontal-vertical_scenario,633,185,3,-7,4,0,90,15,1,128358,AdultFemaleAgent(Clone),11,10,1.58,1.450001,0,0,False,3,0,0
2026-03-07_02.12.51,222,sign-optimization-horizontal-vertical_scenario,633,185,3,-7,4,0,90,15,1,128359,WheelchairAgent(Clone),5,10,1.3,1.17,6.671875,2,True,2,1,0.5
2026-03-07_02.12.51,222,sign-optimization-horizontal-vertical_scenario,633,185,3,-7,4,0,90,15,1,128360,AdultFemaleAgent(Clone),5,10,1.58,1.45,7.526367,1,True,2,1,0.5
2026-03-07_02.12.51,222,sign-optimization-horizontal-vertical_scenario,633,185,3,-7,4,0,90,15,1,128361,WheelchairAgent(Clone),11,10,1.3,1.17,0,0,False,3,0,0
2026-03-07_02.12.51,222,sign-optimization-horizontal-vertical_scenario,633,185,3,-7,4,0,90,15,1,128362,AdultFemaleAgent(Clone),5,10,1.58,1.45,7.277344,2,True,2,1,0.5
2026-03-07_02.12.51,222,sign-optimization-horizontal-vertical_scenario,633,185,3,-7,4,0,90,15,1,128363,AdultMaleAgent(Clone),7,11,1.71,1.58,12.5791,1,True,2,1,0.5
2026-03-07_02.12.51,222,sign-optimization-horizontal-vertical_scenario,633,185,3,-7,4,0,90,15,1,128364,AdultMaleAgent(Clone),10,12,1.71,1.58,6.864258,1,False,3,0,0
2026-03-07_02.12.51,222,sign-optimization-horizontal-vertical_scenario,633,185,3,-7,4,0,90,15,1,128365,AdultFemaleAgent(Clone),5,10,1.58,1.45,7.467773,2,True,2,1,0.5
2026-03-07_02.12.51,222,sign-optimization-horizontal-vertical_scenario,633,185,3,-7,4,0,90,15,1,128366,WheelchairAgent(Clone),10,12,1.3,1.17,4.800781,1,False,3,0,0
2026-03-07_02.12.51,222,sign-optimization-horizontal-vertical_scenario,633,185,3,-7,4,0,90,15,1,128367,WheelchairAgent(Clone),5,10,1.3,1.17,7.050781,2,True,2,1,0.5
2026-03-07_02.12.51,222,sign-optimization-horizontal-vertical_scenario,633,185,3,-7,4,0,90,15,1,128368,AdultFemaleAgent(Clone),10,12,1.58,1.45,5.321289,1,False,3,0,0
2026-03-07_02.12.51,222,sign-optimization-horizontal-vertical_scenario,633,185,3,-7,4,0,90,15,1,128369,WheelchairAgent(Clone),6,12,1.3,1.17,1.96582,1,False,2,0,0
2026-03-07_02.12.51,222,sign-optimization-horizontal-vertical_scenario,633,185,3,-7,4,0,90,15,1,128370,AdultFemaleAgent(Clone),11,10,1.58,1.450001,0,0,False,3,0,0
2026-03-07_02.12.51,222,sign-optimization-horizontal-vertical_scenario,633,185,3,-7,4,0,90,15,1,128371,WheelchairAgent(Clone),11,10,1.3,1.17,0,0,False,3,0,0
2026-03-07_02.12.51,222,sign-optimization-horizontal-vertical_scenario,633,185,3,-7,4,0,90,15,1,128372,WheelchairAgent(Clone),11,10,1.3,1.17,0,0,False,3,0,0
2026-03-07_02.12.51,222,sign-optimization-horizontal-vertical_scenario,633,185,3,-7,4,0,90,15,1,128373,AdultMaleAgent(Clone),10,12,1.71,1.58,6.390625,1,False,3,0,0
2026-03-07_02.12.51,222,sign-optimization-horizontal-vertical_scenario,633,185,3,-7,4,0,90,15,1,128374,AdultMaleAgent(Clone),11,10,1.71,1.58,0,0,False,3,0,0
2026-03-07_02.12.51,222,sign-optimization-horizontal-vertical_scenario,633,185,3,-7,4,0,90,15,1,128375,AdultMaleAgent(Clone),10,12,1.71,1.58,6.276367,1,False,3,0,0
2026-03-07_02.12.51,222,sign-optimization-horizontal-vertical_scenario,633,185,3,-7,4,0,90,15,1,128376,AdultMaleAgent(Clone),11,10,1.71,1.58,0,0,False,3,0,0
2026-03-07_02.12.51,222,sign-optimization-horizontal-vertical_scenario,633,185,3,-7,4,0,90,15,1,128377,AdultMaleAgent(Clone),11,10,1.71,1.58,0,0,False,3,0,0
2026-03-07_02.12.51,222,sign-optimization-horizontal-vertical_scenario,633,185,3,-7,4,0,90,15,1,128378,AdultFemaleAgent(Clone),7,11,1.58,1.450001,14.14453,1,True,2,1,0.5
2026-03-07_02.12.51,222,sign-optimization-horizontal-vertical_scenario,633,185,3,-7,4,0,90,15,1,128379,AdultMaleAgent(Clone),10,12,1.71,1.58,4.857422,1,False,3,0,0
2026-03-07_02.12.51,222,sign-optimization-horizontal-vertical_scenario,633,185,3,-7,4,0,90,15,1,128380,AdultMaleAgent(Clone),11,10,1.71,1.58,0,0,False,3,0,0
2026-03-07_02.12.51,222,sign-optimization-horizontal-vertical_scenario,633,185,3,-7,4,0,90,15,1,128381,AdultMaleAgent(Clone),7,11,1.71,1.58,12.77734,1,True,2,1,0.5
2026-03-07_02.12.51,222,sign-optimization-horizontal-vertical_scenario,633,185,3,-7,4,0,90,15,1,128382,WheelchairAgent(Clone),5,10,1.3,1.17,8.015625,1,True,2,1,0.5
2026-03-07_02.12.51,222,sign-optimization-horizontal-vertical_scenario,633,185,3,-7,4,0,90,15,1,128383,AdultFemaleAgent(Clone),7,11,1.58,1.450001,10.49219,1,False,2,1,0.5
2026-03-07_02.12.51,222,sign-optimization-horizontal-vertical_scenario,633,185,3,-7,4,0,90,15,1,128384,AdultFemaleAgent(Clone),7,11,1.58,1.450001,13.52832,1,False,2,1,0.5
2026-03-07_02.12.51,222,sign-optimization-horizontal-vertical_scenario,633,185,3,-7,4,0,90,15,1,128385,AdultFemaleAgent(Clone),5,10,1.58,1.45,6.726563,1,True,2,1,0.5
2026-03-07_02.12.51,222,sign-optimization-horizontal-vertical_scenario,633,185,3,-7,4,0,90,15,1,128386,AdultFemaleAgent(Clone),7,11,1.58,1.450001,14.0752,1,True,2,1,0.5
2026-03-07_02.12.51,222,sign-optimization-horizontal-vertical_scenario,633,185,3,-7,4,0,90,15,1,128387,AdultFemaleAgent(Clone),5,10,1.58,1.45,8.803711,1,True,2,1,0.5
2026-03-07_02.12.51,222,sign-optimization-horizontal-vertical_scenario,633,185,3,-7,4,0,90,15,1,128388,AdultMaleAgent(Clone),7,11,1.71,1.58,11.00977,1,True,2,1,0.5
2026-03-07_02.12.51,222,sign-optimization-horizontal-vertical_scenario,633,185,3,-7,4,0,90,15,1,128389,AdultMaleAgent(Clone),5,10,1.71,1.58,6.076172,1,True,2,1,0.5
2026-03-07_02.12.51,222,sign-optimization-horizontal-vertical_scenario,633,185,3,-7,4,0,90,15,1,128390,WheelchairAgent(Clone),6,12,1.3,1.17,2.785156,2,False,2,0,0
2026-03-07_02.12.51,222,sign-optimization-horizontal-vertical_scenario,633,185,3,-7,4,0,90,15,1,128391,AdultMaleAgent(Clone),5,10,1.71,1.58,8.573242,1,True,2,1,0.5
2026-03-07_02.12.51,222,sign-optimization-horizontal-vertical_scenario,633,185,3,-7,4,0,90,15,1,128392,WheelchairAgent(Clone),7,11,1.3,1.17,13.33984,1,True,2,1,0.5
2026-03-07_02.12.51,222,sign-optimization-horizontal-vertical_scenario,633,185,3,-7,4,0,90,15,1,128393,WheelchairAgent(Clone),11,10,1.3,1.17,0,0,False,3,0,0
2026-03-07_02.12.51,222,sign-optimization-horizontal-vertical_scenario,633,185,3,-7,4,0,90,15,1,128394,AdultFemaleAgent(Clone),7,11,1.58,1.450001,10.90234,1,False,2,1,0.5
2026-03-07_02.12.51,222,sign-optimization-horizontal-vertical_scenario,633,185,3,-7,4,0,90,15,1,128395,AdultMaleAgent(Clone),6,12,1.71,1.58,1.71875,2,False,2,0,0
2026-03-07_02.12.51,222,sign-optimization-horizontal-vertical_scenario,633,185,3,-7,4,0,90,15,1,128396,WheelchairAgent(Clone),10,12,1.3,1.17,5.782227,1,False,3,0,0
2026-03-07_02.12.51,222,sign-optimization-horizontal-vertical_scenario,633,185,3,-7,4,0,90,15,1,128397,AdultFemaleAgent(Clone),7,11,1.58,1.450001,13.98633,1,True,2,1,0.5
2026-03-07_02.12.51,222,sign-optimization-horizontal-vertical_scenario,633,185,3,-7,4,0,90,15,1,128398,AdultMaleAgent(Clone),10,12,1.71,1.58,5.868164,1,False,3,0,0
2026-03-07_02.12.51,222,sign-optimization-horizontal-vertical_scenario,633,185,3,-7,4,0,90,15,1,128399,WheelchairAgent(Clone),10,12,1.3,1.17,5.387695,1,False,3,0,0
2026-03-07_02.12.51,222,sign-optimization-horizontal-vertical_scenario,633,185,3,-7,4,0,90,15,1,128400,WheelchairAgent(Clone),5,10,1.3,1.17,7.446289,1,True,2,1,0.5
2026-03-07_02.12.51,222,sign-optimization-horizontal-vertical_scenario,633,185,3,-7,4,0,90,15,1,128401,AdultFemaleAgent(Clone),10,12,1.58,1.45,6.298828,1,False,3,0,0
2026-03-07_02.12.51,222,sign-optimization-horizontal-vertical_scenario,633,185,3,-7,4,0,90,15,1,128402,WheelchairAgent(Clone),10,12,1.3,1.17,6.152344,1,False,3,0,0
2026-03-07_02.12.51,222,sign-optimization-horizontal-vertical_scenario,633,185,3,-7,4,0,90,15,1,128403,AdultMaleAgent(Clone),11,10,1.71,1.58,0,0,False,3,0,0
2026-03-07_02.12.51,222,sign-optimization-horizontal-vertical_scenario,633,185,3,-7,4,0,90,15,1,128404,WheelchairAgent(Clone),7,11,1.3,1.17,15.22266,1,True,2,1,0.5
2026-03-07_02.12.51,222,sign-optimization-horizontal-vertical_scenario,633,185,3,-7,4,0,90,15,1,128405,AdultFemaleAgent(Clone),5,10,1.58,1.45,8.986328,1,True,2,1,0.5
2026-03-07_02.12.51,222,sign-optimization-horizontal-vertical_scenario,633,185,3,-7,4,0,90,15,1,128406,WheelchairAgent(Clone),7,11,1.3,1.17,0,0,True,2,1,0.5
2026-03-07_02.12.51,222,sign-optimization-horizontal-vertical_scenario,633,185,3,-7,4,0,90,15,1,128407,WheelchairAgent(Clone),6,12,1.3,1.17,3.133789,1,False,2,0,0
2026-03-07_02.12.51,222,sign-optimization-horizontal-vertical_scenario,633,185,3,-7,4,0,90,15,1,128408,AdultMaleAgent(Clone),6,12,1.71,1.58,1.501953,2,False,2,0,0
2026-03-07_02.12.51,222,sign-optimization-horizontal-vertical_scenario,633,185,3,-7,4,0,90,15,1,128409,WheelchairAgent(Clone),7,11,1.3,1.17,0,0,True,2,1,0.5
2026-03-07_02.12.51,222,sign-optimization-horizontal-vertical_scenario,633,185,3,-7,4,0,90,15,1,128410,WheelchairAgent(Clone),10,12,1.3,1.17,5.874023,1,False,3,0,0
2026-03-07_02.12.51,222,sign-optimization-horizontal-vertical_scenario,633,185,3,-7,4,0,90,15,1,128411,AdultFemaleAgent(Clone),6,12,1.58,1.45,4.745117,1,False,2,0,0
2026-03-07_02.12.51,222,sign-optimization-horizontal-vertical_scenario,633,185,3,-7,4,0,90,15,1,128412,AdultFemaleAgent(Clone),7,11,1.58,1.450001,11.77637,1,True,2,1,0.5
2026-03-07_02.12.51,222,sign-optimization-horizontal-vertical_scenario,633,185,3,-7,4,0,90,15,1,128413,WheelchairAgent(Clone),11,10,1.3,1.17,0,0,False,3,0,0
2026-03-07_02.12.51,222,sign-optimization-horizontal-vertical_scenario,633,185,3,-7,4,0,90,15,1,128414,AdultMaleAgent(Clone),5,10,1.71,1.58,9.453125,1,True,2,1,0.5
2026-03-07_02.12.51,222,sign-optimization-horizontal-vertical_scenario,633,185,3,-7,4,0,90,15,1,128415,WheelchairAgent(Clone),7,11,1.3,1.17,11.7959,1,False,2,1,0.5
2026-03-07_02.12.51,222,sign-optimization-horizontal-vertical_scenario,633,185,3,-7,4,0,90,15,1,128416,WheelchairAgent(Clone),6,12,1.3,1.17,1.211914,1,False,2,0,0
2026-03-07_02.12.51,222,sign-optimization-horizontal-vertical_scenario,633,185,3,-7,4,0,90,15,1,128417,WheelchairAgent(Clone),6,12,1.3,1.17,0.4804688,2,False,2,0,0
2026-03-07_02.12.51,222,sign-optimization-horizontal-vertical_scenario,633,185,3,-7,4,0,90,15,1,128418,AdultFemaleAgent(Clone),10,12,1.58,1.45,6.126953,1,False,3,0,0
2026-03-07_02.12.51,222,sign-optimization-horizontal-vertical_scenario,633,185,3,-7,4,0,90,15,1,128419,AdultMaleAgent(Clone),5,10,1.71,1.58,7.707031,1,True,2,1,0.5
2026-03-07_02.12.51,222,sign-optimization-horizontal-vertical_scenario,633,185,3,-7,4,0,90,15,1,128420,WheelchairAgent(Clone),7,11,1.3,1.17,12.32227,1,True,2,1,0.5
2026-03-07_02.12.51,222,sign-optimization-horizontal-vertical_scenario,633,185,3,-7,4,0,90,15,1,128421,WheelchairAgent(Clone),7,11,1.3,1.17,10.43262,1,False,2,1,0.5
2026-03-07_02.12.51,222,sign-optimization-horizontal-vertical_scenario,633,185,3,-7,4,0,90,15,1,128422,AdultFemaleAgent(Clone),10,12,1.58,1.45,6.714844,1,False,3,0,0
2026-03-07_02.12.51,222,sign-optimization-horizontal-vertical_scenario,633,185,3,-7,4,0,90,15,1,128423,AdultFemaleAgent(Clone),7,11,1.58,1.450001,12.25977,1,True,2,1,0.5
2026-03-07_02.12.51,222,sign-optimization-horizontal-vertical_scenario,633,185,3,-7,4,0,90,15,1,128424,AdultMaleAgent(Clone),11,10,1.71,1.58,0,0,False,3,0,0
2026-03-07_02.12.51,222,sign-optimization-horizontal-vertical_scenario,633,185,3,-7,4,0,90,15,1,128425,AdultMaleAgent(Clone),11,10,1.71,1.58,0,0,False,3,0,0
2026-03-07_02.12.51,222,sign-optimization-horizontal-vertical_scenario,633,185,3,-7,4,0,90,15,1,128426,AdultMaleAgent(Clone),6,12,1.71,1.58,4.554688,1,False,2,0,0
2026-03-07_02.12.51,222,sign-optimization-horizontal-vertical_scenario,633,185,3,-7,4,0,90,15,1,128427,AdultMaleAgent(Clone),10,12,1.71,1.58,6.695313,1,False,3,0,0
2026-03-07_02.12.51,222,sign-optimization-horizontal-vertical_scenario,633,185,3,-7,4,0,90,15,1,128428,WheelchairAgent(Clone),6,12,1.3,1.17,2.561523,2,False,2,0,0
2026-03-07_02.12.51,222,sign-optimization-horizontal-vertical_scenario,633,185,3,-7,4,0,90,15,1,128429,WheelchairAgent(Clone),7,11,1.3,1.17,0,0,True,2,1,0.5
2026-03-07_02.12.51,222,sign-optimization-horizontal-vertical_scenario,633,185,3,-7,4,0,90,15,1,128430,AdultMaleAgent(Clone),6,12,1.71,1.58,0.8652344,1,False,2,0,0
2026-03-07_02.12.51,222,sign-optimization-horizontal-vertical_scenario,633,185,3,-7,4,0,90,15,1,128431,WheelchairAgent(Clone),7,11,1.3,1.17,0,0,True,2,1,0.5
2026-03-07_02.12.51,222,sign-optimization-horizontal-vertical_scenario,633,185,3,-7,4,0,90,15,1,128432,WheelchairAgent(Clone),5,10,1.3,1.17,7.322266,1,True,2,1,0.5
2026-03-07_02.12.51,222,sign-optimization-horizontal-vertical_scenario,633,185,3,-7,4,0,90,15,1,128433,WheelchairAgent(Clone),10,12,1.3,1.17,5.808594,1,False,3,0,0
2026-03-07_02.12.51,222,sign-optimization-horizontal-vertical_scenario,633,185,3,-7,4,0,90,15,1,128434,AdultFemaleAgent(Clone),5,10,1.58,1.45,8.458008,1,True,2,1,0.5
2026-03-07_02.12.51,222,sign-optimization-horizontal-vertical_scenario,633,185,3,-7,4,0,90,15,1,128435,AdultMaleAgent(Clone),11,10,1.71,1.58,0,0,False,3,0,0
2026-03-07_02.12.51,222,sign-optimization-horizontal-vertical_scenario,633,185,3,-7,4,0,90,15,1,128436,WheelchairAgent(Clone),7,11,1.3,1.17,11.74121,1,True,2,1,0.5
2026-03-07_02.12.51,222,sign-optimization-horizontal-vertical_scenario,633,185,3,-7,4,0,90,15,1,128437,AdultMaleAgent(Clone),5,10,1.71,1.58,7.018555,1,True,2,1,0.5
2026-03-07_02.12.51,222,sign-optimization-horizontal-vertical_scenario,633,185,3,-7,4,0,90,15,1,128438,AdultMaleAgent(Clone),7,11,1.71,1.58,0,0,True,2,1,0.5
2026-03-07_02.12.51,222,sign-optimization-horizontal-vertical_scenario,633,185,3,-7,4,0,90,15,1,128439,AdultFemaleAgent(Clone),10,12,1.58,1.45,7.130859,1,False,3,0,0
2026-03-07_02.12.51,222,sign-optimization-horizontal-vertical_scenario,633,185,3,-7,4,0,90,15,1,128440,AdultMaleAgent(Clone),5,10,1.71,1.58,9.027344,1,True,2,1,0.5
2026-03-07_02.12.51,222,sign-optimization-horizontal-vertical_scenario,633,185,3,-7,4,0,90,15,1,128441,WheelchairAgent(Clone),6,12,1.3,1.17,4.007813,1,False,2,0,0
2026-03-07_02.12.51,222,sign-optimization-horizontal-vertical_scenario,633,185,3,-7,4,0,90,15,1,128442,AdultMaleAgent(Clone),10,12,1.71,1.58,6.922852,1,False,3,0,0
2026-03-07_02.12.51,222,sign-optimization-horizontal-vertical_scenario,633,185,3,-7,4,0,90,15,1,128443,AdultFemaleAgent(Clone),6,12,1.58,1.45,1.456055,1,False,2,0,0
2026-03-07_02.12.51,222,sign-optimization-horizontal-vertical_scenario,633,185,3,-7,4,0,90,15,1,128444,AdultFemaleAgent(Clone),11,10,1.58,1.450001,0,0,False,3,0,0
2026-03-07_02.12.51,222,sign-optimization-horizontal-vertical_scenario,633,185,3,-7,4,0,90,15,1,128445,AdultFemaleAgent(Clone),10,12,1.58,1.45,6.389648,1,False,3,0,0
2026-03-07_02.12.51,222,sign-optimization-horizontal-vertical_scenario,633,185,3,-7,4,0,90,15,1,128446,WheelchairAgent(Clone),11,10,1.3,1.17,0,0,False,3,0,0
2026-03-07_02.12.51,222,sign-optimization-horizontal-vertical_scenario,633,185,3,-7,4,0,90,15,1,128447,AdultMaleAgent(Clone),10,12,1.71,1.58,6.083984,1,False,3,0,0
2026-03-07_02.12.51,222,sign-optimization-horizontal-vertical_scenario,633,185,3,-7,4,0,90,15,1,128448,AdultMaleAgent(Clone),6,12,1.71,1.58,2.101563,1,False,2,0,0
2026-03-07_02.12.51,222,sign-optimization-horizontal-vertical_scenario,633,185,3,-7,4,0,90,15,1,128449,WheelchairAgent(Clone),6,12,1.3,1.17,4.647461,1,False,2,0,0
2026-03-07_02.12.51,222,sign-optimization-horizontal-vertical_scenario,633,185,3,-7,4,0,90,15,1,128450,WheelchairAgent(Clone),7,11,1.3,1.17,0,0,True,2,1,0.5
2026-03-07_02.12.51,222,sign-optimization-horizontal-vertical_scenario,633,185,3,-7,4,0,90,15,1,128451,WheelchairAgent(Clone),7,11,1.3,1.17,0,0,True,2,1,0.5
2026-03-07_02.12.51,222,sign-optimization-horizontal-vertical_scenario,633,185,3,-7,4,0,90,15,1,128452,AdultMaleAgent(Clone),11,10,1.71,1.58,0,0,False,3,0,0
2026-03-07_02.12.51,222,sign-optimization-horizontal-vertical_scenario,633,185,3,-7,4,0,90,15,1,128453,WheelchairAgent(Clone),6,12,1.3,1.17,4.300781,1,False,2,0,0
2026-03-07_02.12.51,222,sign-optimization-horizontal-vertical_scenario,633,185,3,-7,4,0,90,15,1,128454,AdultMaleAgent(Clone),5,10,1.71,1.58,6.920898,1,True,2,1,0.5
2026-03-07_02.12.51,222,sign-optimization-horizontal-vertical_scenario,633,185,3,-7,4,0,90,15,1,128455,WheelchairAgent(Clone),11,10,1.3,1.17,0,0,False,3,0,0
2026-03-07_02.12.51,222,sign-optimization-horizontal-vertical_scenario,633,185,3,-7,4,0,90,15,1,128456,WheelchairAgent(Clone),5,10,1.3,1.17,8.893555,1,True,2,1,0.5
2026-03-07_02.12.51,222,sign-optimization-horizontal-vertical_scenario,633,185,3,-7,4,0,90,15,1,128457,WheelchairAgent(Clone),5,10,1.3,1.17,6.65625,1,True,2,1,0.5
2026-03-07_02.12.51,222,sign-optimization-horizontal-vertical_scenario,633,185,3,-7,4,0,90,15,1,128458,AdultFemaleAgent(Clone),5,10,1.58,1.45,8.073242,1,True,2,1,0.5
2026-03-07_02.12.51,222,sign-optimization-horizontal-vertical_scenario,633,185,3,-7,4,0,90,15,1,128459,WheelchairAgent(Clone),11,10,1.3,1.17,0,0,False,3,0,0
2026-03-07_02.12.51,222,sign-optimization-horizontal-vertical_scenario,633,185,3,-7,4,0,90,15,1,128460,AdultFemaleAgent(Clone),6,12,1.58,1.45,4.816406,1,False,2,0,0
2026-03-07_02.12.51,222,sign-optimization-horizontal-vertical_scenario,633,185,3,-7,4,0,90,15,1,128461,AdultMaleAgent(Clone),11,10,1.71,1.58,0,0,False,3,0,0
2026-03-07_02.12.51,222,sign-optimization-horizontal-vertical_scenario,633,185,3,-7,4,0,90,15,1,128462,AdultFemaleAgent(Clone),7,11,1.58,1.450001,0,0,True,2,1,0.5
2026-03-07_02.12.51,222,sign-optimization-horizontal-vertical_scenario,633,185,3,-7,4,0,90,15,1,128463,AdultFemaleAgent(Clone),7,11,1.58,1.450001,0,0,True,2,1,0.5
2026-03-07_02.12.51,222,sign-optimization-horizontal-vertical_scenario,633,185,3,-7,4,0,90,15,1,128464,WheelchairAgent(Clone),5,10,1.3,1.17,6.967773,1,True,2,1,0.5
2026-03-07_02.12.51,222,sign-optimization-horizontal-vertical_scenario,633,185,3,-7,4,0,90,15,1,128465,AdultMaleAgent(Clone),7,11,1.71,1.58,0,0,False,2,1,0.5
2026-03-07_02.12.51,222,sign-optimization-horizontal-vertical_scenario,633,185,3,-7,4,0,90,15,1,128466,AdultMaleAgent(Clone),6,12,1.71,1.58,5.429688,1,False,2,0,0
2026-03-07_02.12.51,222,sign-optimization-horizontal-vertical_scenario,633,185,3,-7,4,0,90,15,1,128467,AdultFemaleAgent(Clone),6,12,1.58,1.45,0.1367188,1,False,2,0,0
2026-03-07_02.12.51,222,sign-optimization-horizontal-vertical_scenario,633,185,3,-7,4,0,90,15,1,128468,WheelchairAgent(Clone),6,12,1.3,1.17,0.5625,1,False,2,0,0
2026-03-07_02.12.51,222,sign-optimization-horizontal-vertical_scenario,633,185,3,-7,4,0,90,15,1,128469,WheelchairAgent(Clone),11,10,1.3,1.17,0,0,False,3,0,0
2026-03-07_02.12.51,222,sign-optimization-horizontal-vertical_scenario,633,185,3,-7,4,0,90,15,1,128470,WheelchairAgent(Clone),11,10,1.3,1.17,0,0,False,3,0,0
2026-03-07_02.12.51,222,sign-optimization-horizontal-vertical_scenario,633,185,3,-7,4,0,90,15,1,128471,AdultFemaleAgent(Clone),10,12,1.58,1.45,6.961914,1,False,3,0,0
2026-03-07_02.12.51,222,sign-optimization-horizontal-vertical_scenario,633,185,3,-7,4,0,90,15,1,128472,AdultMaleAgent(Clone),6,12,1.71,1.58,0,0,False,2,0,0
2026-03-07_02.12.51,222,sign-optimization-horizontal-vertical_scenario,633,185,3,-7,4,0,90,15,1,128473,WheelchairAgent(Clone),10,12,1.3,1.17,6.254883,1,False,3,0,0
2026-03-07_02.12.51,222,sign-optimization-horizontal-vertical_scenario,633,185,3,-7,4,0,90,15,1,128474,WheelchairAgent(Clone),5,10,1.3,1.17,8.197266,1,True,2,1,0.5
2026-03-07_02.12.51,222,sign-optimization-horizontal-vertical_scenario,633,185,3,-7,4,0,90,15,1,128475,WheelchairAgent(Clone),5,10,1.3,1.17,0,0,True,2,1,0.5
2026-03-07_02.12.51,222,sign-optimization-horizontal-vertical_scenario,633,185,3,-7,4,0,90,15,1,128476,AdultMaleAgent(Clone),11,10,1.71,1.58,0,0,False,3,0,0
2026-03-07_02.12.51,222,sign-optimization-horizontal-vertical_scenario,633,185,3,-7,4,0,90,15,1,128477,AdultFemaleAgent(Clone),5,10,1.58,1.45,0,0,True,2,1,0.5
2026-03-07_02.12.51,222,sign-optimization-horizontal-vertical_scenario,633,185,3,-7,4,0,90,15,1,128478,AdultFemaleAgent(Clone),6,12,1.58,1.45,2.899414,1,False,2,0,0
2026-03-07_02.12.51,222,sign-optimization-horizontal-vertical_scenario,633,185,3,-7,4,0,90,15,1,128479,WheelchairAgent(Clone),5,10,1.3,1.17,0,0,True,2,1,0.5
2026-03-07_02.12.51,222,sign-optimization-horizontal-vertical_scenario,633,185,3,-7,4,0,90,15,1,128480,AdultMaleAgent(Clone),11,10,1.71,1.58,0,0,False,3,0,0
2026-03-07_02.12.51,222,sign-optimization-horizontal-vertical_scenario,633,185,3,-7,4,0,90,15,1,128481,AdultFemaleAgent(Clone),6,12,1.58,1.45,5.410156,1,False,2,0,0
2026-03-07_02.12.51,222,sign-optimization-horizontal-vertical_scenario,633,185,3,-7,4,0,90,15,1,128482,AdultMaleAgent(Clone),10,12,1.71,1.58,6.456055,1,False,3,0,0
2026-03-07_02.12.51,222,sign-optimization-horizontal-vertical_scenario,633,185,3,-7,4,0,90,15,1,128483,AdultFemaleAgent(Clone),6,12,1.58,1.45,4.643555,1,False,2,0,0
2026-03-07_02.12.51,222,sign-optimization-horizontal-vertical_scenario,633,185,3,-7,4,0,90,15,1,128484,AdultMaleAgent(Clone),7,11,1.71,1.58,0,0,True,2,1,0.5
2026-03-07_02.12.51,222,sign-optimization-horizontal-vertical_scenario,633,185,3,-7,4,0,90,15,1,128485,AdultMaleAgent(Clone),11,10,1.71,1.58,0,0,False,3,0,0
2026-03-07_02.12.51,222,sign-optimization-horizontal-vertical_scenario,633,185,3,-7,4,0,90,15,1,128486,WheelchairAgent(Clone),6,12,1.3,1.17,4.546875,1,False,2,0,0
2026-03-07_02.12.51,222,sign-optimization-horizontal-vertical_scenario,633,185,3,-7,4,0,90,15,1,128487,WheelchairAgent(Clone),10,12,1.3,1.17,6.462891,1,False,3,0,0
2026-03-07_02.12.51,222,sign-optimization-horizontal-vertical_scenario,633,185,3,-7,4,0,90,15,1,128488,AdultFemaleAgent(Clone),5,10,1.58,1.45,0,0,True,2,1,0.5
2026-03-07_02.12.51,222,sign-optimization-horizontal-vertical_scenario,633,185,3,-7,4,0,90,15,1,128489,AdultFemaleAgent(Clone),10,12,1.58,1.45,6.080078,1,False,3,0,0
2026-03-07_02.12.51,222,sign-optimization-horizontal-vertical_scenario,633,185,3,-7,4,0,90,15,1,128490,AdultMaleAgent(Clone),7,11,1.71,1.58,0,0,False,2,1,0.5
2026-03-07_02.12.51,222,sign-optimization-horizontal-vertical_scenario,633,185,3,-7,4,0,90,15,1,128491,AdultMaleAgent(Clone),5,10,1.71,1.58,6.861328,1,True,2,1,0.5
2026-03-07_02.12.51,222,sign-optimization-horizontal-vertical_scenario,633,185,3,-7,4,0,90,15,1,128492,AdultFemaleAgent(Clone),11,10,1.58,1.450001,0,0,False,3,0,0
2026-03-07_02.12.51,222,sign-optimization-horizontal-vertical_scenario,633,185,3,-7,4,0,90,15,1,128493,AdultMaleAgent(Clone),11,10,1.71,1.58,0,0,False,3,0,0
2026-03-07_02.12.51,222,sign-optimization-horizontal-vertical_scenario,633,185,3,-7,4,0,90,15,1,128494,AdultMaleAgent(Clone),7,11,1.71,1.58,0,0,True,2,1,0.5
2026-03-07_02.12.51,222,sign-optimization-horizontal-vertical_scenario,633,185,3,-7,4,0,90,15,1,128495,WheelchairAgent(Clone),7,11,1.3,1.17,0,0,True,2,1,0.5
2026-03-07_02.12.51,222,sign-optimization-horizontal-vertical_scenario,633,185,3,-7,4,0,90,15,1,128496,AdultFemaleAgent(Clone),6,12,1.58,1.45,4.510742,1,False,2,0,0
2026-03-07_02.12.51,222,sign-optimization-horizontal-vertical_scenario,633,185,3,-7,4,0,90,15,1,128497,AdultFemaleAgent(Clone),11,10,1.58,1.450001,0,0,False,3,0,0
2026-03-07_02.12.51,222,sign-optimization-horizontal-vertical_scenario,633,185,3,-7,4,0,90,15,1,128498,AdultMaleAgent(Clone),6,12,1.71,1.58,1.87793,1,False,2,0,0
2026-03-07_02.12.51,222,sign-optimization-horizontal-vertical_scenario,633,185,3,-7,4,0,90,15,1,128499,AdultFemaleAgent(Clone),10,12,1.58,1.45,5.81543,1,False,3,0,0
2026-03-07_02.12.51,222,sign-optimization-horizontal-vertical_scenario,633,185,3,-7,4,0,90,15,1,128500,AdultMaleAgent(Clone),11,10,1.71,1.58,0,0,False,3,0,0
2026-03-07_02.12.51,222,sign-optimization-horizontal-vertical_scenario,633,185,3,-7,4,0,90,15,1,128501,WheelchairAgent(Clone),5,10,1.3,1.17,0,0,True,2,1,0.5
2026-03-07_02.12.51,222,sign-optimization-horizontal-vertical_scenario,633,185,3,-7,4,0,90,15,1,128502,AdultMaleAgent(Clone),10,12,1.71,1.58,6.583008,1,False,3,0,0
2026-03-07_02.12.51,222,sign-optimization-horizontal-vertical_scenario,633,185,3,-7,4,0,90,15,1,128503,AdultFemaleAgent(Clone),11,10,1.58,1.450001,0,0,False,3,0,0
2026-03-07_02.12.51,222,sign-optimization-horizontal-vertical_scenario,633,185,3,-7,4,0,90,15,1,128504,AdultMaleAgent(Clone),7,11,1.71,1.58,0,0,True,2,1,0.5
2026-03-07_02.12.51,222,sign-optimization-horizontal-vertical_scenario,633,185,3,-7,4,0,90,15,1,128505,WheelchairAgent(Clone),10,12,1.3,1.17,6.035156,1,False,3,0,0
2026-03-07_02.12.51,222,sign-optimization-horizontal-vertical_scenario,633,185,3,-7,4,0,90,15,1,128506,WheelchairAgent(Clone),5,10,1.3,1.17,0,0,True,2,1,0.5
2026-03-07_02.12.51,222,sign-optimization-horizontal-vertical_scenario,633,185,3,-7,4,0,90,15,1,128507,WheelchairAgent(Clone),11,10,1.3,1.17,0,0,False,3,0,0
2026-03-07_02.12.51,222,sign-optimization-horizontal-vertical_scenario,633,185,3,-7,4,0,90,15,1,128508,WheelchairAgent(Clone),7,11,1.3,1.17,0,0,True,2,1,0.5
2026-03-07_02.12.51,222,sign-optimization-horizontal-vertical_scenario,633,185,3,-7,4,0,90,15,1,128509,WheelchairAgent(Clone),5,10,1.3,1.17,0,0,True,2,1,0.5
2026-03-07_02.12.51,222,sign-optimization-horizontal-vertical_scenario,633,185,3,-7,4,0,90,15,1,128510,AdultMaleAgent(Clone),6,12,1.71,1.58,3.601563,1,False,2,0,0
2026-03-07_02.12.51,222,sign-optimization-horizontal-vertical_scenario,633,185,3,-7,4,0,90,15,1,128511,AdultMaleAgent(Clone),10,12,1.71,1.58,5.21875,1,False,3,0,0
2026-03-07_02.12.51,222,sign-optimization-horizontal-vertical_scenario,633,185,3,-7,4,0,90,15,1,128512,AdultMaleAgent(Clone),5,10,1.71,1.58,0,0,True,2,1,0.5
2026-03-07_02.12.51,222,sign-optimization-horizontal-vertical_scenario,633,185,3,-7,4,0,90,15,1,128513,WheelchairAgent(Clone),11,10,1.3,1.17,0,0,False,3,0,0
2026-03-07_02.12.51,222,sign-optimization-horizontal-vertical_scenario,633,185,3,-7,4,0,90,15,1,128514,WheelchairAgent(Clone),10,12,1.3,1.17,6.089844,1,False,3,0,0
2026-03-07_02.12.51,222,sign-optimization-horizontal-vertical_scenario,633,185,3,-7,4,0,90,15,1,128515,AdultMaleAgent(Clone),6,12,1.71,1.58,5.116211,1,False,2,0,0
2026-03-07_02.12.51,222,sign-optimization-horizontal-vertical_scenario,633,185,3,-7,4,0,90,15,1,128516,AdultFemaleAgent(Clone),10,12,1.58,1.45,6.435547,1,False,3,0,0
2026-03-07_02.12.51,222,sign-optimization-horizontal-vertical_scenario,633,185,3,-7,4,0,90,15,1,128517,AdultMaleAgent(Clone),11,10,1.71,1.58,0,0,False,3,0,0
2026-03-07_02.12.51,222,sign-optimization-horizontal-vertical_scenario,633,185,3,-7,4,0,90,15,1,128518,AdultMaleAgent(Clone),7,11,1.71,1.58,0,0,True,2,1,0.5
2026-03-07_02.12.51,222,sign-optimization-horizontal-vertical_scenario,633,185,3,-7,4,0,90,15,1,128519,AdultFemaleAgent(Clone),5,10,1.58,1.45,0,0,True,2,1,0.5
2026-03-07_02.12.51,222,sign-optimization-horizontal-vertical_scenario,633,185,3,-7,4,0,90,15,1,128520,AdultMaleAgent(Clone),7,11,1.71,1.58,0,0,True,2,1,0.5
2026-03-07_02.12.51,222,sign-optimization-horizontal-vertical_scenario,633,185,3,-7,4,0,90,15,1,128521,AdultFemaleAgent(Clone),5,10,1.58,1.45,0,0,True,2,1,0.5
2026-03-07_02.12.51,222,sign-optimization-horizontal-vertical_scenario,633,185,3,-7,4,0,90,15,1,128522,AdultFemaleAgent(Clone),7,11,1.58,1.450001,0,0,False,2,1,0.5
2026-03-07_02.12.51,222,sign-optimization-horizontal-vertical_scenario,633,185,3,-7,4,0,90,15,1,128523,AdultFemaleAgent(Clone),5,10,1.58,1.45,0,0,True,2,1,0.5
2026-03-07_02.12.51,222,sign-optimization-horizontal-vertical_scenario,633,185,3,-7,4,0,90,15,1,128524,AdultFemaleAgent(Clone),10,12,1.58,1.45,5.248047,1,False,3,0,0
2026-03-07_02.12.51,222,sign-optimization-horizontal-vertical_scenario,633,185,3,-7,4,0,90,15,1,128525,AdultFemaleAgent(Clone),5,10,1.58,1.45,0,0,True,2,1,0.5
2026-03-07_02.12.51,222,sign-optimization-horizontal-vertical_scenario,633,185,3,-7,4,0,90,15,1,128526,AdultMaleAgent(Clone),5,10,1.71,1.58,0,0,True,2,1,0.5
2026-03-07_02.12.51,222,sign-optimization-horizontal-vertical_scenario,633,185,3,-7,4,0,90,15,1,128527,AdultFemaleAgent(Clone),7,11,1.58,1.450001,0,0,True,2,1,0.5
2026-03-07_02.12.51,222,sign-optimization-horizontal-vertical_scenario,633,185,3,-7,4,0,90,15,1,128528,WheelchairAgent(Clone),10,12,1.3,1.17,5.962891,1,False,3,0,0
2026-03-07_02.12.51,222,sign-optimization-horizontal-vertical_scenario,633,185,3,-7,4,0,90,15,1,128529,AdultMaleAgent(Clone),5,10,1.71,1.58,0,0,True,2,1,0.5
2026-03-07_02.12.51,222,sign-optimization-horizontal-vertical_scenario,633,185,3,-7,4,0,90,15,1,128530,AdultMaleAgent(Clone),6,12,1.71,1.58,2.973633,1,False,2,0,0
2026-03-07_02.12.51,222,sign-optimization-horizontal-vertical_scenario,633,185,3,-7,4,0,90,15,1,128531,AdultMaleAgent(Clone),10,12,1.71,1.58,5.606445,1,False,3,0,0
2026-03-07_02.12.51,222,sign-optimization-horizontal-vertical_scenario,633,185,3,-7,4,0,90,15,1,128532,AdultMaleAgent(Clone),10,12,1.71,1.58,6.115234,1,False,3,0,0
2026-03-07_02.12.51,222,sign-optimization-horizontal-vertical_scenario,633,185,3,-7,4,0,90,15,1,128533,WheelchairAgent(Clone),10,12,1.3,1.17,5.380859,1,False,3,0,0
2026-03-07_02.12.51,222,sign-optimization-horizontal-vertical_scenario,633,185,3,-7,4,0,90,15,1,128534,AdultMaleAgent(Clone),11,10,1.71,1.58,0,0,False,3,0,0
2026-03-07_02.12.51,222,sign-optimization-horizontal-vertical_scenario,633,185,3,-7,4,0,90,15,1,128535,AdultFemaleAgent(Clone),6,12,1.58,1.45,0.6191406,1,False,2,0,0
2026-03-07_02.12.51,222,sign-optimization-horizontal-vertical_scenario,633,185,3,-7,4,0,90,15,1,128536,AdultMaleAgent(Clone),10,12,1.71,1.58,5.362305,1,False,3,0,0
2026-03-07_02.12.51,222,sign-optimization-horizontal-vertical_scenario,633,185,3,-7,4,0,90,15,1,128537,WheelchairAgent(Clone),10,12,1.3,1.17,0,0,False,3,0,0
2026-03-07_02.12.51,222,sign-optimization-horizontal-vertical_scenario,633,185,3,-7,4,0,90,15,1,128538,WheelchairAgent(Clone),5,10,1.3,1.17,0,0,False,2,1,0.5
2026-03-07_02.12.51,222,sign-optimization-horizontal-vertical_scenario,633,185,3,-7,4,0,90,15,1,128539,WheelchairAgent(Clone),7,11,1.3,1.17,0,0,True,2,1,0.5
2026-03-07_02.12.51,222,sign-optimization-horizontal-vertical_scenario,633,185,3,-7,4,0,90,15,1,128540,AdultMaleAgent(Clone),10,12,1.71,1.58,6.207031,1,False,3,0,0
2026-03-07_02.12.51,222,sign-optimization-horizontal-vertical_scenario,633,185,3,-7,4,0,90,15,1,128541,AdultFemaleAgent(Clone),5,10,1.58,1.45,0,0,True,2,1,0.5
2026-03-07_02.12.51,222,sign-optimization-horizontal-vertical_scenario,633,185,3,-7,4,0,90,15,1,128542,AdultFemaleAgent(Clone),5,10,1.58,1.45,0,0,False,2,1,0.5
2026-03-07_02.12.51,222,sign-optimization-horizontal-vertical_scenario,633,185,3,-7,4,0,90,15,1,128543,WheelchairAgent(Clone),7,11,1.3,1.17,0,0,True,2,1,0.5
2026-03-07_02.12.51,222,sign-optimization-horizontal-vertical_scenario,633,185,3,-7,4,0,90,15,1,128544,WheelchairAgent(Clone),10,12,1.3,1.17,5.493164,1,False,3,0,0
2026-03-07_02.12.51,222,sign-optimization-horizontal-vertical_scenario,633,185,3,-7,4,0,90,15,1,128545,AdultMaleAgent(Clone),10,12,1.71,1.58,0,0,False,3,0,0
2026-03-07_02.12.51,222,sign-optimization-horizontal-vertical_scenario,633,185,3,-7,4,0,90,15,1,128546,AdultMaleAgent(Clone),6,12,1.71,1.58,1.682617,1,False,2,0,0
2026-03-07_02.12.51,222,sign-optimization-horizontal-vertical_scenario,633,185,3,-7,4,0,90,15,1,128547,WheelchairAgent(Clone),11,10,1.3,1.17,0,0,False,3,0,0
2026-03-07_02.12.51,222,sign-optimization-horizontal-vertical_scenario,633,185,3,-7,4,0,90,15,1,128548,WheelchairAgent(Clone),5,10,1.3,1.17,0,0,False,2,1,0.5
2026-03-07_02.12.51,222,sign-optimization-horizontal-vertical_scenario,633,185,3,-7,4,0,90,15,1,128549,AdultFemaleAgent(Clone),10,12,1.58,1.45,0,0,False,3,0,0
2026-03-07_02.12.51,222,sign-optimization-horizontal-vertical_scenario,633,185,3,-7,4,0,90,15,1,128550,WheelchairAgent(Clone),5,10,1.3,1.17,0,0,False,2,1,0.5
2026-03-07_02.12.51,222,sign-optimization-horizontal-vertical_scenario,633,185,3,-7,4,0,90,15,1,128551,AdultMaleAgent(Clone),10,12,1.71,1.58,0,0,False,3,0,0
2026-03-07_02.12.51,222,sign-optimization-horizontal-vertical_scenario,633,185,3,-7,4,0,90,15,1,128552,WheelchairAgent(Clone),6,12,1.3,1.17,0.4619141,1,False,2,0,0
2026-03-07_02.12.51,222,sign-optimization-horizontal-vertical_scenario,633,185,3,-7,4,0,90,15,1,128553,AdultFemaleAgent(Clone),11,10,1.58,1.450001,0,0,False,3,0,0
2026-03-07_02.12.51,222,sign-optimization-horizontal-vertical_scenario,633,185,3,-7,4,0,90,15,1,128554,AdultMaleAgent(Clone),6,12,1.71,1.58,2.005859,1,False,2,0,0
2026-03-07_02.12.51,222,sign-optimization-horizontal-vertical_scenario,633,185,3,-7,4,0,90,15,1,128555,AdultMaleAgent(Clone),7,11,1.71,1.58,0,0,False,2,1,0.5
2026-03-07_02.12.51,222,sign-optimization-horizontal-vertical_scenario,633,185,3,-7,4,0,90,15,1,128556,WheelchairAgent(Clone),11,10,1.3,1.17,0,0,False,3,0,0
2026-03-07_02.12.51,222,sign-optimization-horizontal-vertical_scenario,633,185,3,-7,4,0,90,15,1,128557,WheelchairAgent(Clone),11,10,1.3,1.17,0,0,False,3,0,0
2026-03-07_02.12.51,222,sign-optimization-horizontal-vertical_scenario,633,185,3,-7,4,0,90,15,1,128558,AdultMaleAgent(Clone),11,10,1.71,1.58,0,0,False,3,0,0
2026-03-07_02.12.51,222,sign-optimization-horizontal-vertical_scenario,633,185,3,-7,4,0,90,15,1,128559,WheelchairAgent(Clone),11,10,1.3,1.17,0,0,False,3,0,0
2026-03-07_02.12.51,222,sign-optimization-horizontal-vertical_scenario,633,185,3,-7,4,0,90,15,1,128560,AdultMaleAgent(Clone),5,10,1.71,1.58,0,0,False,2,0,0
2026-03-07_02.12.51,222,sign-optimization-horizontal-vertical_scenario,633,185,3,-7,4,0,90,15,1,128561,WheelchairAgent(Clone),10,12,1.3,1.17,0,0,False,3,0,0
2026-03-07_02.12.51,222,sign-optimization-horizontal-vertical_scenario,633,185,3,-7,4,0,90,15,1,128562,AdultMaleAgent(Clone),5,10,1.71,1.58,0,0,False,2,0,0
2026-03-07_02.12.51,222,sign-optimization-horizontal-vertical_scenario,633,185,3,-7,4,0,90,15,1,128563,WheelchairAgent(Clone),11,10,1.3,1.17,0,0,False,3,0,0
2026-03-07_02.12.51,222,sign-optimization-horizontal-vertical_scenario,633,185,3,-7,4,0,90,15,1,128564,AdultMaleAgent(Clone),6,12,1.71,1.58,0,0,False,2,0,0
2026-03-07_02.12.51,222,sign-optimization-horizontal-vertical_scenario,633,185,3,-7,4,0,90,15,1,128565,AdultMaleAgent(Clone),6,12,1.71,1.58,2.829102,1,False,2,0,0
2026-03-07_02.12.51,222,sign-optimization-horizontal-vertical_scenario,633,185,3,-7,4,0,90,15,1,128566,WheelchairAgent(Clone),5,10,1.3,1.17,0,0,False,2,0,0
2026-03-07_02.12.51,222,sign-optimization-horizontal-vertical_scenario,633,185,3,-7,4,0,90,15,1,128567,AdultFemaleAgent(Clone),7,11,1.58,1.450001,0,0,False,2,0,0
2026-03-07_02.12.51,222,sign-optimization-horizontal-vertical_scenario,633,185,3,-7,4,0,90,15,1,128568,WheelchairAgent(Clone),6,12,1.3,1.17,1.758789,1,False,2,0,0
2026-03-07_02.12.51,222,sign-optimization-horizontal-vertical_scenario,633,185,3,-7,4,0,90,15,1,128569,WheelchairAgent(Clone),10,12,1.3,1.17,0,0,False,3,0,0
2026-03-07_02.12.51,222,sign-optimization-horizontal-vertical_scenario,633,185,3,-7,4,0,90,15,1,128570,AdultMaleAgent(Clone),10,12,1.71,1.58,0,0,False,3,0,0
2026-03-07_02.12.51,222,sign-optimization-horizontal-vertical_scenario,633,185,3,-7,4,0,90,15,1,128571,WheelchairAgent(Clone),7,11,1.3,1.17,0,0,True,2,1,0.5
2026-03-07_02.12.51,222,sign-optimization-horizontal-vertical_scenario,633,185,3,-7,4,0,90,15,1,128572,WheelchairAgent(Clone),6,12,1.3,1.17,0,0,False,2,0,0
2026-03-07_02.12.51,222,sign-optimization-horizontal-vertical_scenario,633,185,3,-7,4,0,90,15,1,128573,AdultFemaleAgent(Clone),6,12,1.58,1.45,0,0,False,2,0,0
2026-03-07_02.12.51,222,sign-optimization-horizontal-vertical_scenario,633,185,3,-7,4,0,90,15,1,128574,AdultFemaleAgent(Clone),6,12,1.58,1.45,0,0,False,2,0,0
2026-03-07_02.12.51,222,sign-optimization-horizontal-vertical_scenario,633,185,3,-7,4,0,90,15,1,128575,WheelchairAgent(Clone),7,11,1.3,1.17,0,0,False,2,1,0.5
2026-03-07_02.12.51,222,sign-optimization-horizontal-vertical_scenario,633,185,3,-7,4,0,90,15,1,128576,AdultMaleAgent(Clone),11,10,1.71,1.58,0,0,False,3,0,0
2026-03-07_02.12.51,222,sign-optimization-horizontal-vertical_scenario,633,185,3,-7,4,0,90,15,1,128577,AdultFemaleAgent(Clone),7,11,1.58,1.450001,0,0,False,2,1,0.5
2026-03-07_02.12.51,222,sign-optimization-horizontal-vertical_scenario,633,185,3,-7,4,0,90,15,1,128578,WheelchairAgent(Clone),10,12,1.3,1.17,0,0,False,3,0,0
2026-03-07_02.12.51,222,sign-optimization-horizontal-vertical_scenario,633,185,3,-7,4,0,90,15,1,128579,AdultMaleAgent(Clone),5,10,1.71,1.58,0,0,False,2,0,0
2026-03-07_02.12.51,222,sign-optimization-horizontal-vertical_scenario,633,185,3,-7,4,0,90,15,1,128580,AdultFemaleAgent(Clone),11,10,1.58,1.450001,0,0,False,3,0,0
2026-03-07_02.12.51,222,sign-optimization-horizontal-vertical_scenario,633,185,3,-7,4,0,90,15,1,128581,AdultMaleAgent(Clone),10,12,1.71,1.58,0,0,False,3,0,0
2026-03-07_02.12.51,222,sign-optimization-horizontal-vertical_scenario,633,185,3,-7,4,0,90,15,1,128582,AdultMaleAgent(Clone),7,11,1.71,1.58,0,0,False,2,0,0
2026-03-07_02.12.51,222,sign-optimization-horizontal-vertical_scenario,633,185,3,-7,4,0,90,15,1,128583,AdultFemaleAgent(Clone),7,11,1.58,1.450001,0,0,False,2,0,0
2026-03-07_02.12.51,222,sign-optimization-horizontal-vertical_scenario,633,185,3,-7,4,0,90,15,1,128584,AdultFemaleAgent(Clone),11,10,1.58,1.450001,0,0,False,3,0,0
2026-03-07_02.12.51,222,sign-optimization-horizontal-vertical_scenario,633,185,3,-7,4,0,90,15,1,128585,AdultMaleAgent(Clone),5,10,1.71,1.58,0,0,False,2,0,0
2026-03-07_02.12.51,222,sign-optimization-horizontal-vertical_scenario,633,185,3,-7,4,0,90,15,1,128586,AdultMaleAgent(Clone),10,12,1.71,1.58,0,0,False,3,0,0
2026-03-07_02.12.51,222,sign-optimization-horizontal-vertical_scenario,633,185,3,-7,4,0,90,15,1,128587,AdultMaleAgent(Clone),7,11,1.71,1.58,0,0,False,2,0,0
2026-03-07_02.12.51,222,sign-optimization-horizontal-vertical_scenario,633,185,3,-7,4,0,90,15,1,128588,WheelchairAgent(Clone),5,10,1.3,1.17,0,0,False,2,0,0
2026-03-07_02.12.51,222,sign-optimization-horizontal-vertical_scenario,633,185,3,-7,4,0,90,15,1,128589,AdultMaleAgent(Clone),7,11,1.71,1.58,0,0,False,2,0,0
2026-03-07_02.12.51,222,sign-optimization-horizontal-vertical_scenario,633,185,3,-7,4,0,90,15,1,128590,AdultMaleAgent(Clone),5,10,1.71,1.58,0,0,False,2,0,0
2026-03-07_02.12.51,222,sign-optimization-horizontal-vertical_scenario,633,185,3,-7,4,0,90,15,1,128591,AdultFemaleAgent(Clone),11,10,1.58,1.450001,0,0,False,3,0,0
2026-03-07_02.12.51,222,sign-optimization-horizontal-vertical_scenario,633,185,3,-7,4,0,90,15,1,128592,AdultMaleAgent(Clone),5,10,1.71,1.58,0,0,False,2,0,0
2026-03-07_02.12.51,222,sign-optimization-horizontal-vertical_scenario,633,185,3,-7,4,0,90,15,1,128593,AdultFemaleAgent(Clone),10,12,1.58,1.45,0,0,False,3,0,0
2026-03-07_02.12.51,222,sign-optimization-horizontal-vertical_scenario,633,185,3,-7,4,0,90,15,1,128594,AdultFemaleAgent(Clone),5,10,1.58,1.45,0,0,False,2,0,0
2026-03-07_02.12.51,222,sign-optimization-horizontal-vertical_scenario,633,185,3,-7,4,0,90,15,1,128595,AdultMaleAgent(Clone),10,12,1.71,1.58,0,0,False,3,0,0
2026-03-07_02.12.51,222,sign-optimization-horizontal-vertical_scenario,633,185,3,-7,4,0,90,15,1,128596,AdultMaleAgent(Clone),10,12,1.71,1.58,0,0,False,3,0,0
2026-03-07_02.12.51,222,sign-optimization-horizontal-vertical_scenario,633,185,3,-7,4,0,90,15,1,128597,WheelchairAgent(Clone),7,11,1.3,1.17,0,0,False,2,0,0
2026-03-07_02.12.51,222,sign-optimization-horizontal-vertical_scenario,633,185,3,-7,4,0,90,15,1,128598,AdultMaleAgent(Clone),10,12,1.71,1.58,0,0,False,3,0,0
2026-03-07_02.12.51,222,sign-optimization-horizontal-vertical_scenario,633,185,3,-7,4,0,90,15,1,128599,AdultMaleAgent(Clone),11,10,1.71,1.58,0,0,False,3,0,0
2026-03-07_02.12.51,222,sign-optimization-horizontal-vertical_scenario,633,185,3,-7,4,0,90,15,1,128600,AdultMaleAgent(Clone),7,11,1.71,1.58,0,0,False,2,0,0
2026-03-07_02.12.51,222,sign-optimization-horizontal-vertical_scenario,633,185,3,-7,4,0,90,15,1,128601,AdultMaleAgent(Clone),11,10,1.71,1.58,0,0,False,3,0,0
2026-03-07_02.12.51,222,sign-optimization-horizontal-vertical_scenario,633,185,3,-7,4,0,90,15,1,128602,WheelchairAgent(Clone),7,11,1.3,1.17,0,0,False,2,0,0
2026-03-07_02.12.51,222,sign-optimization-horizontal-vertical_scenario,633,185,3,-7,4,0,90,15,1,128603,WheelchairAgent(Clone),10,12,1.3,1.17,0,0,False,3,0,0
2026-03-07_02.12.51,222,sign-optimization-horizontal-vertical_scenario,633,185,3,-7,4,0,90,15,1,128604,AdultFemaleAgent(Clone),10,12,1.58,1.45,0,0,False,3,0,0
2026-03-07_02.12.51,222,sign-optimization-horizontal-vertical_scenario,633,185,3,-7,4,0,90,15,1,128605,AdultMaleAgent(Clone),7,11,1.71,1.58,0,0,False,2,0,0
2026-03-07_02.12.51,222,sign-optimization-horizontal-vertical_scenario,633,185,3,-7,4,0,90,15,1,128606,AdultFemaleAgent(Clone),11,10,1.58,1.450001,0,0,False,3,0,0
2026-03-07_02.12.51,222,sign-optimization-horizontal-vertical_scenario,633,185,3,-7,4,0,90,15,1,128607,AdultFemaleAgent(Clone),10,12,1.58,1.45,0,0,False,3,0,0
2026-03-07_02.12.51,222,sign-optimization-horizontal-vertical_scenario,633,185,3,-7,4,0,90,15,1,128608,AdultFemaleAgent(Clone),6,12,1.58,1.45,0,0,False,2,0,0
2026-03-07_02.12.51,222,sign-optimization-horizontal-vertical_scenario,633,185,3,-7,4,0,90,15,1,128609,WheelchairAgent(Clone),10,12,1.3,1.17,0,0,False,3,0,0
2026-03-07_02.12.51,222,sign-optimization-horizontal-vertical_scenario,633,185,3,-7,4,0,90,15,1,128610,WheelchairAgent(Clone),11,10,1.3,1.17,0,0,False,3,0,0
2026-03-07_02.12.51,222,sign-optimization-horizontal-vertical_scenario,633,185,3,-7,4,0,90,15,1,128611,WheelchairAgent(Clone),10,12,1.3,1.17,0,0,False,3,0,0
2026-03-07_02.12.51,222,sign-optimization-horizontal-vertical_scenario,633,185,3,-7,4,0,90,15,1,128612,AdultFemaleAgent(Clone),5,10,1.58,1.45,0,0,False,2,0,0
2026-03-07_02.12.51,222,sign-optimization-horizontal-vertical_scenario,633,185,3,-7,4,0,90,15,1,128613,AdultFemaleAgent(Clone),10,12,1.58,1.45,0,0,False,3,0,0
2026-03-07_02.12.51,222,sign-optimization-horizontal-vertical_scenario,633,185,3,-7,4,0,90,15,1,128614,WheelchairAgent(Clone),7,11,1.3,1.17,0,0,False,2,0,0
2026-03-07_02.12.51,222,sign-optimization-horizontal-vertical_scenario,633,185,3,-7,4,0,90,15,1,128615,WheelchairAgent(Clone),5,10,1.3,1.17,0,0,False,2,0,0
2026-03-07_02.12.51,222,sign-optimization-horizontal-vertical_scenario,633,185,3,-7,4,0,90,15,1,128616,AdultFemaleAgent(Clone),7,11,1.58,1.450001,0,0,False,2,0,0
2026-03-07_02.12.51,222,sign-optimization-horizontal-vertical_scenario,633,185,3,-7,4,0,90,15,1,128617,AdultFemaleAgent(Clone),11,10,1.58,1.450001,0,0,False,3,0,0
2026-03-07_02.12.51,222,sign-optimization-horizontal-vertical_scenario,633,185,3,-7,4,0,90,15,1,128618,AdultFemaleAgent(Clone),11,10,1.58,1.450001,0,0,False,3,0,0
2026-03-07_02.12.51,222,sign-optimization-horizontal-vertical_scenario,633,185,3,-7,4,0,90,15,1,128619,AdultFemaleAgent(Clone),6,12,1.58,1.45,0,0,False,2,0,0
2026-03-07_02.12.51,222,sign-optimization-horizontal-vertical_scenario,633,185,3,-7,4,0,90,15,1,128620,WheelchairAgent(Clone),5,10,1.3,1.17,0,0,False,2,0,0
2026-03-07_02.12.51,222,sign-optimization-horizontal-vertical_scenario,633,185,3,-7,4,0,90,15,1,128621,WheelchairAgent(Clone),11,10,1.3,1.17,0,0,False,3,0,0
2026-03-07_02.12.51,222,sign-optimization-horizontal-vertical_scenario,633,185,3,-7,4,0,90,15,1,128622,WheelchairAgent(Clone),10,12,1.3,1.17,0,0,False,3,0,0
2026-03-07_02.12.51,222,sign-optimization-horizontal-vertical_scenario,633,185,3,-7,4,0,90,15,1,128623,AdultFemaleAgent(Clone),6,12,1.58,1.45,0,0,False,2,0,0
2026-03-07_02.12.51,222,sign-optimization-horizontal-vertical_scenario,633,185,3,-7,4,0,90,15,1,128624,WheelchairAgent(Clone),10,12,1.3,1.17,0,0,False,3,0,0
2026-03-07_02.12.51,222,sign-optimization-horizontal-vertical_scenario,633,185,3,-7,4,0,90,15,1,128625,AdultFemaleAgent(Clone),10,12,1.58,1.45,0,0,False,3,0,0
2026-03-07_02.12.51,222,sign-optimization-horizontal-vertical_scenario,633,185,3,-7,4,0,90,15,1,128626,WheelchairAgent(Clone),11,10,1.3,1.17,0,0,False,3,0,0
2026-03-07_02.12.51,222,sign-optimization-horizontal-vertical_scenario,633,185,3,-7,4,0,90,15,1,128627,WheelchairAgent(Clone),6,12,1.3,1.17,0,0,False,2,0,0
2026-03-07_02.12.51,222,sign-optimization-horizontal-vertical_scenario,633,185,3,-7,4,0,90,15,1,128628,AdultFemaleAgent(Clone),10,12,1.58,1.45,0,0,False,3,0,0
2026-03-07_02.12.51,222,sign-optimization-horizontal-vertical_scenario,633,185,3,-7,4,0,90,15,1,128629,AdultFemaleAgent(Clone),6,12,1.58,1.45,0,0,False,2,0,0
2026-03-07_02.12.51,222,sign-optimization-horizontal-vertical_scenario,633,185,3,-7,4,0,90,15,1,128630,AdultFemaleAgent(Clone),5,10,1.58,1.45,0,0,False,2,0,0
2026-03-07_02.12.51,222,sign-optimization-horizontal-vertical_scenario,633,185,3,-7,4,0,90,15,1,128631,WheelchairAgent(Clone),7,11,1.3,1.17,0,0,False,2,0,0
2026-03-07_02.12.51,222,sign-optimization-horizontal-vertical_scenario,633,185,3,-7,4,0,90,15,1,128632,AdultMaleAgent(Clone),10,12,1.71,1.58,0,0,False,3,0,0
2026-03-07_02.12.51,222,sign-optimization-horizontal-vertical_scenario,633,185,3,-7,4,0,90,15,1,128633,AdultFemaleAgent(Clone),7,11,1.58,1.450001,0,0,False,2,0,0
2026-03-07_02.12.51,222,sign-optimization-horizontal-vertical_scenario,633,185,3,-7,4,0,90,15,1,128634,WheelchairAgent(Clone),7,11,1.3,1.17,0,0,False,2,0,0
2026-03-07_02.12.51,222,sign-optimization-horizontal-vertical_scenario,633,185,3,-7,4,0,90,15,1,128635,AdultFemaleAgent(Clone),5,10,1.58,1.45,0,0,False,2,0,0
2026-03-07_02.12.51,222,sign-optimization-horizontal-vertical_scenario,633,185,3,-7,4,0,90,15,1,128636,WheelchairAgent(Clone),11,10,1.3,1.17,0,0,False,3,0,0
2026-03-07_02.12.51,222,sign-optimization-horizontal-vertical_scenario,633,185,3,-7,4,0,90,15,1,128637,WheelchairAgent(Clone),6,12,1.3,1.17,0,0,False,2,0,0
2026-03-07_02.12.51,222,sign-optimization-horizontal-vertical_scenario,633,185,3,-7,4,0,90,15,1,128638,AdultMaleAgent(Clone),11,10,1.71,1.58,0,0,False,3,0,0
2026-03-07_02.12.51,222,sign-optimization-horizontal-vertical_scenario,633,185,3,-7,4,0,90,15,1,128639,AdultMaleAgent(Clone),7,11,1.71,1.58,0,0,False,2,0,0
2026-03-07_02.12.51,222,sign-optimization-horizontal-vertical_scenario,633,185,3,-7,4,0,90,15,1,128640,WheelchairAgent(Clone),5,10,1.3,1.17,0,0,False,2,0,0
2026-03-07_02.12.51,222,sign-optimization-horizontal-vertical_scenario,633,185,3,-7,4,0,90,15,1,128641,AdultMaleAgent(Clone),7,11,1.71,1.58,0,0,False,2,0,0
2026-03-07_02.12.51,222,sign-optimization-horizontal-vertical_scenario,633,185,3,-7,4,0,90,15,1,128642,WheelchairAgent(Clone),7,11,1.3,1.17,0,0,False,2,0,0
2026-03-07_02.12.51,222,sign-optimization-horizontal-vertical_scenario,633,185,3,-7,4,0,90,15,1,128643,WheelchairAgent(Clone),10,12,1.3,1.17,0,0,False,3,0,0
2026-03-07_02.12.51,222,sign-optimization-horizontal-vertical_scenario,633,185,3,-7,4,0,90,15,1,128644,AdultMaleAgent(Clone),5,10,1.71,1.58,0,0,False,2,0,0
2026-03-07_02.12.51,222,sign-optimization-horizontal-vertical_scenario,633,185,3,-7,4,0,90,15,1,128645,WheelchairAgent(Clone),10,12,1.3,1.17,0,0,False,3,0,0
2026-03-07_02.12.51,222,sign-optimization-horizontal-vertical_scenario,633,185,3,-7,4,0,90,15,1,128646,AdultFemaleAgent(Clone),5,10,1.58,1.45,0,0,False,2,0,0
2026-03-07_02.12.51,222,sign-optimization-horizontal-vertical_scenario,633,185,3,-7,4,0,90,15,1,128647,AdultMaleAgent(Clone),11,10,1.71,1.58,0,0,False,3,0,0
2026-03-07_02.12.51,222,sign-optimization-horizontal-vertical_scenario,633,185,3,-7,4,0,90,15,1,128648,AdultMaleAgent(Clone),7,11,1.71,1.58,0,0,False,2,0,0
2026-03-07_02.12.51,222,sign-optimization-horizontal-vertical_scenario,633,185,3,-7,4,0,90,15,1,128649,WheelchairAgent(Clone),10,12,1.3,1.17,0,0,False,3,0,0
2026-03-07_02.12.51,222,sign-optimization-horizontal-vertical_scenario,633,185,3,-7,4,0,90,15,1,128650,WheelchairAgent(Clone),6,12,1.3,1.17,0,0,False,2,0,0
2026-03-07_02.12.51,222,sign-optimization-horizontal-vertical_scenario,633,185,3,-7,4,0,90,15,1,128651,WheelchairAgent(Clone),11,10,1.3,1.17,0,0,False,3,0,0
2026-03-07_02.12.51,222,sign-optimization-horizontal-vertical_scenario,633,185,3,-7,4,0,90,15,1,128652,AdultFemaleAgent(Clone),6,12,1.58,1.45,0,0,False,2,0,0
2026-03-07_02.12.51,222,sign-optimization-horizontal-vertical_scenario,633,185,3,-7,4,0,90,15,1,128653,AdultFemaleAgent(Clone),7,11,1.58,1.450001,0,0,False,2,0,0
2026-03-07_02.12.51,222,sign-optimization-horizontal-vertical_scenario,633,185,3,-7,4,0,90,15,1,128654,AdultMaleAgent(Clone),6,12,1.71,1.58,0,0,False,2,0,0
2026-03-07_02.12.51,222,sign-optimization-horizontal-vertical_scenario,633,185,3,-7,4,0,90,15,1,128655,AdultMaleAgent(Clone),10,12,1.71,1.58,0,0,False,3,0,0
2026-03-07_02.12.51,222,sign-optimization-horizontal-vertical_scenario,633,185,3,-7,4,0,90,15,1,128656,WheelchairAgent(Clone),10,12,1.3,1.17,0,0,False,3,0,0
2026-03-07_02.12.51,222,sign-optimization-horizontal-vertical_scenario,633,185,3,-7,4,0,90,15,1,128657,WheelchairAgent(Clone),7,11,1.3,1.17,0,0,False,2,0,0
2026-03-07_02.12.51,222,sign-optimization-horizontal-vertical_scenario,633,185,3,-7,4,0,90,15,1,128658,WheelchairAgent(Clone),11,10,1.3,1.17,0,0,False,3,0,0
2026-03-07_02.12.51,222,sign-optimization-horizontal-vertical_scenario,633,185,3,-7,4,0,90,15,1,128659,WheelchairAgent(Clone),7,11,1.3,1.17,0,0,False,2,0,0
2026-03-07_02.12.51,222,sign-optimization-horizontal-vertical_scenario,633,185,3,-7,4,0,90,15,1,128660,AdultMaleAgent(Clone),6,12,1.71,1.58,0,0,False,2,0,0
2026-03-07_02.12.51,222,sign-optimization-horizontal-vertical_scenario,633,185,3,-7,4,0,90,15,1,128661,WheelchairAgent(Clone),10,12,1.3,1.17,0,0,False,3,0,0
2026-03-07_02.12.51,222,sign-optimization-horizontal-vertical_scenario,633,185,3,-7,4,0,90,15,1,128662,WheelchairAgent(Clone),7,11,1.3,1.17,0,0,False,2,0,0
2026-03-07_02.12.51,222,sign-optimization-horizontal-vertical_scenario,633,185,3,-7,4,0,90,15,1,128663,AdultFemaleAgent(Clone),6,12,1.58,1.45,0,0,False,2,0,0
2026-03-07_02.12.51,222,sign-optimization-horizontal-vertical_scenario,633,185,3,-7,4,0,90,15,1,128664,WheelchairAgent(Clone),6,12,1.3,1.17,0,0,False,2,0,0
2026-03-07_02.12.51,222,sign-optimization-horizontal-vertical_scenario,633,185,3,-7,4,0,90,15,1,128665,AdultMaleAgent(Clone),10,12,1.71,1.58,0,0,False,3,0,0
