Timestamp,RunIndex,ScenarioID,TotalAgents,VisibleSignCount,SignHeight,SignPositionX,SignPositionZ,SignOrientation,VcaAngle,VcaDistance,SignComprehensionTime,AgentID,AgentType,StartNode,GoalNode,Height,EyeHeight,TimeInVCA,TimesInVCA,SawSign,TotalNodesNavigated,NodesWithDetection,RDEffective
2026-03-06_20.57.01,217,sign-optimization-horizontal-vertical_scenario,619,34,3,-12,4,90,90,15,1,125180,WheelchairAgent(Clone),5,10,1.3,1.17,0.4960938,1,False,2,0,0
2026-03-06_20.57.01,217,sign-optimization-horizontal-vertical_scenario,619,34,3,-12,4,90,90,15,1,125181,AdultMaleAgent(Clone),10,12,1.71,1.58,7.647461,1,False,3,0,0
2026-03-06_20.57.01,217,sign-optimization-horizontal-vertical_scenario,619,34,3,-12,4,90,90,15,1,125182,AdultFemaleAgent(Clone),7,11,1.58,1.450001,0,0,False,2,0,0
2026-03-06_20.57.01,217,sign-optimization-horizontal-vertical_scenario,619,34,3,-12,4,90,90,15,1,125183,AdultMaleAgent(Clone),11,10,1.71,1.58,0,0,False,3,0,0
2026-03-06_20.57.01,217,sign-optimization-horizontal-vertical_scenario,619,34,3,-12,4,90,90,15,1,125184,AdultMaleAgent(Clone),7,11,1.71,1.58,2.0625,2,True,2,1,0.5
2026-03-06_20.57.01,217,sign-optimization-horizontal-vertical_scenario,619,34,3,-12,4,90,90,15,1,125185,AdultFemaleAgent(Clone),10,12,1.58,1.45,10.45801,1,False,3,0,0
2026-03-06_20.57.01,217,sign-optimization-horizontal-vertical_scenario,619,34,3,-12,4,90,90,15,1,125186,WheelchairAgent(Clone),11,10,1.3,1.17,0.5341797,3,False,3,0,0
2026-03-06_20.57.01,217,sign-optimization-horizontal-vertical_scenario,619,34,3,-12,4,90,90,15,1,125187,AdultMaleAgent(Clone),7,11,1.71,1.58,0,0,False,2,0,0
2026-03-06_20.57.01,217,sign-optimization-horizontal-vertical_scenario,619,34,3,-12,4,90,90,15,1,125188,WheelchairAgent(Clone),10,12,1.3,1.17,7.836914,1,False,3,0,0
2026-03-06_20.57.01,217,sign-optimization-horizontal-vertical_scenario,619,34,3,-12,4,90,90,15,1,125189,AdultFemaleAgent(Clone),6,12,1.58,1.45,12.74316,1,True,2,1,0.5
2026-03-06_20.57.01,217,sign-optimization-horizontal-vertical_scenario,619,34,3,-12,4,90,90,15,1,125190,AdultFemaleAgent(Clone),7,11,1.58,1.450001,0,0,False,2,0,0
2026-03-06_20.57.01,217,sign-optimization-horizontal-vertical_scenario,619,34,3,-12,4,90,90,15,1,125191,AdultMaleAgent(Clone),11,10,1.71,1.58,0,0,False,3,0,0
2026-03-06_20.57.01,217,sign-optimization-horizontal-vertical_scenario,619,34,3,-12,4,90,90,15,1,125192,AdultMaleAgent(Clone),10,12,1.71,1.58,8.084961,1,False,3,0,0
2026-03-06_20.57.01,217,sign-optimization-horizontal-vertical_scenario,619,34,3,-12,4,90,90,15,1,125193,AdultMaleAgent(Clone),11,10,1.71,1.58,0,0,False,3,0,0
2026-03-06_20.57.01,217,sign-optimization-horizontal-vertical_scenario,619,34,3,-12,4,90,90,15,1,125194,AdultMaleAgent(Clone),10,12,1.71,1.58,9.976563,1,False,3,0,0
2026-03-06_20.57.01,217,sign-optimization-horizontal-vertical_scenario,619,34,3,-12,4,90,90,15,1,125195,AdultFemaleAgent(Clone),5,10,1.58,1.45,0,0,False,2,0,0
2026-03-06_20.57.01,217,sign-optimization-horizontal-vertical_scenario,619,34,3,-12,4,90,90,15,1,125196,AdultFemaleAgent(Clone),10,12,1.58,1.45,8.921875,1,False,3,0,0
2026-03-06_20.57.01,217,sign-optimization-horizontal-vertical_scenario,619,34,3,-12,4,90,90,15,1,125197,AdultFemaleAgent(Clone),7,11,1.58,1.450001,0,0,False,2,0,0
2026-03-06_20.57.01,217,sign-optimization-horizontal-vertical_scenario,619,34,3,-12,4,90,90,15,1,125198,AdultFemaleAgent(Clone),5,10,1.58,1.45,0,0,False,2,0,0
2026-03-06_20.57.01,217,sign-optimization-horizontal-vertical_scenario,619,34,3,-12,4,90,90,15,1,125199,AdultMaleAgent(Clone),7,11,1.71,1.58,0.4121094,2,False,2,1,0.5
2026-03-06_20.57.01,217,sign-optimization-horizontal-vertical_scenario,619,34,3,-12,4,90,90,15,1,125200,AdultMaleAgent(Clone),6,12,1.71,1.58,10.75391,1,True,2,1,0.5
2026-03-06_20.57.01,217,sign-optimization-horizontal-vertical_scenario,619,34,3,-12,4,90,90,15,1,125201,AdultMaleAgent(Clone),6,12,1.71,1.58,6.771484,1,False,2,0,0
2026-03-06_20.57.01,217,sign-optimization-horizontal-vertical_scenario,619,34,3,-12,4,90,90,15,1,125202,AdultMaleAgent(Clone),11,10,1.71,1.58,0,0,False,3,0,0
2026-03-06_20.57.01,217,sign-optimization-horizontal-vertical_scenario,619,34,3,-12,4,90,90,15,1,125203,AdultFemaleAgent(Clone),11,10,1.58,1.450001,0.1660156,1,False,3,0,0
2026-03-06_20.57.01,217,sign-optimization-horizontal-vertical_scenario,619,34,3,-12,4,90,90,15,1,125204,AdultFemaleAgent(Clone),6,12,1.58,1.45,4.041992,1,False,2,0,0
2026-03-06_20.57.01,217,sign-optimization-horizontal-vertical_scenario,619,34,3,-12,4,90,90,15,1,125205,AdultFemaleAgent(Clone),6,12,1.58,1.45,8.662109,1,False,2,1,0.5
2026-03-06_20.57.01,217,sign-optimization-horizontal-vertical_scenario,619,34,3,-12,4,90,90,15,1,125206,AdultFemaleAgent(Clone),10,12,1.58,1.45,9.614258,1,False,3,0,0
2026-03-06_20.57.01,217,sign-optimization-horizontal-vertical_scenario,619,34,3,-12,4,90,90,15,1,125207,AdultMaleAgent(Clone),10,12,1.71,1.58,9.536133,1,False,3,0,0
2026-03-06_20.57.01,217,sign-optimization-horizontal-vertical_scenario,619,34,3,-12,4,90,90,15,1,125208,WheelchairAgent(Clone),6,12,1.3,1.17,7.948242,1,False,2,0,0
2026-03-06_20.57.01,217,sign-optimization-horizontal-vertical_scenario,619,34,3,-12,4,90,90,15,1,125209,AdultMaleAgent(Clone),10,12,1.71,1.58,11.86719,1,False,3,0,0
2026-03-06_20.57.01,217,sign-optimization-horizontal-vertical_scenario,619,34,3,-12,4,90,90,15,1,125210,AdultFemaleAgent(Clone),11,10,1.58,1.450001,5.358398,1,False,3,0,0
2026-03-06_20.57.01,217,sign-optimization-horizontal-vertical_scenario,619,34,3,-12,4,90,90,15,1,125211,AdultMaleAgent(Clone),6,12,1.71,1.58,4.318359,1,False,2,0,0
2026-03-06_20.57.01,217,sign-optimization-horizontal-vertical_scenario,619,34,3,-12,4,90,90,15,1,125212,AdultFemaleAgent(Clone),11,10,1.58,1.450001,3.369141,1,False,3,0,0
2026-03-06_20.57.01,217,sign-optimization-horizontal-vertical_scenario,619,34,3,-12,4,90,90,15,1,125213,AdultFemaleAgent(Clone),6,12,1.58,1.45,12.49805,1,True,2,1,0.5
2026-03-06_20.57.01,217,sign-optimization-horizontal-vertical_scenario,619,34,3,-12,4,90,90,15,1,125214,AdultMaleAgent(Clone),5,10,1.71,1.58,1.206055,1,False,2,0,0
2026-03-06_20.57.01,217,sign-optimization-horizontal-vertical_scenario,619,34,3,-12,4,90,90,15,1,125215,AdultFemaleAgent(Clone),5,10,1.58,1.45,0,0,False,2,0,0
2026-03-06_20.57.01,217,sign-optimization-horizontal-vertical_scenario,619,34,3,-12,4,90,90,15,1,125216,AdultMaleAgent(Clone),5,10,1.71,1.58,2.955078,1,False,2,1,0.5
2026-03-06_20.57.01,217,sign-optimization-horizontal-vertical_scenario,619,34,3,-12,4,90,90,15,1,125217,WheelchairAgent(Clone),5,10,1.3,1.17,0,0,False,2,0,0
2026-03-06_20.57.01,217,sign-optimization-horizontal-vertical_scenario,619,34,3,-12,4,90,90,15,1,125218,WheelchairAgent(Clone),6,12,1.3,1.17,9.348633,1,False,2,1,0.5
2026-03-06_20.57.01,217,sign-optimization-horizontal-vertical_scenario,619,34,3,-12,4,90,90,15,1,125219,WheelchairAgent(Clone),6,12,1.3,1.17,11.55469,1,False,2,1,0.5
2026-03-06_20.57.01,217,sign-optimization-horizontal-vertical_scenario,619,34,3,-12,4,90,90,15,1,125220,AdultMaleAgent(Clone),7,11,1.71,1.58,1.978516,2,True,2,1,0.5
2026-03-06_20.57.01,217,sign-optimization-horizontal-vertical_scenario,619,34,3,-12,4,90,90,15,1,125221,AdultMaleAgent(Clone),10,12,1.71,1.58,9.037109,1,False,3,0,0
2026-03-06_20.57.01,217,sign-optimization-horizontal-vertical_scenario,619,34,3,-12,4,90,90,15,1,125222,AdultMaleAgent(Clone),6,12,1.71,1.58,9.204102,1,False,2,0,0
2026-03-06_20.57.01,217,sign-optimization-horizontal-vertical_scenario,619,34,3,-12,4,90,90,15,1,125223,WheelchairAgent(Clone),11,10,1.3,1.17,0,0,False,3,0,0
2026-03-06_20.57.01,217,sign-optimization-horizontal-vertical_scenario,619,34,3,-12,4,90,90,15,1,125224,AdultFemaleAgent(Clone),6,12,1.58,1.45,6.697266,1,False,2,0,0
2026-03-06_20.57.01,217,sign-optimization-horizontal-vertical_scenario,619,34,3,-12,4,90,90,15,1,125225,WheelchairAgent(Clone),10,12,1.3,1.17,8.801758,1,False,3,0,0
2026-03-06_20.57.01,217,sign-optimization-horizontal-vertical_scenario,619,34,3,-12,4,90,90,15,1,125226,WheelchairAgent(Clone),7,11,1.3,1.17,0,0,False,2,0,0
2026-03-06_20.57.01,217,sign-optimization-horizontal-vertical_scenario,619,34,3,-12,4,90,90,15,1,125227,WheelchairAgent(Clone),6,12,1.3,1.17,0,0,False,2,0,0
2026-03-06_20.57.01,217,sign-optimization-horizontal-vertical_scenario,619,34,3,-12,4,90,90,15,1,125228,WheelchairAgent(Clone),5,10,1.3,1.17,1.161133,1,False,2,0,0
2026-03-06_20.57.01,217,sign-optimization-horizontal-vertical_scenario,619,34,3,-12,4,90,90,15,1,125229,AdultMaleAgent(Clone),10,12,1.71,1.58,10.69727,1,False,3,0,0
2026-03-06_20.57.01,217,sign-optimization-horizontal-vertical_scenario,619,34,3,-12,4,90,90,15,1,125230,WheelchairAgent(Clone),6,12,1.3,1.17,9.036133,1,False,2,0,0
2026-03-06_20.57.01,217,sign-optimization-horizontal-vertical_scenario,619,34,3,-12,4,90,90,15,1,125231,WheelchairAgent(Clone),7,11,1.3,1.17,0.5917969,2,False,2,0,0
2026-03-06_20.57.01,217,sign-optimization-horizontal-vertical_scenario,619,34,3,-12,4,90,90,15,1,125232,AdultFemaleAgent(Clone),10,12,1.58,1.45,9.506836,1,False,3,0,0
2026-03-06_20.57.01,217,sign-optimization-horizontal-vertical_scenario,619,34,3,-12,4,90,90,15,1,125233,WheelchairAgent(Clone),7,11,1.3,1.17,0.3398438,2,False,2,1,0.5
2026-03-06_20.57.01,217,sign-optimization-horizontal-vertical_scenario,619,34,3,-12,4,90,90,15,1,125234,AdultFemaleAgent(Clone),7,11,1.58,1.450001,2.731445,2,False,2,1,0.5
2026-03-06_20.57.01,217,sign-optimization-horizontal-vertical_scenario,619,34,3,-12,4,90,90,15,1,125235,AdultFemaleAgent(Clone),6,12,1.58,1.45,11.66211,1,False,2,1,0.5
2026-03-06_20.57.01,217,sign-optimization-horizontal-vertical_scenario,619,34,3,-12,4,90,90,15,1,125236,AdultFemaleAgent(Clone),10,12,1.58,1.45,9.522461,1,False,3,0,0
2026-03-06_20.57.01,217,sign-optimization-horizontal-vertical_scenario,619,34,3,-12,4,90,90,15,1,125237,AdultFemaleAgent(Clone),10,12,1.58,1.45,9.741211,1,False,3,0,0
2026-03-06_20.57.01,217,sign-optimization-horizontal-vertical_scenario,619,34,3,-12,4,90,90,15,1,125238,AdultFemaleAgent(Clone),11,10,1.58,1.450001,0,0,False,3,0,0
2026-03-06_20.57.01,217,sign-optimization-horizontal-vertical_scenario,619,34,3,-12,4,90,90,15,1,125239,AdultMaleAgent(Clone),6,12,1.71,1.58,8.099609,1,False,2,0,0
2026-03-06_20.57.01,217,sign-optimization-horizontal-vertical_scenario,619,34,3,-12,4,90,90,15,1,125240,AdultFemaleAgent(Clone),5,10,1.58,1.45,2.637695,1,False,2,0,0
2026-03-06_20.57.01,217,sign-optimization-horizontal-vertical_scenario,619,34,3,-12,4,90,90,15,1,125241,WheelchairAgent(Clone),11,10,1.3,1.17,0,0,False,3,0,0
2026-03-06_20.57.01,217,sign-optimization-horizontal-vertical_scenario,619,34,3,-12,4,90,90,15,1,125242,AdultMaleAgent(Clone),10,12,1.71,1.58,8.300781,1,False,3,0,0
2026-03-06_20.57.01,217,sign-optimization-horizontal-vertical_scenario,619,34,3,-12,4,90,90,15,1,125243,WheelchairAgent(Clone),11,10,1.3,1.17,0,0,False,3,0,0
2026-03-06_20.57.01,217,sign-optimization-horizontal-vertical_scenario,619,34,3,-12,4,90,90,15,1,125244,WheelchairAgent(Clone),10,12,1.3,1.17,9.679688,1,False,3,0,0
2026-03-06_20.57.01,217,sign-optimization-horizontal-vertical_scenario,619,34,3,-12,4,90,90,15,1,125245,WheelchairAgent(Clone),6,12,1.3,1.17,13.37402,1,False,2,1,0.5
2026-03-06_20.57.01,217,sign-optimization-horizontal-vertical_scenario,619,34,3,-12,4,90,90,15,1,125246,WheelchairAgent(Clone),7,11,1.3,1.17,0,0,False,2,0,0
2026-03-06_20.57.01,217,sign-optimization-horizontal-vertical_scenario,619,34,3,-12,4,90,90,15,1,125247,AdultFemaleAgent(Clone),5,10,1.58,1.45,1.508789,1,False,2,0,0
2026-03-06_20.57.01,217,sign-optimization-horizontal-vertical_scenario,619,34,3,-12,4,90,90,15,1,125248,WheelchairAgent(Clone),6,12,1.3,1.17,10.31934,1,False,2,0,0
2026-03-06_20.57.01,217,sign-optimization-horizontal-vertical_scenario,619,34,3,-12,4,90,90,15,1,125249,AdultMaleAgent(Clone),7,11,1.71,1.58,0,0,False,2,0,0
2026-03-06_20.57.01,217,sign-optimization-horizontal-vertical_scenario,619,34,3,-12,4,90,90,15,1,125250,WheelchairAgent(Clone),7,11,1.3,1.17,1.265625,2,False,2,1,0.5
2026-03-06_20.57.01,217,sign-optimization-horizontal-vertical_scenario,619,34,3,-12,4,90,90,15,1,125251,WheelchairAgent(Clone),7,11,1.3,1.17,0,0,False,2,0,0
2026-03-06_20.57.01,217,sign-optimization-horizontal-vertical_scenario,619,34,3,-12,4,90,90,15,1,125252,WheelchairAgent(Clone),10,12,1.3,1.17,7.029297,1,False,3,0,0
2026-03-06_20.57.01,217,sign-optimization-horizontal-vertical_scenario,619,34,3,-12,4,90,90,15,1,125253,AdultFemaleAgent(Clone),11,10,1.58,1.450001,6.395508,1,False,3,0,0
2026-03-06_20.57.01,217,sign-optimization-horizontal-vertical_scenario,619,34,3,-12,4,90,90,15,1,125254,AdultFemaleAgent(Clone),7,11,1.58,1.450001,0.4228516,2,False,2,1,0.5
2026-03-06_20.57.01,217,sign-optimization-horizontal-vertical_scenario,619,34,3,-12,4,90,90,15,1,125255,AdultMaleAgent(Clone),6,12,1.71,1.58,10.17676,1,False,2,1,0.5
2026-03-06_20.57.01,217,sign-optimization-horizontal-vertical_scenario,619,34,3,-12,4,90,90,15,1,125256,AdultFemaleAgent(Clone),7,11,1.58,1.450001,0.7724609,2,False,2,1,0.5
2026-03-06_20.57.01,217,sign-optimization-horizontal-vertical_scenario,619,34,3,-12,4,90,90,15,1,125257,AdultFemaleAgent(Clone),11,10,1.58,1.450001,0,0,False,3,0,0
2026-03-06_20.57.01,217,sign-optimization-horizontal-vertical_scenario,619,34,3,-12,4,90,90,15,1,125258,WheelchairAgent(Clone),11,10,1.3,1.17,11.66504,1,False,3,1,0.3333333
2026-03-06_20.57.01,217,sign-optimization-horizontal-vertical_scenario,619,34,3,-12,4,90,90,15,1,125259,AdultMaleAgent(Clone),7,11,1.71,1.58,4.103516,2,False,2,1,0.5
2026-03-06_20.57.01,217,sign-optimization-horizontal-vertical_scenario,619,34,3,-12,4,90,90,15,1,125260,AdultMaleAgent(Clone),7,11,1.71,1.58,0,0,False,2,0,0
2026-03-06_20.57.01,217,sign-optimization-horizontal-vertical_scenario,619,34,3,-12,4,90,90,15,1,125261,WheelchairAgent(Clone),6,12,1.3,1.17,3.087891,1,False,2,0,0
2026-03-06_20.57.01,217,sign-optimization-horizontal-vertical_scenario,619,34,3,-12,4,90,90,15,1,125262,AdultFemaleAgent(Clone),7,11,1.58,1.450001,0,0,False,2,0,0
2026-03-06_20.57.01,217,sign-optimization-horizontal-vertical_scenario,619,34,3,-12,4,90,90,15,1,125263,WheelchairAgent(Clone),7,11,1.3,1.17,1.431641,2,False,2,0,0
2026-03-06_20.57.01,217,sign-optimization-horizontal-vertical_scenario,619,34,3,-12,4,90,90,15,1,125264,AdultMaleAgent(Clone),11,10,1.71,1.58,12.97363,1,True,3,1,0.3333333
2026-03-06_20.57.01,217,sign-optimization-horizontal-vertical_scenario,619,34,3,-12,4,90,90,15,1,125265,WheelchairAgent(Clone),10,12,1.3,1.17,9.185547,1,False,3,0,0
2026-03-06_20.57.01,217,sign-optimization-horizontal-vertical_scenario,619,34,3,-12,4,90,90,15,1,125266,WheelchairAgent(Clone),10,12,1.3,1.17,9.592773,1,False,3,0,0
2026-03-06_20.57.01,217,sign-optimization-horizontal-vertical_scenario,619,34,3,-12,4,90,90,15,1,125267,WheelchairAgent(Clone),5,10,1.3,1.17,2.807617,1,False,2,1,0.5
2026-03-06_20.57.01,217,sign-optimization-horizontal-vertical_scenario,619,34,3,-12,4,90,90,15,1,125268,AdultMaleAgent(Clone),7,11,1.71,1.58,0.2324219,1,False,2,0,0
2026-03-06_20.57.01,217,sign-optimization-horizontal-vertical_scenario,619,34,3,-12,4,90,90,15,1,125269,WheelchairAgent(Clone),7,11,1.3,1.17,0,0,False,2,0,0
2026-03-06_20.57.01,217,sign-optimization-horizontal-vertical_scenario,619,34,3,-12,4,90,90,15,1,125270,AdultFemaleAgent(Clone),7,11,1.58,1.450001,2.145508,2,True,2,1,0.5
2026-03-06_20.57.01,217,sign-optimization-horizontal-vertical_scenario,619,34,3,-12,4,90,90,15,1,125271,AdultMaleAgent(Clone),7,11,1.71,1.58,1.12793,2,False,2,1,0.5
2026-03-06_20.57.01,217,sign-optimization-horizontal-vertical_scenario,619,34,3,-12,4,90,90,15,1,125272,AdultFemaleAgent(Clone),6,12,1.58,1.45,15.45313,1,True,2,1,0.5
2026-03-06_20.57.01,217,sign-optimization-horizontal-vertical_scenario,619,34,3,-12,4,90,90,15,1,125273,AdultFemaleAgent(Clone),7,11,1.58,1.450001,0,0,False,2,0,0
2026-03-06_20.57.01,217,sign-optimization-horizontal-vertical_scenario,619,34,3,-12,4,90,90,15,1,125274,WheelchairAgent(Clone),6,12,1.3,1.17,4.946289,1,False,2,0,0
2026-03-06_20.57.01,217,sign-optimization-horizontal-vertical_scenario,619,34,3,-12,4,90,90,15,1,125275,AdultMaleAgent(Clone),5,10,1.71,1.58,0,0,False,2,0,0
2026-03-06_20.57.01,217,sign-optimization-horizontal-vertical_scenario,619,34,3,-12,4,90,90,15,1,125276,AdultFemaleAgent(Clone),6,12,1.58,1.45,9.164063,1,False,2,0,0
2026-03-06_20.57.01,217,sign-optimization-horizontal-vertical_scenario,619,34,3,-12,4,90,90,15,1,125277,AdultFemaleAgent(Clone),5,10,1.58,1.45,0,0,False,2,0,0
2026-03-06_20.57.01,217,sign-optimization-horizontal-vertical_scenario,619,34,3,-12,4,90,90,15,1,125278,AdultMaleAgent(Clone),10,12,1.71,1.58,8.460938,1,False,3,0,0
2026-03-06_20.57.01,217,sign-optimization-horizontal-vertical_scenario,619,34,3,-12,4,90,90,15,1,125279,WheelchairAgent(Clone),7,11,1.3,1.17,2.226563,2,False,2,1,0.5
2026-03-06_20.57.01,217,sign-optimization-horizontal-vertical_scenario,619,34,3,-12,4,90,90,15,1,125280,AdultMaleAgent(Clone),6,12,1.71,1.58,12.56641,1,True,2,1,0.5
2026-03-06_20.57.01,217,sign-optimization-horizontal-vertical_scenario,619,34,3,-12,4,90,90,15,1,125281,AdultMaleAgent(Clone),6,12,1.71,1.58,6.271484,1,False,2,0,0
2026-03-06_20.57.01,217,sign-optimization-horizontal-vertical_scenario,619,34,3,-12,4,90,90,15,1,125282,WheelchairAgent(Clone),6,12,1.3,1.17,10.74121,1,False,2,0,0
2026-03-06_20.57.01,217,sign-optimization-horizontal-vertical_scenario,619,34,3,-12,4,90,90,15,1,125283,WheelchairAgent(Clone),11,10,1.3,1.17,0,0,False,3,0,0
2026-03-06_20.57.01,217,sign-optimization-horizontal-vertical_scenario,619,34,3,-12,4,90,90,15,1,125284,WheelchairAgent(Clone),11,10,1.3,1.17,0,0,False,3,0,0
2026-03-06_20.57.01,217,sign-optimization-horizontal-vertical_scenario,619,34,3,-12,4,90,90,15,1,125285,AdultFemaleAgent(Clone),10,12,1.58,1.45,8.806641,1,False,3,0,0
2026-03-06_20.57.01,217,sign-optimization-horizontal-vertical_scenario,619,34,3,-12,4,90,90,15,1,125286,AdultMaleAgent(Clone),6,12,1.71,1.58,9,1,False,2,0,0
2026-03-06_20.57.01,217,sign-optimization-horizontal-vertical_scenario,619,34,3,-12,4,90,90,15,1,125287,AdultMaleAgent(Clone),5,10,1.71,1.58,1.850586,1,False,2,0,0
2026-03-06_20.57.01,217,sign-optimization-horizontal-vertical_scenario,619,34,3,-12,4,90,90,15,1,125288,AdultFemaleAgent(Clone),7,11,1.58,1.450001,0,0,False,2,0,0
2026-03-06_20.57.01,217,sign-optimization-horizontal-vertical_scenario,619,34,3,-12,4,90,90,15,1,125289,AdultMaleAgent(Clone),5,10,1.71,1.58,3.164063,1,False,2,1,0.5
2026-03-06_20.57.01,217,sign-optimization-horizontal-vertical_scenario,619,34,3,-12,4,90,90,15,1,125290,AdultMaleAgent(Clone),7,11,1.71,1.58,0,0,False,2,0,0
2026-03-06_20.57.01,217,sign-optimization-horizontal-vertical_scenario,619,34,3,-12,4,90,90,15,1,125291,WheelchairAgent(Clone),11,10,1.3,1.17,0,0,False,3,0,0
2026-03-06_20.57.01,217,sign-optimization-horizontal-vertical_scenario,619,34,3,-12,4,90,90,15,1,125292,WheelchairAgent(Clone),11,10,1.3,1.17,0,0,False,3,0,0
2026-03-06_20.57.01,217,sign-optimization-horizontal-vertical_scenario,619,34,3,-12,4,90,90,15,1,125293,AdultFemaleAgent(Clone),10,12,1.58,1.45,8.683594,1,False,3,0,0
2026-03-06_20.57.01,217,sign-optimization-horizontal-vertical_scenario,619,34,3,-12,4,90,90,15,1,125294,WheelchairAgent(Clone),11,10,1.3,1.17,0,0,False,3,0,0
2026-03-06_20.57.01,217,sign-optimization-horizontal-vertical_scenario,619,34,3,-12,4,90,90,15,1,125295,AdultMaleAgent(Clone),11,10,1.71,1.58,0,0,False,3,0,0
2026-03-06_20.57.01,217,sign-optimization-horizontal-vertical_scenario,619,34,3,-12,4,90,90,15,1,125296,AdultMaleAgent(Clone),7,11,1.71,1.58,0,0,False,2,0,0
2026-03-06_20.57.01,217,sign-optimization-horizontal-vertical_scenario,619,34,3,-12,4,90,90,15,1,125297,AdultMaleAgent(Clone),7,11,1.71,1.58,0,0,False,2,0,0
2026-03-06_20.57.01,217,sign-optimization-horizontal-vertical_scenario,619,34,3,-12,4,90,90,15,1,125298,AdultFemaleAgent(Clone),7,11,1.58,1.450001,1.111328,2,False,2,1,0.5
2026-03-06_20.57.01,217,sign-optimization-horizontal-vertical_scenario,619,34,3,-12,4,90,90,15,1,125299,AdultFemaleAgent(Clone),6,12,1.58,1.45,3.737305,1,False,2,0,0
2026-03-06_20.57.01,217,sign-optimization-horizontal-vertical_scenario,619,34,3,-12,4,90,90,15,1,125300,AdultMaleAgent(Clone),10,12,1.71,1.58,8.569336,1,False,3,0,0
2026-03-06_20.57.01,217,sign-optimization-horizontal-vertical_scenario,619,34,3,-12,4,90,90,15,1,125301,AdultFemaleAgent(Clone),5,10,1.58,1.45,3.225586,1,False,2,1,0.5
2026-03-06_20.57.01,217,sign-optimization-horizontal-vertical_scenario,619,34,3,-12,4,90,90,15,1,125302,WheelchairAgent(Clone),10,12,1.3,1.17,8.857422,1,False,3,0,0
2026-03-06_20.57.01,217,sign-optimization-horizontal-vertical_scenario,619,34,3,-12,4,90,90,15,1,125303,AdultMaleAgent(Clone),6,12,1.71,1.58,13.70117,1,True,2,1,0.5
2026-03-06_20.57.01,217,sign-optimization-horizontal-vertical_scenario,619,34,3,-12,4,90,90,15,1,125304,AdultFemaleAgent(Clone),11,10,1.58,1.450001,0,0,False,3,0,0
2026-03-06_20.57.01,217,sign-optimization-horizontal-vertical_scenario,619,34,3,-12,4,90,90,15,1,125305,WheelchairAgent(Clone),10,12,1.3,1.17,9.84375,1,False,3,0,0
2026-03-06_20.57.01,217,sign-optimization-horizontal-vertical_scenario,619,34,3,-12,4,90,90,15,1,125306,WheelchairAgent(Clone),6,12,1.3,1.17,5.416016,1,False,2,0,0
2026-03-06_20.57.01,217,sign-optimization-horizontal-vertical_scenario,619,34,3,-12,4,90,90,15,1,125307,AdultFemaleAgent(Clone),7,11,1.58,1.450001,0,0,False,2,0,0
2026-03-06_20.57.01,217,sign-optimization-horizontal-vertical_scenario,619,34,3,-12,4,90,90,15,1,125308,WheelchairAgent(Clone),6,12,1.3,1.17,0,0,False,2,0,0
2026-03-06_20.57.01,217,sign-optimization-horizontal-vertical_scenario,619,34,3,-12,4,90,90,15,1,125309,AdultFemaleAgent(Clone),10,12,1.58,1.45,8.337891,1,False,3,0,0
2026-03-06_20.57.01,217,sign-optimization-horizontal-vertical_scenario,619,34,3,-12,4,90,90,15,1,125310,WheelchairAgent(Clone),5,10,1.3,1.17,0.8320313,1,False,2,0,0
2026-03-06_20.57.01,217,sign-optimization-horizontal-vertical_scenario,619,34,3,-12,4,90,90,15,1,125311,AdultFemaleAgent(Clone),6,12,1.58,1.45,10.87012,1,False,2,1,0.5
2026-03-06_20.57.01,217,sign-optimization-horizontal-vertical_scenario,619,34,3,-12,4,90,90,15,1,125312,AdultMaleAgent(Clone),11,10,1.71,1.58,0,0,False,3,0,0
2026-03-06_20.57.01,217,sign-optimization-horizontal-vertical_scenario,619,34,3,-12,4,90,90,15,1,125313,WheelchairAgent(Clone),5,10,1.3,1.17,2.648438,1,False,2,1,0.5
2026-03-06_20.57.01,217,sign-optimization-horizontal-vertical_scenario,619,34,3,-12,4,90,90,15,1,125314,AdultMaleAgent(Clone),6,12,1.71,1.58,10.97754,1,False,2,0,0
2026-03-06_20.57.01,217,sign-optimization-horizontal-vertical_scenario,619,34,3,-12,4,90,90,15,1,125315,WheelchairAgent(Clone),10,12,1.3,1.17,9.62793,1,False,3,0,0
2026-03-06_20.57.01,217,sign-optimization-horizontal-vertical_scenario,619,34,3,-12,4,90,90,15,1,125316,AdultMaleAgent(Clone),6,12,1.71,1.58,7.244141,1,False,2,0,0
2026-03-06_20.57.01,217,sign-optimization-horizontal-vertical_scenario,619,34,3,-12,4,90,90,15,1,125317,WheelchairAgent(Clone),5,10,1.3,1.17,2.655273,1,False,2,0,0
2026-03-06_20.57.01,217,sign-optimization-horizontal-vertical_scenario,619,34,3,-12,4,90,90,15,1,125318,AdultFemaleAgent(Clone),5,10,1.58,1.45,0,0,False,2,0,0
2026-03-06_20.57.01,217,sign-optimization-horizontal-vertical_scenario,619,34,3,-12,4,90,90,15,1,125319,WheelchairAgent(Clone),5,10,1.3,1.17,0,0,False,2,0,0
2026-03-06_20.57.01,217,sign-optimization-horizontal-vertical_scenario,619,34,3,-12,4,90,90,15,1,125320,AdultMaleAgent(Clone),7,11,1.71,1.58,0.9619141,1,False,2,0,0
2026-03-06_20.57.01,217,sign-optimization-horizontal-vertical_scenario,619,34,3,-12,4,90,90,15,1,125321,WheelchairAgent(Clone),10,12,1.3,1.17,7.764648,1,False,3,0,0
2026-03-06_20.57.01,217,sign-optimization-horizontal-vertical_scenario,619,34,3,-12,4,90,90,15,1,125322,AdultFemaleAgent(Clone),5,10,1.58,1.45,3.708008,1,False,2,1,0.5
2026-03-06_20.57.01,217,sign-optimization-horizontal-vertical_scenario,619,34,3,-12,4,90,90,15,1,125323,AdultFemaleAgent(Clone),11,10,1.58,1.450001,0,0,False,3,0,0
2026-03-06_20.57.01,217,sign-optimization-horizontal-vertical_scenario,619,34,3,-12,4,90,90,15,1,125324,AdultMaleAgent(Clone),11,10,1.71,1.58,0,0,False,3,0,0
2026-03-06_20.57.01,217,sign-optimization-horizontal-vertical_scenario,619,34,3,-12,4,90,90,15,1,125325,AdultMaleAgent(Clone),6,12,1.71,1.58,15.38867,1,True,2,1,0.5
2026-03-06_20.57.01,217,sign-optimization-horizontal-vertical_scenario,619,34,3,-12,4,90,90,15,1,125326,AdultMaleAgent(Clone),5,10,1.71,1.58,0,0,False,2,0,0
2026-03-06_20.57.01,217,sign-optimization-horizontal-vertical_scenario,619,34,3,-12,4,90,90,15,1,125327,AdultMaleAgent(Clone),6,12,1.71,1.58,0,0,False,2,0,0
2026-03-06_20.57.01,217,sign-optimization-horizontal-vertical_scenario,619,34,3,-12,4,90,90,15,1,125328,AdultMaleAgent(Clone),11,10,1.71,1.58,0,0,False,3,0,0
2026-03-06_20.57.01,217,sign-optimization-horizontal-vertical_scenario,619,34,3,-12,4,90,90,15,1,125329,AdultFemaleAgent(Clone),11,10,1.58,1.450001,0,0,False,3,0,0
2026-03-06_20.57.01,217,sign-optimization-horizontal-vertical_scenario,619,34,3,-12,4,90,90,15,1,125330,AdultMaleAgent(Clone),11,10,1.71,1.58,0,0,False,3,0,0
2026-03-06_20.57.01,217,sign-optimization-horizontal-vertical_scenario,619,34,3,-12,4,90,90,15,1,125331,AdultFemaleAgent(Clone),7,11,1.58,1.450001,0,0,False,2,0,0
2026-03-06_20.57.01,217,sign-optimization-horizontal-vertical_scenario,619,34,3,-12,4,90,90,15,1,125332,WheelchairAgent(Clone),6,12,1.3,1.17,13.75293,1,True,2,1,0.5
2026-03-06_20.57.01,217,sign-optimization-horizontal-vertical_scenario,619,34,3,-12,4,90,90,15,1,125333,AdultFemaleAgent(Clone),6,12,1.58,1.45,0,0,False,2,0,0
2026-03-06_20.57.01,217,sign-optimization-horizontal-vertical_scenario,619,34,3,-12,4,90,90,15,1,125334,AdultMaleAgent(Clone),5,10,1.71,1.58,0,0,False,2,0,0
2026-03-06_20.57.01,217,sign-optimization-horizontal-vertical_scenario,619,34,3,-12,4,90,90,15,1,125335,AdultFemaleAgent(Clone),10,12,1.58,1.45,10.67578,1,False,3,0,0
2026-03-06_20.57.01,217,sign-optimization-horizontal-vertical_scenario,619,34,3,-12,4,90,90,15,1,125336,WheelchairAgent(Clone),11,10,1.3,1.17,0,0,False,3,0,0
2026-03-06_20.57.01,217,sign-optimization-horizontal-vertical_scenario,619,34,3,-12,4,90,90,15,1,125337,AdultFemaleAgent(Clone),7,11,1.58,1.450001,0,0,False,2,0,0
2026-03-06_20.57.01,217,sign-optimization-horizontal-vertical_scenario,619,34,3,-12,4,90,90,15,1,125338,AdultMaleAgent(Clone),11,10,1.71,1.58,0,0,False,3,0,0
2026-03-06_20.57.01,217,sign-optimization-horizontal-vertical_scenario,619,34,3,-12,4,90,90,15,1,125339,AdultMaleAgent(Clone),5,10,1.71,1.58,1.991211,1,False,2,0,0
2026-03-06_20.57.01,217,sign-optimization-horizontal-vertical_scenario,619,34,3,-12,4,90,90,15,1,125340,WheelchairAgent(Clone),10,12,1.3,1.17,7.545898,1,False,3,0,0
2026-03-06_20.57.01,217,sign-optimization-horizontal-vertical_scenario,619,34,3,-12,4,90,90,15,1,125341,AdultMaleAgent(Clone),7,11,1.71,1.58,0,0,False,2,0,0
2026-03-06_20.57.01,217,sign-optimization-horizontal-vertical_scenario,619,34,3,-12,4,90,90,15,1,125342,AdultMaleAgent(Clone),7,11,1.71,1.58,0,0,False,2,0,0
2026-03-06_20.57.01,217,sign-optimization-horizontal-vertical_scenario,619,34,3,-12,4,90,90,15,1,125343,WheelchairAgent(Clone),7,11,1.3,1.17,0.9072266,1,False,2,0,0
2026-03-06_20.57.01,217,sign-optimization-horizontal-vertical_scenario,619,34,3,-12,4,90,90,15,1,125344,WheelchairAgent(Clone),6,12,1.3,1.17,9.887695,1,False,2,0,0
2026-03-06_20.57.01,217,sign-optimization-horizontal-vertical_scenario,619,34,3,-12,4,90,90,15,1,125345,AdultMaleAgent(Clone),10,12,1.71,1.58,8.944336,1,False,3,0,0
2026-03-06_20.57.01,217,sign-optimization-horizontal-vertical_scenario,619,34,3,-12,4,90,90,15,1,125346,WheelchairAgent(Clone),6,12,1.3,1.17,10.77832,1,False,2,1,0.5
2026-03-06_20.57.01,217,sign-optimization-horizontal-vertical_scenario,619,34,3,-12,4,90,90,15,1,125347,WheelchairAgent(Clone),7,11,1.3,1.17,0,0,False,2,0,0
2026-03-06_20.57.01,217,sign-optimization-horizontal-vertical_scenario,619,34,3,-12,4,90,90,15,1,125348,AdultFemaleAgent(Clone),5,10,1.58,1.45,3.904297,1,False,2,1,0.5
2026-03-06_20.57.01,217,sign-optimization-horizontal-vertical_scenario,619,34,3,-12,4,90,90,15,1,125349,AdultFemaleAgent(Clone),7,11,1.58,1.450001,0,0,False,2,0,0
2026-03-06_20.57.01,217,sign-optimization-horizontal-vertical_scenario,619,34,3,-12,4,90,90,15,1,125350,AdultFemaleAgent(Clone),10,12,1.58,1.45,11.33789,1,False,3,0,0
2026-03-06_20.57.01,217,sign-optimization-horizontal-vertical_scenario,619,34,3,-12,4,90,90,15,1,125351,WheelchairAgent(Clone),11,10,1.3,1.17,0,0,False,3,0,0
2026-03-06_20.57.01,217,sign-optimization-horizontal-vertical_scenario,619,34,3,-12,4,90,90,15,1,125352,AdultMaleAgent(Clone),5,10,1.71,1.58,1.606445,1,False,2,0,0
2026-03-06_20.57.01,217,sign-optimization-horizontal-vertical_scenario,619,34,3,-12,4,90,90,15,1,125353,AdultFemaleAgent(Clone),10,12,1.58,1.45,9.03125,1,False,3,0,0
2026-03-06_20.57.01,217,sign-optimization-horizontal-vertical_scenario,619,34,3,-12,4,90,90,15,1,125354,WheelchairAgent(Clone),5,10,1.3,1.17,3.586914,1,False,2,1,0.5
2026-03-06_20.57.01,217,sign-optimization-horizontal-vertical_scenario,619,34,3,-12,4,90,90,15,1,125355,AdultFemaleAgent(Clone),5,10,1.58,1.45,2.171875,1,False,2,0,0
2026-03-06_20.57.01,217,sign-optimization-horizontal-vertical_scenario,619,34,3,-12,4,90,90,15,1,125356,AdultFemaleAgent(Clone),10,12,1.58,1.45,9.791016,1,False,3,0,0
2026-03-06_20.57.01,217,sign-optimization-horizontal-vertical_scenario,619,34,3,-12,4,90,90,15,1,125357,WheelchairAgent(Clone),10,12,1.3,1.17,7.714844,1,False,3,0,0
2026-03-06_20.57.01,217,sign-optimization-horizontal-vertical_scenario,619,34,3,-12,4,90,90,15,1,125358,AdultMaleAgent(Clone),10,12,1.71,1.58,10.39551,1,False,3,0,0
2026-03-06_20.57.01,217,sign-optimization-horizontal-vertical_scenario,619,34,3,-12,4,90,90,15,1,125359,AdultFemaleAgent(Clone),11,10,1.58,1.450001,0,0,False,3,0,0
2026-03-06_20.57.01,217,sign-optimization-horizontal-vertical_scenario,619,34,3,-12,4,90,90,15,1,125360,WheelchairAgent(Clone),6,12,1.3,1.17,12.25098,1,False,2,1,0.5
2026-03-06_20.57.01,217,sign-optimization-horizontal-vertical_scenario,619,34,3,-12,4,90,90,15,1,125361,AdultFemaleAgent(Clone),6,12,1.58,1.45,2.124023,1,False,2,0,0
2026-03-06_20.57.01,217,sign-optimization-horizontal-vertical_scenario,619,34,3,-12,4,90,90,15,1,125362,AdultFemaleAgent(Clone),11,10,1.58,1.450001,0,0,False,3,0,0
2026-03-06_20.57.01,217,sign-optimization-horizontal-vertical_scenario,619,34,3,-12,4,90,90,15,1,125363,AdultMaleAgent(Clone),6,12,1.71,1.58,10.48047,1,False,2,1,0.5
2026-03-06_20.57.01,217,sign-optimization-horizontal-vertical_scenario,619,34,3,-12,4,90,90,15,1,125364,AdultFemaleAgent(Clone),7,11,1.58,1.450001,1.90332,2,False,2,1,0.5
2026-03-06_20.57.01,217,sign-optimization-horizontal-vertical_scenario,619,34,3,-12,4,90,90,15,1,125365,WheelchairAgent(Clone),7,11,1.3,1.17,0.2431641,2,False,2,0,0
2026-03-06_20.57.01,217,sign-optimization-horizontal-vertical_scenario,619,34,3,-12,4,90,90,15,1,125366,AdultMaleAgent(Clone),10,12,1.71,1.58,11.2168,1,False,3,0,0
2026-03-06_20.57.01,217,sign-optimization-horizontal-vertical_scenario,619,34,3,-12,4,90,90,15,1,125367,AdultFemaleAgent(Clone),10,12,1.58,1.45,10.18457,1,False,3,0,0
2026-03-06_20.57.01,217,sign-optimization-horizontal-vertical_scenario,619,34,3,-12,4,90,90,15,1,125368,AdultFemaleAgent(Clone),7,11,1.58,1.450001,2.371094,2,True,2,1,0.5
2026-03-06_20.57.01,217,sign-optimization-horizontal-vertical_scenario,619,34,3,-12,4,90,90,15,1,125369,AdultFemaleAgent(Clone),10,12,1.58,1.45,10.3125,1,False,3,0,0
2026-03-06_20.57.01,217,sign-optimization-horizontal-vertical_scenario,619,34,3,-12,4,90,90,15,1,125370,WheelchairAgent(Clone),10,12,1.3,1.17,10.16602,1,False,3,0,0
2026-03-06_20.57.01,217,sign-optimization-horizontal-vertical_scenario,619,34,3,-12,4,90,90,15,1,125371,AdultFemaleAgent(Clone),7,11,1.58,1.450001,1.474609,2,False,2,1,0.5
2026-03-06_20.57.01,217,sign-optimization-horizontal-vertical_scenario,619,34,3,-12,4,90,90,15,1,125372,AdultFemaleAgent(Clone),10,12,1.58,1.45,10.68652,1,False,3,0,0
2026-03-06_20.57.01,217,sign-optimization-horizontal-vertical_scenario,619,34,3,-12,4,90,90,15,1,125373,WheelchairAgent(Clone),10,12,1.3,1.17,8.926758,1,False,3,0,0
2026-03-06_20.57.01,217,sign-optimization-horizontal-vertical_scenario,619,34,3,-12,4,90,90,15,1,125374,WheelchairAgent(Clone),7,11,1.3,1.17,1.107422,1,False,2,0,0
2026-03-06_20.57.01,217,sign-optimization-horizontal-vertical_scenario,619,34,3,-12,4,90,90,15,1,125375,WheelchairAgent(Clone),6,12,1.3,1.17,6.799805,1,False,2,0,0
2026-03-06_20.57.01,217,sign-optimization-horizontal-vertical_scenario,619,34,3,-12,4,90,90,15,1,125376,WheelchairAgent(Clone),6,12,1.3,1.17,0,0,False,2,0,0
2026-03-06_20.57.01,217,sign-optimization-horizontal-vertical_scenario,619,34,3,-12,4,90,90,15,1,125377,WheelchairAgent(Clone),6,12,1.3,1.17,4.378906,1,False,2,0,0
2026-03-06_20.57.01,217,sign-optimization-horizontal-vertical_scenario,619,34,3,-12,4,90,90,15,1,125378,AdultFemaleAgent(Clone),6,12,1.58,1.45,8.066406,1,False,2,1,0.5
2026-03-06_20.57.01,217,sign-optimization-horizontal-vertical_scenario,619,34,3,-12,4,90,90,15,1,125379,AdultMaleAgent(Clone),5,10,1.71,1.58,0,0,False,2,0,0
2026-03-06_20.57.01,217,sign-optimization-horizontal-vertical_scenario,619,34,3,-12,4,90,90,15,1,125380,AdultFemaleAgent(Clone),5,10,1.58,1.45,0,0,False,2,0,0
2026-03-06_20.57.01,217,sign-optimization-horizontal-vertical_scenario,619,34,3,-12,4,90,90,15,1,125381,AdultFemaleAgent(Clone),10,12,1.58,1.45,8.699219,1,False,3,0,0
2026-03-06_20.57.01,217,sign-optimization-horizontal-vertical_scenario,619,34,3,-12,4,90,90,15,1,125382,WheelchairAgent(Clone),7,11,1.3,1.17,1.522461,2,False,2,1,0.5
2026-03-06_20.57.01,217,sign-optimization-horizontal-vertical_scenario,619,34,3,-12,4,90,90,15,1,125383,WheelchairAgent(Clone),11,10,1.3,1.17,0,0,False,3,0,0
2026-03-06_20.57.01,217,sign-optimization-horizontal-vertical_scenario,619,34,3,-12,4,90,90,15,1,125384,AdultFemaleAgent(Clone),7,11,1.58,1.450001,0.7910156,2,False,2,1,0.5
2026-03-06_20.57.01,217,sign-optimization-horizontal-vertical_scenario,619,34,3,-12,4,90,90,15,1,125385,WheelchairAgent(Clone),7,11,1.3,1.17,0,0,False,2,0,0
2026-03-06_20.57.01,217,sign-optimization-horizontal-vertical_scenario,619,34,3,-12,4,90,90,15,1,125386,WheelchairAgent(Clone),11,10,1.3,1.17,0,0,False,3,0,0
2026-03-06_20.57.01,217,sign-optimization-horizontal-vertical_scenario,619,34,3,-12,4,90,90,15,1,125387,AdultFemaleAgent(Clone),10,12,1.58,1.45,9.444336,1,False,3,0,0
2026-03-06_20.57.01,217,sign-optimization-horizontal-vertical_scenario,619,34,3,-12,4,90,90,15,1,125388,WheelchairAgent(Clone),7,11,1.3,1.17,1.645508,2,False,2,1,0.5
2026-03-06_20.57.01,217,sign-optimization-horizontal-vertical_scenario,619,34,3,-12,4,90,90,15,1,125389,WheelchairAgent(Clone),7,11,1.3,1.17,0.09472656,1,False,2,0,0
2026-03-06_20.57.01,217,sign-optimization-horizontal-vertical_scenario,619,34,3,-12,4,90,90,15,1,125390,AdultMaleAgent(Clone),6,12,1.71,1.58,4.74707,1,False,2,0,0
2026-03-06_20.57.01,217,sign-optimization-horizontal-vertical_scenario,619,34,3,-12,4,90,90,15,1,125391,WheelchairAgent(Clone),7,11,1.3,1.17,3.445313,2,False,2,1,0.5
2026-03-06_20.57.01,217,sign-optimization-horizontal-vertical_scenario,619,34,3,-12,4,90,90,15,1,125392,AdultFemaleAgent(Clone),10,12,1.58,1.45,10.98242,1,False,3,0,0
2026-03-06_20.57.01,217,sign-optimization-horizontal-vertical_scenario,619,34,3,-12,4,90,90,15,1,125393,WheelchairAgent(Clone),10,12,1.3,1.17,9.068359,1,False,3,0,0
2026-03-06_20.57.01,217,sign-optimization-horizontal-vertical_scenario,619,34,3,-12,4,90,90,15,1,125394,AdultFemaleAgent(Clone),10,12,1.58,1.45,7.81543,1,False,3,0,0
2026-03-06_20.57.01,217,sign-optimization-horizontal-vertical_scenario,619,34,3,-12,4,90,90,15,1,125395,WheelchairAgent(Clone),10,12,1.3,1.17,9.487305,1,False,3,0,0
2026-03-06_20.57.01,217,sign-optimization-horizontal-vertical_scenario,619,34,3,-12,4,90,90,15,1,125396,AdultMaleAgent(Clone),5,10,1.71,1.58,1.004883,1,False,2,0,0
2026-03-06_20.57.01,217,sign-optimization-horizontal-vertical_scenario,619,34,3,-12,4,90,90,15,1,125397,WheelchairAgent(Clone),5,10,1.3,1.17,1.916016,1,False,2,0,0
2026-03-06_20.57.01,217,sign-optimization-horizontal-vertical_scenario,619,34,3,-12,4,90,90,15,1,125398,AdultMaleAgent(Clone),6,12,1.71,1.58,10.41211,1,False,2,1,0.5
2026-03-06_20.57.01,217,sign-optimization-horizontal-vertical_scenario,619,34,3,-12,4,90,90,15,1,125399,WheelchairAgent(Clone),7,11,1.3,1.17,1.970703,2,False,2,1,0.5
2026-03-06_20.57.01,217,sign-optimization-horizontal-vertical_scenario,619,34,3,-12,4,90,90,15,1,125400,AdultMaleAgent(Clone),5,10,1.71,1.58,0,0,False,2,0,0
2026-03-06_20.57.01,217,sign-optimization-horizontal-vertical_scenario,619,34,3,-12,4,90,90,15,1,125401,AdultMaleAgent(Clone),7,11,1.71,1.58,2.196289,2,False,2,1,0.5
2026-03-06_20.57.01,217,sign-optimization-horizontal-vertical_scenario,619,34,3,-12,4,90,90,15,1,125402,WheelchairAgent(Clone),11,10,1.3,1.17,0,0,False,3,0,0
2026-03-06_20.57.01,217,sign-optimization-horizontal-vertical_scenario,619,34,3,-12,4,90,90,15,1,125403,AdultMaleAgent(Clone),11,10,1.71,1.58,0,0,False,3,0,0
2026-03-06_20.57.01,217,sign-optimization-horizontal-vertical_scenario,619,34,3,-12,4,90,90,15,1,125404,WheelchairAgent(Clone),10,12,1.3,1.17,9.099609,1,False,3,0,0
2026-03-06_20.57.01,217,sign-optimization-horizontal-vertical_scenario,619,34,3,-12,4,90,90,15,1,125405,WheelchairAgent(Clone),10,12,1.3,1.17,9.613281,1,False,3,0,0
2026-03-06_20.57.01,217,sign-optimization-horizontal-vertical_scenario,619,34,3,-12,4,90,90,15,1,125406,AdultMaleAgent(Clone),5,10,1.71,1.58,0,0,False,2,0,0
2026-03-06_20.57.01,217,sign-optimization-horizontal-vertical_scenario,619,34,3,-12,4,90,90,15,1,125407,AdultMaleAgent(Clone),6,12,1.71,1.58,9.083008,1,False,2,0,0
2026-03-06_20.57.01,217,sign-optimization-horizontal-vertical_scenario,619,34,3,-12,4,90,90,15,1,125408,AdultFemaleAgent(Clone),7,11,1.58,1.450001,0,0,False,2,0,0
2026-03-06_20.57.01,217,sign-optimization-horizontal-vertical_scenario,619,34,3,-12,4,90,90,15,1,125409,WheelchairAgent(Clone),11,10,1.3,1.17,0,0,False,3,0,0
2026-03-06_20.57.01,217,sign-optimization-horizontal-vertical_scenario,619,34,3,-12,4,90,90,15,1,125410,AdultMaleAgent(Clone),10,12,1.71,1.58,9.103516,1,False,3,0,0
2026-03-06_20.57.01,217,sign-optimization-horizontal-vertical_scenario,619,34,3,-12,4,90,90,15,1,125411,WheelchairAgent(Clone),11,10,1.3,1.17,0,0,False,3,0,0
2026-03-06_20.57.01,217,sign-optimization-horizontal-vertical_scenario,619,34,3,-12,4,90,90,15,1,125412,AdultFemaleAgent(Clone),11,10,1.58,1.450001,0,0,False,3,0,0
2026-03-06_20.57.01,217,sign-optimization-horizontal-vertical_scenario,619,34,3,-12,4,90,90,15,1,125413,WheelchairAgent(Clone),6,12,1.3,1.17,14.37207,1,True,2,1,0.5
2026-03-06_20.57.01,217,sign-optimization-horizontal-vertical_scenario,619,34,3,-12,4,90,90,15,1,125414,AdultMaleAgent(Clone),7,11,1.71,1.58,0.6904297,2,False,2,1,0.5
2026-03-06_20.57.01,217,sign-optimization-horizontal-vertical_scenario,619,34,3,-12,4,90,90,15,1,125415,AdultMaleAgent(Clone),5,10,1.71,1.58,3.092773,1,False,2,1,0.5
2026-03-06_20.57.01,217,sign-optimization-horizontal-vertical_scenario,619,34,3,-12,4,90,90,15,1,125416,AdultFemaleAgent(Clone),11,10,1.58,1.450001,0,0,False,3,0,0
2026-03-06_20.57.01,217,sign-optimization-horizontal-vertical_scenario,619,34,3,-12,4,90,90,15,1,125417,AdultMaleAgent(Clone),10,12,1.71,1.58,8.988281,1,False,3,0,0
2026-03-06_20.57.01,217,sign-optimization-horizontal-vertical_scenario,619,34,3,-12,4,90,90,15,1,125418,WheelchairAgent(Clone),11,10,1.3,1.17,0,0,False,3,0,0
2026-03-06_20.57.01,217,sign-optimization-horizontal-vertical_scenario,619,34,3,-12,4,90,90,15,1,125419,WheelchairAgent(Clone),7,11,1.3,1.17,1.773438,2,False,2,1,0.5
2026-03-06_20.57.01,217,sign-optimization-horizontal-vertical_scenario,619,34,3,-12,4,90,90,15,1,125420,AdultMaleAgent(Clone),6,12,1.71,1.58,11.54883,1,False,2,1,0.5
2026-03-06_20.57.01,217,sign-optimization-horizontal-vertical_scenario,619,34,3,-12,4,90,90,15,1,125421,AdultFemaleAgent(Clone),5,10,1.58,1.45,1.59082,1,False,2,0,0
2026-03-06_20.57.01,217,sign-optimization-horizontal-vertical_scenario,619,34,3,-12,4,90,90,15,1,125422,AdultMaleAgent(Clone),5,10,1.71,1.58,0,0,False,2,0,0
2026-03-06_20.57.01,217,sign-optimization-horizontal-vertical_scenario,619,34,3,-12,4,90,90,15,1,125423,AdultMaleAgent(Clone),10,12,1.71,1.58,9.331055,1,False,3,0,0
2026-03-06_20.57.01,217,sign-optimization-horizontal-vertical_scenario,619,34,3,-12,4,90,90,15,1,125424,WheelchairAgent(Clone),6,12,1.3,1.17,9.081055,1,False,2,0,0
2026-03-06_20.57.01,217,sign-optimization-horizontal-vertical_scenario,619,34,3,-12,4,90,90,15,1,125425,AdultFemaleAgent(Clone),10,12,1.58,1.45,11.07227,1,False,3,0,0
2026-03-06_20.57.01,217,sign-optimization-horizontal-vertical_scenario,619,34,3,-12,4,90,90,15,1,125426,WheelchairAgent(Clone),7,11,1.3,1.17,0.7197266,1,False,2,0,0
2026-03-06_20.57.01,217,sign-optimization-horizontal-vertical_scenario,619,34,3,-12,4,90,90,15,1,125427,AdultMaleAgent(Clone),5,10,1.71,1.58,3.867188,1,False,2,1,0.5
2026-03-06_20.57.01,217,sign-optimization-horizontal-vertical_scenario,619,34,3,-12,4,90,90,15,1,125428,AdultFemaleAgent(Clone),7,11,1.58,1.450001,0.8457031,2,False,2,1,0.5
2026-03-06_20.57.01,217,sign-optimization-horizontal-vertical_scenario,619,34,3,-12,4,90,90,15,1,125429,AdultFemaleAgent(Clone),11,10,1.58,1.450001,0,0,False,3,0,0
2026-03-06_20.57.01,217,sign-optimization-horizontal-vertical_scenario,619,34,3,-12,4,90,90,15,1,125430,AdultMaleAgent(Clone),10,12,1.71,1.58,11.03027,1,False,3,0,0
2026-03-06_20.57.01,217,sign-optimization-horizontal-vertical_scenario,619,34,3,-12,4,90,90,15,1,125431,AdultMaleAgent(Clone),7,11,1.71,1.58,0,0,False,2,0,0
2026-03-06_20.57.01,217,sign-optimization-horizontal-vertical_scenario,619,34,3,-12,4,90,90,15,1,125432,WheelchairAgent(Clone),6,12,1.3,1.17,12.08008,1,False,2,1,0.5
2026-03-06_20.57.01,217,sign-optimization-horizontal-vertical_scenario,619,34,3,-12,4,90,90,15,1,125433,AdultMaleAgent(Clone),7,11,1.71,1.58,0,0,False,2,0,0
2026-03-06_20.57.01,217,sign-optimization-horizontal-vertical_scenario,619,34,3,-12,4,90,90,15,1,125434,AdultFemaleAgent(Clone),11,10,1.58,1.450001,0,0,False,3,0,0
2026-03-06_20.57.01,217,sign-optimization-horizontal-vertical_scenario,619,34,3,-12,4,90,90,15,1,125435,AdultMaleAgent(Clone),5,10,1.71,1.58,1.325195,1,False,2,0,0
2026-03-06_20.57.01,217,sign-optimization-horizontal-vertical_scenario,619,34,3,-12,4,90,90,15,1,125436,AdultFemaleAgent(Clone),7,11,1.58,1.450001,0,0,False,2,0,0
2026-03-06_20.57.01,217,sign-optimization-horizontal-vertical_scenario,619,34,3,-12,4,90,90,15,1,125437,AdultFemaleAgent(Clone),10,12,1.58,1.45,9.826172,1,False,3,0,0
2026-03-06_20.57.01,217,sign-optimization-horizontal-vertical_scenario,619,34,3,-12,4,90,90,15,1,125438,AdultMaleAgent(Clone),5,10,1.71,1.58,1.828125,1,False,2,0,0
2026-03-06_20.57.01,217,sign-optimization-horizontal-vertical_scenario,619,34,3,-12,4,90,90,15,1,125439,WheelchairAgent(Clone),7,11,1.3,1.17,0.2607422,1,False,2,1,0.5
2026-03-06_20.57.01,217,sign-optimization-horizontal-vertical_scenario,619,34,3,-12,4,90,90,15,1,125440,WheelchairAgent(Clone),11,10,1.3,1.17,0,0,False,3,0,0
2026-03-06_20.57.01,217,sign-optimization-horizontal-vertical_scenario,619,34,3,-12,4,90,90,15,1,125441,AdultMaleAgent(Clone),6,12,1.71,1.58,10.70215,1,True,2,1,0.5
2026-03-06_20.57.01,217,sign-optimization-horizontal-vertical_scenario,619,34,3,-12,4,90,90,15,1,125442,AdultMaleAgent(Clone),6,12,1.71,1.58,7.651367,1,False,2,0,0
2026-03-06_20.57.01,217,sign-optimization-horizontal-vertical_scenario,619,34,3,-12,4,90,90,15,1,125443,WheelchairAgent(Clone),5,10,1.3,1.17,3.128906,1,False,2,1,0.5
2026-03-06_20.57.01,217,sign-optimization-horizontal-vertical_scenario,619,34,3,-12,4,90,90,15,1,125444,AdultMaleAgent(Clone),11,10,1.71,1.58,0,0,False,3,0,0
2026-03-06_20.57.01,217,sign-optimization-horizontal-vertical_scenario,619,34,3,-12,4,90,90,15,1,125445,AdultFemaleAgent(Clone),5,10,1.58,1.45,3.339844,1,False,2,1,0.5
2026-03-06_20.57.01,217,sign-optimization-horizontal-vertical_scenario,619,34,3,-12,4,90,90,15,1,125446,AdultMaleAgent(Clone),6,12,1.71,1.58,8.939453,1,False,2,1,0.5
2026-03-06_20.57.01,217,sign-optimization-horizontal-vertical_scenario,619,34,3,-12,4,90,90,15,1,125447,WheelchairAgent(Clone),10,12,1.3,1.17,9.697266,1,False,3,0,0
2026-03-06_20.57.01,217,sign-optimization-horizontal-vertical_scenario,619,34,3,-12,4,90,90,15,1,125448,WheelchairAgent(Clone),10,12,1.3,1.17,8.34375,1,False,3,0,0
2026-03-06_20.57.01,217,sign-optimization-horizontal-vertical_scenario,619,34,3,-12,4,90,90,15,1,125449,AdultFemaleAgent(Clone),5,10,1.58,1.45,0,0,False,2,0,0
2026-03-06_20.57.01,217,sign-optimization-horizontal-vertical_scenario,619,34,3,-12,4,90,90,15,1,125450,WheelchairAgent(Clone),7,11,1.3,1.17,0,0,False,2,0,0
2026-03-06_20.57.01,217,sign-optimization-horizontal-vertical_scenario,619,34,3,-12,4,90,90,15,1,125451,AdultFemaleAgent(Clone),6,12,1.58,1.45,6.575195,1,False,2,1,0.5
2026-03-06_20.57.01,217,sign-optimization-horizontal-vertical_scenario,619,34,3,-12,4,90,90,15,1,125452,AdultMaleAgent(Clone),11,10,1.71,1.58,0,0,False,3,0,0
2026-03-06_20.57.01,217,sign-optimization-horizontal-vertical_scenario,619,34,3,-12,4,90,90,15,1,125453,AdultFemaleAgent(Clone),6,12,1.58,1.45,8.950195,1,False,2,0,0
2026-03-06_20.57.01,217,sign-optimization-horizontal-vertical_scenario,619,34,3,-12,4,90,90,15,1,125454,AdultFemaleAgent(Clone),11,10,1.58,1.450001,0,0,False,3,0,0
2026-03-06_20.57.01,217,sign-optimization-horizontal-vertical_scenario,619,34,3,-12,4,90,90,15,1,125455,AdultMaleAgent(Clone),7,11,1.71,1.58,0,0,False,2,0,0
2026-03-06_20.57.01,217,sign-optimization-horizontal-vertical_scenario,619,34,3,-12,4,90,90,15,1,125456,WheelchairAgent(Clone),7,11,1.3,1.17,1.119141,2,False,2,1,0.5
2026-03-06_20.57.01,217,sign-optimization-horizontal-vertical_scenario,619,34,3,-12,4,90,90,15,1,125457,WheelchairAgent(Clone),11,10,1.3,1.17,0,0,False,3,0,0
2026-03-06_20.57.01,217,sign-optimization-horizontal-vertical_scenario,619,34,3,-12,4,90,90,15,1,125458,AdultFemaleAgent(Clone),10,12,1.58,1.45,8.131836,1,False,3,0,0
2026-03-06_20.57.01,217,sign-optimization-horizontal-vertical_scenario,619,34,3,-12,4,90,90,15,1,125459,WheelchairAgent(Clone),5,10,1.3,1.17,0,0,False,2,0,0
2026-03-06_20.57.01,217,sign-optimization-horizontal-vertical_scenario,619,34,3,-12,4,90,90,15,1,125460,AdultFemaleAgent(Clone),6,12,1.58,1.45,12.71094,1,False,2,1,0.5
2026-03-06_20.57.01,217,sign-optimization-horizontal-vertical_scenario,619,34,3,-12,4,90,90,15,1,125461,AdultMaleAgent(Clone),7,11,1.71,1.58,0,0,False,2,0,0
2026-03-06_20.57.01,217,sign-optimization-horizontal-vertical_scenario,619,34,3,-12,4,90,90,15,1,125462,AdultFemaleAgent(Clone),5,10,1.58,1.45,3.020508,1,False,2,1,0.5
2026-03-06_20.57.01,217,sign-optimization-horizontal-vertical_scenario,619,34,3,-12,4,90,90,15,1,125463,WheelchairAgent(Clone),5,10,1.3,1.17,0,0,False,2,0,0
2026-03-06_20.57.01,217,sign-optimization-horizontal-vertical_scenario,619,34,3,-12,4,90,90,15,1,125464,AdultFemaleAgent(Clone),6,12,1.58,1.45,8.117188,1,False,2,0,0
2026-03-06_20.57.01,217,sign-optimization-horizontal-vertical_scenario,619,34,3,-12,4,90,90,15,1,125465,AdultFemaleAgent(Clone),5,10,1.58,1.45,3.285156,1,False,2,1,0.5
2026-03-06_20.57.01,217,sign-optimization-horizontal-vertical_scenario,619,34,3,-12,4,90,90,15,1,125466,AdultMaleAgent(Clone),5,10,1.71,1.58,1.549805,1,False,2,0,0
2026-03-06_20.57.01,217,sign-optimization-horizontal-vertical_scenario,619,34,3,-12,4,90,90,15,1,125467,AdultMaleAgent(Clone),7,11,1.71,1.58,1.775391,2,False,2,1,0.5
2026-03-06_20.57.01,217,sign-optimization-horizontal-vertical_scenario,619,34,3,-12,4,90,90,15,1,125468,AdultFemaleAgent(Clone),6,12,1.58,1.45,15.92969,1,True,2,1,0.5
2026-03-06_20.57.01,217,sign-optimization-horizontal-vertical_scenario,619,34,3,-12,4,90,90,15,1,125469,WheelchairAgent(Clone),10,12,1.3,1.17,9.400391,1,False,3,0,0
2026-03-06_20.57.01,217,sign-optimization-horizontal-vertical_scenario,619,34,3,-12,4,90,90,15,1,125470,AdultMaleAgent(Clone),11,10,1.71,1.58,0,0,False,3,0,0
2026-03-06_20.57.01,217,sign-optimization-horizontal-vertical_scenario,619,34,3,-12,4,90,90,15,1,125471,WheelchairAgent(Clone),11,10,1.3,1.17,0,0,False,3,0,0
2026-03-06_20.57.01,217,sign-optimization-horizontal-vertical_scenario,619,34,3,-12,4,90,90,15,1,125472,WheelchairAgent(Clone),6,12,1.3,1.17,9.623047,1,False,2,0,0
2026-03-06_20.57.01,217,sign-optimization-horizontal-vertical_scenario,619,34,3,-12,4,90,90,15,1,125473,AdultFemaleAgent(Clone),5,10,1.58,1.45,1.229492,1,False,2,0,0
2026-03-06_20.57.01,217,sign-optimization-horizontal-vertical_scenario,619,34,3,-12,4,90,90,15,1,125474,WheelchairAgent(Clone),11,10,1.3,1.17,0,0,False,3,0,0
2026-03-06_20.57.01,217,sign-optimization-horizontal-vertical_scenario,619,34,3,-12,4,90,90,15,1,125475,WheelchairAgent(Clone),6,12,1.3,1.17,0,0,False,2,0,0
2026-03-06_20.57.01,217,sign-optimization-horizontal-vertical_scenario,619,34,3,-12,4,90,90,15,1,125476,AdultFemaleAgent(Clone),5,10,1.58,1.45,3.883789,1,False,2,1,0.5
2026-03-06_20.57.01,217,sign-optimization-horizontal-vertical_scenario,619,34,3,-12,4,90,90,15,1,125477,AdultMaleAgent(Clone),6,12,1.71,1.58,8.175781,1,False,2,1,0.5
2026-03-06_20.57.01,217,sign-optimization-horizontal-vertical_scenario,619,34,3,-12,4,90,90,15,1,125478,WheelchairAgent(Clone),11,10,1.3,1.17,0,0,False,3,0,0
2026-03-06_20.57.01,217,sign-optimization-horizontal-vertical_scenario,619,34,3,-12,4,90,90,15,1,125479,AdultMaleAgent(Clone),6,12,1.71,1.58,9.861328,1,False,2,1,0.5
2026-03-06_20.57.01,217,sign-optimization-horizontal-vertical_scenario,619,34,3,-12,4,90,90,15,1,125480,WheelchairAgent(Clone),7,11,1.3,1.17,1.692383,2,False,2,1,0.5
2026-03-06_20.57.01,217,sign-optimization-horizontal-vertical_scenario,619,34,3,-12,4,90,90,15,1,125481,WheelchairAgent(Clone),6,12,1.3,1.17,12.28418,1,False,2,1,0.5
2026-03-06_20.57.01,217,sign-optimization-horizontal-vertical_scenario,619,34,3,-12,4,90,90,15,1,125482,AdultFemaleAgent(Clone),7,11,1.58,1.450001,3.679688,2,False,2,1,0.5
2026-03-06_20.57.01,217,sign-optimization-horizontal-vertical_scenario,619,34,3,-12,4,90,90,15,1,125483,AdultMaleAgent(Clone),11,10,1.71,1.58,0,0,False,3,0,0
2026-03-06_20.57.01,217,sign-optimization-horizontal-vertical_scenario,619,34,3,-12,4,90,90,15,1,125484,AdultFemaleAgent(Clone),10,12,1.58,1.45,10.07031,1,False,3,0,0
2026-03-06_20.57.01,217,sign-optimization-horizontal-vertical_scenario,619,34,3,-12,4,90,90,15,1,125485,WheelchairAgent(Clone),10,12,1.3,1.17,9.466797,1,False,3,0,0
2026-03-06_20.57.01,217,sign-optimization-horizontal-vertical_scenario,619,34,3,-12,4,90,90,15,1,125486,AdultMaleAgent(Clone),6,12,1.71,1.58,13.66699,1,True,2,1,0.5
2026-03-06_20.57.01,217,sign-optimization-horizontal-vertical_scenario,619,34,3,-12,4,90,90,15,1,125487,AdultMaleAgent(Clone),11,10,1.71,1.58,0,0,False,3,0,0
2026-03-06_20.57.01,217,sign-optimization-horizontal-vertical_scenario,619,34,3,-12,4,90,90,15,1,125488,AdultMaleAgent(Clone),11,10,1.71,1.58,0,0,False,3,0,0
2026-03-06_20.57.01,217,sign-optimization-horizontal-vertical_scenario,619,34,3,-12,4,90,90,15,1,125489,WheelchairAgent(Clone),7,11,1.3,1.17,0.5224609,1,False,2,0,0
2026-03-06_20.57.01,217,sign-optimization-horizontal-vertical_scenario,619,34,3,-12,4,90,90,15,1,125490,AdultMaleAgent(Clone),7,11,1.71,1.58,0.4541016,1,False,2,0,0
2026-03-06_20.57.01,217,sign-optimization-horizontal-vertical_scenario,619,34,3,-12,4,90,90,15,1,125491,AdultFemaleAgent(Clone),10,12,1.58,1.45,9.382813,1,False,3,0,0
2026-03-06_20.57.01,217,sign-optimization-horizontal-vertical_scenario,619,34,3,-12,4,90,90,15,1,125492,AdultFemaleAgent(Clone),10,12,1.58,1.45,9.060547,1,False,3,0,0
2026-03-06_20.57.01,217,sign-optimization-horizontal-vertical_scenario,619,34,3,-12,4,90,90,15,1,125493,WheelchairAgent(Clone),10,12,1.3,1.17,8.842773,1,False,3,0,0
2026-03-06_20.57.01,217,sign-optimization-horizontal-vertical_scenario,619,34,3,-12,4,90,90,15,1,125494,AdultFemaleAgent(Clone),7,11,1.58,1.450001,1.314453,2,False,2,1,0.5
2026-03-06_20.57.01,217,sign-optimization-horizontal-vertical_scenario,619,34,3,-12,4,90,90,15,1,125495,WheelchairAgent(Clone),5,10,1.3,1.17,0,0,False,2,0,0
2026-03-06_20.57.01,217,sign-optimization-horizontal-vertical_scenario,619,34,3,-12,4,90,90,15,1,125496,AdultFemaleAgent(Clone),11,10,1.58,1.450001,0,0,False,3,0,0
2026-03-06_20.57.01,217,sign-optimization-horizontal-vertical_scenario,619,34,3,-12,4,90,90,15,1,125497,AdultMaleAgent(Clone),10,12,1.71,1.58,11.40234,1,False,3,0,0
2026-03-06_20.57.01,217,sign-optimization-horizontal-vertical_scenario,619,34,3,-12,4,90,90,15,1,125498,AdultFemaleAgent(Clone),7,11,1.58,1.450001,1.263672,2,False,2,1,0.5
2026-03-06_20.57.01,217,sign-optimization-horizontal-vertical_scenario,619,34,3,-12,4,90,90,15,1,125499,AdultFemaleAgent(Clone),10,12,1.58,1.45,9.78418,1,False,3,0,0
2026-03-06_20.57.01,217,sign-optimization-horizontal-vertical_scenario,619,34,3,-12,4,90,90,15,1,125500,WheelchairAgent(Clone),11,10,1.3,1.17,0,0,False,3,0,0
2026-03-06_20.57.01,217,sign-optimization-horizontal-vertical_scenario,619,34,3,-12,4,90,90,15,1,125501,AdultMaleAgent(Clone),10,12,1.71,1.58,10.67285,1,False,3,0,0
2026-03-06_20.57.01,217,sign-optimization-horizontal-vertical_scenario,619,34,3,-12,4,90,90,15,1,125502,AdultMaleAgent(Clone),6,12,1.71,1.58,7.62207,1,False,2,1,0.5
2026-03-06_20.57.01,217,sign-optimization-horizontal-vertical_scenario,619,34,3,-12,4,90,90,15,1,125503,AdultFemaleAgent(Clone),5,10,1.58,1.45,4.262695,1,False,2,1,0.5
2026-03-06_20.57.01,217,sign-optimization-horizontal-vertical_scenario,619,34,3,-12,4,90,90,15,1,125504,AdultMaleAgent(Clone),11,10,1.71,1.58,0,0,False,3,0,0
2026-03-06_20.57.01,217,sign-optimization-horizontal-vertical_scenario,619,34,3,-12,4,90,90,15,1,125505,AdultFemaleAgent(Clone),11,10,1.58,1.450001,0,0,False,3,0,0
2026-03-06_20.57.01,217,sign-optimization-horizontal-vertical_scenario,619,34,3,-12,4,90,90,15,1,125506,AdultMaleAgent(Clone),7,11,1.71,1.58,2.107422,2,False,2,1,0.5
2026-03-06_20.57.01,217,sign-optimization-horizontal-vertical_scenario,619,34,3,-12,4,90,90,15,1,125507,AdultFemaleAgent(Clone),7,11,1.58,1.450001,0,0,False,2,0,0
2026-03-06_20.57.01,217,sign-optimization-horizontal-vertical_scenario,619,34,3,-12,4,90,90,15,1,125508,AdultMaleAgent(Clone),7,11,1.71,1.58,0,0,False,2,0,0
2026-03-06_20.57.01,217,sign-optimization-horizontal-vertical_scenario,619,34,3,-12,4,90,90,15,1,125509,AdultMaleAgent(Clone),7,11,1.71,1.58,1.620117,2,False,2,1,0.5
2026-03-06_20.57.01,217,sign-optimization-horizontal-vertical_scenario,619,34,3,-12,4,90,90,15,1,125510,AdultFemaleAgent(Clone),7,11,1.58,1.450001,0.4902344,1,False,2,0,0
2026-03-06_20.57.01,217,sign-optimization-horizontal-vertical_scenario,619,34,3,-12,4,90,90,15,1,125511,WheelchairAgent(Clone),7,11,1.3,1.17,0.5839844,2,False,2,1,0.5
2026-03-06_20.57.01,217,sign-optimization-horizontal-vertical_scenario,619,34,3,-12,4,90,90,15,1,125512,WheelchairAgent(Clone),5,10,1.3,1.17,0.7578125,1,False,2,0,0
2026-03-06_20.57.01,217,sign-optimization-horizontal-vertical_scenario,619,34,3,-12,4,90,90,15,1,125513,AdultMaleAgent(Clone),7,11,1.71,1.58,1.772461,2,True,2,1,0.5
2026-03-06_20.57.01,217,sign-optimization-horizontal-vertical_scenario,619,34,3,-12,4,90,90,15,1,125514,AdultMaleAgent(Clone),7,11,1.71,1.58,0,0,False,2,0,0
2026-03-06_20.57.01,217,sign-optimization-horizontal-vertical_scenario,619,34,3,-12,4,90,90,15,1,125515,AdultMaleAgent(Clone),7,11,1.71,1.58,1.923828,2,True,2,1,0.5
2026-03-06_20.57.01,217,sign-optimization-horizontal-vertical_scenario,619,34,3,-12,4,90,90,15,1,125516,AdultFemaleAgent(Clone),6,12,1.58,1.45,8.272461,1,False,2,0,0
2026-03-06_20.57.01,217,sign-optimization-horizontal-vertical_scenario,619,34,3,-12,4,90,90,15,1,125517,AdultMaleAgent(Clone),6,12,1.71,1.58,9.097656,1,False,2,1,0.5
2026-03-06_20.57.01,217,sign-optimization-horizontal-vertical_scenario,619,34,3,-12,4,90,90,15,1,125518,AdultFemaleAgent(Clone),10,12,1.58,1.45,9.699219,1,False,3,0,0
2026-03-06_20.57.01,217,sign-optimization-horizontal-vertical_scenario,619,34,3,-12,4,90,90,15,1,125519,AdultMaleAgent(Clone),7,11,1.71,1.58,0,0,False,2,0,0
2026-03-06_20.57.01,217,sign-optimization-horizontal-vertical_scenario,619,34,3,-12,4,90,90,15,1,125520,AdultFemaleAgent(Clone),5,10,1.58,1.45,0.8066406,1,False,2,0,0
2026-03-06_20.57.01,217,sign-optimization-horizontal-vertical_scenario,619,34,3,-12,4,90,90,15,1,125521,AdultFemaleAgent(Clone),5,10,1.58,1.45,2.911133,1,False,2,1,0.5
2026-03-06_20.57.01,217,sign-optimization-horizontal-vertical_scenario,619,34,3,-12,4,90,90,15,1,125522,WheelchairAgent(Clone),5,10,1.3,1.17,0.8857422,1,False,2,0,0
2026-03-06_20.57.01,217,sign-optimization-horizontal-vertical_scenario,619,34,3,-12,4,90,90,15,1,125523,AdultFemaleAgent(Clone),11,10,1.58,1.450001,0,0,False,3,0,0
2026-03-06_20.57.01,217,sign-optimization-horizontal-vertical_scenario,619,34,3,-12,4,90,90,15,1,125524,AdultFemaleAgent(Clone),7,11,1.58,1.450001,0,0,False,2,0,0
2026-03-06_20.57.01,217,sign-optimization-horizontal-vertical_scenario,619,34,3,-12,4,90,90,15,1,125525,WheelchairAgent(Clone),6,12,1.3,1.17,11.72461,1,True,2,1,0.5
2026-03-06_20.57.01,217,sign-optimization-horizontal-vertical_scenario,619,34,3,-12,4,90,90,15,1,125526,AdultMaleAgent(Clone),10,12,1.71,1.58,10.20117,1,False,3,0,0
2026-03-06_20.57.01,217,sign-optimization-horizontal-vertical_scenario,619,34,3,-12,4,90,90,15,1,125527,AdultMaleAgent(Clone),11,10,1.71,1.58,0,0,False,3,0,0
2026-03-06_20.57.01,217,sign-optimization-horizontal-vertical_scenario,619,34,3,-12,4,90,90,15,1,125528,WheelchairAgent(Clone),11,10,1.3,1.17,0,0,False,3,0,0
2026-03-06_20.57.01,217,sign-optimization-horizontal-vertical_scenario,619,34,3,-12,4,90,90,15,1,125529,AdultFemaleAgent(Clone),5,10,1.58,1.45,3.077148,1,False,2,1,0.5
2026-03-06_20.57.01,217,sign-optimization-horizontal-vertical_scenario,619,34,3,-12,4,90,90,15,1,125530,AdultFemaleAgent(Clone),10,12,1.58,1.45,10.23633,1,False,3,0,0
2026-03-06_20.57.01,217,sign-optimization-horizontal-vertical_scenario,619,34,3,-12,4,90,90,15,1,125531,AdultFemaleAgent(Clone),6,12,1.58,1.45,7.706055,1,False,2,1,0.5
2026-03-06_20.57.01,217,sign-optimization-horizontal-vertical_scenario,619,34,3,-12,4,90,90,15,1,125532,AdultMaleAgent(Clone),10,12,1.71,1.58,9.274414,1,False,3,0,0
2026-03-06_20.57.01,217,sign-optimization-horizontal-vertical_scenario,619,34,3,-12,4,90,90,15,1,125533,AdultMaleAgent(Clone),11,10,1.71,1.58,0,0,False,3,0,0
2026-03-06_20.57.01,217,sign-optimization-horizontal-vertical_scenario,619,34,3,-12,4,90,90,15,1,125534,AdultMaleAgent(Clone),6,12,1.71,1.58,11.69824,1,True,2,1,0.5
2026-03-06_20.57.01,217,sign-optimization-horizontal-vertical_scenario,619,34,3,-12,4,90,90,15,1,125535,AdultMaleAgent(Clone),10,12,1.71,1.58,9.550781,1,False,3,0,0
2026-03-06_20.57.01,217,sign-optimization-horizontal-vertical_scenario,619,34,3,-12,4,90,90,15,1,125536,AdultMaleAgent(Clone),6,12,1.71,1.58,13.24023,1,True,2,1,0.5
2026-03-06_20.57.01,217,sign-optimization-horizontal-vertical_scenario,619,34,3,-12,4,90,90,15,1,125537,AdultMaleAgent(Clone),11,10,1.71,1.58,0,0,False,3,0,0
2026-03-06_20.57.01,217,sign-optimization-horizontal-vertical_scenario,619,34,3,-12,4,90,90,15,1,125538,WheelchairAgent(Clone),11,10,1.3,1.17,0,0,False,3,0,0
2026-03-06_20.57.01,217,sign-optimization-horizontal-vertical_scenario,619,34,3,-12,4,90,90,15,1,125539,WheelchairAgent(Clone),11,10,1.3,1.17,0,0,False,3,0,0
2026-03-06_20.57.01,217,sign-optimization-horizontal-vertical_scenario,619,34,3,-12,4,90,90,15,1,125540,AdultMaleAgent(Clone),10,12,1.71,1.58,9.150391,1,False,3,0,0
2026-03-06_20.57.01,217,sign-optimization-horizontal-vertical_scenario,619,34,3,-12,4,90,90,15,1,125541,WheelchairAgent(Clone),10,12,1.3,1.17,8.535156,1,False,3,0,0
2026-03-06_20.57.01,217,sign-optimization-horizontal-vertical_scenario,619,34,3,-12,4,90,90,15,1,125542,WheelchairAgent(Clone),6,12,1.3,1.17,12.3584,1,False,2,1,0.5
2026-03-06_20.57.01,217,sign-optimization-horizontal-vertical_scenario,619,34,3,-12,4,90,90,15,1,125543,WheelchairAgent(Clone),7,11,1.3,1.17,0,0,False,2,0,0
2026-03-06_20.57.01,217,sign-optimization-horizontal-vertical_scenario,619,34,3,-12,4,90,90,15,1,125544,AdultMaleAgent(Clone),11,10,1.71,1.58,0,0,False,3,0,0
2026-03-06_20.57.01,217,sign-optimization-horizontal-vertical_scenario,619,34,3,-12,4,90,90,15,1,125545,WheelchairAgent(Clone),5,10,1.3,1.17,0,0,False,2,0,0
2026-03-06_20.57.01,217,sign-optimization-horizontal-vertical_scenario,619,34,3,-12,4,90,90,15,1,125546,WheelchairAgent(Clone),5,10,1.3,1.17,0.6806641,1,False,2,0,0
2026-03-06_20.57.01,217,sign-optimization-horizontal-vertical_scenario,619,34,3,-12,4,90,90,15,1,125547,WheelchairAgent(Clone),11,10,1.3,1.17,0,0,False,3,0,0
2026-03-06_20.57.01,217,sign-optimization-horizontal-vertical_scenario,619,34,3,-12,4,90,90,15,1,125548,WheelchairAgent(Clone),7,11,1.3,1.17,2.307617,2,False,2,1,0.5
2026-03-06_20.57.01,217,sign-optimization-horizontal-vertical_scenario,619,34,3,-12,4,90,90,15,1,125549,WheelchairAgent(Clone),5,10,1.3,1.17,0,0,False,2,0,0
2026-03-06_20.57.01,217,sign-optimization-horizontal-vertical_scenario,619,34,3,-12,4,90,90,15,1,125550,AdultFemaleAgent(Clone),11,10,1.58,1.450001,0,0,False,3,0,0
2026-03-06_20.57.01,217,sign-optimization-horizontal-vertical_scenario,619,34,3,-12,4,90,90,15,1,125551,WheelchairAgent(Clone),7,11,1.3,1.17,2.075195,2,True,2,1,0.5
2026-03-06_20.57.01,217,sign-optimization-horizontal-vertical_scenario,619,34,3,-12,4,90,90,15,1,125552,WheelchairAgent(Clone),6,12,1.3,1.17,13.76758,1,True,2,1,0.5
2026-03-06_20.57.01,217,sign-optimization-horizontal-vertical_scenario,619,34,3,-12,4,90,90,15,1,125553,AdultMaleAgent(Clone),10,12,1.71,1.58,7.530273,1,False,3,0,0
2026-03-06_20.57.01,217,sign-optimization-horizontal-vertical_scenario,619,34,3,-12,4,90,90,15,1,125554,WheelchairAgent(Clone),11,10,1.3,1.17,0,0,False,3,0,0
2026-03-06_20.57.01,217,sign-optimization-horizontal-vertical_scenario,619,34,3,-12,4,90,90,15,1,125555,WheelchairAgent(Clone),10,12,1.3,1.17,8.798828,1,False,3,0,0
2026-03-06_20.57.01,217,sign-optimization-horizontal-vertical_scenario,619,34,3,-12,4,90,90,15,1,125556,WheelchairAgent(Clone),11,10,1.3,1.17,0,0,False,3,0,0
2026-03-06_20.57.01,217,sign-optimization-horizontal-vertical_scenario,619,34,3,-12,4,90,90,15,1,125557,AdultFemaleAgent(Clone),10,12,1.58,1.45,9.714844,1,False,3,0,0
2026-03-06_20.57.01,217,sign-optimization-horizontal-vertical_scenario,619,34,3,-12,4,90,90,15,1,125558,WheelchairAgent(Clone),10,12,1.3,1.17,9.881836,1,False,3,0,0
2026-03-06_20.57.01,217,sign-optimization-horizontal-vertical_scenario,619,34,3,-12,4,90,90,15,1,125559,WheelchairAgent(Clone),11,10,1.3,1.17,0,0,False,3,0,0
2026-03-06_20.57.01,217,sign-optimization-horizontal-vertical_scenario,619,34,3,-12,4,90,90,15,1,125560,WheelchairAgent(Clone),6,12,1.3,1.17,4.290039,1,False,2,0,0
2026-03-06_20.57.01,217,sign-optimization-horizontal-vertical_scenario,619,34,3,-12,4,90,90,15,1,125561,AdultMaleAgent(Clone),11,10,1.71,1.58,0,0,False,3,0,0
2026-03-06_20.57.01,217,sign-optimization-horizontal-vertical_scenario,619,34,3,-12,4,90,90,15,1,125562,AdultFemaleAgent(Clone),11,10,1.58,1.450001,0,0,False,3,0,0
2026-03-06_20.57.01,217,sign-optimization-horizontal-vertical_scenario,619,34,3,-12,4,90,90,15,1,125563,AdultFemaleAgent(Clone),7,11,1.58,1.450001,0,0,False,2,0,0
2026-03-06_20.57.01,217,sign-optimization-horizontal-vertical_scenario,619,34,3,-12,4,90,90,15,1,125564,WheelchairAgent(Clone),11,10,1.3,1.17,0,0,False,3,0,0
2026-03-06_20.57.01,217,sign-optimization-horizontal-vertical_scenario,619,34,3,-12,4,90,90,15,1,125565,AdultMaleAgent(Clone),5,10,1.71,1.58,2.491211,1,False,2,1,0.5
2026-03-06_20.57.01,217,sign-optimization-horizontal-vertical_scenario,619,34,3,-12,4,90,90,15,1,125566,AdultFemaleAgent(Clone),5,10,1.58,1.45,1.553711,1,False,2,0,0
2026-03-06_20.57.01,217,sign-optimization-horizontal-vertical_scenario,619,34,3,-12,4,90,90,15,1,125567,AdultMaleAgent(Clone),6,12,1.71,1.58,12.72266,1,True,2,1,0.5
2026-03-06_20.57.01,217,sign-optimization-horizontal-vertical_scenario,619,34,3,-12,4,90,90,15,1,125568,WheelchairAgent(Clone),6,12,1.3,1.17,2.510742,1,False,2,0,0
2026-03-06_20.57.01,217,sign-optimization-horizontal-vertical_scenario,619,34,3,-12,4,90,90,15,1,125569,AdultMaleAgent(Clone),11,10,1.71,1.58,0,0,False,3,0,0
2026-03-06_20.57.01,217,sign-optimization-horizontal-vertical_scenario,619,34,3,-12,4,90,90,15,1,125570,AdultFemaleAgent(Clone),7,11,1.58,1.450001,0,0,False,2,0,0
2026-03-06_20.57.01,217,sign-optimization-horizontal-vertical_scenario,619,34,3,-12,4,90,90,15,1,125571,AdultMaleAgent(Clone),10,12,1.71,1.58,8.645508,1,False,3,0,0
2026-03-06_20.57.01,217,sign-optimization-horizontal-vertical_scenario,619,34,3,-12,4,90,90,15,1,125572,AdultFemaleAgent(Clone),10,12,1.58,1.45,8.750977,1,False,3,0,0
2026-03-06_20.57.01,217,sign-optimization-horizontal-vertical_scenario,619,34,3,-12,4,90,90,15,1,125573,WheelchairAgent(Clone),7,11,1.3,1.17,0.9492188,1,False,2,0,0
2026-03-06_20.57.01,217,sign-optimization-horizontal-vertical_scenario,619,34,3,-12,4,90,90,15,1,125574,WheelchairAgent(Clone),10,12,1.3,1.17,9.248047,1,False,3,0,0
2026-03-06_20.57.01,217,sign-optimization-horizontal-vertical_scenario,619,34,3,-12,4,90,90,15,1,125575,AdultMaleAgent(Clone),7,11,1.71,1.58,0,0,False,2,0,0
2026-03-06_20.57.01,217,sign-optimization-horizontal-vertical_scenario,619,34,3,-12,4,90,90,15,1,125576,AdultMaleAgent(Clone),10,12,1.71,1.58,9.145508,1,False,3,0,0
2026-03-06_20.57.01,217,sign-optimization-horizontal-vertical_scenario,619,34,3,-12,4,90,90,15,1,125577,WheelchairAgent(Clone),10,12,1.3,1.17,10.09668,1,False,3,0,0
2026-03-06_20.57.01,217,sign-optimization-horizontal-vertical_scenario,619,34,3,-12,4,90,90,15,1,125578,WheelchairAgent(Clone),6,12,1.3,1.17,0,0,False,2,0,0
2026-03-06_20.57.01,217,sign-optimization-horizontal-vertical_scenario,619,34,3,-12,4,90,90,15,1,125579,AdultFemaleAgent(Clone),5,10,1.58,1.45,0,0,False,2,0,0
2026-03-06_20.57.01,217,sign-optimization-horizontal-vertical_scenario,619,34,3,-12,4,90,90,15,1,125580,AdultFemaleAgent(Clone),6,12,1.58,1.45,0,0,False,2,0,0
2026-03-06_20.57.01,217,sign-optimization-horizontal-vertical_scenario,619,34,3,-12,4,90,90,15,1,125581,WheelchairAgent(Clone),7,11,1.3,1.17,1.22168,1,True,2,1,0.5
2026-03-06_20.57.01,217,sign-optimization-horizontal-vertical_scenario,619,34,3,-12,4,90,90,15,1,125582,WheelchairAgent(Clone),7,11,1.3,1.17,0,0,False,2,0,0
2026-03-06_20.57.01,217,sign-optimization-horizontal-vertical_scenario,619,34,3,-12,4,90,90,15,1,125583,AdultFemaleAgent(Clone),11,10,1.58,1.450001,0,0,False,3,0,0
2026-03-06_20.57.01,217,sign-optimization-horizontal-vertical_scenario,619,34,3,-12,4,90,90,15,1,125584,AdultMaleAgent(Clone),6,12,1.71,1.58,0,0,True,2,1,0.5
2026-03-06_20.57.01,217,sign-optimization-horizontal-vertical_scenario,619,34,3,-12,4,90,90,15,1,125585,WheelchairAgent(Clone),5,10,1.3,1.17,2.577148,1,False,2,1,0.5
2026-03-06_20.57.01,217,sign-optimization-horizontal-vertical_scenario,619,34,3,-12,4,90,90,15,1,125586,WheelchairAgent(Clone),11,10,1.3,1.17,0,0,False,3,0,0
2026-03-06_20.57.01,217,sign-optimization-horizontal-vertical_scenario,619,34,3,-12,4,90,90,15,1,125587,WheelchairAgent(Clone),11,10,1.3,1.17,0,0,False,3,0,0
2026-03-06_20.57.01,217,sign-optimization-horizontal-vertical_scenario,619,34,3,-12,4,90,90,15,1,125588,AdultMaleAgent(Clone),6,12,1.71,1.58,7.977539,1,False,2,1,0.5
2026-03-06_20.57.01,217,sign-optimization-horizontal-vertical_scenario,619,34,3,-12,4,90,90,15,1,125589,AdultFemaleAgent(Clone),10,12,1.58,1.45,8.792969,1,False,3,0,0
2026-03-06_20.57.01,217,sign-optimization-horizontal-vertical_scenario,619,34,3,-12,4,90,90,15,1,125590,WheelchairAgent(Clone),11,10,1.3,1.17,0,0,False,3,0,0
2026-03-06_20.57.01,217,sign-optimization-horizontal-vertical_scenario,619,34,3,-12,4,90,90,15,1,125591,AdultMaleAgent(Clone),6,12,1.71,1.58,4.045898,1,False,2,0,0
2026-03-06_20.57.01,217,sign-optimization-horizontal-vertical_scenario,619,34,3,-12,4,90,90,15,1,125592,WheelchairAgent(Clone),11,10,1.3,1.17,0,0,False,3,0,0
2026-03-06_20.57.01,217,sign-optimization-horizontal-vertical_scenario,619,34,3,-12,4,90,90,15,1,125593,AdultFemaleAgent(Clone),7,11,1.58,1.450001,0,0,False,2,0,0
2026-03-06_20.57.01,217,sign-optimization-horizontal-vertical_scenario,619,34,3,-12,4,90,90,15,1,125594,AdultFemaleAgent(Clone),10,12,1.58,1.45,9.841797,1,False,3,0,0
2026-03-06_20.57.01,217,sign-optimization-horizontal-vertical_scenario,619,34,3,-12,4,90,90,15,1,125595,WheelchairAgent(Clone),11,10,1.3,1.17,0,0,False,3,0,0
2026-03-06_20.57.01,217,sign-optimization-horizontal-vertical_scenario,619,34,3,-12,4,90,90,15,1,125596,AdultFemaleAgent(Clone),7,11,1.58,1.450001,0,0,False,2,0,0
2026-03-06_20.57.01,217,sign-optimization-horizontal-vertical_scenario,619,34,3,-12,4,90,90,15,1,125597,WheelchairAgent(Clone),5,10,1.3,1.17,0,0,False,2,0,0
2026-03-06_20.57.01,217,sign-optimization-horizontal-vertical_scenario,619,34,3,-12,4,90,90,15,1,125598,AdultFemaleAgent(Clone),11,10,1.58,1.450001,0,0,False,3,0,0
2026-03-06_20.57.01,217,sign-optimization-horizontal-vertical_scenario,619,34,3,-12,4,90,90,15,1,125599,AdultFemaleAgent(Clone),7,11,1.58,1.450001,0,0,False,2,0,0
2026-03-06_20.57.01,217,sign-optimization-horizontal-vertical_scenario,619,34,3,-12,4,90,90,15,1,125600,AdultFemaleAgent(Clone),7,11,1.58,1.450001,0,0,False,2,0,0
2026-03-06_20.57.01,217,sign-optimization-horizontal-vertical_scenario,619,34,3,-12,4,90,90,15,1,125601,AdultMaleAgent(Clone),10,12,1.71,1.58,0,0,False,3,0,0
2026-03-06_20.57.01,217,sign-optimization-horizontal-vertical_scenario,619,34,3,-12,4,90,90,15,1,125602,AdultMaleAgent(Clone),6,12,1.71,1.58,0,0,True,2,1,0.5
2026-03-06_20.57.01,217,sign-optimization-horizontal-vertical_scenario,619,34,3,-12,4,90,90,15,1,125603,AdultMaleAgent(Clone),11,10,1.71,1.58,0,0,False,3,0,0
2026-03-06_20.57.01,217,sign-optimization-horizontal-vertical_scenario,619,34,3,-12,4,90,90,15,1,125604,WheelchairAgent(Clone),10,12,1.3,1.17,9.310547,1,False,3,0,0
2026-03-06_20.57.01,217,sign-optimization-horizontal-vertical_scenario,619,34,3,-12,4,90,90,15,1,125605,AdultMaleAgent(Clone),11,10,1.71,1.58,0,0,False,3,0,0
2026-03-06_20.57.01,217,sign-optimization-horizontal-vertical_scenario,619,34,3,-12,4,90,90,15,1,125606,WheelchairAgent(Clone),10,12,1.3,1.17,0,0,False,3,0,0
2026-03-06_20.57.01,217,sign-optimization-horizontal-vertical_scenario,619,34,3,-12,4,90,90,15,1,125607,WheelchairAgent(Clone),11,10,1.3,1.17,0,0,False,3,0,0
2026-03-06_20.57.01,217,sign-optimization-horizontal-vertical_scenario,619,34,3,-12,4,90,90,15,1,125608,AdultMaleAgent(Clone),11,10,1.71,1.58,0,0,False,3,0,0
2026-03-06_20.57.01,217,sign-optimization-horizontal-vertical_scenario,619,34,3,-12,4,90,90,15,1,125609,AdultMaleAgent(Clone),7,11,1.71,1.58,0.08007813,1,False,2,1,0.5
2026-03-06_20.57.01,217,sign-optimization-horizontal-vertical_scenario,619,34,3,-12,4,90,90,15,1,125610,WheelchairAgent(Clone),10,12,1.3,1.17,7.988281,1,False,3,0,0
2026-03-06_20.57.01,217,sign-optimization-horizontal-vertical_scenario,619,34,3,-12,4,90,90,15,1,125611,AdultMaleAgent(Clone),5,10,1.71,1.58,0,0,False,2,0,0
2026-03-06_20.57.01,217,sign-optimization-horizontal-vertical_scenario,619,34,3,-12,4,90,90,15,1,125612,AdultMaleAgent(Clone),7,11,1.71,1.58,0,0,False,2,0,0
2026-03-06_20.57.01,217,sign-optimization-horizontal-vertical_scenario,619,34,3,-12,4,90,90,15,1,125613,WheelchairAgent(Clone),11,10,1.3,1.17,0,0,False,3,0,0
2026-03-06_20.57.01,217,sign-optimization-horizontal-vertical_scenario,619,34,3,-12,4,90,90,15,1,125614,WheelchairAgent(Clone),11,10,1.3,1.17,0,0,False,3,0,0
2026-03-06_20.57.01,217,sign-optimization-horizontal-vertical_scenario,619,34,3,-12,4,90,90,15,1,125615,WheelchairAgent(Clone),7,11,1.3,1.17,0,0,False,2,0,0
2026-03-06_20.57.01,217,sign-optimization-horizontal-vertical_scenario,619,34,3,-12,4,90,90,15,1,125616,AdultFemaleAgent(Clone),10,12,1.58,1.45,0,0,False,3,0,0
2026-03-06_20.57.01,217,sign-optimization-horizontal-vertical_scenario,619,34,3,-12,4,90,90,15,1,125617,WheelchairAgent(Clone),5,10,1.3,1.17,0,0,False,2,0,0
2026-03-06_20.57.01,217,sign-optimization-horizontal-vertical_scenario,619,34,3,-12,4,90,90,15,1,125618,AdultMaleAgent(Clone),6,12,1.71,1.58,0,0,False,2,0,0
2026-03-06_20.57.01,217,sign-optimization-horizontal-vertical_scenario,619,34,3,-12,4,90,90,15,1,125619,WheelchairAgent(Clone),11,10,1.3,1.17,0,0,False,3,0,0
2026-03-06_20.57.01,217,sign-optimization-horizontal-vertical_scenario,619,34,3,-12,4,90,90,15,1,125620,AdultFemaleAgent(Clone),7,11,1.58,1.450001,1.481445,1,True,2,1,0.5
2026-03-06_20.57.01,217,sign-optimization-horizontal-vertical_scenario,619,34,3,-12,4,90,90,15,1,125621,AdultFemaleAgent(Clone),5,10,1.58,1.45,0,0,False,2,0,0
2026-03-06_20.57.01,217,sign-optimization-horizontal-vertical_scenario,619,34,3,-12,4,90,90,15,1,125622,AdultFemaleAgent(Clone),11,10,1.58,1.450001,0,0,False,3,0,0
2026-03-06_20.57.01,217,sign-optimization-horizontal-vertical_scenario,619,34,3,-12,4,90,90,15,1,125623,AdultFemaleAgent(Clone),7,11,1.58,1.450001,0,0,False,2,0,0
2026-03-06_20.57.01,217,sign-optimization-horizontal-vertical_scenario,619,34,3,-12,4,90,90,15,1,125624,AdultMaleAgent(Clone),5,10,1.71,1.58,0,0,False,2,0,0
2026-03-06_20.57.01,217,sign-optimization-horizontal-vertical_scenario,619,34,3,-12,4,90,90,15,1,125625,AdultFemaleAgent(Clone),10,12,1.58,1.45,0,0,False,3,0,0
2026-03-06_20.57.01,217,sign-optimization-horizontal-vertical_scenario,619,34,3,-12,4,90,90,15,1,125626,WheelchairAgent(Clone),7,11,1.3,1.17,0.75,1,False,2,1,0.5
2026-03-06_20.57.01,217,sign-optimization-horizontal-vertical_scenario,619,34,3,-12,4,90,90,15,1,125627,WheelchairAgent(Clone),5,10,1.3,1.17,0,0,False,2,0,0
2026-03-06_20.57.01,217,sign-optimization-horizontal-vertical_scenario,619,34,3,-12,4,90,90,15,1,125628,WheelchairAgent(Clone),5,10,1.3,1.17,0,0,False,2,0,0
2026-03-06_20.57.01,217,sign-optimization-horizontal-vertical_scenario,619,34,3,-12,4,90,90,15,1,125629,WheelchairAgent(Clone),10,12,1.3,1.17,0,0,False,3,0,0
2026-03-06_20.57.01,217,sign-optimization-horizontal-vertical_scenario,619,34,3,-12,4,90,90,15,1,125630,WheelchairAgent(Clone),11,10,1.3,1.17,0,0,False,3,0,0
2026-03-06_20.57.01,217,sign-optimization-horizontal-vertical_scenario,619,34,3,-12,4,90,90,15,1,125631,AdultMaleAgent(Clone),7,11,1.71,1.58,0,0,False,2,0,0
2026-03-06_20.57.01,217,sign-optimization-horizontal-vertical_scenario,619,34,3,-12,4,90,90,15,1,125632,WheelchairAgent(Clone),5,10,1.3,1.17,0,0,False,2,0,0
2026-03-06_20.57.01,217,sign-optimization-horizontal-vertical_scenario,619,34,3,-12,4,90,90,15,1,125633,WheelchairAgent(Clone),7,11,1.3,1.17,1.764648,1,True,2,1,0.5
2026-03-06_20.57.01,217,sign-optimization-horizontal-vertical_scenario,619,34,3,-12,4,90,90,15,1,125634,WheelchairAgent(Clone),5,10,1.3,1.17,0,0,False,2,0,0
2026-03-06_20.57.01,217,sign-optimization-horizontal-vertical_scenario,619,34,3,-12,4,90,90,15,1,125635,AdultMaleAgent(Clone),5,10,1.71,1.58,0,0,False,2,0,0
2026-03-06_20.57.01,217,sign-optimization-horizontal-vertical_scenario,619,34,3,-12,4,90,90,15,1,125636,AdultFemaleAgent(Clone),5,10,1.58,1.45,0,0,False,2,0,0
2026-03-06_20.57.01,217,sign-optimization-horizontal-vertical_scenario,619,34,3,-12,4,90,90,15,1,125637,WheelchairAgent(Clone),7,11,1.3,1.17,0.7480469,1,False,2,1,0.5
2026-03-06_20.57.01,217,sign-optimization-horizontal-vertical_scenario,619,34,3,-12,4,90,90,15,1,125638,AdultFemaleAgent(Clone),6,12,1.58,1.45,0,0,False,2,0,0
2026-03-06_20.57.01,217,sign-optimization-horizontal-vertical_scenario,619,34,3,-12,4,90,90,15,1,125639,AdultFemaleAgent(Clone),5,10,1.58,1.45,0,0,False,2,0,0
2026-03-06_20.57.01,217,sign-optimization-horizontal-vertical_scenario,619,34,3,-12,4,90,90,15,1,125640,AdultMaleAgent(Clone),6,12,1.71,1.58,0,0,True,2,1,0.5
2026-03-06_20.57.01,217,sign-optimization-horizontal-vertical_scenario,619,34,3,-12,4,90,90,15,1,125641,WheelchairAgent(Clone),11,10,1.3,1.17,0,0,False,3,0,0
2026-03-06_20.57.01,217,sign-optimization-horizontal-vertical_scenario,619,34,3,-12,4,90,90,15,1,125642,WheelchairAgent(Clone),5,10,1.3,1.17,0,0,False,2,0,0
2026-03-06_20.57.01,217,sign-optimization-horizontal-vertical_scenario,619,34,3,-12,4,90,90,15,1,125643,AdultFemaleAgent(Clone),10,12,1.58,1.45,0,0,False,3,0,0
2026-03-06_20.57.01,217,sign-optimization-horizontal-vertical_scenario,619,34,3,-12,4,90,90,15,1,125644,WheelchairAgent(Clone),7,11,1.3,1.17,0.2763672,1,False,2,1,0.5
2026-03-06_20.57.01,217,sign-optimization-horizontal-vertical_scenario,619,34,3,-12,4,90,90,15,1,125645,WheelchairAgent(Clone),11,10,1.3,1.17,0,0,False,3,0,0
2026-03-06_20.57.01,217,sign-optimization-horizontal-vertical_scenario,619,34,3,-12,4,90,90,15,1,125646,WheelchairAgent(Clone),7,11,1.3,1.17,0,0,False,2,0,0
2026-03-06_20.57.01,217,sign-optimization-horizontal-vertical_scenario,619,34,3,-12,4,90,90,15,1,125647,AdultMaleAgent(Clone),11,10,1.71,1.58,0,0,False,3,0,0
2026-03-06_20.57.01,217,sign-optimization-horizontal-vertical_scenario,619,34,3,-12,4,90,90,15,1,125648,AdultMaleAgent(Clone),10,12,1.71,1.58,0,0,False,3,0,0
2026-03-06_20.57.01,217,sign-optimization-horizontal-vertical_scenario,619,34,3,-12,4,90,90,15,1,125649,WheelchairAgent(Clone),10,12,1.3,1.17,0,0,False,3,0,0
2026-03-06_20.57.01,217,sign-optimization-horizontal-vertical_scenario,619,34,3,-12,4,90,90,15,1,125650,AdultMaleAgent(Clone),7,11,1.71,1.58,1.762695,1,True,2,1,0.5
2026-03-06_20.57.01,217,sign-optimization-horizontal-vertical_scenario,619,34,3,-12,4,90,90,15,1,125651,WheelchairAgent(Clone),6,12,1.3,1.17,0,0,False,2,0,0
2026-03-06_20.57.01,217,sign-optimization-horizontal-vertical_scenario,619,34,3,-12,4,90,90,15,1,125652,AdultFemaleAgent(Clone),10,12,1.58,1.45,0,0,False,3,0,0
2026-03-06_20.57.01,217,sign-optimization-horizontal-vertical_scenario,619,34,3,-12,4,90,90,15,1,125653,AdultMaleAgent(Clone),7,11,1.71,1.58,0,0,False,2,0,0
2026-03-06_20.57.01,217,sign-optimization-horizontal-vertical_scenario,619,34,3,-12,4,90,90,15,1,125654,AdultMaleAgent(Clone),11,10,1.71,1.58,0,0,False,3,0,0
2026-03-06_20.57.01,217,sign-optimization-horizontal-vertical_scenario,619,34,3,-12,4,90,90,15,1,125655,AdultFemaleAgent(Clone),6,12,1.58,1.45,0,0,False,2,0,0
2026-03-06_20.57.01,217,sign-optimization-horizontal-vertical_scenario,619,34,3,-12,4,90,90,15,1,125656,AdultMaleAgent(Clone),10,12,1.71,1.58,0,0,False,3,0,0
2026-03-06_20.57.01,217,sign-optimization-horizontal-vertical_scenario,619,34,3,-12,4,90,90,15,1,125657,AdultFemaleAgent(Clone),11,10,1.58,1.450001,0,0,False,3,0,0
2026-03-06_20.57.01,217,sign-optimization-horizontal-vertical_scenario,619,34,3,-12,4,90,90,15,1,125658,AdultFemaleAgent(Clone),7,11,1.58,1.450001,0,0,False,2,0,0
2026-03-06_20.57.01,217,sign-optimization-horizontal-vertical_scenario,619,34,3,-12,4,90,90,15,1,125659,WheelchairAgent(Clone),6,12,1.3,1.17,0,0,False,2,1,0.5
2026-03-06_20.57.01,217,sign-optimization-horizontal-vertical_scenario,619,34,3,-12,4,90,90,15,1,125660,AdultMaleAgent(Clone),10,12,1.71,1.58,0,0,False,3,0,0
2026-03-06_20.57.01,217,sign-optimization-horizontal-vertical_scenario,619,34,3,-12,4,90,90,15,1,125661,AdultMaleAgent(Clone),5,10,1.71,1.58,0,0,False,2,0,0
2026-03-06_20.57.01,217,sign-optimization-horizontal-vertical_scenario,619,34,3,-12,4,90,90,15,1,125662,AdultMaleAgent(Clone),7,11,1.71,1.58,0,0,False,2,0,0
2026-03-06_20.57.01,217,sign-optimization-horizontal-vertical_scenario,619,34,3,-12,4,90,90,15,1,125663,AdultMaleAgent(Clone),7,11,1.71,1.58,0,0,False,2,0,0
2026-03-06_20.57.01,217,sign-optimization-horizontal-vertical_scenario,619,34,3,-12,4,90,90,15,1,125664,WheelchairAgent(Clone),7,11,1.3,1.17,0,0,False,2,0,0
2026-03-06_20.57.01,217,sign-optimization-horizontal-vertical_scenario,619,34,3,-12,4,90,90,15,1,125665,AdultMaleAgent(Clone),11,10,1.71,1.58,0,0,False,3,0,0
2026-03-06_20.57.01,217,sign-optimization-horizontal-vertical_scenario,619,34,3,-12,4,90,90,15,1,125666,AdultFemaleAgent(Clone),6,12,1.58,1.45,0,0,False,2,1,0.5
2026-03-06_20.57.01,217,sign-optimization-horizontal-vertical_scenario,619,34,3,-12,4,90,90,15,1,125667,WheelchairAgent(Clone),7,11,1.3,1.17,0,0,False,2,0,0
2026-03-06_20.57.01,217,sign-optimization-horizontal-vertical_scenario,619,34,3,-12,4,90,90,15,1,125668,AdultFemaleAgent(Clone),7,11,1.58,1.450001,0.9960938,1,False,2,1,0.5
2026-03-06_20.57.01,217,sign-optimization-horizontal-vertical_scenario,619,34,3,-12,4,90,90,15,1,125669,AdultFemaleAgent(Clone),10,12,1.58,1.45,0,0,False,3,0,0
2026-03-06_20.57.01,217,sign-optimization-horizontal-vertical_scenario,619,34,3,-12,4,90,90,15,1,125670,AdultFemaleAgent(Clone),6,12,1.58,1.45,0,0,False,2,0,0
2026-03-06_20.57.01,217,sign-optimization-horizontal-vertical_scenario,619,34,3,-12,4,90,90,15,1,125671,AdultMaleAgent(Clone),11,10,1.71,1.58,0,0,False,3,0,0
2026-03-06_20.57.01,217,sign-optimization-horizontal-vertical_scenario,619,34,3,-12,4,90,90,15,1,125672,WheelchairAgent(Clone),10,12,1.3,1.17,0,0,False,3,0,0
2026-03-06_20.57.01,217,sign-optimization-horizontal-vertical_scenario,619,34,3,-12,4,90,90,15,1,125673,WheelchairAgent(Clone),10,12,1.3,1.17,0,0,False,3,0,0
2026-03-06_20.57.01,217,sign-optimization-horizontal-vertical_scenario,619,34,3,-12,4,90,90,15,1,125674,WheelchairAgent(Clone),7,11,1.3,1.17,0,0,False,2,0,0
2026-03-06_20.57.01,217,sign-optimization-horizontal-vertical_scenario,619,34,3,-12,4,90,90,15,1,125675,AdultMaleAgent(Clone),6,12,1.71,1.58,0,0,False,2,1,0.5
2026-03-06_20.57.01,217,sign-optimization-horizontal-vertical_scenario,619,34,3,-12,4,90,90,15,1,125676,WheelchairAgent(Clone),10,12,1.3,1.17,0,0,False,3,0,0
2026-03-06_20.57.01,217,sign-optimization-horizontal-vertical_scenario,619,34,3,-12,4,90,90,15,1,125677,AdultMaleAgent(Clone),11,10,1.71,1.58,0,0,False,3,0,0
2026-03-06_20.57.01,217,sign-optimization-horizontal-vertical_scenario,619,34,3,-12,4,90,90,15,1,125678,AdultFemaleAgent(Clone),7,11,1.58,1.450001,0.9726563,1,False,2,1,0.5
2026-03-06_20.57.01,217,sign-optimization-horizontal-vertical_scenario,619,34,3,-12,4,90,90,15,1,125679,AdultMaleAgent(Clone),7,11,1.71,1.58,1.586914,1,False,2,1,0.5
2026-03-06_20.57.01,217,sign-optimization-horizontal-vertical_scenario,619,34,3,-12,4,90,90,15,1,125680,AdultFemaleAgent(Clone),5,10,1.58,1.45,0,0,False,2,0,0
2026-03-06_20.57.01,217,sign-optimization-horizontal-vertical_scenario,619,34,3,-12,4,90,90,15,1,125681,WheelchairAgent(Clone),11,10,1.3,1.17,0,0,False,3,0,0
2026-03-06_20.57.01,217,sign-optimization-horizontal-vertical_scenario,619,34,3,-12,4,90,90,15,1,125682,WheelchairAgent(Clone),6,12,1.3,1.17,0,0,False,2,0,0
2026-03-06_20.57.01,217,sign-optimization-horizontal-vertical_scenario,619,34,3,-12,4,90,90,15,1,125683,WheelchairAgent(Clone),6,12,1.3,1.17,0,0,False,2,0,0
2026-03-06_20.57.01,217,sign-optimization-horizontal-vertical_scenario,619,34,3,-12,4,90,90,15,1,125684,AdultFemaleAgent(Clone),10,12,1.58,1.45,0,0,False,3,0,0
2026-03-06_20.57.01,217,sign-optimization-horizontal-vertical_scenario,619,34,3,-12,4,90,90,15,1,125685,AdultFemaleAgent(Clone),10,12,1.58,1.45,0,0,False,3,0,0
2026-03-06_20.57.01,217,sign-optimization-horizontal-vertical_scenario,619,34,3,-12,4,90,90,15,1,125686,WheelchairAgent(Clone),11,10,1.3,1.17,0,0,False,3,0,0
2026-03-06_20.57.01,217,sign-optimization-horizontal-vertical_scenario,619,34,3,-12,4,90,90,15,1,125687,WheelchairAgent(Clone),10,12,1.3,1.17,0,0,False,3,0,0
2026-03-06_20.57.01,217,sign-optimization-horizontal-vertical_scenario,619,34,3,-12,4,90,90,15,1,125688,AdultFemaleAgent(Clone),11,10,1.58,1.450001,0,0,False,3,0,0
2026-03-06_20.57.01,217,sign-optimization-horizontal-vertical_scenario,619,34,3,-12,4,90,90,15,1,125689,AdultMaleAgent(Clone),10,12,1.71,1.58,0,0,False,3,0,0
2026-03-06_20.57.01,217,sign-optimization-horizontal-vertical_scenario,619,34,3,-12,4,90,90,15,1,125690,AdultMaleAgent(Clone),6,12,1.71,1.58,0,0,False,2,0,0
2026-03-06_20.57.01,217,sign-optimization-horizontal-vertical_scenario,619,34,3,-12,4,90,90,15,1,125691,AdultFemaleAgent(Clone),6,12,1.58,1.45,0,0,False,2,0,0
2026-03-06_20.57.01,217,sign-optimization-horizontal-vertical_scenario,619,34,3,-12,4,90,90,15,1,125692,AdultFemaleAgent(Clone),11,10,1.58,1.450001,0,0,False,3,0,0
2026-03-06_20.57.01,217,sign-optimization-horizontal-vertical_scenario,619,34,3,-12,4,90,90,15,1,125693,AdultMaleAgent(Clone),7,11,1.71,1.58,0.3896484,1,False,2,1,0.5
2026-03-06_20.57.01,217,sign-optimization-horizontal-vertical_scenario,619,34,3,-12,4,90,90,15,1,125694,AdultMaleAgent(Clone),7,11,1.71,1.58,0,0,False,2,0,0
2026-03-06_20.57.01,217,sign-optimization-horizontal-vertical_scenario,619,34,3,-12,4,90,90,15,1,125695,AdultMaleAgent(Clone),7,11,1.71,1.58,1.766602,1,True,2,1,0.5
2026-03-06_20.57.01,217,sign-optimization-horizontal-vertical_scenario,619,34,3,-12,4,90,90,15,1,125696,AdultFemaleAgent(Clone),7,11,1.58,1.450001,1.473633,1,True,2,1,0.5
2026-03-06_20.57.01,217,sign-optimization-horizontal-vertical_scenario,619,34,3,-12,4,90,90,15,1,125697,WheelchairAgent(Clone),7,11,1.3,1.17,0,0,False,2,0,0
2026-03-06_20.57.01,217,sign-optimization-horizontal-vertical_scenario,619,34,3,-12,4,90,90,15,1,125698,AdultMaleAgent(Clone),11,10,1.71,1.58,0,0,False,3,0,0
2026-03-06_20.57.01,217,sign-optimization-horizontal-vertical_scenario,619,34,3,-12,4,90,90,15,1,125699,AdultMaleAgent(Clone),10,12,1.71,1.58,0,0,False,3,0,0
2026-03-06_20.57.01,217,sign-optimization-horizontal-vertical_scenario,619,34,3,-12,4,90,90,15,1,125700,AdultMaleAgent(Clone),6,12,1.71,1.58,0,0,False,2,0,0
2026-03-06_20.57.01,217,sign-optimization-horizontal-vertical_scenario,619,34,3,-12,4,90,90,15,1,125701,AdultMaleAgent(Clone),7,11,1.71,1.58,0,0,False,2,0,0
2026-03-06_20.57.01,217,sign-optimization-horizontal-vertical_scenario,619,34,3,-12,4,90,90,15,1,125702,WheelchairAgent(Clone),6,12,1.3,1.17,0,0,False,2,1,0.5
2026-03-06_20.57.01,217,sign-optimization-horizontal-vertical_scenario,619,34,3,-12,4,90,90,15,1,125703,WheelchairAgent(Clone),11,10,1.3,1.17,0,0,False,3,0,0
2026-03-06_20.57.01,217,sign-optimization-horizontal-vertical_scenario,619,34,3,-12,4,90,90,15,1,125704,AdultFemaleAgent(Clone),11,10,1.58,1.450001,0,0,False,3,0,0
2026-03-06_20.57.01,217,sign-optimization-horizontal-vertical_scenario,619,34,3,-12,4,90,90,15,1,125705,AdultFemaleAgent(Clone),6,12,1.58,1.45,0,0,False,2,0,0
2026-03-06_20.57.01,217,sign-optimization-horizontal-vertical_scenario,619,34,3,-12,4,90,90,15,1,125706,AdultFemaleAgent(Clone),7,11,1.58,1.450001,0,0,False,2,0,0
2026-03-06_20.57.01,217,sign-optimization-horizontal-vertical_scenario,619,34,3,-12,4,90,90,15,1,125707,AdultMaleAgent(Clone),6,12,1.71,1.58,0,0,False,2,0,0
2026-03-06_20.57.01,217,sign-optimization-horizontal-vertical_scenario,619,34,3,-12,4,90,90,15,1,125708,AdultMaleAgent(Clone),6,12,1.71,1.58,0,0,False,2,0,0
2026-03-06_20.57.01,217,sign-optimization-horizontal-vertical_scenario,619,34,3,-12,4,90,90,15,1,125709,WheelchairAgent(Clone),11,10,1.3,1.17,0,0,False,3,0,0
2026-03-06_20.57.01,217,sign-optimization-horizontal-vertical_scenario,619,34,3,-12,4,90,90,15,1,125710,AdultMaleAgent(Clone),5,10,1.71,1.58,0,0,False,2,0,0
2026-03-06_20.57.01,217,sign-optimization-horizontal-vertical_scenario,619,34,3,-12,4,90,90,15,1,125711,AdultFemaleAgent(Clone),5,10,1.58,1.45,0,0,False,2,0,0
2026-03-06_20.57.01,217,sign-optimization-horizontal-vertical_scenario,619,34,3,-12,4,90,90,15,1,125712,AdultFemaleAgent(Clone),10,12,1.58,1.45,0,0,False,3,0,0
2026-03-06_20.57.01,217,sign-optimization-horizontal-vertical_scenario,619,34,3,-12,4,90,90,15,1,125713,AdultFemaleAgent(Clone),5,10,1.58,1.45,0,0,False,2,0,0
2026-03-06_20.57.01,217,sign-optimization-horizontal-vertical_scenario,619,34,3,-12,4,90,90,15,1,125714,WheelchairAgent(Clone),7,11,1.3,1.17,0,0,False,2,0,0
2026-03-06_20.57.01,217,sign-optimization-horizontal-vertical_scenario,619,34,3,-12,4,90,90,15,1,125715,AdultFemaleAgent(Clone),5,10,1.58,1.45,0,0,False,2,0,0
2026-03-06_20.57.01,217,sign-optimization-horizontal-vertical_scenario,619,34,3,-12,4,90,90,15,1,125716,AdultFemaleAgent(Clone),5,10,1.58,1.45,0,0,False,2,0,0
2026-03-06_20.57.01,217,sign-optimization-horizontal-vertical_scenario,619,34,3,-12,4,90,90,15,1,125717,WheelchairAgent(Clone),6,12,1.3,1.17,0,0,False,2,0,0
2026-03-06_20.57.01,217,sign-optimization-horizontal-vertical_scenario,619,34,3,-12,4,90,90,15,1,125718,AdultFemaleAgent(Clone),11,10,1.58,1.450001,0,0,False,3,0,0
2026-03-06_20.57.01,217,sign-optimization-horizontal-vertical_scenario,619,34,3,-12,4,90,90,15,1,125719,AdultMaleAgent(Clone),10,12,1.71,1.58,0,0,False,3,0,0
2026-03-06_20.57.01,217,sign-optimization-horizontal-vertical_scenario,619,34,3,-12,4,90,90,15,1,125720,WheelchairAgent(Clone),7,11,1.3,1.17,0,0,False,2,0,0
2026-03-06_20.57.01,217,sign-optimization-horizontal-vertical_scenario,619,34,3,-12,4,90,90,15,1,125721,WheelchairAgent(Clone),11,10,1.3,1.17,0,0,False,3,0,0
2026-03-06_20.57.01,217,sign-optimization-horizontal-vertical_scenario,619,34,3,-12,4,90,90,15,1,125722,AdultMaleAgent(Clone),5,10,1.71,1.58,0,0,False,2,0,0
2026-03-06_20.57.01,217,sign-optimization-horizontal-vertical_scenario,619,34,3,-12,4,90,90,15,1,125723,AdultFemaleAgent(Clone),11,10,1.58,1.450001,0,0,False,3,0,0
2026-03-06_20.57.01,217,sign-optimization-horizontal-vertical_scenario,619,34,3,-12,4,90,90,15,1,125724,AdultMaleAgent(Clone),5,10,1.71,1.58,0,0,False,2,0,0
2026-03-06_20.57.01,217,sign-optimization-horizontal-vertical_scenario,619,34,3,-12,4,90,90,15,1,125725,AdultMaleAgent(Clone),6,12,1.71,1.58,0,0,False,2,0,0
2026-03-06_20.57.01,217,sign-optimization-horizontal-vertical_scenario,619,34,3,-12,4,90,90,15,1,125726,AdultMaleAgent(Clone),5,10,1.71,1.58,0,0,False,2,0,0
2026-03-06_20.57.01,217,sign-optimization-horizontal-vertical_scenario,619,34,3,-12,4,90,90,15,1,125727,WheelchairAgent(Clone),10,12,1.3,1.17,0,0,False,3,0,0
2026-03-06_20.57.01,217,sign-optimization-horizontal-vertical_scenario,619,34,3,-12,4,90,90,15,1,125728,WheelchairAgent(Clone),10,12,1.3,1.17,0,0,False,3,0,0
2026-03-06_20.57.01,217,sign-optimization-horizontal-vertical_scenario,619,34,3,-12,4,90,90,15,1,125729,AdultMaleAgent(Clone),7,11,1.71,1.58,0,0,False,2,0,0
2026-03-06_20.57.01,217,sign-optimization-horizontal-vertical_scenario,619,34,3,-12,4,90,90,15,1,125730,WheelchairAgent(Clone),5,10,1.3,1.17,0,0,False,2,0,0
2026-03-06_20.57.01,217,sign-optimization-horizontal-vertical_scenario,619,34,3,-12,4,90,90,15,1,125731,AdultFemaleAgent(Clone),7,11,1.58,1.450001,0,0,False,2,0,0
2026-03-06_20.57.01,217,sign-optimization-horizontal-vertical_scenario,619,34,3,-12,4,90,90,15,1,125732,AdultMaleAgent(Clone),10,12,1.71,1.58,0,0,False,3,0,0
2026-03-06_20.57.01,217,sign-optimization-horizontal-vertical_scenario,619,34,3,-12,4,90,90,15,1,125733,AdultFemaleAgent(Clone),6,12,1.58,1.45,0,0,False,2,0,0
2026-03-06_20.57.01,217,sign-optimization-horizontal-vertical_scenario,619,34,3,-12,4,90,90,15,1,125734,AdultMaleAgent(Clone),5,10,1.71,1.58,0,0,False,2,0,0
2026-03-06_20.57.01,217,sign-optimization-horizontal-vertical_scenario,619,34,3,-12,4,90,90,15,1,125735,AdultFemaleAgent(Clone),11,10,1.58,1.450001,0,0,False,3,0,0
2026-03-06_20.57.01,217,sign-optimization-horizontal-vertical_scenario,619,34,3,-12,4,90,90,15,1,125736,AdultFemaleAgent(Clone),10,12,1.58,1.45,0,0,False,3,0,0
2026-03-06_20.57.01,217,sign-optimization-horizontal-vertical_scenario,619,34,3,-12,4,90,90,15,1,125737,AdultFemaleAgent(Clone),10,12,1.58,1.45,0,0,False,3,0,0
2026-03-06_20.57.01,217,sign-optimization-horizontal-vertical_scenario,619,34,3,-12,4,90,90,15,1,125738,AdultMaleAgent(Clone),6,12,1.71,1.58,0,0,False,2,0,0
2026-03-06_20.57.01,217,sign-optimization-horizontal-vertical_scenario,619,34,3,-12,4,90,90,15,1,125739,AdultFemaleAgent(Clone),10,12,1.58,1.45,0,0,False,3,0,0
2026-03-06_20.57.01,217,sign-optimization-horizontal-vertical_scenario,619,34,3,-12,4,90,90,15,1,125740,AdultFemaleAgent(Clone),6,12,1.58,1.45,0,0,False,2,0,0
2026-03-06_20.57.01,217,sign-optimization-horizontal-vertical_scenario,619,34,3,-12,4,90,90,15,1,125741,AdultMaleAgent(Clone),6,12,1.71,1.58,0,0,False,2,0,0
2026-03-06_20.57.01,217,sign-optimization-horizontal-vertical_scenario,619,34,3,-12,4,90,90,15,1,125742,AdultMaleAgent(Clone),5,10,1.71,1.58,0,0,False,2,0,0
2026-03-06_20.57.01,217,sign-optimization-horizontal-vertical_scenario,619,34,3,-12,4,90,90,15,1,125743,WheelchairAgent(Clone),10,12,1.3,1.17,0,0,False,3,0,0
2026-03-06_20.57.01,217,sign-optimization-horizontal-vertical_scenario,619,34,3,-12,4,90,90,15,1,125744,AdultMaleAgent(Clone),10,12,1.71,1.58,0,0,False,3,0,0
2026-03-06_20.57.01,217,sign-optimization-horizontal-vertical_scenario,619,34,3,-12,4,90,90,15,1,125745,AdultFemaleAgent(Clone),5,10,1.58,1.45,0,0,False,2,0,0
2026-03-06_20.57.01,217,sign-optimization-horizontal-vertical_scenario,619,34,3,-12,4,90,90,15,1,125746,AdultFemaleAgent(Clone),10,12,1.58,1.45,0,0,False,3,0,0
2026-03-06_20.57.01,217,sign-optimization-horizontal-vertical_scenario,619,34,3,-12,4,90,90,15,1,125747,AdultFemaleAgent(Clone),5,10,1.58,1.45,0,0,False,2,0,0
2026-03-06_20.57.01,217,sign-optimization-horizontal-vertical_scenario,619,34,3,-12,4,90,90,15,1,125748,AdultMaleAgent(Clone),5,10,1.71,1.58,0,0,False,2,0,0
2026-03-06_20.57.01,217,sign-optimization-horizontal-vertical_scenario,619,34,3,-12,4,90,90,15,1,125749,WheelchairAgent(Clone),7,11,1.3,1.17,0.9140625,1,False,2,1,0.5
2026-03-06_20.57.01,217,sign-optimization-horizontal-vertical_scenario,619,34,3,-12,4,90,90,15,1,125750,AdultMaleAgent(Clone),6,12,1.71,1.58,0,0,False,2,0,0
2026-03-06_20.57.01,217,sign-optimization-horizontal-vertical_scenario,619,34,3,-12,4,90,90,15,1,125751,AdultFemaleAgent(Clone),6,12,1.58,1.45,0,0,False,2,0,0
2026-03-06_20.57.01,217,sign-optimization-horizontal-vertical_scenario,619,34,3,-12,4,90,90,15,1,125752,AdultFemaleAgent(Clone),11,10,1.58,1.450001,0,0,False,3,0,0
2026-03-06_20.57.01,217,sign-optimization-horizontal-vertical_scenario,619,34,3,-12,4,90,90,15,1,125753,AdultMaleAgent(Clone),5,10,1.71,1.58,0,0,False,2,0,0
2026-03-06_20.57.01,217,sign-optimization-horizontal-vertical_scenario,619,34,3,-12,4,90,90,15,1,125754,AdultFemaleAgent(Clone),6,12,1.58,1.45,0,0,False,2,0,0
2026-03-06_20.57.01,217,sign-optimization-horizontal-vertical_scenario,619,34,3,-12,4,90,90,15,1,125755,AdultFemaleAgent(Clone),6,12,1.58,1.45,0,0,False,2,0,0
2026-03-06_20.57.01,217,sign-optimization-horizontal-vertical_scenario,619,34,3,-12,4,90,90,15,1,125756,WheelchairAgent(Clone),7,11,1.3,1.17,0,0,False,2,1,0.5
2026-03-06_20.57.01,217,sign-optimization-horizontal-vertical_scenario,619,34,3,-12,4,90,90,15,1,125757,WheelchairAgent(Clone),5,10,1.3,1.17,0,0,False,2,0,0
2026-03-06_20.57.01,217,sign-optimization-horizontal-vertical_scenario,619,34,3,-12,4,90,90,15,1,125758,WheelchairAgent(Clone),11,10,1.3,1.17,0,0,False,3,0,0
2026-03-06_20.57.01,217,sign-optimization-horizontal-vertical_scenario,619,34,3,-12,4,90,90,15,1,125759,AdultFemaleAgent(Clone),7,11,1.58,1.450001,0,0,False,2,0,0
2026-03-06_20.57.01,217,sign-optimization-horizontal-vertical_scenario,619,34,3,-12,4,90,90,15,1,125760,WheelchairAgent(Clone),11,10,1.3,1.17,0,0,False,3,0,0
2026-03-06_20.57.01,217,sign-optimization-horizontal-vertical_scenario,619,34,3,-12,4,90,90,15,1,125761,AdultFemaleAgent(Clone),11,10,1.58,1.450001,0,0,False,3,0,0
2026-03-06_20.57.01,217,sign-optimization-horizontal-vertical_scenario,619,34,3,-12,4,90,90,15,1,125762,WheelchairAgent(Clone),10,12,1.3,1.17,0,0,False,3,0,0
2026-03-06_20.57.01,217,sign-optimization-horizontal-vertical_scenario,619,34,3,-12,4,90,90,15,1,125763,WheelchairAgent(Clone),10,12,1.3,1.17,0,0,False,3,0,0
2026-03-06_20.57.01,217,sign-optimization-horizontal-vertical_scenario,619,34,3,-12,4,90,90,15,1,125764,AdultMaleAgent(Clone),6,12,1.71,1.58,0,0,False,2,0,0
2026-03-06_20.57.01,217,sign-optimization-horizontal-vertical_scenario,619,34,3,-12,4,90,90,15,1,125765,AdultFemaleAgent(Clone),5,10,1.58,1.45,0,0,False,2,0,0
2026-03-06_20.57.01,217,sign-optimization-horizontal-vertical_scenario,619,34,3,-12,4,90,90,15,1,125766,AdultFemaleAgent(Clone),7,11,1.58,1.450001,0,0,False,2,0,0
2026-03-06_20.57.01,217,sign-optimization-horizontal-vertical_scenario,619,34,3,-12,4,90,90,15,1,125767,AdultMaleAgent(Clone),7,11,1.71,1.58,0,0,False,2,0,0
2026-03-06_20.57.01,217,sign-optimization-horizontal-vertical_scenario,619,34,3,-12,4,90,90,15,1,125768,AdultFemaleAgent(Clone),5,10,1.58,1.45,0,0,False,2,0,0
2026-03-06_20.57.01,217,sign-optimization-horizontal-vertical_scenario,619,34,3,-12,4,90,90,15,1,125769,WheelchairAgent(Clone),7,11,1.3,1.17,0,0,False,2,0,0
2026-03-06_20.57.01,217,sign-optimization-horizontal-vertical_scenario,619,34,3,-12,4,90,90,15,1,125770,WheelchairAgent(Clone),6,12,1.3,1.17,0,0,False,2,0,0
2026-03-06_20.57.01,217,sign-optimization-horizontal-vertical_scenario,619,34,3,-12,4,90,90,15,1,125771,WheelchairAgent(Clone),5,10,1.3,1.17,0,0,False,2,0,0
2026-03-06_20.57.01,217,sign-optimization-horizontal-vertical_scenario,619,34,3,-12,4,90,90,15,1,125772,AdultMaleAgent(Clone),10,12,1.71,1.58,0,0,False,3,0,0
2026-03-06_20.57.01,217,sign-optimization-horizontal-vertical_scenario,619,34,3,-12,4,90,90,15,1,125773,AdultMaleAgent(Clone),7,11,1.71,1.58,0,0,False,2,0,0
2026-03-06_20.57.01,217,sign-optimization-horizontal-vertical_scenario,619,34,3,-12,4,90,90,15,1,125774,WheelchairAgent(Clone),7,11,1.3,1.17,0,0,False,2,0,0
2026-03-06_20.57.01,217,sign-optimization-horizontal-vertical_scenario,619,34,3,-12,4,90,90,15,1,125775,AdultFemaleAgent(Clone),7,11,1.58,1.450001,0,0,False,2,0,0
2026-03-06_20.57.01,217,sign-optimization-horizontal-vertical_scenario,619,34,3,-12,4,90,90,15,1,125776,AdultFemaleAgent(Clone),6,12,1.58,1.45,0,0,False,2,0,0
2026-03-06_20.57.01,217,sign-optimization-horizontal-vertical_scenario,619,34,3,-12,4,90,90,15,1,125777,AdultFemaleAgent(Clone),11,10,1.58,1.450001,0,0,False,3,0,0
2026-03-06_20.57.01,217,sign-optimization-horizontal-vertical_scenario,619,34,3,-12,4,90,90,15,1,125778,WheelchairAgent(Clone),5,10,1.3,1.17,0,0,False,2,0,0
2026-03-06_20.57.01,217,sign-optimization-horizontal-vertical_scenario,619,34,3,-12,4,90,90,15,1,125779,WheelchairAgent(Clone),11,10,1.3,1.17,0,0,False,3,0,0
2026-03-06_20.57.01,217,sign-optimization-horizontal-vertical_scenario,619,34,3,-12,4,90,90,15,1,125780,AdultFemaleAgent(Clone),6,12,1.58,1.45,0,0,False,2,0,0
2026-03-06_20.57.01,217,sign-optimization-horizontal-vertical_scenario,619,34,3,-12,4,90,90,15,1,125781,WheelchairAgent(Clone),10,12,1.3,1.17,0,0,False,3,0,0
2026-03-06_20.57.01,217,sign-optimization-horizontal-vertical_scenario,619,34,3,-12,4,90,90,15,1,125782,AdultMaleAgent(Clone),7,11,1.71,1.58,0,0,False,2,0,0
2026-03-06_20.57.01,217,sign-optimization-horizontal-vertical_scenario,619,34,3,-12,4,90,90,15,1,125783,AdultFemaleAgent(Clone),6,12,1.58,1.45,0,0,False,2,0,0
2026-03-06_20.57.01,217,sign-optimization-horizontal-vertical_scenario,619,34,3,-12,4,90,90,15,1,125784,WheelchairAgent(Clone),10,12,1.3,1.17,0,0,False,3,0,0
2026-03-06_20.57.01,217,sign-optimization-horizontal-vertical_scenario,619,34,3,-12,4,90,90,15,1,125785,AdultMaleAgent(Clone),10,12,1.71,1.58,0,0,False,3,0,0
2026-03-06_20.57.01,217,sign-optimization-horizontal-vertical_scenario,619,34,3,-12,4,90,90,15,1,125786,AdultFemaleAgent(Clone),7,11,1.58,1.450001,0,0,False,2,0,0
2026-03-06_20.57.01,217,sign-optimization-horizontal-vertical_scenario,619,34,3,-12,4,90,90,15,1,125787,WheelchairAgent(Clone),5,10,1.3,1.17,0,0,False,2,0,0
2026-03-06_20.57.01,217,sign-optimization-horizontal-vertical_scenario,619,34,3,-12,4,90,90,15,1,125788,WheelchairAgent(Clone),6,12,1.3,1.17,0,0,False,2,0,0
2026-03-06_20.57.01,217,sign-optimization-horizontal-vertical_scenario,619,34,3,-12,4,90,90,15,1,125789,AdultMaleAgent(Clone),7,11,1.71,1.58,0,0,False,2,0,0
2026-03-06_20.57.01,217,sign-optimization-horizontal-vertical_scenario,619,34,3,-12,4,90,90,15,1,125790,AdultFemaleAgent(Clone),7,11,1.58,1.450001,0,0,False,2,0,0
2026-03-06_20.57.01,217,sign-optimization-horizontal-vertical_scenario,619,34,3,-12,4,90,90,15,1,125791,AdultFemaleAgent(Clone),5,10,1.58,1.45,0,0,False,2,0,0
2026-03-06_20.57.01,217,sign-optimization-horizontal-vertical_scenario,619,34,3,-12,4,90,90,15,1,125792,WheelchairAgent(Clone),5,10,1.3,1.17,0,0,False,2,0,0
2026-03-06_20.57.01,217,sign-optimization-horizontal-vertical_scenario,619,34,3,-12,4,90,90,15,1,125793,WheelchairAgent(Clone),11,10,1.3,1.17,0,0,False,3,0,0
2026-03-06_20.57.01,217,sign-optimization-horizontal-vertical_scenario,619,34,3,-12,4,90,90,15,1,125794,AdultMaleAgent(Clone),6,12,1.71,1.58,0,0,False,2,0,0
2026-03-06_20.57.01,217,sign-optimization-horizontal-vertical_scenario,619,34,3,-12,4,90,90,15,1,125795,WheelchairAgent(Clone),5,10,1.3,1.17,0,0,False,2,0,0
2026-03-06_20.57.01,217,sign-optimization-horizontal-vertical_scenario,619,34,3,-12,4,90,90,15,1,125796,AdultFemaleAgent(Clone),7,11,1.58,1.450001,0,0,False,2,0,0
2026-03-06_20.57.01,217,sign-optimization-horizontal-vertical_scenario,619,34,3,-12,4,90,90,15,1,125797,AdultFemaleAgent(Clone),6,12,1.58,1.45,0,0,False,2,0,0
2026-03-06_20.57.01,217,sign-optimization-horizontal-vertical_scenario,619,34,3,-12,4,90,90,15,1,125798,WheelchairAgent(Clone),11,10,1.3,1.17,0,0,False,3,0,0
