Timestamp,RunIndex,ScenarioID,TotalAgents,VisibleSignCount,SignHeight,SignPositionX,SignPositionZ,SignOrientation,VcaAngle,VcaDistance,SignComprehensionTime,AgentID,AgentType,StartNode,GoalNode,Height,EyeHeight,TimeInVCA,TimesInVCA,SawSign,TotalNodesNavigated,NodesWithDetection,RDEffective
2026-03-07_02.23.51,233,sign-optimization-horizontal-vertical_scenario,648,382,3,4,4,0,90,15,1,134532,AdultMaleAgent(Clone),7,11,1.71,1.58,12.56836,1,True,2,1,0.5
2026-03-07_02.23.51,233,sign-optimization-horizontal-vertical_scenario,648,382,3,4,4,0,90,15,1,134533,WheelchairAgent(Clone),7,11,1.3,1.17,13.93848,1,True,2,1,0.5
2026-03-07_02.23.51,233,sign-optimization-horizontal-vertical_scenario,648,382,3,4,4,0,90,15,1,134534,AdultFemaleAgent(Clone),5,10,1.58,1.45,0,0,False,2,0,0
2026-03-07_02.23.51,233,sign-optimization-horizontal-vertical_scenario,648,382,3,4,4,0,90,15,1,134535,AdultMaleAgent(Clone),11,10,1.71,1.58,13.19336,2,True,3,2,0.6666667
2026-03-07_02.23.51,233,sign-optimization-horizontal-vertical_scenario,648,382,3,4,4,0,90,15,1,134536,AdultFemaleAgent(Clone),5,10,1.58,1.45,0,0,False,2,0,0
2026-03-07_02.23.51,233,sign-optimization-horizontal-vertical_scenario,648,382,3,4,4,0,90,15,1,134537,AdultFemaleAgent(Clone),7,11,1.58,1.450001,14.2373,1,True,2,1,0.5
2026-03-07_02.23.51,233,sign-optimization-horizontal-vertical_scenario,648,382,3,4,4,0,90,15,1,134538,AdultFemaleAgent(Clone),10,12,1.58,1.45,8.853516,2,True,3,1,0.3333333
2026-03-07_02.23.51,233,sign-optimization-horizontal-vertical_scenario,648,382,3,4,4,0,90,15,1,134539,AdultMaleAgent(Clone),11,10,1.71,1.58,12.32031,2,True,3,1,0.3333333
2026-03-07_02.23.51,233,sign-optimization-horizontal-vertical_scenario,648,382,3,4,4,0,90,15,1,134540,WheelchairAgent(Clone),6,12,1.3,1.17,6.224609,2,True,2,1,0.5
2026-03-07_02.23.51,233,sign-optimization-horizontal-vertical_scenario,648,382,3,4,4,0,90,15,1,134541,AdultMaleAgent(Clone),7,11,1.71,1.58,12.46289,1,True,2,1,0.5
2026-03-07_02.23.51,233,sign-optimization-horizontal-vertical_scenario,648,382,3,4,4,0,90,15,1,134542,WheelchairAgent(Clone),7,11,1.3,1.17,10.66016,1,True,2,1,0.5
2026-03-07_02.23.51,233,sign-optimization-horizontal-vertical_scenario,648,382,3,4,4,0,90,15,1,134543,AdultMaleAgent(Clone),5,10,1.71,1.58,0,0,False,2,0,0
2026-03-07_02.23.51,233,sign-optimization-horizontal-vertical_scenario,648,382,3,4,4,0,90,15,1,134544,AdultFemaleAgent(Clone),11,10,1.58,1.450001,12.2832,2,True,3,1,0.3333333
2026-03-07_02.23.51,233,sign-optimization-horizontal-vertical_scenario,648,382,3,4,4,0,90,15,1,134545,AdultMaleAgent(Clone),6,12,1.71,1.58,9.408203,2,True,2,1,0.5
2026-03-07_02.23.51,233,sign-optimization-horizontal-vertical_scenario,648,382,3,4,4,0,90,15,1,134546,AdultFemaleAgent(Clone),6,12,1.58,1.45,7.730469,2,True,2,1,0.5
2026-03-07_02.23.51,233,sign-optimization-horizontal-vertical_scenario,648,382,3,4,4,0,90,15,1,134547,AdultFemaleAgent(Clone),6,12,1.58,1.45,7.650391,2,True,2,1,0.5
2026-03-07_02.23.51,233,sign-optimization-horizontal-vertical_scenario,648,382,3,4,4,0,90,15,1,134548,WheelchairAgent(Clone),5,10,1.3,1.17,0,0,False,2,0,0
2026-03-07_02.23.51,233,sign-optimization-horizontal-vertical_scenario,648,382,3,4,4,0,90,15,1,134549,AdultMaleAgent(Clone),10,12,1.71,1.58,9.648438,2,True,3,1,0.3333333
2026-03-07_02.23.51,233,sign-optimization-horizontal-vertical_scenario,648,382,3,4,4,0,90,15,1,134550,AdultFemaleAgent(Clone),5,10,1.58,1.45,0,0,False,2,0,0
2026-03-07_02.23.51,233,sign-optimization-horizontal-vertical_scenario,648,382,3,4,4,0,90,15,1,134551,AdultFemaleAgent(Clone),7,11,1.58,1.450001,11.14453,1,True,2,1,0.5
2026-03-07_02.23.51,233,sign-optimization-horizontal-vertical_scenario,648,382,3,4,4,0,90,15,1,134552,WheelchairAgent(Clone),5,10,1.3,1.17,0,0,False,2,0,0
2026-03-07_02.23.51,233,sign-optimization-horizontal-vertical_scenario,648,382,3,4,4,0,90,15,1,134553,WheelchairAgent(Clone),5,10,1.3,1.17,0,0,False,2,0,0
2026-03-07_02.23.51,233,sign-optimization-horizontal-vertical_scenario,648,382,3,4,4,0,90,15,1,134554,AdultMaleAgent(Clone),10,12,1.71,1.58,9.196289,2,True,3,1,0.3333333
2026-03-07_02.23.51,233,sign-optimization-horizontal-vertical_scenario,648,382,3,4,4,0,90,15,1,134555,WheelchairAgent(Clone),7,11,1.3,1.17,15.19434,1,True,2,1,0.5
2026-03-07_02.23.51,233,sign-optimization-horizontal-vertical_scenario,648,382,3,4,4,0,90,15,1,134556,WheelchairAgent(Clone),11,10,1.3,1.17,5.352539,2,True,3,2,0.6666667
2026-03-07_02.23.51,233,sign-optimization-horizontal-vertical_scenario,648,382,3,4,4,0,90,15,1,134557,AdultMaleAgent(Clone),7,11,1.71,1.58,12.79102,1,True,2,1,0.5
2026-03-07_02.23.51,233,sign-optimization-horizontal-vertical_scenario,648,382,3,4,4,0,90,15,1,134558,AdultFemaleAgent(Clone),7,11,1.58,1.450001,14.7334,1,True,2,1,0.5
2026-03-07_02.23.51,233,sign-optimization-horizontal-vertical_scenario,648,382,3,4,4,0,90,15,1,134559,AdultFemaleAgent(Clone),7,11,1.58,1.450001,14.50293,1,True,2,1,0.5
2026-03-07_02.23.51,233,sign-optimization-horizontal-vertical_scenario,648,382,3,4,4,0,90,15,1,134560,AdultFemaleAgent(Clone),5,10,1.58,1.45,0,0,False,2,0,0
2026-03-07_02.23.51,233,sign-optimization-horizontal-vertical_scenario,648,382,3,4,4,0,90,15,1,134561,WheelchairAgent(Clone),6,12,1.3,1.17,8.193359,2,True,2,1,0.5
2026-03-07_02.23.51,233,sign-optimization-horizontal-vertical_scenario,648,382,3,4,4,0,90,15,1,134562,AdultFemaleAgent(Clone),10,12,1.58,1.45,9.222656,2,True,3,1,0.3333333
2026-03-07_02.23.51,233,sign-optimization-horizontal-vertical_scenario,648,382,3,4,4,0,90,15,1,134563,WheelchairAgent(Clone),5,10,1.3,1.17,0,0,False,2,0,0
2026-03-07_02.23.51,233,sign-optimization-horizontal-vertical_scenario,648,382,3,4,4,0,90,15,1,134564,WheelchairAgent(Clone),5,10,1.3,1.17,0,0,False,2,0,0
2026-03-07_02.23.51,233,sign-optimization-horizontal-vertical_scenario,648,382,3,4,4,0,90,15,1,134565,WheelchairAgent(Clone),10,12,1.3,1.17,8.240234,2,False,3,1,0.3333333
2026-03-07_02.23.51,233,sign-optimization-horizontal-vertical_scenario,648,382,3,4,4,0,90,15,1,134566,AdultMaleAgent(Clone),6,12,1.71,1.58,7.167969,2,True,2,1,0.5
2026-03-07_02.23.51,233,sign-optimization-horizontal-vertical_scenario,648,382,3,4,4,0,90,15,1,134567,WheelchairAgent(Clone),7,11,1.3,1.17,12.75879,1,True,2,1,0.5
2026-03-07_02.23.51,233,sign-optimization-horizontal-vertical_scenario,648,382,3,4,4,0,90,15,1,134568,WheelchairAgent(Clone),11,10,1.3,1.17,11.72461,2,True,3,1,0.3333333
2026-03-07_02.23.51,233,sign-optimization-horizontal-vertical_scenario,648,382,3,4,4,0,90,15,1,134569,AdultMaleAgent(Clone),11,10,1.71,1.58,12.41797,2,True,3,2,0.6666667
2026-03-07_02.23.51,233,sign-optimization-horizontal-vertical_scenario,648,382,3,4,4,0,90,15,1,134570,AdultMaleAgent(Clone),11,10,1.71,1.58,10.35547,2,True,3,2,0.6666667
2026-03-07_02.23.51,233,sign-optimization-horizontal-vertical_scenario,648,382,3,4,4,0,90,15,1,134571,WheelchairAgent(Clone),10,12,1.3,1.17,11.56934,2,True,3,1,0.3333333
2026-03-07_02.23.51,233,sign-optimization-horizontal-vertical_scenario,648,382,3,4,4,0,90,15,1,134572,AdultMaleAgent(Clone),7,11,1.71,1.58,14.14844,1,True,2,1,0.5
2026-03-07_02.23.51,233,sign-optimization-horizontal-vertical_scenario,648,382,3,4,4,0,90,15,1,134573,WheelchairAgent(Clone),7,11,1.3,1.17,14.32422,1,True,2,1,0.5
2026-03-07_02.23.51,233,sign-optimization-horizontal-vertical_scenario,648,382,3,4,4,0,90,15,1,134574,WheelchairAgent(Clone),11,10,1.3,1.17,12.65039,2,True,3,1,0.3333333
2026-03-07_02.23.51,233,sign-optimization-horizontal-vertical_scenario,648,382,3,4,4,0,90,15,1,134575,WheelchairAgent(Clone),5,10,1.3,1.17,0,0,False,2,0,0
2026-03-07_02.23.51,233,sign-optimization-horizontal-vertical_scenario,648,382,3,4,4,0,90,15,1,134576,WheelchairAgent(Clone),7,11,1.3,1.17,13.91602,1,True,2,1,0.5
2026-03-07_02.23.51,233,sign-optimization-horizontal-vertical_scenario,648,382,3,4,4,0,90,15,1,134577,AdultMaleAgent(Clone),5,10,1.71,1.58,0,0,False,2,0,0
2026-03-07_02.23.51,233,sign-optimization-horizontal-vertical_scenario,648,382,3,4,4,0,90,15,1,134578,WheelchairAgent(Clone),10,12,1.3,1.17,9.798828,2,True,3,1,0.3333333
2026-03-07_02.23.51,233,sign-optimization-horizontal-vertical_scenario,648,382,3,4,4,0,90,15,1,134579,AdultMaleAgent(Clone),7,11,1.71,1.58,19.91895,1,True,2,1,0.5
2026-03-07_02.23.51,233,sign-optimization-horizontal-vertical_scenario,648,382,3,4,4,0,90,15,1,134580,WheelchairAgent(Clone),11,10,1.3,1.17,5.47168,2,True,3,1,0.3333333
2026-03-07_02.23.51,233,sign-optimization-horizontal-vertical_scenario,648,382,3,4,4,0,90,15,1,134581,AdultFemaleAgent(Clone),5,10,1.58,1.45,0,0,False,2,0,0
2026-03-07_02.23.51,233,sign-optimization-horizontal-vertical_scenario,648,382,3,4,4,0,90,15,1,134582,AdultMaleAgent(Clone),10,12,1.71,1.58,9.289063,2,True,3,1,0.3333333
2026-03-07_02.23.51,233,sign-optimization-horizontal-vertical_scenario,648,382,3,4,4,0,90,15,1,134583,WheelchairAgent(Clone),5,10,1.3,1.17,0,0,False,2,0,0
2026-03-07_02.23.51,233,sign-optimization-horizontal-vertical_scenario,648,382,3,4,4,0,90,15,1,134584,AdultMaleAgent(Clone),6,12,1.71,1.58,9.506836,2,True,2,1,0.5
2026-03-07_02.23.51,233,sign-optimization-horizontal-vertical_scenario,648,382,3,4,4,0,90,15,1,134585,AdultFemaleAgent(Clone),10,12,1.58,1.45,8.614258,2,True,3,1,0.3333333
2026-03-07_02.23.51,233,sign-optimization-horizontal-vertical_scenario,648,382,3,4,4,0,90,15,1,134586,AdultFemaleAgent(Clone),6,12,1.58,1.45,8.963867,2,True,2,1,0.5
2026-03-07_02.23.51,233,sign-optimization-horizontal-vertical_scenario,648,382,3,4,4,0,90,15,1,134587,AdultMaleAgent(Clone),10,12,1.71,1.58,8.901367,2,True,3,1,0.3333333
2026-03-07_02.23.51,233,sign-optimization-horizontal-vertical_scenario,648,382,3,4,4,0,90,15,1,134588,AdultMaleAgent(Clone),5,10,1.71,1.58,0,0,False,2,0,0
2026-03-07_02.23.51,233,sign-optimization-horizontal-vertical_scenario,648,382,3,4,4,0,90,15,1,134589,AdultFemaleAgent(Clone),10,12,1.58,1.45,13.24902,2,True,3,1,0.3333333
2026-03-07_02.23.51,233,sign-optimization-horizontal-vertical_scenario,648,382,3,4,4,0,90,15,1,134590,WheelchairAgent(Clone),7,11,1.3,1.17,14.20117,1,True,2,1,0.5
2026-03-07_02.23.51,233,sign-optimization-horizontal-vertical_scenario,648,382,3,4,4,0,90,15,1,134591,AdultFemaleAgent(Clone),11,10,1.58,1.450001,12.33398,2,True,3,2,0.6666667
2026-03-07_02.23.51,233,sign-optimization-horizontal-vertical_scenario,648,382,3,4,4,0,90,15,1,134592,AdultFemaleAgent(Clone),5,10,1.58,1.45,0,0,False,2,0,0
2026-03-07_02.23.51,233,sign-optimization-horizontal-vertical_scenario,648,382,3,4,4,0,90,15,1,134593,AdultFemaleAgent(Clone),10,12,1.58,1.45,10.06738,2,True,3,1,0.3333333
2026-03-07_02.23.51,233,sign-optimization-horizontal-vertical_scenario,648,382,3,4,4,0,90,15,1,134594,WheelchairAgent(Clone),11,10,1.3,1.17,12.64355,2,True,3,2,0.6666667
2026-03-07_02.23.51,233,sign-optimization-horizontal-vertical_scenario,648,382,3,4,4,0,90,15,1,134595,AdultFemaleAgent(Clone),7,11,1.58,1.450001,20.90723,1,True,2,1,0.5
2026-03-07_02.23.51,233,sign-optimization-horizontal-vertical_scenario,648,382,3,4,4,0,90,15,1,134596,AdultFemaleAgent(Clone),5,10,1.58,1.45,0,0,False,2,0,0
2026-03-07_02.23.51,233,sign-optimization-horizontal-vertical_scenario,648,382,3,4,4,0,90,15,1,134597,WheelchairAgent(Clone),10,12,1.3,1.17,8.101563,2,True,3,1,0.3333333
2026-03-07_02.23.51,233,sign-optimization-horizontal-vertical_scenario,648,382,3,4,4,0,90,15,1,134598,AdultFemaleAgent(Clone),10,12,1.58,1.45,8.108398,2,True,3,1,0.3333333
2026-03-07_02.23.51,233,sign-optimization-horizontal-vertical_scenario,648,382,3,4,4,0,90,15,1,134599,WheelchairAgent(Clone),5,10,1.3,1.17,0,0,False,2,0,0
2026-03-07_02.23.51,233,sign-optimization-horizontal-vertical_scenario,648,382,3,4,4,0,90,15,1,134600,AdultMaleAgent(Clone),7,11,1.71,1.58,14.63574,1,True,2,1,0.5
2026-03-07_02.23.51,233,sign-optimization-horizontal-vertical_scenario,648,382,3,4,4,0,90,15,1,134601,WheelchairAgent(Clone),7,11,1.3,1.17,13.23535,1,True,2,1,0.5
2026-03-07_02.23.51,233,sign-optimization-horizontal-vertical_scenario,648,382,3,4,4,0,90,15,1,134602,WheelchairAgent(Clone),10,12,1.3,1.17,8.642578,2,True,3,1,0.3333333
2026-03-07_02.23.51,233,sign-optimization-horizontal-vertical_scenario,648,382,3,4,4,0,90,15,1,134603,AdultFemaleAgent(Clone),10,12,1.58,1.45,8.983398,2,True,3,1,0.3333333
2026-03-07_02.23.51,233,sign-optimization-horizontal-vertical_scenario,648,382,3,4,4,0,90,15,1,134604,AdultMaleAgent(Clone),6,12,1.71,1.58,8.081055,2,True,2,1,0.5
2026-03-07_02.23.51,233,sign-optimization-horizontal-vertical_scenario,648,382,3,4,4,0,90,15,1,134605,AdultFemaleAgent(Clone),5,10,1.58,1.45,0,0,False,2,0,0
2026-03-07_02.23.51,233,sign-optimization-horizontal-vertical_scenario,648,382,3,4,4,0,90,15,1,134606,AdultFemaleAgent(Clone),10,12,1.58,1.45,9.842773,2,True,3,1,0.3333333
2026-03-07_02.23.51,233,sign-optimization-horizontal-vertical_scenario,648,382,3,4,4,0,90,15,1,134607,WheelchairAgent(Clone),7,11,1.3,1.17,14.98535,1,True,2,1,0.5
2026-03-07_02.23.51,233,sign-optimization-horizontal-vertical_scenario,648,382,3,4,4,0,90,15,1,134608,AdultFemaleAgent(Clone),10,12,1.58,1.45,10.18164,2,True,3,1,0.3333333
2026-03-07_02.23.51,233,sign-optimization-horizontal-vertical_scenario,648,382,3,4,4,0,90,15,1,134609,AdultFemaleAgent(Clone),6,12,1.58,1.45,9.331055,2,True,2,1,0.5
2026-03-07_02.23.51,233,sign-optimization-horizontal-vertical_scenario,648,382,3,4,4,0,90,15,1,134610,WheelchairAgent(Clone),7,11,1.3,1.17,14.19922,1,True,2,1,0.5
2026-03-07_02.23.51,233,sign-optimization-horizontal-vertical_scenario,648,382,3,4,4,0,90,15,1,134611,WheelchairAgent(Clone),10,12,1.3,1.17,8.678711,4,True,3,1,0.3333333
2026-03-07_02.23.51,233,sign-optimization-horizontal-vertical_scenario,648,382,3,4,4,0,90,15,1,134612,AdultMaleAgent(Clone),5,10,1.71,1.58,0,0,False,2,0,0
2026-03-07_02.23.51,233,sign-optimization-horizontal-vertical_scenario,648,382,3,4,4,0,90,15,1,134613,AdultFemaleAgent(Clone),10,12,1.58,1.45,10.29688,2,True,3,1,0.3333333
2026-03-07_02.23.51,233,sign-optimization-horizontal-vertical_scenario,648,382,3,4,4,0,90,15,1,134614,AdultMaleAgent(Clone),5,10,1.71,1.58,0,0,False,2,0,0
2026-03-07_02.23.51,233,sign-optimization-horizontal-vertical_scenario,648,382,3,4,4,0,90,15,1,134615,WheelchairAgent(Clone),7,11,1.3,1.17,12.98242,1,True,2,1,0.5
2026-03-07_02.23.51,233,sign-optimization-horizontal-vertical_scenario,648,382,3,4,4,0,90,15,1,134616,WheelchairAgent(Clone),7,11,1.3,1.17,14.20898,1,True,2,1,0.5
2026-03-07_02.23.51,233,sign-optimization-horizontal-vertical_scenario,648,382,3,4,4,0,90,15,1,134617,AdultMaleAgent(Clone),10,12,1.71,1.58,10.97266,2,True,3,1,0.3333333
2026-03-07_02.23.51,233,sign-optimization-horizontal-vertical_scenario,648,382,3,4,4,0,90,15,1,134618,AdultFemaleAgent(Clone),11,10,1.58,1.450001,3.03418,3,True,3,2,0.6666667
2026-03-07_02.23.51,233,sign-optimization-horizontal-vertical_scenario,648,382,3,4,4,0,90,15,1,134619,AdultMaleAgent(Clone),5,10,1.71,1.58,0,0,False,2,0,0
2026-03-07_02.23.51,233,sign-optimization-horizontal-vertical_scenario,648,382,3,4,4,0,90,15,1,134620,AdultFemaleAgent(Clone),6,12,1.58,1.45,9.111328,2,True,2,1,0.5
2026-03-07_02.23.51,233,sign-optimization-horizontal-vertical_scenario,648,382,3,4,4,0,90,15,1,134621,AdultMaleAgent(Clone),7,11,1.71,1.58,14.50977,1,True,2,1,0.5
2026-03-07_02.23.51,233,sign-optimization-horizontal-vertical_scenario,648,382,3,4,4,0,90,15,1,134622,WheelchairAgent(Clone),5,10,1.3,1.17,0,0,False,2,0,0
2026-03-07_02.23.51,233,sign-optimization-horizontal-vertical_scenario,648,382,3,4,4,0,90,15,1,134623,AdultFemaleAgent(Clone),10,12,1.58,1.45,9.400391,2,True,3,1,0.3333333
2026-03-07_02.23.51,233,sign-optimization-horizontal-vertical_scenario,648,382,3,4,4,0,90,15,1,134624,AdultMaleAgent(Clone),5,10,1.71,1.58,0,0,False,2,0,0
2026-03-07_02.23.51,233,sign-optimization-horizontal-vertical_scenario,648,382,3,4,4,0,90,15,1,134625,WheelchairAgent(Clone),11,10,1.3,1.17,12.05859,2,True,3,2,0.6666667
2026-03-07_02.23.51,233,sign-optimization-horizontal-vertical_scenario,648,382,3,4,4,0,90,15,1,134626,WheelchairAgent(Clone),6,12,1.3,1.17,8.313477,2,True,2,1,0.5
2026-03-07_02.23.51,233,sign-optimization-horizontal-vertical_scenario,648,382,3,4,4,0,90,15,1,134627,AdultMaleAgent(Clone),10,12,1.71,1.58,15.93652,2,True,3,1,0.3333333
2026-03-07_02.23.51,233,sign-optimization-horizontal-vertical_scenario,648,382,3,4,4,0,90,15,1,134628,WheelchairAgent(Clone),10,12,1.3,1.17,9.932617,2,True,3,1,0.3333333
2026-03-07_02.23.51,233,sign-optimization-horizontal-vertical_scenario,648,382,3,4,4,0,90,15,1,134629,WheelchairAgent(Clone),7,11,1.3,1.17,14.50488,1,True,2,1,0.5
2026-03-07_02.23.51,233,sign-optimization-horizontal-vertical_scenario,648,382,3,4,4,0,90,15,1,134630,AdultMaleAgent(Clone),6,12,1.71,1.58,8.137695,2,True,2,1,0.5
2026-03-07_02.23.51,233,sign-optimization-horizontal-vertical_scenario,648,382,3,4,4,0,90,15,1,134631,AdultMaleAgent(Clone),6,12,1.71,1.58,8.837891,2,True,2,1,0.5
2026-03-07_02.23.51,233,sign-optimization-horizontal-vertical_scenario,648,382,3,4,4,0,90,15,1,134632,AdultFemaleAgent(Clone),6,12,1.58,1.45,9.912109,2,True,2,1,0.5
2026-03-07_02.23.51,233,sign-optimization-horizontal-vertical_scenario,648,382,3,4,4,0,90,15,1,134633,WheelchairAgent(Clone),10,12,1.3,1.17,11.05469,2,True,3,1,0.3333333
2026-03-07_02.23.51,233,sign-optimization-horizontal-vertical_scenario,648,382,3,4,4,0,90,15,1,134634,WheelchairAgent(Clone),11,10,1.3,1.17,11.26855,2,True,3,1,0.3333333
2026-03-07_02.23.51,233,sign-optimization-horizontal-vertical_scenario,648,382,3,4,4,0,90,15,1,134635,WheelchairAgent(Clone),10,12,1.3,1.17,9.408203,2,True,3,1,0.3333333
2026-03-07_02.23.51,233,sign-optimization-horizontal-vertical_scenario,648,382,3,4,4,0,90,15,1,134636,WheelchairAgent(Clone),10,12,1.3,1.17,9.495117,2,True,3,1,0.3333333
2026-03-07_02.23.51,233,sign-optimization-horizontal-vertical_scenario,648,382,3,4,4,0,90,15,1,134637,AdultFemaleAgent(Clone),6,12,1.58,1.45,8.516602,2,True,2,1,0.5
2026-03-07_02.23.51,233,sign-optimization-horizontal-vertical_scenario,648,382,3,4,4,0,90,15,1,134638,WheelchairAgent(Clone),5,10,1.3,1.17,0,0,False,2,0,0
2026-03-07_02.23.51,233,sign-optimization-horizontal-vertical_scenario,648,382,3,4,4,0,90,15,1,134639,AdultMaleAgent(Clone),6,12,1.71,1.58,8.395508,2,True,2,1,0.5
2026-03-07_02.23.51,233,sign-optimization-horizontal-vertical_scenario,648,382,3,4,4,0,90,15,1,134640,WheelchairAgent(Clone),5,10,1.3,1.17,0,0,False,2,0,0
2026-03-07_02.23.51,233,sign-optimization-horizontal-vertical_scenario,648,382,3,4,4,0,90,15,1,134641,AdultMaleAgent(Clone),11,10,1.71,1.58,11.88574,2,True,3,2,0.6666667
2026-03-07_02.23.51,233,sign-optimization-horizontal-vertical_scenario,648,382,3,4,4,0,90,15,1,134642,WheelchairAgent(Clone),11,10,1.3,1.17,1.563477,6,True,3,2,0.6666667
2026-03-07_02.23.51,233,sign-optimization-horizontal-vertical_scenario,648,382,3,4,4,0,90,15,1,134643,AdultMaleAgent(Clone),11,10,1.71,1.58,11.01758,2,True,3,2,0.6666667
2026-03-07_02.23.51,233,sign-optimization-horizontal-vertical_scenario,648,382,3,4,4,0,90,15,1,134644,AdultMaleAgent(Clone),10,12,1.71,1.58,11.84668,2,True,3,1,0.3333333
2026-03-07_02.23.51,233,sign-optimization-horizontal-vertical_scenario,648,382,3,4,4,0,90,15,1,134645,WheelchairAgent(Clone),6,12,1.3,1.17,9.552734,2,True,2,1,0.5
2026-03-07_02.23.51,233,sign-optimization-horizontal-vertical_scenario,648,382,3,4,4,0,90,15,1,134646,AdultFemaleAgent(Clone),5,10,1.58,1.45,0,0,False,2,0,0
2026-03-07_02.23.51,233,sign-optimization-horizontal-vertical_scenario,648,382,3,4,4,0,90,15,1,134647,WheelchairAgent(Clone),6,12,1.3,1.17,9.322266,2,True,2,1,0.5
2026-03-07_02.23.51,233,sign-optimization-horizontal-vertical_scenario,648,382,3,4,4,0,90,15,1,134648,WheelchairAgent(Clone),5,10,1.3,1.17,0,0,False,2,0,0
2026-03-07_02.23.51,233,sign-optimization-horizontal-vertical_scenario,648,382,3,4,4,0,90,15,1,134649,WheelchairAgent(Clone),6,12,1.3,1.17,8.651367,2,True,2,1,0.5
2026-03-07_02.23.51,233,sign-optimization-horizontal-vertical_scenario,648,382,3,4,4,0,90,15,1,134650,AdultFemaleAgent(Clone),5,10,1.58,1.45,0,0,False,2,0,0
2026-03-07_02.23.51,233,sign-optimization-horizontal-vertical_scenario,648,382,3,4,4,0,90,15,1,134651,AdultMaleAgent(Clone),10,12,1.71,1.58,8.594727,2,True,3,1,0.3333333
2026-03-07_02.23.51,233,sign-optimization-horizontal-vertical_scenario,648,382,3,4,4,0,90,15,1,134652,WheelchairAgent(Clone),5,10,1.3,1.17,0,0,False,2,0,0
2026-03-07_02.23.51,233,sign-optimization-horizontal-vertical_scenario,648,382,3,4,4,0,90,15,1,134653,AdultMaleAgent(Clone),5,10,1.71,1.58,0,0,False,2,0,0
2026-03-07_02.23.51,233,sign-optimization-horizontal-vertical_scenario,648,382,3,4,4,0,90,15,1,134654,AdultFemaleAgent(Clone),7,11,1.58,1.450001,14.02344,1,True,2,1,0.5
2026-03-07_02.23.51,233,sign-optimization-horizontal-vertical_scenario,648,382,3,4,4,0,90,15,1,134655,AdultMaleAgent(Clone),7,11,1.71,1.58,15.29492,1,True,2,1,0.5
2026-03-07_02.23.51,233,sign-optimization-horizontal-vertical_scenario,648,382,3,4,4,0,90,15,1,134656,AdultFemaleAgent(Clone),7,11,1.58,1.450001,13.9375,1,True,2,1,0.5
2026-03-07_02.23.51,233,sign-optimization-horizontal-vertical_scenario,648,382,3,4,4,0,90,15,1,134657,AdultFemaleAgent(Clone),7,11,1.58,1.450001,26.50098,1,True,2,1,0.5
2026-03-07_02.23.51,233,sign-optimization-horizontal-vertical_scenario,648,382,3,4,4,0,90,15,1,134658,AdultFemaleAgent(Clone),10,12,1.58,1.45,9.833008,2,True,3,1,0.3333333
2026-03-07_02.23.51,233,sign-optimization-horizontal-vertical_scenario,648,382,3,4,4,0,90,15,1,134659,AdultMaleAgent(Clone),10,12,1.71,1.58,9.061523,2,True,3,1,0.3333333
2026-03-07_02.23.51,233,sign-optimization-horizontal-vertical_scenario,648,382,3,4,4,0,90,15,1,134660,AdultFemaleAgent(Clone),6,12,1.58,1.45,8.768555,2,True,2,1,0.5
2026-03-07_02.23.51,233,sign-optimization-horizontal-vertical_scenario,648,382,3,4,4,0,90,15,1,134661,WheelchairAgent(Clone),10,12,1.3,1.17,30.6543,2,True,3,1,0.3333333
2026-03-07_02.23.51,233,sign-optimization-horizontal-vertical_scenario,648,382,3,4,4,0,90,15,1,134662,AdultFemaleAgent(Clone),5,10,1.58,1.45,0,0,False,2,0,0
2026-03-07_02.23.51,233,sign-optimization-horizontal-vertical_scenario,648,382,3,4,4,0,90,15,1,134663,AdultFemaleAgent(Clone),10,12,1.58,1.45,10.69434,2,True,3,1,0.3333333
2026-03-07_02.23.51,233,sign-optimization-horizontal-vertical_scenario,648,382,3,4,4,0,90,15,1,134664,AdultMaleAgent(Clone),5,10,1.71,1.58,0,0,False,2,0,0
2026-03-07_02.23.51,233,sign-optimization-horizontal-vertical_scenario,648,382,3,4,4,0,90,15,1,134665,AdultFemaleAgent(Clone),5,10,1.58,1.45,0,0,False,2,0,0
2026-03-07_02.23.51,233,sign-optimization-horizontal-vertical_scenario,648,382,3,4,4,0,90,15,1,134666,AdultFemaleAgent(Clone),10,12,1.58,1.45,14.3916,2,True,3,1,0.3333333
2026-03-07_02.23.51,233,sign-optimization-horizontal-vertical_scenario,648,382,3,4,4,0,90,15,1,134667,AdultFemaleAgent(Clone),7,11,1.58,1.450001,12.67676,1,True,2,1,0.5
2026-03-07_02.23.51,233,sign-optimization-horizontal-vertical_scenario,648,382,3,4,4,0,90,15,1,134668,AdultFemaleAgent(Clone),10,12,1.58,1.45,11.20605,2,True,3,1,0.3333333
2026-03-07_02.23.51,233,sign-optimization-horizontal-vertical_scenario,648,382,3,4,4,0,90,15,1,134669,WheelchairAgent(Clone),5,10,1.3,1.17,0,0,False,2,0,0
2026-03-07_02.23.51,233,sign-optimization-horizontal-vertical_scenario,648,382,3,4,4,0,90,15,1,134670,WheelchairAgent(Clone),6,12,1.3,1.17,8.180664,2,True,2,1,0.5
2026-03-07_02.23.51,233,sign-optimization-horizontal-vertical_scenario,648,382,3,4,4,0,90,15,1,134671,WheelchairAgent(Clone),7,11,1.3,1.17,13.8418,1,True,2,1,0.5
2026-03-07_02.23.51,233,sign-optimization-horizontal-vertical_scenario,648,382,3,4,4,0,90,15,1,134672,WheelchairAgent(Clone),6,12,1.3,1.17,9.249023,2,True,2,1,0.5
2026-03-07_02.23.51,233,sign-optimization-horizontal-vertical_scenario,648,382,3,4,4,0,90,15,1,134673,AdultMaleAgent(Clone),5,10,1.71,1.58,0,0,False,2,0,0
2026-03-07_02.23.51,233,sign-optimization-horizontal-vertical_scenario,648,382,3,4,4,0,90,15,1,134674,AdultFemaleAgent(Clone),6,12,1.58,1.45,8.75293,2,True,2,1,0.5
2026-03-07_02.23.51,233,sign-optimization-horizontal-vertical_scenario,648,382,3,4,4,0,90,15,1,134675,AdultFemaleAgent(Clone),7,11,1.58,1.450001,13.23926,1,True,2,1,0.5
2026-03-07_02.23.51,233,sign-optimization-horizontal-vertical_scenario,648,382,3,4,4,0,90,15,1,134676,WheelchairAgent(Clone),11,10,1.3,1.17,11.52051,2,True,3,2,0.6666667
2026-03-07_02.23.51,233,sign-optimization-horizontal-vertical_scenario,648,382,3,4,4,0,90,15,1,134677,AdultFemaleAgent(Clone),10,12,1.58,1.45,22.33594,2,True,3,1,0.3333333
2026-03-07_02.23.51,233,sign-optimization-horizontal-vertical_scenario,648,382,3,4,4,0,90,15,1,134678,WheelchairAgent(Clone),5,10,1.3,1.17,0,0,False,2,0,0
2026-03-07_02.23.51,233,sign-optimization-horizontal-vertical_scenario,648,382,3,4,4,0,90,15,1,134679,AdultMaleAgent(Clone),7,11,1.71,1.58,14.40234,1,True,2,1,0.5
2026-03-07_02.23.51,233,sign-optimization-horizontal-vertical_scenario,648,382,3,4,4,0,90,15,1,134680,AdultFemaleAgent(Clone),10,12,1.58,1.45,9.246094,2,True,3,1,0.3333333
2026-03-07_02.23.51,233,sign-optimization-horizontal-vertical_scenario,648,382,3,4,4,0,90,15,1,134681,AdultMaleAgent(Clone),6,12,1.71,1.58,10.38867,2,True,2,1,0.5
2026-03-07_02.23.51,233,sign-optimization-horizontal-vertical_scenario,648,382,3,4,4,0,90,15,1,134682,AdultFemaleAgent(Clone),6,12,1.58,1.45,9.103516,2,True,2,1,0.5
2026-03-07_02.23.51,233,sign-optimization-horizontal-vertical_scenario,648,382,3,4,4,0,90,15,1,134683,AdultMaleAgent(Clone),5,10,1.71,1.58,0,0,False,2,0,0
2026-03-07_02.23.51,233,sign-optimization-horizontal-vertical_scenario,648,382,3,4,4,0,90,15,1,134684,WheelchairAgent(Clone),11,10,1.3,1.17,11.83887,2,True,3,1,0.3333333
2026-03-07_02.23.51,233,sign-optimization-horizontal-vertical_scenario,648,382,3,4,4,0,90,15,1,134685,AdultMaleAgent(Clone),7,11,1.71,1.58,12.08301,1,True,2,1,0.5
2026-03-07_02.23.51,233,sign-optimization-horizontal-vertical_scenario,648,382,3,4,4,0,90,15,1,134686,WheelchairAgent(Clone),5,10,1.3,1.17,0,0,False,2,0,0
2026-03-07_02.23.51,233,sign-optimization-horizontal-vertical_scenario,648,382,3,4,4,0,90,15,1,134687,AdultMaleAgent(Clone),5,10,1.71,1.58,0,0,False,2,0,0
2026-03-07_02.23.51,233,sign-optimization-horizontal-vertical_scenario,648,382,3,4,4,0,90,15,1,134688,AdultMaleAgent(Clone),6,12,1.71,1.58,9.588867,2,True,2,1,0.5
2026-03-07_02.23.51,233,sign-optimization-horizontal-vertical_scenario,648,382,3,4,4,0,90,15,1,134689,WheelchairAgent(Clone),10,12,1.3,1.17,8.639648,2,True,3,1,0.3333333
2026-03-07_02.23.51,233,sign-optimization-horizontal-vertical_scenario,648,382,3,4,4,0,90,15,1,134690,AdultMaleAgent(Clone),6,12,1.71,1.58,9.520508,2,True,2,1,0.5
2026-03-07_02.23.51,233,sign-optimization-horizontal-vertical_scenario,648,382,3,4,4,0,90,15,1,134691,WheelchairAgent(Clone),10,12,1.3,1.17,9.193359,2,True,3,1,0.3333333
2026-03-07_02.23.51,233,sign-optimization-horizontal-vertical_scenario,648,382,3,4,4,0,90,15,1,134692,AdultMaleAgent(Clone),7,11,1.71,1.58,15.0752,1,True,2,1,0.5
2026-03-07_02.23.51,233,sign-optimization-horizontal-vertical_scenario,648,382,3,4,4,0,90,15,1,134693,AdultFemaleAgent(Clone),7,11,1.58,1.450001,13.84668,1,True,2,1,0.5
2026-03-07_02.23.51,233,sign-optimization-horizontal-vertical_scenario,648,382,3,4,4,0,90,15,1,134694,WheelchairAgent(Clone),11,10,1.3,1.17,11.75,2,True,3,2,0.6666667
2026-03-07_02.23.51,233,sign-optimization-horizontal-vertical_scenario,648,382,3,4,4,0,90,15,1,134695,AdultMaleAgent(Clone),6,12,1.71,1.58,8.191406,2,True,2,1,0.5
2026-03-07_02.23.51,233,sign-optimization-horizontal-vertical_scenario,648,382,3,4,4,0,90,15,1,134696,AdultMaleAgent(Clone),6,12,1.71,1.58,7.931641,2,True,2,1,0.5
2026-03-07_02.23.51,233,sign-optimization-horizontal-vertical_scenario,648,382,3,4,4,0,90,15,1,134697,AdultMaleAgent(Clone),7,11,1.71,1.58,17.30371,1,True,2,1,0.5
2026-03-07_02.23.51,233,sign-optimization-horizontal-vertical_scenario,648,382,3,4,4,0,90,15,1,134698,AdultMaleAgent(Clone),5,10,1.71,1.58,0,0,False,2,0,0
2026-03-07_02.23.51,233,sign-optimization-horizontal-vertical_scenario,648,382,3,4,4,0,90,15,1,134699,AdultFemaleAgent(Clone),10,12,1.58,1.45,12.71094,3,True,3,1,0.3333333
2026-03-07_02.23.51,233,sign-optimization-horizontal-vertical_scenario,648,382,3,4,4,0,90,15,1,134700,AdultMaleAgent(Clone),11,10,1.71,1.58,9.50293,2,False,3,1,0.3333333
2026-03-07_02.23.51,233,sign-optimization-horizontal-vertical_scenario,648,382,3,4,4,0,90,15,1,134701,WheelchairAgent(Clone),10,12,1.3,1.17,10.08105,2,True,3,1,0.3333333
2026-03-07_02.23.51,233,sign-optimization-horizontal-vertical_scenario,648,382,3,4,4,0,90,15,1,134702,WheelchairAgent(Clone),10,12,1.3,1.17,10.38672,2,True,3,1,0.3333333
2026-03-07_02.23.51,233,sign-optimization-horizontal-vertical_scenario,648,382,3,4,4,0,90,15,1,134703,AdultFemaleAgent(Clone),11,10,1.58,1.450001,11.23145,2,True,3,1,0.3333333
2026-03-07_02.23.51,233,sign-optimization-horizontal-vertical_scenario,648,382,3,4,4,0,90,15,1,134704,AdultMaleAgent(Clone),10,12,1.71,1.58,9.417969,2,True,3,1,0.3333333
2026-03-07_02.23.51,233,sign-optimization-horizontal-vertical_scenario,648,382,3,4,4,0,90,15,1,134705,WheelchairAgent(Clone),7,11,1.3,1.17,13.25293,1,True,2,1,0.5
2026-03-07_02.23.51,233,sign-optimization-horizontal-vertical_scenario,648,382,3,4,4,0,90,15,1,134706,AdultFemaleAgent(Clone),5,10,1.58,1.45,0,0,False,2,0,0
2026-03-07_02.23.51,233,sign-optimization-horizontal-vertical_scenario,648,382,3,4,4,0,90,15,1,134707,AdultMaleAgent(Clone),6,12,1.71,1.58,7.448242,2,True,2,1,0.5
2026-03-07_02.23.51,233,sign-optimization-horizontal-vertical_scenario,648,382,3,4,4,0,90,15,1,134708,WheelchairAgent(Clone),11,10,1.3,1.17,8.136719,1,False,3,2,0.6666667
2026-03-07_02.23.51,233,sign-optimization-horizontal-vertical_scenario,648,382,3,4,4,0,90,15,1,134709,WheelchairAgent(Clone),5,10,1.3,1.17,0,0,False,2,0,0
2026-03-07_02.23.51,233,sign-optimization-horizontal-vertical_scenario,648,382,3,4,4,0,90,15,1,134710,AdultMaleAgent(Clone),11,10,1.71,1.58,10.48828,2,True,3,1,0.3333333
2026-03-07_02.23.51,233,sign-optimization-horizontal-vertical_scenario,648,382,3,4,4,0,90,15,1,134711,AdultFemaleAgent(Clone),5,10,1.58,1.45,0,0,False,2,0,0
2026-03-07_02.23.51,233,sign-optimization-horizontal-vertical_scenario,648,382,3,4,4,0,90,15,1,134712,AdultMaleAgent(Clone),6,12,1.71,1.58,9.112305,2,True,2,1,0.5
2026-03-07_02.23.51,233,sign-optimization-horizontal-vertical_scenario,648,382,3,4,4,0,90,15,1,134713,AdultFemaleAgent(Clone),11,10,1.58,1.450001,10.5625,2,True,3,2,0.6666667
2026-03-07_02.23.51,233,sign-optimization-horizontal-vertical_scenario,648,382,3,4,4,0,90,15,1,134714,WheelchairAgent(Clone),6,12,1.3,1.17,9.271484,2,True,2,1,0.5
2026-03-07_02.23.51,233,sign-optimization-horizontal-vertical_scenario,648,382,3,4,4,0,90,15,1,134715,WheelchairAgent(Clone),6,12,1.3,1.17,7.666016,2,True,2,1,0.5
2026-03-07_02.23.51,233,sign-optimization-horizontal-vertical_scenario,648,382,3,4,4,0,90,15,1,134716,WheelchairAgent(Clone),5,10,1.3,1.17,0,0,False,2,0,0
2026-03-07_02.23.51,233,sign-optimization-horizontal-vertical_scenario,648,382,3,4,4,0,90,15,1,134717,AdultMaleAgent(Clone),6,12,1.71,1.58,7.240234,2,True,2,1,0.5
2026-03-07_02.23.51,233,sign-optimization-horizontal-vertical_scenario,648,382,3,4,4,0,90,15,1,134718,WheelchairAgent(Clone),11,10,1.3,1.17,9.28125,1,True,3,1,0.3333333
2026-03-07_02.23.51,233,sign-optimization-horizontal-vertical_scenario,648,382,3,4,4,0,90,15,1,134719,AdultMaleAgent(Clone),7,11,1.71,1.58,14.41113,1,True,2,1,0.5
2026-03-07_02.23.51,233,sign-optimization-horizontal-vertical_scenario,648,382,3,4,4,0,90,15,1,134720,WheelchairAgent(Clone),7,11,1.3,1.17,13.49707,1,False,2,1,0.5
2026-03-07_02.23.51,233,sign-optimization-horizontal-vertical_scenario,648,382,3,4,4,0,90,15,1,134721,WheelchairAgent(Clone),7,11,1.3,1.17,12.43359,1,False,2,0,0
2026-03-07_02.23.51,233,sign-optimization-horizontal-vertical_scenario,648,382,3,4,4,0,90,15,1,134722,WheelchairAgent(Clone),6,12,1.3,1.17,8.651367,2,True,2,1,0.5
2026-03-07_02.23.51,233,sign-optimization-horizontal-vertical_scenario,648,382,3,4,4,0,90,15,1,134723,AdultFemaleAgent(Clone),6,12,1.58,1.45,8.37793,2,True,2,1,0.5
2026-03-07_02.23.51,233,sign-optimization-horizontal-vertical_scenario,648,382,3,4,4,0,90,15,1,134724,WheelchairAgent(Clone),7,11,1.3,1.17,16.69531,1,True,2,1,0.5
2026-03-07_02.23.51,233,sign-optimization-horizontal-vertical_scenario,648,382,3,4,4,0,90,15,1,134725,AdultMaleAgent(Clone),7,11,1.71,1.58,15.92969,1,True,2,1,0.5
2026-03-07_02.23.51,233,sign-optimization-horizontal-vertical_scenario,648,382,3,4,4,0,90,15,1,134726,AdultFemaleAgent(Clone),5,10,1.58,1.45,0,0,False,2,0,0
2026-03-07_02.23.51,233,sign-optimization-horizontal-vertical_scenario,648,382,3,4,4,0,90,15,1,134727,AdultMaleAgent(Clone),10,12,1.71,1.58,8.302734,2,True,3,1,0.3333333
2026-03-07_02.23.51,233,sign-optimization-horizontal-vertical_scenario,648,382,3,4,4,0,90,15,1,134728,AdultMaleAgent(Clone),11,10,1.71,1.58,11.25977,2,True,3,2,0.6666667
2026-03-07_02.23.51,233,sign-optimization-horizontal-vertical_scenario,648,382,3,4,4,0,90,15,1,134729,AdultFemaleAgent(Clone),10,12,1.58,1.45,14.85059,2,True,3,1,0.3333333
2026-03-07_02.23.51,233,sign-optimization-horizontal-vertical_scenario,648,382,3,4,4,0,90,15,1,134730,AdultMaleAgent(Clone),5,10,1.71,1.58,0,0,False,2,0,0
2026-03-07_02.23.51,233,sign-optimization-horizontal-vertical_scenario,648,382,3,4,4,0,90,15,1,134731,WheelchairAgent(Clone),5,10,1.3,1.17,0,0,False,2,0,0
2026-03-07_02.23.51,233,sign-optimization-horizontal-vertical_scenario,648,382,3,4,4,0,90,15,1,134732,WheelchairAgent(Clone),7,11,1.3,1.17,14.19434,1,False,2,0,0
2026-03-07_02.23.51,233,sign-optimization-horizontal-vertical_scenario,648,382,3,4,4,0,90,15,1,134733,AdultMaleAgent(Clone),11,10,1.71,1.58,9.445313,2,False,3,0,0
2026-03-07_02.23.51,233,sign-optimization-horizontal-vertical_scenario,648,382,3,4,4,0,90,15,1,134734,AdultFemaleAgent(Clone),5,10,1.58,1.45,0,0,False,2,0,0
2026-03-07_02.23.51,233,sign-optimization-horizontal-vertical_scenario,648,382,3,4,4,0,90,15,1,134735,WheelchairAgent(Clone),11,10,1.3,1.17,11.04297,2,False,3,1,0.3333333
2026-03-07_02.23.51,233,sign-optimization-horizontal-vertical_scenario,648,382,3,4,4,0,90,15,1,134736,AdultMaleAgent(Clone),11,10,1.71,1.58,5.102539,1,True,3,1,0.3333333
2026-03-07_02.23.51,233,sign-optimization-horizontal-vertical_scenario,648,382,3,4,4,0,90,15,1,134737,AdultMaleAgent(Clone),11,10,1.71,1.58,5.142578,1,True,3,1,0.3333333
2026-03-07_02.23.51,233,sign-optimization-horizontal-vertical_scenario,648,382,3,4,4,0,90,15,1,134738,AdultMaleAgent(Clone),6,12,1.71,1.58,9.891602,2,True,2,1,0.5
2026-03-07_02.23.51,233,sign-optimization-horizontal-vertical_scenario,648,382,3,4,4,0,90,15,1,134739,AdultFemaleAgent(Clone),10,12,1.58,1.45,13.04395,2,True,3,1,0.3333333
2026-03-07_02.23.51,233,sign-optimization-horizontal-vertical_scenario,648,382,3,4,4,0,90,15,1,134740,AdultFemaleAgent(Clone),11,10,1.58,1.450001,9.546875,2,False,3,2,0.6666667
2026-03-07_02.23.51,233,sign-optimization-horizontal-vertical_scenario,648,382,3,4,4,0,90,15,1,134741,AdultMaleAgent(Clone),11,10,1.71,1.58,11.02832,2,True,3,1,0.3333333
2026-03-07_02.23.51,233,sign-optimization-horizontal-vertical_scenario,648,382,3,4,4,0,90,15,1,134742,WheelchairAgent(Clone),10,12,1.3,1.17,11.37109,2,True,3,1,0.3333333
2026-03-07_02.23.51,233,sign-optimization-horizontal-vertical_scenario,648,382,3,4,4,0,90,15,1,134743,AdultMaleAgent(Clone),7,11,1.71,1.58,15.7832,1,True,2,1,0.5
2026-03-07_02.23.51,233,sign-optimization-horizontal-vertical_scenario,648,382,3,4,4,0,90,15,1,134744,WheelchairAgent(Clone),11,10,1.3,1.17,9.697266,2,False,3,2,0.6666667
2026-03-07_02.23.51,233,sign-optimization-horizontal-vertical_scenario,648,382,3,4,4,0,90,15,1,134745,WheelchairAgent(Clone),6,12,1.3,1.17,7.489258,2,True,2,1,0.5
2026-03-07_02.23.51,233,sign-optimization-horizontal-vertical_scenario,648,382,3,4,4,0,90,15,1,134746,AdultFemaleAgent(Clone),6,12,1.58,1.45,8.916992,2,True,2,1,0.5
2026-03-07_02.23.51,233,sign-optimization-horizontal-vertical_scenario,648,382,3,4,4,0,90,15,1,134747,AdultMaleAgent(Clone),7,11,1.71,1.58,12.62793,1,True,2,1,0.5
2026-03-07_02.23.51,233,sign-optimization-horizontal-vertical_scenario,648,382,3,4,4,0,90,15,1,134748,WheelchairAgent(Clone),5,10,1.3,1.17,0,0,False,2,0,0
2026-03-07_02.23.51,233,sign-optimization-horizontal-vertical_scenario,648,382,3,4,4,0,90,15,1,134749,AdultFemaleAgent(Clone),5,10,1.58,1.45,0,0,False,2,0,0
2026-03-07_02.23.51,233,sign-optimization-horizontal-vertical_scenario,648,382,3,4,4,0,90,15,1,134750,AdultMaleAgent(Clone),7,11,1.71,1.58,14.65234,1,True,2,1,0.5
2026-03-07_02.23.51,233,sign-optimization-horizontal-vertical_scenario,648,382,3,4,4,0,90,15,1,134751,AdultMaleAgent(Clone),10,12,1.71,1.58,9.007813,2,True,3,1,0.3333333
2026-03-07_02.23.51,233,sign-optimization-horizontal-vertical_scenario,648,382,3,4,4,0,90,15,1,134752,AdultFemaleAgent(Clone),7,11,1.58,1.450001,12.1543,1,True,2,1,0.5
2026-03-07_02.23.51,233,sign-optimization-horizontal-vertical_scenario,648,382,3,4,4,0,90,15,1,134753,AdultFemaleAgent(Clone),6,12,1.58,1.45,10.00195,2,True,2,1,0.5
2026-03-07_02.23.51,233,sign-optimization-horizontal-vertical_scenario,648,382,3,4,4,0,90,15,1,134754,AdultMaleAgent(Clone),7,11,1.71,1.58,16.04297,1,True,2,1,0.5
2026-03-07_02.23.51,233,sign-optimization-horizontal-vertical_scenario,648,382,3,4,4,0,90,15,1,134755,AdultMaleAgent(Clone),6,12,1.71,1.58,9.163086,2,True,2,1,0.5
2026-03-07_02.23.51,233,sign-optimization-horizontal-vertical_scenario,648,382,3,4,4,0,90,15,1,134756,AdultMaleAgent(Clone),7,11,1.71,1.58,12.72168,1,True,2,1,0.5
2026-03-07_02.23.51,233,sign-optimization-horizontal-vertical_scenario,648,382,3,4,4,0,90,15,1,134757,AdultFemaleAgent(Clone),10,12,1.58,1.45,9.164063,2,True,3,1,0.3333333
2026-03-07_02.23.51,233,sign-optimization-horizontal-vertical_scenario,648,382,3,4,4,0,90,15,1,134758,AdultMaleAgent(Clone),10,12,1.71,1.58,13.86621,2,True,3,1,0.3333333
2026-03-07_02.23.51,233,sign-optimization-horizontal-vertical_scenario,648,382,3,4,4,0,90,15,1,134759,WheelchairAgent(Clone),11,10,1.3,1.17,10.96582,2,True,3,1,0.3333333
2026-03-07_02.23.51,233,sign-optimization-horizontal-vertical_scenario,648,382,3,4,4,0,90,15,1,134760,AdultFemaleAgent(Clone),7,11,1.58,1.450001,14.0752,1,True,2,1,0.5
2026-03-07_02.23.51,233,sign-optimization-horizontal-vertical_scenario,648,382,3,4,4,0,90,15,1,134761,AdultMaleAgent(Clone),6,12,1.71,1.58,8.37793,2,True,2,1,0.5
2026-03-07_02.23.51,233,sign-optimization-horizontal-vertical_scenario,648,382,3,4,4,0,90,15,1,134762,AdultFemaleAgent(Clone),7,11,1.58,1.450001,0,0,False,2,1,0.5
2026-03-07_02.23.51,233,sign-optimization-horizontal-vertical_scenario,648,382,3,4,4,0,90,15,1,134763,AdultFemaleAgent(Clone),10,12,1.58,1.45,19.125,2,True,3,1,0.3333333
2026-03-07_02.23.51,233,sign-optimization-horizontal-vertical_scenario,648,382,3,4,4,0,90,15,1,134764,AdultMaleAgent(Clone),7,11,1.71,1.58,13.38086,1,True,2,1,0.5
2026-03-07_02.23.51,233,sign-optimization-horizontal-vertical_scenario,648,382,3,4,4,0,90,15,1,134765,AdultFemaleAgent(Clone),5,10,1.58,1.45,0,0,False,2,0,0
2026-03-07_02.23.51,233,sign-optimization-horizontal-vertical_scenario,648,382,3,4,4,0,90,15,1,134766,AdultMaleAgent(Clone),11,10,1.71,1.58,11.62695,2,True,3,2,0.6666667
2026-03-07_02.23.51,233,sign-optimization-horizontal-vertical_scenario,648,382,3,4,4,0,90,15,1,134767,AdultMaleAgent(Clone),7,11,1.71,1.58,20.74609,1,True,2,1,0.5
2026-03-07_02.23.51,233,sign-optimization-horizontal-vertical_scenario,648,382,3,4,4,0,90,15,1,134768,AdultFemaleAgent(Clone),6,12,1.58,1.45,7.358398,2,True,2,1,0.5
2026-03-07_02.23.51,233,sign-optimization-horizontal-vertical_scenario,648,382,3,4,4,0,90,15,1,134769,AdultMaleAgent(Clone),10,12,1.71,1.58,9.588867,2,True,3,1,0.3333333
2026-03-07_02.23.51,233,sign-optimization-horizontal-vertical_scenario,648,382,3,4,4,0,90,15,1,134770,AdultMaleAgent(Clone),10,12,1.71,1.58,9.400391,2,True,3,1,0.3333333
2026-03-07_02.23.51,233,sign-optimization-horizontal-vertical_scenario,648,382,3,4,4,0,90,15,1,134771,WheelchairAgent(Clone),11,10,1.3,1.17,11.19141,2,True,3,1,0.3333333
2026-03-07_02.23.51,233,sign-optimization-horizontal-vertical_scenario,648,382,3,4,4,0,90,15,1,134772,AdultFemaleAgent(Clone),6,12,1.58,1.45,10.4043,2,True,2,1,0.5
2026-03-07_02.23.51,233,sign-optimization-horizontal-vertical_scenario,648,382,3,4,4,0,90,15,1,134773,AdultFemaleAgent(Clone),6,12,1.58,1.45,8.057617,2,True,2,1,0.5
2026-03-07_02.23.51,233,sign-optimization-horizontal-vertical_scenario,648,382,3,4,4,0,90,15,1,134774,AdultMaleAgent(Clone),11,10,1.71,1.58,11.65234,2,True,3,2,0.6666667
2026-03-07_02.23.51,233,sign-optimization-horizontal-vertical_scenario,648,382,3,4,4,0,90,15,1,134775,AdultFemaleAgent(Clone),7,11,1.58,1.450001,11.48828,1,True,2,1,0.5
2026-03-07_02.23.51,233,sign-optimization-horizontal-vertical_scenario,648,382,3,4,4,0,90,15,1,134776,AdultMaleAgent(Clone),6,12,1.71,1.58,8.407227,2,True,2,1,0.5
2026-03-07_02.23.51,233,sign-optimization-horizontal-vertical_scenario,648,382,3,4,4,0,90,15,1,134777,AdultMaleAgent(Clone),5,10,1.71,1.58,0,0,False,2,0,0
2026-03-07_02.23.51,233,sign-optimization-horizontal-vertical_scenario,648,382,3,4,4,0,90,15,1,134778,AdultMaleAgent(Clone),5,10,1.71,1.58,0,0,False,2,0,0
2026-03-07_02.23.51,233,sign-optimization-horizontal-vertical_scenario,648,382,3,4,4,0,90,15,1,134779,WheelchairAgent(Clone),10,12,1.3,1.17,8.932617,2,True,3,1,0.3333333
2026-03-07_02.23.51,233,sign-optimization-horizontal-vertical_scenario,648,382,3,4,4,0,90,15,1,134780,WheelchairAgent(Clone),5,10,1.3,1.17,0,0,False,2,0,0
2026-03-07_02.23.51,233,sign-optimization-horizontal-vertical_scenario,648,382,3,4,4,0,90,15,1,134781,WheelchairAgent(Clone),10,12,1.3,1.17,8.885742,2,True,3,1,0.3333333
2026-03-07_02.23.51,233,sign-optimization-horizontal-vertical_scenario,648,382,3,4,4,0,90,15,1,134782,AdultFemaleAgent(Clone),10,12,1.58,1.45,10.19629,2,True,3,1,0.3333333
2026-03-07_02.23.51,233,sign-optimization-horizontal-vertical_scenario,648,382,3,4,4,0,90,15,1,134783,AdultMaleAgent(Clone),10,12,1.71,1.58,9.493164,2,True,3,1,0.3333333
2026-03-07_02.23.51,233,sign-optimization-horizontal-vertical_scenario,648,382,3,4,4,0,90,15,1,134784,WheelchairAgent(Clone),6,12,1.3,1.17,8.724609,2,True,2,1,0.5
2026-03-07_02.23.51,233,sign-optimization-horizontal-vertical_scenario,648,382,3,4,4,0,90,15,1,134785,AdultFemaleAgent(Clone),5,10,1.58,1.45,0,0,False,2,0,0
2026-03-07_02.23.51,233,sign-optimization-horizontal-vertical_scenario,648,382,3,4,4,0,90,15,1,134786,AdultFemaleAgent(Clone),6,12,1.58,1.45,7.054688,2,True,2,1,0.5
2026-03-07_02.23.51,233,sign-optimization-horizontal-vertical_scenario,648,382,3,4,4,0,90,15,1,134787,AdultMaleAgent(Clone),6,12,1.71,1.58,8.899414,2,True,2,1,0.5
2026-03-07_02.23.51,233,sign-optimization-horizontal-vertical_scenario,648,382,3,4,4,0,90,15,1,134788,WheelchairAgent(Clone),10,12,1.3,1.17,8.845703,2,True,3,1,0.3333333
2026-03-07_02.23.51,233,sign-optimization-horizontal-vertical_scenario,648,382,3,4,4,0,90,15,1,134789,AdultMaleAgent(Clone),6,12,1.71,1.58,9.31543,2,True,2,1,0.5
2026-03-07_02.23.51,233,sign-optimization-horizontal-vertical_scenario,648,382,3,4,4,0,90,15,1,134790,AdultMaleAgent(Clone),11,10,1.71,1.58,5.615234,1,False,3,2,0.6666667
2026-03-07_02.23.51,233,sign-optimization-horizontal-vertical_scenario,648,382,3,4,4,0,90,15,1,134791,WheelchairAgent(Clone),10,12,1.3,1.17,8.442383,2,True,3,1,0.3333333
2026-03-07_02.23.51,233,sign-optimization-horizontal-vertical_scenario,648,382,3,4,4,0,90,15,1,134792,AdultFemaleAgent(Clone),7,11,1.58,1.450001,14.50293,1,True,2,1,0.5
2026-03-07_02.23.51,233,sign-optimization-horizontal-vertical_scenario,648,382,3,4,4,0,90,15,1,134793,WheelchairAgent(Clone),5,10,1.3,1.17,0,0,False,2,0,0
2026-03-07_02.23.51,233,sign-optimization-horizontal-vertical_scenario,648,382,3,4,4,0,90,15,1,134794,AdultFemaleAgent(Clone),7,11,1.58,1.450001,14.4082,1,True,2,1,0.5
2026-03-07_02.23.51,233,sign-optimization-horizontal-vertical_scenario,648,382,3,4,4,0,90,15,1,134795,AdultFemaleAgent(Clone),10,12,1.58,1.45,8.890625,2,True,3,1,0.3333333
2026-03-07_02.23.51,233,sign-optimization-horizontal-vertical_scenario,648,382,3,4,4,0,90,15,1,134796,WheelchairAgent(Clone),5,10,1.3,1.17,0,0,False,2,0,0
2026-03-07_02.23.51,233,sign-optimization-horizontal-vertical_scenario,648,382,3,4,4,0,90,15,1,134797,AdultFemaleAgent(Clone),5,10,1.58,1.45,0,0,False,2,0,0
2026-03-07_02.23.51,233,sign-optimization-horizontal-vertical_scenario,648,382,3,4,4,0,90,15,1,134798,AdultFemaleAgent(Clone),10,12,1.58,1.45,10.26758,2,True,3,1,0.3333333
2026-03-07_02.23.51,233,sign-optimization-horizontal-vertical_scenario,648,382,3,4,4,0,90,15,1,134799,AdultMaleAgent(Clone),11,10,1.71,1.58,3.867188,1,True,3,2,0.6666667
2026-03-07_02.23.51,233,sign-optimization-horizontal-vertical_scenario,648,382,3,4,4,0,90,15,1,134800,AdultFemaleAgent(Clone),7,11,1.58,1.450001,14.00781,1,True,2,1,0.5
2026-03-07_02.23.51,233,sign-optimization-horizontal-vertical_scenario,648,382,3,4,4,0,90,15,1,134801,AdultFemaleAgent(Clone),11,10,1.58,1.450001,7.65625,3,False,3,1,0.3333333
2026-03-07_02.23.51,233,sign-optimization-horizontal-vertical_scenario,648,382,3,4,4,0,90,15,1,134802,WheelchairAgent(Clone),7,11,1.3,1.17,15.79395,1,True,2,1,0.5
2026-03-07_02.23.51,233,sign-optimization-horizontal-vertical_scenario,648,382,3,4,4,0,90,15,1,134803,AdultFemaleAgent(Clone),10,12,1.58,1.45,10.24609,2,True,3,1,0.3333333
2026-03-07_02.23.51,233,sign-optimization-horizontal-vertical_scenario,648,382,3,4,4,0,90,15,1,134804,WheelchairAgent(Clone),5,10,1.3,1.17,0,0,False,2,0,0
2026-03-07_02.23.51,233,sign-optimization-horizontal-vertical_scenario,648,382,3,4,4,0,90,15,1,134805,AdultMaleAgent(Clone),6,12,1.71,1.58,9.977539,2,True,2,1,0.5
2026-03-07_02.23.51,233,sign-optimization-horizontal-vertical_scenario,648,382,3,4,4,0,90,15,1,134806,WheelchairAgent(Clone),7,11,1.3,1.17,13.12891,1,True,2,1,0.5
2026-03-07_02.23.51,233,sign-optimization-horizontal-vertical_scenario,648,382,3,4,4,0,90,15,1,134807,AdultMaleAgent(Clone),7,11,1.71,1.58,14.75195,1,True,2,1,0.5
2026-03-07_02.23.51,233,sign-optimization-horizontal-vertical_scenario,648,382,3,4,4,0,90,15,1,134808,WheelchairAgent(Clone),11,10,1.3,1.17,9.753906,1,False,3,1,0.3333333
2026-03-07_02.23.51,233,sign-optimization-horizontal-vertical_scenario,648,382,3,4,4,0,90,15,1,134809,WheelchairAgent(Clone),6,12,1.3,1.17,9.283203,2,True,2,1,0.5
2026-03-07_02.23.51,233,sign-optimization-horizontal-vertical_scenario,648,382,3,4,4,0,90,15,1,134810,AdultFemaleAgent(Clone),10,12,1.58,1.45,9.367188,2,True,3,1,0.3333333
2026-03-07_02.23.51,233,sign-optimization-horizontal-vertical_scenario,648,382,3,4,4,0,90,15,1,134811,AdultMaleAgent(Clone),5,10,1.71,1.58,0,0,False,2,0,0
2026-03-07_02.23.51,233,sign-optimization-horizontal-vertical_scenario,648,382,3,4,4,0,90,15,1,134812,WheelchairAgent(Clone),5,10,1.3,1.17,0,0,False,2,0,0
2026-03-07_02.23.51,233,sign-optimization-horizontal-vertical_scenario,648,382,3,4,4,0,90,15,1,134813,AdultFemaleAgent(Clone),11,10,1.58,1.450001,10.75293,2,True,3,2,0.6666667
2026-03-07_02.23.51,233,sign-optimization-horizontal-vertical_scenario,648,382,3,4,4,0,90,15,1,134814,AdultFemaleAgent(Clone),11,10,1.58,1.450001,10.81152,2,True,3,1,0.3333333
2026-03-07_02.23.51,233,sign-optimization-horizontal-vertical_scenario,648,382,3,4,4,0,90,15,1,134815,WheelchairAgent(Clone),6,12,1.3,1.17,9.170898,2,True,2,1,0.5
2026-03-07_02.23.51,233,sign-optimization-horizontal-vertical_scenario,648,382,3,4,4,0,90,15,1,134816,AdultFemaleAgent(Clone),10,12,1.58,1.45,11.25879,2,True,3,1,0.3333333
2026-03-07_02.23.51,233,sign-optimization-horizontal-vertical_scenario,648,382,3,4,4,0,90,15,1,134817,AdultMaleAgent(Clone),11,10,1.71,1.58,11.09082,2,True,3,1,0.3333333
2026-03-07_02.23.51,233,sign-optimization-horizontal-vertical_scenario,648,382,3,4,4,0,90,15,1,134818,AdultFemaleAgent(Clone),10,12,1.58,1.45,10.93359,2,True,3,1,0.3333333
2026-03-07_02.23.51,233,sign-optimization-horizontal-vertical_scenario,648,382,3,4,4,0,90,15,1,134819,AdultFemaleAgent(Clone),5,10,1.58,1.45,0,0,False,2,0,0
2026-03-07_02.23.51,233,sign-optimization-horizontal-vertical_scenario,648,382,3,4,4,0,90,15,1,134820,AdultMaleAgent(Clone),10,12,1.71,1.58,9.756836,2,True,3,1,0.3333333
2026-03-07_02.23.51,233,sign-optimization-horizontal-vertical_scenario,648,382,3,4,4,0,90,15,1,134821,AdultFemaleAgent(Clone),6,12,1.58,1.45,9.386719,2,True,2,1,0.5
2026-03-07_02.23.51,233,sign-optimization-horizontal-vertical_scenario,648,382,3,4,4,0,90,15,1,134822,WheelchairAgent(Clone),5,10,1.3,1.17,0,0,False,2,0,0
2026-03-07_02.23.51,233,sign-optimization-horizontal-vertical_scenario,648,382,3,4,4,0,90,15,1,134823,AdultFemaleAgent(Clone),7,11,1.58,1.450001,14.60742,1,True,2,1,0.5
2026-03-07_02.23.51,233,sign-optimization-horizontal-vertical_scenario,648,382,3,4,4,0,90,15,1,134824,AdultFemaleAgent(Clone),10,12,1.58,1.45,9.086914,2,True,3,1,0.3333333
2026-03-07_02.23.51,233,sign-optimization-horizontal-vertical_scenario,648,382,3,4,4,0,90,15,1,134825,AdultMaleAgent(Clone),5,10,1.71,1.58,0,0,False,2,0,0
2026-03-07_02.23.51,233,sign-optimization-horizontal-vertical_scenario,648,382,3,4,4,0,90,15,1,134826,AdultMaleAgent(Clone),10,12,1.71,1.58,10.99316,2,True,3,1,0.3333333
2026-03-07_02.23.51,233,sign-optimization-horizontal-vertical_scenario,648,382,3,4,4,0,90,15,1,134827,AdultFemaleAgent(Clone),10,12,1.58,1.45,10.75391,2,True,3,1,0.3333333
2026-03-07_02.23.51,233,sign-optimization-horizontal-vertical_scenario,648,382,3,4,4,0,90,15,1,134828,AdultFemaleAgent(Clone),11,10,1.58,1.450001,8.863281,2,False,3,1,0.3333333
2026-03-07_02.23.51,233,sign-optimization-horizontal-vertical_scenario,648,382,3,4,4,0,90,15,1,134829,AdultMaleAgent(Clone),10,12,1.71,1.58,9.484375,2,True,3,1,0.3333333
2026-03-07_02.23.51,233,sign-optimization-horizontal-vertical_scenario,648,382,3,4,4,0,90,15,1,134830,WheelchairAgent(Clone),7,11,1.3,1.17,15.52734,1,False,2,1,0.5
2026-03-07_02.23.51,233,sign-optimization-horizontal-vertical_scenario,648,382,3,4,4,0,90,15,1,134831,AdultFemaleAgent(Clone),11,10,1.58,1.450001,8.760742,1,True,3,2,0.6666667
2026-03-07_02.23.51,233,sign-optimization-horizontal-vertical_scenario,648,382,3,4,4,0,90,15,1,134832,AdultFemaleAgent(Clone),10,12,1.58,1.45,10.08301,2,True,3,1,0.3333333
2026-03-07_02.23.51,233,sign-optimization-horizontal-vertical_scenario,648,382,3,4,4,0,90,15,1,134833,AdultMaleAgent(Clone),7,11,1.71,1.58,14.96582,1,True,2,1,0.5
2026-03-07_02.23.51,233,sign-optimization-horizontal-vertical_scenario,648,382,3,4,4,0,90,15,1,134834,AdultFemaleAgent(Clone),10,12,1.58,1.45,10.71973,2,True,3,1,0.3333333
2026-03-07_02.23.51,233,sign-optimization-horizontal-vertical_scenario,648,382,3,4,4,0,90,15,1,134835,AdultMaleAgent(Clone),6,12,1.71,1.58,10.75977,2,True,2,1,0.5
2026-03-07_02.23.51,233,sign-optimization-horizontal-vertical_scenario,648,382,3,4,4,0,90,15,1,134836,AdultMaleAgent(Clone),5,10,1.71,1.58,0,0,False,2,0,0
2026-03-07_02.23.51,233,sign-optimization-horizontal-vertical_scenario,648,382,3,4,4,0,90,15,1,134837,AdultFemaleAgent(Clone),5,10,1.58,1.45,0,0,False,2,0,0
2026-03-07_02.23.51,233,sign-optimization-horizontal-vertical_scenario,648,382,3,4,4,0,90,15,1,134838,AdultMaleAgent(Clone),6,12,1.71,1.58,9.598633,2,True,2,1,0.5
2026-03-07_02.23.51,233,sign-optimization-horizontal-vertical_scenario,648,382,3,4,4,0,90,15,1,134839,AdultFemaleAgent(Clone),7,11,1.58,1.450001,0,0,True,2,1,0.5
2026-03-07_02.23.51,233,sign-optimization-horizontal-vertical_scenario,648,382,3,4,4,0,90,15,1,134840,AdultMaleAgent(Clone),6,12,1.71,1.58,9.576172,2,True,2,1,0.5
2026-03-07_02.23.51,233,sign-optimization-horizontal-vertical_scenario,648,382,3,4,4,0,90,15,1,134841,AdultMaleAgent(Clone),11,10,1.71,1.58,7.206055,1,True,3,2,0.6666667
2026-03-07_02.23.51,233,sign-optimization-horizontal-vertical_scenario,648,382,3,4,4,0,90,15,1,134842,WheelchairAgent(Clone),6,12,1.3,1.17,7.466797,2,True,2,1,0.5
2026-03-07_02.23.51,233,sign-optimization-horizontal-vertical_scenario,648,382,3,4,4,0,90,15,1,134843,AdultMaleAgent(Clone),5,10,1.71,1.58,0,0,False,2,0,0
2026-03-07_02.23.51,233,sign-optimization-horizontal-vertical_scenario,648,382,3,4,4,0,90,15,1,134844,WheelchairAgent(Clone),6,12,1.3,1.17,7.047852,2,True,2,1,0.5
2026-03-07_02.23.51,233,sign-optimization-horizontal-vertical_scenario,648,382,3,4,4,0,90,15,1,134845,AdultFemaleAgent(Clone),5,10,1.58,1.45,0,0,False,2,0,0
2026-03-07_02.23.51,233,sign-optimization-horizontal-vertical_scenario,648,382,3,4,4,0,90,15,1,134846,AdultMaleAgent(Clone),5,10,1.71,1.58,0,0,False,2,0,0
2026-03-07_02.23.51,233,sign-optimization-horizontal-vertical_scenario,648,382,3,4,4,0,90,15,1,134847,WheelchairAgent(Clone),6,12,1.3,1.17,7.767578,2,True,2,1,0.5
2026-03-07_02.23.51,233,sign-optimization-horizontal-vertical_scenario,648,382,3,4,4,0,90,15,1,134848,AdultFemaleAgent(Clone),7,11,1.58,1.450001,13.98047,1,True,2,1,0.5
2026-03-07_02.23.51,233,sign-optimization-horizontal-vertical_scenario,648,382,3,4,4,0,90,15,1,134849,WheelchairAgent(Clone),11,10,1.3,1.17,9.141602,2,True,3,1,0.3333333
2026-03-07_02.23.51,233,sign-optimization-horizontal-vertical_scenario,648,382,3,4,4,0,90,15,1,134850,AdultMaleAgent(Clone),11,10,1.71,1.58,11.12109,2,True,3,1,0.3333333
2026-03-07_02.23.51,233,sign-optimization-horizontal-vertical_scenario,648,382,3,4,4,0,90,15,1,134851,AdultMaleAgent(Clone),6,12,1.71,1.58,7.800781,2,True,2,1,0.5
2026-03-07_02.23.51,233,sign-optimization-horizontal-vertical_scenario,648,382,3,4,4,0,90,15,1,134852,AdultFemaleAgent(Clone),11,10,1.58,1.450001,7.870117,2,False,3,0,0
2026-03-07_02.23.51,233,sign-optimization-horizontal-vertical_scenario,648,382,3,4,4,0,90,15,1,134853,AdultMaleAgent(Clone),10,12,1.71,1.58,10.33203,2,True,3,1,0.3333333
2026-03-07_02.23.51,233,sign-optimization-horizontal-vertical_scenario,648,382,3,4,4,0,90,15,1,134854,WheelchairAgent(Clone),6,12,1.3,1.17,8.619141,2,True,2,1,0.5
2026-03-07_02.23.51,233,sign-optimization-horizontal-vertical_scenario,648,382,3,4,4,0,90,15,1,134855,AdultFemaleAgent(Clone),7,11,1.58,1.450001,14.16309,1,False,2,0,0
2026-03-07_02.23.51,233,sign-optimization-horizontal-vertical_scenario,648,382,3,4,4,0,90,15,1,134856,AdultFemaleAgent(Clone),10,12,1.58,1.45,9.168945,2,True,3,1,0.3333333
2026-03-07_02.23.51,233,sign-optimization-horizontal-vertical_scenario,648,382,3,4,4,0,90,15,1,134857,AdultMaleAgent(Clone),7,11,1.71,1.58,13.27246,1,True,2,1,0.5
2026-03-07_02.23.51,233,sign-optimization-horizontal-vertical_scenario,648,382,3,4,4,0,90,15,1,134858,WheelchairAgent(Clone),7,11,1.3,1.17,0,0,True,2,1,0.5
2026-03-07_02.23.51,233,sign-optimization-horizontal-vertical_scenario,648,382,3,4,4,0,90,15,1,134859,WheelchairAgent(Clone),5,10,1.3,1.17,0,0,False,2,0,0
2026-03-07_02.23.51,233,sign-optimization-horizontal-vertical_scenario,648,382,3,4,4,0,90,15,1,134860,AdultMaleAgent(Clone),7,11,1.71,1.58,0,0,True,2,1,0.5
2026-03-07_02.23.51,233,sign-optimization-horizontal-vertical_scenario,648,382,3,4,4,0,90,15,1,134861,AdultFemaleAgent(Clone),6,12,1.58,1.45,9.847656,2,True,2,1,0.5
2026-03-07_02.23.51,233,sign-optimization-horizontal-vertical_scenario,648,382,3,4,4,0,90,15,1,134862,AdultFemaleAgent(Clone),7,11,1.58,1.450001,0,0,True,2,1,0.5
2026-03-07_02.23.51,233,sign-optimization-horizontal-vertical_scenario,648,382,3,4,4,0,90,15,1,134863,AdultMaleAgent(Clone),11,10,1.71,1.58,9.757813,2,True,3,1,0.3333333
2026-03-07_02.23.51,233,sign-optimization-horizontal-vertical_scenario,648,382,3,4,4,0,90,15,1,134864,WheelchairAgent(Clone),10,12,1.3,1.17,8.850586,2,True,3,1,0.3333333
2026-03-07_02.23.51,233,sign-optimization-horizontal-vertical_scenario,648,382,3,4,4,0,90,15,1,134865,AdultMaleAgent(Clone),6,12,1.71,1.58,6.99707,2,True,2,1,0.5
2026-03-07_02.23.51,233,sign-optimization-horizontal-vertical_scenario,648,382,3,4,4,0,90,15,1,134866,AdultFemaleAgent(Clone),11,10,1.58,1.450001,4.185547,1,True,3,1,0.3333333
2026-03-07_02.23.51,233,sign-optimization-horizontal-vertical_scenario,648,382,3,4,4,0,90,15,1,134867,AdultMaleAgent(Clone),6,12,1.71,1.58,8.151367,2,True,2,1,0.5
2026-03-07_02.23.51,233,sign-optimization-horizontal-vertical_scenario,648,382,3,4,4,0,90,15,1,134868,AdultMaleAgent(Clone),7,11,1.71,1.58,0,0,True,2,1,0.5
2026-03-07_02.23.51,233,sign-optimization-horizontal-vertical_scenario,648,382,3,4,4,0,90,15,1,134869,AdultMaleAgent(Clone),11,10,1.71,1.58,3.764648,1,True,3,1,0.3333333
2026-03-07_02.23.51,233,sign-optimization-horizontal-vertical_scenario,648,382,3,4,4,0,90,15,1,134870,AdultMaleAgent(Clone),7,11,1.71,1.58,0,0,True,2,1,0.5
2026-03-07_02.23.51,233,sign-optimization-horizontal-vertical_scenario,648,382,3,4,4,0,90,15,1,134871,WheelchairAgent(Clone),11,10,1.3,1.17,4.540039,1,True,3,1,0.3333333
2026-03-07_02.23.51,233,sign-optimization-horizontal-vertical_scenario,648,382,3,4,4,0,90,15,1,134872,WheelchairAgent(Clone),6,12,1.3,1.17,8.794922,2,True,2,1,0.5
2026-03-07_02.23.51,233,sign-optimization-horizontal-vertical_scenario,648,382,3,4,4,0,90,15,1,134873,AdultFemaleAgent(Clone),10,12,1.58,1.45,9.270508,2,True,3,1,0.3333333
2026-03-07_02.23.51,233,sign-optimization-horizontal-vertical_scenario,648,382,3,4,4,0,90,15,1,134874,WheelchairAgent(Clone),7,11,1.3,1.17,13.32422,1,False,2,0,0
2026-03-07_02.23.51,233,sign-optimization-horizontal-vertical_scenario,648,382,3,4,4,0,90,15,1,134875,AdultFemaleAgent(Clone),5,10,1.58,1.45,0,0,False,2,0,0
2026-03-07_02.23.51,233,sign-optimization-horizontal-vertical_scenario,648,382,3,4,4,0,90,15,1,134876,AdultMaleAgent(Clone),10,12,1.71,1.58,9.651367,2,True,3,1,0.3333333
2026-03-07_02.23.51,233,sign-optimization-horizontal-vertical_scenario,648,382,3,4,4,0,90,15,1,134877,AdultFemaleAgent(Clone),10,12,1.58,1.45,6.196289,1,True,3,1,0.3333333
2026-03-07_02.23.51,233,sign-optimization-horizontal-vertical_scenario,648,382,3,4,4,0,90,15,1,134878,AdultMaleAgent(Clone),6,12,1.71,1.58,8.393555,2,True,2,1,0.5
2026-03-07_02.23.51,233,sign-optimization-horizontal-vertical_scenario,648,382,3,4,4,0,90,15,1,134879,WheelchairAgent(Clone),5,10,1.3,1.17,0,0,False,2,0,0
2026-03-07_02.23.51,233,sign-optimization-horizontal-vertical_scenario,648,382,3,4,4,0,90,15,1,134880,AdultFemaleAgent(Clone),10,12,1.58,1.45,9.544922,2,True,3,1,0.3333333
2026-03-07_02.23.51,233,sign-optimization-horizontal-vertical_scenario,648,382,3,4,4,0,90,15,1,134881,AdultFemaleAgent(Clone),5,10,1.58,1.45,0,0,False,2,0,0
2026-03-07_02.23.51,233,sign-optimization-horizontal-vertical_scenario,648,382,3,4,4,0,90,15,1,134882,WheelchairAgent(Clone),5,10,1.3,1.17,0,0,False,2,0,0
2026-03-07_02.23.51,233,sign-optimization-horizontal-vertical_scenario,648,382,3,4,4,0,90,15,1,134883,WheelchairAgent(Clone),11,10,1.3,1.17,5.194336,1,False,3,0,0
2026-03-07_02.23.51,233,sign-optimization-horizontal-vertical_scenario,648,382,3,4,4,0,90,15,1,134884,AdultMaleAgent(Clone),10,12,1.71,1.58,9.251953,2,True,3,1,0.3333333
2026-03-07_02.23.51,233,sign-optimization-horizontal-vertical_scenario,648,382,3,4,4,0,90,15,1,134885,AdultFemaleAgent(Clone),7,11,1.58,1.450001,0,0,True,2,1,0.5
2026-03-07_02.23.51,233,sign-optimization-horizontal-vertical_scenario,648,382,3,4,4,0,90,15,1,134886,WheelchairAgent(Clone),10,12,1.3,1.17,6.345703,1,False,3,2,0.6666667
2026-03-07_02.23.51,233,sign-optimization-horizontal-vertical_scenario,648,382,3,4,4,0,90,15,1,134887,AdultFemaleAgent(Clone),7,11,1.58,1.450001,0,0,True,2,1,0.5
2026-03-07_02.23.51,233,sign-optimization-horizontal-vertical_scenario,648,382,3,4,4,0,90,15,1,134888,WheelchairAgent(Clone),7,11,1.3,1.17,0,0,True,2,1,0.5
2026-03-07_02.23.51,233,sign-optimization-horizontal-vertical_scenario,648,382,3,4,4,0,90,15,1,134889,AdultFemaleAgent(Clone),7,11,1.58,1.450001,0,0,True,2,1,0.5
2026-03-07_02.23.51,233,sign-optimization-horizontal-vertical_scenario,648,382,3,4,4,0,90,15,1,134890,AdultMaleAgent(Clone),7,11,1.71,1.58,13.09277,1,True,2,1,0.5
2026-03-07_02.23.51,233,sign-optimization-horizontal-vertical_scenario,648,382,3,4,4,0,90,15,1,134891,WheelchairAgent(Clone),10,12,1.3,1.17,9.441406,2,False,3,1,0.3333333
2026-03-07_02.23.51,233,sign-optimization-horizontal-vertical_scenario,648,382,3,4,4,0,90,15,1,134892,AdultMaleAgent(Clone),5,10,1.71,1.58,0,0,False,2,0,0
2026-03-07_02.23.51,233,sign-optimization-horizontal-vertical_scenario,648,382,3,4,4,0,90,15,1,134893,AdultMaleAgent(Clone),5,10,1.71,1.58,0,0,False,2,0,0
2026-03-07_02.23.51,233,sign-optimization-horizontal-vertical_scenario,648,382,3,4,4,0,90,15,1,134894,AdultFemaleAgent(Clone),10,12,1.58,1.45,2.807617,2,True,3,1,0.3333333
2026-03-07_02.23.51,233,sign-optimization-horizontal-vertical_scenario,648,382,3,4,4,0,90,15,1,134895,AdultMaleAgent(Clone),7,11,1.71,1.58,0,0,True,2,1,0.5
2026-03-07_02.23.51,233,sign-optimization-horizontal-vertical_scenario,648,382,3,4,4,0,90,15,1,134896,WheelchairAgent(Clone),6,12,1.3,1.17,9.050781,2,True,2,1,0.5
2026-03-07_02.23.51,233,sign-optimization-horizontal-vertical_scenario,648,382,3,4,4,0,90,15,1,134897,WheelchairAgent(Clone),5,10,1.3,1.17,0,0,False,2,0,0
2026-03-07_02.23.51,233,sign-optimization-horizontal-vertical_scenario,648,382,3,4,4,0,90,15,1,134898,AdultMaleAgent(Clone),10,12,1.71,1.58,7.435547,1,True,3,1,0.3333333
2026-03-07_02.23.51,233,sign-optimization-horizontal-vertical_scenario,648,382,3,4,4,0,90,15,1,134899,AdultFemaleAgent(Clone),11,10,1.58,1.450001,4.15332,1,False,3,1,0.3333333
2026-03-07_02.23.51,233,sign-optimization-horizontal-vertical_scenario,648,382,3,4,4,0,90,15,1,134900,AdultMaleAgent(Clone),7,11,1.71,1.58,0,0,True,2,1,0.5
2026-03-07_02.23.51,233,sign-optimization-horizontal-vertical_scenario,648,382,3,4,4,0,90,15,1,134901,AdultMaleAgent(Clone),6,12,1.71,1.58,9.851563,2,True,2,1,0.5
2026-03-07_02.23.51,233,sign-optimization-horizontal-vertical_scenario,648,382,3,4,4,0,90,15,1,134902,WheelchairAgent(Clone),11,10,1.3,1.17,4.876953,1,False,3,1,0.3333333
2026-03-07_02.23.51,233,sign-optimization-horizontal-vertical_scenario,648,382,3,4,4,0,90,15,1,134903,WheelchairAgent(Clone),7,11,1.3,1.17,0,0,True,2,1,0.5
2026-03-07_02.23.51,233,sign-optimization-horizontal-vertical_scenario,648,382,3,4,4,0,90,15,1,134904,WheelchairAgent(Clone),7,11,1.3,1.17,0,0,True,2,1,0.5
2026-03-07_02.23.51,233,sign-optimization-horizontal-vertical_scenario,648,382,3,4,4,0,90,15,1,134905,AdultMaleAgent(Clone),11,10,1.71,1.58,7.805664,1,True,3,1,0.3333333
2026-03-07_02.23.51,233,sign-optimization-horizontal-vertical_scenario,648,382,3,4,4,0,90,15,1,134906,AdultMaleAgent(Clone),5,10,1.71,1.58,0,0,False,2,0,0
2026-03-07_02.23.51,233,sign-optimization-horizontal-vertical_scenario,648,382,3,4,4,0,90,15,1,134907,AdultMaleAgent(Clone),11,10,1.71,1.58,7.785156,1,False,3,0,0
2026-03-07_02.23.51,233,sign-optimization-horizontal-vertical_scenario,648,382,3,4,4,0,90,15,1,134908,AdultFemaleAgent(Clone),5,10,1.58,1.45,0,0,False,2,0,0
2026-03-07_02.23.51,233,sign-optimization-horizontal-vertical_scenario,648,382,3,4,4,0,90,15,1,134909,AdultMaleAgent(Clone),11,10,1.71,1.58,4.848633,1,False,3,1,0.3333333
2026-03-07_02.23.51,233,sign-optimization-horizontal-vertical_scenario,648,382,3,4,4,0,90,15,1,134910,AdultMaleAgent(Clone),11,10,1.71,1.58,7.368164,1,False,3,1,0.3333333
2026-03-07_02.23.51,233,sign-optimization-horizontal-vertical_scenario,648,382,3,4,4,0,90,15,1,134911,AdultMaleAgent(Clone),6,12,1.71,1.58,9.072266,2,True,2,1,0.5
2026-03-07_02.23.51,233,sign-optimization-horizontal-vertical_scenario,648,382,3,4,4,0,90,15,1,134912,AdultFemaleAgent(Clone),10,12,1.58,1.45,5.352539,1,True,3,1,0.3333333
2026-03-07_02.23.51,233,sign-optimization-horizontal-vertical_scenario,648,382,3,4,4,0,90,15,1,134913,AdultMaleAgent(Clone),6,12,1.71,1.58,9.59082,2,True,2,1,0.5
2026-03-07_02.23.51,233,sign-optimization-horizontal-vertical_scenario,648,382,3,4,4,0,90,15,1,134914,WheelchairAgent(Clone),10,12,1.3,1.17,6.786133,1,True,3,1,0.3333333
2026-03-07_02.23.51,233,sign-optimization-horizontal-vertical_scenario,648,382,3,4,4,0,90,15,1,134915,AdultMaleAgent(Clone),7,11,1.71,1.58,0,0,True,2,1,0.5
2026-03-07_02.23.51,233,sign-optimization-horizontal-vertical_scenario,648,382,3,4,4,0,90,15,1,134916,AdultFemaleAgent(Clone),7,11,1.58,1.450001,0,0,True,2,1,0.5
2026-03-07_02.23.51,233,sign-optimization-horizontal-vertical_scenario,648,382,3,4,4,0,90,15,1,134917,AdultFemaleAgent(Clone),6,12,1.58,1.45,8.033203,2,True,2,1,0.5
2026-03-07_02.23.51,233,sign-optimization-horizontal-vertical_scenario,648,382,3,4,4,0,90,15,1,134918,WheelchairAgent(Clone),6,12,1.3,1.17,6.808594,2,True,2,1,0.5
2026-03-07_02.23.51,233,sign-optimization-horizontal-vertical_scenario,648,382,3,4,4,0,90,15,1,134919,AdultFemaleAgent(Clone),7,11,1.58,1.450001,0,0,True,2,1,0.5
2026-03-07_02.23.51,233,sign-optimization-horizontal-vertical_scenario,648,382,3,4,4,0,90,15,1,134920,WheelchairAgent(Clone),6,12,1.3,1.17,7.570313,2,True,2,1,0.5
2026-03-07_02.23.51,233,sign-optimization-horizontal-vertical_scenario,648,382,3,4,4,0,90,15,1,134921,WheelchairAgent(Clone),6,12,1.3,1.17,8.600586,2,False,2,1,0.5
2026-03-07_02.23.51,233,sign-optimization-horizontal-vertical_scenario,648,382,3,4,4,0,90,15,1,134922,AdultFemaleAgent(Clone),10,12,1.58,1.45,5.195313,1,True,3,1,0.3333333
2026-03-07_02.23.51,233,sign-optimization-horizontal-vertical_scenario,648,382,3,4,4,0,90,15,1,134923,AdultFemaleAgent(Clone),5,10,1.58,1.45,0,0,False,2,0,0
2026-03-07_02.23.51,233,sign-optimization-horizontal-vertical_scenario,648,382,3,4,4,0,90,15,1,134924,AdultMaleAgent(Clone),6,12,1.71,1.58,6.626953,1,True,2,1,0.5
2026-03-07_02.23.51,233,sign-optimization-horizontal-vertical_scenario,648,382,3,4,4,0,90,15,1,134925,AdultMaleAgent(Clone),5,10,1.71,1.58,0,0,False,2,0,0
2026-03-07_02.23.51,233,sign-optimization-horizontal-vertical_scenario,648,382,3,4,4,0,90,15,1,134926,WheelchairAgent(Clone),11,10,1.3,1.17,5.630859,1,False,3,0,0
2026-03-07_02.23.51,233,sign-optimization-horizontal-vertical_scenario,648,382,3,4,4,0,90,15,1,134927,WheelchairAgent(Clone),6,12,1.3,1.17,8.510742,1,True,2,1,0.5
2026-03-07_02.23.51,233,sign-optimization-horizontal-vertical_scenario,648,382,3,4,4,0,90,15,1,134928,AdultMaleAgent(Clone),10,12,1.71,1.58,6.328125,1,True,3,1,0.3333333
2026-03-07_02.23.51,233,sign-optimization-horizontal-vertical_scenario,648,382,3,4,4,0,90,15,1,134929,AdultFemaleAgent(Clone),5,10,1.58,1.45,0,0,False,2,0,0
2026-03-07_02.23.51,233,sign-optimization-horizontal-vertical_scenario,648,382,3,4,4,0,90,15,1,134930,AdultFemaleAgent(Clone),7,11,1.58,1.450001,0,0,False,2,0,0
2026-03-07_02.23.51,233,sign-optimization-horizontal-vertical_scenario,648,382,3,4,4,0,90,15,1,134931,AdultMaleAgent(Clone),7,11,1.71,1.58,0,0,True,2,1,0.5
2026-03-07_02.23.51,233,sign-optimization-horizontal-vertical_scenario,648,382,3,4,4,0,90,15,1,134932,WheelchairAgent(Clone),10,12,1.3,1.17,6.220703,1,True,3,1,0.3333333
2026-03-07_02.23.51,233,sign-optimization-horizontal-vertical_scenario,648,382,3,4,4,0,90,15,1,134933,AdultFemaleAgent(Clone),11,10,1.58,1.450001,8.504883,1,True,3,1,0.3333333
2026-03-07_02.23.51,233,sign-optimization-horizontal-vertical_scenario,648,382,3,4,4,0,90,15,1,134934,AdultMaleAgent(Clone),10,12,1.71,1.58,5.342773,1,True,3,1,0.3333333
2026-03-07_02.23.51,233,sign-optimization-horizontal-vertical_scenario,648,382,3,4,4,0,90,15,1,134935,WheelchairAgent(Clone),6,12,1.3,1.17,7.582031,1,True,2,1,0.5
2026-03-07_02.23.51,233,sign-optimization-horizontal-vertical_scenario,648,382,3,4,4,0,90,15,1,134936,AdultMaleAgent(Clone),7,11,1.71,1.58,0,0,True,2,1,0.5
2026-03-07_02.23.51,233,sign-optimization-horizontal-vertical_scenario,648,382,3,4,4,0,90,15,1,134937,WheelchairAgent(Clone),10,12,1.3,1.17,6.950195,1,True,3,1,0.3333333
2026-03-07_02.23.51,233,sign-optimization-horizontal-vertical_scenario,648,382,3,4,4,0,90,15,1,134938,AdultMaleAgent(Clone),6,12,1.71,1.58,8.192383,1,True,2,1,0.5
2026-03-07_02.23.51,233,sign-optimization-horizontal-vertical_scenario,648,382,3,4,4,0,90,15,1,134939,WheelchairAgent(Clone),10,12,1.3,1.17,5.28418,1,True,3,1,0.3333333
2026-03-07_02.23.51,233,sign-optimization-horizontal-vertical_scenario,648,382,3,4,4,0,90,15,1,134940,AdultMaleAgent(Clone),6,12,1.71,1.58,8.617188,1,True,2,1,0.5
2026-03-07_02.23.51,233,sign-optimization-horizontal-vertical_scenario,648,382,3,4,4,0,90,15,1,134941,WheelchairAgent(Clone),5,10,1.3,1.17,0,0,False,2,0,0
2026-03-07_02.23.51,233,sign-optimization-horizontal-vertical_scenario,648,382,3,4,4,0,90,15,1,134942,AdultFemaleAgent(Clone),5,10,1.58,1.45,0,0,False,2,0,0
2026-03-07_02.23.51,233,sign-optimization-horizontal-vertical_scenario,648,382,3,4,4,0,90,15,1,134943,AdultMaleAgent(Clone),6,12,1.71,1.58,7.648438,1,True,2,1,0.5
2026-03-07_02.23.51,233,sign-optimization-horizontal-vertical_scenario,648,382,3,4,4,0,90,15,1,134944,AdultMaleAgent(Clone),5,10,1.71,1.58,0,0,False,2,0,0
2026-03-07_02.23.51,233,sign-optimization-horizontal-vertical_scenario,648,382,3,4,4,0,90,15,1,134945,WheelchairAgent(Clone),11,10,1.3,1.17,4.141602,1,False,3,1,0.3333333
2026-03-07_02.23.51,233,sign-optimization-horizontal-vertical_scenario,648,382,3,4,4,0,90,15,1,134946,AdultFemaleAgent(Clone),6,12,1.58,1.45,7.185547,1,True,2,1,0.5
2026-03-07_02.23.51,233,sign-optimization-horizontal-vertical_scenario,648,382,3,4,4,0,90,15,1,134947,AdultFemaleAgent(Clone),5,10,1.58,1.45,0,0,False,2,0,0
2026-03-07_02.23.51,233,sign-optimization-horizontal-vertical_scenario,648,382,3,4,4,0,90,15,1,134948,AdultMaleAgent(Clone),10,12,1.71,1.58,7.104492,1,True,3,1,0.3333333
2026-03-07_02.23.51,233,sign-optimization-horizontal-vertical_scenario,648,382,3,4,4,0,90,15,1,134949,AdultFemaleAgent(Clone),11,10,1.58,1.450001,6.580078,1,False,3,0,0
2026-03-07_02.23.51,233,sign-optimization-horizontal-vertical_scenario,648,382,3,4,4,0,90,15,1,134950,WheelchairAgent(Clone),5,10,1.3,1.17,0,0,False,2,0,0
2026-03-07_02.23.51,233,sign-optimization-horizontal-vertical_scenario,648,382,3,4,4,0,90,15,1,134951,AdultMaleAgent(Clone),5,10,1.71,1.58,0,0,False,2,0,0
2026-03-07_02.23.51,233,sign-optimization-horizontal-vertical_scenario,648,382,3,4,4,0,90,15,1,134952,WheelchairAgent(Clone),10,12,1.3,1.17,5.172852,1,True,3,1,0.3333333
2026-03-07_02.23.51,233,sign-optimization-horizontal-vertical_scenario,648,382,3,4,4,0,90,15,1,134953,AdultMaleAgent(Clone),5,10,1.71,1.58,0,0,False,2,0,0
2026-03-07_02.23.51,233,sign-optimization-horizontal-vertical_scenario,648,382,3,4,4,0,90,15,1,134954,AdultFemaleAgent(Clone),11,10,1.58,1.450001,7.635742,1,True,3,1,0.3333333
2026-03-07_02.23.51,233,sign-optimization-horizontal-vertical_scenario,648,382,3,4,4,0,90,15,1,134955,AdultMaleAgent(Clone),5,10,1.71,1.58,0,0,False,2,0,0
2026-03-07_02.23.51,233,sign-optimization-horizontal-vertical_scenario,648,382,3,4,4,0,90,15,1,134956,AdultFemaleAgent(Clone),7,11,1.58,1.450001,0,0,False,2,0,0
2026-03-07_02.23.51,233,sign-optimization-horizontal-vertical_scenario,648,382,3,4,4,0,90,15,1,134957,AdultMaleAgent(Clone),6,12,1.71,1.58,8.045898,1,True,2,1,0.5
2026-03-07_02.23.51,233,sign-optimization-horizontal-vertical_scenario,648,382,3,4,4,0,90,15,1,134958,WheelchairAgent(Clone),6,12,1.3,1.17,7.674805,1,True,2,1,0.5
2026-03-07_02.23.51,233,sign-optimization-horizontal-vertical_scenario,648,382,3,4,4,0,90,15,1,134959,AdultFemaleAgent(Clone),6,12,1.58,1.45,8.135742,1,True,2,1,0.5
2026-03-07_02.23.51,233,sign-optimization-horizontal-vertical_scenario,648,382,3,4,4,0,90,15,1,134960,WheelchairAgent(Clone),10,12,1.3,1.17,5.041992,1,True,3,1,0.3333333
2026-03-07_02.23.51,233,sign-optimization-horizontal-vertical_scenario,648,382,3,4,4,0,90,15,1,134961,WheelchairAgent(Clone),6,12,1.3,1.17,8.610352,1,True,2,1,0.5
2026-03-07_02.23.51,233,sign-optimization-horizontal-vertical_scenario,648,382,3,4,4,0,90,15,1,134962,AdultFemaleAgent(Clone),11,10,1.58,1.450001,4.496094,1,True,3,1,0.3333333
2026-03-07_02.23.51,233,sign-optimization-horizontal-vertical_scenario,648,382,3,4,4,0,90,15,1,134963,WheelchairAgent(Clone),5,10,1.3,1.17,0,0,False,2,0,0
2026-03-07_02.23.51,233,sign-optimization-horizontal-vertical_scenario,648,382,3,4,4,0,90,15,1,134964,WheelchairAgent(Clone),7,11,1.3,1.17,0,0,True,2,1,0.5
2026-03-07_02.23.51,233,sign-optimization-horizontal-vertical_scenario,648,382,3,4,4,0,90,15,1,134965,AdultFemaleAgent(Clone),10,12,1.58,1.45,5.270508,1,True,3,1,0.3333333
2026-03-07_02.23.51,233,sign-optimization-horizontal-vertical_scenario,648,382,3,4,4,0,90,15,1,134966,AdultFemaleAgent(Clone),11,10,1.58,1.450001,3.658203,1,True,3,1,0.3333333
2026-03-07_02.23.51,233,sign-optimization-horizontal-vertical_scenario,648,382,3,4,4,0,90,15,1,134967,AdultMaleAgent(Clone),6,12,1.71,1.58,8.064453,1,True,2,1,0.5
2026-03-07_02.23.51,233,sign-optimization-horizontal-vertical_scenario,648,382,3,4,4,0,90,15,1,134968,AdultMaleAgent(Clone),10,12,1.71,1.58,6.699219,1,True,3,1,0.3333333
2026-03-07_02.23.51,233,sign-optimization-horizontal-vertical_scenario,648,382,3,4,4,0,90,15,1,134969,AdultFemaleAgent(Clone),5,10,1.58,1.45,0,0,False,2,0,0
2026-03-07_02.23.51,233,sign-optimization-horizontal-vertical_scenario,648,382,3,4,4,0,90,15,1,134970,WheelchairAgent(Clone),10,12,1.3,1.17,5.949219,1,False,3,1,0.3333333
2026-03-07_02.23.51,233,sign-optimization-horizontal-vertical_scenario,648,382,3,4,4,0,90,15,1,134971,AdultMaleAgent(Clone),10,12,1.71,1.58,6.348633,1,True,3,1,0.3333333
2026-03-07_02.23.51,233,sign-optimization-horizontal-vertical_scenario,648,382,3,4,4,0,90,15,1,134972,AdultFemaleAgent(Clone),7,11,1.58,1.450001,0,0,True,2,1,0.5
2026-03-07_02.23.51,233,sign-optimization-horizontal-vertical_scenario,648,382,3,4,4,0,90,15,1,134973,AdultMaleAgent(Clone),10,12,1.71,1.58,5.597656,1,True,3,1,0.3333333
2026-03-07_02.23.51,233,sign-optimization-horizontal-vertical_scenario,648,382,3,4,4,0,90,15,1,134974,AdultMaleAgent(Clone),6,12,1.71,1.58,11.50098,1,True,2,1,0.5
2026-03-07_02.23.51,233,sign-optimization-horizontal-vertical_scenario,648,382,3,4,4,0,90,15,1,134975,AdultFemaleAgent(Clone),10,12,1.58,1.45,7.298828,1,True,3,1,0.3333333
2026-03-07_02.23.51,233,sign-optimization-horizontal-vertical_scenario,648,382,3,4,4,0,90,15,1,134976,AdultFemaleAgent(Clone),6,12,1.58,1.45,7.413086,1,True,2,1,0.5
2026-03-07_02.23.51,233,sign-optimization-horizontal-vertical_scenario,648,382,3,4,4,0,90,15,1,134977,WheelchairAgent(Clone),11,10,1.3,1.17,4.336914,1,True,3,1,0.3333333
2026-03-07_02.23.51,233,sign-optimization-horizontal-vertical_scenario,648,382,3,4,4,0,90,15,1,134978,WheelchairAgent(Clone),5,10,1.3,1.17,0,0,False,2,0,0
2026-03-07_02.23.51,233,sign-optimization-horizontal-vertical_scenario,648,382,3,4,4,0,90,15,1,134979,AdultMaleAgent(Clone),11,10,1.71,1.58,0,0,True,3,1,0.3333333
2026-03-07_02.23.51,233,sign-optimization-horizontal-vertical_scenario,648,382,3,4,4,0,90,15,1,134980,AdultMaleAgent(Clone),5,10,1.71,1.58,0,0,False,2,0,0
2026-03-07_02.23.51,233,sign-optimization-horizontal-vertical_scenario,648,382,3,4,4,0,90,15,1,134981,AdultMaleAgent(Clone),6,12,1.71,1.58,5.989258,1,True,2,1,0.5
2026-03-07_02.23.51,233,sign-optimization-horizontal-vertical_scenario,648,382,3,4,4,0,90,15,1,134982,AdultMaleAgent(Clone),11,10,1.71,1.58,7.102539,1,False,3,2,0.6666667
2026-03-07_02.23.51,233,sign-optimization-horizontal-vertical_scenario,648,382,3,4,4,0,90,15,1,134983,AdultMaleAgent(Clone),7,11,1.71,1.58,0,0,True,2,1,0.5
2026-03-07_02.23.51,233,sign-optimization-horizontal-vertical_scenario,648,382,3,4,4,0,90,15,1,134984,AdultMaleAgent(Clone),10,12,1.71,1.58,6.458008,1,True,3,1,0.3333333
2026-03-07_02.23.51,233,sign-optimization-horizontal-vertical_scenario,648,382,3,4,4,0,90,15,1,134985,AdultMaleAgent(Clone),5,10,1.71,1.58,0,0,False,2,0,0
2026-03-07_02.23.51,233,sign-optimization-horizontal-vertical_scenario,648,382,3,4,4,0,90,15,1,134986,WheelchairAgent(Clone),6,12,1.3,1.17,7.693359,1,True,2,1,0.5
2026-03-07_02.23.51,233,sign-optimization-horizontal-vertical_scenario,648,382,3,4,4,0,90,15,1,134987,AdultMaleAgent(Clone),7,11,1.71,1.58,0,0,True,2,1,0.5
2026-03-07_02.23.51,233,sign-optimization-horizontal-vertical_scenario,648,382,3,4,4,0,90,15,1,134988,AdultMaleAgent(Clone),7,11,1.71,1.58,0,0,True,2,1,0.5
2026-03-07_02.23.51,233,sign-optimization-horizontal-vertical_scenario,648,382,3,4,4,0,90,15,1,134989,WheelchairAgent(Clone),11,10,1.3,1.17,7.823242,1,False,3,0,0
2026-03-07_02.23.51,233,sign-optimization-horizontal-vertical_scenario,648,382,3,4,4,0,90,15,1,134990,AdultFemaleAgent(Clone),6,12,1.58,1.45,9.498047,1,True,2,1,0.5
2026-03-07_02.23.51,233,sign-optimization-horizontal-vertical_scenario,648,382,3,4,4,0,90,15,1,134991,AdultMaleAgent(Clone),7,11,1.71,1.58,0,0,True,2,1,0.5
2026-03-07_02.23.51,233,sign-optimization-horizontal-vertical_scenario,648,382,3,4,4,0,90,15,1,134992,WheelchairAgent(Clone),6,12,1.3,1.17,8.692383,1,True,2,1,0.5
2026-03-07_02.23.51,233,sign-optimization-horizontal-vertical_scenario,648,382,3,4,4,0,90,15,1,134993,AdultMaleAgent(Clone),10,12,1.71,1.58,5.928711,1,True,3,1,0.3333333
2026-03-07_02.23.51,233,sign-optimization-horizontal-vertical_scenario,648,382,3,4,4,0,90,15,1,134994,WheelchairAgent(Clone),7,11,1.3,1.17,0,0,True,2,1,0.5
2026-03-07_02.23.51,233,sign-optimization-horizontal-vertical_scenario,648,382,3,4,4,0,90,15,1,134995,WheelchairAgent(Clone),10,12,1.3,1.17,6.052734,1,True,3,1,0.3333333
2026-03-07_02.23.51,233,sign-optimization-horizontal-vertical_scenario,648,382,3,4,4,0,90,15,1,134996,AdultMaleAgent(Clone),10,12,1.71,1.58,6.892578,1,True,3,1,0.3333333
2026-03-07_02.23.51,233,sign-optimization-horizontal-vertical_scenario,648,382,3,4,4,0,90,15,1,134997,WheelchairAgent(Clone),7,11,1.3,1.17,0,0,True,2,1,0.5
2026-03-07_02.23.51,233,sign-optimization-horizontal-vertical_scenario,648,382,3,4,4,0,90,15,1,134998,AdultMaleAgent(Clone),5,10,1.71,1.58,0,0,False,2,0,0
2026-03-07_02.23.51,233,sign-optimization-horizontal-vertical_scenario,648,382,3,4,4,0,90,15,1,134999,WheelchairAgent(Clone),7,11,1.3,1.17,0,0,False,2,0,0
2026-03-07_02.23.51,233,sign-optimization-horizontal-vertical_scenario,648,382,3,4,4,0,90,15,1,135000,WheelchairAgent(Clone),11,10,1.3,1.17,3.662109,1,True,3,2,0.6666667
2026-03-07_02.23.51,233,sign-optimization-horizontal-vertical_scenario,648,382,3,4,4,0,90,15,1,135001,WheelchairAgent(Clone),6,12,1.3,1.17,7.883789,1,True,2,1,0.5
2026-03-07_02.23.51,233,sign-optimization-horizontal-vertical_scenario,648,382,3,4,4,0,90,15,1,135002,AdultFemaleAgent(Clone),11,10,1.58,1.450001,4.354492,1,False,3,0,0
2026-03-07_02.23.51,233,sign-optimization-horizontal-vertical_scenario,648,382,3,4,4,0,90,15,1,135003,AdultMaleAgent(Clone),10,12,1.71,1.58,7.998047,1,True,3,1,0.3333333
2026-03-07_02.23.51,233,sign-optimization-horizontal-vertical_scenario,648,382,3,4,4,0,90,15,1,135004,AdultMaleAgent(Clone),7,11,1.71,1.58,0,0,True,2,1,0.5
2026-03-07_02.23.51,233,sign-optimization-horizontal-vertical_scenario,648,382,3,4,4,0,90,15,1,135005,WheelchairAgent(Clone),11,10,1.3,1.17,3.768555,1,False,3,0,0
2026-03-07_02.23.51,233,sign-optimization-horizontal-vertical_scenario,648,382,3,4,4,0,90,15,1,135006,AdultMaleAgent(Clone),7,11,1.71,1.58,0,0,True,2,1,0.5
2026-03-07_02.23.51,233,sign-optimization-horizontal-vertical_scenario,648,382,3,4,4,0,90,15,1,135007,AdultFemaleAgent(Clone),11,10,1.58,1.450001,6.897461,1,True,3,2,0.6666667
2026-03-07_02.23.51,233,sign-optimization-horizontal-vertical_scenario,648,382,3,4,4,0,90,15,1,135008,AdultFemaleAgent(Clone),7,11,1.58,1.450001,0,0,False,2,0,0
2026-03-07_02.23.51,233,sign-optimization-horizontal-vertical_scenario,648,382,3,4,4,0,90,15,1,135009,AdultMaleAgent(Clone),5,10,1.71,1.58,0,0,False,2,0,0
2026-03-07_02.23.51,233,sign-optimization-horizontal-vertical_scenario,648,382,3,4,4,0,90,15,1,135010,AdultMaleAgent(Clone),6,12,1.71,1.58,6.90332,1,True,2,1,0.5
2026-03-07_02.23.51,233,sign-optimization-horizontal-vertical_scenario,648,382,3,4,4,0,90,15,1,135011,AdultMaleAgent(Clone),7,11,1.71,1.58,0,0,True,2,1,0.5
2026-03-07_02.23.51,233,sign-optimization-horizontal-vertical_scenario,648,382,3,4,4,0,90,15,1,135012,AdultMaleAgent(Clone),6,12,1.71,1.58,7.282227,1,True,2,1,0.5
2026-03-07_02.23.51,233,sign-optimization-horizontal-vertical_scenario,648,382,3,4,4,0,90,15,1,135013,WheelchairAgent(Clone),11,10,1.3,1.17,5.501953,1,True,3,1,0.3333333
2026-03-07_02.23.51,233,sign-optimization-horizontal-vertical_scenario,648,382,3,4,4,0,90,15,1,135014,WheelchairAgent(Clone),7,11,1.3,1.17,0,0,True,2,1,0.5
2026-03-07_02.23.51,233,sign-optimization-horizontal-vertical_scenario,648,382,3,4,4,0,90,15,1,135015,AdultFemaleAgent(Clone),11,10,1.58,1.450001,0,0,True,3,1,0.3333333
2026-03-07_02.23.51,233,sign-optimization-horizontal-vertical_scenario,648,382,3,4,4,0,90,15,1,135016,WheelchairAgent(Clone),11,10,1.3,1.17,0,0,False,3,1,0.3333333
2026-03-07_02.23.51,233,sign-optimization-horizontal-vertical_scenario,648,382,3,4,4,0,90,15,1,135017,AdultFemaleAgent(Clone),6,12,1.58,1.45,9.43457,1,True,2,1,0.5
2026-03-07_02.23.51,233,sign-optimization-horizontal-vertical_scenario,648,382,3,4,4,0,90,15,1,135018,WheelchairAgent(Clone),5,10,1.3,1.17,0,0,False,2,0,0
2026-03-07_02.23.51,233,sign-optimization-horizontal-vertical_scenario,648,382,3,4,4,0,90,15,1,135019,AdultMaleAgent(Clone),6,12,1.71,1.58,8.419922,1,True,2,1,0.5
2026-03-07_02.23.51,233,sign-optimization-horizontal-vertical_scenario,648,382,3,4,4,0,90,15,1,135020,AdultMaleAgent(Clone),11,10,1.71,1.58,5.325195,1,True,3,1,0.3333333
2026-03-07_02.23.51,233,sign-optimization-horizontal-vertical_scenario,648,382,3,4,4,0,90,15,1,135021,AdultMaleAgent(Clone),5,10,1.71,1.58,0,0,False,2,0,0
2026-03-07_02.23.51,233,sign-optimization-horizontal-vertical_scenario,648,382,3,4,4,0,90,15,1,135022,AdultMaleAgent(Clone),11,10,1.71,1.58,5.407227,1,True,3,1,0.3333333
2026-03-07_02.23.51,233,sign-optimization-horizontal-vertical_scenario,648,382,3,4,4,0,90,15,1,135023,AdultFemaleAgent(Clone),10,12,1.58,1.45,5.037109,1,True,3,1,0.3333333
2026-03-07_02.23.51,233,sign-optimization-horizontal-vertical_scenario,648,382,3,4,4,0,90,15,1,135024,AdultFemaleAgent(Clone),6,12,1.58,1.45,8.214844,1,True,2,1,0.5
2026-03-07_02.23.51,233,sign-optimization-horizontal-vertical_scenario,648,382,3,4,4,0,90,15,1,135025,WheelchairAgent(Clone),6,12,1.3,1.17,9.580078,1,True,2,1,0.5
2026-03-07_02.23.51,233,sign-optimization-horizontal-vertical_scenario,648,382,3,4,4,0,90,15,1,135026,AdultMaleAgent(Clone),6,12,1.71,1.58,9.576172,1,True,2,1,0.5
2026-03-07_02.23.51,233,sign-optimization-horizontal-vertical_scenario,648,382,3,4,4,0,90,15,1,135027,WheelchairAgent(Clone),7,11,1.3,1.17,0,0,False,2,0,0
2026-03-07_02.23.51,233,sign-optimization-horizontal-vertical_scenario,648,382,3,4,4,0,90,15,1,135028,AdultFemaleAgent(Clone),10,12,1.58,1.45,6.064453,1,True,3,1,0.3333333
2026-03-07_02.23.51,233,sign-optimization-horizontal-vertical_scenario,648,382,3,4,4,0,90,15,1,135029,AdultMaleAgent(Clone),10,12,1.71,1.58,5.53125,1,True,3,1,0.3333333
2026-03-07_02.23.51,233,sign-optimization-horizontal-vertical_scenario,648,382,3,4,4,0,90,15,1,135030,AdultFemaleAgent(Clone),7,11,1.58,1.450001,0,0,False,2,1,0.5
2026-03-07_02.23.51,233,sign-optimization-horizontal-vertical_scenario,648,382,3,4,4,0,90,15,1,135031,WheelchairAgent(Clone),5,10,1.3,1.17,0,0,False,2,0,0
2026-03-07_02.23.51,233,sign-optimization-horizontal-vertical_scenario,648,382,3,4,4,0,90,15,1,135032,WheelchairAgent(Clone),5,10,1.3,1.17,0,0,False,2,0,0
2026-03-07_02.23.51,233,sign-optimization-horizontal-vertical_scenario,648,382,3,4,4,0,90,15,1,135033,AdultFemaleAgent(Clone),10,12,1.58,1.45,7.466797,1,True,3,1,0.3333333
2026-03-07_02.23.51,233,sign-optimization-horizontal-vertical_scenario,648,382,3,4,4,0,90,15,1,135034,AdultMaleAgent(Clone),5,10,1.71,1.58,0,0,False,2,0,0
2026-03-07_02.23.51,233,sign-optimization-horizontal-vertical_scenario,648,382,3,4,4,0,90,15,1,135035,AdultFemaleAgent(Clone),10,12,1.58,1.45,5.992188,1,True,3,1,0.3333333
2026-03-07_02.23.51,233,sign-optimization-horizontal-vertical_scenario,648,382,3,4,4,0,90,15,1,135036,WheelchairAgent(Clone),11,10,1.3,1.17,0,0,True,3,1,0.3333333
2026-03-07_02.23.51,233,sign-optimization-horizontal-vertical_scenario,648,382,3,4,4,0,90,15,1,135037,AdultMaleAgent(Clone),7,11,1.71,1.58,0,0,False,2,0,0
2026-03-07_02.23.51,233,sign-optimization-horizontal-vertical_scenario,648,382,3,4,4,0,90,15,1,135038,AdultFemaleAgent(Clone),10,12,1.58,1.45,7.704102,1,True,3,1,0.3333333
2026-03-07_02.23.51,233,sign-optimization-horizontal-vertical_scenario,648,382,3,4,4,0,90,15,1,135039,AdultFemaleAgent(Clone),11,10,1.58,1.450001,0,0,True,3,1,0.3333333
2026-03-07_02.23.51,233,sign-optimization-horizontal-vertical_scenario,648,382,3,4,4,0,90,15,1,135040,AdultFemaleAgent(Clone),11,10,1.58,1.450001,0,0,True,3,1,0.3333333
2026-03-07_02.23.51,233,sign-optimization-horizontal-vertical_scenario,648,382,3,4,4,0,90,15,1,135041,AdultMaleAgent(Clone),7,11,1.71,1.58,0,0,False,2,0,0
2026-03-07_02.23.51,233,sign-optimization-horizontal-vertical_scenario,648,382,3,4,4,0,90,15,1,135042,AdultFemaleAgent(Clone),5,10,1.58,1.45,0,0,False,2,0,0
2026-03-07_02.23.51,233,sign-optimization-horizontal-vertical_scenario,648,382,3,4,4,0,90,15,1,135043,AdultFemaleAgent(Clone),7,11,1.58,1.450001,0,0,False,2,0,0
2026-03-07_02.23.51,233,sign-optimization-horizontal-vertical_scenario,648,382,3,4,4,0,90,15,1,135044,WheelchairAgent(Clone),7,11,1.3,1.17,0,0,False,2,0,0
2026-03-07_02.23.51,233,sign-optimization-horizontal-vertical_scenario,648,382,3,4,4,0,90,15,1,135045,AdultMaleAgent(Clone),11,10,1.71,1.58,0,0,False,3,0,0
2026-03-07_02.23.51,233,sign-optimization-horizontal-vertical_scenario,648,382,3,4,4,0,90,15,1,135046,WheelchairAgent(Clone),5,10,1.3,1.17,0,0,False,2,0,0
2026-03-07_02.23.51,233,sign-optimization-horizontal-vertical_scenario,648,382,3,4,4,0,90,15,1,135047,AdultMaleAgent(Clone),11,10,1.71,1.58,0,0,True,3,1,0.3333333
2026-03-07_02.23.51,233,sign-optimization-horizontal-vertical_scenario,648,382,3,4,4,0,90,15,1,135048,AdultFemaleAgent(Clone),10,12,1.58,1.45,0,0,True,3,1,0.3333333
2026-03-07_02.23.51,233,sign-optimization-horizontal-vertical_scenario,648,382,3,4,4,0,90,15,1,135049,WheelchairAgent(Clone),10,12,1.3,1.17,5.739258,1,True,3,1,0.3333333
2026-03-07_02.23.51,233,sign-optimization-horizontal-vertical_scenario,648,382,3,4,4,0,90,15,1,135050,AdultMaleAgent(Clone),5,10,1.71,1.58,0,0,False,2,0,0
2026-03-07_02.23.51,233,sign-optimization-horizontal-vertical_scenario,648,382,3,4,4,0,90,15,1,135051,AdultFemaleAgent(Clone),6,12,1.58,1.45,5.570313,1,True,2,1,0.5
2026-03-07_02.23.51,233,sign-optimization-horizontal-vertical_scenario,648,382,3,4,4,0,90,15,1,135052,WheelchairAgent(Clone),11,10,1.3,1.17,0,0,True,3,1,0.3333333
2026-03-07_02.23.51,233,sign-optimization-horizontal-vertical_scenario,648,382,3,4,4,0,90,15,1,135053,AdultMaleAgent(Clone),11,10,1.71,1.58,0,0,False,3,0,0
2026-03-07_02.23.51,233,sign-optimization-horizontal-vertical_scenario,648,382,3,4,4,0,90,15,1,135054,AdultFemaleAgent(Clone),5,10,1.58,1.45,0,0,False,2,0,0
2026-03-07_02.23.51,233,sign-optimization-horizontal-vertical_scenario,648,382,3,4,4,0,90,15,1,135055,AdultFemaleAgent(Clone),10,12,1.58,1.45,0,0,True,3,1,0.3333333
2026-03-07_02.23.51,233,sign-optimization-horizontal-vertical_scenario,648,382,3,4,4,0,90,15,1,135056,WheelchairAgent(Clone),7,11,1.3,1.17,0,0,False,2,0,0
2026-03-07_02.23.51,233,sign-optimization-horizontal-vertical_scenario,648,382,3,4,4,0,90,15,1,135057,AdultFemaleAgent(Clone),5,10,1.58,1.45,0,0,False,2,0,0
2026-03-07_02.23.51,233,sign-optimization-horizontal-vertical_scenario,648,382,3,4,4,0,90,15,1,135058,AdultFemaleAgent(Clone),11,10,1.58,1.450001,0,0,False,3,0,0
2026-03-07_02.23.51,233,sign-optimization-horizontal-vertical_scenario,648,382,3,4,4,0,90,15,1,135059,AdultMaleAgent(Clone),5,10,1.71,1.58,0,0,False,2,0,0
2026-03-07_02.23.51,233,sign-optimization-horizontal-vertical_scenario,648,382,3,4,4,0,90,15,1,135060,AdultFemaleAgent(Clone),11,10,1.58,1.450001,0,0,False,3,0,0
2026-03-07_02.23.51,233,sign-optimization-horizontal-vertical_scenario,648,382,3,4,4,0,90,15,1,135061,AdultMaleAgent(Clone),11,10,1.71,1.58,0,0,False,3,0,0
2026-03-07_02.23.51,233,sign-optimization-horizontal-vertical_scenario,648,382,3,4,4,0,90,15,1,135062,WheelchairAgent(Clone),10,12,1.3,1.17,0,0,False,3,1,0.3333333
2026-03-07_02.23.51,233,sign-optimization-horizontal-vertical_scenario,648,382,3,4,4,0,90,15,1,135063,AdultFemaleAgent(Clone),7,11,1.58,1.450001,0,0,False,2,0,0
2026-03-07_02.23.51,233,sign-optimization-horizontal-vertical_scenario,648,382,3,4,4,0,90,15,1,135064,AdultMaleAgent(Clone),10,12,1.71,1.58,0,0,True,3,1,0.3333333
2026-03-07_02.23.51,233,sign-optimization-horizontal-vertical_scenario,648,382,3,4,4,0,90,15,1,135065,AdultFemaleAgent(Clone),11,10,1.58,1.450001,0,0,True,3,1,0.3333333
2026-03-07_02.23.51,233,sign-optimization-horizontal-vertical_scenario,648,382,3,4,4,0,90,15,1,135066,AdultMaleAgent(Clone),7,11,1.71,1.58,0,0,False,2,0,0
2026-03-07_02.23.51,233,sign-optimization-horizontal-vertical_scenario,648,382,3,4,4,0,90,15,1,135067,AdultFemaleAgent(Clone),6,12,1.58,1.45,0,0,True,2,1,0.5
2026-03-07_02.23.51,233,sign-optimization-horizontal-vertical_scenario,648,382,3,4,4,0,90,15,1,135068,AdultMaleAgent(Clone),7,11,1.71,1.58,0,0,False,2,0,0
2026-03-07_02.23.51,233,sign-optimization-horizontal-vertical_scenario,648,382,3,4,4,0,90,15,1,135069,AdultFemaleAgent(Clone),5,10,1.58,1.45,0,0,False,2,0,0
2026-03-07_02.23.51,233,sign-optimization-horizontal-vertical_scenario,648,382,3,4,4,0,90,15,1,135070,AdultFemaleAgent(Clone),5,10,1.58,1.45,0,0,False,2,0,0
2026-03-07_02.23.51,233,sign-optimization-horizontal-vertical_scenario,648,382,3,4,4,0,90,15,1,135071,AdultMaleAgent(Clone),11,10,1.71,1.58,0,0,False,3,0,0
2026-03-07_02.23.51,233,sign-optimization-horizontal-vertical_scenario,648,382,3,4,4,0,90,15,1,135072,AdultFemaleAgent(Clone),10,12,1.58,1.45,0,0,True,3,1,0.3333333
2026-03-07_02.23.51,233,sign-optimization-horizontal-vertical_scenario,648,382,3,4,4,0,90,15,1,135073,AdultMaleAgent(Clone),5,10,1.71,1.58,0,0,False,2,0,0
2026-03-07_02.23.51,233,sign-optimization-horizontal-vertical_scenario,648,382,3,4,4,0,90,15,1,135074,AdultMaleAgent(Clone),7,11,1.71,1.58,0,0,False,2,0,0
2026-03-07_02.23.51,233,sign-optimization-horizontal-vertical_scenario,648,382,3,4,4,0,90,15,1,135075,AdultFemaleAgent(Clone),10,12,1.58,1.45,0,0,True,3,1,0.3333333
2026-03-07_02.23.51,233,sign-optimization-horizontal-vertical_scenario,648,382,3,4,4,0,90,15,1,135076,WheelchairAgent(Clone),6,12,1.3,1.17,0,0,True,2,1,0.5
2026-03-07_02.23.51,233,sign-optimization-horizontal-vertical_scenario,648,382,3,4,4,0,90,15,1,135077,WheelchairAgent(Clone),11,10,1.3,1.17,0,0,False,3,0,0
2026-03-07_02.23.51,233,sign-optimization-horizontal-vertical_scenario,648,382,3,4,4,0,90,15,1,135078,AdultFemaleAgent(Clone),5,10,1.58,1.45,0,0,False,2,0,0
2026-03-07_02.23.51,233,sign-optimization-horizontal-vertical_scenario,648,382,3,4,4,0,90,15,1,135079,AdultFemaleAgent(Clone),6,12,1.58,1.45,0,0,True,2,1,0.5
2026-03-07_02.23.51,233,sign-optimization-horizontal-vertical_scenario,648,382,3,4,4,0,90,15,1,135080,AdultFemaleAgent(Clone),11,10,1.58,1.450001,0,0,False,3,1,0.3333333
2026-03-07_02.23.51,233,sign-optimization-horizontal-vertical_scenario,648,382,3,4,4,0,90,15,1,135081,WheelchairAgent(Clone),6,12,1.3,1.17,0,0,True,2,1,0.5
2026-03-07_02.23.51,233,sign-optimization-horizontal-vertical_scenario,648,382,3,4,4,0,90,15,1,135082,WheelchairAgent(Clone),5,10,1.3,1.17,0,0,False,2,0,0
2026-03-07_02.23.51,233,sign-optimization-horizontal-vertical_scenario,648,382,3,4,4,0,90,15,1,135083,AdultMaleAgent(Clone),5,10,1.71,1.58,0,0,False,2,0,0
2026-03-07_02.23.51,233,sign-optimization-horizontal-vertical_scenario,648,382,3,4,4,0,90,15,1,135084,WheelchairAgent(Clone),5,10,1.3,1.17,0,0,False,2,0,0
2026-03-07_02.23.51,233,sign-optimization-horizontal-vertical_scenario,648,382,3,4,4,0,90,15,1,135085,AdultFemaleAgent(Clone),6,12,1.58,1.45,0,0,True,2,1,0.5
2026-03-07_02.23.51,233,sign-optimization-horizontal-vertical_scenario,648,382,3,4,4,0,90,15,1,135086,AdultFemaleAgent(Clone),11,10,1.58,1.450001,0,0,False,3,0,0
2026-03-07_02.23.51,233,sign-optimization-horizontal-vertical_scenario,648,382,3,4,4,0,90,15,1,135087,WheelchairAgent(Clone),5,10,1.3,1.17,0,0,False,2,0,0
2026-03-07_02.23.51,233,sign-optimization-horizontal-vertical_scenario,648,382,3,4,4,0,90,15,1,135088,AdultFemaleAgent(Clone),10,12,1.58,1.45,0,0,False,3,1,0.3333333
2026-03-07_02.23.51,233,sign-optimization-horizontal-vertical_scenario,648,382,3,4,4,0,90,15,1,135089,WheelchairAgent(Clone),10,12,1.3,1.17,0,0,True,3,1,0.3333333
2026-03-07_02.23.51,233,sign-optimization-horizontal-vertical_scenario,648,382,3,4,4,0,90,15,1,135090,WheelchairAgent(Clone),10,12,1.3,1.17,0,0,True,3,1,0.3333333
2026-03-07_02.23.51,233,sign-optimization-horizontal-vertical_scenario,648,382,3,4,4,0,90,15,1,135091,AdultMaleAgent(Clone),5,10,1.71,1.58,0,0,False,2,0,0
2026-03-07_02.23.51,233,sign-optimization-horizontal-vertical_scenario,648,382,3,4,4,0,90,15,1,135092,AdultFemaleAgent(Clone),11,10,1.58,1.450001,0,0,False,3,0,0
2026-03-07_02.23.51,233,sign-optimization-horizontal-vertical_scenario,648,382,3,4,4,0,90,15,1,135093,AdultMaleAgent(Clone),7,11,1.71,1.58,0,0,False,2,0,0
2026-03-07_02.23.51,233,sign-optimization-horizontal-vertical_scenario,648,382,3,4,4,0,90,15,1,135094,AdultFemaleAgent(Clone),5,10,1.58,1.45,0,0,False,2,0,0
2026-03-07_02.23.51,233,sign-optimization-horizontal-vertical_scenario,648,382,3,4,4,0,90,15,1,135095,AdultMaleAgent(Clone),6,12,1.71,1.58,0,0,True,2,1,0.5
2026-03-07_02.23.51,233,sign-optimization-horizontal-vertical_scenario,648,382,3,4,4,0,90,15,1,135096,AdultFemaleAgent(Clone),11,10,1.58,1.450001,0,0,False,3,0,0
2026-03-07_02.23.51,233,sign-optimization-horizontal-vertical_scenario,648,382,3,4,4,0,90,15,1,135097,AdultFemaleAgent(Clone),11,10,1.58,1.450001,0,0,False,3,0,0
2026-03-07_02.23.51,233,sign-optimization-horizontal-vertical_scenario,648,382,3,4,4,0,90,15,1,135098,AdultFemaleAgent(Clone),10,12,1.58,1.45,0,0,False,3,0,0
2026-03-07_02.23.51,233,sign-optimization-horizontal-vertical_scenario,648,382,3,4,4,0,90,15,1,135099,WheelchairAgent(Clone),6,12,1.3,1.17,0,0,True,2,1,0.5
2026-03-07_02.23.51,233,sign-optimization-horizontal-vertical_scenario,648,382,3,4,4,0,90,15,1,135100,AdultFemaleAgent(Clone),6,12,1.58,1.45,0,0,False,2,1,0.5
2026-03-07_02.23.51,233,sign-optimization-horizontal-vertical_scenario,648,382,3,4,4,0,90,15,1,135101,AdultMaleAgent(Clone),7,11,1.71,1.58,0,0,False,2,0,0
2026-03-07_02.23.51,233,sign-optimization-horizontal-vertical_scenario,648,382,3,4,4,0,90,15,1,135102,AdultMaleAgent(Clone),10,12,1.71,1.58,0,0,False,3,0,0
2026-03-07_02.23.51,233,sign-optimization-horizontal-vertical_scenario,648,382,3,4,4,0,90,15,1,135103,AdultMaleAgent(Clone),11,10,1.71,1.58,0,0,False,3,0,0
2026-03-07_02.23.51,233,sign-optimization-horizontal-vertical_scenario,648,382,3,4,4,0,90,15,1,135104,AdultMaleAgent(Clone),11,10,1.71,1.58,0,0,False,3,0,0
2026-03-07_02.23.51,233,sign-optimization-horizontal-vertical_scenario,648,382,3,4,4,0,90,15,1,135105,AdultMaleAgent(Clone),10,12,1.71,1.58,0,0,False,3,1,0.3333333
2026-03-07_02.23.51,233,sign-optimization-horizontal-vertical_scenario,648,382,3,4,4,0,90,15,1,135106,WheelchairAgent(Clone),10,12,1.3,1.17,0,0,False,3,0,0
2026-03-07_02.23.51,233,sign-optimization-horizontal-vertical_scenario,648,382,3,4,4,0,90,15,1,135107,AdultMaleAgent(Clone),5,10,1.71,1.58,0,0,False,2,0,0
2026-03-07_02.23.51,233,sign-optimization-horizontal-vertical_scenario,648,382,3,4,4,0,90,15,1,135108,AdultFemaleAgent(Clone),10,12,1.58,1.45,0,0,False,3,0,0
2026-03-07_02.23.51,233,sign-optimization-horizontal-vertical_scenario,648,382,3,4,4,0,90,15,1,135109,AdultMaleAgent(Clone),6,12,1.71,1.58,0,0,True,2,1,0.5
2026-03-07_02.23.51,233,sign-optimization-horizontal-vertical_scenario,648,382,3,4,4,0,90,15,1,135110,WheelchairAgent(Clone),7,11,1.3,1.17,0,0,False,2,0,0
2026-03-07_02.23.51,233,sign-optimization-horizontal-vertical_scenario,648,382,3,4,4,0,90,15,1,135111,AdultMaleAgent(Clone),6,12,1.71,1.58,0,0,False,2,0,0
2026-03-07_02.23.51,233,sign-optimization-horizontal-vertical_scenario,648,382,3,4,4,0,90,15,1,135112,AdultFemaleAgent(Clone),6,12,1.58,1.45,0,0,False,2,0,0
2026-03-07_02.23.51,233,sign-optimization-horizontal-vertical_scenario,648,382,3,4,4,0,90,15,1,135113,AdultFemaleAgent(Clone),6,12,1.58,1.45,0,0,False,2,1,0.5
2026-03-07_02.23.51,233,sign-optimization-horizontal-vertical_scenario,648,382,3,4,4,0,90,15,1,135114,AdultFemaleAgent(Clone),7,11,1.58,1.450001,0,0,False,2,0,0
2026-03-07_02.23.51,233,sign-optimization-horizontal-vertical_scenario,648,382,3,4,4,0,90,15,1,135115,WheelchairAgent(Clone),5,10,1.3,1.17,0,0,False,2,0,0
2026-03-07_02.23.51,233,sign-optimization-horizontal-vertical_scenario,648,382,3,4,4,0,90,15,1,135116,AdultMaleAgent(Clone),7,11,1.71,1.58,0,0,False,2,0,0
2026-03-07_02.23.51,233,sign-optimization-horizontal-vertical_scenario,648,382,3,4,4,0,90,15,1,135117,AdultMaleAgent(Clone),5,10,1.71,1.58,0,0,False,2,0,0
2026-03-07_02.23.51,233,sign-optimization-horizontal-vertical_scenario,648,382,3,4,4,0,90,15,1,135118,AdultMaleAgent(Clone),6,12,1.71,1.58,0,0,False,2,0,0
2026-03-07_02.23.51,233,sign-optimization-horizontal-vertical_scenario,648,382,3,4,4,0,90,15,1,135119,WheelchairAgent(Clone),10,12,1.3,1.17,0,0,False,3,0,0
2026-03-07_02.23.51,233,sign-optimization-horizontal-vertical_scenario,648,382,3,4,4,0,90,15,1,135120,AdultFemaleAgent(Clone),5,10,1.58,1.45,0,0,False,2,0,0
2026-03-07_02.23.51,233,sign-optimization-horizontal-vertical_scenario,648,382,3,4,4,0,90,15,1,135121,WheelchairAgent(Clone),7,11,1.3,1.17,0,0,False,2,0,0
2026-03-07_02.23.51,233,sign-optimization-horizontal-vertical_scenario,648,382,3,4,4,0,90,15,1,135122,AdultMaleAgent(Clone),10,12,1.71,1.58,0,0,False,3,0,0
2026-03-07_02.23.51,233,sign-optimization-horizontal-vertical_scenario,648,382,3,4,4,0,90,15,1,135123,AdultMaleAgent(Clone),6,12,1.71,1.58,0,0,False,2,1,0.5
2026-03-07_02.23.51,233,sign-optimization-horizontal-vertical_scenario,648,382,3,4,4,0,90,15,1,135124,AdultFemaleAgent(Clone),6,12,1.58,1.45,0,0,False,2,0,0
2026-03-07_02.23.51,233,sign-optimization-horizontal-vertical_scenario,648,382,3,4,4,0,90,15,1,135125,WheelchairAgent(Clone),7,11,1.3,1.17,0,0,False,2,0,0
2026-03-07_02.23.51,233,sign-optimization-horizontal-vertical_scenario,648,382,3,4,4,0,90,15,1,135126,AdultMaleAgent(Clone),5,10,1.71,1.58,0,0,False,2,0,0
2026-03-07_02.23.51,233,sign-optimization-horizontal-vertical_scenario,648,382,3,4,4,0,90,15,1,135127,AdultMaleAgent(Clone),6,12,1.71,1.58,0,0,False,2,0,0
2026-03-07_02.23.51,233,sign-optimization-horizontal-vertical_scenario,648,382,3,4,4,0,90,15,1,135128,WheelchairAgent(Clone),5,10,1.3,1.17,0,0,False,2,0,0
2026-03-07_02.23.51,233,sign-optimization-horizontal-vertical_scenario,648,382,3,4,4,0,90,15,1,135129,AdultFemaleAgent(Clone),7,11,1.58,1.450001,0,0,False,2,0,0
2026-03-07_02.23.51,233,sign-optimization-horizontal-vertical_scenario,648,382,3,4,4,0,90,15,1,135130,AdultFemaleAgent(Clone),7,11,1.58,1.450001,0,0,False,2,0,0
2026-03-07_02.23.51,233,sign-optimization-horizontal-vertical_scenario,648,382,3,4,4,0,90,15,1,135131,AdultFemaleAgent(Clone),5,10,1.58,1.45,0,0,False,2,0,0
2026-03-07_02.23.51,233,sign-optimization-horizontal-vertical_scenario,648,382,3,4,4,0,90,15,1,135132,AdultMaleAgent(Clone),10,12,1.71,1.58,0,0,False,3,0,0
2026-03-07_02.23.51,233,sign-optimization-horizontal-vertical_scenario,648,382,3,4,4,0,90,15,1,135133,AdultFemaleAgent(Clone),7,11,1.58,1.450001,0,0,False,2,0,0
2026-03-07_02.23.51,233,sign-optimization-horizontal-vertical_scenario,648,382,3,4,4,0,90,15,1,135134,AdultFemaleAgent(Clone),10,12,1.58,1.45,0,0,False,3,0,0
2026-03-07_02.23.51,233,sign-optimization-horizontal-vertical_scenario,648,382,3,4,4,0,90,15,1,135135,AdultMaleAgent(Clone),6,12,1.71,1.58,0,0,False,2,0,0
2026-03-07_02.23.51,233,sign-optimization-horizontal-vertical_scenario,648,382,3,4,4,0,90,15,1,135136,AdultMaleAgent(Clone),5,10,1.71,1.58,0,0,False,2,0,0
2026-03-07_02.23.51,233,sign-optimization-horizontal-vertical_scenario,648,382,3,4,4,0,90,15,1,135137,AdultFemaleAgent(Clone),11,10,1.58,1.450001,0,0,False,3,0,0
2026-03-07_02.23.51,233,sign-optimization-horizontal-vertical_scenario,648,382,3,4,4,0,90,15,1,135138,AdultMaleAgent(Clone),10,12,1.71,1.58,0,0,False,3,0,0
2026-03-07_02.23.51,233,sign-optimization-horizontal-vertical_scenario,648,382,3,4,4,0,90,15,1,135139,AdultFemaleAgent(Clone),10,12,1.58,1.45,0,0,False,3,0,0
2026-03-07_02.23.51,233,sign-optimization-horizontal-vertical_scenario,648,382,3,4,4,0,90,15,1,135140,WheelchairAgent(Clone),11,10,1.3,1.17,0,0,False,3,0,0
2026-03-07_02.23.51,233,sign-optimization-horizontal-vertical_scenario,648,382,3,4,4,0,90,15,1,135141,WheelchairAgent(Clone),7,11,1.3,1.17,0,0,False,2,0,0
2026-03-07_02.23.51,233,sign-optimization-horizontal-vertical_scenario,648,382,3,4,4,0,90,15,1,135142,AdultMaleAgent(Clone),5,10,1.71,1.58,0,0,False,2,0,0
2026-03-07_02.23.51,233,sign-optimization-horizontal-vertical_scenario,648,382,3,4,4,0,90,15,1,135143,WheelchairAgent(Clone),10,12,1.3,1.17,0,0,False,3,0,0
2026-03-07_02.23.51,233,sign-optimization-horizontal-vertical_scenario,648,382,3,4,4,0,90,15,1,135144,AdultFemaleAgent(Clone),6,12,1.58,1.45,0,0,False,2,0,0
2026-03-07_02.23.51,233,sign-optimization-horizontal-vertical_scenario,648,382,3,4,4,0,90,15,1,135145,AdultMaleAgent(Clone),10,12,1.71,1.58,0,0,False,3,0,0
2026-03-07_02.23.51,233,sign-optimization-horizontal-vertical_scenario,648,382,3,4,4,0,90,15,1,135146,AdultMaleAgent(Clone),5,10,1.71,1.58,0,0,False,2,0,0
2026-03-07_02.23.51,233,sign-optimization-horizontal-vertical_scenario,648,382,3,4,4,0,90,15,1,135147,AdultFemaleAgent(Clone),10,12,1.58,1.45,0,0,False,3,0,0
2026-03-07_02.23.51,233,sign-optimization-horizontal-vertical_scenario,648,382,3,4,4,0,90,15,1,135148,AdultFemaleAgent(Clone),10,12,1.58,1.45,0,0,False,3,0,0
2026-03-07_02.23.51,233,sign-optimization-horizontal-vertical_scenario,648,382,3,4,4,0,90,15,1,135149,AdultFemaleAgent(Clone),7,11,1.58,1.450001,0,0,False,2,0,0
2026-03-07_02.23.51,233,sign-optimization-horizontal-vertical_scenario,648,382,3,4,4,0,90,15,1,135150,AdultMaleAgent(Clone),7,11,1.71,1.58,0,0,False,2,0,0
2026-03-07_02.23.51,233,sign-optimization-horizontal-vertical_scenario,648,382,3,4,4,0,90,15,1,135151,WheelchairAgent(Clone),6,12,1.3,1.17,0,0,False,2,0,0
2026-03-07_02.23.51,233,sign-optimization-horizontal-vertical_scenario,648,382,3,4,4,0,90,15,1,135152,AdultMaleAgent(Clone),7,11,1.71,1.58,0,0,False,2,0,0
2026-03-07_02.23.51,233,sign-optimization-horizontal-vertical_scenario,648,382,3,4,4,0,90,15,1,135153,WheelchairAgent(Clone),11,10,1.3,1.17,0,0,False,3,0,0
2026-03-07_02.23.51,233,sign-optimization-horizontal-vertical_scenario,648,382,3,4,4,0,90,15,1,135154,AdultMaleAgent(Clone),6,12,1.71,1.58,0,0,False,2,0,0
2026-03-07_02.23.51,233,sign-optimization-horizontal-vertical_scenario,648,382,3,4,4,0,90,15,1,135155,WheelchairAgent(Clone),6,12,1.3,1.17,0,0,False,2,0,0
2026-03-07_02.23.51,233,sign-optimization-horizontal-vertical_scenario,648,382,3,4,4,0,90,15,1,135156,AdultFemaleAgent(Clone),6,12,1.58,1.45,0,0,False,2,0,0
2026-03-07_02.23.51,233,sign-optimization-horizontal-vertical_scenario,648,382,3,4,4,0,90,15,1,135157,AdultMaleAgent(Clone),5,10,1.71,1.58,0,0,False,2,0,0
2026-03-07_02.23.51,233,sign-optimization-horizontal-vertical_scenario,648,382,3,4,4,0,90,15,1,135158,AdultFemaleAgent(Clone),6,12,1.58,1.45,0,0,False,2,0,0
2026-03-07_02.23.51,233,sign-optimization-horizontal-vertical_scenario,648,382,3,4,4,0,90,15,1,135159,AdultMaleAgent(Clone),11,10,1.71,1.58,0,0,False,3,0,0
2026-03-07_02.23.51,233,sign-optimization-horizontal-vertical_scenario,648,382,3,4,4,0,90,15,1,135160,AdultFemaleAgent(Clone),6,12,1.58,1.45,0,0,False,2,0,0
2026-03-07_02.23.51,233,sign-optimization-horizontal-vertical_scenario,648,382,3,4,4,0,90,15,1,135161,AdultFemaleAgent(Clone),6,12,1.58,1.45,0,0,False,2,0,0
2026-03-07_02.23.51,233,sign-optimization-horizontal-vertical_scenario,648,382,3,4,4,0,90,15,1,135162,WheelchairAgent(Clone),6,12,1.3,1.17,0,0,False,2,0,0
2026-03-07_02.23.51,233,sign-optimization-horizontal-vertical_scenario,648,382,3,4,4,0,90,15,1,135163,WheelchairAgent(Clone),11,10,1.3,1.17,0,0,False,3,0,0
2026-03-07_02.23.51,233,sign-optimization-horizontal-vertical_scenario,648,382,3,4,4,0,90,15,1,135164,AdultFemaleAgent(Clone),7,11,1.58,1.450001,0,0,False,2,0,0
2026-03-07_02.23.51,233,sign-optimization-horizontal-vertical_scenario,648,382,3,4,4,0,90,15,1,135165,WheelchairAgent(Clone),11,10,1.3,1.17,0,0,False,3,0,0
2026-03-07_02.23.51,233,sign-optimization-horizontal-vertical_scenario,648,382,3,4,4,0,90,15,1,135166,AdultMaleAgent(Clone),7,11,1.71,1.58,0,0,False,2,0,0
2026-03-07_02.23.51,233,sign-optimization-horizontal-vertical_scenario,648,382,3,4,4,0,90,15,1,135167,WheelchairAgent(Clone),5,10,1.3,1.17,0,0,False,2,0,0
2026-03-07_02.23.51,233,sign-optimization-horizontal-vertical_scenario,648,382,3,4,4,0,90,15,1,135168,WheelchairAgent(Clone),6,12,1.3,1.17,0,0,False,2,0,0
2026-03-07_02.23.51,233,sign-optimization-horizontal-vertical_scenario,648,382,3,4,4,0,90,15,1,135169,AdultFemaleAgent(Clone),5,10,1.58,1.45,0,0,False,2,0,0
2026-03-07_02.23.51,233,sign-optimization-horizontal-vertical_scenario,648,382,3,4,4,0,90,15,1,135170,AdultMaleAgent(Clone),10,12,1.71,1.58,0,0,False,3,0,0
2026-03-07_02.23.51,233,sign-optimization-horizontal-vertical_scenario,648,382,3,4,4,0,90,15,1,135171,AdultFemaleAgent(Clone),7,11,1.58,1.450001,0,0,False,2,0,0
2026-03-07_02.23.51,233,sign-optimization-horizontal-vertical_scenario,648,382,3,4,4,0,90,15,1,135172,AdultMaleAgent(Clone),5,10,1.71,1.58,0,0,False,2,0,0
2026-03-07_02.23.51,233,sign-optimization-horizontal-vertical_scenario,648,382,3,4,4,0,90,15,1,135173,AdultFemaleAgent(Clone),6,12,1.58,1.45,0,0,False,2,0,0
2026-03-07_02.23.51,233,sign-optimization-horizontal-vertical_scenario,648,382,3,4,4,0,90,15,1,135174,AdultFemaleAgent(Clone),10,12,1.58,1.45,0,0,False,3,0,0
2026-03-07_02.23.51,233,sign-optimization-horizontal-vertical_scenario,648,382,3,4,4,0,90,15,1,135175,AdultFemaleAgent(Clone),11,10,1.58,1.450001,0,0,False,3,0,0
2026-03-07_02.23.51,233,sign-optimization-horizontal-vertical_scenario,648,382,3,4,4,0,90,15,1,135176,WheelchairAgent(Clone),11,10,1.3,1.17,0,0,False,3,0,0
2026-03-07_02.23.51,233,sign-optimization-horizontal-vertical_scenario,648,382,3,4,4,0,90,15,1,135177,WheelchairAgent(Clone),5,10,1.3,1.17,0,0,False,2,0,0
2026-03-07_02.23.51,233,sign-optimization-horizontal-vertical_scenario,648,382,3,4,4,0,90,15,1,135178,WheelchairAgent(Clone),6,12,1.3,1.17,0,0,False,2,0,0
2026-03-07_02.23.51,233,sign-optimization-horizontal-vertical_scenario,648,382,3,4,4,0,90,15,1,135179,AdultFemaleAgent(Clone),11,10,1.58,1.450001,0,0,False,3,0,0
