Timestamp,RunIndex,ScenarioID,TotalAgents,VisibleSignCount,SignHeight,SignPositionX,SignPositionZ,SignOrientation,VcaAngle,VcaDistance,SignComprehensionTime,AgentID,AgentType,StartNode,GoalNode,Height,EyeHeight,TimeInVCA,TimesInVCA,SawSign,TotalNodesNavigated,NodesWithDetection,RDEffective
2026-03-06_21.14.01,234,sign-optimization-horizontal-vertical_scenario,611,197,3,5,4,90,90,15,1,135023,AdultMaleAgent(Clone),5,10,1.71,1.58,0,0,False,2,0,0
2026-03-06_21.14.01,234,sign-optimization-horizontal-vertical_scenario,611,197,3,5,4,90,90,15,1,135024,AdultMaleAgent(Clone),7,11,1.71,1.58,0,0,False,2,0,0
2026-03-06_21.14.01,234,sign-optimization-horizontal-vertical_scenario,611,197,3,5,4,90,90,15,1,135025,AdultMaleAgent(Clone),7,11,1.71,1.58,0,0,False,2,0,0
2026-03-06_21.14.01,234,sign-optimization-horizontal-vertical_scenario,611,197,3,5,4,90,90,15,1,135026,AdultMaleAgent(Clone),10,12,1.71,1.58,2.316406,2,True,3,1,0.3333333
2026-03-06_21.14.01,234,sign-optimization-horizontal-vertical_scenario,611,197,3,5,4,90,90,15,1,135027,AdultMaleAgent(Clone),7,11,1.71,1.58,0.1748047,2,False,2,1,0.5
2026-03-06_21.14.01,234,sign-optimization-horizontal-vertical_scenario,611,197,3,5,4,90,90,15,1,135028,AdultMaleAgent(Clone),10,12,1.71,1.58,4.212891,1,True,3,1,0.3333333
2026-03-06_21.14.01,234,sign-optimization-horizontal-vertical_scenario,611,197,3,5,4,90,90,15,1,135029,AdultMaleAgent(Clone),6,12,1.71,1.58,3.722656,1,False,2,1,0.5
2026-03-06_21.14.01,234,sign-optimization-horizontal-vertical_scenario,611,197,3,5,4,90,90,15,1,135030,AdultMaleAgent(Clone),6,12,1.71,1.58,2.075195,1,False,2,1,0.5
2026-03-06_21.14.01,234,sign-optimization-horizontal-vertical_scenario,611,197,3,5,4,90,90,15,1,135031,WheelchairAgent(Clone),11,10,1.3,1.17,0.5292969,1,False,3,1,0.3333333
2026-03-06_21.14.01,234,sign-optimization-horizontal-vertical_scenario,611,197,3,5,4,90,90,15,1,135032,WheelchairAgent(Clone),7,11,1.3,1.17,0,0,False,2,0,0
2026-03-06_21.14.01,234,sign-optimization-horizontal-vertical_scenario,611,197,3,5,4,90,90,15,1,135033,AdultFemaleAgent(Clone),5,10,1.58,1.45,2.28125,1,False,2,0,0
2026-03-06_21.14.01,234,sign-optimization-horizontal-vertical_scenario,611,197,3,5,4,90,90,15,1,135034,AdultMaleAgent(Clone),7,11,1.71,1.58,0.5390625,2,True,2,1,0.5
2026-03-06_21.14.01,234,sign-optimization-horizontal-vertical_scenario,611,197,3,5,4,90,90,15,1,135035,AdultMaleAgent(Clone),11,10,1.71,1.58,1.043945,1,False,3,1,0.3333333
2026-03-06_21.14.01,234,sign-optimization-horizontal-vertical_scenario,611,197,3,5,4,90,90,15,1,135036,AdultFemaleAgent(Clone),5,10,1.58,1.45,5.817383,1,False,2,0,0
2026-03-06_21.14.01,234,sign-optimization-horizontal-vertical_scenario,611,197,3,5,4,90,90,15,1,135037,WheelchairAgent(Clone),5,10,1.3,1.17,0,0,False,2,0,0
2026-03-06_21.14.01,234,sign-optimization-horizontal-vertical_scenario,611,197,3,5,4,90,90,15,1,135038,WheelchairAgent(Clone),10,12,1.3,1.17,4.436523,1,True,3,1,0.3333333
2026-03-06_21.14.01,234,sign-optimization-horizontal-vertical_scenario,611,197,3,5,4,90,90,15,1,135039,WheelchairAgent(Clone),11,10,1.3,1.17,9.311523,2,False,3,1,0.3333333
2026-03-06_21.14.01,234,sign-optimization-horizontal-vertical_scenario,611,197,3,5,4,90,90,15,1,135040,AdultFemaleAgent(Clone),10,12,1.58,1.45,6.150391,1,True,3,1,0.3333333
2026-03-06_21.14.01,234,sign-optimization-horizontal-vertical_scenario,611,197,3,5,4,90,90,15,1,135041,AdultFemaleAgent(Clone),7,11,1.58,1.450001,0,0,False,2,0,0
2026-03-06_21.14.01,234,sign-optimization-horizontal-vertical_scenario,611,197,3,5,4,90,90,15,1,135042,AdultMaleAgent(Clone),10,12,1.71,1.58,6.040039,1,True,3,1,0.3333333
2026-03-06_21.14.01,234,sign-optimization-horizontal-vertical_scenario,611,197,3,5,4,90,90,15,1,135043,AdultFemaleAgent(Clone),11,10,1.58,1.450001,0.6455078,1,False,3,1,0.3333333
2026-03-06_21.14.01,234,sign-optimization-horizontal-vertical_scenario,611,197,3,5,4,90,90,15,1,135044,WheelchairAgent(Clone),10,12,1.3,1.17,3.625,1,True,3,1,0.3333333
2026-03-06_21.14.01,234,sign-optimization-horizontal-vertical_scenario,611,197,3,5,4,90,90,15,1,135045,AdultFemaleAgent(Clone),6,12,1.58,1.45,1.892578,1,False,2,1,0.5
2026-03-06_21.14.01,234,sign-optimization-horizontal-vertical_scenario,611,197,3,5,4,90,90,15,1,135046,WheelchairAgent(Clone),10,12,1.3,1.17,6.30957,1,False,3,1,0.3333333
2026-03-06_21.14.01,234,sign-optimization-horizontal-vertical_scenario,611,197,3,5,4,90,90,15,1,135047,AdultFemaleAgent(Clone),10,12,1.58,1.45,5.921875,1,True,3,1,0.3333333
2026-03-06_21.14.01,234,sign-optimization-horizontal-vertical_scenario,611,197,3,5,4,90,90,15,1,135048,AdultMaleAgent(Clone),10,12,1.71,1.58,4.775391,1,True,3,1,0.3333333
2026-03-06_21.14.01,234,sign-optimization-horizontal-vertical_scenario,611,197,3,5,4,90,90,15,1,135049,AdultFemaleAgent(Clone),7,11,1.58,1.450001,0,0,False,2,0,0
2026-03-06_21.14.01,234,sign-optimization-horizontal-vertical_scenario,611,197,3,5,4,90,90,15,1,135050,WheelchairAgent(Clone),6,12,1.3,1.17,5.292969,1,True,2,1,0.5
2026-03-06_21.14.01,234,sign-optimization-horizontal-vertical_scenario,611,197,3,5,4,90,90,15,1,135051,WheelchairAgent(Clone),7,11,1.3,1.17,0,0,False,2,0,0
2026-03-06_21.14.01,234,sign-optimization-horizontal-vertical_scenario,611,197,3,5,4,90,90,15,1,135052,AdultFemaleAgent(Clone),7,11,1.58,1.450001,0.34375,1,False,2,1,0.5
2026-03-06_21.14.01,234,sign-optimization-horizontal-vertical_scenario,611,197,3,5,4,90,90,15,1,135053,AdultFemaleAgent(Clone),10,12,1.58,1.45,7.139648,1,True,3,1,0.3333333
2026-03-06_21.14.01,234,sign-optimization-horizontal-vertical_scenario,611,197,3,5,4,90,90,15,1,135054,WheelchairAgent(Clone),6,12,1.3,1.17,0.8935547,1,False,2,0,0
2026-03-06_21.14.01,234,sign-optimization-horizontal-vertical_scenario,611,197,3,5,4,90,90,15,1,135055,AdultMaleAgent(Clone),6,12,1.71,1.58,4.639648,1,True,2,1,0.5
2026-03-06_21.14.01,234,sign-optimization-horizontal-vertical_scenario,611,197,3,5,4,90,90,15,1,135056,AdultFemaleAgent(Clone),7,11,1.58,1.450001,0.5556641,2,True,2,1,0.5
2026-03-06_21.14.01,234,sign-optimization-horizontal-vertical_scenario,611,197,3,5,4,90,90,15,1,135057,AdultMaleAgent(Clone),11,10,1.71,1.58,0.8535156,1,False,3,1,0.3333333
2026-03-06_21.14.01,234,sign-optimization-horizontal-vertical_scenario,611,197,3,5,4,90,90,15,1,135058,AdultFemaleAgent(Clone),5,10,1.58,1.45,8.224609,1,False,2,0,0
2026-03-06_21.14.01,234,sign-optimization-horizontal-vertical_scenario,611,197,3,5,4,90,90,15,1,135059,WheelchairAgent(Clone),11,10,1.3,1.17,1.449219,1,False,3,1,0.3333333
2026-03-06_21.14.01,234,sign-optimization-horizontal-vertical_scenario,611,197,3,5,4,90,90,15,1,135060,WheelchairAgent(Clone),7,11,1.3,1.17,0.3613281,1,False,2,0,0
2026-03-06_21.14.01,234,sign-optimization-horizontal-vertical_scenario,611,197,3,5,4,90,90,15,1,135061,WheelchairAgent(Clone),11,10,1.3,1.17,1.544922,1,False,3,1,0.3333333
2026-03-06_21.14.01,234,sign-optimization-horizontal-vertical_scenario,611,197,3,5,4,90,90,15,1,135062,WheelchairAgent(Clone),11,10,1.3,1.17,0,0,False,3,0,0
2026-03-06_21.14.01,234,sign-optimization-horizontal-vertical_scenario,611,197,3,5,4,90,90,15,1,135063,AdultFemaleAgent(Clone),10,12,1.58,1.45,6.805664,1,True,3,1,0.3333333
2026-03-06_21.14.01,234,sign-optimization-horizontal-vertical_scenario,611,197,3,5,4,90,90,15,1,135064,AdultMaleAgent(Clone),6,12,1.71,1.58,1.486328,1,False,2,1,0.5
2026-03-06_21.14.01,234,sign-optimization-horizontal-vertical_scenario,611,197,3,5,4,90,90,15,1,135065,AdultFemaleAgent(Clone),7,11,1.58,1.450001,0,0,False,2,0,0
2026-03-06_21.14.01,234,sign-optimization-horizontal-vertical_scenario,611,197,3,5,4,90,90,15,1,135066,WheelchairAgent(Clone),11,10,1.3,1.17,0.7871094,1,False,3,1,0.3333333
2026-03-06_21.14.01,234,sign-optimization-horizontal-vertical_scenario,611,197,3,5,4,90,90,15,1,135067,AdultMaleAgent(Clone),10,12,1.71,1.58,4.429688,1,True,3,1,0.3333333
2026-03-06_21.14.01,234,sign-optimization-horizontal-vertical_scenario,611,197,3,5,4,90,90,15,1,135068,AdultFemaleAgent(Clone),5,10,1.58,1.45,4.555664,1,False,2,0,0
2026-03-06_21.14.01,234,sign-optimization-horizontal-vertical_scenario,611,197,3,5,4,90,90,15,1,135069,AdultMaleAgent(Clone),7,11,1.71,1.58,0,0,False,2,0,0
2026-03-06_21.14.01,234,sign-optimization-horizontal-vertical_scenario,611,197,3,5,4,90,90,15,1,135070,AdultFemaleAgent(Clone),11,10,1.58,1.450001,0.3417969,1,False,3,1,0.3333333
2026-03-06_21.14.01,234,sign-optimization-horizontal-vertical_scenario,611,197,3,5,4,90,90,15,1,135071,AdultMaleAgent(Clone),10,12,1.71,1.58,3.520508,1,True,3,1,0.3333333
2026-03-06_21.14.01,234,sign-optimization-horizontal-vertical_scenario,611,197,3,5,4,90,90,15,1,135072,AdultMaleAgent(Clone),6,12,1.71,1.58,3.141602,1,False,2,1,0.5
2026-03-06_21.14.01,234,sign-optimization-horizontal-vertical_scenario,611,197,3,5,4,90,90,15,1,135073,AdultMaleAgent(Clone),7,11,1.71,1.58,3.255859,2,True,2,1,0.5
2026-03-06_21.14.01,234,sign-optimization-horizontal-vertical_scenario,611,197,3,5,4,90,90,15,1,135074,WheelchairAgent(Clone),11,10,1.3,1.17,2.248047,1,False,3,1,0.3333333
2026-03-06_21.14.01,234,sign-optimization-horizontal-vertical_scenario,611,197,3,5,4,90,90,15,1,135075,AdultFemaleAgent(Clone),11,10,1.58,1.450001,4.385742,2,True,3,2,0.6666667
2026-03-06_21.14.01,234,sign-optimization-horizontal-vertical_scenario,611,197,3,5,4,90,90,15,1,135076,AdultFemaleAgent(Clone),11,10,1.58,1.450001,1.62793,1,False,3,1,0.3333333
2026-03-06_21.14.01,234,sign-optimization-horizontal-vertical_scenario,611,197,3,5,4,90,90,15,1,135077,WheelchairAgent(Clone),7,11,1.3,1.17,0,0,False,2,0,0
2026-03-06_21.14.01,234,sign-optimization-horizontal-vertical_scenario,611,197,3,5,4,90,90,15,1,135078,AdultMaleAgent(Clone),6,12,1.71,1.58,0.8935547,1,False,2,0,0
2026-03-06_21.14.01,234,sign-optimization-horizontal-vertical_scenario,611,197,3,5,4,90,90,15,1,135079,AdultMaleAgent(Clone),7,11,1.71,1.58,0.3535156,2,True,2,1,0.5
2026-03-06_21.14.01,234,sign-optimization-horizontal-vertical_scenario,611,197,3,5,4,90,90,15,1,135080,AdultMaleAgent(Clone),7,11,1.71,1.58,0,0,False,2,0,0
2026-03-06_21.14.01,234,sign-optimization-horizontal-vertical_scenario,611,197,3,5,4,90,90,15,1,135081,AdultMaleAgent(Clone),11,10,1.71,1.58,1.358398,1,False,3,1,0.3333333
2026-03-06_21.14.01,234,sign-optimization-horizontal-vertical_scenario,611,197,3,5,4,90,90,15,1,135082,AdultFemaleAgent(Clone),5,10,1.58,1.45,2.802734,1,False,2,0,0
2026-03-06_21.14.01,234,sign-optimization-horizontal-vertical_scenario,611,197,3,5,4,90,90,15,1,135083,AdultFemaleAgent(Clone),5,10,1.58,1.45,3.532227,1,False,2,0,0
2026-03-06_21.14.01,234,sign-optimization-horizontal-vertical_scenario,611,197,3,5,4,90,90,15,1,135084,AdultMaleAgent(Clone),7,11,1.71,1.58,0.9960938,1,False,2,1,0.5
2026-03-06_21.14.01,234,sign-optimization-horizontal-vertical_scenario,611,197,3,5,4,90,90,15,1,135085,AdultFemaleAgent(Clone),7,11,1.58,1.450001,0,0,False,2,0,0
2026-03-06_21.14.01,234,sign-optimization-horizontal-vertical_scenario,611,197,3,5,4,90,90,15,1,135086,AdultMaleAgent(Clone),5,10,1.71,1.58,3.923828,1,False,2,0,0
2026-03-06_21.14.01,234,sign-optimization-horizontal-vertical_scenario,611,197,3,5,4,90,90,15,1,135087,AdultFemaleAgent(Clone),10,12,1.58,1.45,4.806641,1,True,3,1,0.3333333
2026-03-06_21.14.01,234,sign-optimization-horizontal-vertical_scenario,611,197,3,5,4,90,90,15,1,135088,WheelchairAgent(Clone),10,12,1.3,1.17,4.475586,1,True,3,1,0.3333333
2026-03-06_21.14.01,234,sign-optimization-horizontal-vertical_scenario,611,197,3,5,4,90,90,15,1,135089,AdultFemaleAgent(Clone),5,10,1.58,1.45,2.764648,1,False,2,0,0
2026-03-06_21.14.01,234,sign-optimization-horizontal-vertical_scenario,611,197,3,5,4,90,90,15,1,135090,AdultMaleAgent(Clone),6,12,1.71,1.58,3.418945,1,False,2,1,0.5
2026-03-06_21.14.01,234,sign-optimization-horizontal-vertical_scenario,611,197,3,5,4,90,90,15,1,135091,AdultMaleAgent(Clone),6,12,1.71,1.58,0.984375,1,False,2,0,0
2026-03-06_21.14.01,234,sign-optimization-horizontal-vertical_scenario,611,197,3,5,4,90,90,15,1,135092,WheelchairAgent(Clone),10,12,1.3,1.17,6.275391,1,True,3,1,0.3333333
2026-03-06_21.14.01,234,sign-optimization-horizontal-vertical_scenario,611,197,3,5,4,90,90,15,1,135093,AdultFemaleAgent(Clone),6,12,1.58,1.45,4.52832,1,False,2,1,0.5
2026-03-06_21.14.01,234,sign-optimization-horizontal-vertical_scenario,611,197,3,5,4,90,90,15,1,135094,AdultFemaleAgent(Clone),5,10,1.58,1.45,7.192383,1,False,2,0,0
2026-03-06_21.14.01,234,sign-optimization-horizontal-vertical_scenario,611,197,3,5,4,90,90,15,1,135095,AdultFemaleAgent(Clone),11,10,1.58,1.450001,1.611328,1,False,3,1,0.3333333
2026-03-06_21.14.01,234,sign-optimization-horizontal-vertical_scenario,611,197,3,5,4,90,90,15,1,135096,AdultMaleAgent(Clone),10,12,1.71,1.58,4.75293,1,True,3,1,0.3333333
2026-03-06_21.14.01,234,sign-optimization-horizontal-vertical_scenario,611,197,3,5,4,90,90,15,1,135097,AdultMaleAgent(Clone),6,12,1.71,1.58,2.763672,1,False,2,1,0.5
2026-03-06_21.14.01,234,sign-optimization-horizontal-vertical_scenario,611,197,3,5,4,90,90,15,1,135098,AdultFemaleAgent(Clone),5,10,1.58,1.45,0,0,False,2,0,0
2026-03-06_21.14.01,234,sign-optimization-horizontal-vertical_scenario,611,197,3,5,4,90,90,15,1,135099,AdultFemaleAgent(Clone),5,10,1.58,1.45,0,0,False,2,0,0
2026-03-06_21.14.01,234,sign-optimization-horizontal-vertical_scenario,611,197,3,5,4,90,90,15,1,135100,AdultMaleAgent(Clone),10,12,1.71,1.58,6.138672,1,True,3,1,0.3333333
2026-03-06_21.14.01,234,sign-optimization-horizontal-vertical_scenario,611,197,3,5,4,90,90,15,1,135101,AdultFemaleAgent(Clone),5,10,1.58,1.45,6.907227,1,False,2,0,0
2026-03-06_21.14.01,234,sign-optimization-horizontal-vertical_scenario,611,197,3,5,4,90,90,15,1,135102,WheelchairAgent(Clone),5,10,1.3,1.17,1.219727,1,False,2,0,0
2026-03-06_21.14.01,234,sign-optimization-horizontal-vertical_scenario,611,197,3,5,4,90,90,15,1,135103,AdultFemaleAgent(Clone),7,11,1.58,1.450001,2.451172,2,True,2,1,0.5
2026-03-06_21.14.01,234,sign-optimization-horizontal-vertical_scenario,611,197,3,5,4,90,90,15,1,135104,WheelchairAgent(Clone),11,10,1.3,1.17,2.319336,1,False,3,1,0.3333333
2026-03-06_21.14.01,234,sign-optimization-horizontal-vertical_scenario,611,197,3,5,4,90,90,15,1,135105,AdultFemaleAgent(Clone),6,12,1.58,1.45,3.516602,1,False,2,1,0.5
2026-03-06_21.14.01,234,sign-optimization-horizontal-vertical_scenario,611,197,3,5,4,90,90,15,1,135106,AdultFemaleAgent(Clone),10,12,1.58,1.45,5.169922,1,True,3,1,0.3333333
2026-03-06_21.14.01,234,sign-optimization-horizontal-vertical_scenario,611,197,3,5,4,90,90,15,1,135107,WheelchairAgent(Clone),11,10,1.3,1.17,0.9814453,1,False,3,1,0.3333333
2026-03-06_21.14.01,234,sign-optimization-horizontal-vertical_scenario,611,197,3,5,4,90,90,15,1,135108,AdultMaleAgent(Clone),6,12,1.71,1.58,0,0,False,2,0,0
2026-03-06_21.14.01,234,sign-optimization-horizontal-vertical_scenario,611,197,3,5,4,90,90,15,1,135109,AdultFemaleAgent(Clone),7,11,1.58,1.450001,0,0,False,2,0,0
2026-03-06_21.14.01,234,sign-optimization-horizontal-vertical_scenario,611,197,3,5,4,90,90,15,1,135110,AdultMaleAgent(Clone),10,12,1.71,1.58,4.553711,1,True,3,1,0.3333333
2026-03-06_21.14.01,234,sign-optimization-horizontal-vertical_scenario,611,197,3,5,4,90,90,15,1,135111,AdultFemaleAgent(Clone),7,11,1.58,1.450001,0.3876953,2,True,2,1,0.5
2026-03-06_21.14.01,234,sign-optimization-horizontal-vertical_scenario,611,197,3,5,4,90,90,15,1,135112,AdultMaleAgent(Clone),7,11,1.71,1.58,0.2802734,2,False,2,1,0.5
2026-03-06_21.14.01,234,sign-optimization-horizontal-vertical_scenario,611,197,3,5,4,90,90,15,1,135113,AdultMaleAgent(Clone),10,12,1.71,1.58,5.583984,1,True,3,1,0.3333333
2026-03-06_21.14.01,234,sign-optimization-horizontal-vertical_scenario,611,197,3,5,4,90,90,15,1,135114,WheelchairAgent(Clone),11,10,1.3,1.17,0.3759766,1,False,3,1,0.3333333
2026-03-06_21.14.01,234,sign-optimization-horizontal-vertical_scenario,611,197,3,5,4,90,90,15,1,135115,WheelchairAgent(Clone),6,12,1.3,1.17,4.642578,1,False,2,0,0
2026-03-06_21.14.01,234,sign-optimization-horizontal-vertical_scenario,611,197,3,5,4,90,90,15,1,135116,AdultMaleAgent(Clone),5,10,1.71,1.58,0,0,False,2,0,0
2026-03-06_21.14.01,234,sign-optimization-horizontal-vertical_scenario,611,197,3,5,4,90,90,15,1,135117,AdultMaleAgent(Clone),5,10,1.71,1.58,0,0,False,2,0,0
2026-03-06_21.14.01,234,sign-optimization-horizontal-vertical_scenario,611,197,3,5,4,90,90,15,1,135118,AdultMaleAgent(Clone),10,12,1.71,1.58,6.455078,1,True,3,1,0.3333333
2026-03-06_21.14.01,234,sign-optimization-horizontal-vertical_scenario,611,197,3,5,4,90,90,15,1,135119,WheelchairAgent(Clone),5,10,1.3,1.17,4.524414,1,False,2,0,0
2026-03-06_21.14.01,234,sign-optimization-horizontal-vertical_scenario,611,197,3,5,4,90,90,15,1,135120,AdultMaleAgent(Clone),5,10,1.71,1.58,8.469727,1,False,2,0,0
2026-03-06_21.14.01,234,sign-optimization-horizontal-vertical_scenario,611,197,3,5,4,90,90,15,1,135121,AdultMaleAgent(Clone),5,10,1.71,1.58,0,0,False,2,0,0
2026-03-06_21.14.01,234,sign-optimization-horizontal-vertical_scenario,611,197,3,5,4,90,90,15,1,135122,WheelchairAgent(Clone),6,12,1.3,1.17,4.922852,1,False,2,1,0.5
2026-03-06_21.14.01,234,sign-optimization-horizontal-vertical_scenario,611,197,3,5,4,90,90,15,1,135123,WheelchairAgent(Clone),6,12,1.3,1.17,5.546875,1,True,2,1,0.5
2026-03-06_21.14.01,234,sign-optimization-horizontal-vertical_scenario,611,197,3,5,4,90,90,15,1,135124,AdultFemaleAgent(Clone),5,10,1.58,1.45,0,0,False,2,0,0
2026-03-06_21.14.01,234,sign-optimization-horizontal-vertical_scenario,611,197,3,5,4,90,90,15,1,135125,AdultMaleAgent(Clone),10,12,1.71,1.58,3.735352,1,True,3,1,0.3333333
2026-03-06_21.14.01,234,sign-optimization-horizontal-vertical_scenario,611,197,3,5,4,90,90,15,1,135126,AdultMaleAgent(Clone),7,11,1.71,1.58,0.7753906,1,False,2,1,0.5
2026-03-06_21.14.01,234,sign-optimization-horizontal-vertical_scenario,611,197,3,5,4,90,90,15,1,135127,WheelchairAgent(Clone),5,10,1.3,1.17,3.665039,1,False,2,0,0
2026-03-06_21.14.01,234,sign-optimization-horizontal-vertical_scenario,611,197,3,5,4,90,90,15,1,135128,AdultFemaleAgent(Clone),6,12,1.58,1.45,1.446289,1,False,2,0,0
2026-03-06_21.14.01,234,sign-optimization-horizontal-vertical_scenario,611,197,3,5,4,90,90,15,1,135129,AdultFemaleAgent(Clone),10,12,1.58,1.45,6.455078,1,True,3,1,0.3333333
2026-03-06_21.14.01,234,sign-optimization-horizontal-vertical_scenario,611,197,3,5,4,90,90,15,1,135130,AdultMaleAgent(Clone),11,10,1.71,1.58,1.475586,1,False,3,1,0.3333333
2026-03-06_21.14.01,234,sign-optimization-horizontal-vertical_scenario,611,197,3,5,4,90,90,15,1,135131,AdultFemaleAgent(Clone),7,11,1.58,1.450001,3.598633,2,True,2,1,0.5
2026-03-06_21.14.01,234,sign-optimization-horizontal-vertical_scenario,611,197,3,5,4,90,90,15,1,135132,AdultFemaleAgent(Clone),10,12,1.58,1.45,5.769531,1,True,3,1,0.3333333
2026-03-06_21.14.01,234,sign-optimization-horizontal-vertical_scenario,611,197,3,5,4,90,90,15,1,135133,WheelchairAgent(Clone),10,12,1.3,1.17,4.916016,1,True,3,1,0.3333333
2026-03-06_21.14.01,234,sign-optimization-horizontal-vertical_scenario,611,197,3,5,4,90,90,15,1,135134,AdultMaleAgent(Clone),6,12,1.71,1.58,3.404297,1,False,2,1,0.5
2026-03-06_21.14.01,234,sign-optimization-horizontal-vertical_scenario,611,197,3,5,4,90,90,15,1,135135,WheelchairAgent(Clone),10,12,1.3,1.17,3.749023,1,True,3,1,0.3333333
2026-03-06_21.14.01,234,sign-optimization-horizontal-vertical_scenario,611,197,3,5,4,90,90,15,1,135136,WheelchairAgent(Clone),7,11,1.3,1.17,1.235352,1,True,2,1,0.5
2026-03-06_21.14.01,234,sign-optimization-horizontal-vertical_scenario,611,197,3,5,4,90,90,15,1,135137,WheelchairAgent(Clone),11,10,1.3,1.17,2.043945,1,False,3,1,0.3333333
2026-03-06_21.14.01,234,sign-optimization-horizontal-vertical_scenario,611,197,3,5,4,90,90,15,1,135138,AdultMaleAgent(Clone),6,12,1.71,1.58,2.567383,1,False,2,1,0.5
2026-03-06_21.14.01,234,sign-optimization-horizontal-vertical_scenario,611,197,3,5,4,90,90,15,1,135139,AdultMaleAgent(Clone),5,10,1.71,1.58,0,0,False,2,0,0
2026-03-06_21.14.01,234,sign-optimization-horizontal-vertical_scenario,611,197,3,5,4,90,90,15,1,135140,WheelchairAgent(Clone),10,12,1.3,1.17,7.013672,1,True,3,1,0.3333333
2026-03-06_21.14.01,234,sign-optimization-horizontal-vertical_scenario,611,197,3,5,4,90,90,15,1,135141,AdultFemaleAgent(Clone),10,12,1.58,1.45,7.698242,1,True,3,1,0.3333333
2026-03-06_21.14.01,234,sign-optimization-horizontal-vertical_scenario,611,197,3,5,4,90,90,15,1,135142,WheelchairAgent(Clone),5,10,1.3,1.17,0,0,False,2,0,0
2026-03-06_21.14.01,234,sign-optimization-horizontal-vertical_scenario,611,197,3,5,4,90,90,15,1,135143,AdultFemaleAgent(Clone),10,12,1.58,1.45,5.672852,1,True,3,1,0.3333333
2026-03-06_21.14.01,234,sign-optimization-horizontal-vertical_scenario,611,197,3,5,4,90,90,15,1,135144,WheelchairAgent(Clone),5,10,1.3,1.17,0,0,False,2,0,0
2026-03-06_21.14.01,234,sign-optimization-horizontal-vertical_scenario,611,197,3,5,4,90,90,15,1,135145,AdultMaleAgent(Clone),7,11,1.71,1.58,0.4160156,2,True,2,1,0.5
2026-03-06_21.14.01,234,sign-optimization-horizontal-vertical_scenario,611,197,3,5,4,90,90,15,1,135146,AdultFemaleAgent(Clone),6,12,1.58,1.45,3.321289,1,False,2,1,0.5
2026-03-06_21.14.01,234,sign-optimization-horizontal-vertical_scenario,611,197,3,5,4,90,90,15,1,135147,WheelchairAgent(Clone),10,12,1.3,1.17,7.670898,1,True,3,1,0.3333333
2026-03-06_21.14.01,234,sign-optimization-horizontal-vertical_scenario,611,197,3,5,4,90,90,15,1,135148,WheelchairAgent(Clone),6,12,1.3,1.17,3.355469,1,False,2,1,0.5
2026-03-06_21.14.01,234,sign-optimization-horizontal-vertical_scenario,611,197,3,5,4,90,90,15,1,135149,AdultFemaleAgent(Clone),10,12,1.58,1.45,5.785156,1,True,3,1,0.3333333
2026-03-06_21.14.01,234,sign-optimization-horizontal-vertical_scenario,611,197,3,5,4,90,90,15,1,135150,AdultFemaleAgent(Clone),10,12,1.58,1.45,5.198242,1,True,3,1,0.3333333
2026-03-06_21.14.01,234,sign-optimization-horizontal-vertical_scenario,611,197,3,5,4,90,90,15,1,135151,AdultMaleAgent(Clone),7,11,1.71,1.58,0.2792969,2,False,2,1,0.5
2026-03-06_21.14.01,234,sign-optimization-horizontal-vertical_scenario,611,197,3,5,4,90,90,15,1,135152,AdultFemaleAgent(Clone),10,12,1.58,1.45,4,1,True,3,1,0.3333333
2026-03-06_21.14.01,234,sign-optimization-horizontal-vertical_scenario,611,197,3,5,4,90,90,15,1,135153,WheelchairAgent(Clone),7,11,1.3,1.17,4.930664,2,True,2,1,0.5
2026-03-06_21.14.01,234,sign-optimization-horizontal-vertical_scenario,611,197,3,5,4,90,90,15,1,135154,WheelchairAgent(Clone),6,12,1.3,1.17,6.699219,1,True,2,1,0.5
2026-03-06_21.14.01,234,sign-optimization-horizontal-vertical_scenario,611,197,3,5,4,90,90,15,1,135155,AdultFemaleAgent(Clone),5,10,1.58,1.45,0,0,False,2,0,0
2026-03-06_21.14.01,234,sign-optimization-horizontal-vertical_scenario,611,197,3,5,4,90,90,15,1,135156,WheelchairAgent(Clone),11,10,1.3,1.17,1.532227,1,False,3,1,0.3333333
2026-03-06_21.14.01,234,sign-optimization-horizontal-vertical_scenario,611,197,3,5,4,90,90,15,1,135157,AdultMaleAgent(Clone),11,10,1.71,1.58,1.837891,1,False,3,1,0.3333333
2026-03-06_21.14.01,234,sign-optimization-horizontal-vertical_scenario,611,197,3,5,4,90,90,15,1,135158,AdultMaleAgent(Clone),7,11,1.71,1.58,5.451172,2,True,2,1,0.5
2026-03-06_21.14.01,234,sign-optimization-horizontal-vertical_scenario,611,197,3,5,4,90,90,15,1,135159,AdultMaleAgent(Clone),6,12,1.71,1.58,5.234375,1,True,2,1,0.5
2026-03-06_21.14.01,234,sign-optimization-horizontal-vertical_scenario,611,197,3,5,4,90,90,15,1,135160,AdultMaleAgent(Clone),6,12,1.71,1.58,4.125977,1,False,2,1,0.5
2026-03-06_21.14.01,234,sign-optimization-horizontal-vertical_scenario,611,197,3,5,4,90,90,15,1,135161,AdultMaleAgent(Clone),6,12,1.71,1.58,8.882813,1,True,2,1,0.5
2026-03-06_21.14.01,234,sign-optimization-horizontal-vertical_scenario,611,197,3,5,4,90,90,15,1,135162,AdultFemaleAgent(Clone),6,12,1.58,1.45,6.006836,1,True,2,1,0.5
2026-03-06_21.14.01,234,sign-optimization-horizontal-vertical_scenario,611,197,3,5,4,90,90,15,1,135163,AdultFemaleAgent(Clone),7,11,1.58,1.450001,0,0,False,2,0,0
2026-03-06_21.14.01,234,sign-optimization-horizontal-vertical_scenario,611,197,3,5,4,90,90,15,1,135164,WheelchairAgent(Clone),5,10,1.3,1.17,7.552734,1,False,2,0,0
2026-03-06_21.14.01,234,sign-optimization-horizontal-vertical_scenario,611,197,3,5,4,90,90,15,1,135165,WheelchairAgent(Clone),7,11,1.3,1.17,1.000977,2,True,2,1,0.5
2026-03-06_21.14.01,234,sign-optimization-horizontal-vertical_scenario,611,197,3,5,4,90,90,15,1,135166,AdultMaleAgent(Clone),11,10,1.71,1.58,1.338867,1,False,3,1,0.3333333
2026-03-06_21.14.01,234,sign-optimization-horizontal-vertical_scenario,611,197,3,5,4,90,90,15,1,135167,AdultMaleAgent(Clone),10,12,1.71,1.58,6.331055,1,True,3,1,0.3333333
2026-03-06_21.14.01,234,sign-optimization-horizontal-vertical_scenario,611,197,3,5,4,90,90,15,1,135168,AdultFemaleAgent(Clone),11,10,1.58,1.450001,2.092773,1,False,3,1,0.3333333
2026-03-06_21.14.01,234,sign-optimization-horizontal-vertical_scenario,611,197,3,5,4,90,90,15,1,135169,AdultMaleAgent(Clone),10,12,1.71,1.58,7.258789,1,True,3,1,0.3333333
2026-03-06_21.14.01,234,sign-optimization-horizontal-vertical_scenario,611,197,3,5,4,90,90,15,1,135170,AdultMaleAgent(Clone),6,12,1.71,1.58,3.701172,1,False,2,1,0.5
2026-03-06_21.14.01,234,sign-optimization-horizontal-vertical_scenario,611,197,3,5,4,90,90,15,1,135171,WheelchairAgent(Clone),11,10,1.3,1.17,0.2050781,1,False,3,1,0.3333333
2026-03-06_21.14.01,234,sign-optimization-horizontal-vertical_scenario,611,197,3,5,4,90,90,15,1,135172,WheelchairAgent(Clone),11,10,1.3,1.17,6.972656,2,True,3,2,0.6666667
2026-03-06_21.14.01,234,sign-optimization-horizontal-vertical_scenario,611,197,3,5,4,90,90,15,1,135173,AdultMaleAgent(Clone),6,12,1.71,1.58,6.817383,1,True,2,1,0.5
2026-03-06_21.14.01,234,sign-optimization-horizontal-vertical_scenario,611,197,3,5,4,90,90,15,1,135174,AdultFemaleAgent(Clone),7,11,1.58,1.450001,4.536133,2,True,2,1,0.5
2026-03-06_21.14.01,234,sign-optimization-horizontal-vertical_scenario,611,197,3,5,4,90,90,15,1,135175,AdultMaleAgent(Clone),7,11,1.71,1.58,0.2705078,1,False,2,1,0.5
2026-03-06_21.14.01,234,sign-optimization-horizontal-vertical_scenario,611,197,3,5,4,90,90,15,1,135176,AdultMaleAgent(Clone),6,12,1.71,1.58,5.631836,1,True,2,1,0.5
2026-03-06_21.14.01,234,sign-optimization-horizontal-vertical_scenario,611,197,3,5,4,90,90,15,1,135177,AdultFemaleAgent(Clone),7,11,1.58,1.450001,0,0,False,2,0,0
2026-03-06_21.14.01,234,sign-optimization-horizontal-vertical_scenario,611,197,3,5,4,90,90,15,1,135178,WheelchairAgent(Clone),11,10,1.3,1.17,1.273438,1,False,3,1,0.3333333
2026-03-06_21.14.01,234,sign-optimization-horizontal-vertical_scenario,611,197,3,5,4,90,90,15,1,135179,AdultMaleAgent(Clone),6,12,1.71,1.58,3.763672,1,False,2,1,0.5
2026-03-06_21.14.01,234,sign-optimization-horizontal-vertical_scenario,611,197,3,5,4,90,90,15,1,135180,AdultFemaleAgent(Clone),10,12,1.58,1.45,5.291992,1,True,3,1,0.3333333
2026-03-06_21.14.01,234,sign-optimization-horizontal-vertical_scenario,611,197,3,5,4,90,90,15,1,135181,AdultFemaleAgent(Clone),6,12,1.58,1.45,0,0,False,2,0,0
2026-03-06_21.14.01,234,sign-optimization-horizontal-vertical_scenario,611,197,3,5,4,90,90,15,1,135182,AdultMaleAgent(Clone),11,10,1.71,1.58,7.160156,2,True,3,2,0.6666667
2026-03-06_21.14.01,234,sign-optimization-horizontal-vertical_scenario,611,197,3,5,4,90,90,15,1,135183,AdultFemaleAgent(Clone),7,11,1.58,1.450001,0,0,False,2,0,0
2026-03-06_21.14.01,234,sign-optimization-horizontal-vertical_scenario,611,197,3,5,4,90,90,15,1,135184,AdultMaleAgent(Clone),5,10,1.71,1.58,0,0,False,2,0,0
2026-03-06_21.14.01,234,sign-optimization-horizontal-vertical_scenario,611,197,3,5,4,90,90,15,1,135185,AdultMaleAgent(Clone),7,11,1.71,1.58,0.4697266,2,True,2,1,0.5
2026-03-06_21.14.01,234,sign-optimization-horizontal-vertical_scenario,611,197,3,5,4,90,90,15,1,135186,AdultMaleAgent(Clone),7,11,1.71,1.58,0,0,False,2,0,0
2026-03-06_21.14.01,234,sign-optimization-horizontal-vertical_scenario,611,197,3,5,4,90,90,15,1,135187,AdultMaleAgent(Clone),10,12,1.71,1.58,5.727539,1,True,3,1,0.3333333
2026-03-06_21.14.01,234,sign-optimization-horizontal-vertical_scenario,611,197,3,5,4,90,90,15,1,135188,AdultFemaleAgent(Clone),6,12,1.58,1.45,3.461914,1,False,2,1,0.5
2026-03-06_21.14.01,234,sign-optimization-horizontal-vertical_scenario,611,197,3,5,4,90,90,15,1,135189,WheelchairAgent(Clone),5,10,1.3,1.17,6.576172,1,False,2,0,0
2026-03-06_21.14.01,234,sign-optimization-horizontal-vertical_scenario,611,197,3,5,4,90,90,15,1,135190,AdultMaleAgent(Clone),5,10,1.71,1.58,4.053711,1,False,2,0,0
2026-03-06_21.14.01,234,sign-optimization-horizontal-vertical_scenario,611,197,3,5,4,90,90,15,1,135191,AdultFemaleAgent(Clone),11,10,1.58,1.450001,12.66797,2,True,3,2,0.6666667
2026-03-06_21.14.01,234,sign-optimization-horizontal-vertical_scenario,611,197,3,5,4,90,90,15,1,135192,WheelchairAgent(Clone),10,12,1.3,1.17,3.982422,1,True,3,1,0.3333333
2026-03-06_21.14.01,234,sign-optimization-horizontal-vertical_scenario,611,197,3,5,4,90,90,15,1,135193,AdultFemaleAgent(Clone),5,10,1.58,1.45,7.413086,1,False,2,0,0
2026-03-06_21.14.01,234,sign-optimization-horizontal-vertical_scenario,611,197,3,5,4,90,90,15,1,135194,AdultFemaleAgent(Clone),10,12,1.58,1.45,5.786133,1,True,3,1,0.3333333
2026-03-06_21.14.01,234,sign-optimization-horizontal-vertical_scenario,611,197,3,5,4,90,90,15,1,135195,AdultFemaleAgent(Clone),11,10,1.58,1.450001,3.599609,2,True,3,1,0.3333333
2026-03-06_21.14.01,234,sign-optimization-horizontal-vertical_scenario,611,197,3,5,4,90,90,15,1,135196,WheelchairAgent(Clone),5,10,1.3,1.17,0,0,False,2,0,0
2026-03-06_21.14.01,234,sign-optimization-horizontal-vertical_scenario,611,197,3,5,4,90,90,15,1,135197,AdultMaleAgent(Clone),6,12,1.71,1.58,5.962891,1,True,2,1,0.5
2026-03-06_21.14.01,234,sign-optimization-horizontal-vertical_scenario,611,197,3,5,4,90,90,15,1,135198,AdultMaleAgent(Clone),7,11,1.71,1.58,1.075195,1,True,2,1,0.5
2026-03-06_21.14.01,234,sign-optimization-horizontal-vertical_scenario,611,197,3,5,4,90,90,15,1,135199,AdultFemaleAgent(Clone),6,12,1.58,1.45,6.575195,1,True,2,1,0.5
2026-03-06_21.14.01,234,sign-optimization-horizontal-vertical_scenario,611,197,3,5,4,90,90,15,1,135200,WheelchairAgent(Clone),5,10,1.3,1.17,0,0,False,2,0,0
2026-03-06_21.14.01,234,sign-optimization-horizontal-vertical_scenario,611,197,3,5,4,90,90,15,1,135201,AdultMaleAgent(Clone),10,12,1.71,1.58,6.668945,1,True,3,1,0.3333333
2026-03-06_21.14.01,234,sign-optimization-horizontal-vertical_scenario,611,197,3,5,4,90,90,15,1,135202,AdultMaleAgent(Clone),7,11,1.71,1.58,0,0,False,2,0,0
2026-03-06_21.14.01,234,sign-optimization-horizontal-vertical_scenario,611,197,3,5,4,90,90,15,1,135203,AdultFemaleAgent(Clone),7,11,1.58,1.450001,0,0,False,2,0,0
2026-03-06_21.14.01,234,sign-optimization-horizontal-vertical_scenario,611,197,3,5,4,90,90,15,1,135204,WheelchairAgent(Clone),6,12,1.3,1.17,2.949219,1,False,2,1,0.5
2026-03-06_21.14.01,234,sign-optimization-horizontal-vertical_scenario,611,197,3,5,4,90,90,15,1,135205,WheelchairAgent(Clone),5,10,1.3,1.17,8.234375,1,False,2,0,0
2026-03-06_21.14.01,234,sign-optimization-horizontal-vertical_scenario,611,197,3,5,4,90,90,15,1,135206,WheelchairAgent(Clone),7,11,1.3,1.17,0.3964844,1,False,2,0,0
2026-03-06_21.14.01,234,sign-optimization-horizontal-vertical_scenario,611,197,3,5,4,90,90,15,1,135207,AdultMaleAgent(Clone),7,11,1.71,1.58,0.6396484,2,False,2,1,0.5
2026-03-06_21.14.01,234,sign-optimization-horizontal-vertical_scenario,611,197,3,5,4,90,90,15,1,135208,AdultFemaleAgent(Clone),5,10,1.58,1.45,5.246094,1,False,2,0,0
2026-03-06_21.14.01,234,sign-optimization-horizontal-vertical_scenario,611,197,3,5,4,90,90,15,1,135209,AdultMaleAgent(Clone),7,11,1.71,1.58,0.0390625,2,True,2,1,0.5
2026-03-06_21.14.01,234,sign-optimization-horizontal-vertical_scenario,611,197,3,5,4,90,90,15,1,135210,AdultFemaleAgent(Clone),10,12,1.58,1.45,5.858398,1,True,3,1,0.3333333
2026-03-06_21.14.01,234,sign-optimization-horizontal-vertical_scenario,611,197,3,5,4,90,90,15,1,135211,AdultMaleAgent(Clone),10,12,1.71,1.58,4.696289,1,True,3,1,0.3333333
2026-03-06_21.14.01,234,sign-optimization-horizontal-vertical_scenario,611,197,3,5,4,90,90,15,1,135212,AdultFemaleAgent(Clone),11,10,1.58,1.450001,0.2460938,1,False,3,1,0.3333333
2026-03-06_21.14.01,234,sign-optimization-horizontal-vertical_scenario,611,197,3,5,4,90,90,15,1,135213,AdultFemaleAgent(Clone),11,10,1.58,1.450001,4.049805,2,True,3,1,0.3333333
2026-03-06_21.14.01,234,sign-optimization-horizontal-vertical_scenario,611,197,3,5,4,90,90,15,1,135214,AdultMaleAgent(Clone),11,10,1.71,1.58,2.003906,2,True,3,2,0.6666667
2026-03-06_21.14.01,234,sign-optimization-horizontal-vertical_scenario,611,197,3,5,4,90,90,15,1,135215,AdultFemaleAgent(Clone),5,10,1.58,1.45,1.602539,1,False,2,0,0
2026-03-06_21.14.01,234,sign-optimization-horizontal-vertical_scenario,611,197,3,5,4,90,90,15,1,135216,AdultMaleAgent(Clone),6,12,1.71,1.58,4.811523,1,True,2,1,0.5
2026-03-06_21.14.01,234,sign-optimization-horizontal-vertical_scenario,611,197,3,5,4,90,90,15,1,135217,AdultFemaleAgent(Clone),11,10,1.58,1.450001,6.211914,2,True,3,2,0.6666667
2026-03-06_21.14.01,234,sign-optimization-horizontal-vertical_scenario,611,197,3,5,4,90,90,15,1,135218,AdultFemaleAgent(Clone),10,12,1.58,1.45,6.866211,1,True,3,1,0.3333333
2026-03-06_21.14.01,234,sign-optimization-horizontal-vertical_scenario,611,197,3,5,4,90,90,15,1,135219,AdultFemaleAgent(Clone),5,10,1.58,1.45,0,0,False,2,0,0
2026-03-06_21.14.01,234,sign-optimization-horizontal-vertical_scenario,611,197,3,5,4,90,90,15,1,135220,WheelchairAgent(Clone),7,11,1.3,1.17,0,0,False,2,0,0
2026-03-06_21.14.01,234,sign-optimization-horizontal-vertical_scenario,611,197,3,5,4,90,90,15,1,135221,AdultFemaleAgent(Clone),11,10,1.58,1.450001,2.257813,1,True,3,2,0.6666667
2026-03-06_21.14.01,234,sign-optimization-horizontal-vertical_scenario,611,197,3,5,4,90,90,15,1,135222,WheelchairAgent(Clone),7,11,1.3,1.17,0,0,False,2,0,0
2026-03-06_21.14.01,234,sign-optimization-horizontal-vertical_scenario,611,197,3,5,4,90,90,15,1,135223,AdultMaleAgent(Clone),11,10,1.71,1.58,1.400391,1,False,3,1,0.3333333
2026-03-06_21.14.01,234,sign-optimization-horizontal-vertical_scenario,611,197,3,5,4,90,90,15,1,135224,AdultFemaleAgent(Clone),10,12,1.58,1.45,4.073242,1,True,3,1,0.3333333
2026-03-06_21.14.01,234,sign-optimization-horizontal-vertical_scenario,611,197,3,5,4,90,90,15,1,135225,AdultFemaleAgent(Clone),6,12,1.58,1.45,4.411133,1,False,2,1,0.5
2026-03-06_21.14.01,234,sign-optimization-horizontal-vertical_scenario,611,197,3,5,4,90,90,15,1,135226,AdultFemaleAgent(Clone),10,12,1.58,1.45,7.99707,1,True,3,1,0.3333333
2026-03-06_21.14.01,234,sign-optimization-horizontal-vertical_scenario,611,197,3,5,4,90,90,15,1,135227,AdultFemaleAgent(Clone),5,10,1.58,1.45,0,0,False,2,0,0
2026-03-06_21.14.01,234,sign-optimization-horizontal-vertical_scenario,611,197,3,5,4,90,90,15,1,135228,WheelchairAgent(Clone),7,11,1.3,1.17,0,0,False,2,0,0
2026-03-06_21.14.01,234,sign-optimization-horizontal-vertical_scenario,611,197,3,5,4,90,90,15,1,135229,WheelchairAgent(Clone),10,12,1.3,1.17,6.021484,1,False,3,0,0
2026-03-06_21.14.01,234,sign-optimization-horizontal-vertical_scenario,611,197,3,5,4,90,90,15,1,135230,AdultMaleAgent(Clone),10,12,1.71,1.58,5.166992,1,True,3,1,0.3333333
2026-03-06_21.14.01,234,sign-optimization-horizontal-vertical_scenario,611,197,3,5,4,90,90,15,1,135231,AdultFemaleAgent(Clone),10,12,1.58,1.45,6.44043,1,True,3,1,0.3333333
2026-03-06_21.14.01,234,sign-optimization-horizontal-vertical_scenario,611,197,3,5,4,90,90,15,1,135232,WheelchairAgent(Clone),10,12,1.3,1.17,5.088867,1,True,3,1,0.3333333
2026-03-06_21.14.01,234,sign-optimization-horizontal-vertical_scenario,611,197,3,5,4,90,90,15,1,135233,AdultMaleAgent(Clone),5,10,1.71,1.58,0,0,False,2,0,0
2026-03-06_21.14.01,234,sign-optimization-horizontal-vertical_scenario,611,197,3,5,4,90,90,15,1,135234,AdultMaleAgent(Clone),7,11,1.71,1.58,0.2871094,2,True,2,1,0.5
2026-03-06_21.14.01,234,sign-optimization-horizontal-vertical_scenario,611,197,3,5,4,90,90,15,1,135235,AdultFemaleAgent(Clone),7,11,1.58,1.450001,0,0,False,2,0,0
2026-03-06_21.14.01,234,sign-optimization-horizontal-vertical_scenario,611,197,3,5,4,90,90,15,1,135236,AdultFemaleAgent(Clone),6,12,1.58,1.45,1.158203,1,False,2,0,0
2026-03-06_21.14.01,234,sign-optimization-horizontal-vertical_scenario,611,197,3,5,4,90,90,15,1,135237,AdultMaleAgent(Clone),5,10,1.71,1.58,0,0,False,2,0,0
2026-03-06_21.14.01,234,sign-optimization-horizontal-vertical_scenario,611,197,3,5,4,90,90,15,1,135238,WheelchairAgent(Clone),6,12,1.3,1.17,2.551758,1,False,2,1,0.5
2026-03-06_21.14.01,234,sign-optimization-horizontal-vertical_scenario,611,197,3,5,4,90,90,15,1,135239,AdultMaleAgent(Clone),6,12,1.71,1.58,3.438477,1,False,2,1,0.5
2026-03-06_21.14.01,234,sign-optimization-horizontal-vertical_scenario,611,197,3,5,4,90,90,15,1,135240,AdultFemaleAgent(Clone),10,12,1.58,1.45,5.879883,1,True,3,1,0.3333333
2026-03-06_21.14.01,234,sign-optimization-horizontal-vertical_scenario,611,197,3,5,4,90,90,15,1,135241,AdultFemaleAgent(Clone),11,10,1.58,1.450001,12.43457,2,True,3,2,0.6666667
2026-03-06_21.14.01,234,sign-optimization-horizontal-vertical_scenario,611,197,3,5,4,90,90,15,1,135242,WheelchairAgent(Clone),7,11,1.3,1.17,0.1357422,2,True,2,1,0.5
2026-03-06_21.14.01,234,sign-optimization-horizontal-vertical_scenario,611,197,3,5,4,90,90,15,1,135243,WheelchairAgent(Clone),10,12,1.3,1.17,6.466797,1,True,3,1,0.3333333
2026-03-06_21.14.01,234,sign-optimization-horizontal-vertical_scenario,611,197,3,5,4,90,90,15,1,135244,AdultFemaleAgent(Clone),6,12,1.58,1.45,5.445313,1,False,2,1,0.5
2026-03-06_21.14.01,234,sign-optimization-horizontal-vertical_scenario,611,197,3,5,4,90,90,15,1,135245,AdultMaleAgent(Clone),11,10,1.71,1.58,1.170898,2,False,3,2,0.6666667
2026-03-06_21.14.01,234,sign-optimization-horizontal-vertical_scenario,611,197,3,5,4,90,90,15,1,135246,AdultFemaleAgent(Clone),11,10,1.58,1.450001,11.26953,2,True,3,1,0.3333333
2026-03-06_21.14.01,234,sign-optimization-horizontal-vertical_scenario,611,197,3,5,4,90,90,15,1,135247,AdultMaleAgent(Clone),11,10,1.71,1.58,1.144531,1,True,3,1,0.3333333
2026-03-06_21.14.01,234,sign-optimization-horizontal-vertical_scenario,611,197,3,5,4,90,90,15,1,135248,WheelchairAgent(Clone),7,11,1.3,1.17,0.1220703,1,False,2,1,0.5
2026-03-06_21.14.01,234,sign-optimization-horizontal-vertical_scenario,611,197,3,5,4,90,90,15,1,135249,AdultFemaleAgent(Clone),10,12,1.58,1.45,6.217773,1,True,3,1,0.3333333
2026-03-06_21.14.01,234,sign-optimization-horizontal-vertical_scenario,611,197,3,5,4,90,90,15,1,135250,WheelchairAgent(Clone),10,12,1.3,1.17,7.511719,1,True,3,1,0.3333333
2026-03-06_21.14.01,234,sign-optimization-horizontal-vertical_scenario,611,197,3,5,4,90,90,15,1,135251,AdultMaleAgent(Clone),6,12,1.71,1.58,4.350586,1,True,2,1,0.5
2026-03-06_21.14.01,234,sign-optimization-horizontal-vertical_scenario,611,197,3,5,4,90,90,15,1,135252,AdultFemaleAgent(Clone),11,10,1.58,1.450001,1.738281,1,False,3,1,0.3333333
2026-03-06_21.14.01,234,sign-optimization-horizontal-vertical_scenario,611,197,3,5,4,90,90,15,1,135253,AdultMaleAgent(Clone),11,10,1.71,1.58,2.379883,1,False,3,1,0.3333333
2026-03-06_21.14.01,234,sign-optimization-horizontal-vertical_scenario,611,197,3,5,4,90,90,15,1,135254,AdultMaleAgent(Clone),11,10,1.71,1.58,9.467773,1,True,3,1,0.3333333
2026-03-06_21.14.01,234,sign-optimization-horizontal-vertical_scenario,611,197,3,5,4,90,90,15,1,135255,WheelchairAgent(Clone),6,12,1.3,1.17,5.128906,1,False,2,0,0
2026-03-06_21.14.01,234,sign-optimization-horizontal-vertical_scenario,611,197,3,5,4,90,90,15,1,135256,AdultMaleAgent(Clone),5,10,1.71,1.58,7.063477,1,False,2,0,0
2026-03-06_21.14.01,234,sign-optimization-horizontal-vertical_scenario,611,197,3,5,4,90,90,15,1,135257,AdultFemaleAgent(Clone),6,12,1.58,1.45,5.048828,1,True,2,1,0.5
2026-03-06_21.14.01,234,sign-optimization-horizontal-vertical_scenario,611,197,3,5,4,90,90,15,1,135258,AdultFemaleAgent(Clone),11,10,1.58,1.450001,1.0625,2,False,3,2,0.6666667
2026-03-06_21.14.01,234,sign-optimization-horizontal-vertical_scenario,611,197,3,5,4,90,90,15,1,135259,WheelchairAgent(Clone),7,11,1.3,1.17,0.09179688,2,True,2,1,0.5
2026-03-06_21.14.01,234,sign-optimization-horizontal-vertical_scenario,611,197,3,5,4,90,90,15,1,135260,AdultFemaleAgent(Clone),5,10,1.58,1.45,5.90918,1,False,2,0,0
2026-03-06_21.14.01,234,sign-optimization-horizontal-vertical_scenario,611,197,3,5,4,90,90,15,1,135261,AdultFemaleAgent(Clone),5,10,1.58,1.45,0,0,False,2,0,0
2026-03-06_21.14.01,234,sign-optimization-horizontal-vertical_scenario,611,197,3,5,4,90,90,15,1,135262,AdultMaleAgent(Clone),6,12,1.71,1.58,3.555664,1,False,2,1,0.5
2026-03-06_21.14.01,234,sign-optimization-horizontal-vertical_scenario,611,197,3,5,4,90,90,15,1,135263,AdultFemaleAgent(Clone),11,10,1.58,1.450001,11.62598,2,True,3,2,0.6666667
2026-03-06_21.14.01,234,sign-optimization-horizontal-vertical_scenario,611,197,3,5,4,90,90,15,1,135264,AdultMaleAgent(Clone),6,12,1.71,1.58,6.669922,1,True,2,1,0.5
2026-03-06_21.14.01,234,sign-optimization-horizontal-vertical_scenario,611,197,3,5,4,90,90,15,1,135265,AdultMaleAgent(Clone),10,12,1.71,1.58,4.595703,1,True,3,1,0.3333333
2026-03-06_21.14.01,234,sign-optimization-horizontal-vertical_scenario,611,197,3,5,4,90,90,15,1,135266,AdultMaleAgent(Clone),11,10,1.71,1.58,2.279297,1,True,3,1,0.3333333
2026-03-06_21.14.01,234,sign-optimization-horizontal-vertical_scenario,611,197,3,5,4,90,90,15,1,135267,WheelchairAgent(Clone),5,10,1.3,1.17,2.788086,1,False,2,0,0
2026-03-06_21.14.01,234,sign-optimization-horizontal-vertical_scenario,611,197,3,5,4,90,90,15,1,135268,WheelchairAgent(Clone),5,10,1.3,1.17,6.964844,1,False,2,0,0
2026-03-06_21.14.01,234,sign-optimization-horizontal-vertical_scenario,611,197,3,5,4,90,90,15,1,135269,AdultMaleAgent(Clone),10,12,1.71,1.58,5.810547,1,True,3,1,0.3333333
2026-03-06_21.14.01,234,sign-optimization-horizontal-vertical_scenario,611,197,3,5,4,90,90,15,1,135270,AdultFemaleAgent(Clone),6,12,1.58,1.45,4.763672,1,False,2,1,0.5
2026-03-06_21.14.01,234,sign-optimization-horizontal-vertical_scenario,611,197,3,5,4,90,90,15,1,135271,AdultFemaleAgent(Clone),5,10,1.58,1.45,0,0,False,2,0,0
2026-03-06_21.14.01,234,sign-optimization-horizontal-vertical_scenario,611,197,3,5,4,90,90,15,1,135272,WheelchairAgent(Clone),10,12,1.3,1.17,6.089844,1,True,3,1,0.3333333
2026-03-06_21.14.01,234,sign-optimization-horizontal-vertical_scenario,611,197,3,5,4,90,90,15,1,135273,AdultMaleAgent(Clone),6,12,1.71,1.58,2.717773,1,False,2,1,0.5
2026-03-06_21.14.01,234,sign-optimization-horizontal-vertical_scenario,611,197,3,5,4,90,90,15,1,135274,AdultFemaleAgent(Clone),7,11,1.58,1.450001,0,0,False,2,0,0
2026-03-06_21.14.01,234,sign-optimization-horizontal-vertical_scenario,611,197,3,5,4,90,90,15,1,135275,AdultMaleAgent(Clone),11,10,1.71,1.58,11.3916,2,True,3,1,0.3333333
2026-03-06_21.14.01,234,sign-optimization-horizontal-vertical_scenario,611,197,3,5,4,90,90,15,1,135276,WheelchairAgent(Clone),10,12,1.3,1.17,5.244141,1,True,3,1,0.3333333
2026-03-06_21.14.01,234,sign-optimization-horizontal-vertical_scenario,611,197,3,5,4,90,90,15,1,135277,AdultMaleAgent(Clone),7,11,1.71,1.58,0.6171875,1,False,2,1,0.5
2026-03-06_21.14.01,234,sign-optimization-horizontal-vertical_scenario,611,197,3,5,4,90,90,15,1,135278,AdultMaleAgent(Clone),10,12,1.71,1.58,5.360352,1,True,3,1,0.3333333
2026-03-06_21.14.01,234,sign-optimization-horizontal-vertical_scenario,611,197,3,5,4,90,90,15,1,135279,AdultMaleAgent(Clone),10,12,1.71,1.58,6.53418,1,True,3,1,0.3333333
2026-03-06_21.14.01,234,sign-optimization-horizontal-vertical_scenario,611,197,3,5,4,90,90,15,1,135280,AdultMaleAgent(Clone),5,10,1.71,1.58,0,0,False,2,0,0
2026-03-06_21.14.01,234,sign-optimization-horizontal-vertical_scenario,611,197,3,5,4,90,90,15,1,135281,AdultMaleAgent(Clone),6,12,1.71,1.58,5,1,True,2,1,0.5
2026-03-06_21.14.01,234,sign-optimization-horizontal-vertical_scenario,611,197,3,5,4,90,90,15,1,135282,WheelchairAgent(Clone),7,11,1.3,1.17,0.1533203,1,False,2,1,0.5
2026-03-06_21.14.01,234,sign-optimization-horizontal-vertical_scenario,611,197,3,5,4,90,90,15,1,135283,AdultMaleAgent(Clone),6,12,1.71,1.58,6.961914,1,True,2,1,0.5
2026-03-06_21.14.01,234,sign-optimization-horizontal-vertical_scenario,611,197,3,5,4,90,90,15,1,135284,AdultMaleAgent(Clone),10,12,1.71,1.58,6.450195,1,True,3,1,0.3333333
2026-03-06_21.14.01,234,sign-optimization-horizontal-vertical_scenario,611,197,3,5,4,90,90,15,1,135285,AdultMaleAgent(Clone),6,12,1.71,1.58,6.210938,1,True,2,1,0.5
2026-03-06_21.14.01,234,sign-optimization-horizontal-vertical_scenario,611,197,3,5,4,90,90,15,1,135286,WheelchairAgent(Clone),10,12,1.3,1.17,3.829102,1,True,3,1,0.3333333
2026-03-06_21.14.01,234,sign-optimization-horizontal-vertical_scenario,611,197,3,5,4,90,90,15,1,135287,AdultMaleAgent(Clone),5,10,1.71,1.58,0,0,False,2,0,0
2026-03-06_21.14.01,234,sign-optimization-horizontal-vertical_scenario,611,197,3,5,4,90,90,15,1,135288,AdultMaleAgent(Clone),5,10,1.71,1.58,0,0,False,2,0,0
2026-03-06_21.14.01,234,sign-optimization-horizontal-vertical_scenario,611,197,3,5,4,90,90,15,1,135289,WheelchairAgent(Clone),10,12,1.3,1.17,4.176758,1,True,3,1,0.3333333
2026-03-06_21.14.01,234,sign-optimization-horizontal-vertical_scenario,611,197,3,5,4,90,90,15,1,135290,AdultMaleAgent(Clone),7,11,1.71,1.58,0.5078125,1,False,2,1,0.5
2026-03-06_21.14.01,234,sign-optimization-horizontal-vertical_scenario,611,197,3,5,4,90,90,15,1,135291,AdultFemaleAgent(Clone),6,12,1.58,1.45,5.089844,1,False,2,1,0.5
2026-03-06_21.14.01,234,sign-optimization-horizontal-vertical_scenario,611,197,3,5,4,90,90,15,1,135292,WheelchairAgent(Clone),5,10,1.3,1.17,0,0,False,2,0,0
2026-03-06_21.14.01,234,sign-optimization-horizontal-vertical_scenario,611,197,3,5,4,90,90,15,1,135293,AdultMaleAgent(Clone),5,10,1.71,1.58,0,0,False,2,0,0
2026-03-06_21.14.01,234,sign-optimization-horizontal-vertical_scenario,611,197,3,5,4,90,90,15,1,135294,WheelchairAgent(Clone),6,12,1.3,1.17,2.09082,1,False,2,0,0
2026-03-06_21.14.01,234,sign-optimization-horizontal-vertical_scenario,611,197,3,5,4,90,90,15,1,135295,WheelchairAgent(Clone),5,10,1.3,1.17,6.024414,1,False,2,0,0
2026-03-06_21.14.01,234,sign-optimization-horizontal-vertical_scenario,611,197,3,5,4,90,90,15,1,135296,AdultMaleAgent(Clone),7,11,1.71,1.58,1.760742,1,True,2,1,0.5
2026-03-06_21.14.01,234,sign-optimization-horizontal-vertical_scenario,611,197,3,5,4,90,90,15,1,135297,AdultMaleAgent(Clone),7,11,1.71,1.58,3.637695,1,True,2,1,0.5
2026-03-06_21.14.01,234,sign-optimization-horizontal-vertical_scenario,611,197,3,5,4,90,90,15,1,135298,WheelchairAgent(Clone),7,11,1.3,1.17,0.453125,1,False,2,1,0.5
2026-03-06_21.14.01,234,sign-optimization-horizontal-vertical_scenario,611,197,3,5,4,90,90,15,1,135299,AdultMaleAgent(Clone),5,10,1.71,1.58,8.180664,1,False,2,0,0
2026-03-06_21.14.01,234,sign-optimization-horizontal-vertical_scenario,611,197,3,5,4,90,90,15,1,135300,AdultFemaleAgent(Clone),10,12,1.58,1.45,7.81543,1,True,3,1,0.3333333
2026-03-06_21.14.01,234,sign-optimization-horizontal-vertical_scenario,611,197,3,5,4,90,90,15,1,135301,AdultFemaleAgent(Clone),5,10,1.58,1.45,8.004883,1,False,2,0,0
2026-03-06_21.14.01,234,sign-optimization-horizontal-vertical_scenario,611,197,3,5,4,90,90,15,1,135302,AdultMaleAgent(Clone),7,11,1.71,1.58,0,0,False,2,0,0
2026-03-06_21.14.01,234,sign-optimization-horizontal-vertical_scenario,611,197,3,5,4,90,90,15,1,135303,WheelchairAgent(Clone),10,12,1.3,1.17,5.569336,1,False,3,0,0
2026-03-06_21.14.01,234,sign-optimization-horizontal-vertical_scenario,611,197,3,5,4,90,90,15,1,135304,AdultFemaleAgent(Clone),7,11,1.58,1.450001,0,0,False,2,0,0
2026-03-06_21.14.01,234,sign-optimization-horizontal-vertical_scenario,611,197,3,5,4,90,90,15,1,135305,AdultMaleAgent(Clone),5,10,1.71,1.58,5.783203,1,False,2,0,0
2026-03-06_21.14.01,234,sign-optimization-horizontal-vertical_scenario,611,197,3,5,4,90,90,15,1,135306,WheelchairAgent(Clone),6,12,1.3,1.17,8.819336,1,True,2,1,0.5
2026-03-06_21.14.01,234,sign-optimization-horizontal-vertical_scenario,611,197,3,5,4,90,90,15,1,135307,AdultFemaleAgent(Clone),5,10,1.58,1.45,0,0,False,2,0,0
2026-03-06_21.14.01,234,sign-optimization-horizontal-vertical_scenario,611,197,3,5,4,90,90,15,1,135308,WheelchairAgent(Clone),6,12,1.3,1.17,2.449219,1,False,2,1,0.5
2026-03-06_21.14.01,234,sign-optimization-horizontal-vertical_scenario,611,197,3,5,4,90,90,15,1,135309,AdultFemaleAgent(Clone),5,10,1.58,1.45,0,0,False,2,0,0
2026-03-06_21.14.01,234,sign-optimization-horizontal-vertical_scenario,611,197,3,5,4,90,90,15,1,135310,AdultMaleAgent(Clone),5,10,1.71,1.58,8.279297,1,False,2,0,0
2026-03-06_21.14.01,234,sign-optimization-horizontal-vertical_scenario,611,197,3,5,4,90,90,15,1,135311,AdultMaleAgent(Clone),6,12,1.71,1.58,3.104492,1,False,2,1,0.5
2026-03-06_21.14.01,234,sign-optimization-horizontal-vertical_scenario,611,197,3,5,4,90,90,15,1,135312,AdultMaleAgent(Clone),7,11,1.71,1.58,0.5664063,1,False,2,1,0.5
2026-03-06_21.14.01,234,sign-optimization-horizontal-vertical_scenario,611,197,3,5,4,90,90,15,1,135313,AdultMaleAgent(Clone),10,12,1.71,1.58,5.527344,1,True,3,1,0.3333333
2026-03-06_21.14.01,234,sign-optimization-horizontal-vertical_scenario,611,197,3,5,4,90,90,15,1,135314,AdultMaleAgent(Clone),10,12,1.71,1.58,7.089844,1,True,3,1,0.3333333
2026-03-06_21.14.01,234,sign-optimization-horizontal-vertical_scenario,611,197,3,5,4,90,90,15,1,135315,AdultFemaleAgent(Clone),7,11,1.58,1.450001,1.819336,1,True,2,1,0.5
2026-03-06_21.14.01,234,sign-optimization-horizontal-vertical_scenario,611,197,3,5,4,90,90,15,1,135316,WheelchairAgent(Clone),7,11,1.3,1.17,0,0,False,2,0,0
2026-03-06_21.14.01,234,sign-optimization-horizontal-vertical_scenario,611,197,3,5,4,90,90,15,1,135317,AdultFemaleAgent(Clone),7,11,1.58,1.450001,2.191406,1,True,2,1,0.5
2026-03-06_21.14.01,234,sign-optimization-horizontal-vertical_scenario,611,197,3,5,4,90,90,15,1,135318,AdultMaleAgent(Clone),11,10,1.71,1.58,12.07227,2,True,3,2,0.6666667
2026-03-06_21.14.01,234,sign-optimization-horizontal-vertical_scenario,611,197,3,5,4,90,90,15,1,135319,AdultMaleAgent(Clone),5,10,1.71,1.58,0,0,False,2,0,0
2026-03-06_21.14.01,234,sign-optimization-horizontal-vertical_scenario,611,197,3,5,4,90,90,15,1,135320,AdultFemaleAgent(Clone),6,12,1.58,1.45,5.643555,1,True,2,1,0.5
2026-03-06_21.14.01,234,sign-optimization-horizontal-vertical_scenario,611,197,3,5,4,90,90,15,1,135321,WheelchairAgent(Clone),7,11,1.3,1.17,1.415039,1,True,2,1,0.5
2026-03-06_21.14.01,234,sign-optimization-horizontal-vertical_scenario,611,197,3,5,4,90,90,15,1,135322,AdultMaleAgent(Clone),11,10,1.71,1.58,1.724609,1,False,3,1,0.3333333
2026-03-06_21.14.01,234,sign-optimization-horizontal-vertical_scenario,611,197,3,5,4,90,90,15,1,135323,AdultMaleAgent(Clone),7,11,1.71,1.58,1.87793,1,True,2,1,0.5
2026-03-06_21.14.01,234,sign-optimization-horizontal-vertical_scenario,611,197,3,5,4,90,90,15,1,135324,AdultMaleAgent(Clone),10,12,1.71,1.58,4.238281,1,True,3,1,0.3333333
2026-03-06_21.14.01,234,sign-optimization-horizontal-vertical_scenario,611,197,3,5,4,90,90,15,1,135325,AdultMaleAgent(Clone),6,12,1.71,1.58,3.978516,1,False,2,1,0.5
2026-03-06_21.14.01,234,sign-optimization-horizontal-vertical_scenario,611,197,3,5,4,90,90,15,1,135326,WheelchairAgent(Clone),11,10,1.3,1.17,0.7490234,2,False,3,2,0.6666667
2026-03-06_21.14.01,234,sign-optimization-horizontal-vertical_scenario,611,197,3,5,4,90,90,15,1,135327,WheelchairAgent(Clone),6,12,1.3,1.17,0,0,False,2,0,0
2026-03-06_21.14.01,234,sign-optimization-horizontal-vertical_scenario,611,197,3,5,4,90,90,15,1,135328,AdultMaleAgent(Clone),11,10,1.71,1.58,11.19043,3,True,3,2,0.6666667
2026-03-06_21.14.01,234,sign-optimization-horizontal-vertical_scenario,611,197,3,5,4,90,90,15,1,135329,WheelchairAgent(Clone),7,11,1.3,1.17,0,0,False,2,0,0
2026-03-06_21.14.01,234,sign-optimization-horizontal-vertical_scenario,611,197,3,5,4,90,90,15,1,135330,AdultMaleAgent(Clone),5,10,1.71,1.58,6.060547,1,False,2,0,0
2026-03-06_21.14.01,234,sign-optimization-horizontal-vertical_scenario,611,197,3,5,4,90,90,15,1,135331,WheelchairAgent(Clone),6,12,1.3,1.17,2.349609,1,False,2,1,0.5
2026-03-06_21.14.01,234,sign-optimization-horizontal-vertical_scenario,611,197,3,5,4,90,90,15,1,135332,WheelchairAgent(Clone),5,10,1.3,1.17,6.723633,1,False,2,0,0
2026-03-06_21.14.01,234,sign-optimization-horizontal-vertical_scenario,611,197,3,5,4,90,90,15,1,135333,AdultFemaleAgent(Clone),11,10,1.58,1.450001,10.11133,2,True,3,2,0.6666667
2026-03-06_21.14.01,234,sign-optimization-horizontal-vertical_scenario,611,197,3,5,4,90,90,15,1,135334,AdultFemaleAgent(Clone),11,10,1.58,1.450001,10.19238,2,True,3,2,0.6666667
2026-03-06_21.14.01,234,sign-optimization-horizontal-vertical_scenario,611,197,3,5,4,90,90,15,1,135335,AdultFemaleAgent(Clone),11,10,1.58,1.450001,2.517578,2,True,3,2,0.6666667
2026-03-06_21.14.01,234,sign-optimization-horizontal-vertical_scenario,611,197,3,5,4,90,90,15,1,135336,AdultFemaleAgent(Clone),7,11,1.58,1.450001,1.024414,1,True,2,1,0.5
2026-03-06_21.14.01,234,sign-optimization-horizontal-vertical_scenario,611,197,3,5,4,90,90,15,1,135337,AdultFemaleAgent(Clone),6,12,1.58,1.45,5.342773,1,True,2,1,0.5
2026-03-06_21.14.01,234,sign-optimization-horizontal-vertical_scenario,611,197,3,5,4,90,90,15,1,135338,AdultFemaleAgent(Clone),11,10,1.58,1.450001,3.34375,2,True,3,2,0.6666667
2026-03-06_21.14.01,234,sign-optimization-horizontal-vertical_scenario,611,197,3,5,4,90,90,15,1,135339,AdultFemaleAgent(Clone),7,11,1.58,1.450001,0,0,False,2,0,0
2026-03-06_21.14.01,234,sign-optimization-horizontal-vertical_scenario,611,197,3,5,4,90,90,15,1,135340,WheelchairAgent(Clone),10,12,1.3,1.17,6.357422,1,False,3,1,0.3333333
2026-03-06_21.14.01,234,sign-optimization-horizontal-vertical_scenario,611,197,3,5,4,90,90,15,1,135341,WheelchairAgent(Clone),7,11,1.3,1.17,0,0,False,2,0,0
2026-03-06_21.14.01,234,sign-optimization-horizontal-vertical_scenario,611,197,3,5,4,90,90,15,1,135342,WheelchairAgent(Clone),10,12,1.3,1.17,3.801758,1,True,3,1,0.3333333
2026-03-06_21.14.01,234,sign-optimization-horizontal-vertical_scenario,611,197,3,5,4,90,90,15,1,135343,AdultFemaleAgent(Clone),7,11,1.58,1.450001,3.646484,1,True,2,1,0.5
2026-03-06_21.14.01,234,sign-optimization-horizontal-vertical_scenario,611,197,3,5,4,90,90,15,1,135344,AdultMaleAgent(Clone),7,11,1.71,1.58,0,0,False,2,0,0
2026-03-06_21.14.01,234,sign-optimization-horizontal-vertical_scenario,611,197,3,5,4,90,90,15,1,135345,AdultMaleAgent(Clone),7,11,1.71,1.58,0.3857422,1,False,2,1,0.5
2026-03-06_21.14.01,234,sign-optimization-horizontal-vertical_scenario,611,197,3,5,4,90,90,15,1,135346,AdultFemaleAgent(Clone),10,12,1.58,1.45,5.978516,1,True,3,1,0.3333333
2026-03-06_21.14.01,234,sign-optimization-horizontal-vertical_scenario,611,197,3,5,4,90,90,15,1,135347,WheelchairAgent(Clone),7,11,1.3,1.17,0.2001953,1,False,2,1,0.5
2026-03-06_21.14.01,234,sign-optimization-horizontal-vertical_scenario,611,197,3,5,4,90,90,15,1,135348,AdultMaleAgent(Clone),6,12,1.71,1.58,8.817383,1,True,2,1,0.5
2026-03-06_21.14.01,234,sign-optimization-horizontal-vertical_scenario,611,197,3,5,4,90,90,15,1,135349,AdultFemaleAgent(Clone),6,12,1.58,1.45,4.837891,1,False,2,1,0.5
2026-03-06_21.14.01,234,sign-optimization-horizontal-vertical_scenario,611,197,3,5,4,90,90,15,1,135350,WheelchairAgent(Clone),11,10,1.3,1.17,0.04492188,2,True,3,2,0.6666667
2026-03-06_21.14.01,234,sign-optimization-horizontal-vertical_scenario,611,197,3,5,4,90,90,15,1,135351,AdultMaleAgent(Clone),5,10,1.71,1.58,4.753906,1,False,2,0,0
2026-03-06_21.14.01,234,sign-optimization-horizontal-vertical_scenario,611,197,3,5,4,90,90,15,1,135352,AdultFemaleAgent(Clone),11,10,1.58,1.450001,2.088867,2,True,3,2,0.6666667
2026-03-06_21.14.01,234,sign-optimization-horizontal-vertical_scenario,611,197,3,5,4,90,90,15,1,135353,WheelchairAgent(Clone),7,11,1.3,1.17,0.640625,1,False,2,1,0.5
2026-03-06_21.14.01,234,sign-optimization-horizontal-vertical_scenario,611,197,3,5,4,90,90,15,1,135354,WheelchairAgent(Clone),10,12,1.3,1.17,3.115234,1,True,3,1,0.3333333
2026-03-06_21.14.01,234,sign-optimization-horizontal-vertical_scenario,611,197,3,5,4,90,90,15,1,135355,AdultMaleAgent(Clone),10,12,1.71,1.58,6.637695,1,True,3,1,0.3333333
2026-03-06_21.14.01,234,sign-optimization-horizontal-vertical_scenario,611,197,3,5,4,90,90,15,1,135356,WheelchairAgent(Clone),10,12,1.3,1.17,4.706055,1,True,3,1,0.3333333
2026-03-06_21.14.01,234,sign-optimization-horizontal-vertical_scenario,611,197,3,5,4,90,90,15,1,135357,AdultMaleAgent(Clone),5,10,1.71,1.58,0,0,False,2,0,0
2026-03-06_21.14.01,234,sign-optimization-horizontal-vertical_scenario,611,197,3,5,4,90,90,15,1,135358,AdultFemaleAgent(Clone),5,10,1.58,1.45,0,0,False,2,0,0
2026-03-06_21.14.01,234,sign-optimization-horizontal-vertical_scenario,611,197,3,5,4,90,90,15,1,135359,AdultFemaleAgent(Clone),5,10,1.58,1.45,4.521484,1,False,2,0,0
2026-03-06_21.14.01,234,sign-optimization-horizontal-vertical_scenario,611,197,3,5,4,90,90,15,1,135360,WheelchairAgent(Clone),7,11,1.3,1.17,0.796875,1,False,2,1,0.5
2026-03-06_21.14.01,234,sign-optimization-horizontal-vertical_scenario,611,197,3,5,4,90,90,15,1,135361,WheelchairAgent(Clone),10,12,1.3,1.17,3.774414,1,True,3,1,0.3333333
2026-03-06_21.14.01,234,sign-optimization-horizontal-vertical_scenario,611,197,3,5,4,90,90,15,1,135362,AdultFemaleAgent(Clone),7,11,1.58,1.450001,1.833008,1,True,2,1,0.5
2026-03-06_21.14.01,234,sign-optimization-horizontal-vertical_scenario,611,197,3,5,4,90,90,15,1,135363,AdultFemaleAgent(Clone),10,12,1.58,1.45,4.384766,1,True,3,1,0.3333333
2026-03-06_21.14.01,234,sign-optimization-horizontal-vertical_scenario,611,197,3,5,4,90,90,15,1,135364,AdultFemaleAgent(Clone),5,10,1.58,1.45,8.319336,1,False,2,0,0
2026-03-06_21.14.01,234,sign-optimization-horizontal-vertical_scenario,611,197,3,5,4,90,90,15,1,135365,WheelchairAgent(Clone),7,11,1.3,1.17,1.129883,1,True,2,1,0.5
2026-03-06_21.14.01,234,sign-optimization-horizontal-vertical_scenario,611,197,3,5,4,90,90,15,1,135366,AdultMaleAgent(Clone),6,12,1.71,1.58,5.041016,1,True,2,1,0.5
2026-03-06_21.14.01,234,sign-optimization-horizontal-vertical_scenario,611,197,3,5,4,90,90,15,1,135367,AdultMaleAgent(Clone),7,11,1.71,1.58,3.457031,1,True,2,1,0.5
2026-03-06_21.14.01,234,sign-optimization-horizontal-vertical_scenario,611,197,3,5,4,90,90,15,1,135368,AdultFemaleAgent(Clone),7,11,1.58,1.450001,1.862305,1,True,2,1,0.5
2026-03-06_21.14.01,234,sign-optimization-horizontal-vertical_scenario,611,197,3,5,4,90,90,15,1,135369,AdultMaleAgent(Clone),7,11,1.71,1.58,1.193359,1,False,2,1,0.5
2026-03-06_21.14.01,234,sign-optimization-horizontal-vertical_scenario,611,197,3,5,4,90,90,15,1,135370,AdultMaleAgent(Clone),5,10,1.71,1.58,0,0,False,2,0,0
2026-03-06_21.14.01,234,sign-optimization-horizontal-vertical_scenario,611,197,3,5,4,90,90,15,1,135371,AdultMaleAgent(Clone),7,11,1.71,1.58,1.955078,1,True,2,1,0.5
2026-03-06_21.14.01,234,sign-optimization-horizontal-vertical_scenario,611,197,3,5,4,90,90,15,1,135372,AdultFemaleAgent(Clone),6,12,1.58,1.45,5.824219,1,True,2,1,0.5
2026-03-06_21.14.01,234,sign-optimization-horizontal-vertical_scenario,611,197,3,5,4,90,90,15,1,135373,WheelchairAgent(Clone),10,12,1.3,1.17,4.899414,1,True,3,1,0.3333333
2026-03-06_21.14.01,234,sign-optimization-horizontal-vertical_scenario,611,197,3,5,4,90,90,15,1,135374,AdultFemaleAgent(Clone),5,10,1.58,1.45,0,0,False,2,0,0
2026-03-06_21.14.01,234,sign-optimization-horizontal-vertical_scenario,611,197,3,5,4,90,90,15,1,135375,AdultFemaleAgent(Clone),11,10,1.58,1.450001,1.813477,2,True,3,2,0.6666667
2026-03-06_21.14.01,234,sign-optimization-horizontal-vertical_scenario,611,197,3,5,4,90,90,15,1,135376,AdultFemaleAgent(Clone),11,10,1.58,1.450001,2.25,1,False,3,1,0.3333333
2026-03-06_21.14.01,234,sign-optimization-horizontal-vertical_scenario,611,197,3,5,4,90,90,15,1,135377,AdultMaleAgent(Clone),7,11,1.71,1.58,1.90918,1,True,2,1,0.5
2026-03-06_21.14.01,234,sign-optimization-horizontal-vertical_scenario,611,197,3,5,4,90,90,15,1,135378,WheelchairAgent(Clone),7,11,1.3,1.17,0,0,False,2,0,0
2026-03-06_21.14.01,234,sign-optimization-horizontal-vertical_scenario,611,197,3,5,4,90,90,15,1,135379,AdultFemaleAgent(Clone),10,12,1.58,1.45,5.629883,1,True,3,1,0.3333333
2026-03-06_21.14.01,234,sign-optimization-horizontal-vertical_scenario,611,197,3,5,4,90,90,15,1,135380,AdultFemaleAgent(Clone),11,10,1.58,1.450001,1.803711,2,True,3,2,0.6666667
2026-03-06_21.14.01,234,sign-optimization-horizontal-vertical_scenario,611,197,3,5,4,90,90,15,1,135381,AdultFemaleAgent(Clone),5,10,1.58,1.45,0,0,False,2,0,0
2026-03-06_21.14.01,234,sign-optimization-horizontal-vertical_scenario,611,197,3,5,4,90,90,15,1,135382,AdultFemaleAgent(Clone),5,10,1.58,1.45,1.641602,1,False,2,0,0
2026-03-06_21.14.01,234,sign-optimization-horizontal-vertical_scenario,611,197,3,5,4,90,90,15,1,135383,AdultFemaleAgent(Clone),6,12,1.58,1.45,4.138672,1,False,2,1,0.5
2026-03-06_21.14.01,234,sign-optimization-horizontal-vertical_scenario,611,197,3,5,4,90,90,15,1,135384,AdultMaleAgent(Clone),7,11,1.71,1.58,1.991211,1,True,2,1,0.5
2026-03-06_21.14.01,234,sign-optimization-horizontal-vertical_scenario,611,197,3,5,4,90,90,15,1,135385,AdultMaleAgent(Clone),6,12,1.71,1.58,3.352539,1,False,2,1,0.5
2026-03-06_21.14.01,234,sign-optimization-horizontal-vertical_scenario,611,197,3,5,4,90,90,15,1,135386,WheelchairAgent(Clone),11,10,1.3,1.17,1.211914,1,False,3,1,0.3333333
2026-03-06_21.14.01,234,sign-optimization-horizontal-vertical_scenario,611,197,3,5,4,90,90,15,1,135387,WheelchairAgent(Clone),5,10,1.3,1.17,4.855469,1,False,2,0,0
2026-03-06_21.14.01,234,sign-optimization-horizontal-vertical_scenario,611,197,3,5,4,90,90,15,1,135388,AdultFemaleAgent(Clone),6,12,1.58,1.45,2.825195,1,False,2,1,0.5
2026-03-06_21.14.01,234,sign-optimization-horizontal-vertical_scenario,611,197,3,5,4,90,90,15,1,135389,AdultMaleAgent(Clone),5,10,1.71,1.58,0,0,False,2,0,0
2026-03-06_21.14.01,234,sign-optimization-horizontal-vertical_scenario,611,197,3,5,4,90,90,15,1,135390,WheelchairAgent(Clone),7,11,1.3,1.17,0,0,False,2,0,0
2026-03-06_21.14.01,234,sign-optimization-horizontal-vertical_scenario,611,197,3,5,4,90,90,15,1,135391,AdultFemaleAgent(Clone),7,11,1.58,1.450001,1.908203,1,True,2,1,0.5
2026-03-06_21.14.01,234,sign-optimization-horizontal-vertical_scenario,611,197,3,5,4,90,90,15,1,135392,AdultFemaleAgent(Clone),7,11,1.58,1.450001,3.880859,1,True,2,1,0.5
2026-03-06_21.14.01,234,sign-optimization-horizontal-vertical_scenario,611,197,3,5,4,90,90,15,1,135393,AdultFemaleAgent(Clone),7,11,1.58,1.450001,1.015625,1,False,2,0,0
2026-03-06_21.14.01,234,sign-optimization-horizontal-vertical_scenario,611,197,3,5,4,90,90,15,1,135394,WheelchairAgent(Clone),7,11,1.3,1.17,0,0,False,2,0,0
2026-03-06_21.14.01,234,sign-optimization-horizontal-vertical_scenario,611,197,3,5,4,90,90,15,1,135395,AdultFemaleAgent(Clone),10,12,1.58,1.45,5.378906,1,True,3,1,0.3333333
2026-03-06_21.14.01,234,sign-optimization-horizontal-vertical_scenario,611,197,3,5,4,90,90,15,1,135396,WheelchairAgent(Clone),7,11,1.3,1.17,0,0,False,2,0,0
2026-03-06_21.14.01,234,sign-optimization-horizontal-vertical_scenario,611,197,3,5,4,90,90,15,1,135397,AdultFemaleAgent(Clone),6,12,1.58,1.45,2.959961,1,False,2,1,0.5
2026-03-06_21.14.01,234,sign-optimization-horizontal-vertical_scenario,611,197,3,5,4,90,90,15,1,135398,AdultFemaleAgent(Clone),7,11,1.58,1.450001,0,0,False,2,0,0
2026-03-06_21.14.01,234,sign-optimization-horizontal-vertical_scenario,611,197,3,5,4,90,90,15,1,135399,WheelchairAgent(Clone),5,10,1.3,1.17,6.699219,1,False,2,0,0
2026-03-06_21.14.01,234,sign-optimization-horizontal-vertical_scenario,611,197,3,5,4,90,90,15,1,135400,AdultFemaleAgent(Clone),11,10,1.58,1.450001,2.235352,1,False,3,1,0.3333333
2026-03-06_21.14.01,234,sign-optimization-horizontal-vertical_scenario,611,197,3,5,4,90,90,15,1,135401,AdultFemaleAgent(Clone),11,10,1.58,1.450001,2.09668,1,False,3,1,0.3333333
2026-03-06_21.14.01,234,sign-optimization-horizontal-vertical_scenario,611,197,3,5,4,90,90,15,1,135402,AdultMaleAgent(Clone),7,11,1.71,1.58,1.581055,1,True,2,1,0.5
2026-03-06_21.14.01,234,sign-optimization-horizontal-vertical_scenario,611,197,3,5,4,90,90,15,1,135403,AdultMaleAgent(Clone),10,12,1.71,1.58,5.40918,1,True,3,1,0.3333333
2026-03-06_21.14.01,234,sign-optimization-horizontal-vertical_scenario,611,197,3,5,4,90,90,15,1,135404,AdultFemaleAgent(Clone),10,12,1.58,1.45,6.394531,1,True,3,1,0.3333333
2026-03-06_21.14.01,234,sign-optimization-horizontal-vertical_scenario,611,197,3,5,4,90,90,15,1,135405,AdultMaleAgent(Clone),7,11,1.71,1.58,0.09179688,1,False,2,1,0.5
2026-03-06_21.14.01,234,sign-optimization-horizontal-vertical_scenario,611,197,3,5,4,90,90,15,1,135406,AdultMaleAgent(Clone),10,12,1.71,1.58,6.681641,1,True,3,1,0.3333333
2026-03-06_21.14.01,234,sign-optimization-horizontal-vertical_scenario,611,197,3,5,4,90,90,15,1,135407,AdultFemaleAgent(Clone),10,12,1.58,1.45,5.726563,1,True,3,1,0.3333333
2026-03-06_21.14.01,234,sign-optimization-horizontal-vertical_scenario,611,197,3,5,4,90,90,15,1,135408,WheelchairAgent(Clone),6,12,1.3,1.17,4.329102,1,False,2,0,0
2026-03-06_21.14.01,234,sign-optimization-horizontal-vertical_scenario,611,197,3,5,4,90,90,15,1,135409,AdultFemaleAgent(Clone),5,10,1.58,1.45,0.6396484,1,False,2,0,0
2026-03-06_21.14.01,234,sign-optimization-horizontal-vertical_scenario,611,197,3,5,4,90,90,15,1,135410,AdultMaleAgent(Clone),10,12,1.71,1.58,4.183594,1,True,3,1,0.3333333
2026-03-06_21.14.01,234,sign-optimization-horizontal-vertical_scenario,611,197,3,5,4,90,90,15,1,135411,AdultFemaleAgent(Clone),7,11,1.58,1.450001,2.217773,1,True,2,1,0.5
2026-03-06_21.14.01,234,sign-optimization-horizontal-vertical_scenario,611,197,3,5,4,90,90,15,1,135412,AdultFemaleAgent(Clone),7,11,1.58,1.450001,0,0,False,2,0,0
2026-03-06_21.14.01,234,sign-optimization-horizontal-vertical_scenario,611,197,3,5,4,90,90,15,1,135413,AdultFemaleAgent(Clone),6,12,1.58,1.45,4.44043,1,False,2,1,0.5
2026-03-06_21.14.01,234,sign-optimization-horizontal-vertical_scenario,611,197,3,5,4,90,90,15,1,135414,AdultMaleAgent(Clone),10,12,1.71,1.58,6.326172,1,True,3,1,0.3333333
2026-03-06_21.14.01,234,sign-optimization-horizontal-vertical_scenario,611,197,3,5,4,90,90,15,1,135415,WheelchairAgent(Clone),7,11,1.3,1.17,0.4199219,1,False,2,1,0.5
2026-03-06_21.14.01,234,sign-optimization-horizontal-vertical_scenario,611,197,3,5,4,90,90,15,1,135416,AdultFemaleAgent(Clone),5,10,1.58,1.45,0,0,False,2,0,0
2026-03-06_21.14.01,234,sign-optimization-horizontal-vertical_scenario,611,197,3,5,4,90,90,15,1,135417,AdultFemaleAgent(Clone),10,12,1.58,1.45,4.808594,1,True,3,1,0.3333333
2026-03-06_21.14.01,234,sign-optimization-horizontal-vertical_scenario,611,197,3,5,4,90,90,15,1,135418,WheelchairAgent(Clone),7,11,1.3,1.17,1.553711,1,True,2,1,0.5
2026-03-06_21.14.01,234,sign-optimization-horizontal-vertical_scenario,611,197,3,5,4,90,90,15,1,135419,WheelchairAgent(Clone),5,10,1.3,1.17,0,0,False,2,0,0
2026-03-06_21.14.01,234,sign-optimization-horizontal-vertical_scenario,611,197,3,5,4,90,90,15,1,135420,WheelchairAgent(Clone),5,10,1.3,1.17,0,0,False,2,0,0
2026-03-06_21.14.01,234,sign-optimization-horizontal-vertical_scenario,611,197,3,5,4,90,90,15,1,135421,AdultMaleAgent(Clone),7,11,1.71,1.58,0.90625,1,False,2,1,0.5
2026-03-06_21.14.01,234,sign-optimization-horizontal-vertical_scenario,611,197,3,5,4,90,90,15,1,135422,WheelchairAgent(Clone),6,12,1.3,1.17,2.921875,1,False,2,1,0.5
2026-03-06_21.14.01,234,sign-optimization-horizontal-vertical_scenario,611,197,3,5,4,90,90,15,1,135423,AdultFemaleAgent(Clone),6,12,1.58,1.45,1.625,1,False,2,0,0
2026-03-06_21.14.01,234,sign-optimization-horizontal-vertical_scenario,611,197,3,5,4,90,90,15,1,135424,WheelchairAgent(Clone),5,10,1.3,1.17,0,0,False,2,0,0
2026-03-06_21.14.01,234,sign-optimization-horizontal-vertical_scenario,611,197,3,5,4,90,90,15,1,135425,AdultMaleAgent(Clone),10,12,1.71,1.58,5.220703,1,True,3,1,0.3333333
2026-03-06_21.14.01,234,sign-optimization-horizontal-vertical_scenario,611,197,3,5,4,90,90,15,1,135426,AdultFemaleAgent(Clone),6,12,1.58,1.45,5.713867,1,True,2,1,0.5
2026-03-06_21.14.01,234,sign-optimization-horizontal-vertical_scenario,611,197,3,5,4,90,90,15,1,135427,AdultFemaleAgent(Clone),10,12,1.58,1.45,0,0,True,3,1,0.3333333
2026-03-06_21.14.01,234,sign-optimization-horizontal-vertical_scenario,611,197,3,5,4,90,90,15,1,135428,AdultMaleAgent(Clone),5,10,1.71,1.58,0,0,False,2,0,0
2026-03-06_21.14.01,234,sign-optimization-horizontal-vertical_scenario,611,197,3,5,4,90,90,15,1,135429,AdultFemaleAgent(Clone),11,10,1.58,1.450001,2.399414,2,True,3,2,0.6666667
2026-03-06_21.14.01,234,sign-optimization-horizontal-vertical_scenario,611,197,3,5,4,90,90,15,1,135430,AdultMaleAgent(Clone),10,12,1.71,1.58,6.02832,1,True,3,1,0.3333333
2026-03-06_21.14.01,234,sign-optimization-horizontal-vertical_scenario,611,197,3,5,4,90,90,15,1,135431,WheelchairAgent(Clone),7,11,1.3,1.17,1.886719,1,True,2,1,0.5
2026-03-06_21.14.01,234,sign-optimization-horizontal-vertical_scenario,611,197,3,5,4,90,90,15,1,135432,WheelchairAgent(Clone),5,10,1.3,1.17,0,0,False,2,0,0
2026-03-06_21.14.01,234,sign-optimization-horizontal-vertical_scenario,611,197,3,5,4,90,90,15,1,135433,AdultFemaleAgent(Clone),11,10,1.58,1.450001,3.014648,1,False,3,1,0.3333333
2026-03-06_21.14.01,234,sign-optimization-horizontal-vertical_scenario,611,197,3,5,4,90,90,15,1,135434,AdultFemaleAgent(Clone),11,10,1.58,1.450001,3.355469,1,False,3,1,0.3333333
2026-03-06_21.14.01,234,sign-optimization-horizontal-vertical_scenario,611,197,3,5,4,90,90,15,1,135435,WheelchairAgent(Clone),7,11,1.3,1.17,0,0,False,2,0,0
2026-03-06_21.14.01,234,sign-optimization-horizontal-vertical_scenario,611,197,3,5,4,90,90,15,1,135436,WheelchairAgent(Clone),6,12,1.3,1.17,0,0,False,2,1,0.5
2026-03-06_21.14.01,234,sign-optimization-horizontal-vertical_scenario,611,197,3,5,4,90,90,15,1,135437,AdultFemaleAgent(Clone),7,11,1.58,1.450001,0.1210938,1,False,2,1,0.5
2026-03-06_21.14.01,234,sign-optimization-horizontal-vertical_scenario,611,197,3,5,4,90,90,15,1,135438,AdultFemaleAgent(Clone),7,11,1.58,1.450001,1.095703,1,True,2,1,0.5
2026-03-06_21.14.01,234,sign-optimization-horizontal-vertical_scenario,611,197,3,5,4,90,90,15,1,135439,AdultMaleAgent(Clone),11,10,1.71,1.58,2.248047,1,False,3,1,0.3333333
2026-03-06_21.14.01,234,sign-optimization-horizontal-vertical_scenario,611,197,3,5,4,90,90,15,1,135440,AdultFemaleAgent(Clone),11,10,1.58,1.450001,2.201172,1,False,3,1,0.3333333
2026-03-06_21.14.01,234,sign-optimization-horizontal-vertical_scenario,611,197,3,5,4,90,90,15,1,135441,WheelchairAgent(Clone),6,12,1.3,1.17,1.780273,1,False,2,0,0
2026-03-06_21.14.01,234,sign-optimization-horizontal-vertical_scenario,611,197,3,5,4,90,90,15,1,135442,AdultMaleAgent(Clone),6,12,1.71,1.58,0,0,False,2,1,0.5
2026-03-06_21.14.01,234,sign-optimization-horizontal-vertical_scenario,611,197,3,5,4,90,90,15,1,135443,WheelchairAgent(Clone),5,10,1.3,1.17,0,0,False,2,0,0
2026-03-06_21.14.01,234,sign-optimization-horizontal-vertical_scenario,611,197,3,5,4,90,90,15,1,135444,WheelchairAgent(Clone),10,12,1.3,1.17,0,0,True,3,1,0.3333333
2026-03-06_21.14.01,234,sign-optimization-horizontal-vertical_scenario,611,197,3,5,4,90,90,15,1,135445,WheelchairAgent(Clone),5,10,1.3,1.17,0,0,False,2,0,0
2026-03-06_21.14.01,234,sign-optimization-horizontal-vertical_scenario,611,197,3,5,4,90,90,15,1,135446,AdultFemaleAgent(Clone),6,12,1.58,1.45,0,0,True,2,1,0.5
2026-03-06_21.14.01,234,sign-optimization-horizontal-vertical_scenario,611,197,3,5,4,90,90,15,1,135447,WheelchairAgent(Clone),5,10,1.3,1.17,0,0,False,2,0,0
2026-03-06_21.14.01,234,sign-optimization-horizontal-vertical_scenario,611,197,3,5,4,90,90,15,1,135448,WheelchairAgent(Clone),5,10,1.3,1.17,0,0,False,2,0,0
2026-03-06_21.14.01,234,sign-optimization-horizontal-vertical_scenario,611,197,3,5,4,90,90,15,1,135449,AdultMaleAgent(Clone),11,10,1.71,1.58,0.7519531,1,False,3,1,0.3333333
2026-03-06_21.14.01,234,sign-optimization-horizontal-vertical_scenario,611,197,3,5,4,90,90,15,1,135450,AdultFemaleAgent(Clone),6,12,1.58,1.45,0,0,True,2,1,0.5
2026-03-06_21.14.01,234,sign-optimization-horizontal-vertical_scenario,611,197,3,5,4,90,90,15,1,135451,AdultMaleAgent(Clone),5,10,1.71,1.58,0,0,False,2,0,0
2026-03-06_21.14.01,234,sign-optimization-horizontal-vertical_scenario,611,197,3,5,4,90,90,15,1,135452,WheelchairAgent(Clone),5,10,1.3,1.17,0,0,False,2,0,0
2026-03-06_21.14.01,234,sign-optimization-horizontal-vertical_scenario,611,197,3,5,4,90,90,15,1,135453,WheelchairAgent(Clone),6,12,1.3,1.17,0,0,True,2,1,0.5
2026-03-06_21.14.01,234,sign-optimization-horizontal-vertical_scenario,611,197,3,5,4,90,90,15,1,135454,WheelchairAgent(Clone),10,12,1.3,1.17,0,0,True,3,1,0.3333333
2026-03-06_21.14.01,234,sign-optimization-horizontal-vertical_scenario,611,197,3,5,4,90,90,15,1,135455,AdultMaleAgent(Clone),7,11,1.71,1.58,1,1,True,2,1,0.5
2026-03-06_21.14.01,234,sign-optimization-horizontal-vertical_scenario,611,197,3,5,4,90,90,15,1,135456,WheelchairAgent(Clone),11,10,1.3,1.17,3.615234,1,False,3,0,0
2026-03-06_21.14.01,234,sign-optimization-horizontal-vertical_scenario,611,197,3,5,4,90,90,15,1,135457,AdultMaleAgent(Clone),7,11,1.71,1.58,0,0,False,2,1,0.5
2026-03-06_21.14.01,234,sign-optimization-horizontal-vertical_scenario,611,197,3,5,4,90,90,15,1,135458,WheelchairAgent(Clone),10,12,1.3,1.17,0,0,True,3,1,0.3333333
2026-03-06_21.14.01,234,sign-optimization-horizontal-vertical_scenario,611,197,3,5,4,90,90,15,1,135459,WheelchairAgent(Clone),11,10,1.3,1.17,2.313477,1,False,3,1,0.3333333
2026-03-06_21.14.01,234,sign-optimization-horizontal-vertical_scenario,611,197,3,5,4,90,90,15,1,135460,WheelchairAgent(Clone),11,10,1.3,1.17,2.157227,1,False,3,1,0.3333333
2026-03-06_21.14.01,234,sign-optimization-horizontal-vertical_scenario,611,197,3,5,4,90,90,15,1,135461,AdultFemaleAgent(Clone),10,12,1.58,1.45,0,0,True,3,1,0.3333333
2026-03-06_21.14.01,234,sign-optimization-horizontal-vertical_scenario,611,197,3,5,4,90,90,15,1,135462,AdultMaleAgent(Clone),6,12,1.71,1.58,2.595703,1,False,2,1,0.5
2026-03-06_21.14.01,234,sign-optimization-horizontal-vertical_scenario,611,197,3,5,4,90,90,15,1,135463,WheelchairAgent(Clone),7,11,1.3,1.17,0,0,False,2,0,0
2026-03-06_21.14.01,234,sign-optimization-horizontal-vertical_scenario,611,197,3,5,4,90,90,15,1,135464,WheelchairAgent(Clone),11,10,1.3,1.17,2.475586,1,False,3,0,0
2026-03-06_21.14.01,234,sign-optimization-horizontal-vertical_scenario,611,197,3,5,4,90,90,15,1,135465,AdultMaleAgent(Clone),11,10,1.71,1.58,0.3027344,2,False,3,1,0.3333333
2026-03-06_21.14.01,234,sign-optimization-horizontal-vertical_scenario,611,197,3,5,4,90,90,15,1,135466,WheelchairAgent(Clone),7,11,1.3,1.17,0,0,False,2,1,0.5
2026-03-06_21.14.01,234,sign-optimization-horizontal-vertical_scenario,611,197,3,5,4,90,90,15,1,135467,AdultMaleAgent(Clone),11,10,1.71,1.58,0.8613281,1,False,3,1,0.3333333
2026-03-06_21.14.01,234,sign-optimization-horizontal-vertical_scenario,611,197,3,5,4,90,90,15,1,135468,WheelchairAgent(Clone),10,12,1.3,1.17,0,0,True,3,1,0.3333333
2026-03-06_21.14.01,234,sign-optimization-horizontal-vertical_scenario,611,197,3,5,4,90,90,15,1,135469,WheelchairAgent(Clone),7,11,1.3,1.17,0,0,False,2,0,0
2026-03-06_21.14.01,234,sign-optimization-horizontal-vertical_scenario,611,197,3,5,4,90,90,15,1,135470,AdultFemaleAgent(Clone),7,11,1.58,1.450001,0,0,False,2,0,0
2026-03-06_21.14.01,234,sign-optimization-horizontal-vertical_scenario,611,197,3,5,4,90,90,15,1,135471,WheelchairAgent(Clone),11,10,1.3,1.17,2.02832,1,False,3,1,0.3333333
2026-03-06_21.14.01,234,sign-optimization-horizontal-vertical_scenario,611,197,3,5,4,90,90,15,1,135472,AdultFemaleAgent(Clone),5,10,1.58,1.45,0,0,False,2,0,0
2026-03-06_21.14.01,234,sign-optimization-horizontal-vertical_scenario,611,197,3,5,4,90,90,15,1,135473,AdultFemaleAgent(Clone),7,11,1.58,1.450001,0,0,False,2,1,0.5
2026-03-06_21.14.01,234,sign-optimization-horizontal-vertical_scenario,611,197,3,5,4,90,90,15,1,135474,WheelchairAgent(Clone),5,10,1.3,1.17,0,0,False,2,0,0
2026-03-06_21.14.01,234,sign-optimization-horizontal-vertical_scenario,611,197,3,5,4,90,90,15,1,135475,AdultFemaleAgent(Clone),6,12,1.58,1.45,0,0,True,2,1,0.5
2026-03-06_21.14.01,234,sign-optimization-horizontal-vertical_scenario,611,197,3,5,4,90,90,15,1,135476,AdultFemaleAgent(Clone),5,10,1.58,1.45,0,0,False,2,0,0
2026-03-06_21.14.01,234,sign-optimization-horizontal-vertical_scenario,611,197,3,5,4,90,90,15,1,135477,AdultFemaleAgent(Clone),10,12,1.58,1.45,0,0,True,3,1,0.3333333
2026-03-06_21.14.01,234,sign-optimization-horizontal-vertical_scenario,611,197,3,5,4,90,90,15,1,135478,AdultMaleAgent(Clone),7,11,1.71,1.58,0,0,False,2,0,0
2026-03-06_21.14.01,234,sign-optimization-horizontal-vertical_scenario,611,197,3,5,4,90,90,15,1,135479,WheelchairAgent(Clone),7,11,1.3,1.17,0,0,False,2,0,0
2026-03-06_21.14.01,234,sign-optimization-horizontal-vertical_scenario,611,197,3,5,4,90,90,15,1,135480,AdultFemaleAgent(Clone),10,12,1.58,1.45,0,0,True,3,1,0.3333333
2026-03-06_21.14.01,234,sign-optimization-horizontal-vertical_scenario,611,197,3,5,4,90,90,15,1,135481,AdultFemaleAgent(Clone),6,12,1.58,1.45,0,0,True,2,1,0.5
2026-03-06_21.14.01,234,sign-optimization-horizontal-vertical_scenario,611,197,3,5,4,90,90,15,1,135482,WheelchairAgent(Clone),7,11,1.3,1.17,0,0,False,2,0,0
2026-03-06_21.14.01,234,sign-optimization-horizontal-vertical_scenario,611,197,3,5,4,90,90,15,1,135483,WheelchairAgent(Clone),5,10,1.3,1.17,0,0,False,2,0,0
2026-03-06_21.14.01,234,sign-optimization-horizontal-vertical_scenario,611,197,3,5,4,90,90,15,1,135484,WheelchairAgent(Clone),10,12,1.3,1.17,0,0,False,3,1,0.3333333
2026-03-06_21.14.01,234,sign-optimization-horizontal-vertical_scenario,611,197,3,5,4,90,90,15,1,135485,WheelchairAgent(Clone),10,12,1.3,1.17,0,0,True,3,1,0.3333333
2026-03-06_21.14.01,234,sign-optimization-horizontal-vertical_scenario,611,197,3,5,4,90,90,15,1,135486,AdultMaleAgent(Clone),7,11,1.71,1.58,0,0,False,2,0,0
2026-03-06_21.14.01,234,sign-optimization-horizontal-vertical_scenario,611,197,3,5,4,90,90,15,1,135487,AdultFemaleAgent(Clone),7,11,1.58,1.450001,0,0,False,2,0,0
2026-03-06_21.14.01,234,sign-optimization-horizontal-vertical_scenario,611,197,3,5,4,90,90,15,1,135488,AdultFemaleAgent(Clone),10,12,1.58,1.45,0,0,True,3,1,0.3333333
2026-03-06_21.14.01,234,sign-optimization-horizontal-vertical_scenario,611,197,3,5,4,90,90,15,1,135489,AdultFemaleAgent(Clone),10,12,1.58,1.45,0,0,True,3,1,0.3333333
2026-03-06_21.14.01,234,sign-optimization-horizontal-vertical_scenario,611,197,3,5,4,90,90,15,1,135490,AdultMaleAgent(Clone),6,12,1.71,1.58,0,0,False,2,1,0.5
2026-03-06_21.14.01,234,sign-optimization-horizontal-vertical_scenario,611,197,3,5,4,90,90,15,1,135491,AdultFemaleAgent(Clone),6,12,1.58,1.45,0,0,False,2,1,0.5
2026-03-06_21.14.01,234,sign-optimization-horizontal-vertical_scenario,611,197,3,5,4,90,90,15,1,135492,WheelchairAgent(Clone),11,10,1.3,1.17,2.092773,1,False,3,1,0.3333333
2026-03-06_21.14.01,234,sign-optimization-horizontal-vertical_scenario,611,197,3,5,4,90,90,15,1,135493,AdultMaleAgent(Clone),7,11,1.71,1.58,0,0,False,2,0,0
2026-03-06_21.14.01,234,sign-optimization-horizontal-vertical_scenario,611,197,3,5,4,90,90,15,1,135494,AdultFemaleAgent(Clone),5,10,1.58,1.45,0,0,False,2,0,0
2026-03-06_21.14.01,234,sign-optimization-horizontal-vertical_scenario,611,197,3,5,4,90,90,15,1,135495,WheelchairAgent(Clone),10,12,1.3,1.17,0,0,False,3,0,0
2026-03-06_21.14.01,234,sign-optimization-horizontal-vertical_scenario,611,197,3,5,4,90,90,15,1,135496,AdultFemaleAgent(Clone),5,10,1.58,1.45,0,0,False,2,0,0
2026-03-06_21.14.01,234,sign-optimization-horizontal-vertical_scenario,611,197,3,5,4,90,90,15,1,135497,WheelchairAgent(Clone),10,12,1.3,1.17,0,0,False,3,0,0
2026-03-06_21.14.01,234,sign-optimization-horizontal-vertical_scenario,611,197,3,5,4,90,90,15,1,135498,AdultMaleAgent(Clone),6,12,1.71,1.58,0,0,True,2,1,0.5
2026-03-06_21.14.01,234,sign-optimization-horizontal-vertical_scenario,611,197,3,5,4,90,90,15,1,135499,AdultMaleAgent(Clone),5,10,1.71,1.58,0,0,False,2,0,0
2026-03-06_21.14.01,234,sign-optimization-horizontal-vertical_scenario,611,197,3,5,4,90,90,15,1,135500,AdultMaleAgent(Clone),7,11,1.71,1.58,0,0,False,2,0,0
2026-03-06_21.14.01,234,sign-optimization-horizontal-vertical_scenario,611,197,3,5,4,90,90,15,1,135501,WheelchairAgent(Clone),10,12,1.3,1.17,0,0,False,3,0,0
2026-03-06_21.14.01,234,sign-optimization-horizontal-vertical_scenario,611,197,3,5,4,90,90,15,1,135502,AdultFemaleAgent(Clone),10,12,1.58,1.45,0,0,True,3,1,0.3333333
2026-03-06_21.14.01,234,sign-optimization-horizontal-vertical_scenario,611,197,3,5,4,90,90,15,1,135503,WheelchairAgent(Clone),11,10,1.3,1.17,2.198242,1,False,3,1,0.3333333
2026-03-06_21.14.01,234,sign-optimization-horizontal-vertical_scenario,611,197,3,5,4,90,90,15,1,135504,AdultMaleAgent(Clone),6,12,1.71,1.58,0,0,False,2,0,0
2026-03-06_21.14.01,234,sign-optimization-horizontal-vertical_scenario,611,197,3,5,4,90,90,15,1,135505,AdultFemaleAgent(Clone),10,12,1.58,1.45,0,0,False,3,0,0
2026-03-06_21.14.01,234,sign-optimization-horizontal-vertical_scenario,611,197,3,5,4,90,90,15,1,135506,WheelchairAgent(Clone),10,12,1.3,1.17,0,0,False,3,0,0
2026-03-06_21.14.01,234,sign-optimization-horizontal-vertical_scenario,611,197,3,5,4,90,90,15,1,135507,AdultMaleAgent(Clone),5,10,1.71,1.58,0,0,False,2,0,0
2026-03-06_21.14.01,234,sign-optimization-horizontal-vertical_scenario,611,197,3,5,4,90,90,15,1,135508,AdultMaleAgent(Clone),11,10,1.71,1.58,1.250977,1,False,3,1,0.3333333
2026-03-06_21.14.01,234,sign-optimization-horizontal-vertical_scenario,611,197,3,5,4,90,90,15,1,135509,AdultFemaleAgent(Clone),5,10,1.58,1.45,0,0,False,2,0,0
2026-03-06_21.14.01,234,sign-optimization-horizontal-vertical_scenario,611,197,3,5,4,90,90,15,1,135510,AdultFemaleAgent(Clone),10,12,1.58,1.45,0,0,False,3,0,0
2026-03-06_21.14.01,234,sign-optimization-horizontal-vertical_scenario,611,197,3,5,4,90,90,15,1,135511,AdultFemaleAgent(Clone),11,10,1.58,1.450001,1.388672,1,False,3,1,0.3333333
2026-03-06_21.14.01,234,sign-optimization-horizontal-vertical_scenario,611,197,3,5,4,90,90,15,1,135512,AdultFemaleAgent(Clone),10,12,1.58,1.45,0,0,False,3,0,0
2026-03-06_21.14.01,234,sign-optimization-horizontal-vertical_scenario,611,197,3,5,4,90,90,15,1,135513,WheelchairAgent(Clone),11,10,1.3,1.17,1.557617,1,False,3,1,0.3333333
2026-03-06_21.14.01,234,sign-optimization-horizontal-vertical_scenario,611,197,3,5,4,90,90,15,1,135514,AdultFemaleAgent(Clone),7,11,1.58,1.450001,0,0,False,2,0,0
2026-03-06_21.14.01,234,sign-optimization-horizontal-vertical_scenario,611,197,3,5,4,90,90,15,1,135515,WheelchairAgent(Clone),5,10,1.3,1.17,0,0,False,2,0,0
2026-03-06_21.14.01,234,sign-optimization-horizontal-vertical_scenario,611,197,3,5,4,90,90,15,1,135516,AdultMaleAgent(Clone),7,11,1.71,1.58,0,0,False,2,0,0
2026-03-06_21.14.01,234,sign-optimization-horizontal-vertical_scenario,611,197,3,5,4,90,90,15,1,135517,AdultMaleAgent(Clone),5,10,1.71,1.58,0,0,False,2,0,0
2026-03-06_21.14.01,234,sign-optimization-horizontal-vertical_scenario,611,197,3,5,4,90,90,15,1,135518,AdultMaleAgent(Clone),5,10,1.71,1.58,0,0,False,2,0,0
2026-03-06_21.14.01,234,sign-optimization-horizontal-vertical_scenario,611,197,3,5,4,90,90,15,1,135519,AdultMaleAgent(Clone),7,11,1.71,1.58,0,0,False,2,0,0
2026-03-06_21.14.01,234,sign-optimization-horizontal-vertical_scenario,611,197,3,5,4,90,90,15,1,135520,AdultFemaleAgent(Clone),7,11,1.58,1.450001,0,0,False,2,0,0
2026-03-06_21.14.01,234,sign-optimization-horizontal-vertical_scenario,611,197,3,5,4,90,90,15,1,135521,AdultFemaleAgent(Clone),11,10,1.58,1.450001,3.237305,1,False,3,1,0.3333333
2026-03-06_21.14.01,234,sign-optimization-horizontal-vertical_scenario,611,197,3,5,4,90,90,15,1,135522,WheelchairAgent(Clone),7,11,1.3,1.17,0,0,False,2,0,0
2026-03-06_21.14.01,234,sign-optimization-horizontal-vertical_scenario,611,197,3,5,4,90,90,15,1,135523,AdultMaleAgent(Clone),11,10,1.71,1.58,2.108398,1,False,3,1,0.3333333
2026-03-06_21.14.01,234,sign-optimization-horizontal-vertical_scenario,611,197,3,5,4,90,90,15,1,135524,AdultFemaleAgent(Clone),7,11,1.58,1.450001,0,0,False,2,0,0
2026-03-06_21.14.01,234,sign-optimization-horizontal-vertical_scenario,611,197,3,5,4,90,90,15,1,135525,AdultFemaleAgent(Clone),10,12,1.58,1.45,0,0,False,3,0,0
2026-03-06_21.14.01,234,sign-optimization-horizontal-vertical_scenario,611,197,3,5,4,90,90,15,1,135526,AdultFemaleAgent(Clone),10,12,1.58,1.45,0,0,False,3,0,0
2026-03-06_21.14.01,234,sign-optimization-horizontal-vertical_scenario,611,197,3,5,4,90,90,15,1,135527,AdultFemaleAgent(Clone),7,11,1.58,1.450001,0,0,False,2,0,0
2026-03-06_21.14.01,234,sign-optimization-horizontal-vertical_scenario,611,197,3,5,4,90,90,15,1,135528,AdultMaleAgent(Clone),11,10,1.71,1.58,2.092773,1,False,3,1,0.3333333
2026-03-06_21.14.01,234,sign-optimization-horizontal-vertical_scenario,611,197,3,5,4,90,90,15,1,135529,WheelchairAgent(Clone),10,12,1.3,1.17,0,0,False,3,0,0
2026-03-06_21.14.01,234,sign-optimization-horizontal-vertical_scenario,611,197,3,5,4,90,90,15,1,135530,WheelchairAgent(Clone),11,10,1.3,1.17,1.210938,1,False,3,0,0
2026-03-06_21.14.01,234,sign-optimization-horizontal-vertical_scenario,611,197,3,5,4,90,90,15,1,135531,AdultFemaleAgent(Clone),11,10,1.58,1.450001,1.963867,1,True,3,1,0.3333333
2026-03-06_21.14.01,234,sign-optimization-horizontal-vertical_scenario,611,197,3,5,4,90,90,15,1,135532,WheelchairAgent(Clone),6,12,1.3,1.17,0,0,False,2,0,0
2026-03-06_21.14.01,234,sign-optimization-horizontal-vertical_scenario,611,197,3,5,4,90,90,15,1,135533,AdultFemaleAgent(Clone),10,12,1.58,1.45,0,0,False,3,0,0
2026-03-06_21.14.01,234,sign-optimization-horizontal-vertical_scenario,611,197,3,5,4,90,90,15,1,135534,WheelchairAgent(Clone),5,10,1.3,1.17,0,0,False,2,0,0
2026-03-06_21.14.01,234,sign-optimization-horizontal-vertical_scenario,611,197,3,5,4,90,90,15,1,135535,AdultMaleAgent(Clone),7,11,1.71,1.58,0,0,False,2,0,0
2026-03-06_21.14.01,234,sign-optimization-horizontal-vertical_scenario,611,197,3,5,4,90,90,15,1,135536,WheelchairAgent(Clone),11,10,1.3,1.17,0,0,False,3,1,0.3333333
2026-03-06_21.14.01,234,sign-optimization-horizontal-vertical_scenario,611,197,3,5,4,90,90,15,1,135537,WheelchairAgent(Clone),7,11,1.3,1.17,0,0,False,2,0,0
2026-03-06_21.14.01,234,sign-optimization-horizontal-vertical_scenario,611,197,3,5,4,90,90,15,1,135538,AdultMaleAgent(Clone),10,12,1.71,1.58,0,0,False,3,0,0
2026-03-06_21.14.01,234,sign-optimization-horizontal-vertical_scenario,611,197,3,5,4,90,90,15,1,135539,AdultFemaleAgent(Clone),10,12,1.58,1.45,0,0,False,3,0,0
2026-03-06_21.14.01,234,sign-optimization-horizontal-vertical_scenario,611,197,3,5,4,90,90,15,1,135540,AdultFemaleAgent(Clone),6,12,1.58,1.45,0,0,False,2,0,0
2026-03-06_21.14.01,234,sign-optimization-horizontal-vertical_scenario,611,197,3,5,4,90,90,15,1,135541,WheelchairAgent(Clone),10,12,1.3,1.17,0,0,False,3,0,0
2026-03-06_21.14.01,234,sign-optimization-horizontal-vertical_scenario,611,197,3,5,4,90,90,15,1,135542,WheelchairAgent(Clone),6,12,1.3,1.17,0,0,False,2,0,0
2026-03-06_21.14.01,234,sign-optimization-horizontal-vertical_scenario,611,197,3,5,4,90,90,15,1,135543,AdultFemaleAgent(Clone),7,11,1.58,1.450001,0,0,False,2,0,0
2026-03-06_21.14.01,234,sign-optimization-horizontal-vertical_scenario,611,197,3,5,4,90,90,15,1,135544,AdultMaleAgent(Clone),6,12,1.71,1.58,0,0,False,2,0,0
2026-03-06_21.14.01,234,sign-optimization-horizontal-vertical_scenario,611,197,3,5,4,90,90,15,1,135545,AdultFemaleAgent(Clone),10,12,1.58,1.45,0,0,False,3,0,0
2026-03-06_21.14.01,234,sign-optimization-horizontal-vertical_scenario,611,197,3,5,4,90,90,15,1,135546,AdultMaleAgent(Clone),7,11,1.71,1.58,0,0,False,2,0,0
2026-03-06_21.14.01,234,sign-optimization-horizontal-vertical_scenario,611,197,3,5,4,90,90,15,1,135547,WheelchairAgent(Clone),10,12,1.3,1.17,0,0,False,3,0,0
2026-03-06_21.14.01,234,sign-optimization-horizontal-vertical_scenario,611,197,3,5,4,90,90,15,1,135548,AdultFemaleAgent(Clone),11,10,1.58,1.450001,0,0,False,3,1,0.3333333
2026-03-06_21.14.01,234,sign-optimization-horizontal-vertical_scenario,611,197,3,5,4,90,90,15,1,135549,WheelchairAgent(Clone),6,12,1.3,1.17,0,0,False,2,0,0
2026-03-06_21.14.01,234,sign-optimization-horizontal-vertical_scenario,611,197,3,5,4,90,90,15,1,135550,AdultFemaleAgent(Clone),6,12,1.58,1.45,0,0,False,2,0,0
2026-03-06_21.14.01,234,sign-optimization-horizontal-vertical_scenario,611,197,3,5,4,90,90,15,1,135551,WheelchairAgent(Clone),7,11,1.3,1.17,0,0,False,2,0,0
2026-03-06_21.14.01,234,sign-optimization-horizontal-vertical_scenario,611,197,3,5,4,90,90,15,1,135552,WheelchairAgent(Clone),6,12,1.3,1.17,0,0,False,2,0,0
2026-03-06_21.14.01,234,sign-optimization-horizontal-vertical_scenario,611,197,3,5,4,90,90,15,1,135553,WheelchairAgent(Clone),10,12,1.3,1.17,0,0,False,3,0,0
2026-03-06_21.14.01,234,sign-optimization-horizontal-vertical_scenario,611,197,3,5,4,90,90,15,1,135554,WheelchairAgent(Clone),11,10,1.3,1.17,0,0,False,3,1,0.3333333
2026-03-06_21.14.01,234,sign-optimization-horizontal-vertical_scenario,611,197,3,5,4,90,90,15,1,135555,AdultFemaleAgent(Clone),11,10,1.58,1.450001,0,0,False,3,0,0
2026-03-06_21.14.01,234,sign-optimization-horizontal-vertical_scenario,611,197,3,5,4,90,90,15,1,135556,WheelchairAgent(Clone),10,12,1.3,1.17,0,0,False,3,0,0
2026-03-06_21.14.01,234,sign-optimization-horizontal-vertical_scenario,611,197,3,5,4,90,90,15,1,135557,WheelchairAgent(Clone),11,10,1.3,1.17,0,0,False,3,0,0
2026-03-06_21.14.01,234,sign-optimization-horizontal-vertical_scenario,611,197,3,5,4,90,90,15,1,135558,WheelchairAgent(Clone),6,12,1.3,1.17,0,0,False,2,0,0
2026-03-06_21.14.01,234,sign-optimization-horizontal-vertical_scenario,611,197,3,5,4,90,90,15,1,135559,AdultMaleAgent(Clone),6,12,1.71,1.58,0,0,False,2,0,0
2026-03-06_21.14.01,234,sign-optimization-horizontal-vertical_scenario,611,197,3,5,4,90,90,15,1,135560,AdultFemaleAgent(Clone),10,12,1.58,1.45,0,0,False,3,0,0
2026-03-06_21.14.01,234,sign-optimization-horizontal-vertical_scenario,611,197,3,5,4,90,90,15,1,135561,AdultFemaleAgent(Clone),11,10,1.58,1.450001,0,0,False,3,0,0
2026-03-06_21.14.01,234,sign-optimization-horizontal-vertical_scenario,611,197,3,5,4,90,90,15,1,135562,AdultFemaleAgent(Clone),7,11,1.58,1.450001,0,0,False,2,0,0
2026-03-06_21.14.01,234,sign-optimization-horizontal-vertical_scenario,611,197,3,5,4,90,90,15,1,135563,AdultFemaleAgent(Clone),5,10,1.58,1.45,0,0,False,2,0,0
2026-03-06_21.14.01,234,sign-optimization-horizontal-vertical_scenario,611,197,3,5,4,90,90,15,1,135564,WheelchairAgent(Clone),6,12,1.3,1.17,0,0,False,2,0,0
2026-03-06_21.14.01,234,sign-optimization-horizontal-vertical_scenario,611,197,3,5,4,90,90,15,1,135565,AdultMaleAgent(Clone),11,10,1.71,1.58,0,0,False,3,0,0
2026-03-06_21.14.01,234,sign-optimization-horizontal-vertical_scenario,611,197,3,5,4,90,90,15,1,135566,AdultMaleAgent(Clone),10,12,1.71,1.58,0,0,False,3,0,0
2026-03-06_21.14.01,234,sign-optimization-horizontal-vertical_scenario,611,197,3,5,4,90,90,15,1,135567,WheelchairAgent(Clone),10,12,1.3,1.17,0,0,False,3,0,0
2026-03-06_21.14.01,234,sign-optimization-horizontal-vertical_scenario,611,197,3,5,4,90,90,15,1,135568,AdultMaleAgent(Clone),7,11,1.71,1.58,0,0,False,2,0,0
2026-03-06_21.14.01,234,sign-optimization-horizontal-vertical_scenario,611,197,3,5,4,90,90,15,1,135569,WheelchairAgent(Clone),10,12,1.3,1.17,0,0,False,3,0,0
2026-03-06_21.14.01,234,sign-optimization-horizontal-vertical_scenario,611,197,3,5,4,90,90,15,1,135570,AdultFemaleAgent(Clone),6,12,1.58,1.45,0,0,False,2,0,0
2026-03-06_21.14.01,234,sign-optimization-horizontal-vertical_scenario,611,197,3,5,4,90,90,15,1,135571,WheelchairAgent(Clone),11,10,1.3,1.17,0,0,False,3,0,0
2026-03-06_21.14.01,234,sign-optimization-horizontal-vertical_scenario,611,197,3,5,4,90,90,15,1,135572,AdultFemaleAgent(Clone),11,10,1.58,1.450001,0,0,False,3,0,0
2026-03-06_21.14.01,234,sign-optimization-horizontal-vertical_scenario,611,197,3,5,4,90,90,15,1,135573,AdultFemaleAgent(Clone),10,12,1.58,1.45,0,0,False,3,0,0
2026-03-06_21.14.01,234,sign-optimization-horizontal-vertical_scenario,611,197,3,5,4,90,90,15,1,135574,AdultFemaleAgent(Clone),11,10,1.58,1.450001,0,0,False,3,0,0
2026-03-06_21.14.01,234,sign-optimization-horizontal-vertical_scenario,611,197,3,5,4,90,90,15,1,135575,AdultFemaleAgent(Clone),5,10,1.58,1.45,0,0,False,2,0,0
2026-03-06_21.14.01,234,sign-optimization-horizontal-vertical_scenario,611,197,3,5,4,90,90,15,1,135576,AdultMaleAgent(Clone),10,12,1.71,1.58,0,0,False,3,0,0
2026-03-06_21.14.01,234,sign-optimization-horizontal-vertical_scenario,611,197,3,5,4,90,90,15,1,135577,WheelchairAgent(Clone),11,10,1.3,1.17,0,0,False,3,0,0
2026-03-06_21.14.01,234,sign-optimization-horizontal-vertical_scenario,611,197,3,5,4,90,90,15,1,135578,AdultMaleAgent(Clone),6,12,1.71,1.58,0,0,False,2,0,0
2026-03-06_21.14.01,234,sign-optimization-horizontal-vertical_scenario,611,197,3,5,4,90,90,15,1,135579,AdultFemaleAgent(Clone),6,12,1.58,1.45,0,0,False,2,0,0
2026-03-06_21.14.01,234,sign-optimization-horizontal-vertical_scenario,611,197,3,5,4,90,90,15,1,135580,AdultFemaleAgent(Clone),7,11,1.58,1.450001,0,0,False,2,0,0
2026-03-06_21.14.01,234,sign-optimization-horizontal-vertical_scenario,611,197,3,5,4,90,90,15,1,135581,AdultFemaleAgent(Clone),5,10,1.58,1.45,0,0,False,2,0,0
2026-03-06_21.14.01,234,sign-optimization-horizontal-vertical_scenario,611,197,3,5,4,90,90,15,1,135582,AdultMaleAgent(Clone),7,11,1.71,1.58,0,0,False,2,0,0
2026-03-06_21.14.01,234,sign-optimization-horizontal-vertical_scenario,611,197,3,5,4,90,90,15,1,135583,AdultFemaleAgent(Clone),5,10,1.58,1.45,0,0,False,2,0,0
2026-03-06_21.14.01,234,sign-optimization-horizontal-vertical_scenario,611,197,3,5,4,90,90,15,1,135584,WheelchairAgent(Clone),11,10,1.3,1.17,0,0,False,3,0,0
2026-03-06_21.14.01,234,sign-optimization-horizontal-vertical_scenario,611,197,3,5,4,90,90,15,1,135585,AdultMaleAgent(Clone),5,10,1.71,1.58,0,0,False,2,0,0
2026-03-06_21.14.01,234,sign-optimization-horizontal-vertical_scenario,611,197,3,5,4,90,90,15,1,135586,WheelchairAgent(Clone),7,11,1.3,1.17,0,0,False,2,0,0
2026-03-06_21.14.01,234,sign-optimization-horizontal-vertical_scenario,611,197,3,5,4,90,90,15,1,135587,AdultFemaleAgent(Clone),5,10,1.58,1.45,0,0,False,2,0,0
2026-03-06_21.14.01,234,sign-optimization-horizontal-vertical_scenario,611,197,3,5,4,90,90,15,1,135588,WheelchairAgent(Clone),11,10,1.3,1.17,0,0,False,3,0,0
2026-03-06_21.14.01,234,sign-optimization-horizontal-vertical_scenario,611,197,3,5,4,90,90,15,1,135589,WheelchairAgent(Clone),6,12,1.3,1.17,0,0,False,2,0,0
2026-03-06_21.14.01,234,sign-optimization-horizontal-vertical_scenario,611,197,3,5,4,90,90,15,1,135590,WheelchairAgent(Clone),6,12,1.3,1.17,0,0,False,2,0,0
2026-03-06_21.14.01,234,sign-optimization-horizontal-vertical_scenario,611,197,3,5,4,90,90,15,1,135591,AdultMaleAgent(Clone),10,12,1.71,1.58,0,0,False,3,0,0
2026-03-06_21.14.01,234,sign-optimization-horizontal-vertical_scenario,611,197,3,5,4,90,90,15,1,135592,AdultMaleAgent(Clone),6,12,1.71,1.58,0,0,False,2,0,0
2026-03-06_21.14.01,234,sign-optimization-horizontal-vertical_scenario,611,197,3,5,4,90,90,15,1,135593,WheelchairAgent(Clone),5,10,1.3,1.17,0,0,False,2,0,0
2026-03-06_21.14.01,234,sign-optimization-horizontal-vertical_scenario,611,197,3,5,4,90,90,15,1,135594,AdultFemaleAgent(Clone),11,10,1.58,1.450001,0,0,False,3,0,0
2026-03-06_21.14.01,234,sign-optimization-horizontal-vertical_scenario,611,197,3,5,4,90,90,15,1,135595,AdultMaleAgent(Clone),6,12,1.71,1.58,0,0,False,2,0,0
2026-03-06_21.14.01,234,sign-optimization-horizontal-vertical_scenario,611,197,3,5,4,90,90,15,1,135596,AdultFemaleAgent(Clone),10,12,1.58,1.45,0,0,False,3,0,0
2026-03-06_21.14.01,234,sign-optimization-horizontal-vertical_scenario,611,197,3,5,4,90,90,15,1,135597,AdultMaleAgent(Clone),6,12,1.71,1.58,0,0,False,2,0,0
2026-03-06_21.14.01,234,sign-optimization-horizontal-vertical_scenario,611,197,3,5,4,90,90,15,1,135598,WheelchairAgent(Clone),5,10,1.3,1.17,0,0,False,2,0,0
2026-03-06_21.14.01,234,sign-optimization-horizontal-vertical_scenario,611,197,3,5,4,90,90,15,1,135599,WheelchairAgent(Clone),7,11,1.3,1.17,0,0,False,2,0,0
2026-03-06_21.14.01,234,sign-optimization-horizontal-vertical_scenario,611,197,3,5,4,90,90,15,1,135600,AdultFemaleAgent(Clone),10,12,1.58,1.45,0,0,False,3,0,0
2026-03-06_21.14.01,234,sign-optimization-horizontal-vertical_scenario,611,197,3,5,4,90,90,15,1,135601,WheelchairAgent(Clone),7,11,1.3,1.17,0,0,False,2,0,0
2026-03-06_21.14.01,234,sign-optimization-horizontal-vertical_scenario,611,197,3,5,4,90,90,15,1,135602,AdultMaleAgent(Clone),6,12,1.71,1.58,0,0,False,2,0,0
2026-03-06_21.14.01,234,sign-optimization-horizontal-vertical_scenario,611,197,3,5,4,90,90,15,1,135603,AdultFemaleAgent(Clone),5,10,1.58,1.45,0,0,False,2,0,0
2026-03-06_21.14.01,234,sign-optimization-horizontal-vertical_scenario,611,197,3,5,4,90,90,15,1,135604,WheelchairAgent(Clone),6,12,1.3,1.17,0,0,False,2,0,0
2026-03-06_21.14.01,234,sign-optimization-horizontal-vertical_scenario,611,197,3,5,4,90,90,15,1,135605,AdultFemaleAgent(Clone),7,11,1.58,1.450001,0,0,False,2,0,0
2026-03-06_21.14.01,234,sign-optimization-horizontal-vertical_scenario,611,197,3,5,4,90,90,15,1,135606,AdultFemaleAgent(Clone),5,10,1.58,1.45,0,0,False,2,0,0
2026-03-06_21.14.01,234,sign-optimization-horizontal-vertical_scenario,611,197,3,5,4,90,90,15,1,135607,AdultMaleAgent(Clone),10,12,1.71,1.58,0,0,False,3,0,0
2026-03-06_21.14.01,234,sign-optimization-horizontal-vertical_scenario,611,197,3,5,4,90,90,15,1,135608,WheelchairAgent(Clone),7,11,1.3,1.17,0,0,False,2,0,0
2026-03-06_21.14.01,234,sign-optimization-horizontal-vertical_scenario,611,197,3,5,4,90,90,15,1,135609,AdultFemaleAgent(Clone),7,11,1.58,1.450001,0,0,False,2,0,0
2026-03-06_21.14.01,234,sign-optimization-horizontal-vertical_scenario,611,197,3,5,4,90,90,15,1,135610,AdultMaleAgent(Clone),10,12,1.71,1.58,0,0,False,3,0,0
2026-03-06_21.14.01,234,sign-optimization-horizontal-vertical_scenario,611,197,3,5,4,90,90,15,1,135611,WheelchairAgent(Clone),7,11,1.3,1.17,0,0,False,2,0,0
2026-03-06_21.14.01,234,sign-optimization-horizontal-vertical_scenario,611,197,3,5,4,90,90,15,1,135612,AdultMaleAgent(Clone),11,10,1.71,1.58,0,0,False,3,0,0
2026-03-06_21.14.01,234,sign-optimization-horizontal-vertical_scenario,611,197,3,5,4,90,90,15,1,135613,AdultMaleAgent(Clone),11,10,1.71,1.58,0,0,False,3,0,0
2026-03-06_21.14.01,234,sign-optimization-horizontal-vertical_scenario,611,197,3,5,4,90,90,15,1,135614,AdultFemaleAgent(Clone),7,11,1.58,1.450001,0,0,False,2,0,0
2026-03-06_21.14.01,234,sign-optimization-horizontal-vertical_scenario,611,197,3,5,4,90,90,15,1,135615,WheelchairAgent(Clone),6,12,1.3,1.17,0,0,False,2,0,0
2026-03-06_21.14.01,234,sign-optimization-horizontal-vertical_scenario,611,197,3,5,4,90,90,15,1,135616,WheelchairAgent(Clone),6,12,1.3,1.17,0,0,False,2,0,0
2026-03-06_21.14.01,234,sign-optimization-horizontal-vertical_scenario,611,197,3,5,4,90,90,15,1,135617,WheelchairAgent(Clone),7,11,1.3,1.17,0,0,False,2,0,0
2026-03-06_21.14.01,234,sign-optimization-horizontal-vertical_scenario,611,197,3,5,4,90,90,15,1,135618,AdultMaleAgent(Clone),11,10,1.71,1.58,0,0,False,3,0,0
2026-03-06_21.14.01,234,sign-optimization-horizontal-vertical_scenario,611,197,3,5,4,90,90,15,1,135619,AdultMaleAgent(Clone),11,10,1.71,1.58,0,0,False,3,0,0
2026-03-06_21.14.01,234,sign-optimization-horizontal-vertical_scenario,611,197,3,5,4,90,90,15,1,135620,WheelchairAgent(Clone),10,12,1.3,1.17,0,0,False,3,0,0
2026-03-06_21.14.01,234,sign-optimization-horizontal-vertical_scenario,611,197,3,5,4,90,90,15,1,135621,AdultFemaleAgent(Clone),10,12,1.58,1.45,0,0,False,3,0,0
2026-03-06_21.14.01,234,sign-optimization-horizontal-vertical_scenario,611,197,3,5,4,90,90,15,1,135622,AdultMaleAgent(Clone),11,10,1.71,1.58,0,0,False,3,0,0
2026-03-06_21.14.01,234,sign-optimization-horizontal-vertical_scenario,611,197,3,5,4,90,90,15,1,135623,AdultFemaleAgent(Clone),10,12,1.58,1.45,0,0,False,3,0,0
2026-03-06_21.14.01,234,sign-optimization-horizontal-vertical_scenario,611,197,3,5,4,90,90,15,1,135624,AdultMaleAgent(Clone),7,11,1.71,1.58,0,0,False,2,0,0
2026-03-06_21.14.01,234,sign-optimization-horizontal-vertical_scenario,611,197,3,5,4,90,90,15,1,135625,AdultFemaleAgent(Clone),6,12,1.58,1.45,0,0,False,2,0,0
2026-03-06_21.14.01,234,sign-optimization-horizontal-vertical_scenario,611,197,3,5,4,90,90,15,1,135626,AdultMaleAgent(Clone),7,11,1.71,1.58,0,0,False,2,0,0
2026-03-06_21.14.01,234,sign-optimization-horizontal-vertical_scenario,611,197,3,5,4,90,90,15,1,135627,WheelchairAgent(Clone),5,10,1.3,1.17,0,0,False,2,0,0
2026-03-06_21.14.01,234,sign-optimization-horizontal-vertical_scenario,611,197,3,5,4,90,90,15,1,135628,AdultFemaleAgent(Clone),10,12,1.58,1.45,0,0,False,3,0,0
2026-03-06_21.14.01,234,sign-optimization-horizontal-vertical_scenario,611,197,3,5,4,90,90,15,1,135629,AdultFemaleAgent(Clone),7,11,1.58,1.450001,0,0,False,2,0,0
2026-03-06_21.14.01,234,sign-optimization-horizontal-vertical_scenario,611,197,3,5,4,90,90,15,1,135630,AdultMaleAgent(Clone),6,12,1.71,1.58,0,0,False,2,0,0
2026-03-06_21.14.01,234,sign-optimization-horizontal-vertical_scenario,611,197,3,5,4,90,90,15,1,135631,AdultFemaleAgent(Clone),7,11,1.58,1.450001,0,0,False,2,0,0
2026-03-06_21.14.01,234,sign-optimization-horizontal-vertical_scenario,611,197,3,5,4,90,90,15,1,135632,AdultMaleAgent(Clone),6,12,1.71,1.58,0,0,False,2,0,0
2026-03-06_21.14.01,234,sign-optimization-horizontal-vertical_scenario,611,197,3,5,4,90,90,15,1,135633,AdultMaleAgent(Clone),5,10,1.71,1.58,0,0,False,2,0,0
