Timestamp,RunIndex,ScenarioID,TotalAgents,VisibleSignCount,SignHeight,SignPositionX,SignPositionZ,SignOrientation,VcaAngle,VcaDistance,SignComprehensionTime,AgentID,AgentType,StartNode,GoalNode,Height,EyeHeight,TimeInVCA,TimesInVCA,SawSign,TotalNodesNavigated,NodesWithDetection,RDEffective
2026-03-06_18.41.58,82,sign-optimization-horizontal-vertical_scenario,618,238,3,-3,-4,90,90,15,1,46813,WheelchairAgent(Clone),5,10,1.3,1.17,10.80322,1,True,2,1,0.5
2026-03-06_18.41.58,82,sign-optimization-horizontal-vertical_scenario,618,238,3,-3,-4,90,90,15,1,46814,AdultMaleAgent(Clone),10,12,1.71,1.58,9.46875,1,True,3,2,0.6666667
2026-03-06_18.41.58,82,sign-optimization-horizontal-vertical_scenario,618,238,3,-3,-4,90,90,15,1,46815,WheelchairAgent(Clone),5,10,1.3,1.17,9.140625,1,True,2,1,0.5
2026-03-06_18.41.58,82,sign-optimization-horizontal-vertical_scenario,618,238,3,-3,-4,90,90,15,1,46816,AdultMaleAgent(Clone),6,12,1.71,1.58,8.100098,1,True,2,1,0.5
2026-03-06_18.41.58,82,sign-optimization-horizontal-vertical_scenario,618,238,3,-3,-4,90,90,15,1,46817,AdultFemaleAgent(Clone),5,10,1.58,1.45,9.010254,1,True,2,1,0.5
2026-03-06_18.41.58,82,sign-optimization-horizontal-vertical_scenario,618,238,3,-3,-4,90,90,15,1,46818,AdultMaleAgent(Clone),6,12,1.71,1.58,5.546387,1,False,2,1,0.5
2026-03-06_18.41.58,82,sign-optimization-horizontal-vertical_scenario,618,238,3,-3,-4,90,90,15,1,46819,AdultFemaleAgent(Clone),5,10,1.58,1.45,11.4624,1,True,2,1,0.5
2026-03-06_18.41.58,82,sign-optimization-horizontal-vertical_scenario,618,238,3,-3,-4,90,90,15,1,46820,WheelchairAgent(Clone),7,11,1.3,1.17,8.685547,2,True,2,1,0.5
2026-03-06_18.41.58,82,sign-optimization-horizontal-vertical_scenario,618,238,3,-3,-4,90,90,15,1,46821,WheelchairAgent(Clone),10,12,1.3,1.17,8.718262,1,False,3,1,0.3333333
2026-03-06_18.41.58,82,sign-optimization-horizontal-vertical_scenario,618,238,3,-3,-4,90,90,15,1,46822,AdultMaleAgent(Clone),5,10,1.71,1.58,9.413574,1,True,2,1,0.5
2026-03-06_18.41.58,82,sign-optimization-horizontal-vertical_scenario,618,238,3,-3,-4,90,90,15,1,46823,AdultMaleAgent(Clone),10,12,1.71,1.58,7.589844,1,False,3,1,0.3333333
2026-03-06_18.41.58,82,sign-optimization-horizontal-vertical_scenario,618,238,3,-3,-4,90,90,15,1,46824,WheelchairAgent(Clone),10,12,1.3,1.17,9.777344,1,False,3,1,0.3333333
2026-03-06_18.41.58,82,sign-optimization-horizontal-vertical_scenario,618,238,3,-3,-4,90,90,15,1,46825,AdultMaleAgent(Clone),7,11,1.71,1.58,9.978027,2,True,2,1,0.5
2026-03-06_18.41.58,82,sign-optimization-horizontal-vertical_scenario,618,238,3,-3,-4,90,90,15,1,46826,AdultFemaleAgent(Clone),10,12,1.58,1.45,10.83154,1,True,3,1,0.3333333
2026-03-06_18.41.58,82,sign-optimization-horizontal-vertical_scenario,618,238,3,-3,-4,90,90,15,1,46827,AdultFemaleAgent(Clone),6,12,1.58,1.45,4.224121,1,False,2,1,0.5
2026-03-06_18.41.58,82,sign-optimization-horizontal-vertical_scenario,618,238,3,-3,-4,90,90,15,1,46828,AdultMaleAgent(Clone),5,10,1.71,1.58,8.557129,1,True,2,1,0.5
2026-03-06_18.41.58,82,sign-optimization-horizontal-vertical_scenario,618,238,3,-3,-4,90,90,15,1,46829,WheelchairAgent(Clone),6,12,1.3,1.17,7.45166,1,True,2,1,0.5
2026-03-06_18.41.58,82,sign-optimization-horizontal-vertical_scenario,618,238,3,-3,-4,90,90,15,1,46830,WheelchairAgent(Clone),5,10,1.3,1.17,11.78711,1,True,2,1,0.5
2026-03-06_18.41.58,82,sign-optimization-horizontal-vertical_scenario,618,238,3,-3,-4,90,90,15,1,46831,WheelchairAgent(Clone),11,10,1.3,1.17,10.50098,1,False,3,0,0
2026-03-06_18.41.58,82,sign-optimization-horizontal-vertical_scenario,618,238,3,-3,-4,90,90,15,1,46832,WheelchairAgent(Clone),5,10,1.3,1.17,12.96289,1,True,2,1,0.5
2026-03-06_18.41.58,82,sign-optimization-horizontal-vertical_scenario,618,238,3,-3,-4,90,90,15,1,46833,AdultFemaleAgent(Clone),11,10,1.58,1.450001,8.974609,1,False,3,0,0
2026-03-06_18.41.58,82,sign-optimization-horizontal-vertical_scenario,618,238,3,-3,-4,90,90,15,1,46834,AdultMaleAgent(Clone),10,12,1.71,1.58,7.895996,1,False,3,1,0.3333333
2026-03-06_18.41.58,82,sign-optimization-horizontal-vertical_scenario,618,238,3,-3,-4,90,90,15,1,46835,WheelchairAgent(Clone),5,10,1.3,1.17,8.583984,1,True,2,1,0.5
2026-03-06_18.41.58,82,sign-optimization-horizontal-vertical_scenario,618,238,3,-3,-4,90,90,15,1,46836,AdultFemaleAgent(Clone),5,10,1.58,1.45,9.830078,1,True,2,1,0.5
2026-03-06_18.41.58,82,sign-optimization-horizontal-vertical_scenario,618,238,3,-3,-4,90,90,15,1,46837,WheelchairAgent(Clone),7,11,1.3,1.17,9.080078,2,True,2,1,0.5
2026-03-06_18.41.58,82,sign-optimization-horizontal-vertical_scenario,618,238,3,-3,-4,90,90,15,1,46838,AdultMaleAgent(Clone),6,12,1.71,1.58,4.802734,1,False,2,1,0.5
2026-03-06_18.41.58,82,sign-optimization-horizontal-vertical_scenario,618,238,3,-3,-4,90,90,15,1,46839,AdultMaleAgent(Clone),11,10,1.71,1.58,11.0459,1,False,3,0,0
2026-03-06_18.41.58,82,sign-optimization-horizontal-vertical_scenario,618,238,3,-3,-4,90,90,15,1,46840,WheelchairAgent(Clone),11,10,1.3,1.17,10.01563,1,False,3,0,0
2026-03-06_18.41.58,82,sign-optimization-horizontal-vertical_scenario,618,238,3,-3,-4,90,90,15,1,46841,WheelchairAgent(Clone),6,12,1.3,1.17,9.058105,1,True,2,1,0.5
2026-03-06_18.41.58,82,sign-optimization-horizontal-vertical_scenario,618,238,3,-3,-4,90,90,15,1,46842,AdultFemaleAgent(Clone),7,11,1.58,1.450001,7.907227,1,True,2,1,0.5
2026-03-06_18.41.58,82,sign-optimization-horizontal-vertical_scenario,618,238,3,-3,-4,90,90,15,1,46843,AdultFemaleAgent(Clone),11,10,1.58,1.450001,10.91699,1,False,3,0,0
2026-03-06_18.41.58,82,sign-optimization-horizontal-vertical_scenario,618,238,3,-3,-4,90,90,15,1,46844,AdultMaleAgent(Clone),5,10,1.71,1.58,10.26855,1,True,2,1,0.5
2026-03-06_18.41.58,82,sign-optimization-horizontal-vertical_scenario,618,238,3,-3,-4,90,90,15,1,46845,AdultMaleAgent(Clone),11,10,1.71,1.58,9.876953,1,False,3,0,0
2026-03-06_18.41.58,82,sign-optimization-horizontal-vertical_scenario,618,238,3,-3,-4,90,90,15,1,46846,AdultFemaleAgent(Clone),6,12,1.58,1.45,3.658203,1,False,2,0,0
2026-03-06_18.41.58,82,sign-optimization-horizontal-vertical_scenario,618,238,3,-3,-4,90,90,15,1,46847,AdultFemaleAgent(Clone),6,12,1.58,1.45,7.333496,1,False,2,1,0.5
2026-03-06_18.41.58,82,sign-optimization-horizontal-vertical_scenario,618,238,3,-3,-4,90,90,15,1,46848,WheelchairAgent(Clone),7,11,1.3,1.17,9.736328,2,True,2,1,0.5
2026-03-06_18.41.58,82,sign-optimization-horizontal-vertical_scenario,618,238,3,-3,-4,90,90,15,1,46849,AdultFemaleAgent(Clone),5,10,1.58,1.45,10.51416,1,True,2,1,0.5
2026-03-06_18.41.58,82,sign-optimization-horizontal-vertical_scenario,618,238,3,-3,-4,90,90,15,1,46850,AdultFemaleAgent(Clone),6,12,1.58,1.45,11.14453,1,True,2,1,0.5
2026-03-06_18.41.58,82,sign-optimization-horizontal-vertical_scenario,618,238,3,-3,-4,90,90,15,1,46851,AdultFemaleAgent(Clone),6,12,1.58,1.45,4.667969,1,False,2,1,0.5
2026-03-06_18.41.58,82,sign-optimization-horizontal-vertical_scenario,618,238,3,-3,-4,90,90,15,1,46852,AdultFemaleAgent(Clone),6,12,1.58,1.45,9.881348,1,True,2,1,0.5
2026-03-06_18.41.58,82,sign-optimization-horizontal-vertical_scenario,618,238,3,-3,-4,90,90,15,1,46853,AdultFemaleAgent(Clone),5,10,1.58,1.45,9.645508,1,True,2,1,0.5
2026-03-06_18.41.58,82,sign-optimization-horizontal-vertical_scenario,618,238,3,-3,-4,90,90,15,1,46854,AdultMaleAgent(Clone),10,12,1.71,1.58,14.30273,2,True,3,1,0.3333333
2026-03-06_18.41.58,82,sign-optimization-horizontal-vertical_scenario,618,238,3,-3,-4,90,90,15,1,46855,WheelchairAgent(Clone),7,11,1.3,1.17,6.90625,2,True,2,1,0.5
2026-03-06_18.41.58,82,sign-optimization-horizontal-vertical_scenario,618,238,3,-3,-4,90,90,15,1,46856,AdultMaleAgent(Clone),11,10,1.71,1.58,7.522461,1,False,3,0,0
2026-03-06_18.41.58,82,sign-optimization-horizontal-vertical_scenario,618,238,3,-3,-4,90,90,15,1,46857,WheelchairAgent(Clone),11,10,1.3,1.17,10.9624,1,False,3,0,0
2026-03-06_18.41.58,82,sign-optimization-horizontal-vertical_scenario,618,238,3,-3,-4,90,90,15,1,46858,WheelchairAgent(Clone),11,10,1.3,1.17,9.347656,1,False,3,0,0
2026-03-06_18.41.58,82,sign-optimization-horizontal-vertical_scenario,618,238,3,-3,-4,90,90,15,1,46859,AdultMaleAgent(Clone),5,10,1.71,1.58,12.87109,1,True,2,1,0.5
2026-03-06_18.41.58,82,sign-optimization-horizontal-vertical_scenario,618,238,3,-3,-4,90,90,15,1,46860,AdultMaleAgent(Clone),11,10,1.71,1.58,10.63184,1,True,3,1,0.3333333
2026-03-06_18.41.58,82,sign-optimization-horizontal-vertical_scenario,618,238,3,-3,-4,90,90,15,1,46861,WheelchairAgent(Clone),11,10,1.3,1.17,9.044434,1,False,3,0,0
2026-03-06_18.41.58,82,sign-optimization-horizontal-vertical_scenario,618,238,3,-3,-4,90,90,15,1,46862,WheelchairAgent(Clone),7,11,1.3,1.17,7.348145,2,True,2,1,0.5
2026-03-06_18.41.58,82,sign-optimization-horizontal-vertical_scenario,618,238,3,-3,-4,90,90,15,1,46863,WheelchairAgent(Clone),10,12,1.3,1.17,9.423828,1,False,3,2,0.6666667
2026-03-06_18.41.58,82,sign-optimization-horizontal-vertical_scenario,618,238,3,-3,-4,90,90,15,1,46864,AdultFemaleAgent(Clone),11,10,1.58,1.450001,9.1875,1,False,3,0,0
2026-03-06_18.41.58,82,sign-optimization-horizontal-vertical_scenario,618,238,3,-3,-4,90,90,15,1,46865,WheelchairAgent(Clone),11,10,1.3,1.17,11.30225,1,False,3,0,0
2026-03-06_18.41.58,82,sign-optimization-horizontal-vertical_scenario,618,238,3,-3,-4,90,90,15,1,46866,AdultFemaleAgent(Clone),10,12,1.58,1.45,10.46631,1,False,3,1,0.3333333
2026-03-06_18.41.58,82,sign-optimization-horizontal-vertical_scenario,618,238,3,-3,-4,90,90,15,1,46867,AdultMaleAgent(Clone),7,11,1.71,1.58,8.657227,2,True,2,1,0.5
2026-03-06_18.41.58,82,sign-optimization-horizontal-vertical_scenario,618,238,3,-3,-4,90,90,15,1,46868,AdultFemaleAgent(Clone),7,11,1.58,1.450001,8.339844,2,True,2,1,0.5
2026-03-06_18.41.58,82,sign-optimization-horizontal-vertical_scenario,618,238,3,-3,-4,90,90,15,1,46869,WheelchairAgent(Clone),11,10,1.3,1.17,9.899414,1,False,3,0,0
2026-03-06_18.41.58,82,sign-optimization-horizontal-vertical_scenario,618,238,3,-3,-4,90,90,15,1,46870,WheelchairAgent(Clone),6,12,1.3,1.17,4.822754,1,False,2,1,0.5
2026-03-06_18.41.58,82,sign-optimization-horizontal-vertical_scenario,618,238,3,-3,-4,90,90,15,1,46871,AdultMaleAgent(Clone),5,10,1.71,1.58,11.21875,1,True,2,1,0.5
2026-03-06_18.41.58,82,sign-optimization-horizontal-vertical_scenario,618,238,3,-3,-4,90,90,15,1,46872,AdultFemaleAgent(Clone),6,12,1.58,1.45,3.485352,1,False,2,0,0
2026-03-06_18.41.58,82,sign-optimization-horizontal-vertical_scenario,618,238,3,-3,-4,90,90,15,1,46873,AdultMaleAgent(Clone),10,12,1.71,1.58,17.92773,1,False,3,0,0
2026-03-06_18.41.58,82,sign-optimization-horizontal-vertical_scenario,618,238,3,-3,-4,90,90,15,1,46874,AdultFemaleAgent(Clone),5,10,1.58,1.45,12.67871,1,False,2,1,0.5
2026-03-06_18.41.58,82,sign-optimization-horizontal-vertical_scenario,618,238,3,-3,-4,90,90,15,1,46875,AdultMaleAgent(Clone),5,10,1.71,1.58,10.81494,1,True,2,1,0.5
2026-03-06_18.41.58,82,sign-optimization-horizontal-vertical_scenario,618,238,3,-3,-4,90,90,15,1,46876,WheelchairAgent(Clone),11,10,1.3,1.17,9.151367,1,False,3,0,0
2026-03-06_18.41.58,82,sign-optimization-horizontal-vertical_scenario,618,238,3,-3,-4,90,90,15,1,46877,AdultFemaleAgent(Clone),7,11,1.58,1.450001,7.40625,2,True,2,1,0.5
2026-03-06_18.41.58,82,sign-optimization-horizontal-vertical_scenario,618,238,3,-3,-4,90,90,15,1,46878,AdultFemaleAgent(Clone),5,10,1.58,1.45,11.45557,1,True,2,1,0.5
2026-03-06_18.41.58,82,sign-optimization-horizontal-vertical_scenario,618,238,3,-3,-4,90,90,15,1,46879,AdultFemaleAgent(Clone),7,11,1.58,1.450001,11.5127,2,True,2,1,0.5
2026-03-06_18.41.58,82,sign-optimization-horizontal-vertical_scenario,618,238,3,-3,-4,90,90,15,1,46880,WheelchairAgent(Clone),11,10,1.3,1.17,10.51904,1,False,3,1,0.3333333
2026-03-06_18.41.58,82,sign-optimization-horizontal-vertical_scenario,618,238,3,-3,-4,90,90,15,1,46881,AdultFemaleAgent(Clone),7,11,1.58,1.450001,8.396973,2,True,2,1,0.5
2026-03-06_18.41.58,82,sign-optimization-horizontal-vertical_scenario,618,238,3,-3,-4,90,90,15,1,46882,AdultMaleAgent(Clone),6,12,1.71,1.58,6.468262,1,False,2,1,0.5
2026-03-06_18.41.58,82,sign-optimization-horizontal-vertical_scenario,618,238,3,-3,-4,90,90,15,1,46883,AdultMaleAgent(Clone),7,11,1.71,1.58,8.249512,2,True,2,1,0.5
2026-03-06_18.41.58,82,sign-optimization-horizontal-vertical_scenario,618,238,3,-3,-4,90,90,15,1,46884,AdultFemaleAgent(Clone),6,12,1.58,1.45,6.113281,1,False,2,1,0.5
2026-03-06_18.41.58,82,sign-optimization-horizontal-vertical_scenario,618,238,3,-3,-4,90,90,15,1,46885,AdultMaleAgent(Clone),7,11,1.71,1.58,6.618164,2,True,2,1,0.5
2026-03-06_18.41.58,82,sign-optimization-horizontal-vertical_scenario,618,238,3,-3,-4,90,90,15,1,46886,WheelchairAgent(Clone),6,12,1.3,1.17,7.275391,1,False,2,1,0.5
2026-03-06_18.41.58,82,sign-optimization-horizontal-vertical_scenario,618,238,3,-3,-4,90,90,15,1,46887,AdultMaleAgent(Clone),10,12,1.71,1.58,9.536621,1,False,3,0,0
2026-03-06_18.41.58,82,sign-optimization-horizontal-vertical_scenario,618,238,3,-3,-4,90,90,15,1,46888,AdultMaleAgent(Clone),10,12,1.71,1.58,11.0293,1,False,3,0,0
2026-03-06_18.41.58,82,sign-optimization-horizontal-vertical_scenario,618,238,3,-3,-4,90,90,15,1,46889,WheelchairAgent(Clone),6,12,1.3,1.17,7.220215,1,False,2,1,0.5
2026-03-06_18.41.58,82,sign-optimization-horizontal-vertical_scenario,618,238,3,-3,-4,90,90,15,1,46890,WheelchairAgent(Clone),11,10,1.3,1.17,8.065918,1,False,3,0,0
2026-03-06_18.41.58,82,sign-optimization-horizontal-vertical_scenario,618,238,3,-3,-4,90,90,15,1,46891,AdultMaleAgent(Clone),6,12,1.71,1.58,10.08789,1,False,2,1,0.5
2026-03-06_18.41.58,82,sign-optimization-horizontal-vertical_scenario,618,238,3,-3,-4,90,90,15,1,46892,AdultFemaleAgent(Clone),10,12,1.58,1.45,10.14355,2,False,3,1,0.3333333
2026-03-06_18.41.58,82,sign-optimization-horizontal-vertical_scenario,618,238,3,-3,-4,90,90,15,1,46893,WheelchairAgent(Clone),7,11,1.3,1.17,18.12695,2,True,2,1,0.5
2026-03-06_18.41.58,82,sign-optimization-horizontal-vertical_scenario,618,238,3,-3,-4,90,90,15,1,46894,AdultFemaleAgent(Clone),7,11,1.58,1.450001,9.310059,2,True,2,1,0.5
2026-03-06_18.41.58,82,sign-optimization-horizontal-vertical_scenario,618,238,3,-3,-4,90,90,15,1,46895,WheelchairAgent(Clone),5,10,1.3,1.17,9.928223,1,True,2,1,0.5
2026-03-06_18.41.58,82,sign-optimization-horizontal-vertical_scenario,618,238,3,-3,-4,90,90,15,1,46896,AdultMaleAgent(Clone),7,11,1.71,1.58,10.02441,2,True,2,1,0.5
2026-03-06_18.41.58,82,sign-optimization-horizontal-vertical_scenario,618,238,3,-3,-4,90,90,15,1,46897,AdultFemaleAgent(Clone),7,11,1.58,1.450001,7.612793,2,True,2,1,0.5
2026-03-06_18.41.58,82,sign-optimization-horizontal-vertical_scenario,618,238,3,-3,-4,90,90,15,1,46898,AdultMaleAgent(Clone),11,10,1.71,1.58,10.08008,1,False,3,0,0
2026-03-06_18.41.58,82,sign-optimization-horizontal-vertical_scenario,618,238,3,-3,-4,90,90,15,1,46899,WheelchairAgent(Clone),11,10,1.3,1.17,12.38135,1,False,3,1,0.3333333
2026-03-06_18.41.58,82,sign-optimization-horizontal-vertical_scenario,618,238,3,-3,-4,90,90,15,1,46900,AdultFemaleAgent(Clone),6,12,1.58,1.45,4.680664,1,False,2,1,0.5
2026-03-06_18.41.58,82,sign-optimization-horizontal-vertical_scenario,618,238,3,-3,-4,90,90,15,1,46901,WheelchairAgent(Clone),6,12,1.3,1.17,4.256348,1,False,2,1,0.5
2026-03-06_18.41.58,82,sign-optimization-horizontal-vertical_scenario,618,238,3,-3,-4,90,90,15,1,46902,WheelchairAgent(Clone),5,10,1.3,1.17,9.671875,1,True,2,1,0.5
2026-03-06_18.41.58,82,sign-optimization-horizontal-vertical_scenario,618,238,3,-3,-4,90,90,15,1,46903,AdultMaleAgent(Clone),7,11,1.71,1.58,6.555664,2,True,2,1,0.5
2026-03-06_18.41.58,82,sign-optimization-horizontal-vertical_scenario,618,238,3,-3,-4,90,90,15,1,46904,AdultFemaleAgent(Clone),7,11,1.58,1.450001,7.594238,2,True,2,1,0.5
2026-03-06_18.41.58,82,sign-optimization-horizontal-vertical_scenario,618,238,3,-3,-4,90,90,15,1,46905,WheelchairAgent(Clone),11,10,1.3,1.17,11.37891,1,False,3,0,0
2026-03-06_18.41.58,82,sign-optimization-horizontal-vertical_scenario,618,238,3,-3,-4,90,90,15,1,46906,WheelchairAgent(Clone),10,12,1.3,1.17,12.14111,1,False,3,1,0.3333333
2026-03-06_18.41.58,82,sign-optimization-horizontal-vertical_scenario,618,238,3,-3,-4,90,90,15,1,46907,AdultMaleAgent(Clone),5,10,1.71,1.58,7.86377,1,True,2,1,0.5
2026-03-06_18.41.58,82,sign-optimization-horizontal-vertical_scenario,618,238,3,-3,-4,90,90,15,1,46908,WheelchairAgent(Clone),10,12,1.3,1.17,9.433594,1,False,3,0,0
2026-03-06_18.41.58,82,sign-optimization-horizontal-vertical_scenario,618,238,3,-3,-4,90,90,15,1,46909,AdultMaleAgent(Clone),10,12,1.71,1.58,9.503418,1,False,3,2,0.6666667
2026-03-06_18.41.58,82,sign-optimization-horizontal-vertical_scenario,618,238,3,-3,-4,90,90,15,1,46910,AdultFemaleAgent(Clone),7,11,1.58,1.450001,8.142578,2,True,2,1,0.5
2026-03-06_18.41.58,82,sign-optimization-horizontal-vertical_scenario,618,238,3,-3,-4,90,90,15,1,46911,WheelchairAgent(Clone),10,12,1.3,1.17,10.14697,1,False,3,1,0.3333333
2026-03-06_18.41.58,82,sign-optimization-horizontal-vertical_scenario,618,238,3,-3,-4,90,90,15,1,46912,AdultMaleAgent(Clone),6,12,1.71,1.58,10.82227,1,True,2,1,0.5
2026-03-06_18.41.58,82,sign-optimization-horizontal-vertical_scenario,618,238,3,-3,-4,90,90,15,1,46913,AdultFemaleAgent(Clone),10,12,1.58,1.45,7.936523,1,False,3,0,0
2026-03-06_18.41.58,82,sign-optimization-horizontal-vertical_scenario,618,238,3,-3,-4,90,90,15,1,46914,AdultFemaleAgent(Clone),10,12,1.58,1.45,7.932129,1,False,3,0,0
2026-03-06_18.41.58,82,sign-optimization-horizontal-vertical_scenario,618,238,3,-3,-4,90,90,15,1,46915,AdultFemaleAgent(Clone),5,10,1.58,1.45,10.52148,1,True,2,1,0.5
2026-03-06_18.41.58,82,sign-optimization-horizontal-vertical_scenario,618,238,3,-3,-4,90,90,15,1,46916,AdultMaleAgent(Clone),11,10,1.71,1.58,13.21777,1,True,3,1,0.3333333
2026-03-06_18.41.58,82,sign-optimization-horizontal-vertical_scenario,618,238,3,-3,-4,90,90,15,1,46917,WheelchairAgent(Clone),7,11,1.3,1.17,8.188477,2,True,2,1,0.5
2026-03-06_18.41.58,82,sign-optimization-horizontal-vertical_scenario,618,238,3,-3,-4,90,90,15,1,46918,AdultFemaleAgent(Clone),6,12,1.58,1.45,7.682617,1,False,2,1,0.5
2026-03-06_18.41.58,82,sign-optimization-horizontal-vertical_scenario,618,238,3,-3,-4,90,90,15,1,46919,AdultFemaleAgent(Clone),7,11,1.58,1.450001,8.749023,2,True,2,1,0.5
2026-03-06_18.41.58,82,sign-optimization-horizontal-vertical_scenario,618,238,3,-3,-4,90,90,15,1,46920,AdultMaleAgent(Clone),5,10,1.71,1.58,8.204102,1,True,2,1,0.5
2026-03-06_18.41.58,82,sign-optimization-horizontal-vertical_scenario,618,238,3,-3,-4,90,90,15,1,46921,AdultMaleAgent(Clone),7,11,1.71,1.58,11.82715,2,True,2,1,0.5
2026-03-06_18.41.58,82,sign-optimization-horizontal-vertical_scenario,618,238,3,-3,-4,90,90,15,1,46922,WheelchairAgent(Clone),6,12,1.3,1.17,11.3667,1,False,2,0,0
2026-03-06_18.41.58,82,sign-optimization-horizontal-vertical_scenario,618,238,3,-3,-4,90,90,15,1,46923,WheelchairAgent(Clone),11,10,1.3,1.17,23.2334,1,True,3,1,0.3333333
2026-03-06_18.41.58,82,sign-optimization-horizontal-vertical_scenario,618,238,3,-3,-4,90,90,15,1,46924,WheelchairAgent(Clone),7,11,1.3,1.17,8.904297,2,True,2,1,0.5
2026-03-06_18.41.58,82,sign-optimization-horizontal-vertical_scenario,618,238,3,-3,-4,90,90,15,1,46925,WheelchairAgent(Clone),11,10,1.3,1.17,11.66455,1,False,3,0,0
2026-03-06_18.41.58,82,sign-optimization-horizontal-vertical_scenario,618,238,3,-3,-4,90,90,15,1,46926,WheelchairAgent(Clone),5,10,1.3,1.17,10.21875,1,False,2,1,0.5
2026-03-06_18.41.58,82,sign-optimization-horizontal-vertical_scenario,618,238,3,-3,-4,90,90,15,1,46927,WheelchairAgent(Clone),11,10,1.3,1.17,9.958496,1,False,3,0,0
2026-03-06_18.41.58,82,sign-optimization-horizontal-vertical_scenario,618,238,3,-3,-4,90,90,15,1,46928,AdultFemaleAgent(Clone),6,12,1.58,1.45,9.378418,1,False,2,1,0.5
2026-03-06_18.41.58,82,sign-optimization-horizontal-vertical_scenario,618,238,3,-3,-4,90,90,15,1,46929,AdultMaleAgent(Clone),5,10,1.71,1.58,8.705078,1,True,2,1,0.5
2026-03-06_18.41.58,82,sign-optimization-horizontal-vertical_scenario,618,238,3,-3,-4,90,90,15,1,46930,AdultMaleAgent(Clone),5,10,1.71,1.58,10.30859,1,True,2,1,0.5
2026-03-06_18.41.58,82,sign-optimization-horizontal-vertical_scenario,618,238,3,-3,-4,90,90,15,1,46931,AdultMaleAgent(Clone),10,12,1.71,1.58,14.25781,1,False,3,0,0
2026-03-06_18.41.58,82,sign-optimization-horizontal-vertical_scenario,618,238,3,-3,-4,90,90,15,1,46932,AdultMaleAgent(Clone),11,10,1.71,1.58,10.15088,1,False,3,0,0
2026-03-06_18.41.58,82,sign-optimization-horizontal-vertical_scenario,618,238,3,-3,-4,90,90,15,1,46933,WheelchairAgent(Clone),5,10,1.3,1.17,9.566895,1,True,2,1,0.5
2026-03-06_18.41.58,82,sign-optimization-horizontal-vertical_scenario,618,238,3,-3,-4,90,90,15,1,46934,WheelchairAgent(Clone),7,11,1.3,1.17,8.856445,2,True,2,1,0.5
2026-03-06_18.41.58,82,sign-optimization-horizontal-vertical_scenario,618,238,3,-3,-4,90,90,15,1,46935,WheelchairAgent(Clone),11,10,1.3,1.17,8.602539,1,False,3,0,0
2026-03-06_18.41.58,82,sign-optimization-horizontal-vertical_scenario,618,238,3,-3,-4,90,90,15,1,46936,AdultFemaleAgent(Clone),11,10,1.58,1.450001,10.62207,1,False,3,0,0
2026-03-06_18.41.58,82,sign-optimization-horizontal-vertical_scenario,618,238,3,-3,-4,90,90,15,1,46937,AdultMaleAgent(Clone),6,12,1.71,1.58,8.012695,1,True,2,1,0.5
2026-03-06_18.41.58,82,sign-optimization-horizontal-vertical_scenario,618,238,3,-3,-4,90,90,15,1,46938,AdultFemaleAgent(Clone),5,10,1.58,1.45,10.44727,1,True,2,1,0.5
2026-03-06_18.41.58,82,sign-optimization-horizontal-vertical_scenario,618,238,3,-3,-4,90,90,15,1,46939,WheelchairAgent(Clone),10,12,1.3,1.17,10.12598,1,False,3,1,0.3333333
2026-03-06_18.41.58,82,sign-optimization-horizontal-vertical_scenario,618,238,3,-3,-4,90,90,15,1,46940,AdultMaleAgent(Clone),10,12,1.71,1.58,11.08203,1,False,3,0,0
2026-03-06_18.41.58,82,sign-optimization-horizontal-vertical_scenario,618,238,3,-3,-4,90,90,15,1,46941,AdultMaleAgent(Clone),5,10,1.71,1.58,8.558594,1,True,2,1,0.5
2026-03-06_18.41.58,82,sign-optimization-horizontal-vertical_scenario,618,238,3,-3,-4,90,90,15,1,46942,AdultMaleAgent(Clone),10,12,1.71,1.58,8.710449,1,False,3,2,0.6666667
2026-03-06_18.41.58,82,sign-optimization-horizontal-vertical_scenario,618,238,3,-3,-4,90,90,15,1,46943,AdultMaleAgent(Clone),6,12,1.71,1.58,11.07813,1,True,2,1,0.5
2026-03-06_18.41.58,82,sign-optimization-horizontal-vertical_scenario,618,238,3,-3,-4,90,90,15,1,46944,WheelchairAgent(Clone),10,12,1.3,1.17,10.86475,1,False,3,1,0.3333333
2026-03-06_18.41.58,82,sign-optimization-horizontal-vertical_scenario,618,238,3,-3,-4,90,90,15,1,46945,AdultFemaleAgent(Clone),10,12,1.58,1.45,9.608887,1,False,3,1,0.3333333
2026-03-06_18.41.58,82,sign-optimization-horizontal-vertical_scenario,618,238,3,-3,-4,90,90,15,1,46946,AdultMaleAgent(Clone),11,10,1.71,1.58,8.833984,1,False,3,0,0
2026-03-06_18.41.58,82,sign-optimization-horizontal-vertical_scenario,618,238,3,-3,-4,90,90,15,1,46947,AdultMaleAgent(Clone),10,12,1.71,1.58,8.816406,1,False,3,2,0.6666667
2026-03-06_18.41.58,82,sign-optimization-horizontal-vertical_scenario,618,238,3,-3,-4,90,90,15,1,46948,WheelchairAgent(Clone),6,12,1.3,1.17,7.756836,1,False,2,1,0.5
2026-03-06_18.41.58,82,sign-optimization-horizontal-vertical_scenario,618,238,3,-3,-4,90,90,15,1,46949,AdultFemaleAgent(Clone),10,12,1.58,1.45,10.15039,1,False,3,0,0
2026-03-06_18.41.58,82,sign-optimization-horizontal-vertical_scenario,618,238,3,-3,-4,90,90,15,1,46950,WheelchairAgent(Clone),5,10,1.3,1.17,8.672363,1,True,2,1,0.5
2026-03-06_18.41.58,82,sign-optimization-horizontal-vertical_scenario,618,238,3,-3,-4,90,90,15,1,46951,WheelchairAgent(Clone),6,12,1.3,1.17,5.270508,1,False,2,1,0.5
2026-03-06_18.41.58,82,sign-optimization-horizontal-vertical_scenario,618,238,3,-3,-4,90,90,15,1,46952,AdultMaleAgent(Clone),5,10,1.71,1.58,10.81934,1,True,2,1,0.5
2026-03-06_18.41.58,82,sign-optimization-horizontal-vertical_scenario,618,238,3,-3,-4,90,90,15,1,46953,WheelchairAgent(Clone),7,11,1.3,1.17,8.469727,2,True,2,1,0.5
2026-03-06_18.41.58,82,sign-optimization-horizontal-vertical_scenario,618,238,3,-3,-4,90,90,15,1,46954,WheelchairAgent(Clone),10,12,1.3,1.17,10.08936,1,False,3,0,0
2026-03-06_18.41.58,82,sign-optimization-horizontal-vertical_scenario,618,238,3,-3,-4,90,90,15,1,46955,AdultMaleAgent(Clone),7,11,1.71,1.58,6.929199,2,True,2,1,0.5
2026-03-06_18.41.58,82,sign-optimization-horizontal-vertical_scenario,618,238,3,-3,-4,90,90,15,1,46956,AdultFemaleAgent(Clone),5,10,1.58,1.45,9.874023,1,False,2,1,0.5
2026-03-06_18.41.58,82,sign-optimization-horizontal-vertical_scenario,618,238,3,-3,-4,90,90,15,1,46957,AdultFemaleAgent(Clone),6,12,1.58,1.45,9.741211,1,False,2,1,0.5
2026-03-06_18.41.58,82,sign-optimization-horizontal-vertical_scenario,618,238,3,-3,-4,90,90,15,1,46958,AdultMaleAgent(Clone),5,10,1.71,1.58,9.36377,1,True,2,1,0.5
2026-03-06_18.41.58,82,sign-optimization-horizontal-vertical_scenario,618,238,3,-3,-4,90,90,15,1,46959,AdultFemaleAgent(Clone),6,12,1.58,1.45,5.331543,1,False,2,1,0.5
2026-03-06_18.41.58,82,sign-optimization-horizontal-vertical_scenario,618,238,3,-3,-4,90,90,15,1,46960,AdultFemaleAgent(Clone),10,12,1.58,1.45,13.7041,1,False,3,0,0
2026-03-06_18.41.58,82,sign-optimization-horizontal-vertical_scenario,618,238,3,-3,-4,90,90,15,1,46961,AdultFemaleAgent(Clone),6,12,1.58,1.45,8.291016,1,True,2,1,0.5
2026-03-06_18.41.58,82,sign-optimization-horizontal-vertical_scenario,618,238,3,-3,-4,90,90,15,1,46962,AdultMaleAgent(Clone),7,11,1.71,1.58,8.675293,2,True,2,1,0.5
2026-03-06_18.41.58,82,sign-optimization-horizontal-vertical_scenario,618,238,3,-3,-4,90,90,15,1,46963,AdultFemaleAgent(Clone),7,11,1.58,1.450001,7.261719,1,True,2,1,0.5
2026-03-06_18.41.58,82,sign-optimization-horizontal-vertical_scenario,618,238,3,-3,-4,90,90,15,1,46964,AdultMaleAgent(Clone),10,12,1.71,1.58,9.20752,1,False,3,2,0.6666667
2026-03-06_18.41.58,82,sign-optimization-horizontal-vertical_scenario,618,238,3,-3,-4,90,90,15,1,46965,AdultMaleAgent(Clone),11,10,1.71,1.58,7.577637,1,False,3,0,0
2026-03-06_18.41.58,82,sign-optimization-horizontal-vertical_scenario,618,238,3,-3,-4,90,90,15,1,46966,WheelchairAgent(Clone),6,12,1.3,1.17,6.115723,1,False,2,1,0.5
2026-03-06_18.41.58,82,sign-optimization-horizontal-vertical_scenario,618,238,3,-3,-4,90,90,15,1,46967,AdultFemaleAgent(Clone),7,11,1.58,1.450001,9.217773,2,True,2,1,0.5
2026-03-06_18.41.58,82,sign-optimization-horizontal-vertical_scenario,618,238,3,-3,-4,90,90,15,1,46968,WheelchairAgent(Clone),11,10,1.3,1.17,8.03125,1,False,3,0,0
2026-03-06_18.41.58,82,sign-optimization-horizontal-vertical_scenario,618,238,3,-3,-4,90,90,15,1,46969,AdultMaleAgent(Clone),11,10,1.71,1.58,8.816895,1,False,3,0,0
2026-03-06_18.41.58,82,sign-optimization-horizontal-vertical_scenario,618,238,3,-3,-4,90,90,15,1,46970,AdultFemaleAgent(Clone),5,10,1.58,1.45,9.994629,1,True,2,1,0.5
2026-03-06_18.41.58,82,sign-optimization-horizontal-vertical_scenario,618,238,3,-3,-4,90,90,15,1,46971,AdultFemaleAgent(Clone),5,10,1.58,1.45,9.203125,1,True,2,1,0.5
2026-03-06_18.41.58,82,sign-optimization-horizontal-vertical_scenario,618,238,3,-3,-4,90,90,15,1,46972,WheelchairAgent(Clone),7,11,1.3,1.17,6.814453,2,True,2,1,0.5
2026-03-06_18.41.58,82,sign-optimization-horizontal-vertical_scenario,618,238,3,-3,-4,90,90,15,1,46973,AdultMaleAgent(Clone),5,10,1.71,1.58,11.81494,1,True,2,1,0.5
2026-03-06_18.41.58,82,sign-optimization-horizontal-vertical_scenario,618,238,3,-3,-4,90,90,15,1,46974,AdultFemaleAgent(Clone),5,10,1.58,1.45,8.407227,1,True,2,1,0.5
2026-03-06_18.41.58,82,sign-optimization-horizontal-vertical_scenario,618,238,3,-3,-4,90,90,15,1,46975,AdultFemaleAgent(Clone),7,11,1.58,1.450001,7.253418,2,True,2,1,0.5
2026-03-06_18.41.58,82,sign-optimization-horizontal-vertical_scenario,618,238,3,-3,-4,90,90,15,1,46976,AdultFemaleAgent(Clone),5,10,1.58,1.45,11.00781,1,True,2,1,0.5
2026-03-06_18.41.58,82,sign-optimization-horizontal-vertical_scenario,618,238,3,-3,-4,90,90,15,1,46977,WheelchairAgent(Clone),5,10,1.3,1.17,7.605469,1,False,2,1,0.5
2026-03-06_18.41.58,82,sign-optimization-horizontal-vertical_scenario,618,238,3,-3,-4,90,90,15,1,46978,AdultMaleAgent(Clone),6,12,1.71,1.58,8.908691,1,False,2,1,0.5
2026-03-06_18.41.58,82,sign-optimization-horizontal-vertical_scenario,618,238,3,-3,-4,90,90,15,1,46979,WheelchairAgent(Clone),7,11,1.3,1.17,11.05957,2,True,2,1,0.5
2026-03-06_18.41.58,82,sign-optimization-horizontal-vertical_scenario,618,238,3,-3,-4,90,90,15,1,46980,AdultFemaleAgent(Clone),11,10,1.58,1.450001,12.35107,1,False,3,0,0
2026-03-06_18.41.58,82,sign-optimization-horizontal-vertical_scenario,618,238,3,-3,-4,90,90,15,1,46981,WheelchairAgent(Clone),11,10,1.3,1.17,5.461426,2,False,3,1,0.3333333
2026-03-06_18.41.58,82,sign-optimization-horizontal-vertical_scenario,618,238,3,-3,-4,90,90,15,1,46982,AdultMaleAgent(Clone),10,12,1.71,1.58,9.208984,1,True,3,1,0.3333333
2026-03-06_18.41.58,82,sign-optimization-horizontal-vertical_scenario,618,238,3,-3,-4,90,90,15,1,46983,AdultFemaleAgent(Clone),7,11,1.58,1.450001,8.392578,2,True,2,1,0.5
2026-03-06_18.41.58,82,sign-optimization-horizontal-vertical_scenario,618,238,3,-3,-4,90,90,15,1,46984,AdultMaleAgent(Clone),7,11,1.71,1.58,7.474609,2,True,2,1,0.5
2026-03-06_18.41.58,82,sign-optimization-horizontal-vertical_scenario,618,238,3,-3,-4,90,90,15,1,46985,AdultFemaleAgent(Clone),6,12,1.58,1.45,10.83789,1,False,2,1,0.5
2026-03-06_18.41.58,82,sign-optimization-horizontal-vertical_scenario,618,238,3,-3,-4,90,90,15,1,46986,AdultFemaleAgent(Clone),11,10,1.58,1.450001,14.12744,1,False,3,1,0.3333333
2026-03-06_18.41.58,82,sign-optimization-horizontal-vertical_scenario,618,238,3,-3,-4,90,90,15,1,46987,AdultFemaleAgent(Clone),7,11,1.58,1.450001,9.25,2,True,2,1,0.5
2026-03-06_18.41.58,82,sign-optimization-horizontal-vertical_scenario,618,238,3,-3,-4,90,90,15,1,46988,WheelchairAgent(Clone),11,10,1.3,1.17,5.689941,2,False,3,0,0
2026-03-06_18.41.58,82,sign-optimization-horizontal-vertical_scenario,618,238,3,-3,-4,90,90,15,1,46989,WheelchairAgent(Clone),6,12,1.3,1.17,9.859375,1,False,2,1,0.5
2026-03-06_18.41.58,82,sign-optimization-horizontal-vertical_scenario,618,238,3,-3,-4,90,90,15,1,46990,AdultMaleAgent(Clone),10,12,1.71,1.58,9.736816,1,False,3,0,0
2026-03-06_18.41.58,82,sign-optimization-horizontal-vertical_scenario,618,238,3,-3,-4,90,90,15,1,46991,AdultMaleAgent(Clone),5,10,1.71,1.58,12.50293,1,True,2,1,0.5
2026-03-06_18.41.58,82,sign-optimization-horizontal-vertical_scenario,618,238,3,-3,-4,90,90,15,1,46992,WheelchairAgent(Clone),11,10,1.3,1.17,12.11377,1,False,3,0,0
2026-03-06_18.41.58,82,sign-optimization-horizontal-vertical_scenario,618,238,3,-3,-4,90,90,15,1,46993,WheelchairAgent(Clone),7,11,1.3,1.17,7.259277,2,True,2,1,0.5
2026-03-06_18.41.58,82,sign-optimization-horizontal-vertical_scenario,618,238,3,-3,-4,90,90,15,1,46994,AdultFemaleAgent(Clone),7,11,1.58,1.450001,8.440918,2,True,2,1,0.5
2026-03-06_18.41.58,82,sign-optimization-horizontal-vertical_scenario,618,238,3,-3,-4,90,90,15,1,46995,AdultMaleAgent(Clone),10,12,1.71,1.58,9.105957,1,False,3,0,0
2026-03-06_18.41.58,82,sign-optimization-horizontal-vertical_scenario,618,238,3,-3,-4,90,90,15,1,46996,AdultFemaleAgent(Clone),5,10,1.58,1.45,8.538086,1,True,2,1,0.5
2026-03-06_18.41.58,82,sign-optimization-horizontal-vertical_scenario,618,238,3,-3,-4,90,90,15,1,46997,AdultFemaleAgent(Clone),11,10,1.58,1.450001,5.463379,2,False,3,0,0
2026-03-06_18.41.58,82,sign-optimization-horizontal-vertical_scenario,618,238,3,-3,-4,90,90,15,1,46998,AdultFemaleAgent(Clone),6,12,1.58,1.45,5.895508,1,True,2,1,0.5
2026-03-06_18.41.58,82,sign-optimization-horizontal-vertical_scenario,618,238,3,-3,-4,90,90,15,1,46999,WheelchairAgent(Clone),5,10,1.3,1.17,10.01123,1,True,2,1,0.5
2026-03-06_18.41.58,82,sign-optimization-horizontal-vertical_scenario,618,238,3,-3,-4,90,90,15,1,47000,AdultFemaleAgent(Clone),6,12,1.58,1.45,5.273438,1,False,2,1,0.5
2026-03-06_18.41.58,82,sign-optimization-horizontal-vertical_scenario,618,238,3,-3,-4,90,90,15,1,47001,AdultFemaleAgent(Clone),6,12,1.58,1.45,8.945801,1,False,2,1,0.5
2026-03-06_18.41.58,82,sign-optimization-horizontal-vertical_scenario,618,238,3,-3,-4,90,90,15,1,47002,AdultMaleAgent(Clone),6,12,1.71,1.58,6.304199,1,False,2,1,0.5
2026-03-06_18.41.58,82,sign-optimization-horizontal-vertical_scenario,618,238,3,-3,-4,90,90,15,1,47003,WheelchairAgent(Clone),6,12,1.3,1.17,9.549805,1,False,2,1,0.5
2026-03-06_18.41.58,82,sign-optimization-horizontal-vertical_scenario,618,238,3,-3,-4,90,90,15,1,47004,WheelchairAgent(Clone),10,12,1.3,1.17,9.743652,1,False,3,0,0
2026-03-06_18.41.58,82,sign-optimization-horizontal-vertical_scenario,618,238,3,-3,-4,90,90,15,1,47005,WheelchairAgent(Clone),6,12,1.3,1.17,6.139648,1,False,2,1,0.5
2026-03-06_18.41.58,82,sign-optimization-horizontal-vertical_scenario,618,238,3,-3,-4,90,90,15,1,47006,WheelchairAgent(Clone),6,12,1.3,1.17,4.5,1,False,2,1,0.5
2026-03-06_18.41.58,82,sign-optimization-horizontal-vertical_scenario,618,238,3,-3,-4,90,90,15,1,47007,AdultFemaleAgent(Clone),5,10,1.58,1.45,8.891602,1,True,2,1,0.5
2026-03-06_18.41.58,82,sign-optimization-horizontal-vertical_scenario,618,238,3,-3,-4,90,90,15,1,47008,AdultMaleAgent(Clone),7,11,1.71,1.58,10.14063,2,True,2,1,0.5
2026-03-06_18.41.58,82,sign-optimization-horizontal-vertical_scenario,618,238,3,-3,-4,90,90,15,1,47009,AdultMaleAgent(Clone),7,11,1.71,1.58,9.831055,2,True,2,1,0.5
2026-03-06_18.41.58,82,sign-optimization-horizontal-vertical_scenario,618,238,3,-3,-4,90,90,15,1,47010,AdultFemaleAgent(Clone),5,10,1.58,1.45,12.27832,1,True,2,1,0.5
2026-03-06_18.41.58,82,sign-optimization-horizontal-vertical_scenario,618,238,3,-3,-4,90,90,15,1,47011,AdultFemaleAgent(Clone),11,10,1.58,1.450001,5.830566,2,False,3,1,0.3333333
2026-03-06_18.41.58,82,sign-optimization-horizontal-vertical_scenario,618,238,3,-3,-4,90,90,15,1,47012,AdultMaleAgent(Clone),7,11,1.71,1.58,7.179199,2,True,2,1,0.5
2026-03-06_18.41.58,82,sign-optimization-horizontal-vertical_scenario,618,238,3,-3,-4,90,90,15,1,47013,WheelchairAgent(Clone),11,10,1.3,1.17,4.998047,2,False,3,0,0
2026-03-06_18.41.58,82,sign-optimization-horizontal-vertical_scenario,618,238,3,-3,-4,90,90,15,1,47014,WheelchairAgent(Clone),7,11,1.3,1.17,9.551758,2,True,2,1,0.5
2026-03-06_18.41.58,82,sign-optimization-horizontal-vertical_scenario,618,238,3,-3,-4,90,90,15,1,47015,WheelchairAgent(Clone),11,10,1.3,1.17,5.257813,2,False,3,0,0
2026-03-06_18.41.58,82,sign-optimization-horizontal-vertical_scenario,618,238,3,-3,-4,90,90,15,1,47016,WheelchairAgent(Clone),6,12,1.3,1.17,4.632324,1,False,2,1,0.5
2026-03-06_18.41.58,82,sign-optimization-horizontal-vertical_scenario,618,238,3,-3,-4,90,90,15,1,47017,AdultMaleAgent(Clone),7,11,1.71,1.58,8.311035,2,True,2,1,0.5
2026-03-06_18.41.58,82,sign-optimization-horizontal-vertical_scenario,618,238,3,-3,-4,90,90,15,1,47018,WheelchairAgent(Clone),10,12,1.3,1.17,9.070801,1,False,3,2,0.6666667
2026-03-06_18.41.58,82,sign-optimization-horizontal-vertical_scenario,618,238,3,-3,-4,90,90,15,1,47019,AdultFemaleAgent(Clone),10,12,1.58,1.45,17.73682,1,False,3,0,0
2026-03-06_18.41.58,82,sign-optimization-horizontal-vertical_scenario,618,238,3,-3,-4,90,90,15,1,47020,AdultMaleAgent(Clone),6,12,1.71,1.58,9.477051,1,True,2,1,0.5
2026-03-06_18.41.58,82,sign-optimization-horizontal-vertical_scenario,618,238,3,-3,-4,90,90,15,1,47021,AdultMaleAgent(Clone),10,12,1.71,1.58,11.51025,1,False,3,0,0
2026-03-06_18.41.58,82,sign-optimization-horizontal-vertical_scenario,618,238,3,-3,-4,90,90,15,1,47022,WheelchairAgent(Clone),6,12,1.3,1.17,4.177734,1,False,2,1,0.5
2026-03-06_18.41.58,82,sign-optimization-horizontal-vertical_scenario,618,238,3,-3,-4,90,90,15,1,47023,WheelchairAgent(Clone),6,12,1.3,1.17,5.619629,1,False,2,1,0.5
2026-03-06_18.41.58,82,sign-optimization-horizontal-vertical_scenario,618,238,3,-3,-4,90,90,15,1,47024,WheelchairAgent(Clone),7,11,1.3,1.17,6.756348,2,True,2,1,0.5
2026-03-06_18.41.58,82,sign-optimization-horizontal-vertical_scenario,618,238,3,-3,-4,90,90,15,1,47025,AdultMaleAgent(Clone),11,10,1.71,1.58,5.159668,2,False,3,0,0
2026-03-06_18.41.58,82,sign-optimization-horizontal-vertical_scenario,618,238,3,-3,-4,90,90,15,1,47026,AdultFemaleAgent(Clone),10,12,1.58,1.45,12.30078,1,False,3,1,0.3333333
2026-03-06_18.41.58,82,sign-optimization-horizontal-vertical_scenario,618,238,3,-3,-4,90,90,15,1,47027,AdultMaleAgent(Clone),5,10,1.71,1.58,7.766113,1,True,2,1,0.5
2026-03-06_18.41.58,82,sign-optimization-horizontal-vertical_scenario,618,238,3,-3,-4,90,90,15,1,47028,WheelchairAgent(Clone),7,11,1.3,1.17,8.573242,2,True,2,1,0.5
2026-03-06_18.41.58,82,sign-optimization-horizontal-vertical_scenario,618,238,3,-3,-4,90,90,15,1,47029,AdultMaleAgent(Clone),6,12,1.71,1.58,10.71582,1,True,2,1,0.5
2026-03-06_18.41.58,82,sign-optimization-horizontal-vertical_scenario,618,238,3,-3,-4,90,90,15,1,47030,AdultMaleAgent(Clone),11,10,1.71,1.58,5.789063,2,False,3,0,0
2026-03-06_18.41.58,82,sign-optimization-horizontal-vertical_scenario,618,238,3,-3,-4,90,90,15,1,47031,AdultFemaleAgent(Clone),6,12,1.58,1.45,11.25586,1,True,2,1,0.5
2026-03-06_18.41.58,82,sign-optimization-horizontal-vertical_scenario,618,238,3,-3,-4,90,90,15,1,47032,WheelchairAgent(Clone),6,12,1.3,1.17,7.172363,1,False,2,1,0.5
2026-03-06_18.41.58,82,sign-optimization-horizontal-vertical_scenario,618,238,3,-3,-4,90,90,15,1,47033,AdultMaleAgent(Clone),11,10,1.71,1.58,9.288574,1,False,3,0,0
2026-03-06_18.41.58,82,sign-optimization-horizontal-vertical_scenario,618,238,3,-3,-4,90,90,15,1,47034,WheelchairAgent(Clone),11,10,1.3,1.17,5.161133,2,False,3,0,0
2026-03-06_18.41.58,82,sign-optimization-horizontal-vertical_scenario,618,238,3,-3,-4,90,90,15,1,47035,WheelchairAgent(Clone),7,11,1.3,1.17,9.955566,2,True,2,1,0.5
2026-03-06_18.41.58,82,sign-optimization-horizontal-vertical_scenario,618,238,3,-3,-4,90,90,15,1,47036,AdultMaleAgent(Clone),5,10,1.71,1.58,9.35498,1,True,2,1,0.5
2026-03-06_18.41.58,82,sign-optimization-horizontal-vertical_scenario,618,238,3,-3,-4,90,90,15,1,47037,AdultFemaleAgent(Clone),10,12,1.58,1.45,9.101563,1,False,3,1,0.3333333
2026-03-06_18.41.58,82,sign-optimization-horizontal-vertical_scenario,618,238,3,-3,-4,90,90,15,1,47038,AdultMaleAgent(Clone),6,12,1.71,1.58,2.777344,1,False,2,0,0
2026-03-06_18.41.58,82,sign-optimization-horizontal-vertical_scenario,618,238,3,-3,-4,90,90,15,1,47039,WheelchairAgent(Clone),7,11,1.3,1.17,15.9209,2,False,2,1,0.5
2026-03-06_18.41.58,82,sign-optimization-horizontal-vertical_scenario,618,238,3,-3,-4,90,90,15,1,47040,WheelchairAgent(Clone),5,10,1.3,1.17,8.317383,1,True,2,1,0.5
2026-03-06_18.41.58,82,sign-optimization-horizontal-vertical_scenario,618,238,3,-3,-4,90,90,15,1,47041,AdultMaleAgent(Clone),6,12,1.71,1.58,8.741211,1,True,2,1,0.5
2026-03-06_18.41.58,82,sign-optimization-horizontal-vertical_scenario,618,238,3,-3,-4,90,90,15,1,47042,AdultFemaleAgent(Clone),7,11,1.58,1.450001,8.376953,2,True,2,1,0.5
2026-03-06_18.41.58,82,sign-optimization-horizontal-vertical_scenario,618,238,3,-3,-4,90,90,15,1,47043,WheelchairAgent(Clone),7,11,1.3,1.17,9.47998,2,True,2,1,0.5
2026-03-06_18.41.58,82,sign-optimization-horizontal-vertical_scenario,618,238,3,-3,-4,90,90,15,1,47044,WheelchairAgent(Clone),10,12,1.3,1.17,9.765137,1,False,3,1,0.3333333
2026-03-06_18.41.58,82,sign-optimization-horizontal-vertical_scenario,618,238,3,-3,-4,90,90,15,1,47045,WheelchairAgent(Clone),10,12,1.3,1.17,10.18359,1,False,3,1,0.3333333
2026-03-06_18.41.58,82,sign-optimization-horizontal-vertical_scenario,618,238,3,-3,-4,90,90,15,1,47046,AdultFemaleAgent(Clone),6,12,1.58,1.45,2.704102,1,False,2,0,0
2026-03-06_18.41.58,82,sign-optimization-horizontal-vertical_scenario,618,238,3,-3,-4,90,90,15,1,47047,AdultFemaleAgent(Clone),10,12,1.58,1.45,8.598633,1,False,3,1,0.3333333
2026-03-06_18.41.58,82,sign-optimization-horizontal-vertical_scenario,618,238,3,-3,-4,90,90,15,1,47048,AdultFemaleAgent(Clone),6,12,1.58,1.45,9.861328,1,True,2,1,0.5
2026-03-06_18.41.58,82,sign-optimization-horizontal-vertical_scenario,618,238,3,-3,-4,90,90,15,1,47049,AdultFemaleAgent(Clone),10,12,1.58,1.45,11.06104,1,False,3,0,0
2026-03-06_18.41.58,82,sign-optimization-horizontal-vertical_scenario,618,238,3,-3,-4,90,90,15,1,47050,AdultMaleAgent(Clone),7,11,1.71,1.58,8.913574,2,True,2,1,0.5
2026-03-06_18.41.58,82,sign-optimization-horizontal-vertical_scenario,618,238,3,-3,-4,90,90,15,1,47051,AdultFemaleAgent(Clone),10,12,1.58,1.45,11.21582,1,False,3,2,0.6666667
2026-03-06_18.41.58,82,sign-optimization-horizontal-vertical_scenario,618,238,3,-3,-4,90,90,15,1,47052,WheelchairAgent(Clone),5,10,1.3,1.17,10.84277,1,True,2,1,0.5
2026-03-06_18.41.58,82,sign-optimization-horizontal-vertical_scenario,618,238,3,-3,-4,90,90,15,1,47053,AdultFemaleAgent(Clone),7,11,1.58,1.450001,7.97168,2,True,2,1,0.5
2026-03-06_18.41.58,82,sign-optimization-horizontal-vertical_scenario,618,238,3,-3,-4,90,90,15,1,47054,WheelchairAgent(Clone),10,12,1.3,1.17,10.02832,1,False,3,1,0.3333333
2026-03-06_18.41.58,82,sign-optimization-horizontal-vertical_scenario,618,238,3,-3,-4,90,90,15,1,47055,AdultMaleAgent(Clone),7,11,1.71,1.58,10.4541,2,True,2,1,0.5
2026-03-06_18.41.58,82,sign-optimization-horizontal-vertical_scenario,618,238,3,-3,-4,90,90,15,1,47056,AdultFemaleAgent(Clone),6,12,1.58,1.45,9.711426,1,True,2,1,0.5
2026-03-06_18.41.58,82,sign-optimization-horizontal-vertical_scenario,618,238,3,-3,-4,90,90,15,1,47057,AdultMaleAgent(Clone),7,11,1.71,1.58,9.673828,2,True,2,1,0.5
2026-03-06_18.41.58,82,sign-optimization-horizontal-vertical_scenario,618,238,3,-3,-4,90,90,15,1,47058,WheelchairAgent(Clone),6,12,1.3,1.17,7.208008,1,False,2,1,0.5
2026-03-06_18.41.58,82,sign-optimization-horizontal-vertical_scenario,618,238,3,-3,-4,90,90,15,1,47059,AdultFemaleAgent(Clone),5,10,1.58,1.45,13.11621,1,True,2,1,0.5
2026-03-06_18.41.58,82,sign-optimization-horizontal-vertical_scenario,618,238,3,-3,-4,90,90,15,1,47060,WheelchairAgent(Clone),5,10,1.3,1.17,10.45996,1,True,2,1,0.5
2026-03-06_18.41.58,82,sign-optimization-horizontal-vertical_scenario,618,238,3,-3,-4,90,90,15,1,47061,WheelchairAgent(Clone),5,10,1.3,1.17,8.512207,1,True,2,1,0.5
2026-03-06_18.41.58,82,sign-optimization-horizontal-vertical_scenario,618,238,3,-3,-4,90,90,15,1,47062,AdultFemaleAgent(Clone),5,10,1.58,1.45,10.18213,1,True,2,1,0.5
2026-03-06_18.41.58,82,sign-optimization-horizontal-vertical_scenario,618,238,3,-3,-4,90,90,15,1,47063,AdultFemaleAgent(Clone),7,11,1.58,1.450001,8.731445,2,True,2,1,0.5
2026-03-06_18.41.58,82,sign-optimization-horizontal-vertical_scenario,618,238,3,-3,-4,90,90,15,1,47064,AdultFemaleAgent(Clone),5,10,1.58,1.45,8.061035,1,True,2,1,0.5
2026-03-06_18.41.58,82,sign-optimization-horizontal-vertical_scenario,618,238,3,-3,-4,90,90,15,1,47065,AdultFemaleAgent(Clone),6,12,1.58,1.45,3.192383,1,False,2,0,0
2026-03-06_18.41.58,82,sign-optimization-horizontal-vertical_scenario,618,238,3,-3,-4,90,90,15,1,47066,AdultFemaleAgent(Clone),5,10,1.58,1.45,7.152832,1,True,2,1,0.5
2026-03-06_18.41.58,82,sign-optimization-horizontal-vertical_scenario,618,238,3,-3,-4,90,90,15,1,47067,AdultMaleAgent(Clone),11,10,1.71,1.58,10.05176,1,False,3,0,0
2026-03-06_18.41.58,82,sign-optimization-horizontal-vertical_scenario,618,238,3,-3,-4,90,90,15,1,47068,WheelchairAgent(Clone),6,12,1.3,1.17,5.413574,1,False,2,1,0.5
2026-03-06_18.41.58,82,sign-optimization-horizontal-vertical_scenario,618,238,3,-3,-4,90,90,15,1,47069,AdultMaleAgent(Clone),7,11,1.71,1.58,7.282227,1,True,2,1,0.5
2026-03-06_18.41.58,82,sign-optimization-horizontal-vertical_scenario,618,238,3,-3,-4,90,90,15,1,47070,WheelchairAgent(Clone),11,10,1.3,1.17,5.428711,2,False,3,0,0
2026-03-06_18.41.58,82,sign-optimization-horizontal-vertical_scenario,618,238,3,-3,-4,90,90,15,1,47071,AdultMaleAgent(Clone),5,10,1.71,1.58,11.04834,1,True,2,1,0.5
2026-03-06_18.41.58,82,sign-optimization-horizontal-vertical_scenario,618,238,3,-3,-4,90,90,15,1,47072,WheelchairAgent(Clone),7,11,1.3,1.17,7.108398,1,True,2,1,0.5
2026-03-06_18.41.58,82,sign-optimization-horizontal-vertical_scenario,618,238,3,-3,-4,90,90,15,1,47073,WheelchairAgent(Clone),5,10,1.3,1.17,9.816895,1,True,2,1,0.5
2026-03-06_18.41.58,82,sign-optimization-horizontal-vertical_scenario,618,238,3,-3,-4,90,90,15,1,47074,AdultFemaleAgent(Clone),7,11,1.58,1.450001,8.48584,2,True,2,1,0.5
2026-03-06_18.41.58,82,sign-optimization-horizontal-vertical_scenario,618,238,3,-3,-4,90,90,15,1,47075,AdultFemaleAgent(Clone),11,10,1.58,1.450001,5.425781,2,False,3,0,0
2026-03-06_18.41.58,82,sign-optimization-horizontal-vertical_scenario,618,238,3,-3,-4,90,90,15,1,47076,AdultFemaleAgent(Clone),7,11,1.58,1.450001,9.98584,2,True,2,1,0.5
2026-03-06_18.41.58,82,sign-optimization-horizontal-vertical_scenario,618,238,3,-3,-4,90,90,15,1,47077,WheelchairAgent(Clone),6,12,1.3,1.17,10.25049,1,False,2,1,0.5
2026-03-06_18.41.58,82,sign-optimization-horizontal-vertical_scenario,618,238,3,-3,-4,90,90,15,1,47078,WheelchairAgent(Clone),6,12,1.3,1.17,11.18408,1,False,2,1,0.5
2026-03-06_18.41.58,82,sign-optimization-horizontal-vertical_scenario,618,238,3,-3,-4,90,90,15,1,47079,AdultFemaleAgent(Clone),6,12,1.58,1.45,12.17236,1,False,2,1,0.5
2026-03-06_18.41.58,82,sign-optimization-horizontal-vertical_scenario,618,238,3,-3,-4,90,90,15,1,47080,WheelchairAgent(Clone),7,11,1.3,1.17,9.344238,2,True,2,1,0.5
2026-03-06_18.41.58,82,sign-optimization-horizontal-vertical_scenario,618,238,3,-3,-4,90,90,15,1,47081,AdultFemaleAgent(Clone),5,10,1.58,1.45,9.095703,1,True,2,1,0.5
2026-03-06_18.41.58,82,sign-optimization-horizontal-vertical_scenario,618,238,3,-3,-4,90,90,15,1,47082,WheelchairAgent(Clone),5,10,1.3,1.17,8.013184,1,True,2,1,0.5
2026-03-06_18.41.58,82,sign-optimization-horizontal-vertical_scenario,618,238,3,-3,-4,90,90,15,1,47083,AdultFemaleAgent(Clone),10,12,1.58,1.45,10.08252,1,False,3,1,0.3333333
2026-03-06_18.41.58,82,sign-optimization-horizontal-vertical_scenario,618,238,3,-3,-4,90,90,15,1,47084,WheelchairAgent(Clone),5,10,1.3,1.17,11.99902,1,True,2,1,0.5
2026-03-06_18.41.58,82,sign-optimization-horizontal-vertical_scenario,618,238,3,-3,-4,90,90,15,1,47085,AdultFemaleAgent(Clone),5,10,1.58,1.45,14.75928,1,True,2,1,0.5
2026-03-06_18.41.58,82,sign-optimization-horizontal-vertical_scenario,618,238,3,-3,-4,90,90,15,1,47086,AdultFemaleAgent(Clone),6,12,1.58,1.45,6.347656,1,False,2,1,0.5
2026-03-06_18.41.58,82,sign-optimization-horizontal-vertical_scenario,618,238,3,-3,-4,90,90,15,1,47087,AdultFemaleAgent(Clone),5,10,1.58,1.45,10.44922,1,True,2,1,0.5
2026-03-06_18.41.58,82,sign-optimization-horizontal-vertical_scenario,618,238,3,-3,-4,90,90,15,1,47088,WheelchairAgent(Clone),7,11,1.3,1.17,7.055176,2,True,2,1,0.5
2026-03-06_18.41.58,82,sign-optimization-horizontal-vertical_scenario,618,238,3,-3,-4,90,90,15,1,47089,AdultFemaleAgent(Clone),7,11,1.58,1.450001,10.54785,2,True,2,1,0.5
2026-03-06_18.41.58,82,sign-optimization-horizontal-vertical_scenario,618,238,3,-3,-4,90,90,15,1,47090,AdultMaleAgent(Clone),10,12,1.71,1.58,9.921387,1,False,3,2,0.6666667
2026-03-06_18.41.58,82,sign-optimization-horizontal-vertical_scenario,618,238,3,-3,-4,90,90,15,1,47091,AdultMaleAgent(Clone),11,10,1.71,1.58,7.848633,1,False,3,0,0
2026-03-06_18.41.58,82,sign-optimization-horizontal-vertical_scenario,618,238,3,-3,-4,90,90,15,1,47092,AdultMaleAgent(Clone),10,12,1.71,1.58,0,0,False,3,0,0
2026-03-06_18.41.58,82,sign-optimization-horizontal-vertical_scenario,618,238,3,-3,-4,90,90,15,1,47093,AdultFemaleAgent(Clone),7,11,1.58,1.450001,7.239746,2,True,2,1,0.5
2026-03-06_18.41.58,82,sign-optimization-horizontal-vertical_scenario,618,238,3,-3,-4,90,90,15,1,47094,AdultMaleAgent(Clone),6,12,1.71,1.58,8.149902,1,True,2,1,0.5
2026-03-06_18.41.58,82,sign-optimization-horizontal-vertical_scenario,618,238,3,-3,-4,90,90,15,1,47095,AdultFemaleAgent(Clone),6,12,1.58,1.45,5.217773,1,False,2,1,0.5
2026-03-06_18.41.58,82,sign-optimization-horizontal-vertical_scenario,618,238,3,-3,-4,90,90,15,1,47096,AdultFemaleAgent(Clone),6,12,1.58,1.45,4.333984,1,False,2,1,0.5
2026-03-06_18.41.58,82,sign-optimization-horizontal-vertical_scenario,618,238,3,-3,-4,90,90,15,1,47097,AdultMaleAgent(Clone),7,11,1.71,1.58,6.659668,2,True,2,1,0.5
2026-03-06_18.41.58,82,sign-optimization-horizontal-vertical_scenario,618,238,3,-3,-4,90,90,15,1,47098,AdultMaleAgent(Clone),10,12,1.71,1.58,9.801758,1,False,3,0,0
2026-03-06_18.41.58,82,sign-optimization-horizontal-vertical_scenario,618,238,3,-3,-4,90,90,15,1,47099,AdultMaleAgent(Clone),6,12,1.71,1.58,4.921387,1,False,2,1,0.5
2026-03-06_18.41.58,82,sign-optimization-horizontal-vertical_scenario,618,238,3,-3,-4,90,90,15,1,47100,AdultFemaleAgent(Clone),10,12,1.58,1.45,10.82471,1,False,3,0,0
2026-03-06_18.41.58,82,sign-optimization-horizontal-vertical_scenario,618,238,3,-3,-4,90,90,15,1,47101,AdultFemaleAgent(Clone),6,12,1.58,1.45,7.219727,1,True,2,1,0.5
2026-03-06_18.41.58,82,sign-optimization-horizontal-vertical_scenario,618,238,3,-3,-4,90,90,15,1,47102,AdultFemaleAgent(Clone),7,11,1.58,1.450001,10.31787,1,True,2,1,0.5
2026-03-06_18.41.58,82,sign-optimization-horizontal-vertical_scenario,618,238,3,-3,-4,90,90,15,1,47103,AdultFemaleAgent(Clone),5,10,1.58,1.45,10.32861,1,True,2,1,0.5
2026-03-06_18.41.58,82,sign-optimization-horizontal-vertical_scenario,618,238,3,-3,-4,90,90,15,1,47104,WheelchairAgent(Clone),5,10,1.3,1.17,8.55957,1,True,2,1,0.5
2026-03-06_18.41.58,82,sign-optimization-horizontal-vertical_scenario,618,238,3,-3,-4,90,90,15,1,47105,AdultMaleAgent(Clone),11,10,1.71,1.58,2.875,1,False,3,0,0
2026-03-06_18.41.58,82,sign-optimization-horizontal-vertical_scenario,618,238,3,-3,-4,90,90,15,1,47106,AdultFemaleAgent(Clone),5,10,1.58,1.45,9.822266,1,True,2,1,0.5
2026-03-06_18.41.58,82,sign-optimization-horizontal-vertical_scenario,618,238,3,-3,-4,90,90,15,1,47107,WheelchairAgent(Clone),5,10,1.3,1.17,7.759766,1,True,2,1,0.5
2026-03-06_18.41.58,82,sign-optimization-horizontal-vertical_scenario,618,238,3,-3,-4,90,90,15,1,47108,AdultMaleAgent(Clone),10,12,1.71,1.58,10.43311,1,False,3,0,0
2026-03-06_18.41.58,82,sign-optimization-horizontal-vertical_scenario,618,238,3,-3,-4,90,90,15,1,47109,AdultMaleAgent(Clone),5,10,1.71,1.58,9.508789,1,True,2,1,0.5
2026-03-06_18.41.58,82,sign-optimization-horizontal-vertical_scenario,618,238,3,-3,-4,90,90,15,1,47110,WheelchairAgent(Clone),5,10,1.3,1.17,11.19531,1,False,2,0,0
2026-03-06_18.41.58,82,sign-optimization-horizontal-vertical_scenario,618,238,3,-3,-4,90,90,15,1,47111,AdultMaleAgent(Clone),5,10,1.71,1.58,11.68066,1,True,2,1,0.5
2026-03-06_18.41.58,82,sign-optimization-horizontal-vertical_scenario,618,238,3,-3,-4,90,90,15,1,47112,AdultMaleAgent(Clone),5,10,1.71,1.58,11.15967,1,True,2,1,0.5
2026-03-06_18.41.58,82,sign-optimization-horizontal-vertical_scenario,618,238,3,-3,-4,90,90,15,1,47113,WheelchairAgent(Clone),7,11,1.3,1.17,7.703125,2,True,2,1,0.5
2026-03-06_18.41.58,82,sign-optimization-horizontal-vertical_scenario,618,238,3,-3,-4,90,90,15,1,47114,AdultMaleAgent(Clone),10,12,1.71,1.58,9.365723,1,False,3,1,0.3333333
2026-03-06_18.41.58,82,sign-optimization-horizontal-vertical_scenario,618,238,3,-3,-4,90,90,15,1,47115,AdultFemaleAgent(Clone),7,11,1.58,1.450001,6.74707,2,True,2,1,0.5
2026-03-06_18.41.58,82,sign-optimization-horizontal-vertical_scenario,618,238,3,-3,-4,90,90,15,1,47116,WheelchairAgent(Clone),7,11,1.3,1.17,9.44043,1,True,2,1,0.5
2026-03-06_18.41.58,82,sign-optimization-horizontal-vertical_scenario,618,238,3,-3,-4,90,90,15,1,47117,AdultMaleAgent(Clone),6,12,1.71,1.58,5.376465,1,False,2,1,0.5
2026-03-06_18.41.58,82,sign-optimization-horizontal-vertical_scenario,618,238,3,-3,-4,90,90,15,1,47118,WheelchairAgent(Clone),5,10,1.3,1.17,10.50342,1,False,2,1,0.5
2026-03-06_18.41.58,82,sign-optimization-horizontal-vertical_scenario,618,238,3,-3,-4,90,90,15,1,47119,WheelchairAgent(Clone),5,10,1.3,1.17,8.865234,1,True,2,1,0.5
2026-03-06_18.41.58,82,sign-optimization-horizontal-vertical_scenario,618,238,3,-3,-4,90,90,15,1,47120,AdultFemaleAgent(Clone),10,12,1.58,1.45,9.829102,1,False,3,0,0
2026-03-06_18.41.58,82,sign-optimization-horizontal-vertical_scenario,618,238,3,-3,-4,90,90,15,1,47121,AdultMaleAgent(Clone),7,11,1.71,1.58,7.541992,2,True,2,1,0.5
2026-03-06_18.41.58,82,sign-optimization-horizontal-vertical_scenario,618,238,3,-3,-4,90,90,15,1,47122,AdultFemaleAgent(Clone),7,11,1.58,1.450001,8.968262,1,True,2,1,0.5
2026-03-06_18.41.58,82,sign-optimization-horizontal-vertical_scenario,618,238,3,-3,-4,90,90,15,1,47123,AdultFemaleAgent(Clone),6,12,1.58,1.45,8.705566,1,True,2,1,0.5
2026-03-06_18.41.58,82,sign-optimization-horizontal-vertical_scenario,618,238,3,-3,-4,90,90,15,1,47124,AdultMaleAgent(Clone),5,10,1.71,1.58,12.80811,1,True,2,1,0.5
2026-03-06_18.41.58,82,sign-optimization-horizontal-vertical_scenario,618,238,3,-3,-4,90,90,15,1,47125,AdultMaleAgent(Clone),6,12,1.71,1.58,9.086914,1,True,2,1,0.5
2026-03-06_18.41.58,82,sign-optimization-horizontal-vertical_scenario,618,238,3,-3,-4,90,90,15,1,47126,AdultMaleAgent(Clone),7,11,1.71,1.58,9.888184,1,True,2,1,0.5
2026-03-06_18.41.58,82,sign-optimization-horizontal-vertical_scenario,618,238,3,-3,-4,90,90,15,1,47127,AdultMaleAgent(Clone),7,11,1.71,1.58,9.72998,1,True,2,1,0.5
2026-03-06_18.41.58,82,sign-optimization-horizontal-vertical_scenario,618,238,3,-3,-4,90,90,15,1,47128,AdultMaleAgent(Clone),6,12,1.71,1.58,0,0,False,2,1,0.5
2026-03-06_18.41.58,82,sign-optimization-horizontal-vertical_scenario,618,238,3,-3,-4,90,90,15,1,47129,AdultFemaleAgent(Clone),7,11,1.58,1.450001,6.171875,1,True,2,1,0.5
2026-03-06_18.41.58,82,sign-optimization-horizontal-vertical_scenario,618,238,3,-3,-4,90,90,15,1,47130,AdultMaleAgent(Clone),10,12,1.71,1.58,0,0,False,3,0,0
2026-03-06_18.41.58,82,sign-optimization-horizontal-vertical_scenario,618,238,3,-3,-4,90,90,15,1,47131,AdultMaleAgent(Clone),6,12,1.71,1.58,3.68457,1,False,2,0,0
2026-03-06_18.41.58,82,sign-optimization-horizontal-vertical_scenario,618,238,3,-3,-4,90,90,15,1,47132,WheelchairAgent(Clone),10,12,1.3,1.17,0,0,False,3,0,0
2026-03-06_18.41.58,82,sign-optimization-horizontal-vertical_scenario,618,238,3,-3,-4,90,90,15,1,47133,WheelchairAgent(Clone),6,12,1.3,1.17,7.538574,1,True,2,1,0.5
2026-03-06_18.41.58,82,sign-optimization-horizontal-vertical_scenario,618,238,3,-3,-4,90,90,15,1,47134,WheelchairAgent(Clone),11,10,1.3,1.17,6.195313,2,False,3,0,0
2026-03-06_18.41.58,82,sign-optimization-horizontal-vertical_scenario,618,238,3,-3,-4,90,90,15,1,47135,AdultFemaleAgent(Clone),6,12,1.58,1.45,5.857422,1,False,2,1,0.5
2026-03-06_18.41.58,82,sign-optimization-horizontal-vertical_scenario,618,238,3,-3,-4,90,90,15,1,47136,AdultFemaleAgent(Clone),10,12,1.58,1.45,9.278809,1,False,3,1,0.3333333
2026-03-06_18.41.58,82,sign-optimization-horizontal-vertical_scenario,618,238,3,-3,-4,90,90,15,1,47137,AdultFemaleAgent(Clone),7,11,1.58,1.450001,6.972168,2,True,2,1,0.5
2026-03-06_18.41.58,82,sign-optimization-horizontal-vertical_scenario,618,238,3,-3,-4,90,90,15,1,47138,WheelchairAgent(Clone),10,12,1.3,1.17,9.568359,1,False,3,1,0.3333333
2026-03-06_18.41.58,82,sign-optimization-horizontal-vertical_scenario,618,238,3,-3,-4,90,90,15,1,47139,WheelchairAgent(Clone),6,12,1.3,1.17,8.916992,1,True,2,1,0.5
2026-03-06_18.41.58,82,sign-optimization-horizontal-vertical_scenario,618,238,3,-3,-4,90,90,15,1,47140,AdultMaleAgent(Clone),10,12,1.71,1.58,0,0,False,3,0,0
2026-03-06_18.41.58,82,sign-optimization-horizontal-vertical_scenario,618,238,3,-3,-4,90,90,15,1,47141,AdultFemaleAgent(Clone),5,10,1.58,1.45,12.38672,1,True,2,1,0.5
2026-03-06_18.41.58,82,sign-optimization-horizontal-vertical_scenario,618,238,3,-3,-4,90,90,15,1,47142,AdultMaleAgent(Clone),7,11,1.71,1.58,9.925293,1,True,2,1,0.5
2026-03-06_18.41.58,82,sign-optimization-horizontal-vertical_scenario,618,238,3,-3,-4,90,90,15,1,47143,AdultFemaleAgent(Clone),7,11,1.58,1.450001,7.35498,1,True,2,1,0.5
2026-03-06_18.41.58,82,sign-optimization-horizontal-vertical_scenario,618,238,3,-3,-4,90,90,15,1,47144,WheelchairAgent(Clone),6,12,1.3,1.17,0,0,False,2,0,0
2026-03-06_18.41.58,82,sign-optimization-horizontal-vertical_scenario,618,238,3,-3,-4,90,90,15,1,47145,WheelchairAgent(Clone),10,12,1.3,1.17,0,0,False,3,0,0
2026-03-06_18.41.58,82,sign-optimization-horizontal-vertical_scenario,618,238,3,-3,-4,90,90,15,1,47146,AdultMaleAgent(Clone),11,10,1.71,1.58,3.473145,1,False,3,0,0
2026-03-06_18.41.58,82,sign-optimization-horizontal-vertical_scenario,618,238,3,-3,-4,90,90,15,1,47147,AdultFemaleAgent(Clone),6,12,1.58,1.45,6.981445,1,True,2,1,0.5
2026-03-06_18.41.58,82,sign-optimization-horizontal-vertical_scenario,618,238,3,-3,-4,90,90,15,1,47148,AdultMaleAgent(Clone),10,12,1.71,1.58,0,0,False,3,0,0
2026-03-06_18.41.58,82,sign-optimization-horizontal-vertical_scenario,618,238,3,-3,-4,90,90,15,1,47149,AdultMaleAgent(Clone),5,10,1.71,1.58,8.715332,1,True,2,1,0.5
2026-03-06_18.41.58,82,sign-optimization-horizontal-vertical_scenario,618,238,3,-3,-4,90,90,15,1,47150,WheelchairAgent(Clone),6,12,1.3,1.17,0,0,False,2,1,0.5
2026-03-06_18.41.58,82,sign-optimization-horizontal-vertical_scenario,618,238,3,-3,-4,90,90,15,1,47151,WheelchairAgent(Clone),5,10,1.3,1.17,10.05371,1,True,2,1,0.5
2026-03-06_18.41.58,82,sign-optimization-horizontal-vertical_scenario,618,238,3,-3,-4,90,90,15,1,47152,AdultFemaleAgent(Clone),10,12,1.58,1.45,0,0,False,3,1,0.3333333
2026-03-06_18.41.58,82,sign-optimization-horizontal-vertical_scenario,618,238,3,-3,-4,90,90,15,1,47153,AdultMaleAgent(Clone),10,12,1.71,1.58,0,0,False,3,0,0
2026-03-06_18.41.58,82,sign-optimization-horizontal-vertical_scenario,618,238,3,-3,-4,90,90,15,1,47154,WheelchairAgent(Clone),7,11,1.3,1.17,6.85791,2,True,2,1,0.5
2026-03-06_18.41.58,82,sign-optimization-horizontal-vertical_scenario,618,238,3,-3,-4,90,90,15,1,47155,AdultFemaleAgent(Clone),6,12,1.58,1.45,8.912109,1,False,2,1,0.5
2026-03-06_18.41.58,82,sign-optimization-horizontal-vertical_scenario,618,238,3,-3,-4,90,90,15,1,47156,AdultFemaleAgent(Clone),11,10,1.58,1.450001,9.289063,1,False,3,0,0
2026-03-06_18.41.58,82,sign-optimization-horizontal-vertical_scenario,618,238,3,-3,-4,90,90,15,1,47157,AdultMaleAgent(Clone),7,11,1.71,1.58,10.14404,1,True,2,1,0.5
2026-03-06_18.41.58,82,sign-optimization-horizontal-vertical_scenario,618,238,3,-3,-4,90,90,15,1,47158,AdultFemaleAgent(Clone),7,11,1.58,1.450001,7.847168,1,True,2,1,0.5
2026-03-06_18.41.58,82,sign-optimization-horizontal-vertical_scenario,618,238,3,-3,-4,90,90,15,1,47159,WheelchairAgent(Clone),5,10,1.3,1.17,9.32959,1,True,2,1,0.5
2026-03-06_18.41.58,82,sign-optimization-horizontal-vertical_scenario,618,238,3,-3,-4,90,90,15,1,47160,WheelchairAgent(Clone),6,12,1.3,1.17,0,0,False,2,0,0
2026-03-06_18.41.58,82,sign-optimization-horizontal-vertical_scenario,618,238,3,-3,-4,90,90,15,1,47161,WheelchairAgent(Clone),7,11,1.3,1.17,7.375,1,True,2,1,0.5
2026-03-06_18.41.58,82,sign-optimization-horizontal-vertical_scenario,618,238,3,-3,-4,90,90,15,1,47162,WheelchairAgent(Clone),6,12,1.3,1.17,0,0,False,2,0,0
2026-03-06_18.41.58,82,sign-optimization-horizontal-vertical_scenario,618,238,3,-3,-4,90,90,15,1,47163,AdultFemaleAgent(Clone),7,11,1.58,1.450001,7.529297,1,True,2,1,0.5
2026-03-06_18.41.58,82,sign-optimization-horizontal-vertical_scenario,618,238,3,-3,-4,90,90,15,1,47164,AdultMaleAgent(Clone),5,10,1.71,1.58,11.93018,1,True,2,1,0.5
2026-03-06_18.41.58,82,sign-optimization-horizontal-vertical_scenario,618,238,3,-3,-4,90,90,15,1,47165,AdultMaleAgent(Clone),11,10,1.71,1.58,1.822754,1,False,3,0,0
2026-03-06_18.41.58,82,sign-optimization-horizontal-vertical_scenario,618,238,3,-3,-4,90,90,15,1,47166,WheelchairAgent(Clone),10,12,1.3,1.17,1.426758,1,False,3,1,0.3333333
2026-03-06_18.41.58,82,sign-optimization-horizontal-vertical_scenario,618,238,3,-3,-4,90,90,15,1,47167,WheelchairAgent(Clone),10,12,1.3,1.17,0,0,False,3,1,0.3333333
2026-03-06_18.41.58,82,sign-optimization-horizontal-vertical_scenario,618,238,3,-3,-4,90,90,15,1,47168,AdultMaleAgent(Clone),7,11,1.71,1.58,7.747559,1,True,2,1,0.5
2026-03-06_18.41.58,82,sign-optimization-horizontal-vertical_scenario,618,238,3,-3,-4,90,90,15,1,47169,AdultFemaleAgent(Clone),11,10,1.58,1.450001,9.224121,1,False,3,0,0
2026-03-06_18.41.58,82,sign-optimization-horizontal-vertical_scenario,618,238,3,-3,-4,90,90,15,1,47170,WheelchairAgent(Clone),10,12,1.3,1.17,0,0,False,3,0,0
2026-03-06_18.41.58,82,sign-optimization-horizontal-vertical_scenario,618,238,3,-3,-4,90,90,15,1,47171,AdultFemaleAgent(Clone),5,10,1.58,1.45,12.24902,1,True,2,1,0.5
2026-03-06_18.41.58,82,sign-optimization-horizontal-vertical_scenario,618,238,3,-3,-4,90,90,15,1,47172,AdultMaleAgent(Clone),11,10,1.71,1.58,2.008301,1,False,3,0,0
2026-03-06_18.41.58,82,sign-optimization-horizontal-vertical_scenario,618,238,3,-3,-4,90,90,15,1,47173,WheelchairAgent(Clone),6,12,1.3,1.17,0,0,False,2,1,0.5
2026-03-06_18.41.58,82,sign-optimization-horizontal-vertical_scenario,618,238,3,-3,-4,90,90,15,1,47174,AdultMaleAgent(Clone),10,12,1.71,1.58,0,0,False,3,0,0
2026-03-06_18.41.58,82,sign-optimization-horizontal-vertical_scenario,618,238,3,-3,-4,90,90,15,1,47175,WheelchairAgent(Clone),7,11,1.3,1.17,9.662109,1,True,2,1,0.5
2026-03-06_18.41.58,82,sign-optimization-horizontal-vertical_scenario,618,238,3,-3,-4,90,90,15,1,47176,WheelchairAgent(Clone),10,12,1.3,1.17,0,0,False,3,0,0
2026-03-06_18.41.58,82,sign-optimization-horizontal-vertical_scenario,618,238,3,-3,-4,90,90,15,1,47177,AdultMaleAgent(Clone),7,11,1.71,1.58,8.038574,1,True,2,1,0.5
2026-03-06_18.41.58,82,sign-optimization-horizontal-vertical_scenario,618,238,3,-3,-4,90,90,15,1,47178,AdultMaleAgent(Clone),10,12,1.71,1.58,0,0,False,3,1,0.3333333
2026-03-06_18.41.58,82,sign-optimization-horizontal-vertical_scenario,618,238,3,-3,-4,90,90,15,1,47179,WheelchairAgent(Clone),11,10,1.3,1.17,8.898438,1,False,3,0,0
2026-03-06_18.41.58,82,sign-optimization-horizontal-vertical_scenario,618,238,3,-3,-4,90,90,15,1,47180,AdultFemaleAgent(Clone),5,10,1.58,1.45,7.832031,1,True,2,1,0.5
2026-03-06_18.41.58,82,sign-optimization-horizontal-vertical_scenario,618,238,3,-3,-4,90,90,15,1,47181,WheelchairAgent(Clone),7,11,1.3,1.17,9.253418,1,True,2,1,0.5
2026-03-06_18.41.58,82,sign-optimization-horizontal-vertical_scenario,618,238,3,-3,-4,90,90,15,1,47182,AdultFemaleAgent(Clone),5,10,1.58,1.45,9.895508,1,True,2,1,0.5
2026-03-06_18.41.58,82,sign-optimization-horizontal-vertical_scenario,618,238,3,-3,-4,90,90,15,1,47183,WheelchairAgent(Clone),6,12,1.3,1.17,0,0,False,2,0,0
2026-03-06_18.41.58,82,sign-optimization-horizontal-vertical_scenario,618,238,3,-3,-4,90,90,15,1,47184,AdultFemaleAgent(Clone),7,11,1.58,1.450001,7.372559,1,True,2,1,0.5
2026-03-06_18.41.58,82,sign-optimization-horizontal-vertical_scenario,618,238,3,-3,-4,90,90,15,1,47185,AdultFemaleAgent(Clone),10,12,1.58,1.45,0,0,False,3,0,0
2026-03-06_18.41.58,82,sign-optimization-horizontal-vertical_scenario,618,238,3,-3,-4,90,90,15,1,47186,WheelchairAgent(Clone),11,10,1.3,1.17,9.196289,1,False,3,0,0
2026-03-06_18.41.58,82,sign-optimization-horizontal-vertical_scenario,618,238,3,-3,-4,90,90,15,1,47187,AdultFemaleAgent(Clone),5,10,1.58,1.45,10.54492,1,True,2,1,0.5
2026-03-06_18.41.58,82,sign-optimization-horizontal-vertical_scenario,618,238,3,-3,-4,90,90,15,1,47188,AdultFemaleAgent(Clone),6,12,1.58,1.45,4.580078,1,False,2,1,0.5
2026-03-06_18.41.58,82,sign-optimization-horizontal-vertical_scenario,618,238,3,-3,-4,90,90,15,1,47189,WheelchairAgent(Clone),11,10,1.3,1.17,7.146484,2,False,3,0,0
2026-03-06_18.41.58,82,sign-optimization-horizontal-vertical_scenario,618,238,3,-3,-4,90,90,15,1,47190,AdultMaleAgent(Clone),6,12,1.71,1.58,4.382813,1,False,2,1,0.5
2026-03-06_18.41.58,82,sign-optimization-horizontal-vertical_scenario,618,238,3,-3,-4,90,90,15,1,47191,AdultFemaleAgent(Clone),11,10,1.58,1.450001,0.8168945,1,False,3,0,0
2026-03-06_18.41.58,82,sign-optimization-horizontal-vertical_scenario,618,238,3,-3,-4,90,90,15,1,47192,AdultFemaleAgent(Clone),10,12,1.58,1.45,0,0,False,3,0,0
2026-03-06_18.41.58,82,sign-optimization-horizontal-vertical_scenario,618,238,3,-3,-4,90,90,15,1,47193,AdultFemaleAgent(Clone),11,10,1.58,1.450001,8.947754,1,False,3,0,0
2026-03-06_18.41.58,82,sign-optimization-horizontal-vertical_scenario,618,238,3,-3,-4,90,90,15,1,47194,AdultFemaleAgent(Clone),6,12,1.58,1.45,5.708984,1,False,2,1,0.5
2026-03-06_18.41.58,82,sign-optimization-horizontal-vertical_scenario,618,238,3,-3,-4,90,90,15,1,47195,WheelchairAgent(Clone),11,10,1.3,1.17,9.000977,1,False,3,0,0
2026-03-06_18.41.58,82,sign-optimization-horizontal-vertical_scenario,618,238,3,-3,-4,90,90,15,1,47196,WheelchairAgent(Clone),11,10,1.3,1.17,4.371582,1,False,3,0,0
2026-03-06_18.41.58,82,sign-optimization-horizontal-vertical_scenario,618,238,3,-3,-4,90,90,15,1,47197,AdultMaleAgent(Clone),10,12,1.71,1.58,0,0,False,3,0,0
2026-03-06_18.41.58,82,sign-optimization-horizontal-vertical_scenario,618,238,3,-3,-4,90,90,15,1,47198,AdultMaleAgent(Clone),6,12,1.71,1.58,0,0,True,2,1,0.5
2026-03-06_18.41.58,82,sign-optimization-horizontal-vertical_scenario,618,238,3,-3,-4,90,90,15,1,47199,AdultFemaleAgent(Clone),6,12,1.58,1.45,0,0,True,2,1,0.5
2026-03-06_18.41.58,82,sign-optimization-horizontal-vertical_scenario,618,238,3,-3,-4,90,90,15,1,47200,AdultFemaleAgent(Clone),10,12,1.58,1.45,0,0,False,3,2,0.6666667
2026-03-06_18.41.58,82,sign-optimization-horizontal-vertical_scenario,618,238,3,-3,-4,90,90,15,1,47201,AdultMaleAgent(Clone),6,12,1.71,1.58,0,0,False,2,1,0.5
2026-03-06_18.41.58,82,sign-optimization-horizontal-vertical_scenario,618,238,3,-3,-4,90,90,15,1,47202,AdultMaleAgent(Clone),6,12,1.71,1.58,0,0,True,2,1,0.5
2026-03-06_18.41.58,82,sign-optimization-horizontal-vertical_scenario,618,238,3,-3,-4,90,90,15,1,47203,WheelchairAgent(Clone),11,10,1.3,1.17,3.762695,1,False,3,0,0
2026-03-06_18.41.58,82,sign-optimization-horizontal-vertical_scenario,618,238,3,-3,-4,90,90,15,1,47204,AdultFemaleAgent(Clone),6,12,1.58,1.45,0,0,False,2,1,0.5
2026-03-06_18.41.58,82,sign-optimization-horizontal-vertical_scenario,618,238,3,-3,-4,90,90,15,1,47205,AdultMaleAgent(Clone),7,11,1.71,1.58,9.860352,1,True,2,1,0.5
2026-03-06_18.41.58,82,sign-optimization-horizontal-vertical_scenario,618,238,3,-3,-4,90,90,15,1,47206,WheelchairAgent(Clone),6,12,1.3,1.17,0,0,False,2,1,0.5
2026-03-06_18.41.58,82,sign-optimization-horizontal-vertical_scenario,618,238,3,-3,-4,90,90,15,1,47207,WheelchairAgent(Clone),7,11,1.3,1.17,8.90625,1,True,2,1,0.5
2026-03-06_18.41.58,82,sign-optimization-horizontal-vertical_scenario,618,238,3,-3,-4,90,90,15,1,47208,WheelchairAgent(Clone),10,12,1.3,1.17,0,0,False,3,1,0.3333333
2026-03-06_18.41.58,82,sign-optimization-horizontal-vertical_scenario,618,238,3,-3,-4,90,90,15,1,47209,WheelchairAgent(Clone),7,11,1.3,1.17,8.407227,1,True,2,1,0.5
2026-03-06_18.41.58,82,sign-optimization-horizontal-vertical_scenario,618,238,3,-3,-4,90,90,15,1,47210,AdultFemaleAgent(Clone),11,10,1.58,1.450001,1.157715,1,False,3,0,0
2026-03-06_18.41.58,82,sign-optimization-horizontal-vertical_scenario,618,238,3,-3,-4,90,90,15,1,47211,AdultFemaleAgent(Clone),5,10,1.58,1.45,8.790527,1,True,2,1,0.5
2026-03-06_18.41.58,82,sign-optimization-horizontal-vertical_scenario,618,238,3,-3,-4,90,90,15,1,47212,AdultFemaleAgent(Clone),11,10,1.58,1.450001,0.7143555,1,False,3,0,0
2026-03-06_18.41.58,82,sign-optimization-horizontal-vertical_scenario,618,238,3,-3,-4,90,90,15,1,47213,WheelchairAgent(Clone),10,12,1.3,1.17,0,0,False,3,1,0.3333333
2026-03-06_18.41.58,82,sign-optimization-horizontal-vertical_scenario,618,238,3,-3,-4,90,90,15,1,47214,AdultMaleAgent(Clone),5,10,1.71,1.58,10.95215,1,True,2,1,0.5
2026-03-06_18.41.58,82,sign-optimization-horizontal-vertical_scenario,618,238,3,-3,-4,90,90,15,1,47215,AdultMaleAgent(Clone),5,10,1.71,1.58,9.990234,1,True,2,1,0.5
2026-03-06_18.41.58,82,sign-optimization-horizontal-vertical_scenario,618,238,3,-3,-4,90,90,15,1,47216,AdultFemaleAgent(Clone),10,12,1.58,1.45,0,0,False,3,2,0.6666667
2026-03-06_18.41.58,82,sign-optimization-horizontal-vertical_scenario,618,238,3,-3,-4,90,90,15,1,47217,WheelchairAgent(Clone),6,12,1.3,1.17,0,0,False,2,1,0.5
2026-03-06_18.41.58,82,sign-optimization-horizontal-vertical_scenario,618,238,3,-3,-4,90,90,15,1,47218,AdultMaleAgent(Clone),5,10,1.71,1.58,10.47021,1,True,2,1,0.5
2026-03-06_18.41.58,82,sign-optimization-horizontal-vertical_scenario,618,238,3,-3,-4,90,90,15,1,47219,AdultFemaleAgent(Clone),11,10,1.58,1.450001,2.07959,1,False,3,0,0
2026-03-06_18.41.58,82,sign-optimization-horizontal-vertical_scenario,618,238,3,-3,-4,90,90,15,1,47220,AdultMaleAgent(Clone),7,11,1.71,1.58,8.771973,1,True,2,1,0.5
2026-03-06_18.41.58,82,sign-optimization-horizontal-vertical_scenario,618,238,3,-3,-4,90,90,15,1,47221,WheelchairAgent(Clone),5,10,1.3,1.17,10.46436,1,True,2,1,0.5
2026-03-06_18.41.58,82,sign-optimization-horizontal-vertical_scenario,618,238,3,-3,-4,90,90,15,1,47222,WheelchairAgent(Clone),5,10,1.3,1.17,9.322266,1,True,2,1,0.5
2026-03-06_18.41.58,82,sign-optimization-horizontal-vertical_scenario,618,238,3,-3,-4,90,90,15,1,47223,AdultMaleAgent(Clone),11,10,1.71,1.58,4.268066,1,False,3,0,0
2026-03-06_18.41.58,82,sign-optimization-horizontal-vertical_scenario,618,238,3,-3,-4,90,90,15,1,47224,AdultMaleAgent(Clone),10,12,1.71,1.58,0,0,False,3,0,0
2026-03-06_18.41.58,82,sign-optimization-horizontal-vertical_scenario,618,238,3,-3,-4,90,90,15,1,47225,AdultMaleAgent(Clone),11,10,1.71,1.58,3.008301,1,False,3,0,0
2026-03-06_18.41.58,82,sign-optimization-horizontal-vertical_scenario,618,238,3,-3,-4,90,90,15,1,47226,AdultMaleAgent(Clone),7,11,1.71,1.58,7.595215,1,True,2,1,0.5
2026-03-06_18.41.58,82,sign-optimization-horizontal-vertical_scenario,618,238,3,-3,-4,90,90,15,1,47227,AdultMaleAgent(Clone),7,11,1.71,1.58,9.844238,1,True,2,1,0.5
2026-03-06_18.41.58,82,sign-optimization-horizontal-vertical_scenario,618,238,3,-3,-4,90,90,15,1,47228,WheelchairAgent(Clone),6,12,1.3,1.17,0,0,False,2,0,0
2026-03-06_18.41.58,82,sign-optimization-horizontal-vertical_scenario,618,238,3,-3,-4,90,90,15,1,47229,AdultMaleAgent(Clone),6,12,1.71,1.58,0,0,True,2,1,0.5
2026-03-06_18.41.58,82,sign-optimization-horizontal-vertical_scenario,618,238,3,-3,-4,90,90,15,1,47230,AdultFemaleAgent(Clone),6,12,1.58,1.45,0,0,False,2,0,0
2026-03-06_18.41.58,82,sign-optimization-horizontal-vertical_scenario,618,238,3,-3,-4,90,90,15,1,47231,WheelchairAgent(Clone),10,12,1.3,1.17,0,0,False,3,0,0
2026-03-06_18.41.58,82,sign-optimization-horizontal-vertical_scenario,618,238,3,-3,-4,90,90,15,1,47232,AdultMaleAgent(Clone),10,12,1.71,1.58,0,0,False,3,0,0
2026-03-06_18.41.58,82,sign-optimization-horizontal-vertical_scenario,618,238,3,-3,-4,90,90,15,1,47233,AdultFemaleAgent(Clone),11,10,1.58,1.450001,0,0,False,3,0,0
2026-03-06_18.41.58,82,sign-optimization-horizontal-vertical_scenario,618,238,3,-3,-4,90,90,15,1,47234,WheelchairAgent(Clone),10,12,1.3,1.17,0,0,False,3,0,0
2026-03-06_18.41.58,82,sign-optimization-horizontal-vertical_scenario,618,238,3,-3,-4,90,90,15,1,47235,WheelchairAgent(Clone),10,12,1.3,1.17,0,0,False,3,1,0.3333333
2026-03-06_18.41.58,82,sign-optimization-horizontal-vertical_scenario,618,238,3,-3,-4,90,90,15,1,47236,AdultMaleAgent(Clone),7,11,1.71,1.58,8.344727,1,True,2,1,0.5
2026-03-06_18.41.58,82,sign-optimization-horizontal-vertical_scenario,618,238,3,-3,-4,90,90,15,1,47237,AdultFemaleAgent(Clone),7,11,1.58,1.450001,9.166992,1,True,2,1,0.5
2026-03-06_18.41.58,82,sign-optimization-horizontal-vertical_scenario,618,238,3,-3,-4,90,90,15,1,47238,AdultFemaleAgent(Clone),5,10,1.58,1.45,7.063477,1,True,2,1,0.5
2026-03-06_18.41.58,82,sign-optimization-horizontal-vertical_scenario,618,238,3,-3,-4,90,90,15,1,47239,AdultMaleAgent(Clone),5,10,1.71,1.58,10.14941,1,True,2,1,0.5
2026-03-06_18.41.58,82,sign-optimization-horizontal-vertical_scenario,618,238,3,-3,-4,90,90,15,1,47240,AdultFemaleAgent(Clone),7,11,1.58,1.450001,7.67627,1,True,2,1,0.5
2026-03-06_18.41.58,82,sign-optimization-horizontal-vertical_scenario,618,238,3,-3,-4,90,90,15,1,47241,AdultFemaleAgent(Clone),10,12,1.58,1.45,0,0,False,3,0,0
2026-03-06_18.41.58,82,sign-optimization-horizontal-vertical_scenario,618,238,3,-3,-4,90,90,15,1,47242,WheelchairAgent(Clone),6,12,1.3,1.17,0,0,False,2,1,0.5
2026-03-06_18.41.58,82,sign-optimization-horizontal-vertical_scenario,618,238,3,-3,-4,90,90,15,1,47243,AdultMaleAgent(Clone),5,10,1.71,1.58,10.53369,1,True,2,1,0.5
2026-03-06_18.41.58,82,sign-optimization-horizontal-vertical_scenario,618,238,3,-3,-4,90,90,15,1,47244,AdultFemaleAgent(Clone),11,10,1.58,1.450001,1.585938,1,False,3,0,0
2026-03-06_18.41.58,82,sign-optimization-horizontal-vertical_scenario,618,238,3,-3,-4,90,90,15,1,47245,AdultFemaleAgent(Clone),7,11,1.58,1.450001,0,0,True,2,1,0.5
2026-03-06_18.41.58,82,sign-optimization-horizontal-vertical_scenario,618,238,3,-3,-4,90,90,15,1,47246,AdultMaleAgent(Clone),5,10,1.71,1.58,7.120117,1,True,2,1,0.5
2026-03-06_18.41.58,82,sign-optimization-horizontal-vertical_scenario,618,238,3,-3,-4,90,90,15,1,47247,AdultMaleAgent(Clone),10,12,1.71,1.58,0,0,False,3,0,0
2026-03-06_18.41.58,82,sign-optimization-horizontal-vertical_scenario,618,238,3,-3,-4,90,90,15,1,47248,AdultFemaleAgent(Clone),10,12,1.58,1.45,0,0,False,3,0,0
2026-03-06_18.41.58,82,sign-optimization-horizontal-vertical_scenario,618,238,3,-3,-4,90,90,15,1,47249,AdultFemaleAgent(Clone),11,10,1.58,1.450001,2.909668,1,False,3,0,0
2026-03-06_18.41.58,82,sign-optimization-horizontal-vertical_scenario,618,238,3,-3,-4,90,90,15,1,47250,AdultFemaleAgent(Clone),10,12,1.58,1.45,0,0,False,3,0,0
2026-03-06_18.41.58,82,sign-optimization-horizontal-vertical_scenario,618,238,3,-3,-4,90,90,15,1,47251,WheelchairAgent(Clone),7,11,1.3,1.17,0,0,True,2,1,0.5
2026-03-06_18.41.58,82,sign-optimization-horizontal-vertical_scenario,618,238,3,-3,-4,90,90,15,1,47252,AdultFemaleAgent(Clone),5,10,1.58,1.45,0,0,True,2,1,0.5
2026-03-06_18.41.58,82,sign-optimization-horizontal-vertical_scenario,618,238,3,-3,-4,90,90,15,1,47253,WheelchairAgent(Clone),5,10,1.3,1.17,0,0,False,2,1,0.5
2026-03-06_18.41.58,82,sign-optimization-horizontal-vertical_scenario,618,238,3,-3,-4,90,90,15,1,47254,WheelchairAgent(Clone),6,12,1.3,1.17,0,0,False,2,0,0
2026-03-06_18.41.58,82,sign-optimization-horizontal-vertical_scenario,618,238,3,-3,-4,90,90,15,1,47255,AdultMaleAgent(Clone),7,11,1.71,1.58,8.243652,1,True,2,1,0.5
2026-03-06_18.41.58,82,sign-optimization-horizontal-vertical_scenario,618,238,3,-3,-4,90,90,15,1,47256,WheelchairAgent(Clone),7,11,1.3,1.17,7.42334,1,True,2,1,0.5
2026-03-06_18.41.58,82,sign-optimization-horizontal-vertical_scenario,618,238,3,-3,-4,90,90,15,1,47257,AdultFemaleAgent(Clone),5,10,1.58,1.45,0,0,True,2,1,0.5
2026-03-06_18.41.58,82,sign-optimization-horizontal-vertical_scenario,618,238,3,-3,-4,90,90,15,1,47258,AdultFemaleAgent(Clone),6,12,1.58,1.45,0,0,False,2,0,0
2026-03-06_18.41.58,82,sign-optimization-horizontal-vertical_scenario,618,238,3,-3,-4,90,90,15,1,47259,WheelchairAgent(Clone),11,10,1.3,1.17,0,0,False,3,0,0
2026-03-06_18.41.58,82,sign-optimization-horizontal-vertical_scenario,618,238,3,-3,-4,90,90,15,1,47260,AdultMaleAgent(Clone),10,12,1.71,1.58,0,0,False,3,0,0
2026-03-06_18.41.58,82,sign-optimization-horizontal-vertical_scenario,618,238,3,-3,-4,90,90,15,1,47261,AdultFemaleAgent(Clone),11,10,1.58,1.450001,0,0,False,3,0,0
2026-03-06_18.41.58,82,sign-optimization-horizontal-vertical_scenario,618,238,3,-3,-4,90,90,15,1,47262,AdultMaleAgent(Clone),11,10,1.71,1.58,0.668457,1,False,3,0,0
2026-03-06_18.41.58,82,sign-optimization-horizontal-vertical_scenario,618,238,3,-3,-4,90,90,15,1,47263,AdultFemaleAgent(Clone),5,10,1.58,1.45,0,0,True,2,1,0.5
2026-03-06_18.41.58,82,sign-optimization-horizontal-vertical_scenario,618,238,3,-3,-4,90,90,15,1,47264,AdultFemaleAgent(Clone),11,10,1.58,1.450001,0,0,False,3,0,0
2026-03-06_18.41.58,82,sign-optimization-horizontal-vertical_scenario,618,238,3,-3,-4,90,90,15,1,47265,AdultMaleAgent(Clone),7,11,1.71,1.58,0,0,False,2,0,0
2026-03-06_18.41.58,82,sign-optimization-horizontal-vertical_scenario,618,238,3,-3,-4,90,90,15,1,47266,AdultFemaleAgent(Clone),10,12,1.58,1.45,0,0,False,3,0,0
2026-03-06_18.41.58,82,sign-optimization-horizontal-vertical_scenario,618,238,3,-3,-4,90,90,15,1,47267,WheelchairAgent(Clone),10,12,1.3,1.17,0,0,False,3,0,0
2026-03-06_18.41.58,82,sign-optimization-horizontal-vertical_scenario,618,238,3,-3,-4,90,90,15,1,47268,WheelchairAgent(Clone),11,10,1.3,1.17,2.261719,1,False,3,0,0
2026-03-06_18.41.58,82,sign-optimization-horizontal-vertical_scenario,618,238,3,-3,-4,90,90,15,1,47269,AdultMaleAgent(Clone),7,11,1.71,1.58,0,0,False,2,0,0
2026-03-06_18.41.58,82,sign-optimization-horizontal-vertical_scenario,618,238,3,-3,-4,90,90,15,1,47270,AdultFemaleAgent(Clone),5,10,1.58,1.45,0,0,True,2,1,0.5
2026-03-06_18.41.58,82,sign-optimization-horizontal-vertical_scenario,618,238,3,-3,-4,90,90,15,1,47271,AdultMaleAgent(Clone),10,12,1.71,1.58,0,0,False,3,0,0
2026-03-06_18.41.58,82,sign-optimization-horizontal-vertical_scenario,618,238,3,-3,-4,90,90,15,1,47272,WheelchairAgent(Clone),5,10,1.3,1.17,0,0,False,2,1,0.5
2026-03-06_18.41.58,82,sign-optimization-horizontal-vertical_scenario,618,238,3,-3,-4,90,90,15,1,47273,WheelchairAgent(Clone),5,10,1.3,1.17,0,0,True,2,1,0.5
2026-03-06_18.41.58,82,sign-optimization-horizontal-vertical_scenario,618,238,3,-3,-4,90,90,15,1,47274,AdultMaleAgent(Clone),5,10,1.71,1.58,0,0,True,2,1,0.5
2026-03-06_18.41.58,82,sign-optimization-horizontal-vertical_scenario,618,238,3,-3,-4,90,90,15,1,47275,AdultMaleAgent(Clone),7,11,1.71,1.58,0,0,True,2,1,0.5
2026-03-06_18.41.58,82,sign-optimization-horizontal-vertical_scenario,618,238,3,-3,-4,90,90,15,1,47276,WheelchairAgent(Clone),6,12,1.3,1.17,0,0,False,2,0,0
2026-03-06_18.41.58,82,sign-optimization-horizontal-vertical_scenario,618,238,3,-3,-4,90,90,15,1,47277,AdultMaleAgent(Clone),10,12,1.71,1.58,0,0,False,3,0,0
2026-03-06_18.41.58,82,sign-optimization-horizontal-vertical_scenario,618,238,3,-3,-4,90,90,15,1,47278,AdultFemaleAgent(Clone),10,12,1.58,1.45,0,0,False,3,0,0
2026-03-06_18.41.58,82,sign-optimization-horizontal-vertical_scenario,618,238,3,-3,-4,90,90,15,1,47279,AdultFemaleAgent(Clone),7,11,1.58,1.450001,0,0,True,2,1,0.5
2026-03-06_18.41.58,82,sign-optimization-horizontal-vertical_scenario,618,238,3,-3,-4,90,90,15,1,47280,AdultMaleAgent(Clone),11,10,1.71,1.58,0,0,False,3,0,0
2026-03-06_18.41.58,82,sign-optimization-horizontal-vertical_scenario,618,238,3,-3,-4,90,90,15,1,47281,AdultFemaleAgent(Clone),5,10,1.58,1.45,0,0,True,2,1,0.5
2026-03-06_18.41.58,82,sign-optimization-horizontal-vertical_scenario,618,238,3,-3,-4,90,90,15,1,47282,WheelchairAgent(Clone),10,12,1.3,1.17,0,0,False,3,0,0
2026-03-06_18.41.58,82,sign-optimization-horizontal-vertical_scenario,618,238,3,-3,-4,90,90,15,1,47283,WheelchairAgent(Clone),10,12,1.3,1.17,0,0,False,3,0,0
2026-03-06_18.41.58,82,sign-optimization-horizontal-vertical_scenario,618,238,3,-3,-4,90,90,15,1,47284,AdultFemaleAgent(Clone),10,12,1.58,1.45,0,0,False,3,0,0
2026-03-06_18.41.58,82,sign-optimization-horizontal-vertical_scenario,618,238,3,-3,-4,90,90,15,1,47285,AdultMaleAgent(Clone),6,12,1.71,1.58,0,0,False,2,0,0
2026-03-06_18.41.58,82,sign-optimization-horizontal-vertical_scenario,618,238,3,-3,-4,90,90,15,1,47286,AdultMaleAgent(Clone),11,10,1.71,1.58,0,0,False,3,0,0
2026-03-06_18.41.58,82,sign-optimization-horizontal-vertical_scenario,618,238,3,-3,-4,90,90,15,1,47287,WheelchairAgent(Clone),5,10,1.3,1.17,0,0,True,2,1,0.5
2026-03-06_18.41.58,82,sign-optimization-horizontal-vertical_scenario,618,238,3,-3,-4,90,90,15,1,47288,AdultMaleAgent(Clone),11,10,1.71,1.58,2.550781,1,False,3,0,0
2026-03-06_18.41.58,82,sign-optimization-horizontal-vertical_scenario,618,238,3,-3,-4,90,90,15,1,47289,AdultMaleAgent(Clone),6,12,1.71,1.58,0,0,False,2,0,0
2026-03-06_18.41.58,82,sign-optimization-horizontal-vertical_scenario,618,238,3,-3,-4,90,90,15,1,47290,AdultMaleAgent(Clone),7,11,1.71,1.58,0,0,True,2,1,0.5
2026-03-06_18.41.58,82,sign-optimization-horizontal-vertical_scenario,618,238,3,-3,-4,90,90,15,1,47291,AdultMaleAgent(Clone),6,12,1.71,1.58,0,0,False,2,0,0
2026-03-06_18.41.58,82,sign-optimization-horizontal-vertical_scenario,618,238,3,-3,-4,90,90,15,1,47292,AdultFemaleAgent(Clone),10,12,1.58,1.45,0,0,False,3,0,0
2026-03-06_18.41.58,82,sign-optimization-horizontal-vertical_scenario,618,238,3,-3,-4,90,90,15,1,47293,WheelchairAgent(Clone),10,12,1.3,1.17,0,0,False,3,0,0
2026-03-06_18.41.58,82,sign-optimization-horizontal-vertical_scenario,618,238,3,-3,-4,90,90,15,1,47294,AdultMaleAgent(Clone),6,12,1.71,1.58,0,0,False,2,0,0
2026-03-06_18.41.58,82,sign-optimization-horizontal-vertical_scenario,618,238,3,-3,-4,90,90,15,1,47295,AdultFemaleAgent(Clone),5,10,1.58,1.45,0,0,True,2,1,0.5
2026-03-06_18.41.58,82,sign-optimization-horizontal-vertical_scenario,618,238,3,-3,-4,90,90,15,1,47296,AdultMaleAgent(Clone),5,10,1.71,1.58,0,0,True,2,1,0.5
2026-03-06_18.41.58,82,sign-optimization-horizontal-vertical_scenario,618,238,3,-3,-4,90,90,15,1,47297,WheelchairAgent(Clone),7,11,1.3,1.17,0,0,False,2,0,0
2026-03-06_18.41.58,82,sign-optimization-horizontal-vertical_scenario,618,238,3,-3,-4,90,90,15,1,47298,AdultFemaleAgent(Clone),7,11,1.58,1.450001,0,0,True,2,1,0.5
2026-03-06_18.41.58,82,sign-optimization-horizontal-vertical_scenario,618,238,3,-3,-4,90,90,15,1,47299,WheelchairAgent(Clone),7,11,1.3,1.17,0,0,True,2,1,0.5
2026-03-06_18.41.58,82,sign-optimization-horizontal-vertical_scenario,618,238,3,-3,-4,90,90,15,1,47300,WheelchairAgent(Clone),6,12,1.3,1.17,0,0,False,2,0,0
2026-03-06_18.41.58,82,sign-optimization-horizontal-vertical_scenario,618,238,3,-3,-4,90,90,15,1,47301,WheelchairAgent(Clone),6,12,1.3,1.17,0,0,False,2,0,0
2026-03-06_18.41.58,82,sign-optimization-horizontal-vertical_scenario,618,238,3,-3,-4,90,90,15,1,47302,AdultFemaleAgent(Clone),10,12,1.58,1.45,0,0,False,3,0,0
2026-03-06_18.41.58,82,sign-optimization-horizontal-vertical_scenario,618,238,3,-3,-4,90,90,15,1,47303,AdultMaleAgent(Clone),5,10,1.71,1.58,0,0,True,2,1,0.5
2026-03-06_18.41.58,82,sign-optimization-horizontal-vertical_scenario,618,238,3,-3,-4,90,90,15,1,47304,WheelchairAgent(Clone),11,10,1.3,1.17,0,0,False,3,0,0
2026-03-06_18.41.58,82,sign-optimization-horizontal-vertical_scenario,618,238,3,-3,-4,90,90,15,1,47305,AdultMaleAgent(Clone),6,12,1.71,1.58,0,0,False,2,0,0
2026-03-06_18.41.58,82,sign-optimization-horizontal-vertical_scenario,618,238,3,-3,-4,90,90,15,1,47306,AdultMaleAgent(Clone),10,12,1.71,1.58,0,0,False,3,0,0
2026-03-06_18.41.58,82,sign-optimization-horizontal-vertical_scenario,618,238,3,-3,-4,90,90,15,1,47307,AdultFemaleAgent(Clone),5,10,1.58,1.45,0,0,True,2,1,0.5
2026-03-06_18.41.58,82,sign-optimization-horizontal-vertical_scenario,618,238,3,-3,-4,90,90,15,1,47308,AdultMaleAgent(Clone),5,10,1.71,1.58,0,0,True,2,1,0.5
2026-03-06_18.41.58,82,sign-optimization-horizontal-vertical_scenario,618,238,3,-3,-4,90,90,15,1,47309,WheelchairAgent(Clone),6,12,1.3,1.17,0,0,False,2,0,0
2026-03-06_18.41.58,82,sign-optimization-horizontal-vertical_scenario,618,238,3,-3,-4,90,90,15,1,47310,WheelchairAgent(Clone),7,11,1.3,1.17,0,0,True,2,1,0.5
2026-03-06_18.41.58,82,sign-optimization-horizontal-vertical_scenario,618,238,3,-3,-4,90,90,15,1,47311,WheelchairAgent(Clone),6,12,1.3,1.17,0,0,False,2,0,0
2026-03-06_18.41.58,82,sign-optimization-horizontal-vertical_scenario,618,238,3,-3,-4,90,90,15,1,47312,AdultMaleAgent(Clone),11,10,1.71,1.58,0,0,False,3,0,0
2026-03-06_18.41.58,82,sign-optimization-horizontal-vertical_scenario,618,238,3,-3,-4,90,90,15,1,47313,WheelchairAgent(Clone),10,12,1.3,1.17,0,0,False,3,0,0
2026-03-06_18.41.58,82,sign-optimization-horizontal-vertical_scenario,618,238,3,-3,-4,90,90,15,1,47314,AdultFemaleAgent(Clone),10,12,1.58,1.45,0,0,False,3,0,0
2026-03-06_18.41.58,82,sign-optimization-horizontal-vertical_scenario,618,238,3,-3,-4,90,90,15,1,47315,AdultFemaleAgent(Clone),10,12,1.58,1.45,0,0,False,3,0,0
2026-03-06_18.41.58,82,sign-optimization-horizontal-vertical_scenario,618,238,3,-3,-4,90,90,15,1,47316,AdultFemaleAgent(Clone),10,12,1.58,1.45,0,0,False,3,0,0
2026-03-06_18.41.58,82,sign-optimization-horizontal-vertical_scenario,618,238,3,-3,-4,90,90,15,1,47317,AdultMaleAgent(Clone),7,11,1.71,1.58,0,0,True,2,1,0.5
2026-03-06_18.41.58,82,sign-optimization-horizontal-vertical_scenario,618,238,3,-3,-4,90,90,15,1,47318,AdultMaleAgent(Clone),6,12,1.71,1.58,0,0,False,2,0,0
2026-03-06_18.41.58,82,sign-optimization-horizontal-vertical_scenario,618,238,3,-3,-4,90,90,15,1,47319,AdultMaleAgent(Clone),11,10,1.71,1.58,0,0,False,3,0,0
2026-03-06_18.41.58,82,sign-optimization-horizontal-vertical_scenario,618,238,3,-3,-4,90,90,15,1,47320,WheelchairAgent(Clone),10,12,1.3,1.17,0,0,False,3,0,0
2026-03-06_18.41.58,82,sign-optimization-horizontal-vertical_scenario,618,238,3,-3,-4,90,90,15,1,47321,WheelchairAgent(Clone),6,12,1.3,1.17,0,0,False,2,0,0
2026-03-06_18.41.58,82,sign-optimization-horizontal-vertical_scenario,618,238,3,-3,-4,90,90,15,1,47322,AdultFemaleAgent(Clone),11,10,1.58,1.450001,0,0,False,3,0,0
2026-03-06_18.41.58,82,sign-optimization-horizontal-vertical_scenario,618,238,3,-3,-4,90,90,15,1,47323,WheelchairAgent(Clone),6,12,1.3,1.17,0,0,False,2,0,0
2026-03-06_18.41.58,82,sign-optimization-horizontal-vertical_scenario,618,238,3,-3,-4,90,90,15,1,47324,WheelchairAgent(Clone),10,12,1.3,1.17,0,0,False,3,0,0
2026-03-06_18.41.58,82,sign-optimization-horizontal-vertical_scenario,618,238,3,-3,-4,90,90,15,1,47325,AdultFemaleAgent(Clone),10,12,1.58,1.45,0,0,False,3,0,0
2026-03-06_18.41.58,82,sign-optimization-horizontal-vertical_scenario,618,238,3,-3,-4,90,90,15,1,47326,AdultFemaleAgent(Clone),7,11,1.58,1.450001,0,0,True,2,1,0.5
2026-03-06_18.41.58,82,sign-optimization-horizontal-vertical_scenario,618,238,3,-3,-4,90,90,15,1,47327,AdultFemaleAgent(Clone),11,10,1.58,1.450001,0,0,False,3,0,0
2026-03-06_18.41.58,82,sign-optimization-horizontal-vertical_scenario,618,238,3,-3,-4,90,90,15,1,47328,AdultMaleAgent(Clone),5,10,1.71,1.58,0,0,False,2,1,0.5
2026-03-06_18.41.58,82,sign-optimization-horizontal-vertical_scenario,618,238,3,-3,-4,90,90,15,1,47329,AdultFemaleAgent(Clone),6,12,1.58,1.45,0,0,False,2,0,0
2026-03-06_18.41.58,82,sign-optimization-horizontal-vertical_scenario,618,238,3,-3,-4,90,90,15,1,47330,WheelchairAgent(Clone),11,10,1.3,1.17,0,0,False,3,0,0
2026-03-06_18.41.58,82,sign-optimization-horizontal-vertical_scenario,618,238,3,-3,-4,90,90,15,1,47331,WheelchairAgent(Clone),6,12,1.3,1.17,0,0,False,2,0,0
2026-03-06_18.41.58,82,sign-optimization-horizontal-vertical_scenario,618,238,3,-3,-4,90,90,15,1,47332,AdultFemaleAgent(Clone),10,12,1.58,1.45,0,0,False,3,0,0
2026-03-06_18.41.58,82,sign-optimization-horizontal-vertical_scenario,618,238,3,-3,-4,90,90,15,1,47333,AdultFemaleAgent(Clone),10,12,1.58,1.45,0,0,False,3,0,0
2026-03-06_18.41.58,82,sign-optimization-horizontal-vertical_scenario,618,238,3,-3,-4,90,90,15,1,47334,AdultMaleAgent(Clone),7,11,1.71,1.58,0,0,False,2,0,0
2026-03-06_18.41.58,82,sign-optimization-horizontal-vertical_scenario,618,238,3,-3,-4,90,90,15,1,47335,WheelchairAgent(Clone),7,11,1.3,1.17,0,0,False,2,0,0
2026-03-06_18.41.58,82,sign-optimization-horizontal-vertical_scenario,618,238,3,-3,-4,90,90,15,1,47336,AdultMaleAgent(Clone),5,10,1.71,1.58,0,0,False,2,0,0
2026-03-06_18.41.58,82,sign-optimization-horizontal-vertical_scenario,618,238,3,-3,-4,90,90,15,1,47337,WheelchairAgent(Clone),11,10,1.3,1.17,0,0,False,3,0,0
2026-03-06_18.41.58,82,sign-optimization-horizontal-vertical_scenario,618,238,3,-3,-4,90,90,15,1,47338,AdultMaleAgent(Clone),7,11,1.71,1.58,0,0,False,2,0,0
2026-03-06_18.41.58,82,sign-optimization-horizontal-vertical_scenario,618,238,3,-3,-4,90,90,15,1,47339,WheelchairAgent(Clone),10,12,1.3,1.17,0,0,False,3,0,0
2026-03-06_18.41.58,82,sign-optimization-horizontal-vertical_scenario,618,238,3,-3,-4,90,90,15,1,47340,WheelchairAgent(Clone),11,10,1.3,1.17,0,0,False,3,0,0
2026-03-06_18.41.58,82,sign-optimization-horizontal-vertical_scenario,618,238,3,-3,-4,90,90,15,1,47341,AdultFemaleAgent(Clone),6,12,1.58,1.45,0,0,False,2,0,0
2026-03-06_18.41.58,82,sign-optimization-horizontal-vertical_scenario,618,238,3,-3,-4,90,90,15,1,47342,WheelchairAgent(Clone),11,10,1.3,1.17,0,0,False,3,0,0
2026-03-06_18.41.58,82,sign-optimization-horizontal-vertical_scenario,618,238,3,-3,-4,90,90,15,1,47343,AdultMaleAgent(Clone),5,10,1.71,1.58,0,0,False,2,0,0
2026-03-06_18.41.58,82,sign-optimization-horizontal-vertical_scenario,618,238,3,-3,-4,90,90,15,1,47344,AdultFemaleAgent(Clone),6,12,1.58,1.45,0,0,False,2,0,0
2026-03-06_18.41.58,82,sign-optimization-horizontal-vertical_scenario,618,238,3,-3,-4,90,90,15,1,47345,AdultFemaleAgent(Clone),5,10,1.58,1.45,0,0,False,2,1,0.5
2026-03-06_18.41.58,82,sign-optimization-horizontal-vertical_scenario,618,238,3,-3,-4,90,90,15,1,47346,AdultMaleAgent(Clone),6,12,1.71,1.58,0,0,False,2,0,0
2026-03-06_18.41.58,82,sign-optimization-horizontal-vertical_scenario,618,238,3,-3,-4,90,90,15,1,47347,AdultFemaleAgent(Clone),7,11,1.58,1.450001,0,0,False,2,0,0
2026-03-06_18.41.58,82,sign-optimization-horizontal-vertical_scenario,618,238,3,-3,-4,90,90,15,1,47348,WheelchairAgent(Clone),5,10,1.3,1.17,0,0,False,2,0,0
2026-03-06_18.41.58,82,sign-optimization-horizontal-vertical_scenario,618,238,3,-3,-4,90,90,15,1,47349,AdultMaleAgent(Clone),11,10,1.71,1.58,0,0,False,3,0,0
2026-03-06_18.41.58,82,sign-optimization-horizontal-vertical_scenario,618,238,3,-3,-4,90,90,15,1,47350,AdultFemaleAgent(Clone),5,10,1.58,1.45,0,0,False,2,0,0
2026-03-06_18.41.58,82,sign-optimization-horizontal-vertical_scenario,618,238,3,-3,-4,90,90,15,1,47351,AdultMaleAgent(Clone),5,10,1.71,1.58,0,0,False,2,0,0
2026-03-06_18.41.58,82,sign-optimization-horizontal-vertical_scenario,618,238,3,-3,-4,90,90,15,1,47352,WheelchairAgent(Clone),11,10,1.3,1.17,0,0,False,3,0,0
2026-03-06_18.41.58,82,sign-optimization-horizontal-vertical_scenario,618,238,3,-3,-4,90,90,15,1,47353,AdultFemaleAgent(Clone),11,10,1.58,1.450001,0,0,False,3,0,0
2026-03-06_18.41.58,82,sign-optimization-horizontal-vertical_scenario,618,238,3,-3,-4,90,90,15,1,47354,AdultFemaleAgent(Clone),10,12,1.58,1.45,0,0,False,3,0,0
2026-03-06_18.41.58,82,sign-optimization-horizontal-vertical_scenario,618,238,3,-3,-4,90,90,15,1,47355,AdultFemaleAgent(Clone),6,12,1.58,1.45,0,0,False,2,0,0
2026-03-06_18.41.58,82,sign-optimization-horizontal-vertical_scenario,618,238,3,-3,-4,90,90,15,1,47356,AdultMaleAgent(Clone),7,11,1.71,1.58,0,0,False,2,0,0
2026-03-06_18.41.58,82,sign-optimization-horizontal-vertical_scenario,618,238,3,-3,-4,90,90,15,1,47357,AdultMaleAgent(Clone),5,10,1.71,1.58,0,0,False,2,0,0
2026-03-06_18.41.58,82,sign-optimization-horizontal-vertical_scenario,618,238,3,-3,-4,90,90,15,1,47358,AdultFemaleAgent(Clone),6,12,1.58,1.45,0,0,False,2,0,0
2026-03-06_18.41.58,82,sign-optimization-horizontal-vertical_scenario,618,238,3,-3,-4,90,90,15,1,47359,AdultMaleAgent(Clone),6,12,1.71,1.58,0,0,False,2,0,0
2026-03-06_18.41.58,82,sign-optimization-horizontal-vertical_scenario,618,238,3,-3,-4,90,90,15,1,47360,AdultMaleAgent(Clone),10,12,1.71,1.58,0,0,False,3,0,0
2026-03-06_18.41.58,82,sign-optimization-horizontal-vertical_scenario,618,238,3,-3,-4,90,90,15,1,47361,AdultFemaleAgent(Clone),6,12,1.58,1.45,0,0,False,2,0,0
2026-03-06_18.41.58,82,sign-optimization-horizontal-vertical_scenario,618,238,3,-3,-4,90,90,15,1,47362,AdultMaleAgent(Clone),7,11,1.71,1.58,0,0,False,2,0,0
2026-03-06_18.41.58,82,sign-optimization-horizontal-vertical_scenario,618,238,3,-3,-4,90,90,15,1,47363,AdultMaleAgent(Clone),6,12,1.71,1.58,0,0,False,2,0,0
2026-03-06_18.41.58,82,sign-optimization-horizontal-vertical_scenario,618,238,3,-3,-4,90,90,15,1,47364,AdultFemaleAgent(Clone),5,10,1.58,1.45,0,0,False,2,0,0
2026-03-06_18.41.58,82,sign-optimization-horizontal-vertical_scenario,618,238,3,-3,-4,90,90,15,1,47365,WheelchairAgent(Clone),7,11,1.3,1.17,0,0,False,2,0,0
2026-03-06_18.41.58,82,sign-optimization-horizontal-vertical_scenario,618,238,3,-3,-4,90,90,15,1,47366,AdultFemaleAgent(Clone),5,10,1.58,1.45,0,0,False,2,0,0
2026-03-06_18.41.58,82,sign-optimization-horizontal-vertical_scenario,618,238,3,-3,-4,90,90,15,1,47367,AdultMaleAgent(Clone),11,10,1.71,1.58,0,0,False,3,0,0
2026-03-06_18.41.58,82,sign-optimization-horizontal-vertical_scenario,618,238,3,-3,-4,90,90,15,1,47368,AdultFemaleAgent(Clone),11,10,1.58,1.450001,0,0,False,3,0,0
2026-03-06_18.41.58,82,sign-optimization-horizontal-vertical_scenario,618,238,3,-3,-4,90,90,15,1,47369,AdultFemaleAgent(Clone),10,12,1.58,1.45,0,0,False,3,0,0
2026-03-06_18.41.58,82,sign-optimization-horizontal-vertical_scenario,618,238,3,-3,-4,90,90,15,1,47370,WheelchairAgent(Clone),6,12,1.3,1.17,0,0,False,2,0,0
2026-03-06_18.41.58,82,sign-optimization-horizontal-vertical_scenario,618,238,3,-3,-4,90,90,15,1,47371,AdultFemaleAgent(Clone),11,10,1.58,1.450001,0,0,False,3,0,0
2026-03-06_18.41.58,82,sign-optimization-horizontal-vertical_scenario,618,238,3,-3,-4,90,90,15,1,47372,AdultMaleAgent(Clone),11,10,1.71,1.58,0,0,False,3,0,0
2026-03-06_18.41.58,82,sign-optimization-horizontal-vertical_scenario,618,238,3,-3,-4,90,90,15,1,47373,WheelchairAgent(Clone),6,12,1.3,1.17,0,0,False,2,0,0
2026-03-06_18.41.58,82,sign-optimization-horizontal-vertical_scenario,618,238,3,-3,-4,90,90,15,1,47374,AdultMaleAgent(Clone),10,12,1.71,1.58,0,0,False,3,0,0
2026-03-06_18.41.58,82,sign-optimization-horizontal-vertical_scenario,618,238,3,-3,-4,90,90,15,1,47375,AdultMaleAgent(Clone),6,12,1.71,1.58,0,0,False,2,0,0
2026-03-06_18.41.58,82,sign-optimization-horizontal-vertical_scenario,618,238,3,-3,-4,90,90,15,1,47376,AdultFemaleAgent(Clone),10,12,1.58,1.45,0,0,False,3,0,0
2026-03-06_18.41.58,82,sign-optimization-horizontal-vertical_scenario,618,238,3,-3,-4,90,90,15,1,47377,AdultFemaleAgent(Clone),10,12,1.58,1.45,0,0,False,3,0,0
2026-03-06_18.41.58,82,sign-optimization-horizontal-vertical_scenario,618,238,3,-3,-4,90,90,15,1,47378,AdultFemaleAgent(Clone),10,12,1.58,1.45,0,0,False,3,0,0
2026-03-06_18.41.58,82,sign-optimization-horizontal-vertical_scenario,618,238,3,-3,-4,90,90,15,1,47379,AdultMaleAgent(Clone),11,10,1.71,1.58,0,0,False,3,0,0
2026-03-06_18.41.58,82,sign-optimization-horizontal-vertical_scenario,618,238,3,-3,-4,90,90,15,1,47380,AdultMaleAgent(Clone),5,10,1.71,1.58,0,0,False,2,0,0
2026-03-06_18.41.58,82,sign-optimization-horizontal-vertical_scenario,618,238,3,-3,-4,90,90,15,1,47381,AdultMaleAgent(Clone),11,10,1.71,1.58,0,0,False,3,0,0
2026-03-06_18.41.58,82,sign-optimization-horizontal-vertical_scenario,618,238,3,-3,-4,90,90,15,1,47382,WheelchairAgent(Clone),6,12,1.3,1.17,0,0,False,2,0,0
2026-03-06_18.41.58,82,sign-optimization-horizontal-vertical_scenario,618,238,3,-3,-4,90,90,15,1,47383,AdultFemaleAgent(Clone),6,12,1.58,1.45,0,0,False,2,0,0
2026-03-06_18.41.58,82,sign-optimization-horizontal-vertical_scenario,618,238,3,-3,-4,90,90,15,1,47384,AdultMaleAgent(Clone),11,10,1.71,1.58,0,0,False,3,0,0
2026-03-06_18.41.58,82,sign-optimization-horizontal-vertical_scenario,618,238,3,-3,-4,90,90,15,1,47385,AdultMaleAgent(Clone),6,12,1.71,1.58,0,0,False,2,0,0
2026-03-06_18.41.58,82,sign-optimization-horizontal-vertical_scenario,618,238,3,-3,-4,90,90,15,1,47386,AdultMaleAgent(Clone),11,10,1.71,1.58,0,0,False,3,0,0
2026-03-06_18.41.58,82,sign-optimization-horizontal-vertical_scenario,618,238,3,-3,-4,90,90,15,1,47387,AdultMaleAgent(Clone),6,12,1.71,1.58,0,0,False,2,0,0
2026-03-06_18.41.58,82,sign-optimization-horizontal-vertical_scenario,618,238,3,-3,-4,90,90,15,1,47388,AdultMaleAgent(Clone),11,10,1.71,1.58,0,0,False,3,0,0
2026-03-06_18.41.58,82,sign-optimization-horizontal-vertical_scenario,618,238,3,-3,-4,90,90,15,1,47389,AdultFemaleAgent(Clone),7,11,1.58,1.450001,0,0,False,2,0,0
2026-03-06_18.41.58,82,sign-optimization-horizontal-vertical_scenario,618,238,3,-3,-4,90,90,15,1,47390,AdultMaleAgent(Clone),7,11,1.71,1.58,0,0,False,2,0,0
2026-03-06_18.41.58,82,sign-optimization-horizontal-vertical_scenario,618,238,3,-3,-4,90,90,15,1,47391,AdultFemaleAgent(Clone),5,10,1.58,1.45,0,0,False,2,0,0
2026-03-06_18.41.58,82,sign-optimization-horizontal-vertical_scenario,618,238,3,-3,-4,90,90,15,1,47392,AdultMaleAgent(Clone),10,12,1.71,1.58,0,0,False,3,0,0
2026-03-06_18.41.58,82,sign-optimization-horizontal-vertical_scenario,618,238,3,-3,-4,90,90,15,1,47393,AdultMaleAgent(Clone),11,10,1.71,1.58,0,0,False,3,0,0
2026-03-06_18.41.58,82,sign-optimization-horizontal-vertical_scenario,618,238,3,-3,-4,90,90,15,1,47394,AdultMaleAgent(Clone),6,12,1.71,1.58,0,0,False,2,0,0
2026-03-06_18.41.58,82,sign-optimization-horizontal-vertical_scenario,618,238,3,-3,-4,90,90,15,1,47395,AdultMaleAgent(Clone),5,10,1.71,1.58,0,0,False,2,0,0
2026-03-06_18.41.58,82,sign-optimization-horizontal-vertical_scenario,618,238,3,-3,-4,90,90,15,1,47396,AdultFemaleAgent(Clone),11,10,1.58,1.450001,0,0,False,3,0,0
2026-03-06_18.41.58,82,sign-optimization-horizontal-vertical_scenario,618,238,3,-3,-4,90,90,15,1,47397,AdultMaleAgent(Clone),6,12,1.71,1.58,0,0,False,2,0,0
2026-03-06_18.41.58,82,sign-optimization-horizontal-vertical_scenario,618,238,3,-3,-4,90,90,15,1,47398,AdultMaleAgent(Clone),7,11,1.71,1.58,0,0,False,2,0,0
2026-03-06_18.41.58,82,sign-optimization-horizontal-vertical_scenario,618,238,3,-3,-4,90,90,15,1,47399,AdultFemaleAgent(Clone),6,12,1.58,1.45,0,0,False,2,0,0
2026-03-06_18.41.58,82,sign-optimization-horizontal-vertical_scenario,618,238,3,-3,-4,90,90,15,1,47400,WheelchairAgent(Clone),7,11,1.3,1.17,0,0,False,2,0,0
2026-03-06_18.41.58,82,sign-optimization-horizontal-vertical_scenario,618,238,3,-3,-4,90,90,15,1,47401,AdultFemaleAgent(Clone),10,12,1.58,1.45,0,0,False,3,0,0
2026-03-06_18.41.58,82,sign-optimization-horizontal-vertical_scenario,618,238,3,-3,-4,90,90,15,1,47402,AdultMaleAgent(Clone),10,12,1.71,1.58,0,0,False,3,0,0
2026-03-06_18.41.58,82,sign-optimization-horizontal-vertical_scenario,618,238,3,-3,-4,90,90,15,1,47403,WheelchairAgent(Clone),5,10,1.3,1.17,0,0,False,2,0,0
2026-03-06_18.41.58,82,sign-optimization-horizontal-vertical_scenario,618,238,3,-3,-4,90,90,15,1,47404,AdultFemaleAgent(Clone),7,11,1.58,1.450001,0,0,False,2,0,0
2026-03-06_18.41.58,82,sign-optimization-horizontal-vertical_scenario,618,238,3,-3,-4,90,90,15,1,47405,AdultFemaleAgent(Clone),7,11,1.58,1.450001,0,0,False,2,0,0
2026-03-06_18.41.58,82,sign-optimization-horizontal-vertical_scenario,618,238,3,-3,-4,90,90,15,1,47406,WheelchairAgent(Clone),6,12,1.3,1.17,0,0,False,2,0,0
2026-03-06_18.41.58,82,sign-optimization-horizontal-vertical_scenario,618,238,3,-3,-4,90,90,15,1,47407,AdultMaleAgent(Clone),7,11,1.71,1.58,0,0,False,2,0,0
2026-03-06_18.41.58,82,sign-optimization-horizontal-vertical_scenario,618,238,3,-3,-4,90,90,15,1,47408,AdultFemaleAgent(Clone),5,10,1.58,1.45,0,0,False,2,0,0
2026-03-06_18.41.58,82,sign-optimization-horizontal-vertical_scenario,618,238,3,-3,-4,90,90,15,1,47409,WheelchairAgent(Clone),10,12,1.3,1.17,0,0,False,3,0,0
2026-03-06_18.41.58,82,sign-optimization-horizontal-vertical_scenario,618,238,3,-3,-4,90,90,15,1,47410,WheelchairAgent(Clone),11,10,1.3,1.17,0,0,False,3,0,0
2026-03-06_18.41.58,82,sign-optimization-horizontal-vertical_scenario,618,238,3,-3,-4,90,90,15,1,47411,AdultFemaleAgent(Clone),5,10,1.58,1.45,0,0,False,2,0,0
2026-03-06_18.41.58,82,sign-optimization-horizontal-vertical_scenario,618,238,3,-3,-4,90,90,15,1,47412,WheelchairAgent(Clone),6,12,1.3,1.17,0,0,False,2,0,0
2026-03-06_18.41.58,82,sign-optimization-horizontal-vertical_scenario,618,238,3,-3,-4,90,90,15,1,47413,AdultMaleAgent(Clone),7,11,1.71,1.58,0,0,False,2,0,0
2026-03-06_18.41.58,82,sign-optimization-horizontal-vertical_scenario,618,238,3,-3,-4,90,90,15,1,47414,WheelchairAgent(Clone),6,12,1.3,1.17,0,0,False,2,0,0
2026-03-06_18.41.58,82,sign-optimization-horizontal-vertical_scenario,618,238,3,-3,-4,90,90,15,1,47415,AdultFemaleAgent(Clone),7,11,1.58,1.450001,0,0,False,2,0,0
2026-03-06_18.41.58,82,sign-optimization-horizontal-vertical_scenario,618,238,3,-3,-4,90,90,15,1,47416,WheelchairAgent(Clone),6,12,1.3,1.17,0,0,False,2,0,0
2026-03-06_18.41.58,82,sign-optimization-horizontal-vertical_scenario,618,238,3,-3,-4,90,90,15,1,47417,AdultMaleAgent(Clone),11,10,1.71,1.58,0,0,False,3,0,0
2026-03-06_18.41.58,82,sign-optimization-horizontal-vertical_scenario,618,238,3,-3,-4,90,90,15,1,47418,WheelchairAgent(Clone),10,12,1.3,1.17,0,0,False,3,0,0
2026-03-06_18.41.58,82,sign-optimization-horizontal-vertical_scenario,618,238,3,-3,-4,90,90,15,1,47419,AdultMaleAgent(Clone),5,10,1.71,1.58,0,0,False,2,0,0
2026-03-06_18.41.58,82,sign-optimization-horizontal-vertical_scenario,618,238,3,-3,-4,90,90,15,1,47420,AdultMaleAgent(Clone),6,12,1.71,1.58,0,0,False,2,0,0
2026-03-06_18.41.58,82,sign-optimization-horizontal-vertical_scenario,618,238,3,-3,-4,90,90,15,1,47421,AdultFemaleAgent(Clone),5,10,1.58,1.45,0,0,False,2,0,0
2026-03-06_18.41.58,82,sign-optimization-horizontal-vertical_scenario,618,238,3,-3,-4,90,90,15,1,47422,WheelchairAgent(Clone),7,11,1.3,1.17,0,0,False,2,0,0
2026-03-06_18.41.58,82,sign-optimization-horizontal-vertical_scenario,618,238,3,-3,-4,90,90,15,1,47423,AdultMaleAgent(Clone),10,12,1.71,1.58,0,0,False,3,0,0
2026-03-06_18.41.58,82,sign-optimization-horizontal-vertical_scenario,618,238,3,-3,-4,90,90,15,1,47424,AdultFemaleAgent(Clone),5,10,1.58,1.45,0,0,False,2,0,0
2026-03-06_18.41.58,82,sign-optimization-horizontal-vertical_scenario,618,238,3,-3,-4,90,90,15,1,47425,WheelchairAgent(Clone),6,12,1.3,1.17,0,0,False,2,0,0
2026-03-06_18.41.58,82,sign-optimization-horizontal-vertical_scenario,618,238,3,-3,-4,90,90,15,1,47426,AdultMaleAgent(Clone),11,10,1.71,1.58,0,0,False,3,0,0
2026-03-06_18.41.58,82,sign-optimization-horizontal-vertical_scenario,618,238,3,-3,-4,90,90,15,1,47427,AdultFemaleAgent(Clone),7,11,1.58,1.450001,0,0,False,2,0,0
2026-03-06_18.41.58,82,sign-optimization-horizontal-vertical_scenario,618,238,3,-3,-4,90,90,15,1,47428,WheelchairAgent(Clone),5,10,1.3,1.17,0,0,False,2,0,0
2026-03-06_18.41.58,82,sign-optimization-horizontal-vertical_scenario,618,238,3,-3,-4,90,90,15,1,47429,AdultFemaleAgent(Clone),11,10,1.58,1.450001,0,0,False,3,0,0
2026-03-06_18.41.58,82,sign-optimization-horizontal-vertical_scenario,618,238,3,-3,-4,90,90,15,1,47430,WheelchairAgent(Clone),7,11,1.3,1.17,0,0,False,2,0,0
