Timestamp,RunIndex,ScenarioID,TotalAgents,VisibleSignCount,SignHeight,SignPositionX,SignPositionZ,SignOrientation,VcaAngle,VcaDistance,SignComprehensionTime,AgentID,AgentType,StartNode,GoalNode,Height,EyeHeight,TimeInVCA,TimesInVCA,SawSign,TotalNodesNavigated,NodesWithDetection,RDEffective
2026-03-07_01.03.49,153,sign-optimization-horizontal-vertical_scenario,618,226,3,-4,0,0,90,15,1,88257,AdultFemaleAgent(Clone),7,11,1.58,1.450001,10.02344,1,False,2,1,0.5
2026-03-07_01.03.49,153,sign-optimization-horizontal-vertical_scenario,618,226,3,-4,0,0,90,15,1,88258,AdultMaleAgent(Clone),10,12,1.71,1.58,3.887695,2,True,3,1,0.3333333
2026-03-07_01.03.49,153,sign-optimization-horizontal-vertical_scenario,618,226,3,-4,0,0,90,15,1,88259,AdultFemaleAgent(Clone),11,10,1.58,1.450001,6.108398,1,False,3,0,0
2026-03-07_01.03.49,153,sign-optimization-horizontal-vertical_scenario,618,226,3,-4,0,0,90,15,1,88260,WheelchairAgent(Clone),5,10,1.3,1.17,5.290039,2,True,2,1,0.5
2026-03-07_01.03.49,153,sign-optimization-horizontal-vertical_scenario,618,226,3,-4,0,0,90,15,1,88261,WheelchairAgent(Clone),7,11,1.3,1.17,6.05957,1,False,2,0,0
2026-03-07_01.03.49,153,sign-optimization-horizontal-vertical_scenario,618,226,3,-4,0,0,90,15,1,88262,AdultFemaleAgent(Clone),5,10,1.58,1.45,4.703125,2,False,2,1,0.5
2026-03-07_01.03.49,153,sign-optimization-horizontal-vertical_scenario,618,226,3,-4,0,0,90,15,1,88263,AdultMaleAgent(Clone),7,11,1.71,1.58,8.418945,1,False,2,1,0.5
2026-03-07_01.03.49,153,sign-optimization-horizontal-vertical_scenario,618,226,3,-4,0,0,90,15,1,88264,WheelchairAgent(Clone),10,12,1.3,1.17,3.425781,2,True,3,1,0.3333333
2026-03-07_01.03.49,153,sign-optimization-horizontal-vertical_scenario,618,226,3,-4,0,0,90,15,1,88265,AdultFemaleAgent(Clone),10,12,1.58,1.45,4.530273,2,True,3,1,0.3333333
2026-03-07_01.03.49,153,sign-optimization-horizontal-vertical_scenario,618,226,3,-4,0,0,90,15,1,88266,WheelchairAgent(Clone),10,12,1.3,1.17,2.387695,2,False,3,0,0
2026-03-07_01.03.49,153,sign-optimization-horizontal-vertical_scenario,618,226,3,-4,0,0,90,15,1,88267,AdultMaleAgent(Clone),10,12,1.71,1.58,2.592773,2,True,3,1,0.3333333
2026-03-07_01.03.49,153,sign-optimization-horizontal-vertical_scenario,618,226,3,-4,0,0,90,15,1,88268,WheelchairAgent(Clone),6,12,1.3,1.17,5.018555,2,True,2,1,0.5
2026-03-07_01.03.49,153,sign-optimization-horizontal-vertical_scenario,618,226,3,-4,0,0,90,15,1,88269,AdultFemaleAgent(Clone),6,12,1.58,1.45,3.425781,2,True,2,1,0.5
2026-03-07_01.03.49,153,sign-optimization-horizontal-vertical_scenario,618,226,3,-4,0,0,90,15,1,88270,AdultFemaleAgent(Clone),7,11,1.58,1.450001,6.248047,1,False,2,1,0.5
2026-03-07_01.03.49,153,sign-optimization-horizontal-vertical_scenario,618,226,3,-4,0,0,90,15,1,88271,WheelchairAgent(Clone),10,12,1.3,1.17,3.910156,2,False,3,0,0
2026-03-07_01.03.49,153,sign-optimization-horizontal-vertical_scenario,618,226,3,-4,0,0,90,15,1,88272,AdultMaleAgent(Clone),10,12,1.71,1.58,4.047852,2,True,3,1,0.3333333
2026-03-07_01.03.49,153,sign-optimization-horizontal-vertical_scenario,618,226,3,-4,0,0,90,15,1,88273,WheelchairAgent(Clone),6,12,1.3,1.17,2.449219,2,True,2,1,0.5
2026-03-07_01.03.49,153,sign-optimization-horizontal-vertical_scenario,618,226,3,-4,0,0,90,15,1,88274,AdultMaleAgent(Clone),11,10,1.71,1.58,6.089844,1,False,3,0,0
2026-03-07_01.03.49,153,sign-optimization-horizontal-vertical_scenario,618,226,3,-4,0,0,90,15,1,88275,AdultMaleAgent(Clone),7,11,1.71,1.58,10.3916,1,False,2,1,0.5
2026-03-07_01.03.49,153,sign-optimization-horizontal-vertical_scenario,618,226,3,-4,0,0,90,15,1,88276,AdultMaleAgent(Clone),5,10,1.71,1.58,3.981445,2,False,2,1,0.5
2026-03-07_01.03.49,153,sign-optimization-horizontal-vertical_scenario,618,226,3,-4,0,0,90,15,1,88277,AdultMaleAgent(Clone),10,12,1.71,1.58,2.288086,2,True,3,1,0.3333333
2026-03-07_01.03.49,153,sign-optimization-horizontal-vertical_scenario,618,226,3,-4,0,0,90,15,1,88278,AdultFemaleAgent(Clone),10,12,1.58,1.45,3.71875,2,True,3,1,0.3333333
2026-03-07_01.03.49,153,sign-optimization-horizontal-vertical_scenario,618,226,3,-4,0,0,90,15,1,88279,WheelchairAgent(Clone),7,11,1.3,1.17,7.460938,1,False,2,0,0
2026-03-07_01.03.49,153,sign-optimization-horizontal-vertical_scenario,618,226,3,-4,0,0,90,15,1,88280,WheelchairAgent(Clone),10,12,1.3,1.17,1.942383,3,True,3,1,0.3333333
2026-03-07_01.03.49,153,sign-optimization-horizontal-vertical_scenario,618,226,3,-4,0,0,90,15,1,88281,AdultFemaleAgent(Clone),5,10,1.58,1.45,4.710938,2,False,2,1,0.5
2026-03-07_01.03.49,153,sign-optimization-horizontal-vertical_scenario,618,226,3,-4,0,0,90,15,1,88282,AdultMaleAgent(Clone),10,12,1.71,1.58,1.998047,2,True,3,1,0.3333333
2026-03-07_01.03.49,153,sign-optimization-horizontal-vertical_scenario,618,226,3,-4,0,0,90,15,1,88283,AdultMaleAgent(Clone),5,10,1.71,1.58,5.175781,2,False,2,1,0.5
2026-03-07_01.03.49,153,sign-optimization-horizontal-vertical_scenario,618,226,3,-4,0,0,90,15,1,88284,AdultFemaleAgent(Clone),5,10,1.58,1.45,5.073242,2,False,2,1,0.5
2026-03-07_01.03.49,153,sign-optimization-horizontal-vertical_scenario,618,226,3,-4,0,0,90,15,1,88285,WheelchairAgent(Clone),6,12,1.3,1.17,4.648438,2,True,2,1,0.5
2026-03-07_01.03.49,153,sign-optimization-horizontal-vertical_scenario,618,226,3,-4,0,0,90,15,1,88286,WheelchairAgent(Clone),6,12,1.3,1.17,4.775391,2,False,2,1,0.5
2026-03-07_01.03.49,153,sign-optimization-horizontal-vertical_scenario,618,226,3,-4,0,0,90,15,1,88287,AdultFemaleAgent(Clone),6,12,1.58,1.45,5.035156,2,True,2,1,0.5
2026-03-07_01.03.49,153,sign-optimization-horizontal-vertical_scenario,618,226,3,-4,0,0,90,15,1,88288,AdultFemaleAgent(Clone),10,12,1.58,1.45,3.341797,2,True,3,1,0.3333333
2026-03-07_01.03.49,153,sign-optimization-horizontal-vertical_scenario,618,226,3,-4,0,0,90,15,1,88289,AdultMaleAgent(Clone),7,11,1.71,1.58,11.13281,1,False,2,1,0.5
2026-03-07_01.03.49,153,sign-optimization-horizontal-vertical_scenario,618,226,3,-4,0,0,90,15,1,88290,AdultMaleAgent(Clone),7,11,1.71,1.58,6.289063,1,False,2,1,0.5
2026-03-07_01.03.49,153,sign-optimization-horizontal-vertical_scenario,618,226,3,-4,0,0,90,15,1,88291,WheelchairAgent(Clone),7,11,1.3,1.17,9.717773,1,False,2,1,0.5
2026-03-07_01.03.49,153,sign-optimization-horizontal-vertical_scenario,618,226,3,-4,0,0,90,15,1,88292,AdultMaleAgent(Clone),10,12,1.71,1.58,7.474609,1,True,3,1,0.3333333
2026-03-07_01.03.49,153,sign-optimization-horizontal-vertical_scenario,618,226,3,-4,0,0,90,15,1,88293,AdultFemaleAgent(Clone),10,12,1.58,1.45,2.733398,2,True,3,1,0.3333333
2026-03-07_01.03.49,153,sign-optimization-horizontal-vertical_scenario,618,226,3,-4,0,0,90,15,1,88294,WheelchairAgent(Clone),6,12,1.3,1.17,3.428711,2,False,2,0,0
2026-03-07_01.03.49,153,sign-optimization-horizontal-vertical_scenario,618,226,3,-4,0,0,90,15,1,88295,WheelchairAgent(Clone),10,12,1.3,1.17,3.266602,2,True,3,1,0.3333333
2026-03-07_01.03.49,153,sign-optimization-horizontal-vertical_scenario,618,226,3,-4,0,0,90,15,1,88296,AdultFemaleAgent(Clone),6,12,1.58,1.45,2.736328,2,True,2,1,0.5
2026-03-07_01.03.49,153,sign-optimization-horizontal-vertical_scenario,618,226,3,-4,0,0,90,15,1,88297,AdultMaleAgent(Clone),6,12,1.71,1.58,2.889648,2,True,2,1,0.5
2026-03-07_01.03.49,153,sign-optimization-horizontal-vertical_scenario,618,226,3,-4,0,0,90,15,1,88298,AdultMaleAgent(Clone),6,12,1.71,1.58,5.146484,2,True,2,1,0.5
2026-03-07_01.03.49,153,sign-optimization-horizontal-vertical_scenario,618,226,3,-4,0,0,90,15,1,88299,AdultFemaleAgent(Clone),6,12,1.58,1.45,4.62207,2,True,2,1,0.5
2026-03-07_01.03.49,153,sign-optimization-horizontal-vertical_scenario,618,226,3,-4,0,0,90,15,1,88300,AdultMaleAgent(Clone),11,10,1.71,1.58,6.625,1,False,3,0,0
2026-03-07_01.03.49,153,sign-optimization-horizontal-vertical_scenario,618,226,3,-4,0,0,90,15,1,88301,WheelchairAgent(Clone),11,10,1.3,1.17,8.09375,1,False,3,0,0
2026-03-07_01.03.49,153,sign-optimization-horizontal-vertical_scenario,618,226,3,-4,0,0,90,15,1,88302,AdultMaleAgent(Clone),10,12,1.71,1.58,2.352539,2,True,3,1,0.3333333
2026-03-07_01.03.49,153,sign-optimization-horizontal-vertical_scenario,618,226,3,-4,0,0,90,15,1,88303,AdultMaleAgent(Clone),5,10,1.71,1.58,3.701172,2,False,2,1,0.5
2026-03-07_01.03.49,153,sign-optimization-horizontal-vertical_scenario,618,226,3,-4,0,0,90,15,1,88304,AdultFemaleAgent(Clone),6,12,1.58,1.45,5.120117,2,True,2,1,0.5
2026-03-07_01.03.49,153,sign-optimization-horizontal-vertical_scenario,618,226,3,-4,0,0,90,15,1,88305,WheelchairAgent(Clone),6,12,1.3,1.17,10.0459,2,True,2,1,0.5
2026-03-07_01.03.49,153,sign-optimization-horizontal-vertical_scenario,618,226,3,-4,0,0,90,15,1,88306,AdultMaleAgent(Clone),10,12,1.71,1.58,3.243164,2,True,3,1,0.3333333
2026-03-07_01.03.49,153,sign-optimization-horizontal-vertical_scenario,618,226,3,-4,0,0,90,15,1,88307,WheelchairAgent(Clone),11,10,1.3,1.17,7.441406,1,False,3,0,0
2026-03-07_01.03.49,153,sign-optimization-horizontal-vertical_scenario,618,226,3,-4,0,0,90,15,1,88308,WheelchairAgent(Clone),7,11,1.3,1.17,7.498047,1,False,2,0,0
2026-03-07_01.03.49,153,sign-optimization-horizontal-vertical_scenario,618,226,3,-4,0,0,90,15,1,88309,AdultFemaleAgent(Clone),10,12,1.58,1.45,4.124023,2,True,3,1,0.3333333
2026-03-07_01.03.49,153,sign-optimization-horizontal-vertical_scenario,618,226,3,-4,0,0,90,15,1,88310,AdultFemaleAgent(Clone),11,10,1.58,1.450001,6.070313,1,False,3,0,0
2026-03-07_01.03.49,153,sign-optimization-horizontal-vertical_scenario,618,226,3,-4,0,0,90,15,1,88311,WheelchairAgent(Clone),5,10,1.3,1.17,5.500977,2,True,2,1,0.5
2026-03-07_01.03.49,153,sign-optimization-horizontal-vertical_scenario,618,226,3,-4,0,0,90,15,1,88312,AdultFemaleAgent(Clone),6,12,1.58,1.45,6.390625,2,True,2,1,0.5
2026-03-07_01.03.49,153,sign-optimization-horizontal-vertical_scenario,618,226,3,-4,0,0,90,15,1,88313,AdultFemaleAgent(Clone),5,10,1.58,1.45,4.704102,2,True,2,1,0.5
2026-03-07_01.03.49,153,sign-optimization-horizontal-vertical_scenario,618,226,3,-4,0,0,90,15,1,88314,AdultMaleAgent(Clone),10,12,1.71,1.58,2.297852,2,True,3,1,0.3333333
2026-03-07_01.03.49,153,sign-optimization-horizontal-vertical_scenario,618,226,3,-4,0,0,90,15,1,88315,AdultFemaleAgent(Clone),11,10,1.58,1.450001,6.125,1,False,3,0,0
2026-03-07_01.03.49,153,sign-optimization-horizontal-vertical_scenario,618,226,3,-4,0,0,90,15,1,88316,AdultMaleAgent(Clone),7,11,1.71,1.58,7.912109,1,False,2,1,0.5
2026-03-07_01.03.49,153,sign-optimization-horizontal-vertical_scenario,618,226,3,-4,0,0,90,15,1,88317,AdultFemaleAgent(Clone),5,10,1.58,1.45,3.769531,2,False,2,1,0.5
2026-03-07_01.03.49,153,sign-optimization-horizontal-vertical_scenario,618,226,3,-4,0,0,90,15,1,88318,AdultMaleAgent(Clone),5,10,1.71,1.58,5.378906,2,True,2,1,0.5
2026-03-07_01.03.49,153,sign-optimization-horizontal-vertical_scenario,618,226,3,-4,0,0,90,15,1,88319,AdultFemaleAgent(Clone),11,10,1.58,1.450001,7.65918,1,False,3,0,0
2026-03-07_01.03.49,153,sign-optimization-horizontal-vertical_scenario,618,226,3,-4,0,0,90,15,1,88320,AdultMaleAgent(Clone),10,12,1.71,1.58,1.710938,3,True,3,1,0.3333333
2026-03-07_01.03.49,153,sign-optimization-horizontal-vertical_scenario,618,226,3,-4,0,0,90,15,1,88321,AdultFemaleAgent(Clone),5,10,1.58,1.45,3.871094,2,False,2,1,0.5
2026-03-07_01.03.49,153,sign-optimization-horizontal-vertical_scenario,618,226,3,-4,0,0,90,15,1,88322,WheelchairAgent(Clone),7,11,1.3,1.17,10.30762,1,False,2,1,0.5
2026-03-07_01.03.49,153,sign-optimization-horizontal-vertical_scenario,618,226,3,-4,0,0,90,15,1,88323,WheelchairAgent(Clone),10,12,1.3,1.17,3.625977,2,True,3,1,0.3333333
2026-03-07_01.03.49,153,sign-optimization-horizontal-vertical_scenario,618,226,3,-4,0,0,90,15,1,88324,WheelchairAgent(Clone),6,12,1.3,1.17,4.921875,2,True,2,1,0.5
2026-03-07_01.03.49,153,sign-optimization-horizontal-vertical_scenario,618,226,3,-4,0,0,90,15,1,88325,AdultMaleAgent(Clone),10,12,1.71,1.58,3.349609,2,True,3,1,0.3333333
2026-03-07_01.03.49,153,sign-optimization-horizontal-vertical_scenario,618,226,3,-4,0,0,90,15,1,88326,WheelchairAgent(Clone),6,12,1.3,1.17,2.285156,2,False,2,1,0.5
2026-03-07_01.03.49,153,sign-optimization-horizontal-vertical_scenario,618,226,3,-4,0,0,90,15,1,88327,AdultMaleAgent(Clone),6,12,1.71,1.58,5.595703,2,True,2,1,0.5
2026-03-07_01.03.49,153,sign-optimization-horizontal-vertical_scenario,618,226,3,-4,0,0,90,15,1,88328,WheelchairAgent(Clone),7,11,1.3,1.17,10.82715,1,False,2,1,0.5
2026-03-07_01.03.49,153,sign-optimization-horizontal-vertical_scenario,618,226,3,-4,0,0,90,15,1,88329,WheelchairAgent(Clone),11,10,1.3,1.17,8.132813,1,False,3,0,0
2026-03-07_01.03.49,153,sign-optimization-horizontal-vertical_scenario,618,226,3,-4,0,0,90,15,1,88330,AdultFemaleAgent(Clone),5,10,1.58,1.45,5.070313,2,False,2,1,0.5
2026-03-07_01.03.49,153,sign-optimization-horizontal-vertical_scenario,618,226,3,-4,0,0,90,15,1,88331,AdultMaleAgent(Clone),6,12,1.71,1.58,6.745117,2,True,2,1,0.5
2026-03-07_01.03.49,153,sign-optimization-horizontal-vertical_scenario,618,226,3,-4,0,0,90,15,1,88332,AdultMaleAgent(Clone),11,10,1.71,1.58,8.427734,1,False,3,0,0
2026-03-07_01.03.49,153,sign-optimization-horizontal-vertical_scenario,618,226,3,-4,0,0,90,15,1,88333,AdultMaleAgent(Clone),5,10,1.71,1.58,4.823242,2,False,2,1,0.5
2026-03-07_01.03.49,153,sign-optimization-horizontal-vertical_scenario,618,226,3,-4,0,0,90,15,1,88334,AdultMaleAgent(Clone),10,12,1.71,1.58,3.09082,2,True,3,1,0.3333333
2026-03-07_01.03.49,153,sign-optimization-horizontal-vertical_scenario,618,226,3,-4,0,0,90,15,1,88335,AdultMaleAgent(Clone),5,10,1.71,1.58,5.485352,2,False,2,1,0.5
2026-03-07_01.03.49,153,sign-optimization-horizontal-vertical_scenario,618,226,3,-4,0,0,90,15,1,88336,WheelchairAgent(Clone),6,12,1.3,1.17,11.21289,2,True,2,1,0.5
2026-03-07_01.03.49,153,sign-optimization-horizontal-vertical_scenario,618,226,3,-4,0,0,90,15,1,88337,WheelchairAgent(Clone),10,12,1.3,1.17,3.808594,2,True,3,1,0.3333333
2026-03-07_01.03.49,153,sign-optimization-horizontal-vertical_scenario,618,226,3,-4,0,0,90,15,1,88338,WheelchairAgent(Clone),11,10,1.3,1.17,8.147461,1,False,3,0,0
2026-03-07_01.03.49,153,sign-optimization-horizontal-vertical_scenario,618,226,3,-4,0,0,90,15,1,88339,AdultFemaleAgent(Clone),10,12,1.58,1.45,3.972656,3,True,3,1,0.3333333
2026-03-07_01.03.49,153,sign-optimization-horizontal-vertical_scenario,618,226,3,-4,0,0,90,15,1,88340,WheelchairAgent(Clone),5,10,1.3,1.17,5.008789,2,True,2,1,0.5
2026-03-07_01.03.49,153,sign-optimization-horizontal-vertical_scenario,618,226,3,-4,0,0,90,15,1,88341,AdultMaleAgent(Clone),7,11,1.71,1.58,12.38672,1,False,2,1,0.5
2026-03-07_01.03.49,153,sign-optimization-horizontal-vertical_scenario,618,226,3,-4,0,0,90,15,1,88342,WheelchairAgent(Clone),6,12,1.3,1.17,4.648438,2,False,2,1,0.5
2026-03-07_01.03.49,153,sign-optimization-horizontal-vertical_scenario,618,226,3,-4,0,0,90,15,1,88343,AdultFemaleAgent(Clone),11,10,1.58,1.450001,8.396484,1,False,3,0,0
2026-03-07_01.03.49,153,sign-optimization-horizontal-vertical_scenario,618,226,3,-4,0,0,90,15,1,88344,AdultFemaleAgent(Clone),7,11,1.58,1.450001,11.69141,1,False,2,1,0.5
2026-03-07_01.03.49,153,sign-optimization-horizontal-vertical_scenario,618,226,3,-4,0,0,90,15,1,88345,WheelchairAgent(Clone),5,10,1.3,1.17,6.03418,2,False,2,1,0.5
2026-03-07_01.03.49,153,sign-optimization-horizontal-vertical_scenario,618,226,3,-4,0,0,90,15,1,88346,AdultFemaleAgent(Clone),11,10,1.58,1.450001,2.032227,1,False,3,0,0
2026-03-07_01.03.49,153,sign-optimization-horizontal-vertical_scenario,618,226,3,-4,0,0,90,15,1,88347,AdultFemaleAgent(Clone),10,12,1.58,1.45,1.34375,2,True,3,1,0.3333333
2026-03-07_01.03.49,153,sign-optimization-horizontal-vertical_scenario,618,226,3,-4,0,0,90,15,1,88348,WheelchairAgent(Clone),11,10,1.3,1.17,6.481445,1,False,3,0,0
2026-03-07_01.03.49,153,sign-optimization-horizontal-vertical_scenario,618,226,3,-4,0,0,90,15,1,88349,AdultMaleAgent(Clone),6,12,1.71,1.58,2.605469,2,True,2,1,0.5
2026-03-07_01.03.49,153,sign-optimization-horizontal-vertical_scenario,618,226,3,-4,0,0,90,15,1,88350,WheelchairAgent(Clone),10,12,1.3,1.17,3.724609,2,True,3,1,0.3333333
2026-03-07_01.03.49,153,sign-optimization-horizontal-vertical_scenario,618,226,3,-4,0,0,90,15,1,88351,WheelchairAgent(Clone),10,12,1.3,1.17,3.098633,2,True,3,1,0.3333333
2026-03-07_01.03.49,153,sign-optimization-horizontal-vertical_scenario,618,226,3,-4,0,0,90,15,1,88352,AdultMaleAgent(Clone),6,12,1.71,1.58,2.317383,2,True,2,1,0.5
2026-03-07_01.03.49,153,sign-optimization-horizontal-vertical_scenario,618,226,3,-4,0,0,90,15,1,88353,AdultMaleAgent(Clone),5,10,1.71,1.58,4.401367,2,False,2,1,0.5
2026-03-07_01.03.49,153,sign-optimization-horizontal-vertical_scenario,618,226,3,-4,0,0,90,15,1,88354,AdultFemaleAgent(Clone),11,10,1.58,1.450001,6.637695,1,False,3,0,0
2026-03-07_01.03.49,153,sign-optimization-horizontal-vertical_scenario,618,226,3,-4,0,0,90,15,1,88355,AdultMaleAgent(Clone),6,12,1.71,1.58,5.694336,2,True,2,1,0.5
2026-03-07_01.03.49,153,sign-optimization-horizontal-vertical_scenario,618,226,3,-4,0,0,90,15,1,88356,WheelchairAgent(Clone),7,11,1.3,1.17,7.678711,1,False,2,0,0
2026-03-07_01.03.49,153,sign-optimization-horizontal-vertical_scenario,618,226,3,-4,0,0,90,15,1,88357,WheelchairAgent(Clone),7,11,1.3,1.17,11.97754,1,False,2,1,0.5
2026-03-07_01.03.49,153,sign-optimization-horizontal-vertical_scenario,618,226,3,-4,0,0,90,15,1,88358,AdultMaleAgent(Clone),6,12,1.71,1.58,4.021484,2,True,2,1,0.5
2026-03-07_01.03.49,153,sign-optimization-horizontal-vertical_scenario,618,226,3,-4,0,0,90,15,1,88359,WheelchairAgent(Clone),5,10,1.3,1.17,4.828125,2,False,2,1,0.5
2026-03-07_01.03.49,153,sign-optimization-horizontal-vertical_scenario,618,226,3,-4,0,0,90,15,1,88360,AdultFemaleAgent(Clone),11,10,1.58,1.450001,0,0,False,3,0,0
2026-03-07_01.03.49,153,sign-optimization-horizontal-vertical_scenario,618,226,3,-4,0,0,90,15,1,88361,AdultMaleAgent(Clone),6,12,1.71,1.58,5.092773,2,True,2,1,0.5
2026-03-07_01.03.49,153,sign-optimization-horizontal-vertical_scenario,618,226,3,-4,0,0,90,15,1,88362,WheelchairAgent(Clone),7,11,1.3,1.17,12.19043,1,False,2,1,0.5
2026-03-07_01.03.49,153,sign-optimization-horizontal-vertical_scenario,618,226,3,-4,0,0,90,15,1,88363,WheelchairAgent(Clone),7,11,1.3,1.17,7.484375,1,False,2,0,0
2026-03-07_01.03.49,153,sign-optimization-horizontal-vertical_scenario,618,226,3,-4,0,0,90,15,1,88364,WheelchairAgent(Clone),11,10,1.3,1.17,7.833984,1,False,3,0,0
2026-03-07_01.03.49,153,sign-optimization-horizontal-vertical_scenario,618,226,3,-4,0,0,90,15,1,88365,WheelchairAgent(Clone),11,10,1.3,1.17,1.146484,1,False,3,0,0
2026-03-07_01.03.49,153,sign-optimization-horizontal-vertical_scenario,618,226,3,-4,0,0,90,15,1,88366,AdultFemaleAgent(Clone),7,11,1.58,1.450001,9.336914,1,False,2,1,0.5
2026-03-07_01.03.49,153,sign-optimization-horizontal-vertical_scenario,618,226,3,-4,0,0,90,15,1,88367,AdultMaleAgent(Clone),11,10,1.71,1.58,7.010742,1,False,3,0,0
2026-03-07_01.03.49,153,sign-optimization-horizontal-vertical_scenario,618,226,3,-4,0,0,90,15,1,88368,AdultFemaleAgent(Clone),10,12,1.58,1.45,6.818359,1,True,3,1,0.3333333
2026-03-07_01.03.49,153,sign-optimization-horizontal-vertical_scenario,618,226,3,-4,0,0,90,15,1,88369,AdultMaleAgent(Clone),10,12,1.71,1.58,1.027344,2,True,3,1,0.3333333
2026-03-07_01.03.49,153,sign-optimization-horizontal-vertical_scenario,618,226,3,-4,0,0,90,15,1,88370,WheelchairAgent(Clone),11,10,1.3,1.17,0,0,False,3,0,0
2026-03-07_01.03.49,153,sign-optimization-horizontal-vertical_scenario,618,226,3,-4,0,0,90,15,1,88371,AdultFemaleAgent(Clone),11,10,1.58,1.450001,5.519531,1,False,3,0,0
2026-03-07_01.03.49,153,sign-optimization-horizontal-vertical_scenario,618,226,3,-4,0,0,90,15,1,88372,AdultFemaleAgent(Clone),10,12,1.58,1.45,1.733398,2,True,3,1,0.3333333
2026-03-07_01.03.49,153,sign-optimization-horizontal-vertical_scenario,618,226,3,-4,0,0,90,15,1,88373,AdultFemaleAgent(Clone),7,11,1.58,1.450001,9.803711,1,False,2,1,0.5
2026-03-07_01.03.49,153,sign-optimization-horizontal-vertical_scenario,618,226,3,-4,0,0,90,15,1,88374,AdultFemaleAgent(Clone),7,11,1.58,1.450001,9.527344,1,False,2,1,0.5
2026-03-07_01.03.49,153,sign-optimization-horizontal-vertical_scenario,618,226,3,-4,0,0,90,15,1,88375,WheelchairAgent(Clone),7,11,1.3,1.17,11.47461,1,False,2,1,0.5
2026-03-07_01.03.49,153,sign-optimization-horizontal-vertical_scenario,618,226,3,-4,0,0,90,15,1,88376,WheelchairAgent(Clone),10,12,1.3,1.17,15.80566,2,True,3,1,0.3333333
2026-03-07_01.03.49,153,sign-optimization-horizontal-vertical_scenario,618,226,3,-4,0,0,90,15,1,88377,WheelchairAgent(Clone),11,10,1.3,1.17,3.116211,1,False,3,0,0
2026-03-07_01.03.49,153,sign-optimization-horizontal-vertical_scenario,618,226,3,-4,0,0,90,15,1,88378,WheelchairAgent(Clone),6,12,1.3,1.17,2.238281,2,True,2,1,0.5
2026-03-07_01.03.49,153,sign-optimization-horizontal-vertical_scenario,618,226,3,-4,0,0,90,15,1,88379,AdultMaleAgent(Clone),6,12,1.71,1.58,5.542969,2,True,2,1,0.5
2026-03-07_01.03.49,153,sign-optimization-horizontal-vertical_scenario,618,226,3,-4,0,0,90,15,1,88380,WheelchairAgent(Clone),11,10,1.3,1.17,0,0,False,3,0,0
2026-03-07_01.03.49,153,sign-optimization-horizontal-vertical_scenario,618,226,3,-4,0,0,90,15,1,88381,AdultFemaleAgent(Clone),10,12,1.58,1.45,2.990234,2,True,3,1,0.3333333
2026-03-07_01.03.49,153,sign-optimization-horizontal-vertical_scenario,618,226,3,-4,0,0,90,15,1,88382,WheelchairAgent(Clone),10,12,1.3,1.17,0.3330078,2,False,3,1,0.3333333
2026-03-07_01.03.49,153,sign-optimization-horizontal-vertical_scenario,618,226,3,-4,0,0,90,15,1,88383,WheelchairAgent(Clone),10,12,1.3,1.17,2.324219,2,True,3,1,0.3333333
2026-03-07_01.03.49,153,sign-optimization-horizontal-vertical_scenario,618,226,3,-4,0,0,90,15,1,88384,WheelchairAgent(Clone),11,10,1.3,1.17,2.873047,1,False,3,0,0
2026-03-07_01.03.49,153,sign-optimization-horizontal-vertical_scenario,618,226,3,-4,0,0,90,15,1,88385,AdultFemaleAgent(Clone),10,12,1.58,1.45,3.552734,2,True,3,1,0.3333333
2026-03-07_01.03.49,153,sign-optimization-horizontal-vertical_scenario,618,226,3,-4,0,0,90,15,1,88386,WheelchairAgent(Clone),10,12,1.3,1.17,1.136719,2,True,3,1,0.3333333
2026-03-07_01.03.49,153,sign-optimization-horizontal-vertical_scenario,618,226,3,-4,0,0,90,15,1,88387,AdultFemaleAgent(Clone),6,12,1.58,1.45,4.467773,2,True,2,1,0.5
2026-03-07_01.03.49,153,sign-optimization-horizontal-vertical_scenario,618,226,3,-4,0,0,90,15,1,88388,AdultFemaleAgent(Clone),11,10,1.58,1.450001,1.916016,1,False,3,0,0
2026-03-07_01.03.49,153,sign-optimization-horizontal-vertical_scenario,618,226,3,-4,0,0,90,15,1,88389,WheelchairAgent(Clone),6,12,1.3,1.17,5.991211,2,True,2,1,0.5
2026-03-07_01.03.49,153,sign-optimization-horizontal-vertical_scenario,618,226,3,-4,0,0,90,15,1,88390,AdultFemaleAgent(Clone),6,12,1.58,1.45,6.355469,2,True,2,1,0.5
2026-03-07_01.03.49,153,sign-optimization-horizontal-vertical_scenario,618,226,3,-4,0,0,90,15,1,88391,WheelchairAgent(Clone),11,10,1.3,1.17,2.270508,1,False,3,0,0
2026-03-07_01.03.49,153,sign-optimization-horizontal-vertical_scenario,618,226,3,-4,0,0,90,15,1,88392,AdultMaleAgent(Clone),10,12,1.71,1.58,3.651367,2,True,3,1,0.3333333
2026-03-07_01.03.49,153,sign-optimization-horizontal-vertical_scenario,618,226,3,-4,0,0,90,15,1,88393,WheelchairAgent(Clone),7,11,1.3,1.17,9.339844,1,False,2,1,0.5
2026-03-07_01.03.49,153,sign-optimization-horizontal-vertical_scenario,618,226,3,-4,0,0,90,15,1,88394,AdultFemaleAgent(Clone),7,11,1.58,1.450001,9.629883,1,False,2,1,0.5
2026-03-07_01.03.49,153,sign-optimization-horizontal-vertical_scenario,618,226,3,-4,0,0,90,15,1,88395,AdultMaleAgent(Clone),11,10,1.71,1.58,3.378906,1,False,3,0,0
2026-03-07_01.03.49,153,sign-optimization-horizontal-vertical_scenario,618,226,3,-4,0,0,90,15,1,88396,AdultFemaleAgent(Clone),6,12,1.58,1.45,5.141602,2,True,2,1,0.5
2026-03-07_01.03.49,153,sign-optimization-horizontal-vertical_scenario,618,226,3,-4,0,0,90,15,1,88397,AdultMaleAgent(Clone),11,10,1.71,1.58,2.389648,1,False,3,0,0
2026-03-07_01.03.49,153,sign-optimization-horizontal-vertical_scenario,618,226,3,-4,0,0,90,15,1,88398,WheelchairAgent(Clone),6,12,1.3,1.17,5.339844,2,True,2,1,0.5
2026-03-07_01.03.49,153,sign-optimization-horizontal-vertical_scenario,618,226,3,-4,0,0,90,15,1,88399,WheelchairAgent(Clone),10,12,1.3,1.17,2.670898,2,False,3,0,0
2026-03-07_01.03.49,153,sign-optimization-horizontal-vertical_scenario,618,226,3,-4,0,0,90,15,1,88400,AdultMaleAgent(Clone),11,10,1.71,1.58,4.90918,1,False,3,0,0
2026-03-07_01.03.49,153,sign-optimization-horizontal-vertical_scenario,618,226,3,-4,0,0,90,15,1,88401,AdultMaleAgent(Clone),7,11,1.71,1.58,10.62598,1,False,2,1,0.5
2026-03-07_01.03.49,153,sign-optimization-horizontal-vertical_scenario,618,226,3,-4,0,0,90,15,1,88402,WheelchairAgent(Clone),5,10,1.3,1.17,5.961914,2,True,2,1,0.5
2026-03-07_01.03.49,153,sign-optimization-horizontal-vertical_scenario,618,226,3,-4,0,0,90,15,1,88403,AdultFemaleAgent(Clone),6,12,1.58,1.45,3.577148,2,True,2,1,0.5
2026-03-07_01.03.49,153,sign-optimization-horizontal-vertical_scenario,618,226,3,-4,0,0,90,15,1,88404,WheelchairAgent(Clone),5,10,1.3,1.17,6.398438,2,True,2,1,0.5
2026-03-07_01.03.49,153,sign-optimization-horizontal-vertical_scenario,618,226,3,-4,0,0,90,15,1,88405,WheelchairAgent(Clone),7,11,1.3,1.17,6.200195,1,False,2,0,0
2026-03-07_01.03.49,153,sign-optimization-horizontal-vertical_scenario,618,226,3,-4,0,0,90,15,1,88406,WheelchairAgent(Clone),7,11,1.3,1.17,7.87793,1,False,2,0,0
2026-03-07_01.03.49,153,sign-optimization-horizontal-vertical_scenario,618,226,3,-4,0,0,90,15,1,88407,AdultMaleAgent(Clone),11,10,1.71,1.58,5.733398,1,False,3,0,0
2026-03-07_01.03.49,153,sign-optimization-horizontal-vertical_scenario,618,226,3,-4,0,0,90,15,1,88408,AdultMaleAgent(Clone),6,12,1.71,1.58,5.783203,2,True,2,1,0.5
2026-03-07_01.03.49,153,sign-optimization-horizontal-vertical_scenario,618,226,3,-4,0,0,90,15,1,88409,AdultFemaleAgent(Clone),11,10,1.58,1.450001,2.161133,1,False,3,0,0
2026-03-07_01.03.49,153,sign-optimization-horizontal-vertical_scenario,618,226,3,-4,0,0,90,15,1,88410,AdultMaleAgent(Clone),10,12,1.71,1.58,3.970703,2,True,3,1,0.3333333
2026-03-07_01.03.49,153,sign-optimization-horizontal-vertical_scenario,618,226,3,-4,0,0,90,15,1,88411,AdultMaleAgent(Clone),11,10,1.71,1.58,4.97168,1,False,3,0,0
2026-03-07_01.03.49,153,sign-optimization-horizontal-vertical_scenario,618,226,3,-4,0,0,90,15,1,88412,AdultMaleAgent(Clone),5,10,1.71,1.58,4.038086,2,False,2,1,0.5
2026-03-07_01.03.49,153,sign-optimization-horizontal-vertical_scenario,618,226,3,-4,0,0,90,15,1,88413,AdultMaleAgent(Clone),10,12,1.71,1.58,0.08789063,3,True,3,1,0.3333333
2026-03-07_01.03.49,153,sign-optimization-horizontal-vertical_scenario,618,226,3,-4,0,0,90,15,1,88414,AdultMaleAgent(Clone),11,10,1.71,1.58,4.679688,1,False,3,0,0
2026-03-07_01.03.49,153,sign-optimization-horizontal-vertical_scenario,618,226,3,-4,0,0,90,15,1,88415,AdultFemaleAgent(Clone),11,10,1.58,1.450001,5.953125,1,False,3,0,0
2026-03-07_01.03.49,153,sign-optimization-horizontal-vertical_scenario,618,226,3,-4,0,0,90,15,1,88416,WheelchairAgent(Clone),11,10,1.3,1.17,5.586914,1,False,3,0,0
2026-03-07_01.03.49,153,sign-optimization-horizontal-vertical_scenario,618,226,3,-4,0,0,90,15,1,88417,WheelchairAgent(Clone),7,11,1.3,1.17,5.780273,1,False,2,0,0
2026-03-07_01.03.49,153,sign-optimization-horizontal-vertical_scenario,618,226,3,-4,0,0,90,15,1,88418,WheelchairAgent(Clone),7,11,1.3,1.17,10.17188,1,False,2,1,0.5
2026-03-07_01.03.49,153,sign-optimization-horizontal-vertical_scenario,618,226,3,-4,0,0,90,15,1,88419,AdultFemaleAgent(Clone),7,11,1.58,1.450001,11.3125,1,False,2,1,0.5
2026-03-07_01.03.49,153,sign-optimization-horizontal-vertical_scenario,618,226,3,-4,0,0,90,15,1,88420,AdultFemaleAgent(Clone),10,12,1.58,1.45,1.18457,2,True,3,1,0.3333333
2026-03-07_01.03.49,153,sign-optimization-horizontal-vertical_scenario,618,226,3,-4,0,0,90,15,1,88421,AdultMaleAgent(Clone),10,12,1.71,1.58,2.288086,2,True,3,1,0.3333333
2026-03-07_01.03.49,153,sign-optimization-horizontal-vertical_scenario,618,226,3,-4,0,0,90,15,1,88422,WheelchairAgent(Clone),6,12,1.3,1.17,4.488281,2,True,2,1,0.5
2026-03-07_01.03.49,153,sign-optimization-horizontal-vertical_scenario,618,226,3,-4,0,0,90,15,1,88423,WheelchairAgent(Clone),6,12,1.3,1.17,2.939453,2,True,2,1,0.5
2026-03-07_01.03.49,153,sign-optimization-horizontal-vertical_scenario,618,226,3,-4,0,0,90,15,1,88424,AdultFemaleAgent(Clone),7,11,1.58,1.450001,7.637695,1,False,2,1,0.5
2026-03-07_01.03.49,153,sign-optimization-horizontal-vertical_scenario,618,226,3,-4,0,0,90,15,1,88425,AdultFemaleAgent(Clone),10,12,1.58,1.45,3.512695,2,True,3,1,0.3333333
2026-03-07_01.03.49,153,sign-optimization-horizontal-vertical_scenario,618,226,3,-4,0,0,90,15,1,88426,AdultFemaleAgent(Clone),5,10,1.58,1.45,5.067383,2,True,2,1,0.5
2026-03-07_01.03.49,153,sign-optimization-horizontal-vertical_scenario,618,226,3,-4,0,0,90,15,1,88427,AdultFemaleAgent(Clone),10,12,1.58,1.45,3.358398,2,True,3,1,0.3333333
2026-03-07_01.03.49,153,sign-optimization-horizontal-vertical_scenario,618,226,3,-4,0,0,90,15,1,88428,WheelchairAgent(Clone),5,10,1.3,1.17,5.720703,2,False,2,1,0.5
2026-03-07_01.03.49,153,sign-optimization-horizontal-vertical_scenario,618,226,3,-4,0,0,90,15,1,88429,WheelchairAgent(Clone),11,10,1.3,1.17,2.613281,1,False,3,0,0
2026-03-07_01.03.49,153,sign-optimization-horizontal-vertical_scenario,618,226,3,-4,0,0,90,15,1,88430,AdultMaleAgent(Clone),6,12,1.71,1.58,4.076172,2,True,2,1,0.5
2026-03-07_01.03.49,153,sign-optimization-horizontal-vertical_scenario,618,226,3,-4,0,0,90,15,1,88431,AdultMaleAgent(Clone),6,12,1.71,1.58,1.893555,2,True,2,1,0.5
2026-03-07_01.03.49,153,sign-optimization-horizontal-vertical_scenario,618,226,3,-4,0,0,90,15,1,88432,WheelchairAgent(Clone),7,11,1.3,1.17,9.667969,1,False,2,1,0.5
2026-03-07_01.03.49,153,sign-optimization-horizontal-vertical_scenario,618,226,3,-4,0,0,90,15,1,88433,AdultFemaleAgent(Clone),6,12,1.58,1.45,5.422852,2,True,2,1,0.5
2026-03-07_01.03.49,153,sign-optimization-horizontal-vertical_scenario,618,226,3,-4,0,0,90,15,1,88434,AdultFemaleAgent(Clone),11,10,1.58,1.450001,3.951172,1,False,3,0,0
2026-03-07_01.03.49,153,sign-optimization-horizontal-vertical_scenario,618,226,3,-4,0,0,90,15,1,88435,AdultFemaleAgent(Clone),5,10,1.58,1.45,4.665039,2,True,2,1,0.5
2026-03-07_01.03.49,153,sign-optimization-horizontal-vertical_scenario,618,226,3,-4,0,0,90,15,1,88436,AdultMaleAgent(Clone),7,11,1.71,1.58,9.035156,1,False,2,1,0.5
2026-03-07_01.03.49,153,sign-optimization-horizontal-vertical_scenario,618,226,3,-4,0,0,90,15,1,88437,AdultMaleAgent(Clone),7,11,1.71,1.58,9.083008,1,False,2,1,0.5
2026-03-07_01.03.49,153,sign-optimization-horizontal-vertical_scenario,618,226,3,-4,0,0,90,15,1,88438,AdultMaleAgent(Clone),5,10,1.71,1.58,4.382813,2,False,2,1,0.5
2026-03-07_01.03.49,153,sign-optimization-horizontal-vertical_scenario,618,226,3,-4,0,0,90,15,1,88439,AdultFemaleAgent(Clone),11,10,1.58,1.450001,4.62207,1,False,3,0,0
2026-03-07_01.03.49,153,sign-optimization-horizontal-vertical_scenario,618,226,3,-4,0,0,90,15,1,88440,WheelchairAgent(Clone),10,12,1.3,1.17,0.3720703,2,True,3,1,0.3333333
2026-03-07_01.03.49,153,sign-optimization-horizontal-vertical_scenario,618,226,3,-4,0,0,90,15,1,88441,AdultFemaleAgent(Clone),7,11,1.58,1.450001,5.717773,1,False,2,0,0
2026-03-07_01.03.49,153,sign-optimization-horizontal-vertical_scenario,618,226,3,-4,0,0,90,15,1,88442,WheelchairAgent(Clone),6,12,1.3,1.17,5.668945,2,False,2,1,0.5
2026-03-07_01.03.49,153,sign-optimization-horizontal-vertical_scenario,618,226,3,-4,0,0,90,15,1,88443,AdultFemaleAgent(Clone),11,10,1.58,1.450001,5.15625,1,False,3,0,0
2026-03-07_01.03.49,153,sign-optimization-horizontal-vertical_scenario,618,226,3,-4,0,0,90,15,1,88444,AdultMaleAgent(Clone),10,12,1.71,1.58,2.405273,2,True,3,1,0.3333333
2026-03-07_01.03.49,153,sign-optimization-horizontal-vertical_scenario,618,226,3,-4,0,0,90,15,1,88445,WheelchairAgent(Clone),11,10,1.3,1.17,1.754883,1,False,3,0,0
2026-03-07_01.03.49,153,sign-optimization-horizontal-vertical_scenario,618,226,3,-4,0,0,90,15,1,88446,AdultMaleAgent(Clone),7,11,1.71,1.58,6.392578,1,False,2,0,0
2026-03-07_01.03.49,153,sign-optimization-horizontal-vertical_scenario,618,226,3,-4,0,0,90,15,1,88447,AdultMaleAgent(Clone),5,10,1.71,1.58,4.787109,2,False,2,1,0.5
2026-03-07_01.03.49,153,sign-optimization-horizontal-vertical_scenario,618,226,3,-4,0,0,90,15,1,88448,AdultMaleAgent(Clone),10,12,1.71,1.58,0.9482422,2,True,3,1,0.3333333
2026-03-07_01.03.49,153,sign-optimization-horizontal-vertical_scenario,618,226,3,-4,0,0,90,15,1,88449,WheelchairAgent(Clone),6,12,1.3,1.17,2.352539,2,False,2,1,0.5
2026-03-07_01.03.49,153,sign-optimization-horizontal-vertical_scenario,618,226,3,-4,0,0,90,15,1,88450,WheelchairAgent(Clone),10,12,1.3,1.17,0.3046875,2,True,3,1,0.3333333
2026-03-07_01.03.49,153,sign-optimization-horizontal-vertical_scenario,618,226,3,-4,0,0,90,15,1,88451,AdultFemaleAgent(Clone),6,12,1.58,1.45,3.919922,2,False,2,1,0.5
2026-03-07_01.03.49,153,sign-optimization-horizontal-vertical_scenario,618,226,3,-4,0,0,90,15,1,88452,AdultMaleAgent(Clone),7,11,1.71,1.58,12.93164,1,False,2,1,0.5
2026-03-07_01.03.49,153,sign-optimization-horizontal-vertical_scenario,618,226,3,-4,0,0,90,15,1,88453,AdultMaleAgent(Clone),11,10,1.71,1.58,4.700195,1,False,3,0,0
2026-03-07_01.03.49,153,sign-optimization-horizontal-vertical_scenario,618,226,3,-4,0,0,90,15,1,88454,WheelchairAgent(Clone),11,10,1.3,1.17,2.858398,1,False,3,0,0
2026-03-07_01.03.49,153,sign-optimization-horizontal-vertical_scenario,618,226,3,-4,0,0,90,15,1,88455,AdultMaleAgent(Clone),11,10,1.71,1.58,1.967773,1,False,3,0,0
2026-03-07_01.03.49,153,sign-optimization-horizontal-vertical_scenario,618,226,3,-4,0,0,90,15,1,88456,AdultMaleAgent(Clone),5,10,1.71,1.58,5.092773,2,True,2,1,0.5
2026-03-07_01.03.49,153,sign-optimization-horizontal-vertical_scenario,618,226,3,-4,0,0,90,15,1,88457,AdultMaleAgent(Clone),11,10,1.71,1.58,3.728516,1,False,3,0,0
2026-03-07_01.03.49,153,sign-optimization-horizontal-vertical_scenario,618,226,3,-4,0,0,90,15,1,88458,AdultFemaleAgent(Clone),10,12,1.58,1.45,2.619141,2,True,3,1,0.3333333
2026-03-07_01.03.49,153,sign-optimization-horizontal-vertical_scenario,618,226,3,-4,0,0,90,15,1,88459,AdultFemaleAgent(Clone),11,10,1.58,1.450001,4.408203,1,False,3,0,0
2026-03-07_01.03.49,153,sign-optimization-horizontal-vertical_scenario,618,226,3,-4,0,0,90,15,1,88460,AdultMaleAgent(Clone),11,10,1.71,1.58,7.154297,1,False,3,0,0
2026-03-07_01.03.49,153,sign-optimization-horizontal-vertical_scenario,618,226,3,-4,0,0,90,15,1,88461,AdultFemaleAgent(Clone),7,11,1.58,1.450001,7.364258,1,False,2,1,0.5
2026-03-07_01.03.49,153,sign-optimization-horizontal-vertical_scenario,618,226,3,-4,0,0,90,15,1,88462,AdultMaleAgent(Clone),6,12,1.71,1.58,1.526367,2,True,2,1,0.5
2026-03-07_01.03.49,153,sign-optimization-horizontal-vertical_scenario,618,226,3,-4,0,0,90,15,1,88463,WheelchairAgent(Clone),5,10,1.3,1.17,4.171875,2,False,2,0,0
2026-03-07_01.03.49,153,sign-optimization-horizontal-vertical_scenario,618,226,3,-4,0,0,90,15,1,88464,AdultMaleAgent(Clone),7,11,1.71,1.58,12.40918,1,False,2,1,0.5
2026-03-07_01.03.49,153,sign-optimization-horizontal-vertical_scenario,618,226,3,-4,0,0,90,15,1,88465,AdultMaleAgent(Clone),11,10,1.71,1.58,3.900391,1,False,3,0,0
2026-03-07_01.03.49,153,sign-optimization-horizontal-vertical_scenario,618,226,3,-4,0,0,90,15,1,88466,AdultFemaleAgent(Clone),5,10,1.58,1.45,5.626953,2,True,2,1,0.5
2026-03-07_01.03.49,153,sign-optimization-horizontal-vertical_scenario,618,226,3,-4,0,0,90,15,1,88467,AdultFemaleAgent(Clone),6,12,1.58,1.45,3.387695,2,True,2,1,0.5
2026-03-07_01.03.49,153,sign-optimization-horizontal-vertical_scenario,618,226,3,-4,0,0,90,15,1,88468,AdultMaleAgent(Clone),5,10,1.71,1.58,4.140625,2,False,2,1,0.5
2026-03-07_01.03.49,153,sign-optimization-horizontal-vertical_scenario,618,226,3,-4,0,0,90,15,1,88469,WheelchairAgent(Clone),5,10,1.3,1.17,6.464844,2,True,2,1,0.5
2026-03-07_01.03.49,153,sign-optimization-horizontal-vertical_scenario,618,226,3,-4,0,0,90,15,1,88470,AdultFemaleAgent(Clone),7,11,1.58,1.450001,4.19043,2,False,2,1,0.5
2026-03-07_01.03.49,153,sign-optimization-horizontal-vertical_scenario,618,226,3,-4,0,0,90,15,1,88471,AdultMaleAgent(Clone),11,10,1.71,1.58,3.123047,1,False,3,0,0
2026-03-07_01.03.49,153,sign-optimization-horizontal-vertical_scenario,618,226,3,-4,0,0,90,15,1,88472,AdultMaleAgent(Clone),10,12,1.71,1.58,2.020508,2,True,3,1,0.3333333
2026-03-07_01.03.49,153,sign-optimization-horizontal-vertical_scenario,618,226,3,-4,0,0,90,15,1,88473,AdultMaleAgent(Clone),7,11,1.71,1.58,10.59375,1,False,2,1,0.5
2026-03-07_01.03.49,153,sign-optimization-horizontal-vertical_scenario,618,226,3,-4,0,0,90,15,1,88474,WheelchairAgent(Clone),10,12,1.3,1.17,1.201172,2,True,3,1,0.3333333
2026-03-07_01.03.49,153,sign-optimization-horizontal-vertical_scenario,618,226,3,-4,0,0,90,15,1,88475,WheelchairAgent(Clone),5,10,1.3,1.17,5.300781,2,False,2,1,0.5
2026-03-07_01.03.49,153,sign-optimization-horizontal-vertical_scenario,618,226,3,-4,0,0,90,15,1,88476,AdultFemaleAgent(Clone),7,11,1.58,1.450001,6.705078,1,False,2,0,0
2026-03-07_01.03.49,153,sign-optimization-horizontal-vertical_scenario,618,226,3,-4,0,0,90,15,1,88477,AdultMaleAgent(Clone),10,12,1.71,1.58,0.8876953,2,True,3,1,0.3333333
2026-03-07_01.03.49,153,sign-optimization-horizontal-vertical_scenario,618,226,3,-4,0,0,90,15,1,88478,WheelchairAgent(Clone),5,10,1.3,1.17,5.416992,2,False,2,1,0.5
2026-03-07_01.03.49,153,sign-optimization-horizontal-vertical_scenario,618,226,3,-4,0,0,90,15,1,88479,WheelchairAgent(Clone),10,12,1.3,1.17,2.388672,2,True,3,1,0.3333333
2026-03-07_01.03.49,153,sign-optimization-horizontal-vertical_scenario,618,226,3,-4,0,0,90,15,1,88480,WheelchairAgent(Clone),7,11,1.3,1.17,7.869141,1,False,2,1,0.5
2026-03-07_01.03.49,153,sign-optimization-horizontal-vertical_scenario,618,226,3,-4,0,0,90,15,1,88481,AdultFemaleAgent(Clone),6,12,1.58,1.45,7.532227,2,True,2,1,0.5
2026-03-07_01.03.49,153,sign-optimization-horizontal-vertical_scenario,618,226,3,-4,0,0,90,15,1,88482,AdultFemaleAgent(Clone),6,12,1.58,1.45,1.673828,2,True,2,1,0.5
2026-03-07_01.03.49,153,sign-optimization-horizontal-vertical_scenario,618,226,3,-4,0,0,90,15,1,88483,WheelchairAgent(Clone),11,10,1.3,1.17,0,0,False,3,0,0
2026-03-07_01.03.49,153,sign-optimization-horizontal-vertical_scenario,618,226,3,-4,0,0,90,15,1,88484,AdultFemaleAgent(Clone),11,10,1.58,1.450001,0,0,False,3,0,0
2026-03-07_01.03.49,153,sign-optimization-horizontal-vertical_scenario,618,226,3,-4,0,0,90,15,1,88485,WheelchairAgent(Clone),6,12,1.3,1.17,5.979492,2,True,2,1,0.5
2026-03-07_01.03.49,153,sign-optimization-horizontal-vertical_scenario,618,226,3,-4,0,0,90,15,1,88486,WheelchairAgent(Clone),5,10,1.3,1.17,5.689453,2,True,2,1,0.5
2026-03-07_01.03.49,153,sign-optimization-horizontal-vertical_scenario,618,226,3,-4,0,0,90,15,1,88487,WheelchairAgent(Clone),5,10,1.3,1.17,4.060547,2,False,2,1,0.5
2026-03-07_01.03.49,153,sign-optimization-horizontal-vertical_scenario,618,226,3,-4,0,0,90,15,1,88488,WheelchairAgent(Clone),6,12,1.3,1.17,3.318359,2,True,2,1,0.5
2026-03-07_01.03.49,153,sign-optimization-horizontal-vertical_scenario,618,226,3,-4,0,0,90,15,1,88489,WheelchairAgent(Clone),10,12,1.3,1.17,7.950195,1,True,3,1,0.3333333
2026-03-07_01.03.49,153,sign-optimization-horizontal-vertical_scenario,618,226,3,-4,0,0,90,15,1,88490,AdultFemaleAgent(Clone),7,11,1.58,1.450001,11.71387,1,False,2,1,0.5
2026-03-07_01.03.49,153,sign-optimization-horizontal-vertical_scenario,618,226,3,-4,0,0,90,15,1,88491,WheelchairAgent(Clone),11,10,1.3,1.17,4.032227,1,False,3,0,0
2026-03-07_01.03.49,153,sign-optimization-horizontal-vertical_scenario,618,226,3,-4,0,0,90,15,1,88492,WheelchairAgent(Clone),10,12,1.3,1.17,3.383789,2,True,3,1,0.3333333
2026-03-07_01.03.49,153,sign-optimization-horizontal-vertical_scenario,618,226,3,-4,0,0,90,15,1,88493,AdultMaleAgent(Clone),5,10,1.71,1.58,4.568359,2,False,2,1,0.5
2026-03-07_01.03.49,153,sign-optimization-horizontal-vertical_scenario,618,226,3,-4,0,0,90,15,1,88494,WheelchairAgent(Clone),5,10,1.3,1.17,4.938477,2,False,2,1,0.5
2026-03-07_01.03.49,153,sign-optimization-horizontal-vertical_scenario,618,226,3,-4,0,0,90,15,1,88495,AdultMaleAgent(Clone),10,12,1.71,1.58,4.094727,2,True,3,1,0.3333333
2026-03-07_01.03.49,153,sign-optimization-horizontal-vertical_scenario,618,226,3,-4,0,0,90,15,1,88496,AdultFemaleAgent(Clone),6,12,1.58,1.45,11.4707,2,True,2,1,0.5
2026-03-07_01.03.49,153,sign-optimization-horizontal-vertical_scenario,618,226,3,-4,0,0,90,15,1,88497,AdultFemaleAgent(Clone),7,11,1.58,1.450001,8.293945,1,False,2,1,0.5
2026-03-07_01.03.49,153,sign-optimization-horizontal-vertical_scenario,618,226,3,-4,0,0,90,15,1,88498,AdultMaleAgent(Clone),5,10,1.71,1.58,4.975586,2,False,2,1,0.5
2026-03-07_01.03.49,153,sign-optimization-horizontal-vertical_scenario,618,226,3,-4,0,0,90,15,1,88499,AdultFemaleAgent(Clone),6,12,1.58,1.45,4.583008,2,True,2,1,0.5
2026-03-07_01.03.49,153,sign-optimization-horizontal-vertical_scenario,618,226,3,-4,0,0,90,15,1,88500,AdultMaleAgent(Clone),11,10,1.71,1.58,3.463867,1,False,3,0,0
2026-03-07_01.03.49,153,sign-optimization-horizontal-vertical_scenario,618,226,3,-4,0,0,90,15,1,88501,AdultMaleAgent(Clone),11,10,1.71,1.58,2.720703,1,False,3,0,0
2026-03-07_01.03.49,153,sign-optimization-horizontal-vertical_scenario,618,226,3,-4,0,0,90,15,1,88502,WheelchairAgent(Clone),10,12,1.3,1.17,1.9375,2,True,3,1,0.3333333
2026-03-07_01.03.49,153,sign-optimization-horizontal-vertical_scenario,618,226,3,-4,0,0,90,15,1,88503,WheelchairAgent(Clone),7,11,1.3,1.17,7.40332,1,False,2,0,0
2026-03-07_01.03.49,153,sign-optimization-horizontal-vertical_scenario,618,226,3,-4,0,0,90,15,1,88504,WheelchairAgent(Clone),10,12,1.3,1.17,2.628906,2,True,3,1,0.3333333
2026-03-07_01.03.49,153,sign-optimization-horizontal-vertical_scenario,618,226,3,-4,0,0,90,15,1,88505,WheelchairAgent(Clone),7,11,1.3,1.17,6.155273,1,False,2,0,0
2026-03-07_01.03.49,153,sign-optimization-horizontal-vertical_scenario,618,226,3,-4,0,0,90,15,1,88506,WheelchairAgent(Clone),11,10,1.3,1.17,0,0,False,3,0,0
2026-03-07_01.03.49,153,sign-optimization-horizontal-vertical_scenario,618,226,3,-4,0,0,90,15,1,88507,WheelchairAgent(Clone),10,12,1.3,1.17,2.618164,2,True,3,1,0.3333333
2026-03-07_01.03.49,153,sign-optimization-horizontal-vertical_scenario,618,226,3,-4,0,0,90,15,1,88508,WheelchairAgent(Clone),7,11,1.3,1.17,8.367188,1,False,2,1,0.5
2026-03-07_01.03.49,153,sign-optimization-horizontal-vertical_scenario,618,226,3,-4,0,0,90,15,1,88509,WheelchairAgent(Clone),5,10,1.3,1.17,3.773438,2,False,2,0,0
2026-03-07_01.03.49,153,sign-optimization-horizontal-vertical_scenario,618,226,3,-4,0,0,90,15,1,88510,AdultFemaleAgent(Clone),10,12,1.58,1.45,2.975586,2,True,3,1,0.3333333
2026-03-07_01.03.49,153,sign-optimization-horizontal-vertical_scenario,618,226,3,-4,0,0,90,15,1,88511,AdultFemaleAgent(Clone),10,12,1.58,1.45,1.526367,2,True,3,1,0.3333333
2026-03-07_01.03.49,153,sign-optimization-horizontal-vertical_scenario,618,226,3,-4,0,0,90,15,1,88512,AdultMaleAgent(Clone),11,10,1.71,1.58,2.358398,1,False,3,0,0
2026-03-07_01.03.49,153,sign-optimization-horizontal-vertical_scenario,618,226,3,-4,0,0,90,15,1,88513,AdultMaleAgent(Clone),5,10,1.71,1.58,5.183594,2,False,2,1,0.5
2026-03-07_01.03.49,153,sign-optimization-horizontal-vertical_scenario,618,226,3,-4,0,0,90,15,1,88514,WheelchairAgent(Clone),10,12,1.3,1.17,0.2089844,2,True,3,1,0.3333333
2026-03-07_01.03.49,153,sign-optimization-horizontal-vertical_scenario,618,226,3,-4,0,0,90,15,1,88515,AdultMaleAgent(Clone),6,12,1.71,1.58,2.746094,2,True,2,1,0.5
2026-03-07_01.03.49,153,sign-optimization-horizontal-vertical_scenario,618,226,3,-4,0,0,90,15,1,88516,AdultMaleAgent(Clone),6,12,1.71,1.58,0.984375,2,False,2,1,0.5
2026-03-07_01.03.49,153,sign-optimization-horizontal-vertical_scenario,618,226,3,-4,0,0,90,15,1,88517,AdultMaleAgent(Clone),7,11,1.71,1.58,7.298828,1,False,2,1,0.5
2026-03-07_01.03.49,153,sign-optimization-horizontal-vertical_scenario,618,226,3,-4,0,0,90,15,1,88518,WheelchairAgent(Clone),10,12,1.3,1.17,2.710938,2,True,3,1,0.3333333
2026-03-07_01.03.49,153,sign-optimization-horizontal-vertical_scenario,618,226,3,-4,0,0,90,15,1,88519,AdultFemaleAgent(Clone),10,12,1.58,1.45,3.592773,2,True,3,1,0.3333333
2026-03-07_01.03.49,153,sign-optimization-horizontal-vertical_scenario,618,226,3,-4,0,0,90,15,1,88520,AdultMaleAgent(Clone),5,10,1.71,1.58,6.186523,2,True,2,1,0.5
2026-03-07_01.03.49,153,sign-optimization-horizontal-vertical_scenario,618,226,3,-4,0,0,90,15,1,88521,WheelchairAgent(Clone),11,10,1.3,1.17,5,1,False,3,0,0
2026-03-07_01.03.49,153,sign-optimization-horizontal-vertical_scenario,618,226,3,-4,0,0,90,15,1,88522,AdultFemaleAgent(Clone),7,11,1.58,1.450001,12.33887,1,False,2,1,0.5
2026-03-07_01.03.49,153,sign-optimization-horizontal-vertical_scenario,618,226,3,-4,0,0,90,15,1,88523,AdultFemaleAgent(Clone),11,10,1.58,1.450001,4.195313,1,False,3,0,0
2026-03-07_01.03.49,153,sign-optimization-horizontal-vertical_scenario,618,226,3,-4,0,0,90,15,1,88524,AdultFemaleAgent(Clone),5,10,1.58,1.45,4.834961,2,True,2,1,0.5
2026-03-07_01.03.49,153,sign-optimization-horizontal-vertical_scenario,618,226,3,-4,0,0,90,15,1,88525,AdultFemaleAgent(Clone),10,12,1.58,1.45,3.31543,2,True,3,1,0.3333333
2026-03-07_01.03.49,153,sign-optimization-horizontal-vertical_scenario,618,226,3,-4,0,0,90,15,1,88526,WheelchairAgent(Clone),11,10,1.3,1.17,4.460938,1,False,3,0,0
2026-03-07_01.03.49,153,sign-optimization-horizontal-vertical_scenario,618,226,3,-4,0,0,90,15,1,88527,AdultFemaleAgent(Clone),6,12,1.58,1.45,4.641602,2,True,2,1,0.5
2026-03-07_01.03.49,153,sign-optimization-horizontal-vertical_scenario,618,226,3,-4,0,0,90,15,1,88528,WheelchairAgent(Clone),5,10,1.3,1.17,3.883789,2,False,2,0,0
2026-03-07_01.03.49,153,sign-optimization-horizontal-vertical_scenario,618,226,3,-4,0,0,90,15,1,88529,WheelchairAgent(Clone),11,10,1.3,1.17,4.160156,1,False,3,0,0
2026-03-07_01.03.49,153,sign-optimization-horizontal-vertical_scenario,618,226,3,-4,0,0,90,15,1,88530,AdultFemaleAgent(Clone),7,11,1.58,1.450001,10.23047,1,False,2,1,0.5
2026-03-07_01.03.49,153,sign-optimization-horizontal-vertical_scenario,618,226,3,-4,0,0,90,15,1,88531,AdultFemaleAgent(Clone),7,11,1.58,1.450001,10.73926,1,False,2,1,0.5
2026-03-07_01.03.49,153,sign-optimization-horizontal-vertical_scenario,618,226,3,-4,0,0,90,15,1,88532,WheelchairAgent(Clone),7,11,1.3,1.17,7.316406,1,False,2,1,0.5
2026-03-07_01.03.49,153,sign-optimization-horizontal-vertical_scenario,618,226,3,-4,0,0,90,15,1,88533,WheelchairAgent(Clone),11,10,1.3,1.17,2.754883,1,False,3,0,0
2026-03-07_01.03.49,153,sign-optimization-horizontal-vertical_scenario,618,226,3,-4,0,0,90,15,1,88534,WheelchairAgent(Clone),10,12,1.3,1.17,2.144531,2,True,3,1,0.3333333
2026-03-07_01.03.49,153,sign-optimization-horizontal-vertical_scenario,618,226,3,-4,0,0,90,15,1,88535,AdultMaleAgent(Clone),5,10,1.71,1.58,4.37207,2,False,2,1,0.5
2026-03-07_01.03.49,153,sign-optimization-horizontal-vertical_scenario,618,226,3,-4,0,0,90,15,1,88536,AdultFemaleAgent(Clone),7,11,1.58,1.450001,6.713867,1,False,2,0,0
2026-03-07_01.03.49,153,sign-optimization-horizontal-vertical_scenario,618,226,3,-4,0,0,90,15,1,88537,WheelchairAgent(Clone),11,10,1.3,1.17,5.09082,1,False,3,0,0
2026-03-07_01.03.49,153,sign-optimization-horizontal-vertical_scenario,618,226,3,-4,0,0,90,15,1,88538,AdultFemaleAgent(Clone),7,11,1.58,1.450001,7.395508,1,False,2,1,0.5
2026-03-07_01.03.49,153,sign-optimization-horizontal-vertical_scenario,618,226,3,-4,0,0,90,15,1,88539,AdultFemaleAgent(Clone),10,12,1.58,1.45,0.7744141,2,True,3,1,0.3333333
2026-03-07_01.03.49,153,sign-optimization-horizontal-vertical_scenario,618,226,3,-4,0,0,90,15,1,88540,WheelchairAgent(Clone),6,12,1.3,1.17,1.271484,2,False,2,1,0.5
2026-03-07_01.03.49,153,sign-optimization-horizontal-vertical_scenario,618,226,3,-4,0,0,90,15,1,88541,AdultMaleAgent(Clone),5,10,1.71,1.58,3.920898,2,False,2,1,0.5
2026-03-07_01.03.49,153,sign-optimization-horizontal-vertical_scenario,618,226,3,-4,0,0,90,15,1,88542,AdultMaleAgent(Clone),11,10,1.71,1.58,4.412109,1,False,3,0,0
2026-03-07_01.03.49,153,sign-optimization-horizontal-vertical_scenario,618,226,3,-4,0,0,90,15,1,88543,AdultFemaleAgent(Clone),11,10,1.58,1.450001,3.816406,1,False,3,0,0
2026-03-07_01.03.49,153,sign-optimization-horizontal-vertical_scenario,618,226,3,-4,0,0,90,15,1,88544,AdultFemaleAgent(Clone),6,12,1.58,1.45,5.168945,2,True,2,1,0.5
2026-03-07_01.03.49,153,sign-optimization-horizontal-vertical_scenario,618,226,3,-4,0,0,90,15,1,88545,WheelchairAgent(Clone),6,12,1.3,1.17,7.012695,2,True,2,1,0.5
2026-03-07_01.03.49,153,sign-optimization-horizontal-vertical_scenario,618,226,3,-4,0,0,90,15,1,88546,AdultFemaleAgent(Clone),7,11,1.58,1.450001,7.574219,1,False,2,1,0.5
2026-03-07_01.03.49,153,sign-optimization-horizontal-vertical_scenario,618,226,3,-4,0,0,90,15,1,88547,WheelchairAgent(Clone),5,10,1.3,1.17,5.046875,2,False,2,1,0.5
2026-03-07_01.03.49,153,sign-optimization-horizontal-vertical_scenario,618,226,3,-4,0,0,90,15,1,88548,AdultFemaleAgent(Clone),5,10,1.58,1.45,4.957031,2,False,2,1,0.5
2026-03-07_01.03.49,153,sign-optimization-horizontal-vertical_scenario,618,226,3,-4,0,0,90,15,1,88549,AdultFemaleAgent(Clone),7,11,1.58,1.450001,8.490234,1,False,2,1,0.5
2026-03-07_01.03.49,153,sign-optimization-horizontal-vertical_scenario,618,226,3,-4,0,0,90,15,1,88550,WheelchairAgent(Clone),6,12,1.3,1.17,6.751953,2,False,2,1,0.5
2026-03-07_01.03.49,153,sign-optimization-horizontal-vertical_scenario,618,226,3,-4,0,0,90,15,1,88551,AdultMaleAgent(Clone),11,10,1.71,1.58,2.229492,1,False,3,0,0
2026-03-07_01.03.49,153,sign-optimization-horizontal-vertical_scenario,618,226,3,-4,0,0,90,15,1,88552,AdultMaleAgent(Clone),5,10,1.71,1.58,4.148438,2,False,2,1,0.5
2026-03-07_01.03.49,153,sign-optimization-horizontal-vertical_scenario,618,226,3,-4,0,0,90,15,1,88553,AdultMaleAgent(Clone),11,10,1.71,1.58,3.618164,1,False,3,0,0
2026-03-07_01.03.49,153,sign-optimization-horizontal-vertical_scenario,618,226,3,-4,0,0,90,15,1,88554,AdultFemaleAgent(Clone),10,12,1.58,1.45,0.7949219,2,True,3,1,0.3333333
2026-03-07_01.03.49,153,sign-optimization-horizontal-vertical_scenario,618,226,3,-4,0,0,90,15,1,88555,WheelchairAgent(Clone),11,10,1.3,1.17,4.563477,1,False,3,0,0
2026-03-07_01.03.49,153,sign-optimization-horizontal-vertical_scenario,618,226,3,-4,0,0,90,15,1,88556,WheelchairAgent(Clone),11,10,1.3,1.17,0,0,False,3,0,0
2026-03-07_01.03.49,153,sign-optimization-horizontal-vertical_scenario,618,226,3,-4,0,0,90,15,1,88557,WheelchairAgent(Clone),5,10,1.3,1.17,4.136719,2,False,2,0,0
2026-03-07_01.03.49,153,sign-optimization-horizontal-vertical_scenario,618,226,3,-4,0,0,90,15,1,88558,AdultFemaleAgent(Clone),10,12,1.58,1.45,7.302734,1,True,3,1,0.3333333
2026-03-07_01.03.49,153,sign-optimization-horizontal-vertical_scenario,618,226,3,-4,0,0,90,15,1,88559,AdultMaleAgent(Clone),6,12,1.71,1.58,4.682617,2,True,2,1,0.5
2026-03-07_01.03.49,153,sign-optimization-horizontal-vertical_scenario,618,226,3,-4,0,0,90,15,1,88560,AdultFemaleAgent(Clone),5,10,1.58,1.45,5.298828,2,True,2,1,0.5
2026-03-07_01.03.49,153,sign-optimization-horizontal-vertical_scenario,618,226,3,-4,0,0,90,15,1,88561,WheelchairAgent(Clone),6,12,1.3,1.17,3.929688,2,False,2,1,0.5
2026-03-07_01.03.49,153,sign-optimization-horizontal-vertical_scenario,618,226,3,-4,0,0,90,15,1,88562,AdultMaleAgent(Clone),10,12,1.71,1.58,1.390625,2,True,3,1,0.3333333
2026-03-07_01.03.49,153,sign-optimization-horizontal-vertical_scenario,618,226,3,-4,0,0,90,15,1,88563,AdultFemaleAgent(Clone),10,12,1.58,1.45,3.397461,2,True,3,1,0.3333333
2026-03-07_01.03.49,153,sign-optimization-horizontal-vertical_scenario,618,226,3,-4,0,0,90,15,1,88564,AdultFemaleAgent(Clone),10,12,1.58,1.45,6.978516,1,True,3,1,0.3333333
2026-03-07_01.03.49,153,sign-optimization-horizontal-vertical_scenario,618,226,3,-4,0,0,90,15,1,88565,AdultFemaleAgent(Clone),6,12,1.58,1.45,6.432617,2,True,2,1,0.5
2026-03-07_01.03.49,153,sign-optimization-horizontal-vertical_scenario,618,226,3,-4,0,0,90,15,1,88566,WheelchairAgent(Clone),6,12,1.3,1.17,8.114258,1,True,2,1,0.5
2026-03-07_01.03.49,153,sign-optimization-horizontal-vertical_scenario,618,226,3,-4,0,0,90,15,1,88567,AdultMaleAgent(Clone),10,12,1.71,1.58,3.263672,2,True,3,1,0.3333333
2026-03-07_01.03.49,153,sign-optimization-horizontal-vertical_scenario,618,226,3,-4,0,0,90,15,1,88568,AdultFemaleAgent(Clone),6,12,1.58,1.45,2.420898,2,True,2,1,0.5
2026-03-07_01.03.49,153,sign-optimization-horizontal-vertical_scenario,618,226,3,-4,0,0,90,15,1,88569,WheelchairAgent(Clone),11,10,1.3,1.17,0,0,False,3,0,0
2026-03-07_01.03.49,153,sign-optimization-horizontal-vertical_scenario,618,226,3,-4,0,0,90,15,1,88570,WheelchairAgent(Clone),7,11,1.3,1.17,8.844727,1,False,2,0,0
2026-03-07_01.03.49,153,sign-optimization-horizontal-vertical_scenario,618,226,3,-4,0,0,90,15,1,88571,WheelchairAgent(Clone),10,12,1.3,1.17,3.636719,2,True,3,1,0.3333333
2026-03-07_01.03.49,153,sign-optimization-horizontal-vertical_scenario,618,226,3,-4,0,0,90,15,1,88572,AdultMaleAgent(Clone),6,12,1.71,1.58,4.137695,2,True,2,1,0.5
2026-03-07_01.03.49,153,sign-optimization-horizontal-vertical_scenario,618,226,3,-4,0,0,90,15,1,88573,AdultFemaleAgent(Clone),6,12,1.58,1.45,1.717773,2,False,2,1,0.5
2026-03-07_01.03.49,153,sign-optimization-horizontal-vertical_scenario,618,226,3,-4,0,0,90,15,1,88574,AdultMaleAgent(Clone),5,10,1.71,1.58,7.004883,2,True,2,1,0.5
2026-03-07_01.03.49,153,sign-optimization-horizontal-vertical_scenario,618,226,3,-4,0,0,90,15,1,88575,AdultFemaleAgent(Clone),5,10,1.58,1.45,3.935547,2,False,2,1,0.5
2026-03-07_01.03.49,153,sign-optimization-horizontal-vertical_scenario,618,226,3,-4,0,0,90,15,1,88576,AdultFemaleAgent(Clone),10,12,1.58,1.45,8.138672,1,True,3,1,0.3333333
2026-03-07_01.03.49,153,sign-optimization-horizontal-vertical_scenario,618,226,3,-4,0,0,90,15,1,88577,WheelchairAgent(Clone),10,12,1.3,1.17,8.34082,1,True,3,1,0.3333333
2026-03-07_01.03.49,153,sign-optimization-horizontal-vertical_scenario,618,226,3,-4,0,0,90,15,1,88578,AdultMaleAgent(Clone),5,10,1.71,1.58,5.803711,2,True,2,1,0.5
2026-03-07_01.03.49,153,sign-optimization-horizontal-vertical_scenario,618,226,3,-4,0,0,90,15,1,88579,WheelchairAgent(Clone),7,11,1.3,1.17,11.66113,1,False,2,1,0.5
2026-03-07_01.03.49,153,sign-optimization-horizontal-vertical_scenario,618,226,3,-4,0,0,90,15,1,88580,AdultFemaleAgent(Clone),5,10,1.58,1.45,5.171875,2,False,2,1,0.5
2026-03-07_01.03.49,153,sign-optimization-horizontal-vertical_scenario,618,226,3,-4,0,0,90,15,1,88581,AdultFemaleAgent(Clone),10,12,1.58,1.45,6.786133,1,True,3,1,0.3333333
2026-03-07_01.03.49,153,sign-optimization-horizontal-vertical_scenario,618,226,3,-4,0,0,90,15,1,88582,AdultFemaleAgent(Clone),10,12,1.58,1.45,7.223633,1,True,3,1,0.3333333
2026-03-07_01.03.49,153,sign-optimization-horizontal-vertical_scenario,618,226,3,-4,0,0,90,15,1,88583,AdultMaleAgent(Clone),11,10,1.71,1.58,0,0,False,3,0,0
2026-03-07_01.03.49,153,sign-optimization-horizontal-vertical_scenario,618,226,3,-4,0,0,90,15,1,88584,AdultMaleAgent(Clone),5,10,1.71,1.58,3.52832,2,False,2,1,0.5
2026-03-07_01.03.49,153,sign-optimization-horizontal-vertical_scenario,618,226,3,-4,0,0,90,15,1,88585,WheelchairAgent(Clone),6,12,1.3,1.17,4.686523,2,True,2,1,0.5
2026-03-07_01.03.49,153,sign-optimization-horizontal-vertical_scenario,618,226,3,-4,0,0,90,15,1,88586,AdultFemaleAgent(Clone),11,10,1.58,1.450001,0,0,False,3,0,0
2026-03-07_01.03.49,153,sign-optimization-horizontal-vertical_scenario,618,226,3,-4,0,0,90,15,1,88587,AdultFemaleAgent(Clone),6,12,1.58,1.45,5.25,2,True,2,1,0.5
2026-03-07_01.03.49,153,sign-optimization-horizontal-vertical_scenario,618,226,3,-4,0,0,90,15,1,88588,WheelchairAgent(Clone),11,10,1.3,1.17,0,0,False,3,0,0
2026-03-07_01.03.49,153,sign-optimization-horizontal-vertical_scenario,618,226,3,-4,0,0,90,15,1,88589,AdultFemaleAgent(Clone),10,12,1.58,1.45,3.761719,2,True,3,1,0.3333333
2026-03-07_01.03.49,153,sign-optimization-horizontal-vertical_scenario,618,226,3,-4,0,0,90,15,1,88590,WheelchairAgent(Clone),5,10,1.3,1.17,6.260742,2,False,2,1,0.5
2026-03-07_01.03.49,153,sign-optimization-horizontal-vertical_scenario,618,226,3,-4,0,0,90,15,1,88591,AdultFemaleAgent(Clone),5,10,1.58,1.45,4.173828,2,False,2,1,0.5
2026-03-07_01.03.49,153,sign-optimization-horizontal-vertical_scenario,618,226,3,-4,0,0,90,15,1,88592,AdultFemaleAgent(Clone),10,12,1.58,1.45,2.12207,2,True,3,1,0.3333333
2026-03-07_01.03.49,153,sign-optimization-horizontal-vertical_scenario,618,226,3,-4,0,0,90,15,1,88593,AdultMaleAgent(Clone),11,10,1.71,1.58,0,0,False,3,0,0
2026-03-07_01.03.49,153,sign-optimization-horizontal-vertical_scenario,618,226,3,-4,0,0,90,15,1,88594,AdultFemaleAgent(Clone),7,11,1.58,1.450001,0.4453125,2,False,2,1,0.5
2026-03-07_01.03.49,153,sign-optimization-horizontal-vertical_scenario,618,226,3,-4,0,0,90,15,1,88595,AdultFemaleAgent(Clone),10,12,1.58,1.45,8.154297,1,True,3,1,0.3333333
2026-03-07_01.03.49,153,sign-optimization-horizontal-vertical_scenario,618,226,3,-4,0,0,90,15,1,88596,AdultFemaleAgent(Clone),5,10,1.58,1.45,3.863281,2,False,2,1,0.5
2026-03-07_01.03.49,153,sign-optimization-horizontal-vertical_scenario,618,226,3,-4,0,0,90,15,1,88597,AdultMaleAgent(Clone),5,10,1.71,1.58,4.520508,2,False,2,1,0.5
2026-03-07_01.03.49,153,sign-optimization-horizontal-vertical_scenario,618,226,3,-4,0,0,90,15,1,88598,AdultMaleAgent(Clone),11,10,1.71,1.58,0,0,False,3,0,0
2026-03-07_01.03.49,153,sign-optimization-horizontal-vertical_scenario,618,226,3,-4,0,0,90,15,1,88599,AdultMaleAgent(Clone),11,10,1.71,1.58,0,0,False,3,0,0
2026-03-07_01.03.49,153,sign-optimization-horizontal-vertical_scenario,618,226,3,-4,0,0,90,15,1,88600,AdultMaleAgent(Clone),11,10,1.71,1.58,0,0,False,3,0,0
2026-03-07_01.03.49,153,sign-optimization-horizontal-vertical_scenario,618,226,3,-4,0,0,90,15,1,88601,WheelchairAgent(Clone),6,12,1.3,1.17,2.510742,2,False,2,1,0.5
2026-03-07_01.03.49,153,sign-optimization-horizontal-vertical_scenario,618,226,3,-4,0,0,90,15,1,88602,AdultFemaleAgent(Clone),7,11,1.58,1.450001,6.466797,1,False,2,0,0
2026-03-07_01.03.49,153,sign-optimization-horizontal-vertical_scenario,618,226,3,-4,0,0,90,15,1,88603,AdultFemaleAgent(Clone),7,11,1.58,1.450001,9.376953,1,False,2,1,0.5
2026-03-07_01.03.49,153,sign-optimization-horizontal-vertical_scenario,618,226,3,-4,0,0,90,15,1,88604,WheelchairAgent(Clone),10,12,1.3,1.17,7.255859,1,True,3,1,0.3333333
2026-03-07_01.03.49,153,sign-optimization-horizontal-vertical_scenario,618,226,3,-4,0,0,90,15,1,88605,AdultFemaleAgent(Clone),6,12,1.58,1.45,5.504883,1,True,2,1,0.5
2026-03-07_01.03.49,153,sign-optimization-horizontal-vertical_scenario,618,226,3,-4,0,0,90,15,1,88606,WheelchairAgent(Clone),10,12,1.3,1.17,7.641602,1,True,3,1,0.3333333
2026-03-07_01.03.49,153,sign-optimization-horizontal-vertical_scenario,618,226,3,-4,0,0,90,15,1,88607,AdultFemaleAgent(Clone),11,10,1.58,1.450001,0,0,False,3,0,0
2026-03-07_01.03.49,153,sign-optimization-horizontal-vertical_scenario,618,226,3,-4,0,0,90,15,1,88608,AdultFemaleAgent(Clone),6,12,1.58,1.45,7.556641,1,True,2,1,0.5
2026-03-07_01.03.49,153,sign-optimization-horizontal-vertical_scenario,618,226,3,-4,0,0,90,15,1,88609,WheelchairAgent(Clone),11,10,1.3,1.17,0,0,False,3,0,0
2026-03-07_01.03.49,153,sign-optimization-horizontal-vertical_scenario,618,226,3,-4,0,0,90,15,1,88610,WheelchairAgent(Clone),7,11,1.3,1.17,8.251953,1,False,2,0,0
2026-03-07_01.03.49,153,sign-optimization-horizontal-vertical_scenario,618,226,3,-4,0,0,90,15,1,88611,AdultFemaleAgent(Clone),11,10,1.58,1.450001,0,0,False,3,0,0
2026-03-07_01.03.49,153,sign-optimization-horizontal-vertical_scenario,618,226,3,-4,0,0,90,15,1,88612,WheelchairAgent(Clone),5,10,1.3,1.17,4.186523,2,False,2,0,0
2026-03-07_01.03.49,153,sign-optimization-horizontal-vertical_scenario,618,226,3,-4,0,0,90,15,1,88613,AdultFemaleAgent(Clone),5,10,1.58,1.45,5.883789,1,True,2,1,0.5
2026-03-07_01.03.49,153,sign-optimization-horizontal-vertical_scenario,618,226,3,-4,0,0,90,15,1,88614,AdultMaleAgent(Clone),7,11,1.71,1.58,9.769531,1,False,2,1,0.5
2026-03-07_01.03.49,153,sign-optimization-horizontal-vertical_scenario,618,226,3,-4,0,0,90,15,1,88615,AdultFemaleAgent(Clone),5,10,1.58,1.45,3.883789,2,False,2,1,0.5
2026-03-07_01.03.49,153,sign-optimization-horizontal-vertical_scenario,618,226,3,-4,0,0,90,15,1,88616,WheelchairAgent(Clone),7,11,1.3,1.17,7.079102,1,False,2,0,0
2026-03-07_01.03.49,153,sign-optimization-horizontal-vertical_scenario,618,226,3,-4,0,0,90,15,1,88617,WheelchairAgent(Clone),6,12,1.3,1.17,5.244141,1,False,2,1,0.5
2026-03-07_01.03.49,153,sign-optimization-horizontal-vertical_scenario,618,226,3,-4,0,0,90,15,1,88618,AdultMaleAgent(Clone),10,12,1.71,1.58,8,1,True,3,1,0.3333333
2026-03-07_01.03.49,153,sign-optimization-horizontal-vertical_scenario,618,226,3,-4,0,0,90,15,1,88619,AdultMaleAgent(Clone),7,11,1.71,1.58,12.07227,1,False,2,1,0.5
2026-03-07_01.03.49,153,sign-optimization-horizontal-vertical_scenario,618,226,3,-4,0,0,90,15,1,88620,AdultMaleAgent(Clone),5,10,1.71,1.58,5.020508,2,True,2,1,0.5
2026-03-07_01.03.49,153,sign-optimization-horizontal-vertical_scenario,618,226,3,-4,0,0,90,15,1,88621,AdultMaleAgent(Clone),11,10,1.71,1.58,0,0,False,3,0,0
2026-03-07_01.03.49,153,sign-optimization-horizontal-vertical_scenario,618,226,3,-4,0,0,90,15,1,88622,WheelchairAgent(Clone),11,10,1.3,1.17,0,0,False,3,0,0
2026-03-07_01.03.49,153,sign-optimization-horizontal-vertical_scenario,618,226,3,-4,0,0,90,15,1,88623,WheelchairAgent(Clone),7,11,1.3,1.17,8.586914,1,False,2,1,0.5
2026-03-07_01.03.49,153,sign-optimization-horizontal-vertical_scenario,618,226,3,-4,0,0,90,15,1,88624,WheelchairAgent(Clone),7,11,1.3,1.17,10.44434,1,False,2,1,0.5
2026-03-07_01.03.49,153,sign-optimization-horizontal-vertical_scenario,618,226,3,-4,0,0,90,15,1,88625,AdultMaleAgent(Clone),6,12,1.71,1.58,4.486328,2,True,2,1,0.5
2026-03-07_01.03.49,153,sign-optimization-horizontal-vertical_scenario,618,226,3,-4,0,0,90,15,1,88626,WheelchairAgent(Clone),5,10,1.3,1.17,4.854492,2,False,2,0,0
2026-03-07_01.03.49,153,sign-optimization-horizontal-vertical_scenario,618,226,3,-4,0,0,90,15,1,88627,AdultMaleAgent(Clone),11,10,1.71,1.58,0,0,False,3,0,0
2026-03-07_01.03.49,153,sign-optimization-horizontal-vertical_scenario,618,226,3,-4,0,0,90,15,1,88628,AdultMaleAgent(Clone),6,12,1.71,1.58,6.417969,1,True,2,1,0.5
2026-03-07_01.03.49,153,sign-optimization-horizontal-vertical_scenario,618,226,3,-4,0,0,90,15,1,88629,WheelchairAgent(Clone),7,11,1.3,1.17,11.27637,1,False,2,1,0.5
2026-03-07_01.03.49,153,sign-optimization-horizontal-vertical_scenario,618,226,3,-4,0,0,90,15,1,88630,WheelchairAgent(Clone),10,12,1.3,1.17,6.661133,1,True,3,1,0.3333333
2026-03-07_01.03.49,153,sign-optimization-horizontal-vertical_scenario,618,226,3,-4,0,0,90,15,1,88631,AdultMaleAgent(Clone),7,11,1.71,1.58,9.664063,1,False,2,1,0.5
2026-03-07_01.03.49,153,sign-optimization-horizontal-vertical_scenario,618,226,3,-4,0,0,90,15,1,88632,WheelchairAgent(Clone),6,12,1.3,1.17,4.932617,1,True,2,1,0.5
2026-03-07_01.03.49,153,sign-optimization-horizontal-vertical_scenario,618,226,3,-4,0,0,90,15,1,88633,WheelchairAgent(Clone),10,12,1.3,1.17,7.84668,1,True,3,1,0.3333333
2026-03-07_01.03.49,153,sign-optimization-horizontal-vertical_scenario,618,226,3,-4,0,0,90,15,1,88634,AdultMaleAgent(Clone),7,11,1.71,1.58,8.389648,1,False,2,1,0.5
2026-03-07_01.03.49,153,sign-optimization-horizontal-vertical_scenario,618,226,3,-4,0,0,90,15,1,88635,AdultMaleAgent(Clone),11,10,1.71,1.58,0,0,False,3,0,0
2026-03-07_01.03.49,153,sign-optimization-horizontal-vertical_scenario,618,226,3,-4,0,0,90,15,1,88636,AdultMaleAgent(Clone),11,10,1.71,1.58,0,0,False,3,0,0
2026-03-07_01.03.49,153,sign-optimization-horizontal-vertical_scenario,618,226,3,-4,0,0,90,15,1,88637,AdultMaleAgent(Clone),11,10,1.71,1.58,0,0,False,3,0,0
2026-03-07_01.03.49,153,sign-optimization-horizontal-vertical_scenario,618,226,3,-4,0,0,90,15,1,88638,AdultFemaleAgent(Clone),5,10,1.58,1.45,4.392578,1,False,2,1,0.5
2026-03-07_01.03.49,153,sign-optimization-horizontal-vertical_scenario,618,226,3,-4,0,0,90,15,1,88639,AdultFemaleAgent(Clone),7,11,1.58,1.450001,11.29785,1,False,2,1,0.5
2026-03-07_01.03.49,153,sign-optimization-horizontal-vertical_scenario,618,226,3,-4,0,0,90,15,1,88640,AdultMaleAgent(Clone),6,12,1.71,1.58,5.893555,1,True,2,1,0.5
2026-03-07_01.03.49,153,sign-optimization-horizontal-vertical_scenario,618,226,3,-4,0,0,90,15,1,88641,AdultFemaleAgent(Clone),10,12,1.58,1.45,7.433594,1,True,3,1,0.3333333
2026-03-07_01.03.49,153,sign-optimization-horizontal-vertical_scenario,618,226,3,-4,0,0,90,15,1,88642,AdultFemaleAgent(Clone),11,10,1.58,1.450001,0,0,False,3,0,0
2026-03-07_01.03.49,153,sign-optimization-horizontal-vertical_scenario,618,226,3,-4,0,0,90,15,1,88643,WheelchairAgent(Clone),6,12,1.3,1.17,7.699219,1,True,2,1,0.5
2026-03-07_01.03.49,153,sign-optimization-horizontal-vertical_scenario,618,226,3,-4,0,0,90,15,1,88644,AdultFemaleAgent(Clone),5,10,1.58,1.45,2.571289,1,False,2,1,0.5
2026-03-07_01.03.49,153,sign-optimization-horizontal-vertical_scenario,618,226,3,-4,0,0,90,15,1,88645,WheelchairAgent(Clone),6,12,1.3,1.17,5.822266,1,True,2,1,0.5
2026-03-07_01.03.49,153,sign-optimization-horizontal-vertical_scenario,618,226,3,-4,0,0,90,15,1,88646,WheelchairAgent(Clone),10,12,1.3,1.17,7.839844,1,True,3,1,0.3333333
2026-03-07_01.03.49,153,sign-optimization-horizontal-vertical_scenario,618,226,3,-4,0,0,90,15,1,88647,AdultMaleAgent(Clone),5,10,1.71,1.58,5.961914,1,True,2,1,0.5
2026-03-07_01.03.49,153,sign-optimization-horizontal-vertical_scenario,618,226,3,-4,0,0,90,15,1,88648,WheelchairAgent(Clone),11,10,1.3,1.17,0,0,False,3,0,0
2026-03-07_01.03.49,153,sign-optimization-horizontal-vertical_scenario,618,226,3,-4,0,0,90,15,1,88649,AdultFemaleAgent(Clone),10,12,1.58,1.45,7.591797,1,True,3,1,0.3333333
2026-03-07_01.03.49,153,sign-optimization-horizontal-vertical_scenario,618,226,3,-4,0,0,90,15,1,88650,AdultFemaleAgent(Clone),11,10,1.58,1.450001,0,0,False,3,0,0
2026-03-07_01.03.49,153,sign-optimization-horizontal-vertical_scenario,618,226,3,-4,0,0,90,15,1,88651,AdultFemaleAgent(Clone),5,10,1.58,1.45,4.963867,1,True,2,1,0.5
2026-03-07_01.03.49,153,sign-optimization-horizontal-vertical_scenario,618,226,3,-4,0,0,90,15,1,88652,AdultFemaleAgent(Clone),11,10,1.58,1.450001,0,0,False,3,0,0
2026-03-07_01.03.49,153,sign-optimization-horizontal-vertical_scenario,618,226,3,-4,0,0,90,15,1,88653,WheelchairAgent(Clone),11,10,1.3,1.17,0,0,False,3,0,0
2026-03-07_01.03.49,153,sign-optimization-horizontal-vertical_scenario,618,226,3,-4,0,0,90,15,1,88654,AdultFemaleAgent(Clone),7,11,1.58,1.450001,11.37793,1,False,2,1,0.5
2026-03-07_01.03.49,153,sign-optimization-horizontal-vertical_scenario,618,226,3,-4,0,0,90,15,1,88655,AdultFemaleAgent(Clone),6,12,1.58,1.45,6.259766,1,True,2,1,0.5
2026-03-07_01.03.49,153,sign-optimization-horizontal-vertical_scenario,618,226,3,-4,0,0,90,15,1,88656,WheelchairAgent(Clone),11,10,1.3,1.17,0,0,False,3,0,0
2026-03-07_01.03.49,153,sign-optimization-horizontal-vertical_scenario,618,226,3,-4,0,0,90,15,1,88657,AdultMaleAgent(Clone),7,11,1.71,1.58,6.362305,1,False,2,1,0.5
2026-03-07_01.03.49,153,sign-optimization-horizontal-vertical_scenario,618,226,3,-4,0,0,90,15,1,88658,AdultFemaleAgent(Clone),11,10,1.58,1.450001,0,0,False,3,0,0
2026-03-07_01.03.49,153,sign-optimization-horizontal-vertical_scenario,618,226,3,-4,0,0,90,15,1,88659,AdultMaleAgent(Clone),7,11,1.71,1.58,8.740234,1,False,2,1,0.5
2026-03-07_01.03.49,153,sign-optimization-horizontal-vertical_scenario,618,226,3,-4,0,0,90,15,1,88660,AdultFemaleAgent(Clone),5,10,1.58,1.45,5.070313,1,True,2,1,0.5
2026-03-07_01.03.49,153,sign-optimization-horizontal-vertical_scenario,618,226,3,-4,0,0,90,15,1,88661,AdultMaleAgent(Clone),6,12,1.71,1.58,6.261719,1,True,2,1,0.5
2026-03-07_01.03.49,153,sign-optimization-horizontal-vertical_scenario,618,226,3,-4,0,0,90,15,1,88662,WheelchairAgent(Clone),6,12,1.3,1.17,7.055664,1,True,2,1,0.5
2026-03-07_01.03.49,153,sign-optimization-horizontal-vertical_scenario,618,226,3,-4,0,0,90,15,1,88663,AdultFemaleAgent(Clone),6,12,1.58,1.45,7.657227,1,True,2,1,0.5
2026-03-07_01.03.49,153,sign-optimization-horizontal-vertical_scenario,618,226,3,-4,0,0,90,15,1,88664,WheelchairAgent(Clone),11,10,1.3,1.17,0,0,False,3,0,0
2026-03-07_01.03.49,153,sign-optimization-horizontal-vertical_scenario,618,226,3,-4,0,0,90,15,1,88665,AdultMaleAgent(Clone),5,10,1.71,1.58,3.313477,1,False,2,1,0.5
2026-03-07_01.03.49,153,sign-optimization-horizontal-vertical_scenario,618,226,3,-4,0,0,90,15,1,88666,AdultFemaleAgent(Clone),10,12,1.58,1.45,7.558594,1,True,3,1,0.3333333
2026-03-07_01.03.49,153,sign-optimization-horizontal-vertical_scenario,618,226,3,-4,0,0,90,15,1,88667,WheelchairAgent(Clone),7,11,1.3,1.17,6.56543,1,False,2,0,0
2026-03-07_01.03.49,153,sign-optimization-horizontal-vertical_scenario,618,226,3,-4,0,0,90,15,1,88668,WheelchairAgent(Clone),7,11,1.3,1.17,0,0,False,2,0,0
2026-03-07_01.03.49,153,sign-optimization-horizontal-vertical_scenario,618,226,3,-4,0,0,90,15,1,88669,AdultFemaleAgent(Clone),5,10,1.58,1.45,4.944336,1,True,2,1,0.5
2026-03-07_01.03.49,153,sign-optimization-horizontal-vertical_scenario,618,226,3,-4,0,0,90,15,1,88670,WheelchairAgent(Clone),11,10,1.3,1.17,0,0,False,3,0,0
2026-03-07_01.03.49,153,sign-optimization-horizontal-vertical_scenario,618,226,3,-4,0,0,90,15,1,88671,WheelchairAgent(Clone),6,12,1.3,1.17,6.392578,1,True,2,1,0.5
2026-03-07_01.03.49,153,sign-optimization-horizontal-vertical_scenario,618,226,3,-4,0,0,90,15,1,88672,AdultFemaleAgent(Clone),11,10,1.58,1.450001,0,0,False,3,0,0
2026-03-07_01.03.49,153,sign-optimization-horizontal-vertical_scenario,618,226,3,-4,0,0,90,15,1,88673,WheelchairAgent(Clone),10,12,1.3,1.17,6.788086,1,True,3,1,0.3333333
2026-03-07_01.03.49,153,sign-optimization-horizontal-vertical_scenario,618,226,3,-4,0,0,90,15,1,88674,WheelchairAgent(Clone),5,10,1.3,1.17,2.34668,1,False,2,1,0.5
2026-03-07_01.03.49,153,sign-optimization-horizontal-vertical_scenario,618,226,3,-4,0,0,90,15,1,88675,WheelchairAgent(Clone),5,10,1.3,1.17,4.422852,1,False,2,1,0.5
2026-03-07_01.03.49,153,sign-optimization-horizontal-vertical_scenario,618,226,3,-4,0,0,90,15,1,88676,AdultMaleAgent(Clone),5,10,1.71,1.58,5.28125,1,True,2,1,0.5
2026-03-07_01.03.49,153,sign-optimization-horizontal-vertical_scenario,618,226,3,-4,0,0,90,15,1,88677,AdultMaleAgent(Clone),10,12,1.71,1.58,7.436523,1,True,3,1,0.3333333
2026-03-07_01.03.49,153,sign-optimization-horizontal-vertical_scenario,618,226,3,-4,0,0,90,15,1,88678,AdultFemaleAgent(Clone),7,11,1.58,1.450001,0,0,False,2,0,0
2026-03-07_01.03.49,153,sign-optimization-horizontal-vertical_scenario,618,226,3,-4,0,0,90,15,1,88679,WheelchairAgent(Clone),5,10,1.3,1.17,5.384766,1,True,2,1,0.5
2026-03-07_01.03.49,153,sign-optimization-horizontal-vertical_scenario,618,226,3,-4,0,0,90,15,1,88680,AdultMaleAgent(Clone),10,12,1.71,1.58,6.936523,1,True,3,1,0.3333333
2026-03-07_01.03.49,153,sign-optimization-horizontal-vertical_scenario,618,226,3,-4,0,0,90,15,1,88681,AdultMaleAgent(Clone),6,12,1.71,1.58,5.261719,1,True,2,1,0.5
2026-03-07_01.03.49,153,sign-optimization-horizontal-vertical_scenario,618,226,3,-4,0,0,90,15,1,88682,WheelchairAgent(Clone),11,10,1.3,1.17,0,0,False,3,0,0
2026-03-07_01.03.49,153,sign-optimization-horizontal-vertical_scenario,618,226,3,-4,0,0,90,15,1,88683,WheelchairAgent(Clone),7,11,1.3,1.17,6.15332,1,False,2,0,0
2026-03-07_01.03.49,153,sign-optimization-horizontal-vertical_scenario,618,226,3,-4,0,0,90,15,1,88684,WheelchairAgent(Clone),6,12,1.3,1.17,6.131836,1,True,2,1,0.5
2026-03-07_01.03.49,153,sign-optimization-horizontal-vertical_scenario,618,226,3,-4,0,0,90,15,1,88685,WheelchairAgent(Clone),6,12,1.3,1.17,6.630859,1,True,2,1,0.5
2026-03-07_01.03.49,153,sign-optimization-horizontal-vertical_scenario,618,226,3,-4,0,0,90,15,1,88686,WheelchairAgent(Clone),5,10,1.3,1.17,2.774414,1,False,2,1,0.5
2026-03-07_01.03.49,153,sign-optimization-horizontal-vertical_scenario,618,226,3,-4,0,0,90,15,1,88687,WheelchairAgent(Clone),5,10,1.3,1.17,3.96875,1,True,2,1,0.5
2026-03-07_01.03.49,153,sign-optimization-horizontal-vertical_scenario,618,226,3,-4,0,0,90,15,1,88688,AdultMaleAgent(Clone),7,11,1.71,1.58,0,0,False,2,1,0.5
2026-03-07_01.03.49,153,sign-optimization-horizontal-vertical_scenario,618,226,3,-4,0,0,90,15,1,88689,AdultMaleAgent(Clone),7,11,1.71,1.58,0,0,False,2,1,0.5
2026-03-07_01.03.49,153,sign-optimization-horizontal-vertical_scenario,618,226,3,-4,0,0,90,15,1,88690,WheelchairAgent(Clone),6,12,1.3,1.17,4.960938,1,True,2,1,0.5
2026-03-07_01.03.49,153,sign-optimization-horizontal-vertical_scenario,618,226,3,-4,0,0,90,15,1,88691,AdultMaleAgent(Clone),6,12,1.71,1.58,7.897461,1,True,2,1,0.5
2026-03-07_01.03.49,153,sign-optimization-horizontal-vertical_scenario,618,226,3,-4,0,0,90,15,1,88692,AdultMaleAgent(Clone),7,11,1.71,1.58,0,0,False,2,1,0.5
2026-03-07_01.03.49,153,sign-optimization-horizontal-vertical_scenario,618,226,3,-4,0,0,90,15,1,88693,AdultMaleAgent(Clone),10,12,1.71,1.58,7.097656,1,True,3,1,0.3333333
2026-03-07_01.03.49,153,sign-optimization-horizontal-vertical_scenario,618,226,3,-4,0,0,90,15,1,88694,AdultMaleAgent(Clone),10,12,1.71,1.58,6.728516,1,True,3,1,0.3333333
2026-03-07_01.03.49,153,sign-optimization-horizontal-vertical_scenario,618,226,3,-4,0,0,90,15,1,88695,WheelchairAgent(Clone),5,10,1.3,1.17,4.748047,1,True,2,1,0.5
2026-03-07_01.03.49,153,sign-optimization-horizontal-vertical_scenario,618,226,3,-4,0,0,90,15,1,88696,AdultFemaleAgent(Clone),11,10,1.58,1.450001,0,0,False,3,0,0
2026-03-07_01.03.49,153,sign-optimization-horizontal-vertical_scenario,618,226,3,-4,0,0,90,15,1,88697,AdultFemaleAgent(Clone),11,10,1.58,1.450001,0,0,False,3,0,0
2026-03-07_01.03.49,153,sign-optimization-horizontal-vertical_scenario,618,226,3,-4,0,0,90,15,1,88698,AdultFemaleAgent(Clone),6,12,1.58,1.45,5.404297,1,True,2,1,0.5
2026-03-07_01.03.49,153,sign-optimization-horizontal-vertical_scenario,618,226,3,-4,0,0,90,15,1,88699,WheelchairAgent(Clone),10,12,1.3,1.17,7.135742,1,True,3,1,0.3333333
2026-03-07_01.03.49,153,sign-optimization-horizontal-vertical_scenario,618,226,3,-4,0,0,90,15,1,88700,AdultMaleAgent(Clone),6,12,1.71,1.58,4.108398,1,False,2,1,0.5
2026-03-07_01.03.49,153,sign-optimization-horizontal-vertical_scenario,618,226,3,-4,0,0,90,15,1,88701,WheelchairAgent(Clone),6,12,1.3,1.17,7.636719,1,True,2,1,0.5
2026-03-07_01.03.49,153,sign-optimization-horizontal-vertical_scenario,618,226,3,-4,0,0,90,15,1,88702,AdultMaleAgent(Clone),10,12,1.71,1.58,6.613281,1,True,3,1,0.3333333
2026-03-07_01.03.49,153,sign-optimization-horizontal-vertical_scenario,618,226,3,-4,0,0,90,15,1,88703,AdultFemaleAgent(Clone),7,11,1.58,1.450001,0,0,False,2,1,0.5
2026-03-07_01.03.49,153,sign-optimization-horizontal-vertical_scenario,618,226,3,-4,0,0,90,15,1,88704,WheelchairAgent(Clone),6,12,1.3,1.17,6.495117,1,True,2,1,0.5
2026-03-07_01.03.49,153,sign-optimization-horizontal-vertical_scenario,618,226,3,-4,0,0,90,15,1,88705,AdultMaleAgent(Clone),11,10,1.71,1.58,0,0,False,3,0,0
2026-03-07_01.03.49,153,sign-optimization-horizontal-vertical_scenario,618,226,3,-4,0,0,90,15,1,88706,AdultMaleAgent(Clone),7,11,1.71,1.58,0,0,False,2,1,0.5
2026-03-07_01.03.49,153,sign-optimization-horizontal-vertical_scenario,618,226,3,-4,0,0,90,15,1,88707,AdultFemaleAgent(Clone),10,12,1.58,1.45,7.611328,1,True,3,1,0.3333333
2026-03-07_01.03.49,153,sign-optimization-horizontal-vertical_scenario,618,226,3,-4,0,0,90,15,1,88708,AdultMaleAgent(Clone),5,10,1.71,1.58,6.368164,1,True,2,1,0.5
2026-03-07_01.03.49,153,sign-optimization-horizontal-vertical_scenario,618,226,3,-4,0,0,90,15,1,88709,WheelchairAgent(Clone),6,12,1.3,1.17,6.1875,1,True,2,1,0.5
2026-03-07_01.03.49,153,sign-optimization-horizontal-vertical_scenario,618,226,3,-4,0,0,90,15,1,88710,AdultFemaleAgent(Clone),11,10,1.58,1.450001,0,0,False,3,0,0
2026-03-07_01.03.49,153,sign-optimization-horizontal-vertical_scenario,618,226,3,-4,0,0,90,15,1,88711,WheelchairAgent(Clone),10,12,1.3,1.17,0,0,True,3,1,0.3333333
2026-03-07_01.03.49,153,sign-optimization-horizontal-vertical_scenario,618,226,3,-4,0,0,90,15,1,88712,AdultMaleAgent(Clone),6,12,1.71,1.58,6.220703,1,True,2,1,0.5
2026-03-07_01.03.49,153,sign-optimization-horizontal-vertical_scenario,618,226,3,-4,0,0,90,15,1,88713,WheelchairAgent(Clone),7,11,1.3,1.17,0,0,False,2,1,0.5
2026-03-07_01.03.49,153,sign-optimization-horizontal-vertical_scenario,618,226,3,-4,0,0,90,15,1,88714,WheelchairAgent(Clone),5,10,1.3,1.17,4.561523,1,True,2,1,0.5
2026-03-07_01.03.49,153,sign-optimization-horizontal-vertical_scenario,618,226,3,-4,0,0,90,15,1,88715,AdultFemaleAgent(Clone),6,12,1.58,1.45,7.382813,1,True,2,1,0.5
2026-03-07_01.03.49,153,sign-optimization-horizontal-vertical_scenario,618,226,3,-4,0,0,90,15,1,88716,AdultFemaleAgent(Clone),11,10,1.58,1.450001,0,0,False,3,0,0
2026-03-07_01.03.49,153,sign-optimization-horizontal-vertical_scenario,618,226,3,-4,0,0,90,15,1,88717,AdultFemaleAgent(Clone),7,11,1.58,1.450001,0,0,False,2,0,0
2026-03-07_01.03.49,153,sign-optimization-horizontal-vertical_scenario,618,226,3,-4,0,0,90,15,1,88718,AdultFemaleAgent(Clone),6,12,1.58,1.45,6.386719,1,True,2,1,0.5
2026-03-07_01.03.49,153,sign-optimization-horizontal-vertical_scenario,618,226,3,-4,0,0,90,15,1,88719,AdultFemaleAgent(Clone),7,11,1.58,1.450001,0,0,False,2,1,0.5
2026-03-07_01.03.49,153,sign-optimization-horizontal-vertical_scenario,618,226,3,-4,0,0,90,15,1,88720,AdultFemaleAgent(Clone),7,11,1.58,1.450001,0,0,False,2,1,0.5
2026-03-07_01.03.49,153,sign-optimization-horizontal-vertical_scenario,618,226,3,-4,0,0,90,15,1,88721,AdultMaleAgent(Clone),5,10,1.71,1.58,3.722656,1,False,2,1,0.5
2026-03-07_01.03.49,153,sign-optimization-horizontal-vertical_scenario,618,226,3,-4,0,0,90,15,1,88722,AdultMaleAgent(Clone),6,12,1.71,1.58,0,0,True,2,1,0.5
2026-03-07_01.03.49,153,sign-optimization-horizontal-vertical_scenario,618,226,3,-4,0,0,90,15,1,88723,WheelchairAgent(Clone),5,10,1.3,1.17,2.732422,1,False,2,1,0.5
2026-03-07_01.03.49,153,sign-optimization-horizontal-vertical_scenario,618,226,3,-4,0,0,90,15,1,88724,AdultMaleAgent(Clone),6,12,1.71,1.58,6.040039,1,True,2,1,0.5
2026-03-07_01.03.49,153,sign-optimization-horizontal-vertical_scenario,618,226,3,-4,0,0,90,15,1,88725,AdultMaleAgent(Clone),11,10,1.71,1.58,0,0,False,3,0,0
2026-03-07_01.03.49,153,sign-optimization-horizontal-vertical_scenario,618,226,3,-4,0,0,90,15,1,88726,AdultMaleAgent(Clone),10,12,1.71,1.58,0,0,True,3,1,0.3333333
2026-03-07_01.03.49,153,sign-optimization-horizontal-vertical_scenario,618,226,3,-4,0,0,90,15,1,88727,AdultMaleAgent(Clone),5,10,1.71,1.58,5.913086,1,True,2,1,0.5
2026-03-07_01.03.49,153,sign-optimization-horizontal-vertical_scenario,618,226,3,-4,0,0,90,15,1,88728,AdultFemaleAgent(Clone),11,10,1.58,1.450001,0,0,False,3,0,0
2026-03-07_01.03.49,153,sign-optimization-horizontal-vertical_scenario,618,226,3,-4,0,0,90,15,1,88729,AdultFemaleAgent(Clone),6,12,1.58,1.45,0,0,True,2,1,0.5
2026-03-07_01.03.49,153,sign-optimization-horizontal-vertical_scenario,618,226,3,-4,0,0,90,15,1,88730,AdultFemaleAgent(Clone),7,11,1.58,1.450001,0,0,False,2,0,0
2026-03-07_01.03.49,153,sign-optimization-horizontal-vertical_scenario,618,226,3,-4,0,0,90,15,1,88731,WheelchairAgent(Clone),6,12,1.3,1.17,6.080078,1,False,2,0,0
2026-03-07_01.03.49,153,sign-optimization-horizontal-vertical_scenario,618,226,3,-4,0,0,90,15,1,88732,WheelchairAgent(Clone),5,10,1.3,1.17,3.402344,1,False,2,1,0.5
2026-03-07_01.03.49,153,sign-optimization-horizontal-vertical_scenario,618,226,3,-4,0,0,90,15,1,88733,WheelchairAgent(Clone),5,10,1.3,1.17,3.68457,1,False,2,1,0.5
2026-03-07_01.03.49,153,sign-optimization-horizontal-vertical_scenario,618,226,3,-4,0,0,90,15,1,88734,AdultFemaleAgent(Clone),10,12,1.58,1.45,0,0,True,3,1,0.3333333
2026-03-07_01.03.49,153,sign-optimization-horizontal-vertical_scenario,618,226,3,-4,0,0,90,15,1,88735,AdultMaleAgent(Clone),5,10,1.71,1.58,4.003906,1,False,2,1,0.5
2026-03-07_01.03.49,153,sign-optimization-horizontal-vertical_scenario,618,226,3,-4,0,0,90,15,1,88736,WheelchairAgent(Clone),10,12,1.3,1.17,0,0,False,3,1,0.3333333
2026-03-07_01.03.49,153,sign-optimization-horizontal-vertical_scenario,618,226,3,-4,0,0,90,15,1,88737,AdultFemaleAgent(Clone),10,12,1.58,1.45,0,0,True,3,1,0.3333333
2026-03-07_01.03.49,153,sign-optimization-horizontal-vertical_scenario,618,226,3,-4,0,0,90,15,1,88738,WheelchairAgent(Clone),10,12,1.3,1.17,0,0,True,3,1,0.3333333
2026-03-07_01.03.49,153,sign-optimization-horizontal-vertical_scenario,618,226,3,-4,0,0,90,15,1,88739,AdultFemaleAgent(Clone),10,12,1.58,1.45,0,0,True,3,1,0.3333333
2026-03-07_01.03.49,153,sign-optimization-horizontal-vertical_scenario,618,226,3,-4,0,0,90,15,1,88740,WheelchairAgent(Clone),6,12,1.3,1.17,0,0,False,2,1,0.5
2026-03-07_01.03.49,153,sign-optimization-horizontal-vertical_scenario,618,226,3,-4,0,0,90,15,1,88741,AdultMaleAgent(Clone),10,12,1.71,1.58,0,0,True,3,1,0.3333333
2026-03-07_01.03.49,153,sign-optimization-horizontal-vertical_scenario,618,226,3,-4,0,0,90,15,1,88742,AdultMaleAgent(Clone),5,10,1.71,1.58,2,1,False,2,1,0.5
2026-03-07_01.03.49,153,sign-optimization-horizontal-vertical_scenario,618,226,3,-4,0,0,90,15,1,88743,AdultFemaleAgent(Clone),10,12,1.58,1.45,0,0,True,3,1,0.3333333
2026-03-07_01.03.49,153,sign-optimization-horizontal-vertical_scenario,618,226,3,-4,0,0,90,15,1,88744,WheelchairAgent(Clone),5,10,1.3,1.17,0,0,True,2,1,0.5
2026-03-07_01.03.49,153,sign-optimization-horizontal-vertical_scenario,618,226,3,-4,0,0,90,15,1,88745,AdultFemaleAgent(Clone),6,12,1.58,1.45,0,0,True,2,1,0.5
2026-03-07_01.03.49,153,sign-optimization-horizontal-vertical_scenario,618,226,3,-4,0,0,90,15,1,88746,AdultMaleAgent(Clone),11,10,1.71,1.58,0,0,False,3,0,0
2026-03-07_01.03.49,153,sign-optimization-horizontal-vertical_scenario,618,226,3,-4,0,0,90,15,1,88747,AdultMaleAgent(Clone),5,10,1.71,1.58,4.586914,1,False,2,1,0.5
2026-03-07_01.03.49,153,sign-optimization-horizontal-vertical_scenario,618,226,3,-4,0,0,90,15,1,88748,AdultMaleAgent(Clone),5,10,1.71,1.58,1.860352,1,False,2,1,0.5
2026-03-07_01.03.49,153,sign-optimization-horizontal-vertical_scenario,618,226,3,-4,0,0,90,15,1,88749,AdultFemaleAgent(Clone),10,12,1.58,1.45,0,0,True,3,1,0.3333333
2026-03-07_01.03.49,153,sign-optimization-horizontal-vertical_scenario,618,226,3,-4,0,0,90,15,1,88750,AdultFemaleAgent(Clone),6,12,1.58,1.45,0,0,True,2,1,0.5
2026-03-07_01.03.49,153,sign-optimization-horizontal-vertical_scenario,618,226,3,-4,0,0,90,15,1,88751,WheelchairAgent(Clone),5,10,1.3,1.17,0,0,True,2,1,0.5
2026-03-07_01.03.49,153,sign-optimization-horizontal-vertical_scenario,618,226,3,-4,0,0,90,15,1,88752,AdultMaleAgent(Clone),7,11,1.71,1.58,0,0,False,2,0,0
2026-03-07_01.03.49,153,sign-optimization-horizontal-vertical_scenario,618,226,3,-4,0,0,90,15,1,88753,WheelchairAgent(Clone),10,12,1.3,1.17,0,0,True,3,1,0.3333333
2026-03-07_01.03.49,153,sign-optimization-horizontal-vertical_scenario,618,226,3,-4,0,0,90,15,1,88754,WheelchairAgent(Clone),11,10,1.3,1.17,0,0,False,3,0,0
2026-03-07_01.03.49,153,sign-optimization-horizontal-vertical_scenario,618,226,3,-4,0,0,90,15,1,88755,AdultMaleAgent(Clone),11,10,1.71,1.58,0,0,False,3,0,0
2026-03-07_01.03.49,153,sign-optimization-horizontal-vertical_scenario,618,226,3,-4,0,0,90,15,1,88756,AdultFemaleAgent(Clone),7,11,1.58,1.450001,0,0,False,2,0,0
2026-03-07_01.03.49,153,sign-optimization-horizontal-vertical_scenario,618,226,3,-4,0,0,90,15,1,88757,WheelchairAgent(Clone),6,12,1.3,1.17,0,0,False,2,1,0.5
2026-03-07_01.03.49,153,sign-optimization-horizontal-vertical_scenario,618,226,3,-4,0,0,90,15,1,88758,WheelchairAgent(Clone),6,12,1.3,1.17,0,0,False,2,1,0.5
2026-03-07_01.03.49,153,sign-optimization-horizontal-vertical_scenario,618,226,3,-4,0,0,90,15,1,88759,WheelchairAgent(Clone),7,11,1.3,1.17,0,0,False,2,1,0.5
2026-03-07_01.03.49,153,sign-optimization-horizontal-vertical_scenario,618,226,3,-4,0,0,90,15,1,88760,AdultFemaleAgent(Clone),5,10,1.58,1.45,2.099609,1,False,2,1,0.5
2026-03-07_01.03.49,153,sign-optimization-horizontal-vertical_scenario,618,226,3,-4,0,0,90,15,1,88761,AdultFemaleAgent(Clone),11,10,1.58,1.450001,0,0,False,3,0,0
2026-03-07_01.03.49,153,sign-optimization-horizontal-vertical_scenario,618,226,3,-4,0,0,90,15,1,88762,WheelchairAgent(Clone),5,10,1.3,1.17,0,0,False,2,1,0.5
2026-03-07_01.03.49,153,sign-optimization-horizontal-vertical_scenario,618,226,3,-4,0,0,90,15,1,88763,WheelchairAgent(Clone),6,12,1.3,1.17,0,0,False,2,1,0.5
2026-03-07_01.03.49,153,sign-optimization-horizontal-vertical_scenario,618,226,3,-4,0,0,90,15,1,88764,AdultMaleAgent(Clone),7,11,1.71,1.58,0,0,False,2,0,0
2026-03-07_01.03.49,153,sign-optimization-horizontal-vertical_scenario,618,226,3,-4,0,0,90,15,1,88765,AdultMaleAgent(Clone),10,12,1.71,1.58,0,0,True,3,1,0.3333333
2026-03-07_01.03.49,153,sign-optimization-horizontal-vertical_scenario,618,226,3,-4,0,0,90,15,1,88766,WheelchairAgent(Clone),6,12,1.3,1.17,0,0,False,2,1,0.5
2026-03-07_01.03.49,153,sign-optimization-horizontal-vertical_scenario,618,226,3,-4,0,0,90,15,1,88767,AdultFemaleAgent(Clone),5,10,1.58,1.45,0,0,False,2,0,0
2026-03-07_01.03.49,153,sign-optimization-horizontal-vertical_scenario,618,226,3,-4,0,0,90,15,1,88768,AdultMaleAgent(Clone),10,12,1.71,1.58,0,0,False,3,1,0.3333333
2026-03-07_01.03.49,153,sign-optimization-horizontal-vertical_scenario,618,226,3,-4,0,0,90,15,1,88769,WheelchairAgent(Clone),5,10,1.3,1.17,0,0,False,2,0,0
2026-03-07_01.03.49,153,sign-optimization-horizontal-vertical_scenario,618,226,3,-4,0,0,90,15,1,88770,WheelchairAgent(Clone),5,10,1.3,1.17,0,0,True,2,1,0.5
2026-03-07_01.03.49,153,sign-optimization-horizontal-vertical_scenario,618,226,3,-4,0,0,90,15,1,88771,AdultMaleAgent(Clone),10,12,1.71,1.58,0,0,True,3,1,0.3333333
2026-03-07_01.03.49,153,sign-optimization-horizontal-vertical_scenario,618,226,3,-4,0,0,90,15,1,88772,AdultMaleAgent(Clone),11,10,1.71,1.58,0,0,False,3,0,0
2026-03-07_01.03.49,153,sign-optimization-horizontal-vertical_scenario,618,226,3,-4,0,0,90,15,1,88773,WheelchairAgent(Clone),6,12,1.3,1.17,0,0,False,2,1,0.5
2026-03-07_01.03.49,153,sign-optimization-horizontal-vertical_scenario,618,226,3,-4,0,0,90,15,1,88774,WheelchairAgent(Clone),10,12,1.3,1.17,0,0,False,3,1,0.3333333
2026-03-07_01.03.49,153,sign-optimization-horizontal-vertical_scenario,618,226,3,-4,0,0,90,15,1,88775,AdultFemaleAgent(Clone),11,10,1.58,1.450001,0,0,False,3,0,0
2026-03-07_01.03.49,153,sign-optimization-horizontal-vertical_scenario,618,226,3,-4,0,0,90,15,1,88776,AdultFemaleAgent(Clone),6,12,1.58,1.45,0,0,False,2,1,0.5
2026-03-07_01.03.49,153,sign-optimization-horizontal-vertical_scenario,618,226,3,-4,0,0,90,15,1,88777,AdultFemaleAgent(Clone),6,12,1.58,1.45,0,0,False,2,1,0.5
2026-03-07_01.03.49,153,sign-optimization-horizontal-vertical_scenario,618,226,3,-4,0,0,90,15,1,88778,AdultFemaleAgent(Clone),10,12,1.58,1.45,0,0,True,3,1,0.3333333
2026-03-07_01.03.49,153,sign-optimization-horizontal-vertical_scenario,618,226,3,-4,0,0,90,15,1,88779,WheelchairAgent(Clone),7,11,1.3,1.17,0,0,False,2,0,0
2026-03-07_01.03.49,153,sign-optimization-horizontal-vertical_scenario,618,226,3,-4,0,0,90,15,1,88780,AdultFemaleAgent(Clone),11,10,1.58,1.450001,0,0,False,3,0,0
2026-03-07_01.03.49,153,sign-optimization-horizontal-vertical_scenario,618,226,3,-4,0,0,90,15,1,88781,AdultFemaleAgent(Clone),7,11,1.58,1.450001,0,0,False,2,0,0
2026-03-07_01.03.49,153,sign-optimization-horizontal-vertical_scenario,618,226,3,-4,0,0,90,15,1,88782,AdultMaleAgent(Clone),11,10,1.71,1.58,0,0,False,3,0,0
2026-03-07_01.03.49,153,sign-optimization-horizontal-vertical_scenario,618,226,3,-4,0,0,90,15,1,88783,WheelchairAgent(Clone),11,10,1.3,1.17,0,0,False,3,0,0
2026-03-07_01.03.49,153,sign-optimization-horizontal-vertical_scenario,618,226,3,-4,0,0,90,15,1,88784,AdultFemaleAgent(Clone),5,10,1.58,1.45,0,0,False,2,0,0
2026-03-07_01.03.49,153,sign-optimization-horizontal-vertical_scenario,618,226,3,-4,0,0,90,15,1,88785,AdultMaleAgent(Clone),10,12,1.71,1.58,0,0,False,3,0,0
2026-03-07_01.03.49,153,sign-optimization-horizontal-vertical_scenario,618,226,3,-4,0,0,90,15,1,88786,AdultMaleAgent(Clone),11,10,1.71,1.58,0,0,False,3,0,0
2026-03-07_01.03.49,153,sign-optimization-horizontal-vertical_scenario,618,226,3,-4,0,0,90,15,1,88787,AdultMaleAgent(Clone),6,12,1.71,1.58,0,0,False,2,1,0.5
2026-03-07_01.03.49,153,sign-optimization-horizontal-vertical_scenario,618,226,3,-4,0,0,90,15,1,88788,AdultMaleAgent(Clone),7,11,1.71,1.58,0,0,False,2,0,0
2026-03-07_01.03.49,153,sign-optimization-horizontal-vertical_scenario,618,226,3,-4,0,0,90,15,1,88789,AdultMaleAgent(Clone),6,12,1.71,1.58,0,0,False,2,0,0
2026-03-07_01.03.49,153,sign-optimization-horizontal-vertical_scenario,618,226,3,-4,0,0,90,15,1,88790,AdultFemaleAgent(Clone),11,10,1.58,1.450001,0,0,False,3,0,0
2026-03-07_01.03.49,153,sign-optimization-horizontal-vertical_scenario,618,226,3,-4,0,0,90,15,1,88791,AdultMaleAgent(Clone),5,10,1.71,1.58,0,0,False,2,0,0
2026-03-07_01.03.49,153,sign-optimization-horizontal-vertical_scenario,618,226,3,-4,0,0,90,15,1,88792,AdultMaleAgent(Clone),6,12,1.71,1.58,0,0,False,2,0,0
2026-03-07_01.03.49,153,sign-optimization-horizontal-vertical_scenario,618,226,3,-4,0,0,90,15,1,88793,WheelchairAgent(Clone),7,11,1.3,1.17,0,0,False,2,0,0
2026-03-07_01.03.49,153,sign-optimization-horizontal-vertical_scenario,618,226,3,-4,0,0,90,15,1,88794,AdultMaleAgent(Clone),7,11,1.71,1.58,0,0,False,2,0,0
2026-03-07_01.03.49,153,sign-optimization-horizontal-vertical_scenario,618,226,3,-4,0,0,90,15,1,88795,WheelchairAgent(Clone),7,11,1.3,1.17,0,0,False,2,0,0
2026-03-07_01.03.49,153,sign-optimization-horizontal-vertical_scenario,618,226,3,-4,0,0,90,15,1,88796,AdultFemaleAgent(Clone),5,10,1.58,1.45,0,0,False,2,0,0
2026-03-07_01.03.49,153,sign-optimization-horizontal-vertical_scenario,618,226,3,-4,0,0,90,15,1,88797,AdultMaleAgent(Clone),11,10,1.71,1.58,0,0,False,3,0,0
2026-03-07_01.03.49,153,sign-optimization-horizontal-vertical_scenario,618,226,3,-4,0,0,90,15,1,88798,WheelchairAgent(Clone),11,10,1.3,1.17,0,0,False,3,0,0
2026-03-07_01.03.49,153,sign-optimization-horizontal-vertical_scenario,618,226,3,-4,0,0,90,15,1,88799,WheelchairAgent(Clone),7,11,1.3,1.17,0,0,False,2,0,0
2026-03-07_01.03.49,153,sign-optimization-horizontal-vertical_scenario,618,226,3,-4,0,0,90,15,1,88800,WheelchairAgent(Clone),11,10,1.3,1.17,0,0,False,3,0,0
2026-03-07_01.03.49,153,sign-optimization-horizontal-vertical_scenario,618,226,3,-4,0,0,90,15,1,88801,AdultFemaleAgent(Clone),10,12,1.58,1.45,0,0,False,3,0,0
2026-03-07_01.03.49,153,sign-optimization-horizontal-vertical_scenario,618,226,3,-4,0,0,90,15,1,88802,AdultFemaleAgent(Clone),6,12,1.58,1.45,0,0,False,2,0,0
2026-03-07_01.03.49,153,sign-optimization-horizontal-vertical_scenario,618,226,3,-4,0,0,90,15,1,88803,AdultMaleAgent(Clone),5,10,1.71,1.58,0,0,False,2,0,0
2026-03-07_01.03.49,153,sign-optimization-horizontal-vertical_scenario,618,226,3,-4,0,0,90,15,1,88804,AdultMaleAgent(Clone),6,12,1.71,1.58,0,0,False,2,0,0
2026-03-07_01.03.49,153,sign-optimization-horizontal-vertical_scenario,618,226,3,-4,0,0,90,15,1,88805,AdultMaleAgent(Clone),10,12,1.71,1.58,0,0,False,3,0,0
2026-03-07_01.03.49,153,sign-optimization-horizontal-vertical_scenario,618,226,3,-4,0,0,90,15,1,88806,AdultMaleAgent(Clone),7,11,1.71,1.58,0,0,False,2,0,0
2026-03-07_01.03.49,153,sign-optimization-horizontal-vertical_scenario,618,226,3,-4,0,0,90,15,1,88807,WheelchairAgent(Clone),7,11,1.3,1.17,0,0,False,2,0,0
2026-03-07_01.03.49,153,sign-optimization-horizontal-vertical_scenario,618,226,3,-4,0,0,90,15,1,88808,AdultMaleAgent(Clone),10,12,1.71,1.58,0,0,False,3,0,0
2026-03-07_01.03.49,153,sign-optimization-horizontal-vertical_scenario,618,226,3,-4,0,0,90,15,1,88809,AdultMaleAgent(Clone),7,11,1.71,1.58,0,0,False,2,0,0
2026-03-07_01.03.49,153,sign-optimization-horizontal-vertical_scenario,618,226,3,-4,0,0,90,15,1,88810,WheelchairAgent(Clone),7,11,1.3,1.17,0,0,False,2,0,0
2026-03-07_01.03.49,153,sign-optimization-horizontal-vertical_scenario,618,226,3,-4,0,0,90,15,1,88811,WheelchairAgent(Clone),7,11,1.3,1.17,0,0,False,2,0,0
2026-03-07_01.03.49,153,sign-optimization-horizontal-vertical_scenario,618,226,3,-4,0,0,90,15,1,88812,WheelchairAgent(Clone),5,10,1.3,1.17,0,0,False,2,0,0
2026-03-07_01.03.49,153,sign-optimization-horizontal-vertical_scenario,618,226,3,-4,0,0,90,15,1,88813,AdultMaleAgent(Clone),7,11,1.71,1.58,0,0,False,2,0,0
2026-03-07_01.03.49,153,sign-optimization-horizontal-vertical_scenario,618,226,3,-4,0,0,90,15,1,88814,AdultMaleAgent(Clone),6,12,1.71,1.58,0,0,False,2,0,0
2026-03-07_01.03.49,153,sign-optimization-horizontal-vertical_scenario,618,226,3,-4,0,0,90,15,1,88815,AdultFemaleAgent(Clone),11,10,1.58,1.450001,0,0,False,3,0,0
2026-03-07_01.03.49,153,sign-optimization-horizontal-vertical_scenario,618,226,3,-4,0,0,90,15,1,88816,AdultFemaleAgent(Clone),6,12,1.58,1.45,0,0,False,2,0,0
2026-03-07_01.03.49,153,sign-optimization-horizontal-vertical_scenario,618,226,3,-4,0,0,90,15,1,88817,AdultMaleAgent(Clone),6,12,1.71,1.58,0,0,False,2,0,0
2026-03-07_01.03.49,153,sign-optimization-horizontal-vertical_scenario,618,226,3,-4,0,0,90,15,1,88818,AdultMaleAgent(Clone),5,10,1.71,1.58,0,0,False,2,0,0
2026-03-07_01.03.49,153,sign-optimization-horizontal-vertical_scenario,618,226,3,-4,0,0,90,15,1,88819,AdultFemaleAgent(Clone),7,11,1.58,1.450001,0,0,False,2,0,0
2026-03-07_01.03.49,153,sign-optimization-horizontal-vertical_scenario,618,226,3,-4,0,0,90,15,1,88820,AdultMaleAgent(Clone),7,11,1.71,1.58,0,0,False,2,0,0
2026-03-07_01.03.49,153,sign-optimization-horizontal-vertical_scenario,618,226,3,-4,0,0,90,15,1,88821,WheelchairAgent(Clone),10,12,1.3,1.17,0,0,False,3,0,0
2026-03-07_01.03.49,153,sign-optimization-horizontal-vertical_scenario,618,226,3,-4,0,0,90,15,1,88822,AdultFemaleAgent(Clone),5,10,1.58,1.45,0,0,False,2,0,0
2026-03-07_01.03.49,153,sign-optimization-horizontal-vertical_scenario,618,226,3,-4,0,0,90,15,1,88823,AdultFemaleAgent(Clone),11,10,1.58,1.450001,0,0,False,3,0,0
2026-03-07_01.03.49,153,sign-optimization-horizontal-vertical_scenario,618,226,3,-4,0,0,90,15,1,88824,AdultMaleAgent(Clone),5,10,1.71,1.58,0,0,False,2,0,0
2026-03-07_01.03.49,153,sign-optimization-horizontal-vertical_scenario,618,226,3,-4,0,0,90,15,1,88825,WheelchairAgent(Clone),6,12,1.3,1.17,0,0,False,2,0,0
2026-03-07_01.03.49,153,sign-optimization-horizontal-vertical_scenario,618,226,3,-4,0,0,90,15,1,88826,AdultMaleAgent(Clone),11,10,1.71,1.58,0,0,False,3,0,0
2026-03-07_01.03.49,153,sign-optimization-horizontal-vertical_scenario,618,226,3,-4,0,0,90,15,1,88827,AdultMaleAgent(Clone),6,12,1.71,1.58,0,0,False,2,0,0
2026-03-07_01.03.49,153,sign-optimization-horizontal-vertical_scenario,618,226,3,-4,0,0,90,15,1,88828,AdultMaleAgent(Clone),5,10,1.71,1.58,0,0,False,2,0,0
2026-03-07_01.03.49,153,sign-optimization-horizontal-vertical_scenario,618,226,3,-4,0,0,90,15,1,88829,AdultFemaleAgent(Clone),7,11,1.58,1.450001,0,0,False,2,0,0
2026-03-07_01.03.49,153,sign-optimization-horizontal-vertical_scenario,618,226,3,-4,0,0,90,15,1,88830,AdultMaleAgent(Clone),11,10,1.71,1.58,0,0,False,3,0,0
2026-03-07_01.03.49,153,sign-optimization-horizontal-vertical_scenario,618,226,3,-4,0,0,90,15,1,88831,WheelchairAgent(Clone),7,11,1.3,1.17,0,0,False,2,0,0
2026-03-07_01.03.49,153,sign-optimization-horizontal-vertical_scenario,618,226,3,-4,0,0,90,15,1,88832,AdultMaleAgent(Clone),6,12,1.71,1.58,0,0,False,2,0,0
2026-03-07_01.03.49,153,sign-optimization-horizontal-vertical_scenario,618,226,3,-4,0,0,90,15,1,88833,AdultFemaleAgent(Clone),11,10,1.58,1.450001,0,0,False,3,0,0
2026-03-07_01.03.49,153,sign-optimization-horizontal-vertical_scenario,618,226,3,-4,0,0,90,15,1,88834,AdultMaleAgent(Clone),5,10,1.71,1.58,0,0,False,2,0,0
2026-03-07_01.03.49,153,sign-optimization-horizontal-vertical_scenario,618,226,3,-4,0,0,90,15,1,88835,WheelchairAgent(Clone),6,12,1.3,1.17,0,0,False,2,0,0
2026-03-07_01.03.49,153,sign-optimization-horizontal-vertical_scenario,618,226,3,-4,0,0,90,15,1,88836,WheelchairAgent(Clone),6,12,1.3,1.17,0,0,False,2,0,0
2026-03-07_01.03.49,153,sign-optimization-horizontal-vertical_scenario,618,226,3,-4,0,0,90,15,1,88837,WheelchairAgent(Clone),6,12,1.3,1.17,0,0,False,2,0,0
2026-03-07_01.03.49,153,sign-optimization-horizontal-vertical_scenario,618,226,3,-4,0,0,90,15,1,88838,AdultFemaleAgent(Clone),5,10,1.58,1.45,0,0,False,2,0,0
2026-03-07_01.03.49,153,sign-optimization-horizontal-vertical_scenario,618,226,3,-4,0,0,90,15,1,88839,WheelchairAgent(Clone),10,12,1.3,1.17,0,0,False,3,0,0
2026-03-07_01.03.49,153,sign-optimization-horizontal-vertical_scenario,618,226,3,-4,0,0,90,15,1,88840,AdultFemaleAgent(Clone),10,12,1.58,1.45,0,0,False,3,0,0
2026-03-07_01.03.49,153,sign-optimization-horizontal-vertical_scenario,618,226,3,-4,0,0,90,15,1,88841,AdultMaleAgent(Clone),5,10,1.71,1.58,0,0,False,2,0,0
2026-03-07_01.03.49,153,sign-optimization-horizontal-vertical_scenario,618,226,3,-4,0,0,90,15,1,88842,AdultMaleAgent(Clone),10,12,1.71,1.58,0,0,False,3,0,0
2026-03-07_01.03.49,153,sign-optimization-horizontal-vertical_scenario,618,226,3,-4,0,0,90,15,1,88843,AdultMaleAgent(Clone),10,12,1.71,1.58,0,0,False,3,0,0
2026-03-07_01.03.49,153,sign-optimization-horizontal-vertical_scenario,618,226,3,-4,0,0,90,15,1,88844,WheelchairAgent(Clone),11,10,1.3,1.17,0,0,False,3,0,0
2026-03-07_01.03.49,153,sign-optimization-horizontal-vertical_scenario,618,226,3,-4,0,0,90,15,1,88845,AdultMaleAgent(Clone),6,12,1.71,1.58,0,0,False,2,0,0
2026-03-07_01.03.49,153,sign-optimization-horizontal-vertical_scenario,618,226,3,-4,0,0,90,15,1,88846,AdultFemaleAgent(Clone),7,11,1.58,1.450001,0,0,False,2,0,0
2026-03-07_01.03.49,153,sign-optimization-horizontal-vertical_scenario,618,226,3,-4,0,0,90,15,1,88847,AdultFemaleAgent(Clone),10,12,1.58,1.45,0,0,False,3,0,0
2026-03-07_01.03.49,153,sign-optimization-horizontal-vertical_scenario,618,226,3,-4,0,0,90,15,1,88848,AdultMaleAgent(Clone),10,12,1.71,1.58,0,0,False,3,0,0
2026-03-07_01.03.49,153,sign-optimization-horizontal-vertical_scenario,618,226,3,-4,0,0,90,15,1,88849,AdultFemaleAgent(Clone),7,11,1.58,1.450001,0,0,False,2,0,0
2026-03-07_01.03.49,153,sign-optimization-horizontal-vertical_scenario,618,226,3,-4,0,0,90,15,1,88850,AdultFemaleAgent(Clone),10,12,1.58,1.45,0,0,False,3,0,0
2026-03-07_01.03.49,153,sign-optimization-horizontal-vertical_scenario,618,226,3,-4,0,0,90,15,1,88851,AdultMaleAgent(Clone),5,10,1.71,1.58,0,0,False,2,0,0
2026-03-07_01.03.49,153,sign-optimization-horizontal-vertical_scenario,618,226,3,-4,0,0,90,15,1,88852,WheelchairAgent(Clone),6,12,1.3,1.17,0,0,False,2,0,0
2026-03-07_01.03.49,153,sign-optimization-horizontal-vertical_scenario,618,226,3,-4,0,0,90,15,1,88853,AdultMaleAgent(Clone),11,10,1.71,1.58,0,0,False,3,0,0
2026-03-07_01.03.49,153,sign-optimization-horizontal-vertical_scenario,618,226,3,-4,0,0,90,15,1,88854,WheelchairAgent(Clone),10,12,1.3,1.17,0,0,False,3,0,0
2026-03-07_01.03.49,153,sign-optimization-horizontal-vertical_scenario,618,226,3,-4,0,0,90,15,1,88855,WheelchairAgent(Clone),5,10,1.3,1.17,0,0,False,2,0,0
2026-03-07_01.03.49,153,sign-optimization-horizontal-vertical_scenario,618,226,3,-4,0,0,90,15,1,88856,WheelchairAgent(Clone),10,12,1.3,1.17,0,0,False,3,0,0
2026-03-07_01.03.49,153,sign-optimization-horizontal-vertical_scenario,618,226,3,-4,0,0,90,15,1,88857,AdultMaleAgent(Clone),5,10,1.71,1.58,0,0,False,2,0,0
2026-03-07_01.03.49,153,sign-optimization-horizontal-vertical_scenario,618,226,3,-4,0,0,90,15,1,88858,WheelchairAgent(Clone),5,10,1.3,1.17,0,0,False,2,0,0
2026-03-07_01.03.49,153,sign-optimization-horizontal-vertical_scenario,618,226,3,-4,0,0,90,15,1,88859,AdultFemaleAgent(Clone),10,12,1.58,1.45,0,0,False,3,0,0
2026-03-07_01.03.49,153,sign-optimization-horizontal-vertical_scenario,618,226,3,-4,0,0,90,15,1,88860,AdultFemaleAgent(Clone),11,10,1.58,1.450001,0,0,False,3,0,0
2026-03-07_01.03.49,153,sign-optimization-horizontal-vertical_scenario,618,226,3,-4,0,0,90,15,1,88861,AdultMaleAgent(Clone),10,12,1.71,1.58,0,0,False,3,0,0
2026-03-07_01.03.49,153,sign-optimization-horizontal-vertical_scenario,618,226,3,-4,0,0,90,15,1,88862,AdultMaleAgent(Clone),11,10,1.71,1.58,0,0,False,3,0,0
2026-03-07_01.03.49,153,sign-optimization-horizontal-vertical_scenario,618,226,3,-4,0,0,90,15,1,88863,AdultMaleAgent(Clone),11,10,1.71,1.58,0,0,False,3,0,0
2026-03-07_01.03.49,153,sign-optimization-horizontal-vertical_scenario,618,226,3,-4,0,0,90,15,1,88864,WheelchairAgent(Clone),5,10,1.3,1.17,0,0,False,2,0,0
2026-03-07_01.03.49,153,sign-optimization-horizontal-vertical_scenario,618,226,3,-4,0,0,90,15,1,88865,AdultFemaleAgent(Clone),6,12,1.58,1.45,0,0,False,2,0,0
2026-03-07_01.03.49,153,sign-optimization-horizontal-vertical_scenario,618,226,3,-4,0,0,90,15,1,88866,AdultFemaleAgent(Clone),5,10,1.58,1.45,0,0,False,2,0,0
2026-03-07_01.03.49,153,sign-optimization-horizontal-vertical_scenario,618,226,3,-4,0,0,90,15,1,88867,WheelchairAgent(Clone),7,11,1.3,1.17,0,0,False,2,0,0
2026-03-07_01.03.49,153,sign-optimization-horizontal-vertical_scenario,618,226,3,-4,0,0,90,15,1,88868,WheelchairAgent(Clone),6,12,1.3,1.17,0,0,False,2,0,0
2026-03-07_01.03.49,153,sign-optimization-horizontal-vertical_scenario,618,226,3,-4,0,0,90,15,1,88869,WheelchairAgent(Clone),7,11,1.3,1.17,0,0,False,2,0,0
2026-03-07_01.03.49,153,sign-optimization-horizontal-vertical_scenario,618,226,3,-4,0,0,90,15,1,88870,AdultFemaleAgent(Clone),6,12,1.58,1.45,0,0,False,2,0,0
2026-03-07_01.03.49,153,sign-optimization-horizontal-vertical_scenario,618,226,3,-4,0,0,90,15,1,88871,AdultMaleAgent(Clone),10,12,1.71,1.58,0,0,False,3,0,0
2026-03-07_01.03.49,153,sign-optimization-horizontal-vertical_scenario,618,226,3,-4,0,0,90,15,1,88872,AdultFemaleAgent(Clone),11,10,1.58,1.450001,0,0,False,3,0,0
2026-03-07_01.03.49,153,sign-optimization-horizontal-vertical_scenario,618,226,3,-4,0,0,90,15,1,88873,AdultMaleAgent(Clone),5,10,1.71,1.58,0,0,False,2,0,0
2026-03-07_01.03.49,153,sign-optimization-horizontal-vertical_scenario,618,226,3,-4,0,0,90,15,1,88874,AdultMaleAgent(Clone),5,10,1.71,1.58,0,0,False,2,0,0
