Timestamp,RunIndex,ScenarioID,TotalAgents,VisibleSignCount,SignHeight,SignPositionX,SignPositionZ,SignOrientation,VcaAngle,VcaDistance,SignComprehensionTime,AgentID,AgentType,StartNode,GoalNode,Height,EyeHeight,TimeInVCA,TimesInVCA,SawSign,TotalNodesNavigated,NodesWithDetection,RDEffective
2026-03-07_01.38.50,188,sign-optimization-horizontal-vertical_scenario,614,352,3,-5,2,0,90,15,1,108344,AdultMaleAgent(Clone),10,12,1.71,1.58,0.9208984,2,True,3,1,0.3333333
2026-03-07_01.38.50,188,sign-optimization-horizontal-vertical_scenario,614,352,3,-5,2,0,90,15,1,108345,AdultMaleAgent(Clone),5,10,1.71,1.58,6.347656,2,True,2,1,0.5
2026-03-07_01.38.50,188,sign-optimization-horizontal-vertical_scenario,614,352,3,-5,2,0,90,15,1,108346,WheelchairAgent(Clone),11,10,1.3,1.17,6.282227,1,False,3,0,0
2026-03-07_01.38.50,188,sign-optimization-horizontal-vertical_scenario,614,352,3,-5,2,0,90,15,1,108347,AdultMaleAgent(Clone),10,12,1.71,1.58,2.217773,2,True,3,1,0.3333333
2026-03-07_01.38.50,188,sign-optimization-horizontal-vertical_scenario,614,352,3,-5,2,0,90,15,1,108348,AdultMaleAgent(Clone),10,12,1.71,1.58,0.6816406,2,True,3,1,0.3333333
2026-03-07_01.38.50,188,sign-optimization-horizontal-vertical_scenario,614,352,3,-5,2,0,90,15,1,108349,WheelchairAgent(Clone),10,12,1.3,1.17,2.289063,2,True,3,1,0.3333333
2026-03-07_01.38.50,188,sign-optimization-horizontal-vertical_scenario,614,352,3,-5,2,0,90,15,1,108350,AdultFemaleAgent(Clone),11,10,1.58,1.450001,6.785156,1,False,3,0,0
2026-03-07_01.38.50,188,sign-optimization-horizontal-vertical_scenario,614,352,3,-5,2,0,90,15,1,108351,AdultFemaleAgent(Clone),5,10,1.58,1.45,7.058594,2,True,2,1,0.5
2026-03-07_01.38.50,188,sign-optimization-horizontal-vertical_scenario,614,352,3,-5,2,0,90,15,1,108352,AdultFemaleAgent(Clone),11,10,1.58,1.450001,7.759766,1,False,3,0,0
2026-03-07_01.38.50,188,sign-optimization-horizontal-vertical_scenario,614,352,3,-5,2,0,90,15,1,108353,AdultFemaleAgent(Clone),10,12,1.58,1.45,3.544922,2,True,3,1,0.3333333
2026-03-07_01.38.50,188,sign-optimization-horizontal-vertical_scenario,614,352,3,-5,2,0,90,15,1,108354,AdultFemaleAgent(Clone),5,10,1.58,1.45,5.169922,2,True,2,1,0.5
2026-03-07_01.38.50,188,sign-optimization-horizontal-vertical_scenario,614,352,3,-5,2,0,90,15,1,108355,WheelchairAgent(Clone),11,10,1.3,1.17,5.686523,1,False,3,0,0
2026-03-07_01.38.50,188,sign-optimization-horizontal-vertical_scenario,614,352,3,-5,2,0,90,15,1,108356,AdultFemaleAgent(Clone),7,11,1.58,1.450001,15.59473,1,True,2,1,0.5
2026-03-07_01.38.50,188,sign-optimization-horizontal-vertical_scenario,614,352,3,-5,2,0,90,15,1,108357,AdultFemaleAgent(Clone),5,10,1.58,1.45,6.164063,2,True,2,1,0.5
2026-03-07_01.38.50,188,sign-optimization-horizontal-vertical_scenario,614,352,3,-5,2,0,90,15,1,108358,WheelchairAgent(Clone),10,12,1.3,1.17,2.326172,2,True,3,1,0.3333333
2026-03-07_01.38.50,188,sign-optimization-horizontal-vertical_scenario,614,352,3,-5,2,0,90,15,1,108359,AdultMaleAgent(Clone),6,12,1.71,1.58,2.160156,2,True,2,1,0.5
2026-03-07_01.38.50,188,sign-optimization-horizontal-vertical_scenario,614,352,3,-5,2,0,90,15,1,108360,AdultMaleAgent(Clone),7,11,1.71,1.58,8.495117,1,True,2,1,0.5
2026-03-07_01.38.50,188,sign-optimization-horizontal-vertical_scenario,614,352,3,-5,2,0,90,15,1,108361,WheelchairAgent(Clone),5,10,1.3,1.17,7.166992,2,True,2,1,0.5
2026-03-07_01.38.50,188,sign-optimization-horizontal-vertical_scenario,614,352,3,-5,2,0,90,15,1,108362,AdultMaleAgent(Clone),11,10,1.71,1.58,7.806641,1,False,3,0,0
2026-03-07_01.38.50,188,sign-optimization-horizontal-vertical_scenario,614,352,3,-5,2,0,90,15,1,108363,AdultMaleAgent(Clone),5,10,1.71,1.58,5.703125,2,True,2,1,0.5
2026-03-07_01.38.50,188,sign-optimization-horizontal-vertical_scenario,614,352,3,-5,2,0,90,15,1,108364,AdultFemaleAgent(Clone),6,12,1.58,1.45,4.990234,2,True,2,1,0.5
2026-03-07_01.38.50,188,sign-optimization-horizontal-vertical_scenario,614,352,3,-5,2,0,90,15,1,108365,AdultFemaleAgent(Clone),7,11,1.58,1.450001,11.12012,1,True,2,1,0.5
2026-03-07_01.38.50,188,sign-optimization-horizontal-vertical_scenario,614,352,3,-5,2,0,90,15,1,108366,AdultFemaleAgent(Clone),6,12,1.58,1.45,5.37793,2,True,2,1,0.5
2026-03-07_01.38.50,188,sign-optimization-horizontal-vertical_scenario,614,352,3,-5,2,0,90,15,1,108367,AdultMaleAgent(Clone),7,11,1.71,1.58,11.44727,1,True,2,1,0.5
2026-03-07_01.38.50,188,sign-optimization-horizontal-vertical_scenario,614,352,3,-5,2,0,90,15,1,108368,AdultMaleAgent(Clone),5,10,1.71,1.58,7.961914,2,True,2,1,0.5
2026-03-07_01.38.50,188,sign-optimization-horizontal-vertical_scenario,614,352,3,-5,2,0,90,15,1,108369,WheelchairAgent(Clone),6,12,1.3,1.17,2.170898,2,False,2,1,0.5
2026-03-07_01.38.50,188,sign-optimization-horizontal-vertical_scenario,614,352,3,-5,2,0,90,15,1,108370,AdultFemaleAgent(Clone),7,11,1.58,1.450001,13.41992,1,True,2,1,0.5
2026-03-07_01.38.50,188,sign-optimization-horizontal-vertical_scenario,614,352,3,-5,2,0,90,15,1,108371,WheelchairAgent(Clone),10,12,1.3,1.17,2.754883,2,True,3,1,0.3333333
2026-03-07_01.38.50,188,sign-optimization-horizontal-vertical_scenario,614,352,3,-5,2,0,90,15,1,108372,AdultFemaleAgent(Clone),7,11,1.58,1.450001,16.66211,1,False,2,1,0.5
2026-03-07_01.38.50,188,sign-optimization-horizontal-vertical_scenario,614,352,3,-5,2,0,90,15,1,108373,AdultMaleAgent(Clone),10,12,1.71,1.58,2.014648,2,True,3,1,0.3333333
2026-03-07_01.38.50,188,sign-optimization-horizontal-vertical_scenario,614,352,3,-5,2,0,90,15,1,108374,WheelchairAgent(Clone),11,10,1.3,1.17,6.269531,1,False,3,0,0
2026-03-07_01.38.50,188,sign-optimization-horizontal-vertical_scenario,614,352,3,-5,2,0,90,15,1,108375,AdultFemaleAgent(Clone),6,12,1.58,1.45,3.94043,2,True,2,1,0.5
2026-03-07_01.38.50,188,sign-optimization-horizontal-vertical_scenario,614,352,3,-5,2,0,90,15,1,108376,AdultFemaleAgent(Clone),7,11,1.58,1.450001,12.59863,1,True,2,1,0.5
2026-03-07_01.38.50,188,sign-optimization-horizontal-vertical_scenario,614,352,3,-5,2,0,90,15,1,108377,WheelchairAgent(Clone),11,10,1.3,1.17,5,1,False,3,0,0
2026-03-07_01.38.50,188,sign-optimization-horizontal-vertical_scenario,614,352,3,-5,2,0,90,15,1,108378,AdultFemaleAgent(Clone),11,10,1.58,1.450001,6.12793,1,False,3,0,0
2026-03-07_01.38.50,188,sign-optimization-horizontal-vertical_scenario,614,352,3,-5,2,0,90,15,1,108379,AdultMaleAgent(Clone),5,10,1.71,1.58,6.452148,2,True,2,1,0.5
2026-03-07_01.38.50,188,sign-optimization-horizontal-vertical_scenario,614,352,3,-5,2,0,90,15,1,108380,AdultMaleAgent(Clone),6,12,1.71,1.58,3.816406,2,True,2,1,0.5
2026-03-07_01.38.50,188,sign-optimization-horizontal-vertical_scenario,614,352,3,-5,2,0,90,15,1,108381,WheelchairAgent(Clone),10,12,1.3,1.17,2.24707,2,True,3,1,0.3333333
2026-03-07_01.38.50,188,sign-optimization-horizontal-vertical_scenario,614,352,3,-5,2,0,90,15,1,108382,WheelchairAgent(Clone),10,12,1.3,1.17,1.525391,2,True,3,1,0.3333333
2026-03-07_01.38.50,188,sign-optimization-horizontal-vertical_scenario,614,352,3,-5,2,0,90,15,1,108383,WheelchairAgent(Clone),10,12,1.3,1.17,2.486328,2,True,3,1,0.3333333
2026-03-07_01.38.50,188,sign-optimization-horizontal-vertical_scenario,614,352,3,-5,2,0,90,15,1,108384,AdultMaleAgent(Clone),11,10,1.71,1.58,6.335938,1,False,3,0,0
2026-03-07_01.38.50,188,sign-optimization-horizontal-vertical_scenario,614,352,3,-5,2,0,90,15,1,108385,AdultFemaleAgent(Clone),5,10,1.58,1.45,6.573242,2,True,2,1,0.5
2026-03-07_01.38.50,188,sign-optimization-horizontal-vertical_scenario,614,352,3,-5,2,0,90,15,1,108386,AdultMaleAgent(Clone),10,12,1.71,1.58,1.700195,2,True,3,1,0.3333333
2026-03-07_01.38.50,188,sign-optimization-horizontal-vertical_scenario,614,352,3,-5,2,0,90,15,1,108387,AdultMaleAgent(Clone),6,12,1.71,1.58,2.21582,2,True,2,1,0.5
2026-03-07_01.38.50,188,sign-optimization-horizontal-vertical_scenario,614,352,3,-5,2,0,90,15,1,108388,WheelchairAgent(Clone),10,12,1.3,1.17,2.922852,2,True,3,1,0.3333333
2026-03-07_01.38.50,188,sign-optimization-horizontal-vertical_scenario,614,352,3,-5,2,0,90,15,1,108389,WheelchairAgent(Clone),5,10,1.3,1.17,5.556641,2,False,2,1,0.5
2026-03-07_01.38.50,188,sign-optimization-horizontal-vertical_scenario,614,352,3,-5,2,0,90,15,1,108390,AdultMaleAgent(Clone),10,12,1.71,1.58,0.4628906,2,True,3,1,0.3333333
2026-03-07_01.38.50,188,sign-optimization-horizontal-vertical_scenario,614,352,3,-5,2,0,90,15,1,108391,WheelchairAgent(Clone),11,10,1.3,1.17,4.539063,1,False,3,0,0
2026-03-07_01.38.50,188,sign-optimization-horizontal-vertical_scenario,614,352,3,-5,2,0,90,15,1,108392,AdultFemaleAgent(Clone),5,10,1.58,1.45,5.97168,2,True,2,1,0.5
2026-03-07_01.38.50,188,sign-optimization-horizontal-vertical_scenario,614,352,3,-5,2,0,90,15,1,108393,AdultFemaleAgent(Clone),5,10,1.58,1.45,5.445313,2,True,2,1,0.5
2026-03-07_01.38.50,188,sign-optimization-horizontal-vertical_scenario,614,352,3,-5,2,0,90,15,1,108394,AdultMaleAgent(Clone),5,10,1.71,1.58,5.803711,2,True,2,1,0.5
2026-03-07_01.38.50,188,sign-optimization-horizontal-vertical_scenario,614,352,3,-5,2,0,90,15,1,108395,WheelchairAgent(Clone),10,12,1.3,1.17,2.853516,2,True,3,1,0.3333333
2026-03-07_01.38.50,188,sign-optimization-horizontal-vertical_scenario,614,352,3,-5,2,0,90,15,1,108396,AdultMaleAgent(Clone),7,11,1.71,1.58,12.69824,1,True,2,1,0.5
2026-03-07_01.38.50,188,sign-optimization-horizontal-vertical_scenario,614,352,3,-5,2,0,90,15,1,108397,WheelchairAgent(Clone),10,12,1.3,1.17,3.331055,2,True,3,1,0.3333333
2026-03-07_01.38.50,188,sign-optimization-horizontal-vertical_scenario,614,352,3,-5,2,0,90,15,1,108398,AdultFemaleAgent(Clone),6,12,1.58,1.45,3.773438,2,True,2,1,0.5
2026-03-07_01.38.50,188,sign-optimization-horizontal-vertical_scenario,614,352,3,-5,2,0,90,15,1,108399,WheelchairAgent(Clone),11,10,1.3,1.17,5.863281,1,False,3,0,0
2026-03-07_01.38.50,188,sign-optimization-horizontal-vertical_scenario,614,352,3,-5,2,0,90,15,1,108400,AdultMaleAgent(Clone),11,10,1.71,1.58,4.774414,1,False,3,0,0
2026-03-07_01.38.50,188,sign-optimization-horizontal-vertical_scenario,614,352,3,-5,2,0,90,15,1,108401,AdultFemaleAgent(Clone),5,10,1.58,1.45,5.804688,2,True,2,1,0.5
2026-03-07_01.38.50,188,sign-optimization-horizontal-vertical_scenario,614,352,3,-5,2,0,90,15,1,108402,AdultFemaleAgent(Clone),7,11,1.58,1.450001,12.91211,1,False,2,1,0.5
2026-03-07_01.38.50,188,sign-optimization-horizontal-vertical_scenario,614,352,3,-5,2,0,90,15,1,108403,WheelchairAgent(Clone),10,12,1.3,1.17,5.949219,3,True,3,1,0.3333333
2026-03-07_01.38.50,188,sign-optimization-horizontal-vertical_scenario,614,352,3,-5,2,0,90,15,1,108404,AdultMaleAgent(Clone),7,11,1.71,1.58,10.74121,1,True,2,1,0.5
2026-03-07_01.38.50,188,sign-optimization-horizontal-vertical_scenario,614,352,3,-5,2,0,90,15,1,108405,AdultMaleAgent(Clone),10,12,1.71,1.58,0.96875,2,True,3,1,0.3333333
2026-03-07_01.38.50,188,sign-optimization-horizontal-vertical_scenario,614,352,3,-5,2,0,90,15,1,108406,AdultMaleAgent(Clone),5,10,1.71,1.58,5.71875,2,True,2,1,0.5
2026-03-07_01.38.50,188,sign-optimization-horizontal-vertical_scenario,614,352,3,-5,2,0,90,15,1,108407,AdultMaleAgent(Clone),6,12,1.71,1.58,3.681641,2,True,2,1,0.5
2026-03-07_01.38.50,188,sign-optimization-horizontal-vertical_scenario,614,352,3,-5,2,0,90,15,1,108408,AdultMaleAgent(Clone),5,10,1.71,1.58,7.079102,2,True,2,1,0.5
2026-03-07_01.38.50,188,sign-optimization-horizontal-vertical_scenario,614,352,3,-5,2,0,90,15,1,108409,AdultFemaleAgent(Clone),5,10,1.58,1.45,6.487305,2,True,2,1,0.5
2026-03-07_01.38.50,188,sign-optimization-horizontal-vertical_scenario,614,352,3,-5,2,0,90,15,1,108410,AdultMaleAgent(Clone),10,12,1.71,1.58,1.814453,2,True,3,1,0.3333333
2026-03-07_01.38.50,188,sign-optimization-horizontal-vertical_scenario,614,352,3,-5,2,0,90,15,1,108411,AdultFemaleAgent(Clone),10,12,1.58,1.45,0.8505859,2,True,3,1,0.3333333
2026-03-07_01.38.50,188,sign-optimization-horizontal-vertical_scenario,614,352,3,-5,2,0,90,15,1,108412,AdultMaleAgent(Clone),6,12,1.71,1.58,8.250977,2,True,2,1,0.5
2026-03-07_01.38.50,188,sign-optimization-horizontal-vertical_scenario,614,352,3,-5,2,0,90,15,1,108413,AdultMaleAgent(Clone),5,10,1.71,1.58,6.338867,2,True,2,1,0.5
2026-03-07_01.38.50,188,sign-optimization-horizontal-vertical_scenario,614,352,3,-5,2,0,90,15,1,108414,AdultMaleAgent(Clone),6,12,1.71,1.58,1.227539,2,True,2,1,0.5
2026-03-07_01.38.50,188,sign-optimization-horizontal-vertical_scenario,614,352,3,-5,2,0,90,15,1,108415,WheelchairAgent(Clone),6,12,1.3,1.17,4.040039,2,False,2,1,0.5
2026-03-07_01.38.50,188,sign-optimization-horizontal-vertical_scenario,614,352,3,-5,2,0,90,15,1,108416,AdultFemaleAgent(Clone),7,11,1.58,1.450001,13.64648,1,True,2,1,0.5
2026-03-07_01.38.50,188,sign-optimization-horizontal-vertical_scenario,614,352,3,-5,2,0,90,15,1,108417,AdultFemaleAgent(Clone),6,12,1.58,1.45,1.350586,2,True,2,1,0.5
2026-03-07_01.38.50,188,sign-optimization-horizontal-vertical_scenario,614,352,3,-5,2,0,90,15,1,108418,AdultFemaleAgent(Clone),5,10,1.58,1.45,5.773438,2,True,2,1,0.5
2026-03-07_01.38.50,188,sign-optimization-horizontal-vertical_scenario,614,352,3,-5,2,0,90,15,1,108419,AdultMaleAgent(Clone),5,10,1.71,1.58,6.876953,2,True,2,1,0.5
2026-03-07_01.38.50,188,sign-optimization-horizontal-vertical_scenario,614,352,3,-5,2,0,90,15,1,108420,AdultFemaleAgent(Clone),11,10,1.58,1.450001,5.071289,1,False,3,0,0
2026-03-07_01.38.50,188,sign-optimization-horizontal-vertical_scenario,614,352,3,-5,2,0,90,15,1,108421,AdultMaleAgent(Clone),11,10,1.71,1.58,4.688477,1,False,3,0,0
2026-03-07_01.38.50,188,sign-optimization-horizontal-vertical_scenario,614,352,3,-5,2,0,90,15,1,108422,AdultMaleAgent(Clone),5,10,1.71,1.58,5.984375,2,True,2,1,0.5
2026-03-07_01.38.50,188,sign-optimization-horizontal-vertical_scenario,614,352,3,-5,2,0,90,15,1,108423,AdultMaleAgent(Clone),5,10,1.71,1.58,6.31543,2,True,2,1,0.5
2026-03-07_01.38.50,188,sign-optimization-horizontal-vertical_scenario,614,352,3,-5,2,0,90,15,1,108424,AdultMaleAgent(Clone),11,10,1.71,1.58,4.472656,1,False,3,0,0
2026-03-07_01.38.50,188,sign-optimization-horizontal-vertical_scenario,614,352,3,-5,2,0,90,15,1,108425,AdultMaleAgent(Clone),11,10,1.71,1.58,5.272461,1,False,3,0,0
2026-03-07_01.38.50,188,sign-optimization-horizontal-vertical_scenario,614,352,3,-5,2,0,90,15,1,108426,AdultFemaleAgent(Clone),7,11,1.58,1.450001,13.75586,1,False,2,1,0.5
2026-03-07_01.38.50,188,sign-optimization-horizontal-vertical_scenario,614,352,3,-5,2,0,90,15,1,108427,AdultFemaleAgent(Clone),5,10,1.58,1.45,7.116211,2,True,2,1,0.5
2026-03-07_01.38.50,188,sign-optimization-horizontal-vertical_scenario,614,352,3,-5,2,0,90,15,1,108428,AdultFemaleAgent(Clone),11,10,1.58,1.450001,4.318359,1,False,3,0,0
2026-03-07_01.38.50,188,sign-optimization-horizontal-vertical_scenario,614,352,3,-5,2,0,90,15,1,108429,WheelchairAgent(Clone),5,10,1.3,1.17,5.912109,2,False,2,1,0.5
2026-03-07_01.38.50,188,sign-optimization-horizontal-vertical_scenario,614,352,3,-5,2,0,90,15,1,108430,AdultMaleAgent(Clone),10,12,1.71,1.58,0.6181641,2,True,3,1,0.3333333
2026-03-07_01.38.50,188,sign-optimization-horizontal-vertical_scenario,614,352,3,-5,2,0,90,15,1,108431,AdultFemaleAgent(Clone),7,11,1.58,1.450001,12.7168,1,False,2,1,0.5
2026-03-07_01.38.50,188,sign-optimization-horizontal-vertical_scenario,614,352,3,-5,2,0,90,15,1,108432,AdultMaleAgent(Clone),11,10,1.71,1.58,3.320313,1,False,3,0,0
2026-03-07_01.38.50,188,sign-optimization-horizontal-vertical_scenario,614,352,3,-5,2,0,90,15,1,108433,AdultMaleAgent(Clone),7,11,1.71,1.58,14.39746,1,True,2,1,0.5
2026-03-07_01.38.50,188,sign-optimization-horizontal-vertical_scenario,614,352,3,-5,2,0,90,15,1,108434,AdultMaleAgent(Clone),6,12,1.71,1.58,5.010742,2,True,2,1,0.5
2026-03-07_01.38.50,188,sign-optimization-horizontal-vertical_scenario,614,352,3,-5,2,0,90,15,1,108435,WheelchairAgent(Clone),10,12,1.3,1.17,2.289063,2,True,3,1,0.3333333
2026-03-07_01.38.50,188,sign-optimization-horizontal-vertical_scenario,614,352,3,-5,2,0,90,15,1,108436,WheelchairAgent(Clone),10,12,1.3,1.17,2.358398,2,True,3,1,0.3333333
2026-03-07_01.38.50,188,sign-optimization-horizontal-vertical_scenario,614,352,3,-5,2,0,90,15,1,108437,AdultMaleAgent(Clone),11,10,1.71,1.58,6.803711,1,False,3,0,0
2026-03-07_01.38.50,188,sign-optimization-horizontal-vertical_scenario,614,352,3,-5,2,0,90,15,1,108438,AdultMaleAgent(Clone),10,12,1.71,1.58,2.238281,2,True,3,1,0.3333333
2026-03-07_01.38.50,188,sign-optimization-horizontal-vertical_scenario,614,352,3,-5,2,0,90,15,1,108439,WheelchairAgent(Clone),11,10,1.3,1.17,0,0,True,3,1,0.3333333
2026-03-07_01.38.50,188,sign-optimization-horizontal-vertical_scenario,614,352,3,-5,2,0,90,15,1,108440,AdultFemaleAgent(Clone),11,10,1.58,1.450001,4.463867,1,False,3,0,0
2026-03-07_01.38.50,188,sign-optimization-horizontal-vertical_scenario,614,352,3,-5,2,0,90,15,1,108441,AdultFemaleAgent(Clone),5,10,1.58,1.45,6.448242,2,True,2,1,0.5
2026-03-07_01.38.50,188,sign-optimization-horizontal-vertical_scenario,614,352,3,-5,2,0,90,15,1,108442,AdultMaleAgent(Clone),7,11,1.71,1.58,12.70508,1,True,2,1,0.5
2026-03-07_01.38.50,188,sign-optimization-horizontal-vertical_scenario,614,352,3,-5,2,0,90,15,1,108443,AdultMaleAgent(Clone),7,11,1.71,1.58,14.62207,1,True,2,1,0.5
2026-03-07_01.38.50,188,sign-optimization-horizontal-vertical_scenario,614,352,3,-5,2,0,90,15,1,108444,AdultMaleAgent(Clone),5,10,1.71,1.58,6.441406,2,True,2,1,0.5
2026-03-07_01.38.50,188,sign-optimization-horizontal-vertical_scenario,614,352,3,-5,2,0,90,15,1,108445,WheelchairAgent(Clone),10,12,1.3,1.17,2.475586,2,True,3,1,0.3333333
2026-03-07_01.38.50,188,sign-optimization-horizontal-vertical_scenario,614,352,3,-5,2,0,90,15,1,108446,AdultFemaleAgent(Clone),10,12,1.58,1.45,2.591797,2,True,3,1,0.3333333
2026-03-07_01.38.50,188,sign-optimization-horizontal-vertical_scenario,614,352,3,-5,2,0,90,15,1,108447,AdultMaleAgent(Clone),10,12,1.71,1.58,1.844727,2,True,3,1,0.3333333
2026-03-07_01.38.50,188,sign-optimization-horizontal-vertical_scenario,614,352,3,-5,2,0,90,15,1,108448,AdultFemaleAgent(Clone),5,10,1.58,1.45,5.948242,2,True,2,1,0.5
2026-03-07_01.38.50,188,sign-optimization-horizontal-vertical_scenario,614,352,3,-5,2,0,90,15,1,108449,AdultFemaleAgent(Clone),6,12,1.58,1.45,5.073242,2,True,2,1,0.5
2026-03-07_01.38.50,188,sign-optimization-horizontal-vertical_scenario,614,352,3,-5,2,0,90,15,1,108450,AdultMaleAgent(Clone),10,12,1.71,1.58,1.567383,2,True,3,1,0.3333333
2026-03-07_01.38.50,188,sign-optimization-horizontal-vertical_scenario,614,352,3,-5,2,0,90,15,1,108451,AdultMaleAgent(Clone),10,12,1.71,1.58,0.6054688,2,True,3,1,0.3333333
2026-03-07_01.38.50,188,sign-optimization-horizontal-vertical_scenario,614,352,3,-5,2,0,90,15,1,108452,AdultFemaleAgent(Clone),6,12,1.58,1.45,2.174805,2,True,2,1,0.5
2026-03-07_01.38.50,188,sign-optimization-horizontal-vertical_scenario,614,352,3,-5,2,0,90,15,1,108453,AdultMaleAgent(Clone),11,10,1.71,1.58,0,0,False,3,0,0
2026-03-07_01.38.50,188,sign-optimization-horizontal-vertical_scenario,614,352,3,-5,2,0,90,15,1,108454,WheelchairAgent(Clone),10,12,1.3,1.17,5.811523,1,True,3,1,0.3333333
2026-03-07_01.38.50,188,sign-optimization-horizontal-vertical_scenario,614,352,3,-5,2,0,90,15,1,108455,WheelchairAgent(Clone),11,10,1.3,1.17,3.355469,1,False,3,0,0
2026-03-07_01.38.50,188,sign-optimization-horizontal-vertical_scenario,614,352,3,-5,2,0,90,15,1,108456,AdultFemaleAgent(Clone),11,10,1.58,1.450001,0,0,False,3,0,0
2026-03-07_01.38.50,188,sign-optimization-horizontal-vertical_scenario,614,352,3,-5,2,0,90,15,1,108457,AdultFemaleAgent(Clone),5,10,1.58,1.45,6.371094,2,True,2,1,0.5
2026-03-07_01.38.50,188,sign-optimization-horizontal-vertical_scenario,614,352,3,-5,2,0,90,15,1,108458,WheelchairAgent(Clone),7,11,1.3,1.17,13.07129,1,False,2,1,0.5
2026-03-07_01.38.50,188,sign-optimization-horizontal-vertical_scenario,614,352,3,-5,2,0,90,15,1,108459,AdultMaleAgent(Clone),10,12,1.71,1.58,2.883789,2,True,3,1,0.3333333
2026-03-07_01.38.50,188,sign-optimization-horizontal-vertical_scenario,614,352,3,-5,2,0,90,15,1,108460,WheelchairAgent(Clone),10,12,1.3,1.17,2.300781,2,True,3,1,0.3333333
2026-03-07_01.38.50,188,sign-optimization-horizontal-vertical_scenario,614,352,3,-5,2,0,90,15,1,108461,WheelchairAgent(Clone),7,11,1.3,1.17,10.53516,1,True,2,1,0.5
2026-03-07_01.38.50,188,sign-optimization-horizontal-vertical_scenario,614,352,3,-5,2,0,90,15,1,108462,AdultMaleAgent(Clone),10,12,1.71,1.58,8.170898,1,True,3,1,0.3333333
2026-03-07_01.38.50,188,sign-optimization-horizontal-vertical_scenario,614,352,3,-5,2,0,90,15,1,108463,AdultFemaleAgent(Clone),6,12,1.58,1.45,0.7509766,2,True,2,1,0.5
2026-03-07_01.38.50,188,sign-optimization-horizontal-vertical_scenario,614,352,3,-5,2,0,90,15,1,108464,AdultFemaleAgent(Clone),10,12,1.58,1.45,0.5878906,2,False,3,1,0.3333333
2026-03-07_01.38.50,188,sign-optimization-horizontal-vertical_scenario,614,352,3,-5,2,0,90,15,1,108465,AdultFemaleAgent(Clone),10,12,1.58,1.45,2.976563,2,True,3,1,0.3333333
2026-03-07_01.38.50,188,sign-optimization-horizontal-vertical_scenario,614,352,3,-5,2,0,90,15,1,108466,AdultMaleAgent(Clone),6,12,1.71,1.58,0.1669922,2,True,2,1,0.5
2026-03-07_01.38.50,188,sign-optimization-horizontal-vertical_scenario,614,352,3,-5,2,0,90,15,1,108467,AdultMaleAgent(Clone),10,12,1.71,1.58,0.8759766,2,True,3,1,0.3333333
2026-03-07_01.38.50,188,sign-optimization-horizontal-vertical_scenario,614,352,3,-5,2,0,90,15,1,108468,WheelchairAgent(Clone),5,10,1.3,1.17,6.456055,2,True,2,1,0.5
2026-03-07_01.38.50,188,sign-optimization-horizontal-vertical_scenario,614,352,3,-5,2,0,90,15,1,108469,AdultMaleAgent(Clone),5,10,1.71,1.58,6.213867,2,True,2,1,0.5
2026-03-07_01.38.50,188,sign-optimization-horizontal-vertical_scenario,614,352,3,-5,2,0,90,15,1,108470,AdultFemaleAgent(Clone),6,12,1.58,1.45,1.800781,2,True,2,1,0.5
2026-03-07_01.38.50,188,sign-optimization-horizontal-vertical_scenario,614,352,3,-5,2,0,90,15,1,108471,AdultMaleAgent(Clone),11,10,1.71,1.58,5.438477,1,False,3,0,0
2026-03-07_01.38.50,188,sign-optimization-horizontal-vertical_scenario,614,352,3,-5,2,0,90,15,1,108472,WheelchairAgent(Clone),10,12,1.3,1.17,2.538086,2,True,3,1,0.3333333
2026-03-07_01.38.50,188,sign-optimization-horizontal-vertical_scenario,614,352,3,-5,2,0,90,15,1,108473,WheelchairAgent(Clone),10,12,1.3,1.17,1.413086,2,False,3,1,0.3333333
2026-03-07_01.38.50,188,sign-optimization-horizontal-vertical_scenario,614,352,3,-5,2,0,90,15,1,108474,AdultMaleAgent(Clone),5,10,1.71,1.58,6.120117,2,True,2,1,0.5
2026-03-07_01.38.50,188,sign-optimization-horizontal-vertical_scenario,614,352,3,-5,2,0,90,15,1,108475,AdultMaleAgent(Clone),6,12,1.71,1.58,3.054688,2,True,2,1,0.5
2026-03-07_01.38.50,188,sign-optimization-horizontal-vertical_scenario,614,352,3,-5,2,0,90,15,1,108476,AdultMaleAgent(Clone),5,10,1.71,1.58,6.813477,2,True,2,1,0.5
2026-03-07_01.38.50,188,sign-optimization-horizontal-vertical_scenario,614,352,3,-5,2,0,90,15,1,108477,AdultMaleAgent(Clone),6,12,1.71,1.58,1.200195,2,True,2,1,0.5
2026-03-07_01.38.50,188,sign-optimization-horizontal-vertical_scenario,614,352,3,-5,2,0,90,15,1,108478,WheelchairAgent(Clone),7,11,1.3,1.17,13.29492,1,True,2,1,0.5
2026-03-07_01.38.50,188,sign-optimization-horizontal-vertical_scenario,614,352,3,-5,2,0,90,15,1,108479,WheelchairAgent(Clone),5,10,1.3,1.17,6.525391,2,True,2,1,0.5
2026-03-07_01.38.50,188,sign-optimization-horizontal-vertical_scenario,614,352,3,-5,2,0,90,15,1,108480,WheelchairAgent(Clone),10,12,1.3,1.17,0.5517578,2,True,3,1,0.3333333
2026-03-07_01.38.50,188,sign-optimization-horizontal-vertical_scenario,614,352,3,-5,2,0,90,15,1,108481,AdultMaleAgent(Clone),5,10,1.71,1.58,6.415039,2,True,2,1,0.5
2026-03-07_01.38.50,188,sign-optimization-horizontal-vertical_scenario,614,352,3,-5,2,0,90,15,1,108482,WheelchairAgent(Clone),10,12,1.3,1.17,1.788086,2,False,3,1,0.3333333
2026-03-07_01.38.50,188,sign-optimization-horizontal-vertical_scenario,614,352,3,-5,2,0,90,15,1,108483,AdultFemaleAgent(Clone),6,12,1.58,1.45,3,2,True,2,1,0.5
2026-03-07_01.38.50,188,sign-optimization-horizontal-vertical_scenario,614,352,3,-5,2,0,90,15,1,108484,AdultMaleAgent(Clone),6,12,1.71,1.58,3.571289,2,True,2,1,0.5
2026-03-07_01.38.50,188,sign-optimization-horizontal-vertical_scenario,614,352,3,-5,2,0,90,15,1,108485,WheelchairAgent(Clone),5,10,1.3,1.17,6.56543,2,True,2,1,0.5
2026-03-07_01.38.50,188,sign-optimization-horizontal-vertical_scenario,614,352,3,-5,2,0,90,15,1,108486,AdultMaleAgent(Clone),11,10,1.71,1.58,5.023438,1,False,3,0,0
2026-03-07_01.38.50,188,sign-optimization-horizontal-vertical_scenario,614,352,3,-5,2,0,90,15,1,108487,WheelchairAgent(Clone),10,12,1.3,1.17,0.4863281,2,True,3,1,0.3333333
2026-03-07_01.38.50,188,sign-optimization-horizontal-vertical_scenario,614,352,3,-5,2,0,90,15,1,108488,WheelchairAgent(Clone),7,11,1.3,1.17,10.66895,1,True,2,1,0.5
2026-03-07_01.38.50,188,sign-optimization-horizontal-vertical_scenario,614,352,3,-5,2,0,90,15,1,108489,AdultMaleAgent(Clone),11,10,1.71,1.58,4.769531,1,False,3,0,0
2026-03-07_01.38.50,188,sign-optimization-horizontal-vertical_scenario,614,352,3,-5,2,0,90,15,1,108490,WheelchairAgent(Clone),6,12,1.3,1.17,3.624023,2,True,2,1,0.5
2026-03-07_01.38.50,188,sign-optimization-horizontal-vertical_scenario,614,352,3,-5,2,0,90,15,1,108491,AdultFemaleAgent(Clone),7,11,1.58,1.450001,11.15723,1,True,2,1,0.5
2026-03-07_01.38.50,188,sign-optimization-horizontal-vertical_scenario,614,352,3,-5,2,0,90,15,1,108492,AdultMaleAgent(Clone),10,12,1.71,1.58,2.474609,2,True,3,1,0.3333333
2026-03-07_01.38.50,188,sign-optimization-horizontal-vertical_scenario,614,352,3,-5,2,0,90,15,1,108493,AdultFemaleAgent(Clone),11,10,1.58,1.450001,0,0,False,3,0,0
2026-03-07_01.38.50,188,sign-optimization-horizontal-vertical_scenario,614,352,3,-5,2,0,90,15,1,108494,AdultMaleAgent(Clone),11,10,1.71,1.58,5.170898,1,False,3,0,0
2026-03-07_01.38.50,188,sign-optimization-horizontal-vertical_scenario,614,352,3,-5,2,0,90,15,1,108495,AdultMaleAgent(Clone),7,11,1.71,1.58,13.35449,1,True,2,1,0.5
2026-03-07_01.38.50,188,sign-optimization-horizontal-vertical_scenario,614,352,3,-5,2,0,90,15,1,108496,AdultFemaleAgent(Clone),10,12,1.58,1.45,1.383789,2,True,3,1,0.3333333
2026-03-07_01.38.50,188,sign-optimization-horizontal-vertical_scenario,614,352,3,-5,2,0,90,15,1,108497,AdultMaleAgent(Clone),5,10,1.71,1.58,6.692383,2,True,2,1,0.5
2026-03-07_01.38.50,188,sign-optimization-horizontal-vertical_scenario,614,352,3,-5,2,0,90,15,1,108498,AdultFemaleAgent(Clone),7,11,1.58,1.450001,15.86133,1,True,2,1,0.5
2026-03-07_01.38.50,188,sign-optimization-horizontal-vertical_scenario,614,352,3,-5,2,0,90,15,1,108499,AdultMaleAgent(Clone),6,12,1.71,1.58,0.5244141,2,True,2,1,0.5
2026-03-07_01.38.50,188,sign-optimization-horizontal-vertical_scenario,614,352,3,-5,2,0,90,15,1,108500,AdultMaleAgent(Clone),7,11,1.71,1.58,9.880859,1,True,2,1,0.5
2026-03-07_01.38.50,188,sign-optimization-horizontal-vertical_scenario,614,352,3,-5,2,0,90,15,1,108501,AdultFemaleAgent(Clone),10,12,1.58,1.45,2.581055,2,True,3,1,0.3333333
2026-03-07_01.38.50,188,sign-optimization-horizontal-vertical_scenario,614,352,3,-5,2,0,90,15,1,108502,AdultMaleAgent(Clone),5,10,1.71,1.58,6.448242,2,True,2,1,0.5
2026-03-07_01.38.50,188,sign-optimization-horizontal-vertical_scenario,614,352,3,-5,2,0,90,15,1,108503,WheelchairAgent(Clone),10,12,1.3,1.17,2.637695,2,True,3,1,0.3333333
2026-03-07_01.38.50,188,sign-optimization-horizontal-vertical_scenario,614,352,3,-5,2,0,90,15,1,108504,AdultMaleAgent(Clone),6,12,1.71,1.58,3.845703,2,True,2,1,0.5
2026-03-07_01.38.50,188,sign-optimization-horizontal-vertical_scenario,614,352,3,-5,2,0,90,15,1,108505,AdultMaleAgent(Clone),11,10,1.71,1.58,4.942383,1,False,3,0,0
2026-03-07_01.38.50,188,sign-optimization-horizontal-vertical_scenario,614,352,3,-5,2,0,90,15,1,108506,WheelchairAgent(Clone),7,11,1.3,1.17,10.42578,1,False,2,1,0.5
2026-03-07_01.38.50,188,sign-optimization-horizontal-vertical_scenario,614,352,3,-5,2,0,90,15,1,108507,AdultFemaleAgent(Clone),11,10,1.58,1.450001,0,0,False,3,0,0
2026-03-07_01.38.50,188,sign-optimization-horizontal-vertical_scenario,614,352,3,-5,2,0,90,15,1,108508,WheelchairAgent(Clone),6,12,1.3,1.17,5.852539,2,True,2,1,0.5
2026-03-07_01.38.50,188,sign-optimization-horizontal-vertical_scenario,614,352,3,-5,2,0,90,15,1,108509,WheelchairAgent(Clone),10,12,1.3,1.17,0.6015625,2,True,3,1,0.3333333
2026-03-07_01.38.50,188,sign-optimization-horizontal-vertical_scenario,614,352,3,-5,2,0,90,15,1,108510,AdultFemaleAgent(Clone),6,12,1.58,1.45,1.316406,2,True,2,1,0.5
2026-03-07_01.38.50,188,sign-optimization-horizontal-vertical_scenario,614,352,3,-5,2,0,90,15,1,108511,WheelchairAgent(Clone),10,12,1.3,1.17,1.286133,2,True,3,1,0.3333333
2026-03-07_01.38.50,188,sign-optimization-horizontal-vertical_scenario,614,352,3,-5,2,0,90,15,1,108512,AdultFemaleAgent(Clone),6,12,1.58,1.45,3.639648,1,True,2,1,0.5
2026-03-07_01.38.50,188,sign-optimization-horizontal-vertical_scenario,614,352,3,-5,2,0,90,15,1,108513,AdultMaleAgent(Clone),10,12,1.71,1.58,2.811523,2,True,3,1,0.3333333
2026-03-07_01.38.50,188,sign-optimization-horizontal-vertical_scenario,614,352,3,-5,2,0,90,15,1,108514,AdultMaleAgent(Clone),10,12,1.71,1.58,1.556641,2,True,3,1,0.3333333
2026-03-07_01.38.50,188,sign-optimization-horizontal-vertical_scenario,614,352,3,-5,2,0,90,15,1,108515,AdultMaleAgent(Clone),6,12,1.71,1.58,4.029297,2,True,2,1,0.5
2026-03-07_01.38.50,188,sign-optimization-horizontal-vertical_scenario,614,352,3,-5,2,0,90,15,1,108516,WheelchairAgent(Clone),10,12,1.3,1.17,0.6455078,2,True,3,1,0.3333333
2026-03-07_01.38.50,188,sign-optimization-horizontal-vertical_scenario,614,352,3,-5,2,0,90,15,1,108517,AdultMaleAgent(Clone),5,10,1.71,1.58,6.237305,2,True,2,1,0.5
2026-03-07_01.38.50,188,sign-optimization-horizontal-vertical_scenario,614,352,3,-5,2,0,90,15,1,108518,AdultMaleAgent(Clone),6,12,1.71,1.58,4.823242,2,True,2,1,0.5
2026-03-07_01.38.50,188,sign-optimization-horizontal-vertical_scenario,614,352,3,-5,2,0,90,15,1,108519,AdultMaleAgent(Clone),5,10,1.71,1.58,5.891602,2,True,2,1,0.5
2026-03-07_01.38.50,188,sign-optimization-horizontal-vertical_scenario,614,352,3,-5,2,0,90,15,1,108520,AdultMaleAgent(Clone),10,12,1.71,1.58,1.182617,2,True,3,1,0.3333333
2026-03-07_01.38.50,188,sign-optimization-horizontal-vertical_scenario,614,352,3,-5,2,0,90,15,1,108521,WheelchairAgent(Clone),7,11,1.3,1.17,10.73242,1,False,2,1,0.5
2026-03-07_01.38.50,188,sign-optimization-horizontal-vertical_scenario,614,352,3,-5,2,0,90,15,1,108522,AdultMaleAgent(Clone),7,11,1.71,1.58,10.50195,1,True,2,1,0.5
2026-03-07_01.38.50,188,sign-optimization-horizontal-vertical_scenario,614,352,3,-5,2,0,90,15,1,108523,WheelchairAgent(Clone),5,10,1.3,1.17,6.59375,2,True,2,1,0.5
2026-03-07_01.38.50,188,sign-optimization-horizontal-vertical_scenario,614,352,3,-5,2,0,90,15,1,108524,WheelchairAgent(Clone),6,12,1.3,1.17,1.345703,2,True,2,1,0.5
2026-03-07_01.38.50,188,sign-optimization-horizontal-vertical_scenario,614,352,3,-5,2,0,90,15,1,108525,AdultFemaleAgent(Clone),5,10,1.58,1.45,6.457031,2,True,2,1,0.5
2026-03-07_01.38.50,188,sign-optimization-horizontal-vertical_scenario,614,352,3,-5,2,0,90,15,1,108526,WheelchairAgent(Clone),11,10,1.3,1.17,7.875977,1,False,3,0,0
2026-03-07_01.38.50,188,sign-optimization-horizontal-vertical_scenario,614,352,3,-5,2,0,90,15,1,108527,AdultMaleAgent(Clone),6,12,1.71,1.58,4.645508,2,True,2,1,0.5
2026-03-07_01.38.50,188,sign-optimization-horizontal-vertical_scenario,614,352,3,-5,2,0,90,15,1,108528,AdultMaleAgent(Clone),10,12,1.71,1.58,0.2841797,2,True,3,1,0.3333333
2026-03-07_01.38.50,188,sign-optimization-horizontal-vertical_scenario,614,352,3,-5,2,0,90,15,1,108529,WheelchairAgent(Clone),11,10,1.3,1.17,0,0,False,3,0,0
2026-03-07_01.38.50,188,sign-optimization-horizontal-vertical_scenario,614,352,3,-5,2,0,90,15,1,108530,WheelchairAgent(Clone),6,12,1.3,1.17,0.2773438,2,False,2,1,0.5
2026-03-07_01.38.50,188,sign-optimization-horizontal-vertical_scenario,614,352,3,-5,2,0,90,15,1,108531,WheelchairAgent(Clone),7,11,1.3,1.17,11.48242,1,False,2,1,0.5
2026-03-07_01.38.50,188,sign-optimization-horizontal-vertical_scenario,614,352,3,-5,2,0,90,15,1,108532,AdultMaleAgent(Clone),6,12,1.71,1.58,3.050781,2,True,2,1,0.5
2026-03-07_01.38.50,188,sign-optimization-horizontal-vertical_scenario,614,352,3,-5,2,0,90,15,1,108533,WheelchairAgent(Clone),7,11,1.3,1.17,13.06152,1,True,2,1,0.5
2026-03-07_01.38.50,188,sign-optimization-horizontal-vertical_scenario,614,352,3,-5,2,0,90,15,1,108534,WheelchairAgent(Clone),6,12,1.3,1.17,5.369141,2,False,2,1,0.5
2026-03-07_01.38.50,188,sign-optimization-horizontal-vertical_scenario,614,352,3,-5,2,0,90,15,1,108535,WheelchairAgent(Clone),11,10,1.3,1.17,5.339844,1,False,3,0,0
2026-03-07_01.38.50,188,sign-optimization-horizontal-vertical_scenario,614,352,3,-5,2,0,90,15,1,108536,AdultFemaleAgent(Clone),5,10,1.58,1.45,6.713867,2,True,2,1,0.5
2026-03-07_01.38.50,188,sign-optimization-horizontal-vertical_scenario,614,352,3,-5,2,0,90,15,1,108537,AdultFemaleAgent(Clone),5,10,1.58,1.45,6.740234,2,True,2,1,0.5
2026-03-07_01.38.50,188,sign-optimization-horizontal-vertical_scenario,614,352,3,-5,2,0,90,15,1,108538,WheelchairAgent(Clone),6,12,1.3,1.17,0.1132813,2,False,2,1,0.5
2026-03-07_01.38.50,188,sign-optimization-horizontal-vertical_scenario,614,352,3,-5,2,0,90,15,1,108539,WheelchairAgent(Clone),5,10,1.3,1.17,5.663086,2,True,2,1,0.5
2026-03-07_01.38.50,188,sign-optimization-horizontal-vertical_scenario,614,352,3,-5,2,0,90,15,1,108540,AdultMaleAgent(Clone),10,12,1.71,1.58,2,2,True,3,1,0.3333333
2026-03-07_01.38.50,188,sign-optimization-horizontal-vertical_scenario,614,352,3,-5,2,0,90,15,1,108541,AdultMaleAgent(Clone),10,12,1.71,1.58,2.03125,2,True,3,1,0.3333333
2026-03-07_01.38.50,188,sign-optimization-horizontal-vertical_scenario,614,352,3,-5,2,0,90,15,1,108542,AdultMaleAgent(Clone),11,10,1.71,1.58,4.790039,1,False,3,0,0
2026-03-07_01.38.50,188,sign-optimization-horizontal-vertical_scenario,614,352,3,-5,2,0,90,15,1,108543,AdultFemaleAgent(Clone),5,10,1.58,1.45,5.822266,2,True,2,1,0.5
2026-03-07_01.38.50,188,sign-optimization-horizontal-vertical_scenario,614,352,3,-5,2,0,90,15,1,108544,WheelchairAgent(Clone),11,10,1.3,1.17,6.646484,1,False,3,0,0
2026-03-07_01.38.50,188,sign-optimization-horizontal-vertical_scenario,614,352,3,-5,2,0,90,15,1,108545,AdultMaleAgent(Clone),5,10,1.71,1.58,6.751953,2,True,2,1,0.5
2026-03-07_01.38.50,188,sign-optimization-horizontal-vertical_scenario,614,352,3,-5,2,0,90,15,1,108546,WheelchairAgent(Clone),10,12,1.3,1.17,6.482422,1,True,3,1,0.3333333
2026-03-07_01.38.50,188,sign-optimization-horizontal-vertical_scenario,614,352,3,-5,2,0,90,15,1,108547,AdultFemaleAgent(Clone),11,10,1.58,1.450001,6.745117,1,False,3,0,0
2026-03-07_01.38.50,188,sign-optimization-horizontal-vertical_scenario,614,352,3,-5,2,0,90,15,1,108548,AdultMaleAgent(Clone),6,12,1.71,1.58,2.185547,2,True,2,1,0.5
2026-03-07_01.38.50,188,sign-optimization-horizontal-vertical_scenario,614,352,3,-5,2,0,90,15,1,108549,AdultFemaleAgent(Clone),10,12,1.58,1.45,1.413086,2,True,3,1,0.3333333
2026-03-07_01.38.50,188,sign-optimization-horizontal-vertical_scenario,614,352,3,-5,2,0,90,15,1,108550,AdultMaleAgent(Clone),5,10,1.71,1.58,6.942383,2,True,2,1,0.5
2026-03-07_01.38.50,188,sign-optimization-horizontal-vertical_scenario,614,352,3,-5,2,0,90,15,1,108551,WheelchairAgent(Clone),10,12,1.3,1.17,2.477539,2,True,3,1,0.3333333
2026-03-07_01.38.50,188,sign-optimization-horizontal-vertical_scenario,614,352,3,-5,2,0,90,15,1,108552,WheelchairAgent(Clone),5,10,1.3,1.17,6.31543,2,True,2,1,0.5
2026-03-07_01.38.50,188,sign-optimization-horizontal-vertical_scenario,614,352,3,-5,2,0,90,15,1,108553,AdultMaleAgent(Clone),11,10,1.71,1.58,5.139648,1,False,3,0,0
2026-03-07_01.38.50,188,sign-optimization-horizontal-vertical_scenario,614,352,3,-5,2,0,90,15,1,108554,WheelchairAgent(Clone),10,12,1.3,1.17,2.890625,2,True,3,1,0.3333333
2026-03-07_01.38.50,188,sign-optimization-horizontal-vertical_scenario,614,352,3,-5,2,0,90,15,1,108555,WheelchairAgent(Clone),7,11,1.3,1.17,11.6748,1,True,2,1,0.5
2026-03-07_01.38.50,188,sign-optimization-horizontal-vertical_scenario,614,352,3,-5,2,0,90,15,1,108556,WheelchairAgent(Clone),7,11,1.3,1.17,9.859375,1,True,2,1,0.5
2026-03-07_01.38.50,188,sign-optimization-horizontal-vertical_scenario,614,352,3,-5,2,0,90,15,1,108557,AdultMaleAgent(Clone),11,10,1.71,1.58,5.256836,1,False,3,0,0
2026-03-07_01.38.50,188,sign-optimization-horizontal-vertical_scenario,614,352,3,-5,2,0,90,15,1,108558,AdultFemaleAgent(Clone),6,12,1.58,1.45,1.69043,2,False,2,1,0.5
2026-03-07_01.38.50,188,sign-optimization-horizontal-vertical_scenario,614,352,3,-5,2,0,90,15,1,108559,AdultMaleAgent(Clone),6,12,1.71,1.58,3.321289,2,True,2,1,0.5
2026-03-07_01.38.50,188,sign-optimization-horizontal-vertical_scenario,614,352,3,-5,2,0,90,15,1,108560,WheelchairAgent(Clone),11,10,1.3,1.17,5.553711,1,False,3,0,0
2026-03-07_01.38.50,188,sign-optimization-horizontal-vertical_scenario,614,352,3,-5,2,0,90,15,1,108561,AdultMaleAgent(Clone),7,11,1.71,1.58,13.9043,1,True,2,1,0.5
2026-03-07_01.38.50,188,sign-optimization-horizontal-vertical_scenario,614,352,3,-5,2,0,90,15,1,108562,AdultMaleAgent(Clone),11,10,1.71,1.58,5.699219,1,False,3,0,0
2026-03-07_01.38.50,188,sign-optimization-horizontal-vertical_scenario,614,352,3,-5,2,0,90,15,1,108563,WheelchairAgent(Clone),7,11,1.3,1.17,13.52344,1,False,2,1,0.5
2026-03-07_01.38.50,188,sign-optimization-horizontal-vertical_scenario,614,352,3,-5,2,0,90,15,1,108564,AdultFemaleAgent(Clone),7,11,1.58,1.450001,14.61035,1,True,2,1,0.5
2026-03-07_01.38.50,188,sign-optimization-horizontal-vertical_scenario,614,352,3,-5,2,0,90,15,1,108565,AdultFemaleAgent(Clone),10,12,1.58,1.45,0.1982422,2,True,3,1,0.3333333
2026-03-07_01.38.50,188,sign-optimization-horizontal-vertical_scenario,614,352,3,-5,2,0,90,15,1,108566,WheelchairAgent(Clone),5,10,1.3,1.17,5.953125,2,True,2,1,0.5
2026-03-07_01.38.50,188,sign-optimization-horizontal-vertical_scenario,614,352,3,-5,2,0,90,15,1,108567,WheelchairAgent(Clone),5,10,1.3,1.17,6.220703,2,True,2,1,0.5
2026-03-07_01.38.50,188,sign-optimization-horizontal-vertical_scenario,614,352,3,-5,2,0,90,15,1,108568,WheelchairAgent(Clone),7,11,1.3,1.17,10.66211,1,True,2,1,0.5
2026-03-07_01.38.50,188,sign-optimization-horizontal-vertical_scenario,614,352,3,-5,2,0,90,15,1,108569,AdultFemaleAgent(Clone),11,10,1.58,1.450001,6.012695,1,False,3,0,0
2026-03-07_01.38.50,188,sign-optimization-horizontal-vertical_scenario,614,352,3,-5,2,0,90,15,1,108570,AdultMaleAgent(Clone),7,11,1.71,1.58,10.8291,1,True,2,1,0.5
2026-03-07_01.38.50,188,sign-optimization-horizontal-vertical_scenario,614,352,3,-5,2,0,90,15,1,108571,AdultFemaleAgent(Clone),10,12,1.58,1.45,2.333984,2,True,3,1,0.3333333
2026-03-07_01.38.50,188,sign-optimization-horizontal-vertical_scenario,614,352,3,-5,2,0,90,15,1,108572,AdultFemaleAgent(Clone),7,11,1.58,1.450001,11.02148,1,True,2,1,0.5
2026-03-07_01.38.50,188,sign-optimization-horizontal-vertical_scenario,614,352,3,-5,2,0,90,15,1,108573,AdultMaleAgent(Clone),11,10,1.71,1.58,6.19043,1,False,3,0,0
2026-03-07_01.38.50,188,sign-optimization-horizontal-vertical_scenario,614,352,3,-5,2,0,90,15,1,108574,AdultFemaleAgent(Clone),7,11,1.58,1.450001,13.06738,1,True,2,1,0.5
2026-03-07_01.38.50,188,sign-optimization-horizontal-vertical_scenario,614,352,3,-5,2,0,90,15,1,108575,AdultFemaleAgent(Clone),11,10,1.58,1.450001,4.65332,1,False,3,0,0
2026-03-07_01.38.50,188,sign-optimization-horizontal-vertical_scenario,614,352,3,-5,2,0,90,15,1,108576,AdultMaleAgent(Clone),7,11,1.71,1.58,16.85352,1,True,2,1,0.5
2026-03-07_01.38.50,188,sign-optimization-horizontal-vertical_scenario,614,352,3,-5,2,0,90,15,1,108577,AdultFemaleAgent(Clone),6,12,1.58,1.45,1.460938,2,True,2,1,0.5
2026-03-07_01.38.50,188,sign-optimization-horizontal-vertical_scenario,614,352,3,-5,2,0,90,15,1,108578,WheelchairAgent(Clone),11,10,1.3,1.17,4.728516,1,False,3,0,0
2026-03-07_01.38.50,188,sign-optimization-horizontal-vertical_scenario,614,352,3,-5,2,0,90,15,1,108579,AdultMaleAgent(Clone),7,11,1.71,1.58,12.19336,1,True,2,1,0.5
2026-03-07_01.38.50,188,sign-optimization-horizontal-vertical_scenario,614,352,3,-5,2,0,90,15,1,108580,AdultMaleAgent(Clone),7,11,1.71,1.58,11.76953,1,True,2,1,0.5
2026-03-07_01.38.50,188,sign-optimization-horizontal-vertical_scenario,614,352,3,-5,2,0,90,15,1,108581,WheelchairAgent(Clone),10,12,1.3,1.17,2.47168,2,True,3,1,0.3333333
2026-03-07_01.38.50,188,sign-optimization-horizontal-vertical_scenario,614,352,3,-5,2,0,90,15,1,108582,WheelchairAgent(Clone),5,10,1.3,1.17,8.208984,2,True,2,1,0.5
2026-03-07_01.38.50,188,sign-optimization-horizontal-vertical_scenario,614,352,3,-5,2,0,90,15,1,108583,AdultFemaleAgent(Clone),10,12,1.58,1.45,2.610352,2,True,3,1,0.3333333
2026-03-07_01.38.50,188,sign-optimization-horizontal-vertical_scenario,614,352,3,-5,2,0,90,15,1,108584,WheelchairAgent(Clone),6,12,1.3,1.17,5.476563,3,True,2,1,0.5
2026-03-07_01.38.50,188,sign-optimization-horizontal-vertical_scenario,614,352,3,-5,2,0,90,15,1,108585,WheelchairAgent(Clone),11,10,1.3,1.17,4.196289,1,False,3,0,0
2026-03-07_01.38.50,188,sign-optimization-horizontal-vertical_scenario,614,352,3,-5,2,0,90,15,1,108586,AdultMaleAgent(Clone),11,10,1.71,1.58,6.863281,1,False,3,0,0
2026-03-07_01.38.50,188,sign-optimization-horizontal-vertical_scenario,614,352,3,-5,2,0,90,15,1,108587,AdultFemaleAgent(Clone),5,10,1.58,1.45,6.572266,2,True,2,1,0.5
2026-03-07_01.38.50,188,sign-optimization-horizontal-vertical_scenario,614,352,3,-5,2,0,90,15,1,108588,AdultFemaleAgent(Clone),6,12,1.58,1.45,4.099609,2,True,2,1,0.5
2026-03-07_01.38.50,188,sign-optimization-horizontal-vertical_scenario,614,352,3,-5,2,0,90,15,1,108589,AdultFemaleAgent(Clone),5,10,1.58,1.45,5.321289,2,True,2,1,0.5
2026-03-07_01.38.50,188,sign-optimization-horizontal-vertical_scenario,614,352,3,-5,2,0,90,15,1,108590,AdultFemaleAgent(Clone),10,12,1.58,1.45,2.479492,2,True,3,1,0.3333333
2026-03-07_01.38.50,188,sign-optimization-horizontal-vertical_scenario,614,352,3,-5,2,0,90,15,1,108591,AdultFemaleAgent(Clone),6,12,1.58,1.45,0.5820313,2,True,2,1,0.5
2026-03-07_01.38.50,188,sign-optimization-horizontal-vertical_scenario,614,352,3,-5,2,0,90,15,1,108592,WheelchairAgent(Clone),11,10,1.3,1.17,5.276367,1,False,3,0,0
2026-03-07_01.38.50,188,sign-optimization-horizontal-vertical_scenario,614,352,3,-5,2,0,90,15,1,108593,AdultMaleAgent(Clone),6,12,1.71,1.58,2.382813,2,True,2,1,0.5
2026-03-07_01.38.50,188,sign-optimization-horizontal-vertical_scenario,614,352,3,-5,2,0,90,15,1,108594,WheelchairAgent(Clone),10,12,1.3,1.17,0.5810547,2,False,3,1,0.3333333
2026-03-07_01.38.50,188,sign-optimization-horizontal-vertical_scenario,614,352,3,-5,2,0,90,15,1,108595,WheelchairAgent(Clone),10,12,1.3,1.17,0.1738281,2,True,3,1,0.3333333
2026-03-07_01.38.50,188,sign-optimization-horizontal-vertical_scenario,614,352,3,-5,2,0,90,15,1,108596,AdultMaleAgent(Clone),7,11,1.71,1.58,9.105469,1,True,2,1,0.5
2026-03-07_01.38.50,188,sign-optimization-horizontal-vertical_scenario,614,352,3,-5,2,0,90,15,1,108597,AdultFemaleAgent(Clone),10,12,1.58,1.45,0.3769531,2,True,3,1,0.3333333
2026-03-07_01.38.50,188,sign-optimization-horizontal-vertical_scenario,614,352,3,-5,2,0,90,15,1,108598,AdultFemaleAgent(Clone),5,10,1.58,1.45,7.354492,2,True,2,1,0.5
2026-03-07_01.38.50,188,sign-optimization-horizontal-vertical_scenario,614,352,3,-5,2,0,90,15,1,108599,AdultMaleAgent(Clone),5,10,1.71,1.58,6.355469,2,True,2,1,0.5
2026-03-07_01.38.50,188,sign-optimization-horizontal-vertical_scenario,614,352,3,-5,2,0,90,15,1,108600,AdultFemaleAgent(Clone),10,12,1.58,1.45,0.296875,2,True,3,1,0.3333333
2026-03-07_01.38.50,188,sign-optimization-horizontal-vertical_scenario,614,352,3,-5,2,0,90,15,1,108601,AdultMaleAgent(Clone),10,12,1.71,1.58,1.637695,2,True,3,1,0.3333333
2026-03-07_01.38.50,188,sign-optimization-horizontal-vertical_scenario,614,352,3,-5,2,0,90,15,1,108602,WheelchairAgent(Clone),5,10,1.3,1.17,5.731445,2,True,2,1,0.5
2026-03-07_01.38.50,188,sign-optimization-horizontal-vertical_scenario,614,352,3,-5,2,0,90,15,1,108603,AdultMaleAgent(Clone),5,10,1.71,1.58,5.31543,2,True,2,1,0.5
2026-03-07_01.38.50,188,sign-optimization-horizontal-vertical_scenario,614,352,3,-5,2,0,90,15,1,108604,AdultMaleAgent(Clone),11,10,1.71,1.58,6.824219,1,False,3,0,0
2026-03-07_01.38.50,188,sign-optimization-horizontal-vertical_scenario,614,352,3,-5,2,0,90,15,1,108605,AdultMaleAgent(Clone),10,12,1.71,1.58,1.425781,2,True,3,1,0.3333333
2026-03-07_01.38.50,188,sign-optimization-horizontal-vertical_scenario,614,352,3,-5,2,0,90,15,1,108606,WheelchairAgent(Clone),11,10,1.3,1.17,0,0,False,3,0,0
2026-03-07_01.38.50,188,sign-optimization-horizontal-vertical_scenario,614,352,3,-5,2,0,90,15,1,108607,AdultMaleAgent(Clone),5,10,1.71,1.58,6.834961,2,True,2,1,0.5
2026-03-07_01.38.50,188,sign-optimization-horizontal-vertical_scenario,614,352,3,-5,2,0,90,15,1,108608,AdultMaleAgent(Clone),10,12,1.71,1.58,1.744141,2,True,3,1,0.3333333
2026-03-07_01.38.50,188,sign-optimization-horizontal-vertical_scenario,614,352,3,-5,2,0,90,15,1,108609,AdultFemaleAgent(Clone),11,10,1.58,1.450001,0,0,False,3,0,0
2026-03-07_01.38.50,188,sign-optimization-horizontal-vertical_scenario,614,352,3,-5,2,0,90,15,1,108610,AdultFemaleAgent(Clone),10,12,1.58,1.45,2.65332,2,True,3,1,0.3333333
2026-03-07_01.38.50,188,sign-optimization-horizontal-vertical_scenario,614,352,3,-5,2,0,90,15,1,108611,AdultFemaleAgent(Clone),11,10,1.58,1.450001,8.141602,1,False,3,0,0
2026-03-07_01.38.50,188,sign-optimization-horizontal-vertical_scenario,614,352,3,-5,2,0,90,15,1,108612,WheelchairAgent(Clone),5,10,1.3,1.17,5.511719,2,False,2,1,0.5
2026-03-07_01.38.50,188,sign-optimization-horizontal-vertical_scenario,614,352,3,-5,2,0,90,15,1,108613,AdultFemaleAgent(Clone),6,12,1.58,1.45,7.50293,2,True,2,1,0.5
2026-03-07_01.38.50,188,sign-optimization-horizontal-vertical_scenario,614,352,3,-5,2,0,90,15,1,108614,AdultFemaleAgent(Clone),10,12,1.58,1.45,7.329102,1,True,3,1,0.3333333
2026-03-07_01.38.50,188,sign-optimization-horizontal-vertical_scenario,614,352,3,-5,2,0,90,15,1,108615,WheelchairAgent(Clone),11,10,1.3,1.17,4.303711,1,False,3,0,0
2026-03-07_01.38.50,188,sign-optimization-horizontal-vertical_scenario,614,352,3,-5,2,0,90,15,1,108616,WheelchairAgent(Clone),10,12,1.3,1.17,6.704102,1,True,3,1,0.3333333
2026-03-07_01.38.50,188,sign-optimization-horizontal-vertical_scenario,614,352,3,-5,2,0,90,15,1,108617,WheelchairAgent(Clone),6,12,1.3,1.17,2.261719,2,True,2,1,0.5
2026-03-07_01.38.50,188,sign-optimization-horizontal-vertical_scenario,614,352,3,-5,2,0,90,15,1,108618,AdultMaleAgent(Clone),6,12,1.71,1.58,3.160156,2,True,2,1,0.5
2026-03-07_01.38.50,188,sign-optimization-horizontal-vertical_scenario,614,352,3,-5,2,0,90,15,1,108619,AdultMaleAgent(Clone),6,12,1.71,1.58,0.1816406,2,True,2,1,0.5
2026-03-07_01.38.50,188,sign-optimization-horizontal-vertical_scenario,614,352,3,-5,2,0,90,15,1,108620,WheelchairAgent(Clone),11,10,1.3,1.17,4.15918,1,False,3,0,0
2026-03-07_01.38.50,188,sign-optimization-horizontal-vertical_scenario,614,352,3,-5,2,0,90,15,1,108621,AdultFemaleAgent(Clone),11,10,1.58,1.450001,0,0,False,3,0,0
2026-03-07_01.38.50,188,sign-optimization-horizontal-vertical_scenario,614,352,3,-5,2,0,90,15,1,108622,AdultFemaleAgent(Clone),5,10,1.58,1.45,7.290039,2,True,2,1,0.5
2026-03-07_01.38.50,188,sign-optimization-horizontal-vertical_scenario,614,352,3,-5,2,0,90,15,1,108623,WheelchairAgent(Clone),10,12,1.3,1.17,2.849609,2,True,3,1,0.3333333
2026-03-07_01.38.50,188,sign-optimization-horizontal-vertical_scenario,614,352,3,-5,2,0,90,15,1,108624,WheelchairAgent(Clone),5,10,1.3,1.17,5.745117,2,True,2,1,0.5
2026-03-07_01.38.50,188,sign-optimization-horizontal-vertical_scenario,614,352,3,-5,2,0,90,15,1,108625,AdultMaleAgent(Clone),11,10,1.71,1.58,5.806641,1,False,3,0,0
2026-03-07_01.38.50,188,sign-optimization-horizontal-vertical_scenario,614,352,3,-5,2,0,90,15,1,108626,AdultMaleAgent(Clone),5,10,1.71,1.58,7.394531,1,True,2,1,0.5
2026-03-07_01.38.50,188,sign-optimization-horizontal-vertical_scenario,614,352,3,-5,2,0,90,15,1,108627,AdultFemaleAgent(Clone),7,11,1.58,1.450001,11.06738,1,True,2,1,0.5
2026-03-07_01.38.50,188,sign-optimization-horizontal-vertical_scenario,614,352,3,-5,2,0,90,15,1,108628,AdultMaleAgent(Clone),11,10,1.71,1.58,4.067383,1,False,3,0,0
2026-03-07_01.38.50,188,sign-optimization-horizontal-vertical_scenario,614,352,3,-5,2,0,90,15,1,108629,AdultMaleAgent(Clone),11,10,1.71,1.58,0,0,False,3,0,0
2026-03-07_01.38.50,188,sign-optimization-horizontal-vertical_scenario,614,352,3,-5,2,0,90,15,1,108630,WheelchairAgent(Clone),10,12,1.3,1.17,2.713867,2,True,3,1,0.3333333
2026-03-07_01.38.50,188,sign-optimization-horizontal-vertical_scenario,614,352,3,-5,2,0,90,15,1,108631,WheelchairAgent(Clone),7,11,1.3,1.17,14.99414,1,True,2,1,0.5
2026-03-07_01.38.50,188,sign-optimization-horizontal-vertical_scenario,614,352,3,-5,2,0,90,15,1,108632,AdultFemaleAgent(Clone),11,10,1.58,1.450001,4.489258,1,False,3,0,0
2026-03-07_01.38.50,188,sign-optimization-horizontal-vertical_scenario,614,352,3,-5,2,0,90,15,1,108633,AdultMaleAgent(Clone),10,12,1.71,1.58,8.03125,1,True,3,1,0.3333333
2026-03-07_01.38.50,188,sign-optimization-horizontal-vertical_scenario,614,352,3,-5,2,0,90,15,1,108634,AdultFemaleAgent(Clone),6,12,1.58,1.45,3.448242,2,True,2,1,0.5
2026-03-07_01.38.50,188,sign-optimization-horizontal-vertical_scenario,614,352,3,-5,2,0,90,15,1,108635,AdultMaleAgent(Clone),10,12,1.71,1.58,0.9267578,2,True,3,1,0.3333333
2026-03-07_01.38.50,188,sign-optimization-horizontal-vertical_scenario,614,352,3,-5,2,0,90,15,1,108636,AdultFemaleAgent(Clone),5,10,1.58,1.45,5.854492,2,True,2,1,0.5
2026-03-07_01.38.50,188,sign-optimization-horizontal-vertical_scenario,614,352,3,-5,2,0,90,15,1,108637,WheelchairAgent(Clone),7,11,1.3,1.17,8.916016,1,False,2,1,0.5
2026-03-07_01.38.50,188,sign-optimization-horizontal-vertical_scenario,614,352,3,-5,2,0,90,15,1,108638,AdultFemaleAgent(Clone),7,11,1.58,1.450001,14.56348,1,True,2,1,0.5
2026-03-07_01.38.50,188,sign-optimization-horizontal-vertical_scenario,614,352,3,-5,2,0,90,15,1,108639,AdultFemaleAgent(Clone),10,12,1.58,1.45,6.52832,1,True,3,1,0.3333333
2026-03-07_01.38.50,188,sign-optimization-horizontal-vertical_scenario,614,352,3,-5,2,0,90,15,1,108640,AdultFemaleAgent(Clone),11,10,1.58,1.450001,4.857422,1,False,3,0,0
2026-03-07_01.38.50,188,sign-optimization-horizontal-vertical_scenario,614,352,3,-5,2,0,90,15,1,108641,WheelchairAgent(Clone),11,10,1.3,1.17,0,0,False,3,0,0
2026-03-07_01.38.50,188,sign-optimization-horizontal-vertical_scenario,614,352,3,-5,2,0,90,15,1,108642,AdultMaleAgent(Clone),6,12,1.71,1.58,6.945313,2,True,2,1,0.5
2026-03-07_01.38.50,188,sign-optimization-horizontal-vertical_scenario,614,352,3,-5,2,0,90,15,1,108643,WheelchairAgent(Clone),10,12,1.3,1.17,7.674805,1,True,3,1,0.3333333
2026-03-07_01.38.50,188,sign-optimization-horizontal-vertical_scenario,614,352,3,-5,2,0,90,15,1,108644,WheelchairAgent(Clone),7,11,1.3,1.17,9.930664,1,False,2,1,0.5
2026-03-07_01.38.50,188,sign-optimization-horizontal-vertical_scenario,614,352,3,-5,2,0,90,15,1,108645,WheelchairAgent(Clone),7,11,1.3,1.17,9.543945,1,True,2,1,0.5
2026-03-07_01.38.50,188,sign-optimization-horizontal-vertical_scenario,614,352,3,-5,2,0,90,15,1,108646,AdultMaleAgent(Clone),7,11,1.71,1.58,12.17383,1,True,2,1,0.5
2026-03-07_01.38.50,188,sign-optimization-horizontal-vertical_scenario,614,352,3,-5,2,0,90,15,1,108647,WheelchairAgent(Clone),11,10,1.3,1.17,0,0,False,3,0,0
2026-03-07_01.38.50,188,sign-optimization-horizontal-vertical_scenario,614,352,3,-5,2,0,90,15,1,108648,AdultMaleAgent(Clone),10,12,1.71,1.58,1.972656,2,True,3,1,0.3333333
2026-03-07_01.38.50,188,sign-optimization-horizontal-vertical_scenario,614,352,3,-5,2,0,90,15,1,108649,AdultMaleAgent(Clone),6,12,1.71,1.58,5.198242,2,True,2,1,0.5
2026-03-07_01.38.50,188,sign-optimization-horizontal-vertical_scenario,614,352,3,-5,2,0,90,15,1,108650,AdultMaleAgent(Clone),6,12,1.71,1.58,4.133789,2,True,2,1,0.5
2026-03-07_01.38.50,188,sign-optimization-horizontal-vertical_scenario,614,352,3,-5,2,0,90,15,1,108651,AdultMaleAgent(Clone),10,12,1.71,1.58,1.619141,2,True,3,1,0.3333333
2026-03-07_01.38.50,188,sign-optimization-horizontal-vertical_scenario,614,352,3,-5,2,0,90,15,1,108652,AdultMaleAgent(Clone),5,10,1.71,1.58,3.958008,1,True,2,1,0.5
2026-03-07_01.38.50,188,sign-optimization-horizontal-vertical_scenario,614,352,3,-5,2,0,90,15,1,108653,AdultFemaleAgent(Clone),10,12,1.58,1.45,1.46875,2,True,3,1,0.3333333
2026-03-07_01.38.50,188,sign-optimization-horizontal-vertical_scenario,614,352,3,-5,2,0,90,15,1,108654,AdultFemaleAgent(Clone),11,10,1.58,1.450001,0,0,False,3,0,0
2026-03-07_01.38.50,188,sign-optimization-horizontal-vertical_scenario,614,352,3,-5,2,0,90,15,1,108655,WheelchairAgent(Clone),7,11,1.3,1.17,11.77832,1,False,2,1,0.5
2026-03-07_01.38.50,188,sign-optimization-horizontal-vertical_scenario,614,352,3,-5,2,0,90,15,1,108656,AdultFemaleAgent(Clone),11,10,1.58,1.450001,5.050781,1,False,3,0,0
2026-03-07_01.38.50,188,sign-optimization-horizontal-vertical_scenario,614,352,3,-5,2,0,90,15,1,108657,AdultFemaleAgent(Clone),5,10,1.58,1.45,5.679688,2,True,2,1,0.5
2026-03-07_01.38.50,188,sign-optimization-horizontal-vertical_scenario,614,352,3,-5,2,0,90,15,1,108658,WheelchairAgent(Clone),5,10,1.3,1.17,6.725586,1,True,2,1,0.5
2026-03-07_01.38.50,188,sign-optimization-horizontal-vertical_scenario,614,352,3,-5,2,0,90,15,1,108659,AdultMaleAgent(Clone),7,11,1.71,1.58,11.87207,1,True,2,1,0.5
2026-03-07_01.38.50,188,sign-optimization-horizontal-vertical_scenario,614,352,3,-5,2,0,90,15,1,108660,AdultFemaleAgent(Clone),7,11,1.58,1.450001,11.27344,1,True,2,1,0.5
2026-03-07_01.38.50,188,sign-optimization-horizontal-vertical_scenario,614,352,3,-5,2,0,90,15,1,108661,WheelchairAgent(Clone),6,12,1.3,1.17,3.765625,2,False,2,1,0.5
2026-03-07_01.38.50,188,sign-optimization-horizontal-vertical_scenario,614,352,3,-5,2,0,90,15,1,108662,AdultFemaleAgent(Clone),10,12,1.58,1.45,7.645508,1,True,3,1,0.3333333
2026-03-07_01.38.50,188,sign-optimization-horizontal-vertical_scenario,614,352,3,-5,2,0,90,15,1,108663,WheelchairAgent(Clone),11,10,1.3,1.17,0,0,False,3,0,0
2026-03-07_01.38.50,188,sign-optimization-horizontal-vertical_scenario,614,352,3,-5,2,0,90,15,1,108664,AdultFemaleAgent(Clone),11,10,1.58,1.450001,0,0,False,3,0,0
2026-03-07_01.38.50,188,sign-optimization-horizontal-vertical_scenario,614,352,3,-5,2,0,90,15,1,108665,AdultFemaleAgent(Clone),11,10,1.58,1.450001,0,0,False,3,0,0
2026-03-07_01.38.50,188,sign-optimization-horizontal-vertical_scenario,614,352,3,-5,2,0,90,15,1,108666,AdultFemaleAgent(Clone),6,12,1.58,1.45,3.134766,2,True,2,1,0.5
2026-03-07_01.38.50,188,sign-optimization-horizontal-vertical_scenario,614,352,3,-5,2,0,90,15,1,108667,AdultMaleAgent(Clone),10,12,1.71,1.58,6.657227,1,True,3,1,0.3333333
2026-03-07_01.38.50,188,sign-optimization-horizontal-vertical_scenario,614,352,3,-5,2,0,90,15,1,108668,AdultMaleAgent(Clone),5,10,1.71,1.58,4.469727,1,True,2,1,0.5
2026-03-07_01.38.50,188,sign-optimization-horizontal-vertical_scenario,614,352,3,-5,2,0,90,15,1,108669,AdultFemaleAgent(Clone),7,11,1.58,1.450001,14.77734,1,True,2,1,0.5
2026-03-07_01.38.50,188,sign-optimization-horizontal-vertical_scenario,614,352,3,-5,2,0,90,15,1,108670,WheelchairAgent(Clone),7,11,1.3,1.17,12.78809,1,True,2,1,0.5
2026-03-07_01.38.50,188,sign-optimization-horizontal-vertical_scenario,614,352,3,-5,2,0,90,15,1,108671,AdultFemaleAgent(Clone),6,12,1.58,1.45,6.291016,1,True,2,1,0.5
2026-03-07_01.38.50,188,sign-optimization-horizontal-vertical_scenario,614,352,3,-5,2,0,90,15,1,108672,AdultFemaleAgent(Clone),7,11,1.58,1.450001,13.64551,1,True,2,1,0.5
2026-03-07_01.38.50,188,sign-optimization-horizontal-vertical_scenario,614,352,3,-5,2,0,90,15,1,108673,AdultMaleAgent(Clone),11,10,1.71,1.58,0,0,False,3,0,0
2026-03-07_01.38.50,188,sign-optimization-horizontal-vertical_scenario,614,352,3,-5,2,0,90,15,1,108674,AdultFemaleAgent(Clone),6,12,1.58,1.45,6.205078,1,True,2,1,0.5
2026-03-07_01.38.50,188,sign-optimization-horizontal-vertical_scenario,614,352,3,-5,2,0,90,15,1,108675,WheelchairAgent(Clone),11,10,1.3,1.17,0,0,False,3,0,0
2026-03-07_01.38.50,188,sign-optimization-horizontal-vertical_scenario,614,352,3,-5,2,0,90,15,1,108676,AdultFemaleAgent(Clone),11,10,1.58,1.450001,0,0,False,3,0,0
2026-03-07_01.38.50,188,sign-optimization-horizontal-vertical_scenario,614,352,3,-5,2,0,90,15,1,108677,AdultFemaleAgent(Clone),5,10,1.58,1.45,5.508789,1,True,2,1,0.5
2026-03-07_01.38.50,188,sign-optimization-horizontal-vertical_scenario,614,352,3,-5,2,0,90,15,1,108678,AdultMaleAgent(Clone),10,12,1.71,1.58,6.112305,1,True,3,1,0.3333333
2026-03-07_01.38.50,188,sign-optimization-horizontal-vertical_scenario,614,352,3,-5,2,0,90,15,1,108679,AdultMaleAgent(Clone),10,12,1.71,1.58,6.417969,1,True,3,1,0.3333333
2026-03-07_01.38.50,188,sign-optimization-horizontal-vertical_scenario,614,352,3,-5,2,0,90,15,1,108680,AdultMaleAgent(Clone),7,11,1.71,1.58,11.38965,1,True,2,1,0.5
2026-03-07_01.38.50,188,sign-optimization-horizontal-vertical_scenario,614,352,3,-5,2,0,90,15,1,108681,AdultFemaleAgent(Clone),6,12,1.58,1.45,2.946289,1,False,2,1,0.5
2026-03-07_01.38.50,188,sign-optimization-horizontal-vertical_scenario,614,352,3,-5,2,0,90,15,1,108682,WheelchairAgent(Clone),11,10,1.3,1.17,0,0,False,3,0,0
2026-03-07_01.38.50,188,sign-optimization-horizontal-vertical_scenario,614,352,3,-5,2,0,90,15,1,108683,WheelchairAgent(Clone),10,12,1.3,1.17,6.847656,1,True,3,1,0.3333333
2026-03-07_01.38.50,188,sign-optimization-horizontal-vertical_scenario,614,352,3,-5,2,0,90,15,1,108684,AdultMaleAgent(Clone),5,10,1.71,1.58,5.572266,1,True,2,1,0.5
2026-03-07_01.38.50,188,sign-optimization-horizontal-vertical_scenario,614,352,3,-5,2,0,90,15,1,108685,AdultMaleAgent(Clone),6,12,1.71,1.58,5.416992,1,True,2,1,0.5
2026-03-07_01.38.50,188,sign-optimization-horizontal-vertical_scenario,614,352,3,-5,2,0,90,15,1,108686,AdultFemaleAgent(Clone),11,10,1.58,1.450001,0,0,False,3,0,0
2026-03-07_01.38.50,188,sign-optimization-horizontal-vertical_scenario,614,352,3,-5,2,0,90,15,1,108687,AdultFemaleAgent(Clone),7,11,1.58,1.450001,9.569336,1,True,2,1,0.5
2026-03-07_01.38.50,188,sign-optimization-horizontal-vertical_scenario,614,352,3,-5,2,0,90,15,1,108688,AdultMaleAgent(Clone),7,11,1.71,1.58,0,0,True,2,1,0.5
2026-03-07_01.38.50,188,sign-optimization-horizontal-vertical_scenario,614,352,3,-5,2,0,90,15,1,108689,AdultFemaleAgent(Clone),10,12,1.58,1.45,6.504883,1,True,3,1,0.3333333
2026-03-07_01.38.50,188,sign-optimization-horizontal-vertical_scenario,614,352,3,-5,2,0,90,15,1,108690,AdultFemaleAgent(Clone),6,12,1.58,1.45,5.009766,1,True,2,1,0.5
2026-03-07_01.38.50,188,sign-optimization-horizontal-vertical_scenario,614,352,3,-5,2,0,90,15,1,108691,WheelchairAgent(Clone),6,12,1.3,1.17,5.820313,1,True,2,1,0.5
2026-03-07_01.38.50,188,sign-optimization-horizontal-vertical_scenario,614,352,3,-5,2,0,90,15,1,108692,WheelchairAgent(Clone),10,12,1.3,1.17,6.552734,1,True,3,1,0.3333333
2026-03-07_01.38.50,188,sign-optimization-horizontal-vertical_scenario,614,352,3,-5,2,0,90,15,1,108693,WheelchairAgent(Clone),11,10,1.3,1.17,0,0,False,3,0,0
2026-03-07_01.38.50,188,sign-optimization-horizontal-vertical_scenario,614,352,3,-5,2,0,90,15,1,108694,AdultMaleAgent(Clone),11,10,1.71,1.58,0,0,False,3,0,0
2026-03-07_01.38.50,188,sign-optimization-horizontal-vertical_scenario,614,352,3,-5,2,0,90,15,1,108695,AdultMaleAgent(Clone),5,10,1.71,1.58,5.741211,1,True,2,1,0.5
2026-03-07_01.38.50,188,sign-optimization-horizontal-vertical_scenario,614,352,3,-5,2,0,90,15,1,108696,AdultFemaleAgent(Clone),7,11,1.58,1.450001,8.62793,1,True,2,1,0.5
2026-03-07_01.38.50,188,sign-optimization-horizontal-vertical_scenario,614,352,3,-5,2,0,90,15,1,108697,WheelchairAgent(Clone),11,10,1.3,1.17,0,0,False,3,0,0
2026-03-07_01.38.50,188,sign-optimization-horizontal-vertical_scenario,614,352,3,-5,2,0,90,15,1,108698,AdultFemaleAgent(Clone),7,11,1.58,1.450001,10.09766,1,True,2,1,0.5
2026-03-07_01.38.50,188,sign-optimization-horizontal-vertical_scenario,614,352,3,-5,2,0,90,15,1,108699,AdultFemaleAgent(Clone),10,12,1.58,1.45,7.410156,1,True,3,1,0.3333333
2026-03-07_01.38.50,188,sign-optimization-horizontal-vertical_scenario,614,352,3,-5,2,0,90,15,1,108700,AdultMaleAgent(Clone),11,10,1.71,1.58,0,0,False,3,0,0
2026-03-07_01.38.50,188,sign-optimization-horizontal-vertical_scenario,614,352,3,-5,2,0,90,15,1,108701,AdultMaleAgent(Clone),7,11,1.71,1.58,0,0,True,2,1,0.5
2026-03-07_01.38.50,188,sign-optimization-horizontal-vertical_scenario,614,352,3,-5,2,0,90,15,1,108702,AdultMaleAgent(Clone),7,11,1.71,1.58,0,0,True,2,1,0.5
2026-03-07_01.38.50,188,sign-optimization-horizontal-vertical_scenario,614,352,3,-5,2,0,90,15,1,108703,AdultFemaleAgent(Clone),5,10,1.58,1.45,6.167969,1,True,2,1,0.5
2026-03-07_01.38.50,188,sign-optimization-horizontal-vertical_scenario,614,352,3,-5,2,0,90,15,1,108704,AdultFemaleAgent(Clone),7,11,1.58,1.450001,0,0,True,2,1,0.5
2026-03-07_01.38.50,188,sign-optimization-horizontal-vertical_scenario,614,352,3,-5,2,0,90,15,1,108705,AdultMaleAgent(Clone),10,12,1.71,1.58,6.431641,1,True,3,1,0.3333333
2026-03-07_01.38.50,188,sign-optimization-horizontal-vertical_scenario,614,352,3,-5,2,0,90,15,1,108706,AdultMaleAgent(Clone),11,10,1.71,1.58,0,0,False,3,0,0
2026-03-07_01.38.50,188,sign-optimization-horizontal-vertical_scenario,614,352,3,-5,2,0,90,15,1,108707,WheelchairAgent(Clone),6,12,1.3,1.17,6.858398,1,True,2,1,0.5
2026-03-07_01.38.50,188,sign-optimization-horizontal-vertical_scenario,614,352,3,-5,2,0,90,15,1,108708,AdultMaleAgent(Clone),7,11,1.71,1.58,0,0,True,2,1,0.5
2026-03-07_01.38.50,188,sign-optimization-horizontal-vertical_scenario,614,352,3,-5,2,0,90,15,1,108709,AdultMaleAgent(Clone),11,10,1.71,1.58,0,0,False,3,0,0
2026-03-07_01.38.50,188,sign-optimization-horizontal-vertical_scenario,614,352,3,-5,2,0,90,15,1,108710,AdultFemaleAgent(Clone),11,10,1.58,1.450001,0,0,False,3,0,0
2026-03-07_01.38.50,188,sign-optimization-horizontal-vertical_scenario,614,352,3,-5,2,0,90,15,1,108711,AdultFemaleAgent(Clone),11,10,1.58,1.450001,0,0,False,3,0,0
2026-03-07_01.38.50,188,sign-optimization-horizontal-vertical_scenario,614,352,3,-5,2,0,90,15,1,108712,AdultFemaleAgent(Clone),10,12,1.58,1.45,5.5,1,True,3,1,0.3333333
2026-03-07_01.38.50,188,sign-optimization-horizontal-vertical_scenario,614,352,3,-5,2,0,90,15,1,108713,WheelchairAgent(Clone),11,10,1.3,1.17,0,0,False,3,0,0
2026-03-07_01.38.50,188,sign-optimization-horizontal-vertical_scenario,614,352,3,-5,2,0,90,15,1,108714,AdultFemaleAgent(Clone),11,10,1.58,1.450001,0,0,False,3,0,0
2026-03-07_01.38.50,188,sign-optimization-horizontal-vertical_scenario,614,352,3,-5,2,0,90,15,1,108715,AdultFemaleAgent(Clone),6,12,1.58,1.45,5.581055,1,True,2,1,0.5
2026-03-07_01.38.50,188,sign-optimization-horizontal-vertical_scenario,614,352,3,-5,2,0,90,15,1,108716,WheelchairAgent(Clone),11,10,1.3,1.17,0,0,False,3,0,0
2026-03-07_01.38.50,188,sign-optimization-horizontal-vertical_scenario,614,352,3,-5,2,0,90,15,1,108717,AdultFemaleAgent(Clone),6,12,1.58,1.45,5.111328,1,True,2,1,0.5
2026-03-07_01.38.50,188,sign-optimization-horizontal-vertical_scenario,614,352,3,-5,2,0,90,15,1,108718,WheelchairAgent(Clone),7,11,1.3,1.17,0,0,True,2,1,0.5
2026-03-07_01.38.50,188,sign-optimization-horizontal-vertical_scenario,614,352,3,-5,2,0,90,15,1,108719,AdultMaleAgent(Clone),10,12,1.71,1.58,6.521484,1,True,3,1,0.3333333
2026-03-07_01.38.50,188,sign-optimization-horizontal-vertical_scenario,614,352,3,-5,2,0,90,15,1,108720,WheelchairAgent(Clone),6,12,1.3,1.17,3.28418,1,False,2,1,0.5
2026-03-07_01.38.50,188,sign-optimization-horizontal-vertical_scenario,614,352,3,-5,2,0,90,15,1,108721,AdultFemaleAgent(Clone),11,10,1.58,1.450001,0,0,False,3,0,0
2026-03-07_01.38.50,188,sign-optimization-horizontal-vertical_scenario,614,352,3,-5,2,0,90,15,1,108722,AdultMaleAgent(Clone),6,12,1.71,1.58,5.885742,1,True,2,1,0.5
2026-03-07_01.38.50,188,sign-optimization-horizontal-vertical_scenario,614,352,3,-5,2,0,90,15,1,108723,AdultFemaleAgent(Clone),6,12,1.58,1.45,3.466797,1,True,2,1,0.5
2026-03-07_01.38.50,188,sign-optimization-horizontal-vertical_scenario,614,352,3,-5,2,0,90,15,1,108724,AdultMaleAgent(Clone),10,12,1.71,1.58,7.237305,1,True,3,1,0.3333333
2026-03-07_01.38.50,188,sign-optimization-horizontal-vertical_scenario,614,352,3,-5,2,0,90,15,1,108725,WheelchairAgent(Clone),6,12,1.3,1.17,5.59668,1,True,2,1,0.5
2026-03-07_01.38.50,188,sign-optimization-horizontal-vertical_scenario,614,352,3,-5,2,0,90,15,1,108726,AdultFemaleAgent(Clone),6,12,1.58,1.45,5.269531,1,True,2,1,0.5
2026-03-07_01.38.50,188,sign-optimization-horizontal-vertical_scenario,614,352,3,-5,2,0,90,15,1,108727,AdultFemaleAgent(Clone),5,10,1.58,1.45,5.233398,1,True,2,1,0.5
2026-03-07_01.38.50,188,sign-optimization-horizontal-vertical_scenario,614,352,3,-5,2,0,90,15,1,108728,WheelchairAgent(Clone),10,12,1.3,1.17,7.436523,1,True,3,1,0.3333333
2026-03-07_01.38.50,188,sign-optimization-horizontal-vertical_scenario,614,352,3,-5,2,0,90,15,1,108729,AdultFemaleAgent(Clone),6,12,1.58,1.45,7.019531,1,True,2,1,0.5
2026-03-07_01.38.50,188,sign-optimization-horizontal-vertical_scenario,614,352,3,-5,2,0,90,15,1,108730,AdultFemaleAgent(Clone),5,10,1.58,1.45,6.008789,1,True,2,1,0.5
2026-03-07_01.38.50,188,sign-optimization-horizontal-vertical_scenario,614,352,3,-5,2,0,90,15,1,108731,AdultMaleAgent(Clone),5,10,1.71,1.58,6.644531,1,True,2,1,0.5
2026-03-07_01.38.50,188,sign-optimization-horizontal-vertical_scenario,614,352,3,-5,2,0,90,15,1,108732,AdultMaleAgent(Clone),10,12,1.71,1.58,5.540039,1,True,3,1,0.3333333
2026-03-07_01.38.50,188,sign-optimization-horizontal-vertical_scenario,614,352,3,-5,2,0,90,15,1,108733,AdultMaleAgent(Clone),10,12,1.71,1.58,7.139648,1,True,3,1,0.3333333
2026-03-07_01.38.50,188,sign-optimization-horizontal-vertical_scenario,614,352,3,-5,2,0,90,15,1,108734,AdultMaleAgent(Clone),11,10,1.71,1.58,0,0,False,3,0,0
2026-03-07_01.38.50,188,sign-optimization-horizontal-vertical_scenario,614,352,3,-5,2,0,90,15,1,108735,AdultFemaleAgent(Clone),6,12,1.58,1.45,5.581055,1,True,2,1,0.5
2026-03-07_01.38.50,188,sign-optimization-horizontal-vertical_scenario,614,352,3,-5,2,0,90,15,1,108736,AdultMaleAgent(Clone),10,12,1.71,1.58,7.939453,1,True,3,1,0.3333333
2026-03-07_01.38.50,188,sign-optimization-horizontal-vertical_scenario,614,352,3,-5,2,0,90,15,1,108737,AdultFemaleAgent(Clone),7,11,1.58,1.450001,0,0,True,2,1,0.5
2026-03-07_01.38.50,188,sign-optimization-horizontal-vertical_scenario,614,352,3,-5,2,0,90,15,1,108738,AdultMaleAgent(Clone),5,10,1.71,1.58,6.477539,1,True,2,1,0.5
2026-03-07_01.38.50,188,sign-optimization-horizontal-vertical_scenario,614,352,3,-5,2,0,90,15,1,108739,AdultFemaleAgent(Clone),11,10,1.58,1.450001,0,0,False,3,0,0
2026-03-07_01.38.50,188,sign-optimization-horizontal-vertical_scenario,614,352,3,-5,2,0,90,15,1,108740,AdultFemaleAgent(Clone),10,12,1.58,1.45,6.711914,1,True,3,1,0.3333333
2026-03-07_01.38.50,188,sign-optimization-horizontal-vertical_scenario,614,352,3,-5,2,0,90,15,1,108741,AdultMaleAgent(Clone),11,10,1.71,1.58,0,0,False,3,0,0
2026-03-07_01.38.50,188,sign-optimization-horizontal-vertical_scenario,614,352,3,-5,2,0,90,15,1,108742,WheelchairAgent(Clone),6,12,1.3,1.17,5.975586,1,True,2,1,0.5
2026-03-07_01.38.50,188,sign-optimization-horizontal-vertical_scenario,614,352,3,-5,2,0,90,15,1,108743,AdultMaleAgent(Clone),11,10,1.71,1.58,0,0,False,3,0,0
2026-03-07_01.38.50,188,sign-optimization-horizontal-vertical_scenario,614,352,3,-5,2,0,90,15,1,108744,WheelchairAgent(Clone),6,12,1.3,1.17,3.210938,1,False,2,0,0
2026-03-07_01.38.50,188,sign-optimization-horizontal-vertical_scenario,614,352,3,-5,2,0,90,15,1,108745,AdultFemaleAgent(Clone),6,12,1.58,1.45,6.277344,1,True,2,1,0.5
2026-03-07_01.38.50,188,sign-optimization-horizontal-vertical_scenario,614,352,3,-5,2,0,90,15,1,108746,WheelchairAgent(Clone),5,10,1.3,1.17,6.672852,1,True,2,1,0.5
2026-03-07_01.38.50,188,sign-optimization-horizontal-vertical_scenario,614,352,3,-5,2,0,90,15,1,108747,AdultFemaleAgent(Clone),6,12,1.58,1.45,5.957031,1,True,2,1,0.5
2026-03-07_01.38.50,188,sign-optimization-horizontal-vertical_scenario,614,352,3,-5,2,0,90,15,1,108748,AdultMaleAgent(Clone),5,10,1.71,1.58,5.613281,1,True,2,1,0.5
2026-03-07_01.38.50,188,sign-optimization-horizontal-vertical_scenario,614,352,3,-5,2,0,90,15,1,108749,AdultFemaleAgent(Clone),5,10,1.58,1.45,3.638672,1,True,2,1,0.5
2026-03-07_01.38.50,188,sign-optimization-horizontal-vertical_scenario,614,352,3,-5,2,0,90,15,1,108750,AdultFemaleAgent(Clone),6,12,1.58,1.45,4.416992,1,True,2,1,0.5
2026-03-07_01.38.50,188,sign-optimization-horizontal-vertical_scenario,614,352,3,-5,2,0,90,15,1,108751,WheelchairAgent(Clone),5,10,1.3,1.17,7.506836,1,True,2,1,0.5
2026-03-07_01.38.50,188,sign-optimization-horizontal-vertical_scenario,614,352,3,-5,2,0,90,15,1,108752,AdultFemaleAgent(Clone),10,12,1.58,1.45,6.745117,1,True,3,1,0.3333333
2026-03-07_01.38.50,188,sign-optimization-horizontal-vertical_scenario,614,352,3,-5,2,0,90,15,1,108753,AdultMaleAgent(Clone),7,11,1.71,1.58,0,0,True,2,1,0.5
2026-03-07_01.38.50,188,sign-optimization-horizontal-vertical_scenario,614,352,3,-5,2,0,90,15,1,108754,WheelchairAgent(Clone),10,12,1.3,1.17,7.299805,1,True,3,1,0.3333333
2026-03-07_01.38.50,188,sign-optimization-horizontal-vertical_scenario,614,352,3,-5,2,0,90,15,1,108755,AdultFemaleAgent(Clone),11,10,1.58,1.450001,0,0,False,3,0,0
2026-03-07_01.38.50,188,sign-optimization-horizontal-vertical_scenario,614,352,3,-5,2,0,90,15,1,108756,AdultMaleAgent(Clone),5,10,1.71,1.58,5.517578,1,True,2,1,0.5
2026-03-07_01.38.50,188,sign-optimization-horizontal-vertical_scenario,614,352,3,-5,2,0,90,15,1,108757,WheelchairAgent(Clone),5,10,1.3,1.17,4.865234,1,True,2,1,0.5
2026-03-07_01.38.50,188,sign-optimization-horizontal-vertical_scenario,614,352,3,-5,2,0,90,15,1,108758,AdultFemaleAgent(Clone),10,12,1.58,1.45,7.575195,1,False,3,1,0.3333333
2026-03-07_01.38.50,188,sign-optimization-horizontal-vertical_scenario,614,352,3,-5,2,0,90,15,1,108759,AdultFemaleAgent(Clone),6,12,1.58,1.45,3.925781,1,True,2,1,0.5
2026-03-07_01.38.50,188,sign-optimization-horizontal-vertical_scenario,614,352,3,-5,2,0,90,15,1,108760,AdultFemaleAgent(Clone),6,12,1.58,1.45,2.597656,1,True,2,1,0.5
2026-03-07_01.38.50,188,sign-optimization-horizontal-vertical_scenario,614,352,3,-5,2,0,90,15,1,108761,AdultMaleAgent(Clone),6,12,1.71,1.58,6.355469,1,True,2,1,0.5
2026-03-07_01.38.50,188,sign-optimization-horizontal-vertical_scenario,614,352,3,-5,2,0,90,15,1,108762,WheelchairAgent(Clone),7,11,1.3,1.17,0,0,False,2,1,0.5
2026-03-07_01.38.50,188,sign-optimization-horizontal-vertical_scenario,614,352,3,-5,2,0,90,15,1,108763,AdultFemaleAgent(Clone),10,12,1.58,1.45,6.595703,1,True,3,1,0.3333333
2026-03-07_01.38.50,188,sign-optimization-horizontal-vertical_scenario,614,352,3,-5,2,0,90,15,1,108764,AdultMaleAgent(Clone),6,12,1.71,1.58,6.896484,1,True,2,1,0.5
2026-03-07_01.38.50,188,sign-optimization-horizontal-vertical_scenario,614,352,3,-5,2,0,90,15,1,108765,AdultFemaleAgent(Clone),11,10,1.58,1.450001,0,0,False,3,0,0
2026-03-07_01.38.50,188,sign-optimization-horizontal-vertical_scenario,614,352,3,-5,2,0,90,15,1,108766,AdultFemaleAgent(Clone),6,12,1.58,1.45,5.748047,1,True,2,1,0.5
2026-03-07_01.38.50,188,sign-optimization-horizontal-vertical_scenario,614,352,3,-5,2,0,90,15,1,108767,AdultMaleAgent(Clone),5,10,1.71,1.58,5.912109,1,True,2,1,0.5
2026-03-07_01.38.50,188,sign-optimization-horizontal-vertical_scenario,614,352,3,-5,2,0,90,15,1,108768,AdultFemaleAgent(Clone),6,12,1.58,1.45,3.985352,1,True,2,1,0.5
2026-03-07_01.38.50,188,sign-optimization-horizontal-vertical_scenario,614,352,3,-5,2,0,90,15,1,108769,WheelchairAgent(Clone),6,12,1.3,1.17,5.324219,1,False,2,1,0.5
2026-03-07_01.38.50,188,sign-optimization-horizontal-vertical_scenario,614,352,3,-5,2,0,90,15,1,108770,AdultFemaleAgent(Clone),6,12,1.58,1.45,6.753906,1,True,2,1,0.5
2026-03-07_01.38.50,188,sign-optimization-horizontal-vertical_scenario,614,352,3,-5,2,0,90,15,1,108771,WheelchairAgent(Clone),7,11,1.3,1.17,0,0,False,2,1,0.5
2026-03-07_01.38.50,188,sign-optimization-horizontal-vertical_scenario,614,352,3,-5,2,0,90,15,1,108772,AdultMaleAgent(Clone),5,10,1.71,1.58,6.109375,1,True,2,1,0.5
2026-03-07_01.38.50,188,sign-optimization-horizontal-vertical_scenario,614,352,3,-5,2,0,90,15,1,108773,AdultMaleAgent(Clone),11,10,1.71,1.58,0,0,False,3,0,0
2026-03-07_01.38.50,188,sign-optimization-horizontal-vertical_scenario,614,352,3,-5,2,0,90,15,1,108774,AdultMaleAgent(Clone),7,11,1.71,1.58,0,0,True,2,1,0.5
2026-03-07_01.38.50,188,sign-optimization-horizontal-vertical_scenario,614,352,3,-5,2,0,90,15,1,108775,AdultMaleAgent(Clone),5,10,1.71,1.58,4.640625,1,True,2,1,0.5
2026-03-07_01.38.50,188,sign-optimization-horizontal-vertical_scenario,614,352,3,-5,2,0,90,15,1,108776,AdultMaleAgent(Clone),6,12,1.71,1.58,3.833008,1,True,2,1,0.5
2026-03-07_01.38.50,188,sign-optimization-horizontal-vertical_scenario,614,352,3,-5,2,0,90,15,1,108777,WheelchairAgent(Clone),6,12,1.3,1.17,4.130859,1,False,2,1,0.5
2026-03-07_01.38.50,188,sign-optimization-horizontal-vertical_scenario,614,352,3,-5,2,0,90,15,1,108778,WheelchairAgent(Clone),7,11,1.3,1.17,0,0,False,2,1,0.5
2026-03-07_01.38.50,188,sign-optimization-horizontal-vertical_scenario,614,352,3,-5,2,0,90,15,1,108779,AdultFemaleAgent(Clone),7,11,1.58,1.450001,0,0,True,2,1,0.5
2026-03-07_01.38.50,188,sign-optimization-horizontal-vertical_scenario,614,352,3,-5,2,0,90,15,1,108780,AdultMaleAgent(Clone),7,11,1.71,1.58,0,0,True,2,1,0.5
2026-03-07_01.38.50,188,sign-optimization-horizontal-vertical_scenario,614,352,3,-5,2,0,90,15,1,108781,WheelchairAgent(Clone),10,12,1.3,1.17,6.999023,1,True,3,1,0.3333333
2026-03-07_01.38.50,188,sign-optimization-horizontal-vertical_scenario,614,352,3,-5,2,0,90,15,1,108782,WheelchairAgent(Clone),10,12,1.3,1.17,6.755859,1,True,3,1,0.3333333
2026-03-07_01.38.50,188,sign-optimization-horizontal-vertical_scenario,614,352,3,-5,2,0,90,15,1,108783,WheelchairAgent(Clone),5,10,1.3,1.17,0,0,False,2,1,0.5
2026-03-07_01.38.50,188,sign-optimization-horizontal-vertical_scenario,614,352,3,-5,2,0,90,15,1,108784,WheelchairAgent(Clone),10,12,1.3,1.17,6.824219,1,True,3,1,0.3333333
2026-03-07_01.38.50,188,sign-optimization-horizontal-vertical_scenario,614,352,3,-5,2,0,90,15,1,108785,WheelchairAgent(Clone),11,10,1.3,1.17,0,0,False,3,0,0
2026-03-07_01.38.50,188,sign-optimization-horizontal-vertical_scenario,614,352,3,-5,2,0,90,15,1,108786,AdultMaleAgent(Clone),5,10,1.71,1.58,5.602539,1,True,2,1,0.5
2026-03-07_01.38.50,188,sign-optimization-horizontal-vertical_scenario,614,352,3,-5,2,0,90,15,1,108787,AdultMaleAgent(Clone),5,10,1.71,1.58,0,0,True,2,1,0.5
2026-03-07_01.38.50,188,sign-optimization-horizontal-vertical_scenario,614,352,3,-5,2,0,90,15,1,108788,AdultFemaleAgent(Clone),7,11,1.58,1.450001,0,0,False,2,1,0.5
2026-03-07_01.38.50,188,sign-optimization-horizontal-vertical_scenario,614,352,3,-5,2,0,90,15,1,108789,AdultFemaleAgent(Clone),10,12,1.58,1.45,6.821289,1,True,3,1,0.3333333
2026-03-07_01.38.50,188,sign-optimization-horizontal-vertical_scenario,614,352,3,-5,2,0,90,15,1,108790,AdultFemaleAgent(Clone),10,12,1.58,1.45,0,0,True,3,1,0.3333333
2026-03-07_01.38.50,188,sign-optimization-horizontal-vertical_scenario,614,352,3,-5,2,0,90,15,1,108791,AdultMaleAgent(Clone),11,10,1.71,1.58,0,0,False,3,0,0
2026-03-07_01.38.50,188,sign-optimization-horizontal-vertical_scenario,614,352,3,-5,2,0,90,15,1,108792,AdultMaleAgent(Clone),5,10,1.71,1.58,0,0,True,2,1,0.5
2026-03-07_01.38.50,188,sign-optimization-horizontal-vertical_scenario,614,352,3,-5,2,0,90,15,1,108793,WheelchairAgent(Clone),5,10,1.3,1.17,0,0,False,2,1,0.5
2026-03-07_01.38.50,188,sign-optimization-horizontal-vertical_scenario,614,352,3,-5,2,0,90,15,1,108794,AdultMaleAgent(Clone),6,12,1.71,1.58,6.24707,1,True,2,1,0.5
2026-03-07_01.38.50,188,sign-optimization-horizontal-vertical_scenario,614,352,3,-5,2,0,90,15,1,108795,AdultFemaleAgent(Clone),6,12,1.58,1.45,4.519531,1,True,2,1,0.5
2026-03-07_01.38.50,188,sign-optimization-horizontal-vertical_scenario,614,352,3,-5,2,0,90,15,1,108796,WheelchairAgent(Clone),10,12,1.3,1.17,6.673828,1,True,3,1,0.3333333
2026-03-07_01.38.50,188,sign-optimization-horizontal-vertical_scenario,614,352,3,-5,2,0,90,15,1,108797,AdultMaleAgent(Clone),7,11,1.71,1.58,0,0,False,2,1,0.5
2026-03-07_01.38.50,188,sign-optimization-horizontal-vertical_scenario,614,352,3,-5,2,0,90,15,1,108798,AdultMaleAgent(Clone),10,12,1.71,1.58,6.84375,1,True,3,1,0.3333333
2026-03-07_01.38.50,188,sign-optimization-horizontal-vertical_scenario,614,352,3,-5,2,0,90,15,1,108799,AdultMaleAgent(Clone),7,11,1.71,1.58,0,0,True,2,1,0.5
2026-03-07_01.38.50,188,sign-optimization-horizontal-vertical_scenario,614,352,3,-5,2,0,90,15,1,108800,WheelchairAgent(Clone),5,10,1.3,1.17,0,0,True,2,1,0.5
2026-03-07_01.38.50,188,sign-optimization-horizontal-vertical_scenario,614,352,3,-5,2,0,90,15,1,108801,AdultFemaleAgent(Clone),11,10,1.58,1.450001,0,0,False,3,0,0
2026-03-07_01.38.50,188,sign-optimization-horizontal-vertical_scenario,614,352,3,-5,2,0,90,15,1,108802,WheelchairAgent(Clone),11,10,1.3,1.17,0,0,False,3,0,0
2026-03-07_01.38.50,188,sign-optimization-horizontal-vertical_scenario,614,352,3,-5,2,0,90,15,1,108803,WheelchairAgent(Clone),6,12,1.3,1.17,0,0,True,2,1,0.5
2026-03-07_01.38.50,188,sign-optimization-horizontal-vertical_scenario,614,352,3,-5,2,0,90,15,1,108804,WheelchairAgent(Clone),7,11,1.3,1.17,0,0,False,2,1,0.5
2026-03-07_01.38.50,188,sign-optimization-horizontal-vertical_scenario,614,352,3,-5,2,0,90,15,1,108805,AdultFemaleAgent(Clone),7,11,1.58,1.450001,0,0,True,2,1,0.5
2026-03-07_01.38.50,188,sign-optimization-horizontal-vertical_scenario,614,352,3,-5,2,0,90,15,1,108806,WheelchairAgent(Clone),11,10,1.3,1.17,0,0,False,3,0,0
2026-03-07_01.38.50,188,sign-optimization-horizontal-vertical_scenario,614,352,3,-5,2,0,90,15,1,108807,WheelchairAgent(Clone),11,10,1.3,1.17,0,0,False,3,0,0
2026-03-07_01.38.50,188,sign-optimization-horizontal-vertical_scenario,614,352,3,-5,2,0,90,15,1,108808,AdultMaleAgent(Clone),6,12,1.71,1.58,2.401367,1,True,2,1,0.5
2026-03-07_01.38.50,188,sign-optimization-horizontal-vertical_scenario,614,352,3,-5,2,0,90,15,1,108809,AdultMaleAgent(Clone),10,12,1.71,1.58,0,0,True,3,1,0.3333333
2026-03-07_01.38.50,188,sign-optimization-horizontal-vertical_scenario,614,352,3,-5,2,0,90,15,1,108810,AdultMaleAgent(Clone),10,12,1.71,1.58,0,0,True,3,1,0.3333333
2026-03-07_01.38.50,188,sign-optimization-horizontal-vertical_scenario,614,352,3,-5,2,0,90,15,1,108811,AdultFemaleAgent(Clone),6,12,1.58,1.45,3.654297,1,True,2,1,0.5
2026-03-07_01.38.50,188,sign-optimization-horizontal-vertical_scenario,614,352,3,-5,2,0,90,15,1,108812,WheelchairAgent(Clone),6,12,1.3,1.17,0,0,False,2,1,0.5
2026-03-07_01.38.50,188,sign-optimization-horizontal-vertical_scenario,614,352,3,-5,2,0,90,15,1,108813,AdultFemaleAgent(Clone),6,12,1.58,1.45,0,0,True,2,1,0.5
2026-03-07_01.38.50,188,sign-optimization-horizontal-vertical_scenario,614,352,3,-5,2,0,90,15,1,108814,AdultFemaleAgent(Clone),5,10,1.58,1.45,0,0,False,2,1,0.5
2026-03-07_01.38.50,188,sign-optimization-horizontal-vertical_scenario,614,352,3,-5,2,0,90,15,1,108815,AdultFemaleAgent(Clone),7,11,1.58,1.450001,0,0,False,2,1,0.5
2026-03-07_01.38.50,188,sign-optimization-horizontal-vertical_scenario,614,352,3,-5,2,0,90,15,1,108816,AdultFemaleAgent(Clone),5,10,1.58,1.45,0,0,True,2,1,0.5
2026-03-07_01.38.50,188,sign-optimization-horizontal-vertical_scenario,614,352,3,-5,2,0,90,15,1,108817,AdultMaleAgent(Clone),6,12,1.71,1.58,0,0,True,2,1,0.5
2026-03-07_01.38.50,188,sign-optimization-horizontal-vertical_scenario,614,352,3,-5,2,0,90,15,1,108818,WheelchairAgent(Clone),6,12,1.3,1.17,0,0,False,2,1,0.5
2026-03-07_01.38.50,188,sign-optimization-horizontal-vertical_scenario,614,352,3,-5,2,0,90,15,1,108819,AdultFemaleAgent(Clone),5,10,1.58,1.45,0,0,False,2,0,0
2026-03-07_01.38.50,188,sign-optimization-horizontal-vertical_scenario,614,352,3,-5,2,0,90,15,1,108820,AdultMaleAgent(Clone),5,10,1.71,1.58,0,0,True,2,1,0.5
2026-03-07_01.38.50,188,sign-optimization-horizontal-vertical_scenario,614,352,3,-5,2,0,90,15,1,108821,AdultFemaleAgent(Clone),6,12,1.58,1.45,0,0,True,2,1,0.5
2026-03-07_01.38.50,188,sign-optimization-horizontal-vertical_scenario,614,352,3,-5,2,0,90,15,1,108822,AdultFemaleAgent(Clone),5,10,1.58,1.45,0,0,False,2,1,0.5
2026-03-07_01.38.50,188,sign-optimization-horizontal-vertical_scenario,614,352,3,-5,2,0,90,15,1,108823,WheelchairAgent(Clone),7,11,1.3,1.17,0,0,False,2,1,0.5
2026-03-07_01.38.50,188,sign-optimization-horizontal-vertical_scenario,614,352,3,-5,2,0,90,15,1,108824,AdultMaleAgent(Clone),11,10,1.71,1.58,0,0,False,3,0,0
2026-03-07_01.38.50,188,sign-optimization-horizontal-vertical_scenario,614,352,3,-5,2,0,90,15,1,108825,AdultFemaleAgent(Clone),11,10,1.58,1.450001,0,0,False,3,0,0
2026-03-07_01.38.50,188,sign-optimization-horizontal-vertical_scenario,614,352,3,-5,2,0,90,15,1,108826,AdultMaleAgent(Clone),7,11,1.71,1.58,0,0,True,2,1,0.5
2026-03-07_01.38.50,188,sign-optimization-horizontal-vertical_scenario,614,352,3,-5,2,0,90,15,1,108827,AdultMaleAgent(Clone),5,10,1.71,1.58,0,0,True,2,1,0.5
2026-03-07_01.38.50,188,sign-optimization-horizontal-vertical_scenario,614,352,3,-5,2,0,90,15,1,108828,AdultFemaleAgent(Clone),5,10,1.58,1.45,0,0,False,2,1,0.5
2026-03-07_01.38.50,188,sign-optimization-horizontal-vertical_scenario,614,352,3,-5,2,0,90,15,1,108829,AdultMaleAgent(Clone),6,12,1.71,1.58,0,0,True,2,1,0.5
2026-03-07_01.38.50,188,sign-optimization-horizontal-vertical_scenario,614,352,3,-5,2,0,90,15,1,108830,AdultMaleAgent(Clone),10,12,1.71,1.58,0,0,True,3,1,0.3333333
2026-03-07_01.38.50,188,sign-optimization-horizontal-vertical_scenario,614,352,3,-5,2,0,90,15,1,108831,AdultFemaleAgent(Clone),11,10,1.58,1.450001,0,0,False,3,0,0
2026-03-07_01.38.50,188,sign-optimization-horizontal-vertical_scenario,614,352,3,-5,2,0,90,15,1,108832,WheelchairAgent(Clone),7,11,1.3,1.17,0,0,False,2,1,0.5
2026-03-07_01.38.50,188,sign-optimization-horizontal-vertical_scenario,614,352,3,-5,2,0,90,15,1,108833,AdultFemaleAgent(Clone),11,10,1.58,1.450001,0,0,False,3,0,0
2026-03-07_01.38.50,188,sign-optimization-horizontal-vertical_scenario,614,352,3,-5,2,0,90,15,1,108834,AdultMaleAgent(Clone),5,10,1.71,1.58,0,0,False,2,0,0
2026-03-07_01.38.50,188,sign-optimization-horizontal-vertical_scenario,614,352,3,-5,2,0,90,15,1,108835,AdultMaleAgent(Clone),10,12,1.71,1.58,0,0,True,3,1,0.3333333
2026-03-07_01.38.50,188,sign-optimization-horizontal-vertical_scenario,614,352,3,-5,2,0,90,15,1,108836,AdultMaleAgent(Clone),11,10,1.71,1.58,0,0,False,3,0,0
2026-03-07_01.38.50,188,sign-optimization-horizontal-vertical_scenario,614,352,3,-5,2,0,90,15,1,108837,WheelchairAgent(Clone),5,10,1.3,1.17,0,0,False,2,1,0.5
2026-03-07_01.38.50,188,sign-optimization-horizontal-vertical_scenario,614,352,3,-5,2,0,90,15,1,108838,WheelchairAgent(Clone),7,11,1.3,1.17,0,0,False,2,1,0.5
2026-03-07_01.38.50,188,sign-optimization-horizontal-vertical_scenario,614,352,3,-5,2,0,90,15,1,108839,AdultMaleAgent(Clone),6,12,1.71,1.58,3.079102,1,True,2,1,0.5
2026-03-07_01.38.50,188,sign-optimization-horizontal-vertical_scenario,614,352,3,-5,2,0,90,15,1,108840,WheelchairAgent(Clone),10,12,1.3,1.17,0,0,True,3,1,0.3333333
2026-03-07_01.38.50,188,sign-optimization-horizontal-vertical_scenario,614,352,3,-5,2,0,90,15,1,108841,WheelchairAgent(Clone),11,10,1.3,1.17,0,0,False,3,0,0
2026-03-07_01.38.50,188,sign-optimization-horizontal-vertical_scenario,614,352,3,-5,2,0,90,15,1,108842,AdultMaleAgent(Clone),7,11,1.71,1.58,0,0,False,2,0,0
2026-03-07_01.38.50,188,sign-optimization-horizontal-vertical_scenario,614,352,3,-5,2,0,90,15,1,108843,WheelchairAgent(Clone),5,10,1.3,1.17,0,0,False,2,0,0
2026-03-07_01.38.50,188,sign-optimization-horizontal-vertical_scenario,614,352,3,-5,2,0,90,15,1,108844,AdultMaleAgent(Clone),6,12,1.71,1.58,0,0,False,2,1,0.5
2026-03-07_01.38.50,188,sign-optimization-horizontal-vertical_scenario,614,352,3,-5,2,0,90,15,1,108845,AdultMaleAgent(Clone),6,12,1.71,1.58,0,0,True,2,1,0.5
2026-03-07_01.38.50,188,sign-optimization-horizontal-vertical_scenario,614,352,3,-5,2,0,90,15,1,108846,WheelchairAgent(Clone),11,10,1.3,1.17,0,0,False,3,0,0
2026-03-07_01.38.50,188,sign-optimization-horizontal-vertical_scenario,614,352,3,-5,2,0,90,15,1,108847,AdultMaleAgent(Clone),6,12,1.71,1.58,0,0,True,2,1,0.5
2026-03-07_01.38.50,188,sign-optimization-horizontal-vertical_scenario,614,352,3,-5,2,0,90,15,1,108848,AdultMaleAgent(Clone),10,12,1.71,1.58,0,0,True,3,1,0.3333333
2026-03-07_01.38.50,188,sign-optimization-horizontal-vertical_scenario,614,352,3,-5,2,0,90,15,1,108849,AdultMaleAgent(Clone),10,12,1.71,1.58,0,0,True,3,1,0.3333333
2026-03-07_01.38.50,188,sign-optimization-horizontal-vertical_scenario,614,352,3,-5,2,0,90,15,1,108850,AdultFemaleAgent(Clone),5,10,1.58,1.45,0,0,False,2,0,0
2026-03-07_01.38.50,188,sign-optimization-horizontal-vertical_scenario,614,352,3,-5,2,0,90,15,1,108851,WheelchairAgent(Clone),11,10,1.3,1.17,0,0,False,3,0,0
2026-03-07_01.38.50,188,sign-optimization-horizontal-vertical_scenario,614,352,3,-5,2,0,90,15,1,108852,WheelchairAgent(Clone),10,12,1.3,1.17,0,0,True,3,1,0.3333333
2026-03-07_01.38.50,188,sign-optimization-horizontal-vertical_scenario,614,352,3,-5,2,0,90,15,1,108853,WheelchairAgent(Clone),6,12,1.3,1.17,0,0,True,2,1,0.5
2026-03-07_01.38.50,188,sign-optimization-horizontal-vertical_scenario,614,352,3,-5,2,0,90,15,1,108854,AdultFemaleAgent(Clone),11,10,1.58,1.450001,0,0,False,3,0,0
2026-03-07_01.38.50,188,sign-optimization-horizontal-vertical_scenario,614,352,3,-5,2,0,90,15,1,108855,WheelchairAgent(Clone),5,10,1.3,1.17,0,0,False,2,1,0.5
2026-03-07_01.38.50,188,sign-optimization-horizontal-vertical_scenario,614,352,3,-5,2,0,90,15,1,108856,AdultMaleAgent(Clone),11,10,1.71,1.58,0,0,False,3,0,0
2026-03-07_01.38.50,188,sign-optimization-horizontal-vertical_scenario,614,352,3,-5,2,0,90,15,1,108857,WheelchairAgent(Clone),7,11,1.3,1.17,0,0,False,2,0,0
2026-03-07_01.38.50,188,sign-optimization-horizontal-vertical_scenario,614,352,3,-5,2,0,90,15,1,108858,AdultMaleAgent(Clone),6,12,1.71,1.58,0,0,True,2,1,0.5
2026-03-07_01.38.50,188,sign-optimization-horizontal-vertical_scenario,614,352,3,-5,2,0,90,15,1,108859,AdultMaleAgent(Clone),11,10,1.71,1.58,0,0,False,3,0,0
2026-03-07_01.38.50,188,sign-optimization-horizontal-vertical_scenario,614,352,3,-5,2,0,90,15,1,108860,WheelchairAgent(Clone),6,12,1.3,1.17,0,0,True,2,1,0.5
2026-03-07_01.38.50,188,sign-optimization-horizontal-vertical_scenario,614,352,3,-5,2,0,90,15,1,108861,AdultMaleAgent(Clone),5,10,1.71,1.58,0,0,False,2,0,0
2026-03-07_01.38.50,188,sign-optimization-horizontal-vertical_scenario,614,352,3,-5,2,0,90,15,1,108862,WheelchairAgent(Clone),7,11,1.3,1.17,0,0,False,2,0,0
2026-03-07_01.38.50,188,sign-optimization-horizontal-vertical_scenario,614,352,3,-5,2,0,90,15,1,108863,AdultMaleAgent(Clone),11,10,1.71,1.58,0,0,False,3,0,0
2026-03-07_01.38.50,188,sign-optimization-horizontal-vertical_scenario,614,352,3,-5,2,0,90,15,1,108864,AdultFemaleAgent(Clone),5,10,1.58,1.45,0,0,False,2,0,0
2026-03-07_01.38.50,188,sign-optimization-horizontal-vertical_scenario,614,352,3,-5,2,0,90,15,1,108865,WheelchairAgent(Clone),11,10,1.3,1.17,0,0,False,3,0,0
2026-03-07_01.38.50,188,sign-optimization-horizontal-vertical_scenario,614,352,3,-5,2,0,90,15,1,108866,WheelchairAgent(Clone),5,10,1.3,1.17,0,0,False,2,0,0
2026-03-07_01.38.50,188,sign-optimization-horizontal-vertical_scenario,614,352,3,-5,2,0,90,15,1,108867,AdultFemaleAgent(Clone),11,10,1.58,1.450001,0,0,False,3,0,0
2026-03-07_01.38.50,188,sign-optimization-horizontal-vertical_scenario,614,352,3,-5,2,0,90,15,1,108868,WheelchairAgent(Clone),10,12,1.3,1.17,0,0,False,3,0,0
2026-03-07_01.38.50,188,sign-optimization-horizontal-vertical_scenario,614,352,3,-5,2,0,90,15,1,108869,AdultFemaleAgent(Clone),5,10,1.58,1.45,0,0,False,2,0,0
2026-03-07_01.38.50,188,sign-optimization-horizontal-vertical_scenario,614,352,3,-5,2,0,90,15,1,108870,WheelchairAgent(Clone),7,11,1.3,1.17,0,0,False,2,0,0
2026-03-07_01.38.50,188,sign-optimization-horizontal-vertical_scenario,614,352,3,-5,2,0,90,15,1,108871,AdultFemaleAgent(Clone),11,10,1.58,1.450001,0,0,False,3,0,0
2026-03-07_01.38.50,188,sign-optimization-horizontal-vertical_scenario,614,352,3,-5,2,0,90,15,1,108872,WheelchairAgent(Clone),5,10,1.3,1.17,0,0,False,2,0,0
2026-03-07_01.38.50,188,sign-optimization-horizontal-vertical_scenario,614,352,3,-5,2,0,90,15,1,108873,AdultMaleAgent(Clone),7,11,1.71,1.58,0,0,False,2,0,0
2026-03-07_01.38.50,188,sign-optimization-horizontal-vertical_scenario,614,352,3,-5,2,0,90,15,1,108874,AdultMaleAgent(Clone),10,12,1.71,1.58,0,0,False,3,0,0
2026-03-07_01.38.50,188,sign-optimization-horizontal-vertical_scenario,614,352,3,-5,2,0,90,15,1,108875,AdultMaleAgent(Clone),7,11,1.71,1.58,0,0,False,2,0,0
2026-03-07_01.38.50,188,sign-optimization-horizontal-vertical_scenario,614,352,3,-5,2,0,90,15,1,108876,AdultFemaleAgent(Clone),5,10,1.58,1.45,0,0,False,2,0,0
2026-03-07_01.38.50,188,sign-optimization-horizontal-vertical_scenario,614,352,3,-5,2,0,90,15,1,108877,WheelchairAgent(Clone),5,10,1.3,1.17,0,0,False,2,0,0
2026-03-07_01.38.50,188,sign-optimization-horizontal-vertical_scenario,614,352,3,-5,2,0,90,15,1,108878,AdultFemaleAgent(Clone),6,12,1.58,1.45,0,0,False,2,1,0.5
2026-03-07_01.38.50,188,sign-optimization-horizontal-vertical_scenario,614,352,3,-5,2,0,90,15,1,108879,AdultFemaleAgent(Clone),11,10,1.58,1.450001,0,0,False,3,0,0
2026-03-07_01.38.50,188,sign-optimization-horizontal-vertical_scenario,614,352,3,-5,2,0,90,15,1,108880,AdultMaleAgent(Clone),11,10,1.71,1.58,0,0,False,3,0,0
2026-03-07_01.38.50,188,sign-optimization-horizontal-vertical_scenario,614,352,3,-5,2,0,90,15,1,108881,AdultMaleAgent(Clone),5,10,1.71,1.58,0,0,False,2,0,0
2026-03-07_01.38.50,188,sign-optimization-horizontal-vertical_scenario,614,352,3,-5,2,0,90,15,1,108882,AdultFemaleAgent(Clone),11,10,1.58,1.450001,0,0,False,3,0,0
2026-03-07_01.38.50,188,sign-optimization-horizontal-vertical_scenario,614,352,3,-5,2,0,90,15,1,108883,AdultMaleAgent(Clone),5,10,1.71,1.58,0,0,False,2,0,0
2026-03-07_01.38.50,188,sign-optimization-horizontal-vertical_scenario,614,352,3,-5,2,0,90,15,1,108884,AdultMaleAgent(Clone),10,12,1.71,1.58,0,0,False,3,1,0.3333333
2026-03-07_01.38.50,188,sign-optimization-horizontal-vertical_scenario,614,352,3,-5,2,0,90,15,1,108885,WheelchairAgent(Clone),7,11,1.3,1.17,0,0,False,2,0,0
2026-03-07_01.38.50,188,sign-optimization-horizontal-vertical_scenario,614,352,3,-5,2,0,90,15,1,108886,AdultFemaleAgent(Clone),6,12,1.58,1.45,0,0,False,2,0,0
2026-03-07_01.38.50,188,sign-optimization-horizontal-vertical_scenario,614,352,3,-5,2,0,90,15,1,108887,WheelchairAgent(Clone),5,10,1.3,1.17,0,0,False,2,0,0
2026-03-07_01.38.50,188,sign-optimization-horizontal-vertical_scenario,614,352,3,-5,2,0,90,15,1,108888,WheelchairAgent(Clone),7,11,1.3,1.17,0,0,False,2,0,0
2026-03-07_01.38.50,188,sign-optimization-horizontal-vertical_scenario,614,352,3,-5,2,0,90,15,1,108889,AdultMaleAgent(Clone),7,11,1.71,1.58,0,0,False,2,0,0
2026-03-07_01.38.50,188,sign-optimization-horizontal-vertical_scenario,614,352,3,-5,2,0,90,15,1,108890,AdultMaleAgent(Clone),10,12,1.71,1.58,0,0,False,3,0,0
2026-03-07_01.38.50,188,sign-optimization-horizontal-vertical_scenario,614,352,3,-5,2,0,90,15,1,108891,WheelchairAgent(Clone),5,10,1.3,1.17,0,0,False,2,0,0
2026-03-07_01.38.50,188,sign-optimization-horizontal-vertical_scenario,614,352,3,-5,2,0,90,15,1,108892,AdultMaleAgent(Clone),11,10,1.71,1.58,0,0,False,3,0,0
2026-03-07_01.38.50,188,sign-optimization-horizontal-vertical_scenario,614,352,3,-5,2,0,90,15,1,108893,WheelchairAgent(Clone),7,11,1.3,1.17,0,0,False,2,0,0
2026-03-07_01.38.50,188,sign-optimization-horizontal-vertical_scenario,614,352,3,-5,2,0,90,15,1,108894,WheelchairAgent(Clone),11,10,1.3,1.17,0,0,False,3,0,0
2026-03-07_01.38.50,188,sign-optimization-horizontal-vertical_scenario,614,352,3,-5,2,0,90,15,1,108895,AdultFemaleAgent(Clone),7,11,1.58,1.450001,0,0,False,2,0,0
2026-03-07_01.38.50,188,sign-optimization-horizontal-vertical_scenario,614,352,3,-5,2,0,90,15,1,108896,AdultFemaleAgent(Clone),7,11,1.58,1.450001,0,0,False,2,0,0
2026-03-07_01.38.50,188,sign-optimization-horizontal-vertical_scenario,614,352,3,-5,2,0,90,15,1,108897,AdultMaleAgent(Clone),7,11,1.71,1.58,0,0,False,2,0,0
2026-03-07_01.38.50,188,sign-optimization-horizontal-vertical_scenario,614,352,3,-5,2,0,90,15,1,108898,WheelchairAgent(Clone),5,10,1.3,1.17,0,0,False,2,0,0
2026-03-07_01.38.50,188,sign-optimization-horizontal-vertical_scenario,614,352,3,-5,2,0,90,15,1,108899,AdultFemaleAgent(Clone),11,10,1.58,1.450001,0,0,False,3,0,0
2026-03-07_01.38.50,188,sign-optimization-horizontal-vertical_scenario,614,352,3,-5,2,0,90,15,1,108900,WheelchairAgent(Clone),7,11,1.3,1.17,0,0,False,2,0,0
2026-03-07_01.38.50,188,sign-optimization-horizontal-vertical_scenario,614,352,3,-5,2,0,90,15,1,108901,WheelchairAgent(Clone),11,10,1.3,1.17,0,0,False,3,0,0
2026-03-07_01.38.50,188,sign-optimization-horizontal-vertical_scenario,614,352,3,-5,2,0,90,15,1,108902,WheelchairAgent(Clone),5,10,1.3,1.17,0,0,False,2,0,0
2026-03-07_01.38.50,188,sign-optimization-horizontal-vertical_scenario,614,352,3,-5,2,0,90,15,1,108903,AdultMaleAgent(Clone),5,10,1.71,1.58,0,0,False,2,0,0
2026-03-07_01.38.50,188,sign-optimization-horizontal-vertical_scenario,614,352,3,-5,2,0,90,15,1,108904,WheelchairAgent(Clone),10,12,1.3,1.17,0,0,False,3,0,0
2026-03-07_01.38.50,188,sign-optimization-horizontal-vertical_scenario,614,352,3,-5,2,0,90,15,1,108905,AdultFemaleAgent(Clone),5,10,1.58,1.45,0,0,False,2,0,0
2026-03-07_01.38.50,188,sign-optimization-horizontal-vertical_scenario,614,352,3,-5,2,0,90,15,1,108906,WheelchairAgent(Clone),6,12,1.3,1.17,0,0,False,2,0,0
2026-03-07_01.38.50,188,sign-optimization-horizontal-vertical_scenario,614,352,3,-5,2,0,90,15,1,108907,AdultFemaleAgent(Clone),10,12,1.58,1.45,0,0,False,3,0,0
2026-03-07_01.38.50,188,sign-optimization-horizontal-vertical_scenario,614,352,3,-5,2,0,90,15,1,108908,WheelchairAgent(Clone),7,11,1.3,1.17,0,0,False,2,0,0
2026-03-07_01.38.50,188,sign-optimization-horizontal-vertical_scenario,614,352,3,-5,2,0,90,15,1,108909,AdultMaleAgent(Clone),6,12,1.71,1.58,0,0,False,2,0,0
2026-03-07_01.38.50,188,sign-optimization-horizontal-vertical_scenario,614,352,3,-5,2,0,90,15,1,108910,WheelchairAgent(Clone),10,12,1.3,1.17,0,0,False,3,0,0
2026-03-07_01.38.50,188,sign-optimization-horizontal-vertical_scenario,614,352,3,-5,2,0,90,15,1,108911,AdultMaleAgent(Clone),5,10,1.71,1.58,0,0,False,2,0,0
2026-03-07_01.38.50,188,sign-optimization-horizontal-vertical_scenario,614,352,3,-5,2,0,90,15,1,108912,AdultFemaleAgent(Clone),6,12,1.58,1.45,0,0,False,2,0,0
2026-03-07_01.38.50,188,sign-optimization-horizontal-vertical_scenario,614,352,3,-5,2,0,90,15,1,108913,WheelchairAgent(Clone),7,11,1.3,1.17,0,0,False,2,0,0
2026-03-07_01.38.50,188,sign-optimization-horizontal-vertical_scenario,614,352,3,-5,2,0,90,15,1,108914,AdultMaleAgent(Clone),6,12,1.71,1.58,0,0,False,2,0,0
2026-03-07_01.38.50,188,sign-optimization-horizontal-vertical_scenario,614,352,3,-5,2,0,90,15,1,108915,WheelchairAgent(Clone),10,12,1.3,1.17,0,0,False,3,0,0
2026-03-07_01.38.50,188,sign-optimization-horizontal-vertical_scenario,614,352,3,-5,2,0,90,15,1,108916,AdultMaleAgent(Clone),11,10,1.71,1.58,0,0,False,3,0,0
2026-03-07_01.38.50,188,sign-optimization-horizontal-vertical_scenario,614,352,3,-5,2,0,90,15,1,108917,WheelchairAgent(Clone),6,12,1.3,1.17,0,0,False,2,0,0
2026-03-07_01.38.50,188,sign-optimization-horizontal-vertical_scenario,614,352,3,-5,2,0,90,15,1,108918,AdultMaleAgent(Clone),11,10,1.71,1.58,0,0,False,3,0,0
2026-03-07_01.38.50,188,sign-optimization-horizontal-vertical_scenario,614,352,3,-5,2,0,90,15,1,108919,WheelchairAgent(Clone),11,10,1.3,1.17,0,0,False,3,0,0
2026-03-07_01.38.50,188,sign-optimization-horizontal-vertical_scenario,614,352,3,-5,2,0,90,15,1,108920,AdultMaleAgent(Clone),10,12,1.71,1.58,0,0,False,3,0,0
2026-03-07_01.38.50,188,sign-optimization-horizontal-vertical_scenario,614,352,3,-5,2,0,90,15,1,108921,AdultMaleAgent(Clone),10,12,1.71,1.58,0,0,False,3,0,0
2026-03-07_01.38.50,188,sign-optimization-horizontal-vertical_scenario,614,352,3,-5,2,0,90,15,1,108922,WheelchairAgent(Clone),6,12,1.3,1.17,0,0,False,2,0,0
2026-03-07_01.38.50,188,sign-optimization-horizontal-vertical_scenario,614,352,3,-5,2,0,90,15,1,108923,AdultMaleAgent(Clone),11,10,1.71,1.58,0,0,False,3,0,0
2026-03-07_01.38.50,188,sign-optimization-horizontal-vertical_scenario,614,352,3,-5,2,0,90,15,1,108924,AdultMaleAgent(Clone),7,11,1.71,1.58,0,0,False,2,0,0
2026-03-07_01.38.50,188,sign-optimization-horizontal-vertical_scenario,614,352,3,-5,2,0,90,15,1,108925,WheelchairAgent(Clone),6,12,1.3,1.17,0,0,False,2,0,0
2026-03-07_01.38.50,188,sign-optimization-horizontal-vertical_scenario,614,352,3,-5,2,0,90,15,1,108926,AdultMaleAgent(Clone),6,12,1.71,1.58,0,0,False,2,0,0
2026-03-07_01.38.50,188,sign-optimization-horizontal-vertical_scenario,614,352,3,-5,2,0,90,15,1,108927,AdultFemaleAgent(Clone),10,12,1.58,1.45,0,0,False,3,0,0
2026-03-07_01.38.50,188,sign-optimization-horizontal-vertical_scenario,614,352,3,-5,2,0,90,15,1,108928,WheelchairAgent(Clone),6,12,1.3,1.17,0,0,False,2,0,0
2026-03-07_01.38.50,188,sign-optimization-horizontal-vertical_scenario,614,352,3,-5,2,0,90,15,1,108929,AdultFemaleAgent(Clone),10,12,1.58,1.45,0,0,False,3,0,0
2026-03-07_01.38.50,188,sign-optimization-horizontal-vertical_scenario,614,352,3,-5,2,0,90,15,1,108930,AdultMaleAgent(Clone),11,10,1.71,1.58,0,0,False,3,0,0
2026-03-07_01.38.50,188,sign-optimization-horizontal-vertical_scenario,614,352,3,-5,2,0,90,15,1,108931,WheelchairAgent(Clone),5,10,1.3,1.17,0,0,False,2,0,0
2026-03-07_01.38.50,188,sign-optimization-horizontal-vertical_scenario,614,352,3,-5,2,0,90,15,1,108932,AdultMaleAgent(Clone),10,12,1.71,1.58,0,0,False,3,0,0
2026-03-07_01.38.50,188,sign-optimization-horizontal-vertical_scenario,614,352,3,-5,2,0,90,15,1,108933,AdultFemaleAgent(Clone),10,12,1.58,1.45,0,0,False,3,0,0
2026-03-07_01.38.50,188,sign-optimization-horizontal-vertical_scenario,614,352,3,-5,2,0,90,15,1,108934,WheelchairAgent(Clone),5,10,1.3,1.17,0,0,False,2,0,0
2026-03-07_01.38.50,188,sign-optimization-horizontal-vertical_scenario,614,352,3,-5,2,0,90,15,1,108935,AdultMaleAgent(Clone),6,12,1.71,1.58,0,0,False,2,0,0
2026-03-07_01.38.50,188,sign-optimization-horizontal-vertical_scenario,614,352,3,-5,2,0,90,15,1,108936,WheelchairAgent(Clone),6,12,1.3,1.17,0,0,False,2,0,0
2026-03-07_01.38.50,188,sign-optimization-horizontal-vertical_scenario,614,352,3,-5,2,0,90,15,1,108937,AdultMaleAgent(Clone),6,12,1.71,1.58,0,0,False,2,0,0
2026-03-07_01.38.50,188,sign-optimization-horizontal-vertical_scenario,614,352,3,-5,2,0,90,15,1,108938,AdultFemaleAgent(Clone),10,12,1.58,1.45,0,0,False,3,0,0
2026-03-07_01.38.50,188,sign-optimization-horizontal-vertical_scenario,614,352,3,-5,2,0,90,15,1,108939,AdultMaleAgent(Clone),5,10,1.71,1.58,0,0,False,2,0,0
2026-03-07_01.38.50,188,sign-optimization-horizontal-vertical_scenario,614,352,3,-5,2,0,90,15,1,108940,AdultFemaleAgent(Clone),5,10,1.58,1.45,0,0,False,2,0,0
2026-03-07_01.38.50,188,sign-optimization-horizontal-vertical_scenario,614,352,3,-5,2,0,90,15,1,108941,WheelchairAgent(Clone),5,10,1.3,1.17,0,0,False,2,0,0
2026-03-07_01.38.50,188,sign-optimization-horizontal-vertical_scenario,614,352,3,-5,2,0,90,15,1,108942,AdultMaleAgent(Clone),10,12,1.71,1.58,0,0,False,3,0,0
2026-03-07_01.38.50,188,sign-optimization-horizontal-vertical_scenario,614,352,3,-5,2,0,90,15,1,108943,AdultFemaleAgent(Clone),6,12,1.58,1.45,0,0,False,2,0,0
2026-03-07_01.38.50,188,sign-optimization-horizontal-vertical_scenario,614,352,3,-5,2,0,90,15,1,108944,AdultMaleAgent(Clone),5,10,1.71,1.58,0,0,False,2,0,0
2026-03-07_01.38.50,188,sign-optimization-horizontal-vertical_scenario,614,352,3,-5,2,0,90,15,1,108945,AdultMaleAgent(Clone),11,10,1.71,1.58,0,0,False,3,0,0
2026-03-07_01.38.50,188,sign-optimization-horizontal-vertical_scenario,614,352,3,-5,2,0,90,15,1,108946,AdultFemaleAgent(Clone),6,12,1.58,1.45,0,0,False,2,0,0
2026-03-07_01.38.50,188,sign-optimization-horizontal-vertical_scenario,614,352,3,-5,2,0,90,15,1,108947,AdultFemaleAgent(Clone),6,12,1.58,1.45,0,0,False,2,0,0
2026-03-07_01.38.50,188,sign-optimization-horizontal-vertical_scenario,614,352,3,-5,2,0,90,15,1,108948,WheelchairAgent(Clone),7,11,1.3,1.17,0,0,False,2,0,0
2026-03-07_01.38.50,188,sign-optimization-horizontal-vertical_scenario,614,352,3,-5,2,0,90,15,1,108949,AdultMaleAgent(Clone),5,10,1.71,1.58,0,0,False,2,0,0
2026-03-07_01.38.50,188,sign-optimization-horizontal-vertical_scenario,614,352,3,-5,2,0,90,15,1,108950,WheelchairAgent(Clone),11,10,1.3,1.17,0,0,False,3,0,0
2026-03-07_01.38.50,188,sign-optimization-horizontal-vertical_scenario,614,352,3,-5,2,0,90,15,1,108951,AdultMaleAgent(Clone),7,11,1.71,1.58,0,0,False,2,0,0
2026-03-07_01.38.50,188,sign-optimization-horizontal-vertical_scenario,614,352,3,-5,2,0,90,15,1,108952,WheelchairAgent(Clone),6,12,1.3,1.17,0,0,False,2,0,0
2026-03-07_01.38.50,188,sign-optimization-horizontal-vertical_scenario,614,352,3,-5,2,0,90,15,1,108953,AdultMaleAgent(Clone),7,11,1.71,1.58,0,0,False,2,0,0
2026-03-07_01.38.50,188,sign-optimization-horizontal-vertical_scenario,614,352,3,-5,2,0,90,15,1,108954,WheelchairAgent(Clone),5,10,1.3,1.17,0,0,False,2,0,0
2026-03-07_01.38.50,188,sign-optimization-horizontal-vertical_scenario,614,352,3,-5,2,0,90,15,1,108955,AdultFemaleAgent(Clone),10,12,1.58,1.45,0,0,False,3,0,0
2026-03-07_01.38.50,188,sign-optimization-horizontal-vertical_scenario,614,352,3,-5,2,0,90,15,1,108956,AdultFemaleAgent(Clone),10,12,1.58,1.45,0,0,False,3,0,0
2026-03-07_01.38.50,188,sign-optimization-horizontal-vertical_scenario,614,352,3,-5,2,0,90,15,1,108957,AdultFemaleAgent(Clone),7,11,1.58,1.450001,0,0,False,2,0,0
