Timestamp,RunIndex,ScenarioID,TotalAgents,VisibleSignCount,SignHeight,SignPositionX,SignPositionZ,SignOrientation,VcaAngle,VcaDistance,SignComprehensionTime,AgentID,AgentType,StartNode,GoalNode,Height,EyeHeight,TimeInVCA,TimesInVCA,SawSign,TotalNodesNavigated,NodesWithDetection,RDEffective
2026-03-06_19.41.59,142,sign-optimization-horizontal-vertical_scenario,616,204,3,3,-1,90,90,15,1,81653,WheelchairAgent(Clone),6,12,1.3,1.17,0,0,False,2,0,0
2026-03-06_19.41.59,142,sign-optimization-horizontal-vertical_scenario,616,204,3,3,-1,90,90,15,1,81654,AdultFemaleAgent(Clone),11,10,1.58,1.450001,9.583008,1,True,3,1,0.3333333
2026-03-06_19.41.59,142,sign-optimization-horizontal-vertical_scenario,616,204,3,3,-1,90,90,15,1,81655,AdultMaleAgent(Clone),6,12,1.71,1.58,0,0,False,2,0,0
2026-03-06_19.41.59,142,sign-optimization-horizontal-vertical_scenario,616,204,3,3,-1,90,90,15,1,81656,AdultFemaleAgent(Clone),10,12,1.58,1.45,1.359375,1,False,3,0,0
2026-03-06_19.41.59,142,sign-optimization-horizontal-vertical_scenario,616,204,3,3,-1,90,90,15,1,81657,WheelchairAgent(Clone),7,11,1.3,1.17,3.908203,2,True,2,1,0.5
2026-03-06_19.41.59,142,sign-optimization-horizontal-vertical_scenario,616,204,3,3,-1,90,90,15,1,81658,AdultFemaleAgent(Clone),7,11,1.58,1.450001,5.999023,2,True,2,1,0.5
2026-03-06_19.41.59,142,sign-optimization-horizontal-vertical_scenario,616,204,3,3,-1,90,90,15,1,81659,AdultFemaleAgent(Clone),11,10,1.58,1.450001,2.78418,2,True,3,1,0.3333333
2026-03-06_19.41.59,142,sign-optimization-horizontal-vertical_scenario,616,204,3,3,-1,90,90,15,1,81660,AdultFemaleAgent(Clone),7,11,1.58,1.450001,8.311523,2,True,2,1,0.5
2026-03-06_19.41.59,142,sign-optimization-horizontal-vertical_scenario,616,204,3,3,-1,90,90,15,1,81661,AdultMaleAgent(Clone),6,12,1.71,1.58,2.490234,1,False,2,1,0.5
2026-03-06_19.41.59,142,sign-optimization-horizontal-vertical_scenario,616,204,3,3,-1,90,90,15,1,81662,AdultMaleAgent(Clone),7,11,1.71,1.58,4.794922,2,True,2,1,0.5
2026-03-06_19.41.59,142,sign-optimization-horizontal-vertical_scenario,616,204,3,3,-1,90,90,15,1,81663,AdultFemaleAgent(Clone),11,10,1.58,1.450001,2.485352,2,True,3,1,0.3333333
2026-03-06_19.41.59,142,sign-optimization-horizontal-vertical_scenario,616,204,3,3,-1,90,90,15,1,81664,AdultFemaleAgent(Clone),7,11,1.58,1.450001,9.630859,2,True,2,1,0.5
2026-03-06_19.41.59,142,sign-optimization-horizontal-vertical_scenario,616,204,3,3,-1,90,90,15,1,81665,AdultMaleAgent(Clone),7,11,1.71,1.58,3.365234,2,True,2,1,0.5
2026-03-06_19.41.59,142,sign-optimization-horizontal-vertical_scenario,616,204,3,3,-1,90,90,15,1,81666,AdultMaleAgent(Clone),7,11,1.71,1.58,6.254883,2,True,2,1,0.5
2026-03-06_19.41.59,142,sign-optimization-horizontal-vertical_scenario,616,204,3,3,-1,90,90,15,1,81667,WheelchairAgent(Clone),5,10,1.3,1.17,5.321289,1,False,2,0,0
2026-03-06_19.41.59,142,sign-optimization-horizontal-vertical_scenario,616,204,3,3,-1,90,90,15,1,81668,WheelchairAgent(Clone),10,12,1.3,1.17,0,0,False,3,0,0
2026-03-06_19.41.59,142,sign-optimization-horizontal-vertical_scenario,616,204,3,3,-1,90,90,15,1,81669,AdultFemaleAgent(Clone),5,10,1.58,1.45,11.58008,1,True,2,1,0.5
2026-03-06_19.41.59,142,sign-optimization-horizontal-vertical_scenario,616,204,3,3,-1,90,90,15,1,81670,AdultFemaleAgent(Clone),7,11,1.58,1.450001,6.527344,2,True,2,1,0.5
2026-03-06_19.41.59,142,sign-optimization-horizontal-vertical_scenario,616,204,3,3,-1,90,90,15,1,81671,AdultMaleAgent(Clone),5,10,1.71,1.58,13.11621,1,True,2,1,0.5
2026-03-06_19.41.59,142,sign-optimization-horizontal-vertical_scenario,616,204,3,3,-1,90,90,15,1,81672,AdultFemaleAgent(Clone),7,11,1.58,1.450001,6.953125,2,True,2,1,0.5
2026-03-06_19.41.59,142,sign-optimization-horizontal-vertical_scenario,616,204,3,3,-1,90,90,15,1,81673,AdultFemaleAgent(Clone),5,10,1.58,1.45,8.908203,1,False,2,1,0.5
2026-03-06_19.41.59,142,sign-optimization-horizontal-vertical_scenario,616,204,3,3,-1,90,90,15,1,81674,AdultFemaleAgent(Clone),7,11,1.58,1.450001,8.916016,2,True,2,1,0.5
2026-03-06_19.41.59,142,sign-optimization-horizontal-vertical_scenario,616,204,3,3,-1,90,90,15,1,81675,AdultMaleAgent(Clone),10,12,1.71,1.58,0,0,False,3,0,0
2026-03-06_19.41.59,142,sign-optimization-horizontal-vertical_scenario,616,204,3,3,-1,90,90,15,1,81676,AdultMaleAgent(Clone),7,11,1.71,1.58,5.566406,2,True,2,1,0.5
2026-03-06_19.41.59,142,sign-optimization-horizontal-vertical_scenario,616,204,3,3,-1,90,90,15,1,81677,WheelchairAgent(Clone),5,10,1.3,1.17,9.564453,1,False,2,1,0.5
2026-03-06_19.41.59,142,sign-optimization-horizontal-vertical_scenario,616,204,3,3,-1,90,90,15,1,81678,WheelchairAgent(Clone),10,12,1.3,1.17,0,0,False,3,0,0
2026-03-06_19.41.59,142,sign-optimization-horizontal-vertical_scenario,616,204,3,3,-1,90,90,15,1,81679,AdultFemaleAgent(Clone),5,10,1.58,1.45,6.977539,1,False,2,0,0
2026-03-06_19.41.59,142,sign-optimization-horizontal-vertical_scenario,616,204,3,3,-1,90,90,15,1,81680,AdultFemaleAgent(Clone),10,12,1.58,1.45,0,0,False,3,0,0
2026-03-06_19.41.59,142,sign-optimization-horizontal-vertical_scenario,616,204,3,3,-1,90,90,15,1,81681,AdultMaleAgent(Clone),7,11,1.71,1.58,3.552734,2,True,2,1,0.5
2026-03-06_19.41.59,142,sign-optimization-horizontal-vertical_scenario,616,204,3,3,-1,90,90,15,1,81682,AdultMaleAgent(Clone),5,10,1.71,1.58,12.83984,1,True,2,1,0.5
2026-03-06_19.41.59,142,sign-optimization-horizontal-vertical_scenario,616,204,3,3,-1,90,90,15,1,81683,AdultMaleAgent(Clone),7,11,1.71,1.58,5.297852,2,True,2,1,0.5
2026-03-06_19.41.59,142,sign-optimization-horizontal-vertical_scenario,616,204,3,3,-1,90,90,15,1,81684,WheelchairAgent(Clone),5,10,1.3,1.17,13.80273,1,True,2,1,0.5
2026-03-06_19.41.59,142,sign-optimization-horizontal-vertical_scenario,616,204,3,3,-1,90,90,15,1,81685,AdultFemaleAgent(Clone),7,11,1.58,1.450001,3.974609,2,True,2,1,0.5
2026-03-06_19.41.59,142,sign-optimization-horizontal-vertical_scenario,616,204,3,3,-1,90,90,15,1,81686,AdultMaleAgent(Clone),11,10,1.71,1.58,9.740234,1,True,3,1,0.3333333
2026-03-06_19.41.59,142,sign-optimization-horizontal-vertical_scenario,616,204,3,3,-1,90,90,15,1,81687,AdultMaleAgent(Clone),10,12,1.71,1.58,0,0,False,3,0,0
2026-03-06_19.41.59,142,sign-optimization-horizontal-vertical_scenario,616,204,3,3,-1,90,90,15,1,81688,AdultMaleAgent(Clone),6,12,1.71,1.58,0,0,False,2,0,0
2026-03-06_19.41.59,142,sign-optimization-horizontal-vertical_scenario,616,204,3,3,-1,90,90,15,1,81689,WheelchairAgent(Clone),7,11,1.3,1.17,6.174805,2,False,2,1,0.5
2026-03-06_19.41.59,142,sign-optimization-horizontal-vertical_scenario,616,204,3,3,-1,90,90,15,1,81690,AdultMaleAgent(Clone),5,10,1.71,1.58,10.28516,1,False,2,1,0.5
2026-03-06_19.41.59,142,sign-optimization-horizontal-vertical_scenario,616,204,3,3,-1,90,90,15,1,81691,WheelchairAgent(Clone),6,12,1.3,1.17,0,0,False,2,0,0
2026-03-06_19.41.59,142,sign-optimization-horizontal-vertical_scenario,616,204,3,3,-1,90,90,15,1,81692,WheelchairAgent(Clone),10,12,1.3,1.17,0,0,False,3,0,0
2026-03-06_19.41.59,142,sign-optimization-horizontal-vertical_scenario,616,204,3,3,-1,90,90,15,1,81693,AdultMaleAgent(Clone),11,10,1.71,1.58,13,1,True,3,1,0.3333333
2026-03-06_19.41.59,142,sign-optimization-horizontal-vertical_scenario,616,204,3,3,-1,90,90,15,1,81694,WheelchairAgent(Clone),10,12,1.3,1.17,0,0,False,3,0,0
2026-03-06_19.41.59,142,sign-optimization-horizontal-vertical_scenario,616,204,3,3,-1,90,90,15,1,81695,WheelchairAgent(Clone),6,12,1.3,1.17,0,0,False,2,0,0
2026-03-06_19.41.59,142,sign-optimization-horizontal-vertical_scenario,616,204,3,3,-1,90,90,15,1,81696,WheelchairAgent(Clone),7,11,1.3,1.17,8.833008,2,True,2,1,0.5
2026-03-06_19.41.59,142,sign-optimization-horizontal-vertical_scenario,616,204,3,3,-1,90,90,15,1,81697,AdultMaleAgent(Clone),10,12,1.71,1.58,1.048828,1,False,3,0,0
2026-03-06_19.41.59,142,sign-optimization-horizontal-vertical_scenario,616,204,3,3,-1,90,90,15,1,81698,AdultFemaleAgent(Clone),7,11,1.58,1.450001,5.055664,2,True,2,1,0.5
2026-03-06_19.41.59,142,sign-optimization-horizontal-vertical_scenario,616,204,3,3,-1,90,90,15,1,81699,AdultFemaleAgent(Clone),5,10,1.58,1.45,9.0625,1,False,2,1,0.5
2026-03-06_19.41.59,142,sign-optimization-horizontal-vertical_scenario,616,204,3,3,-1,90,90,15,1,81700,WheelchairAgent(Clone),7,11,1.3,1.17,5.848633,2,False,2,1,0.5
2026-03-06_19.41.59,142,sign-optimization-horizontal-vertical_scenario,616,204,3,3,-1,90,90,15,1,81701,WheelchairAgent(Clone),7,11,1.3,1.17,3.709961,2,True,2,1,0.5
2026-03-06_19.41.59,142,sign-optimization-horizontal-vertical_scenario,616,204,3,3,-1,90,90,15,1,81702,WheelchairAgent(Clone),10,12,1.3,1.17,0,0,False,3,0,0
2026-03-06_19.41.59,142,sign-optimization-horizontal-vertical_scenario,616,204,3,3,-1,90,90,15,1,81703,AdultFemaleAgent(Clone),7,11,1.58,1.450001,8.124023,2,True,2,1,0.5
2026-03-06_19.41.59,142,sign-optimization-horizontal-vertical_scenario,616,204,3,3,-1,90,90,15,1,81704,WheelchairAgent(Clone),6,12,1.3,1.17,0,0,False,2,0,0
2026-03-06_19.41.59,142,sign-optimization-horizontal-vertical_scenario,616,204,3,3,-1,90,90,15,1,81705,AdultMaleAgent(Clone),10,12,1.71,1.58,0,0,False,3,0,0
2026-03-06_19.41.59,142,sign-optimization-horizontal-vertical_scenario,616,204,3,3,-1,90,90,15,1,81706,WheelchairAgent(Clone),6,12,1.3,1.17,0,0,False,2,0,0
2026-03-06_19.41.59,142,sign-optimization-horizontal-vertical_scenario,616,204,3,3,-1,90,90,15,1,81707,AdultMaleAgent(Clone),11,10,1.71,1.58,9.53125,1,True,3,1,0.3333333
2026-03-06_19.41.59,142,sign-optimization-horizontal-vertical_scenario,616,204,3,3,-1,90,90,15,1,81708,AdultFemaleAgent(Clone),5,10,1.58,1.45,10.1123,1,False,2,1,0.5
2026-03-06_19.41.59,142,sign-optimization-horizontal-vertical_scenario,616,204,3,3,-1,90,90,15,1,81709,AdultMaleAgent(Clone),7,11,1.71,1.58,10.39844,2,True,2,1,0.5
2026-03-06_19.41.59,142,sign-optimization-horizontal-vertical_scenario,616,204,3,3,-1,90,90,15,1,81710,AdultMaleAgent(Clone),5,10,1.71,1.58,1.024414,1,False,2,0,0
2026-03-06_19.41.59,142,sign-optimization-horizontal-vertical_scenario,616,204,3,3,-1,90,90,15,1,81711,AdultMaleAgent(Clone),11,10,1.71,1.58,9.499023,1,True,3,1,0.3333333
2026-03-06_19.41.59,142,sign-optimization-horizontal-vertical_scenario,616,204,3,3,-1,90,90,15,1,81712,AdultMaleAgent(Clone),7,11,1.71,1.58,3.836914,2,True,2,1,0.5
2026-03-06_19.41.59,142,sign-optimization-horizontal-vertical_scenario,616,204,3,3,-1,90,90,15,1,81713,WheelchairAgent(Clone),7,11,1.3,1.17,4.068359,2,True,2,1,0.5
2026-03-06_19.41.59,142,sign-optimization-horizontal-vertical_scenario,616,204,3,3,-1,90,90,15,1,81714,WheelchairAgent(Clone),5,10,1.3,1.17,4.900391,1,False,2,0,0
2026-03-06_19.41.59,142,sign-optimization-horizontal-vertical_scenario,616,204,3,3,-1,90,90,15,1,81715,AdultFemaleAgent(Clone),7,11,1.58,1.450001,7.217773,2,True,2,1,0.5
2026-03-06_19.41.59,142,sign-optimization-horizontal-vertical_scenario,616,204,3,3,-1,90,90,15,1,81716,WheelchairAgent(Clone),6,12,1.3,1.17,0,0,False,2,0,0
2026-03-06_19.41.59,142,sign-optimization-horizontal-vertical_scenario,616,204,3,3,-1,90,90,15,1,81717,WheelchairAgent(Clone),5,10,1.3,1.17,6.523438,1,False,2,0,0
2026-03-06_19.41.59,142,sign-optimization-horizontal-vertical_scenario,616,204,3,3,-1,90,90,15,1,81718,AdultMaleAgent(Clone),10,12,1.71,1.58,0,0,False,3,0,0
2026-03-06_19.41.59,142,sign-optimization-horizontal-vertical_scenario,616,204,3,3,-1,90,90,15,1,81719,AdultMaleAgent(Clone),10,12,1.71,1.58,0,0,False,3,0,0
2026-03-06_19.41.59,142,sign-optimization-horizontal-vertical_scenario,616,204,3,3,-1,90,90,15,1,81720,AdultFemaleAgent(Clone),6,12,1.58,1.45,0,0,False,2,0,0
2026-03-06_19.41.59,142,sign-optimization-horizontal-vertical_scenario,616,204,3,3,-1,90,90,15,1,81721,AdultMaleAgent(Clone),10,12,1.71,1.58,0,0,False,3,0,0
2026-03-06_19.41.59,142,sign-optimization-horizontal-vertical_scenario,616,204,3,3,-1,90,90,15,1,81722,AdultFemaleAgent(Clone),5,10,1.58,1.45,6.889648,1,False,2,0,0
2026-03-06_19.41.59,142,sign-optimization-horizontal-vertical_scenario,616,204,3,3,-1,90,90,15,1,81723,AdultMaleAgent(Clone),6,12,1.71,1.58,0,0,False,2,0,0
2026-03-06_19.41.59,142,sign-optimization-horizontal-vertical_scenario,616,204,3,3,-1,90,90,15,1,81724,AdultFemaleAgent(Clone),11,10,1.58,1.450001,3.966797,2,True,3,1,0.3333333
2026-03-06_19.41.59,142,sign-optimization-horizontal-vertical_scenario,616,204,3,3,-1,90,90,15,1,81725,AdultMaleAgent(Clone),6,12,1.71,1.58,0,0,False,2,0,0
2026-03-06_19.41.59,142,sign-optimization-horizontal-vertical_scenario,616,204,3,3,-1,90,90,15,1,81726,AdultMaleAgent(Clone),5,10,1.71,1.58,6.706055,1,False,2,0,0
2026-03-06_19.41.59,142,sign-optimization-horizontal-vertical_scenario,616,204,3,3,-1,90,90,15,1,81727,AdultMaleAgent(Clone),6,12,1.71,1.58,2.876953,1,False,2,1,0.5
2026-03-06_19.41.59,142,sign-optimization-horizontal-vertical_scenario,616,204,3,3,-1,90,90,15,1,81728,AdultMaleAgent(Clone),11,10,1.71,1.58,10.02734,1,True,3,1,0.3333333
2026-03-06_19.41.59,142,sign-optimization-horizontal-vertical_scenario,616,204,3,3,-1,90,90,15,1,81729,WheelchairAgent(Clone),10,12,1.3,1.17,0,0,False,3,0,0
2026-03-06_19.41.59,142,sign-optimization-horizontal-vertical_scenario,616,204,3,3,-1,90,90,15,1,81730,WheelchairAgent(Clone),11,10,1.3,1.17,4.707031,2,True,3,2,0.6666667
2026-03-06_19.41.59,142,sign-optimization-horizontal-vertical_scenario,616,204,3,3,-1,90,90,15,1,81731,WheelchairAgent(Clone),7,11,1.3,1.17,6.304688,2,True,2,1,0.5
2026-03-06_19.41.59,142,sign-optimization-horizontal-vertical_scenario,616,204,3,3,-1,90,90,15,1,81732,AdultFemaleAgent(Clone),7,11,1.58,1.450001,3.755859,2,True,2,1,0.5
2026-03-06_19.41.59,142,sign-optimization-horizontal-vertical_scenario,616,204,3,3,-1,90,90,15,1,81733,AdultMaleAgent(Clone),7,11,1.71,1.58,3.62207,2,True,2,1,0.5
2026-03-06_19.41.59,142,sign-optimization-horizontal-vertical_scenario,616,204,3,3,-1,90,90,15,1,81734,AdultMaleAgent(Clone),7,11,1.71,1.58,5.567383,2,True,2,1,0.5
2026-03-06_19.41.59,142,sign-optimization-horizontal-vertical_scenario,616,204,3,3,-1,90,90,15,1,81735,WheelchairAgent(Clone),5,10,1.3,1.17,8.198242,1,False,2,0,0
2026-03-06_19.41.59,142,sign-optimization-horizontal-vertical_scenario,616,204,3,3,-1,90,90,15,1,81736,WheelchairAgent(Clone),10,12,1.3,1.17,0,0,False,3,0,0
2026-03-06_19.41.59,142,sign-optimization-horizontal-vertical_scenario,616,204,3,3,-1,90,90,15,1,81737,AdultFemaleAgent(Clone),11,10,1.58,1.450001,12.52246,1,True,3,1,0.3333333
2026-03-06_19.41.59,142,sign-optimization-horizontal-vertical_scenario,616,204,3,3,-1,90,90,15,1,81738,AdultMaleAgent(Clone),6,12,1.71,1.58,1.240234,1,False,2,0,0
2026-03-06_19.41.59,142,sign-optimization-horizontal-vertical_scenario,616,204,3,3,-1,90,90,15,1,81739,WheelchairAgent(Clone),11,10,1.3,1.17,9.483398,1,True,3,1,0.3333333
2026-03-06_19.41.59,142,sign-optimization-horizontal-vertical_scenario,616,204,3,3,-1,90,90,15,1,81740,AdultMaleAgent(Clone),10,12,1.71,1.58,0,0,False,3,0,0
2026-03-06_19.41.59,142,sign-optimization-horizontal-vertical_scenario,616,204,3,3,-1,90,90,15,1,81741,AdultMaleAgent(Clone),7,11,1.71,1.58,5.222656,2,True,2,1,0.5
2026-03-06_19.41.59,142,sign-optimization-horizontal-vertical_scenario,616,204,3,3,-1,90,90,15,1,81742,AdultFemaleAgent(Clone),7,11,1.58,1.450001,4.566406,2,False,2,0,0
2026-03-06_19.41.59,142,sign-optimization-horizontal-vertical_scenario,616,204,3,3,-1,90,90,15,1,81743,AdultMaleAgent(Clone),7,11,1.71,1.58,6.770508,2,True,2,1,0.5
2026-03-06_19.41.59,142,sign-optimization-horizontal-vertical_scenario,616,204,3,3,-1,90,90,15,1,81744,WheelchairAgent(Clone),6,12,1.3,1.17,0,0,False,2,0,0
2026-03-06_19.41.59,142,sign-optimization-horizontal-vertical_scenario,616,204,3,3,-1,90,90,15,1,81745,AdultMaleAgent(Clone),6,12,1.71,1.58,0,0,False,2,0,0
2026-03-06_19.41.59,142,sign-optimization-horizontal-vertical_scenario,616,204,3,3,-1,90,90,15,1,81746,AdultFemaleAgent(Clone),5,10,1.58,1.45,10.06348,1,False,2,1,0.5
2026-03-06_19.41.59,142,sign-optimization-horizontal-vertical_scenario,616,204,3,3,-1,90,90,15,1,81747,AdultMaleAgent(Clone),6,12,1.71,1.58,0.2939453,1,False,2,0,0
2026-03-06_19.41.59,142,sign-optimization-horizontal-vertical_scenario,616,204,3,3,-1,90,90,15,1,81748,AdultFemaleAgent(Clone),10,12,1.58,1.45,0,0,False,3,0,0
2026-03-06_19.41.59,142,sign-optimization-horizontal-vertical_scenario,616,204,3,3,-1,90,90,15,1,81749,AdultMaleAgent(Clone),5,10,1.71,1.58,4.076172,1,False,2,0,0
2026-03-06_19.41.59,142,sign-optimization-horizontal-vertical_scenario,616,204,3,3,-1,90,90,15,1,81750,AdultFemaleAgent(Clone),11,10,1.58,1.450001,10.33496,1,True,3,1,0.3333333
2026-03-06_19.41.59,142,sign-optimization-horizontal-vertical_scenario,616,204,3,3,-1,90,90,15,1,81751,WheelchairAgent(Clone),10,12,1.3,1.17,0,0,False,3,0,0
2026-03-06_19.41.59,142,sign-optimization-horizontal-vertical_scenario,616,204,3,3,-1,90,90,15,1,81752,AdultFemaleAgent(Clone),11,10,1.58,1.450001,12.6709,1,True,3,1,0.3333333
2026-03-06_19.41.59,142,sign-optimization-horizontal-vertical_scenario,616,204,3,3,-1,90,90,15,1,81753,AdultFemaleAgent(Clone),10,12,1.58,1.45,1.65625,1,False,3,0,0
2026-03-06_19.41.59,142,sign-optimization-horizontal-vertical_scenario,616,204,3,3,-1,90,90,15,1,81754,AdultMaleAgent(Clone),11,10,1.71,1.58,9.272461,1,True,3,1,0.3333333
2026-03-06_19.41.59,142,sign-optimization-horizontal-vertical_scenario,616,204,3,3,-1,90,90,15,1,81755,AdultMaleAgent(Clone),6,12,1.71,1.58,1.419922,1,False,2,0,0
2026-03-06_19.41.59,142,sign-optimization-horizontal-vertical_scenario,616,204,3,3,-1,90,90,15,1,81756,WheelchairAgent(Clone),6,12,1.3,1.17,0,0,False,2,0,0
2026-03-06_19.41.59,142,sign-optimization-horizontal-vertical_scenario,616,204,3,3,-1,90,90,15,1,81757,AdultMaleAgent(Clone),10,12,1.71,1.58,0,0,False,3,0,0
2026-03-06_19.41.59,142,sign-optimization-horizontal-vertical_scenario,616,204,3,3,-1,90,90,15,1,81758,AdultMaleAgent(Clone),5,10,1.71,1.58,10.42578,1,False,2,1,0.5
2026-03-06_19.41.59,142,sign-optimization-horizontal-vertical_scenario,616,204,3,3,-1,90,90,15,1,81759,WheelchairAgent(Clone),6,12,1.3,1.17,0,0,False,2,0,0
2026-03-06_19.41.59,142,sign-optimization-horizontal-vertical_scenario,616,204,3,3,-1,90,90,15,1,81760,AdultMaleAgent(Clone),11,10,1.71,1.58,11.16211,1,True,3,1,0.3333333
2026-03-06_19.41.59,142,sign-optimization-horizontal-vertical_scenario,616,204,3,3,-1,90,90,15,1,81761,AdultFemaleAgent(Clone),10,12,1.58,1.45,2.782227,1,False,3,0,0
2026-03-06_19.41.59,142,sign-optimization-horizontal-vertical_scenario,616,204,3,3,-1,90,90,15,1,81762,AdultMaleAgent(Clone),7,11,1.71,1.58,3.344727,2,True,2,1,0.5
2026-03-06_19.41.59,142,sign-optimization-horizontal-vertical_scenario,616,204,3,3,-1,90,90,15,1,81763,AdultMaleAgent(Clone),11,10,1.71,1.58,11.54102,1,True,3,1,0.3333333
2026-03-06_19.41.59,142,sign-optimization-horizontal-vertical_scenario,616,204,3,3,-1,90,90,15,1,81764,AdultFemaleAgent(Clone),6,12,1.58,1.45,0,0,False,2,0,0
2026-03-06_19.41.59,142,sign-optimization-horizontal-vertical_scenario,616,204,3,3,-1,90,90,15,1,81765,WheelchairAgent(Clone),10,12,1.3,1.17,0,0,False,3,0,0
2026-03-06_19.41.59,142,sign-optimization-horizontal-vertical_scenario,616,204,3,3,-1,90,90,15,1,81766,WheelchairAgent(Clone),10,12,1.3,1.17,0,0,False,3,0,0
2026-03-06_19.41.59,142,sign-optimization-horizontal-vertical_scenario,616,204,3,3,-1,90,90,15,1,81767,AdultFemaleAgent(Clone),5,10,1.58,1.45,7.618164,1,False,2,0,0
2026-03-06_19.41.59,142,sign-optimization-horizontal-vertical_scenario,616,204,3,3,-1,90,90,15,1,81768,AdultFemaleAgent(Clone),10,12,1.58,1.45,1.639648,1,False,3,0,0
2026-03-06_19.41.59,142,sign-optimization-horizontal-vertical_scenario,616,204,3,3,-1,90,90,15,1,81769,AdultFemaleAgent(Clone),5,10,1.58,1.45,4.976563,1,False,2,0,0
2026-03-06_19.41.59,142,sign-optimization-horizontal-vertical_scenario,616,204,3,3,-1,90,90,15,1,81770,AdultMaleAgent(Clone),7,11,1.71,1.58,3.995117,2,True,2,1,0.5
2026-03-06_19.41.59,142,sign-optimization-horizontal-vertical_scenario,616,204,3,3,-1,90,90,15,1,81771,AdultMaleAgent(Clone),7,11,1.71,1.58,11.04102,2,True,2,1,0.5
2026-03-06_19.41.59,142,sign-optimization-horizontal-vertical_scenario,616,204,3,3,-1,90,90,15,1,81772,AdultMaleAgent(Clone),6,12,1.71,1.58,0,0,False,2,0,0
2026-03-06_19.41.59,142,sign-optimization-horizontal-vertical_scenario,616,204,3,3,-1,90,90,15,1,81773,AdultFemaleAgent(Clone),7,11,1.58,1.450001,9.250977,2,True,2,1,0.5
2026-03-06_19.41.59,142,sign-optimization-horizontal-vertical_scenario,616,204,3,3,-1,90,90,15,1,81774,AdultFemaleAgent(Clone),5,10,1.58,1.45,10.16992,1,False,2,1,0.5
2026-03-06_19.41.59,142,sign-optimization-horizontal-vertical_scenario,616,204,3,3,-1,90,90,15,1,81775,WheelchairAgent(Clone),5,10,1.3,1.17,8.114258,1,False,2,0,0
2026-03-06_19.41.59,142,sign-optimization-horizontal-vertical_scenario,616,204,3,3,-1,90,90,15,1,81776,WheelchairAgent(Clone),5,10,1.3,1.17,7.660156,1,False,2,0,0
2026-03-06_19.41.59,142,sign-optimization-horizontal-vertical_scenario,616,204,3,3,-1,90,90,15,1,81777,AdultFemaleAgent(Clone),10,12,1.58,1.45,0,0,False,3,0,0
2026-03-06_19.41.59,142,sign-optimization-horizontal-vertical_scenario,616,204,3,3,-1,90,90,15,1,81778,WheelchairAgent(Clone),10,12,1.3,1.17,2.393555,1,False,3,0,0
2026-03-06_19.41.59,142,sign-optimization-horizontal-vertical_scenario,616,204,3,3,-1,90,90,15,1,81779,AdultMaleAgent(Clone),5,10,1.71,1.58,13.89063,1,True,2,1,0.5
2026-03-06_19.41.59,142,sign-optimization-horizontal-vertical_scenario,616,204,3,3,-1,90,90,15,1,81780,AdultFemaleAgent(Clone),10,12,1.58,1.45,0,0,False,3,0,0
2026-03-06_19.41.59,142,sign-optimization-horizontal-vertical_scenario,616,204,3,3,-1,90,90,15,1,81781,WheelchairAgent(Clone),5,10,1.3,1.17,4.494141,1,False,2,0,0
2026-03-06_19.41.59,142,sign-optimization-horizontal-vertical_scenario,616,204,3,3,-1,90,90,15,1,81782,WheelchairAgent(Clone),11,10,1.3,1.17,14.06348,1,True,3,1,0.3333333
2026-03-06_19.41.59,142,sign-optimization-horizontal-vertical_scenario,616,204,3,3,-1,90,90,15,1,81783,WheelchairAgent(Clone),11,10,1.3,1.17,11.79395,1,True,3,1,0.3333333
2026-03-06_19.41.59,142,sign-optimization-horizontal-vertical_scenario,616,204,3,3,-1,90,90,15,1,81784,AdultMaleAgent(Clone),10,12,1.71,1.58,0,0,False,3,0,0
2026-03-06_19.41.59,142,sign-optimization-horizontal-vertical_scenario,616,204,3,3,-1,90,90,15,1,81785,WheelchairAgent(Clone),5,10,1.3,1.17,10.64941,1,False,2,1,0.5
2026-03-06_19.41.59,142,sign-optimization-horizontal-vertical_scenario,616,204,3,3,-1,90,90,15,1,81786,AdultMaleAgent(Clone),7,11,1.71,1.58,8.982422,2,True,2,1,0.5
2026-03-06_19.41.59,142,sign-optimization-horizontal-vertical_scenario,616,204,3,3,-1,90,90,15,1,81787,WheelchairAgent(Clone),6,12,1.3,1.17,0,0,False,2,0,0
2026-03-06_19.41.59,142,sign-optimization-horizontal-vertical_scenario,616,204,3,3,-1,90,90,15,1,81788,AdultMaleAgent(Clone),10,12,1.71,1.58,0.9580078,1,False,3,0,0
2026-03-06_19.41.59,142,sign-optimization-horizontal-vertical_scenario,616,204,3,3,-1,90,90,15,1,81789,AdultMaleAgent(Clone),5,10,1.71,1.58,8.697266,1,False,2,1,0.5
2026-03-06_19.41.59,142,sign-optimization-horizontal-vertical_scenario,616,204,3,3,-1,90,90,15,1,81790,AdultMaleAgent(Clone),7,11,1.71,1.58,4.270508,2,True,2,1,0.5
2026-03-06_19.41.59,142,sign-optimization-horizontal-vertical_scenario,616,204,3,3,-1,90,90,15,1,81791,WheelchairAgent(Clone),6,12,1.3,1.17,0,0,False,2,0,0
2026-03-06_19.41.59,142,sign-optimization-horizontal-vertical_scenario,616,204,3,3,-1,90,90,15,1,81792,AdultMaleAgent(Clone),11,10,1.71,1.58,11.55273,1,True,3,1,0.3333333
2026-03-06_19.41.59,142,sign-optimization-horizontal-vertical_scenario,616,204,3,3,-1,90,90,15,1,81793,WheelchairAgent(Clone),7,11,1.3,1.17,3.810547,2,True,2,1,0.5
2026-03-06_19.41.59,142,sign-optimization-horizontal-vertical_scenario,616,204,3,3,-1,90,90,15,1,81794,AdultFemaleAgent(Clone),6,12,1.58,1.45,1.520508,1,False,2,0,0
2026-03-06_19.41.59,142,sign-optimization-horizontal-vertical_scenario,616,204,3,3,-1,90,90,15,1,81795,AdultFemaleAgent(Clone),10,12,1.58,1.45,1.689453,1,False,3,0,0
2026-03-06_19.41.59,142,sign-optimization-horizontal-vertical_scenario,616,204,3,3,-1,90,90,15,1,81796,AdultMaleAgent(Clone),11,10,1.71,1.58,10.66113,1,True,3,1,0.3333333
2026-03-06_19.41.59,142,sign-optimization-horizontal-vertical_scenario,616,204,3,3,-1,90,90,15,1,81797,AdultFemaleAgent(Clone),5,10,1.58,1.45,6.944336,1,False,2,0,0
2026-03-06_19.41.59,142,sign-optimization-horizontal-vertical_scenario,616,204,3,3,-1,90,90,15,1,81798,AdultFemaleAgent(Clone),7,11,1.58,1.450001,3.830078,2,True,2,1,0.5
2026-03-06_19.41.59,142,sign-optimization-horizontal-vertical_scenario,616,204,3,3,-1,90,90,15,1,81799,AdultMaleAgent(Clone),6,12,1.71,1.58,5.472656,1,True,2,1,0.5
2026-03-06_19.41.59,142,sign-optimization-horizontal-vertical_scenario,616,204,3,3,-1,90,90,15,1,81800,AdultMaleAgent(Clone),7,11,1.71,1.58,6.62207,2,True,2,1,0.5
2026-03-06_19.41.59,142,sign-optimization-horizontal-vertical_scenario,616,204,3,3,-1,90,90,15,1,81801,WheelchairAgent(Clone),11,10,1.3,1.17,9.964844,1,True,3,2,0.6666667
2026-03-06_19.41.59,142,sign-optimization-horizontal-vertical_scenario,616,204,3,3,-1,90,90,15,1,81802,AdultMaleAgent(Clone),7,11,1.71,1.58,10.81836,2,True,2,1,0.5
2026-03-06_19.41.59,142,sign-optimization-horizontal-vertical_scenario,616,204,3,3,-1,90,90,15,1,81803,AdultMaleAgent(Clone),7,11,1.71,1.58,3.335938,1,True,2,1,0.5
2026-03-06_19.41.59,142,sign-optimization-horizontal-vertical_scenario,616,204,3,3,-1,90,90,15,1,81804,AdultMaleAgent(Clone),7,11,1.71,1.58,6.734375,2,True,2,1,0.5
2026-03-06_19.41.59,142,sign-optimization-horizontal-vertical_scenario,616,204,3,3,-1,90,90,15,1,81805,AdultMaleAgent(Clone),6,12,1.71,1.58,2.532227,1,False,2,1,0.5
2026-03-06_19.41.59,142,sign-optimization-horizontal-vertical_scenario,616,204,3,3,-1,90,90,15,1,81806,AdultMaleAgent(Clone),7,11,1.71,1.58,4.226563,2,True,2,1,0.5
2026-03-06_19.41.59,142,sign-optimization-horizontal-vertical_scenario,616,204,3,3,-1,90,90,15,1,81807,AdultMaleAgent(Clone),11,10,1.71,1.58,11.96777,1,True,3,1,0.3333333
2026-03-06_19.41.59,142,sign-optimization-horizontal-vertical_scenario,616,204,3,3,-1,90,90,15,1,81808,AdultFemaleAgent(Clone),5,10,1.58,1.45,9.915039,1,False,2,1,0.5
2026-03-06_19.41.59,142,sign-optimization-horizontal-vertical_scenario,616,204,3,3,-1,90,90,15,1,81809,WheelchairAgent(Clone),6,12,1.3,1.17,5.6875,1,False,2,1,0.5
2026-03-06_19.41.59,142,sign-optimization-horizontal-vertical_scenario,616,204,3,3,-1,90,90,15,1,81810,AdultFemaleAgent(Clone),11,10,1.58,1.450001,13.33984,1,True,3,2,0.6666667
2026-03-06_19.41.59,142,sign-optimization-horizontal-vertical_scenario,616,204,3,3,-1,90,90,15,1,81811,AdultMaleAgent(Clone),6,12,1.71,1.58,1.837891,1,False,2,0,0
2026-03-06_19.41.59,142,sign-optimization-horizontal-vertical_scenario,616,204,3,3,-1,90,90,15,1,81812,WheelchairAgent(Clone),5,10,1.3,1.17,8.554688,1,False,2,1,0.5
2026-03-06_19.41.59,142,sign-optimization-horizontal-vertical_scenario,616,204,3,3,-1,90,90,15,1,81813,AdultMaleAgent(Clone),6,12,1.71,1.58,2.548828,1,False,2,1,0.5
2026-03-06_19.41.59,142,sign-optimization-horizontal-vertical_scenario,616,204,3,3,-1,90,90,15,1,81814,WheelchairAgent(Clone),7,11,1.3,1.17,3.992188,2,True,2,1,0.5
2026-03-06_19.41.59,142,sign-optimization-horizontal-vertical_scenario,616,204,3,3,-1,90,90,15,1,81815,AdultMaleAgent(Clone),11,10,1.71,1.58,20.29297,1,True,3,1,0.3333333
2026-03-06_19.41.59,142,sign-optimization-horizontal-vertical_scenario,616,204,3,3,-1,90,90,15,1,81816,AdultMaleAgent(Clone),11,10,1.71,1.58,9.366211,1,True,3,1,0.3333333
2026-03-06_19.41.59,142,sign-optimization-horizontal-vertical_scenario,616,204,3,3,-1,90,90,15,1,81817,AdultFemaleAgent(Clone),7,11,1.58,1.450001,5.046875,2,False,2,0,0
2026-03-06_19.41.59,142,sign-optimization-horizontal-vertical_scenario,616,204,3,3,-1,90,90,15,1,81818,WheelchairAgent(Clone),11,10,1.3,1.17,12.08301,1,True,3,1,0.3333333
2026-03-06_19.41.59,142,sign-optimization-horizontal-vertical_scenario,616,204,3,3,-1,90,90,15,1,81819,WheelchairAgent(Clone),5,10,1.3,1.17,10.77637,1,False,2,1,0.5
2026-03-06_19.41.59,142,sign-optimization-horizontal-vertical_scenario,616,204,3,3,-1,90,90,15,1,81820,WheelchairAgent(Clone),10,12,1.3,1.17,1.337891,1,False,3,0,0
2026-03-06_19.41.59,142,sign-optimization-horizontal-vertical_scenario,616,204,3,3,-1,90,90,15,1,81821,AdultFemaleAgent(Clone),6,12,1.58,1.45,2.818359,1,False,2,1,0.5
2026-03-06_19.41.59,142,sign-optimization-horizontal-vertical_scenario,616,204,3,3,-1,90,90,15,1,81822,WheelchairAgent(Clone),7,11,1.3,1.17,3.744141,2,True,2,1,0.5
2026-03-06_19.41.59,142,sign-optimization-horizontal-vertical_scenario,616,204,3,3,-1,90,90,15,1,81823,AdultFemaleAgent(Clone),11,10,1.58,1.450001,13.24902,1,True,3,1,0.3333333
2026-03-06_19.41.59,142,sign-optimization-horizontal-vertical_scenario,616,204,3,3,-1,90,90,15,1,81824,AdultMaleAgent(Clone),6,12,1.71,1.58,1.001953,1,False,2,0,0
2026-03-06_19.41.59,142,sign-optimization-horizontal-vertical_scenario,616,204,3,3,-1,90,90,15,1,81825,AdultFemaleAgent(Clone),7,11,1.58,1.450001,5.130859,2,False,2,0,0
2026-03-06_19.41.59,142,sign-optimization-horizontal-vertical_scenario,616,204,3,3,-1,90,90,15,1,81826,AdultFemaleAgent(Clone),10,12,1.58,1.45,0,0,False,3,0,0
2026-03-06_19.41.59,142,sign-optimization-horizontal-vertical_scenario,616,204,3,3,-1,90,90,15,1,81827,AdultFemaleAgent(Clone),7,11,1.58,1.450001,6.640625,2,True,2,1,0.5
2026-03-06_19.41.59,142,sign-optimization-horizontal-vertical_scenario,616,204,3,3,-1,90,90,15,1,81828,AdultFemaleAgent(Clone),11,10,1.58,1.450001,14.26758,1,True,3,1,0.3333333
2026-03-06_19.41.59,142,sign-optimization-horizontal-vertical_scenario,616,204,3,3,-1,90,90,15,1,81829,AdultFemaleAgent(Clone),10,12,1.58,1.45,0,0,False,3,0,0
2026-03-06_19.41.59,142,sign-optimization-horizontal-vertical_scenario,616,204,3,3,-1,90,90,15,1,81830,AdultFemaleAgent(Clone),7,11,1.58,1.450001,9.49707,2,True,2,1,0.5
2026-03-06_19.41.59,142,sign-optimization-horizontal-vertical_scenario,616,204,3,3,-1,90,90,15,1,81831,WheelchairAgent(Clone),7,11,1.3,1.17,3.766602,2,True,2,1,0.5
2026-03-06_19.41.59,142,sign-optimization-horizontal-vertical_scenario,616,204,3,3,-1,90,90,15,1,81832,AdultMaleAgent(Clone),7,11,1.71,1.58,3.938477,2,True,2,1,0.5
2026-03-06_19.41.59,142,sign-optimization-horizontal-vertical_scenario,616,204,3,3,-1,90,90,15,1,81833,AdultMaleAgent(Clone),6,12,1.71,1.58,0,0,False,2,0,0
2026-03-06_19.41.59,142,sign-optimization-horizontal-vertical_scenario,616,204,3,3,-1,90,90,15,1,81834,WheelchairAgent(Clone),6,12,1.3,1.17,0,0,False,2,0,0
2026-03-06_19.41.59,142,sign-optimization-horizontal-vertical_scenario,616,204,3,3,-1,90,90,15,1,81835,AdultMaleAgent(Clone),5,10,1.71,1.58,8.387695,1,False,2,0,0
2026-03-06_19.41.59,142,sign-optimization-horizontal-vertical_scenario,616,204,3,3,-1,90,90,15,1,81836,AdultMaleAgent(Clone),7,11,1.71,1.58,4.299805,2,True,2,1,0.5
2026-03-06_19.41.59,142,sign-optimization-horizontal-vertical_scenario,616,204,3,3,-1,90,90,15,1,81837,WheelchairAgent(Clone),6,12,1.3,1.17,1.880859,1,False,2,0,0
2026-03-06_19.41.59,142,sign-optimization-horizontal-vertical_scenario,616,204,3,3,-1,90,90,15,1,81838,AdultFemaleAgent(Clone),11,10,1.58,1.450001,12.82129,1,True,3,1,0.3333333
2026-03-06_19.41.59,142,sign-optimization-horizontal-vertical_scenario,616,204,3,3,-1,90,90,15,1,81839,WheelchairAgent(Clone),6,12,1.3,1.17,0,0,False,2,0,0
2026-03-06_19.41.59,142,sign-optimization-horizontal-vertical_scenario,616,204,3,3,-1,90,90,15,1,81840,AdultMaleAgent(Clone),7,11,1.71,1.58,4.154297,2,True,2,1,0.5
2026-03-06_19.41.59,142,sign-optimization-horizontal-vertical_scenario,616,204,3,3,-1,90,90,15,1,81841,WheelchairAgent(Clone),6,12,1.3,1.17,4.222656,1,False,2,1,0.5
2026-03-06_19.41.59,142,sign-optimization-horizontal-vertical_scenario,616,204,3,3,-1,90,90,15,1,81842,WheelchairAgent(Clone),11,10,1.3,1.17,11.83594,2,True,3,2,0.6666667
2026-03-06_19.41.59,142,sign-optimization-horizontal-vertical_scenario,616,204,3,3,-1,90,90,15,1,81843,AdultFemaleAgent(Clone),11,10,1.58,1.450001,13.19531,1,True,3,1,0.3333333
2026-03-06_19.41.59,142,sign-optimization-horizontal-vertical_scenario,616,204,3,3,-1,90,90,15,1,81844,WheelchairAgent(Clone),5,10,1.3,1.17,10.35742,1,False,2,1,0.5
2026-03-06_19.41.59,142,sign-optimization-horizontal-vertical_scenario,616,204,3,3,-1,90,90,15,1,81845,WheelchairAgent(Clone),5,10,1.3,1.17,12.75195,1,True,2,1,0.5
2026-03-06_19.41.59,142,sign-optimization-horizontal-vertical_scenario,616,204,3,3,-1,90,90,15,1,81846,WheelchairAgent(Clone),6,12,1.3,1.17,2.419922,1,False,2,0,0
2026-03-06_19.41.59,142,sign-optimization-horizontal-vertical_scenario,616,204,3,3,-1,90,90,15,1,81847,AdultFemaleAgent(Clone),6,12,1.58,1.45,0,0,False,2,0,0
2026-03-06_19.41.59,142,sign-optimization-horizontal-vertical_scenario,616,204,3,3,-1,90,90,15,1,81848,WheelchairAgent(Clone),10,12,1.3,1.17,1.200195,1,False,3,0,0
2026-03-06_19.41.59,142,sign-optimization-horizontal-vertical_scenario,616,204,3,3,-1,90,90,15,1,81849,AdultMaleAgent(Clone),6,12,1.71,1.58,0,0,False,2,0,0
2026-03-06_19.41.59,142,sign-optimization-horizontal-vertical_scenario,616,204,3,3,-1,90,90,15,1,81850,AdultFemaleAgent(Clone),11,10,1.58,1.450001,10.52051,1,True,3,1,0.3333333
2026-03-06_19.41.59,142,sign-optimization-horizontal-vertical_scenario,616,204,3,3,-1,90,90,15,1,81851,AdultFemaleAgent(Clone),6,12,1.58,1.45,0,0,False,2,0,0
2026-03-06_19.41.59,142,sign-optimization-horizontal-vertical_scenario,616,204,3,3,-1,90,90,15,1,81852,AdultMaleAgent(Clone),10,12,1.71,1.58,0,0,False,3,0,0
2026-03-06_19.41.59,142,sign-optimization-horizontal-vertical_scenario,616,204,3,3,-1,90,90,15,1,81853,WheelchairAgent(Clone),5,10,1.3,1.17,4.732422,1,False,2,0,0
2026-03-06_19.41.59,142,sign-optimization-horizontal-vertical_scenario,616,204,3,3,-1,90,90,15,1,81854,AdultMaleAgent(Clone),6,12,1.71,1.58,3.152344,1,False,2,1,0.5
2026-03-06_19.41.59,142,sign-optimization-horizontal-vertical_scenario,616,204,3,3,-1,90,90,15,1,81855,WheelchairAgent(Clone),7,11,1.3,1.17,5.977539,2,True,2,1,0.5
2026-03-06_19.41.59,142,sign-optimization-horizontal-vertical_scenario,616,204,3,3,-1,90,90,15,1,81856,AdultFemaleAgent(Clone),5,10,1.58,1.45,7.097656,1,False,2,0,0
2026-03-06_19.41.59,142,sign-optimization-horizontal-vertical_scenario,616,204,3,3,-1,90,90,15,1,81857,AdultFemaleAgent(Clone),11,10,1.58,1.450001,12.93555,1,True,3,1,0.3333333
2026-03-06_19.41.59,142,sign-optimization-horizontal-vertical_scenario,616,204,3,3,-1,90,90,15,1,81858,AdultFemaleAgent(Clone),7,11,1.58,1.450001,3.695313,2,True,2,1,0.5
2026-03-06_19.41.59,142,sign-optimization-horizontal-vertical_scenario,616,204,3,3,-1,90,90,15,1,81859,AdultFemaleAgent(Clone),5,10,1.58,1.45,0,0,False,2,0,0
2026-03-06_19.41.59,142,sign-optimization-horizontal-vertical_scenario,616,204,3,3,-1,90,90,15,1,81860,AdultFemaleAgent(Clone),5,10,1.58,1.45,6.816406,1,False,2,0,0
2026-03-06_19.41.59,142,sign-optimization-horizontal-vertical_scenario,616,204,3,3,-1,90,90,15,1,81861,AdultFemaleAgent(Clone),7,11,1.58,1.450001,5.944336,1,True,2,1,0.5
2026-03-06_19.41.59,142,sign-optimization-horizontal-vertical_scenario,616,204,3,3,-1,90,90,15,1,81862,AdultFemaleAgent(Clone),7,11,1.58,1.450001,5.910156,2,True,2,1,0.5
2026-03-06_19.41.59,142,sign-optimization-horizontal-vertical_scenario,616,204,3,3,-1,90,90,15,1,81863,WheelchairAgent(Clone),6,12,1.3,1.17,2.408203,1,False,2,0,0
2026-03-06_19.41.59,142,sign-optimization-horizontal-vertical_scenario,616,204,3,3,-1,90,90,15,1,81864,AdultMaleAgent(Clone),6,12,1.71,1.58,0,0,False,2,0,0
2026-03-06_19.41.59,142,sign-optimization-horizontal-vertical_scenario,616,204,3,3,-1,90,90,15,1,81865,AdultMaleAgent(Clone),6,12,1.71,1.58,0,0,False,2,0,0
2026-03-06_19.41.59,142,sign-optimization-horizontal-vertical_scenario,616,204,3,3,-1,90,90,15,1,81866,AdultMaleAgent(Clone),5,10,1.71,1.58,8.516602,1,False,2,1,0.5
2026-03-06_19.41.59,142,sign-optimization-horizontal-vertical_scenario,616,204,3,3,-1,90,90,15,1,81867,WheelchairAgent(Clone),10,12,1.3,1.17,0,0,False,3,0,0
2026-03-06_19.41.59,142,sign-optimization-horizontal-vertical_scenario,616,204,3,3,-1,90,90,15,1,81868,WheelchairAgent(Clone),11,10,1.3,1.17,16.77344,1,True,3,1,0.3333333
2026-03-06_19.41.59,142,sign-optimization-horizontal-vertical_scenario,616,204,3,3,-1,90,90,15,1,81869,AdultFemaleAgent(Clone),7,11,1.58,1.450001,5.305664,1,True,2,1,0.5
2026-03-06_19.41.59,142,sign-optimization-horizontal-vertical_scenario,616,204,3,3,-1,90,90,15,1,81870,AdultFemaleAgent(Clone),5,10,1.58,1.45,9.259766,1,False,2,1,0.5
2026-03-06_19.41.59,142,sign-optimization-horizontal-vertical_scenario,616,204,3,3,-1,90,90,15,1,81871,WheelchairAgent(Clone),10,12,1.3,1.17,1.69043,1,False,3,0,0
2026-03-06_19.41.59,142,sign-optimization-horizontal-vertical_scenario,616,204,3,3,-1,90,90,15,1,81872,AdultFemaleAgent(Clone),6,12,1.58,1.45,1.367188,1,False,2,0,0
2026-03-06_19.41.59,142,sign-optimization-horizontal-vertical_scenario,616,204,3,3,-1,90,90,15,1,81873,AdultMaleAgent(Clone),5,10,1.71,1.58,11.5752,1,False,2,1,0.5
2026-03-06_19.41.59,142,sign-optimization-horizontal-vertical_scenario,616,204,3,3,-1,90,90,15,1,81874,WheelchairAgent(Clone),7,11,1.3,1.17,11.43262,2,True,2,1,0.5
2026-03-06_19.41.59,142,sign-optimization-horizontal-vertical_scenario,616,204,3,3,-1,90,90,15,1,81875,WheelchairAgent(Clone),11,10,1.3,1.17,13.30273,1,True,3,1,0.3333333
2026-03-06_19.41.59,142,sign-optimization-horizontal-vertical_scenario,616,204,3,3,-1,90,90,15,1,81876,WheelchairAgent(Clone),5,10,1.3,1.17,9.204102,1,False,2,1,0.5
2026-03-06_19.41.59,142,sign-optimization-horizontal-vertical_scenario,616,204,3,3,-1,90,90,15,1,81877,AdultMaleAgent(Clone),6,12,1.71,1.58,0,0,False,2,0,0
2026-03-06_19.41.59,142,sign-optimization-horizontal-vertical_scenario,616,204,3,3,-1,90,90,15,1,81878,AdultFemaleAgent(Clone),5,10,1.58,1.45,5.915039,1,False,2,0,0
2026-03-06_19.41.59,142,sign-optimization-horizontal-vertical_scenario,616,204,3,3,-1,90,90,15,1,81879,AdultFemaleAgent(Clone),6,12,1.58,1.45,4.879883,1,True,2,1,0.5
2026-03-06_19.41.59,142,sign-optimization-horizontal-vertical_scenario,616,204,3,3,-1,90,90,15,1,81880,AdultFemaleAgent(Clone),10,12,1.58,1.45,0,0,False,3,0,0
2026-03-06_19.41.59,142,sign-optimization-horizontal-vertical_scenario,616,204,3,3,-1,90,90,15,1,81881,AdultFemaleAgent(Clone),10,12,1.58,1.45,0,0,False,3,0,0
2026-03-06_19.41.59,142,sign-optimization-horizontal-vertical_scenario,616,204,3,3,-1,90,90,15,1,81882,AdultFemaleAgent(Clone),7,11,1.58,1.450001,8.30957,2,True,2,1,0.5
2026-03-06_19.41.59,142,sign-optimization-horizontal-vertical_scenario,616,204,3,3,-1,90,90,15,1,81883,AdultMaleAgent(Clone),7,11,1.71,1.58,4.463867,2,True,2,1,0.5
2026-03-06_19.41.59,142,sign-optimization-horizontal-vertical_scenario,616,204,3,3,-1,90,90,15,1,81884,AdultMaleAgent(Clone),6,12,1.71,1.58,0,0,False,2,0,0
2026-03-06_19.41.59,142,sign-optimization-horizontal-vertical_scenario,616,204,3,3,-1,90,90,15,1,81885,AdultFemaleAgent(Clone),10,12,1.58,1.45,0,0,False,3,0,0
2026-03-06_19.41.59,142,sign-optimization-horizontal-vertical_scenario,616,204,3,3,-1,90,90,15,1,81886,WheelchairAgent(Clone),11,10,1.3,1.17,7.323242,1,False,3,1,0.3333333
2026-03-06_19.41.59,142,sign-optimization-horizontal-vertical_scenario,616,204,3,3,-1,90,90,15,1,81887,AdultFemaleAgent(Clone),6,12,1.58,1.45,0,0,False,2,0,0
2026-03-06_19.41.59,142,sign-optimization-horizontal-vertical_scenario,616,204,3,3,-1,90,90,15,1,81888,AdultFemaleAgent(Clone),10,12,1.58,1.45,0,0,False,3,0,0
2026-03-06_19.41.59,142,sign-optimization-horizontal-vertical_scenario,616,204,3,3,-1,90,90,15,1,81889,AdultFemaleAgent(Clone),11,10,1.58,1.450001,12.16699,1,True,3,1,0.3333333
2026-03-06_19.41.59,142,sign-optimization-horizontal-vertical_scenario,616,204,3,3,-1,90,90,15,1,81890,WheelchairAgent(Clone),10,12,1.3,1.17,1.683594,1,False,3,0,0
2026-03-06_19.41.59,142,sign-optimization-horizontal-vertical_scenario,616,204,3,3,-1,90,90,15,1,81891,WheelchairAgent(Clone),5,10,1.3,1.17,8.583008,1,False,2,0,0
2026-03-06_19.41.59,142,sign-optimization-horizontal-vertical_scenario,616,204,3,3,-1,90,90,15,1,81892,AdultMaleAgent(Clone),5,10,1.71,1.58,7.87793,1,False,2,0,0
2026-03-06_19.41.59,142,sign-optimization-horizontal-vertical_scenario,616,204,3,3,-1,90,90,15,1,81893,WheelchairAgent(Clone),7,11,1.3,1.17,5.75293,2,True,2,1,0.5
2026-03-06_19.41.59,142,sign-optimization-horizontal-vertical_scenario,616,204,3,3,-1,90,90,15,1,81894,AdultFemaleAgent(Clone),11,10,1.58,1.450001,11.60938,1,True,3,1,0.3333333
2026-03-06_19.41.59,142,sign-optimization-horizontal-vertical_scenario,616,204,3,3,-1,90,90,15,1,81895,AdultFemaleAgent(Clone),7,11,1.58,1.450001,9.926758,2,True,2,1,0.5
2026-03-06_19.41.59,142,sign-optimization-horizontal-vertical_scenario,616,204,3,3,-1,90,90,15,1,81896,AdultFemaleAgent(Clone),6,12,1.58,1.45,1.680664,1,False,2,0,0
2026-03-06_19.41.59,142,sign-optimization-horizontal-vertical_scenario,616,204,3,3,-1,90,90,15,1,81897,AdultMaleAgent(Clone),6,12,1.71,1.58,0,0,False,2,0,0
2026-03-06_19.41.59,142,sign-optimization-horizontal-vertical_scenario,616,204,3,3,-1,90,90,15,1,81898,AdultFemaleAgent(Clone),10,12,1.58,1.45,0,0,False,3,0,0
2026-03-06_19.41.59,142,sign-optimization-horizontal-vertical_scenario,616,204,3,3,-1,90,90,15,1,81899,AdultMaleAgent(Clone),7,11,1.71,1.58,4.373047,2,True,2,1,0.5
2026-03-06_19.41.59,142,sign-optimization-horizontal-vertical_scenario,616,204,3,3,-1,90,90,15,1,81900,AdultMaleAgent(Clone),10,12,1.71,1.58,0,0,False,3,0,0
2026-03-06_19.41.59,142,sign-optimization-horizontal-vertical_scenario,616,204,3,3,-1,90,90,15,1,81901,AdultMaleAgent(Clone),5,10,1.71,1.58,10.33008,1,True,2,1,0.5
2026-03-06_19.41.59,142,sign-optimization-horizontal-vertical_scenario,616,204,3,3,-1,90,90,15,1,81902,WheelchairAgent(Clone),6,12,1.3,1.17,0,0,False,2,0,0
2026-03-06_19.41.59,142,sign-optimization-horizontal-vertical_scenario,616,204,3,3,-1,90,90,15,1,81903,AdultMaleAgent(Clone),5,10,1.71,1.58,0,0,False,2,0,0
2026-03-06_19.41.59,142,sign-optimization-horizontal-vertical_scenario,616,204,3,3,-1,90,90,15,1,81904,AdultFemaleAgent(Clone),10,12,1.58,1.45,0.4863281,1,False,3,0,0
2026-03-06_19.41.59,142,sign-optimization-horizontal-vertical_scenario,616,204,3,3,-1,90,90,15,1,81905,AdultMaleAgent(Clone),10,12,1.71,1.58,0,0,False,3,0,0
2026-03-06_19.41.59,142,sign-optimization-horizontal-vertical_scenario,616,204,3,3,-1,90,90,15,1,81906,AdultFemaleAgent(Clone),7,11,1.58,1.450001,3.594727,2,True,2,1,0.5
2026-03-06_19.41.59,142,sign-optimization-horizontal-vertical_scenario,616,204,3,3,-1,90,90,15,1,81907,AdultFemaleAgent(Clone),5,10,1.58,1.45,3.754883,1,False,2,0,0
2026-03-06_19.41.59,142,sign-optimization-horizontal-vertical_scenario,616,204,3,3,-1,90,90,15,1,81908,WheelchairAgent(Clone),5,10,1.3,1.17,7.537109,1,False,2,0,0
2026-03-06_19.41.59,142,sign-optimization-horizontal-vertical_scenario,616,204,3,3,-1,90,90,15,1,81909,AdultFemaleAgent(Clone),10,12,1.58,1.45,1.392578,1,False,3,0,0
2026-03-06_19.41.59,142,sign-optimization-horizontal-vertical_scenario,616,204,3,3,-1,90,90,15,1,81910,WheelchairAgent(Clone),6,12,1.3,1.17,0,0,False,2,0,0
2026-03-06_19.41.59,142,sign-optimization-horizontal-vertical_scenario,616,204,3,3,-1,90,90,15,1,81911,AdultMaleAgent(Clone),10,12,1.71,1.58,2.154297,1,False,3,0,0
2026-03-06_19.41.59,142,sign-optimization-horizontal-vertical_scenario,616,204,3,3,-1,90,90,15,1,81912,WheelchairAgent(Clone),5,10,1.3,1.17,10.73145,1,False,2,1,0.5
2026-03-06_19.41.59,142,sign-optimization-horizontal-vertical_scenario,616,204,3,3,-1,90,90,15,1,81913,AdultMaleAgent(Clone),6,12,1.71,1.58,0,0,False,2,0,0
2026-03-06_19.41.59,142,sign-optimization-horizontal-vertical_scenario,616,204,3,3,-1,90,90,15,1,81914,AdultFemaleAgent(Clone),11,10,1.58,1.450001,10.70801,1,True,3,1,0.3333333
2026-03-06_19.41.59,142,sign-optimization-horizontal-vertical_scenario,616,204,3,3,-1,90,90,15,1,81915,AdultMaleAgent(Clone),6,12,1.71,1.58,1.537109,1,False,2,0,0
2026-03-06_19.41.59,142,sign-optimization-horizontal-vertical_scenario,616,204,3,3,-1,90,90,15,1,81916,AdultMaleAgent(Clone),10,12,1.71,1.58,0,0,False,3,0,0
2026-03-06_19.41.59,142,sign-optimization-horizontal-vertical_scenario,616,204,3,3,-1,90,90,15,1,81917,AdultMaleAgent(Clone),11,10,1.71,1.58,12.51855,1,True,3,1,0.3333333
2026-03-06_19.41.59,142,sign-optimization-horizontal-vertical_scenario,616,204,3,3,-1,90,90,15,1,81918,AdultFemaleAgent(Clone),7,11,1.58,1.450001,3.831055,1,True,2,1,0.5
2026-03-06_19.41.59,142,sign-optimization-horizontal-vertical_scenario,616,204,3,3,-1,90,90,15,1,81919,AdultMaleAgent(Clone),6,12,1.71,1.58,3.292969,1,False,2,1,0.5
2026-03-06_19.41.59,142,sign-optimization-horizontal-vertical_scenario,616,204,3,3,-1,90,90,15,1,81920,WheelchairAgent(Clone),11,10,1.3,1.17,12.53906,1,True,3,2,0.6666667
2026-03-06_19.41.59,142,sign-optimization-horizontal-vertical_scenario,616,204,3,3,-1,90,90,15,1,81921,WheelchairAgent(Clone),5,10,1.3,1.17,9.948242,1,False,2,1,0.5
2026-03-06_19.41.59,142,sign-optimization-horizontal-vertical_scenario,616,204,3,3,-1,90,90,15,1,81922,AdultFemaleAgent(Clone),6,12,1.58,1.45,0,0,False,2,0,0
2026-03-06_19.41.59,142,sign-optimization-horizontal-vertical_scenario,616,204,3,3,-1,90,90,15,1,81923,AdultFemaleAgent(Clone),6,12,1.58,1.45,0,0,False,2,0,0
2026-03-06_19.41.59,142,sign-optimization-horizontal-vertical_scenario,616,204,3,3,-1,90,90,15,1,81924,AdultFemaleAgent(Clone),6,12,1.58,1.45,5.736328,1,True,2,1,0.5
2026-03-06_19.41.59,142,sign-optimization-horizontal-vertical_scenario,616,204,3,3,-1,90,90,15,1,81925,AdultFemaleAgent(Clone),11,10,1.58,1.450001,12.41504,1,True,3,1,0.3333333
2026-03-06_19.41.59,142,sign-optimization-horizontal-vertical_scenario,616,204,3,3,-1,90,90,15,1,81926,WheelchairAgent(Clone),10,12,1.3,1.17,2.299805,1,False,3,0,0
2026-03-06_19.41.59,142,sign-optimization-horizontal-vertical_scenario,616,204,3,3,-1,90,90,15,1,81927,WheelchairAgent(Clone),5,10,1.3,1.17,8.587891,1,False,2,1,0.5
2026-03-06_19.41.59,142,sign-optimization-horizontal-vertical_scenario,616,204,3,3,-1,90,90,15,1,81928,AdultMaleAgent(Clone),7,11,1.71,1.58,4.952148,2,True,2,1,0.5
2026-03-06_19.41.59,142,sign-optimization-horizontal-vertical_scenario,616,204,3,3,-1,90,90,15,1,81929,AdultMaleAgent(Clone),11,10,1.71,1.58,8.631836,1,True,3,1,0.3333333
2026-03-06_19.41.59,142,sign-optimization-horizontal-vertical_scenario,616,204,3,3,-1,90,90,15,1,81930,AdultFemaleAgent(Clone),10,12,1.58,1.45,2.248047,1,False,3,0,0
2026-03-06_19.41.59,142,sign-optimization-horizontal-vertical_scenario,616,204,3,3,-1,90,90,15,1,81931,AdultFemaleAgent(Clone),7,11,1.58,1.450001,6.556641,1,True,2,1,0.5
2026-03-06_19.41.59,142,sign-optimization-horizontal-vertical_scenario,616,204,3,3,-1,90,90,15,1,81932,AdultMaleAgent(Clone),7,11,1.71,1.58,4.837891,2,True,2,1,0.5
2026-03-06_19.41.59,142,sign-optimization-horizontal-vertical_scenario,616,204,3,3,-1,90,90,15,1,81933,AdultFemaleAgent(Clone),7,11,1.58,1.450001,3.74707,2,True,2,1,0.5
2026-03-06_19.41.59,142,sign-optimization-horizontal-vertical_scenario,616,204,3,3,-1,90,90,15,1,81934,AdultFemaleAgent(Clone),11,10,1.58,1.450001,8.515625,1,True,3,1,0.3333333
2026-03-06_19.41.59,142,sign-optimization-horizontal-vertical_scenario,616,204,3,3,-1,90,90,15,1,81935,WheelchairAgent(Clone),5,10,1.3,1.17,5.755859,1,False,2,0,0
2026-03-06_19.41.59,142,sign-optimization-horizontal-vertical_scenario,616,204,3,3,-1,90,90,15,1,81936,AdultMaleAgent(Clone),7,11,1.71,1.58,4.27832,2,True,2,1,0.5
2026-03-06_19.41.59,142,sign-optimization-horizontal-vertical_scenario,616,204,3,3,-1,90,90,15,1,81937,AdultMaleAgent(Clone),11,10,1.71,1.58,10.33301,2,True,3,1,0.3333333
2026-03-06_19.41.59,142,sign-optimization-horizontal-vertical_scenario,616,204,3,3,-1,90,90,15,1,81938,WheelchairAgent(Clone),7,11,1.3,1.17,3.162109,2,True,2,1,0.5
2026-03-06_19.41.59,142,sign-optimization-horizontal-vertical_scenario,616,204,3,3,-1,90,90,15,1,81939,AdultMaleAgent(Clone),6,12,1.71,1.58,0,0,False,2,0,0
2026-03-06_19.41.59,142,sign-optimization-horizontal-vertical_scenario,616,204,3,3,-1,90,90,15,1,81940,AdultMaleAgent(Clone),5,10,1.71,1.58,7.395508,1,False,2,0,0
2026-03-06_19.41.59,142,sign-optimization-horizontal-vertical_scenario,616,204,3,3,-1,90,90,15,1,81941,AdultMaleAgent(Clone),7,11,1.71,1.58,5.680664,1,True,2,1,0.5
2026-03-06_19.41.59,142,sign-optimization-horizontal-vertical_scenario,616,204,3,3,-1,90,90,15,1,81942,WheelchairAgent(Clone),5,10,1.3,1.17,9.914063,1,False,2,1,0.5
2026-03-06_19.41.59,142,sign-optimization-horizontal-vertical_scenario,616,204,3,3,-1,90,90,15,1,81943,AdultMaleAgent(Clone),11,10,1.71,1.58,11.74316,2,True,3,1,0.3333333
2026-03-06_19.41.59,142,sign-optimization-horizontal-vertical_scenario,616,204,3,3,-1,90,90,15,1,81944,WheelchairAgent(Clone),7,11,1.3,1.17,5.586914,2,False,2,0,0
2026-03-06_19.41.59,142,sign-optimization-horizontal-vertical_scenario,616,204,3,3,-1,90,90,15,1,81945,AdultFemaleAgent(Clone),7,11,1.58,1.450001,7.9375,1,True,2,1,0.5
2026-03-06_19.41.59,142,sign-optimization-horizontal-vertical_scenario,616,204,3,3,-1,90,90,15,1,81946,WheelchairAgent(Clone),5,10,1.3,1.17,2.626953,1,False,2,0,0
2026-03-06_19.41.59,142,sign-optimization-horizontal-vertical_scenario,616,204,3,3,-1,90,90,15,1,81947,WheelchairAgent(Clone),7,11,1.3,1.17,6.230469,2,True,2,1,0.5
2026-03-06_19.41.59,142,sign-optimization-horizontal-vertical_scenario,616,204,3,3,-1,90,90,15,1,81948,WheelchairAgent(Clone),11,10,1.3,1.17,21.8623,1,True,3,1,0.3333333
2026-03-06_19.41.59,142,sign-optimization-horizontal-vertical_scenario,616,204,3,3,-1,90,90,15,1,81949,AdultMaleAgent(Clone),11,10,1.71,1.58,12.00098,1,True,3,1,0.3333333
2026-03-06_19.41.59,142,sign-optimization-horizontal-vertical_scenario,616,204,3,3,-1,90,90,15,1,81950,AdultMaleAgent(Clone),7,11,1.71,1.58,6.03125,1,True,2,1,0.5
2026-03-06_19.41.59,142,sign-optimization-horizontal-vertical_scenario,616,204,3,3,-1,90,90,15,1,81951,AdultMaleAgent(Clone),10,12,1.71,1.58,1.395508,1,False,3,0,0
2026-03-06_19.41.59,142,sign-optimization-horizontal-vertical_scenario,616,204,3,3,-1,90,90,15,1,81952,AdultFemaleAgent(Clone),6,12,1.58,1.45,0,0,False,2,0,0
2026-03-06_19.41.59,142,sign-optimization-horizontal-vertical_scenario,616,204,3,3,-1,90,90,15,1,81953,AdultMaleAgent(Clone),6,12,1.71,1.58,0,0,False,2,0,0
2026-03-06_19.41.59,142,sign-optimization-horizontal-vertical_scenario,616,204,3,3,-1,90,90,15,1,81954,AdultMaleAgent(Clone),10,12,1.71,1.58,0,0,False,3,0,0
2026-03-06_19.41.59,142,sign-optimization-horizontal-vertical_scenario,616,204,3,3,-1,90,90,15,1,81955,AdultMaleAgent(Clone),10,12,1.71,1.58,0,0,False,3,0,0
2026-03-06_19.41.59,142,sign-optimization-horizontal-vertical_scenario,616,204,3,3,-1,90,90,15,1,81956,WheelchairAgent(Clone),7,11,1.3,1.17,6.685547,1,False,2,1,0.5
2026-03-06_19.41.59,142,sign-optimization-horizontal-vertical_scenario,616,204,3,3,-1,90,90,15,1,81957,AdultFemaleAgent(Clone),5,10,1.58,1.45,10.41016,1,False,2,1,0.5
2026-03-06_19.41.59,142,sign-optimization-horizontal-vertical_scenario,616,204,3,3,-1,90,90,15,1,81958,WheelchairAgent(Clone),7,11,1.3,1.17,3.505859,2,True,2,1,0.5
2026-03-06_19.41.59,142,sign-optimization-horizontal-vertical_scenario,616,204,3,3,-1,90,90,15,1,81959,AdultFemaleAgent(Clone),5,10,1.58,1.45,10.11621,1,False,2,1,0.5
2026-03-06_19.41.59,142,sign-optimization-horizontal-vertical_scenario,616,204,3,3,-1,90,90,15,1,81960,AdultMaleAgent(Clone),11,10,1.71,1.58,15.94434,1,True,3,1,0.3333333
2026-03-06_19.41.59,142,sign-optimization-horizontal-vertical_scenario,616,204,3,3,-1,90,90,15,1,81961,WheelchairAgent(Clone),6,12,1.3,1.17,0,0,False,2,0,0
2026-03-06_19.41.59,142,sign-optimization-horizontal-vertical_scenario,616,204,3,3,-1,90,90,15,1,81962,WheelchairAgent(Clone),7,11,1.3,1.17,5.560547,1,False,2,0,0
2026-03-06_19.41.59,142,sign-optimization-horizontal-vertical_scenario,616,204,3,3,-1,90,90,15,1,81963,AdultFemaleAgent(Clone),5,10,1.58,1.45,11.52344,1,False,2,1,0.5
2026-03-06_19.41.59,142,sign-optimization-horizontal-vertical_scenario,616,204,3,3,-1,90,90,15,1,81964,WheelchairAgent(Clone),10,12,1.3,1.17,1.603516,1,False,3,0,0
2026-03-06_19.41.59,142,sign-optimization-horizontal-vertical_scenario,616,204,3,3,-1,90,90,15,1,81965,WheelchairAgent(Clone),6,12,1.3,1.17,2.095703,1,False,2,0,0
2026-03-06_19.41.59,142,sign-optimization-horizontal-vertical_scenario,616,204,3,3,-1,90,90,15,1,81966,AdultFemaleAgent(Clone),6,12,1.58,1.45,0,0,False,2,0,0
2026-03-06_19.41.59,142,sign-optimization-horizontal-vertical_scenario,616,204,3,3,-1,90,90,15,1,81967,WheelchairAgent(Clone),6,12,1.3,1.17,0,0,False,2,0,0
2026-03-06_19.41.59,142,sign-optimization-horizontal-vertical_scenario,616,204,3,3,-1,90,90,15,1,81968,WheelchairAgent(Clone),7,11,1.3,1.17,7.296875,1,True,2,1,0.5
2026-03-06_19.41.59,142,sign-optimization-horizontal-vertical_scenario,616,204,3,3,-1,90,90,15,1,81969,AdultFemaleAgent(Clone),5,10,1.58,1.45,4.833008,1,False,2,0,0
2026-03-06_19.41.59,142,sign-optimization-horizontal-vertical_scenario,616,204,3,3,-1,90,90,15,1,81970,AdultFemaleAgent(Clone),6,12,1.58,1.45,0,0,False,2,0,0
2026-03-06_19.41.59,142,sign-optimization-horizontal-vertical_scenario,616,204,3,3,-1,90,90,15,1,81971,WheelchairAgent(Clone),11,10,1.3,1.17,11.61133,1,True,3,1,0.3333333
2026-03-06_19.41.59,142,sign-optimization-horizontal-vertical_scenario,616,204,3,3,-1,90,90,15,1,81972,AdultMaleAgent(Clone),10,12,1.71,1.58,0,0,False,3,0,0
2026-03-06_19.41.59,142,sign-optimization-horizontal-vertical_scenario,616,204,3,3,-1,90,90,15,1,81973,AdultFemaleAgent(Clone),11,10,1.58,1.450001,11.44727,1,False,3,2,0.6666667
2026-03-06_19.41.59,142,sign-optimization-horizontal-vertical_scenario,616,204,3,3,-1,90,90,15,1,81974,WheelchairAgent(Clone),7,11,1.3,1.17,4.422852,2,True,2,1,0.5
2026-03-06_19.41.59,142,sign-optimization-horizontal-vertical_scenario,616,204,3,3,-1,90,90,15,1,81975,WheelchairAgent(Clone),7,11,1.3,1.17,3.685547,1,True,2,1,0.5
2026-03-06_19.41.59,142,sign-optimization-horizontal-vertical_scenario,616,204,3,3,-1,90,90,15,1,81976,AdultFemaleAgent(Clone),5,10,1.58,1.45,6.723633,1,False,2,0,0
2026-03-06_19.41.59,142,sign-optimization-horizontal-vertical_scenario,616,204,3,3,-1,90,90,15,1,81977,WheelchairAgent(Clone),10,12,1.3,1.17,0,0,False,3,0,0
2026-03-06_19.41.59,142,sign-optimization-horizontal-vertical_scenario,616,204,3,3,-1,90,90,15,1,81978,AdultMaleAgent(Clone),5,10,1.71,1.58,8.561523,1,False,2,1,0.5
2026-03-06_19.41.59,142,sign-optimization-horizontal-vertical_scenario,616,204,3,3,-1,90,90,15,1,81979,WheelchairAgent(Clone),11,10,1.3,1.17,12.34766,1,False,3,2,0.6666667
2026-03-06_19.41.59,142,sign-optimization-horizontal-vertical_scenario,616,204,3,3,-1,90,90,15,1,81980,WheelchairAgent(Clone),10,12,1.3,1.17,2.416016,1,False,3,0,0
2026-03-06_19.41.59,142,sign-optimization-horizontal-vertical_scenario,616,204,3,3,-1,90,90,15,1,81981,AdultMaleAgent(Clone),10,12,1.71,1.58,1.901367,1,False,3,0,0
2026-03-06_19.41.59,142,sign-optimization-horizontal-vertical_scenario,616,204,3,3,-1,90,90,15,1,81982,AdultMaleAgent(Clone),5,10,1.71,1.58,11.00977,1,False,2,1,0.5
2026-03-06_19.41.59,142,sign-optimization-horizontal-vertical_scenario,616,204,3,3,-1,90,90,15,1,81983,WheelchairAgent(Clone),6,12,1.3,1.17,0,0,False,2,0,0
2026-03-06_19.41.59,142,sign-optimization-horizontal-vertical_scenario,616,204,3,3,-1,90,90,15,1,81984,AdultMaleAgent(Clone),6,12,1.71,1.58,0,0,False,2,0,0
2026-03-06_19.41.59,142,sign-optimization-horizontal-vertical_scenario,616,204,3,3,-1,90,90,15,1,81985,AdultFemaleAgent(Clone),6,12,1.58,1.45,0,0,False,2,0,0
2026-03-06_19.41.59,142,sign-optimization-horizontal-vertical_scenario,616,204,3,3,-1,90,90,15,1,81986,AdultMaleAgent(Clone),7,11,1.71,1.58,7.753906,1,True,2,1,0.5
2026-03-06_19.41.59,142,sign-optimization-horizontal-vertical_scenario,616,204,3,3,-1,90,90,15,1,81987,AdultMaleAgent(Clone),7,11,1.71,1.58,5.172852,1,True,2,1,0.5
2026-03-06_19.41.59,142,sign-optimization-horizontal-vertical_scenario,616,204,3,3,-1,90,90,15,1,81988,AdultFemaleAgent(Clone),5,10,1.58,1.45,11.30859,1,False,2,1,0.5
2026-03-06_19.41.59,142,sign-optimization-horizontal-vertical_scenario,616,204,3,3,-1,90,90,15,1,81989,AdultFemaleAgent(Clone),10,12,1.58,1.45,0,0,False,3,0,0
2026-03-06_19.41.59,142,sign-optimization-horizontal-vertical_scenario,616,204,3,3,-1,90,90,15,1,81990,AdultFemaleAgent(Clone),5,10,1.58,1.45,2.538086,1,False,2,0,0
2026-03-06_19.41.59,142,sign-optimization-horizontal-vertical_scenario,616,204,3,3,-1,90,90,15,1,81991,AdultMaleAgent(Clone),11,10,1.71,1.58,11.44336,1,True,3,1,0.3333333
2026-03-06_19.41.59,142,sign-optimization-horizontal-vertical_scenario,616,204,3,3,-1,90,90,15,1,81992,AdultMaleAgent(Clone),7,11,1.71,1.58,6.132813,1,True,2,1,0.5
2026-03-06_19.41.59,142,sign-optimization-horizontal-vertical_scenario,616,204,3,3,-1,90,90,15,1,81993,AdultMaleAgent(Clone),11,10,1.71,1.58,19.21484,1,True,3,1,0.3333333
2026-03-06_19.41.59,142,sign-optimization-horizontal-vertical_scenario,616,204,3,3,-1,90,90,15,1,81994,WheelchairAgent(Clone),7,11,1.3,1.17,8.442383,1,True,2,1,0.5
2026-03-06_19.41.59,142,sign-optimization-horizontal-vertical_scenario,616,204,3,3,-1,90,90,15,1,81995,AdultFemaleAgent(Clone),11,10,1.58,1.450001,11.4873,1,True,3,1,0.3333333
2026-03-06_19.41.59,142,sign-optimization-horizontal-vertical_scenario,616,204,3,3,-1,90,90,15,1,81996,WheelchairAgent(Clone),5,10,1.3,1.17,8.863281,1,False,2,1,0.5
2026-03-06_19.41.59,142,sign-optimization-horizontal-vertical_scenario,616,204,3,3,-1,90,90,15,1,81997,AdultMaleAgent(Clone),10,12,1.71,1.58,0.4169922,1,False,3,0,0
2026-03-06_19.41.59,142,sign-optimization-horizontal-vertical_scenario,616,204,3,3,-1,90,90,15,1,81998,WheelchairAgent(Clone),6,12,1.3,1.17,0.7939453,1,False,2,0,0
2026-03-06_19.41.59,142,sign-optimization-horizontal-vertical_scenario,616,204,3,3,-1,90,90,15,1,81999,WheelchairAgent(Clone),5,10,1.3,1.17,6.338867,1,False,2,0,0
2026-03-06_19.41.59,142,sign-optimization-horizontal-vertical_scenario,616,204,3,3,-1,90,90,15,1,82000,WheelchairAgent(Clone),7,11,1.3,1.17,5.779297,1,False,2,1,0.5
2026-03-06_19.41.59,142,sign-optimization-horizontal-vertical_scenario,616,204,3,3,-1,90,90,15,1,82001,AdultMaleAgent(Clone),6,12,1.71,1.58,0.9765625,1,False,2,0,0
2026-03-06_19.41.59,142,sign-optimization-horizontal-vertical_scenario,616,204,3,3,-1,90,90,15,1,82002,WheelchairAgent(Clone),5,10,1.3,1.17,12.41016,1,True,2,1,0.5
2026-03-06_19.41.59,142,sign-optimization-horizontal-vertical_scenario,616,204,3,3,-1,90,90,15,1,82003,AdultFemaleAgent(Clone),10,12,1.58,1.45,3.242188,1,False,3,0,0
2026-03-06_19.41.59,142,sign-optimization-horizontal-vertical_scenario,616,204,3,3,-1,90,90,15,1,82004,AdultFemaleAgent(Clone),7,11,1.58,1.450001,5.551758,1,True,2,1,0.5
2026-03-06_19.41.59,142,sign-optimization-horizontal-vertical_scenario,616,204,3,3,-1,90,90,15,1,82005,AdultMaleAgent(Clone),11,10,1.71,1.58,10.85352,1,True,3,1,0.3333333
2026-03-06_19.41.59,142,sign-optimization-horizontal-vertical_scenario,616,204,3,3,-1,90,90,15,1,82006,WheelchairAgent(Clone),11,10,1.3,1.17,10.63281,1,True,3,2,0.6666667
2026-03-06_19.41.59,142,sign-optimization-horizontal-vertical_scenario,616,204,3,3,-1,90,90,15,1,82007,AdultMaleAgent(Clone),5,10,1.71,1.58,7.448242,1,False,2,0,0
2026-03-06_19.41.59,142,sign-optimization-horizontal-vertical_scenario,616,204,3,3,-1,90,90,15,1,82008,AdultFemaleAgent(Clone),7,11,1.58,1.450001,5.817383,1,True,2,1,0.5
2026-03-06_19.41.59,142,sign-optimization-horizontal-vertical_scenario,616,204,3,3,-1,90,90,15,1,82009,AdultFemaleAgent(Clone),6,12,1.58,1.45,0.7392578,1,False,2,0,0
2026-03-06_19.41.59,142,sign-optimization-horizontal-vertical_scenario,616,204,3,3,-1,90,90,15,1,82010,WheelchairAgent(Clone),11,10,1.3,1.17,9.805664,1,True,3,2,0.6666667
2026-03-06_19.41.59,142,sign-optimization-horizontal-vertical_scenario,616,204,3,3,-1,90,90,15,1,82011,WheelchairAgent(Clone),10,12,1.3,1.17,0,0,False,3,0,0
2026-03-06_19.41.59,142,sign-optimization-horizontal-vertical_scenario,616,204,3,3,-1,90,90,15,1,82012,AdultFemaleAgent(Clone),11,10,1.58,1.450001,0,0,True,3,1,0.3333333
2026-03-06_19.41.59,142,sign-optimization-horizontal-vertical_scenario,616,204,3,3,-1,90,90,15,1,82013,AdultMaleAgent(Clone),6,12,1.71,1.58,0,0,False,2,0,0
2026-03-06_19.41.59,142,sign-optimization-horizontal-vertical_scenario,616,204,3,3,-1,90,90,15,1,82014,AdultFemaleAgent(Clone),7,11,1.58,1.450001,6.140625,1,True,2,1,0.5
2026-03-06_19.41.59,142,sign-optimization-horizontal-vertical_scenario,616,204,3,3,-1,90,90,15,1,82015,WheelchairAgent(Clone),10,12,1.3,1.17,0,0,False,3,0,0
2026-03-06_19.41.59,142,sign-optimization-horizontal-vertical_scenario,616,204,3,3,-1,90,90,15,1,82016,AdultFemaleAgent(Clone),11,10,1.58,1.450001,11.56738,1,True,3,1,0.3333333
2026-03-06_19.41.59,142,sign-optimization-horizontal-vertical_scenario,616,204,3,3,-1,90,90,15,1,82017,AdultMaleAgent(Clone),7,11,1.71,1.58,5.267578,1,True,2,1,0.5
2026-03-06_19.41.59,142,sign-optimization-horizontal-vertical_scenario,616,204,3,3,-1,90,90,15,1,82018,AdultMaleAgent(Clone),6,12,1.71,1.58,3.016602,1,False,2,1,0.5
2026-03-06_19.41.59,142,sign-optimization-horizontal-vertical_scenario,616,204,3,3,-1,90,90,15,1,82019,AdultMaleAgent(Clone),11,10,1.71,1.58,0,0,True,3,1,0.3333333
2026-03-06_19.41.59,142,sign-optimization-horizontal-vertical_scenario,616,204,3,3,-1,90,90,15,1,82020,WheelchairAgent(Clone),10,12,1.3,1.17,0,0,False,3,0,0
2026-03-06_19.41.59,142,sign-optimization-horizontal-vertical_scenario,616,204,3,3,-1,90,90,15,1,82021,WheelchairAgent(Clone),10,12,1.3,1.17,0,0,False,3,0,0
2026-03-06_19.41.59,142,sign-optimization-horizontal-vertical_scenario,616,204,3,3,-1,90,90,15,1,82022,AdultMaleAgent(Clone),5,10,1.71,1.58,9.396484,1,False,2,1,0.5
2026-03-06_19.41.59,142,sign-optimization-horizontal-vertical_scenario,616,204,3,3,-1,90,90,15,1,82023,AdultMaleAgent(Clone),11,10,1.71,1.58,13.46973,1,True,3,1,0.3333333
2026-03-06_19.41.59,142,sign-optimization-horizontal-vertical_scenario,616,204,3,3,-1,90,90,15,1,82024,AdultMaleAgent(Clone),11,10,1.71,1.58,0,0,True,3,1,0.3333333
2026-03-06_19.41.59,142,sign-optimization-horizontal-vertical_scenario,616,204,3,3,-1,90,90,15,1,82025,AdultFemaleAgent(Clone),5,10,1.58,1.45,5.756836,1,False,2,0,0
2026-03-06_19.41.59,142,sign-optimization-horizontal-vertical_scenario,616,204,3,3,-1,90,90,15,1,82026,WheelchairAgent(Clone),7,11,1.3,1.17,5.408203,1,True,2,1,0.5
2026-03-06_19.41.59,142,sign-optimization-horizontal-vertical_scenario,616,204,3,3,-1,90,90,15,1,82027,AdultFemaleAgent(Clone),10,12,1.58,1.45,1.446289,1,False,3,0,0
2026-03-06_19.41.59,142,sign-optimization-horizontal-vertical_scenario,616,204,3,3,-1,90,90,15,1,82028,AdultFemaleAgent(Clone),7,11,1.58,1.450001,7.289063,1,True,2,1,0.5
2026-03-06_19.41.59,142,sign-optimization-horizontal-vertical_scenario,616,204,3,3,-1,90,90,15,1,82029,WheelchairAgent(Clone),10,12,1.3,1.17,0,0,False,3,0,0
2026-03-06_19.41.59,142,sign-optimization-horizontal-vertical_scenario,616,204,3,3,-1,90,90,15,1,82030,AdultMaleAgent(Clone),5,10,1.71,1.58,8.584961,1,False,2,1,0.5
2026-03-06_19.41.59,142,sign-optimization-horizontal-vertical_scenario,616,204,3,3,-1,90,90,15,1,82031,AdultFemaleAgent(Clone),11,10,1.58,1.450001,12.36133,1,True,3,1,0.3333333
2026-03-06_19.41.59,142,sign-optimization-horizontal-vertical_scenario,616,204,3,3,-1,90,90,15,1,82032,AdultMaleAgent(Clone),6,12,1.71,1.58,0.7382813,1,False,2,0,0
2026-03-06_19.41.59,142,sign-optimization-horizontal-vertical_scenario,616,204,3,3,-1,90,90,15,1,82033,AdultMaleAgent(Clone),10,12,1.71,1.58,0,0,False,3,0,0
2026-03-06_19.41.59,142,sign-optimization-horizontal-vertical_scenario,616,204,3,3,-1,90,90,15,1,82034,AdultFemaleAgent(Clone),7,11,1.58,1.450001,5.858398,1,True,2,1,0.5
2026-03-06_19.41.59,142,sign-optimization-horizontal-vertical_scenario,616,204,3,3,-1,90,90,15,1,82035,AdultFemaleAgent(Clone),10,12,1.58,1.45,0,0,False,3,0,0
2026-03-06_19.41.59,142,sign-optimization-horizontal-vertical_scenario,616,204,3,3,-1,90,90,15,1,82036,AdultFemaleAgent(Clone),5,10,1.58,1.45,9.479492,1,False,2,1,0.5
2026-03-06_19.41.59,142,sign-optimization-horizontal-vertical_scenario,616,204,3,3,-1,90,90,15,1,82037,AdultMaleAgent(Clone),5,10,1.71,1.58,8.036133,1,False,2,0,0
2026-03-06_19.41.59,142,sign-optimization-horizontal-vertical_scenario,616,204,3,3,-1,90,90,15,1,82038,AdultFemaleAgent(Clone),11,10,1.58,1.450001,11.3252,1,True,3,1,0.3333333
2026-03-06_19.41.59,142,sign-optimization-horizontal-vertical_scenario,616,204,3,3,-1,90,90,15,1,82039,AdultMaleAgent(Clone),10,12,1.71,1.58,0,0,False,3,0,0
2026-03-06_19.41.59,142,sign-optimization-horizontal-vertical_scenario,616,204,3,3,-1,90,90,15,1,82040,AdultMaleAgent(Clone),11,10,1.71,1.58,0,0,True,3,1,0.3333333
2026-03-06_19.41.59,142,sign-optimization-horizontal-vertical_scenario,616,204,3,3,-1,90,90,15,1,82041,AdultFemaleAgent(Clone),5,10,1.58,1.45,7.305664,1,False,2,0,0
2026-03-06_19.41.59,142,sign-optimization-horizontal-vertical_scenario,616,204,3,3,-1,90,90,15,1,82042,AdultMaleAgent(Clone),10,12,1.71,1.58,0,0,False,3,0,0
2026-03-06_19.41.59,142,sign-optimization-horizontal-vertical_scenario,616,204,3,3,-1,90,90,15,1,82043,AdultMaleAgent(Clone),5,10,1.71,1.58,10.91309,1,True,2,1,0.5
2026-03-06_19.41.59,142,sign-optimization-horizontal-vertical_scenario,616,204,3,3,-1,90,90,15,1,82044,WheelchairAgent(Clone),10,12,1.3,1.17,0,0,False,3,0,0
2026-03-06_19.41.59,142,sign-optimization-horizontal-vertical_scenario,616,204,3,3,-1,90,90,15,1,82045,AdultMaleAgent(Clone),7,11,1.71,1.58,5.463867,1,True,2,1,0.5
2026-03-06_19.41.59,142,sign-optimization-horizontal-vertical_scenario,616,204,3,3,-1,90,90,15,1,82046,WheelchairAgent(Clone),6,12,1.3,1.17,0,0,False,2,0,0
2026-03-06_19.41.59,142,sign-optimization-horizontal-vertical_scenario,616,204,3,3,-1,90,90,15,1,82047,AdultFemaleAgent(Clone),7,11,1.58,1.450001,5.625977,1,True,2,1,0.5
2026-03-06_19.41.59,142,sign-optimization-horizontal-vertical_scenario,616,204,3,3,-1,90,90,15,1,82048,WheelchairAgent(Clone),7,11,1.3,1.17,7.652344,1,True,2,1,0.5
2026-03-06_19.41.59,142,sign-optimization-horizontal-vertical_scenario,616,204,3,3,-1,90,90,15,1,82049,AdultFemaleAgent(Clone),5,10,1.58,1.45,3.405273,1,False,2,0,0
2026-03-06_19.41.59,142,sign-optimization-horizontal-vertical_scenario,616,204,3,3,-1,90,90,15,1,82050,AdultFemaleAgent(Clone),6,12,1.58,1.45,1.327148,1,False,2,0,0
2026-03-06_19.41.59,142,sign-optimization-horizontal-vertical_scenario,616,204,3,3,-1,90,90,15,1,82051,AdultFemaleAgent(Clone),10,12,1.58,1.45,0,0,False,3,0,0
2026-03-06_19.41.59,142,sign-optimization-horizontal-vertical_scenario,616,204,3,3,-1,90,90,15,1,82052,AdultFemaleAgent(Clone),10,12,1.58,1.45,0,0,False,3,0,0
2026-03-06_19.41.59,142,sign-optimization-horizontal-vertical_scenario,616,204,3,3,-1,90,90,15,1,82053,WheelchairAgent(Clone),7,11,1.3,1.17,5.754883,1,False,2,1,0.5
2026-03-06_19.41.59,142,sign-optimization-horizontal-vertical_scenario,616,204,3,3,-1,90,90,15,1,82054,AdultMaleAgent(Clone),7,11,1.71,1.58,6.292969,1,True,2,1,0.5
2026-03-06_19.41.59,142,sign-optimization-horizontal-vertical_scenario,616,204,3,3,-1,90,90,15,1,82055,WheelchairAgent(Clone),10,12,1.3,1.17,0,0,False,3,0,0
2026-03-06_19.41.59,142,sign-optimization-horizontal-vertical_scenario,616,204,3,3,-1,90,90,15,1,82056,AdultMaleAgent(Clone),7,11,1.71,1.58,6.300781,1,True,2,1,0.5
2026-03-06_19.41.59,142,sign-optimization-horizontal-vertical_scenario,616,204,3,3,-1,90,90,15,1,82057,AdultMaleAgent(Clone),6,12,1.71,1.58,1.714844,1,False,2,0,0
2026-03-06_19.41.59,142,sign-optimization-horizontal-vertical_scenario,616,204,3,3,-1,90,90,15,1,82058,WheelchairAgent(Clone),7,11,1.3,1.17,6.204102,1,True,2,1,0.5
2026-03-06_19.41.59,142,sign-optimization-horizontal-vertical_scenario,616,204,3,3,-1,90,90,15,1,82059,AdultMaleAgent(Clone),10,12,1.71,1.58,0,0,False,3,0,0
2026-03-06_19.41.59,142,sign-optimization-horizontal-vertical_scenario,616,204,3,3,-1,90,90,15,1,82060,AdultFemaleAgent(Clone),11,10,1.58,1.450001,0,0,True,3,1,0.3333333
2026-03-06_19.41.59,142,sign-optimization-horizontal-vertical_scenario,616,204,3,3,-1,90,90,15,1,82061,AdultMaleAgent(Clone),11,10,1.71,1.58,9.425781,1,True,3,1,0.3333333
2026-03-06_19.41.59,142,sign-optimization-horizontal-vertical_scenario,616,204,3,3,-1,90,90,15,1,82062,AdultMaleAgent(Clone),6,12,1.71,1.58,0,0,False,2,0,0
2026-03-06_19.41.59,142,sign-optimization-horizontal-vertical_scenario,616,204,3,3,-1,90,90,15,1,82063,AdultFemaleAgent(Clone),6,12,1.58,1.45,0,0,False,2,0,0
2026-03-06_19.41.59,142,sign-optimization-horizontal-vertical_scenario,616,204,3,3,-1,90,90,15,1,82064,AdultMaleAgent(Clone),5,10,1.71,1.58,10.46973,1,True,2,1,0.5
2026-03-06_19.41.59,142,sign-optimization-horizontal-vertical_scenario,616,204,3,3,-1,90,90,15,1,82065,AdultFemaleAgent(Clone),10,12,1.58,1.45,0,0,False,3,0,0
2026-03-06_19.41.59,142,sign-optimization-horizontal-vertical_scenario,616,204,3,3,-1,90,90,15,1,82066,AdultFemaleAgent(Clone),6,12,1.58,1.45,0,0,False,2,0,0
2026-03-06_19.41.59,142,sign-optimization-horizontal-vertical_scenario,616,204,3,3,-1,90,90,15,1,82067,WheelchairAgent(Clone),6,12,1.3,1.17,0,0,False,2,0,0
2026-03-06_19.41.59,142,sign-optimization-horizontal-vertical_scenario,616,204,3,3,-1,90,90,15,1,82068,AdultFemaleAgent(Clone),5,10,1.58,1.45,0,0,False,2,1,0.5
2026-03-06_19.41.59,142,sign-optimization-horizontal-vertical_scenario,616,204,3,3,-1,90,90,15,1,82069,WheelchairAgent(Clone),5,10,1.3,1.17,0,0,False,2,1,0.5
2026-03-06_19.41.59,142,sign-optimization-horizontal-vertical_scenario,616,204,3,3,-1,90,90,15,1,82070,AdultMaleAgent(Clone),6,12,1.71,1.58,0,0,False,2,1,0.5
2026-03-06_19.41.59,142,sign-optimization-horizontal-vertical_scenario,616,204,3,3,-1,90,90,15,1,82071,AdultFemaleAgent(Clone),10,12,1.58,1.45,0,0,False,3,0,0
2026-03-06_19.41.59,142,sign-optimization-horizontal-vertical_scenario,616,204,3,3,-1,90,90,15,1,82072,AdultFemaleAgent(Clone),5,10,1.58,1.45,8.539063,1,False,2,1,0.5
2026-03-06_19.41.59,142,sign-optimization-horizontal-vertical_scenario,616,204,3,3,-1,90,90,15,1,82073,AdultMaleAgent(Clone),10,12,1.71,1.58,0,0,False,3,0,0
2026-03-06_19.41.59,142,sign-optimization-horizontal-vertical_scenario,616,204,3,3,-1,90,90,15,1,82074,AdultFemaleAgent(Clone),7,11,1.58,1.450001,5.463867,1,False,2,0,0
2026-03-06_19.41.59,142,sign-optimization-horizontal-vertical_scenario,616,204,3,3,-1,90,90,15,1,82075,AdultFemaleAgent(Clone),6,12,1.58,1.45,0,0,False,2,0,0
2026-03-06_19.41.59,142,sign-optimization-horizontal-vertical_scenario,616,204,3,3,-1,90,90,15,1,82076,AdultFemaleAgent(Clone),11,10,1.58,1.450001,10.52246,1,True,3,1,0.3333333
2026-03-06_19.41.59,142,sign-optimization-horizontal-vertical_scenario,616,204,3,3,-1,90,90,15,1,82077,WheelchairAgent(Clone),11,10,1.3,1.17,10.83203,1,True,3,1,0.3333333
2026-03-06_19.41.59,142,sign-optimization-horizontal-vertical_scenario,616,204,3,3,-1,90,90,15,1,82078,WheelchairAgent(Clone),6,12,1.3,1.17,1.327148,1,False,2,0,0
2026-03-06_19.41.59,142,sign-optimization-horizontal-vertical_scenario,616,204,3,3,-1,90,90,15,1,82079,WheelchairAgent(Clone),10,12,1.3,1.17,0,0,False,3,0,0
2026-03-06_19.41.59,142,sign-optimization-horizontal-vertical_scenario,616,204,3,3,-1,90,90,15,1,82080,AdultMaleAgent(Clone),10,12,1.71,1.58,0,0,False,3,0,0
2026-03-06_19.41.59,142,sign-optimization-horizontal-vertical_scenario,616,204,3,3,-1,90,90,15,1,82081,AdultMaleAgent(Clone),7,11,1.71,1.58,6.501953,1,True,2,1,0.5
2026-03-06_19.41.59,142,sign-optimization-horizontal-vertical_scenario,616,204,3,3,-1,90,90,15,1,82082,AdultMaleAgent(Clone),11,10,1.71,1.58,0,0,True,3,1,0.3333333
2026-03-06_19.41.59,142,sign-optimization-horizontal-vertical_scenario,616,204,3,3,-1,90,90,15,1,82083,WheelchairAgent(Clone),10,12,1.3,1.17,0,0,False,3,0,0
2026-03-06_19.41.59,142,sign-optimization-horizontal-vertical_scenario,616,204,3,3,-1,90,90,15,1,82084,WheelchairAgent(Clone),10,12,1.3,1.17,0,0,False,3,0,0
2026-03-06_19.41.59,142,sign-optimization-horizontal-vertical_scenario,616,204,3,3,-1,90,90,15,1,82085,AdultFemaleAgent(Clone),5,10,1.58,1.45,0,0,False,2,0,0
2026-03-06_19.41.59,142,sign-optimization-horizontal-vertical_scenario,616,204,3,3,-1,90,90,15,1,82086,AdultMaleAgent(Clone),5,10,1.71,1.58,0,0,True,2,1,0.5
2026-03-06_19.41.59,142,sign-optimization-horizontal-vertical_scenario,616,204,3,3,-1,90,90,15,1,82087,AdultMaleAgent(Clone),5,10,1.71,1.58,0,0,False,2,0,0
2026-03-06_19.41.59,142,sign-optimization-horizontal-vertical_scenario,616,204,3,3,-1,90,90,15,1,82088,AdultFemaleAgent(Clone),6,12,1.58,1.45,0,0,False,2,0,0
2026-03-06_19.41.59,142,sign-optimization-horizontal-vertical_scenario,616,204,3,3,-1,90,90,15,1,82089,AdultMaleAgent(Clone),6,12,1.71,1.58,0,0,False,2,0,0
2026-03-06_19.41.59,142,sign-optimization-horizontal-vertical_scenario,616,204,3,3,-1,90,90,15,1,82090,AdultFemaleAgent(Clone),10,12,1.58,1.45,0,0,False,3,0,0
2026-03-06_19.41.59,142,sign-optimization-horizontal-vertical_scenario,616,204,3,3,-1,90,90,15,1,82091,WheelchairAgent(Clone),11,10,1.3,1.17,0,0,True,3,1,0.3333333
2026-03-06_19.41.59,142,sign-optimization-horizontal-vertical_scenario,616,204,3,3,-1,90,90,15,1,82092,WheelchairAgent(Clone),10,12,1.3,1.17,0,0,False,3,0,0
2026-03-06_19.41.59,142,sign-optimization-horizontal-vertical_scenario,616,204,3,3,-1,90,90,15,1,82093,WheelchairAgent(Clone),7,11,1.3,1.17,0,0,True,2,1,0.5
2026-03-06_19.41.59,142,sign-optimization-horizontal-vertical_scenario,616,204,3,3,-1,90,90,15,1,82094,AdultFemaleAgent(Clone),10,12,1.58,1.45,0,0,False,3,0,0
2026-03-06_19.41.59,142,sign-optimization-horizontal-vertical_scenario,616,204,3,3,-1,90,90,15,1,82095,AdultMaleAgent(Clone),10,12,1.71,1.58,0,0,False,3,0,0
2026-03-06_19.41.59,142,sign-optimization-horizontal-vertical_scenario,616,204,3,3,-1,90,90,15,1,82096,AdultMaleAgent(Clone),6,12,1.71,1.58,0,0,False,2,0,0
2026-03-06_19.41.59,142,sign-optimization-horizontal-vertical_scenario,616,204,3,3,-1,90,90,15,1,82097,WheelchairAgent(Clone),5,10,1.3,1.17,0,0,False,2,0,0
2026-03-06_19.41.59,142,sign-optimization-horizontal-vertical_scenario,616,204,3,3,-1,90,90,15,1,82098,WheelchairAgent(Clone),10,12,1.3,1.17,0,0,False,3,0,0
2026-03-06_19.41.59,142,sign-optimization-horizontal-vertical_scenario,616,204,3,3,-1,90,90,15,1,82099,AdultFemaleAgent(Clone),11,10,1.58,1.450001,0,0,True,3,1,0.3333333
2026-03-06_19.41.59,142,sign-optimization-horizontal-vertical_scenario,616,204,3,3,-1,90,90,15,1,82100,AdultFemaleAgent(Clone),11,10,1.58,1.450001,0,0,True,3,1,0.3333333
2026-03-06_19.41.59,142,sign-optimization-horizontal-vertical_scenario,616,204,3,3,-1,90,90,15,1,82101,WheelchairAgent(Clone),10,12,1.3,1.17,0,0,False,3,0,0
2026-03-06_19.41.59,142,sign-optimization-horizontal-vertical_scenario,616,204,3,3,-1,90,90,15,1,82102,WheelchairAgent(Clone),5,10,1.3,1.17,0,0,False,2,1,0.5
2026-03-06_19.41.59,142,sign-optimization-horizontal-vertical_scenario,616,204,3,3,-1,90,90,15,1,82103,AdultMaleAgent(Clone),10,12,1.71,1.58,0,0,False,3,0,0
2026-03-06_19.41.59,142,sign-optimization-horizontal-vertical_scenario,616,204,3,3,-1,90,90,15,1,82104,AdultFemaleAgent(Clone),6,12,1.58,1.45,0,0,False,2,0,0
2026-03-06_19.41.59,142,sign-optimization-horizontal-vertical_scenario,616,204,3,3,-1,90,90,15,1,82105,AdultMaleAgent(Clone),11,10,1.71,1.58,12.11328,1,True,3,1,0.3333333
2026-03-06_19.41.59,142,sign-optimization-horizontal-vertical_scenario,616,204,3,3,-1,90,90,15,1,82106,AdultMaleAgent(Clone),6,12,1.71,1.58,0,0,False,2,0,0
2026-03-06_19.41.59,142,sign-optimization-horizontal-vertical_scenario,616,204,3,3,-1,90,90,15,1,82107,WheelchairAgent(Clone),11,10,1.3,1.17,0,0,True,3,2,0.6666667
2026-03-06_19.41.59,142,sign-optimization-horizontal-vertical_scenario,616,204,3,3,-1,90,90,15,1,82108,AdultFemaleAgent(Clone),7,11,1.58,1.450001,0,0,True,2,1,0.5
2026-03-06_19.41.59,142,sign-optimization-horizontal-vertical_scenario,616,204,3,3,-1,90,90,15,1,82109,AdultFemaleAgent(Clone),5,10,1.58,1.45,0,0,False,2,0,0
2026-03-06_19.41.59,142,sign-optimization-horizontal-vertical_scenario,616,204,3,3,-1,90,90,15,1,82110,AdultMaleAgent(Clone),11,10,1.71,1.58,0,0,True,3,1,0.3333333
2026-03-06_19.41.59,142,sign-optimization-horizontal-vertical_scenario,616,204,3,3,-1,90,90,15,1,82111,WheelchairAgent(Clone),5,10,1.3,1.17,0,0,False,2,0,0
2026-03-06_19.41.59,142,sign-optimization-horizontal-vertical_scenario,616,204,3,3,-1,90,90,15,1,82112,AdultMaleAgent(Clone),5,10,1.71,1.58,0,0,False,2,0,0
2026-03-06_19.41.59,142,sign-optimization-horizontal-vertical_scenario,616,204,3,3,-1,90,90,15,1,82113,AdultFemaleAgent(Clone),6,12,1.58,1.45,0,0,False,2,0,0
2026-03-06_19.41.59,142,sign-optimization-horizontal-vertical_scenario,616,204,3,3,-1,90,90,15,1,82114,AdultMaleAgent(Clone),6,12,1.71,1.58,0,0,False,2,1,0.5
2026-03-06_19.41.59,142,sign-optimization-horizontal-vertical_scenario,616,204,3,3,-1,90,90,15,1,82115,AdultFemaleAgent(Clone),11,10,1.58,1.450001,10.11719,1,True,3,1,0.3333333
2026-03-06_19.41.59,142,sign-optimization-horizontal-vertical_scenario,616,204,3,3,-1,90,90,15,1,82116,WheelchairAgent(Clone),10,12,1.3,1.17,0,0,False,3,0,0
2026-03-06_19.41.59,142,sign-optimization-horizontal-vertical_scenario,616,204,3,3,-1,90,90,15,1,82117,AdultMaleAgent(Clone),7,11,1.71,1.58,4.470703,1,True,2,1,0.5
2026-03-06_19.41.59,142,sign-optimization-horizontal-vertical_scenario,616,204,3,3,-1,90,90,15,1,82118,AdultFemaleAgent(Clone),6,12,1.58,1.45,0,0,False,2,0,0
2026-03-06_19.41.59,142,sign-optimization-horizontal-vertical_scenario,616,204,3,3,-1,90,90,15,1,82119,AdultFemaleAgent(Clone),10,12,1.58,1.45,0,0,False,3,0,0
2026-03-06_19.41.59,142,sign-optimization-horizontal-vertical_scenario,616,204,3,3,-1,90,90,15,1,82120,AdultMaleAgent(Clone),5,10,1.71,1.58,0,0,False,2,0,0
2026-03-06_19.41.59,142,sign-optimization-horizontal-vertical_scenario,616,204,3,3,-1,90,90,15,1,82121,AdultMaleAgent(Clone),10,12,1.71,1.58,0,0,False,3,0,0
2026-03-06_19.41.59,142,sign-optimization-horizontal-vertical_scenario,616,204,3,3,-1,90,90,15,1,82122,AdultFemaleAgent(Clone),7,11,1.58,1.450001,0,0,True,2,1,0.5
2026-03-06_19.41.59,142,sign-optimization-horizontal-vertical_scenario,616,204,3,3,-1,90,90,15,1,82123,AdultMaleAgent(Clone),5,10,1.71,1.58,0,0,False,2,1,0.5
2026-03-06_19.41.59,142,sign-optimization-horizontal-vertical_scenario,616,204,3,3,-1,90,90,15,1,82124,WheelchairAgent(Clone),11,10,1.3,1.17,0,0,True,3,2,0.6666667
2026-03-06_19.41.59,142,sign-optimization-horizontal-vertical_scenario,616,204,3,3,-1,90,90,15,1,82125,WheelchairAgent(Clone),10,12,1.3,1.17,0,0,False,3,0,0
2026-03-06_19.41.59,142,sign-optimization-horizontal-vertical_scenario,616,204,3,3,-1,90,90,15,1,82126,WheelchairAgent(Clone),6,12,1.3,1.17,0,0,False,2,0,0
2026-03-06_19.41.59,142,sign-optimization-horizontal-vertical_scenario,616,204,3,3,-1,90,90,15,1,82127,AdultMaleAgent(Clone),7,11,1.71,1.58,0,0,True,2,1,0.5
2026-03-06_19.41.59,142,sign-optimization-horizontal-vertical_scenario,616,204,3,3,-1,90,90,15,1,82128,WheelchairAgent(Clone),11,10,1.3,1.17,0,0,False,3,1,0.3333333
2026-03-06_19.41.59,142,sign-optimization-horizontal-vertical_scenario,616,204,3,3,-1,90,90,15,1,82129,AdultFemaleAgent(Clone),5,10,1.58,1.45,0,0,False,2,1,0.5
2026-03-06_19.41.59,142,sign-optimization-horizontal-vertical_scenario,616,204,3,3,-1,90,90,15,1,82130,WheelchairAgent(Clone),7,11,1.3,1.17,0,0,True,2,1,0.5
2026-03-06_19.41.59,142,sign-optimization-horizontal-vertical_scenario,616,204,3,3,-1,90,90,15,1,82131,WheelchairAgent(Clone),5,10,1.3,1.17,0,0,False,2,0,0
2026-03-06_19.41.59,142,sign-optimization-horizontal-vertical_scenario,616,204,3,3,-1,90,90,15,1,82132,WheelchairAgent(Clone),6,12,1.3,1.17,0,0,False,2,0,0
2026-03-06_19.41.59,142,sign-optimization-horizontal-vertical_scenario,616,204,3,3,-1,90,90,15,1,82133,AdultFemaleAgent(Clone),10,12,1.58,1.45,0,0,False,3,0,0
2026-03-06_19.41.59,142,sign-optimization-horizontal-vertical_scenario,616,204,3,3,-1,90,90,15,1,82134,AdultMaleAgent(Clone),7,11,1.71,1.58,0,0,True,2,1,0.5
2026-03-06_19.41.59,142,sign-optimization-horizontal-vertical_scenario,616,204,3,3,-1,90,90,15,1,82135,WheelchairAgent(Clone),11,10,1.3,1.17,0,0,False,3,1,0.3333333
2026-03-06_19.41.59,142,sign-optimization-horizontal-vertical_scenario,616,204,3,3,-1,90,90,15,1,82136,AdultMaleAgent(Clone),5,10,1.71,1.58,0,0,False,2,0,0
2026-03-06_19.41.59,142,sign-optimization-horizontal-vertical_scenario,616,204,3,3,-1,90,90,15,1,82137,AdultFemaleAgent(Clone),11,10,1.58,1.450001,0,0,True,3,1,0.3333333
2026-03-06_19.41.59,142,sign-optimization-horizontal-vertical_scenario,616,204,3,3,-1,90,90,15,1,82138,AdultMaleAgent(Clone),6,12,1.71,1.58,0,0,False,2,0,0
2026-03-06_19.41.59,142,sign-optimization-horizontal-vertical_scenario,616,204,3,3,-1,90,90,15,1,82139,WheelchairAgent(Clone),10,12,1.3,1.17,0,0,False,3,0,0
2026-03-06_19.41.59,142,sign-optimization-horizontal-vertical_scenario,616,204,3,3,-1,90,90,15,1,82140,WheelchairAgent(Clone),10,12,1.3,1.17,0,0,False,3,0,0
2026-03-06_19.41.59,142,sign-optimization-horizontal-vertical_scenario,616,204,3,3,-1,90,90,15,1,82141,WheelchairAgent(Clone),10,12,1.3,1.17,0,0,False,3,0,0
2026-03-06_19.41.59,142,sign-optimization-horizontal-vertical_scenario,616,204,3,3,-1,90,90,15,1,82142,AdultFemaleAgent(Clone),11,10,1.58,1.450001,0,0,True,3,1,0.3333333
2026-03-06_19.41.59,142,sign-optimization-horizontal-vertical_scenario,616,204,3,3,-1,90,90,15,1,82143,AdultMaleAgent(Clone),11,10,1.71,1.58,0,0,True,3,1,0.3333333
2026-03-06_19.41.59,142,sign-optimization-horizontal-vertical_scenario,616,204,3,3,-1,90,90,15,1,82144,WheelchairAgent(Clone),5,10,1.3,1.17,0,0,False,2,0,0
2026-03-06_19.41.59,142,sign-optimization-horizontal-vertical_scenario,616,204,3,3,-1,90,90,15,1,82145,AdultMaleAgent(Clone),10,12,1.71,1.58,0,0,False,3,0,0
2026-03-06_19.41.59,142,sign-optimization-horizontal-vertical_scenario,616,204,3,3,-1,90,90,15,1,82146,WheelchairAgent(Clone),6,12,1.3,1.17,0,0,False,2,0,0
2026-03-06_19.41.59,142,sign-optimization-horizontal-vertical_scenario,616,204,3,3,-1,90,90,15,1,82147,AdultFemaleAgent(Clone),7,11,1.58,1.450001,0,0,False,2,1,0.5
2026-03-06_19.41.59,142,sign-optimization-horizontal-vertical_scenario,616,204,3,3,-1,90,90,15,1,82148,WheelchairAgent(Clone),10,12,1.3,1.17,0,0,False,3,0,0
2026-03-06_19.41.59,142,sign-optimization-horizontal-vertical_scenario,616,204,3,3,-1,90,90,15,1,82149,WheelchairAgent(Clone),5,10,1.3,1.17,0,0,False,2,0,0
2026-03-06_19.41.59,142,sign-optimization-horizontal-vertical_scenario,616,204,3,3,-1,90,90,15,1,82150,AdultMaleAgent(Clone),7,11,1.71,1.58,0,0,False,2,0,0
2026-03-06_19.41.59,142,sign-optimization-horizontal-vertical_scenario,616,204,3,3,-1,90,90,15,1,82151,WheelchairAgent(Clone),7,11,1.3,1.17,0,0,True,2,1,0.5
2026-03-06_19.41.59,142,sign-optimization-horizontal-vertical_scenario,616,204,3,3,-1,90,90,15,1,82152,AdultMaleAgent(Clone),10,12,1.71,1.58,0,0,False,3,0,0
2026-03-06_19.41.59,142,sign-optimization-horizontal-vertical_scenario,616,204,3,3,-1,90,90,15,1,82153,AdultMaleAgent(Clone),10,12,1.71,1.58,0,0,False,3,0,0
2026-03-06_19.41.59,142,sign-optimization-horizontal-vertical_scenario,616,204,3,3,-1,90,90,15,1,82154,AdultFemaleAgent(Clone),11,10,1.58,1.450001,0,0,True,3,1,0.3333333
2026-03-06_19.41.59,142,sign-optimization-horizontal-vertical_scenario,616,204,3,3,-1,90,90,15,1,82155,AdultMaleAgent(Clone),6,12,1.71,1.58,0,0,False,2,0,0
2026-03-06_19.41.59,142,sign-optimization-horizontal-vertical_scenario,616,204,3,3,-1,90,90,15,1,82156,WheelchairAgent(Clone),5,10,1.3,1.17,0,0,False,2,1,0.5
2026-03-06_19.41.59,142,sign-optimization-horizontal-vertical_scenario,616,204,3,3,-1,90,90,15,1,82157,WheelchairAgent(Clone),5,10,1.3,1.17,0,0,False,2,0,0
2026-03-06_19.41.59,142,sign-optimization-horizontal-vertical_scenario,616,204,3,3,-1,90,90,15,1,82158,AdultMaleAgent(Clone),5,10,1.71,1.58,0,0,False,2,0,0
2026-03-06_19.41.59,142,sign-optimization-horizontal-vertical_scenario,616,204,3,3,-1,90,90,15,1,82159,AdultMaleAgent(Clone),5,10,1.71,1.58,0,0,False,2,1,0.5
2026-03-06_19.41.59,142,sign-optimization-horizontal-vertical_scenario,616,204,3,3,-1,90,90,15,1,82160,WheelchairAgent(Clone),6,12,1.3,1.17,0,0,False,2,0,0
2026-03-06_19.41.59,142,sign-optimization-horizontal-vertical_scenario,616,204,3,3,-1,90,90,15,1,82161,WheelchairAgent(Clone),7,11,1.3,1.17,0,0,False,2,0,0
2026-03-06_19.41.59,142,sign-optimization-horizontal-vertical_scenario,616,204,3,3,-1,90,90,15,1,82162,AdultMaleAgent(Clone),7,11,1.71,1.58,0,0,False,2,0,0
2026-03-06_19.41.59,142,sign-optimization-horizontal-vertical_scenario,616,204,3,3,-1,90,90,15,1,82163,WheelchairAgent(Clone),10,12,1.3,1.17,0,0,False,3,0,0
2026-03-06_19.41.59,142,sign-optimization-horizontal-vertical_scenario,616,204,3,3,-1,90,90,15,1,82164,AdultFemaleAgent(Clone),7,11,1.58,1.450001,0,0,False,2,0,0
2026-03-06_19.41.59,142,sign-optimization-horizontal-vertical_scenario,616,204,3,3,-1,90,90,15,1,82165,WheelchairAgent(Clone),11,10,1.3,1.17,0,0,False,3,1,0.3333333
2026-03-06_19.41.59,142,sign-optimization-horizontal-vertical_scenario,616,204,3,3,-1,90,90,15,1,82166,WheelchairAgent(Clone),6,12,1.3,1.17,0,0,False,2,0,0
2026-03-06_19.41.59,142,sign-optimization-horizontal-vertical_scenario,616,204,3,3,-1,90,90,15,1,82167,WheelchairAgent(Clone),6,12,1.3,1.17,0,0,False,2,0,0
2026-03-06_19.41.59,142,sign-optimization-horizontal-vertical_scenario,616,204,3,3,-1,90,90,15,1,82168,AdultFemaleAgent(Clone),7,11,1.58,1.450001,0,0,False,2,0,0
2026-03-06_19.41.59,142,sign-optimization-horizontal-vertical_scenario,616,204,3,3,-1,90,90,15,1,82169,AdultFemaleAgent(Clone),11,10,1.58,1.450001,0,0,True,3,1,0.3333333
2026-03-06_19.41.59,142,sign-optimization-horizontal-vertical_scenario,616,204,3,3,-1,90,90,15,1,82170,AdultFemaleAgent(Clone),7,11,1.58,1.450001,0,0,False,2,0,0
2026-03-06_19.41.59,142,sign-optimization-horizontal-vertical_scenario,616,204,3,3,-1,90,90,15,1,82171,AdultFemaleAgent(Clone),11,10,1.58,1.450001,0,0,True,3,1,0.3333333
2026-03-06_19.41.59,142,sign-optimization-horizontal-vertical_scenario,616,204,3,3,-1,90,90,15,1,82172,AdultFemaleAgent(Clone),10,12,1.58,1.45,0,0,False,3,0,0
2026-03-06_19.41.59,142,sign-optimization-horizontal-vertical_scenario,616,204,3,3,-1,90,90,15,1,82173,AdultFemaleAgent(Clone),5,10,1.58,1.45,0,0,False,2,0,0
2026-03-06_19.41.59,142,sign-optimization-horizontal-vertical_scenario,616,204,3,3,-1,90,90,15,1,82174,WheelchairAgent(Clone),10,12,1.3,1.17,0,0,False,3,0,0
2026-03-06_19.41.59,142,sign-optimization-horizontal-vertical_scenario,616,204,3,3,-1,90,90,15,1,82175,WheelchairAgent(Clone),7,11,1.3,1.17,0,0,False,2,0,0
2026-03-06_19.41.59,142,sign-optimization-horizontal-vertical_scenario,616,204,3,3,-1,90,90,15,1,82176,AdultFemaleAgent(Clone),10,12,1.58,1.45,0,0,False,3,0,0
2026-03-06_19.41.59,142,sign-optimization-horizontal-vertical_scenario,616,204,3,3,-1,90,90,15,1,82177,WheelchairAgent(Clone),11,10,1.3,1.17,0,0,False,3,1,0.3333333
2026-03-06_19.41.59,142,sign-optimization-horizontal-vertical_scenario,616,204,3,3,-1,90,90,15,1,82178,WheelchairAgent(Clone),6,12,1.3,1.17,0,0,False,2,0,0
2026-03-06_19.41.59,142,sign-optimization-horizontal-vertical_scenario,616,204,3,3,-1,90,90,15,1,82179,AdultMaleAgent(Clone),5,10,1.71,1.58,0,0,False,2,0,0
2026-03-06_19.41.59,142,sign-optimization-horizontal-vertical_scenario,616,204,3,3,-1,90,90,15,1,82180,WheelchairAgent(Clone),11,10,1.3,1.17,0,0,False,3,1,0.3333333
2026-03-06_19.41.59,142,sign-optimization-horizontal-vertical_scenario,616,204,3,3,-1,90,90,15,1,82181,WheelchairAgent(Clone),6,12,1.3,1.17,0,0,False,2,0,0
2026-03-06_19.41.59,142,sign-optimization-horizontal-vertical_scenario,616,204,3,3,-1,90,90,15,1,82182,AdultMaleAgent(Clone),5,10,1.71,1.58,0,0,False,2,0,0
2026-03-06_19.41.59,142,sign-optimization-horizontal-vertical_scenario,616,204,3,3,-1,90,90,15,1,82183,AdultFemaleAgent(Clone),5,10,1.58,1.45,0,0,False,2,1,0.5
2026-03-06_19.41.59,142,sign-optimization-horizontal-vertical_scenario,616,204,3,3,-1,90,90,15,1,82184,AdultMaleAgent(Clone),11,10,1.71,1.58,0,0,True,3,1,0.3333333
2026-03-06_19.41.59,142,sign-optimization-horizontal-vertical_scenario,616,204,3,3,-1,90,90,15,1,82185,AdultFemaleAgent(Clone),11,10,1.58,1.450001,0,0,True,3,1,0.3333333
2026-03-06_19.41.59,142,sign-optimization-horizontal-vertical_scenario,616,204,3,3,-1,90,90,15,1,82186,AdultMaleAgent(Clone),6,12,1.71,1.58,0,0,False,2,0,0
2026-03-06_19.41.59,142,sign-optimization-horizontal-vertical_scenario,616,204,3,3,-1,90,90,15,1,82187,WheelchairAgent(Clone),6,12,1.3,1.17,0,0,False,2,0,0
2026-03-06_19.41.59,142,sign-optimization-horizontal-vertical_scenario,616,204,3,3,-1,90,90,15,1,82188,AdultFemaleAgent(Clone),10,12,1.58,1.45,0,0,False,3,0,0
2026-03-06_19.41.59,142,sign-optimization-horizontal-vertical_scenario,616,204,3,3,-1,90,90,15,1,82189,AdultMaleAgent(Clone),11,10,1.71,1.58,0,0,True,3,1,0.3333333
2026-03-06_19.41.59,142,sign-optimization-horizontal-vertical_scenario,616,204,3,3,-1,90,90,15,1,82190,AdultMaleAgent(Clone),10,12,1.71,1.58,0,0,False,3,0,0
2026-03-06_19.41.59,142,sign-optimization-horizontal-vertical_scenario,616,204,3,3,-1,90,90,15,1,82191,AdultMaleAgent(Clone),6,12,1.71,1.58,0,0,False,2,0,0
2026-03-06_19.41.59,142,sign-optimization-horizontal-vertical_scenario,616,204,3,3,-1,90,90,15,1,82192,AdultMaleAgent(Clone),7,11,1.71,1.58,0,0,False,2,0,0
2026-03-06_19.41.59,142,sign-optimization-horizontal-vertical_scenario,616,204,3,3,-1,90,90,15,1,82193,AdultMaleAgent(Clone),7,11,1.71,1.58,0,0,False,2,0,0
2026-03-06_19.41.59,142,sign-optimization-horizontal-vertical_scenario,616,204,3,3,-1,90,90,15,1,82194,AdultFemaleAgent(Clone),10,12,1.58,1.45,0,0,False,3,0,0
2026-03-06_19.41.59,142,sign-optimization-horizontal-vertical_scenario,616,204,3,3,-1,90,90,15,1,82195,AdultFemaleAgent(Clone),6,12,1.58,1.45,0,0,False,2,0,0
2026-03-06_19.41.59,142,sign-optimization-horizontal-vertical_scenario,616,204,3,3,-1,90,90,15,1,82196,AdultFemaleAgent(Clone),7,11,1.58,1.450001,0,0,False,2,0,0
2026-03-06_19.41.59,142,sign-optimization-horizontal-vertical_scenario,616,204,3,3,-1,90,90,15,1,82197,AdultMaleAgent(Clone),5,10,1.71,1.58,0,0,False,2,0,0
2026-03-06_19.41.59,142,sign-optimization-horizontal-vertical_scenario,616,204,3,3,-1,90,90,15,1,82198,AdultFemaleAgent(Clone),11,10,1.58,1.450001,0,0,True,3,1,0.3333333
2026-03-06_19.41.59,142,sign-optimization-horizontal-vertical_scenario,616,204,3,3,-1,90,90,15,1,82199,WheelchairAgent(Clone),7,11,1.3,1.17,0,0,False,2,0,0
2026-03-06_19.41.59,142,sign-optimization-horizontal-vertical_scenario,616,204,3,3,-1,90,90,15,1,82200,WheelchairAgent(Clone),11,10,1.3,1.17,0,0,False,3,0,0
2026-03-06_19.41.59,142,sign-optimization-horizontal-vertical_scenario,616,204,3,3,-1,90,90,15,1,82201,AdultFemaleAgent(Clone),11,10,1.58,1.450001,0,0,True,3,1,0.3333333
2026-03-06_19.41.59,142,sign-optimization-horizontal-vertical_scenario,616,204,3,3,-1,90,90,15,1,82202,AdultMaleAgent(Clone),7,11,1.71,1.58,0,0,False,2,0,0
2026-03-06_19.41.59,142,sign-optimization-horizontal-vertical_scenario,616,204,3,3,-1,90,90,15,1,82203,AdultFemaleAgent(Clone),10,12,1.58,1.45,0,0,False,3,0,0
2026-03-06_19.41.59,142,sign-optimization-horizontal-vertical_scenario,616,204,3,3,-1,90,90,15,1,82204,WheelchairAgent(Clone),10,12,1.3,1.17,0,0,False,3,0,0
2026-03-06_19.41.59,142,sign-optimization-horizontal-vertical_scenario,616,204,3,3,-1,90,90,15,1,82205,AdultMaleAgent(Clone),5,10,1.71,1.58,0,0,False,2,0,0
2026-03-06_19.41.59,142,sign-optimization-horizontal-vertical_scenario,616,204,3,3,-1,90,90,15,1,82206,AdultFemaleAgent(Clone),7,11,1.58,1.450001,0,0,False,2,0,0
2026-03-06_19.41.59,142,sign-optimization-horizontal-vertical_scenario,616,204,3,3,-1,90,90,15,1,82207,AdultFemaleAgent(Clone),10,12,1.58,1.45,0,0,False,3,0,0
2026-03-06_19.41.59,142,sign-optimization-horizontal-vertical_scenario,616,204,3,3,-1,90,90,15,1,82208,AdultFemaleAgent(Clone),5,10,1.58,1.45,0,0,False,2,0,0
2026-03-06_19.41.59,142,sign-optimization-horizontal-vertical_scenario,616,204,3,3,-1,90,90,15,1,82209,AdultMaleAgent(Clone),10,12,1.71,1.58,0,0,False,3,0,0
2026-03-06_19.41.59,142,sign-optimization-horizontal-vertical_scenario,616,204,3,3,-1,90,90,15,1,82210,WheelchairAgent(Clone),10,12,1.3,1.17,0,0,False,3,0,0
2026-03-06_19.41.59,142,sign-optimization-horizontal-vertical_scenario,616,204,3,3,-1,90,90,15,1,82211,AdultMaleAgent(Clone),5,10,1.71,1.58,0,0,False,2,0,0
2026-03-06_19.41.59,142,sign-optimization-horizontal-vertical_scenario,616,204,3,3,-1,90,90,15,1,82212,AdultMaleAgent(Clone),10,12,1.71,1.58,0,0,False,3,0,0
2026-03-06_19.41.59,142,sign-optimization-horizontal-vertical_scenario,616,204,3,3,-1,90,90,15,1,82213,AdultMaleAgent(Clone),6,12,1.71,1.58,0,0,False,2,0,0
2026-03-06_19.41.59,142,sign-optimization-horizontal-vertical_scenario,616,204,3,3,-1,90,90,15,1,82214,WheelchairAgent(Clone),10,12,1.3,1.17,0,0,False,3,0,0
2026-03-06_19.41.59,142,sign-optimization-horizontal-vertical_scenario,616,204,3,3,-1,90,90,15,1,82215,AdultMaleAgent(Clone),11,10,1.71,1.58,0,0,False,3,0,0
2026-03-06_19.41.59,142,sign-optimization-horizontal-vertical_scenario,616,204,3,3,-1,90,90,15,1,82216,WheelchairAgent(Clone),7,11,1.3,1.17,0,0,False,2,0,0
2026-03-06_19.41.59,142,sign-optimization-horizontal-vertical_scenario,616,204,3,3,-1,90,90,15,1,82217,AdultFemaleAgent(Clone),7,11,1.58,1.450001,0,0,False,2,0,0
2026-03-06_19.41.59,142,sign-optimization-horizontal-vertical_scenario,616,204,3,3,-1,90,90,15,1,82218,AdultMaleAgent(Clone),7,11,1.71,1.58,0,0,False,2,0,0
2026-03-06_19.41.59,142,sign-optimization-horizontal-vertical_scenario,616,204,3,3,-1,90,90,15,1,82219,WheelchairAgent(Clone),7,11,1.3,1.17,0,0,False,2,0,0
2026-03-06_19.41.59,142,sign-optimization-horizontal-vertical_scenario,616,204,3,3,-1,90,90,15,1,82220,AdultMaleAgent(Clone),6,12,1.71,1.58,0,0,False,2,0,0
2026-03-06_19.41.59,142,sign-optimization-horizontal-vertical_scenario,616,204,3,3,-1,90,90,15,1,82221,WheelchairAgent(Clone),10,12,1.3,1.17,0,0,False,3,0,0
2026-03-06_19.41.59,142,sign-optimization-horizontal-vertical_scenario,616,204,3,3,-1,90,90,15,1,82222,WheelchairAgent(Clone),11,10,1.3,1.17,0,0,False,3,0,0
2026-03-06_19.41.59,142,sign-optimization-horizontal-vertical_scenario,616,204,3,3,-1,90,90,15,1,82223,WheelchairAgent(Clone),5,10,1.3,1.17,0,0,False,2,0,0
2026-03-06_19.41.59,142,sign-optimization-horizontal-vertical_scenario,616,204,3,3,-1,90,90,15,1,82224,WheelchairAgent(Clone),10,12,1.3,1.17,0,0,False,3,0,0
2026-03-06_19.41.59,142,sign-optimization-horizontal-vertical_scenario,616,204,3,3,-1,90,90,15,1,82225,AdultMaleAgent(Clone),7,11,1.71,1.58,0,0,False,2,0,0
2026-03-06_19.41.59,142,sign-optimization-horizontal-vertical_scenario,616,204,3,3,-1,90,90,15,1,82226,WheelchairAgent(Clone),11,10,1.3,1.17,0,0,False,3,0,0
2026-03-06_19.41.59,142,sign-optimization-horizontal-vertical_scenario,616,204,3,3,-1,90,90,15,1,82227,AdultFemaleAgent(Clone),6,12,1.58,1.45,0,0,False,2,0,0
2026-03-06_19.41.59,142,sign-optimization-horizontal-vertical_scenario,616,204,3,3,-1,90,90,15,1,82228,AdultFemaleAgent(Clone),10,12,1.58,1.45,0,0,False,3,0,0
2026-03-06_19.41.59,142,sign-optimization-horizontal-vertical_scenario,616,204,3,3,-1,90,90,15,1,82229,AdultFemaleAgent(Clone),11,10,1.58,1.450001,0,0,False,3,0,0
2026-03-06_19.41.59,142,sign-optimization-horizontal-vertical_scenario,616,204,3,3,-1,90,90,15,1,82230,AdultMaleAgent(Clone),5,10,1.71,1.58,0,0,False,2,0,0
2026-03-06_19.41.59,142,sign-optimization-horizontal-vertical_scenario,616,204,3,3,-1,90,90,15,1,82231,AdultMaleAgent(Clone),5,10,1.71,1.58,0,0,False,2,0,0
2026-03-06_19.41.59,142,sign-optimization-horizontal-vertical_scenario,616,204,3,3,-1,90,90,15,1,82232,WheelchairAgent(Clone),7,11,1.3,1.17,0,0,False,2,0,0
2026-03-06_19.41.59,142,sign-optimization-horizontal-vertical_scenario,616,204,3,3,-1,90,90,15,1,82233,AdultMaleAgent(Clone),6,12,1.71,1.58,0,0,False,2,0,0
2026-03-06_19.41.59,142,sign-optimization-horizontal-vertical_scenario,616,204,3,3,-1,90,90,15,1,82234,AdultFemaleAgent(Clone),5,10,1.58,1.45,0,0,False,2,0,0
2026-03-06_19.41.59,142,sign-optimization-horizontal-vertical_scenario,616,204,3,3,-1,90,90,15,1,82235,AdultFemaleAgent(Clone),6,12,1.58,1.45,0,0,False,2,0,0
2026-03-06_19.41.59,142,sign-optimization-horizontal-vertical_scenario,616,204,3,3,-1,90,90,15,1,82236,AdultFemaleAgent(Clone),11,10,1.58,1.450001,0,0,False,3,0,0
2026-03-06_19.41.59,142,sign-optimization-horizontal-vertical_scenario,616,204,3,3,-1,90,90,15,1,82237,AdultFemaleAgent(Clone),6,12,1.58,1.45,0,0,False,2,0,0
2026-03-06_19.41.59,142,sign-optimization-horizontal-vertical_scenario,616,204,3,3,-1,90,90,15,1,82238,AdultFemaleAgent(Clone),6,12,1.58,1.45,0,0,False,2,0,0
2026-03-06_19.41.59,142,sign-optimization-horizontal-vertical_scenario,616,204,3,3,-1,90,90,15,1,82239,WheelchairAgent(Clone),10,12,1.3,1.17,0,0,False,3,0,0
2026-03-06_19.41.59,142,sign-optimization-horizontal-vertical_scenario,616,204,3,3,-1,90,90,15,1,82240,AdultMaleAgent(Clone),11,10,1.71,1.58,0,0,False,3,0,0
2026-03-06_19.41.59,142,sign-optimization-horizontal-vertical_scenario,616,204,3,3,-1,90,90,15,1,82241,AdultMaleAgent(Clone),11,10,1.71,1.58,0,0,False,3,0,0
2026-03-06_19.41.59,142,sign-optimization-horizontal-vertical_scenario,616,204,3,3,-1,90,90,15,1,82242,AdultFemaleAgent(Clone),7,11,1.58,1.450001,0,0,False,2,0,0
2026-03-06_19.41.59,142,sign-optimization-horizontal-vertical_scenario,616,204,3,3,-1,90,90,15,1,82243,WheelchairAgent(Clone),6,12,1.3,1.17,0,0,False,2,0,0
2026-03-06_19.41.59,142,sign-optimization-horizontal-vertical_scenario,616,204,3,3,-1,90,90,15,1,82244,WheelchairAgent(Clone),10,12,1.3,1.17,0,0,False,3,0,0
2026-03-06_19.41.59,142,sign-optimization-horizontal-vertical_scenario,616,204,3,3,-1,90,90,15,1,82245,AdultFemaleAgent(Clone),11,10,1.58,1.450001,0,0,False,3,0,0
2026-03-06_19.41.59,142,sign-optimization-horizontal-vertical_scenario,616,204,3,3,-1,90,90,15,1,82246,AdultFemaleAgent(Clone),7,11,1.58,1.450001,0,0,False,2,0,0
2026-03-06_19.41.59,142,sign-optimization-horizontal-vertical_scenario,616,204,3,3,-1,90,90,15,1,82247,AdultMaleAgent(Clone),10,12,1.71,1.58,0,0,False,3,0,0
2026-03-06_19.41.59,142,sign-optimization-horizontal-vertical_scenario,616,204,3,3,-1,90,90,15,1,82248,AdultMaleAgent(Clone),11,10,1.71,1.58,0,0,False,3,0,0
2026-03-06_19.41.59,142,sign-optimization-horizontal-vertical_scenario,616,204,3,3,-1,90,90,15,1,82249,AdultFemaleAgent(Clone),10,12,1.58,1.45,0,0,False,3,0,0
2026-03-06_19.41.59,142,sign-optimization-horizontal-vertical_scenario,616,204,3,3,-1,90,90,15,1,82250,WheelchairAgent(Clone),11,10,1.3,1.17,0,0,False,3,0,0
2026-03-06_19.41.59,142,sign-optimization-horizontal-vertical_scenario,616,204,3,3,-1,90,90,15,1,82251,WheelchairAgent(Clone),7,11,1.3,1.17,0,0,False,2,0,0
2026-03-06_19.41.59,142,sign-optimization-horizontal-vertical_scenario,616,204,3,3,-1,90,90,15,1,82252,WheelchairAgent(Clone),10,12,1.3,1.17,0,0,False,3,0,0
2026-03-06_19.41.59,142,sign-optimization-horizontal-vertical_scenario,616,204,3,3,-1,90,90,15,1,82253,WheelchairAgent(Clone),10,12,1.3,1.17,0,0,False,3,0,0
2026-03-06_19.41.59,142,sign-optimization-horizontal-vertical_scenario,616,204,3,3,-1,90,90,15,1,82254,WheelchairAgent(Clone),7,11,1.3,1.17,0,0,False,2,0,0
2026-03-06_19.41.59,142,sign-optimization-horizontal-vertical_scenario,616,204,3,3,-1,90,90,15,1,82255,AdultFemaleAgent(Clone),6,12,1.58,1.45,0,0,False,2,0,0
2026-03-06_19.41.59,142,sign-optimization-horizontal-vertical_scenario,616,204,3,3,-1,90,90,15,1,82256,WheelchairAgent(Clone),6,12,1.3,1.17,0,0,False,2,0,0
2026-03-06_19.41.59,142,sign-optimization-horizontal-vertical_scenario,616,204,3,3,-1,90,90,15,1,82257,AdultMaleAgent(Clone),7,11,1.71,1.58,0,0,False,2,0,0
2026-03-06_19.41.59,142,sign-optimization-horizontal-vertical_scenario,616,204,3,3,-1,90,90,15,1,82258,WheelchairAgent(Clone),10,12,1.3,1.17,0,0,False,3,0,0
2026-03-06_19.41.59,142,sign-optimization-horizontal-vertical_scenario,616,204,3,3,-1,90,90,15,1,82259,WheelchairAgent(Clone),10,12,1.3,1.17,0,0,False,3,0,0
2026-03-06_19.41.59,142,sign-optimization-horizontal-vertical_scenario,616,204,3,3,-1,90,90,15,1,82260,AdultMaleAgent(Clone),10,12,1.71,1.58,0,0,False,3,0,0
2026-03-06_19.41.59,142,sign-optimization-horizontal-vertical_scenario,616,204,3,3,-1,90,90,15,1,82261,AdultFemaleAgent(Clone),7,11,1.58,1.450001,0,0,False,2,0,0
2026-03-06_19.41.59,142,sign-optimization-horizontal-vertical_scenario,616,204,3,3,-1,90,90,15,1,82262,WheelchairAgent(Clone),5,10,1.3,1.17,0,0,False,2,0,0
2026-03-06_19.41.59,142,sign-optimization-horizontal-vertical_scenario,616,204,3,3,-1,90,90,15,1,82263,WheelchairAgent(Clone),7,11,1.3,1.17,0,0,False,2,0,0
2026-03-06_19.41.59,142,sign-optimization-horizontal-vertical_scenario,616,204,3,3,-1,90,90,15,1,82264,WheelchairAgent(Clone),11,10,1.3,1.17,0,0,False,3,0,0
2026-03-06_19.41.59,142,sign-optimization-horizontal-vertical_scenario,616,204,3,3,-1,90,90,15,1,82265,AdultFemaleAgent(Clone),10,12,1.58,1.45,0,0,False,3,0,0
2026-03-06_19.41.59,142,sign-optimization-horizontal-vertical_scenario,616,204,3,3,-1,90,90,15,1,82266,AdultMaleAgent(Clone),6,12,1.71,1.58,0,0,False,2,0,0
2026-03-06_19.41.59,142,sign-optimization-horizontal-vertical_scenario,616,204,3,3,-1,90,90,15,1,82267,WheelchairAgent(Clone),5,10,1.3,1.17,0,0,False,2,0,0
2026-03-06_19.41.59,142,sign-optimization-horizontal-vertical_scenario,616,204,3,3,-1,90,90,15,1,82268,WheelchairAgent(Clone),6,12,1.3,1.17,0,0,False,2,0,0
