Timestamp,RunIndex,ScenarioID,TotalAgents,VisibleSignCount,SignHeight,SignPositionX,SignPositionZ,SignOrientation,VcaAngle,VcaDistance,SignComprehensionTime,AgentID,AgentType,StartNode,GoalNode,Height,EyeHeight,TimeInVCA,TimesInVCA,SawSign,TotalNodesNavigated,NodesWithDetection,RDEffective
2026-03-06_17.27.56,8,sign-optimization-horizontal-vertical_scenario,628,249,3,-5,-8,90,90,15,1,4002,WheelchairAgent(Clone),10,12,1.3,1.17,9.737946,1,False,3,1,0.3333333
2026-03-06_17.27.56,8,sign-optimization-horizontal-vertical_scenario,628,249,3,-5,-8,90,90,15,1,4003,AdultFemaleAgent(Clone),5,10,1.58,1.45,5.598022,1,True,2,1,0.5
2026-03-06_17.27.56,8,sign-optimization-horizontal-vertical_scenario,628,249,3,-5,-8,90,90,15,1,4004,AdultMaleAgent(Clone),7,11,1.71,1.58,10.37958,2,True,2,1,0.5
2026-03-06_17.27.56,8,sign-optimization-horizontal-vertical_scenario,628,249,3,-5,-8,90,90,15,1,4005,WheelchairAgent(Clone),10,12,1.3,1.17,11.77832,1,False,3,1,0.3333333
2026-03-06_17.27.56,8,sign-optimization-horizontal-vertical_scenario,628,249,3,-5,-8,90,90,15,1,4006,WheelchairAgent(Clone),7,11,1.3,1.17,8.577911,2,True,2,1,0.5
2026-03-06_17.27.56,8,sign-optimization-horizontal-vertical_scenario,628,249,3,-5,-8,90,90,15,1,4007,WheelchairAgent(Clone),7,11,1.3,1.17,8.827606,2,True,2,1,0.5
2026-03-06_17.27.56,8,sign-optimization-horizontal-vertical_scenario,628,249,3,-5,-8,90,90,15,1,4008,WheelchairAgent(Clone),7,11,1.3,1.17,8.469971,2,True,2,1,0.5
2026-03-06_17.27.56,8,sign-optimization-horizontal-vertical_scenario,628,249,3,-5,-8,90,90,15,1,4009,AdultMaleAgent(Clone),10,12,1.71,1.58,11.33481,1,True,3,1,0.3333333
2026-03-06_17.27.56,8,sign-optimization-horizontal-vertical_scenario,628,249,3,-5,-8,90,90,15,1,4010,AdultMaleAgent(Clone),6,12,1.71,1.58,9.638092,1,False,2,1,0.5
2026-03-06_17.27.56,8,sign-optimization-horizontal-vertical_scenario,628,249,3,-5,-8,90,90,15,1,4011,AdultMaleAgent(Clone),10,12,1.71,1.58,10.97391,1,False,3,1,0.3333333
2026-03-06_17.27.56,8,sign-optimization-horizontal-vertical_scenario,628,249,3,-5,-8,90,90,15,1,4012,WheelchairAgent(Clone),5,10,1.3,1.17,8.432831,1,True,2,1,0.5
2026-03-06_17.27.56,8,sign-optimization-horizontal-vertical_scenario,628,249,3,-5,-8,90,90,15,1,4013,AdultFemaleAgent(Clone),10,12,1.58,1.45,13.03381,1,False,3,1,0.3333333
2026-03-06_17.27.56,8,sign-optimization-horizontal-vertical_scenario,628,249,3,-5,-8,90,90,15,1,4014,WheelchairAgent(Clone),7,11,1.3,1.17,7.745636,2,True,2,1,0.5
2026-03-06_17.27.56,8,sign-optimization-horizontal-vertical_scenario,628,249,3,-5,-8,90,90,15,1,4015,WheelchairAgent(Clone),11,10,1.3,1.17,3.11554,1,False,3,1,0.3333333
2026-03-06_17.27.56,8,sign-optimization-horizontal-vertical_scenario,628,249,3,-5,-8,90,90,15,1,4016,WheelchairAgent(Clone),5,10,1.3,1.17,7.928711,1,True,2,1,0.5
2026-03-06_17.27.56,8,sign-optimization-horizontal-vertical_scenario,628,249,3,-5,-8,90,90,15,1,4017,WheelchairAgent(Clone),5,10,1.3,1.17,4.893921,1,False,2,1,0.5
2026-03-06_17.27.56,8,sign-optimization-horizontal-vertical_scenario,628,249,3,-5,-8,90,90,15,1,4018,AdultMaleAgent(Clone),7,11,1.71,1.58,8.609406,2,True,2,1,0.5
2026-03-06_17.27.56,8,sign-optimization-horizontal-vertical_scenario,628,249,3,-5,-8,90,90,15,1,4019,WheelchairAgent(Clone),6,12,1.3,1.17,9.97525,1,False,2,1,0.5
2026-03-06_17.27.56,8,sign-optimization-horizontal-vertical_scenario,628,249,3,-5,-8,90,90,15,1,4020,AdultMaleAgent(Clone),11,10,1.71,1.58,4.82489,1,False,3,1,0.3333333
2026-03-06_17.27.56,8,sign-optimization-horizontal-vertical_scenario,628,249,3,-5,-8,90,90,15,1,4021,AdultMaleAgent(Clone),5,10,1.71,1.58,8.083038,1,True,2,1,0.5
2026-03-06_17.27.56,8,sign-optimization-horizontal-vertical_scenario,628,249,3,-5,-8,90,90,15,1,4022,AdultMaleAgent(Clone),10,12,1.71,1.58,11.18799,1,False,3,1,0.3333333
2026-03-06_17.27.56,8,sign-optimization-horizontal-vertical_scenario,628,249,3,-5,-8,90,90,15,1,4023,AdultMaleAgent(Clone),11,10,1.71,1.58,5.489136,1,False,3,1,0.3333333
2026-03-06_17.27.56,8,sign-optimization-horizontal-vertical_scenario,628,249,3,-5,-8,90,90,15,1,4024,AdultFemaleAgent(Clone),5,10,1.58,1.45,10.34058,1,True,2,1,0.5
2026-03-06_17.27.56,8,sign-optimization-horizontal-vertical_scenario,628,249,3,-5,-8,90,90,15,1,4025,AdultMaleAgent(Clone),6,12,1.71,1.58,11.28082,1,True,2,1,0.5
2026-03-06_17.27.56,8,sign-optimization-horizontal-vertical_scenario,628,249,3,-5,-8,90,90,15,1,4026,AdultMaleAgent(Clone),5,10,1.71,1.58,6.810608,1,True,2,1,0.5
2026-03-06_17.27.56,8,sign-optimization-horizontal-vertical_scenario,628,249,3,-5,-8,90,90,15,1,4027,AdultMaleAgent(Clone),10,12,1.71,1.58,10.35373,1,False,3,1,0.3333333
2026-03-06_17.27.56,8,sign-optimization-horizontal-vertical_scenario,628,249,3,-5,-8,90,90,15,1,4028,AdultFemaleAgent(Clone),10,12,1.58,1.45,11.14529,1,False,3,1,0.3333333
2026-03-06_17.27.56,8,sign-optimization-horizontal-vertical_scenario,628,249,3,-5,-8,90,90,15,1,4029,AdultMaleAgent(Clone),5,10,1.71,1.58,5.988068,1,True,2,1,0.5
2026-03-06_17.27.56,8,sign-optimization-horizontal-vertical_scenario,628,249,3,-5,-8,90,90,15,1,4030,AdultMaleAgent(Clone),10,12,1.71,1.58,13.00452,1,False,3,1,0.3333333
2026-03-06_17.27.56,8,sign-optimization-horizontal-vertical_scenario,628,249,3,-5,-8,90,90,15,1,4031,AdultFemaleAgent(Clone),11,10,1.58,1.450001,8.778442,1,True,3,1,0.3333333
2026-03-06_17.27.56,8,sign-optimization-horizontal-vertical_scenario,628,249,3,-5,-8,90,90,15,1,4032,AdultMaleAgent(Clone),6,12,1.71,1.58,9.446716,1,False,2,1,0.5
2026-03-06_17.27.56,8,sign-optimization-horizontal-vertical_scenario,628,249,3,-5,-8,90,90,15,1,4033,WheelchairAgent(Clone),11,10,1.3,1.17,13.36649,1,True,3,1,0.3333333
2026-03-06_17.27.56,8,sign-optimization-horizontal-vertical_scenario,628,249,3,-5,-8,90,90,15,1,4034,AdultFemaleAgent(Clone),5,10,1.58,1.45,7.608032,1,True,2,1,0.5
2026-03-06_17.27.56,8,sign-optimization-horizontal-vertical_scenario,628,249,3,-5,-8,90,90,15,1,4035,AdultMaleAgent(Clone),10,12,1.71,1.58,10.61816,1,False,3,1,0.3333333
2026-03-06_17.27.56,8,sign-optimization-horizontal-vertical_scenario,628,249,3,-5,-8,90,90,15,1,4036,AdultFemaleAgent(Clone),11,10,1.58,1.450001,12.46036,1,True,3,1,0.3333333
2026-03-06_17.27.56,8,sign-optimization-horizontal-vertical_scenario,628,249,3,-5,-8,90,90,15,1,4037,WheelchairAgent(Clone),10,12,1.3,1.17,13.08075,1,False,3,0,0
2026-03-06_17.27.56,8,sign-optimization-horizontal-vertical_scenario,628,249,3,-5,-8,90,90,15,1,4038,WheelchairAgent(Clone),6,12,1.3,1.17,6.778809,1,False,2,1,0.5
2026-03-06_17.27.56,8,sign-optimization-horizontal-vertical_scenario,628,249,3,-5,-8,90,90,15,1,4039,WheelchairAgent(Clone),10,12,1.3,1.17,12.86426,1,False,3,1,0.3333333
2026-03-06_17.27.56,8,sign-optimization-horizontal-vertical_scenario,628,249,3,-5,-8,90,90,15,1,4040,AdultMaleAgent(Clone),11,10,1.71,1.58,8.681976,1,True,3,1,0.3333333
2026-03-06_17.27.56,8,sign-optimization-horizontal-vertical_scenario,628,249,3,-5,-8,90,90,15,1,4041,AdultMaleAgent(Clone),7,11,1.71,1.58,7.931244,2,True,2,1,0.5
2026-03-06_17.27.56,8,sign-optimization-horizontal-vertical_scenario,628,249,3,-5,-8,90,90,15,1,4042,AdultMaleAgent(Clone),7,11,1.71,1.58,8.56076,2,True,2,1,0.5
2026-03-06_17.27.56,8,sign-optimization-horizontal-vertical_scenario,628,249,3,-5,-8,90,90,15,1,4043,AdultMaleAgent(Clone),6,12,1.71,1.58,6.328094,1,False,2,1,0.5
2026-03-06_17.27.56,8,sign-optimization-horizontal-vertical_scenario,628,249,3,-5,-8,90,90,15,1,4044,WheelchairAgent(Clone),7,11,1.3,1.17,8.112671,2,False,2,1,0.5
2026-03-06_17.27.56,8,sign-optimization-horizontal-vertical_scenario,628,249,3,-5,-8,90,90,15,1,4045,AdultMaleAgent(Clone),10,12,1.71,1.58,10.73254,1,False,3,1,0.3333333
2026-03-06_17.27.56,8,sign-optimization-horizontal-vertical_scenario,628,249,3,-5,-8,90,90,15,1,4046,AdultMaleAgent(Clone),7,11,1.71,1.58,8.682953,2,True,2,1,0.5
2026-03-06_17.27.56,8,sign-optimization-horizontal-vertical_scenario,628,249,3,-5,-8,90,90,15,1,4047,AdultMaleAgent(Clone),7,11,1.71,1.58,8.583038,2,True,2,1,0.5
2026-03-06_17.27.56,8,sign-optimization-horizontal-vertical_scenario,628,249,3,-5,-8,90,90,15,1,4048,WheelchairAgent(Clone),10,12,1.3,1.17,11.59875,1,False,3,1,0.3333333
2026-03-06_17.27.56,8,sign-optimization-horizontal-vertical_scenario,628,249,3,-5,-8,90,90,15,1,4049,WheelchairAgent(Clone),5,10,1.3,1.17,4.140228,1,False,2,1,0.5
2026-03-06_17.27.56,8,sign-optimization-horizontal-vertical_scenario,628,249,3,-5,-8,90,90,15,1,4050,AdultFemaleAgent(Clone),5,10,1.58,1.45,7.294678,1,True,2,1,0.5
2026-03-06_17.27.56,8,sign-optimization-horizontal-vertical_scenario,628,249,3,-5,-8,90,90,15,1,4051,AdultMaleAgent(Clone),11,10,1.71,1.58,0,0,True,3,1,0.3333333
2026-03-06_17.27.56,8,sign-optimization-horizontal-vertical_scenario,628,249,3,-5,-8,90,90,15,1,4052,AdultFemaleAgent(Clone),10,12,1.58,1.45,11.0473,1,False,3,1,0.3333333
2026-03-06_17.27.56,8,sign-optimization-horizontal-vertical_scenario,628,249,3,-5,-8,90,90,15,1,4053,AdultMaleAgent(Clone),11,10,1.71,1.58,7.069031,1,True,3,1,0.3333333
2026-03-06_17.27.56,8,sign-optimization-horizontal-vertical_scenario,628,249,3,-5,-8,90,90,15,1,4054,WheelchairAgent(Clone),5,10,1.3,1.17,9.609924,1,False,2,1,0.5
2026-03-06_17.27.56,8,sign-optimization-horizontal-vertical_scenario,628,249,3,-5,-8,90,90,15,1,4055,WheelchairAgent(Clone),6,12,1.3,1.17,12.99933,1,False,2,1,0.5
2026-03-06_17.27.56,8,sign-optimization-horizontal-vertical_scenario,628,249,3,-5,-8,90,90,15,1,4056,AdultFemaleAgent(Clone),7,11,1.58,1.450001,8.397644,2,True,2,1,0.5
2026-03-06_17.27.56,8,sign-optimization-horizontal-vertical_scenario,628,249,3,-5,-8,90,90,15,1,4057,WheelchairAgent(Clone),10,12,1.3,1.17,10.81833,1,False,3,1,0.3333333
2026-03-06_17.27.56,8,sign-optimization-horizontal-vertical_scenario,628,249,3,-5,-8,90,90,15,1,4058,AdultMaleAgent(Clone),5,10,1.71,1.58,6.715881,1,True,2,1,0.5
2026-03-06_17.27.56,8,sign-optimization-horizontal-vertical_scenario,628,249,3,-5,-8,90,90,15,1,4059,AdultMaleAgent(Clone),10,12,1.71,1.58,11.06018,1,False,3,1,0.3333333
2026-03-06_17.27.56,8,sign-optimization-horizontal-vertical_scenario,628,249,3,-5,-8,90,90,15,1,4060,WheelchairAgent(Clone),11,10,1.3,1.17,15.5224,2,True,3,1,0.3333333
2026-03-06_17.27.56,8,sign-optimization-horizontal-vertical_scenario,628,249,3,-5,-8,90,90,15,1,4061,AdultFemaleAgent(Clone),5,10,1.58,1.45,8.316437,1,True,2,1,0.5
2026-03-06_17.27.56,8,sign-optimization-horizontal-vertical_scenario,628,249,3,-5,-8,90,90,15,1,4062,WheelchairAgent(Clone),10,12,1.3,1.17,11.29312,1,False,3,0,0
2026-03-06_17.27.56,8,sign-optimization-horizontal-vertical_scenario,628,249,3,-5,-8,90,90,15,1,4063,AdultMaleAgent(Clone),7,11,1.71,1.58,8.391754,2,True,2,1,0.5
2026-03-06_17.27.56,8,sign-optimization-horizontal-vertical_scenario,628,249,3,-5,-8,90,90,15,1,4064,AdultFemaleAgent(Clone),7,11,1.58,1.450001,9.262451,2,True,2,1,0.5
2026-03-06_17.27.56,8,sign-optimization-horizontal-vertical_scenario,628,249,3,-5,-8,90,90,15,1,4065,AdultFemaleAgent(Clone),11,10,1.58,1.450001,8.821228,1,True,3,1,0.3333333
2026-03-06_17.27.56,8,sign-optimization-horizontal-vertical_scenario,628,249,3,-5,-8,90,90,15,1,4066,AdultFemaleAgent(Clone),5,10,1.58,1.45,6.404816,1,True,2,1,0.5
2026-03-06_17.27.56,8,sign-optimization-horizontal-vertical_scenario,628,249,3,-5,-8,90,90,15,1,4067,AdultFemaleAgent(Clone),10,12,1.58,1.45,12.70673,1,True,3,1,0.3333333
2026-03-06_17.27.56,8,sign-optimization-horizontal-vertical_scenario,628,249,3,-5,-8,90,90,15,1,4068,AdultMaleAgent(Clone),6,12,1.71,1.58,11.23352,1,False,2,1,0.5
2026-03-06_17.27.56,8,sign-optimization-horizontal-vertical_scenario,628,249,3,-5,-8,90,90,15,1,4069,AdultMaleAgent(Clone),5,10,1.71,1.58,7.750916,1,True,2,1,0.5
2026-03-06_17.27.56,8,sign-optimization-horizontal-vertical_scenario,628,249,3,-5,-8,90,90,15,1,4070,AdultMaleAgent(Clone),5,10,1.71,1.58,6.888794,1,True,2,1,0.5
2026-03-06_17.27.56,8,sign-optimization-horizontal-vertical_scenario,628,249,3,-5,-8,90,90,15,1,4071,AdultFemaleAgent(Clone),11,10,1.58,1.450001,8.816589,1,False,3,1,0.3333333
2026-03-06_17.27.56,8,sign-optimization-horizontal-vertical_scenario,628,249,3,-5,-8,90,90,15,1,4072,WheelchairAgent(Clone),5,10,1.3,1.17,6.734497,1,False,2,0,0
2026-03-06_17.27.56,8,sign-optimization-horizontal-vertical_scenario,628,249,3,-5,-8,90,90,15,1,4073,AdultMaleAgent(Clone),6,12,1.71,1.58,12.96973,1,False,2,1,0.5
2026-03-06_17.27.56,8,sign-optimization-horizontal-vertical_scenario,628,249,3,-5,-8,90,90,15,1,4074,WheelchairAgent(Clone),11,10,1.3,1.17,6.531677,1,False,3,1,0.3333333
2026-03-06_17.27.56,8,sign-optimization-horizontal-vertical_scenario,628,249,3,-5,-8,90,90,15,1,4075,AdultFemaleAgent(Clone),5,10,1.58,1.45,5.39917,1,True,2,1,0.5
2026-03-06_17.27.56,8,sign-optimization-horizontal-vertical_scenario,628,249,3,-5,-8,90,90,15,1,4076,AdultFemaleAgent(Clone),11,10,1.58,1.450001,7.20108,1,True,3,1,0.3333333
2026-03-06_17.27.56,8,sign-optimization-horizontal-vertical_scenario,628,249,3,-5,-8,90,90,15,1,4077,AdultMaleAgent(Clone),7,11,1.71,1.58,8.944366,2,True,2,1,0.5
2026-03-06_17.27.56,8,sign-optimization-horizontal-vertical_scenario,628,249,3,-5,-8,90,90,15,1,4078,WheelchairAgent(Clone),11,10,1.3,1.17,6.714172,1,True,3,1,0.3333333
2026-03-06_17.27.56,8,sign-optimization-horizontal-vertical_scenario,628,249,3,-5,-8,90,90,15,1,4079,AdultMaleAgent(Clone),11,10,1.71,1.58,8.169006,1,True,3,1,0.3333333
2026-03-06_17.27.56,8,sign-optimization-horizontal-vertical_scenario,628,249,3,-5,-8,90,90,15,1,4080,AdultFemaleAgent(Clone),10,12,1.58,1.45,10.64499,1,False,3,1,0.3333333
2026-03-06_17.27.56,8,sign-optimization-horizontal-vertical_scenario,628,249,3,-5,-8,90,90,15,1,4081,AdultFemaleAgent(Clone),5,10,1.58,1.45,10.15234,1,True,2,1,0.5
2026-03-06_17.27.56,8,sign-optimization-horizontal-vertical_scenario,628,249,3,-5,-8,90,90,15,1,4082,AdultMaleAgent(Clone),11,10,1.71,1.58,8.769897,1,True,3,1,0.3333333
2026-03-06_17.27.56,8,sign-optimization-horizontal-vertical_scenario,628,249,3,-5,-8,90,90,15,1,4083,AdultFemaleAgent(Clone),7,11,1.58,1.450001,8.561279,2,True,2,1,0.5
2026-03-06_17.27.56,8,sign-optimization-horizontal-vertical_scenario,628,249,3,-5,-8,90,90,15,1,4084,AdultFemaleAgent(Clone),6,12,1.58,1.45,11.65793,1,False,2,1,0.5
2026-03-06_17.27.56,8,sign-optimization-horizontal-vertical_scenario,628,249,3,-5,-8,90,90,15,1,4085,WheelchairAgent(Clone),11,10,1.3,1.17,6.53244,1,False,3,1,0.3333333
2026-03-06_17.27.56,8,sign-optimization-horizontal-vertical_scenario,628,249,3,-5,-8,90,90,15,1,4086,AdultMaleAgent(Clone),11,10,1.71,1.58,7.450592,1,True,3,1,0.3333333
2026-03-06_17.27.56,8,sign-optimization-horizontal-vertical_scenario,628,249,3,-5,-8,90,90,15,1,4087,WheelchairAgent(Clone),7,11,1.3,1.17,8.970886,2,True,2,1,0.5
2026-03-06_17.27.56,8,sign-optimization-horizontal-vertical_scenario,628,249,3,-5,-8,90,90,15,1,4088,WheelchairAgent(Clone),5,10,1.3,1.17,5.643311,1,False,2,1,0.5
2026-03-06_17.27.56,8,sign-optimization-horizontal-vertical_scenario,628,249,3,-5,-8,90,90,15,1,4089,AdultMaleAgent(Clone),7,11,1.71,1.58,9.201996,2,True,2,1,0.5
2026-03-06_17.27.56,8,sign-optimization-horizontal-vertical_scenario,628,249,3,-5,-8,90,90,15,1,4090,WheelchairAgent(Clone),10,12,1.3,1.17,13.17575,1,False,3,0,0
2026-03-06_17.27.56,8,sign-optimization-horizontal-vertical_scenario,628,249,3,-5,-8,90,90,15,1,4091,WheelchairAgent(Clone),5,10,1.3,1.17,7.564667,1,True,2,1,0.5
2026-03-06_17.27.56,8,sign-optimization-horizontal-vertical_scenario,628,249,3,-5,-8,90,90,15,1,4092,WheelchairAgent(Clone),5,10,1.3,1.17,9.892212,1,True,2,1,0.5
2026-03-06_17.27.56,8,sign-optimization-horizontal-vertical_scenario,628,249,3,-5,-8,90,90,15,1,4093,WheelchairAgent(Clone),6,12,1.3,1.17,10.27249,1,False,2,0,0
2026-03-06_17.27.56,8,sign-optimization-horizontal-vertical_scenario,628,249,3,-5,-8,90,90,15,1,4094,WheelchairAgent(Clone),11,10,1.3,1.17,0,0,True,3,1,0.3333333
2026-03-06_17.27.56,8,sign-optimization-horizontal-vertical_scenario,628,249,3,-5,-8,90,90,15,1,4095,WheelchairAgent(Clone),10,12,1.3,1.17,11.43701,1,False,3,1,0.3333333
2026-03-06_17.27.56,8,sign-optimization-horizontal-vertical_scenario,628,249,3,-5,-8,90,90,15,1,4096,WheelchairAgent(Clone),7,11,1.3,1.17,8.026794,2,True,2,1,0.5
2026-03-06_17.27.56,8,sign-optimization-horizontal-vertical_scenario,628,249,3,-5,-8,90,90,15,1,4097,AdultMaleAgent(Clone),7,11,1.71,1.58,9.534821,2,True,2,1,0.5
2026-03-06_17.27.56,8,sign-optimization-horizontal-vertical_scenario,628,249,3,-5,-8,90,90,15,1,4098,AdultMaleAgent(Clone),10,12,1.71,1.58,15.74573,1,True,3,1,0.3333333
2026-03-06_17.27.56,8,sign-optimization-horizontal-vertical_scenario,628,249,3,-5,-8,90,90,15,1,4099,AdultMaleAgent(Clone),5,10,1.71,1.58,5.813049,1,True,2,1,0.5
2026-03-06_17.27.56,8,sign-optimization-horizontal-vertical_scenario,628,249,3,-5,-8,90,90,15,1,4100,AdultMaleAgent(Clone),7,11,1.71,1.58,8.891449,2,True,2,1,0.5
2026-03-06_17.27.56,8,sign-optimization-horizontal-vertical_scenario,628,249,3,-5,-8,90,90,15,1,4101,AdultFemaleAgent(Clone),11,10,1.58,1.450001,6.130615,1,True,3,1,0.3333333
2026-03-06_17.27.56,8,sign-optimization-horizontal-vertical_scenario,628,249,3,-5,-8,90,90,15,1,4102,WheelchairAgent(Clone),6,12,1.3,1.17,6.888763,1,False,2,0,0
2026-03-06_17.27.56,8,sign-optimization-horizontal-vertical_scenario,628,249,3,-5,-8,90,90,15,1,4103,AdultMaleAgent(Clone),10,12,1.71,1.58,12.97009,1,False,3,1,0.3333333
2026-03-06_17.27.56,8,sign-optimization-horizontal-vertical_scenario,628,249,3,-5,-8,90,90,15,1,4104,WheelchairAgent(Clone),6,12,1.3,1.17,10.88907,1,False,2,1,0.5
2026-03-06_17.27.56,8,sign-optimization-horizontal-vertical_scenario,628,249,3,-5,-8,90,90,15,1,4105,AdultMaleAgent(Clone),6,12,1.71,1.58,9.972809,1,False,2,1,0.5
2026-03-06_17.27.56,8,sign-optimization-horizontal-vertical_scenario,628,249,3,-5,-8,90,90,15,1,4106,AdultFemaleAgent(Clone),7,11,1.58,1.450001,9.32486,2,True,2,1,0.5
2026-03-06_17.27.56,8,sign-optimization-horizontal-vertical_scenario,628,249,3,-5,-8,90,90,15,1,4107,AdultMaleAgent(Clone),11,10,1.71,1.58,8.690002,1,True,3,1,0.3333333
2026-03-06_17.27.56,8,sign-optimization-horizontal-vertical_scenario,628,249,3,-5,-8,90,90,15,1,4108,AdultMaleAgent(Clone),11,10,1.71,1.58,6.351135,1,True,3,1,0.3333333
2026-03-06_17.27.56,8,sign-optimization-horizontal-vertical_scenario,628,249,3,-5,-8,90,90,15,1,4109,AdultFemaleAgent(Clone),11,10,1.58,1.450001,8.828186,1,True,3,1,0.3333333
2026-03-06_17.27.56,8,sign-optimization-horizontal-vertical_scenario,628,249,3,-5,-8,90,90,15,1,4110,AdultFemaleAgent(Clone),10,12,1.58,1.45,12.15054,1,False,3,1,0.3333333
2026-03-06_17.27.56,8,sign-optimization-horizontal-vertical_scenario,628,249,3,-5,-8,90,90,15,1,4111,AdultFemaleAgent(Clone),5,10,1.58,1.45,8.826782,1,True,2,1,0.5
2026-03-06_17.27.56,8,sign-optimization-horizontal-vertical_scenario,628,249,3,-5,-8,90,90,15,1,4112,WheelchairAgent(Clone),7,11,1.3,1.17,8.02121,2,True,2,1,0.5
2026-03-06_17.27.56,8,sign-optimization-horizontal-vertical_scenario,628,249,3,-5,-8,90,90,15,1,4113,AdultFemaleAgent(Clone),11,10,1.58,1.450001,3.506714,1,False,3,1,0.3333333
2026-03-06_17.27.56,8,sign-optimization-horizontal-vertical_scenario,628,249,3,-5,-8,90,90,15,1,4114,AdultFemaleAgent(Clone),10,12,1.58,1.45,9.328979,1,False,3,1,0.3333333
2026-03-06_17.27.56,8,sign-optimization-horizontal-vertical_scenario,628,249,3,-5,-8,90,90,15,1,4115,AdultMaleAgent(Clone),7,11,1.71,1.58,9.088776,2,True,2,1,0.5
2026-03-06_17.27.56,8,sign-optimization-horizontal-vertical_scenario,628,249,3,-5,-8,90,90,15,1,4116,WheelchairAgent(Clone),11,10,1.3,1.17,6.362732,1,False,3,1,0.3333333
2026-03-06_17.27.56,8,sign-optimization-horizontal-vertical_scenario,628,249,3,-5,-8,90,90,15,1,4117,AdultFemaleAgent(Clone),10,12,1.58,1.45,11.43884,1,False,3,1,0.3333333
2026-03-06_17.27.56,8,sign-optimization-horizontal-vertical_scenario,628,249,3,-5,-8,90,90,15,1,4118,AdultMaleAgent(Clone),10,12,1.71,1.58,11.47787,1,False,3,1,0.3333333
2026-03-06_17.27.56,8,sign-optimization-horizontal-vertical_scenario,628,249,3,-5,-8,90,90,15,1,4119,AdultFemaleAgent(Clone),6,12,1.58,1.45,9.315674,1,False,2,1,0.5
2026-03-06_17.27.56,8,sign-optimization-horizontal-vertical_scenario,628,249,3,-5,-8,90,90,15,1,4120,AdultMaleAgent(Clone),5,10,1.71,1.58,6.071075,1,True,2,1,0.5
2026-03-06_17.27.56,8,sign-optimization-horizontal-vertical_scenario,628,249,3,-5,-8,90,90,15,1,4121,AdultFemaleAgent(Clone),11,10,1.58,1.450001,0,0,False,3,0,0
2026-03-06_17.27.56,8,sign-optimization-horizontal-vertical_scenario,628,249,3,-5,-8,90,90,15,1,4122,AdultFemaleAgent(Clone),10,12,1.58,1.45,13.34488,1,True,3,1,0.3333333
2026-03-06_17.27.56,8,sign-optimization-horizontal-vertical_scenario,628,249,3,-5,-8,90,90,15,1,4123,AdultFemaleAgent(Clone),5,10,1.58,1.45,6.26239,1,True,2,1,0.5
2026-03-06_17.27.56,8,sign-optimization-horizontal-vertical_scenario,628,249,3,-5,-8,90,90,15,1,4124,WheelchairAgent(Clone),6,12,1.3,1.17,11.04181,1,False,2,1,0.5
2026-03-06_17.27.56,8,sign-optimization-horizontal-vertical_scenario,628,249,3,-5,-8,90,90,15,1,4125,AdultMaleAgent(Clone),5,10,1.71,1.58,7.736877,1,True,2,1,0.5
2026-03-06_17.27.56,8,sign-optimization-horizontal-vertical_scenario,628,249,3,-5,-8,90,90,15,1,4126,AdultMaleAgent(Clone),11,10,1.71,1.58,1.210663,1,False,3,1,0.3333333
2026-03-06_17.27.56,8,sign-optimization-horizontal-vertical_scenario,628,249,3,-5,-8,90,90,15,1,4127,AdultMaleAgent(Clone),7,11,1.71,1.58,9.528076,1,True,2,1,0.5
2026-03-06_17.27.56,8,sign-optimization-horizontal-vertical_scenario,628,249,3,-5,-8,90,90,15,1,4128,WheelchairAgent(Clone),7,11,1.3,1.17,10.37747,2,True,2,1,0.5
2026-03-06_17.27.56,8,sign-optimization-horizontal-vertical_scenario,628,249,3,-5,-8,90,90,15,1,4129,AdultMaleAgent(Clone),10,12,1.71,1.58,13.2529,1,False,3,1,0.3333333
2026-03-06_17.27.56,8,sign-optimization-horizontal-vertical_scenario,628,249,3,-5,-8,90,90,15,1,4130,WheelchairAgent(Clone),6,12,1.3,1.17,7.525848,1,False,2,0,0
2026-03-06_17.27.56,8,sign-optimization-horizontal-vertical_scenario,628,249,3,-5,-8,90,90,15,1,4131,AdultMaleAgent(Clone),7,11,1.71,1.58,11.56274,2,True,2,1,0.5
2026-03-06_17.27.56,8,sign-optimization-horizontal-vertical_scenario,628,249,3,-5,-8,90,90,15,1,4132,AdultMaleAgent(Clone),5,10,1.71,1.58,8.677063,1,True,2,1,0.5
2026-03-06_17.27.56,8,sign-optimization-horizontal-vertical_scenario,628,249,3,-5,-8,90,90,15,1,4133,AdultMaleAgent(Clone),5,10,1.71,1.58,9.465729,1,True,2,1,0.5
2026-03-06_17.27.56,8,sign-optimization-horizontal-vertical_scenario,628,249,3,-5,-8,90,90,15,1,4134,WheelchairAgent(Clone),6,12,1.3,1.17,12.6412,1,False,2,1,0.5
2026-03-06_17.27.56,8,sign-optimization-horizontal-vertical_scenario,628,249,3,-5,-8,90,90,15,1,4135,WheelchairAgent(Clone),6,12,1.3,1.17,10.62317,1,False,2,1,0.5
2026-03-06_17.27.56,8,sign-optimization-horizontal-vertical_scenario,628,249,3,-5,-8,90,90,15,1,4136,WheelchairAgent(Clone),11,10,1.3,1.17,0,0,False,3,0,0
2026-03-06_17.27.56,8,sign-optimization-horizontal-vertical_scenario,628,249,3,-5,-8,90,90,15,1,4137,WheelchairAgent(Clone),6,12,1.3,1.17,8.781952,1,False,2,0,0
2026-03-06_17.27.56,8,sign-optimization-horizontal-vertical_scenario,628,249,3,-5,-8,90,90,15,1,4138,AdultFemaleAgent(Clone),6,12,1.58,1.45,9.861298,1,False,2,1,0.5
2026-03-06_17.27.56,8,sign-optimization-horizontal-vertical_scenario,628,249,3,-5,-8,90,90,15,1,4139,AdultFemaleAgent(Clone),10,12,1.58,1.45,12.6377,1,True,3,1,0.3333333
2026-03-06_17.27.56,8,sign-optimization-horizontal-vertical_scenario,628,249,3,-5,-8,90,90,15,1,4140,AdultFemaleAgent(Clone),5,10,1.58,1.45,7.767212,1,True,2,1,0.5
2026-03-06_17.27.56,8,sign-optimization-horizontal-vertical_scenario,628,249,3,-5,-8,90,90,15,1,4141,WheelchairAgent(Clone),10,12,1.3,1.17,16.09146,1,True,3,1,0.3333333
2026-03-06_17.27.56,8,sign-optimization-horizontal-vertical_scenario,628,249,3,-5,-8,90,90,15,1,4142,WheelchairAgent(Clone),5,10,1.3,1.17,6.672943,1,True,2,1,0.5
2026-03-06_17.27.56,8,sign-optimization-horizontal-vertical_scenario,628,249,3,-5,-8,90,90,15,1,4143,AdultFemaleAgent(Clone),5,10,1.58,1.45,9.251831,1,True,2,1,0.5
2026-03-06_17.27.56,8,sign-optimization-horizontal-vertical_scenario,628,249,3,-5,-8,90,90,15,1,4144,AdultMaleAgent(Clone),10,12,1.71,1.58,10.7132,1,False,3,1,0.3333333
2026-03-06_17.27.56,8,sign-optimization-horizontal-vertical_scenario,628,249,3,-5,-8,90,90,15,1,4145,WheelchairAgent(Clone),10,12,1.3,1.17,11.62411,1,False,3,0,0
2026-03-06_17.27.56,8,sign-optimization-horizontal-vertical_scenario,628,249,3,-5,-8,90,90,15,1,4146,WheelchairAgent(Clone),11,10,1.3,1.17,0,0,False,3,0,0
2026-03-06_17.27.56,8,sign-optimization-horizontal-vertical_scenario,628,249,3,-5,-8,90,90,15,1,4147,AdultMaleAgent(Clone),11,10,1.71,1.58,1.108551,1,False,3,1,0.3333333
2026-03-06_17.27.56,8,sign-optimization-horizontal-vertical_scenario,628,249,3,-5,-8,90,90,15,1,4148,AdultMaleAgent(Clone),7,11,1.71,1.58,8.680908,2,True,2,1,0.5
2026-03-06_17.27.56,8,sign-optimization-horizontal-vertical_scenario,628,249,3,-5,-8,90,90,15,1,4149,WheelchairAgent(Clone),10,12,1.3,1.17,11.60229,1,False,3,1,0.3333333
2026-03-06_17.27.56,8,sign-optimization-horizontal-vertical_scenario,628,249,3,-5,-8,90,90,15,1,4150,WheelchairAgent(Clone),6,12,1.3,1.17,8.845032,1,False,2,1,0.5
2026-03-06_17.27.56,8,sign-optimization-horizontal-vertical_scenario,628,249,3,-5,-8,90,90,15,1,4151,WheelchairAgent(Clone),7,11,1.3,1.17,8.591522,2,True,2,1,0.5
2026-03-06_17.27.56,8,sign-optimization-horizontal-vertical_scenario,628,249,3,-5,-8,90,90,15,1,4152,AdultMaleAgent(Clone),6,12,1.71,1.58,11.56955,1,False,2,1,0.5
2026-03-06_17.27.56,8,sign-optimization-horizontal-vertical_scenario,628,249,3,-5,-8,90,90,15,1,4153,WheelchairAgent(Clone),5,10,1.3,1.17,11.10431,1,True,2,1,0.5
2026-03-06_17.27.56,8,sign-optimization-horizontal-vertical_scenario,628,249,3,-5,-8,90,90,15,1,4154,WheelchairAgent(Clone),7,11,1.3,1.17,9.151276,2,True,2,1,0.5
2026-03-06_17.27.56,8,sign-optimization-horizontal-vertical_scenario,628,249,3,-5,-8,90,90,15,1,4155,AdultMaleAgent(Clone),6,12,1.71,1.58,8.60498,1,False,2,1,0.5
2026-03-06_17.27.56,8,sign-optimization-horizontal-vertical_scenario,628,249,3,-5,-8,90,90,15,1,4156,AdultFemaleAgent(Clone),10,12,1.58,1.45,12.15533,1,False,3,1,0.3333333
2026-03-06_17.27.56,8,sign-optimization-horizontal-vertical_scenario,628,249,3,-5,-8,90,90,15,1,4157,WheelchairAgent(Clone),11,10,1.3,1.17,0,0,False,3,0,0
2026-03-06_17.27.56,8,sign-optimization-horizontal-vertical_scenario,628,249,3,-5,-8,90,90,15,1,4158,AdultFemaleAgent(Clone),7,11,1.58,1.450001,9.653259,2,True,2,1,0.5
2026-03-06_17.27.56,8,sign-optimization-horizontal-vertical_scenario,628,249,3,-5,-8,90,90,15,1,4159,AdultMaleAgent(Clone),11,10,1.71,1.58,0,0,False,3,0,0
2026-03-06_17.27.56,8,sign-optimization-horizontal-vertical_scenario,628,249,3,-5,-8,90,90,15,1,4160,AdultMaleAgent(Clone),10,12,1.71,1.58,12.41559,1,False,3,1,0.3333333
2026-03-06_17.27.56,8,sign-optimization-horizontal-vertical_scenario,628,249,3,-5,-8,90,90,15,1,4161,WheelchairAgent(Clone),6,12,1.3,1.17,10.22147,1,False,2,1,0.5
2026-03-06_17.27.56,8,sign-optimization-horizontal-vertical_scenario,628,249,3,-5,-8,90,90,15,1,4162,AdultMaleAgent(Clone),6,12,1.71,1.58,12.81537,1,True,2,1,0.5
2026-03-06_17.27.56,8,sign-optimization-horizontal-vertical_scenario,628,249,3,-5,-8,90,90,15,1,4163,AdultFemaleAgent(Clone),6,12,1.58,1.45,13.35385,1,True,2,1,0.5
2026-03-06_17.27.56,8,sign-optimization-horizontal-vertical_scenario,628,249,3,-5,-8,90,90,15,1,4164,WheelchairAgent(Clone),5,10,1.3,1.17,8.932922,1,True,2,1,0.5
2026-03-06_17.27.56,8,sign-optimization-horizontal-vertical_scenario,628,249,3,-5,-8,90,90,15,1,4165,AdultFemaleAgent(Clone),10,12,1.58,1.45,13.7572,1,True,3,1,0.3333333
2026-03-06_17.27.56,8,sign-optimization-horizontal-vertical_scenario,628,249,3,-5,-8,90,90,15,1,4166,AdultFemaleAgent(Clone),6,12,1.58,1.45,11.48569,1,True,2,1,0.5
2026-03-06_17.27.56,8,sign-optimization-horizontal-vertical_scenario,628,249,3,-5,-8,90,90,15,1,4167,WheelchairAgent(Clone),11,10,1.3,1.17,0,0,False,3,0,0
2026-03-06_17.27.56,8,sign-optimization-horizontal-vertical_scenario,628,249,3,-5,-8,90,90,15,1,4168,WheelchairAgent(Clone),10,12,1.3,1.17,10.81821,1,False,3,1,0.3333333
2026-03-06_17.27.56,8,sign-optimization-horizontal-vertical_scenario,628,249,3,-5,-8,90,90,15,1,4169,AdultMaleAgent(Clone),10,12,1.71,1.58,13.42334,1,False,3,1,0.3333333
2026-03-06_17.27.56,8,sign-optimization-horizontal-vertical_scenario,628,249,3,-5,-8,90,90,15,1,4170,AdultFemaleAgent(Clone),5,10,1.58,1.45,11.00903,1,True,2,1,0.5
2026-03-06_17.27.56,8,sign-optimization-horizontal-vertical_scenario,628,249,3,-5,-8,90,90,15,1,4171,WheelchairAgent(Clone),7,11,1.3,1.17,12.09641,2,True,2,1,0.5
2026-03-06_17.27.56,8,sign-optimization-horizontal-vertical_scenario,628,249,3,-5,-8,90,90,15,1,4172,WheelchairAgent(Clone),6,12,1.3,1.17,7.295074,1,False,2,1,0.5
2026-03-06_17.27.56,8,sign-optimization-horizontal-vertical_scenario,628,249,3,-5,-8,90,90,15,1,4173,WheelchairAgent(Clone),7,11,1.3,1.17,8.41037,2,True,2,1,0.5
2026-03-06_17.27.56,8,sign-optimization-horizontal-vertical_scenario,628,249,3,-5,-8,90,90,15,1,4174,AdultMaleAgent(Clone),10,12,1.71,1.58,13.23737,1,False,3,1,0.3333333
2026-03-06_17.27.56,8,sign-optimization-horizontal-vertical_scenario,628,249,3,-5,-8,90,90,15,1,4175,AdultFemaleAgent(Clone),5,10,1.58,1.45,6.382355,1,True,2,1,0.5
2026-03-06_17.27.56,8,sign-optimization-horizontal-vertical_scenario,628,249,3,-5,-8,90,90,15,1,4176,AdultMaleAgent(Clone),11,10,1.71,1.58,0.9646912,1,False,3,0,0
2026-03-06_17.27.56,8,sign-optimization-horizontal-vertical_scenario,628,249,3,-5,-8,90,90,15,1,4177,WheelchairAgent(Clone),6,12,1.3,1.17,13.10709,1,False,2,1,0.5
2026-03-06_17.27.56,8,sign-optimization-horizontal-vertical_scenario,628,249,3,-5,-8,90,90,15,1,4178,AdultFemaleAgent(Clone),5,10,1.58,1.45,5.268402,1,True,2,1,0.5
2026-03-06_17.27.56,8,sign-optimization-horizontal-vertical_scenario,628,249,3,-5,-8,90,90,15,1,4179,AdultMaleAgent(Clone),6,12,1.71,1.58,11.91031,1,True,2,1,0.5
2026-03-06_17.27.56,8,sign-optimization-horizontal-vertical_scenario,628,249,3,-5,-8,90,90,15,1,4180,AdultMaleAgent(Clone),5,10,1.71,1.58,7.232208,1,True,2,1,0.5
2026-03-06_17.27.56,8,sign-optimization-horizontal-vertical_scenario,628,249,3,-5,-8,90,90,15,1,4181,AdultMaleAgent(Clone),5,10,1.71,1.58,9.391235,1,True,2,1,0.5
2026-03-06_17.27.56,8,sign-optimization-horizontal-vertical_scenario,628,249,3,-5,-8,90,90,15,1,4182,AdultMaleAgent(Clone),5,10,1.71,1.58,6.805664,1,True,2,1,0.5
2026-03-06_17.27.56,8,sign-optimization-horizontal-vertical_scenario,628,249,3,-5,-8,90,90,15,1,4183,WheelchairAgent(Clone),7,11,1.3,1.17,8.718719,2,True,2,1,0.5
2026-03-06_17.27.56,8,sign-optimization-horizontal-vertical_scenario,628,249,3,-5,-8,90,90,15,1,4184,AdultMaleAgent(Clone),10,12,1.71,1.58,12.2775,1,True,3,1,0.3333333
2026-03-06_17.27.56,8,sign-optimization-horizontal-vertical_scenario,628,249,3,-5,-8,90,90,15,1,4185,AdultFemaleAgent(Clone),11,10,1.58,1.450001,0,0,False,3,0,0
2026-03-06_17.27.56,8,sign-optimization-horizontal-vertical_scenario,628,249,3,-5,-8,90,90,15,1,4186,WheelchairAgent(Clone),10,12,1.3,1.17,13.07803,1,False,3,1,0.3333333
2026-03-06_17.27.56,8,sign-optimization-horizontal-vertical_scenario,628,249,3,-5,-8,90,90,15,1,4187,AdultMaleAgent(Clone),6,12,1.71,1.58,9.694763,1,False,2,1,0.5
2026-03-06_17.27.56,8,sign-optimization-horizontal-vertical_scenario,628,249,3,-5,-8,90,90,15,1,4188,AdultFemaleAgent(Clone),11,10,1.58,1.450001,0,0,False,3,0,0
2026-03-06_17.27.56,8,sign-optimization-horizontal-vertical_scenario,628,249,3,-5,-8,90,90,15,1,4189,WheelchairAgent(Clone),7,11,1.3,1.17,8.791931,2,True,2,1,0.5
2026-03-06_17.27.56,8,sign-optimization-horizontal-vertical_scenario,628,249,3,-5,-8,90,90,15,1,4190,AdultMaleAgent(Clone),11,10,1.71,1.58,2.476288,1,False,3,0,0
2026-03-06_17.27.56,8,sign-optimization-horizontal-vertical_scenario,628,249,3,-5,-8,90,90,15,1,4191,WheelchairAgent(Clone),5,10,1.3,1.17,8.971069,1,True,2,1,0.5
2026-03-06_17.27.56,8,sign-optimization-horizontal-vertical_scenario,628,249,3,-5,-8,90,90,15,1,4192,AdultMaleAgent(Clone),6,12,1.71,1.58,8.521515,1,False,2,1,0.5
2026-03-06_17.27.56,8,sign-optimization-horizontal-vertical_scenario,628,249,3,-5,-8,90,90,15,1,4193,WheelchairAgent(Clone),5,10,1.3,1.17,6.40152,1,True,2,1,0.5
2026-03-06_17.27.56,8,sign-optimization-horizontal-vertical_scenario,628,249,3,-5,-8,90,90,15,1,4194,AdultMaleAgent(Clone),6,12,1.71,1.58,9.05127,1,False,2,1,0.5
2026-03-06_17.27.56,8,sign-optimization-horizontal-vertical_scenario,628,249,3,-5,-8,90,90,15,1,4195,WheelchairAgent(Clone),5,10,1.3,1.17,7.816589,1,True,2,1,0.5
2026-03-06_17.27.56,8,sign-optimization-horizontal-vertical_scenario,628,249,3,-5,-8,90,90,15,1,4196,AdultFemaleAgent(Clone),6,12,1.58,1.45,8.359589,1,False,2,0,0
2026-03-06_17.27.56,8,sign-optimization-horizontal-vertical_scenario,628,249,3,-5,-8,90,90,15,1,4197,AdultFemaleAgent(Clone),11,10,1.58,1.450001,0,0,False,3,0,0
2026-03-06_17.27.56,8,sign-optimization-horizontal-vertical_scenario,628,249,3,-5,-8,90,90,15,1,4198,AdultFemaleAgent(Clone),6,12,1.58,1.45,12.58179,1,False,2,1,0.5
2026-03-06_17.27.56,8,sign-optimization-horizontal-vertical_scenario,628,249,3,-5,-8,90,90,15,1,4199,AdultMaleAgent(Clone),11,10,1.71,1.58,0,0,False,3,0,0
2026-03-06_17.27.56,8,sign-optimization-horizontal-vertical_scenario,628,249,3,-5,-8,90,90,15,1,4200,AdultMaleAgent(Clone),10,12,1.71,1.58,12.18588,1,False,3,1,0.3333333
2026-03-06_17.27.56,8,sign-optimization-horizontal-vertical_scenario,628,249,3,-5,-8,90,90,15,1,4201,AdultFemaleAgent(Clone),5,10,1.58,1.45,7.013489,1,True,2,1,0.5
2026-03-06_17.27.56,8,sign-optimization-horizontal-vertical_scenario,628,249,3,-5,-8,90,90,15,1,4202,WheelchairAgent(Clone),5,10,1.3,1.17,9.401917,1,True,2,1,0.5
2026-03-06_17.27.56,8,sign-optimization-horizontal-vertical_scenario,628,249,3,-5,-8,90,90,15,1,4203,WheelchairAgent(Clone),5,10,1.3,1.17,5.760834,1,True,2,1,0.5
2026-03-06_17.27.56,8,sign-optimization-horizontal-vertical_scenario,628,249,3,-5,-8,90,90,15,1,4204,AdultMaleAgent(Clone),5,10,1.71,1.58,8.834137,1,True,2,1,0.5
2026-03-06_17.27.56,8,sign-optimization-horizontal-vertical_scenario,628,249,3,-5,-8,90,90,15,1,4205,AdultMaleAgent(Clone),10,12,1.71,1.58,11.2659,1,False,3,1,0.3333333
2026-03-06_17.27.56,8,sign-optimization-horizontal-vertical_scenario,628,249,3,-5,-8,90,90,15,1,4206,AdultMaleAgent(Clone),7,11,1.71,1.58,8.785522,2,True,2,1,0.5
2026-03-06_17.27.56,8,sign-optimization-horizontal-vertical_scenario,628,249,3,-5,-8,90,90,15,1,4207,AdultMaleAgent(Clone),5,10,1.71,1.58,6.877289,1,True,2,1,0.5
2026-03-06_17.27.56,8,sign-optimization-horizontal-vertical_scenario,628,249,3,-5,-8,90,90,15,1,4208,WheelchairAgent(Clone),5,10,1.3,1.17,9.353455,1,True,2,1,0.5
2026-03-06_17.27.56,8,sign-optimization-horizontal-vertical_scenario,628,249,3,-5,-8,90,90,15,1,4209,WheelchairAgent(Clone),10,12,1.3,1.17,12.48477,1,False,3,1,0.3333333
2026-03-06_17.27.56,8,sign-optimization-horizontal-vertical_scenario,628,249,3,-5,-8,90,90,15,1,4210,WheelchairAgent(Clone),11,10,1.3,1.17,0,0,False,3,0,0
2026-03-06_17.27.56,8,sign-optimization-horizontal-vertical_scenario,628,249,3,-5,-8,90,90,15,1,4211,AdultFemaleAgent(Clone),6,12,1.58,1.45,10.20032,1,False,2,0,0
2026-03-06_17.27.56,8,sign-optimization-horizontal-vertical_scenario,628,249,3,-5,-8,90,90,15,1,4212,AdultMaleAgent(Clone),7,11,1.71,1.58,7.843689,2,True,2,1,0.5
2026-03-06_17.27.56,8,sign-optimization-horizontal-vertical_scenario,628,249,3,-5,-8,90,90,15,1,4213,AdultMaleAgent(Clone),5,10,1.71,1.58,9.457733,1,True,2,1,0.5
2026-03-06_17.27.56,8,sign-optimization-horizontal-vertical_scenario,628,249,3,-5,-8,90,90,15,1,4214,AdultMaleAgent(Clone),7,11,1.71,1.58,8.991272,2,True,2,1,0.5
2026-03-06_17.27.56,8,sign-optimization-horizontal-vertical_scenario,628,249,3,-5,-8,90,90,15,1,4215,AdultFemaleAgent(Clone),7,11,1.58,1.450001,8.42218,2,True,2,1,0.5
2026-03-06_17.27.56,8,sign-optimization-horizontal-vertical_scenario,628,249,3,-5,-8,90,90,15,1,4216,WheelchairAgent(Clone),7,11,1.3,1.17,13.80209,2,True,2,1,0.5
2026-03-06_17.27.56,8,sign-optimization-horizontal-vertical_scenario,628,249,3,-5,-8,90,90,15,1,4217,AdultFemaleAgent(Clone),10,12,1.58,1.45,14.29434,1,True,3,1,0.3333333
2026-03-06_17.27.56,8,sign-optimization-horizontal-vertical_scenario,628,249,3,-5,-8,90,90,15,1,4218,AdultFemaleAgent(Clone),10,12,1.58,1.45,11.59756,1,False,3,1,0.3333333
2026-03-06_17.27.56,8,sign-optimization-horizontal-vertical_scenario,628,249,3,-5,-8,90,90,15,1,4219,AdultMaleAgent(Clone),7,11,1.71,1.58,8.555115,2,True,2,1,0.5
2026-03-06_17.27.56,8,sign-optimization-horizontal-vertical_scenario,628,249,3,-5,-8,90,90,15,1,4220,AdultFemaleAgent(Clone),7,11,1.58,1.450001,8.315948,2,True,2,1,0.5
2026-03-06_17.27.56,8,sign-optimization-horizontal-vertical_scenario,628,249,3,-5,-8,90,90,15,1,4221,AdultFemaleAgent(Clone),5,10,1.58,1.45,7.370636,1,True,2,1,0.5
2026-03-06_17.27.56,8,sign-optimization-horizontal-vertical_scenario,628,249,3,-5,-8,90,90,15,1,4222,AdultFemaleAgent(Clone),11,10,1.58,1.450001,0,0,False,3,0,0
2026-03-06_17.27.56,8,sign-optimization-horizontal-vertical_scenario,628,249,3,-5,-8,90,90,15,1,4223,AdultFemaleAgent(Clone),6,12,1.58,1.45,6.819733,1,False,2,1,0.5
2026-03-06_17.27.56,8,sign-optimization-horizontal-vertical_scenario,628,249,3,-5,-8,90,90,15,1,4224,AdultFemaleAgent(Clone),6,12,1.58,1.45,7.848267,1,False,2,0,0
2026-03-06_17.27.56,8,sign-optimization-horizontal-vertical_scenario,628,249,3,-5,-8,90,90,15,1,4225,AdultMaleAgent(Clone),7,11,1.71,1.58,20.16547,2,True,2,1,0.5
2026-03-06_17.27.56,8,sign-optimization-horizontal-vertical_scenario,628,249,3,-5,-8,90,90,15,1,4226,WheelchairAgent(Clone),6,12,1.3,1.17,8.988495,1,False,2,1,0.5
2026-03-06_17.27.56,8,sign-optimization-horizontal-vertical_scenario,628,249,3,-5,-8,90,90,15,1,4227,AdultFemaleAgent(Clone),7,11,1.58,1.450001,8.255035,2,True,2,1,0.5
2026-03-06_17.27.56,8,sign-optimization-horizontal-vertical_scenario,628,249,3,-5,-8,90,90,15,1,4228,AdultMaleAgent(Clone),5,10,1.71,1.58,5.930481,1,True,2,1,0.5
2026-03-06_17.27.56,8,sign-optimization-horizontal-vertical_scenario,628,249,3,-5,-8,90,90,15,1,4229,WheelchairAgent(Clone),7,11,1.3,1.17,8.672455,2,True,2,1,0.5
2026-03-06_17.27.56,8,sign-optimization-horizontal-vertical_scenario,628,249,3,-5,-8,90,90,15,1,4230,AdultMaleAgent(Clone),7,11,1.71,1.58,8.508087,2,True,2,1,0.5
2026-03-06_17.27.56,8,sign-optimization-horizontal-vertical_scenario,628,249,3,-5,-8,90,90,15,1,4231,AdultFemaleAgent(Clone),5,10,1.58,1.45,4.893219,1,False,2,1,0.5
2026-03-06_17.27.56,8,sign-optimization-horizontal-vertical_scenario,628,249,3,-5,-8,90,90,15,1,4232,AdultFemaleAgent(Clone),7,11,1.58,1.450001,11.35916,2,True,2,1,0.5
2026-03-06_17.27.56,8,sign-optimization-horizontal-vertical_scenario,628,249,3,-5,-8,90,90,15,1,4233,AdultFemaleAgent(Clone),7,11,1.58,1.450001,9.03717,2,True,2,1,0.5
2026-03-06_17.27.56,8,sign-optimization-horizontal-vertical_scenario,628,249,3,-5,-8,90,90,15,1,4234,WheelchairAgent(Clone),7,11,1.3,1.17,8.265167,2,True,2,1,0.5
2026-03-06_17.27.56,8,sign-optimization-horizontal-vertical_scenario,628,249,3,-5,-8,90,90,15,1,4235,AdultMaleAgent(Clone),10,12,1.71,1.58,11.5968,1,False,3,1,0.3333333
2026-03-06_17.27.56,8,sign-optimization-horizontal-vertical_scenario,628,249,3,-5,-8,90,90,15,1,4236,AdultMaleAgent(Clone),10,12,1.71,1.58,13.57181,1,False,3,1,0.3333333
2026-03-06_17.27.56,8,sign-optimization-horizontal-vertical_scenario,628,249,3,-5,-8,90,90,15,1,4237,WheelchairAgent(Clone),7,11,1.3,1.17,8.113647,2,False,2,1,0.5
2026-03-06_17.27.56,8,sign-optimization-horizontal-vertical_scenario,628,249,3,-5,-8,90,90,15,1,4238,WheelchairAgent(Clone),6,12,1.3,1.17,8.791199,1,False,2,0,0
2026-03-06_17.27.56,8,sign-optimization-horizontal-vertical_scenario,628,249,3,-5,-8,90,90,15,1,4239,AdultMaleAgent(Clone),5,10,1.71,1.58,9.081268,1,True,2,1,0.5
2026-03-06_17.27.56,8,sign-optimization-horizontal-vertical_scenario,628,249,3,-5,-8,90,90,15,1,4240,AdultFemaleAgent(Clone),11,10,1.58,1.450001,0,0,False,3,0,0
2026-03-06_17.27.56,8,sign-optimization-horizontal-vertical_scenario,628,249,3,-5,-8,90,90,15,1,4241,AdultMaleAgent(Clone),6,12,1.71,1.58,6.12384,1,False,2,1,0.5
2026-03-06_17.27.56,8,sign-optimization-horizontal-vertical_scenario,628,249,3,-5,-8,90,90,15,1,4242,WheelchairAgent(Clone),5,10,1.3,1.17,5.351349,1,True,2,1,0.5
2026-03-06_17.27.56,8,sign-optimization-horizontal-vertical_scenario,628,249,3,-5,-8,90,90,15,1,4243,WheelchairAgent(Clone),10,12,1.3,1.17,11.69604,1,False,3,1,0.3333333
2026-03-06_17.27.56,8,sign-optimization-horizontal-vertical_scenario,628,249,3,-5,-8,90,90,15,1,4244,AdultMaleAgent(Clone),7,11,1.71,1.58,8.712891,2,True,2,1,0.5
2026-03-06_17.27.56,8,sign-optimization-horizontal-vertical_scenario,628,249,3,-5,-8,90,90,15,1,4245,AdultFemaleAgent(Clone),7,11,1.58,1.450001,8.455811,2,True,2,1,0.5
2026-03-06_17.27.56,8,sign-optimization-horizontal-vertical_scenario,628,249,3,-5,-8,90,90,15,1,4246,AdultFemaleAgent(Clone),11,10,1.58,1.450001,4.284424,1,False,3,0,0
2026-03-06_17.27.56,8,sign-optimization-horizontal-vertical_scenario,628,249,3,-5,-8,90,90,15,1,4247,WheelchairAgent(Clone),11,10,1.3,1.17,0,0,False,3,0,0
2026-03-06_17.27.56,8,sign-optimization-horizontal-vertical_scenario,628,249,3,-5,-8,90,90,15,1,4248,WheelchairAgent(Clone),11,10,1.3,1.17,3.908752,1,False,3,0,0
2026-03-06_17.27.56,8,sign-optimization-horizontal-vertical_scenario,628,249,3,-5,-8,90,90,15,1,4249,AdultMaleAgent(Clone),5,10,1.71,1.58,8.683746,1,True,2,1,0.5
2026-03-06_17.27.56,8,sign-optimization-horizontal-vertical_scenario,628,249,3,-5,-8,90,90,15,1,4250,AdultMaleAgent(Clone),11,10,1.71,1.58,0,0,False,3,0,0
2026-03-06_17.27.56,8,sign-optimization-horizontal-vertical_scenario,628,249,3,-5,-8,90,90,15,1,4251,AdultFemaleAgent(Clone),5,10,1.58,1.45,10.35999,1,True,2,1,0.5
2026-03-06_17.27.56,8,sign-optimization-horizontal-vertical_scenario,628,249,3,-5,-8,90,90,15,1,4252,AdultFemaleAgent(Clone),10,12,1.58,1.45,0,0,False,3,0,0
2026-03-06_17.27.56,8,sign-optimization-horizontal-vertical_scenario,628,249,3,-5,-8,90,90,15,1,4253,AdultMaleAgent(Clone),10,12,1.71,1.58,13.00415,1,True,3,1,0.3333333
2026-03-06_17.27.56,8,sign-optimization-horizontal-vertical_scenario,628,249,3,-5,-8,90,90,15,1,4254,AdultMaleAgent(Clone),7,11,1.71,1.58,9.300598,2,True,2,1,0.5
2026-03-06_17.27.56,8,sign-optimization-horizontal-vertical_scenario,628,249,3,-5,-8,90,90,15,1,4255,AdultFemaleAgent(Clone),10,12,1.58,1.45,12.35953,1,False,3,1,0.3333333
2026-03-06_17.27.56,8,sign-optimization-horizontal-vertical_scenario,628,249,3,-5,-8,90,90,15,1,4256,AdultFemaleAgent(Clone),10,12,1.58,1.45,11.72092,1,False,3,1,0.3333333
2026-03-06_17.27.56,8,sign-optimization-horizontal-vertical_scenario,628,249,3,-5,-8,90,90,15,1,4257,WheelchairAgent(Clone),5,10,1.3,1.17,7.139648,1,True,2,1,0.5
2026-03-06_17.27.56,8,sign-optimization-horizontal-vertical_scenario,628,249,3,-5,-8,90,90,15,1,4258,AdultFemaleAgent(Clone),6,12,1.58,1.45,9.401093,1,False,2,1,0.5
2026-03-06_17.27.56,8,sign-optimization-horizontal-vertical_scenario,628,249,3,-5,-8,90,90,15,1,4259,AdultFemaleAgent(Clone),5,10,1.58,1.45,9.386261,1,True,2,1,0.5
2026-03-06_17.27.56,8,sign-optimization-horizontal-vertical_scenario,628,249,3,-5,-8,90,90,15,1,4260,AdultMaleAgent(Clone),7,11,1.71,1.58,8.640808,2,True,2,1,0.5
2026-03-06_17.27.56,8,sign-optimization-horizontal-vertical_scenario,628,249,3,-5,-8,90,90,15,1,4261,WheelchairAgent(Clone),6,12,1.3,1.17,12.78479,1,False,2,1,0.5
2026-03-06_17.27.56,8,sign-optimization-horizontal-vertical_scenario,628,249,3,-5,-8,90,90,15,1,4262,AdultFemaleAgent(Clone),11,10,1.58,1.450001,0,0,False,3,0,0
2026-03-06_17.27.56,8,sign-optimization-horizontal-vertical_scenario,628,249,3,-5,-8,90,90,15,1,4263,WheelchairAgent(Clone),11,10,1.3,1.17,0,0,False,3,0,0
2026-03-06_17.27.56,8,sign-optimization-horizontal-vertical_scenario,628,249,3,-5,-8,90,90,15,1,4264,WheelchairAgent(Clone),7,11,1.3,1.17,7.720398,2,True,2,1,0.5
2026-03-06_17.27.56,8,sign-optimization-horizontal-vertical_scenario,628,249,3,-5,-8,90,90,15,1,4265,WheelchairAgent(Clone),10,12,1.3,1.17,10.61899,1,False,3,1,0.3333333
2026-03-06_17.27.56,8,sign-optimization-horizontal-vertical_scenario,628,249,3,-5,-8,90,90,15,1,4266,AdultMaleAgent(Clone),5,10,1.71,1.58,8.945618,1,True,2,1,0.5
2026-03-06_17.27.56,8,sign-optimization-horizontal-vertical_scenario,628,249,3,-5,-8,90,90,15,1,4267,AdultMaleAgent(Clone),5,10,1.71,1.58,7.308197,1,True,2,1,0.5
2026-03-06_17.27.56,8,sign-optimization-horizontal-vertical_scenario,628,249,3,-5,-8,90,90,15,1,4268,AdultMaleAgent(Clone),10,12,1.71,1.58,11.89029,1,False,3,1,0.3333333
2026-03-06_17.27.56,8,sign-optimization-horizontal-vertical_scenario,628,249,3,-5,-8,90,90,15,1,4269,AdultFemaleAgent(Clone),11,10,1.58,1.450001,0,0,False,3,0,0
2026-03-06_17.27.56,8,sign-optimization-horizontal-vertical_scenario,628,249,3,-5,-8,90,90,15,1,4270,WheelchairAgent(Clone),6,12,1.3,1.17,9.147827,1,False,2,0,0
2026-03-06_17.27.56,8,sign-optimization-horizontal-vertical_scenario,628,249,3,-5,-8,90,90,15,1,4271,AdultFemaleAgent(Clone),10,12,1.58,1.45,0,0,False,3,1,0.3333333
2026-03-06_17.27.56,8,sign-optimization-horizontal-vertical_scenario,628,249,3,-5,-8,90,90,15,1,4272,WheelchairAgent(Clone),10,12,1.3,1.17,11.84485,1,False,3,1,0.3333333
2026-03-06_17.27.56,8,sign-optimization-horizontal-vertical_scenario,628,249,3,-5,-8,90,90,15,1,4273,AdultMaleAgent(Clone),11,10,1.71,1.58,0,0,False,3,0,0
2026-03-06_17.27.56,8,sign-optimization-horizontal-vertical_scenario,628,249,3,-5,-8,90,90,15,1,4274,WheelchairAgent(Clone),10,12,1.3,1.17,0,0,False,3,1,0.3333333
2026-03-06_17.27.56,8,sign-optimization-horizontal-vertical_scenario,628,249,3,-5,-8,90,90,15,1,4275,AdultFemaleAgent(Clone),7,11,1.58,1.450001,8.394104,2,True,2,1,0.5
2026-03-06_17.27.56,8,sign-optimization-horizontal-vertical_scenario,628,249,3,-5,-8,90,90,15,1,4276,AdultMaleAgent(Clone),7,11,1.71,1.58,8.608765,2,True,2,1,0.5
2026-03-06_17.27.56,8,sign-optimization-horizontal-vertical_scenario,628,249,3,-5,-8,90,90,15,1,4277,AdultFemaleAgent(Clone),7,11,1.58,1.450001,10.45215,2,True,2,1,0.5
2026-03-06_17.27.56,8,sign-optimization-horizontal-vertical_scenario,628,249,3,-5,-8,90,90,15,1,4278,WheelchairAgent(Clone),11,10,1.3,1.17,0,0,False,3,0,0
2026-03-06_17.27.56,8,sign-optimization-horizontal-vertical_scenario,628,249,3,-5,-8,90,90,15,1,4279,AdultFemaleAgent(Clone),11,10,1.58,1.450001,0,0,False,3,0,0
2026-03-06_17.27.56,8,sign-optimization-horizontal-vertical_scenario,628,249,3,-5,-8,90,90,15,1,4280,WheelchairAgent(Clone),10,12,1.3,1.17,11.3605,1,False,3,1,0.3333333
2026-03-06_17.27.56,8,sign-optimization-horizontal-vertical_scenario,628,249,3,-5,-8,90,90,15,1,4281,AdultFemaleAgent(Clone),11,10,1.58,1.450001,5.05246,1,False,3,0,0
2026-03-06_17.27.56,8,sign-optimization-horizontal-vertical_scenario,628,249,3,-5,-8,90,90,15,1,4282,AdultMaleAgent(Clone),10,12,1.71,1.58,11.03946,1,False,3,1,0.3333333
2026-03-06_17.27.56,8,sign-optimization-horizontal-vertical_scenario,628,249,3,-5,-8,90,90,15,1,4283,AdultMaleAgent(Clone),7,11,1.71,1.58,8.341064,2,True,2,1,0.5
2026-03-06_17.27.56,8,sign-optimization-horizontal-vertical_scenario,628,249,3,-5,-8,90,90,15,1,4284,AdultFemaleAgent(Clone),7,11,1.58,1.450001,7.952972,2,True,2,1,0.5
2026-03-06_17.27.56,8,sign-optimization-horizontal-vertical_scenario,628,249,3,-5,-8,90,90,15,1,4285,AdultMaleAgent(Clone),7,11,1.71,1.58,10.46835,2,True,2,1,0.5
2026-03-06_17.27.56,8,sign-optimization-horizontal-vertical_scenario,628,249,3,-5,-8,90,90,15,1,4286,AdultMaleAgent(Clone),7,11,1.71,1.58,7.213745,2,True,2,1,0.5
2026-03-06_17.27.56,8,sign-optimization-horizontal-vertical_scenario,628,249,3,-5,-8,90,90,15,1,4287,AdultFemaleAgent(Clone),6,12,1.58,1.45,8.265106,1,False,2,1,0.5
2026-03-06_17.27.56,8,sign-optimization-horizontal-vertical_scenario,628,249,3,-5,-8,90,90,15,1,4288,WheelchairAgent(Clone),7,11,1.3,1.17,8.653046,2,True,2,1,0.5
2026-03-06_17.27.56,8,sign-optimization-horizontal-vertical_scenario,628,249,3,-5,-8,90,90,15,1,4289,WheelchairAgent(Clone),11,10,1.3,1.17,0,0,False,3,0,0
2026-03-06_17.27.56,8,sign-optimization-horizontal-vertical_scenario,628,249,3,-5,-8,90,90,15,1,4290,AdultFemaleAgent(Clone),10,12,1.58,1.45,0,0,False,3,1,0.3333333
2026-03-06_17.27.56,8,sign-optimization-horizontal-vertical_scenario,628,249,3,-5,-8,90,90,15,1,4291,WheelchairAgent(Clone),11,10,1.3,1.17,0,0,False,3,0,0
2026-03-06_17.27.56,8,sign-optimization-horizontal-vertical_scenario,628,249,3,-5,-8,90,90,15,1,4292,AdultMaleAgent(Clone),7,11,1.71,1.58,9.024078,1,True,2,1,0.5
2026-03-06_17.27.56,8,sign-optimization-horizontal-vertical_scenario,628,249,3,-5,-8,90,90,15,1,4293,AdultMaleAgent(Clone),10,12,1.71,1.58,10.94363,1,False,3,1,0.3333333
2026-03-06_17.27.56,8,sign-optimization-horizontal-vertical_scenario,628,249,3,-5,-8,90,90,15,1,4294,AdultMaleAgent(Clone),6,12,1.71,1.58,8.059143,1,False,2,0,0
2026-03-06_17.27.56,8,sign-optimization-horizontal-vertical_scenario,628,249,3,-5,-8,90,90,15,1,4295,WheelchairAgent(Clone),5,10,1.3,1.17,5.925568,1,True,2,1,0.5
2026-03-06_17.27.56,8,sign-optimization-horizontal-vertical_scenario,628,249,3,-5,-8,90,90,15,1,4296,AdultFemaleAgent(Clone),11,10,1.58,1.450001,0,0,False,3,0,0
2026-03-06_17.27.56,8,sign-optimization-horizontal-vertical_scenario,628,249,3,-5,-8,90,90,15,1,4297,WheelchairAgent(Clone),6,12,1.3,1.17,0,0,False,2,0,0
2026-03-06_17.27.56,8,sign-optimization-horizontal-vertical_scenario,628,249,3,-5,-8,90,90,15,1,4298,AdultMaleAgent(Clone),10,12,1.71,1.58,11.20792,1,False,3,1,0.3333333
2026-03-06_17.27.56,8,sign-optimization-horizontal-vertical_scenario,628,249,3,-5,-8,90,90,15,1,4299,AdultFemaleAgent(Clone),5,10,1.58,1.45,6.981415,1,True,2,1,0.5
2026-03-06_17.27.56,8,sign-optimization-horizontal-vertical_scenario,628,249,3,-5,-8,90,90,15,1,4300,AdultFemaleAgent(Clone),5,10,1.58,1.45,6.845734,1,True,2,1,0.5
2026-03-06_17.27.56,8,sign-optimization-horizontal-vertical_scenario,628,249,3,-5,-8,90,90,15,1,4301,AdultMaleAgent(Clone),6,12,1.71,1.58,12.00162,1,False,2,1,0.5
2026-03-06_17.27.56,8,sign-optimization-horizontal-vertical_scenario,628,249,3,-5,-8,90,90,15,1,4302,AdultFemaleAgent(Clone),7,11,1.58,1.450001,9.871613,2,True,2,1,0.5
2026-03-06_17.27.56,8,sign-optimization-horizontal-vertical_scenario,628,249,3,-5,-8,90,90,15,1,4303,WheelchairAgent(Clone),7,11,1.3,1.17,9.802917,1,True,2,1,0.5
2026-03-06_17.27.56,8,sign-optimization-horizontal-vertical_scenario,628,249,3,-5,-8,90,90,15,1,4304,AdultMaleAgent(Clone),5,10,1.71,1.58,9.765869,1,True,2,1,0.5
2026-03-06_17.27.56,8,sign-optimization-horizontal-vertical_scenario,628,249,3,-5,-8,90,90,15,1,4305,AdultFemaleAgent(Clone),7,11,1.58,1.450001,7.802979,2,True,2,1,0.5
2026-03-06_17.27.56,8,sign-optimization-horizontal-vertical_scenario,628,249,3,-5,-8,90,90,15,1,4306,AdultFemaleAgent(Clone),5,10,1.58,1.45,9.771027,1,True,2,1,0.5
2026-03-06_17.27.56,8,sign-optimization-horizontal-vertical_scenario,628,249,3,-5,-8,90,90,15,1,4307,WheelchairAgent(Clone),10,12,1.3,1.17,10.74686,1,False,3,1,0.3333333
2026-03-06_17.27.56,8,sign-optimization-horizontal-vertical_scenario,628,249,3,-5,-8,90,90,15,1,4308,AdultFemaleAgent(Clone),5,10,1.58,1.45,9.370331,1,False,2,0,0
2026-03-06_17.27.56,8,sign-optimization-horizontal-vertical_scenario,628,249,3,-5,-8,90,90,15,1,4309,AdultFemaleAgent(Clone),6,12,1.58,1.45,0,0,True,2,1,0.5
2026-03-06_17.27.56,8,sign-optimization-horizontal-vertical_scenario,628,249,3,-5,-8,90,90,15,1,4310,AdultMaleAgent(Clone),10,12,1.71,1.58,1.175201,1,False,3,0,0
2026-03-06_17.27.56,8,sign-optimization-horizontal-vertical_scenario,628,249,3,-5,-8,90,90,15,1,4311,AdultMaleAgent(Clone),11,10,1.71,1.58,0,0,False,3,0,0
2026-03-06_17.27.56,8,sign-optimization-horizontal-vertical_scenario,628,249,3,-5,-8,90,90,15,1,4312,WheelchairAgent(Clone),7,11,1.3,1.17,8.330658,2,True,2,1,0.5
2026-03-06_17.27.56,8,sign-optimization-horizontal-vertical_scenario,628,249,3,-5,-8,90,90,15,1,4313,AdultMaleAgent(Clone),7,11,1.71,1.58,7.678375,2,True,2,1,0.5
2026-03-06_17.27.56,8,sign-optimization-horizontal-vertical_scenario,628,249,3,-5,-8,90,90,15,1,4314,AdultMaleAgent(Clone),6,12,1.71,1.58,11.59583,1,False,2,1,0.5
2026-03-06_17.27.56,8,sign-optimization-horizontal-vertical_scenario,628,249,3,-5,-8,90,90,15,1,4315,AdultMaleAgent(Clone),11,10,1.71,1.58,4.992798,1,False,3,0,0
2026-03-06_17.27.56,8,sign-optimization-horizontal-vertical_scenario,628,249,3,-5,-8,90,90,15,1,4316,WheelchairAgent(Clone),10,12,1.3,1.17,0,0,False,3,1,0.3333333
2026-03-06_17.27.56,8,sign-optimization-horizontal-vertical_scenario,628,249,3,-5,-8,90,90,15,1,4317,WheelchairAgent(Clone),10,12,1.3,1.17,0,0,False,3,1,0.3333333
2026-03-06_17.27.56,8,sign-optimization-horizontal-vertical_scenario,628,249,3,-5,-8,90,90,15,1,4318,AdultFemaleAgent(Clone),10,12,1.58,1.45,0,0,False,3,1,0.3333333
2026-03-06_17.27.56,8,sign-optimization-horizontal-vertical_scenario,628,249,3,-5,-8,90,90,15,1,4319,WheelchairAgent(Clone),11,10,1.3,1.17,7.35791,1,True,3,1,0.3333333
2026-03-06_17.27.56,8,sign-optimization-horizontal-vertical_scenario,628,249,3,-5,-8,90,90,15,1,4320,AdultMaleAgent(Clone),10,12,1.71,1.58,0,0,False,3,1,0.3333333
2026-03-06_17.27.56,8,sign-optimization-horizontal-vertical_scenario,628,249,3,-5,-8,90,90,15,1,4321,AdultMaleAgent(Clone),6,12,1.71,1.58,8.91153,1,False,2,1,0.5
2026-03-06_17.27.56,8,sign-optimization-horizontal-vertical_scenario,628,249,3,-5,-8,90,90,15,1,4322,AdultFemaleAgent(Clone),6,12,1.58,1.45,0,0,False,2,1,0.5
2026-03-06_17.27.56,8,sign-optimization-horizontal-vertical_scenario,628,249,3,-5,-8,90,90,15,1,4323,WheelchairAgent(Clone),5,10,1.3,1.17,10.29169,1,True,2,1,0.5
2026-03-06_17.27.56,8,sign-optimization-horizontal-vertical_scenario,628,249,3,-5,-8,90,90,15,1,4324,AdultFemaleAgent(Clone),7,11,1.58,1.450001,8.257751,1,True,2,1,0.5
2026-03-06_17.27.56,8,sign-optimization-horizontal-vertical_scenario,628,249,3,-5,-8,90,90,15,1,4325,AdultMaleAgent(Clone),7,11,1.71,1.58,8.409485,2,True,2,1,0.5
2026-03-06_17.27.56,8,sign-optimization-horizontal-vertical_scenario,628,249,3,-5,-8,90,90,15,1,4326,AdultFemaleAgent(Clone),10,12,1.58,1.45,0,0,False,3,1,0.3333333
2026-03-06_17.27.56,8,sign-optimization-horizontal-vertical_scenario,628,249,3,-5,-8,90,90,15,1,4327,AdultFemaleAgent(Clone),11,10,1.58,1.450001,0,0,False,3,0,0
2026-03-06_17.27.56,8,sign-optimization-horizontal-vertical_scenario,628,249,3,-5,-8,90,90,15,1,4328,AdultFemaleAgent(Clone),6,12,1.58,1.45,0,0,False,2,0,0
2026-03-06_17.27.56,8,sign-optimization-horizontal-vertical_scenario,628,249,3,-5,-8,90,90,15,1,4329,AdultFemaleAgent(Clone),7,11,1.58,1.450001,7.539825,1,True,2,1,0.5
2026-03-06_17.27.56,8,sign-optimization-horizontal-vertical_scenario,628,249,3,-5,-8,90,90,15,1,4330,WheelchairAgent(Clone),6,12,1.3,1.17,0,0,False,2,1,0.5
2026-03-06_17.27.56,8,sign-optimization-horizontal-vertical_scenario,628,249,3,-5,-8,90,90,15,1,4331,WheelchairAgent(Clone),5,10,1.3,1.17,8.539978,1,True,2,1,0.5
2026-03-06_17.27.56,8,sign-optimization-horizontal-vertical_scenario,628,249,3,-5,-8,90,90,15,1,4332,AdultMaleAgent(Clone),6,12,1.71,1.58,8.097504,1,False,2,1,0.5
2026-03-06_17.27.56,8,sign-optimization-horizontal-vertical_scenario,628,249,3,-5,-8,90,90,15,1,4333,WheelchairAgent(Clone),5,10,1.3,1.17,8.392975,1,True,2,1,0.5
2026-03-06_17.27.56,8,sign-optimization-horizontal-vertical_scenario,628,249,3,-5,-8,90,90,15,1,4334,WheelchairAgent(Clone),6,12,1.3,1.17,8.146393,1,False,2,1,0.5
2026-03-06_17.27.56,8,sign-optimization-horizontal-vertical_scenario,628,249,3,-5,-8,90,90,15,1,4335,AdultMaleAgent(Clone),11,10,1.71,1.58,6.495209,1,False,3,1,0.3333333
2026-03-06_17.27.56,8,sign-optimization-horizontal-vertical_scenario,628,249,3,-5,-8,90,90,15,1,4336,AdultFemaleAgent(Clone),11,10,1.58,1.450001,0,0,False,3,0,0
2026-03-06_17.27.56,8,sign-optimization-horizontal-vertical_scenario,628,249,3,-5,-8,90,90,15,1,4337,AdultMaleAgent(Clone),5,10,1.71,1.58,6.278473,1,True,2,1,0.5
2026-03-06_17.27.56,8,sign-optimization-horizontal-vertical_scenario,628,249,3,-5,-8,90,90,15,1,4338,AdultMaleAgent(Clone),7,11,1.71,1.58,9.503296,1,True,2,1,0.5
2026-03-06_17.27.56,8,sign-optimization-horizontal-vertical_scenario,628,249,3,-5,-8,90,90,15,1,4339,AdultFemaleAgent(Clone),6,12,1.58,1.45,0,0,False,2,0,0
2026-03-06_17.27.56,8,sign-optimization-horizontal-vertical_scenario,628,249,3,-5,-8,90,90,15,1,4340,AdultFemaleAgent(Clone),10,12,1.58,1.45,0,0,False,3,1,0.3333333
2026-03-06_17.27.56,8,sign-optimization-horizontal-vertical_scenario,628,249,3,-5,-8,90,90,15,1,4341,AdultFemaleAgent(Clone),10,12,1.58,1.45,0,0,True,3,1,0.3333333
2026-03-06_17.27.56,8,sign-optimization-horizontal-vertical_scenario,628,249,3,-5,-8,90,90,15,1,4342,AdultMaleAgent(Clone),10,12,1.71,1.58,0,0,True,3,1,0.3333333
2026-03-06_17.27.56,8,sign-optimization-horizontal-vertical_scenario,628,249,3,-5,-8,90,90,15,1,4343,AdultFemaleAgent(Clone),6,12,1.58,1.45,0,0,True,2,1,0.5
2026-03-06_17.27.56,8,sign-optimization-horizontal-vertical_scenario,628,249,3,-5,-8,90,90,15,1,4344,AdultMaleAgent(Clone),7,11,1.71,1.58,8.254272,2,True,2,1,0.5
2026-03-06_17.27.56,8,sign-optimization-horizontal-vertical_scenario,628,249,3,-5,-8,90,90,15,1,4345,AdultMaleAgent(Clone),6,12,1.71,1.58,0,0,False,2,1,0.5
2026-03-06_17.27.56,8,sign-optimization-horizontal-vertical_scenario,628,249,3,-5,-8,90,90,15,1,4346,AdultMaleAgent(Clone),7,11,1.71,1.58,8.827209,1,True,2,1,0.5
2026-03-06_17.27.56,8,sign-optimization-horizontal-vertical_scenario,628,249,3,-5,-8,90,90,15,1,4347,AdultFemaleAgent(Clone),5,10,1.58,1.45,6.598328,1,True,2,1,0.5
2026-03-06_17.27.56,8,sign-optimization-horizontal-vertical_scenario,628,249,3,-5,-8,90,90,15,1,4348,WheelchairAgent(Clone),7,11,1.3,1.17,9.161926,1,True,2,1,0.5
2026-03-06_17.27.56,8,sign-optimization-horizontal-vertical_scenario,628,249,3,-5,-8,90,90,15,1,4349,WheelchairAgent(Clone),11,10,1.3,1.17,0,0,False,3,0,0
2026-03-06_17.27.56,8,sign-optimization-horizontal-vertical_scenario,628,249,3,-5,-8,90,90,15,1,4350,WheelchairAgent(Clone),5,10,1.3,1.17,10.51529,1,True,2,1,0.5
2026-03-06_17.27.56,8,sign-optimization-horizontal-vertical_scenario,628,249,3,-5,-8,90,90,15,1,4351,AdultMaleAgent(Clone),10,12,1.71,1.58,0,0,False,3,1,0.3333333
2026-03-06_17.27.56,8,sign-optimization-horizontal-vertical_scenario,628,249,3,-5,-8,90,90,15,1,4352,AdultFemaleAgent(Clone),10,12,1.58,1.45,0,0,False,3,1,0.3333333
2026-03-06_17.27.56,8,sign-optimization-horizontal-vertical_scenario,628,249,3,-5,-8,90,90,15,1,4353,AdultMaleAgent(Clone),11,10,1.71,1.58,0,0,False,3,0,0
2026-03-06_17.27.56,8,sign-optimization-horizontal-vertical_scenario,628,249,3,-5,-8,90,90,15,1,4354,AdultMaleAgent(Clone),6,12,1.71,1.58,0,0,False,2,1,0.5
2026-03-06_17.27.56,8,sign-optimization-horizontal-vertical_scenario,628,249,3,-5,-8,90,90,15,1,4355,AdultFemaleAgent(Clone),7,11,1.58,1.450001,8.591248,1,True,2,1,0.5
2026-03-06_17.27.56,8,sign-optimization-horizontal-vertical_scenario,628,249,3,-5,-8,90,90,15,1,4356,AdultMaleAgent(Clone),7,11,1.71,1.58,9.039917,1,True,2,1,0.5
2026-03-06_17.27.56,8,sign-optimization-horizontal-vertical_scenario,628,249,3,-5,-8,90,90,15,1,4357,WheelchairAgent(Clone),7,11,1.3,1.17,8.299774,1,True,2,1,0.5
2026-03-06_17.27.56,8,sign-optimization-horizontal-vertical_scenario,628,249,3,-5,-8,90,90,15,1,4358,WheelchairAgent(Clone),6,12,1.3,1.17,0,0,False,2,0,0
2026-03-06_17.27.56,8,sign-optimization-horizontal-vertical_scenario,628,249,3,-5,-8,90,90,15,1,4359,AdultMaleAgent(Clone),11,10,1.71,1.58,1.915863,1,False,3,0,0
2026-03-06_17.27.56,8,sign-optimization-horizontal-vertical_scenario,628,249,3,-5,-8,90,90,15,1,4360,AdultMaleAgent(Clone),7,11,1.71,1.58,9.200989,1,True,2,1,0.5
2026-03-06_17.27.56,8,sign-optimization-horizontal-vertical_scenario,628,249,3,-5,-8,90,90,15,1,4361,WheelchairAgent(Clone),7,11,1.3,1.17,8.741608,1,True,2,1,0.5
2026-03-06_17.27.56,8,sign-optimization-horizontal-vertical_scenario,628,249,3,-5,-8,90,90,15,1,4362,AdultFemaleAgent(Clone),7,11,1.58,1.450001,9.30365,1,True,2,1,0.5
2026-03-06_17.27.56,8,sign-optimization-horizontal-vertical_scenario,628,249,3,-5,-8,90,90,15,1,4363,WheelchairAgent(Clone),6,12,1.3,1.17,0,0,False,2,0,0
2026-03-06_17.27.56,8,sign-optimization-horizontal-vertical_scenario,628,249,3,-5,-8,90,90,15,1,4364,WheelchairAgent(Clone),5,10,1.3,1.17,5.908295,1,True,2,1,0.5
2026-03-06_17.27.56,8,sign-optimization-horizontal-vertical_scenario,628,249,3,-5,-8,90,90,15,1,4365,WheelchairAgent(Clone),6,12,1.3,1.17,0,0,False,2,0,0
2026-03-06_17.27.56,8,sign-optimization-horizontal-vertical_scenario,628,249,3,-5,-8,90,90,15,1,4366,AdultMaleAgent(Clone),10,12,1.71,1.58,0,0,False,3,1,0.3333333
2026-03-06_17.27.56,8,sign-optimization-horizontal-vertical_scenario,628,249,3,-5,-8,90,90,15,1,4367,AdultMaleAgent(Clone),11,10,1.71,1.58,0,0,False,3,0,0
2026-03-06_17.27.56,8,sign-optimization-horizontal-vertical_scenario,628,249,3,-5,-8,90,90,15,1,4368,AdultMaleAgent(Clone),5,10,1.71,1.58,9.357391,1,True,2,1,0.5
2026-03-06_17.27.56,8,sign-optimization-horizontal-vertical_scenario,628,249,3,-5,-8,90,90,15,1,4369,AdultMaleAgent(Clone),5,10,1.71,1.58,6.073364,1,True,2,1,0.5
2026-03-06_17.27.56,8,sign-optimization-horizontal-vertical_scenario,628,249,3,-5,-8,90,90,15,1,4370,AdultMaleAgent(Clone),6,12,1.71,1.58,0,0,False,2,1,0.5
2026-03-06_17.27.56,8,sign-optimization-horizontal-vertical_scenario,628,249,3,-5,-8,90,90,15,1,4371,AdultFemaleAgent(Clone),10,12,1.58,1.45,0,0,False,3,0,0
2026-03-06_17.27.56,8,sign-optimization-horizontal-vertical_scenario,628,249,3,-5,-8,90,90,15,1,4372,AdultFemaleAgent(Clone),6,12,1.58,1.45,0,0,False,2,1,0.5
2026-03-06_17.27.56,8,sign-optimization-horizontal-vertical_scenario,628,249,3,-5,-8,90,90,15,1,4373,AdultMaleAgent(Clone),5,10,1.71,1.58,10.80533,1,True,2,1,0.5
2026-03-06_17.27.56,8,sign-optimization-horizontal-vertical_scenario,628,249,3,-5,-8,90,90,15,1,4374,AdultMaleAgent(Clone),10,12,1.71,1.58,0,0,False,3,1,0.3333333
2026-03-06_17.27.56,8,sign-optimization-horizontal-vertical_scenario,628,249,3,-5,-8,90,90,15,1,4375,WheelchairAgent(Clone),7,11,1.3,1.17,8.773132,1,True,2,1,0.5
2026-03-06_17.27.56,8,sign-optimization-horizontal-vertical_scenario,628,249,3,-5,-8,90,90,15,1,4376,WheelchairAgent(Clone),6,12,1.3,1.17,0,0,False,2,0,0
2026-03-06_17.27.56,8,sign-optimization-horizontal-vertical_scenario,628,249,3,-5,-8,90,90,15,1,4377,AdultMaleAgent(Clone),11,10,1.71,1.58,1.041443,1,False,3,1,0.3333333
2026-03-06_17.27.56,8,sign-optimization-horizontal-vertical_scenario,628,249,3,-5,-8,90,90,15,1,4378,AdultFemaleAgent(Clone),6,12,1.58,1.45,0,0,False,2,1,0.5
2026-03-06_17.27.56,8,sign-optimization-horizontal-vertical_scenario,628,249,3,-5,-8,90,90,15,1,4379,AdultMaleAgent(Clone),5,10,1.71,1.58,5.312592,1,True,2,1,0.5
2026-03-06_17.27.56,8,sign-optimization-horizontal-vertical_scenario,628,249,3,-5,-8,90,90,15,1,4380,WheelchairAgent(Clone),11,10,1.3,1.17,0,0,False,3,0,0
2026-03-06_17.27.56,8,sign-optimization-horizontal-vertical_scenario,628,249,3,-5,-8,90,90,15,1,4381,AdultFemaleAgent(Clone),10,12,1.58,1.45,0,0,False,3,1,0.3333333
2026-03-06_17.27.56,8,sign-optimization-horizontal-vertical_scenario,628,249,3,-5,-8,90,90,15,1,4382,AdultFemaleAgent(Clone),5,10,1.58,1.45,7.334412,1,False,2,1,0.5
2026-03-06_17.27.56,8,sign-optimization-horizontal-vertical_scenario,628,249,3,-5,-8,90,90,15,1,4383,AdultMaleAgent(Clone),6,12,1.71,1.58,0,0,False,2,1,0.5
2026-03-06_17.27.56,8,sign-optimization-horizontal-vertical_scenario,628,249,3,-5,-8,90,90,15,1,4384,WheelchairAgent(Clone),6,12,1.3,1.17,0,0,False,2,1,0.5
2026-03-06_17.27.56,8,sign-optimization-horizontal-vertical_scenario,628,249,3,-5,-8,90,90,15,1,4385,AdultMaleAgent(Clone),6,12,1.71,1.58,0,0,False,2,0,0
2026-03-06_17.27.56,8,sign-optimization-horizontal-vertical_scenario,628,249,3,-5,-8,90,90,15,1,4386,WheelchairAgent(Clone),10,12,1.3,1.17,0,0,False,3,1,0.3333333
2026-03-06_17.27.56,8,sign-optimization-horizontal-vertical_scenario,628,249,3,-5,-8,90,90,15,1,4387,AdultMaleAgent(Clone),11,10,1.71,1.58,0,0,False,3,0,0
2026-03-06_17.27.56,8,sign-optimization-horizontal-vertical_scenario,628,249,3,-5,-8,90,90,15,1,4388,AdultMaleAgent(Clone),5,10,1.71,1.58,7.285645,1,True,2,1,0.5
2026-03-06_17.27.56,8,sign-optimization-horizontal-vertical_scenario,628,249,3,-5,-8,90,90,15,1,4389,WheelchairAgent(Clone),11,10,1.3,1.17,0,0,False,3,0,0
2026-03-06_17.27.56,8,sign-optimization-horizontal-vertical_scenario,628,249,3,-5,-8,90,90,15,1,4390,AdultFemaleAgent(Clone),7,11,1.58,1.450001,10.04492,1,True,2,1,0.5
2026-03-06_17.27.56,8,sign-optimization-horizontal-vertical_scenario,628,249,3,-5,-8,90,90,15,1,4391,AdultFemaleAgent(Clone),5,10,1.58,1.45,8.752777,1,True,2,1,0.5
2026-03-06_17.27.56,8,sign-optimization-horizontal-vertical_scenario,628,249,3,-5,-8,90,90,15,1,4392,WheelchairAgent(Clone),11,10,1.3,1.17,0,0,False,3,0,0
2026-03-06_17.27.56,8,sign-optimization-horizontal-vertical_scenario,628,249,3,-5,-8,90,90,15,1,4393,AdultFemaleAgent(Clone),6,12,1.58,1.45,0,0,False,2,1,0.5
2026-03-06_17.27.56,8,sign-optimization-horizontal-vertical_scenario,628,249,3,-5,-8,90,90,15,1,4394,WheelchairAgent(Clone),5,10,1.3,1.17,6.315918,1,True,2,1,0.5
2026-03-06_17.27.56,8,sign-optimization-horizontal-vertical_scenario,628,249,3,-5,-8,90,90,15,1,4395,AdultMaleAgent(Clone),6,12,1.71,1.58,0,0,False,2,1,0.5
2026-03-06_17.27.56,8,sign-optimization-horizontal-vertical_scenario,628,249,3,-5,-8,90,90,15,1,4396,AdultMaleAgent(Clone),7,11,1.71,1.58,9.285217,1,True,2,1,0.5
2026-03-06_17.27.56,8,sign-optimization-horizontal-vertical_scenario,628,249,3,-5,-8,90,90,15,1,4397,AdultFemaleAgent(Clone),11,10,1.58,1.450001,0,0,False,3,0,0
2026-03-06_17.27.56,8,sign-optimization-horizontal-vertical_scenario,628,249,3,-5,-8,90,90,15,1,4398,AdultFemaleAgent(Clone),7,11,1.58,1.450001,7.675659,1,True,2,1,0.5
2026-03-06_17.27.56,8,sign-optimization-horizontal-vertical_scenario,628,249,3,-5,-8,90,90,15,1,4399,AdultMaleAgent(Clone),6,12,1.71,1.58,0,0,False,2,1,0.5
2026-03-06_17.27.56,8,sign-optimization-horizontal-vertical_scenario,628,249,3,-5,-8,90,90,15,1,4400,AdultMaleAgent(Clone),7,11,1.71,1.58,9.536255,1,True,2,1,0.5
2026-03-06_17.27.56,8,sign-optimization-horizontal-vertical_scenario,628,249,3,-5,-8,90,90,15,1,4401,AdultFemaleAgent(Clone),5,10,1.58,1.45,6.580627,1,True,2,1,0.5
2026-03-06_17.27.56,8,sign-optimization-horizontal-vertical_scenario,628,249,3,-5,-8,90,90,15,1,4402,AdultFemaleAgent(Clone),5,10,1.58,1.45,9.832428,1,True,2,1,0.5
2026-03-06_17.27.56,8,sign-optimization-horizontal-vertical_scenario,628,249,3,-5,-8,90,90,15,1,4403,AdultFemaleAgent(Clone),6,12,1.58,1.45,0,0,False,2,1,0.5
2026-03-06_17.27.56,8,sign-optimization-horizontal-vertical_scenario,628,249,3,-5,-8,90,90,15,1,4404,AdultMaleAgent(Clone),11,10,1.71,1.58,0,0,False,3,0,0
2026-03-06_17.27.56,8,sign-optimization-horizontal-vertical_scenario,628,249,3,-5,-8,90,90,15,1,4405,AdultFemaleAgent(Clone),11,10,1.58,1.450001,0,0,False,3,0,0
2026-03-06_17.27.56,8,sign-optimization-horizontal-vertical_scenario,628,249,3,-5,-8,90,90,15,1,4406,WheelchairAgent(Clone),10,12,1.3,1.17,0,0,False,3,0,0
2026-03-06_17.27.56,8,sign-optimization-horizontal-vertical_scenario,628,249,3,-5,-8,90,90,15,1,4407,AdultFemaleAgent(Clone),7,11,1.58,1.450001,6.593018,1,True,2,1,0.5
2026-03-06_17.27.56,8,sign-optimization-horizontal-vertical_scenario,628,249,3,-5,-8,90,90,15,1,4408,AdultFemaleAgent(Clone),5,10,1.58,1.45,9.547089,1,True,2,1,0.5
2026-03-06_17.27.56,8,sign-optimization-horizontal-vertical_scenario,628,249,3,-5,-8,90,90,15,1,4409,WheelchairAgent(Clone),5,10,1.3,1.17,7.129425,1,True,2,1,0.5
2026-03-06_17.27.56,8,sign-optimization-horizontal-vertical_scenario,628,249,3,-5,-8,90,90,15,1,4410,AdultMaleAgent(Clone),11,10,1.71,1.58,0,0,False,3,0,0
2026-03-06_17.27.56,8,sign-optimization-horizontal-vertical_scenario,628,249,3,-5,-8,90,90,15,1,4411,WheelchairAgent(Clone),10,12,1.3,1.17,0,0,False,3,0,0
2026-03-06_17.27.56,8,sign-optimization-horizontal-vertical_scenario,628,249,3,-5,-8,90,90,15,1,4412,WheelchairAgent(Clone),7,11,1.3,1.17,6.474915,1,True,2,1,0.5
2026-03-06_17.27.56,8,sign-optimization-horizontal-vertical_scenario,628,249,3,-5,-8,90,90,15,1,4413,WheelchairAgent(Clone),11,10,1.3,1.17,0,0,False,3,0,0
2026-03-06_17.27.56,8,sign-optimization-horizontal-vertical_scenario,628,249,3,-5,-8,90,90,15,1,4414,WheelchairAgent(Clone),10,12,1.3,1.17,0,0,False,3,0,0
2026-03-06_17.27.56,8,sign-optimization-horizontal-vertical_scenario,628,249,3,-5,-8,90,90,15,1,4415,AdultMaleAgent(Clone),5,10,1.71,1.58,6.573669,1,True,2,1,0.5
2026-03-06_17.27.56,8,sign-optimization-horizontal-vertical_scenario,628,249,3,-5,-8,90,90,15,1,4416,WheelchairAgent(Clone),11,10,1.3,1.17,4.959229,1,False,3,0,0
2026-03-06_17.27.56,8,sign-optimization-horizontal-vertical_scenario,628,249,3,-5,-8,90,90,15,1,4417,AdultMaleAgent(Clone),11,10,1.71,1.58,0,0,False,3,0,0
2026-03-06_17.27.56,8,sign-optimization-horizontal-vertical_scenario,628,249,3,-5,-8,90,90,15,1,4418,AdultMaleAgent(Clone),7,11,1.71,1.58,7.89679,1,True,2,1,0.5
2026-03-06_17.27.56,8,sign-optimization-horizontal-vertical_scenario,628,249,3,-5,-8,90,90,15,1,4419,WheelchairAgent(Clone),6,12,1.3,1.17,0,0,False,2,0,0
2026-03-06_17.27.56,8,sign-optimization-horizontal-vertical_scenario,628,249,3,-5,-8,90,90,15,1,4420,WheelchairAgent(Clone),7,11,1.3,1.17,7.36319,1,True,2,1,0.5
2026-03-06_17.27.56,8,sign-optimization-horizontal-vertical_scenario,628,249,3,-5,-8,90,90,15,1,4421,AdultFemaleAgent(Clone),11,10,1.58,1.450001,0,0,False,3,0,0
2026-03-06_17.27.56,8,sign-optimization-horizontal-vertical_scenario,628,249,3,-5,-8,90,90,15,1,4422,WheelchairAgent(Clone),5,10,1.3,1.17,8.85199,1,True,2,1,0.5
2026-03-06_17.27.56,8,sign-optimization-horizontal-vertical_scenario,628,249,3,-5,-8,90,90,15,1,4423,AdultMaleAgent(Clone),10,12,1.71,1.58,0,0,False,3,1,0.3333333
2026-03-06_17.27.56,8,sign-optimization-horizontal-vertical_scenario,628,249,3,-5,-8,90,90,15,1,4424,AdultMaleAgent(Clone),7,11,1.71,1.58,9.562836,1,True,2,1,0.5
2026-03-06_17.27.56,8,sign-optimization-horizontal-vertical_scenario,628,249,3,-5,-8,90,90,15,1,4425,WheelchairAgent(Clone),7,11,1.3,1.17,8.878082,1,True,2,1,0.5
2026-03-06_17.27.56,8,sign-optimization-horizontal-vertical_scenario,628,249,3,-5,-8,90,90,15,1,4426,WheelchairAgent(Clone),10,12,1.3,1.17,0,0,False,3,0,0
2026-03-06_17.27.56,8,sign-optimization-horizontal-vertical_scenario,628,249,3,-5,-8,90,90,15,1,4427,WheelchairAgent(Clone),5,10,1.3,1.17,6.17688,1,True,2,1,0.5
2026-03-06_17.27.56,8,sign-optimization-horizontal-vertical_scenario,628,249,3,-5,-8,90,90,15,1,4428,AdultFemaleAgent(Clone),5,10,1.58,1.45,7.150848,1,True,2,1,0.5
2026-03-06_17.27.56,8,sign-optimization-horizontal-vertical_scenario,628,249,3,-5,-8,90,90,15,1,4429,AdultFemaleAgent(Clone),6,12,1.58,1.45,0,0,False,2,0,0
2026-03-06_17.27.56,8,sign-optimization-horizontal-vertical_scenario,628,249,3,-5,-8,90,90,15,1,4430,WheelchairAgent(Clone),11,10,1.3,1.17,0,0,False,3,0,0
2026-03-06_17.27.56,8,sign-optimization-horizontal-vertical_scenario,628,249,3,-5,-8,90,90,15,1,4431,AdultMaleAgent(Clone),10,12,1.71,1.58,0,0,False,3,0,0
2026-03-06_17.27.56,8,sign-optimization-horizontal-vertical_scenario,628,249,3,-5,-8,90,90,15,1,4432,AdultFemaleAgent(Clone),7,11,1.58,1.450001,8.818298,1,True,2,1,0.5
2026-03-06_17.27.56,8,sign-optimization-horizontal-vertical_scenario,628,249,3,-5,-8,90,90,15,1,4433,AdultMaleAgent(Clone),5,10,1.71,1.58,6.83905,1,True,2,1,0.5
2026-03-06_17.27.56,8,sign-optimization-horizontal-vertical_scenario,628,249,3,-5,-8,90,90,15,1,4434,AdultMaleAgent(Clone),11,10,1.71,1.58,0,0,False,3,0,0
2026-03-06_17.27.56,8,sign-optimization-horizontal-vertical_scenario,628,249,3,-5,-8,90,90,15,1,4435,AdultMaleAgent(Clone),6,12,1.71,1.58,0,0,False,2,0,0
2026-03-06_17.27.56,8,sign-optimization-horizontal-vertical_scenario,628,249,3,-5,-8,90,90,15,1,4436,AdultFemaleAgent(Clone),5,10,1.58,1.45,7.822845,1,True,2,1,0.5
2026-03-06_17.27.56,8,sign-optimization-horizontal-vertical_scenario,628,249,3,-5,-8,90,90,15,1,4437,AdultMaleAgent(Clone),11,10,1.71,1.58,0,0,False,3,0,0
2026-03-06_17.27.56,8,sign-optimization-horizontal-vertical_scenario,628,249,3,-5,-8,90,90,15,1,4438,AdultMaleAgent(Clone),6,12,1.71,1.58,0,0,False,2,0,0
2026-03-06_17.27.56,8,sign-optimization-horizontal-vertical_scenario,628,249,3,-5,-8,90,90,15,1,4439,AdultMaleAgent(Clone),5,10,1.71,1.58,8.666046,1,True,2,1,0.5
2026-03-06_17.27.56,8,sign-optimization-horizontal-vertical_scenario,628,249,3,-5,-8,90,90,15,1,4440,WheelchairAgent(Clone),7,11,1.3,1.17,8.886047,1,True,2,1,0.5
2026-03-06_17.27.56,8,sign-optimization-horizontal-vertical_scenario,628,249,3,-5,-8,90,90,15,1,4441,AdultMaleAgent(Clone),6,12,1.71,1.58,0,0,False,2,0,0
2026-03-06_17.27.56,8,sign-optimization-horizontal-vertical_scenario,628,249,3,-5,-8,90,90,15,1,4442,WheelchairAgent(Clone),11,10,1.3,1.17,0,0,False,3,0,0
2026-03-06_17.27.56,8,sign-optimization-horizontal-vertical_scenario,628,249,3,-5,-8,90,90,15,1,4443,AdultFemaleAgent(Clone),7,11,1.58,1.450001,8.816345,1,True,2,1,0.5
2026-03-06_17.27.56,8,sign-optimization-horizontal-vertical_scenario,628,249,3,-5,-8,90,90,15,1,4444,WheelchairAgent(Clone),6,12,1.3,1.17,0,0,False,2,0,0
2026-03-06_17.27.56,8,sign-optimization-horizontal-vertical_scenario,628,249,3,-5,-8,90,90,15,1,4445,AdultMaleAgent(Clone),5,10,1.71,1.58,7.556732,1,True,2,1,0.5
2026-03-06_17.27.56,8,sign-optimization-horizontal-vertical_scenario,628,249,3,-5,-8,90,90,15,1,4446,AdultMaleAgent(Clone),10,12,1.71,1.58,0,0,False,3,0,0
2026-03-06_17.27.56,8,sign-optimization-horizontal-vertical_scenario,628,249,3,-5,-8,90,90,15,1,4447,WheelchairAgent(Clone),11,10,1.3,1.17,0,0,False,3,0,0
2026-03-06_17.27.56,8,sign-optimization-horizontal-vertical_scenario,628,249,3,-5,-8,90,90,15,1,4448,AdultMaleAgent(Clone),11,10,1.71,1.58,0,0,False,3,0,0
2026-03-06_17.27.56,8,sign-optimization-horizontal-vertical_scenario,628,249,3,-5,-8,90,90,15,1,4449,AdultFemaleAgent(Clone),6,12,1.58,1.45,0,0,False,2,0,0
2026-03-06_17.27.56,8,sign-optimization-horizontal-vertical_scenario,628,249,3,-5,-8,90,90,15,1,4450,AdultMaleAgent(Clone),10,12,1.71,1.58,0,0,False,3,0,0
2026-03-06_17.27.56,8,sign-optimization-horizontal-vertical_scenario,628,249,3,-5,-8,90,90,15,1,4451,AdultFemaleAgent(Clone),5,10,1.58,1.45,0,0,False,2,0,0
2026-03-06_17.27.56,8,sign-optimization-horizontal-vertical_scenario,628,249,3,-5,-8,90,90,15,1,4452,AdultMaleAgent(Clone),10,12,1.71,1.58,0,0,False,3,0,0
2026-03-06_17.27.56,8,sign-optimization-horizontal-vertical_scenario,628,249,3,-5,-8,90,90,15,1,4453,WheelchairAgent(Clone),11,10,1.3,1.17,0,0,False,3,0,0
2026-03-06_17.27.56,8,sign-optimization-horizontal-vertical_scenario,628,249,3,-5,-8,90,90,15,1,4454,WheelchairAgent(Clone),6,12,1.3,1.17,0,0,False,2,0,0
2026-03-06_17.27.56,8,sign-optimization-horizontal-vertical_scenario,628,249,3,-5,-8,90,90,15,1,4455,AdultFemaleAgent(Clone),7,11,1.58,1.450001,7.798584,1,True,2,1,0.5
2026-03-06_17.27.56,8,sign-optimization-horizontal-vertical_scenario,628,249,3,-5,-8,90,90,15,1,4456,AdultMaleAgent(Clone),6,12,1.71,1.58,0,0,False,2,0,0
2026-03-06_17.27.56,8,sign-optimization-horizontal-vertical_scenario,628,249,3,-5,-8,90,90,15,1,4457,WheelchairAgent(Clone),7,11,1.3,1.17,8.389984,1,True,2,1,0.5
2026-03-06_17.27.56,8,sign-optimization-horizontal-vertical_scenario,628,249,3,-5,-8,90,90,15,1,4458,AdultFemaleAgent(Clone),5,10,1.58,1.45,0,0,True,2,1,0.5
2026-03-06_17.27.56,8,sign-optimization-horizontal-vertical_scenario,628,249,3,-5,-8,90,90,15,1,4459,AdultFemaleAgent(Clone),7,11,1.58,1.450001,0,0,True,2,1,0.5
2026-03-06_17.27.56,8,sign-optimization-horizontal-vertical_scenario,628,249,3,-5,-8,90,90,15,1,4460,AdultFemaleAgent(Clone),10,12,1.58,1.45,0,0,False,3,0,0
2026-03-06_17.27.56,8,sign-optimization-horizontal-vertical_scenario,628,249,3,-5,-8,90,90,15,1,4461,AdultFemaleAgent(Clone),11,10,1.58,1.450001,0,0,False,3,0,0
2026-03-06_17.27.56,8,sign-optimization-horizontal-vertical_scenario,628,249,3,-5,-8,90,90,15,1,4462,WheelchairAgent(Clone),7,11,1.3,1.17,0,0,True,2,1,0.5
2026-03-06_17.27.56,8,sign-optimization-horizontal-vertical_scenario,628,249,3,-5,-8,90,90,15,1,4463,AdultMaleAgent(Clone),10,12,1.71,1.58,0,0,False,3,0,0
2026-03-06_17.27.56,8,sign-optimization-horizontal-vertical_scenario,628,249,3,-5,-8,90,90,15,1,4464,AdultMaleAgent(Clone),11,10,1.71,1.58,0,0,False,3,0,0
2026-03-06_17.27.56,8,sign-optimization-horizontal-vertical_scenario,628,249,3,-5,-8,90,90,15,1,4465,AdultMaleAgent(Clone),6,12,1.71,1.58,0,0,False,2,0,0
2026-03-06_17.27.56,8,sign-optimization-horizontal-vertical_scenario,628,249,3,-5,-8,90,90,15,1,4466,WheelchairAgent(Clone),5,10,1.3,1.17,5.361816,1,False,2,1,0.5
2026-03-06_17.27.56,8,sign-optimization-horizontal-vertical_scenario,628,249,3,-5,-8,90,90,15,1,4467,WheelchairAgent(Clone),11,10,1.3,1.17,0,0,False,3,0,0
2026-03-06_17.27.56,8,sign-optimization-horizontal-vertical_scenario,628,249,3,-5,-8,90,90,15,1,4468,AdultFemaleAgent(Clone),10,12,1.58,1.45,0,0,False,3,0,0
2026-03-06_17.27.56,8,sign-optimization-horizontal-vertical_scenario,628,249,3,-5,-8,90,90,15,1,4469,WheelchairAgent(Clone),6,12,1.3,1.17,0,0,False,2,0,0
2026-03-06_17.27.56,8,sign-optimization-horizontal-vertical_scenario,628,249,3,-5,-8,90,90,15,1,4470,AdultFemaleAgent(Clone),11,10,1.58,1.450001,0,0,False,3,0,0
2026-03-06_17.27.56,8,sign-optimization-horizontal-vertical_scenario,628,249,3,-5,-8,90,90,15,1,4471,AdultMaleAgent(Clone),11,10,1.71,1.58,0,0,False,3,0,0
2026-03-06_17.27.56,8,sign-optimization-horizontal-vertical_scenario,628,249,3,-5,-8,90,90,15,1,4472,AdultFemaleAgent(Clone),10,12,1.58,1.45,0,0,False,3,0,0
2026-03-06_17.27.56,8,sign-optimization-horizontal-vertical_scenario,628,249,3,-5,-8,90,90,15,1,4473,WheelchairAgent(Clone),7,11,1.3,1.17,0,0,True,2,1,0.5
2026-03-06_17.27.56,8,sign-optimization-horizontal-vertical_scenario,628,249,3,-5,-8,90,90,15,1,4474,WheelchairAgent(Clone),10,12,1.3,1.17,0,0,False,3,0,0
2026-03-06_17.27.56,8,sign-optimization-horizontal-vertical_scenario,628,249,3,-5,-8,90,90,15,1,4475,AdultFemaleAgent(Clone),7,11,1.58,1.450001,0,0,True,2,1,0.5
2026-03-06_17.27.56,8,sign-optimization-horizontal-vertical_scenario,628,249,3,-5,-8,90,90,15,1,4476,WheelchairAgent(Clone),10,12,1.3,1.17,0,0,False,3,0,0
2026-03-06_17.27.56,8,sign-optimization-horizontal-vertical_scenario,628,249,3,-5,-8,90,90,15,1,4477,WheelchairAgent(Clone),5,10,1.3,1.17,0,0,True,2,1,0.5
2026-03-06_17.27.56,8,sign-optimization-horizontal-vertical_scenario,628,249,3,-5,-8,90,90,15,1,4478,WheelchairAgent(Clone),10,12,1.3,1.17,0,0,False,3,0,0
2026-03-06_17.27.56,8,sign-optimization-horizontal-vertical_scenario,628,249,3,-5,-8,90,90,15,1,4479,AdultFemaleAgent(Clone),7,11,1.58,1.450001,0,0,True,2,1,0.5
2026-03-06_17.27.56,8,sign-optimization-horizontal-vertical_scenario,628,249,3,-5,-8,90,90,15,1,4480,WheelchairAgent(Clone),5,10,1.3,1.17,0,0,True,2,1,0.5
2026-03-06_17.27.56,8,sign-optimization-horizontal-vertical_scenario,628,249,3,-5,-8,90,90,15,1,4481,WheelchairAgent(Clone),6,12,1.3,1.17,0,0,False,2,0,0
2026-03-06_17.27.56,8,sign-optimization-horizontal-vertical_scenario,628,249,3,-5,-8,90,90,15,1,4482,AdultFemaleAgent(Clone),6,12,1.58,1.45,0,0,False,2,0,0
2026-03-06_17.27.56,8,sign-optimization-horizontal-vertical_scenario,628,249,3,-5,-8,90,90,15,1,4483,AdultMaleAgent(Clone),7,11,1.71,1.58,0,0,True,2,1,0.5
2026-03-06_17.27.56,8,sign-optimization-horizontal-vertical_scenario,628,249,3,-5,-8,90,90,15,1,4484,WheelchairAgent(Clone),5,10,1.3,1.17,0,0,True,2,1,0.5
2026-03-06_17.27.56,8,sign-optimization-horizontal-vertical_scenario,628,249,3,-5,-8,90,90,15,1,4485,AdultFemaleAgent(Clone),5,10,1.58,1.45,0,0,True,2,1,0.5
2026-03-06_17.27.56,8,sign-optimization-horizontal-vertical_scenario,628,249,3,-5,-8,90,90,15,1,4486,AdultFemaleAgent(Clone),10,12,1.58,1.45,0,0,False,3,0,0
2026-03-06_17.27.56,8,sign-optimization-horizontal-vertical_scenario,628,249,3,-5,-8,90,90,15,1,4487,AdultFemaleAgent(Clone),6,12,1.58,1.45,0,0,False,2,0,0
2026-03-06_17.27.56,8,sign-optimization-horizontal-vertical_scenario,628,249,3,-5,-8,90,90,15,1,4488,AdultMaleAgent(Clone),11,10,1.71,1.58,0,0,False,3,0,0
2026-03-06_17.27.56,8,sign-optimization-horizontal-vertical_scenario,628,249,3,-5,-8,90,90,15,1,4489,AdultMaleAgent(Clone),10,12,1.71,1.58,0,0,False,3,0,0
2026-03-06_17.27.56,8,sign-optimization-horizontal-vertical_scenario,628,249,3,-5,-8,90,90,15,1,4490,WheelchairAgent(Clone),6,12,1.3,1.17,0,0,False,2,0,0
2026-03-06_17.27.56,8,sign-optimization-horizontal-vertical_scenario,628,249,3,-5,-8,90,90,15,1,4491,WheelchairAgent(Clone),10,12,1.3,1.17,0,0,False,3,0,0
2026-03-06_17.27.56,8,sign-optimization-horizontal-vertical_scenario,628,249,3,-5,-8,90,90,15,1,4492,AdultFemaleAgent(Clone),5,10,1.58,1.45,0,0,True,2,1,0.5
2026-03-06_17.27.56,8,sign-optimization-horizontal-vertical_scenario,628,249,3,-5,-8,90,90,15,1,4493,AdultMaleAgent(Clone),7,11,1.71,1.58,0,0,True,2,1,0.5
2026-03-06_17.27.56,8,sign-optimization-horizontal-vertical_scenario,628,249,3,-5,-8,90,90,15,1,4494,WheelchairAgent(Clone),6,12,1.3,1.17,0,0,False,2,0,0
2026-03-06_17.27.56,8,sign-optimization-horizontal-vertical_scenario,628,249,3,-5,-8,90,90,15,1,4495,AdultMaleAgent(Clone),10,12,1.71,1.58,0,0,False,3,0,0
2026-03-06_17.27.56,8,sign-optimization-horizontal-vertical_scenario,628,249,3,-5,-8,90,90,15,1,4496,AdultFemaleAgent(Clone),10,12,1.58,1.45,0,0,False,3,0,0
2026-03-06_17.27.56,8,sign-optimization-horizontal-vertical_scenario,628,249,3,-5,-8,90,90,15,1,4497,AdultMaleAgent(Clone),7,11,1.71,1.58,0,0,True,2,1,0.5
2026-03-06_17.27.56,8,sign-optimization-horizontal-vertical_scenario,628,249,3,-5,-8,90,90,15,1,4498,AdultMaleAgent(Clone),10,12,1.71,1.58,0,0,False,3,0,0
2026-03-06_17.27.56,8,sign-optimization-horizontal-vertical_scenario,628,249,3,-5,-8,90,90,15,1,4499,AdultFemaleAgent(Clone),6,12,1.58,1.45,0,0,False,2,0,0
2026-03-06_17.27.56,8,sign-optimization-horizontal-vertical_scenario,628,249,3,-5,-8,90,90,15,1,4500,WheelchairAgent(Clone),7,11,1.3,1.17,0,0,True,2,1,0.5
2026-03-06_17.27.56,8,sign-optimization-horizontal-vertical_scenario,628,249,3,-5,-8,90,90,15,1,4501,WheelchairAgent(Clone),5,10,1.3,1.17,0,0,True,2,1,0.5
2026-03-06_17.27.56,8,sign-optimization-horizontal-vertical_scenario,628,249,3,-5,-8,90,90,15,1,4502,WheelchairAgent(Clone),6,12,1.3,1.17,0,0,False,2,0,0
2026-03-06_17.27.56,8,sign-optimization-horizontal-vertical_scenario,628,249,3,-5,-8,90,90,15,1,4503,AdultMaleAgent(Clone),10,12,1.71,1.58,0,0,False,3,0,0
2026-03-06_17.27.56,8,sign-optimization-horizontal-vertical_scenario,628,249,3,-5,-8,90,90,15,1,4504,AdultMaleAgent(Clone),5,10,1.71,1.58,0,0,True,2,1,0.5
2026-03-06_17.27.56,8,sign-optimization-horizontal-vertical_scenario,628,249,3,-5,-8,90,90,15,1,4505,AdultFemaleAgent(Clone),6,12,1.58,1.45,0,0,False,2,0,0
2026-03-06_17.27.56,8,sign-optimization-horizontal-vertical_scenario,628,249,3,-5,-8,90,90,15,1,4506,AdultFemaleAgent(Clone),10,12,1.58,1.45,0,0,False,3,0,0
2026-03-06_17.27.56,8,sign-optimization-horizontal-vertical_scenario,628,249,3,-5,-8,90,90,15,1,4507,WheelchairAgent(Clone),7,11,1.3,1.17,0,0,True,2,1,0.5
2026-03-06_17.27.56,8,sign-optimization-horizontal-vertical_scenario,628,249,3,-5,-8,90,90,15,1,4508,WheelchairAgent(Clone),6,12,1.3,1.17,0,0,False,2,0,0
2026-03-06_17.27.56,8,sign-optimization-horizontal-vertical_scenario,628,249,3,-5,-8,90,90,15,1,4509,WheelchairAgent(Clone),5,10,1.3,1.17,0,0,True,2,1,0.5
2026-03-06_17.27.56,8,sign-optimization-horizontal-vertical_scenario,628,249,3,-5,-8,90,90,15,1,4510,AdultFemaleAgent(Clone),6,12,1.58,1.45,0,0,False,2,0,0
2026-03-06_17.27.56,8,sign-optimization-horizontal-vertical_scenario,628,249,3,-5,-8,90,90,15,1,4511,AdultMaleAgent(Clone),5,10,1.71,1.58,0,0,True,2,1,0.5
2026-03-06_17.27.56,8,sign-optimization-horizontal-vertical_scenario,628,249,3,-5,-8,90,90,15,1,4512,WheelchairAgent(Clone),6,12,1.3,1.17,0,0,False,2,0,0
2026-03-06_17.27.56,8,sign-optimization-horizontal-vertical_scenario,628,249,3,-5,-8,90,90,15,1,4513,WheelchairAgent(Clone),10,12,1.3,1.17,0,0,False,3,0,0
2026-03-06_17.27.56,8,sign-optimization-horizontal-vertical_scenario,628,249,3,-5,-8,90,90,15,1,4514,WheelchairAgent(Clone),5,10,1.3,1.17,0,0,False,2,0,0
2026-03-06_17.27.56,8,sign-optimization-horizontal-vertical_scenario,628,249,3,-5,-8,90,90,15,1,4515,AdultMaleAgent(Clone),6,12,1.71,1.58,0,0,False,2,0,0
2026-03-06_17.27.56,8,sign-optimization-horizontal-vertical_scenario,628,249,3,-5,-8,90,90,15,1,4516,AdultMaleAgent(Clone),7,11,1.71,1.58,0,0,True,2,1,0.5
2026-03-06_17.27.56,8,sign-optimization-horizontal-vertical_scenario,628,249,3,-5,-8,90,90,15,1,4517,AdultFemaleAgent(Clone),11,10,1.58,1.450001,0,0,False,3,0,0
2026-03-06_17.27.56,8,sign-optimization-horizontal-vertical_scenario,628,249,3,-5,-8,90,90,15,1,4518,AdultFemaleAgent(Clone),6,12,1.58,1.45,0,0,False,2,0,0
2026-03-06_17.27.56,8,sign-optimization-horizontal-vertical_scenario,628,249,3,-5,-8,90,90,15,1,4519,AdultMaleAgent(Clone),6,12,1.71,1.58,0,0,False,2,0,0
2026-03-06_17.27.56,8,sign-optimization-horizontal-vertical_scenario,628,249,3,-5,-8,90,90,15,1,4520,AdultMaleAgent(Clone),5,10,1.71,1.58,0,0,True,2,1,0.5
2026-03-06_17.27.56,8,sign-optimization-horizontal-vertical_scenario,628,249,3,-5,-8,90,90,15,1,4521,AdultMaleAgent(Clone),11,10,1.71,1.58,0,0,False,3,0,0
2026-03-06_17.27.56,8,sign-optimization-horizontal-vertical_scenario,628,249,3,-5,-8,90,90,15,1,4522,WheelchairAgent(Clone),10,12,1.3,1.17,0,0,False,3,0,0
2026-03-06_17.27.56,8,sign-optimization-horizontal-vertical_scenario,628,249,3,-5,-8,90,90,15,1,4523,AdultMaleAgent(Clone),7,11,1.71,1.58,0,0,True,2,1,0.5
2026-03-06_17.27.56,8,sign-optimization-horizontal-vertical_scenario,628,249,3,-5,-8,90,90,15,1,4524,AdultMaleAgent(Clone),6,12,1.71,1.58,0,0,False,2,0,0
2026-03-06_17.27.56,8,sign-optimization-horizontal-vertical_scenario,628,249,3,-5,-8,90,90,15,1,4525,WheelchairAgent(Clone),6,12,1.3,1.17,0,0,False,2,0,0
2026-03-06_17.27.56,8,sign-optimization-horizontal-vertical_scenario,628,249,3,-5,-8,90,90,15,1,4526,WheelchairAgent(Clone),6,12,1.3,1.17,0,0,False,2,0,0
2026-03-06_17.27.56,8,sign-optimization-horizontal-vertical_scenario,628,249,3,-5,-8,90,90,15,1,4527,WheelchairAgent(Clone),10,12,1.3,1.17,0,0,False,3,0,0
2026-03-06_17.27.56,8,sign-optimization-horizontal-vertical_scenario,628,249,3,-5,-8,90,90,15,1,4528,WheelchairAgent(Clone),5,10,1.3,1.17,0,0,True,2,1,0.5
2026-03-06_17.27.56,8,sign-optimization-horizontal-vertical_scenario,628,249,3,-5,-8,90,90,15,1,4529,AdultMaleAgent(Clone),11,10,1.71,1.58,0,0,False,3,0,0
2026-03-06_17.27.56,8,sign-optimization-horizontal-vertical_scenario,628,249,3,-5,-8,90,90,15,1,4530,AdultFemaleAgent(Clone),10,12,1.58,1.45,0,0,False,3,0,0
2026-03-06_17.27.56,8,sign-optimization-horizontal-vertical_scenario,628,249,3,-5,-8,90,90,15,1,4531,AdultMaleAgent(Clone),7,11,1.71,1.58,0,0,True,2,1,0.5
2026-03-06_17.27.56,8,sign-optimization-horizontal-vertical_scenario,628,249,3,-5,-8,90,90,15,1,4532,AdultMaleAgent(Clone),11,10,1.71,1.58,0,0,False,3,0,0
2026-03-06_17.27.56,8,sign-optimization-horizontal-vertical_scenario,628,249,3,-5,-8,90,90,15,1,4533,AdultMaleAgent(Clone),7,11,1.71,1.58,0,0,True,2,1,0.5
2026-03-06_17.27.56,8,sign-optimization-horizontal-vertical_scenario,628,249,3,-5,-8,90,90,15,1,4534,AdultMaleAgent(Clone),5,10,1.71,1.58,0,0,False,2,0,0
2026-03-06_17.27.56,8,sign-optimization-horizontal-vertical_scenario,628,249,3,-5,-8,90,90,15,1,4535,WheelchairAgent(Clone),6,12,1.3,1.17,0,0,False,2,0,0
2026-03-06_17.27.56,8,sign-optimization-horizontal-vertical_scenario,628,249,3,-5,-8,90,90,15,1,4536,AdultMaleAgent(Clone),11,10,1.71,1.58,0,0,False,3,0,0
2026-03-06_17.27.56,8,sign-optimization-horizontal-vertical_scenario,628,249,3,-5,-8,90,90,15,1,4537,AdultMaleAgent(Clone),11,10,1.71,1.58,0,0,False,3,0,0
2026-03-06_17.27.56,8,sign-optimization-horizontal-vertical_scenario,628,249,3,-5,-8,90,90,15,1,4538,AdultMaleAgent(Clone),6,12,1.71,1.58,0,0,False,2,0,0
2026-03-06_17.27.56,8,sign-optimization-horizontal-vertical_scenario,628,249,3,-5,-8,90,90,15,1,4539,AdultMaleAgent(Clone),5,10,1.71,1.58,0,0,True,2,1,0.5
2026-03-06_17.27.56,8,sign-optimization-horizontal-vertical_scenario,628,249,3,-5,-8,90,90,15,1,4540,AdultFemaleAgent(Clone),11,10,1.58,1.450001,0,0,False,3,0,0
2026-03-06_17.27.56,8,sign-optimization-horizontal-vertical_scenario,628,249,3,-5,-8,90,90,15,1,4541,AdultFemaleAgent(Clone),11,10,1.58,1.450001,0,0,False,3,0,0
2026-03-06_17.27.56,8,sign-optimization-horizontal-vertical_scenario,628,249,3,-5,-8,90,90,15,1,4542,AdultMaleAgent(Clone),6,12,1.71,1.58,0,0,False,2,0,0
2026-03-06_17.27.56,8,sign-optimization-horizontal-vertical_scenario,628,249,3,-5,-8,90,90,15,1,4543,AdultMaleAgent(Clone),5,10,1.71,1.58,0,0,True,2,1,0.5
2026-03-06_17.27.56,8,sign-optimization-horizontal-vertical_scenario,628,249,3,-5,-8,90,90,15,1,4544,AdultFemaleAgent(Clone),7,11,1.58,1.450001,0,0,False,2,0,0
2026-03-06_17.27.56,8,sign-optimization-horizontal-vertical_scenario,628,249,3,-5,-8,90,90,15,1,4545,AdultFemaleAgent(Clone),11,10,1.58,1.450001,0,0,False,3,0,0
2026-03-06_17.27.56,8,sign-optimization-horizontal-vertical_scenario,628,249,3,-5,-8,90,90,15,1,4546,AdultMaleAgent(Clone),5,10,1.71,1.58,0,0,False,2,1,0.5
2026-03-06_17.27.56,8,sign-optimization-horizontal-vertical_scenario,628,249,3,-5,-8,90,90,15,1,4547,WheelchairAgent(Clone),6,12,1.3,1.17,0,0,False,2,0,0
2026-03-06_17.27.56,8,sign-optimization-horizontal-vertical_scenario,628,249,3,-5,-8,90,90,15,1,4548,AdultMaleAgent(Clone),11,10,1.71,1.58,0,0,False,3,0,0
2026-03-06_17.27.56,8,sign-optimization-horizontal-vertical_scenario,628,249,3,-5,-8,90,90,15,1,4549,AdultFemaleAgent(Clone),10,12,1.58,1.45,0,0,False,3,0,0
2026-03-06_17.27.56,8,sign-optimization-horizontal-vertical_scenario,628,249,3,-5,-8,90,90,15,1,4550,AdultMaleAgent(Clone),11,10,1.71,1.58,0,0,False,3,0,0
2026-03-06_17.27.56,8,sign-optimization-horizontal-vertical_scenario,628,249,3,-5,-8,90,90,15,1,4551,WheelchairAgent(Clone),7,11,1.3,1.17,0,0,False,2,0,0
2026-03-06_17.27.56,8,sign-optimization-horizontal-vertical_scenario,628,249,3,-5,-8,90,90,15,1,4552,AdultFemaleAgent(Clone),6,12,1.58,1.45,0,0,False,2,0,0
2026-03-06_17.27.56,8,sign-optimization-horizontal-vertical_scenario,628,249,3,-5,-8,90,90,15,1,4553,AdultFemaleAgent(Clone),11,10,1.58,1.450001,0,0,False,3,0,0
2026-03-06_17.27.56,8,sign-optimization-horizontal-vertical_scenario,628,249,3,-5,-8,90,90,15,1,4554,AdultFemaleAgent(Clone),5,10,1.58,1.45,0,0,False,2,0,0
2026-03-06_17.27.56,8,sign-optimization-horizontal-vertical_scenario,628,249,3,-5,-8,90,90,15,1,4555,AdultMaleAgent(Clone),11,10,1.71,1.58,0,0,False,3,0,0
2026-03-06_17.27.56,8,sign-optimization-horizontal-vertical_scenario,628,249,3,-5,-8,90,90,15,1,4556,WheelchairAgent(Clone),11,10,1.3,1.17,0,0,False,3,0,0
2026-03-06_17.27.56,8,sign-optimization-horizontal-vertical_scenario,628,249,3,-5,-8,90,90,15,1,4557,AdultMaleAgent(Clone),10,12,1.71,1.58,0,0,False,3,0,0
2026-03-06_17.27.56,8,sign-optimization-horizontal-vertical_scenario,628,249,3,-5,-8,90,90,15,1,4558,WheelchairAgent(Clone),11,10,1.3,1.17,0,0,False,3,0,0
2026-03-06_17.27.56,8,sign-optimization-horizontal-vertical_scenario,628,249,3,-5,-8,90,90,15,1,4559,AdultFemaleAgent(Clone),7,11,1.58,1.450001,0,0,False,2,1,0.5
2026-03-06_17.27.56,8,sign-optimization-horizontal-vertical_scenario,628,249,3,-5,-8,90,90,15,1,4560,AdultMaleAgent(Clone),5,10,1.71,1.58,0,0,False,2,0,0
2026-03-06_17.27.56,8,sign-optimization-horizontal-vertical_scenario,628,249,3,-5,-8,90,90,15,1,4561,AdultMaleAgent(Clone),6,12,1.71,1.58,0,0,False,2,0,0
2026-03-06_17.27.56,8,sign-optimization-horizontal-vertical_scenario,628,249,3,-5,-8,90,90,15,1,4562,AdultMaleAgent(Clone),7,11,1.71,1.58,0,0,False,2,1,0.5
2026-03-06_17.27.56,8,sign-optimization-horizontal-vertical_scenario,628,249,3,-5,-8,90,90,15,1,4563,AdultFemaleAgent(Clone),11,10,1.58,1.450001,0,0,False,3,0,0
2026-03-06_17.27.56,8,sign-optimization-horizontal-vertical_scenario,628,249,3,-5,-8,90,90,15,1,4564,AdultFemaleAgent(Clone),10,12,1.58,1.45,0,0,False,3,0,0
2026-03-06_17.27.56,8,sign-optimization-horizontal-vertical_scenario,628,249,3,-5,-8,90,90,15,1,4565,AdultFemaleAgent(Clone),11,10,1.58,1.450001,0,0,False,3,0,0
2026-03-06_17.27.56,8,sign-optimization-horizontal-vertical_scenario,628,249,3,-5,-8,90,90,15,1,4566,WheelchairAgent(Clone),7,11,1.3,1.17,0,0,False,2,1,0.5
2026-03-06_17.27.56,8,sign-optimization-horizontal-vertical_scenario,628,249,3,-5,-8,90,90,15,1,4567,AdultMaleAgent(Clone),10,12,1.71,1.58,0,0,False,3,0,0
2026-03-06_17.27.56,8,sign-optimization-horizontal-vertical_scenario,628,249,3,-5,-8,90,90,15,1,4568,AdultMaleAgent(Clone),7,11,1.71,1.58,0,0,False,2,1,0.5
2026-03-06_17.27.56,8,sign-optimization-horizontal-vertical_scenario,628,249,3,-5,-8,90,90,15,1,4569,WheelchairAgent(Clone),11,10,1.3,1.17,0,0,False,3,0,0
2026-03-06_17.27.56,8,sign-optimization-horizontal-vertical_scenario,628,249,3,-5,-8,90,90,15,1,4570,AdultFemaleAgent(Clone),6,12,1.58,1.45,0,0,False,2,0,0
2026-03-06_17.27.56,8,sign-optimization-horizontal-vertical_scenario,628,249,3,-5,-8,90,90,15,1,4571,AdultFemaleAgent(Clone),5,10,1.58,1.45,0,0,False,2,0,0
2026-03-06_17.27.56,8,sign-optimization-horizontal-vertical_scenario,628,249,3,-5,-8,90,90,15,1,4572,AdultFemaleAgent(Clone),5,10,1.58,1.45,0,0,False,2,0,0
2026-03-06_17.27.56,8,sign-optimization-horizontal-vertical_scenario,628,249,3,-5,-8,90,90,15,1,4573,AdultFemaleAgent(Clone),7,11,1.58,1.450001,0,0,False,2,1,0.5
2026-03-06_17.27.56,8,sign-optimization-horizontal-vertical_scenario,628,249,3,-5,-8,90,90,15,1,4574,WheelchairAgent(Clone),7,11,1.3,1.17,0,0,False,2,0,0
2026-03-06_17.27.56,8,sign-optimization-horizontal-vertical_scenario,628,249,3,-5,-8,90,90,15,1,4575,AdultMaleAgent(Clone),10,12,1.71,1.58,0,0,False,3,0,0
2026-03-06_17.27.56,8,sign-optimization-horizontal-vertical_scenario,628,249,3,-5,-8,90,90,15,1,4576,AdultMaleAgent(Clone),7,11,1.71,1.58,0,0,False,2,0,0
2026-03-06_17.27.56,8,sign-optimization-horizontal-vertical_scenario,628,249,3,-5,-8,90,90,15,1,4577,AdultMaleAgent(Clone),7,11,1.71,1.58,0,0,False,2,0,0
2026-03-06_17.27.56,8,sign-optimization-horizontal-vertical_scenario,628,249,3,-5,-8,90,90,15,1,4578,WheelchairAgent(Clone),11,10,1.3,1.17,0,0,False,3,0,0
2026-03-06_17.27.56,8,sign-optimization-horizontal-vertical_scenario,628,249,3,-5,-8,90,90,15,1,4579,AdultFemaleAgent(Clone),6,12,1.58,1.45,0,0,False,2,0,0
2026-03-06_17.27.56,8,sign-optimization-horizontal-vertical_scenario,628,249,3,-5,-8,90,90,15,1,4580,AdultMaleAgent(Clone),5,10,1.71,1.58,0,0,False,2,0,0
2026-03-06_17.27.56,8,sign-optimization-horizontal-vertical_scenario,628,249,3,-5,-8,90,90,15,1,4581,WheelchairAgent(Clone),5,10,1.3,1.17,0,0,False,2,0,0
2026-03-06_17.27.56,8,sign-optimization-horizontal-vertical_scenario,628,249,3,-5,-8,90,90,15,1,4582,AdultFemaleAgent(Clone),5,10,1.58,1.45,0,0,False,2,0,0
2026-03-06_17.27.56,8,sign-optimization-horizontal-vertical_scenario,628,249,3,-5,-8,90,90,15,1,4583,WheelchairAgent(Clone),7,11,1.3,1.17,0,0,False,2,0,0
2026-03-06_17.27.56,8,sign-optimization-horizontal-vertical_scenario,628,249,3,-5,-8,90,90,15,1,4584,AdultFemaleAgent(Clone),11,10,1.58,1.450001,0,0,False,3,0,0
2026-03-06_17.27.56,8,sign-optimization-horizontal-vertical_scenario,628,249,3,-5,-8,90,90,15,1,4585,AdultFemaleAgent(Clone),6,12,1.58,1.45,0,0,False,2,0,0
2026-03-06_17.27.56,8,sign-optimization-horizontal-vertical_scenario,628,249,3,-5,-8,90,90,15,1,4586,AdultMaleAgent(Clone),5,10,1.71,1.58,0,0,False,2,0,0
2026-03-06_17.27.56,8,sign-optimization-horizontal-vertical_scenario,628,249,3,-5,-8,90,90,15,1,4587,AdultMaleAgent(Clone),10,12,1.71,1.58,0,0,False,3,0,0
2026-03-06_17.27.56,8,sign-optimization-horizontal-vertical_scenario,628,249,3,-5,-8,90,90,15,1,4588,WheelchairAgent(Clone),10,12,1.3,1.17,0,0,False,3,0,0
2026-03-06_17.27.56,8,sign-optimization-horizontal-vertical_scenario,628,249,3,-5,-8,90,90,15,1,4589,WheelchairAgent(Clone),11,10,1.3,1.17,0,0,False,3,0,0
2026-03-06_17.27.56,8,sign-optimization-horizontal-vertical_scenario,628,249,3,-5,-8,90,90,15,1,4590,AdultMaleAgent(Clone),6,12,1.71,1.58,0,0,False,2,0,0
2026-03-06_17.27.56,8,sign-optimization-horizontal-vertical_scenario,628,249,3,-5,-8,90,90,15,1,4591,AdultMaleAgent(Clone),6,12,1.71,1.58,0,0,False,2,0,0
2026-03-06_17.27.56,8,sign-optimization-horizontal-vertical_scenario,628,249,3,-5,-8,90,90,15,1,4592,AdultMaleAgent(Clone),6,12,1.71,1.58,0,0,False,2,0,0
2026-03-06_17.27.56,8,sign-optimization-horizontal-vertical_scenario,628,249,3,-5,-8,90,90,15,1,4593,WheelchairAgent(Clone),7,11,1.3,1.17,0,0,False,2,0,0
2026-03-06_17.27.56,8,sign-optimization-horizontal-vertical_scenario,628,249,3,-5,-8,90,90,15,1,4594,WheelchairAgent(Clone),10,12,1.3,1.17,0,0,False,3,0,0
2026-03-06_17.27.56,8,sign-optimization-horizontal-vertical_scenario,628,249,3,-5,-8,90,90,15,1,4595,WheelchairAgent(Clone),11,10,1.3,1.17,0,0,False,3,0,0
2026-03-06_17.27.56,8,sign-optimization-horizontal-vertical_scenario,628,249,3,-5,-8,90,90,15,1,4596,AdultMaleAgent(Clone),5,10,1.71,1.58,0,0,False,2,0,0
2026-03-06_17.27.56,8,sign-optimization-horizontal-vertical_scenario,628,249,3,-5,-8,90,90,15,1,4597,AdultMaleAgent(Clone),7,11,1.71,1.58,0,0,False,2,0,0
2026-03-06_17.27.56,8,sign-optimization-horizontal-vertical_scenario,628,249,3,-5,-8,90,90,15,1,4598,WheelchairAgent(Clone),11,10,1.3,1.17,0,0,False,3,0,0
2026-03-06_17.27.56,8,sign-optimization-horizontal-vertical_scenario,628,249,3,-5,-8,90,90,15,1,4599,WheelchairAgent(Clone),10,12,1.3,1.17,0,0,False,3,0,0
2026-03-06_17.27.56,8,sign-optimization-horizontal-vertical_scenario,628,249,3,-5,-8,90,90,15,1,4600,AdultMaleAgent(Clone),6,12,1.71,1.58,0,0,False,2,0,0
2026-03-06_17.27.56,8,sign-optimization-horizontal-vertical_scenario,628,249,3,-5,-8,90,90,15,1,4601,AdultMaleAgent(Clone),10,12,1.71,1.58,0,0,False,3,0,0
2026-03-06_17.27.56,8,sign-optimization-horizontal-vertical_scenario,628,249,3,-5,-8,90,90,15,1,4602,AdultFemaleAgent(Clone),6,12,1.58,1.45,0,0,False,2,0,0
2026-03-06_17.27.56,8,sign-optimization-horizontal-vertical_scenario,628,249,3,-5,-8,90,90,15,1,4603,AdultMaleAgent(Clone),5,10,1.71,1.58,0,0,False,2,0,0
2026-03-06_17.27.56,8,sign-optimization-horizontal-vertical_scenario,628,249,3,-5,-8,90,90,15,1,4604,WheelchairAgent(Clone),11,10,1.3,1.17,0,0,False,3,0,0
2026-03-06_17.27.56,8,sign-optimization-horizontal-vertical_scenario,628,249,3,-5,-8,90,90,15,1,4605,AdultFemaleAgent(Clone),7,11,1.58,1.450001,0,0,False,2,0,0
2026-03-06_17.27.56,8,sign-optimization-horizontal-vertical_scenario,628,249,3,-5,-8,90,90,15,1,4606,AdultFemaleAgent(Clone),5,10,1.58,1.45,0,0,False,2,0,0
2026-03-06_17.27.56,8,sign-optimization-horizontal-vertical_scenario,628,249,3,-5,-8,90,90,15,1,4607,AdultMaleAgent(Clone),10,12,1.71,1.58,0,0,False,3,0,0
2026-03-06_17.27.56,8,sign-optimization-horizontal-vertical_scenario,628,249,3,-5,-8,90,90,15,1,4608,AdultFemaleAgent(Clone),7,11,1.58,1.450001,0,0,False,2,0,0
2026-03-06_17.27.56,8,sign-optimization-horizontal-vertical_scenario,628,249,3,-5,-8,90,90,15,1,4609,AdultFemaleAgent(Clone),6,12,1.58,1.45,0,0,False,2,0,0
2026-03-06_17.27.56,8,sign-optimization-horizontal-vertical_scenario,628,249,3,-5,-8,90,90,15,1,4610,WheelchairAgent(Clone),6,12,1.3,1.17,0,0,False,2,0,0
2026-03-06_17.27.56,8,sign-optimization-horizontal-vertical_scenario,628,249,3,-5,-8,90,90,15,1,4611,WheelchairAgent(Clone),11,10,1.3,1.17,0,0,False,3,0,0
2026-03-06_17.27.56,8,sign-optimization-horizontal-vertical_scenario,628,249,3,-5,-8,90,90,15,1,4612,AdultMaleAgent(Clone),6,12,1.71,1.58,0,0,False,2,0,0
2026-03-06_17.27.56,8,sign-optimization-horizontal-vertical_scenario,628,249,3,-5,-8,90,90,15,1,4613,AdultMaleAgent(Clone),10,12,1.71,1.58,0,0,False,3,0,0
2026-03-06_17.27.56,8,sign-optimization-horizontal-vertical_scenario,628,249,3,-5,-8,90,90,15,1,4614,WheelchairAgent(Clone),11,10,1.3,1.17,0,0,False,3,0,0
2026-03-06_17.27.56,8,sign-optimization-horizontal-vertical_scenario,628,249,3,-5,-8,90,90,15,1,4615,AdultMaleAgent(Clone),10,12,1.71,1.58,0,0,False,3,0,0
2026-03-06_17.27.56,8,sign-optimization-horizontal-vertical_scenario,628,249,3,-5,-8,90,90,15,1,4616,WheelchairAgent(Clone),7,11,1.3,1.17,0,0,False,2,0,0
2026-03-06_17.27.56,8,sign-optimization-horizontal-vertical_scenario,628,249,3,-5,-8,90,90,15,1,4617,AdultFemaleAgent(Clone),11,10,1.58,1.450001,0,0,False,3,0,0
2026-03-06_17.27.56,8,sign-optimization-horizontal-vertical_scenario,628,249,3,-5,-8,90,90,15,1,4618,AdultMaleAgent(Clone),10,12,1.71,1.58,0,0,False,3,0,0
2026-03-06_17.27.56,8,sign-optimization-horizontal-vertical_scenario,628,249,3,-5,-8,90,90,15,1,4619,WheelchairAgent(Clone),6,12,1.3,1.17,0,0,False,2,0,0
2026-03-06_17.27.56,8,sign-optimization-horizontal-vertical_scenario,628,249,3,-5,-8,90,90,15,1,4620,AdultFemaleAgent(Clone),6,12,1.58,1.45,0,0,False,2,0,0
2026-03-06_17.27.56,8,sign-optimization-horizontal-vertical_scenario,628,249,3,-5,-8,90,90,15,1,4621,WheelchairAgent(Clone),6,12,1.3,1.17,0,0,False,2,0,0
2026-03-06_17.27.56,8,sign-optimization-horizontal-vertical_scenario,628,249,3,-5,-8,90,90,15,1,4622,AdultMaleAgent(Clone),5,10,1.71,1.58,0,0,False,2,0,0
2026-03-06_17.27.56,8,sign-optimization-horizontal-vertical_scenario,628,249,3,-5,-8,90,90,15,1,4623,WheelchairAgent(Clone),7,11,1.3,1.17,0,0,False,2,0,0
2026-03-06_17.27.56,8,sign-optimization-horizontal-vertical_scenario,628,249,3,-5,-8,90,90,15,1,4624,WheelchairAgent(Clone),7,11,1.3,1.17,0,0,False,2,0,0
2026-03-06_17.27.56,8,sign-optimization-horizontal-vertical_scenario,628,249,3,-5,-8,90,90,15,1,4625,AdultFemaleAgent(Clone),11,10,1.58,1.450001,0,0,False,3,0,0
2026-03-06_17.27.56,8,sign-optimization-horizontal-vertical_scenario,628,249,3,-5,-8,90,90,15,1,4626,AdultMaleAgent(Clone),11,10,1.71,1.58,0,0,False,3,0,0
2026-03-06_17.27.56,8,sign-optimization-horizontal-vertical_scenario,628,249,3,-5,-8,90,90,15,1,4627,AdultFemaleAgent(Clone),10,12,1.58,1.45,0,0,False,3,0,0
2026-03-06_17.27.56,8,sign-optimization-horizontal-vertical_scenario,628,249,3,-5,-8,90,90,15,1,4628,AdultMaleAgent(Clone),10,12,1.71,1.58,0,0,False,3,0,0
2026-03-06_17.27.56,8,sign-optimization-horizontal-vertical_scenario,628,249,3,-5,-8,90,90,15,1,4629,WheelchairAgent(Clone),7,11,1.3,1.17,0,0,False,2,0,0
