Timestamp,RunIndex,ScenarioID,TotalAgents,VisibleSignCount,SignHeight,SignPositionX,SignPositionZ,SignOrientation,VcaAngle,VcaDistance,SignComprehensionTime,AgentID,AgentType,StartNode,GoalNode,Height,EyeHeight,TimeInVCA,TimesInVCA,SawSign,TotalNodesNavigated,NodesWithDetection,RDEffective
2026-03-06_19.18.59,119,sign-optimization-horizontal-vertical_scenario,612,233,3,-2,-2,90,90,15,1,68438,AdultMaleAgent(Clone),6,12,1.71,1.58,5.324707,1,False,2,1,0.5
2026-03-06_19.18.59,119,sign-optimization-horizontal-vertical_scenario,612,233,3,-2,-2,90,90,15,1,68439,AdultMaleAgent(Clone),5,10,1.71,1.58,13.75049,1,True,2,1,0.5
2026-03-06_19.18.59,119,sign-optimization-horizontal-vertical_scenario,612,233,3,-2,-2,90,90,15,1,68440,WheelchairAgent(Clone),7,11,1.3,1.17,7.575195,2,True,2,1,0.5
2026-03-06_19.18.59,119,sign-optimization-horizontal-vertical_scenario,612,233,3,-2,-2,90,90,15,1,68441,AdultMaleAgent(Clone),6,12,1.71,1.58,0.6484375,1,False,2,0,0
2026-03-06_19.18.59,119,sign-optimization-horizontal-vertical_scenario,612,233,3,-2,-2,90,90,15,1,68442,AdultFemaleAgent(Clone),5,10,1.58,1.45,8.370605,1,True,2,1,0.5
2026-03-06_19.18.59,119,sign-optimization-horizontal-vertical_scenario,612,233,3,-2,-2,90,90,15,1,68443,WheelchairAgent(Clone),6,12,1.3,1.17,2.828125,1,False,2,1,0.5
2026-03-06_19.18.59,119,sign-optimization-horizontal-vertical_scenario,612,233,3,-2,-2,90,90,15,1,68444,AdultMaleAgent(Clone),7,11,1.71,1.58,5.5,2,True,2,1,0.5
2026-03-06_19.18.59,119,sign-optimization-horizontal-vertical_scenario,612,233,3,-2,-2,90,90,15,1,68445,WheelchairAgent(Clone),10,12,1.3,1.17,7.79834,1,False,3,0,0
2026-03-06_19.18.59,119,sign-optimization-horizontal-vertical_scenario,612,233,3,-2,-2,90,90,15,1,68446,AdultMaleAgent(Clone),7,11,1.71,1.58,5.685547,2,True,2,1,0.5
2026-03-06_19.18.59,119,sign-optimization-horizontal-vertical_scenario,612,233,3,-2,-2,90,90,15,1,68447,WheelchairAgent(Clone),5,10,1.3,1.17,11.46533,1,True,2,1,0.5
2026-03-06_19.18.59,119,sign-optimization-horizontal-vertical_scenario,612,233,3,-2,-2,90,90,15,1,68448,WheelchairAgent(Clone),11,10,1.3,1.17,9.183594,1,True,3,1,0.3333333
2026-03-06_19.18.59,119,sign-optimization-horizontal-vertical_scenario,612,233,3,-2,-2,90,90,15,1,68449,AdultMaleAgent(Clone),5,10,1.71,1.58,9.567383,1,True,2,1,0.5
2026-03-06_19.18.59,119,sign-optimization-horizontal-vertical_scenario,612,233,3,-2,-2,90,90,15,1,68450,WheelchairAgent(Clone),6,12,1.3,1.17,2.429688,1,False,2,1,0.5
2026-03-06_19.18.59,119,sign-optimization-horizontal-vertical_scenario,612,233,3,-2,-2,90,90,15,1,68451,AdultMaleAgent(Clone),7,11,1.71,1.58,5.291504,2,True,2,1,0.5
2026-03-06_19.18.59,119,sign-optimization-horizontal-vertical_scenario,612,233,3,-2,-2,90,90,15,1,68452,AdultFemaleAgent(Clone),5,10,1.58,1.45,13.35645,1,True,2,1,0.5
2026-03-06_19.18.59,119,sign-optimization-horizontal-vertical_scenario,612,233,3,-2,-2,90,90,15,1,68453,WheelchairAgent(Clone),7,11,1.3,1.17,7.458008,2,True,2,1,0.5
2026-03-06_19.18.59,119,sign-optimization-horizontal-vertical_scenario,612,233,3,-2,-2,90,90,15,1,68454,AdultMaleAgent(Clone),5,10,1.71,1.58,11.4292,1,True,2,1,0.5
2026-03-06_19.18.59,119,sign-optimization-horizontal-vertical_scenario,612,233,3,-2,-2,90,90,15,1,68455,AdultFemaleAgent(Clone),5,10,1.58,1.45,9.206543,1,True,2,1,0.5
2026-03-06_19.18.59,119,sign-optimization-horizontal-vertical_scenario,612,233,3,-2,-2,90,90,15,1,68456,AdultMaleAgent(Clone),11,10,1.71,1.58,9.665527,1,False,3,1,0.3333333
2026-03-06_19.18.59,119,sign-optimization-horizontal-vertical_scenario,612,233,3,-2,-2,90,90,15,1,68457,AdultMaleAgent(Clone),10,12,1.71,1.58,7.050293,1,False,3,0,0
2026-03-06_19.18.59,119,sign-optimization-horizontal-vertical_scenario,612,233,3,-2,-2,90,90,15,1,68458,AdultFemaleAgent(Clone),6,12,1.58,1.45,3.123047,1,False,2,1,0.5
2026-03-06_19.18.59,119,sign-optimization-horizontal-vertical_scenario,612,233,3,-2,-2,90,90,15,1,68459,WheelchairAgent(Clone),11,10,1.3,1.17,8.260254,1,False,3,1,0.3333333
2026-03-06_19.18.59,119,sign-optimization-horizontal-vertical_scenario,612,233,3,-2,-2,90,90,15,1,68460,AdultMaleAgent(Clone),5,10,1.71,1.58,10.23584,1,True,2,1,0.5
2026-03-06_19.18.59,119,sign-optimization-horizontal-vertical_scenario,612,233,3,-2,-2,90,90,15,1,68461,AdultMaleAgent(Clone),11,10,1.71,1.58,11.96436,1,True,3,1,0.3333333
2026-03-06_19.18.59,119,sign-optimization-horizontal-vertical_scenario,612,233,3,-2,-2,90,90,15,1,68462,AdultMaleAgent(Clone),11,10,1.71,1.58,11.93311,1,True,3,1,0.3333333
2026-03-06_19.18.59,119,sign-optimization-horizontal-vertical_scenario,612,233,3,-2,-2,90,90,15,1,68463,AdultFemaleAgent(Clone),10,12,1.58,1.45,8.841309,1,True,3,2,0.6666667
2026-03-06_19.18.59,119,sign-optimization-horizontal-vertical_scenario,612,233,3,-2,-2,90,90,15,1,68464,WheelchairAgent(Clone),10,12,1.3,1.17,8.602051,1,False,3,0,0
2026-03-06_19.18.59,119,sign-optimization-horizontal-vertical_scenario,612,233,3,-2,-2,90,90,15,1,68465,AdultFemaleAgent(Clone),10,12,1.58,1.45,6.240234,1,False,3,0,0
2026-03-06_19.18.59,119,sign-optimization-horizontal-vertical_scenario,612,233,3,-2,-2,90,90,15,1,68466,AdultFemaleAgent(Clone),11,10,1.58,1.450001,12.26221,1,False,3,1,0.3333333
2026-03-06_19.18.59,119,sign-optimization-horizontal-vertical_scenario,612,233,3,-2,-2,90,90,15,1,68467,WheelchairAgent(Clone),11,10,1.3,1.17,8.068359,1,False,3,2,0.6666667
2026-03-06_19.18.59,119,sign-optimization-horizontal-vertical_scenario,612,233,3,-2,-2,90,90,15,1,68468,WheelchairAgent(Clone),6,12,1.3,1.17,3.047852,1,False,2,1,0.5
2026-03-06_19.18.59,119,sign-optimization-horizontal-vertical_scenario,612,233,3,-2,-2,90,90,15,1,68469,AdultFemaleAgent(Clone),7,11,1.58,1.450001,6.629395,2,True,2,1,0.5
2026-03-06_19.18.59,119,sign-optimization-horizontal-vertical_scenario,612,233,3,-2,-2,90,90,15,1,68470,WheelchairAgent(Clone),7,11,1.3,1.17,8.214844,2,False,2,1,0.5
2026-03-06_19.18.59,119,sign-optimization-horizontal-vertical_scenario,612,233,3,-2,-2,90,90,15,1,68471,AdultMaleAgent(Clone),5,10,1.71,1.58,10.25049,1,True,2,1,0.5
2026-03-06_19.18.59,119,sign-optimization-horizontal-vertical_scenario,612,233,3,-2,-2,90,90,15,1,68472,WheelchairAgent(Clone),6,12,1.3,1.17,3.496582,1,False,2,1,0.5
2026-03-06_19.18.59,119,sign-optimization-horizontal-vertical_scenario,612,233,3,-2,-2,90,90,15,1,68473,WheelchairAgent(Clone),7,11,1.3,1.17,7.131348,2,True,2,1,0.5
2026-03-06_19.18.59,119,sign-optimization-horizontal-vertical_scenario,612,233,3,-2,-2,90,90,15,1,68474,AdultMaleAgent(Clone),10,12,1.71,1.58,10.29932,1,False,3,1,0.3333333
2026-03-06_19.18.59,119,sign-optimization-horizontal-vertical_scenario,612,233,3,-2,-2,90,90,15,1,68475,WheelchairAgent(Clone),7,11,1.3,1.17,7.200195,2,True,2,1,0.5
2026-03-06_19.18.59,119,sign-optimization-horizontal-vertical_scenario,612,233,3,-2,-2,90,90,15,1,68476,AdultFemaleAgent(Clone),11,10,1.58,1.450001,12.51074,1,True,3,1,0.3333333
2026-03-06_19.18.59,119,sign-optimization-horizontal-vertical_scenario,612,233,3,-2,-2,90,90,15,1,68477,AdultFemaleAgent(Clone),10,12,1.58,1.45,6.552246,1,False,3,2,0.6666667
2026-03-06_19.18.59,119,sign-optimization-horizontal-vertical_scenario,612,233,3,-2,-2,90,90,15,1,68478,AdultFemaleAgent(Clone),7,11,1.58,1.450001,7.855469,2,True,2,1,0.5
2026-03-06_19.18.59,119,sign-optimization-horizontal-vertical_scenario,612,233,3,-2,-2,90,90,15,1,68479,AdultMaleAgent(Clone),11,10,1.71,1.58,9.121094,1,True,3,2,0.6666667
2026-03-06_19.18.59,119,sign-optimization-horizontal-vertical_scenario,612,233,3,-2,-2,90,90,15,1,68480,AdultMaleAgent(Clone),10,12,1.71,1.58,9.903809,1,False,3,0,0
2026-03-06_19.18.59,119,sign-optimization-horizontal-vertical_scenario,612,233,3,-2,-2,90,90,15,1,68481,AdultMaleAgent(Clone),5,10,1.71,1.58,14.35156,1,True,2,1,0.5
2026-03-06_19.18.59,119,sign-optimization-horizontal-vertical_scenario,612,233,3,-2,-2,90,90,15,1,68482,AdultFemaleAgent(Clone),11,10,1.58,1.450001,13.29785,1,True,3,1,0.3333333
2026-03-06_19.18.59,119,sign-optimization-horizontal-vertical_scenario,612,233,3,-2,-2,90,90,15,1,68483,AdultMaleAgent(Clone),5,10,1.71,1.58,11.77295,1,True,2,1,0.5
2026-03-06_19.18.59,119,sign-optimization-horizontal-vertical_scenario,612,233,3,-2,-2,90,90,15,1,68484,AdultMaleAgent(Clone),6,12,1.71,1.58,7.283691,1,False,2,1,0.5
2026-03-06_19.18.59,119,sign-optimization-horizontal-vertical_scenario,612,233,3,-2,-2,90,90,15,1,68485,AdultFemaleAgent(Clone),10,12,1.58,1.45,12.33838,1,False,3,0,0
2026-03-06_19.18.59,119,sign-optimization-horizontal-vertical_scenario,612,233,3,-2,-2,90,90,15,1,68486,AdultMaleAgent(Clone),11,10,1.71,1.58,14.31836,1,True,3,1,0.3333333
2026-03-06_19.18.59,119,sign-optimization-horizontal-vertical_scenario,612,233,3,-2,-2,90,90,15,1,68487,WheelchairAgent(Clone),11,10,1.3,1.17,10.28906,1,False,3,0,0
2026-03-06_19.18.59,119,sign-optimization-horizontal-vertical_scenario,612,233,3,-2,-2,90,90,15,1,68488,WheelchairAgent(Clone),7,11,1.3,1.17,9.179199,2,True,2,1,0.5
2026-03-06_19.18.59,119,sign-optimization-horizontal-vertical_scenario,612,233,3,-2,-2,90,90,15,1,68489,AdultMaleAgent(Clone),6,12,1.71,1.58,6.854492,1,True,2,1,0.5
2026-03-06_19.18.59,119,sign-optimization-horizontal-vertical_scenario,612,233,3,-2,-2,90,90,15,1,68490,AdultFemaleAgent(Clone),7,11,1.58,1.450001,11.75732,2,True,2,1,0.5
2026-03-06_19.18.59,119,sign-optimization-horizontal-vertical_scenario,612,233,3,-2,-2,90,90,15,1,68491,AdultFemaleAgent(Clone),11,10,1.58,1.450001,9.185547,1,False,3,1,0.3333333
2026-03-06_19.18.59,119,sign-optimization-horizontal-vertical_scenario,612,233,3,-2,-2,90,90,15,1,68492,WheelchairAgent(Clone),11,10,1.3,1.17,13.23584,1,True,3,1,0.3333333
2026-03-06_19.18.59,119,sign-optimization-horizontal-vertical_scenario,612,233,3,-2,-2,90,90,15,1,68493,AdultFemaleAgent(Clone),11,10,1.58,1.450001,9.19873,1,False,3,1,0.3333333
2026-03-06_19.18.59,119,sign-optimization-horizontal-vertical_scenario,612,233,3,-2,-2,90,90,15,1,68494,AdultFemaleAgent(Clone),5,10,1.58,1.45,9.240234,1,True,2,1,0.5
2026-03-06_19.18.59,119,sign-optimization-horizontal-vertical_scenario,612,233,3,-2,-2,90,90,15,1,68495,WheelchairAgent(Clone),11,10,1.3,1.17,11.70166,1,True,3,1,0.3333333
2026-03-06_19.18.59,119,sign-optimization-horizontal-vertical_scenario,612,233,3,-2,-2,90,90,15,1,68496,AdultMaleAgent(Clone),6,12,1.71,1.58,9.518066,1,False,2,1,0.5
2026-03-06_19.18.59,119,sign-optimization-horizontal-vertical_scenario,612,233,3,-2,-2,90,90,15,1,68497,AdultFemaleAgent(Clone),6,12,1.58,1.45,3.239258,1,False,2,1,0.5
2026-03-06_19.18.59,119,sign-optimization-horizontal-vertical_scenario,612,233,3,-2,-2,90,90,15,1,68498,WheelchairAgent(Clone),10,12,1.3,1.17,7.276367,1,False,3,2,0.6666667
2026-03-06_19.18.59,119,sign-optimization-horizontal-vertical_scenario,612,233,3,-2,-2,90,90,15,1,68499,WheelchairAgent(Clone),10,12,1.3,1.17,25.51904,1,False,3,0,0
2026-03-06_19.18.59,119,sign-optimization-horizontal-vertical_scenario,612,233,3,-2,-2,90,90,15,1,68500,AdultMaleAgent(Clone),5,10,1.71,1.58,11.33984,1,True,2,1,0.5
2026-03-06_19.18.59,119,sign-optimization-horizontal-vertical_scenario,612,233,3,-2,-2,90,90,15,1,68501,WheelchairAgent(Clone),6,12,1.3,1.17,7.182617,1,False,2,1,0.5
2026-03-06_19.18.59,119,sign-optimization-horizontal-vertical_scenario,612,233,3,-2,-2,90,90,15,1,68502,AdultFemaleAgent(Clone),10,12,1.58,1.45,8.253418,2,False,3,1,0.3333333
2026-03-06_19.18.59,119,sign-optimization-horizontal-vertical_scenario,612,233,3,-2,-2,90,90,15,1,68503,AdultFemaleAgent(Clone),10,12,1.58,1.45,6.503906,1,False,3,2,0.6666667
2026-03-06_19.18.59,119,sign-optimization-horizontal-vertical_scenario,612,233,3,-2,-2,90,90,15,1,68504,AdultMaleAgent(Clone),10,12,1.71,1.58,10.65039,1,False,3,0,0
2026-03-06_19.18.59,119,sign-optimization-horizontal-vertical_scenario,612,233,3,-2,-2,90,90,15,1,68505,AdultMaleAgent(Clone),5,10,1.71,1.58,9.029297,1,True,2,1,0.5
2026-03-06_19.18.59,119,sign-optimization-horizontal-vertical_scenario,612,233,3,-2,-2,90,90,15,1,68506,AdultMaleAgent(Clone),7,11,1.71,1.58,6.723145,2,True,2,1,0.5
2026-03-06_19.18.59,119,sign-optimization-horizontal-vertical_scenario,612,233,3,-2,-2,90,90,15,1,68507,AdultFemaleAgent(Clone),5,10,1.58,1.45,12.68604,1,True,2,1,0.5
2026-03-06_19.18.59,119,sign-optimization-horizontal-vertical_scenario,612,233,3,-2,-2,90,90,15,1,68508,AdultFemaleAgent(Clone),5,10,1.58,1.45,9.749023,1,True,2,1,0.5
2026-03-06_19.18.59,119,sign-optimization-horizontal-vertical_scenario,612,233,3,-2,-2,90,90,15,1,68509,AdultFemaleAgent(Clone),6,12,1.58,1.45,4.369629,1,False,2,1,0.5
2026-03-06_19.18.59,119,sign-optimization-horizontal-vertical_scenario,612,233,3,-2,-2,90,90,15,1,68510,AdultMaleAgent(Clone),11,10,1.71,1.58,11.00049,1,True,3,2,0.6666667
2026-03-06_19.18.59,119,sign-optimization-horizontal-vertical_scenario,612,233,3,-2,-2,90,90,15,1,68511,WheelchairAgent(Clone),10,12,1.3,1.17,10.18018,1,True,3,1,0.3333333
2026-03-06_19.18.59,119,sign-optimization-horizontal-vertical_scenario,612,233,3,-2,-2,90,90,15,1,68512,AdultMaleAgent(Clone),7,11,1.71,1.58,8.838379,2,True,2,1,0.5
2026-03-06_19.18.59,119,sign-optimization-horizontal-vertical_scenario,612,233,3,-2,-2,90,90,15,1,68513,AdultFemaleAgent(Clone),11,10,1.58,1.450001,10.66943,1,True,3,1,0.3333333
2026-03-06_19.18.59,119,sign-optimization-horizontal-vertical_scenario,612,233,3,-2,-2,90,90,15,1,68514,WheelchairAgent(Clone),11,10,1.3,1.17,9.76416,1,False,3,1,0.3333333
2026-03-06_19.18.59,119,sign-optimization-horizontal-vertical_scenario,612,233,3,-2,-2,90,90,15,1,68515,AdultFemaleAgent(Clone),5,10,1.58,1.45,11.18555,1,True,2,1,0.5
2026-03-06_19.18.59,119,sign-optimization-horizontal-vertical_scenario,612,233,3,-2,-2,90,90,15,1,68516,AdultFemaleAgent(Clone),6,12,1.58,1.45,0,0,False,2,0,0
2026-03-06_19.18.59,119,sign-optimization-horizontal-vertical_scenario,612,233,3,-2,-2,90,90,15,1,68517,AdultFemaleAgent(Clone),10,12,1.58,1.45,6.695313,1,False,3,2,0.6666667
2026-03-06_19.18.59,119,sign-optimization-horizontal-vertical_scenario,612,233,3,-2,-2,90,90,15,1,68518,AdultFemaleAgent(Clone),5,10,1.58,1.45,10.06494,1,True,2,1,0.5
2026-03-06_19.18.59,119,sign-optimization-horizontal-vertical_scenario,612,233,3,-2,-2,90,90,15,1,68519,AdultFemaleAgent(Clone),5,10,1.58,1.45,10.35938,1,True,2,1,0.5
2026-03-06_19.18.59,119,sign-optimization-horizontal-vertical_scenario,612,233,3,-2,-2,90,90,15,1,68520,AdultFemaleAgent(Clone),5,10,1.58,1.45,12.1958,1,True,2,1,0.5
2026-03-06_19.18.59,119,sign-optimization-horizontal-vertical_scenario,612,233,3,-2,-2,90,90,15,1,68521,AdultMaleAgent(Clone),5,10,1.71,1.58,12.88623,1,True,2,1,0.5
2026-03-06_19.18.59,119,sign-optimization-horizontal-vertical_scenario,612,233,3,-2,-2,90,90,15,1,68522,AdultMaleAgent(Clone),7,11,1.71,1.58,0.04101563,3,True,2,1,0.5
2026-03-06_19.18.59,119,sign-optimization-horizontal-vertical_scenario,612,233,3,-2,-2,90,90,15,1,68523,AdultMaleAgent(Clone),10,12,1.71,1.58,10.65332,1,False,3,0,0
2026-03-06_19.18.59,119,sign-optimization-horizontal-vertical_scenario,612,233,3,-2,-2,90,90,15,1,68524,WheelchairAgent(Clone),11,10,1.3,1.17,10.35107,1,False,3,0,0
2026-03-06_19.18.59,119,sign-optimization-horizontal-vertical_scenario,612,233,3,-2,-2,90,90,15,1,68525,WheelchairAgent(Clone),6,12,1.3,1.17,9.20459,1,False,2,0,0
2026-03-06_19.18.59,119,sign-optimization-horizontal-vertical_scenario,612,233,3,-2,-2,90,90,15,1,68526,AdultMaleAgent(Clone),5,10,1.71,1.58,13.3501,1,True,2,1,0.5
2026-03-06_19.18.59,119,sign-optimization-horizontal-vertical_scenario,612,233,3,-2,-2,90,90,15,1,68527,AdultFemaleAgent(Clone),10,12,1.58,1.45,8.428711,1,False,3,2,0.6666667
2026-03-06_19.18.59,119,sign-optimization-horizontal-vertical_scenario,612,233,3,-2,-2,90,90,15,1,68528,AdultFemaleAgent(Clone),7,11,1.58,1.450001,6.878906,2,True,2,1,0.5
2026-03-06_19.18.59,119,sign-optimization-horizontal-vertical_scenario,612,233,3,-2,-2,90,90,15,1,68529,AdultMaleAgent(Clone),5,10,1.71,1.58,11.36035,1,True,2,1,0.5
2026-03-06_19.18.59,119,sign-optimization-horizontal-vertical_scenario,612,233,3,-2,-2,90,90,15,1,68530,AdultFemaleAgent(Clone),10,12,1.58,1.45,9.68457,1,False,3,0,0
2026-03-06_19.18.59,119,sign-optimization-horizontal-vertical_scenario,612,233,3,-2,-2,90,90,15,1,68531,AdultFemaleAgent(Clone),6,12,1.58,1.45,4.473633,1,False,2,1,0.5
2026-03-06_19.18.59,119,sign-optimization-horizontal-vertical_scenario,612,233,3,-2,-2,90,90,15,1,68532,AdultMaleAgent(Clone),10,12,1.71,1.58,8.682617,1,False,3,1,0.3333333
2026-03-06_19.18.59,119,sign-optimization-horizontal-vertical_scenario,612,233,3,-2,-2,90,90,15,1,68533,AdultFemaleAgent(Clone),10,12,1.58,1.45,10.61816,1,False,3,0,0
2026-03-06_19.18.59,119,sign-optimization-horizontal-vertical_scenario,612,233,3,-2,-2,90,90,15,1,68534,AdultMaleAgent(Clone),7,11,1.71,1.58,7.515137,2,True,2,1,0.5
2026-03-06_19.18.59,119,sign-optimization-horizontal-vertical_scenario,612,233,3,-2,-2,90,90,15,1,68535,AdultMaleAgent(Clone),10,12,1.71,1.58,8.997559,1,False,3,1,0.3333333
2026-03-06_19.18.59,119,sign-optimization-horizontal-vertical_scenario,612,233,3,-2,-2,90,90,15,1,68536,AdultFemaleAgent(Clone),10,12,1.58,1.45,7.041504,1,False,3,1,0.3333333
2026-03-06_19.18.59,119,sign-optimization-horizontal-vertical_scenario,612,233,3,-2,-2,90,90,15,1,68537,WheelchairAgent(Clone),5,10,1.3,1.17,14.71729,1,False,2,1,0.5
2026-03-06_19.18.59,119,sign-optimization-horizontal-vertical_scenario,612,233,3,-2,-2,90,90,15,1,68538,WheelchairAgent(Clone),5,10,1.3,1.17,13.60156,1,True,2,1,0.5
2026-03-06_19.18.59,119,sign-optimization-horizontal-vertical_scenario,612,233,3,-2,-2,90,90,15,1,68539,WheelchairAgent(Clone),5,10,1.3,1.17,10.33154,1,False,2,1,0.5
2026-03-06_19.18.59,119,sign-optimization-horizontal-vertical_scenario,612,233,3,-2,-2,90,90,15,1,68540,WheelchairAgent(Clone),10,12,1.3,1.17,10.41846,1,False,3,0,0
2026-03-06_19.18.59,119,sign-optimization-horizontal-vertical_scenario,612,233,3,-2,-2,90,90,15,1,68541,AdultFemaleAgent(Clone),10,12,1.58,1.45,9.055664,1,False,3,2,0.6666667
2026-03-06_19.18.59,119,sign-optimization-horizontal-vertical_scenario,612,233,3,-2,-2,90,90,15,1,68542,AdultFemaleAgent(Clone),5,10,1.58,1.45,11.3125,1,True,2,1,0.5
2026-03-06_19.18.59,119,sign-optimization-horizontal-vertical_scenario,612,233,3,-2,-2,90,90,15,1,68543,AdultFemaleAgent(Clone),7,11,1.58,1.450001,22.77881,2,True,2,1,0.5
2026-03-06_19.18.59,119,sign-optimization-horizontal-vertical_scenario,612,233,3,-2,-2,90,90,15,1,68544,AdultMaleAgent(Clone),7,11,1.71,1.58,5.058105,2,True,2,1,0.5
2026-03-06_19.18.59,119,sign-optimization-horizontal-vertical_scenario,612,233,3,-2,-2,90,90,15,1,68545,WheelchairAgent(Clone),7,11,1.3,1.17,4.620117,2,True,2,1,0.5
2026-03-06_19.18.59,119,sign-optimization-horizontal-vertical_scenario,612,233,3,-2,-2,90,90,15,1,68546,AdultFemaleAgent(Clone),7,11,1.58,1.450001,10.76416,2,True,2,1,0.5
2026-03-06_19.18.59,119,sign-optimization-horizontal-vertical_scenario,612,233,3,-2,-2,90,90,15,1,68547,AdultFemaleAgent(Clone),5,10,1.58,1.45,10.10498,1,True,2,1,0.5
2026-03-06_19.18.59,119,sign-optimization-horizontal-vertical_scenario,612,233,3,-2,-2,90,90,15,1,68548,AdultFemaleAgent(Clone),7,11,1.58,1.450001,9.153809,2,True,2,1,0.5
2026-03-06_19.18.59,119,sign-optimization-horizontal-vertical_scenario,612,233,3,-2,-2,90,90,15,1,68549,WheelchairAgent(Clone),10,12,1.3,1.17,8.453125,1,False,3,0,0
2026-03-06_19.18.59,119,sign-optimization-horizontal-vertical_scenario,612,233,3,-2,-2,90,90,15,1,68550,WheelchairAgent(Clone),11,10,1.3,1.17,8.94873,1,False,3,1,0.3333333
2026-03-06_19.18.59,119,sign-optimization-horizontal-vertical_scenario,612,233,3,-2,-2,90,90,15,1,68551,AdultMaleAgent(Clone),6,12,1.71,1.58,7.788086,1,True,2,1,0.5
2026-03-06_19.18.59,119,sign-optimization-horizontal-vertical_scenario,612,233,3,-2,-2,90,90,15,1,68552,WheelchairAgent(Clone),10,12,1.3,1.17,14.96729,1,False,3,0,0
2026-03-06_19.18.59,119,sign-optimization-horizontal-vertical_scenario,612,233,3,-2,-2,90,90,15,1,68553,AdultFemaleAgent(Clone),5,10,1.58,1.45,11.57568,1,True,2,1,0.5
2026-03-06_19.18.59,119,sign-optimization-horizontal-vertical_scenario,612,233,3,-2,-2,90,90,15,1,68554,AdultFemaleAgent(Clone),11,10,1.58,1.450001,9.409668,1,True,3,1,0.3333333
2026-03-06_19.18.59,119,sign-optimization-horizontal-vertical_scenario,612,233,3,-2,-2,90,90,15,1,68555,AdultMaleAgent(Clone),7,11,1.71,1.58,6.410156,2,True,2,1,0.5
2026-03-06_19.18.59,119,sign-optimization-horizontal-vertical_scenario,612,233,3,-2,-2,90,90,15,1,68556,AdultMaleAgent(Clone),10,12,1.71,1.58,8.661621,1,False,3,0,0
2026-03-06_19.18.59,119,sign-optimization-horizontal-vertical_scenario,612,233,3,-2,-2,90,90,15,1,68557,AdultFemaleAgent(Clone),5,10,1.58,1.45,11.52979,1,True,2,1,0.5
2026-03-06_19.18.59,119,sign-optimization-horizontal-vertical_scenario,612,233,3,-2,-2,90,90,15,1,68558,WheelchairAgent(Clone),7,11,1.3,1.17,4.956055,2,False,2,1,0.5
2026-03-06_19.18.59,119,sign-optimization-horizontal-vertical_scenario,612,233,3,-2,-2,90,90,15,1,68559,AdultMaleAgent(Clone),10,12,1.71,1.58,9.31543,1,False,3,2,0.6666667
2026-03-06_19.18.59,119,sign-optimization-horizontal-vertical_scenario,612,233,3,-2,-2,90,90,15,1,68560,AdultFemaleAgent(Clone),10,12,1.58,1.45,6.86084,1,False,3,1,0.3333333
2026-03-06_19.18.59,119,sign-optimization-horizontal-vertical_scenario,612,233,3,-2,-2,90,90,15,1,68561,WheelchairAgent(Clone),6,12,1.3,1.17,2.102539,1,False,2,0,0
2026-03-06_19.18.59,119,sign-optimization-horizontal-vertical_scenario,612,233,3,-2,-2,90,90,15,1,68562,AdultMaleAgent(Clone),6,12,1.71,1.58,7.462402,1,False,2,1,0.5
2026-03-06_19.18.59,119,sign-optimization-horizontal-vertical_scenario,612,233,3,-2,-2,90,90,15,1,68563,AdultMaleAgent(Clone),11,10,1.71,1.58,5.246582,1,True,3,2,0.6666667
2026-03-06_19.18.59,119,sign-optimization-horizontal-vertical_scenario,612,233,3,-2,-2,90,90,15,1,68564,AdultFemaleAgent(Clone),7,11,1.58,1.450001,6.720215,2,True,2,1,0.5
2026-03-06_19.18.59,119,sign-optimization-horizontal-vertical_scenario,612,233,3,-2,-2,90,90,15,1,68565,AdultMaleAgent(Clone),11,10,1.71,1.58,10.21875,1,True,3,1,0.3333333
2026-03-06_19.18.59,119,sign-optimization-horizontal-vertical_scenario,612,233,3,-2,-2,90,90,15,1,68566,WheelchairAgent(Clone),6,12,1.3,1.17,10.6333,1,False,2,0,0
2026-03-06_19.18.59,119,sign-optimization-horizontal-vertical_scenario,612,233,3,-2,-2,90,90,15,1,68567,WheelchairAgent(Clone),11,10,1.3,1.17,9.851074,1,False,3,1,0.3333333
2026-03-06_19.18.59,119,sign-optimization-horizontal-vertical_scenario,612,233,3,-2,-2,90,90,15,1,68568,WheelchairAgent(Clone),5,10,1.3,1.17,10.05127,1,True,2,1,0.5
2026-03-06_19.18.59,119,sign-optimization-horizontal-vertical_scenario,612,233,3,-2,-2,90,90,15,1,68569,AdultMaleAgent(Clone),6,12,1.71,1.58,4.378906,1,False,2,1,0.5
2026-03-06_19.18.59,119,sign-optimization-horizontal-vertical_scenario,612,233,3,-2,-2,90,90,15,1,68570,AdultMaleAgent(Clone),11,10,1.71,1.58,13.5,1,True,3,2,0.6666667
2026-03-06_19.18.59,119,sign-optimization-horizontal-vertical_scenario,612,233,3,-2,-2,90,90,15,1,68571,AdultMaleAgent(Clone),10,12,1.71,1.58,9.984375,1,False,3,0,0
2026-03-06_19.18.59,119,sign-optimization-horizontal-vertical_scenario,612,233,3,-2,-2,90,90,15,1,68572,WheelchairAgent(Clone),10,12,1.3,1.17,9.492188,1,False,3,0,0
2026-03-06_19.18.59,119,sign-optimization-horizontal-vertical_scenario,612,233,3,-2,-2,90,90,15,1,68573,WheelchairAgent(Clone),7,11,1.3,1.17,6.945313,2,True,2,1,0.5
2026-03-06_19.18.59,119,sign-optimization-horizontal-vertical_scenario,612,233,3,-2,-2,90,90,15,1,68574,AdultFemaleAgent(Clone),6,12,1.58,1.45,2.973633,1,False,2,1,0.5
2026-03-06_19.18.59,119,sign-optimization-horizontal-vertical_scenario,612,233,3,-2,-2,90,90,15,1,68575,AdultMaleAgent(Clone),11,10,1.71,1.58,8.803711,1,False,3,1,0.3333333
2026-03-06_19.18.59,119,sign-optimization-horizontal-vertical_scenario,612,233,3,-2,-2,90,90,15,1,68576,WheelchairAgent(Clone),6,12,1.3,1.17,8.120605,1,False,2,1,0.5
2026-03-06_19.18.59,119,sign-optimization-horizontal-vertical_scenario,612,233,3,-2,-2,90,90,15,1,68577,WheelchairAgent(Clone),5,10,1.3,1.17,11.87744,1,True,2,1,0.5
2026-03-06_19.18.59,119,sign-optimization-horizontal-vertical_scenario,612,233,3,-2,-2,90,90,15,1,68578,AdultMaleAgent(Clone),7,11,1.71,1.58,5.350586,2,True,2,1,0.5
2026-03-06_19.18.59,119,sign-optimization-horizontal-vertical_scenario,612,233,3,-2,-2,90,90,15,1,68579,AdultMaleAgent(Clone),11,10,1.71,1.58,9.043457,1,False,3,1,0.3333333
2026-03-06_19.18.59,119,sign-optimization-horizontal-vertical_scenario,612,233,3,-2,-2,90,90,15,1,68580,AdultMaleAgent(Clone),6,12,1.71,1.58,10.25928,1,False,2,1,0.5
2026-03-06_19.18.59,119,sign-optimization-horizontal-vertical_scenario,612,233,3,-2,-2,90,90,15,1,68581,AdultMaleAgent(Clone),11,10,1.71,1.58,10.10107,1,True,3,1,0.3333333
2026-03-06_19.18.59,119,sign-optimization-horizontal-vertical_scenario,612,233,3,-2,-2,90,90,15,1,68582,AdultFemaleAgent(Clone),10,12,1.58,1.45,8.124512,1,False,3,0,0
2026-03-06_19.18.59,119,sign-optimization-horizontal-vertical_scenario,612,233,3,-2,-2,90,90,15,1,68583,WheelchairAgent(Clone),5,10,1.3,1.17,10.729,1,True,2,1,0.5
2026-03-06_19.18.59,119,sign-optimization-horizontal-vertical_scenario,612,233,3,-2,-2,90,90,15,1,68584,AdultMaleAgent(Clone),6,12,1.71,1.58,9.165527,1,False,2,1,0.5
2026-03-06_19.18.59,119,sign-optimization-horizontal-vertical_scenario,612,233,3,-2,-2,90,90,15,1,68585,WheelchairAgent(Clone),10,12,1.3,1.17,8.535645,1,False,3,0,0
2026-03-06_19.18.59,119,sign-optimization-horizontal-vertical_scenario,612,233,3,-2,-2,90,90,15,1,68586,AdultFemaleAgent(Clone),10,12,1.58,1.45,8.101563,1,False,3,0,0
2026-03-06_19.18.59,119,sign-optimization-horizontal-vertical_scenario,612,233,3,-2,-2,90,90,15,1,68587,AdultMaleAgent(Clone),7,11,1.71,1.58,4.864258,2,True,2,1,0.5
2026-03-06_19.18.59,119,sign-optimization-horizontal-vertical_scenario,612,233,3,-2,-2,90,90,15,1,68588,AdultFemaleAgent(Clone),11,10,1.58,1.450001,10.05957,1,False,3,1,0.3333333
2026-03-06_19.18.59,119,sign-optimization-horizontal-vertical_scenario,612,233,3,-2,-2,90,90,15,1,68589,WheelchairAgent(Clone),5,10,1.3,1.17,12.24463,1,True,2,1,0.5
2026-03-06_19.18.59,119,sign-optimization-horizontal-vertical_scenario,612,233,3,-2,-2,90,90,15,1,68590,AdultMaleAgent(Clone),7,11,1.71,1.58,7.414551,2,True,2,1,0.5
2026-03-06_19.18.59,119,sign-optimization-horizontal-vertical_scenario,612,233,3,-2,-2,90,90,15,1,68591,WheelchairAgent(Clone),10,12,1.3,1.17,7.631348,1,False,3,0,0
2026-03-06_19.18.59,119,sign-optimization-horizontal-vertical_scenario,612,233,3,-2,-2,90,90,15,1,68592,AdultMaleAgent(Clone),7,11,1.71,1.58,5.888184,2,True,2,1,0.5
2026-03-06_19.18.59,119,sign-optimization-horizontal-vertical_scenario,612,233,3,-2,-2,90,90,15,1,68593,AdultMaleAgent(Clone),7,11,1.71,1.58,4.125488,2,True,2,1,0.5
2026-03-06_19.18.59,119,sign-optimization-horizontal-vertical_scenario,612,233,3,-2,-2,90,90,15,1,68594,WheelchairAgent(Clone),7,11,1.3,1.17,5.992676,2,False,2,1,0.5
2026-03-06_19.18.59,119,sign-optimization-horizontal-vertical_scenario,612,233,3,-2,-2,90,90,15,1,68595,AdultFemaleAgent(Clone),7,11,1.58,1.450001,6.477051,2,True,2,1,0.5
2026-03-06_19.18.59,119,sign-optimization-horizontal-vertical_scenario,612,233,3,-2,-2,90,90,15,1,68596,AdultMaleAgent(Clone),10,12,1.71,1.58,8.229492,1,False,3,0,0
2026-03-06_19.18.59,119,sign-optimization-horizontal-vertical_scenario,612,233,3,-2,-2,90,90,15,1,68597,WheelchairAgent(Clone),11,10,1.3,1.17,9.368652,1,False,3,1,0.3333333
2026-03-06_19.18.59,119,sign-optimization-horizontal-vertical_scenario,612,233,3,-2,-2,90,90,15,1,68598,WheelchairAgent(Clone),11,10,1.3,1.17,7.508301,3,False,3,1,0.3333333
2026-03-06_19.18.59,119,sign-optimization-horizontal-vertical_scenario,612,233,3,-2,-2,90,90,15,1,68599,AdultMaleAgent(Clone),10,12,1.71,1.58,10.04346,1,False,3,0,0
2026-03-06_19.18.59,119,sign-optimization-horizontal-vertical_scenario,612,233,3,-2,-2,90,90,15,1,68600,AdultMaleAgent(Clone),5,10,1.71,1.58,13.80322,1,True,2,1,0.5
2026-03-06_19.18.59,119,sign-optimization-horizontal-vertical_scenario,612,233,3,-2,-2,90,90,15,1,68601,AdultFemaleAgent(Clone),10,12,1.58,1.45,11.06885,1,False,3,1,0.3333333
2026-03-06_19.18.59,119,sign-optimization-horizontal-vertical_scenario,612,233,3,-2,-2,90,90,15,1,68602,AdultFemaleAgent(Clone),6,12,1.58,1.45,2.718262,1,False,2,0,0
2026-03-06_19.18.59,119,sign-optimization-horizontal-vertical_scenario,612,233,3,-2,-2,90,90,15,1,68603,AdultMaleAgent(Clone),7,11,1.71,1.58,9.701172,2,True,2,1,0.5
2026-03-06_19.18.59,119,sign-optimization-horizontal-vertical_scenario,612,233,3,-2,-2,90,90,15,1,68604,AdultFemaleAgent(Clone),6,12,1.58,1.45,10.75879,1,False,2,1,0.5
2026-03-06_19.18.59,119,sign-optimization-horizontal-vertical_scenario,612,233,3,-2,-2,90,90,15,1,68605,AdultFemaleAgent(Clone),6,12,1.58,1.45,7.265137,1,False,2,1,0.5
2026-03-06_19.18.59,119,sign-optimization-horizontal-vertical_scenario,612,233,3,-2,-2,90,90,15,1,68606,AdultMaleAgent(Clone),10,12,1.71,1.58,9.257813,1,False,3,0,0
2026-03-06_19.18.59,119,sign-optimization-horizontal-vertical_scenario,612,233,3,-2,-2,90,90,15,1,68607,AdultMaleAgent(Clone),5,10,1.71,1.58,12.35303,1,True,2,1,0.5
2026-03-06_19.18.59,119,sign-optimization-horizontal-vertical_scenario,612,233,3,-2,-2,90,90,15,1,68608,AdultMaleAgent(Clone),10,12,1.71,1.58,15.97021,1,False,3,0,0
2026-03-06_19.18.59,119,sign-optimization-horizontal-vertical_scenario,612,233,3,-2,-2,90,90,15,1,68609,WheelchairAgent(Clone),6,12,1.3,1.17,3.961914,1,False,2,1,0.5
2026-03-06_19.18.59,119,sign-optimization-horizontal-vertical_scenario,612,233,3,-2,-2,90,90,15,1,68610,AdultMaleAgent(Clone),5,10,1.71,1.58,12.14502,1,True,2,1,0.5
2026-03-06_19.18.59,119,sign-optimization-horizontal-vertical_scenario,612,233,3,-2,-2,90,90,15,1,68611,AdultFemaleAgent(Clone),11,10,1.58,1.450001,7.82959,2,True,3,1,0.3333333
2026-03-06_19.18.59,119,sign-optimization-horizontal-vertical_scenario,612,233,3,-2,-2,90,90,15,1,68612,WheelchairAgent(Clone),10,12,1.3,1.17,10.02148,1,False,3,0,0
2026-03-06_19.18.59,119,sign-optimization-horizontal-vertical_scenario,612,233,3,-2,-2,90,90,15,1,68613,AdultMaleAgent(Clone),5,10,1.71,1.58,14.02197,1,True,2,1,0.5
2026-03-06_19.18.59,119,sign-optimization-horizontal-vertical_scenario,612,233,3,-2,-2,90,90,15,1,68614,AdultMaleAgent(Clone),5,10,1.71,1.58,12.0957,1,True,2,1,0.5
2026-03-06_19.18.59,119,sign-optimization-horizontal-vertical_scenario,612,233,3,-2,-2,90,90,15,1,68615,AdultMaleAgent(Clone),7,11,1.71,1.58,7.979492,2,True,2,1,0.5
2026-03-06_19.18.59,119,sign-optimization-horizontal-vertical_scenario,612,233,3,-2,-2,90,90,15,1,68616,WheelchairAgent(Clone),10,12,1.3,1.17,8.024902,1,False,3,0,0
2026-03-06_19.18.59,119,sign-optimization-horizontal-vertical_scenario,612,233,3,-2,-2,90,90,15,1,68617,WheelchairAgent(Clone),11,10,1.3,1.17,8.816895,1,False,3,1,0.3333333
2026-03-06_19.18.59,119,sign-optimization-horizontal-vertical_scenario,612,233,3,-2,-2,90,90,15,1,68618,WheelchairAgent(Clone),10,12,1.3,1.17,11.29883,1,False,3,1,0.3333333
2026-03-06_19.18.59,119,sign-optimization-horizontal-vertical_scenario,612,233,3,-2,-2,90,90,15,1,68619,AdultMaleAgent(Clone),11,10,1.71,1.58,11.26172,1,True,3,1,0.3333333
2026-03-06_19.18.59,119,sign-optimization-horizontal-vertical_scenario,612,233,3,-2,-2,90,90,15,1,68620,AdultMaleAgent(Clone),5,10,1.71,1.58,9.317383,1,True,2,1,0.5
2026-03-06_19.18.59,119,sign-optimization-horizontal-vertical_scenario,612,233,3,-2,-2,90,90,15,1,68621,AdultMaleAgent(Clone),6,12,1.71,1.58,9.229492,1,False,2,1,0.5
2026-03-06_19.18.59,119,sign-optimization-horizontal-vertical_scenario,612,233,3,-2,-2,90,90,15,1,68622,AdultMaleAgent(Clone),7,11,1.71,1.58,7.357422,2,True,2,1,0.5
2026-03-06_19.18.59,119,sign-optimization-horizontal-vertical_scenario,612,233,3,-2,-2,90,90,15,1,68623,WheelchairAgent(Clone),11,10,1.3,1.17,12.35254,1,True,3,1,0.3333333
2026-03-06_19.18.59,119,sign-optimization-horizontal-vertical_scenario,612,233,3,-2,-2,90,90,15,1,68624,AdultMaleAgent(Clone),7,11,1.71,1.58,9.350098,2,True,2,1,0.5
2026-03-06_19.18.59,119,sign-optimization-horizontal-vertical_scenario,612,233,3,-2,-2,90,90,15,1,68625,AdultFemaleAgent(Clone),10,12,1.58,1.45,8.484863,1,False,3,0,0
2026-03-06_19.18.59,119,sign-optimization-horizontal-vertical_scenario,612,233,3,-2,-2,90,90,15,1,68626,AdultFemaleAgent(Clone),10,12,1.58,1.45,9.852539,1,False,3,1,0.3333333
2026-03-06_19.18.59,119,sign-optimization-horizontal-vertical_scenario,612,233,3,-2,-2,90,90,15,1,68627,AdultFemaleAgent(Clone),7,11,1.58,1.450001,8.351074,2,True,2,1,0.5
2026-03-06_19.18.59,119,sign-optimization-horizontal-vertical_scenario,612,233,3,-2,-2,90,90,15,1,68628,WheelchairAgent(Clone),7,11,1.3,1.17,5.204102,2,True,2,1,0.5
2026-03-06_19.18.59,119,sign-optimization-horizontal-vertical_scenario,612,233,3,-2,-2,90,90,15,1,68629,WheelchairAgent(Clone),7,11,1.3,1.17,10.55908,2,True,2,1,0.5
2026-03-06_19.18.59,119,sign-optimization-horizontal-vertical_scenario,612,233,3,-2,-2,90,90,15,1,68630,AdultFemaleAgent(Clone),5,10,1.58,1.45,15.55957,1,True,2,1,0.5
2026-03-06_19.18.59,119,sign-optimization-horizontal-vertical_scenario,612,233,3,-2,-2,90,90,15,1,68631,WheelchairAgent(Clone),5,10,1.3,1.17,12.29492,1,True,2,1,0.5
2026-03-06_19.18.59,119,sign-optimization-horizontal-vertical_scenario,612,233,3,-2,-2,90,90,15,1,68632,WheelchairAgent(Clone),6,12,1.3,1.17,9.03125,1,False,2,0,0
2026-03-06_19.18.59,119,sign-optimization-horizontal-vertical_scenario,612,233,3,-2,-2,90,90,15,1,68633,AdultFemaleAgent(Clone),7,11,1.58,1.450001,5.852539,2,True,2,1,0.5
2026-03-06_19.18.59,119,sign-optimization-horizontal-vertical_scenario,612,233,3,-2,-2,90,90,15,1,68634,AdultMaleAgent(Clone),10,12,1.71,1.58,6.938965,1,False,3,0,0
2026-03-06_19.18.59,119,sign-optimization-horizontal-vertical_scenario,612,233,3,-2,-2,90,90,15,1,68635,WheelchairAgent(Clone),7,11,1.3,1.17,5.42334,2,True,2,1,0.5
2026-03-06_19.18.59,119,sign-optimization-horizontal-vertical_scenario,612,233,3,-2,-2,90,90,15,1,68636,AdultMaleAgent(Clone),10,12,1.71,1.58,10.15479,1,False,3,2,0.6666667
2026-03-06_19.18.59,119,sign-optimization-horizontal-vertical_scenario,612,233,3,-2,-2,90,90,15,1,68637,WheelchairAgent(Clone),6,12,1.3,1.17,8.539551,1,False,2,1,0.5
2026-03-06_19.18.59,119,sign-optimization-horizontal-vertical_scenario,612,233,3,-2,-2,90,90,15,1,68638,AdultFemaleAgent(Clone),5,10,1.58,1.45,13.27197,1,True,2,1,0.5
2026-03-06_19.18.59,119,sign-optimization-horizontal-vertical_scenario,612,233,3,-2,-2,90,90,15,1,68639,AdultMaleAgent(Clone),6,12,1.71,1.58,4.650879,1,False,2,1,0.5
2026-03-06_19.18.59,119,sign-optimization-horizontal-vertical_scenario,612,233,3,-2,-2,90,90,15,1,68640,AdultFemaleAgent(Clone),7,11,1.58,1.450001,4.97998,1,True,2,1,0.5
2026-03-06_19.18.59,119,sign-optimization-horizontal-vertical_scenario,612,233,3,-2,-2,90,90,15,1,68641,AdultMaleAgent(Clone),10,12,1.71,1.58,7.254395,1,False,3,0,0
2026-03-06_19.18.59,119,sign-optimization-horizontal-vertical_scenario,612,233,3,-2,-2,90,90,15,1,68642,AdultFemaleAgent(Clone),11,10,1.58,1.450001,5.902344,1,False,3,2,0.6666667
2026-03-06_19.18.59,119,sign-optimization-horizontal-vertical_scenario,612,233,3,-2,-2,90,90,15,1,68643,AdultMaleAgent(Clone),10,12,1.71,1.58,7.356934,1,False,3,0,0
2026-03-06_19.18.59,119,sign-optimization-horizontal-vertical_scenario,612,233,3,-2,-2,90,90,15,1,68644,AdultMaleAgent(Clone),11,10,1.71,1.58,12.54443,1,False,3,2,0.6666667
2026-03-06_19.18.59,119,sign-optimization-horizontal-vertical_scenario,612,233,3,-2,-2,90,90,15,1,68645,AdultMaleAgent(Clone),11,10,1.71,1.58,12.39111,1,True,3,1,0.3333333
2026-03-06_19.18.59,119,sign-optimization-horizontal-vertical_scenario,612,233,3,-2,-2,90,90,15,1,68646,WheelchairAgent(Clone),6,12,1.3,1.17,2.291504,1,False,2,0,0
2026-03-06_19.18.59,119,sign-optimization-horizontal-vertical_scenario,612,233,3,-2,-2,90,90,15,1,68647,WheelchairAgent(Clone),5,10,1.3,1.17,10.28906,1,True,2,1,0.5
2026-03-06_19.18.59,119,sign-optimization-horizontal-vertical_scenario,612,233,3,-2,-2,90,90,15,1,68648,WheelchairAgent(Clone),6,12,1.3,1.17,4.927246,1,False,2,1,0.5
2026-03-06_19.18.59,119,sign-optimization-horizontal-vertical_scenario,612,233,3,-2,-2,90,90,15,1,68649,AdultMaleAgent(Clone),10,12,1.71,1.58,13.98633,1,False,3,1,0.3333333
2026-03-06_19.18.59,119,sign-optimization-horizontal-vertical_scenario,612,233,3,-2,-2,90,90,15,1,68650,WheelchairAgent(Clone),5,10,1.3,1.17,9.820801,1,True,2,1,0.5
2026-03-06_19.18.59,119,sign-optimization-horizontal-vertical_scenario,612,233,3,-2,-2,90,90,15,1,68651,AdultFemaleAgent(Clone),10,12,1.58,1.45,8.394043,1,False,3,0,0
2026-03-06_19.18.59,119,sign-optimization-horizontal-vertical_scenario,612,233,3,-2,-2,90,90,15,1,68652,AdultFemaleAgent(Clone),6,12,1.58,1.45,2.846191,1,False,2,1,0.5
2026-03-06_19.18.59,119,sign-optimization-horizontal-vertical_scenario,612,233,3,-2,-2,90,90,15,1,68653,AdultFemaleAgent(Clone),6,12,1.58,1.45,7.891113,1,False,2,1,0.5
2026-03-06_19.18.59,119,sign-optimization-horizontal-vertical_scenario,612,233,3,-2,-2,90,90,15,1,68654,WheelchairAgent(Clone),10,12,1.3,1.17,7.342773,1,False,3,0,0
2026-03-06_19.18.59,119,sign-optimization-horizontal-vertical_scenario,612,233,3,-2,-2,90,90,15,1,68655,AdultFemaleAgent(Clone),11,10,1.58,1.450001,8.799316,1,False,3,1,0.3333333
2026-03-06_19.18.59,119,sign-optimization-horizontal-vertical_scenario,612,233,3,-2,-2,90,90,15,1,68656,WheelchairAgent(Clone),6,12,1.3,1.17,7.776367,1,False,2,1,0.5
2026-03-06_19.18.59,119,sign-optimization-horizontal-vertical_scenario,612,233,3,-2,-2,90,90,15,1,68657,AdultMaleAgent(Clone),11,10,1.71,1.58,7.598633,2,False,3,1,0.3333333
2026-03-06_19.18.59,119,sign-optimization-horizontal-vertical_scenario,612,233,3,-2,-2,90,90,15,1,68658,WheelchairAgent(Clone),5,10,1.3,1.17,15.71289,1,True,2,1,0.5
2026-03-06_19.18.59,119,sign-optimization-horizontal-vertical_scenario,612,233,3,-2,-2,90,90,15,1,68659,WheelchairAgent(Clone),6,12,1.3,1.17,8.852539,1,False,2,1,0.5
2026-03-06_19.18.59,119,sign-optimization-horizontal-vertical_scenario,612,233,3,-2,-2,90,90,15,1,68660,AdultFemaleAgent(Clone),6,12,1.58,1.45,3.164551,1,False,2,1,0.5
2026-03-06_19.18.59,119,sign-optimization-horizontal-vertical_scenario,612,233,3,-2,-2,90,90,15,1,68661,WheelchairAgent(Clone),6,12,1.3,1.17,7.943359,1,True,2,1,0.5
2026-03-06_19.18.59,119,sign-optimization-horizontal-vertical_scenario,612,233,3,-2,-2,90,90,15,1,68662,WheelchairAgent(Clone),5,10,1.3,1.17,11.82715,1,True,2,1,0.5
2026-03-06_19.18.59,119,sign-optimization-horizontal-vertical_scenario,612,233,3,-2,-2,90,90,15,1,68663,AdultMaleAgent(Clone),11,10,1.71,1.58,9.330078,1,False,3,1,0.3333333
2026-03-06_19.18.59,119,sign-optimization-horizontal-vertical_scenario,612,233,3,-2,-2,90,90,15,1,68664,AdultMaleAgent(Clone),7,11,1.71,1.58,6.464844,2,True,2,1,0.5
2026-03-06_19.18.59,119,sign-optimization-horizontal-vertical_scenario,612,233,3,-2,-2,90,90,15,1,68665,AdultFemaleAgent(Clone),5,10,1.58,1.45,9.521973,1,True,2,1,0.5
2026-03-06_19.18.59,119,sign-optimization-horizontal-vertical_scenario,612,233,3,-2,-2,90,90,15,1,68666,AdultMaleAgent(Clone),7,11,1.71,1.58,6.080078,2,True,2,1,0.5
2026-03-06_19.18.59,119,sign-optimization-horizontal-vertical_scenario,612,233,3,-2,-2,90,90,15,1,68667,WheelchairAgent(Clone),10,12,1.3,1.17,9.5625,1,False,3,0,0
2026-03-06_19.18.59,119,sign-optimization-horizontal-vertical_scenario,612,233,3,-2,-2,90,90,15,1,68668,AdultFemaleAgent(Clone),5,10,1.58,1.45,9.716309,1,True,2,1,0.5
2026-03-06_19.18.59,119,sign-optimization-horizontal-vertical_scenario,612,233,3,-2,-2,90,90,15,1,68669,WheelchairAgent(Clone),10,12,1.3,1.17,10.0293,1,False,3,0,0
2026-03-06_19.18.59,119,sign-optimization-horizontal-vertical_scenario,612,233,3,-2,-2,90,90,15,1,68670,AdultFemaleAgent(Clone),11,10,1.58,1.450001,10.75049,1,False,3,1,0.3333333
2026-03-06_19.18.59,119,sign-optimization-horizontal-vertical_scenario,612,233,3,-2,-2,90,90,15,1,68671,AdultMaleAgent(Clone),7,11,1.71,1.58,7.866699,2,True,2,1,0.5
2026-03-06_19.18.59,119,sign-optimization-horizontal-vertical_scenario,612,233,3,-2,-2,90,90,15,1,68672,AdultMaleAgent(Clone),11,10,1.71,1.58,9.577148,1,True,3,2,0.6666667
2026-03-06_19.18.59,119,sign-optimization-horizontal-vertical_scenario,612,233,3,-2,-2,90,90,15,1,68673,WheelchairAgent(Clone),10,12,1.3,1.17,6.290039,1,False,3,0,0
2026-03-06_19.18.59,119,sign-optimization-horizontal-vertical_scenario,612,233,3,-2,-2,90,90,15,1,68674,AdultFemaleAgent(Clone),7,11,1.58,1.450001,7.430664,2,True,2,1,0.5
2026-03-06_19.18.59,119,sign-optimization-horizontal-vertical_scenario,612,233,3,-2,-2,90,90,15,1,68675,WheelchairAgent(Clone),11,10,1.3,1.17,3.781738,1,False,3,1,0.3333333
2026-03-06_19.18.59,119,sign-optimization-horizontal-vertical_scenario,612,233,3,-2,-2,90,90,15,1,68676,WheelchairAgent(Clone),6,12,1.3,1.17,6.815918,1,False,2,0,0
2026-03-06_19.18.59,119,sign-optimization-horizontal-vertical_scenario,612,233,3,-2,-2,90,90,15,1,68677,AdultMaleAgent(Clone),11,10,1.71,1.58,8.352051,2,False,3,1,0.3333333
2026-03-06_19.18.59,119,sign-optimization-horizontal-vertical_scenario,612,233,3,-2,-2,90,90,15,1,68678,AdultFemaleAgent(Clone),7,11,1.58,1.450001,5.199219,2,True,2,1,0.5
2026-03-06_19.18.59,119,sign-optimization-horizontal-vertical_scenario,612,233,3,-2,-2,90,90,15,1,68679,WheelchairAgent(Clone),10,12,1.3,1.17,7.084473,1,False,3,0,0
2026-03-06_19.18.59,119,sign-optimization-horizontal-vertical_scenario,612,233,3,-2,-2,90,90,15,1,68680,AdultFemaleAgent(Clone),11,10,1.58,1.450001,7.86377,2,False,3,1,0.3333333
2026-03-06_19.18.59,119,sign-optimization-horizontal-vertical_scenario,612,233,3,-2,-2,90,90,15,1,68681,WheelchairAgent(Clone),11,10,1.3,1.17,11.16162,1,False,3,1,0.3333333
2026-03-06_19.18.59,119,sign-optimization-horizontal-vertical_scenario,612,233,3,-2,-2,90,90,15,1,68682,AdultFemaleAgent(Clone),5,10,1.58,1.45,9.696777,1,True,2,1,0.5
2026-03-06_19.18.59,119,sign-optimization-horizontal-vertical_scenario,612,233,3,-2,-2,90,90,15,1,68683,AdultFemaleAgent(Clone),7,11,1.58,1.450001,4.771484,1,True,2,1,0.5
2026-03-06_19.18.59,119,sign-optimization-horizontal-vertical_scenario,612,233,3,-2,-2,90,90,15,1,68684,AdultFemaleAgent(Clone),6,12,1.58,1.45,0,0,False,2,0,0
2026-03-06_19.18.59,119,sign-optimization-horizontal-vertical_scenario,612,233,3,-2,-2,90,90,15,1,68685,AdultFemaleAgent(Clone),10,12,1.58,1.45,7.350586,1,False,3,0,0
2026-03-06_19.18.59,119,sign-optimization-horizontal-vertical_scenario,612,233,3,-2,-2,90,90,15,1,68686,WheelchairAgent(Clone),7,11,1.3,1.17,9.28125,2,True,2,1,0.5
2026-03-06_19.18.59,119,sign-optimization-horizontal-vertical_scenario,612,233,3,-2,-2,90,90,15,1,68687,AdultFemaleAgent(Clone),10,12,1.58,1.45,13.81201,1,False,3,0,0
2026-03-06_19.18.59,119,sign-optimization-horizontal-vertical_scenario,612,233,3,-2,-2,90,90,15,1,68688,WheelchairAgent(Clone),10,12,1.3,1.17,8.306641,1,False,3,0,0
2026-03-06_19.18.59,119,sign-optimization-horizontal-vertical_scenario,612,233,3,-2,-2,90,90,15,1,68689,WheelchairAgent(Clone),10,12,1.3,1.17,8.029785,1,False,3,0,0
2026-03-06_19.18.59,119,sign-optimization-horizontal-vertical_scenario,612,233,3,-2,-2,90,90,15,1,68690,AdultFemaleAgent(Clone),5,10,1.58,1.45,13.17529,1,True,2,1,0.5
2026-03-06_19.18.59,119,sign-optimization-horizontal-vertical_scenario,612,233,3,-2,-2,90,90,15,1,68691,AdultMaleAgent(Clone),7,11,1.71,1.58,7.612793,2,True,2,1,0.5
2026-03-06_19.18.59,119,sign-optimization-horizontal-vertical_scenario,612,233,3,-2,-2,90,90,15,1,68692,AdultMaleAgent(Clone),10,12,1.71,1.58,11.58643,1,False,3,0,0
2026-03-06_19.18.59,119,sign-optimization-horizontal-vertical_scenario,612,233,3,-2,-2,90,90,15,1,68693,AdultMaleAgent(Clone),11,10,1.71,1.58,8.997559,1,False,3,1,0.3333333
2026-03-06_19.18.59,119,sign-optimization-horizontal-vertical_scenario,612,233,3,-2,-2,90,90,15,1,68694,AdultMaleAgent(Clone),7,11,1.71,1.58,5.780273,2,True,2,1,0.5
2026-03-06_19.18.59,119,sign-optimization-horizontal-vertical_scenario,612,233,3,-2,-2,90,90,15,1,68695,WheelchairAgent(Clone),7,11,1.3,1.17,6.683105,2,True,2,1,0.5
2026-03-06_19.18.59,119,sign-optimization-horizontal-vertical_scenario,612,233,3,-2,-2,90,90,15,1,68696,AdultMaleAgent(Clone),7,11,1.71,1.58,5.842773,2,True,2,1,0.5
2026-03-06_19.18.59,119,sign-optimization-horizontal-vertical_scenario,612,233,3,-2,-2,90,90,15,1,68697,AdultFemaleAgent(Clone),10,12,1.58,1.45,11.08643,1,False,3,0,0
2026-03-06_19.18.59,119,sign-optimization-horizontal-vertical_scenario,612,233,3,-2,-2,90,90,15,1,68698,AdultFemaleAgent(Clone),10,12,1.58,1.45,8.489258,1,False,3,0,0
2026-03-06_19.18.59,119,sign-optimization-horizontal-vertical_scenario,612,233,3,-2,-2,90,90,15,1,68699,AdultMaleAgent(Clone),6,12,1.71,1.58,7.188477,1,False,2,1,0.5
2026-03-06_19.18.59,119,sign-optimization-horizontal-vertical_scenario,612,233,3,-2,-2,90,90,15,1,68700,AdultFemaleAgent(Clone),7,11,1.58,1.450001,11.03955,2,True,2,1,0.5
2026-03-06_19.18.59,119,sign-optimization-horizontal-vertical_scenario,612,233,3,-2,-2,90,90,15,1,68701,AdultMaleAgent(Clone),11,10,1.71,1.58,10.77051,1,True,3,2,0.6666667
2026-03-06_19.18.59,119,sign-optimization-horizontal-vertical_scenario,612,233,3,-2,-2,90,90,15,1,68702,WheelchairAgent(Clone),11,10,1.3,1.17,10.29443,1,False,3,1,0.3333333
2026-03-06_19.18.59,119,sign-optimization-horizontal-vertical_scenario,612,233,3,-2,-2,90,90,15,1,68703,AdultMaleAgent(Clone),11,10,1.71,1.58,4.308105,1,False,3,1,0.3333333
2026-03-06_19.18.59,119,sign-optimization-horizontal-vertical_scenario,612,233,3,-2,-2,90,90,15,1,68704,WheelchairAgent(Clone),7,11,1.3,1.17,7.726563,2,True,2,1,0.5
2026-03-06_19.18.59,119,sign-optimization-horizontal-vertical_scenario,612,233,3,-2,-2,90,90,15,1,68705,AdultMaleAgent(Clone),5,10,1.71,1.58,7.78418,1,True,2,1,0.5
2026-03-06_19.18.59,119,sign-optimization-horizontal-vertical_scenario,612,233,3,-2,-2,90,90,15,1,68706,WheelchairAgent(Clone),5,10,1.3,1.17,10.10107,1,False,2,1,0.5
2026-03-06_19.18.59,119,sign-optimization-horizontal-vertical_scenario,612,233,3,-2,-2,90,90,15,1,68707,AdultMaleAgent(Clone),10,12,1.71,1.58,7.75,1,False,3,2,0.6666667
2026-03-06_19.18.59,119,sign-optimization-horizontal-vertical_scenario,612,233,3,-2,-2,90,90,15,1,68708,AdultMaleAgent(Clone),11,10,1.71,1.58,12.69873,1,True,3,1,0.3333333
2026-03-06_19.18.59,119,sign-optimization-horizontal-vertical_scenario,612,233,3,-2,-2,90,90,15,1,68709,AdultFemaleAgent(Clone),6,12,1.58,1.45,7.92334,1,False,2,1,0.5
2026-03-06_19.18.59,119,sign-optimization-horizontal-vertical_scenario,612,233,3,-2,-2,90,90,15,1,68710,AdultFemaleAgent(Clone),5,10,1.58,1.45,11.12207,1,True,2,1,0.5
2026-03-06_19.18.59,119,sign-optimization-horizontal-vertical_scenario,612,233,3,-2,-2,90,90,15,1,68711,WheelchairAgent(Clone),10,12,1.3,1.17,8.194336,1,False,3,0,0
2026-03-06_19.18.59,119,sign-optimization-horizontal-vertical_scenario,612,233,3,-2,-2,90,90,15,1,68712,WheelchairAgent(Clone),5,10,1.3,1.17,11.82324,1,True,2,1,0.5
2026-03-06_19.18.59,119,sign-optimization-horizontal-vertical_scenario,612,233,3,-2,-2,90,90,15,1,68713,WheelchairAgent(Clone),6,12,1.3,1.17,7.569336,1,False,2,1,0.5
2026-03-06_19.18.59,119,sign-optimization-horizontal-vertical_scenario,612,233,3,-2,-2,90,90,15,1,68714,AdultMaleAgent(Clone),7,11,1.71,1.58,5.581543,2,True,2,1,0.5
2026-03-06_19.18.59,119,sign-optimization-horizontal-vertical_scenario,612,233,3,-2,-2,90,90,15,1,68715,AdultMaleAgent(Clone),6,12,1.71,1.58,7.857422,1,False,2,1,0.5
2026-03-06_19.18.59,119,sign-optimization-horizontal-vertical_scenario,612,233,3,-2,-2,90,90,15,1,68716,AdultFemaleAgent(Clone),5,10,1.58,1.45,13.54053,1,True,2,1,0.5
2026-03-06_19.18.59,119,sign-optimization-horizontal-vertical_scenario,612,233,3,-2,-2,90,90,15,1,68717,AdultMaleAgent(Clone),6,12,1.71,1.58,8.095703,1,True,2,1,0.5
2026-03-06_19.18.59,119,sign-optimization-horizontal-vertical_scenario,612,233,3,-2,-2,90,90,15,1,68718,AdultMaleAgent(Clone),10,12,1.71,1.58,8.101563,1,False,3,0,0
2026-03-06_19.18.59,119,sign-optimization-horizontal-vertical_scenario,612,233,3,-2,-2,90,90,15,1,68719,WheelchairAgent(Clone),10,12,1.3,1.17,0,0,False,3,1,0.3333333
2026-03-06_19.18.59,119,sign-optimization-horizontal-vertical_scenario,612,233,3,-2,-2,90,90,15,1,68720,WheelchairAgent(Clone),6,12,1.3,1.17,3.105469,1,False,2,1,0.5
2026-03-06_19.18.59,119,sign-optimization-horizontal-vertical_scenario,612,233,3,-2,-2,90,90,15,1,68721,AdultMaleAgent(Clone),10,12,1.71,1.58,8.28125,1,False,3,2,0.6666667
2026-03-06_19.18.59,119,sign-optimization-horizontal-vertical_scenario,612,233,3,-2,-2,90,90,15,1,68722,AdultFemaleAgent(Clone),5,10,1.58,1.45,12.70215,1,True,2,1,0.5
2026-03-06_19.18.59,119,sign-optimization-horizontal-vertical_scenario,612,233,3,-2,-2,90,90,15,1,68723,AdultMaleAgent(Clone),10,12,1.71,1.58,10.11523,1,False,3,0,0
2026-03-06_19.18.59,119,sign-optimization-horizontal-vertical_scenario,612,233,3,-2,-2,90,90,15,1,68724,AdultFemaleAgent(Clone),11,10,1.58,1.450001,7.827637,2,True,3,2,0.6666667
2026-03-06_19.18.59,119,sign-optimization-horizontal-vertical_scenario,612,233,3,-2,-2,90,90,15,1,68725,AdultMaleAgent(Clone),11,10,1.71,1.58,1.767578,1,True,3,2,0.6666667
2026-03-06_19.18.59,119,sign-optimization-horizontal-vertical_scenario,612,233,3,-2,-2,90,90,15,1,68726,AdultMaleAgent(Clone),11,10,1.71,1.58,8.102539,2,True,3,1,0.3333333
2026-03-06_19.18.59,119,sign-optimization-horizontal-vertical_scenario,612,233,3,-2,-2,90,90,15,1,68727,AdultMaleAgent(Clone),10,12,1.71,1.58,0,0,False,3,0,0
2026-03-06_19.18.59,119,sign-optimization-horizontal-vertical_scenario,612,233,3,-2,-2,90,90,15,1,68728,WheelchairAgent(Clone),5,10,1.3,1.17,11.37158,1,True,2,1,0.5
2026-03-06_19.18.59,119,sign-optimization-horizontal-vertical_scenario,612,233,3,-2,-2,90,90,15,1,68729,AdultMaleAgent(Clone),10,12,1.71,1.58,8.363281,1,True,3,1,0.3333333
2026-03-06_19.18.59,119,sign-optimization-horizontal-vertical_scenario,612,233,3,-2,-2,90,90,15,1,68730,AdultFemaleAgent(Clone),7,11,1.58,1.450001,5.283691,1,True,2,1,0.5
2026-03-06_19.18.59,119,sign-optimization-horizontal-vertical_scenario,612,233,3,-2,-2,90,90,15,1,68731,WheelchairAgent(Clone),7,11,1.3,1.17,5.892578,2,True,2,1,0.5
2026-03-06_19.18.59,119,sign-optimization-horizontal-vertical_scenario,612,233,3,-2,-2,90,90,15,1,68732,AdultFemaleAgent(Clone),5,10,1.58,1.45,12.26221,1,True,2,1,0.5
2026-03-06_19.18.59,119,sign-optimization-horizontal-vertical_scenario,612,233,3,-2,-2,90,90,15,1,68733,WheelchairAgent(Clone),6,12,1.3,1.17,3.037598,1,False,2,1,0.5
2026-03-06_19.18.59,119,sign-optimization-horizontal-vertical_scenario,612,233,3,-2,-2,90,90,15,1,68734,AdultFemaleAgent(Clone),11,10,1.58,1.450001,3.385742,1,False,3,1,0.3333333
2026-03-06_19.18.59,119,sign-optimization-horizontal-vertical_scenario,612,233,3,-2,-2,90,90,15,1,68735,WheelchairAgent(Clone),11,10,1.3,1.17,9.266602,1,False,3,1,0.3333333
2026-03-06_19.18.59,119,sign-optimization-horizontal-vertical_scenario,612,233,3,-2,-2,90,90,15,1,68736,WheelchairAgent(Clone),11,10,1.3,1.17,7.270996,2,False,3,1,0.3333333
2026-03-06_19.18.59,119,sign-optimization-horizontal-vertical_scenario,612,233,3,-2,-2,90,90,15,1,68737,AdultMaleAgent(Clone),5,10,1.71,1.58,9.692383,1,True,2,1,0.5
2026-03-06_19.18.59,119,sign-optimization-horizontal-vertical_scenario,612,233,3,-2,-2,90,90,15,1,68738,AdultFemaleAgent(Clone),5,10,1.58,1.45,11.94629,1,True,2,1,0.5
2026-03-06_19.18.59,119,sign-optimization-horizontal-vertical_scenario,612,233,3,-2,-2,90,90,15,1,68739,WheelchairAgent(Clone),5,10,1.3,1.17,11.92676,1,True,2,1,0.5
2026-03-06_19.18.59,119,sign-optimization-horizontal-vertical_scenario,612,233,3,-2,-2,90,90,15,1,68740,WheelchairAgent(Clone),11,10,1.3,1.17,7.300781,2,False,3,1,0.3333333
2026-03-06_19.18.59,119,sign-optimization-horizontal-vertical_scenario,612,233,3,-2,-2,90,90,15,1,68741,WheelchairAgent(Clone),5,10,1.3,1.17,10.46582,1,True,2,1,0.5
2026-03-06_19.18.59,119,sign-optimization-horizontal-vertical_scenario,612,233,3,-2,-2,90,90,15,1,68742,WheelchairAgent(Clone),6,12,1.3,1.17,5.731934,1,False,2,1,0.5
2026-03-06_19.18.59,119,sign-optimization-horizontal-vertical_scenario,612,233,3,-2,-2,90,90,15,1,68743,AdultFemaleAgent(Clone),7,11,1.58,1.450001,7.952148,1,True,2,1,0.5
2026-03-06_19.18.59,119,sign-optimization-horizontal-vertical_scenario,612,233,3,-2,-2,90,90,15,1,68744,AdultMaleAgent(Clone),7,11,1.71,1.58,6.084473,1,True,2,1,0.5
2026-03-06_19.18.59,119,sign-optimization-horizontal-vertical_scenario,612,233,3,-2,-2,90,90,15,1,68745,WheelchairAgent(Clone),5,10,1.3,1.17,9.860352,1,False,2,1,0.5
2026-03-06_19.18.59,119,sign-optimization-horizontal-vertical_scenario,612,233,3,-2,-2,90,90,15,1,68746,WheelchairAgent(Clone),10,12,1.3,1.17,7.042969,1,False,3,0,0
2026-03-06_19.18.59,119,sign-optimization-horizontal-vertical_scenario,612,233,3,-2,-2,90,90,15,1,68747,WheelchairAgent(Clone),11,10,1.3,1.17,7.234375,2,False,3,2,0.6666667
2026-03-06_19.18.59,119,sign-optimization-horizontal-vertical_scenario,612,233,3,-2,-2,90,90,15,1,68748,WheelchairAgent(Clone),5,10,1.3,1.17,10.31836,1,True,2,1,0.5
2026-03-06_19.18.59,119,sign-optimization-horizontal-vertical_scenario,612,233,3,-2,-2,90,90,15,1,68749,WheelchairAgent(Clone),6,12,1.3,1.17,7.689941,1,False,2,0,0
2026-03-06_19.18.59,119,sign-optimization-horizontal-vertical_scenario,612,233,3,-2,-2,90,90,15,1,68750,WheelchairAgent(Clone),11,10,1.3,1.17,6.845215,2,True,3,1,0.3333333
2026-03-06_19.18.59,119,sign-optimization-horizontal-vertical_scenario,612,233,3,-2,-2,90,90,15,1,68751,WheelchairAgent(Clone),7,11,1.3,1.17,7.706543,2,True,2,1,0.5
2026-03-06_19.18.59,119,sign-optimization-horizontal-vertical_scenario,612,233,3,-2,-2,90,90,15,1,68752,AdultMaleAgent(Clone),7,11,1.71,1.58,9.161133,1,True,2,1,0.5
2026-03-06_19.18.59,119,sign-optimization-horizontal-vertical_scenario,612,233,3,-2,-2,90,90,15,1,68753,AdultFemaleAgent(Clone),11,10,1.58,1.450001,7.589355,1,True,3,1,0.3333333
2026-03-06_19.18.59,119,sign-optimization-horizontal-vertical_scenario,612,233,3,-2,-2,90,90,15,1,68754,WheelchairAgent(Clone),5,10,1.3,1.17,13.23926,1,True,2,1,0.5
2026-03-06_19.18.59,119,sign-optimization-horizontal-vertical_scenario,612,233,3,-2,-2,90,90,15,1,68755,AdultFemaleAgent(Clone),10,12,1.58,1.45,9.111816,1,False,3,1,0.3333333
2026-03-06_19.18.59,119,sign-optimization-horizontal-vertical_scenario,612,233,3,-2,-2,90,90,15,1,68756,AdultMaleAgent(Clone),10,12,1.71,1.58,7.133789,1,False,3,0,0
2026-03-06_19.18.59,119,sign-optimization-horizontal-vertical_scenario,612,233,3,-2,-2,90,90,15,1,68757,AdultMaleAgent(Clone),10,12,1.71,1.58,0,0,False,3,0,0
2026-03-06_19.18.59,119,sign-optimization-horizontal-vertical_scenario,612,233,3,-2,-2,90,90,15,1,68758,WheelchairAgent(Clone),7,11,1.3,1.17,6.314941,2,True,2,1,0.5
2026-03-06_19.18.59,119,sign-optimization-horizontal-vertical_scenario,612,233,3,-2,-2,90,90,15,1,68759,WheelchairAgent(Clone),11,10,1.3,1.17,7.534668,2,True,3,1,0.3333333
2026-03-06_19.18.59,119,sign-optimization-horizontal-vertical_scenario,612,233,3,-2,-2,90,90,15,1,68760,AdultFemaleAgent(Clone),7,11,1.58,1.450001,7.476563,1,True,2,1,0.5
2026-03-06_19.18.59,119,sign-optimization-horizontal-vertical_scenario,612,233,3,-2,-2,90,90,15,1,68761,WheelchairAgent(Clone),10,12,1.3,1.17,8.512695,1,False,3,0,0
2026-03-06_19.18.59,119,sign-optimization-horizontal-vertical_scenario,612,233,3,-2,-2,90,90,15,1,68762,AdultFemaleAgent(Clone),5,10,1.58,1.45,11.73633,1,True,2,1,0.5
2026-03-06_19.18.59,119,sign-optimization-horizontal-vertical_scenario,612,233,3,-2,-2,90,90,15,1,68763,WheelchairAgent(Clone),11,10,1.3,1.17,2.55957,1,True,3,1,0.3333333
2026-03-06_19.18.59,119,sign-optimization-horizontal-vertical_scenario,612,233,3,-2,-2,90,90,15,1,68764,WheelchairAgent(Clone),11,10,1.3,1.17,2.819336,1,True,3,1,0.3333333
2026-03-06_19.18.59,119,sign-optimization-horizontal-vertical_scenario,612,233,3,-2,-2,90,90,15,1,68765,AdultMaleAgent(Clone),10,12,1.71,1.58,9.123535,1,False,3,0,0
2026-03-06_19.18.59,119,sign-optimization-horizontal-vertical_scenario,612,233,3,-2,-2,90,90,15,1,68766,AdultFemaleAgent(Clone),10,12,1.58,1.45,7.705566,1,False,3,0,0
2026-03-06_19.18.59,119,sign-optimization-horizontal-vertical_scenario,612,233,3,-2,-2,90,90,15,1,68767,AdultFemaleAgent(Clone),11,10,1.58,1.450001,9.694824,2,True,3,1,0.3333333
2026-03-06_19.18.59,119,sign-optimization-horizontal-vertical_scenario,612,233,3,-2,-2,90,90,15,1,68768,AdultMaleAgent(Clone),6,12,1.71,1.58,7.844238,1,False,2,1,0.5
2026-03-06_19.18.59,119,sign-optimization-horizontal-vertical_scenario,612,233,3,-2,-2,90,90,15,1,68769,AdultFemaleAgent(Clone),7,11,1.58,1.450001,8.199707,1,True,2,1,0.5
2026-03-06_19.18.59,119,sign-optimization-horizontal-vertical_scenario,612,233,3,-2,-2,90,90,15,1,68770,AdultFemaleAgent(Clone),6,12,1.58,1.45,0,0,False,2,1,0.5
2026-03-06_19.18.59,119,sign-optimization-horizontal-vertical_scenario,612,233,3,-2,-2,90,90,15,1,68771,AdultFemaleAgent(Clone),6,12,1.58,1.45,5.25,1,False,2,1,0.5
2026-03-06_19.18.59,119,sign-optimization-horizontal-vertical_scenario,612,233,3,-2,-2,90,90,15,1,68772,WheelchairAgent(Clone),5,10,1.3,1.17,12.99023,1,True,2,1,0.5
2026-03-06_19.18.59,119,sign-optimization-horizontal-vertical_scenario,612,233,3,-2,-2,90,90,15,1,68773,AdultFemaleAgent(Clone),6,12,1.58,1.45,6.686035,1,False,2,1,0.5
2026-03-06_19.18.59,119,sign-optimization-horizontal-vertical_scenario,612,233,3,-2,-2,90,90,15,1,68774,AdultMaleAgent(Clone),10,12,1.71,1.58,0,0,False,3,0,0
2026-03-06_19.18.59,119,sign-optimization-horizontal-vertical_scenario,612,233,3,-2,-2,90,90,15,1,68775,AdultMaleAgent(Clone),11,10,1.71,1.58,3.493652,1,False,3,1,0.3333333
2026-03-06_19.18.59,119,sign-optimization-horizontal-vertical_scenario,612,233,3,-2,-2,90,90,15,1,68776,AdultMaleAgent(Clone),11,10,1.71,1.58,13.0708,1,False,3,1,0.3333333
2026-03-06_19.18.59,119,sign-optimization-horizontal-vertical_scenario,612,233,3,-2,-2,90,90,15,1,68777,AdultMaleAgent(Clone),10,12,1.71,1.58,0,0,False,3,0,0
2026-03-06_19.18.59,119,sign-optimization-horizontal-vertical_scenario,612,233,3,-2,-2,90,90,15,1,68778,AdultFemaleAgent(Clone),5,10,1.58,1.45,9.665039,1,True,2,1,0.5
2026-03-06_19.18.59,119,sign-optimization-horizontal-vertical_scenario,612,233,3,-2,-2,90,90,15,1,68779,AdultMaleAgent(Clone),10,12,1.71,1.58,0,0,False,3,0,0
2026-03-06_19.18.59,119,sign-optimization-horizontal-vertical_scenario,612,233,3,-2,-2,90,90,15,1,68780,AdultFemaleAgent(Clone),11,10,1.58,1.450001,2.858887,1,False,3,1,0.3333333
2026-03-06_19.18.59,119,sign-optimization-horizontal-vertical_scenario,612,233,3,-2,-2,90,90,15,1,68781,AdultMaleAgent(Clone),7,11,1.71,1.58,9.264648,1,True,2,1,0.5
2026-03-06_19.18.59,119,sign-optimization-horizontal-vertical_scenario,612,233,3,-2,-2,90,90,15,1,68782,AdultFemaleAgent(Clone),6,12,1.58,1.45,7.991699,1,False,2,1,0.5
2026-03-06_19.18.59,119,sign-optimization-horizontal-vertical_scenario,612,233,3,-2,-2,90,90,15,1,68783,WheelchairAgent(Clone),10,12,1.3,1.17,0,0,False,3,0,0
2026-03-06_19.18.59,119,sign-optimization-horizontal-vertical_scenario,612,233,3,-2,-2,90,90,15,1,68784,AdultFemaleAgent(Clone),5,10,1.58,1.45,11.68604,1,True,2,1,0.5
2026-03-06_19.18.59,119,sign-optimization-horizontal-vertical_scenario,612,233,3,-2,-2,90,90,15,1,68785,WheelchairAgent(Clone),11,10,1.3,1.17,1.546875,1,False,3,0,0
2026-03-06_19.18.59,119,sign-optimization-horizontal-vertical_scenario,612,233,3,-2,-2,90,90,15,1,68786,WheelchairAgent(Clone),7,11,1.3,1.17,5.504395,1,False,2,1,0.5
2026-03-06_19.18.59,119,sign-optimization-horizontal-vertical_scenario,612,233,3,-2,-2,90,90,15,1,68787,WheelchairAgent(Clone),7,11,1.3,1.17,6.57666,1,True,2,1,0.5
2026-03-06_19.18.59,119,sign-optimization-horizontal-vertical_scenario,612,233,3,-2,-2,90,90,15,1,68788,AdultMaleAgent(Clone),5,10,1.71,1.58,12.25098,1,True,2,1,0.5
2026-03-06_19.18.59,119,sign-optimization-horizontal-vertical_scenario,612,233,3,-2,-2,90,90,15,1,68789,WheelchairAgent(Clone),11,10,1.3,1.17,6.70459,2,False,3,1,0.3333333
2026-03-06_19.18.59,119,sign-optimization-horizontal-vertical_scenario,612,233,3,-2,-2,90,90,15,1,68790,AdultFemaleAgent(Clone),5,10,1.58,1.45,10.03369,1,True,2,1,0.5
2026-03-06_19.18.59,119,sign-optimization-horizontal-vertical_scenario,612,233,3,-2,-2,90,90,15,1,68791,AdultFemaleAgent(Clone),10,12,1.58,1.45,0,0,False,3,0,0
2026-03-06_19.18.59,119,sign-optimization-horizontal-vertical_scenario,612,233,3,-2,-2,90,90,15,1,68792,AdultFemaleAgent(Clone),6,12,1.58,1.45,6.013184,1,False,2,1,0.5
2026-03-06_19.18.59,119,sign-optimization-horizontal-vertical_scenario,612,233,3,-2,-2,90,90,15,1,68793,WheelchairAgent(Clone),7,11,1.3,1.17,6.04248,1,True,2,1,0.5
2026-03-06_19.18.59,119,sign-optimization-horizontal-vertical_scenario,612,233,3,-2,-2,90,90,15,1,68794,AdultFemaleAgent(Clone),11,10,1.58,1.450001,12.28467,1,False,3,1,0.3333333
2026-03-06_19.18.59,119,sign-optimization-horizontal-vertical_scenario,612,233,3,-2,-2,90,90,15,1,68795,AdultMaleAgent(Clone),6,12,1.71,1.58,3.70459,1,False,2,1,0.5
2026-03-06_19.18.59,119,sign-optimization-horizontal-vertical_scenario,612,233,3,-2,-2,90,90,15,1,68796,AdultFemaleAgent(Clone),5,10,1.58,1.45,11.35986,1,True,2,1,0.5
2026-03-06_19.18.59,119,sign-optimization-horizontal-vertical_scenario,612,233,3,-2,-2,90,90,15,1,68797,WheelchairAgent(Clone),10,12,1.3,1.17,0,0,False,3,2,0.6666667
2026-03-06_19.18.59,119,sign-optimization-horizontal-vertical_scenario,612,233,3,-2,-2,90,90,15,1,68798,AdultFemaleAgent(Clone),11,10,1.58,1.450001,10.26807,1,False,3,1,0.3333333
2026-03-06_19.18.59,119,sign-optimization-horizontal-vertical_scenario,612,233,3,-2,-2,90,90,15,1,68799,AdultFemaleAgent(Clone),6,12,1.58,1.45,6.20459,1,False,2,1,0.5
2026-03-06_19.18.59,119,sign-optimization-horizontal-vertical_scenario,612,233,3,-2,-2,90,90,15,1,68800,AdultMaleAgent(Clone),5,10,1.71,1.58,10.23926,1,True,2,1,0.5
2026-03-06_19.18.59,119,sign-optimization-horizontal-vertical_scenario,612,233,3,-2,-2,90,90,15,1,68801,AdultFemaleAgent(Clone),6,12,1.58,1.45,0,0,False,2,1,0.5
2026-03-06_19.18.59,119,sign-optimization-horizontal-vertical_scenario,612,233,3,-2,-2,90,90,15,1,68802,AdultFemaleAgent(Clone),10,12,1.58,1.45,0,0,False,3,0,0
2026-03-06_19.18.59,119,sign-optimization-horizontal-vertical_scenario,612,233,3,-2,-2,90,90,15,1,68803,WheelchairAgent(Clone),6,12,1.3,1.17,0,0,False,2,1,0.5
2026-03-06_19.18.59,119,sign-optimization-horizontal-vertical_scenario,612,233,3,-2,-2,90,90,15,1,68804,AdultFemaleAgent(Clone),6,12,1.58,1.45,4.943848,1,False,2,1,0.5
2026-03-06_19.18.59,119,sign-optimization-horizontal-vertical_scenario,612,233,3,-2,-2,90,90,15,1,68805,WheelchairAgent(Clone),10,12,1.3,1.17,0,0,False,3,0,0
2026-03-06_19.18.59,119,sign-optimization-horizontal-vertical_scenario,612,233,3,-2,-2,90,90,15,1,68806,WheelchairAgent(Clone),10,12,1.3,1.17,0,0,False,3,0,0
2026-03-06_19.18.59,119,sign-optimization-horizontal-vertical_scenario,612,233,3,-2,-2,90,90,15,1,68807,WheelchairAgent(Clone),6,12,1.3,1.17,0,0,False,2,1,0.5
2026-03-06_19.18.59,119,sign-optimization-horizontal-vertical_scenario,612,233,3,-2,-2,90,90,15,1,68808,WheelchairAgent(Clone),10,12,1.3,1.17,0,0,False,3,0,0
2026-03-06_19.18.59,119,sign-optimization-horizontal-vertical_scenario,612,233,3,-2,-2,90,90,15,1,68809,WheelchairAgent(Clone),6,12,1.3,1.17,0,0,False,2,0,0
2026-03-06_19.18.59,119,sign-optimization-horizontal-vertical_scenario,612,233,3,-2,-2,90,90,15,1,68810,AdultMaleAgent(Clone),5,10,1.71,1.58,9.168457,1,True,2,1,0.5
2026-03-06_19.18.59,119,sign-optimization-horizontal-vertical_scenario,612,233,3,-2,-2,90,90,15,1,68811,AdultFemaleAgent(Clone),11,10,1.58,1.450001,2.915039,1,True,3,1,0.3333333
2026-03-06_19.18.59,119,sign-optimization-horizontal-vertical_scenario,612,233,3,-2,-2,90,90,15,1,68812,AdultFemaleAgent(Clone),6,12,1.58,1.45,4.654297,1,False,2,1,0.5
2026-03-06_19.18.59,119,sign-optimization-horizontal-vertical_scenario,612,233,3,-2,-2,90,90,15,1,68813,AdultFemaleAgent(Clone),7,11,1.58,1.450001,8.552734,1,True,2,1,0.5
2026-03-06_19.18.59,119,sign-optimization-horizontal-vertical_scenario,612,233,3,-2,-2,90,90,15,1,68814,AdultMaleAgent(Clone),5,10,1.71,1.58,10.80322,1,True,2,1,0.5
2026-03-06_19.18.59,119,sign-optimization-horizontal-vertical_scenario,612,233,3,-2,-2,90,90,15,1,68815,AdultMaleAgent(Clone),10,12,1.71,1.58,0,0,False,3,0,0
2026-03-06_19.18.59,119,sign-optimization-horizontal-vertical_scenario,612,233,3,-2,-2,90,90,15,1,68816,AdultMaleAgent(Clone),6,12,1.71,1.58,0,0,False,2,1,0.5
2026-03-06_19.18.59,119,sign-optimization-horizontal-vertical_scenario,612,233,3,-2,-2,90,90,15,1,68817,AdultMaleAgent(Clone),5,10,1.71,1.58,9.157715,1,True,2,1,0.5
2026-03-06_19.18.59,119,sign-optimization-horizontal-vertical_scenario,612,233,3,-2,-2,90,90,15,1,68818,AdultFemaleAgent(Clone),5,10,1.58,1.45,0,0,True,2,1,0.5
2026-03-06_19.18.59,119,sign-optimization-horizontal-vertical_scenario,612,233,3,-2,-2,90,90,15,1,68819,AdultMaleAgent(Clone),6,12,1.71,1.58,2.431641,1,False,2,0,0
2026-03-06_19.18.59,119,sign-optimization-horizontal-vertical_scenario,612,233,3,-2,-2,90,90,15,1,68820,AdultFemaleAgent(Clone),6,12,1.58,1.45,0,0,False,2,1,0.5
2026-03-06_19.18.59,119,sign-optimization-horizontal-vertical_scenario,612,233,3,-2,-2,90,90,15,1,68821,WheelchairAgent(Clone),7,11,1.3,1.17,5.363281,1,True,2,1,0.5
2026-03-06_19.18.59,119,sign-optimization-horizontal-vertical_scenario,612,233,3,-2,-2,90,90,15,1,68822,WheelchairAgent(Clone),7,11,1.3,1.17,7.02002,1,True,2,1,0.5
2026-03-06_19.18.59,119,sign-optimization-horizontal-vertical_scenario,612,233,3,-2,-2,90,90,15,1,68823,AdultFemaleAgent(Clone),5,10,1.58,1.45,0,0,True,2,1,0.5
2026-03-06_19.18.59,119,sign-optimization-horizontal-vertical_scenario,612,233,3,-2,-2,90,90,15,1,68824,AdultFemaleAgent(Clone),7,11,1.58,1.450001,4.989746,1,True,2,1,0.5
2026-03-06_19.18.59,119,sign-optimization-horizontal-vertical_scenario,612,233,3,-2,-2,90,90,15,1,68825,WheelchairAgent(Clone),11,10,1.3,1.17,2.464844,1,False,3,1,0.3333333
2026-03-06_19.18.59,119,sign-optimization-horizontal-vertical_scenario,612,233,3,-2,-2,90,90,15,1,68826,AdultMaleAgent(Clone),6,12,1.71,1.58,0,0,True,2,1,0.5
2026-03-06_19.18.59,119,sign-optimization-horizontal-vertical_scenario,612,233,3,-2,-2,90,90,15,1,68827,WheelchairAgent(Clone),6,12,1.3,1.17,0,0,False,2,0,0
2026-03-06_19.18.59,119,sign-optimization-horizontal-vertical_scenario,612,233,3,-2,-2,90,90,15,1,68828,WheelchairAgent(Clone),7,11,1.3,1.17,7.448242,1,False,2,1,0.5
2026-03-06_19.18.59,119,sign-optimization-horizontal-vertical_scenario,612,233,3,-2,-2,90,90,15,1,68829,AdultMaleAgent(Clone),11,10,1.71,1.58,3.682617,1,False,3,1,0.3333333
2026-03-06_19.18.59,119,sign-optimization-horizontal-vertical_scenario,612,233,3,-2,-2,90,90,15,1,68830,AdultMaleAgent(Clone),10,12,1.71,1.58,0,0,False,3,0,0
2026-03-06_19.18.59,119,sign-optimization-horizontal-vertical_scenario,612,233,3,-2,-2,90,90,15,1,68831,AdultMaleAgent(Clone),11,10,1.71,1.58,5.829102,1,False,3,2,0.6666667
2026-03-06_19.18.59,119,sign-optimization-horizontal-vertical_scenario,612,233,3,-2,-2,90,90,15,1,68832,AdultMaleAgent(Clone),5,10,1.71,1.58,0,0,True,2,1,0.5
2026-03-06_19.18.59,119,sign-optimization-horizontal-vertical_scenario,612,233,3,-2,-2,90,90,15,1,68833,WheelchairAgent(Clone),5,10,1.3,1.17,11.90283,1,True,2,1,0.5
2026-03-06_19.18.59,119,sign-optimization-horizontal-vertical_scenario,612,233,3,-2,-2,90,90,15,1,68834,AdultMaleAgent(Clone),11,10,1.71,1.58,2.356445,1,True,3,1,0.3333333
2026-03-06_19.18.59,119,sign-optimization-horizontal-vertical_scenario,612,233,3,-2,-2,90,90,15,1,68835,AdultMaleAgent(Clone),6,12,1.71,1.58,2.697754,1,False,2,1,0.5
2026-03-06_19.18.59,119,sign-optimization-horizontal-vertical_scenario,612,233,3,-2,-2,90,90,15,1,68836,AdultFemaleAgent(Clone),11,10,1.58,1.450001,3.898926,1,False,3,1,0.3333333
2026-03-06_19.18.59,119,sign-optimization-horizontal-vertical_scenario,612,233,3,-2,-2,90,90,15,1,68837,AdultMaleAgent(Clone),10,12,1.71,1.58,0,0,False,3,0,0
2026-03-06_19.18.59,119,sign-optimization-horizontal-vertical_scenario,612,233,3,-2,-2,90,90,15,1,68838,AdultFemaleAgent(Clone),5,10,1.58,1.45,0,0,True,2,1,0.5
2026-03-06_19.18.59,119,sign-optimization-horizontal-vertical_scenario,612,233,3,-2,-2,90,90,15,1,68839,WheelchairAgent(Clone),5,10,1.3,1.17,8.942383,1,False,2,1,0.5
2026-03-06_19.18.59,119,sign-optimization-horizontal-vertical_scenario,612,233,3,-2,-2,90,90,15,1,68840,AdultFemaleAgent(Clone),7,11,1.58,1.450001,6.370117,1,True,2,1,0.5
2026-03-06_19.18.59,119,sign-optimization-horizontal-vertical_scenario,612,233,3,-2,-2,90,90,15,1,68841,WheelchairAgent(Clone),7,11,1.3,1.17,6.689941,1,True,2,1,0.5
2026-03-06_19.18.59,119,sign-optimization-horizontal-vertical_scenario,612,233,3,-2,-2,90,90,15,1,68842,AdultMaleAgent(Clone),6,12,1.71,1.58,0,0,False,2,1,0.5
2026-03-06_19.18.59,119,sign-optimization-horizontal-vertical_scenario,612,233,3,-2,-2,90,90,15,1,68843,AdultMaleAgent(Clone),5,10,1.71,1.58,0,0,True,2,1,0.5
2026-03-06_19.18.59,119,sign-optimization-horizontal-vertical_scenario,612,233,3,-2,-2,90,90,15,1,68844,WheelchairAgent(Clone),6,12,1.3,1.17,0,0,False,2,1,0.5
2026-03-06_19.18.59,119,sign-optimization-horizontal-vertical_scenario,612,233,3,-2,-2,90,90,15,1,68845,AdultFemaleAgent(Clone),10,12,1.58,1.45,0,0,False,3,0,0
2026-03-06_19.18.59,119,sign-optimization-horizontal-vertical_scenario,612,233,3,-2,-2,90,90,15,1,68846,WheelchairAgent(Clone),7,11,1.3,1.17,6.347656,1,True,2,1,0.5
2026-03-06_19.18.59,119,sign-optimization-horizontal-vertical_scenario,612,233,3,-2,-2,90,90,15,1,68847,AdultFemaleAgent(Clone),10,12,1.58,1.45,0,0,False,3,1,0.3333333
2026-03-06_19.18.59,119,sign-optimization-horizontal-vertical_scenario,612,233,3,-2,-2,90,90,15,1,68848,AdultMaleAgent(Clone),5,10,1.71,1.58,0,0,True,2,1,0.5
2026-03-06_19.18.59,119,sign-optimization-horizontal-vertical_scenario,612,233,3,-2,-2,90,90,15,1,68849,AdultFemaleAgent(Clone),5,10,1.58,1.45,0,0,True,2,1,0.5
2026-03-06_19.18.59,119,sign-optimization-horizontal-vertical_scenario,612,233,3,-2,-2,90,90,15,1,68850,WheelchairAgent(Clone),10,12,1.3,1.17,0,0,False,3,0,0
2026-03-06_19.18.59,119,sign-optimization-horizontal-vertical_scenario,612,233,3,-2,-2,90,90,15,1,68851,WheelchairAgent(Clone),11,10,1.3,1.17,2.035645,1,False,3,0,0
2026-03-06_19.18.59,119,sign-optimization-horizontal-vertical_scenario,612,233,3,-2,-2,90,90,15,1,68852,AdultMaleAgent(Clone),6,12,1.71,1.58,0,0,False,2,1,0.5
2026-03-06_19.18.59,119,sign-optimization-horizontal-vertical_scenario,612,233,3,-2,-2,90,90,15,1,68853,AdultFemaleAgent(Clone),11,10,1.58,1.450001,4.293457,1,False,3,1,0.3333333
2026-03-06_19.18.59,119,sign-optimization-horizontal-vertical_scenario,612,233,3,-2,-2,90,90,15,1,68854,AdultMaleAgent(Clone),10,12,1.71,1.58,0,0,False,3,0,0
2026-03-06_19.18.59,119,sign-optimization-horizontal-vertical_scenario,612,233,3,-2,-2,90,90,15,1,68855,AdultMaleAgent(Clone),6,12,1.71,1.58,0,0,False,2,1,0.5
2026-03-06_19.18.59,119,sign-optimization-horizontal-vertical_scenario,612,233,3,-2,-2,90,90,15,1,68856,AdultFemaleAgent(Clone),10,12,1.58,1.45,0,0,False,3,0,0
2026-03-06_19.18.59,119,sign-optimization-horizontal-vertical_scenario,612,233,3,-2,-2,90,90,15,1,68857,AdultFemaleAgent(Clone),5,10,1.58,1.45,0,0,True,2,1,0.5
2026-03-06_19.18.59,119,sign-optimization-horizontal-vertical_scenario,612,233,3,-2,-2,90,90,15,1,68858,AdultFemaleAgent(Clone),6,12,1.58,1.45,0,0,False,2,1,0.5
2026-03-06_19.18.59,119,sign-optimization-horizontal-vertical_scenario,612,233,3,-2,-2,90,90,15,1,68859,AdultFemaleAgent(Clone),5,10,1.58,1.45,0,0,True,2,1,0.5
2026-03-06_19.18.59,119,sign-optimization-horizontal-vertical_scenario,612,233,3,-2,-2,90,90,15,1,68860,AdultFemaleAgent(Clone),10,12,1.58,1.45,0,0,False,3,0,0
2026-03-06_19.18.59,119,sign-optimization-horizontal-vertical_scenario,612,233,3,-2,-2,90,90,15,1,68861,AdultFemaleAgent(Clone),11,10,1.58,1.450001,0,0,True,3,1,0.3333333
2026-03-06_19.18.59,119,sign-optimization-horizontal-vertical_scenario,612,233,3,-2,-2,90,90,15,1,68862,AdultFemaleAgent(Clone),6,12,1.58,1.45,0,0,False,2,1,0.5
2026-03-06_19.18.59,119,sign-optimization-horizontal-vertical_scenario,612,233,3,-2,-2,90,90,15,1,68863,WheelchairAgent(Clone),7,11,1.3,1.17,7.810547,1,True,2,1,0.5
2026-03-06_19.18.59,119,sign-optimization-horizontal-vertical_scenario,612,233,3,-2,-2,90,90,15,1,68864,WheelchairAgent(Clone),7,11,1.3,1.17,6.41748,1,True,2,1,0.5
2026-03-06_19.18.59,119,sign-optimization-horizontal-vertical_scenario,612,233,3,-2,-2,90,90,15,1,68865,AdultFemaleAgent(Clone),11,10,1.58,1.450001,3.29248,1,False,3,1,0.3333333
2026-03-06_19.18.59,119,sign-optimization-horizontal-vertical_scenario,612,233,3,-2,-2,90,90,15,1,68866,WheelchairAgent(Clone),5,10,1.3,1.17,0,0,True,2,1,0.5
2026-03-06_19.18.59,119,sign-optimization-horizontal-vertical_scenario,612,233,3,-2,-2,90,90,15,1,68867,AdultFemaleAgent(Clone),7,11,1.58,1.450001,6.834961,1,True,2,1,0.5
2026-03-06_19.18.59,119,sign-optimization-horizontal-vertical_scenario,612,233,3,-2,-2,90,90,15,1,68868,AdultMaleAgent(Clone),6,12,1.71,1.58,0,0,False,2,1,0.5
2026-03-06_19.18.59,119,sign-optimization-horizontal-vertical_scenario,612,233,3,-2,-2,90,90,15,1,68869,AdultFemaleAgent(Clone),10,12,1.58,1.45,0,0,False,3,0,0
2026-03-06_19.18.59,119,sign-optimization-horizontal-vertical_scenario,612,233,3,-2,-2,90,90,15,1,68870,AdultFemaleAgent(Clone),5,10,1.58,1.45,0,0,True,2,1,0.5
2026-03-06_19.18.59,119,sign-optimization-horizontal-vertical_scenario,612,233,3,-2,-2,90,90,15,1,68871,AdultMaleAgent(Clone),7,11,1.71,1.58,8.614746,1,True,2,1,0.5
2026-03-06_19.18.59,119,sign-optimization-horizontal-vertical_scenario,612,233,3,-2,-2,90,90,15,1,68872,AdultFemaleAgent(Clone),11,10,1.58,1.450001,4.396973,1,False,3,2,0.6666667
2026-03-06_19.18.59,119,sign-optimization-horizontal-vertical_scenario,612,233,3,-2,-2,90,90,15,1,68873,WheelchairAgent(Clone),5,10,1.3,1.17,0,0,True,2,1,0.5
2026-03-06_19.18.59,119,sign-optimization-horizontal-vertical_scenario,612,233,3,-2,-2,90,90,15,1,68874,WheelchairAgent(Clone),11,10,1.3,1.17,3.188965,1,False,3,1,0.3333333
2026-03-06_19.18.59,119,sign-optimization-horizontal-vertical_scenario,612,233,3,-2,-2,90,90,15,1,68875,WheelchairAgent(Clone),5,10,1.3,1.17,0,0,False,2,1,0.5
2026-03-06_19.18.59,119,sign-optimization-horizontal-vertical_scenario,612,233,3,-2,-2,90,90,15,1,68876,WheelchairAgent(Clone),5,10,1.3,1.17,0,0,True,2,1,0.5
2026-03-06_19.18.59,119,sign-optimization-horizontal-vertical_scenario,612,233,3,-2,-2,90,90,15,1,68877,AdultMaleAgent(Clone),7,11,1.71,1.58,8.896484,1,True,2,1,0.5
2026-03-06_19.18.59,119,sign-optimization-horizontal-vertical_scenario,612,233,3,-2,-2,90,90,15,1,68878,AdultMaleAgent(Clone),11,10,1.71,1.58,1.685059,1,False,3,2,0.6666667
2026-03-06_19.18.59,119,sign-optimization-horizontal-vertical_scenario,612,233,3,-2,-2,90,90,15,1,68879,WheelchairAgent(Clone),7,11,1.3,1.17,7.672852,1,True,2,1,0.5
2026-03-06_19.18.59,119,sign-optimization-horizontal-vertical_scenario,612,233,3,-2,-2,90,90,15,1,68880,AdultMaleAgent(Clone),5,10,1.71,1.58,0,0,True,2,1,0.5
2026-03-06_19.18.59,119,sign-optimization-horizontal-vertical_scenario,612,233,3,-2,-2,90,90,15,1,68881,WheelchairAgent(Clone),11,10,1.3,1.17,3.708008,1,False,3,2,0.6666667
2026-03-06_19.18.59,119,sign-optimization-horizontal-vertical_scenario,612,233,3,-2,-2,90,90,15,1,68882,AdultMaleAgent(Clone),6,12,1.71,1.58,0,0,False,2,0,0
2026-03-06_19.18.59,119,sign-optimization-horizontal-vertical_scenario,612,233,3,-2,-2,90,90,15,1,68883,AdultFemaleAgent(Clone),5,10,1.58,1.45,0,0,True,2,1,0.5
2026-03-06_19.18.59,119,sign-optimization-horizontal-vertical_scenario,612,233,3,-2,-2,90,90,15,1,68884,AdultFemaleAgent(Clone),6,12,1.58,1.45,0,0,False,2,0,0
2026-03-06_19.18.59,119,sign-optimization-horizontal-vertical_scenario,612,233,3,-2,-2,90,90,15,1,68885,WheelchairAgent(Clone),5,10,1.3,1.17,0,0,True,2,1,0.5
2026-03-06_19.18.59,119,sign-optimization-horizontal-vertical_scenario,612,233,3,-2,-2,90,90,15,1,68886,WheelchairAgent(Clone),10,12,1.3,1.17,0,0,False,3,0,0
2026-03-06_19.18.59,119,sign-optimization-horizontal-vertical_scenario,612,233,3,-2,-2,90,90,15,1,68887,AdultMaleAgent(Clone),6,12,1.71,1.58,0,0,False,2,0,0
2026-03-06_19.18.59,119,sign-optimization-horizontal-vertical_scenario,612,233,3,-2,-2,90,90,15,1,68888,AdultFemaleAgent(Clone),7,11,1.58,1.450001,0,0,True,2,1,0.5
2026-03-06_19.18.59,119,sign-optimization-horizontal-vertical_scenario,612,233,3,-2,-2,90,90,15,1,68889,AdultMaleAgent(Clone),10,12,1.71,1.58,0,0,False,3,0,0
2026-03-06_19.18.59,119,sign-optimization-horizontal-vertical_scenario,612,233,3,-2,-2,90,90,15,1,68890,AdultFemaleAgent(Clone),7,11,1.58,1.450001,0,0,True,2,1,0.5
2026-03-06_19.18.59,119,sign-optimization-horizontal-vertical_scenario,612,233,3,-2,-2,90,90,15,1,68891,AdultMaleAgent(Clone),6,12,1.71,1.58,0,0,False,2,0,0
2026-03-06_19.18.59,119,sign-optimization-horizontal-vertical_scenario,612,233,3,-2,-2,90,90,15,1,68892,AdultFemaleAgent(Clone),11,10,1.58,1.450001,0,0,False,3,1,0.3333333
2026-03-06_19.18.59,119,sign-optimization-horizontal-vertical_scenario,612,233,3,-2,-2,90,90,15,1,68893,AdultFemaleAgent(Clone),6,12,1.58,1.45,0,0,False,2,0,0
2026-03-06_19.18.59,119,sign-optimization-horizontal-vertical_scenario,612,233,3,-2,-2,90,90,15,1,68894,AdultMaleAgent(Clone),10,12,1.71,1.58,0,0,False,3,0,0
2026-03-06_19.18.59,119,sign-optimization-horizontal-vertical_scenario,612,233,3,-2,-2,90,90,15,1,68895,AdultMaleAgent(Clone),7,11,1.71,1.58,0,0,True,2,1,0.5
2026-03-06_19.18.59,119,sign-optimization-horizontal-vertical_scenario,612,233,3,-2,-2,90,90,15,1,68896,WheelchairAgent(Clone),11,10,1.3,1.17,0,0,False,3,1,0.3333333
2026-03-06_19.18.59,119,sign-optimization-horizontal-vertical_scenario,612,233,3,-2,-2,90,90,15,1,68897,AdultMaleAgent(Clone),5,10,1.71,1.58,0,0,True,2,1,0.5
2026-03-06_19.18.59,119,sign-optimization-horizontal-vertical_scenario,612,233,3,-2,-2,90,90,15,1,68898,WheelchairAgent(Clone),5,10,1.3,1.17,0,0,True,2,1,0.5
2026-03-06_19.18.59,119,sign-optimization-horizontal-vertical_scenario,612,233,3,-2,-2,90,90,15,1,68899,AdultMaleAgent(Clone),11,10,1.71,1.58,0,0,True,3,1,0.3333333
2026-03-06_19.18.59,119,sign-optimization-horizontal-vertical_scenario,612,233,3,-2,-2,90,90,15,1,68900,WheelchairAgent(Clone),5,10,1.3,1.17,0,0,True,2,1,0.5
2026-03-06_19.18.59,119,sign-optimization-horizontal-vertical_scenario,612,233,3,-2,-2,90,90,15,1,68901,AdultFemaleAgent(Clone),11,10,1.58,1.450001,0,0,False,3,1,0.3333333
2026-03-06_19.18.59,119,sign-optimization-horizontal-vertical_scenario,612,233,3,-2,-2,90,90,15,1,68902,AdultMaleAgent(Clone),7,11,1.71,1.58,0,0,False,2,1,0.5
2026-03-06_19.18.59,119,sign-optimization-horizontal-vertical_scenario,612,233,3,-2,-2,90,90,15,1,68903,AdultMaleAgent(Clone),11,10,1.71,1.58,2.412109,1,False,3,0,0
2026-03-06_19.18.59,119,sign-optimization-horizontal-vertical_scenario,612,233,3,-2,-2,90,90,15,1,68904,AdultFemaleAgent(Clone),11,10,1.58,1.450001,0,0,False,3,0,0
2026-03-06_19.18.59,119,sign-optimization-horizontal-vertical_scenario,612,233,3,-2,-2,90,90,15,1,68905,AdultFemaleAgent(Clone),5,10,1.58,1.45,0,0,True,2,1,0.5
2026-03-06_19.18.59,119,sign-optimization-horizontal-vertical_scenario,612,233,3,-2,-2,90,90,15,1,68906,WheelchairAgent(Clone),5,10,1.3,1.17,0,0,True,2,1,0.5
2026-03-06_19.18.59,119,sign-optimization-horizontal-vertical_scenario,612,233,3,-2,-2,90,90,15,1,68907,AdultFemaleAgent(Clone),7,11,1.58,1.450001,0,0,True,2,1,0.5
2026-03-06_19.18.59,119,sign-optimization-horizontal-vertical_scenario,612,233,3,-2,-2,90,90,15,1,68908,WheelchairAgent(Clone),11,10,1.3,1.17,0,0,False,3,1,0.3333333
2026-03-06_19.18.59,119,sign-optimization-horizontal-vertical_scenario,612,233,3,-2,-2,90,90,15,1,68909,AdultMaleAgent(Clone),7,11,1.71,1.58,0,0,True,2,1,0.5
2026-03-06_19.18.59,119,sign-optimization-horizontal-vertical_scenario,612,233,3,-2,-2,90,90,15,1,68910,AdultFemaleAgent(Clone),11,10,1.58,1.450001,0,0,False,3,0,0
2026-03-06_19.18.59,119,sign-optimization-horizontal-vertical_scenario,612,233,3,-2,-2,90,90,15,1,68911,AdultFemaleAgent(Clone),5,10,1.58,1.45,0,0,True,2,1,0.5
2026-03-06_19.18.59,119,sign-optimization-horizontal-vertical_scenario,612,233,3,-2,-2,90,90,15,1,68912,AdultMaleAgent(Clone),7,11,1.71,1.58,0,0,True,2,1,0.5
2026-03-06_19.18.59,119,sign-optimization-horizontal-vertical_scenario,612,233,3,-2,-2,90,90,15,1,68913,AdultFemaleAgent(Clone),10,12,1.58,1.45,0,0,False,3,0,0
2026-03-06_19.18.59,119,sign-optimization-horizontal-vertical_scenario,612,233,3,-2,-2,90,90,15,1,68914,AdultMaleAgent(Clone),11,10,1.71,1.58,0,0,False,3,1,0.3333333
2026-03-06_19.18.59,119,sign-optimization-horizontal-vertical_scenario,612,233,3,-2,-2,90,90,15,1,68915,WheelchairAgent(Clone),5,10,1.3,1.17,0,0,True,2,1,0.5
2026-03-06_19.18.59,119,sign-optimization-horizontal-vertical_scenario,612,233,3,-2,-2,90,90,15,1,68916,WheelchairAgent(Clone),5,10,1.3,1.17,0,0,True,2,1,0.5
2026-03-06_19.18.59,119,sign-optimization-horizontal-vertical_scenario,612,233,3,-2,-2,90,90,15,1,68917,AdultMaleAgent(Clone),5,10,1.71,1.58,0,0,True,2,1,0.5
2026-03-06_19.18.59,119,sign-optimization-horizontal-vertical_scenario,612,233,3,-2,-2,90,90,15,1,68918,WheelchairAgent(Clone),7,11,1.3,1.17,0,0,True,2,1,0.5
2026-03-06_19.18.59,119,sign-optimization-horizontal-vertical_scenario,612,233,3,-2,-2,90,90,15,1,68919,AdultMaleAgent(Clone),10,12,1.71,1.58,0,0,False,3,0,0
2026-03-06_19.18.59,119,sign-optimization-horizontal-vertical_scenario,612,233,3,-2,-2,90,90,15,1,68920,AdultMaleAgent(Clone),11,10,1.71,1.58,0,0,False,3,0,0
2026-03-06_19.18.59,119,sign-optimization-horizontal-vertical_scenario,612,233,3,-2,-2,90,90,15,1,68921,AdultMaleAgent(Clone),5,10,1.71,1.58,0,0,True,2,1,0.5
2026-03-06_19.18.59,119,sign-optimization-horizontal-vertical_scenario,612,233,3,-2,-2,90,90,15,1,68922,AdultMaleAgent(Clone),7,11,1.71,1.58,0,0,False,2,1,0.5
2026-03-06_19.18.59,119,sign-optimization-horizontal-vertical_scenario,612,233,3,-2,-2,90,90,15,1,68923,AdultFemaleAgent(Clone),5,10,1.58,1.45,0,0,False,2,1,0.5
2026-03-06_19.18.59,119,sign-optimization-horizontal-vertical_scenario,612,233,3,-2,-2,90,90,15,1,68924,WheelchairAgent(Clone),10,12,1.3,1.17,0,0,False,3,0,0
2026-03-06_19.18.59,119,sign-optimization-horizontal-vertical_scenario,612,233,3,-2,-2,90,90,15,1,68925,AdultFemaleAgent(Clone),5,10,1.58,1.45,0,0,False,2,1,0.5
2026-03-06_19.18.59,119,sign-optimization-horizontal-vertical_scenario,612,233,3,-2,-2,90,90,15,1,68926,AdultMaleAgent(Clone),7,11,1.71,1.58,0,0,False,2,0,0
2026-03-06_19.18.59,119,sign-optimization-horizontal-vertical_scenario,612,233,3,-2,-2,90,90,15,1,68927,AdultFemaleAgent(Clone),7,11,1.58,1.450001,0,0,True,2,1,0.5
2026-03-06_19.18.59,119,sign-optimization-horizontal-vertical_scenario,612,233,3,-2,-2,90,90,15,1,68928,AdultMaleAgent(Clone),6,12,1.71,1.58,0,0,False,2,0,0
2026-03-06_19.18.59,119,sign-optimization-horizontal-vertical_scenario,612,233,3,-2,-2,90,90,15,1,68929,AdultFemaleAgent(Clone),6,12,1.58,1.45,0,0,False,2,0,0
2026-03-06_19.18.59,119,sign-optimization-horizontal-vertical_scenario,612,233,3,-2,-2,90,90,15,1,68930,AdultFemaleAgent(Clone),11,10,1.58,1.450001,0,0,False,3,2,0.6666667
2026-03-06_19.18.59,119,sign-optimization-horizontal-vertical_scenario,612,233,3,-2,-2,90,90,15,1,68931,AdultMaleAgent(Clone),11,10,1.71,1.58,0,0,False,3,0,0
2026-03-06_19.18.59,119,sign-optimization-horizontal-vertical_scenario,612,233,3,-2,-2,90,90,15,1,68932,AdultMaleAgent(Clone),5,10,1.71,1.58,0,0,True,2,1,0.5
2026-03-06_19.18.59,119,sign-optimization-horizontal-vertical_scenario,612,233,3,-2,-2,90,90,15,1,68933,WheelchairAgent(Clone),11,10,1.3,1.17,0,0,False,3,0,0
2026-03-06_19.18.59,119,sign-optimization-horizontal-vertical_scenario,612,233,3,-2,-2,90,90,15,1,68934,AdultFemaleAgent(Clone),7,11,1.58,1.450001,0,0,False,2,0,0
2026-03-06_19.18.59,119,sign-optimization-horizontal-vertical_scenario,612,233,3,-2,-2,90,90,15,1,68935,WheelchairAgent(Clone),11,10,1.3,1.17,0,0,False,3,0,0
2026-03-06_19.18.59,119,sign-optimization-horizontal-vertical_scenario,612,233,3,-2,-2,90,90,15,1,68936,AdultFemaleAgent(Clone),6,12,1.58,1.45,0,0,False,2,0,0
2026-03-06_19.18.59,119,sign-optimization-horizontal-vertical_scenario,612,233,3,-2,-2,90,90,15,1,68937,WheelchairAgent(Clone),10,12,1.3,1.17,0,0,False,3,0,0
2026-03-06_19.18.59,119,sign-optimization-horizontal-vertical_scenario,612,233,3,-2,-2,90,90,15,1,68938,AdultMaleAgent(Clone),10,12,1.71,1.58,0,0,False,3,0,0
2026-03-06_19.18.59,119,sign-optimization-horizontal-vertical_scenario,612,233,3,-2,-2,90,90,15,1,68939,AdultFemaleAgent(Clone),6,12,1.58,1.45,0,0,False,2,0,0
2026-03-06_19.18.59,119,sign-optimization-horizontal-vertical_scenario,612,233,3,-2,-2,90,90,15,1,68940,WheelchairAgent(Clone),7,11,1.3,1.17,0,0,False,2,0,0
2026-03-06_19.18.59,119,sign-optimization-horizontal-vertical_scenario,612,233,3,-2,-2,90,90,15,1,68941,WheelchairAgent(Clone),7,11,1.3,1.17,0,0,False,2,1,0.5
2026-03-06_19.18.59,119,sign-optimization-horizontal-vertical_scenario,612,233,3,-2,-2,90,90,15,1,68942,WheelchairAgent(Clone),11,10,1.3,1.17,0,0,False,3,0,0
2026-03-06_19.18.59,119,sign-optimization-horizontal-vertical_scenario,612,233,3,-2,-2,90,90,15,1,68943,WheelchairAgent(Clone),6,12,1.3,1.17,0,0,False,2,0,0
2026-03-06_19.18.59,119,sign-optimization-horizontal-vertical_scenario,612,233,3,-2,-2,90,90,15,1,68944,WheelchairAgent(Clone),7,11,1.3,1.17,0,0,False,2,0,0
2026-03-06_19.18.59,119,sign-optimization-horizontal-vertical_scenario,612,233,3,-2,-2,90,90,15,1,68945,WheelchairAgent(Clone),5,10,1.3,1.17,0,0,True,2,1,0.5
2026-03-06_19.18.59,119,sign-optimization-horizontal-vertical_scenario,612,233,3,-2,-2,90,90,15,1,68946,WheelchairAgent(Clone),6,12,1.3,1.17,0,0,False,2,0,0
2026-03-06_19.18.59,119,sign-optimization-horizontal-vertical_scenario,612,233,3,-2,-2,90,90,15,1,68947,AdultMaleAgent(Clone),10,12,1.71,1.58,0,0,False,3,0,0
2026-03-06_19.18.59,119,sign-optimization-horizontal-vertical_scenario,612,233,3,-2,-2,90,90,15,1,68948,AdultFemaleAgent(Clone),6,12,1.58,1.45,0,0,False,2,0,0
2026-03-06_19.18.59,119,sign-optimization-horizontal-vertical_scenario,612,233,3,-2,-2,90,90,15,1,68949,AdultFemaleAgent(Clone),5,10,1.58,1.45,0,0,False,2,0,0
2026-03-06_19.18.59,119,sign-optimization-horizontal-vertical_scenario,612,233,3,-2,-2,90,90,15,1,68950,AdultMaleAgent(Clone),11,10,1.71,1.58,0,0,False,3,0,0
2026-03-06_19.18.59,119,sign-optimization-horizontal-vertical_scenario,612,233,3,-2,-2,90,90,15,1,68951,WheelchairAgent(Clone),10,12,1.3,1.17,0,0,False,3,0,0
2026-03-06_19.18.59,119,sign-optimization-horizontal-vertical_scenario,612,233,3,-2,-2,90,90,15,1,68952,AdultMaleAgent(Clone),5,10,1.71,1.58,0,0,False,2,1,0.5
2026-03-06_19.18.59,119,sign-optimization-horizontal-vertical_scenario,612,233,3,-2,-2,90,90,15,1,68953,AdultMaleAgent(Clone),6,12,1.71,1.58,0,0,False,2,0,0
2026-03-06_19.18.59,119,sign-optimization-horizontal-vertical_scenario,612,233,3,-2,-2,90,90,15,1,68954,AdultFemaleAgent(Clone),5,10,1.58,1.45,0,0,False,2,0,0
2026-03-06_19.18.59,119,sign-optimization-horizontal-vertical_scenario,612,233,3,-2,-2,90,90,15,1,68955,AdultMaleAgent(Clone),6,12,1.71,1.58,0,0,False,2,0,0
2026-03-06_19.18.59,119,sign-optimization-horizontal-vertical_scenario,612,233,3,-2,-2,90,90,15,1,68956,WheelchairAgent(Clone),5,10,1.3,1.17,0,0,False,2,1,0.5
2026-03-06_19.18.59,119,sign-optimization-horizontal-vertical_scenario,612,233,3,-2,-2,90,90,15,1,68957,WheelchairAgent(Clone),5,10,1.3,1.17,0,0,False,2,0,0
2026-03-06_19.18.59,119,sign-optimization-horizontal-vertical_scenario,612,233,3,-2,-2,90,90,15,1,68958,AdultFemaleAgent(Clone),6,12,1.58,1.45,0,0,False,2,0,0
2026-03-06_19.18.59,119,sign-optimization-horizontal-vertical_scenario,612,233,3,-2,-2,90,90,15,1,68959,AdultFemaleAgent(Clone),7,11,1.58,1.450001,0,0,False,2,0,0
2026-03-06_19.18.59,119,sign-optimization-horizontal-vertical_scenario,612,233,3,-2,-2,90,90,15,1,68960,AdultMaleAgent(Clone),11,10,1.71,1.58,0,0,False,3,0,0
2026-03-06_19.18.59,119,sign-optimization-horizontal-vertical_scenario,612,233,3,-2,-2,90,90,15,1,68961,AdultMaleAgent(Clone),11,10,1.71,1.58,0,0,False,3,0,0
2026-03-06_19.18.59,119,sign-optimization-horizontal-vertical_scenario,612,233,3,-2,-2,90,90,15,1,68962,AdultFemaleAgent(Clone),7,11,1.58,1.450001,0,0,False,2,0,0
2026-03-06_19.18.59,119,sign-optimization-horizontal-vertical_scenario,612,233,3,-2,-2,90,90,15,1,68963,WheelchairAgent(Clone),11,10,1.3,1.17,0,0,False,3,0,0
2026-03-06_19.18.59,119,sign-optimization-horizontal-vertical_scenario,612,233,3,-2,-2,90,90,15,1,68964,AdultMaleAgent(Clone),5,10,1.71,1.58,0,0,False,2,0,0
2026-03-06_19.18.59,119,sign-optimization-horizontal-vertical_scenario,612,233,3,-2,-2,90,90,15,1,68965,AdultMaleAgent(Clone),5,10,1.71,1.58,0,0,False,2,0,0
2026-03-06_19.18.59,119,sign-optimization-horizontal-vertical_scenario,612,233,3,-2,-2,90,90,15,1,68966,AdultMaleAgent(Clone),6,12,1.71,1.58,0,0,False,2,0,0
2026-03-06_19.18.59,119,sign-optimization-horizontal-vertical_scenario,612,233,3,-2,-2,90,90,15,1,68967,AdultFemaleAgent(Clone),10,12,1.58,1.45,0,0,False,3,0,0
2026-03-06_19.18.59,119,sign-optimization-horizontal-vertical_scenario,612,233,3,-2,-2,90,90,15,1,68968,WheelchairAgent(Clone),7,11,1.3,1.17,0,0,False,2,0,0
2026-03-06_19.18.59,119,sign-optimization-horizontal-vertical_scenario,612,233,3,-2,-2,90,90,15,1,68969,AdultMaleAgent(Clone),7,11,1.71,1.58,0,0,False,2,0,0
2026-03-06_19.18.59,119,sign-optimization-horizontal-vertical_scenario,612,233,3,-2,-2,90,90,15,1,68970,WheelchairAgent(Clone),7,11,1.3,1.17,0,0,False,2,0,0
2026-03-06_19.18.59,119,sign-optimization-horizontal-vertical_scenario,612,233,3,-2,-2,90,90,15,1,68971,AdultMaleAgent(Clone),10,12,1.71,1.58,0,0,False,3,0,0
2026-03-06_19.18.59,119,sign-optimization-horizontal-vertical_scenario,612,233,3,-2,-2,90,90,15,1,68972,AdultFemaleAgent(Clone),5,10,1.58,1.45,0,0,False,2,0,0
2026-03-06_19.18.59,119,sign-optimization-horizontal-vertical_scenario,612,233,3,-2,-2,90,90,15,1,68973,AdultMaleAgent(Clone),10,12,1.71,1.58,0,0,False,3,0,0
2026-03-06_19.18.59,119,sign-optimization-horizontal-vertical_scenario,612,233,3,-2,-2,90,90,15,1,68974,WheelchairAgent(Clone),6,12,1.3,1.17,0,0,False,2,0,0
2026-03-06_19.18.59,119,sign-optimization-horizontal-vertical_scenario,612,233,3,-2,-2,90,90,15,1,68975,AdultMaleAgent(Clone),11,10,1.71,1.58,0,0,False,3,0,0
2026-03-06_19.18.59,119,sign-optimization-horizontal-vertical_scenario,612,233,3,-2,-2,90,90,15,1,68976,AdultFemaleAgent(Clone),7,11,1.58,1.450001,0,0,False,2,0,0
2026-03-06_19.18.59,119,sign-optimization-horizontal-vertical_scenario,612,233,3,-2,-2,90,90,15,1,68977,AdultMaleAgent(Clone),11,10,1.71,1.58,0,0,False,3,0,0
2026-03-06_19.18.59,119,sign-optimization-horizontal-vertical_scenario,612,233,3,-2,-2,90,90,15,1,68978,AdultFemaleAgent(Clone),10,12,1.58,1.45,0,0,False,3,0,0
2026-03-06_19.18.59,119,sign-optimization-horizontal-vertical_scenario,612,233,3,-2,-2,90,90,15,1,68979,AdultMaleAgent(Clone),6,12,1.71,1.58,0,0,False,2,0,0
2026-03-06_19.18.59,119,sign-optimization-horizontal-vertical_scenario,612,233,3,-2,-2,90,90,15,1,68980,AdultMaleAgent(Clone),11,10,1.71,1.58,0,0,False,3,0,0
2026-03-06_19.18.59,119,sign-optimization-horizontal-vertical_scenario,612,233,3,-2,-2,90,90,15,1,68981,WheelchairAgent(Clone),10,12,1.3,1.17,0,0,False,3,0,0
2026-03-06_19.18.59,119,sign-optimization-horizontal-vertical_scenario,612,233,3,-2,-2,90,90,15,1,68982,AdultFemaleAgent(Clone),11,10,1.58,1.450001,0,0,False,3,0,0
2026-03-06_19.18.59,119,sign-optimization-horizontal-vertical_scenario,612,233,3,-2,-2,90,90,15,1,68983,AdultFemaleAgent(Clone),6,12,1.58,1.45,0,0,False,2,0,0
2026-03-06_19.18.59,119,sign-optimization-horizontal-vertical_scenario,612,233,3,-2,-2,90,90,15,1,68984,WheelchairAgent(Clone),11,10,1.3,1.17,0,0,False,3,0,0
2026-03-06_19.18.59,119,sign-optimization-horizontal-vertical_scenario,612,233,3,-2,-2,90,90,15,1,68985,AdultMaleAgent(Clone),5,10,1.71,1.58,0,0,False,2,0,0
2026-03-06_19.18.59,119,sign-optimization-horizontal-vertical_scenario,612,233,3,-2,-2,90,90,15,1,68986,WheelchairAgent(Clone),6,12,1.3,1.17,0,0,False,2,0,0
2026-03-06_19.18.59,119,sign-optimization-horizontal-vertical_scenario,612,233,3,-2,-2,90,90,15,1,68987,AdultMaleAgent(Clone),6,12,1.71,1.58,0,0,False,2,0,0
2026-03-06_19.18.59,119,sign-optimization-horizontal-vertical_scenario,612,233,3,-2,-2,90,90,15,1,68988,AdultMaleAgent(Clone),5,10,1.71,1.58,0,0,False,2,0,0
2026-03-06_19.18.59,119,sign-optimization-horizontal-vertical_scenario,612,233,3,-2,-2,90,90,15,1,68989,AdultFemaleAgent(Clone),7,11,1.58,1.450001,0,0,False,2,0,0
2026-03-06_19.18.59,119,sign-optimization-horizontal-vertical_scenario,612,233,3,-2,-2,90,90,15,1,68990,WheelchairAgent(Clone),5,10,1.3,1.17,0,0,False,2,0,0
2026-03-06_19.18.59,119,sign-optimization-horizontal-vertical_scenario,612,233,3,-2,-2,90,90,15,1,68991,AdultMaleAgent(Clone),10,12,1.71,1.58,0,0,False,3,0,0
2026-03-06_19.18.59,119,sign-optimization-horizontal-vertical_scenario,612,233,3,-2,-2,90,90,15,1,68992,AdultFemaleAgent(Clone),5,10,1.58,1.45,0,0,False,2,0,0
2026-03-06_19.18.59,119,sign-optimization-horizontal-vertical_scenario,612,233,3,-2,-2,90,90,15,1,68993,WheelchairAgent(Clone),11,10,1.3,1.17,0,0,False,3,0,0
2026-03-06_19.18.59,119,sign-optimization-horizontal-vertical_scenario,612,233,3,-2,-2,90,90,15,1,68994,WheelchairAgent(Clone),7,11,1.3,1.17,0,0,False,2,0,0
2026-03-06_19.18.59,119,sign-optimization-horizontal-vertical_scenario,612,233,3,-2,-2,90,90,15,1,68995,AdultMaleAgent(Clone),5,10,1.71,1.58,0,0,False,2,0,0
2026-03-06_19.18.59,119,sign-optimization-horizontal-vertical_scenario,612,233,3,-2,-2,90,90,15,1,68996,AdultFemaleAgent(Clone),7,11,1.58,1.450001,0,0,False,2,0,0
2026-03-06_19.18.59,119,sign-optimization-horizontal-vertical_scenario,612,233,3,-2,-2,90,90,15,1,68997,AdultFemaleAgent(Clone),10,12,1.58,1.45,0,0,False,3,0,0
2026-03-06_19.18.59,119,sign-optimization-horizontal-vertical_scenario,612,233,3,-2,-2,90,90,15,1,68998,AdultFemaleAgent(Clone),7,11,1.58,1.450001,0,0,False,2,0,0
2026-03-06_19.18.59,119,sign-optimization-horizontal-vertical_scenario,612,233,3,-2,-2,90,90,15,1,68999,AdultFemaleAgent(Clone),6,12,1.58,1.45,0,0,False,2,0,0
2026-03-06_19.18.59,119,sign-optimization-horizontal-vertical_scenario,612,233,3,-2,-2,90,90,15,1,69000,AdultFemaleAgent(Clone),7,11,1.58,1.450001,0,0,False,2,0,0
2026-03-06_19.18.59,119,sign-optimization-horizontal-vertical_scenario,612,233,3,-2,-2,90,90,15,1,69001,WheelchairAgent(Clone),11,10,1.3,1.17,0,0,False,3,0,0
2026-03-06_19.18.59,119,sign-optimization-horizontal-vertical_scenario,612,233,3,-2,-2,90,90,15,1,69002,AdultMaleAgent(Clone),7,11,1.71,1.58,0,0,False,2,0,0
2026-03-06_19.18.59,119,sign-optimization-horizontal-vertical_scenario,612,233,3,-2,-2,90,90,15,1,69003,WheelchairAgent(Clone),6,12,1.3,1.17,0,0,False,2,0,0
2026-03-06_19.18.59,119,sign-optimization-horizontal-vertical_scenario,612,233,3,-2,-2,90,90,15,1,69004,AdultFemaleAgent(Clone),10,12,1.58,1.45,0,0,False,3,0,0
2026-03-06_19.18.59,119,sign-optimization-horizontal-vertical_scenario,612,233,3,-2,-2,90,90,15,1,69005,AdultFemaleAgent(Clone),6,12,1.58,1.45,0,0,False,2,0,0
2026-03-06_19.18.59,119,sign-optimization-horizontal-vertical_scenario,612,233,3,-2,-2,90,90,15,1,69006,WheelchairAgent(Clone),11,10,1.3,1.17,0,0,False,3,0,0
2026-03-06_19.18.59,119,sign-optimization-horizontal-vertical_scenario,612,233,3,-2,-2,90,90,15,1,69007,AdultFemaleAgent(Clone),6,12,1.58,1.45,0,0,False,2,0,0
2026-03-06_19.18.59,119,sign-optimization-horizontal-vertical_scenario,612,233,3,-2,-2,90,90,15,1,69008,WheelchairAgent(Clone),11,10,1.3,1.17,0,0,False,3,0,0
2026-03-06_19.18.59,119,sign-optimization-horizontal-vertical_scenario,612,233,3,-2,-2,90,90,15,1,69009,WheelchairAgent(Clone),6,12,1.3,1.17,0,0,False,2,0,0
2026-03-06_19.18.59,119,sign-optimization-horizontal-vertical_scenario,612,233,3,-2,-2,90,90,15,1,69010,AdultFemaleAgent(Clone),10,12,1.58,1.45,0,0,False,3,0,0
2026-03-06_19.18.59,119,sign-optimization-horizontal-vertical_scenario,612,233,3,-2,-2,90,90,15,1,69011,WheelchairAgent(Clone),6,12,1.3,1.17,0,0,False,2,0,0
2026-03-06_19.18.59,119,sign-optimization-horizontal-vertical_scenario,612,233,3,-2,-2,90,90,15,1,69012,AdultFemaleAgent(Clone),5,10,1.58,1.45,0,0,False,2,0,0
2026-03-06_19.18.59,119,sign-optimization-horizontal-vertical_scenario,612,233,3,-2,-2,90,90,15,1,69013,AdultMaleAgent(Clone),5,10,1.71,1.58,0,0,False,2,0,0
2026-03-06_19.18.59,119,sign-optimization-horizontal-vertical_scenario,612,233,3,-2,-2,90,90,15,1,69014,AdultMaleAgent(Clone),10,12,1.71,1.58,0,0,False,3,0,0
2026-03-06_19.18.59,119,sign-optimization-horizontal-vertical_scenario,612,233,3,-2,-2,90,90,15,1,69015,AdultFemaleAgent(Clone),6,12,1.58,1.45,0,0,False,2,0,0
2026-03-06_19.18.59,119,sign-optimization-horizontal-vertical_scenario,612,233,3,-2,-2,90,90,15,1,69016,AdultFemaleAgent(Clone),5,10,1.58,1.45,0,0,False,2,0,0
2026-03-06_19.18.59,119,sign-optimization-horizontal-vertical_scenario,612,233,3,-2,-2,90,90,15,1,69017,WheelchairAgent(Clone),6,12,1.3,1.17,0,0,False,2,0,0
2026-03-06_19.18.59,119,sign-optimization-horizontal-vertical_scenario,612,233,3,-2,-2,90,90,15,1,69018,AdultMaleAgent(Clone),11,10,1.71,1.58,0,0,False,3,0,0
2026-03-06_19.18.59,119,sign-optimization-horizontal-vertical_scenario,612,233,3,-2,-2,90,90,15,1,69019,AdultMaleAgent(Clone),7,11,1.71,1.58,0,0,False,2,0,0
2026-03-06_19.18.59,119,sign-optimization-horizontal-vertical_scenario,612,233,3,-2,-2,90,90,15,1,69020,AdultFemaleAgent(Clone),11,10,1.58,1.450001,0,0,False,3,0,0
2026-03-06_19.18.59,119,sign-optimization-horizontal-vertical_scenario,612,233,3,-2,-2,90,90,15,1,69021,WheelchairAgent(Clone),5,10,1.3,1.17,0,0,False,2,0,0
2026-03-06_19.18.59,119,sign-optimization-horizontal-vertical_scenario,612,233,3,-2,-2,90,90,15,1,69022,WheelchairAgent(Clone),11,10,1.3,1.17,0,0,False,3,0,0
2026-03-06_19.18.59,119,sign-optimization-horizontal-vertical_scenario,612,233,3,-2,-2,90,90,15,1,69023,WheelchairAgent(Clone),6,12,1.3,1.17,0,0,False,2,0,0
2026-03-06_19.18.59,119,sign-optimization-horizontal-vertical_scenario,612,233,3,-2,-2,90,90,15,1,69024,AdultMaleAgent(Clone),5,10,1.71,1.58,0,0,False,2,0,0
2026-03-06_19.18.59,119,sign-optimization-horizontal-vertical_scenario,612,233,3,-2,-2,90,90,15,1,69025,AdultMaleAgent(Clone),5,10,1.71,1.58,0,0,False,2,0,0
2026-03-06_19.18.59,119,sign-optimization-horizontal-vertical_scenario,612,233,3,-2,-2,90,90,15,1,69026,WheelchairAgent(Clone),5,10,1.3,1.17,0,0,False,2,0,0
2026-03-06_19.18.59,119,sign-optimization-horizontal-vertical_scenario,612,233,3,-2,-2,90,90,15,1,69027,AdultFemaleAgent(Clone),7,11,1.58,1.450001,0,0,False,2,0,0
2026-03-06_19.18.59,119,sign-optimization-horizontal-vertical_scenario,612,233,3,-2,-2,90,90,15,1,69028,WheelchairAgent(Clone),11,10,1.3,1.17,0,0,False,3,0,0
2026-03-06_19.18.59,119,sign-optimization-horizontal-vertical_scenario,612,233,3,-2,-2,90,90,15,1,69029,WheelchairAgent(Clone),7,11,1.3,1.17,0,0,False,2,0,0
2026-03-06_19.18.59,119,sign-optimization-horizontal-vertical_scenario,612,233,3,-2,-2,90,90,15,1,69030,WheelchairAgent(Clone),10,12,1.3,1.17,0,0,False,3,0,0
2026-03-06_19.18.59,119,sign-optimization-horizontal-vertical_scenario,612,233,3,-2,-2,90,90,15,1,69031,WheelchairAgent(Clone),11,10,1.3,1.17,0,0,False,3,0,0
2026-03-06_19.18.59,119,sign-optimization-horizontal-vertical_scenario,612,233,3,-2,-2,90,90,15,1,69032,WheelchairAgent(Clone),11,10,1.3,1.17,0,0,False,3,0,0
2026-03-06_19.18.59,119,sign-optimization-horizontal-vertical_scenario,612,233,3,-2,-2,90,90,15,1,69033,AdultFemaleAgent(Clone),10,12,1.58,1.45,0,0,False,3,0,0
2026-03-06_19.18.59,119,sign-optimization-horizontal-vertical_scenario,612,233,3,-2,-2,90,90,15,1,69034,AdultFemaleAgent(Clone),6,12,1.58,1.45,0,0,False,2,0,0
2026-03-06_19.18.59,119,sign-optimization-horizontal-vertical_scenario,612,233,3,-2,-2,90,90,15,1,69035,AdultMaleAgent(Clone),11,10,1.71,1.58,0,0,False,3,0,0
2026-03-06_19.18.59,119,sign-optimization-horizontal-vertical_scenario,612,233,3,-2,-2,90,90,15,1,69036,AdultFemaleAgent(Clone),5,10,1.58,1.45,0,0,False,2,0,0
2026-03-06_19.18.59,119,sign-optimization-horizontal-vertical_scenario,612,233,3,-2,-2,90,90,15,1,69037,AdultFemaleAgent(Clone),11,10,1.58,1.450001,0,0,False,3,0,0
2026-03-06_19.18.59,119,sign-optimization-horizontal-vertical_scenario,612,233,3,-2,-2,90,90,15,1,69038,WheelchairAgent(Clone),5,10,1.3,1.17,0,0,False,2,0,0
2026-03-06_19.18.59,119,sign-optimization-horizontal-vertical_scenario,612,233,3,-2,-2,90,90,15,1,69039,AdultMaleAgent(Clone),6,12,1.71,1.58,0,0,False,2,0,0
2026-03-06_19.18.59,119,sign-optimization-horizontal-vertical_scenario,612,233,3,-2,-2,90,90,15,1,69040,AdultFemaleAgent(Clone),7,11,1.58,1.450001,0,0,False,2,0,0
2026-03-06_19.18.59,119,sign-optimization-horizontal-vertical_scenario,612,233,3,-2,-2,90,90,15,1,69041,AdultMaleAgent(Clone),5,10,1.71,1.58,0,0,False,2,0,0
2026-03-06_19.18.59,119,sign-optimization-horizontal-vertical_scenario,612,233,3,-2,-2,90,90,15,1,69042,AdultMaleAgent(Clone),5,10,1.71,1.58,0,0,False,2,0,0
2026-03-06_19.18.59,119,sign-optimization-horizontal-vertical_scenario,612,233,3,-2,-2,90,90,15,1,69043,WheelchairAgent(Clone),6,12,1.3,1.17,0,0,False,2,0,0
2026-03-06_19.18.59,119,sign-optimization-horizontal-vertical_scenario,612,233,3,-2,-2,90,90,15,1,69044,AdultFemaleAgent(Clone),11,10,1.58,1.450001,0,0,False,3,0,0
2026-03-06_19.18.59,119,sign-optimization-horizontal-vertical_scenario,612,233,3,-2,-2,90,90,15,1,69045,AdultFemaleAgent(Clone),6,12,1.58,1.45,0,0,False,2,0,0
2026-03-06_19.18.59,119,sign-optimization-horizontal-vertical_scenario,612,233,3,-2,-2,90,90,15,1,69046,AdultFemaleAgent(Clone),10,12,1.58,1.45,0,0,False,3,0,0
2026-03-06_19.18.59,119,sign-optimization-horizontal-vertical_scenario,612,233,3,-2,-2,90,90,15,1,69047,WheelchairAgent(Clone),10,12,1.3,1.17,0,0,False,3,0,0
2026-03-06_19.18.59,119,sign-optimization-horizontal-vertical_scenario,612,233,3,-2,-2,90,90,15,1,69048,WheelchairAgent(Clone),10,12,1.3,1.17,0,0,False,3,0,0
2026-03-06_19.18.59,119,sign-optimization-horizontal-vertical_scenario,612,233,3,-2,-2,90,90,15,1,69049,WheelchairAgent(Clone),5,10,1.3,1.17,0,0,False,2,0,0
