Timestamp,RunIndex,ScenarioID,TotalAgents,VisibleSignCount,SignHeight,SignPositionX,SignPositionZ,SignOrientation,VcaAngle,VcaDistance,SignComprehensionTime,AgentID,AgentType,StartNode,GoalNode,Height,EyeHeight,TimeInVCA,TimesInVCA,SawSign,TotalNodesNavigated,NodesWithDetection,RDEffective
2026-03-06_18.31.58,72,sign-optimization-horizontal-vertical_scenario,623,215,3,5,-5,90,90,15,1,40984,WheelchairAgent(Clone),6,12,1.3,1.17,3.282227,1,False,2,1,0.5
2026-03-06_18.31.58,72,sign-optimization-horizontal-vertical_scenario,623,215,3,5,-5,90,90,15,1,40985,AdultFemaleAgent(Clone),5,10,1.58,1.45,0,0,False,2,0,0
2026-03-06_18.31.58,72,sign-optimization-horizontal-vertical_scenario,623,215,3,5,-5,90,90,15,1,40986,AdultFemaleAgent(Clone),11,10,1.58,1.450001,11.2666,1,True,3,2,0.6666667
2026-03-06_18.31.58,72,sign-optimization-horizontal-vertical_scenario,623,215,3,5,-5,90,90,15,1,40987,AdultMaleAgent(Clone),5,10,1.71,1.58,0,0,False,2,0,0
2026-03-06_18.31.58,72,sign-optimization-horizontal-vertical_scenario,623,215,3,5,-5,90,90,15,1,40988,AdultMaleAgent(Clone),6,12,1.71,1.58,6.24707,1,True,2,1,0.5
2026-03-06_18.31.58,72,sign-optimization-horizontal-vertical_scenario,623,215,3,5,-5,90,90,15,1,40989,WheelchairAgent(Clone),10,12,1.3,1.17,0,0,False,3,0,0
2026-03-06_18.31.58,72,sign-optimization-horizontal-vertical_scenario,623,215,3,5,-5,90,90,15,1,40990,AdultMaleAgent(Clone),5,10,1.71,1.58,4.715332,1,False,2,0,0
2026-03-06_18.31.58,72,sign-optimization-horizontal-vertical_scenario,623,215,3,5,-5,90,90,15,1,40991,AdultMaleAgent(Clone),6,12,1.71,1.58,5.398926,1,True,2,1,0.5
2026-03-06_18.31.58,72,sign-optimization-horizontal-vertical_scenario,623,215,3,5,-5,90,90,15,1,40992,AdultFemaleAgent(Clone),7,11,1.58,1.450001,12.26367,2,True,2,1,0.5
2026-03-06_18.31.58,72,sign-optimization-horizontal-vertical_scenario,623,215,3,5,-5,90,90,15,1,40993,AdultMaleAgent(Clone),10,12,1.71,1.58,1.259766,1,False,3,0,0
2026-03-06_18.31.58,72,sign-optimization-horizontal-vertical_scenario,623,215,3,5,-5,90,90,15,1,40994,AdultFemaleAgent(Clone),5,10,1.58,1.45,0,0,False,2,0,0
2026-03-06_18.31.58,72,sign-optimization-horizontal-vertical_scenario,623,215,3,5,-5,90,90,15,1,40995,WheelchairAgent(Clone),6,12,1.3,1.17,6.660645,1,True,2,1,0.5
2026-03-06_18.31.58,72,sign-optimization-horizontal-vertical_scenario,623,215,3,5,-5,90,90,15,1,40996,AdultMaleAgent(Clone),7,11,1.71,1.58,9.651855,2,True,2,1,0.5
2026-03-06_18.31.58,72,sign-optimization-horizontal-vertical_scenario,623,215,3,5,-5,90,90,15,1,40997,AdultFemaleAgent(Clone),5,10,1.58,1.45,0,0,False,2,0,0
2026-03-06_18.31.58,72,sign-optimization-horizontal-vertical_scenario,623,215,3,5,-5,90,90,15,1,40998,AdultFemaleAgent(Clone),5,10,1.58,1.45,0,0,False,2,0,0
2026-03-06_18.31.58,72,sign-optimization-horizontal-vertical_scenario,623,215,3,5,-5,90,90,15,1,40999,AdultMaleAgent(Clone),10,12,1.71,1.58,0.3979492,1,False,3,0,0
2026-03-06_18.31.58,72,sign-optimization-horizontal-vertical_scenario,623,215,3,5,-5,90,90,15,1,41000,WheelchairAgent(Clone),7,11,1.3,1.17,9.861816,2,True,2,1,0.5
2026-03-06_18.31.58,72,sign-optimization-horizontal-vertical_scenario,623,215,3,5,-5,90,90,15,1,41001,AdultFemaleAgent(Clone),6,12,1.58,1.45,3.538574,1,False,2,1,0.5
2026-03-06_18.31.58,72,sign-optimization-horizontal-vertical_scenario,623,215,3,5,-5,90,90,15,1,41002,AdultMaleAgent(Clone),11,10,1.71,1.58,10.5625,1,True,3,1,0.3333333
2026-03-06_18.31.58,72,sign-optimization-horizontal-vertical_scenario,623,215,3,5,-5,90,90,15,1,41003,AdultFemaleAgent(Clone),11,10,1.58,1.450001,8.870117,1,True,3,2,0.6666667
2026-03-06_18.31.58,72,sign-optimization-horizontal-vertical_scenario,623,215,3,5,-5,90,90,15,1,41004,AdultMaleAgent(Clone),6,12,1.71,1.58,0,0,False,2,0,0
2026-03-06_18.31.58,72,sign-optimization-horizontal-vertical_scenario,623,215,3,5,-5,90,90,15,1,41005,AdultMaleAgent(Clone),5,10,1.71,1.58,0,0,False,2,0,0
2026-03-06_18.31.58,72,sign-optimization-horizontal-vertical_scenario,623,215,3,5,-5,90,90,15,1,41006,WheelchairAgent(Clone),6,12,1.3,1.17,4.726074,1,False,2,1,0.5
2026-03-06_18.31.58,72,sign-optimization-horizontal-vertical_scenario,623,215,3,5,-5,90,90,15,1,41007,WheelchairAgent(Clone),10,12,1.3,1.17,2.503418,1,False,3,0,0
2026-03-06_18.31.58,72,sign-optimization-horizontal-vertical_scenario,623,215,3,5,-5,90,90,15,1,41008,WheelchairAgent(Clone),5,10,1.3,1.17,0,0,False,2,0,0
2026-03-06_18.31.58,72,sign-optimization-horizontal-vertical_scenario,623,215,3,5,-5,90,90,15,1,41009,WheelchairAgent(Clone),11,10,1.3,1.17,8.385254,1,True,3,1,0.3333333
2026-03-06_18.31.58,72,sign-optimization-horizontal-vertical_scenario,623,215,3,5,-5,90,90,15,1,41010,AdultFemaleAgent(Clone),11,10,1.58,1.450001,10.27246,1,True,3,1,0.3333333
2026-03-06_18.31.58,72,sign-optimization-horizontal-vertical_scenario,623,215,3,5,-5,90,90,15,1,41011,AdultMaleAgent(Clone),11,10,1.71,1.58,9.837402,1,True,3,2,0.6666667
2026-03-06_18.31.58,72,sign-optimization-horizontal-vertical_scenario,623,215,3,5,-5,90,90,15,1,41012,AdultMaleAgent(Clone),10,12,1.71,1.58,0.8168945,1,False,3,0,0
2026-03-06_18.31.58,72,sign-optimization-horizontal-vertical_scenario,623,215,3,5,-5,90,90,15,1,41013,AdultMaleAgent(Clone),11,10,1.71,1.58,9.501953,1,True,3,2,0.6666667
2026-03-06_18.31.58,72,sign-optimization-horizontal-vertical_scenario,623,215,3,5,-5,90,90,15,1,41014,AdultFemaleAgent(Clone),10,12,1.58,1.45,2.36084,1,False,3,0,0
2026-03-06_18.31.58,72,sign-optimization-horizontal-vertical_scenario,623,215,3,5,-5,90,90,15,1,41015,AdultFemaleAgent(Clone),7,11,1.58,1.450001,9.649414,2,True,2,1,0.5
2026-03-06_18.31.58,72,sign-optimization-horizontal-vertical_scenario,623,215,3,5,-5,90,90,15,1,41016,AdultFemaleAgent(Clone),11,10,1.58,1.450001,11.3374,1,True,3,1,0.3333333
2026-03-06_18.31.58,72,sign-optimization-horizontal-vertical_scenario,623,215,3,5,-5,90,90,15,1,41017,AdultMaleAgent(Clone),5,10,1.71,1.58,7.91748,1,False,2,0,0
2026-03-06_18.31.58,72,sign-optimization-horizontal-vertical_scenario,623,215,3,5,-5,90,90,15,1,41018,WheelchairAgent(Clone),7,11,1.3,1.17,10.04443,2,True,2,1,0.5
2026-03-06_18.31.58,72,sign-optimization-horizontal-vertical_scenario,623,215,3,5,-5,90,90,15,1,41019,AdultMaleAgent(Clone),7,11,1.71,1.58,9.123535,2,True,2,1,0.5
2026-03-06_18.31.58,72,sign-optimization-horizontal-vertical_scenario,623,215,3,5,-5,90,90,15,1,41020,AdultMaleAgent(Clone),10,12,1.71,1.58,0,0,False,3,0,0
2026-03-06_18.31.58,72,sign-optimization-horizontal-vertical_scenario,623,215,3,5,-5,90,90,15,1,41021,AdultFemaleAgent(Clone),7,11,1.58,1.450001,11.84863,2,True,2,1,0.5
2026-03-06_18.31.58,72,sign-optimization-horizontal-vertical_scenario,623,215,3,5,-5,90,90,15,1,41022,AdultMaleAgent(Clone),5,10,1.71,1.58,0,0,False,2,0,0
2026-03-06_18.31.58,72,sign-optimization-horizontal-vertical_scenario,623,215,3,5,-5,90,90,15,1,41023,WheelchairAgent(Clone),11,10,1.3,1.17,9.881836,1,True,3,1,0.3333333
2026-03-06_18.31.58,72,sign-optimization-horizontal-vertical_scenario,623,215,3,5,-5,90,90,15,1,41024,WheelchairAgent(Clone),11,10,1.3,1.17,9.703125,1,True,3,2,0.6666667
2026-03-06_18.31.58,72,sign-optimization-horizontal-vertical_scenario,623,215,3,5,-5,90,90,15,1,41025,AdultFemaleAgent(Clone),7,11,1.58,1.450001,6.955566,2,True,2,1,0.5
2026-03-06_18.31.58,72,sign-optimization-horizontal-vertical_scenario,623,215,3,5,-5,90,90,15,1,41026,AdultFemaleAgent(Clone),11,10,1.58,1.450001,9.51123,1,True,3,1,0.3333333
2026-03-06_18.31.58,72,sign-optimization-horizontal-vertical_scenario,623,215,3,5,-5,90,90,15,1,41027,WheelchairAgent(Clone),7,11,1.3,1.17,9.627441,2,True,2,1,0.5
2026-03-06_18.31.58,72,sign-optimization-horizontal-vertical_scenario,623,215,3,5,-5,90,90,15,1,41028,WheelchairAgent(Clone),5,10,1.3,1.17,4.707031,1,False,2,0,0
2026-03-06_18.31.58,72,sign-optimization-horizontal-vertical_scenario,623,215,3,5,-5,90,90,15,1,41029,WheelchairAgent(Clone),5,10,1.3,1.17,0,0,False,2,0,0
2026-03-06_18.31.58,72,sign-optimization-horizontal-vertical_scenario,623,215,3,5,-5,90,90,15,1,41030,AdultFemaleAgent(Clone),5,10,1.58,1.45,2,1,False,2,0,0
2026-03-06_18.31.58,72,sign-optimization-horizontal-vertical_scenario,623,215,3,5,-5,90,90,15,1,41031,AdultMaleAgent(Clone),7,11,1.71,1.58,12.21729,2,True,2,1,0.5
2026-03-06_18.31.58,72,sign-optimization-horizontal-vertical_scenario,623,215,3,5,-5,90,90,15,1,41032,AdultMaleAgent(Clone),5,10,1.71,1.58,0,0,False,2,0,0
2026-03-06_18.31.58,72,sign-optimization-horizontal-vertical_scenario,623,215,3,5,-5,90,90,15,1,41033,AdultFemaleAgent(Clone),6,12,1.58,1.45,2.715332,1,False,2,1,0.5
2026-03-06_18.31.58,72,sign-optimization-horizontal-vertical_scenario,623,215,3,5,-5,90,90,15,1,41034,AdultFemaleAgent(Clone),5,10,1.58,1.45,0,0,False,2,0,0
2026-03-06_18.31.58,72,sign-optimization-horizontal-vertical_scenario,623,215,3,5,-5,90,90,15,1,41035,AdultFemaleAgent(Clone),10,12,1.58,1.45,0.5917969,1,False,3,0,0
2026-03-06_18.31.58,72,sign-optimization-horizontal-vertical_scenario,623,215,3,5,-5,90,90,15,1,41036,AdultMaleAgent(Clone),5,10,1.71,1.58,0,0,False,2,0,0
2026-03-06_18.31.58,72,sign-optimization-horizontal-vertical_scenario,623,215,3,5,-5,90,90,15,1,41037,WheelchairAgent(Clone),10,12,1.3,1.17,0.8154297,1,False,3,0,0
2026-03-06_18.31.58,72,sign-optimization-horizontal-vertical_scenario,623,215,3,5,-5,90,90,15,1,41038,WheelchairAgent(Clone),10,12,1.3,1.17,0,0,False,3,0,0
2026-03-06_18.31.58,72,sign-optimization-horizontal-vertical_scenario,623,215,3,5,-5,90,90,15,1,41039,AdultMaleAgent(Clone),10,12,1.71,1.58,0,0,False,3,0,0
2026-03-06_18.31.58,72,sign-optimization-horizontal-vertical_scenario,623,215,3,5,-5,90,90,15,1,41040,AdultFemaleAgent(Clone),6,12,1.58,1.45,5.306641,1,False,2,1,0.5
2026-03-06_18.31.58,72,sign-optimization-horizontal-vertical_scenario,623,215,3,5,-5,90,90,15,1,41041,WheelchairAgent(Clone),10,12,1.3,1.17,0.6503906,1,False,3,0,0
2026-03-06_18.31.58,72,sign-optimization-horizontal-vertical_scenario,623,215,3,5,-5,90,90,15,1,41042,AdultFemaleAgent(Clone),11,10,1.58,1.450001,9.885742,1,True,3,2,0.6666667
2026-03-06_18.31.58,72,sign-optimization-horizontal-vertical_scenario,623,215,3,5,-5,90,90,15,1,41043,WheelchairAgent(Clone),10,12,1.3,1.17,0,0,False,3,0,0
2026-03-06_18.31.58,72,sign-optimization-horizontal-vertical_scenario,623,215,3,5,-5,90,90,15,1,41044,WheelchairAgent(Clone),5,10,1.3,1.17,0,0,False,2,0,0
2026-03-06_18.31.58,72,sign-optimization-horizontal-vertical_scenario,623,215,3,5,-5,90,90,15,1,41045,AdultFemaleAgent(Clone),11,10,1.58,1.450001,10.34619,1,True,3,1,0.3333333
2026-03-06_18.31.58,72,sign-optimization-horizontal-vertical_scenario,623,215,3,5,-5,90,90,15,1,41046,AdultFemaleAgent(Clone),5,10,1.58,1.45,2.927734,1,False,2,0,0
2026-03-06_18.31.58,72,sign-optimization-horizontal-vertical_scenario,623,215,3,5,-5,90,90,15,1,41047,AdultFemaleAgent(Clone),5,10,1.58,1.45,0,0,False,2,0,0
2026-03-06_18.31.58,72,sign-optimization-horizontal-vertical_scenario,623,215,3,5,-5,90,90,15,1,41048,AdultMaleAgent(Clone),11,10,1.71,1.58,11.81006,1,True,3,1,0.3333333
2026-03-06_18.31.58,72,sign-optimization-horizontal-vertical_scenario,623,215,3,5,-5,90,90,15,1,41049,AdultFemaleAgent(Clone),10,12,1.58,1.45,1.898438,1,False,3,0,0
2026-03-06_18.31.58,72,sign-optimization-horizontal-vertical_scenario,623,215,3,5,-5,90,90,15,1,41050,WheelchairAgent(Clone),10,12,1.3,1.17,0,0,False,3,0,0
2026-03-06_18.31.58,72,sign-optimization-horizontal-vertical_scenario,623,215,3,5,-5,90,90,15,1,41051,AdultFemaleAgent(Clone),10,12,1.58,1.45,0,0,False,3,0,0
2026-03-06_18.31.58,72,sign-optimization-horizontal-vertical_scenario,623,215,3,5,-5,90,90,15,1,41052,WheelchairAgent(Clone),10,12,1.3,1.17,0,0,False,3,0,0
2026-03-06_18.31.58,72,sign-optimization-horizontal-vertical_scenario,623,215,3,5,-5,90,90,15,1,41053,AdultMaleAgent(Clone),11,10,1.71,1.58,8.160156,1,True,3,2,0.6666667
2026-03-06_18.31.58,72,sign-optimization-horizontal-vertical_scenario,623,215,3,5,-5,90,90,15,1,41054,AdultMaleAgent(Clone),11,10,1.71,1.58,9.847168,1,True,3,1,0.3333333
2026-03-06_18.31.58,72,sign-optimization-horizontal-vertical_scenario,623,215,3,5,-5,90,90,15,1,41055,WheelchairAgent(Clone),11,10,1.3,1.17,9.222656,1,True,3,1,0.3333333
2026-03-06_18.31.58,72,sign-optimization-horizontal-vertical_scenario,623,215,3,5,-5,90,90,15,1,41056,AdultMaleAgent(Clone),11,10,1.71,1.58,8.246582,1,True,3,1,0.3333333
2026-03-06_18.31.58,72,sign-optimization-horizontal-vertical_scenario,623,215,3,5,-5,90,90,15,1,41057,WheelchairAgent(Clone),10,12,1.3,1.17,0,0,False,3,0,0
2026-03-06_18.31.58,72,sign-optimization-horizontal-vertical_scenario,623,215,3,5,-5,90,90,15,1,41058,WheelchairAgent(Clone),10,12,1.3,1.17,0,0,False,3,0,0
2026-03-06_18.31.58,72,sign-optimization-horizontal-vertical_scenario,623,215,3,5,-5,90,90,15,1,41059,AdultFemaleAgent(Clone),6,12,1.58,1.45,5.901855,1,True,2,1,0.5
2026-03-06_18.31.58,72,sign-optimization-horizontal-vertical_scenario,623,215,3,5,-5,90,90,15,1,41060,AdultMaleAgent(Clone),11,10,1.71,1.58,10.10547,1,True,3,2,0.6666667
2026-03-06_18.31.58,72,sign-optimization-horizontal-vertical_scenario,623,215,3,5,-5,90,90,15,1,41061,WheelchairAgent(Clone),10,12,1.3,1.17,0.8417969,1,False,3,0,0
2026-03-06_18.31.58,72,sign-optimization-horizontal-vertical_scenario,623,215,3,5,-5,90,90,15,1,41062,WheelchairAgent(Clone),6,12,1.3,1.17,0,0,False,2,0,0
2026-03-06_18.31.58,72,sign-optimization-horizontal-vertical_scenario,623,215,3,5,-5,90,90,15,1,41063,AdultMaleAgent(Clone),10,12,1.71,1.58,0,0,False,3,0,0
2026-03-06_18.31.58,72,sign-optimization-horizontal-vertical_scenario,623,215,3,5,-5,90,90,15,1,41064,WheelchairAgent(Clone),10,12,1.3,1.17,0.7167969,1,False,3,0,0
2026-03-06_18.31.58,72,sign-optimization-horizontal-vertical_scenario,623,215,3,5,-5,90,90,15,1,41065,AdultMaleAgent(Clone),6,12,1.71,1.58,0,0,False,2,0,0
2026-03-06_18.31.58,72,sign-optimization-horizontal-vertical_scenario,623,215,3,5,-5,90,90,15,1,41066,AdultFemaleAgent(Clone),7,11,1.58,1.450001,8.506836,2,True,2,1,0.5
2026-03-06_18.31.58,72,sign-optimization-horizontal-vertical_scenario,623,215,3,5,-5,90,90,15,1,41067,AdultFemaleAgent(Clone),10,12,1.58,1.45,1.959961,1,False,3,0,0
2026-03-06_18.31.58,72,sign-optimization-horizontal-vertical_scenario,623,215,3,5,-5,90,90,15,1,41068,WheelchairAgent(Clone),5,10,1.3,1.17,0,0,False,2,0,0
2026-03-06_18.31.58,72,sign-optimization-horizontal-vertical_scenario,623,215,3,5,-5,90,90,15,1,41069,WheelchairAgent(Clone),10,12,1.3,1.17,0,0,False,3,0,0
2026-03-06_18.31.58,72,sign-optimization-horizontal-vertical_scenario,623,215,3,5,-5,90,90,15,1,41070,AdultMaleAgent(Clone),11,10,1.71,1.58,9.529297,2,True,3,1,0.3333333
2026-03-06_18.31.58,72,sign-optimization-horizontal-vertical_scenario,623,215,3,5,-5,90,90,15,1,41071,AdultMaleAgent(Clone),10,12,1.71,1.58,1.479492,1,False,3,0,0
2026-03-06_18.31.58,72,sign-optimization-horizontal-vertical_scenario,623,215,3,5,-5,90,90,15,1,41072,AdultMaleAgent(Clone),6,12,1.71,1.58,6.616699,1,True,2,1,0.5
2026-03-06_18.31.58,72,sign-optimization-horizontal-vertical_scenario,623,215,3,5,-5,90,90,15,1,41073,WheelchairAgent(Clone),5,10,1.3,1.17,8.84668,1,False,2,0,0
2026-03-06_18.31.58,72,sign-optimization-horizontal-vertical_scenario,623,215,3,5,-5,90,90,15,1,41074,AdultFemaleAgent(Clone),10,12,1.58,1.45,0,0,False,3,0,0
2026-03-06_18.31.58,72,sign-optimization-horizontal-vertical_scenario,623,215,3,5,-5,90,90,15,1,41075,AdultFemaleAgent(Clone),7,11,1.58,1.450001,7.288574,2,True,2,1,0.5
2026-03-06_18.31.58,72,sign-optimization-horizontal-vertical_scenario,623,215,3,5,-5,90,90,15,1,41076,WheelchairAgent(Clone),5,10,1.3,1.17,0,0,False,2,0,0
2026-03-06_18.31.58,72,sign-optimization-horizontal-vertical_scenario,623,215,3,5,-5,90,90,15,1,41077,AdultFemaleAgent(Clone),5,10,1.58,1.45,0,0,False,2,0,0
2026-03-06_18.31.58,72,sign-optimization-horizontal-vertical_scenario,623,215,3,5,-5,90,90,15,1,41078,AdultMaleAgent(Clone),11,10,1.71,1.58,8.710938,1,True,3,2,0.6666667
2026-03-06_18.31.58,72,sign-optimization-horizontal-vertical_scenario,623,215,3,5,-5,90,90,15,1,41079,AdultFemaleAgent(Clone),11,10,1.58,1.450001,9.516113,2,True,3,1,0.3333333
2026-03-06_18.31.58,72,sign-optimization-horizontal-vertical_scenario,623,215,3,5,-5,90,90,15,1,41080,AdultFemaleAgent(Clone),5,10,1.58,1.45,0,0,False,2,0,0
2026-03-06_18.31.58,72,sign-optimization-horizontal-vertical_scenario,623,215,3,5,-5,90,90,15,1,41081,AdultMaleAgent(Clone),5,10,1.71,1.58,0,0,False,2,0,0
2026-03-06_18.31.58,72,sign-optimization-horizontal-vertical_scenario,623,215,3,5,-5,90,90,15,1,41082,AdultMaleAgent(Clone),6,12,1.71,1.58,7.894043,1,True,2,1,0.5
2026-03-06_18.31.58,72,sign-optimization-horizontal-vertical_scenario,623,215,3,5,-5,90,90,15,1,41083,WheelchairAgent(Clone),6,12,1.3,1.17,0,0,False,2,0,0
2026-03-06_18.31.58,72,sign-optimization-horizontal-vertical_scenario,623,215,3,5,-5,90,90,15,1,41084,AdultFemaleAgent(Clone),5,10,1.58,1.45,1.675293,1,False,2,0,0
2026-03-06_18.31.58,72,sign-optimization-horizontal-vertical_scenario,623,215,3,5,-5,90,90,15,1,41085,AdultMaleAgent(Clone),7,11,1.71,1.58,8.401855,1,True,2,1,0.5
2026-03-06_18.31.58,72,sign-optimization-horizontal-vertical_scenario,623,215,3,5,-5,90,90,15,1,41086,AdultMaleAgent(Clone),6,12,1.71,1.58,0,0,False,2,0,0
2026-03-06_18.31.58,72,sign-optimization-horizontal-vertical_scenario,623,215,3,5,-5,90,90,15,1,41087,WheelchairAgent(Clone),6,12,1.3,1.17,4.262207,1,False,2,1,0.5
2026-03-06_18.31.58,72,sign-optimization-horizontal-vertical_scenario,623,215,3,5,-5,90,90,15,1,41088,AdultFemaleAgent(Clone),11,10,1.58,1.450001,9.97168,1,True,3,1,0.3333333
2026-03-06_18.31.58,72,sign-optimization-horizontal-vertical_scenario,623,215,3,5,-5,90,90,15,1,41089,AdultFemaleAgent(Clone),10,12,1.58,1.45,0,0,False,3,0,0
2026-03-06_18.31.58,72,sign-optimization-horizontal-vertical_scenario,623,215,3,5,-5,90,90,15,1,41090,AdultMaleAgent(Clone),10,12,1.71,1.58,0,0,False,3,0,0
2026-03-06_18.31.58,72,sign-optimization-horizontal-vertical_scenario,623,215,3,5,-5,90,90,15,1,41091,AdultFemaleAgent(Clone),5,10,1.58,1.45,5.23584,1,False,2,0,0
2026-03-06_18.31.58,72,sign-optimization-horizontal-vertical_scenario,623,215,3,5,-5,90,90,15,1,41092,WheelchairAgent(Clone),6,12,1.3,1.17,6.472168,1,True,2,1,0.5
2026-03-06_18.31.58,72,sign-optimization-horizontal-vertical_scenario,623,215,3,5,-5,90,90,15,1,41093,WheelchairAgent(Clone),11,10,1.3,1.17,9.05127,1,True,3,1,0.3333333
2026-03-06_18.31.58,72,sign-optimization-horizontal-vertical_scenario,623,215,3,5,-5,90,90,15,1,41094,AdultMaleAgent(Clone),6,12,1.71,1.58,0,0,False,2,0,0
2026-03-06_18.31.58,72,sign-optimization-horizontal-vertical_scenario,623,215,3,5,-5,90,90,15,1,41095,WheelchairAgent(Clone),11,10,1.3,1.17,8.588867,1,True,3,1,0.3333333
2026-03-06_18.31.58,72,sign-optimization-horizontal-vertical_scenario,623,215,3,5,-5,90,90,15,1,41096,WheelchairAgent(Clone),5,10,1.3,1.17,0,0,False,2,0,0
2026-03-06_18.31.58,72,sign-optimization-horizontal-vertical_scenario,623,215,3,5,-5,90,90,15,1,41097,WheelchairAgent(Clone),6,12,1.3,1.17,4.259277,1,False,2,1,0.5
2026-03-06_18.31.58,72,sign-optimization-horizontal-vertical_scenario,623,215,3,5,-5,90,90,15,1,41098,AdultMaleAgent(Clone),11,10,1.71,1.58,9.499512,1,True,3,1,0.3333333
2026-03-06_18.31.58,72,sign-optimization-horizontal-vertical_scenario,623,215,3,5,-5,90,90,15,1,41099,AdultFemaleAgent(Clone),10,12,1.58,1.45,0,0,False,3,0,0
2026-03-06_18.31.58,72,sign-optimization-horizontal-vertical_scenario,623,215,3,5,-5,90,90,15,1,41100,AdultMaleAgent(Clone),11,10,1.71,1.58,9.123047,1,True,3,2,0.6666667
2026-03-06_18.31.58,72,sign-optimization-horizontal-vertical_scenario,623,215,3,5,-5,90,90,15,1,41101,AdultFemaleAgent(Clone),11,10,1.58,1.450001,8.699219,1,True,3,2,0.6666667
2026-03-06_18.31.58,72,sign-optimization-horizontal-vertical_scenario,623,215,3,5,-5,90,90,15,1,41102,AdultFemaleAgent(Clone),5,10,1.58,1.45,0,0,False,2,0,0
2026-03-06_18.31.58,72,sign-optimization-horizontal-vertical_scenario,623,215,3,5,-5,90,90,15,1,41103,AdultFemaleAgent(Clone),7,11,1.58,1.450001,7.875488,2,True,2,1,0.5
2026-03-06_18.31.58,72,sign-optimization-horizontal-vertical_scenario,623,215,3,5,-5,90,90,15,1,41104,AdultMaleAgent(Clone),7,11,1.71,1.58,10.10498,2,True,2,1,0.5
2026-03-06_18.31.58,72,sign-optimization-horizontal-vertical_scenario,623,215,3,5,-5,90,90,15,1,41105,AdultMaleAgent(Clone),10,12,1.71,1.58,0,0,False,3,0,0
2026-03-06_18.31.58,72,sign-optimization-horizontal-vertical_scenario,623,215,3,5,-5,90,90,15,1,41106,WheelchairAgent(Clone),6,12,1.3,1.17,2.697266,1,False,2,0,0
2026-03-06_18.31.58,72,sign-optimization-horizontal-vertical_scenario,623,215,3,5,-5,90,90,15,1,41107,AdultFemaleAgent(Clone),11,10,1.58,1.450001,12.22852,2,True,3,1,0.3333333
2026-03-06_18.31.58,72,sign-optimization-horizontal-vertical_scenario,623,215,3,5,-5,90,90,15,1,41108,WheelchairAgent(Clone),6,12,1.3,1.17,0,0,False,2,0,0
2026-03-06_18.31.58,72,sign-optimization-horizontal-vertical_scenario,623,215,3,5,-5,90,90,15,1,41109,AdultMaleAgent(Clone),5,10,1.71,1.58,5.223145,1,False,2,0,0
2026-03-06_18.31.58,72,sign-optimization-horizontal-vertical_scenario,623,215,3,5,-5,90,90,15,1,41110,AdultFemaleAgent(Clone),10,12,1.58,1.45,0,0,False,3,0,0
2026-03-06_18.31.58,72,sign-optimization-horizontal-vertical_scenario,623,215,3,5,-5,90,90,15,1,41111,AdultMaleAgent(Clone),11,10,1.71,1.58,10.51025,2,True,3,1,0.3333333
2026-03-06_18.31.58,72,sign-optimization-horizontal-vertical_scenario,623,215,3,5,-5,90,90,15,1,41112,WheelchairAgent(Clone),7,11,1.3,1.17,7.961426,2,True,2,1,0.5
2026-03-06_18.31.58,72,sign-optimization-horizontal-vertical_scenario,623,215,3,5,-5,90,90,15,1,41113,AdultMaleAgent(Clone),10,12,1.71,1.58,1.697754,1,False,3,0,0
2026-03-06_18.31.58,72,sign-optimization-horizontal-vertical_scenario,623,215,3,5,-5,90,90,15,1,41114,AdultFemaleAgent(Clone),6,12,1.58,1.45,6.785645,1,True,2,1,0.5
2026-03-06_18.31.58,72,sign-optimization-horizontal-vertical_scenario,623,215,3,5,-5,90,90,15,1,41115,AdultFemaleAgent(Clone),6,12,1.58,1.45,5.356445,1,True,2,1,0.5
2026-03-06_18.31.58,72,sign-optimization-horizontal-vertical_scenario,623,215,3,5,-5,90,90,15,1,41116,WheelchairAgent(Clone),6,12,1.3,1.17,3.140137,1,False,2,1,0.5
2026-03-06_18.31.58,72,sign-optimization-horizontal-vertical_scenario,623,215,3,5,-5,90,90,15,1,41117,WheelchairAgent(Clone),11,10,1.3,1.17,9.897461,1,True,3,2,0.6666667
2026-03-06_18.31.58,72,sign-optimization-horizontal-vertical_scenario,623,215,3,5,-5,90,90,15,1,41118,AdultFemaleAgent(Clone),10,12,1.58,1.45,1.316895,1,False,3,0,0
2026-03-06_18.31.58,72,sign-optimization-horizontal-vertical_scenario,623,215,3,5,-5,90,90,15,1,41119,AdultMaleAgent(Clone),7,11,1.71,1.58,9.95459,2,True,2,1,0.5
2026-03-06_18.31.58,72,sign-optimization-horizontal-vertical_scenario,623,215,3,5,-5,90,90,15,1,41120,AdultMaleAgent(Clone),11,10,1.71,1.58,8.382324,1,True,3,2,0.6666667
2026-03-06_18.31.58,72,sign-optimization-horizontal-vertical_scenario,623,215,3,5,-5,90,90,15,1,41121,WheelchairAgent(Clone),7,11,1.3,1.17,8.492188,2,True,2,1,0.5
2026-03-06_18.31.58,72,sign-optimization-horizontal-vertical_scenario,623,215,3,5,-5,90,90,15,1,41122,AdultFemaleAgent(Clone),7,11,1.58,1.450001,7.5625,1,True,2,1,0.5
2026-03-06_18.31.58,72,sign-optimization-horizontal-vertical_scenario,623,215,3,5,-5,90,90,15,1,41123,AdultMaleAgent(Clone),11,10,1.71,1.58,13.8042,1,True,3,1,0.3333333
2026-03-06_18.31.58,72,sign-optimization-horizontal-vertical_scenario,623,215,3,5,-5,90,90,15,1,41124,AdultMaleAgent(Clone),7,11,1.71,1.58,9.452637,2,True,2,1,0.5
2026-03-06_18.31.58,72,sign-optimization-horizontal-vertical_scenario,623,215,3,5,-5,90,90,15,1,41125,AdultFemaleAgent(Clone),10,12,1.58,1.45,0,0,False,3,0,0
2026-03-06_18.31.58,72,sign-optimization-horizontal-vertical_scenario,623,215,3,5,-5,90,90,15,1,41126,AdultMaleAgent(Clone),7,11,1.71,1.58,9.091309,2,True,2,1,0.5
2026-03-06_18.31.58,72,sign-optimization-horizontal-vertical_scenario,623,215,3,5,-5,90,90,15,1,41127,WheelchairAgent(Clone),5,10,1.3,1.17,1.166504,1,False,2,0,0
2026-03-06_18.31.58,72,sign-optimization-horizontal-vertical_scenario,623,215,3,5,-5,90,90,15,1,41128,AdultFemaleAgent(Clone),11,10,1.58,1.450001,11.52393,2,True,3,1,0.3333333
2026-03-06_18.31.58,72,sign-optimization-horizontal-vertical_scenario,623,215,3,5,-5,90,90,15,1,41129,AdultMaleAgent(Clone),11,10,1.71,1.58,10.73535,2,True,3,2,0.6666667
2026-03-06_18.31.58,72,sign-optimization-horizontal-vertical_scenario,623,215,3,5,-5,90,90,15,1,41130,WheelchairAgent(Clone),7,11,1.3,1.17,9.842773,2,True,2,1,0.5
2026-03-06_18.31.58,72,sign-optimization-horizontal-vertical_scenario,623,215,3,5,-5,90,90,15,1,41131,AdultMaleAgent(Clone),11,10,1.71,1.58,19.25293,1,True,3,1,0.3333333
2026-03-06_18.31.58,72,sign-optimization-horizontal-vertical_scenario,623,215,3,5,-5,90,90,15,1,41132,AdultFemaleAgent(Clone),5,10,1.58,1.45,0,0,False,2,0,0
2026-03-06_18.31.58,72,sign-optimization-horizontal-vertical_scenario,623,215,3,5,-5,90,90,15,1,41133,WheelchairAgent(Clone),11,10,1.3,1.17,20.88477,1,True,3,2,0.6666667
2026-03-06_18.31.58,72,sign-optimization-horizontal-vertical_scenario,623,215,3,5,-5,90,90,15,1,41134,AdultFemaleAgent(Clone),11,10,1.58,1.450001,13.69727,1,True,3,1,0.3333333
2026-03-06_18.31.58,72,sign-optimization-horizontal-vertical_scenario,623,215,3,5,-5,90,90,15,1,41135,AdultMaleAgent(Clone),11,10,1.71,1.58,8.35498,1,True,3,2,0.6666667
2026-03-06_18.31.58,72,sign-optimization-horizontal-vertical_scenario,623,215,3,5,-5,90,90,15,1,41136,AdultFemaleAgent(Clone),6,12,1.58,1.45,0,0,False,2,0,0
2026-03-06_18.31.58,72,sign-optimization-horizontal-vertical_scenario,623,215,3,5,-5,90,90,15,1,41137,WheelchairAgent(Clone),5,10,1.3,1.17,4.739258,1,False,2,0,0
2026-03-06_18.31.58,72,sign-optimization-horizontal-vertical_scenario,623,215,3,5,-5,90,90,15,1,41138,AdultMaleAgent(Clone),6,12,1.71,1.58,9.338379,1,True,2,1,0.5
2026-03-06_18.31.58,72,sign-optimization-horizontal-vertical_scenario,623,215,3,5,-5,90,90,15,1,41139,AdultFemaleAgent(Clone),10,12,1.58,1.45,0.2392578,1,False,3,0,0
2026-03-06_18.31.58,72,sign-optimization-horizontal-vertical_scenario,623,215,3,5,-5,90,90,15,1,41140,AdultFemaleAgent(Clone),10,12,1.58,1.45,1.098633,1,False,3,0,0
2026-03-06_18.31.58,72,sign-optimization-horizontal-vertical_scenario,623,215,3,5,-5,90,90,15,1,41141,AdultMaleAgent(Clone),6,12,1.71,1.58,4.827637,1,True,2,1,0.5
2026-03-06_18.31.58,72,sign-optimization-horizontal-vertical_scenario,623,215,3,5,-5,90,90,15,1,41142,AdultMaleAgent(Clone),5,10,1.71,1.58,2.612793,1,False,2,0,0
2026-03-06_18.31.58,72,sign-optimization-horizontal-vertical_scenario,623,215,3,5,-5,90,90,15,1,41143,AdultFemaleAgent(Clone),7,11,1.58,1.450001,7.935059,2,True,2,1,0.5
2026-03-06_18.31.58,72,sign-optimization-horizontal-vertical_scenario,623,215,3,5,-5,90,90,15,1,41144,WheelchairAgent(Clone),11,10,1.3,1.17,19.67627,1,True,3,1,0.3333333
2026-03-06_18.31.58,72,sign-optimization-horizontal-vertical_scenario,623,215,3,5,-5,90,90,15,1,41145,WheelchairAgent(Clone),10,12,1.3,1.17,0,0,False,3,0,0
2026-03-06_18.31.58,72,sign-optimization-horizontal-vertical_scenario,623,215,3,5,-5,90,90,15,1,41146,WheelchairAgent(Clone),10,12,1.3,1.17,0,0,False,3,0,0
2026-03-06_18.31.58,72,sign-optimization-horizontal-vertical_scenario,623,215,3,5,-5,90,90,15,1,41147,AdultFemaleAgent(Clone),7,11,1.58,1.450001,10.8667,2,True,2,1,0.5
2026-03-06_18.31.58,72,sign-optimization-horizontal-vertical_scenario,623,215,3,5,-5,90,90,15,1,41148,AdultFemaleAgent(Clone),7,11,1.58,1.450001,13.31104,2,True,2,1,0.5
2026-03-06_18.31.58,72,sign-optimization-horizontal-vertical_scenario,623,215,3,5,-5,90,90,15,1,41149,WheelchairAgent(Clone),7,11,1.3,1.17,9.710938,2,True,2,1,0.5
2026-03-06_18.31.58,72,sign-optimization-horizontal-vertical_scenario,623,215,3,5,-5,90,90,15,1,41150,AdultMaleAgent(Clone),11,10,1.71,1.58,19.68848,1,True,3,1,0.3333333
2026-03-06_18.31.58,72,sign-optimization-horizontal-vertical_scenario,623,215,3,5,-5,90,90,15,1,41151,WheelchairAgent(Clone),11,10,1.3,1.17,16.43848,1,True,3,1,0.3333333
2026-03-06_18.31.58,72,sign-optimization-horizontal-vertical_scenario,623,215,3,5,-5,90,90,15,1,41152,AdultMaleAgent(Clone),7,11,1.71,1.58,7.737305,2,True,2,1,0.5
2026-03-06_18.31.58,72,sign-optimization-horizontal-vertical_scenario,623,215,3,5,-5,90,90,15,1,41153,AdultFemaleAgent(Clone),11,10,1.58,1.450001,9.163574,1,True,3,1,0.3333333
2026-03-06_18.31.58,72,sign-optimization-horizontal-vertical_scenario,623,215,3,5,-5,90,90,15,1,41154,AdultMaleAgent(Clone),10,12,1.71,1.58,0,0,False,3,0,0
2026-03-06_18.31.58,72,sign-optimization-horizontal-vertical_scenario,623,215,3,5,-5,90,90,15,1,41155,AdultFemaleAgent(Clone),10,12,1.58,1.45,0,0,False,3,0,0
2026-03-06_18.31.58,72,sign-optimization-horizontal-vertical_scenario,623,215,3,5,-5,90,90,15,1,41156,WheelchairAgent(Clone),10,12,1.3,1.17,0,0,False,3,0,0
2026-03-06_18.31.58,72,sign-optimization-horizontal-vertical_scenario,623,215,3,5,-5,90,90,15,1,41157,AdultMaleAgent(Clone),11,10,1.71,1.58,12.81348,1,True,3,1,0.3333333
2026-03-06_18.31.58,72,sign-optimization-horizontal-vertical_scenario,623,215,3,5,-5,90,90,15,1,41158,AdultMaleAgent(Clone),7,11,1.71,1.58,9.410156,2,True,2,1,0.5
2026-03-06_18.31.58,72,sign-optimization-horizontal-vertical_scenario,623,215,3,5,-5,90,90,15,1,41159,WheelchairAgent(Clone),11,10,1.3,1.17,9.421387,1,True,3,1,0.3333333
2026-03-06_18.31.58,72,sign-optimization-horizontal-vertical_scenario,623,215,3,5,-5,90,90,15,1,41160,AdultFemaleAgent(Clone),11,10,1.58,1.450001,15.93701,1,True,3,1,0.3333333
2026-03-06_18.31.58,72,sign-optimization-horizontal-vertical_scenario,623,215,3,5,-5,90,90,15,1,41161,AdultFemaleAgent(Clone),5,10,1.58,1.45,0,0,False,2,0,0
2026-03-06_18.31.58,72,sign-optimization-horizontal-vertical_scenario,623,215,3,5,-5,90,90,15,1,41162,WheelchairAgent(Clone),6,12,1.3,1.17,3.844238,1,False,2,1,0.5
2026-03-06_18.31.58,72,sign-optimization-horizontal-vertical_scenario,623,215,3,5,-5,90,90,15,1,41163,AdultFemaleAgent(Clone),11,10,1.58,1.450001,19.76318,1,True,3,1,0.3333333
2026-03-06_18.31.58,72,sign-optimization-horizontal-vertical_scenario,623,215,3,5,-5,90,90,15,1,41164,WheelchairAgent(Clone),5,10,1.3,1.17,5.039551,1,False,2,0,0
2026-03-06_18.31.58,72,sign-optimization-horizontal-vertical_scenario,623,215,3,5,-5,90,90,15,1,41165,AdultFemaleAgent(Clone),5,10,1.58,1.45,0,0,False,2,0,0
2026-03-06_18.31.58,72,sign-optimization-horizontal-vertical_scenario,623,215,3,5,-5,90,90,15,1,41166,AdultFemaleAgent(Clone),11,10,1.58,1.450001,20.31299,1,True,3,1,0.3333333
2026-03-06_18.31.58,72,sign-optimization-horizontal-vertical_scenario,623,215,3,5,-5,90,90,15,1,41167,WheelchairAgent(Clone),7,11,1.3,1.17,7.080078,2,True,2,1,0.5
2026-03-06_18.31.58,72,sign-optimization-horizontal-vertical_scenario,623,215,3,5,-5,90,90,15,1,41168,AdultMaleAgent(Clone),5,10,1.71,1.58,4.949707,1,False,2,0,0
2026-03-06_18.31.58,72,sign-optimization-horizontal-vertical_scenario,623,215,3,5,-5,90,90,15,1,41169,WheelchairAgent(Clone),5,10,1.3,1.17,9.202637,1,False,2,0,0
2026-03-06_18.31.58,72,sign-optimization-horizontal-vertical_scenario,623,215,3,5,-5,90,90,15,1,41170,AdultMaleAgent(Clone),5,10,1.71,1.58,0,0,False,2,0,0
2026-03-06_18.31.58,72,sign-optimization-horizontal-vertical_scenario,623,215,3,5,-5,90,90,15,1,41171,AdultMaleAgent(Clone),11,10,1.71,1.58,15.9165,1,True,3,2,0.6666667
2026-03-06_18.31.58,72,sign-optimization-horizontal-vertical_scenario,623,215,3,5,-5,90,90,15,1,41172,AdultFemaleAgent(Clone),11,10,1.58,1.450001,10.73682,1,True,3,1,0.3333333
2026-03-06_18.31.58,72,sign-optimization-horizontal-vertical_scenario,623,215,3,5,-5,90,90,15,1,41173,AdultMaleAgent(Clone),11,10,1.71,1.58,14.50977,1,True,3,1,0.3333333
2026-03-06_18.31.58,72,sign-optimization-horizontal-vertical_scenario,623,215,3,5,-5,90,90,15,1,41174,WheelchairAgent(Clone),10,12,1.3,1.17,0.637207,1,False,3,0,0
2026-03-06_18.31.58,72,sign-optimization-horizontal-vertical_scenario,623,215,3,5,-5,90,90,15,1,41175,WheelchairAgent(Clone),11,10,1.3,1.17,9.542969,1,False,3,2,0.6666667
2026-03-06_18.31.58,72,sign-optimization-horizontal-vertical_scenario,623,215,3,5,-5,90,90,15,1,41176,AdultMaleAgent(Clone),10,12,1.71,1.58,0,0,False,3,0,0
2026-03-06_18.31.58,72,sign-optimization-horizontal-vertical_scenario,623,215,3,5,-5,90,90,15,1,41177,AdultFemaleAgent(Clone),7,11,1.58,1.450001,8.11377,2,True,2,1,0.5
2026-03-06_18.31.58,72,sign-optimization-horizontal-vertical_scenario,623,215,3,5,-5,90,90,15,1,41178,AdultFemaleAgent(Clone),7,11,1.58,1.450001,9.806641,2,True,2,1,0.5
2026-03-06_18.31.58,72,sign-optimization-horizontal-vertical_scenario,623,215,3,5,-5,90,90,15,1,41179,AdultFemaleAgent(Clone),6,12,1.58,1.45,0,0,False,2,0,0
2026-03-06_18.31.58,72,sign-optimization-horizontal-vertical_scenario,623,215,3,5,-5,90,90,15,1,41180,WheelchairAgent(Clone),11,10,1.3,1.17,11.12891,1,False,3,1,0.3333333
2026-03-06_18.31.58,72,sign-optimization-horizontal-vertical_scenario,623,215,3,5,-5,90,90,15,1,41181,AdultMaleAgent(Clone),7,11,1.71,1.58,7.447266,2,True,2,1,0.5
2026-03-06_18.31.58,72,sign-optimization-horizontal-vertical_scenario,623,215,3,5,-5,90,90,15,1,41182,WheelchairAgent(Clone),10,12,1.3,1.17,0.65625,1,False,3,0,0
2026-03-06_18.31.58,72,sign-optimization-horizontal-vertical_scenario,623,215,3,5,-5,90,90,15,1,41183,WheelchairAgent(Clone),5,10,1.3,1.17,4.521484,1,False,2,0,0
2026-03-06_18.31.58,72,sign-optimization-horizontal-vertical_scenario,623,215,3,5,-5,90,90,15,1,41184,WheelchairAgent(Clone),11,10,1.3,1.17,12.06885,1,False,3,2,0.6666667
2026-03-06_18.31.58,72,sign-optimization-horizontal-vertical_scenario,623,215,3,5,-5,90,90,15,1,41185,WheelchairAgent(Clone),5,10,1.3,1.17,0,0,False,2,0,0
2026-03-06_18.31.58,72,sign-optimization-horizontal-vertical_scenario,623,215,3,5,-5,90,90,15,1,41186,AdultMaleAgent(Clone),5,10,1.71,1.58,5.772461,1,False,2,0,0
2026-03-06_18.31.58,72,sign-optimization-horizontal-vertical_scenario,623,215,3,5,-5,90,90,15,1,41187,AdultFemaleAgent(Clone),6,12,1.58,1.45,3.046387,1,False,2,1,0.5
2026-03-06_18.31.58,72,sign-optimization-horizontal-vertical_scenario,623,215,3,5,-5,90,90,15,1,41188,WheelchairAgent(Clone),11,10,1.3,1.17,14.35107,1,True,3,1,0.3333333
2026-03-06_18.31.58,72,sign-optimization-horizontal-vertical_scenario,623,215,3,5,-5,90,90,15,1,41189,WheelchairAgent(Clone),10,12,1.3,1.17,0,0,False,3,1,0.3333333
2026-03-06_18.31.58,72,sign-optimization-horizontal-vertical_scenario,623,215,3,5,-5,90,90,15,1,41190,WheelchairAgent(Clone),6,12,1.3,1.17,10.47998,1,True,2,1,0.5
2026-03-06_18.31.58,72,sign-optimization-horizontal-vertical_scenario,623,215,3,5,-5,90,90,15,1,41191,AdultFemaleAgent(Clone),6,12,1.58,1.45,0,0,False,2,0,0
2026-03-06_18.31.58,72,sign-optimization-horizontal-vertical_scenario,623,215,3,5,-5,90,90,15,1,41192,WheelchairAgent(Clone),5,10,1.3,1.17,0,0,False,2,0,0
2026-03-06_18.31.58,72,sign-optimization-horizontal-vertical_scenario,623,215,3,5,-5,90,90,15,1,41193,AdultMaleAgent(Clone),10,12,1.71,1.58,0,0,False,3,0,0
2026-03-06_18.31.58,72,sign-optimization-horizontal-vertical_scenario,623,215,3,5,-5,90,90,15,1,41194,WheelchairAgent(Clone),10,12,1.3,1.17,0,0,False,3,0,0
2026-03-06_18.31.58,72,sign-optimization-horizontal-vertical_scenario,623,215,3,5,-5,90,90,15,1,41195,WheelchairAgent(Clone),5,10,1.3,1.17,0,0,False,2,0,0
2026-03-06_18.31.58,72,sign-optimization-horizontal-vertical_scenario,623,215,3,5,-5,90,90,15,1,41196,AdultFemaleAgent(Clone),6,12,1.58,1.45,5.08252,1,False,2,1,0.5
2026-03-06_18.31.58,72,sign-optimization-horizontal-vertical_scenario,623,215,3,5,-5,90,90,15,1,41197,AdultMaleAgent(Clone),10,12,1.71,1.58,0,0,False,3,0,0
2026-03-06_18.31.58,72,sign-optimization-horizontal-vertical_scenario,623,215,3,5,-5,90,90,15,1,41198,AdultMaleAgent(Clone),11,10,1.71,1.58,10.28369,1,True,3,2,0.6666667
2026-03-06_18.31.58,72,sign-optimization-horizontal-vertical_scenario,623,215,3,5,-5,90,90,15,1,41199,AdultMaleAgent(Clone),6,12,1.71,1.58,4.218262,1,False,2,1,0.5
2026-03-06_18.31.58,72,sign-optimization-horizontal-vertical_scenario,623,215,3,5,-5,90,90,15,1,41200,AdultMaleAgent(Clone),10,12,1.71,1.58,1.283203,1,False,3,0,0
2026-03-06_18.31.58,72,sign-optimization-horizontal-vertical_scenario,623,215,3,5,-5,90,90,15,1,41201,WheelchairAgent(Clone),6,12,1.3,1.17,5.616699,1,False,2,1,0.5
2026-03-06_18.31.58,72,sign-optimization-horizontal-vertical_scenario,623,215,3,5,-5,90,90,15,1,41202,AdultMaleAgent(Clone),6,12,1.71,1.58,7.40918,1,True,2,1,0.5
2026-03-06_18.31.58,72,sign-optimization-horizontal-vertical_scenario,623,215,3,5,-5,90,90,15,1,41203,AdultFemaleAgent(Clone),5,10,1.58,1.45,0,0,False,2,0,0
2026-03-06_18.31.58,72,sign-optimization-horizontal-vertical_scenario,623,215,3,5,-5,90,90,15,1,41204,AdultFemaleAgent(Clone),6,12,1.58,1.45,2.476074,1,False,2,1,0.5
2026-03-06_18.31.58,72,sign-optimization-horizontal-vertical_scenario,623,215,3,5,-5,90,90,15,1,41205,AdultFemaleAgent(Clone),10,12,1.58,1.45,0,0,False,3,0,0
2026-03-06_18.31.58,72,sign-optimization-horizontal-vertical_scenario,623,215,3,5,-5,90,90,15,1,41206,AdultMaleAgent(Clone),7,11,1.71,1.58,7.442383,2,True,2,1,0.5
2026-03-06_18.31.58,72,sign-optimization-horizontal-vertical_scenario,623,215,3,5,-5,90,90,15,1,41207,WheelchairAgent(Clone),7,11,1.3,1.17,6.908691,1,True,2,1,0.5
2026-03-06_18.31.58,72,sign-optimization-horizontal-vertical_scenario,623,215,3,5,-5,90,90,15,1,41208,AdultMaleAgent(Clone),7,11,1.71,1.58,8.240234,2,True,2,1,0.5
2026-03-06_18.31.58,72,sign-optimization-horizontal-vertical_scenario,623,215,3,5,-5,90,90,15,1,41209,AdultMaleAgent(Clone),5,10,1.71,1.58,5.654297,1,False,2,0,0
2026-03-06_18.31.58,72,sign-optimization-horizontal-vertical_scenario,623,215,3,5,-5,90,90,15,1,41210,WheelchairAgent(Clone),6,12,1.3,1.17,4.563965,1,False,2,1,0.5
2026-03-06_18.31.58,72,sign-optimization-horizontal-vertical_scenario,623,215,3,5,-5,90,90,15,1,41211,AdultFemaleAgent(Clone),5,10,1.58,1.45,0,0,False,2,0,0
2026-03-06_18.31.58,72,sign-optimization-horizontal-vertical_scenario,623,215,3,5,-5,90,90,15,1,41212,AdultFemaleAgent(Clone),7,11,1.58,1.450001,11.03955,2,True,2,1,0.5
2026-03-06_18.31.58,72,sign-optimization-horizontal-vertical_scenario,623,215,3,5,-5,90,90,15,1,41213,AdultMaleAgent(Clone),6,12,1.71,1.58,2.432617,1,False,2,1,0.5
2026-03-06_18.31.58,72,sign-optimization-horizontal-vertical_scenario,623,215,3,5,-5,90,90,15,1,41214,AdultMaleAgent(Clone),6,12,1.71,1.58,5.049316,1,False,2,1,0.5
2026-03-06_18.31.58,72,sign-optimization-horizontal-vertical_scenario,623,215,3,5,-5,90,90,15,1,41215,WheelchairAgent(Clone),10,12,1.3,1.17,0,0,False,3,0,0
2026-03-06_18.31.58,72,sign-optimization-horizontal-vertical_scenario,623,215,3,5,-5,90,90,15,1,41216,WheelchairAgent(Clone),5,10,1.3,1.17,2.584473,1,False,2,0,0
2026-03-06_18.31.58,72,sign-optimization-horizontal-vertical_scenario,623,215,3,5,-5,90,90,15,1,41217,WheelchairAgent(Clone),11,10,1.3,1.17,17.33398,1,False,3,2,0.6666667
2026-03-06_18.31.58,72,sign-optimization-horizontal-vertical_scenario,623,215,3,5,-5,90,90,15,1,41218,AdultMaleAgent(Clone),7,11,1.71,1.58,9.089844,2,True,2,1,0.5
2026-03-06_18.31.58,72,sign-optimization-horizontal-vertical_scenario,623,215,3,5,-5,90,90,15,1,41219,AdultMaleAgent(Clone),7,11,1.71,1.58,7.662598,2,True,2,1,0.5
2026-03-06_18.31.58,72,sign-optimization-horizontal-vertical_scenario,623,215,3,5,-5,90,90,15,1,41220,AdultFemaleAgent(Clone),5,10,1.58,1.45,5.958008,1,False,2,0,0
2026-03-06_18.31.58,72,sign-optimization-horizontal-vertical_scenario,623,215,3,5,-5,90,90,15,1,41221,AdultMaleAgent(Clone),5,10,1.71,1.58,0,0,False,2,0,0
2026-03-06_18.31.58,72,sign-optimization-horizontal-vertical_scenario,623,215,3,5,-5,90,90,15,1,41222,AdultMaleAgent(Clone),10,12,1.71,1.58,0,0,False,3,0,0
2026-03-06_18.31.58,72,sign-optimization-horizontal-vertical_scenario,623,215,3,5,-5,90,90,15,1,41223,AdultFemaleAgent(Clone),10,12,1.58,1.45,0,0,False,3,0,0
2026-03-06_18.31.58,72,sign-optimization-horizontal-vertical_scenario,623,215,3,5,-5,90,90,15,1,41224,AdultMaleAgent(Clone),5,10,1.71,1.58,0,0,False,2,0,0
2026-03-06_18.31.58,72,sign-optimization-horizontal-vertical_scenario,623,215,3,5,-5,90,90,15,1,41225,AdultMaleAgent(Clone),5,10,1.71,1.58,0,0,False,2,0,0
2026-03-06_18.31.58,72,sign-optimization-horizontal-vertical_scenario,623,215,3,5,-5,90,90,15,1,41226,WheelchairAgent(Clone),5,10,1.3,1.17,6.22168,1,False,2,0,0
2026-03-06_18.31.58,72,sign-optimization-horizontal-vertical_scenario,623,215,3,5,-5,90,90,15,1,41227,AdultMaleAgent(Clone),7,11,1.71,1.58,8.140137,2,True,2,1,0.5
2026-03-06_18.31.58,72,sign-optimization-horizontal-vertical_scenario,623,215,3,5,-5,90,90,15,1,41228,AdultFemaleAgent(Clone),5,10,1.58,1.45,7.785645,1,False,2,0,0
2026-03-06_18.31.58,72,sign-optimization-horizontal-vertical_scenario,623,215,3,5,-5,90,90,15,1,41229,AdultMaleAgent(Clone),6,12,1.71,1.58,6.370605,1,True,2,1,0.5
2026-03-06_18.31.58,72,sign-optimization-horizontal-vertical_scenario,623,215,3,5,-5,90,90,15,1,41230,AdultFemaleAgent(Clone),7,11,1.58,1.450001,10.68701,1,True,2,1,0.5
2026-03-06_18.31.58,72,sign-optimization-horizontal-vertical_scenario,623,215,3,5,-5,90,90,15,1,41231,AdultFemaleAgent(Clone),11,10,1.58,1.450001,16.625,1,True,3,1,0.3333333
2026-03-06_18.31.58,72,sign-optimization-horizontal-vertical_scenario,623,215,3,5,-5,90,90,15,1,41232,WheelchairAgent(Clone),6,12,1.3,1.17,0,0,False,2,0,0
2026-03-06_18.31.58,72,sign-optimization-horizontal-vertical_scenario,623,215,3,5,-5,90,90,15,1,41233,AdultFemaleAgent(Clone),10,12,1.58,1.45,0,0,False,3,0,0
2026-03-06_18.31.58,72,sign-optimization-horizontal-vertical_scenario,623,215,3,5,-5,90,90,15,1,41234,WheelchairAgent(Clone),6,12,1.3,1.17,0,0,False,2,0,0
2026-03-06_18.31.58,72,sign-optimization-horizontal-vertical_scenario,623,215,3,5,-5,90,90,15,1,41235,AdultFemaleAgent(Clone),7,11,1.58,1.450001,8.588379,2,True,2,1,0.5
2026-03-06_18.31.58,72,sign-optimization-horizontal-vertical_scenario,623,215,3,5,-5,90,90,15,1,41236,AdultMaleAgent(Clone),7,11,1.71,1.58,8.130371,1,True,2,1,0.5
2026-03-06_18.31.58,72,sign-optimization-horizontal-vertical_scenario,623,215,3,5,-5,90,90,15,1,41237,AdultMaleAgent(Clone),7,11,1.71,1.58,11.88867,1,True,2,1,0.5
2026-03-06_18.31.58,72,sign-optimization-horizontal-vertical_scenario,623,215,3,5,-5,90,90,15,1,41238,WheelchairAgent(Clone),5,10,1.3,1.17,0,0,False,2,0,0
2026-03-06_18.31.58,72,sign-optimization-horizontal-vertical_scenario,623,215,3,5,-5,90,90,15,1,41239,AdultMaleAgent(Clone),10,12,1.71,1.58,0,0,False,3,0,0
2026-03-06_18.31.58,72,sign-optimization-horizontal-vertical_scenario,623,215,3,5,-5,90,90,15,1,41240,AdultFemaleAgent(Clone),6,12,1.58,1.45,5.47998,1,True,2,1,0.5
2026-03-06_18.31.58,72,sign-optimization-horizontal-vertical_scenario,623,215,3,5,-5,90,90,15,1,41241,AdultMaleAgent(Clone),10,12,1.71,1.58,2.312012,1,False,3,0,0
2026-03-06_18.31.58,72,sign-optimization-horizontal-vertical_scenario,623,215,3,5,-5,90,90,15,1,41242,AdultFemaleAgent(Clone),6,12,1.58,1.45,7.870605,1,True,2,1,0.5
2026-03-06_18.31.58,72,sign-optimization-horizontal-vertical_scenario,623,215,3,5,-5,90,90,15,1,41243,AdultMaleAgent(Clone),5,10,1.71,1.58,0,0,False,2,0,0
2026-03-06_18.31.58,72,sign-optimization-horizontal-vertical_scenario,623,215,3,5,-5,90,90,15,1,41244,AdultFemaleAgent(Clone),10,12,1.58,1.45,0,0,False,3,0,0
2026-03-06_18.31.58,72,sign-optimization-horizontal-vertical_scenario,623,215,3,5,-5,90,90,15,1,41245,AdultMaleAgent(Clone),10,12,1.71,1.58,0,0,False,3,0,0
2026-03-06_18.31.58,72,sign-optimization-horizontal-vertical_scenario,623,215,3,5,-5,90,90,15,1,41246,AdultFemaleAgent(Clone),10,12,1.58,1.45,0,0,False,3,0,0
2026-03-06_18.31.58,72,sign-optimization-horizontal-vertical_scenario,623,215,3,5,-5,90,90,15,1,41247,WheelchairAgent(Clone),6,12,1.3,1.17,2.191895,1,False,2,0,0
2026-03-06_18.31.58,72,sign-optimization-horizontal-vertical_scenario,623,215,3,5,-5,90,90,15,1,41248,AdultMaleAgent(Clone),10,12,1.71,1.58,2.461914,1,False,3,0,0
2026-03-06_18.31.58,72,sign-optimization-horizontal-vertical_scenario,623,215,3,5,-5,90,90,15,1,41249,AdultMaleAgent(Clone),10,12,1.71,1.58,0.05126953,2,False,3,0,0
2026-03-06_18.31.58,72,sign-optimization-horizontal-vertical_scenario,623,215,3,5,-5,90,90,15,1,41250,WheelchairAgent(Clone),5,10,1.3,1.17,0,0,False,2,0,0
2026-03-06_18.31.58,72,sign-optimization-horizontal-vertical_scenario,623,215,3,5,-5,90,90,15,1,41251,WheelchairAgent(Clone),7,11,1.3,1.17,7.536133,1,True,2,1,0.5
2026-03-06_18.31.58,72,sign-optimization-horizontal-vertical_scenario,623,215,3,5,-5,90,90,15,1,41252,WheelchairAgent(Clone),11,10,1.3,1.17,13.64063,1,False,3,2,0.6666667
2026-03-06_18.31.58,72,sign-optimization-horizontal-vertical_scenario,623,215,3,5,-5,90,90,15,1,41253,AdultFemaleAgent(Clone),10,12,1.58,1.45,0,0,False,3,0,0
2026-03-06_18.31.58,72,sign-optimization-horizontal-vertical_scenario,623,215,3,5,-5,90,90,15,1,41254,AdultMaleAgent(Clone),7,11,1.71,1.58,8.116211,2,True,2,1,0.5
2026-03-06_18.31.58,72,sign-optimization-horizontal-vertical_scenario,623,215,3,5,-5,90,90,15,1,41255,WheelchairAgent(Clone),7,11,1.3,1.17,9.669922,1,True,2,1,0.5
2026-03-06_18.31.58,72,sign-optimization-horizontal-vertical_scenario,623,215,3,5,-5,90,90,15,1,41256,AdultFemaleAgent(Clone),5,10,1.58,1.45,0,0,False,2,0,0
2026-03-06_18.31.58,72,sign-optimization-horizontal-vertical_scenario,623,215,3,5,-5,90,90,15,1,41257,WheelchairAgent(Clone),5,10,1.3,1.17,0.9575195,1,False,2,0,0
2026-03-06_18.31.58,72,sign-optimization-horizontal-vertical_scenario,623,215,3,5,-5,90,90,15,1,41258,AdultMaleAgent(Clone),5,10,1.71,1.58,6.319824,1,False,2,0,0
2026-03-06_18.31.58,72,sign-optimization-horizontal-vertical_scenario,623,215,3,5,-5,90,90,15,1,41259,AdultMaleAgent(Clone),5,10,1.71,1.58,0,0,False,2,0,0
2026-03-06_18.31.58,72,sign-optimization-horizontal-vertical_scenario,623,215,3,5,-5,90,90,15,1,41260,AdultMaleAgent(Clone),11,10,1.71,1.58,23.92529,1,True,3,1,0.3333333
2026-03-06_18.31.58,72,sign-optimization-horizontal-vertical_scenario,623,215,3,5,-5,90,90,15,1,41261,AdultMaleAgent(Clone),11,10,1.71,1.58,10.33887,1,True,3,1,0.3333333
2026-03-06_18.31.58,72,sign-optimization-horizontal-vertical_scenario,623,215,3,5,-5,90,90,15,1,41262,AdultMaleAgent(Clone),6,12,1.71,1.58,0,0,False,2,0,0
2026-03-06_18.31.58,72,sign-optimization-horizontal-vertical_scenario,623,215,3,5,-5,90,90,15,1,41263,AdultMaleAgent(Clone),11,10,1.71,1.58,12.13232,1,True,3,1,0.3333333
2026-03-06_18.31.58,72,sign-optimization-horizontal-vertical_scenario,623,215,3,5,-5,90,90,15,1,41264,AdultFemaleAgent(Clone),10,12,1.58,1.45,0,0,False,3,0,0
2026-03-06_18.31.58,72,sign-optimization-horizontal-vertical_scenario,623,215,3,5,-5,90,90,15,1,41265,WheelchairAgent(Clone),5,10,1.3,1.17,0,0,False,2,0,0
2026-03-06_18.31.58,72,sign-optimization-horizontal-vertical_scenario,623,215,3,5,-5,90,90,15,1,41266,AdultFemaleAgent(Clone),5,10,1.58,1.45,0,0,False,2,0,0
2026-03-06_18.31.58,72,sign-optimization-horizontal-vertical_scenario,623,215,3,5,-5,90,90,15,1,41267,WheelchairAgent(Clone),5,10,1.3,1.17,4.055176,1,False,2,0,0
2026-03-06_18.31.58,72,sign-optimization-horizontal-vertical_scenario,623,215,3,5,-5,90,90,15,1,41268,AdultMaleAgent(Clone),6,12,1.71,1.58,6.30957,1,True,2,1,0.5
2026-03-06_18.31.58,72,sign-optimization-horizontal-vertical_scenario,623,215,3,5,-5,90,90,15,1,41269,WheelchairAgent(Clone),10,12,1.3,1.17,0,0,False,3,0,0
2026-03-06_18.31.58,72,sign-optimization-horizontal-vertical_scenario,623,215,3,5,-5,90,90,15,1,41270,WheelchairAgent(Clone),7,11,1.3,1.17,8.387695,2,True,2,1,0.5
2026-03-06_18.31.58,72,sign-optimization-horizontal-vertical_scenario,623,215,3,5,-5,90,90,15,1,41271,AdultMaleAgent(Clone),6,12,1.71,1.58,8.469238,1,True,2,1,0.5
2026-03-06_18.31.58,72,sign-optimization-horizontal-vertical_scenario,623,215,3,5,-5,90,90,15,1,41272,AdultFemaleAgent(Clone),11,10,1.58,1.450001,9.780273,1,True,3,1,0.3333333
2026-03-06_18.31.58,72,sign-optimization-horizontal-vertical_scenario,623,215,3,5,-5,90,90,15,1,41273,WheelchairAgent(Clone),6,12,1.3,1.17,2.609375,1,False,2,1,0.5
2026-03-06_18.31.58,72,sign-optimization-horizontal-vertical_scenario,623,215,3,5,-5,90,90,15,1,41274,WheelchairAgent(Clone),7,11,1.3,1.17,7.459473,2,True,2,1,0.5
2026-03-06_18.31.58,72,sign-optimization-horizontal-vertical_scenario,623,215,3,5,-5,90,90,15,1,41275,AdultFemaleAgent(Clone),5,10,1.58,1.45,2.199219,1,False,2,0,0
2026-03-06_18.31.58,72,sign-optimization-horizontal-vertical_scenario,623,215,3,5,-5,90,90,15,1,41276,WheelchairAgent(Clone),7,11,1.3,1.17,7.915039,1,True,2,1,0.5
2026-03-06_18.31.58,72,sign-optimization-horizontal-vertical_scenario,623,215,3,5,-5,90,90,15,1,41277,AdultFemaleAgent(Clone),10,12,1.58,1.45,0,0,False,3,0,0
2026-03-06_18.31.58,72,sign-optimization-horizontal-vertical_scenario,623,215,3,5,-5,90,90,15,1,41278,AdultFemaleAgent(Clone),7,11,1.58,1.450001,9.000977,1,True,2,1,0.5
2026-03-06_18.31.58,72,sign-optimization-horizontal-vertical_scenario,623,215,3,5,-5,90,90,15,1,41279,AdultMaleAgent(Clone),6,12,1.71,1.58,0,0,False,2,0,0
2026-03-06_18.31.58,72,sign-optimization-horizontal-vertical_scenario,623,215,3,5,-5,90,90,15,1,41280,WheelchairAgent(Clone),11,10,1.3,1.17,10.55273,1,True,3,1,0.3333333
2026-03-06_18.31.58,72,sign-optimization-horizontal-vertical_scenario,623,215,3,5,-5,90,90,15,1,41281,AdultMaleAgent(Clone),7,11,1.71,1.58,9.20752,1,True,2,1,0.5
2026-03-06_18.31.58,72,sign-optimization-horizontal-vertical_scenario,623,215,3,5,-5,90,90,15,1,41282,AdultFemaleAgent(Clone),6,12,1.58,1.45,6.380859,1,True,2,1,0.5
2026-03-06_18.31.58,72,sign-optimization-horizontal-vertical_scenario,623,215,3,5,-5,90,90,15,1,41283,AdultMaleAgent(Clone),6,12,1.71,1.58,0,0,False,2,0,0
2026-03-06_18.31.58,72,sign-optimization-horizontal-vertical_scenario,623,215,3,5,-5,90,90,15,1,41284,WheelchairAgent(Clone),11,10,1.3,1.17,18.74414,1,False,3,1,0.3333333
2026-03-06_18.31.58,72,sign-optimization-horizontal-vertical_scenario,623,215,3,5,-5,90,90,15,1,41285,WheelchairAgent(Clone),5,10,1.3,1.17,0,0,False,2,0,0
2026-03-06_18.31.58,72,sign-optimization-horizontal-vertical_scenario,623,215,3,5,-5,90,90,15,1,41286,AdultMaleAgent(Clone),5,10,1.71,1.58,5.963379,1,False,2,0,0
2026-03-06_18.31.58,72,sign-optimization-horizontal-vertical_scenario,623,215,3,5,-5,90,90,15,1,41287,WheelchairAgent(Clone),5,10,1.3,1.17,7.472168,1,False,2,0,0
2026-03-06_18.31.58,72,sign-optimization-horizontal-vertical_scenario,623,215,3,5,-5,90,90,15,1,41288,AdultMaleAgent(Clone),5,10,1.71,1.58,1.384766,1,False,2,0,0
2026-03-06_18.31.58,72,sign-optimization-horizontal-vertical_scenario,623,215,3,5,-5,90,90,15,1,41289,AdultFemaleAgent(Clone),10,12,1.58,1.45,0,0,False,3,0,0
2026-03-06_18.31.58,72,sign-optimization-horizontal-vertical_scenario,623,215,3,5,-5,90,90,15,1,41290,AdultMaleAgent(Clone),11,10,1.71,1.58,11.91016,1,True,3,1,0.3333333
2026-03-06_18.31.58,72,sign-optimization-horizontal-vertical_scenario,623,215,3,5,-5,90,90,15,1,41291,WheelchairAgent(Clone),11,10,1.3,1.17,10.88916,1,True,3,1,0.3333333
2026-03-06_18.31.58,72,sign-optimization-horizontal-vertical_scenario,623,215,3,5,-5,90,90,15,1,41292,AdultFemaleAgent(Clone),5,10,1.58,1.45,0,0,False,2,0,0
2026-03-06_18.31.58,72,sign-optimization-horizontal-vertical_scenario,623,215,3,5,-5,90,90,15,1,41293,WheelchairAgent(Clone),11,10,1.3,1.17,18.71387,1,True,3,1,0.3333333
2026-03-06_18.31.58,72,sign-optimization-horizontal-vertical_scenario,623,215,3,5,-5,90,90,15,1,41294,AdultMaleAgent(Clone),5,10,1.71,1.58,4.835938,1,False,2,0,0
2026-03-06_18.31.58,72,sign-optimization-horizontal-vertical_scenario,623,215,3,5,-5,90,90,15,1,41295,AdultFemaleAgent(Clone),5,10,1.58,1.45,6.839355,1,False,2,0,0
2026-03-06_18.31.58,72,sign-optimization-horizontal-vertical_scenario,623,215,3,5,-5,90,90,15,1,41296,AdultFemaleAgent(Clone),5,10,1.58,1.45,3.32666,1,False,2,0,0
2026-03-06_18.31.58,72,sign-optimization-horizontal-vertical_scenario,623,215,3,5,-5,90,90,15,1,41297,AdultFemaleAgent(Clone),11,10,1.58,1.450001,9.307129,1,True,3,1,0.3333333
2026-03-06_18.31.58,72,sign-optimization-horizontal-vertical_scenario,623,215,3,5,-5,90,90,15,1,41298,WheelchairAgent(Clone),7,11,1.3,1.17,8.727051,1,True,2,1,0.5
2026-03-06_18.31.58,72,sign-optimization-horizontal-vertical_scenario,623,215,3,5,-5,90,90,15,1,41299,WheelchairAgent(Clone),5,10,1.3,1.17,3.000488,1,False,2,0,0
2026-03-06_18.31.58,72,sign-optimization-horizontal-vertical_scenario,623,215,3,5,-5,90,90,15,1,41300,WheelchairAgent(Clone),7,11,1.3,1.17,9.34082,1,True,2,1,0.5
2026-03-06_18.31.58,72,sign-optimization-horizontal-vertical_scenario,623,215,3,5,-5,90,90,15,1,41301,WheelchairAgent(Clone),10,12,1.3,1.17,0,0,False,3,0,0
2026-03-06_18.31.58,72,sign-optimization-horizontal-vertical_scenario,623,215,3,5,-5,90,90,15,1,41302,AdultMaleAgent(Clone),11,10,1.71,1.58,15.86816,1,True,3,2,0.6666667
2026-03-06_18.31.58,72,sign-optimization-horizontal-vertical_scenario,623,215,3,5,-5,90,90,15,1,41303,WheelchairAgent(Clone),6,12,1.3,1.17,4.805176,1,False,2,1,0.5
2026-03-06_18.31.58,72,sign-optimization-horizontal-vertical_scenario,623,215,3,5,-5,90,90,15,1,41304,WheelchairAgent(Clone),11,10,1.3,1.17,8.64209,1,False,3,2,0.6666667
2026-03-06_18.31.58,72,sign-optimization-horizontal-vertical_scenario,623,215,3,5,-5,90,90,15,1,41305,AdultFemaleAgent(Clone),10,12,1.58,1.45,0,0,False,3,0,0
2026-03-06_18.31.58,72,sign-optimization-horizontal-vertical_scenario,623,215,3,5,-5,90,90,15,1,41306,AdultFemaleAgent(Clone),7,11,1.58,1.450001,9.864258,1,True,2,1,0.5
2026-03-06_18.31.58,72,sign-optimization-horizontal-vertical_scenario,623,215,3,5,-5,90,90,15,1,41307,WheelchairAgent(Clone),10,12,1.3,1.17,0,0,False,3,0,0
2026-03-06_18.31.58,72,sign-optimization-horizontal-vertical_scenario,623,215,3,5,-5,90,90,15,1,41308,WheelchairAgent(Clone),5,10,1.3,1.17,0,0,False,2,0,0
2026-03-06_18.31.58,72,sign-optimization-horizontal-vertical_scenario,623,215,3,5,-5,90,90,15,1,41309,AdultFemaleAgent(Clone),5,10,1.58,1.45,0,0,False,2,0,0
2026-03-06_18.31.58,72,sign-optimization-horizontal-vertical_scenario,623,215,3,5,-5,90,90,15,1,41310,WheelchairAgent(Clone),11,10,1.3,1.17,18.47705,1,True,3,1,0.3333333
2026-03-06_18.31.58,72,sign-optimization-horizontal-vertical_scenario,623,215,3,5,-5,90,90,15,1,41311,AdultFemaleAgent(Clone),6,12,1.58,1.45,6.604004,1,True,2,1,0.5
2026-03-06_18.31.58,72,sign-optimization-horizontal-vertical_scenario,623,215,3,5,-5,90,90,15,1,41312,AdultMaleAgent(Clone),11,10,1.71,1.58,10.98975,1,True,3,1,0.3333333
2026-03-06_18.31.58,72,sign-optimization-horizontal-vertical_scenario,623,215,3,5,-5,90,90,15,1,41313,AdultFemaleAgent(Clone),6,12,1.58,1.45,3.698242,1,False,2,1,0.5
2026-03-06_18.31.58,72,sign-optimization-horizontal-vertical_scenario,623,215,3,5,-5,90,90,15,1,41314,WheelchairAgent(Clone),7,11,1.3,1.17,8.437012,1,True,2,1,0.5
2026-03-06_18.31.58,72,sign-optimization-horizontal-vertical_scenario,623,215,3,5,-5,90,90,15,1,41315,AdultMaleAgent(Clone),6,12,1.71,1.58,8.111328,1,True,2,1,0.5
2026-03-06_18.31.58,72,sign-optimization-horizontal-vertical_scenario,623,215,3,5,-5,90,90,15,1,41316,AdultFemaleAgent(Clone),6,12,1.58,1.45,9.691406,1,True,2,1,0.5
2026-03-06_18.31.58,72,sign-optimization-horizontal-vertical_scenario,623,215,3,5,-5,90,90,15,1,41317,AdultFemaleAgent(Clone),7,11,1.58,1.450001,9.742676,1,True,2,1,0.5
2026-03-06_18.31.58,72,sign-optimization-horizontal-vertical_scenario,623,215,3,5,-5,90,90,15,1,41318,WheelchairAgent(Clone),7,11,1.3,1.17,9.948242,1,True,2,1,0.5
2026-03-06_18.31.58,72,sign-optimization-horizontal-vertical_scenario,623,215,3,5,-5,90,90,15,1,41319,AdultFemaleAgent(Clone),10,12,1.58,1.45,0,0,False,3,0,0
2026-03-06_18.31.58,72,sign-optimization-horizontal-vertical_scenario,623,215,3,5,-5,90,90,15,1,41320,AdultMaleAgent(Clone),11,10,1.71,1.58,14.21631,1,True,3,1,0.3333333
2026-03-06_18.31.58,72,sign-optimization-horizontal-vertical_scenario,623,215,3,5,-5,90,90,15,1,41321,AdultMaleAgent(Clone),6,12,1.71,1.58,8.151367,1,True,2,1,0.5
2026-03-06_18.31.58,72,sign-optimization-horizontal-vertical_scenario,623,215,3,5,-5,90,90,15,1,41322,WheelchairAgent(Clone),7,11,1.3,1.17,7.240234,1,True,2,1,0.5
2026-03-06_18.31.58,72,sign-optimization-horizontal-vertical_scenario,623,215,3,5,-5,90,90,15,1,41323,WheelchairAgent(Clone),6,12,1.3,1.17,0,0,False,2,0,0
2026-03-06_18.31.58,72,sign-optimization-horizontal-vertical_scenario,623,215,3,5,-5,90,90,15,1,41324,AdultFemaleAgent(Clone),5,10,1.58,1.45,3.052246,1,False,2,0,0
2026-03-06_18.31.58,72,sign-optimization-horizontal-vertical_scenario,623,215,3,5,-5,90,90,15,1,41325,AdultMaleAgent(Clone),6,12,1.71,1.58,4.62793,1,False,2,1,0.5
2026-03-06_18.31.58,72,sign-optimization-horizontal-vertical_scenario,623,215,3,5,-5,90,90,15,1,41326,AdultMaleAgent(Clone),6,12,1.71,1.58,7.338867,1,True,2,1,0.5
2026-03-06_18.31.58,72,sign-optimization-horizontal-vertical_scenario,623,215,3,5,-5,90,90,15,1,41327,AdultMaleAgent(Clone),10,12,1.71,1.58,0,0,False,3,0,0
2026-03-06_18.31.58,72,sign-optimization-horizontal-vertical_scenario,623,215,3,5,-5,90,90,15,1,41328,AdultFemaleAgent(Clone),5,10,1.58,1.45,0,0,False,2,0,0
2026-03-06_18.31.58,72,sign-optimization-horizontal-vertical_scenario,623,215,3,5,-5,90,90,15,1,41329,WheelchairAgent(Clone),7,11,1.3,1.17,8.422852,1,True,2,1,0.5
2026-03-06_18.31.58,72,sign-optimization-horizontal-vertical_scenario,623,215,3,5,-5,90,90,15,1,41330,WheelchairAgent(Clone),6,12,1.3,1.17,4.006836,1,False,2,0,0
2026-03-06_18.31.58,72,sign-optimization-horizontal-vertical_scenario,623,215,3,5,-5,90,90,15,1,41331,AdultFemaleAgent(Clone),6,12,1.58,1.45,3.458008,1,False,2,1,0.5
2026-03-06_18.31.58,72,sign-optimization-horizontal-vertical_scenario,623,215,3,5,-5,90,90,15,1,41332,WheelchairAgent(Clone),5,10,1.3,1.17,0,0,False,2,0,0
2026-03-06_18.31.58,72,sign-optimization-horizontal-vertical_scenario,623,215,3,5,-5,90,90,15,1,41333,WheelchairAgent(Clone),10,12,1.3,1.17,0,0,False,3,0,0
2026-03-06_18.31.58,72,sign-optimization-horizontal-vertical_scenario,623,215,3,5,-5,90,90,15,1,41334,WheelchairAgent(Clone),5,10,1.3,1.17,0,0,False,2,0,0
2026-03-06_18.31.58,72,sign-optimization-horizontal-vertical_scenario,623,215,3,5,-5,90,90,15,1,41335,WheelchairAgent(Clone),7,11,1.3,1.17,9.740723,1,True,2,1,0.5
2026-03-06_18.31.58,72,sign-optimization-horizontal-vertical_scenario,623,215,3,5,-5,90,90,15,1,41336,WheelchairAgent(Clone),6,12,1.3,1.17,1.855469,1,False,2,0,0
2026-03-06_18.31.58,72,sign-optimization-horizontal-vertical_scenario,623,215,3,5,-5,90,90,15,1,41337,WheelchairAgent(Clone),7,11,1.3,1.17,11.479,1,True,2,1,0.5
2026-03-06_18.31.58,72,sign-optimization-horizontal-vertical_scenario,623,215,3,5,-5,90,90,15,1,41338,AdultMaleAgent(Clone),10,12,1.71,1.58,2.591797,1,False,3,0,0
2026-03-06_18.31.58,72,sign-optimization-horizontal-vertical_scenario,623,215,3,5,-5,90,90,15,1,41339,AdultMaleAgent(Clone),6,12,1.71,1.58,0,0,False,2,0,0
2026-03-06_18.31.58,72,sign-optimization-horizontal-vertical_scenario,623,215,3,5,-5,90,90,15,1,41340,AdultMaleAgent(Clone),10,12,1.71,1.58,0,0,False,3,0,0
2026-03-06_18.31.58,72,sign-optimization-horizontal-vertical_scenario,623,215,3,5,-5,90,90,15,1,41341,AdultMaleAgent(Clone),11,10,1.71,1.58,11.50684,1,True,3,1,0.3333333
2026-03-06_18.31.58,72,sign-optimization-horizontal-vertical_scenario,623,215,3,5,-5,90,90,15,1,41342,AdultMaleAgent(Clone),6,12,1.71,1.58,0,0,False,2,0,0
2026-03-06_18.31.58,72,sign-optimization-horizontal-vertical_scenario,623,215,3,5,-5,90,90,15,1,41343,WheelchairAgent(Clone),5,10,1.3,1.17,0,0,False,2,0,0
2026-03-06_18.31.58,72,sign-optimization-horizontal-vertical_scenario,623,215,3,5,-5,90,90,15,1,41344,WheelchairAgent(Clone),5,10,1.3,1.17,0,0,False,2,0,0
2026-03-06_18.31.58,72,sign-optimization-horizontal-vertical_scenario,623,215,3,5,-5,90,90,15,1,41345,WheelchairAgent(Clone),6,12,1.3,1.17,4.566406,1,False,2,1,0.5
2026-03-06_18.31.58,72,sign-optimization-horizontal-vertical_scenario,623,215,3,5,-5,90,90,15,1,41346,AdultMaleAgent(Clone),5,10,1.71,1.58,0,0,False,2,0,0
2026-03-06_18.31.58,72,sign-optimization-horizontal-vertical_scenario,623,215,3,5,-5,90,90,15,1,41347,AdultFemaleAgent(Clone),6,12,1.58,1.45,0,0,False,2,0,0
2026-03-06_18.31.58,72,sign-optimization-horizontal-vertical_scenario,623,215,3,5,-5,90,90,15,1,41348,AdultMaleAgent(Clone),6,12,1.71,1.58,5.794922,1,True,2,1,0.5
2026-03-06_18.31.58,72,sign-optimization-horizontal-vertical_scenario,623,215,3,5,-5,90,90,15,1,41349,AdultFemaleAgent(Clone),7,11,1.58,1.450001,8.06543,1,True,2,1,0.5
2026-03-06_18.31.58,72,sign-optimization-horizontal-vertical_scenario,623,215,3,5,-5,90,90,15,1,41350,AdultMaleAgent(Clone),7,11,1.71,1.58,9.611328,1,True,2,1,0.5
2026-03-06_18.31.58,72,sign-optimization-horizontal-vertical_scenario,623,215,3,5,-5,90,90,15,1,41351,WheelchairAgent(Clone),6,12,1.3,1.17,0,0,False,2,0,0
2026-03-06_18.31.58,72,sign-optimization-horizontal-vertical_scenario,623,215,3,5,-5,90,90,15,1,41352,AdultFemaleAgent(Clone),7,11,1.58,1.450001,9.632813,1,True,2,1,0.5
2026-03-06_18.31.58,72,sign-optimization-horizontal-vertical_scenario,623,215,3,5,-5,90,90,15,1,41353,WheelchairAgent(Clone),10,12,1.3,1.17,0,0,False,3,0,0
2026-03-06_18.31.58,72,sign-optimization-horizontal-vertical_scenario,623,215,3,5,-5,90,90,15,1,41354,WheelchairAgent(Clone),6,12,1.3,1.17,5.019043,1,False,2,1,0.5
2026-03-06_18.31.58,72,sign-optimization-horizontal-vertical_scenario,623,215,3,5,-5,90,90,15,1,41355,AdultFemaleAgent(Clone),7,11,1.58,1.450001,9.817383,1,True,2,1,0.5
2026-03-06_18.31.58,72,sign-optimization-horizontal-vertical_scenario,623,215,3,5,-5,90,90,15,1,41356,WheelchairAgent(Clone),7,11,1.3,1.17,9.337402,1,True,2,1,0.5
2026-03-06_18.31.58,72,sign-optimization-horizontal-vertical_scenario,623,215,3,5,-5,90,90,15,1,41357,WheelchairAgent(Clone),10,12,1.3,1.17,0,0,False,3,0,0
2026-03-06_18.31.58,72,sign-optimization-horizontal-vertical_scenario,623,215,3,5,-5,90,90,15,1,41358,AdultMaleAgent(Clone),10,12,1.71,1.58,0,0,False,3,0,0
2026-03-06_18.31.58,72,sign-optimization-horizontal-vertical_scenario,623,215,3,5,-5,90,90,15,1,41359,WheelchairAgent(Clone),5,10,1.3,1.17,4.545898,1,False,2,0,0
2026-03-06_18.31.58,72,sign-optimization-horizontal-vertical_scenario,623,215,3,5,-5,90,90,15,1,41360,WheelchairAgent(Clone),7,11,1.3,1.17,6.934082,1,True,2,1,0.5
2026-03-06_18.31.58,72,sign-optimization-horizontal-vertical_scenario,623,215,3,5,-5,90,90,15,1,41361,WheelchairAgent(Clone),7,11,1.3,1.17,9.880859,1,True,2,1,0.5
2026-03-06_18.31.58,72,sign-optimization-horizontal-vertical_scenario,623,215,3,5,-5,90,90,15,1,41362,WheelchairAgent(Clone),7,11,1.3,1.17,10.5459,1,True,2,1,0.5
2026-03-06_18.31.58,72,sign-optimization-horizontal-vertical_scenario,623,215,3,5,-5,90,90,15,1,41363,AdultMaleAgent(Clone),5,10,1.71,1.58,0,0,False,2,0,0
2026-03-06_18.31.58,72,sign-optimization-horizontal-vertical_scenario,623,215,3,5,-5,90,90,15,1,41364,AdultFemaleAgent(Clone),6,12,1.58,1.45,4.061523,1,False,2,1,0.5
2026-03-06_18.31.58,72,sign-optimization-horizontal-vertical_scenario,623,215,3,5,-5,90,90,15,1,41365,WheelchairAgent(Clone),7,11,1.3,1.17,9.517578,1,True,2,1,0.5
2026-03-06_18.31.58,72,sign-optimization-horizontal-vertical_scenario,623,215,3,5,-5,90,90,15,1,41366,WheelchairAgent(Clone),7,11,1.3,1.17,9.572266,1,True,2,1,0.5
2026-03-06_18.31.58,72,sign-optimization-horizontal-vertical_scenario,623,215,3,5,-5,90,90,15,1,41367,WheelchairAgent(Clone),6,12,1.3,1.17,0,0,True,2,1,0.5
2026-03-06_18.31.58,72,sign-optimization-horizontal-vertical_scenario,623,215,3,5,-5,90,90,15,1,41368,AdultMaleAgent(Clone),10,12,1.71,1.58,0,0,False,3,0,0
2026-03-06_18.31.58,72,sign-optimization-horizontal-vertical_scenario,623,215,3,5,-5,90,90,15,1,41369,WheelchairAgent(Clone),11,10,1.3,1.17,14.74121,1,True,3,1,0.3333333
2026-03-06_18.31.58,72,sign-optimization-horizontal-vertical_scenario,623,215,3,5,-5,90,90,15,1,41370,WheelchairAgent(Clone),7,11,1.3,1.17,0,0,False,2,1,0.5
2026-03-06_18.31.58,72,sign-optimization-horizontal-vertical_scenario,623,215,3,5,-5,90,90,15,1,41371,WheelchairAgent(Clone),10,12,1.3,1.17,0,0,False,3,0,0
2026-03-06_18.31.58,72,sign-optimization-horizontal-vertical_scenario,623,215,3,5,-5,90,90,15,1,41372,AdultFemaleAgent(Clone),5,10,1.58,1.45,8.084961,1,False,2,0,0
2026-03-06_18.31.58,72,sign-optimization-horizontal-vertical_scenario,623,215,3,5,-5,90,90,15,1,41373,WheelchairAgent(Clone),10,12,1.3,1.17,0,0,False,3,0,0
2026-03-06_18.31.58,72,sign-optimization-horizontal-vertical_scenario,623,215,3,5,-5,90,90,15,1,41374,AdultMaleAgent(Clone),6,12,1.71,1.58,2.62793,1,False,2,1,0.5
2026-03-06_18.31.58,72,sign-optimization-horizontal-vertical_scenario,623,215,3,5,-5,90,90,15,1,41375,WheelchairAgent(Clone),7,11,1.3,1.17,0,0,True,2,1,0.5
2026-03-06_18.31.58,72,sign-optimization-horizontal-vertical_scenario,623,215,3,5,-5,90,90,15,1,41376,WheelchairAgent(Clone),6,12,1.3,1.17,0,0,False,2,0,0
2026-03-06_18.31.58,72,sign-optimization-horizontal-vertical_scenario,623,215,3,5,-5,90,90,15,1,41377,WheelchairAgent(Clone),11,10,1.3,1.17,15.74316,1,True,3,1,0.3333333
2026-03-06_18.31.58,72,sign-optimization-horizontal-vertical_scenario,623,215,3,5,-5,90,90,15,1,41378,WheelchairAgent(Clone),5,10,1.3,1.17,0,0,False,2,0,0
2026-03-06_18.31.58,72,sign-optimization-horizontal-vertical_scenario,623,215,3,5,-5,90,90,15,1,41379,AdultMaleAgent(Clone),10,12,1.71,1.58,0,0,False,3,0,0
2026-03-06_18.31.58,72,sign-optimization-horizontal-vertical_scenario,623,215,3,5,-5,90,90,15,1,41380,AdultMaleAgent(Clone),7,11,1.71,1.58,0,0,True,2,1,0.5
2026-03-06_18.31.58,72,sign-optimization-horizontal-vertical_scenario,623,215,3,5,-5,90,90,15,1,41381,AdultFemaleAgent(Clone),5,10,1.58,1.45,4.181641,1,False,2,0,0
2026-03-06_18.31.58,72,sign-optimization-horizontal-vertical_scenario,623,215,3,5,-5,90,90,15,1,41382,AdultFemaleAgent(Clone),11,10,1.58,1.450001,16.37354,1,True,3,1,0.3333333
2026-03-06_18.31.58,72,sign-optimization-horizontal-vertical_scenario,623,215,3,5,-5,90,90,15,1,41383,WheelchairAgent(Clone),7,11,1.3,1.17,0,0,True,2,1,0.5
2026-03-06_18.31.58,72,sign-optimization-horizontal-vertical_scenario,623,215,3,5,-5,90,90,15,1,41384,AdultMaleAgent(Clone),11,10,1.71,1.58,14.62988,1,True,3,2,0.6666667
2026-03-06_18.31.58,72,sign-optimization-horizontal-vertical_scenario,623,215,3,5,-5,90,90,15,1,41385,AdultMaleAgent(Clone),7,11,1.71,1.58,9.47998,1,True,2,1,0.5
2026-03-06_18.31.58,72,sign-optimization-horizontal-vertical_scenario,623,215,3,5,-5,90,90,15,1,41386,WheelchairAgent(Clone),5,10,1.3,1.17,2.803223,1,False,2,0,0
2026-03-06_18.31.58,72,sign-optimization-horizontal-vertical_scenario,623,215,3,5,-5,90,90,15,1,41387,AdultFemaleAgent(Clone),6,12,1.58,1.45,0,0,True,2,1,0.5
2026-03-06_18.31.58,72,sign-optimization-horizontal-vertical_scenario,623,215,3,5,-5,90,90,15,1,41388,AdultMaleAgent(Clone),11,10,1.71,1.58,9.091309,1,True,3,2,0.6666667
2026-03-06_18.31.58,72,sign-optimization-horizontal-vertical_scenario,623,215,3,5,-5,90,90,15,1,41389,AdultFemaleAgent(Clone),5,10,1.58,1.45,7.464844,1,False,2,0,0
2026-03-06_18.31.58,72,sign-optimization-horizontal-vertical_scenario,623,215,3,5,-5,90,90,15,1,41390,AdultMaleAgent(Clone),11,10,1.71,1.58,14.85254,1,True,3,2,0.6666667
2026-03-06_18.31.58,72,sign-optimization-horizontal-vertical_scenario,623,215,3,5,-5,90,90,15,1,41391,WheelchairAgent(Clone),10,12,1.3,1.17,0,0,False,3,0,0
2026-03-06_18.31.58,72,sign-optimization-horizontal-vertical_scenario,623,215,3,5,-5,90,90,15,1,41392,WheelchairAgent(Clone),11,10,1.3,1.17,9.28418,1,True,3,1,0.3333333
2026-03-06_18.31.58,72,sign-optimization-horizontal-vertical_scenario,623,215,3,5,-5,90,90,15,1,41393,WheelchairAgent(Clone),5,10,1.3,1.17,0.5898438,1,False,2,0,0
2026-03-06_18.31.58,72,sign-optimization-horizontal-vertical_scenario,623,215,3,5,-5,90,90,15,1,41394,WheelchairAgent(Clone),10,12,1.3,1.17,0,0,False,3,0,0
2026-03-06_18.31.58,72,sign-optimization-horizontal-vertical_scenario,623,215,3,5,-5,90,90,15,1,41395,AdultFemaleAgent(Clone),5,10,1.58,1.45,7.158203,1,False,2,0,0
2026-03-06_18.31.58,72,sign-optimization-horizontal-vertical_scenario,623,215,3,5,-5,90,90,15,1,41396,AdultFemaleAgent(Clone),10,12,1.58,1.45,0,0,False,3,0,0
2026-03-06_18.31.58,72,sign-optimization-horizontal-vertical_scenario,623,215,3,5,-5,90,90,15,1,41397,WheelchairAgent(Clone),5,10,1.3,1.17,0,0,False,2,0,0
2026-03-06_18.31.58,72,sign-optimization-horizontal-vertical_scenario,623,215,3,5,-5,90,90,15,1,41398,AdultFemaleAgent(Clone),5,10,1.58,1.45,4.865723,1,False,2,0,0
2026-03-06_18.31.58,72,sign-optimization-horizontal-vertical_scenario,623,215,3,5,-5,90,90,15,1,41399,AdultFemaleAgent(Clone),7,11,1.58,1.450001,0,0,True,2,1,0.5
2026-03-06_18.31.58,72,sign-optimization-horizontal-vertical_scenario,623,215,3,5,-5,90,90,15,1,41400,WheelchairAgent(Clone),7,11,1.3,1.17,0,0,True,2,1,0.5
2026-03-06_18.31.58,72,sign-optimization-horizontal-vertical_scenario,623,215,3,5,-5,90,90,15,1,41401,AdultMaleAgent(Clone),6,12,1.71,1.58,0,0,False,2,1,0.5
2026-03-06_18.31.58,72,sign-optimization-horizontal-vertical_scenario,623,215,3,5,-5,90,90,15,1,41402,WheelchairAgent(Clone),11,10,1.3,1.17,0,0,False,3,2,0.6666667
2026-03-06_18.31.58,72,sign-optimization-horizontal-vertical_scenario,623,215,3,5,-5,90,90,15,1,41403,AdultFemaleAgent(Clone),6,12,1.58,1.45,0,0,False,2,0,0
2026-03-06_18.31.58,72,sign-optimization-horizontal-vertical_scenario,623,215,3,5,-5,90,90,15,1,41404,AdultMaleAgent(Clone),5,10,1.71,1.58,8.311523,1,False,2,0,0
2026-03-06_18.31.58,72,sign-optimization-horizontal-vertical_scenario,623,215,3,5,-5,90,90,15,1,41405,AdultFemaleAgent(Clone),10,12,1.58,1.45,0,0,False,3,0,0
2026-03-06_18.31.58,72,sign-optimization-horizontal-vertical_scenario,623,215,3,5,-5,90,90,15,1,41406,AdultFemaleAgent(Clone),7,11,1.58,1.450001,0,0,True,2,1,0.5
2026-03-06_18.31.58,72,sign-optimization-horizontal-vertical_scenario,623,215,3,5,-5,90,90,15,1,41407,AdultFemaleAgent(Clone),10,12,1.58,1.45,0,0,False,3,0,0
2026-03-06_18.31.58,72,sign-optimization-horizontal-vertical_scenario,623,215,3,5,-5,90,90,15,1,41408,WheelchairAgent(Clone),6,12,1.3,1.17,0,0,True,2,1,0.5
2026-03-06_18.31.58,72,sign-optimization-horizontal-vertical_scenario,623,215,3,5,-5,90,90,15,1,41409,AdultMaleAgent(Clone),10,12,1.71,1.58,0,0,False,3,0,0
2026-03-06_18.31.58,72,sign-optimization-horizontal-vertical_scenario,623,215,3,5,-5,90,90,15,1,41410,AdultMaleAgent(Clone),6,12,1.71,1.58,0,0,False,2,1,0.5
2026-03-06_18.31.58,72,sign-optimization-horizontal-vertical_scenario,623,215,3,5,-5,90,90,15,1,41411,AdultMaleAgent(Clone),5,10,1.71,1.58,0,0,False,2,0,0
2026-03-06_18.31.58,72,sign-optimization-horizontal-vertical_scenario,623,215,3,5,-5,90,90,15,1,41412,AdultMaleAgent(Clone),10,12,1.71,1.58,0,0,False,3,0,0
2026-03-06_18.31.58,72,sign-optimization-horizontal-vertical_scenario,623,215,3,5,-5,90,90,15,1,41413,WheelchairAgent(Clone),6,12,1.3,1.17,0,0,False,2,0,0
2026-03-06_18.31.58,72,sign-optimization-horizontal-vertical_scenario,623,215,3,5,-5,90,90,15,1,41414,WheelchairAgent(Clone),10,12,1.3,1.17,0,0,False,3,0,0
2026-03-06_18.31.58,72,sign-optimization-horizontal-vertical_scenario,623,215,3,5,-5,90,90,15,1,41415,AdultMaleAgent(Clone),5,10,1.71,1.58,2.953125,1,False,2,0,0
2026-03-06_18.31.58,72,sign-optimization-horizontal-vertical_scenario,623,215,3,5,-5,90,90,15,1,41416,WheelchairAgent(Clone),11,10,1.3,1.17,13.73926,1,True,3,1,0.3333333
2026-03-06_18.31.58,72,sign-optimization-horizontal-vertical_scenario,623,215,3,5,-5,90,90,15,1,41417,WheelchairAgent(Clone),10,12,1.3,1.17,0,0,False,3,0,0
2026-03-06_18.31.58,72,sign-optimization-horizontal-vertical_scenario,623,215,3,5,-5,90,90,15,1,41418,AdultMaleAgent(Clone),10,12,1.71,1.58,0,0,False,3,0,0
2026-03-06_18.31.58,72,sign-optimization-horizontal-vertical_scenario,623,215,3,5,-5,90,90,15,1,41419,AdultMaleAgent(Clone),7,11,1.71,1.58,0,0,True,2,1,0.5
2026-03-06_18.31.58,72,sign-optimization-horizontal-vertical_scenario,623,215,3,5,-5,90,90,15,1,41420,WheelchairAgent(Clone),10,12,1.3,1.17,0,0,False,3,0,0
2026-03-06_18.31.58,72,sign-optimization-horizontal-vertical_scenario,623,215,3,5,-5,90,90,15,1,41421,AdultMaleAgent(Clone),6,12,1.71,1.58,0,0,False,2,0,0
2026-03-06_18.31.58,72,sign-optimization-horizontal-vertical_scenario,623,215,3,5,-5,90,90,15,1,41422,AdultFemaleAgent(Clone),6,12,1.58,1.45,0,0,False,2,0,0
2026-03-06_18.31.58,72,sign-optimization-horizontal-vertical_scenario,623,215,3,5,-5,90,90,15,1,41423,AdultMaleAgent(Clone),6,12,1.71,1.58,0,0,False,2,0,0
2026-03-06_18.31.58,72,sign-optimization-horizontal-vertical_scenario,623,215,3,5,-5,90,90,15,1,41424,AdultFemaleAgent(Clone),11,10,1.58,1.450001,10.97412,1,True,3,2,0.6666667
2026-03-06_18.31.58,72,sign-optimization-horizontal-vertical_scenario,623,215,3,5,-5,90,90,15,1,41425,AdultMaleAgent(Clone),6,12,1.71,1.58,0,0,False,2,0,0
2026-03-06_18.31.58,72,sign-optimization-horizontal-vertical_scenario,623,215,3,5,-5,90,90,15,1,41426,WheelchairAgent(Clone),6,12,1.3,1.17,0,0,False,2,0,0
2026-03-06_18.31.58,72,sign-optimization-horizontal-vertical_scenario,623,215,3,5,-5,90,90,15,1,41427,WheelchairAgent(Clone),11,10,1.3,1.17,12.21289,1,True,3,1,0.3333333
2026-03-06_18.31.58,72,sign-optimization-horizontal-vertical_scenario,623,215,3,5,-5,90,90,15,1,41428,WheelchairAgent(Clone),7,11,1.3,1.17,0,0,True,2,1,0.5
2026-03-06_18.31.58,72,sign-optimization-horizontal-vertical_scenario,623,215,3,5,-5,90,90,15,1,41429,AdultMaleAgent(Clone),11,10,1.71,1.58,0,0,True,3,2,0.6666667
2026-03-06_18.31.58,72,sign-optimization-horizontal-vertical_scenario,623,215,3,5,-5,90,90,15,1,41430,AdultFemaleAgent(Clone),5,10,1.58,1.45,0,0,False,2,0,0
2026-03-06_18.31.58,72,sign-optimization-horizontal-vertical_scenario,623,215,3,5,-5,90,90,15,1,41431,AdultFemaleAgent(Clone),11,10,1.58,1.450001,0,0,True,3,1,0.3333333
2026-03-06_18.31.58,72,sign-optimization-horizontal-vertical_scenario,623,215,3,5,-5,90,90,15,1,41432,AdultFemaleAgent(Clone),10,12,1.58,1.45,0,0,False,3,0,0
2026-03-06_18.31.58,72,sign-optimization-horizontal-vertical_scenario,623,215,3,5,-5,90,90,15,1,41433,WheelchairAgent(Clone),6,12,1.3,1.17,0,0,False,2,0,0
2026-03-06_18.31.58,72,sign-optimization-horizontal-vertical_scenario,623,215,3,5,-5,90,90,15,1,41434,AdultMaleAgent(Clone),11,10,1.71,1.58,0,0,True,3,2,0.6666667
2026-03-06_18.31.58,72,sign-optimization-horizontal-vertical_scenario,623,215,3,5,-5,90,90,15,1,41435,AdultMaleAgent(Clone),10,12,1.71,1.58,0,0,False,3,0,0
2026-03-06_18.31.58,72,sign-optimization-horizontal-vertical_scenario,623,215,3,5,-5,90,90,15,1,41436,AdultFemaleAgent(Clone),7,11,1.58,1.450001,0,0,True,2,1,0.5
2026-03-06_18.31.58,72,sign-optimization-horizontal-vertical_scenario,623,215,3,5,-5,90,90,15,1,41437,AdultFemaleAgent(Clone),7,11,1.58,1.450001,0,0,True,2,1,0.5
2026-03-06_18.31.58,72,sign-optimization-horizontal-vertical_scenario,623,215,3,5,-5,90,90,15,1,41438,WheelchairAgent(Clone),6,12,1.3,1.17,0,0,False,2,0,0
2026-03-06_18.31.58,72,sign-optimization-horizontal-vertical_scenario,623,215,3,5,-5,90,90,15,1,41439,WheelchairAgent(Clone),7,11,1.3,1.17,0,0,False,2,0,0
2026-03-06_18.31.58,72,sign-optimization-horizontal-vertical_scenario,623,215,3,5,-5,90,90,15,1,41440,AdultFemaleAgent(Clone),10,12,1.58,1.45,0,0,False,3,0,0
2026-03-06_18.31.58,72,sign-optimization-horizontal-vertical_scenario,623,215,3,5,-5,90,90,15,1,41441,WheelchairAgent(Clone),6,12,1.3,1.17,0,0,False,2,0,0
2026-03-06_18.31.58,72,sign-optimization-horizontal-vertical_scenario,623,215,3,5,-5,90,90,15,1,41442,AdultMaleAgent(Clone),5,10,1.71,1.58,0,0,False,2,0,0
2026-03-06_18.31.58,72,sign-optimization-horizontal-vertical_scenario,623,215,3,5,-5,90,90,15,1,41443,AdultFemaleAgent(Clone),6,12,1.58,1.45,0,0,False,2,0,0
2026-03-06_18.31.58,72,sign-optimization-horizontal-vertical_scenario,623,215,3,5,-5,90,90,15,1,41444,WheelchairAgent(Clone),5,10,1.3,1.17,2.261719,1,False,2,0,0
2026-03-06_18.31.58,72,sign-optimization-horizontal-vertical_scenario,623,215,3,5,-5,90,90,15,1,41445,WheelchairAgent(Clone),11,10,1.3,1.17,0,0,True,3,2,0.6666667
2026-03-06_18.31.58,72,sign-optimization-horizontal-vertical_scenario,623,215,3,5,-5,90,90,15,1,41446,AdultFemaleAgent(Clone),5,10,1.58,1.45,0,0,False,2,0,0
2026-03-06_18.31.58,72,sign-optimization-horizontal-vertical_scenario,623,215,3,5,-5,90,90,15,1,41447,AdultFemaleAgent(Clone),6,12,1.58,1.45,0,0,False,2,0,0
2026-03-06_18.31.58,72,sign-optimization-horizontal-vertical_scenario,623,215,3,5,-5,90,90,15,1,41448,WheelchairAgent(Clone),11,10,1.3,1.17,10.29541,1,True,3,1,0.3333333
2026-03-06_18.31.58,72,sign-optimization-horizontal-vertical_scenario,623,215,3,5,-5,90,90,15,1,41449,WheelchairAgent(Clone),10,12,1.3,1.17,0,0,False,3,0,0
2026-03-06_18.31.58,72,sign-optimization-horizontal-vertical_scenario,623,215,3,5,-5,90,90,15,1,41450,AdultMaleAgent(Clone),6,12,1.71,1.58,0,0,False,2,0,0
2026-03-06_18.31.58,72,sign-optimization-horizontal-vertical_scenario,623,215,3,5,-5,90,90,15,1,41451,WheelchairAgent(Clone),11,10,1.3,1.17,0,0,False,3,1,0.3333333
2026-03-06_18.31.58,72,sign-optimization-horizontal-vertical_scenario,623,215,3,5,-5,90,90,15,1,41452,AdultMaleAgent(Clone),7,11,1.71,1.58,0,0,True,2,1,0.5
2026-03-06_18.31.58,72,sign-optimization-horizontal-vertical_scenario,623,215,3,5,-5,90,90,15,1,41453,AdultFemaleAgent(Clone),10,12,1.58,1.45,0,0,False,3,0,0
2026-03-06_18.31.58,72,sign-optimization-horizontal-vertical_scenario,623,215,3,5,-5,90,90,15,1,41454,WheelchairAgent(Clone),7,11,1.3,1.17,0,0,True,2,1,0.5
2026-03-06_18.31.58,72,sign-optimization-horizontal-vertical_scenario,623,215,3,5,-5,90,90,15,1,41455,WheelchairAgent(Clone),11,10,1.3,1.17,0,0,False,3,1,0.3333333
2026-03-06_18.31.58,72,sign-optimization-horizontal-vertical_scenario,623,215,3,5,-5,90,90,15,1,41456,AdultMaleAgent(Clone),10,12,1.71,1.58,0,0,False,3,0,0
2026-03-06_18.31.58,72,sign-optimization-horizontal-vertical_scenario,623,215,3,5,-5,90,90,15,1,41457,AdultFemaleAgent(Clone),11,10,1.58,1.450001,0,0,True,3,1,0.3333333
2026-03-06_18.31.58,72,sign-optimization-horizontal-vertical_scenario,623,215,3,5,-5,90,90,15,1,41458,AdultMaleAgent(Clone),11,10,1.71,1.58,0,0,True,3,2,0.6666667
2026-03-06_18.31.58,72,sign-optimization-horizontal-vertical_scenario,623,215,3,5,-5,90,90,15,1,41459,AdultFemaleAgent(Clone),7,11,1.58,1.450001,0,0,True,2,1,0.5
2026-03-06_18.31.58,72,sign-optimization-horizontal-vertical_scenario,623,215,3,5,-5,90,90,15,1,41460,AdultFemaleAgent(Clone),6,12,1.58,1.45,0,0,False,2,0,0
2026-03-06_18.31.58,72,sign-optimization-horizontal-vertical_scenario,623,215,3,5,-5,90,90,15,1,41461,AdultFemaleAgent(Clone),11,10,1.58,1.450001,0,0,True,3,1,0.3333333
2026-03-06_18.31.58,72,sign-optimization-horizontal-vertical_scenario,623,215,3,5,-5,90,90,15,1,41462,AdultMaleAgent(Clone),5,10,1.71,1.58,0,0,False,2,0,0
2026-03-06_18.31.58,72,sign-optimization-horizontal-vertical_scenario,623,215,3,5,-5,90,90,15,1,41463,AdultMaleAgent(Clone),6,12,1.71,1.58,0,0,False,2,0,0
2026-03-06_18.31.58,72,sign-optimization-horizontal-vertical_scenario,623,215,3,5,-5,90,90,15,1,41464,AdultFemaleAgent(Clone),6,12,1.58,1.45,0,0,False,2,0,0
2026-03-06_18.31.58,72,sign-optimization-horizontal-vertical_scenario,623,215,3,5,-5,90,90,15,1,41465,AdultFemaleAgent(Clone),11,10,1.58,1.450001,0,0,True,3,1,0.3333333
2026-03-06_18.31.58,72,sign-optimization-horizontal-vertical_scenario,623,215,3,5,-5,90,90,15,1,41466,WheelchairAgent(Clone),7,11,1.3,1.17,0,0,True,2,1,0.5
2026-03-06_18.31.58,72,sign-optimization-horizontal-vertical_scenario,623,215,3,5,-5,90,90,15,1,41467,AdultFemaleAgent(Clone),6,12,1.58,1.45,0,0,False,2,0,0
2026-03-06_18.31.58,72,sign-optimization-horizontal-vertical_scenario,623,215,3,5,-5,90,90,15,1,41468,WheelchairAgent(Clone),7,11,1.3,1.17,0,0,True,2,1,0.5
2026-03-06_18.31.58,72,sign-optimization-horizontal-vertical_scenario,623,215,3,5,-5,90,90,15,1,41469,AdultMaleAgent(Clone),7,11,1.71,1.58,0,0,True,2,1,0.5
2026-03-06_18.31.58,72,sign-optimization-horizontal-vertical_scenario,623,215,3,5,-5,90,90,15,1,41470,AdultMaleAgent(Clone),7,11,1.71,1.58,0,0,False,2,1,0.5
2026-03-06_18.31.58,72,sign-optimization-horizontal-vertical_scenario,623,215,3,5,-5,90,90,15,1,41471,WheelchairAgent(Clone),5,10,1.3,1.17,0,0,False,2,0,0
2026-03-06_18.31.58,72,sign-optimization-horizontal-vertical_scenario,623,215,3,5,-5,90,90,15,1,41472,WheelchairAgent(Clone),11,10,1.3,1.17,0,0,True,3,1,0.3333333
2026-03-06_18.31.58,72,sign-optimization-horizontal-vertical_scenario,623,215,3,5,-5,90,90,15,1,41473,AdultMaleAgent(Clone),5,10,1.71,1.58,0,0,False,2,0,0
2026-03-06_18.31.58,72,sign-optimization-horizontal-vertical_scenario,623,215,3,5,-5,90,90,15,1,41474,AdultMaleAgent(Clone),10,12,1.71,1.58,0,0,False,3,0,0
2026-03-06_18.31.58,72,sign-optimization-horizontal-vertical_scenario,623,215,3,5,-5,90,90,15,1,41475,AdultFemaleAgent(Clone),7,11,1.58,1.450001,0,0,False,2,1,0.5
2026-03-06_18.31.58,72,sign-optimization-horizontal-vertical_scenario,623,215,3,5,-5,90,90,15,1,41476,AdultFemaleAgent(Clone),11,10,1.58,1.450001,0,0,True,3,1,0.3333333
2026-03-06_18.31.58,72,sign-optimization-horizontal-vertical_scenario,623,215,3,5,-5,90,90,15,1,41477,AdultFemaleAgent(Clone),6,12,1.58,1.45,0,0,False,2,0,0
2026-03-06_18.31.58,72,sign-optimization-horizontal-vertical_scenario,623,215,3,5,-5,90,90,15,1,41478,AdultFemaleAgent(Clone),7,11,1.58,1.450001,0,0,False,2,0,0
2026-03-06_18.31.58,72,sign-optimization-horizontal-vertical_scenario,623,215,3,5,-5,90,90,15,1,41479,AdultFemaleAgent(Clone),11,10,1.58,1.450001,0,0,True,3,1,0.3333333
2026-03-06_18.31.58,72,sign-optimization-horizontal-vertical_scenario,623,215,3,5,-5,90,90,15,1,41480,AdultFemaleAgent(Clone),5,10,1.58,1.45,0,0,False,2,0,0
2026-03-06_18.31.58,72,sign-optimization-horizontal-vertical_scenario,623,215,3,5,-5,90,90,15,1,41481,AdultFemaleAgent(Clone),7,11,1.58,1.450001,0,0,False,2,0,0
2026-03-06_18.31.58,72,sign-optimization-horizontal-vertical_scenario,623,215,3,5,-5,90,90,15,1,41482,WheelchairAgent(Clone),5,10,1.3,1.17,0,0,False,2,0,0
2026-03-06_18.31.58,72,sign-optimization-horizontal-vertical_scenario,623,215,3,5,-5,90,90,15,1,41483,WheelchairAgent(Clone),6,12,1.3,1.17,0,0,False,2,0,0
2026-03-06_18.31.58,72,sign-optimization-horizontal-vertical_scenario,623,215,3,5,-5,90,90,15,1,41484,AdultMaleAgent(Clone),10,12,1.71,1.58,0,0,False,3,0,0
2026-03-06_18.31.58,72,sign-optimization-horizontal-vertical_scenario,623,215,3,5,-5,90,90,15,1,41485,AdultMaleAgent(Clone),10,12,1.71,1.58,0,0,False,3,0,0
2026-03-06_18.31.58,72,sign-optimization-horizontal-vertical_scenario,623,215,3,5,-5,90,90,15,1,41486,AdultFemaleAgent(Clone),6,12,1.58,1.45,0,0,False,2,0,0
2026-03-06_18.31.58,72,sign-optimization-horizontal-vertical_scenario,623,215,3,5,-5,90,90,15,1,41487,WheelchairAgent(Clone),7,11,1.3,1.17,0,0,False,2,0,0
2026-03-06_18.31.58,72,sign-optimization-horizontal-vertical_scenario,623,215,3,5,-5,90,90,15,1,41488,WheelchairAgent(Clone),6,12,1.3,1.17,0,0,False,2,0,0
2026-03-06_18.31.58,72,sign-optimization-horizontal-vertical_scenario,623,215,3,5,-5,90,90,15,1,41489,AdultFemaleAgent(Clone),6,12,1.58,1.45,0,0,False,2,0,0
2026-03-06_18.31.58,72,sign-optimization-horizontal-vertical_scenario,623,215,3,5,-5,90,90,15,1,41490,AdultFemaleAgent(Clone),6,12,1.58,1.45,0,0,False,2,0,0
2026-03-06_18.31.58,72,sign-optimization-horizontal-vertical_scenario,623,215,3,5,-5,90,90,15,1,41491,WheelchairAgent(Clone),7,11,1.3,1.17,0,0,False,2,0,0
2026-03-06_18.31.58,72,sign-optimization-horizontal-vertical_scenario,623,215,3,5,-5,90,90,15,1,41492,AdultMaleAgent(Clone),6,12,1.71,1.58,0,0,False,2,0,0
2026-03-06_18.31.58,72,sign-optimization-horizontal-vertical_scenario,623,215,3,5,-5,90,90,15,1,41493,AdultMaleAgent(Clone),7,11,1.71,1.58,0,0,False,2,0,0
2026-03-06_18.31.58,72,sign-optimization-horizontal-vertical_scenario,623,215,3,5,-5,90,90,15,1,41494,AdultMaleAgent(Clone),11,10,1.71,1.58,0,0,True,3,2,0.6666667
2026-03-06_18.31.58,72,sign-optimization-horizontal-vertical_scenario,623,215,3,5,-5,90,90,15,1,41495,WheelchairAgent(Clone),5,10,1.3,1.17,0,0,False,2,0,0
2026-03-06_18.31.58,72,sign-optimization-horizontal-vertical_scenario,623,215,3,5,-5,90,90,15,1,41496,AdultMaleAgent(Clone),6,12,1.71,1.58,0,0,False,2,0,0
2026-03-06_18.31.58,72,sign-optimization-horizontal-vertical_scenario,623,215,3,5,-5,90,90,15,1,41497,AdultFemaleAgent(Clone),5,10,1.58,1.45,0,0,False,2,0,0
2026-03-06_18.31.58,72,sign-optimization-horizontal-vertical_scenario,623,215,3,5,-5,90,90,15,1,41498,WheelchairAgent(Clone),6,12,1.3,1.17,0,0,False,2,0,0
2026-03-06_18.31.58,72,sign-optimization-horizontal-vertical_scenario,623,215,3,5,-5,90,90,15,1,41499,AdultMaleAgent(Clone),5,10,1.71,1.58,0,0,False,2,0,0
2026-03-06_18.31.58,72,sign-optimization-horizontal-vertical_scenario,623,215,3,5,-5,90,90,15,1,41500,AdultFemaleAgent(Clone),6,12,1.58,1.45,0,0,False,2,0,0
2026-03-06_18.31.58,72,sign-optimization-horizontal-vertical_scenario,623,215,3,5,-5,90,90,15,1,41501,WheelchairAgent(Clone),10,12,1.3,1.17,0,0,False,3,0,0
2026-03-06_18.31.58,72,sign-optimization-horizontal-vertical_scenario,623,215,3,5,-5,90,90,15,1,41502,AdultMaleAgent(Clone),6,12,1.71,1.58,0,0,False,2,0,0
2026-03-06_18.31.58,72,sign-optimization-horizontal-vertical_scenario,623,215,3,5,-5,90,90,15,1,41503,AdultFemaleAgent(Clone),7,11,1.58,1.450001,0,0,False,2,0,0
2026-03-06_18.31.58,72,sign-optimization-horizontal-vertical_scenario,623,215,3,5,-5,90,90,15,1,41504,AdultFemaleAgent(Clone),10,12,1.58,1.45,0,0,False,3,0,0
2026-03-06_18.31.58,72,sign-optimization-horizontal-vertical_scenario,623,215,3,5,-5,90,90,15,1,41505,AdultMaleAgent(Clone),6,12,1.71,1.58,0,0,False,2,0,0
2026-03-06_18.31.58,72,sign-optimization-horizontal-vertical_scenario,623,215,3,5,-5,90,90,15,1,41506,WheelchairAgent(Clone),5,10,1.3,1.17,0,0,False,2,0,0
2026-03-06_18.31.58,72,sign-optimization-horizontal-vertical_scenario,623,215,3,5,-5,90,90,15,1,41507,WheelchairAgent(Clone),10,12,1.3,1.17,0,0,False,3,0,0
2026-03-06_18.31.58,72,sign-optimization-horizontal-vertical_scenario,623,215,3,5,-5,90,90,15,1,41508,AdultMaleAgent(Clone),10,12,1.71,1.58,0,0,False,3,0,0
2026-03-06_18.31.58,72,sign-optimization-horizontal-vertical_scenario,623,215,3,5,-5,90,90,15,1,41509,AdultFemaleAgent(Clone),11,10,1.58,1.450001,0,0,True,3,1,0.3333333
2026-03-06_18.31.58,72,sign-optimization-horizontal-vertical_scenario,623,215,3,5,-5,90,90,15,1,41510,AdultMaleAgent(Clone),5,10,1.71,1.58,0,0,False,2,0,0
2026-03-06_18.31.58,72,sign-optimization-horizontal-vertical_scenario,623,215,3,5,-5,90,90,15,1,41511,AdultFemaleAgent(Clone),5,10,1.58,1.45,0,0,False,2,0,0
2026-03-06_18.31.58,72,sign-optimization-horizontal-vertical_scenario,623,215,3,5,-5,90,90,15,1,41512,AdultMaleAgent(Clone),10,12,1.71,1.58,0,0,False,3,0,0
2026-03-06_18.31.58,72,sign-optimization-horizontal-vertical_scenario,623,215,3,5,-5,90,90,15,1,41513,AdultFemaleAgent(Clone),7,11,1.58,1.450001,0,0,False,2,0,0
2026-03-06_18.31.58,72,sign-optimization-horizontal-vertical_scenario,623,215,3,5,-5,90,90,15,1,41514,WheelchairAgent(Clone),5,10,1.3,1.17,0,0,False,2,0,0
2026-03-06_18.31.58,72,sign-optimization-horizontal-vertical_scenario,623,215,3,5,-5,90,90,15,1,41515,AdultMaleAgent(Clone),7,11,1.71,1.58,0,0,False,2,0,0
2026-03-06_18.31.58,72,sign-optimization-horizontal-vertical_scenario,623,215,3,5,-5,90,90,15,1,41516,AdultMaleAgent(Clone),7,11,1.71,1.58,0,0,False,2,0,0
2026-03-06_18.31.58,72,sign-optimization-horizontal-vertical_scenario,623,215,3,5,-5,90,90,15,1,41517,WheelchairAgent(Clone),6,12,1.3,1.17,0,0,False,2,0,0
2026-03-06_18.31.58,72,sign-optimization-horizontal-vertical_scenario,623,215,3,5,-5,90,90,15,1,41518,AdultFemaleAgent(Clone),6,12,1.58,1.45,0,0,False,2,0,0
2026-03-06_18.31.58,72,sign-optimization-horizontal-vertical_scenario,623,215,3,5,-5,90,90,15,1,41519,WheelchairAgent(Clone),11,10,1.3,1.17,0,0,True,3,1,0.3333333
2026-03-06_18.31.58,72,sign-optimization-horizontal-vertical_scenario,623,215,3,5,-5,90,90,15,1,41520,AdultMaleAgent(Clone),5,10,1.71,1.58,0,0,False,2,0,0
2026-03-06_18.31.58,72,sign-optimization-horizontal-vertical_scenario,623,215,3,5,-5,90,90,15,1,41521,AdultMaleAgent(Clone),7,11,1.71,1.58,0,0,False,2,0,0
2026-03-06_18.31.58,72,sign-optimization-horizontal-vertical_scenario,623,215,3,5,-5,90,90,15,1,41522,AdultFemaleAgent(Clone),11,10,1.58,1.450001,0,0,True,3,1,0.3333333
2026-03-06_18.31.58,72,sign-optimization-horizontal-vertical_scenario,623,215,3,5,-5,90,90,15,1,41523,AdultFemaleAgent(Clone),10,12,1.58,1.45,0,0,False,3,0,0
2026-03-06_18.31.58,72,sign-optimization-horizontal-vertical_scenario,623,215,3,5,-5,90,90,15,1,41524,WheelchairAgent(Clone),6,12,1.3,1.17,0,0,False,2,0,0
2026-03-06_18.31.58,72,sign-optimization-horizontal-vertical_scenario,623,215,3,5,-5,90,90,15,1,41525,AdultFemaleAgent(Clone),10,12,1.58,1.45,0,0,False,3,0,0
2026-03-06_18.31.58,72,sign-optimization-horizontal-vertical_scenario,623,215,3,5,-5,90,90,15,1,41526,AdultFemaleAgent(Clone),5,10,1.58,1.45,0,0,False,2,0,0
2026-03-06_18.31.58,72,sign-optimization-horizontal-vertical_scenario,623,215,3,5,-5,90,90,15,1,41527,WheelchairAgent(Clone),7,11,1.3,1.17,0,0,False,2,0,0
2026-03-06_18.31.58,72,sign-optimization-horizontal-vertical_scenario,623,215,3,5,-5,90,90,15,1,41528,AdultMaleAgent(Clone),11,10,1.71,1.58,0,0,True,3,1,0.3333333
2026-03-06_18.31.58,72,sign-optimization-horizontal-vertical_scenario,623,215,3,5,-5,90,90,15,1,41529,WheelchairAgent(Clone),5,10,1.3,1.17,0,0,False,2,0,0
2026-03-06_18.31.58,72,sign-optimization-horizontal-vertical_scenario,623,215,3,5,-5,90,90,15,1,41530,WheelchairAgent(Clone),10,12,1.3,1.17,0,0,False,3,0,0
2026-03-06_18.31.58,72,sign-optimization-horizontal-vertical_scenario,623,215,3,5,-5,90,90,15,1,41531,AdultFemaleAgent(Clone),7,11,1.58,1.450001,0,0,False,2,0,0
2026-03-06_18.31.58,72,sign-optimization-horizontal-vertical_scenario,623,215,3,5,-5,90,90,15,1,41532,AdultMaleAgent(Clone),5,10,1.71,1.58,0,0,False,2,0,0
2026-03-06_18.31.58,72,sign-optimization-horizontal-vertical_scenario,623,215,3,5,-5,90,90,15,1,41533,AdultFemaleAgent(Clone),11,10,1.58,1.450001,0,0,True,3,1,0.3333333
2026-03-06_18.31.58,72,sign-optimization-horizontal-vertical_scenario,623,215,3,5,-5,90,90,15,1,41534,WheelchairAgent(Clone),7,11,1.3,1.17,0,0,False,2,0,0
2026-03-06_18.31.58,72,sign-optimization-horizontal-vertical_scenario,623,215,3,5,-5,90,90,15,1,41535,WheelchairAgent(Clone),7,11,1.3,1.17,0,0,False,2,0,0
2026-03-06_18.31.58,72,sign-optimization-horizontal-vertical_scenario,623,215,3,5,-5,90,90,15,1,41536,AdultMaleAgent(Clone),6,12,1.71,1.58,0,0,False,2,0,0
2026-03-06_18.31.58,72,sign-optimization-horizontal-vertical_scenario,623,215,3,5,-5,90,90,15,1,41537,AdultFemaleAgent(Clone),11,10,1.58,1.450001,0,0,True,3,1,0.3333333
2026-03-06_18.31.58,72,sign-optimization-horizontal-vertical_scenario,623,215,3,5,-5,90,90,15,1,41538,WheelchairAgent(Clone),7,11,1.3,1.17,0,0,False,2,0,0
2026-03-06_18.31.58,72,sign-optimization-horizontal-vertical_scenario,623,215,3,5,-5,90,90,15,1,41539,AdultMaleAgent(Clone),11,10,1.71,1.58,0,0,True,3,1,0.3333333
2026-03-06_18.31.58,72,sign-optimization-horizontal-vertical_scenario,623,215,3,5,-5,90,90,15,1,41540,WheelchairAgent(Clone),7,11,1.3,1.17,0,0,False,2,0,0
2026-03-06_18.31.58,72,sign-optimization-horizontal-vertical_scenario,623,215,3,5,-5,90,90,15,1,41541,WheelchairAgent(Clone),5,10,1.3,1.17,0,0,False,2,0,0
2026-03-06_18.31.58,72,sign-optimization-horizontal-vertical_scenario,623,215,3,5,-5,90,90,15,1,41542,WheelchairAgent(Clone),5,10,1.3,1.17,0,0,False,2,0,0
2026-03-06_18.31.58,72,sign-optimization-horizontal-vertical_scenario,623,215,3,5,-5,90,90,15,1,41543,AdultMaleAgent(Clone),11,10,1.71,1.58,0,0,False,3,1,0.3333333
2026-03-06_18.31.58,72,sign-optimization-horizontal-vertical_scenario,623,215,3,5,-5,90,90,15,1,41544,AdultFemaleAgent(Clone),11,10,1.58,1.450001,0,0,False,3,1,0.3333333
2026-03-06_18.31.58,72,sign-optimization-horizontal-vertical_scenario,623,215,3,5,-5,90,90,15,1,41545,AdultFemaleAgent(Clone),6,12,1.58,1.45,0,0,False,2,0,0
2026-03-06_18.31.58,72,sign-optimization-horizontal-vertical_scenario,623,215,3,5,-5,90,90,15,1,41546,AdultFemaleAgent(Clone),7,11,1.58,1.450001,0,0,False,2,0,0
2026-03-06_18.31.58,72,sign-optimization-horizontal-vertical_scenario,623,215,3,5,-5,90,90,15,1,41547,AdultMaleAgent(Clone),5,10,1.71,1.58,0,0,False,2,0,0
2026-03-06_18.31.58,72,sign-optimization-horizontal-vertical_scenario,623,215,3,5,-5,90,90,15,1,41548,WheelchairAgent(Clone),7,11,1.3,1.17,0,0,False,2,0,0
2026-03-06_18.31.58,72,sign-optimization-horizontal-vertical_scenario,623,215,3,5,-5,90,90,15,1,41549,AdultFemaleAgent(Clone),6,12,1.58,1.45,0,0,False,2,0,0
2026-03-06_18.31.58,72,sign-optimization-horizontal-vertical_scenario,623,215,3,5,-5,90,90,15,1,41550,AdultFemaleAgent(Clone),5,10,1.58,1.45,0,0,False,2,0,0
2026-03-06_18.31.58,72,sign-optimization-horizontal-vertical_scenario,623,215,3,5,-5,90,90,15,1,41551,AdultMaleAgent(Clone),10,12,1.71,1.58,0,0,False,3,0,0
2026-03-06_18.31.58,72,sign-optimization-horizontal-vertical_scenario,623,215,3,5,-5,90,90,15,1,41552,AdultMaleAgent(Clone),11,10,1.71,1.58,0,0,True,3,1,0.3333333
2026-03-06_18.31.58,72,sign-optimization-horizontal-vertical_scenario,623,215,3,5,-5,90,90,15,1,41553,AdultFemaleAgent(Clone),6,12,1.58,1.45,0,0,False,2,0,0
2026-03-06_18.31.58,72,sign-optimization-horizontal-vertical_scenario,623,215,3,5,-5,90,90,15,1,41554,AdultFemaleAgent(Clone),11,10,1.58,1.450001,0,0,False,3,0,0
2026-03-06_18.31.58,72,sign-optimization-horizontal-vertical_scenario,623,215,3,5,-5,90,90,15,1,41555,AdultFemaleAgent(Clone),11,10,1.58,1.450001,0,0,False,3,0,0
2026-03-06_18.31.58,72,sign-optimization-horizontal-vertical_scenario,623,215,3,5,-5,90,90,15,1,41556,AdultFemaleAgent(Clone),7,11,1.58,1.450001,0,0,False,2,0,0
2026-03-06_18.31.58,72,sign-optimization-horizontal-vertical_scenario,623,215,3,5,-5,90,90,15,1,41557,AdultFemaleAgent(Clone),7,11,1.58,1.450001,0,0,False,2,0,0
2026-03-06_18.31.58,72,sign-optimization-horizontal-vertical_scenario,623,215,3,5,-5,90,90,15,1,41558,AdultMaleAgent(Clone),5,10,1.71,1.58,0,0,False,2,0,0
2026-03-06_18.31.58,72,sign-optimization-horizontal-vertical_scenario,623,215,3,5,-5,90,90,15,1,41559,WheelchairAgent(Clone),7,11,1.3,1.17,0,0,False,2,0,0
2026-03-06_18.31.58,72,sign-optimization-horizontal-vertical_scenario,623,215,3,5,-5,90,90,15,1,41560,AdultMaleAgent(Clone),10,12,1.71,1.58,0,0,False,3,0,0
2026-03-06_18.31.58,72,sign-optimization-horizontal-vertical_scenario,623,215,3,5,-5,90,90,15,1,41561,AdultFemaleAgent(Clone),10,12,1.58,1.45,0,0,False,3,0,0
2026-03-06_18.31.58,72,sign-optimization-horizontal-vertical_scenario,623,215,3,5,-5,90,90,15,1,41562,AdultFemaleAgent(Clone),6,12,1.58,1.45,0,0,False,2,0,0
2026-03-06_18.31.58,72,sign-optimization-horizontal-vertical_scenario,623,215,3,5,-5,90,90,15,1,41563,WheelchairAgent(Clone),10,12,1.3,1.17,0,0,False,3,0,0
2026-03-06_18.31.58,72,sign-optimization-horizontal-vertical_scenario,623,215,3,5,-5,90,90,15,1,41564,AdultFemaleAgent(Clone),6,12,1.58,1.45,0,0,False,2,0,0
2026-03-06_18.31.58,72,sign-optimization-horizontal-vertical_scenario,623,215,3,5,-5,90,90,15,1,41565,AdultFemaleAgent(Clone),10,12,1.58,1.45,0,0,False,3,0,0
2026-03-06_18.31.58,72,sign-optimization-horizontal-vertical_scenario,623,215,3,5,-5,90,90,15,1,41566,AdultFemaleAgent(Clone),6,12,1.58,1.45,0,0,False,2,0,0
2026-03-06_18.31.58,72,sign-optimization-horizontal-vertical_scenario,623,215,3,5,-5,90,90,15,1,41567,WheelchairAgent(Clone),7,11,1.3,1.17,0,0,False,2,0,0
2026-03-06_18.31.58,72,sign-optimization-horizontal-vertical_scenario,623,215,3,5,-5,90,90,15,1,41568,AdultFemaleAgent(Clone),11,10,1.58,1.450001,0,0,False,3,0,0
2026-03-06_18.31.58,72,sign-optimization-horizontal-vertical_scenario,623,215,3,5,-5,90,90,15,1,41569,AdultFemaleAgent(Clone),11,10,1.58,1.450001,0,0,False,3,0,0
2026-03-06_18.31.58,72,sign-optimization-horizontal-vertical_scenario,623,215,3,5,-5,90,90,15,1,41570,AdultFemaleAgent(Clone),10,12,1.58,1.45,0,0,False,3,0,0
2026-03-06_18.31.58,72,sign-optimization-horizontal-vertical_scenario,623,215,3,5,-5,90,90,15,1,41571,WheelchairAgent(Clone),6,12,1.3,1.17,0,0,False,2,0,0
2026-03-06_18.31.58,72,sign-optimization-horizontal-vertical_scenario,623,215,3,5,-5,90,90,15,1,41572,AdultMaleAgent(Clone),11,10,1.71,1.58,0,0,False,3,0,0
2026-03-06_18.31.58,72,sign-optimization-horizontal-vertical_scenario,623,215,3,5,-5,90,90,15,1,41573,WheelchairAgent(Clone),7,11,1.3,1.17,0,0,False,2,0,0
2026-03-06_18.31.58,72,sign-optimization-horizontal-vertical_scenario,623,215,3,5,-5,90,90,15,1,41574,AdultFemaleAgent(Clone),6,12,1.58,1.45,0,0,False,2,0,0
2026-03-06_18.31.58,72,sign-optimization-horizontal-vertical_scenario,623,215,3,5,-5,90,90,15,1,41575,WheelchairAgent(Clone),5,10,1.3,1.17,0,0,False,2,0,0
2026-03-06_18.31.58,72,sign-optimization-horizontal-vertical_scenario,623,215,3,5,-5,90,90,15,1,41576,AdultMaleAgent(Clone),10,12,1.71,1.58,0,0,False,3,0,0
2026-03-06_18.31.58,72,sign-optimization-horizontal-vertical_scenario,623,215,3,5,-5,90,90,15,1,41577,AdultMaleAgent(Clone),10,12,1.71,1.58,0,0,False,3,0,0
2026-03-06_18.31.58,72,sign-optimization-horizontal-vertical_scenario,623,215,3,5,-5,90,90,15,1,41578,AdultFemaleAgent(Clone),11,10,1.58,1.450001,0,0,False,3,0,0
2026-03-06_18.31.58,72,sign-optimization-horizontal-vertical_scenario,623,215,3,5,-5,90,90,15,1,41579,AdultFemaleAgent(Clone),10,12,1.58,1.45,0,0,False,3,0,0
2026-03-06_18.31.58,72,sign-optimization-horizontal-vertical_scenario,623,215,3,5,-5,90,90,15,1,41580,AdultFemaleAgent(Clone),5,10,1.58,1.45,0,0,False,2,0,0
2026-03-06_18.31.58,72,sign-optimization-horizontal-vertical_scenario,623,215,3,5,-5,90,90,15,1,41581,AdultMaleAgent(Clone),7,11,1.71,1.58,0,0,False,2,0,0
2026-03-06_18.31.58,72,sign-optimization-horizontal-vertical_scenario,623,215,3,5,-5,90,90,15,1,41582,AdultMaleAgent(Clone),6,12,1.71,1.58,0,0,False,2,0,0
2026-03-06_18.31.58,72,sign-optimization-horizontal-vertical_scenario,623,215,3,5,-5,90,90,15,1,41583,WheelchairAgent(Clone),11,10,1.3,1.17,0,0,False,3,0,0
2026-03-06_18.31.58,72,sign-optimization-horizontal-vertical_scenario,623,215,3,5,-5,90,90,15,1,41584,AdultFemaleAgent(Clone),6,12,1.58,1.45,0,0,False,2,0,0
2026-03-06_18.31.58,72,sign-optimization-horizontal-vertical_scenario,623,215,3,5,-5,90,90,15,1,41585,AdultFemaleAgent(Clone),10,12,1.58,1.45,0,0,False,3,0,0
2026-03-06_18.31.58,72,sign-optimization-horizontal-vertical_scenario,623,215,3,5,-5,90,90,15,1,41586,WheelchairAgent(Clone),6,12,1.3,1.17,0,0,False,2,0,0
2026-03-06_18.31.58,72,sign-optimization-horizontal-vertical_scenario,623,215,3,5,-5,90,90,15,1,41587,AdultFemaleAgent(Clone),11,10,1.58,1.450001,0,0,False,3,0,0
2026-03-06_18.31.58,72,sign-optimization-horizontal-vertical_scenario,623,215,3,5,-5,90,90,15,1,41588,WheelchairAgent(Clone),7,11,1.3,1.17,0,0,False,2,0,0
2026-03-06_18.31.58,72,sign-optimization-horizontal-vertical_scenario,623,215,3,5,-5,90,90,15,1,41589,AdultMaleAgent(Clone),5,10,1.71,1.58,0,0,False,2,0,0
2026-03-06_18.31.58,72,sign-optimization-horizontal-vertical_scenario,623,215,3,5,-5,90,90,15,1,41590,AdultFemaleAgent(Clone),10,12,1.58,1.45,0,0,False,3,0,0
2026-03-06_18.31.58,72,sign-optimization-horizontal-vertical_scenario,623,215,3,5,-5,90,90,15,1,41591,WheelchairAgent(Clone),11,10,1.3,1.17,0,0,False,3,0,0
2026-03-06_18.31.58,72,sign-optimization-horizontal-vertical_scenario,623,215,3,5,-5,90,90,15,1,41592,WheelchairAgent(Clone),6,12,1.3,1.17,0,0,False,2,0,0
2026-03-06_18.31.58,72,sign-optimization-horizontal-vertical_scenario,623,215,3,5,-5,90,90,15,1,41593,WheelchairAgent(Clone),10,12,1.3,1.17,0,0,False,3,0,0
2026-03-06_18.31.58,72,sign-optimization-horizontal-vertical_scenario,623,215,3,5,-5,90,90,15,1,41594,AdultMaleAgent(Clone),7,11,1.71,1.58,0,0,False,2,0,0
2026-03-06_18.31.58,72,sign-optimization-horizontal-vertical_scenario,623,215,3,5,-5,90,90,15,1,41595,AdultMaleAgent(Clone),10,12,1.71,1.58,0,0,False,3,0,0
2026-03-06_18.31.58,72,sign-optimization-horizontal-vertical_scenario,623,215,3,5,-5,90,90,15,1,41596,AdultMaleAgent(Clone),7,11,1.71,1.58,0,0,False,2,0,0
2026-03-06_18.31.58,72,sign-optimization-horizontal-vertical_scenario,623,215,3,5,-5,90,90,15,1,41597,WheelchairAgent(Clone),10,12,1.3,1.17,0,0,False,3,0,0
2026-03-06_18.31.58,72,sign-optimization-horizontal-vertical_scenario,623,215,3,5,-5,90,90,15,1,41598,AdultFemaleAgent(Clone),11,10,1.58,1.450001,0,0,False,3,0,0
2026-03-06_18.31.58,72,sign-optimization-horizontal-vertical_scenario,623,215,3,5,-5,90,90,15,1,41599,AdultMaleAgent(Clone),10,12,1.71,1.58,0,0,False,3,0,0
2026-03-06_18.31.58,72,sign-optimization-horizontal-vertical_scenario,623,215,3,5,-5,90,90,15,1,41600,AdultFemaleAgent(Clone),10,12,1.58,1.45,0,0,False,3,0,0
2026-03-06_18.31.58,72,sign-optimization-horizontal-vertical_scenario,623,215,3,5,-5,90,90,15,1,41601,WheelchairAgent(Clone),6,12,1.3,1.17,0,0,False,2,0,0
2026-03-06_18.31.58,72,sign-optimization-horizontal-vertical_scenario,623,215,3,5,-5,90,90,15,1,41602,WheelchairAgent(Clone),10,12,1.3,1.17,0,0,False,3,0,0
2026-03-06_18.31.58,72,sign-optimization-horizontal-vertical_scenario,623,215,3,5,-5,90,90,15,1,41603,WheelchairAgent(Clone),7,11,1.3,1.17,0,0,False,2,0,0
2026-03-06_18.31.58,72,sign-optimization-horizontal-vertical_scenario,623,215,3,5,-5,90,90,15,1,41604,WheelchairAgent(Clone),6,12,1.3,1.17,0,0,False,2,0,0
2026-03-06_18.31.58,72,sign-optimization-horizontal-vertical_scenario,623,215,3,5,-5,90,90,15,1,41605,AdultFemaleAgent(Clone),11,10,1.58,1.450001,0,0,False,3,0,0
2026-03-06_18.31.58,72,sign-optimization-horizontal-vertical_scenario,623,215,3,5,-5,90,90,15,1,41606,WheelchairAgent(Clone),5,10,1.3,1.17,0,0,False,2,0,0
