Timestamp,RunIndex,ScenarioID,TotalAgents,VisibleSignCount,SignHeight,SignPositionX,SignPositionZ,SignOrientation,VcaAngle,VcaDistance,SignComprehensionTime,AgentID,AgentType,StartNode,GoalNode,Height,EyeHeight,TimeInVCA,TimesInVCA,SawSign,TotalNodesNavigated,NodesWithDetection,RDEffective
2026-03-06_20.25.00,185,sign-optimization-horizontal-vertical_scenario,616,130,3,-8,2,90,90,15,1,106421,AdultMaleAgent(Clone),6,12,1.71,1.58,12.53906,1,True,2,1,0.5
2026-03-06_20.25.00,185,sign-optimization-horizontal-vertical_scenario,616,130,3,-8,2,90,90,15,1,106422,AdultFemaleAgent(Clone),5,10,1.58,1.45,2.929688,1,False,2,1,0.5
2026-03-06_20.25.00,185,sign-optimization-horizontal-vertical_scenario,616,130,3,-8,2,90,90,15,1,106423,AdultMaleAgent(Clone),6,12,1.71,1.58,10.49805,1,True,2,1,0.5
2026-03-06_20.25.00,185,sign-optimization-horizontal-vertical_scenario,616,130,3,-8,2,90,90,15,1,106424,AdultFemaleAgent(Clone),10,12,1.58,1.45,29.91113,1,True,3,1,0.3333333
2026-03-06_20.25.00,185,sign-optimization-horizontal-vertical_scenario,616,130,3,-8,2,90,90,15,1,106425,AdultFemaleAgent(Clone),5,10,1.58,1.45,0,0,False,2,0,0
2026-03-06_20.25.00,185,sign-optimization-horizontal-vertical_scenario,616,130,3,-8,2,90,90,15,1,106426,WheelchairAgent(Clone),11,10,1.3,1.17,12.38379,1,False,3,0,0
2026-03-06_20.25.00,185,sign-optimization-horizontal-vertical_scenario,616,130,3,-8,2,90,90,15,1,106427,AdultMaleAgent(Clone),11,10,1.71,1.58,13.39844,1,True,3,1,0.3333333
2026-03-06_20.25.00,185,sign-optimization-horizontal-vertical_scenario,616,130,3,-8,2,90,90,15,1,106428,AdultMaleAgent(Clone),5,10,1.71,1.58,2.633789,1,False,2,1,0.5
2026-03-06_20.25.00,185,sign-optimization-horizontal-vertical_scenario,616,130,3,-8,2,90,90,15,1,106429,WheelchairAgent(Clone),11,10,1.3,1.17,7.613281,1,False,3,0,0
2026-03-06_20.25.00,185,sign-optimization-horizontal-vertical_scenario,616,130,3,-8,2,90,90,15,1,106430,WheelchairAgent(Clone),5,10,1.3,1.17,3.330078,1,False,2,1,0.5
2026-03-06_20.25.00,185,sign-optimization-horizontal-vertical_scenario,616,130,3,-8,2,90,90,15,1,106431,AdultFemaleAgent(Clone),6,12,1.58,1.45,11.10059,1,True,2,1,0.5
2026-03-06_20.25.00,185,sign-optimization-horizontal-vertical_scenario,616,130,3,-8,2,90,90,15,1,106432,AdultFemaleAgent(Clone),11,10,1.58,1.450001,14.95215,1,True,3,1,0.3333333
2026-03-06_20.25.00,185,sign-optimization-horizontal-vertical_scenario,616,130,3,-8,2,90,90,15,1,106433,AdultMaleAgent(Clone),10,12,1.71,1.58,13.51563,1,False,3,0,0
2026-03-06_20.25.00,185,sign-optimization-horizontal-vertical_scenario,616,130,3,-8,2,90,90,15,1,106434,AdultFemaleAgent(Clone),5,10,1.58,1.45,0.9091797,1,False,2,0,0
2026-03-06_20.25.00,185,sign-optimization-horizontal-vertical_scenario,616,130,3,-8,2,90,90,15,1,106435,AdultMaleAgent(Clone),5,10,1.71,1.58,1.271484,1,False,2,0,0
2026-03-06_20.25.00,185,sign-optimization-horizontal-vertical_scenario,616,130,3,-8,2,90,90,15,1,106436,AdultMaleAgent(Clone),6,12,1.71,1.58,14.25586,1,True,2,1,0.5
2026-03-06_20.25.00,185,sign-optimization-horizontal-vertical_scenario,616,130,3,-8,2,90,90,15,1,106437,AdultFemaleAgent(Clone),11,10,1.58,1.450001,9.663086,1,False,3,1,0.3333333
2026-03-06_20.25.00,185,sign-optimization-horizontal-vertical_scenario,616,130,3,-8,2,90,90,15,1,106438,AdultFemaleAgent(Clone),5,10,1.58,1.45,1.537109,1,False,2,0,0
2026-03-06_20.25.00,185,sign-optimization-horizontal-vertical_scenario,616,130,3,-8,2,90,90,15,1,106439,AdultFemaleAgent(Clone),10,12,1.58,1.45,10.9873,1,False,3,0,0
2026-03-06_20.25.00,185,sign-optimization-horizontal-vertical_scenario,616,130,3,-8,2,90,90,15,1,106440,AdultMaleAgent(Clone),11,10,1.71,1.58,10.75293,1,False,3,1,0.3333333
2026-03-06_20.25.00,185,sign-optimization-horizontal-vertical_scenario,616,130,3,-8,2,90,90,15,1,106441,AdultFemaleAgent(Clone),11,10,1.58,1.450001,9.394531,1,False,3,0,0
2026-03-06_20.25.00,185,sign-optimization-horizontal-vertical_scenario,616,130,3,-8,2,90,90,15,1,106442,WheelchairAgent(Clone),6,12,1.3,1.17,12.94434,1,True,2,1,0.5
2026-03-06_20.25.00,185,sign-optimization-horizontal-vertical_scenario,616,130,3,-8,2,90,90,15,1,106443,AdultFemaleAgent(Clone),11,10,1.58,1.450001,12.46484,1,True,3,1,0.3333333
2026-03-06_20.25.00,185,sign-optimization-horizontal-vertical_scenario,616,130,3,-8,2,90,90,15,1,106444,AdultMaleAgent(Clone),7,11,1.71,1.58,3.512695,2,True,2,1,0.5
2026-03-06_20.25.00,185,sign-optimization-horizontal-vertical_scenario,616,130,3,-8,2,90,90,15,1,106445,WheelchairAgent(Clone),6,12,1.3,1.17,13.74609,1,False,2,1,0.5
2026-03-06_20.25.00,185,sign-optimization-horizontal-vertical_scenario,616,130,3,-8,2,90,90,15,1,106446,AdultMaleAgent(Clone),5,10,1.71,1.58,3.357422,1,False,2,1,0.5
2026-03-06_20.25.00,185,sign-optimization-horizontal-vertical_scenario,616,130,3,-8,2,90,90,15,1,106447,AdultMaleAgent(Clone),7,11,1.71,1.58,1.479492,2,False,2,1,0.5
2026-03-06_20.25.00,185,sign-optimization-horizontal-vertical_scenario,616,130,3,-8,2,90,90,15,1,106448,WheelchairAgent(Clone),10,12,1.3,1.17,11.5625,1,False,3,0,0
2026-03-06_20.25.00,185,sign-optimization-horizontal-vertical_scenario,616,130,3,-8,2,90,90,15,1,106449,AdultMaleAgent(Clone),11,10,1.71,1.58,12.07324,1,True,3,1,0.3333333
2026-03-06_20.25.00,185,sign-optimization-horizontal-vertical_scenario,616,130,3,-8,2,90,90,15,1,106450,AdultFemaleAgent(Clone),11,10,1.58,1.450001,10.02344,1,False,3,0,0
2026-03-06_20.25.00,185,sign-optimization-horizontal-vertical_scenario,616,130,3,-8,2,90,90,15,1,106451,AdultFemaleAgent(Clone),6,12,1.58,1.45,13.80859,1,True,2,1,0.5
2026-03-06_20.25.00,185,sign-optimization-horizontal-vertical_scenario,616,130,3,-8,2,90,90,15,1,106452,AdultMaleAgent(Clone),11,10,1.71,1.58,9.167969,1,False,3,0,0
2026-03-06_20.25.00,185,sign-optimization-horizontal-vertical_scenario,616,130,3,-8,2,90,90,15,1,106453,AdultMaleAgent(Clone),7,11,1.71,1.58,3.826172,2,True,2,1,0.5
2026-03-06_20.25.00,185,sign-optimization-horizontal-vertical_scenario,616,130,3,-8,2,90,90,15,1,106454,AdultMaleAgent(Clone),7,11,1.71,1.58,0.5097656,2,False,2,1,0.5
2026-03-06_20.25.00,185,sign-optimization-horizontal-vertical_scenario,616,130,3,-8,2,90,90,15,1,106455,WheelchairAgent(Clone),10,12,1.3,1.17,13.07617,1,False,3,0,0
2026-03-06_20.25.00,185,sign-optimization-horizontal-vertical_scenario,616,130,3,-8,2,90,90,15,1,106456,AdultMaleAgent(Clone),10,12,1.71,1.58,13.71191,1,False,3,0,0
2026-03-06_20.25.00,185,sign-optimization-horizontal-vertical_scenario,616,130,3,-8,2,90,90,15,1,106457,WheelchairAgent(Clone),6,12,1.3,1.17,13.3877,1,True,2,1,0.5
2026-03-06_20.25.00,185,sign-optimization-horizontal-vertical_scenario,616,130,3,-8,2,90,90,15,1,106458,AdultMaleAgent(Clone),7,11,1.71,1.58,4.912109,2,True,2,1,0.5
2026-03-06_20.25.00,185,sign-optimization-horizontal-vertical_scenario,616,130,3,-8,2,90,90,15,1,106459,WheelchairAgent(Clone),7,11,1.3,1.17,2.802734,2,False,2,1,0.5
2026-03-06_20.25.00,185,sign-optimization-horizontal-vertical_scenario,616,130,3,-8,2,90,90,15,1,106460,AdultMaleAgent(Clone),7,11,1.71,1.58,2.924805,2,False,2,1,0.5
2026-03-06_20.25.00,185,sign-optimization-horizontal-vertical_scenario,616,130,3,-8,2,90,90,15,1,106461,AdultMaleAgent(Clone),11,10,1.71,1.58,10.64648,1,False,3,1,0.3333333
2026-03-06_20.25.00,185,sign-optimization-horizontal-vertical_scenario,616,130,3,-8,2,90,90,15,1,106462,WheelchairAgent(Clone),11,10,1.3,1.17,10.09473,1,False,3,1,0.3333333
2026-03-06_20.25.00,185,sign-optimization-horizontal-vertical_scenario,616,130,3,-8,2,90,90,15,1,106463,WheelchairAgent(Clone),6,12,1.3,1.17,12.87598,1,True,2,1,0.5
2026-03-06_20.25.00,185,sign-optimization-horizontal-vertical_scenario,616,130,3,-8,2,90,90,15,1,106464,AdultMaleAgent(Clone),10,12,1.71,1.58,13.26953,1,False,3,0,0
2026-03-06_20.25.00,185,sign-optimization-horizontal-vertical_scenario,616,130,3,-8,2,90,90,15,1,106465,WheelchairAgent(Clone),5,10,1.3,1.17,0.9003906,1,False,2,0,0
2026-03-06_20.25.00,185,sign-optimization-horizontal-vertical_scenario,616,130,3,-8,2,90,90,15,1,106466,AdultFemaleAgent(Clone),6,12,1.58,1.45,14.19824,1,True,2,1,0.5
2026-03-06_20.25.00,185,sign-optimization-horizontal-vertical_scenario,616,130,3,-8,2,90,90,15,1,106467,AdultFemaleAgent(Clone),7,11,1.58,1.450001,2.717773,2,False,2,1,0.5
2026-03-06_20.25.00,185,sign-optimization-horizontal-vertical_scenario,616,130,3,-8,2,90,90,15,1,106468,AdultMaleAgent(Clone),7,11,1.71,1.58,2.455078,2,False,2,1,0.5
2026-03-06_20.25.00,185,sign-optimization-horizontal-vertical_scenario,616,130,3,-8,2,90,90,15,1,106469,AdultMaleAgent(Clone),10,12,1.71,1.58,12.44043,1,False,3,0,0
2026-03-06_20.25.00,185,sign-optimization-horizontal-vertical_scenario,616,130,3,-8,2,90,90,15,1,106470,WheelchairAgent(Clone),5,10,1.3,1.17,0,0,False,2,0,0
2026-03-06_20.25.00,185,sign-optimization-horizontal-vertical_scenario,616,130,3,-8,2,90,90,15,1,106471,AdultFemaleAgent(Clone),11,10,1.58,1.450001,7.401367,1,False,3,0,0
2026-03-06_20.25.00,185,sign-optimization-horizontal-vertical_scenario,616,130,3,-8,2,90,90,15,1,106472,WheelchairAgent(Clone),11,10,1.3,1.17,12.18164,1,True,3,1,0.3333333
2026-03-06_20.25.00,185,sign-optimization-horizontal-vertical_scenario,616,130,3,-8,2,90,90,15,1,106473,AdultFemaleAgent(Clone),7,11,1.58,1.450001,3.854492,2,False,2,1,0.5
2026-03-06_20.25.00,185,sign-optimization-horizontal-vertical_scenario,616,130,3,-8,2,90,90,15,1,106474,WheelchairAgent(Clone),5,10,1.3,1.17,0.5,1,False,2,0,0
2026-03-06_20.25.00,185,sign-optimization-horizontal-vertical_scenario,616,130,3,-8,2,90,90,15,1,106475,AdultFemaleAgent(Clone),11,10,1.58,1.450001,10.19238,1,False,3,1,0.3333333
2026-03-06_20.25.00,185,sign-optimization-horizontal-vertical_scenario,616,130,3,-8,2,90,90,15,1,106476,AdultMaleAgent(Clone),11,10,1.71,1.58,9.048828,1,False,3,0,0
2026-03-06_20.25.00,185,sign-optimization-horizontal-vertical_scenario,616,130,3,-8,2,90,90,15,1,106477,WheelchairAgent(Clone),10,12,1.3,1.17,13.00391,1,False,3,0,0
2026-03-06_20.25.00,185,sign-optimization-horizontal-vertical_scenario,616,130,3,-8,2,90,90,15,1,106478,AdultFemaleAgent(Clone),6,12,1.58,1.45,13.2207,1,True,2,1,0.5
2026-03-06_20.25.00,185,sign-optimization-horizontal-vertical_scenario,616,130,3,-8,2,90,90,15,1,106479,AdultFemaleAgent(Clone),5,10,1.58,1.45,3.4375,1,False,2,1,0.5
2026-03-06_20.25.00,185,sign-optimization-horizontal-vertical_scenario,616,130,3,-8,2,90,90,15,1,106480,AdultFemaleAgent(Clone),10,12,1.58,1.45,13.08984,1,False,3,0,0
2026-03-06_20.25.00,185,sign-optimization-horizontal-vertical_scenario,616,130,3,-8,2,90,90,15,1,106481,WheelchairAgent(Clone),7,11,1.3,1.17,1.439453,2,False,2,0,0
2026-03-06_20.25.00,185,sign-optimization-horizontal-vertical_scenario,616,130,3,-8,2,90,90,15,1,106482,AdultFemaleAgent(Clone),5,10,1.58,1.45,0,0,False,2,0,0
2026-03-06_20.25.00,185,sign-optimization-horizontal-vertical_scenario,616,130,3,-8,2,90,90,15,1,106483,WheelchairAgent(Clone),5,10,1.3,1.17,2.634766,1,False,2,1,0.5
2026-03-06_20.25.00,185,sign-optimization-horizontal-vertical_scenario,616,130,3,-8,2,90,90,15,1,106484,WheelchairAgent(Clone),10,12,1.3,1.17,13.2666,1,False,3,0,0
2026-03-06_20.25.00,185,sign-optimization-horizontal-vertical_scenario,616,130,3,-8,2,90,90,15,1,106485,AdultFemaleAgent(Clone),7,11,1.58,1.450001,4.786133,2,True,2,1,0.5
2026-03-06_20.25.00,185,sign-optimization-horizontal-vertical_scenario,616,130,3,-8,2,90,90,15,1,106486,WheelchairAgent(Clone),5,10,1.3,1.17,0,0,False,2,0,0
2026-03-06_20.25.00,185,sign-optimization-horizontal-vertical_scenario,616,130,3,-8,2,90,90,15,1,106487,AdultFemaleAgent(Clone),11,10,1.58,1.450001,5.652344,1,False,3,0,0
2026-03-06_20.25.00,185,sign-optimization-horizontal-vertical_scenario,616,130,3,-8,2,90,90,15,1,106488,AdultMaleAgent(Clone),7,11,1.71,1.58,0.05566406,1,False,2,1,0.5
2026-03-06_20.25.00,185,sign-optimization-horizontal-vertical_scenario,616,130,3,-8,2,90,90,15,1,106489,WheelchairAgent(Clone),6,12,1.3,1.17,13.9043,1,True,2,1,0.5
2026-03-06_20.25.00,185,sign-optimization-horizontal-vertical_scenario,616,130,3,-8,2,90,90,15,1,106490,AdultMaleAgent(Clone),7,11,1.71,1.58,5.030273,2,True,2,1,0.5
2026-03-06_20.25.00,185,sign-optimization-horizontal-vertical_scenario,616,130,3,-8,2,90,90,15,1,106491,AdultFemaleAgent(Clone),11,10,1.58,1.450001,5.669922,1,False,3,0,0
2026-03-06_20.25.00,185,sign-optimization-horizontal-vertical_scenario,616,130,3,-8,2,90,90,15,1,106492,AdultFemaleAgent(Clone),11,10,1.58,1.450001,7.46582,1,False,3,0,0
2026-03-06_20.25.00,185,sign-optimization-horizontal-vertical_scenario,616,130,3,-8,2,90,90,15,1,106493,AdultFemaleAgent(Clone),10,12,1.58,1.45,12.12207,1,False,3,0,0
2026-03-06_20.25.00,185,sign-optimization-horizontal-vertical_scenario,616,130,3,-8,2,90,90,15,1,106494,AdultMaleAgent(Clone),5,10,1.71,1.58,0,0,False,2,0,0
2026-03-06_20.25.00,185,sign-optimization-horizontal-vertical_scenario,616,130,3,-8,2,90,90,15,1,106495,WheelchairAgent(Clone),10,12,1.3,1.17,12.59277,1,False,3,0,0
2026-03-06_20.25.00,185,sign-optimization-horizontal-vertical_scenario,616,130,3,-8,2,90,90,15,1,106496,AdultFemaleAgent(Clone),11,10,1.58,1.450001,8.205078,1,False,3,0,0
2026-03-06_20.25.00,185,sign-optimization-horizontal-vertical_scenario,616,130,3,-8,2,90,90,15,1,106497,AdultMaleAgent(Clone),6,12,1.71,1.58,14.20117,1,True,2,1,0.5
2026-03-06_20.25.00,185,sign-optimization-horizontal-vertical_scenario,616,130,3,-8,2,90,90,15,1,106498,WheelchairAgent(Clone),10,12,1.3,1.17,11.31738,1,False,3,0,0
2026-03-06_20.25.00,185,sign-optimization-horizontal-vertical_scenario,616,130,3,-8,2,90,90,15,1,106499,AdultFemaleAgent(Clone),7,11,1.58,1.450001,3.516602,2,False,2,1,0.5
2026-03-06_20.25.00,185,sign-optimization-horizontal-vertical_scenario,616,130,3,-8,2,90,90,15,1,106500,AdultFemaleAgent(Clone),6,12,1.58,1.45,13.66992,1,True,2,1,0.5
2026-03-06_20.25.00,185,sign-optimization-horizontal-vertical_scenario,616,130,3,-8,2,90,90,15,1,106501,WheelchairAgent(Clone),5,10,1.3,1.17,1.822266,1,False,2,0,0
2026-03-06_20.25.00,185,sign-optimization-horizontal-vertical_scenario,616,130,3,-8,2,90,90,15,1,106502,WheelchairAgent(Clone),10,12,1.3,1.17,11.07227,1,False,3,0,0
2026-03-06_20.25.00,185,sign-optimization-horizontal-vertical_scenario,616,130,3,-8,2,90,90,15,1,106503,WheelchairAgent(Clone),7,11,1.3,1.17,2.649414,2,False,2,0,0
2026-03-06_20.25.00,185,sign-optimization-horizontal-vertical_scenario,616,130,3,-8,2,90,90,15,1,106504,AdultMaleAgent(Clone),7,11,1.71,1.58,4.016602,2,False,2,1,0.5
2026-03-06_20.25.00,185,sign-optimization-horizontal-vertical_scenario,616,130,3,-8,2,90,90,15,1,106505,AdultFemaleAgent(Clone),11,10,1.58,1.450001,10.96094,1,False,3,1,0.3333333
2026-03-06_20.25.00,185,sign-optimization-horizontal-vertical_scenario,616,130,3,-8,2,90,90,15,1,106506,AdultMaleAgent(Clone),11,10,1.71,1.58,9.074219,1,False,3,0,0
2026-03-06_20.25.00,185,sign-optimization-horizontal-vertical_scenario,616,130,3,-8,2,90,90,15,1,106507,WheelchairAgent(Clone),5,10,1.3,1.17,2.211914,1,False,2,1,0.5
2026-03-06_20.25.00,185,sign-optimization-horizontal-vertical_scenario,616,130,3,-8,2,90,90,15,1,106508,AdultFemaleAgent(Clone),11,10,1.58,1.450001,11.79297,1,True,3,1,0.3333333
2026-03-06_20.25.00,185,sign-optimization-horizontal-vertical_scenario,616,130,3,-8,2,90,90,15,1,106509,WheelchairAgent(Clone),11,10,1.3,1.17,11.21289,1,False,3,1,0.3333333
2026-03-06_20.25.00,185,sign-optimization-horizontal-vertical_scenario,616,130,3,-8,2,90,90,15,1,106510,AdultMaleAgent(Clone),7,11,1.71,1.58,1.392578,2,False,2,1,0.5
2026-03-06_20.25.00,185,sign-optimization-horizontal-vertical_scenario,616,130,3,-8,2,90,90,15,1,106511,AdultMaleAgent(Clone),5,10,1.71,1.58,1.399414,1,False,2,0,0
2026-03-06_20.25.00,185,sign-optimization-horizontal-vertical_scenario,616,130,3,-8,2,90,90,15,1,106512,WheelchairAgent(Clone),11,10,1.3,1.17,8.499023,1,False,3,0,0
2026-03-06_20.25.00,185,sign-optimization-horizontal-vertical_scenario,616,130,3,-8,2,90,90,15,1,106513,WheelchairAgent(Clone),7,11,1.3,1.17,0.2060547,2,False,2,0,0
2026-03-06_20.25.00,185,sign-optimization-horizontal-vertical_scenario,616,130,3,-8,2,90,90,15,1,106514,AdultMaleAgent(Clone),10,12,1.71,1.58,13.28516,1,False,3,0,0
2026-03-06_20.25.00,185,sign-optimization-horizontal-vertical_scenario,616,130,3,-8,2,90,90,15,1,106515,WheelchairAgent(Clone),5,10,1.3,1.17,2.355469,1,False,2,1,0.5
2026-03-06_20.25.00,185,sign-optimization-horizontal-vertical_scenario,616,130,3,-8,2,90,90,15,1,106516,AdultMaleAgent(Clone),7,11,1.71,1.58,3.367188,2,False,2,1,0.5
2026-03-06_20.25.00,185,sign-optimization-horizontal-vertical_scenario,616,130,3,-8,2,90,90,15,1,106517,WheelchairAgent(Clone),10,12,1.3,1.17,14.2168,1,False,3,0,0
2026-03-06_20.25.00,185,sign-optimization-horizontal-vertical_scenario,616,130,3,-8,2,90,90,15,1,106518,AdultMaleAgent(Clone),6,12,1.71,1.58,14.01758,1,True,2,1,0.5
2026-03-06_20.25.00,185,sign-optimization-horizontal-vertical_scenario,616,130,3,-8,2,90,90,15,1,106519,AdultFemaleAgent(Clone),10,12,1.58,1.45,13.22852,1,False,3,0,0
2026-03-06_20.25.00,185,sign-optimization-horizontal-vertical_scenario,616,130,3,-8,2,90,90,15,1,106520,WheelchairAgent(Clone),10,12,1.3,1.17,14.3623,1,False,3,0,0
2026-03-06_20.25.00,185,sign-optimization-horizontal-vertical_scenario,616,130,3,-8,2,90,90,15,1,106521,WheelchairAgent(Clone),10,12,1.3,1.17,12.74902,1,False,3,0,0
2026-03-06_20.25.00,185,sign-optimization-horizontal-vertical_scenario,616,130,3,-8,2,90,90,15,1,106522,AdultMaleAgent(Clone),10,12,1.71,1.58,13.36816,1,False,3,0,0
2026-03-06_20.25.00,185,sign-optimization-horizontal-vertical_scenario,616,130,3,-8,2,90,90,15,1,106523,WheelchairAgent(Clone),7,11,1.3,1.17,2.075195,2,False,2,1,0.5
2026-03-06_20.25.00,185,sign-optimization-horizontal-vertical_scenario,616,130,3,-8,2,90,90,15,1,106524,WheelchairAgent(Clone),7,11,1.3,1.17,4.003906,2,True,2,1,0.5
2026-03-06_20.25.00,185,sign-optimization-horizontal-vertical_scenario,616,130,3,-8,2,90,90,15,1,106525,AdultMaleAgent(Clone),10,12,1.71,1.58,11.99512,1,False,3,0,0
2026-03-06_20.25.00,185,sign-optimization-horizontal-vertical_scenario,616,130,3,-8,2,90,90,15,1,106526,AdultMaleAgent(Clone),10,12,1.71,1.58,13.02539,1,False,3,0,0
2026-03-06_20.25.00,185,sign-optimization-horizontal-vertical_scenario,616,130,3,-8,2,90,90,15,1,106527,AdultMaleAgent(Clone),7,11,1.71,1.58,4.369141,2,True,2,1,0.5
2026-03-06_20.25.00,185,sign-optimization-horizontal-vertical_scenario,616,130,3,-8,2,90,90,15,1,106528,WheelchairAgent(Clone),6,12,1.3,1.17,15.58008,1,False,2,1,0.5
2026-03-06_20.25.00,185,sign-optimization-horizontal-vertical_scenario,616,130,3,-8,2,90,90,15,1,106529,AdultMaleAgent(Clone),5,10,1.71,1.58,2.058594,1,False,2,1,0.5
2026-03-06_20.25.00,185,sign-optimization-horizontal-vertical_scenario,616,130,3,-8,2,90,90,15,1,106530,AdultFemaleAgent(Clone),7,11,1.58,1.450001,2.861328,2,False,2,1,0.5
2026-03-06_20.25.00,185,sign-optimization-horizontal-vertical_scenario,616,130,3,-8,2,90,90,15,1,106531,AdultMaleAgent(Clone),5,10,1.71,1.58,3.945313,1,True,2,1,0.5
2026-03-06_20.25.00,185,sign-optimization-horizontal-vertical_scenario,616,130,3,-8,2,90,90,15,1,106532,AdultMaleAgent(Clone),6,12,1.71,1.58,13.20605,1,True,2,1,0.5
2026-03-06_20.25.00,185,sign-optimization-horizontal-vertical_scenario,616,130,3,-8,2,90,90,15,1,106533,AdultMaleAgent(Clone),11,10,1.71,1.58,6.597656,1,False,3,0,0
2026-03-06_20.25.00,185,sign-optimization-horizontal-vertical_scenario,616,130,3,-8,2,90,90,15,1,106534,AdultFemaleAgent(Clone),7,11,1.58,1.450001,1.9375,2,False,2,1,0.5
2026-03-06_20.25.00,185,sign-optimization-horizontal-vertical_scenario,616,130,3,-8,2,90,90,15,1,106535,WheelchairAgent(Clone),5,10,1.3,1.17,3.267578,1,False,2,1,0.5
2026-03-06_20.25.00,185,sign-optimization-horizontal-vertical_scenario,616,130,3,-8,2,90,90,15,1,106536,WheelchairAgent(Clone),10,12,1.3,1.17,14.29395,1,False,3,0,0
2026-03-06_20.25.00,185,sign-optimization-horizontal-vertical_scenario,616,130,3,-8,2,90,90,15,1,106537,AdultMaleAgent(Clone),11,10,1.71,1.58,12.14258,1,True,3,1,0.3333333
2026-03-06_20.25.00,185,sign-optimization-horizontal-vertical_scenario,616,130,3,-8,2,90,90,15,1,106538,AdultMaleAgent(Clone),7,11,1.71,1.58,1.269531,2,False,2,1,0.5
2026-03-06_20.25.00,185,sign-optimization-horizontal-vertical_scenario,616,130,3,-8,2,90,90,15,1,106539,AdultMaleAgent(Clone),11,10,1.71,1.58,7.402344,1,False,3,0,0
2026-03-06_20.25.00,185,sign-optimization-horizontal-vertical_scenario,616,130,3,-8,2,90,90,15,1,106540,AdultFemaleAgent(Clone),6,12,1.58,1.45,13.07324,1,True,2,1,0.5
2026-03-06_20.25.00,185,sign-optimization-horizontal-vertical_scenario,616,130,3,-8,2,90,90,15,1,106541,AdultMaleAgent(Clone),10,12,1.71,1.58,13.28516,1,False,3,0,0
2026-03-06_20.25.00,185,sign-optimization-horizontal-vertical_scenario,616,130,3,-8,2,90,90,15,1,106542,WheelchairAgent(Clone),11,10,1.3,1.17,10.12598,1,False,3,1,0.3333333
2026-03-06_20.25.00,185,sign-optimization-horizontal-vertical_scenario,616,130,3,-8,2,90,90,15,1,106543,AdultMaleAgent(Clone),10,12,1.71,1.58,12.24121,1,False,3,0,0
2026-03-06_20.25.00,185,sign-optimization-horizontal-vertical_scenario,616,130,3,-8,2,90,90,15,1,106544,AdultMaleAgent(Clone),5,10,1.71,1.58,0,0,False,2,0,0
2026-03-06_20.25.00,185,sign-optimization-horizontal-vertical_scenario,616,130,3,-8,2,90,90,15,1,106545,AdultMaleAgent(Clone),11,10,1.71,1.58,7.779297,1,False,3,0,0
2026-03-06_20.25.00,185,sign-optimization-horizontal-vertical_scenario,616,130,3,-8,2,90,90,15,1,106546,AdultMaleAgent(Clone),10,12,1.71,1.58,12.01172,1,False,3,0,0
2026-03-06_20.25.00,185,sign-optimization-horizontal-vertical_scenario,616,130,3,-8,2,90,90,15,1,106547,AdultFemaleAgent(Clone),7,11,1.58,1.450001,0.07714844,2,False,2,1,0.5
2026-03-06_20.25.00,185,sign-optimization-horizontal-vertical_scenario,616,130,3,-8,2,90,90,15,1,106548,AdultFemaleAgent(Clone),5,10,1.58,1.45,0,0,False,2,0,0
2026-03-06_20.25.00,185,sign-optimization-horizontal-vertical_scenario,616,130,3,-8,2,90,90,15,1,106549,AdultMaleAgent(Clone),11,10,1.71,1.58,8.325195,1,False,3,0,0
2026-03-06_20.25.00,185,sign-optimization-horizontal-vertical_scenario,616,130,3,-8,2,90,90,15,1,106550,WheelchairAgent(Clone),7,11,1.3,1.17,2.755859,2,False,2,1,0.5
2026-03-06_20.25.00,185,sign-optimization-horizontal-vertical_scenario,616,130,3,-8,2,90,90,15,1,106551,AdultFemaleAgent(Clone),6,12,1.58,1.45,13.94336,1,True,2,1,0.5
2026-03-06_20.25.00,185,sign-optimization-horizontal-vertical_scenario,616,130,3,-8,2,90,90,15,1,106552,WheelchairAgent(Clone),5,10,1.3,1.17,1.285156,1,False,2,0,0
2026-03-06_20.25.00,185,sign-optimization-horizontal-vertical_scenario,616,130,3,-8,2,90,90,15,1,106553,AdultMaleAgent(Clone),7,11,1.71,1.58,5.483398,2,True,2,1,0.5
2026-03-06_20.25.00,185,sign-optimization-horizontal-vertical_scenario,616,130,3,-8,2,90,90,15,1,106554,AdultFemaleAgent(Clone),10,12,1.58,1.45,11.68652,1,False,3,0,0
2026-03-06_20.25.00,185,sign-optimization-horizontal-vertical_scenario,616,130,3,-8,2,90,90,15,1,106555,AdultMaleAgent(Clone),5,10,1.71,1.58,1.224609,1,False,2,0,0
2026-03-06_20.25.00,185,sign-optimization-horizontal-vertical_scenario,616,130,3,-8,2,90,90,15,1,106556,WheelchairAgent(Clone),7,11,1.3,1.17,2.996094,2,False,2,1,0.5
2026-03-06_20.25.00,185,sign-optimization-horizontal-vertical_scenario,616,130,3,-8,2,90,90,15,1,106557,AdultFemaleAgent(Clone),7,11,1.58,1.450001,1.501953,2,False,2,1,0.5
2026-03-06_20.25.00,185,sign-optimization-horizontal-vertical_scenario,616,130,3,-8,2,90,90,15,1,106558,AdultFemaleAgent(Clone),7,11,1.58,1.450001,0.6767578,2,False,2,1,0.5
2026-03-06_20.25.00,185,sign-optimization-horizontal-vertical_scenario,616,130,3,-8,2,90,90,15,1,106559,AdultFemaleAgent(Clone),10,12,1.58,1.45,12.21777,1,False,3,0,0
2026-03-06_20.25.00,185,sign-optimization-horizontal-vertical_scenario,616,130,3,-8,2,90,90,15,1,106560,AdultMaleAgent(Clone),11,10,1.71,1.58,7.919922,1,False,3,0,0
2026-03-06_20.25.00,185,sign-optimization-horizontal-vertical_scenario,616,130,3,-8,2,90,90,15,1,106561,AdultMaleAgent(Clone),7,11,1.71,1.58,0.2382813,2,False,2,1,0.5
2026-03-06_20.25.00,185,sign-optimization-horizontal-vertical_scenario,616,130,3,-8,2,90,90,15,1,106562,AdultFemaleAgent(Clone),10,12,1.58,1.45,12.6084,1,False,3,0,0
2026-03-06_20.25.00,185,sign-optimization-horizontal-vertical_scenario,616,130,3,-8,2,90,90,15,1,106563,AdultFemaleAgent(Clone),6,12,1.58,1.45,13.15723,1,True,2,1,0.5
2026-03-06_20.25.00,185,sign-optimization-horizontal-vertical_scenario,616,130,3,-8,2,90,90,15,1,106564,WheelchairAgent(Clone),11,10,1.3,1.17,7.78125,1,False,3,0,0
2026-03-06_20.25.00,185,sign-optimization-horizontal-vertical_scenario,616,130,3,-8,2,90,90,15,1,106565,AdultMaleAgent(Clone),11,10,1.71,1.58,7.783203,1,False,3,0,0
2026-03-06_20.25.00,185,sign-optimization-horizontal-vertical_scenario,616,130,3,-8,2,90,90,15,1,106566,AdultFemaleAgent(Clone),10,12,1.58,1.45,13.1543,1,False,3,0,0
2026-03-06_20.25.00,185,sign-optimization-horizontal-vertical_scenario,616,130,3,-8,2,90,90,15,1,106567,AdultFemaleAgent(Clone),6,12,1.58,1.45,11.51563,1,True,2,1,0.5
2026-03-06_20.25.00,185,sign-optimization-horizontal-vertical_scenario,616,130,3,-8,2,90,90,15,1,106568,AdultFemaleAgent(Clone),5,10,1.58,1.45,2.870117,1,False,2,1,0.5
2026-03-06_20.25.00,185,sign-optimization-horizontal-vertical_scenario,616,130,3,-8,2,90,90,15,1,106569,AdultMaleAgent(Clone),6,12,1.71,1.58,15.94141,1,True,2,1,0.5
2026-03-06_20.25.00,185,sign-optimization-horizontal-vertical_scenario,616,130,3,-8,2,90,90,15,1,106570,AdultMaleAgent(Clone),7,11,1.71,1.58,0.2119141,1,False,2,1,0.5
2026-03-06_20.25.00,185,sign-optimization-horizontal-vertical_scenario,616,130,3,-8,2,90,90,15,1,106571,AdultFemaleAgent(Clone),7,11,1.58,1.450001,4.472656,2,False,2,1,0.5
2026-03-06_20.25.00,185,sign-optimization-horizontal-vertical_scenario,616,130,3,-8,2,90,90,15,1,106572,AdultMaleAgent(Clone),10,12,1.71,1.58,12.97852,1,False,3,0,0
2026-03-06_20.25.00,185,sign-optimization-horizontal-vertical_scenario,616,130,3,-8,2,90,90,15,1,106573,WheelchairAgent(Clone),7,11,1.3,1.17,2.270508,2,False,2,1,0.5
2026-03-06_20.25.00,185,sign-optimization-horizontal-vertical_scenario,616,130,3,-8,2,90,90,15,1,106574,AdultFemaleAgent(Clone),6,12,1.58,1.45,11.0127,1,True,2,1,0.5
2026-03-06_20.25.00,185,sign-optimization-horizontal-vertical_scenario,616,130,3,-8,2,90,90,15,1,106575,AdultMaleAgent(Clone),6,12,1.71,1.58,13.42578,1,True,2,1,0.5
2026-03-06_20.25.00,185,sign-optimization-horizontal-vertical_scenario,616,130,3,-8,2,90,90,15,1,106576,AdultFemaleAgent(Clone),7,11,1.58,1.450001,4.720703,2,True,2,1,0.5
2026-03-06_20.25.00,185,sign-optimization-horizontal-vertical_scenario,616,130,3,-8,2,90,90,15,1,106577,AdultFemaleAgent(Clone),7,11,1.58,1.450001,4.396484,2,True,2,1,0.5
2026-03-06_20.25.00,185,sign-optimization-horizontal-vertical_scenario,616,130,3,-8,2,90,90,15,1,106578,AdultFemaleAgent(Clone),5,10,1.58,1.45,0,0,False,2,0,0
2026-03-06_20.25.00,185,sign-optimization-horizontal-vertical_scenario,616,130,3,-8,2,90,90,15,1,106579,WheelchairAgent(Clone),6,12,1.3,1.17,14.4375,1,False,2,1,0.5
2026-03-06_20.25.00,185,sign-optimization-horizontal-vertical_scenario,616,130,3,-8,2,90,90,15,1,106580,WheelchairAgent(Clone),6,12,1.3,1.17,12.4873,1,True,2,1,0.5
2026-03-06_20.25.00,185,sign-optimization-horizontal-vertical_scenario,616,130,3,-8,2,90,90,15,1,106581,AdultFemaleAgent(Clone),7,11,1.58,1.450001,3.204102,2,True,2,1,0.5
2026-03-06_20.25.00,185,sign-optimization-horizontal-vertical_scenario,616,130,3,-8,2,90,90,15,1,106582,AdultFemaleAgent(Clone),6,12,1.58,1.45,13.89063,1,True,2,1,0.5
2026-03-06_20.25.00,185,sign-optimization-horizontal-vertical_scenario,616,130,3,-8,2,90,90,15,1,106583,WheelchairAgent(Clone),6,12,1.3,1.17,16.82422,1,True,2,1,0.5
2026-03-06_20.25.00,185,sign-optimization-horizontal-vertical_scenario,616,130,3,-8,2,90,90,15,1,106584,WheelchairAgent(Clone),11,10,1.3,1.17,6.696289,1,False,3,0,0
2026-03-06_20.25.00,185,sign-optimization-horizontal-vertical_scenario,616,130,3,-8,2,90,90,15,1,106585,AdultFemaleAgent(Clone),10,12,1.58,1.45,13.27344,1,False,3,0,0
2026-03-06_20.25.00,185,sign-optimization-horizontal-vertical_scenario,616,130,3,-8,2,90,90,15,1,106586,WheelchairAgent(Clone),7,11,1.3,1.17,0.9638672,2,False,2,0,0
2026-03-06_20.25.00,185,sign-optimization-horizontal-vertical_scenario,616,130,3,-8,2,90,90,15,1,106587,AdultFemaleAgent(Clone),5,10,1.58,1.45,0,0,False,2,0,0
2026-03-06_20.25.00,185,sign-optimization-horizontal-vertical_scenario,616,130,3,-8,2,90,90,15,1,106588,AdultMaleAgent(Clone),11,10,1.71,1.58,8.494141,1,False,3,0,0
2026-03-06_20.25.00,185,sign-optimization-horizontal-vertical_scenario,616,130,3,-8,2,90,90,15,1,106589,WheelchairAgent(Clone),6,12,1.3,1.17,13.33105,1,False,2,1,0.5
2026-03-06_20.25.00,185,sign-optimization-horizontal-vertical_scenario,616,130,3,-8,2,90,90,15,1,106590,AdultFemaleAgent(Clone),5,10,1.58,1.45,2.716797,1,False,2,1,0.5
2026-03-06_20.25.00,185,sign-optimization-horizontal-vertical_scenario,616,130,3,-8,2,90,90,15,1,106591,AdultFemaleAgent(Clone),6,12,1.58,1.45,11.71875,1,True,2,1,0.5
2026-03-06_20.25.00,185,sign-optimization-horizontal-vertical_scenario,616,130,3,-8,2,90,90,15,1,106592,AdultFemaleAgent(Clone),10,12,1.58,1.45,11.6377,1,False,3,1,0.3333333
2026-03-06_20.25.00,185,sign-optimization-horizontal-vertical_scenario,616,130,3,-8,2,90,90,15,1,106593,AdultMaleAgent(Clone),7,11,1.71,1.58,1.511719,2,False,2,1,0.5
2026-03-06_20.25.00,185,sign-optimization-horizontal-vertical_scenario,616,130,3,-8,2,90,90,15,1,106594,AdultMaleAgent(Clone),10,12,1.71,1.58,12.54004,1,False,3,0,0
2026-03-06_20.25.00,185,sign-optimization-horizontal-vertical_scenario,616,130,3,-8,2,90,90,15,1,106595,AdultMaleAgent(Clone),11,10,1.71,1.58,0,0,False,3,0,0
2026-03-06_20.25.00,185,sign-optimization-horizontal-vertical_scenario,616,130,3,-8,2,90,90,15,1,106596,WheelchairAgent(Clone),11,10,1.3,1.17,9.609375,1,False,3,0,0
2026-03-06_20.25.00,185,sign-optimization-horizontal-vertical_scenario,616,130,3,-8,2,90,90,15,1,106597,AdultFemaleAgent(Clone),6,12,1.58,1.45,14.84863,1,True,2,1,0.5
2026-03-06_20.25.00,185,sign-optimization-horizontal-vertical_scenario,616,130,3,-8,2,90,90,15,1,106598,WheelchairAgent(Clone),5,10,1.3,1.17,0,0,False,2,0,0
2026-03-06_20.25.00,185,sign-optimization-horizontal-vertical_scenario,616,130,3,-8,2,90,90,15,1,106599,AdultFemaleAgent(Clone),6,12,1.58,1.45,16.66406,1,True,2,1,0.5
2026-03-06_20.25.00,185,sign-optimization-horizontal-vertical_scenario,616,130,3,-8,2,90,90,15,1,106600,WheelchairAgent(Clone),6,12,1.3,1.17,15.16602,1,False,2,1,0.5
2026-03-06_20.25.00,185,sign-optimization-horizontal-vertical_scenario,616,130,3,-8,2,90,90,15,1,106601,AdultFemaleAgent(Clone),6,12,1.58,1.45,12.87988,1,True,2,1,0.5
2026-03-06_20.25.00,185,sign-optimization-horizontal-vertical_scenario,616,130,3,-8,2,90,90,15,1,106602,AdultMaleAgent(Clone),5,10,1.71,1.58,4.201172,1,True,2,1,0.5
2026-03-06_20.25.00,185,sign-optimization-horizontal-vertical_scenario,616,130,3,-8,2,90,90,15,1,106603,AdultMaleAgent(Clone),7,11,1.71,1.58,1.958008,2,False,2,1,0.5
2026-03-06_20.25.00,185,sign-optimization-horizontal-vertical_scenario,616,130,3,-8,2,90,90,15,1,106604,WheelchairAgent(Clone),10,12,1.3,1.17,13.35742,1,False,3,0,0
2026-03-06_20.25.00,185,sign-optimization-horizontal-vertical_scenario,616,130,3,-8,2,90,90,15,1,106605,WheelchairAgent(Clone),10,12,1.3,1.17,12.95313,1,False,3,0,0
2026-03-06_20.25.00,185,sign-optimization-horizontal-vertical_scenario,616,130,3,-8,2,90,90,15,1,106606,AdultMaleAgent(Clone),11,10,1.71,1.58,0,0,False,3,0,0
2026-03-06_20.25.00,185,sign-optimization-horizontal-vertical_scenario,616,130,3,-8,2,90,90,15,1,106607,WheelchairAgent(Clone),5,10,1.3,1.17,0,0,False,2,0,0
2026-03-06_20.25.00,185,sign-optimization-horizontal-vertical_scenario,616,130,3,-8,2,90,90,15,1,106608,WheelchairAgent(Clone),7,11,1.3,1.17,5.365234,2,True,2,1,0.5
2026-03-06_20.25.00,185,sign-optimization-horizontal-vertical_scenario,616,130,3,-8,2,90,90,15,1,106609,AdultFemaleAgent(Clone),11,10,1.58,1.450001,0,0,False,3,0,0
2026-03-06_20.25.00,185,sign-optimization-horizontal-vertical_scenario,616,130,3,-8,2,90,90,15,1,106610,WheelchairAgent(Clone),5,10,1.3,1.17,0,0,False,2,0,0
2026-03-06_20.25.00,185,sign-optimization-horizontal-vertical_scenario,616,130,3,-8,2,90,90,15,1,106611,WheelchairAgent(Clone),6,12,1.3,1.17,9.951172,1,True,2,1,0.5
2026-03-06_20.25.00,185,sign-optimization-horizontal-vertical_scenario,616,130,3,-8,2,90,90,15,1,106612,AdultFemaleAgent(Clone),11,10,1.58,1.450001,0,0,False,3,0,0
2026-03-06_20.25.00,185,sign-optimization-horizontal-vertical_scenario,616,130,3,-8,2,90,90,15,1,106613,WheelchairAgent(Clone),10,12,1.3,1.17,13.84277,1,False,3,0,0
2026-03-06_20.25.00,185,sign-optimization-horizontal-vertical_scenario,616,130,3,-8,2,90,90,15,1,106614,AdultMaleAgent(Clone),5,10,1.71,1.58,3.326172,1,False,2,1,0.5
2026-03-06_20.25.00,185,sign-optimization-horizontal-vertical_scenario,616,130,3,-8,2,90,90,15,1,106615,AdultFemaleAgent(Clone),6,12,1.58,1.45,11.79688,1,True,2,1,0.5
2026-03-06_20.25.00,185,sign-optimization-horizontal-vertical_scenario,616,130,3,-8,2,90,90,15,1,106616,WheelchairAgent(Clone),5,10,1.3,1.17,2.277344,1,False,2,1,0.5
2026-03-06_20.25.00,185,sign-optimization-horizontal-vertical_scenario,616,130,3,-8,2,90,90,15,1,106617,AdultMaleAgent(Clone),7,11,1.71,1.58,3.162109,2,True,2,1,0.5
2026-03-06_20.25.00,185,sign-optimization-horizontal-vertical_scenario,616,130,3,-8,2,90,90,15,1,106618,AdultMaleAgent(Clone),10,12,1.71,1.58,12.12012,1,False,3,0,0
2026-03-06_20.25.00,185,sign-optimization-horizontal-vertical_scenario,616,130,3,-8,2,90,90,15,1,106619,AdultMaleAgent(Clone),6,12,1.71,1.58,14.5293,1,True,2,1,0.5
2026-03-06_20.25.00,185,sign-optimization-horizontal-vertical_scenario,616,130,3,-8,2,90,90,15,1,106620,AdultMaleAgent(Clone),7,11,1.71,1.58,1.978516,2,False,2,1,0.5
2026-03-06_20.25.00,185,sign-optimization-horizontal-vertical_scenario,616,130,3,-8,2,90,90,15,1,106621,WheelchairAgent(Clone),7,11,1.3,1.17,4.121094,2,False,2,1,0.5
2026-03-06_20.25.00,185,sign-optimization-horizontal-vertical_scenario,616,130,3,-8,2,90,90,15,1,106622,AdultFemaleAgent(Clone),10,12,1.58,1.45,12.14746,1,False,3,0,0
2026-03-06_20.25.00,185,sign-optimization-horizontal-vertical_scenario,616,130,3,-8,2,90,90,15,1,106623,WheelchairAgent(Clone),5,10,1.3,1.17,3.033203,1,False,2,1,0.5
2026-03-06_20.25.00,185,sign-optimization-horizontal-vertical_scenario,616,130,3,-8,2,90,90,15,1,106624,AdultFemaleAgent(Clone),5,10,1.58,1.45,0,0,False,2,0,0
2026-03-06_20.25.00,185,sign-optimization-horizontal-vertical_scenario,616,130,3,-8,2,90,90,15,1,106625,WheelchairAgent(Clone),7,11,1.3,1.17,0.8867188,1,False,2,0,0
2026-03-06_20.25.00,185,sign-optimization-horizontal-vertical_scenario,616,130,3,-8,2,90,90,15,1,106626,AdultMaleAgent(Clone),5,10,1.71,1.58,1.118164,1,False,2,0,0
2026-03-06_20.25.00,185,sign-optimization-horizontal-vertical_scenario,616,130,3,-8,2,90,90,15,1,106627,WheelchairAgent(Clone),11,10,1.3,1.17,6.333984,1,False,3,0,0
2026-03-06_20.25.00,185,sign-optimization-horizontal-vertical_scenario,616,130,3,-8,2,90,90,15,1,106628,AdultFemaleAgent(Clone),6,12,1.58,1.45,11.58301,1,True,2,1,0.5
2026-03-06_20.25.00,185,sign-optimization-horizontal-vertical_scenario,616,130,3,-8,2,90,90,15,1,106629,AdultFemaleAgent(Clone),5,10,1.58,1.45,0,0,False,2,0,0
2026-03-06_20.25.00,185,sign-optimization-horizontal-vertical_scenario,616,130,3,-8,2,90,90,15,1,106630,WheelchairAgent(Clone),5,10,1.3,1.17,3.589844,1,False,2,1,0.5
2026-03-06_20.25.00,185,sign-optimization-horizontal-vertical_scenario,616,130,3,-8,2,90,90,15,1,106631,AdultMaleAgent(Clone),6,12,1.71,1.58,15.14648,1,True,2,1,0.5
2026-03-06_20.25.00,185,sign-optimization-horizontal-vertical_scenario,616,130,3,-8,2,90,90,15,1,106632,AdultFemaleAgent(Clone),5,10,1.58,1.45,2.287109,1,False,2,1,0.5
2026-03-06_20.25.00,185,sign-optimization-horizontal-vertical_scenario,616,130,3,-8,2,90,90,15,1,106633,AdultMaleAgent(Clone),6,12,1.71,1.58,13.08496,1,True,2,1,0.5
2026-03-06_20.25.00,185,sign-optimization-horizontal-vertical_scenario,616,130,3,-8,2,90,90,15,1,106634,WheelchairAgent(Clone),5,10,1.3,1.17,0,0,False,2,0,0
2026-03-06_20.25.00,185,sign-optimization-horizontal-vertical_scenario,616,130,3,-8,2,90,90,15,1,106635,WheelchairAgent(Clone),10,12,1.3,1.17,11.81348,1,False,3,0,0
2026-03-06_20.25.00,185,sign-optimization-horizontal-vertical_scenario,616,130,3,-8,2,90,90,15,1,106636,AdultFemaleAgent(Clone),6,12,1.58,1.45,9.655273,1,False,2,1,0.5
2026-03-06_20.25.00,185,sign-optimization-horizontal-vertical_scenario,616,130,3,-8,2,90,90,15,1,106637,AdultFemaleAgent(Clone),5,10,1.58,1.45,0,0,False,2,0,0
2026-03-06_20.25.00,185,sign-optimization-horizontal-vertical_scenario,616,130,3,-8,2,90,90,15,1,106638,AdultFemaleAgent(Clone),11,10,1.58,1.450001,6.953125,1,False,3,0,0
2026-03-06_20.25.00,185,sign-optimization-horizontal-vertical_scenario,616,130,3,-8,2,90,90,15,1,106639,WheelchairAgent(Clone),5,10,1.3,1.17,4.107422,1,True,2,1,0.5
2026-03-06_20.25.00,185,sign-optimization-horizontal-vertical_scenario,616,130,3,-8,2,90,90,15,1,106640,WheelchairAgent(Clone),5,10,1.3,1.17,0,0,False,2,0,0
2026-03-06_20.25.00,185,sign-optimization-horizontal-vertical_scenario,616,130,3,-8,2,90,90,15,1,106641,AdultFemaleAgent(Clone),10,12,1.58,1.45,13.79688,1,False,3,0,0
2026-03-06_20.25.00,185,sign-optimization-horizontal-vertical_scenario,616,130,3,-8,2,90,90,15,1,106642,WheelchairAgent(Clone),7,11,1.3,1.17,5.050781,2,True,2,1,0.5
2026-03-06_20.25.00,185,sign-optimization-horizontal-vertical_scenario,616,130,3,-8,2,90,90,15,1,106643,AdultMaleAgent(Clone),5,10,1.71,1.58,3.912109,1,False,2,1,0.5
2026-03-06_20.25.00,185,sign-optimization-horizontal-vertical_scenario,616,130,3,-8,2,90,90,15,1,106644,AdultMaleAgent(Clone),5,10,1.71,1.58,1.495117,1,False,2,0,0
2026-03-06_20.25.00,185,sign-optimization-horizontal-vertical_scenario,616,130,3,-8,2,90,90,15,1,106645,AdultFemaleAgent(Clone),7,11,1.58,1.450001,1.766602,2,False,2,1,0.5
2026-03-06_20.25.00,185,sign-optimization-horizontal-vertical_scenario,616,130,3,-8,2,90,90,15,1,106646,WheelchairAgent(Clone),7,11,1.3,1.17,2.834961,2,False,2,1,0.5
2026-03-06_20.25.00,185,sign-optimization-horizontal-vertical_scenario,616,130,3,-8,2,90,90,15,1,106647,WheelchairAgent(Clone),10,12,1.3,1.17,12.87695,1,False,3,0,0
2026-03-06_20.25.00,185,sign-optimization-horizontal-vertical_scenario,616,130,3,-8,2,90,90,15,1,106648,AdultMaleAgent(Clone),5,10,1.71,1.58,1.146484,1,False,2,0,0
2026-03-06_20.25.00,185,sign-optimization-horizontal-vertical_scenario,616,130,3,-8,2,90,90,15,1,106649,AdultFemaleAgent(Clone),10,12,1.58,1.45,11.69824,1,False,3,0,0
2026-03-06_20.25.00,185,sign-optimization-horizontal-vertical_scenario,616,130,3,-8,2,90,90,15,1,106650,AdultMaleAgent(Clone),10,12,1.71,1.58,11.10645,1,False,3,0,0
2026-03-06_20.25.00,185,sign-optimization-horizontal-vertical_scenario,616,130,3,-8,2,90,90,15,1,106651,WheelchairAgent(Clone),10,12,1.3,1.17,14.92676,1,False,3,0,0
2026-03-06_20.25.00,185,sign-optimization-horizontal-vertical_scenario,616,130,3,-8,2,90,90,15,1,106652,AdultFemaleAgent(Clone),10,12,1.58,1.45,11.43066,1,False,3,0,0
2026-03-06_20.25.00,185,sign-optimization-horizontal-vertical_scenario,616,130,3,-8,2,90,90,15,1,106653,AdultMaleAgent(Clone),6,12,1.71,1.58,10.86523,1,True,2,1,0.5
2026-03-06_20.25.00,185,sign-optimization-horizontal-vertical_scenario,616,130,3,-8,2,90,90,15,1,106654,AdultMaleAgent(Clone),6,12,1.71,1.58,17.9873,1,True,2,1,0.5
2026-03-06_20.25.00,185,sign-optimization-horizontal-vertical_scenario,616,130,3,-8,2,90,90,15,1,106655,WheelchairAgent(Clone),7,11,1.3,1.17,5.388672,2,True,2,1,0.5
2026-03-06_20.25.00,185,sign-optimization-horizontal-vertical_scenario,616,130,3,-8,2,90,90,15,1,106656,AdultMaleAgent(Clone),5,10,1.71,1.58,0,0,False,2,0,0
2026-03-06_20.25.00,185,sign-optimization-horizontal-vertical_scenario,616,130,3,-8,2,90,90,15,1,106657,WheelchairAgent(Clone),10,12,1.3,1.17,14.44043,1,False,3,0,0
2026-03-06_20.25.00,185,sign-optimization-horizontal-vertical_scenario,616,130,3,-8,2,90,90,15,1,106658,WheelchairAgent(Clone),6,12,1.3,1.17,12.2627,1,True,2,1,0.5
2026-03-06_20.25.00,185,sign-optimization-horizontal-vertical_scenario,616,130,3,-8,2,90,90,15,1,106659,AdultMaleAgent(Clone),7,11,1.71,1.58,4.501953,2,True,2,1,0.5
2026-03-06_20.25.00,185,sign-optimization-horizontal-vertical_scenario,616,130,3,-8,2,90,90,15,1,106660,WheelchairAgent(Clone),6,12,1.3,1.17,12.50586,1,True,2,1,0.5
2026-03-06_20.25.00,185,sign-optimization-horizontal-vertical_scenario,616,130,3,-8,2,90,90,15,1,106661,AdultMaleAgent(Clone),6,12,1.71,1.58,12.3291,1,True,2,1,0.5
2026-03-06_20.25.00,185,sign-optimization-horizontal-vertical_scenario,616,130,3,-8,2,90,90,15,1,106662,AdultMaleAgent(Clone),5,10,1.71,1.58,2.59082,1,False,2,1,0.5
2026-03-06_20.25.00,185,sign-optimization-horizontal-vertical_scenario,616,130,3,-8,2,90,90,15,1,106663,AdultFemaleAgent(Clone),11,10,1.58,1.450001,0,0,False,3,0,0
2026-03-06_20.25.00,185,sign-optimization-horizontal-vertical_scenario,616,130,3,-8,2,90,90,15,1,106664,WheelchairAgent(Clone),11,10,1.3,1.17,0,0,False,3,0,0
2026-03-06_20.25.00,185,sign-optimization-horizontal-vertical_scenario,616,130,3,-8,2,90,90,15,1,106665,WheelchairAgent(Clone),5,10,1.3,1.17,1.412109,1,False,2,0,0
2026-03-06_20.25.00,185,sign-optimization-horizontal-vertical_scenario,616,130,3,-8,2,90,90,15,1,106666,WheelchairAgent(Clone),11,10,1.3,1.17,7.538086,1,False,3,0,0
2026-03-06_20.25.00,185,sign-optimization-horizontal-vertical_scenario,616,130,3,-8,2,90,90,15,1,106667,AdultFemaleAgent(Clone),10,12,1.58,1.45,12.17383,1,False,3,0,0
2026-03-06_20.25.00,185,sign-optimization-horizontal-vertical_scenario,616,130,3,-8,2,90,90,15,1,106668,AdultFemaleAgent(Clone),10,12,1.58,1.45,11.69336,1,False,3,0,0
2026-03-06_20.25.00,185,sign-optimization-horizontal-vertical_scenario,616,130,3,-8,2,90,90,15,1,106669,AdultFemaleAgent(Clone),11,10,1.58,1.450001,0,0,False,3,0,0
2026-03-06_20.25.00,185,sign-optimization-horizontal-vertical_scenario,616,130,3,-8,2,90,90,15,1,106670,AdultMaleAgent(Clone),7,11,1.71,1.58,2.05957,2,False,2,1,0.5
2026-03-06_20.25.00,185,sign-optimization-horizontal-vertical_scenario,616,130,3,-8,2,90,90,15,1,106671,AdultFemaleAgent(Clone),11,10,1.58,1.450001,7.141602,1,False,3,0,0
2026-03-06_20.25.00,185,sign-optimization-horizontal-vertical_scenario,616,130,3,-8,2,90,90,15,1,106672,AdultFemaleAgent(Clone),6,12,1.58,1.45,14.91211,1,True,2,1,0.5
2026-03-06_20.25.00,185,sign-optimization-horizontal-vertical_scenario,616,130,3,-8,2,90,90,15,1,106673,WheelchairAgent(Clone),11,10,1.3,1.17,0,0,False,3,0,0
2026-03-06_20.25.00,185,sign-optimization-horizontal-vertical_scenario,616,130,3,-8,2,90,90,15,1,106674,AdultMaleAgent(Clone),11,10,1.71,1.58,7.441406,1,False,3,0,0
2026-03-06_20.25.00,185,sign-optimization-horizontal-vertical_scenario,616,130,3,-8,2,90,90,15,1,106675,WheelchairAgent(Clone),11,10,1.3,1.17,4.703125,1,False,3,0,0
2026-03-06_20.25.00,185,sign-optimization-horizontal-vertical_scenario,616,130,3,-8,2,90,90,15,1,106676,AdultFemaleAgent(Clone),5,10,1.58,1.45,2.818359,1,False,2,1,0.5
2026-03-06_20.25.00,185,sign-optimization-horizontal-vertical_scenario,616,130,3,-8,2,90,90,15,1,106677,WheelchairAgent(Clone),10,12,1.3,1.17,12.69531,1,False,3,0,0
2026-03-06_20.25.00,185,sign-optimization-horizontal-vertical_scenario,616,130,3,-8,2,90,90,15,1,106678,WheelchairAgent(Clone),11,10,1.3,1.17,4.796875,1,False,3,0,0
2026-03-06_20.25.00,185,sign-optimization-horizontal-vertical_scenario,616,130,3,-8,2,90,90,15,1,106679,AdultFemaleAgent(Clone),6,12,1.58,1.45,13.72363,1,True,2,1,0.5
2026-03-06_20.25.00,185,sign-optimization-horizontal-vertical_scenario,616,130,3,-8,2,90,90,15,1,106680,AdultFemaleAgent(Clone),10,12,1.58,1.45,11.41992,1,False,3,0,0
2026-03-06_20.25.00,185,sign-optimization-horizontal-vertical_scenario,616,130,3,-8,2,90,90,15,1,106681,WheelchairAgent(Clone),6,12,1.3,1.17,11.38867,1,False,2,1,0.5
2026-03-06_20.25.00,185,sign-optimization-horizontal-vertical_scenario,616,130,3,-8,2,90,90,15,1,106682,AdultFemaleAgent(Clone),5,10,1.58,1.45,0,0,False,2,0,0
2026-03-06_20.25.00,185,sign-optimization-horizontal-vertical_scenario,616,130,3,-8,2,90,90,15,1,106683,AdultMaleAgent(Clone),11,10,1.71,1.58,6.81543,1,False,3,0,0
2026-03-06_20.25.00,185,sign-optimization-horizontal-vertical_scenario,616,130,3,-8,2,90,90,15,1,106684,WheelchairAgent(Clone),7,11,1.3,1.17,4.24707,2,True,2,1,0.5
2026-03-06_20.25.00,185,sign-optimization-horizontal-vertical_scenario,616,130,3,-8,2,90,90,15,1,106685,WheelchairAgent(Clone),5,10,1.3,1.17,2.334961,1,False,2,1,0.5
2026-03-06_20.25.00,185,sign-optimization-horizontal-vertical_scenario,616,130,3,-8,2,90,90,15,1,106686,WheelchairAgent(Clone),11,10,1.3,1.17,0,0,False,3,0,0
2026-03-06_20.25.00,185,sign-optimization-horizontal-vertical_scenario,616,130,3,-8,2,90,90,15,1,106687,WheelchairAgent(Clone),5,10,1.3,1.17,5.546875,1,False,2,1,0.5
2026-03-06_20.25.00,185,sign-optimization-horizontal-vertical_scenario,616,130,3,-8,2,90,90,15,1,106688,AdultMaleAgent(Clone),10,12,1.71,1.58,12.39258,1,False,3,0,0
2026-03-06_20.25.00,185,sign-optimization-horizontal-vertical_scenario,616,130,3,-8,2,90,90,15,1,106689,AdultMaleAgent(Clone),7,11,1.71,1.58,2.322266,2,False,2,1,0.5
2026-03-06_20.25.00,185,sign-optimization-horizontal-vertical_scenario,616,130,3,-8,2,90,90,15,1,106690,AdultFemaleAgent(Clone),6,12,1.58,1.45,12.78711,1,True,2,1,0.5
2026-03-06_20.25.00,185,sign-optimization-horizontal-vertical_scenario,616,130,3,-8,2,90,90,15,1,106691,AdultFemaleAgent(Clone),11,10,1.58,1.450001,8.801758,1,False,3,0,0
2026-03-06_20.25.00,185,sign-optimization-horizontal-vertical_scenario,616,130,3,-8,2,90,90,15,1,106692,AdultMaleAgent(Clone),11,10,1.71,1.58,7.163086,1,False,3,0,0
2026-03-06_20.25.00,185,sign-optimization-horizontal-vertical_scenario,616,130,3,-8,2,90,90,15,1,106693,WheelchairAgent(Clone),11,10,1.3,1.17,7.271484,1,False,3,0,0
2026-03-06_20.25.00,185,sign-optimization-horizontal-vertical_scenario,616,130,3,-8,2,90,90,15,1,106694,AdultFemaleAgent(Clone),5,10,1.58,1.45,0.4990234,1,False,2,0,0
2026-03-06_20.25.00,185,sign-optimization-horizontal-vertical_scenario,616,130,3,-8,2,90,90,15,1,106695,AdultMaleAgent(Clone),5,10,1.71,1.58,2.756836,1,False,2,1,0.5
2026-03-06_20.25.00,185,sign-optimization-horizontal-vertical_scenario,616,130,3,-8,2,90,90,15,1,106696,AdultFemaleAgent(Clone),5,10,1.58,1.45,6.316406,1,True,2,1,0.5
2026-03-06_20.25.00,185,sign-optimization-horizontal-vertical_scenario,616,130,3,-8,2,90,90,15,1,106697,AdultFemaleAgent(Clone),7,11,1.58,1.450001,5.120117,2,True,2,1,0.5
2026-03-06_20.25.00,185,sign-optimization-horizontal-vertical_scenario,616,130,3,-8,2,90,90,15,1,106698,AdultFemaleAgent(Clone),5,10,1.58,1.45,0,0,False,2,0,0
2026-03-06_20.25.00,185,sign-optimization-horizontal-vertical_scenario,616,130,3,-8,2,90,90,15,1,106699,WheelchairAgent(Clone),5,10,1.3,1.17,1.978516,1,False,2,0,0
2026-03-06_20.25.00,185,sign-optimization-horizontal-vertical_scenario,616,130,3,-8,2,90,90,15,1,106700,AdultMaleAgent(Clone),5,10,1.71,1.58,0,0,False,2,0,0
2026-03-06_20.25.00,185,sign-optimization-horizontal-vertical_scenario,616,130,3,-8,2,90,90,15,1,106701,AdultMaleAgent(Clone),5,10,1.71,1.58,0,0,False,2,0,0
2026-03-06_20.25.00,185,sign-optimization-horizontal-vertical_scenario,616,130,3,-8,2,90,90,15,1,106702,AdultMaleAgent(Clone),5,10,1.71,1.58,1.041992,1,False,2,0,0
2026-03-06_20.25.00,185,sign-optimization-horizontal-vertical_scenario,616,130,3,-8,2,90,90,15,1,106703,AdultFemaleAgent(Clone),7,11,1.58,1.450001,3.43457,2,False,2,1,0.5
2026-03-06_20.25.00,185,sign-optimization-horizontal-vertical_scenario,616,130,3,-8,2,90,90,15,1,106704,AdultMaleAgent(Clone),11,10,1.71,1.58,0,0,False,3,0,0
2026-03-06_20.25.00,185,sign-optimization-horizontal-vertical_scenario,616,130,3,-8,2,90,90,15,1,106705,AdultFemaleAgent(Clone),7,11,1.58,1.450001,3.251953,2,False,2,1,0.5
2026-03-06_20.25.00,185,sign-optimization-horizontal-vertical_scenario,616,130,3,-8,2,90,90,15,1,106706,WheelchairAgent(Clone),10,12,1.3,1.17,12.26465,1,False,3,0,0
2026-03-06_20.25.00,185,sign-optimization-horizontal-vertical_scenario,616,130,3,-8,2,90,90,15,1,106707,AdultMaleAgent(Clone),11,10,1.71,1.58,0,0,False,3,0,0
2026-03-06_20.25.00,185,sign-optimization-horizontal-vertical_scenario,616,130,3,-8,2,90,90,15,1,106708,AdultMaleAgent(Clone),7,11,1.71,1.58,2.56543,2,False,2,1,0.5
2026-03-06_20.25.00,185,sign-optimization-horizontal-vertical_scenario,616,130,3,-8,2,90,90,15,1,106709,AdultMaleAgent(Clone),5,10,1.71,1.58,3.685547,1,False,2,1,0.5
2026-03-06_20.25.00,185,sign-optimization-horizontal-vertical_scenario,616,130,3,-8,2,90,90,15,1,106710,AdultMaleAgent(Clone),6,12,1.71,1.58,13.24023,1,True,2,1,0.5
2026-03-06_20.25.00,185,sign-optimization-horizontal-vertical_scenario,616,130,3,-8,2,90,90,15,1,106711,AdultMaleAgent(Clone),6,12,1.71,1.58,12.25684,1,False,2,1,0.5
2026-03-06_20.25.00,185,sign-optimization-horizontal-vertical_scenario,616,130,3,-8,2,90,90,15,1,106712,AdultMaleAgent(Clone),5,10,1.71,1.58,0,0,False,2,0,0
2026-03-06_20.25.00,185,sign-optimization-horizontal-vertical_scenario,616,130,3,-8,2,90,90,15,1,106713,AdultFemaleAgent(Clone),5,10,1.58,1.45,4.449219,1,True,2,1,0.5
2026-03-06_20.25.00,185,sign-optimization-horizontal-vertical_scenario,616,130,3,-8,2,90,90,15,1,106714,AdultFemaleAgent(Clone),5,10,1.58,1.45,0,0,False,2,0,0
2026-03-06_20.25.00,185,sign-optimization-horizontal-vertical_scenario,616,130,3,-8,2,90,90,15,1,106715,WheelchairAgent(Clone),7,11,1.3,1.17,3.260742,2,False,2,1,0.5
2026-03-06_20.25.00,185,sign-optimization-horizontal-vertical_scenario,616,130,3,-8,2,90,90,15,1,106716,AdultFemaleAgent(Clone),5,10,1.58,1.45,0.2705078,1,False,2,0,0
2026-03-06_20.25.00,185,sign-optimization-horizontal-vertical_scenario,616,130,3,-8,2,90,90,15,1,106717,AdultMaleAgent(Clone),5,10,1.71,1.58,3.382813,1,False,2,1,0.5
2026-03-06_20.25.00,185,sign-optimization-horizontal-vertical_scenario,616,130,3,-8,2,90,90,15,1,106718,AdultFemaleAgent(Clone),11,10,1.58,1.450001,7.299805,1,False,3,0,0
2026-03-06_20.25.00,185,sign-optimization-horizontal-vertical_scenario,616,130,3,-8,2,90,90,15,1,106719,AdultFemaleAgent(Clone),11,10,1.58,1.450001,0,0,False,3,0,0
2026-03-06_20.25.00,185,sign-optimization-horizontal-vertical_scenario,616,130,3,-8,2,90,90,15,1,106720,AdultMaleAgent(Clone),10,12,1.71,1.58,12.68555,1,False,3,0,0
2026-03-06_20.25.00,185,sign-optimization-horizontal-vertical_scenario,616,130,3,-8,2,90,90,15,1,106721,AdultFemaleAgent(Clone),10,12,1.58,1.45,15.6123,1,False,3,0,0
2026-03-06_20.25.00,185,sign-optimization-horizontal-vertical_scenario,616,130,3,-8,2,90,90,15,1,106722,AdultMaleAgent(Clone),6,12,1.71,1.58,13.90039,1,True,2,1,0.5
2026-03-06_20.25.00,185,sign-optimization-horizontal-vertical_scenario,616,130,3,-8,2,90,90,15,1,106723,AdultMaleAgent(Clone),5,10,1.71,1.58,4.425781,1,True,2,1,0.5
2026-03-06_20.25.00,185,sign-optimization-horizontal-vertical_scenario,616,130,3,-8,2,90,90,15,1,106724,AdultFemaleAgent(Clone),5,10,1.58,1.45,0,0,False,2,0,0
2026-03-06_20.25.00,185,sign-optimization-horizontal-vertical_scenario,616,130,3,-8,2,90,90,15,1,106725,AdultMaleAgent(Clone),10,12,1.71,1.58,16.17285,1,False,3,0,0
2026-03-06_20.25.00,185,sign-optimization-horizontal-vertical_scenario,616,130,3,-8,2,90,90,15,1,106726,WheelchairAgent(Clone),5,10,1.3,1.17,4.128906,1,False,2,1,0.5
2026-03-06_20.25.00,185,sign-optimization-horizontal-vertical_scenario,616,130,3,-8,2,90,90,15,1,106727,WheelchairAgent(Clone),10,12,1.3,1.17,10.87988,1,False,3,0,0
2026-03-06_20.25.00,185,sign-optimization-horizontal-vertical_scenario,616,130,3,-8,2,90,90,15,1,106728,AdultFemaleAgent(Clone),5,10,1.58,1.45,2.791992,1,False,2,1,0.5
2026-03-06_20.25.00,185,sign-optimization-horizontal-vertical_scenario,616,130,3,-8,2,90,90,15,1,106729,AdultFemaleAgent(Clone),5,10,1.58,1.45,2.048828,1,False,2,1,0.5
2026-03-06_20.25.00,185,sign-optimization-horizontal-vertical_scenario,616,130,3,-8,2,90,90,15,1,106730,AdultMaleAgent(Clone),7,11,1.71,1.58,4.505859,2,False,2,1,0.5
2026-03-06_20.25.00,185,sign-optimization-horizontal-vertical_scenario,616,130,3,-8,2,90,90,15,1,106731,AdultMaleAgent(Clone),10,12,1.71,1.58,10.4834,1,False,3,0,0
2026-03-06_20.25.00,185,sign-optimization-horizontal-vertical_scenario,616,130,3,-8,2,90,90,15,1,106732,WheelchairAgent(Clone),11,10,1.3,1.17,7.092773,1,False,3,0,0
2026-03-06_20.25.00,185,sign-optimization-horizontal-vertical_scenario,616,130,3,-8,2,90,90,15,1,106733,WheelchairAgent(Clone),5,10,1.3,1.17,1.268555,1,False,2,0,0
2026-03-06_20.25.00,185,sign-optimization-horizontal-vertical_scenario,616,130,3,-8,2,90,90,15,1,106734,AdultMaleAgent(Clone),5,10,1.71,1.58,3.008789,1,False,2,1,0.5
2026-03-06_20.25.00,185,sign-optimization-horizontal-vertical_scenario,616,130,3,-8,2,90,90,15,1,106735,WheelchairAgent(Clone),6,12,1.3,1.17,12.41992,1,True,2,1,0.5
2026-03-06_20.25.00,185,sign-optimization-horizontal-vertical_scenario,616,130,3,-8,2,90,90,15,1,106736,WheelchairAgent(Clone),11,10,1.3,1.17,0,0,False,3,0,0
2026-03-06_20.25.00,185,sign-optimization-horizontal-vertical_scenario,616,130,3,-8,2,90,90,15,1,106737,AdultFemaleAgent(Clone),10,12,1.58,1.45,11.9668,1,False,3,0,0
2026-03-06_20.25.00,185,sign-optimization-horizontal-vertical_scenario,616,130,3,-8,2,90,90,15,1,106738,WheelchairAgent(Clone),7,11,1.3,1.17,7.371094,2,True,2,1,0.5
2026-03-06_20.25.00,185,sign-optimization-horizontal-vertical_scenario,616,130,3,-8,2,90,90,15,1,106739,WheelchairAgent(Clone),7,11,1.3,1.17,5.532227,2,True,2,1,0.5
2026-03-06_20.25.00,185,sign-optimization-horizontal-vertical_scenario,616,130,3,-8,2,90,90,15,1,106740,AdultMaleAgent(Clone),6,12,1.71,1.58,13.0332,1,True,2,1,0.5
2026-03-06_20.25.00,185,sign-optimization-horizontal-vertical_scenario,616,130,3,-8,2,90,90,15,1,106741,AdultMaleAgent(Clone),11,10,1.71,1.58,6.756836,1,False,3,0,0
2026-03-06_20.25.00,185,sign-optimization-horizontal-vertical_scenario,616,130,3,-8,2,90,90,15,1,106742,WheelchairAgent(Clone),10,12,1.3,1.17,11.68262,1,False,3,0,0
2026-03-06_20.25.00,185,sign-optimization-horizontal-vertical_scenario,616,130,3,-8,2,90,90,15,1,106743,AdultFemaleAgent(Clone),6,12,1.58,1.45,13.31641,1,False,2,1,0.5
2026-03-06_20.25.00,185,sign-optimization-horizontal-vertical_scenario,616,130,3,-8,2,90,90,15,1,106744,WheelchairAgent(Clone),6,12,1.3,1.17,12.12598,1,False,2,0,0
2026-03-06_20.25.00,185,sign-optimization-horizontal-vertical_scenario,616,130,3,-8,2,90,90,15,1,106745,AdultMaleAgent(Clone),11,10,1.71,1.58,0,0,False,3,0,0
2026-03-06_20.25.00,185,sign-optimization-horizontal-vertical_scenario,616,130,3,-8,2,90,90,15,1,106746,WheelchairAgent(Clone),11,10,1.3,1.17,0,0,False,3,0,0
2026-03-06_20.25.00,185,sign-optimization-horizontal-vertical_scenario,616,130,3,-8,2,90,90,15,1,106747,WheelchairAgent(Clone),6,12,1.3,1.17,13.09473,1,False,2,0,0
2026-03-06_20.25.00,185,sign-optimization-horizontal-vertical_scenario,616,130,3,-8,2,90,90,15,1,106748,AdultFemaleAgent(Clone),7,11,1.58,1.450001,3.098633,2,False,2,1,0.5
2026-03-06_20.25.00,185,sign-optimization-horizontal-vertical_scenario,616,130,3,-8,2,90,90,15,1,106749,AdultMaleAgent(Clone),6,12,1.71,1.58,12.79395,1,True,2,1,0.5
2026-03-06_20.25.00,185,sign-optimization-horizontal-vertical_scenario,616,130,3,-8,2,90,90,15,1,106750,AdultMaleAgent(Clone),10,12,1.71,1.58,12.71094,1,False,3,0,0
2026-03-06_20.25.00,185,sign-optimization-horizontal-vertical_scenario,616,130,3,-8,2,90,90,15,1,106751,AdultMaleAgent(Clone),6,12,1.71,1.58,13.59375,1,True,2,1,0.5
2026-03-06_20.25.00,185,sign-optimization-horizontal-vertical_scenario,616,130,3,-8,2,90,90,15,1,106752,AdultMaleAgent(Clone),6,12,1.71,1.58,12.9707,1,True,2,1,0.5
2026-03-06_20.25.00,185,sign-optimization-horizontal-vertical_scenario,616,130,3,-8,2,90,90,15,1,106753,WheelchairAgent(Clone),7,11,1.3,1.17,0.2597656,2,False,2,1,0.5
2026-03-06_20.25.00,185,sign-optimization-horizontal-vertical_scenario,616,130,3,-8,2,90,90,15,1,106754,AdultMaleAgent(Clone),5,10,1.71,1.58,2.19043,1,False,2,1,0.5
2026-03-06_20.25.00,185,sign-optimization-horizontal-vertical_scenario,616,130,3,-8,2,90,90,15,1,106755,WheelchairAgent(Clone),6,12,1.3,1.17,13.14355,1,False,2,1,0.5
2026-03-06_20.25.00,185,sign-optimization-horizontal-vertical_scenario,616,130,3,-8,2,90,90,15,1,106756,WheelchairAgent(Clone),5,10,1.3,1.17,0,0,False,2,0,0
2026-03-06_20.25.00,185,sign-optimization-horizontal-vertical_scenario,616,130,3,-8,2,90,90,15,1,106757,AdultFemaleAgent(Clone),5,10,1.58,1.45,4.193359,1,True,2,1,0.5
2026-03-06_20.25.00,185,sign-optimization-horizontal-vertical_scenario,616,130,3,-8,2,90,90,15,1,106758,AdultFemaleAgent(Clone),11,10,1.58,1.450001,0,0,False,3,0,0
2026-03-06_20.25.00,185,sign-optimization-horizontal-vertical_scenario,616,130,3,-8,2,90,90,15,1,106759,AdultFemaleAgent(Clone),7,11,1.58,1.450001,1.90625,2,False,2,1,0.5
2026-03-06_20.25.00,185,sign-optimization-horizontal-vertical_scenario,616,130,3,-8,2,90,90,15,1,106760,AdultFemaleAgent(Clone),10,12,1.58,1.45,0,0,False,3,0,0
2026-03-06_20.25.00,185,sign-optimization-horizontal-vertical_scenario,616,130,3,-8,2,90,90,15,1,106761,WheelchairAgent(Clone),10,12,1.3,1.17,11.68164,1,False,3,0,0
2026-03-06_20.25.00,185,sign-optimization-horizontal-vertical_scenario,616,130,3,-8,2,90,90,15,1,106762,AdultFemaleAgent(Clone),6,12,1.58,1.45,13.18652,1,False,2,1,0.5
2026-03-06_20.25.00,185,sign-optimization-horizontal-vertical_scenario,616,130,3,-8,2,90,90,15,1,106763,WheelchairAgent(Clone),6,12,1.3,1.17,0,0,True,2,1,0.5
2026-03-06_20.25.00,185,sign-optimization-horizontal-vertical_scenario,616,130,3,-8,2,90,90,15,1,106764,AdultMaleAgent(Clone),6,12,1.71,1.58,12.41602,1,True,2,1,0.5
2026-03-06_20.25.00,185,sign-optimization-horizontal-vertical_scenario,616,130,3,-8,2,90,90,15,1,106765,AdultMaleAgent(Clone),10,12,1.71,1.58,10.11621,1,False,3,0,0
2026-03-06_20.25.00,185,sign-optimization-horizontal-vertical_scenario,616,130,3,-8,2,90,90,15,1,106766,AdultMaleAgent(Clone),5,10,1.71,1.58,1.310547,1,False,2,0,0
2026-03-06_20.25.00,185,sign-optimization-horizontal-vertical_scenario,616,130,3,-8,2,90,90,15,1,106767,AdultMaleAgent(Clone),5,10,1.71,1.58,3.264648,1,False,2,1,0.5
2026-03-06_20.25.00,185,sign-optimization-horizontal-vertical_scenario,616,130,3,-8,2,90,90,15,1,106768,AdultMaleAgent(Clone),7,11,1.71,1.58,4.451172,2,True,2,1,0.5
2026-03-06_20.25.00,185,sign-optimization-horizontal-vertical_scenario,616,130,3,-8,2,90,90,15,1,106769,WheelchairAgent(Clone),10,12,1.3,1.17,12.1084,1,False,3,0,0
2026-03-06_20.25.00,185,sign-optimization-horizontal-vertical_scenario,616,130,3,-8,2,90,90,15,1,106770,AdultFemaleAgent(Clone),11,10,1.58,1.450001,6.550781,1,False,3,0,0
2026-03-06_20.25.00,185,sign-optimization-horizontal-vertical_scenario,616,130,3,-8,2,90,90,15,1,106771,WheelchairAgent(Clone),10,12,1.3,1.17,9.256836,1,False,3,0,0
2026-03-06_20.25.00,185,sign-optimization-horizontal-vertical_scenario,616,130,3,-8,2,90,90,15,1,106772,AdultMaleAgent(Clone),7,11,1.71,1.58,2.182617,2,False,2,1,0.5
2026-03-06_20.25.00,185,sign-optimization-horizontal-vertical_scenario,616,130,3,-8,2,90,90,15,1,106773,WheelchairAgent(Clone),6,12,1.3,1.17,0,0,False,2,1,0.5
2026-03-06_20.25.00,185,sign-optimization-horizontal-vertical_scenario,616,130,3,-8,2,90,90,15,1,106774,AdultFemaleAgent(Clone),5,10,1.58,1.45,4.488281,1,False,2,1,0.5
2026-03-06_20.25.00,185,sign-optimization-horizontal-vertical_scenario,616,130,3,-8,2,90,90,15,1,106775,AdultMaleAgent(Clone),6,12,1.71,1.58,11.0166,1,True,2,1,0.5
2026-03-06_20.25.00,185,sign-optimization-horizontal-vertical_scenario,616,130,3,-8,2,90,90,15,1,106776,AdultFemaleAgent(Clone),6,12,1.58,1.45,13.98145,1,True,2,1,0.5
2026-03-06_20.25.00,185,sign-optimization-horizontal-vertical_scenario,616,130,3,-8,2,90,90,15,1,106777,AdultFemaleAgent(Clone),5,10,1.58,1.45,0,0,False,2,0,0
2026-03-06_20.25.00,185,sign-optimization-horizontal-vertical_scenario,616,130,3,-8,2,90,90,15,1,106778,AdultFemaleAgent(Clone),5,10,1.58,1.45,0,0,False,2,0,0
2026-03-06_20.25.00,185,sign-optimization-horizontal-vertical_scenario,616,130,3,-8,2,90,90,15,1,106779,WheelchairAgent(Clone),5,10,1.3,1.17,0,0,False,2,0,0
2026-03-06_20.25.00,185,sign-optimization-horizontal-vertical_scenario,616,130,3,-8,2,90,90,15,1,106780,WheelchairAgent(Clone),10,12,1.3,1.17,0,0,False,3,0,0
2026-03-06_20.25.00,185,sign-optimization-horizontal-vertical_scenario,616,130,3,-8,2,90,90,15,1,106781,AdultMaleAgent(Clone),6,12,1.71,1.58,11.91309,1,True,2,1,0.5
2026-03-06_20.25.00,185,sign-optimization-horizontal-vertical_scenario,616,130,3,-8,2,90,90,15,1,106782,AdultFemaleAgent(Clone),5,10,1.58,1.45,0,0,False,2,0,0
2026-03-06_20.25.00,185,sign-optimization-horizontal-vertical_scenario,616,130,3,-8,2,90,90,15,1,106783,AdultMaleAgent(Clone),6,12,1.71,1.58,0,0,True,2,1,0.5
2026-03-06_20.25.00,185,sign-optimization-horizontal-vertical_scenario,616,130,3,-8,2,90,90,15,1,106784,AdultMaleAgent(Clone),10,12,1.71,1.58,0,0,False,3,0,0
2026-03-06_20.25.00,185,sign-optimization-horizontal-vertical_scenario,616,130,3,-8,2,90,90,15,1,106785,AdultFemaleAgent(Clone),7,11,1.58,1.450001,1.736328,2,False,2,1,0.5
2026-03-06_20.25.00,185,sign-optimization-horizontal-vertical_scenario,616,130,3,-8,2,90,90,15,1,106786,AdultFemaleAgent(Clone),11,10,1.58,1.450001,0,0,False,3,0,0
2026-03-06_20.25.00,185,sign-optimization-horizontal-vertical_scenario,616,130,3,-8,2,90,90,15,1,106787,WheelchairAgent(Clone),6,12,1.3,1.17,0,0,False,2,1,0.5
2026-03-06_20.25.00,185,sign-optimization-horizontal-vertical_scenario,616,130,3,-8,2,90,90,15,1,106788,WheelchairAgent(Clone),11,10,1.3,1.17,6.03418,1,False,3,0,0
2026-03-06_20.25.00,185,sign-optimization-horizontal-vertical_scenario,616,130,3,-8,2,90,90,15,1,106789,AdultFemaleAgent(Clone),7,11,1.58,1.450001,4.077148,2,False,2,0,0
2026-03-06_20.25.00,185,sign-optimization-horizontal-vertical_scenario,616,130,3,-8,2,90,90,15,1,106790,AdultMaleAgent(Clone),6,12,1.71,1.58,12.76563,1,True,2,1,0.5
2026-03-06_20.25.00,185,sign-optimization-horizontal-vertical_scenario,616,130,3,-8,2,90,90,15,1,106791,AdultFemaleAgent(Clone),5,10,1.58,1.45,5.101563,1,True,2,1,0.5
2026-03-06_20.25.00,185,sign-optimization-horizontal-vertical_scenario,616,130,3,-8,2,90,90,15,1,106792,WheelchairAgent(Clone),11,10,1.3,1.17,0,0,False,3,0,0
2026-03-06_20.25.00,185,sign-optimization-horizontal-vertical_scenario,616,130,3,-8,2,90,90,15,1,106793,AdultMaleAgent(Clone),7,11,1.71,1.58,0.9033203,2,False,2,1,0.5
2026-03-06_20.25.00,185,sign-optimization-horizontal-vertical_scenario,616,130,3,-8,2,90,90,15,1,106794,AdultFemaleAgent(Clone),11,10,1.58,1.450001,0,0,False,3,0,0
2026-03-06_20.25.00,185,sign-optimization-horizontal-vertical_scenario,616,130,3,-8,2,90,90,15,1,106795,WheelchairAgent(Clone),7,11,1.3,1.17,3.655273,1,True,2,1,0.5
2026-03-06_20.25.00,185,sign-optimization-horizontal-vertical_scenario,616,130,3,-8,2,90,90,15,1,106796,AdultFemaleAgent(Clone),11,10,1.58,1.450001,0,0,False,3,0,0
2026-03-06_20.25.00,185,sign-optimization-horizontal-vertical_scenario,616,130,3,-8,2,90,90,15,1,106797,AdultMaleAgent(Clone),7,11,1.71,1.58,0.4599609,2,False,2,0,0
2026-03-06_20.25.00,185,sign-optimization-horizontal-vertical_scenario,616,130,3,-8,2,90,90,15,1,106798,AdultMaleAgent(Clone),7,11,1.71,1.58,2.844727,1,False,2,1,0.5
2026-03-06_20.25.00,185,sign-optimization-horizontal-vertical_scenario,616,130,3,-8,2,90,90,15,1,106799,AdultFemaleAgent(Clone),7,11,1.58,1.450001,3.401367,2,False,2,1,0.5
2026-03-06_20.25.00,185,sign-optimization-horizontal-vertical_scenario,616,130,3,-8,2,90,90,15,1,106800,AdultMaleAgent(Clone),6,12,1.71,1.58,0,0,True,2,1,0.5
2026-03-06_20.25.00,185,sign-optimization-horizontal-vertical_scenario,616,130,3,-8,2,90,90,15,1,106801,AdultFemaleAgent(Clone),5,10,1.58,1.45,2.238281,1,False,2,1,0.5
2026-03-06_20.25.00,185,sign-optimization-horizontal-vertical_scenario,616,130,3,-8,2,90,90,15,1,106802,WheelchairAgent(Clone),7,11,1.3,1.17,3.738281,1,True,2,1,0.5
2026-03-06_20.25.00,185,sign-optimization-horizontal-vertical_scenario,616,130,3,-8,2,90,90,15,1,106803,AdultFemaleAgent(Clone),5,10,1.58,1.45,1.464844,1,False,2,0,0
2026-03-06_20.25.00,185,sign-optimization-horizontal-vertical_scenario,616,130,3,-8,2,90,90,15,1,106804,AdultMaleAgent(Clone),10,12,1.71,1.58,0,0,False,3,0,0
2026-03-06_20.25.00,185,sign-optimization-horizontal-vertical_scenario,616,130,3,-8,2,90,90,15,1,106805,WheelchairAgent(Clone),11,10,1.3,1.17,0,0,False,3,0,0
2026-03-06_20.25.00,185,sign-optimization-horizontal-vertical_scenario,616,130,3,-8,2,90,90,15,1,106806,AdultMaleAgent(Clone),5,10,1.71,1.58,1.435547,1,False,2,0,0
2026-03-06_20.25.00,185,sign-optimization-horizontal-vertical_scenario,616,130,3,-8,2,90,90,15,1,106807,AdultFemaleAgent(Clone),11,10,1.58,1.450001,0,0,False,3,0,0
2026-03-06_20.25.00,185,sign-optimization-horizontal-vertical_scenario,616,130,3,-8,2,90,90,15,1,106808,AdultMaleAgent(Clone),7,11,1.71,1.58,3.421875,1,True,2,1,0.5
2026-03-06_20.25.00,185,sign-optimization-horizontal-vertical_scenario,616,130,3,-8,2,90,90,15,1,106809,AdultMaleAgent(Clone),6,12,1.71,1.58,0,0,True,2,1,0.5
2026-03-06_20.25.00,185,sign-optimization-horizontal-vertical_scenario,616,130,3,-8,2,90,90,15,1,106810,WheelchairAgent(Clone),6,12,1.3,1.17,9.481445,1,True,2,1,0.5
2026-03-06_20.25.00,185,sign-optimization-horizontal-vertical_scenario,616,130,3,-8,2,90,90,15,1,106811,WheelchairAgent(Clone),6,12,1.3,1.17,0,0,True,2,1,0.5
2026-03-06_20.25.00,185,sign-optimization-horizontal-vertical_scenario,616,130,3,-8,2,90,90,15,1,106812,AdultFemaleAgent(Clone),5,10,1.58,1.45,2.699219,1,False,2,1,0.5
2026-03-06_20.25.00,185,sign-optimization-horizontal-vertical_scenario,616,130,3,-8,2,90,90,15,1,106813,AdultMaleAgent(Clone),7,11,1.71,1.58,1.683594,1,False,2,1,0.5
2026-03-06_20.25.00,185,sign-optimization-horizontal-vertical_scenario,616,130,3,-8,2,90,90,15,1,106814,AdultMaleAgent(Clone),6,12,1.71,1.58,0,0,True,2,1,0.5
2026-03-06_20.25.00,185,sign-optimization-horizontal-vertical_scenario,616,130,3,-8,2,90,90,15,1,106815,WheelchairAgent(Clone),5,10,1.3,1.17,2.057617,1,False,2,0,0
2026-03-06_20.25.00,185,sign-optimization-horizontal-vertical_scenario,616,130,3,-8,2,90,90,15,1,106816,WheelchairAgent(Clone),11,10,1.3,1.17,0,0,False,3,0,0
2026-03-06_20.25.00,185,sign-optimization-horizontal-vertical_scenario,616,130,3,-8,2,90,90,15,1,106817,AdultMaleAgent(Clone),6,12,1.71,1.58,0,0,True,2,1,0.5
2026-03-06_20.25.00,185,sign-optimization-horizontal-vertical_scenario,616,130,3,-8,2,90,90,15,1,106818,AdultFemaleAgent(Clone),6,12,1.58,1.45,0,0,True,2,1,0.5
2026-03-06_20.25.00,185,sign-optimization-horizontal-vertical_scenario,616,130,3,-8,2,90,90,15,1,106819,AdultMaleAgent(Clone),6,12,1.71,1.58,0,0,True,2,1,0.5
2026-03-06_20.25.00,185,sign-optimization-horizontal-vertical_scenario,616,130,3,-8,2,90,90,15,1,106820,AdultFemaleAgent(Clone),6,12,1.58,1.45,0,0,True,2,1,0.5
2026-03-06_20.25.00,185,sign-optimization-horizontal-vertical_scenario,616,130,3,-8,2,90,90,15,1,106821,WheelchairAgent(Clone),6,12,1.3,1.17,0,0,False,2,1,0.5
2026-03-06_20.25.00,185,sign-optimization-horizontal-vertical_scenario,616,130,3,-8,2,90,90,15,1,106822,AdultMaleAgent(Clone),11,10,1.71,1.58,0,0,False,3,0,0
2026-03-06_20.25.00,185,sign-optimization-horizontal-vertical_scenario,616,130,3,-8,2,90,90,15,1,106823,WheelchairAgent(Clone),5,10,1.3,1.17,3.075195,1,False,2,1,0.5
2026-03-06_20.25.00,185,sign-optimization-horizontal-vertical_scenario,616,130,3,-8,2,90,90,15,1,106824,AdultFemaleAgent(Clone),7,11,1.58,1.450001,2.358398,1,False,2,1,0.5
2026-03-06_20.25.00,185,sign-optimization-horizontal-vertical_scenario,616,130,3,-8,2,90,90,15,1,106825,AdultMaleAgent(Clone),6,12,1.71,1.58,0,0,True,2,1,0.5
2026-03-06_20.25.00,185,sign-optimization-horizontal-vertical_scenario,616,130,3,-8,2,90,90,15,1,106826,AdultFemaleAgent(Clone),6,12,1.58,1.45,0,0,True,2,1,0.5
2026-03-06_20.25.00,185,sign-optimization-horizontal-vertical_scenario,616,130,3,-8,2,90,90,15,1,106827,AdultMaleAgent(Clone),10,12,1.71,1.58,0,0,False,3,0,0
2026-03-06_20.25.00,185,sign-optimization-horizontal-vertical_scenario,616,130,3,-8,2,90,90,15,1,106828,AdultMaleAgent(Clone),11,10,1.71,1.58,0,0,False,3,0,0
2026-03-06_20.25.00,185,sign-optimization-horizontal-vertical_scenario,616,130,3,-8,2,90,90,15,1,106829,AdultFemaleAgent(Clone),6,12,1.58,1.45,0,0,True,2,1,0.5
2026-03-06_20.25.00,185,sign-optimization-horizontal-vertical_scenario,616,130,3,-8,2,90,90,15,1,106830,WheelchairAgent(Clone),7,11,1.3,1.17,3.556641,1,True,2,1,0.5
2026-03-06_20.25.00,185,sign-optimization-horizontal-vertical_scenario,616,130,3,-8,2,90,90,15,1,106831,WheelchairAgent(Clone),10,12,1.3,1.17,0,0,False,3,1,0.3333333
2026-03-06_20.25.00,185,sign-optimization-horizontal-vertical_scenario,616,130,3,-8,2,90,90,15,1,106832,WheelchairAgent(Clone),5,10,1.3,1.17,0,0,False,2,1,0.5
2026-03-06_20.25.00,185,sign-optimization-horizontal-vertical_scenario,616,130,3,-8,2,90,90,15,1,106833,AdultMaleAgent(Clone),6,12,1.71,1.58,0,0,True,2,1,0.5
2026-03-06_20.25.00,185,sign-optimization-horizontal-vertical_scenario,616,130,3,-8,2,90,90,15,1,106834,AdultMaleAgent(Clone),6,12,1.71,1.58,0,0,True,2,1,0.5
2026-03-06_20.25.00,185,sign-optimization-horizontal-vertical_scenario,616,130,3,-8,2,90,90,15,1,106835,WheelchairAgent(Clone),6,12,1.3,1.17,0,0,False,2,0,0
2026-03-06_20.25.00,185,sign-optimization-horizontal-vertical_scenario,616,130,3,-8,2,90,90,15,1,106836,WheelchairAgent(Clone),7,11,1.3,1.17,2.161133,1,False,2,1,0.5
2026-03-06_20.25.00,185,sign-optimization-horizontal-vertical_scenario,616,130,3,-8,2,90,90,15,1,106837,WheelchairAgent(Clone),6,12,1.3,1.17,0,0,False,2,1,0.5
2026-03-06_20.25.00,185,sign-optimization-horizontal-vertical_scenario,616,130,3,-8,2,90,90,15,1,106838,WheelchairAgent(Clone),5,10,1.3,1.17,0,0,False,2,0,0
2026-03-06_20.25.00,185,sign-optimization-horizontal-vertical_scenario,616,130,3,-8,2,90,90,15,1,106839,WheelchairAgent(Clone),11,10,1.3,1.17,0,0,False,3,0,0
2026-03-06_20.25.00,185,sign-optimization-horizontal-vertical_scenario,616,130,3,-8,2,90,90,15,1,106840,WheelchairAgent(Clone),6,12,1.3,1.17,0,0,False,2,0,0
2026-03-06_20.25.00,185,sign-optimization-horizontal-vertical_scenario,616,130,3,-8,2,90,90,15,1,106841,AdultMaleAgent(Clone),11,10,1.71,1.58,0,0,False,3,0,0
2026-03-06_20.25.00,185,sign-optimization-horizontal-vertical_scenario,616,130,3,-8,2,90,90,15,1,106842,WheelchairAgent(Clone),6,12,1.3,1.17,0,0,False,2,0,0
2026-03-06_20.25.00,185,sign-optimization-horizontal-vertical_scenario,616,130,3,-8,2,90,90,15,1,106843,AdultFemaleAgent(Clone),11,10,1.58,1.450001,0,0,False,3,0,0
2026-03-06_20.25.00,185,sign-optimization-horizontal-vertical_scenario,616,130,3,-8,2,90,90,15,1,106844,WheelchairAgent(Clone),5,10,1.3,1.17,0,0,False,2,1,0.5
2026-03-06_20.25.00,185,sign-optimization-horizontal-vertical_scenario,616,130,3,-8,2,90,90,15,1,106845,AdultMaleAgent(Clone),6,12,1.71,1.58,0,0,True,2,1,0.5
2026-03-06_20.25.00,185,sign-optimization-horizontal-vertical_scenario,616,130,3,-8,2,90,90,15,1,106846,AdultFemaleAgent(Clone),6,12,1.58,1.45,0,0,False,2,1,0.5
2026-03-06_20.25.00,185,sign-optimization-horizontal-vertical_scenario,616,130,3,-8,2,90,90,15,1,106847,AdultFemaleAgent(Clone),6,12,1.58,1.45,0,0,True,2,1,0.5
2026-03-06_20.25.00,185,sign-optimization-horizontal-vertical_scenario,616,130,3,-8,2,90,90,15,1,106848,AdultFemaleAgent(Clone),7,11,1.58,1.450001,3.166016,1,True,2,1,0.5
2026-03-06_20.25.00,185,sign-optimization-horizontal-vertical_scenario,616,130,3,-8,2,90,90,15,1,106849,AdultMaleAgent(Clone),10,12,1.71,1.58,0,0,False,3,0,0
2026-03-06_20.25.00,185,sign-optimization-horizontal-vertical_scenario,616,130,3,-8,2,90,90,15,1,106850,WheelchairAgent(Clone),10,12,1.3,1.17,0,0,False,3,0,0
2026-03-06_20.25.00,185,sign-optimization-horizontal-vertical_scenario,616,130,3,-8,2,90,90,15,1,106851,AdultFemaleAgent(Clone),11,10,1.58,1.450001,0,0,False,3,0,0
2026-03-06_20.25.00,185,sign-optimization-horizontal-vertical_scenario,616,130,3,-8,2,90,90,15,1,106852,WheelchairAgent(Clone),10,12,1.3,1.17,0,0,False,3,0,0
2026-03-06_20.25.00,185,sign-optimization-horizontal-vertical_scenario,616,130,3,-8,2,90,90,15,1,106853,AdultFemaleAgent(Clone),11,10,1.58,1.450001,0,0,False,3,0,0
2026-03-06_20.25.00,185,sign-optimization-horizontal-vertical_scenario,616,130,3,-8,2,90,90,15,1,106854,WheelchairAgent(Clone),10,12,1.3,1.17,0,0,False,3,0,0
2026-03-06_20.25.00,185,sign-optimization-horizontal-vertical_scenario,616,130,3,-8,2,90,90,15,1,106855,AdultMaleAgent(Clone),6,12,1.71,1.58,0,0,True,2,1,0.5
2026-03-06_20.25.00,185,sign-optimization-horizontal-vertical_scenario,616,130,3,-8,2,90,90,15,1,106856,AdultMaleAgent(Clone),7,11,1.71,1.58,0.4746094,1,False,2,1,0.5
2026-03-06_20.25.00,185,sign-optimization-horizontal-vertical_scenario,616,130,3,-8,2,90,90,15,1,106857,AdultMaleAgent(Clone),11,10,1.71,1.58,0,0,False,3,0,0
2026-03-06_20.25.00,185,sign-optimization-horizontal-vertical_scenario,616,130,3,-8,2,90,90,15,1,106858,AdultMaleAgent(Clone),7,11,1.71,1.58,2.019531,1,False,2,1,0.5
2026-03-06_20.25.00,185,sign-optimization-horizontal-vertical_scenario,616,130,3,-8,2,90,90,15,1,106859,AdultMaleAgent(Clone),11,10,1.71,1.58,0,0,False,3,0,0
2026-03-06_20.25.00,185,sign-optimization-horizontal-vertical_scenario,616,130,3,-8,2,90,90,15,1,106860,WheelchairAgent(Clone),6,12,1.3,1.17,0,0,True,2,1,0.5
2026-03-06_20.25.00,185,sign-optimization-horizontal-vertical_scenario,616,130,3,-8,2,90,90,15,1,106861,WheelchairAgent(Clone),7,11,1.3,1.17,0.04296875,1,False,2,1,0.5
2026-03-06_20.25.00,185,sign-optimization-horizontal-vertical_scenario,616,130,3,-8,2,90,90,15,1,106862,AdultFemaleAgent(Clone),5,10,1.58,1.45,0,0,False,2,0,0
2026-03-06_20.25.00,185,sign-optimization-horizontal-vertical_scenario,616,130,3,-8,2,90,90,15,1,106863,AdultMaleAgent(Clone),11,10,1.71,1.58,0,0,False,3,0,0
2026-03-06_20.25.00,185,sign-optimization-horizontal-vertical_scenario,616,130,3,-8,2,90,90,15,1,106864,AdultFemaleAgent(Clone),6,12,1.58,1.45,0,0,True,2,1,0.5
2026-03-06_20.25.00,185,sign-optimization-horizontal-vertical_scenario,616,130,3,-8,2,90,90,15,1,106865,AdultMaleAgent(Clone),5,10,1.71,1.58,0,0,False,2,0,0
2026-03-06_20.25.00,185,sign-optimization-horizontal-vertical_scenario,616,130,3,-8,2,90,90,15,1,106866,AdultMaleAgent(Clone),7,11,1.71,1.58,0.8642578,1,False,2,1,0.5
2026-03-06_20.25.00,185,sign-optimization-horizontal-vertical_scenario,616,130,3,-8,2,90,90,15,1,106867,AdultMaleAgent(Clone),7,11,1.71,1.58,3.087891,1,False,2,1,0.5
2026-03-06_20.25.00,185,sign-optimization-horizontal-vertical_scenario,616,130,3,-8,2,90,90,15,1,106868,AdultMaleAgent(Clone),5,10,1.71,1.58,0,0,False,2,0,0
2026-03-06_20.25.00,185,sign-optimization-horizontal-vertical_scenario,616,130,3,-8,2,90,90,15,1,106869,AdultFemaleAgent(Clone),10,12,1.58,1.45,0,0,False,3,0,0
2026-03-06_20.25.00,185,sign-optimization-horizontal-vertical_scenario,616,130,3,-8,2,90,90,15,1,106870,WheelchairAgent(Clone),6,12,1.3,1.17,0,0,False,2,1,0.5
2026-03-06_20.25.00,185,sign-optimization-horizontal-vertical_scenario,616,130,3,-8,2,90,90,15,1,106871,WheelchairAgent(Clone),11,10,1.3,1.17,0,0,False,3,0,0
2026-03-06_20.25.00,185,sign-optimization-horizontal-vertical_scenario,616,130,3,-8,2,90,90,15,1,106872,WheelchairAgent(Clone),7,11,1.3,1.17,4.223633,1,True,2,1,0.5
2026-03-06_20.25.00,185,sign-optimization-horizontal-vertical_scenario,616,130,3,-8,2,90,90,15,1,106873,AdultFemaleAgent(Clone),11,10,1.58,1.450001,0,0,False,3,0,0
2026-03-06_20.25.00,185,sign-optimization-horizontal-vertical_scenario,616,130,3,-8,2,90,90,15,1,106874,AdultMaleAgent(Clone),6,12,1.71,1.58,0,0,True,2,1,0.5
2026-03-06_20.25.00,185,sign-optimization-horizontal-vertical_scenario,616,130,3,-8,2,90,90,15,1,106875,AdultMaleAgent(Clone),5,10,1.71,1.58,0,0,False,2,0,0
2026-03-06_20.25.00,185,sign-optimization-horizontal-vertical_scenario,616,130,3,-8,2,90,90,15,1,106876,AdultMaleAgent(Clone),10,12,1.71,1.58,0,0,False,3,0,0
2026-03-06_20.25.00,185,sign-optimization-horizontal-vertical_scenario,616,130,3,-8,2,90,90,15,1,106877,AdultMaleAgent(Clone),10,12,1.71,1.58,0,0,False,3,0,0
2026-03-06_20.25.00,185,sign-optimization-horizontal-vertical_scenario,616,130,3,-8,2,90,90,15,1,106878,WheelchairAgent(Clone),10,12,1.3,1.17,0,0,False,3,0,0
2026-03-06_20.25.00,185,sign-optimization-horizontal-vertical_scenario,616,130,3,-8,2,90,90,15,1,106879,WheelchairAgent(Clone),7,11,1.3,1.17,2.663086,1,False,2,1,0.5
2026-03-06_20.25.00,185,sign-optimization-horizontal-vertical_scenario,616,130,3,-8,2,90,90,15,1,106880,AdultFemaleAgent(Clone),11,10,1.58,1.450001,0,0,False,3,0,0
2026-03-06_20.25.00,185,sign-optimization-horizontal-vertical_scenario,616,130,3,-8,2,90,90,15,1,106881,WheelchairAgent(Clone),5,10,1.3,1.17,0,0,False,2,0,0
2026-03-06_20.25.00,185,sign-optimization-horizontal-vertical_scenario,616,130,3,-8,2,90,90,15,1,106882,AdultMaleAgent(Clone),10,12,1.71,1.58,0,0,False,3,0,0
2026-03-06_20.25.00,185,sign-optimization-horizontal-vertical_scenario,616,130,3,-8,2,90,90,15,1,106883,AdultFemaleAgent(Clone),11,10,1.58,1.450001,0,0,False,3,0,0
2026-03-06_20.25.00,185,sign-optimization-horizontal-vertical_scenario,616,130,3,-8,2,90,90,15,1,106884,WheelchairAgent(Clone),5,10,1.3,1.17,0,0,False,2,0,0
2026-03-06_20.25.00,185,sign-optimization-horizontal-vertical_scenario,616,130,3,-8,2,90,90,15,1,106885,AdultFemaleAgent(Clone),5,10,1.58,1.45,0,0,False,2,0,0
2026-03-06_20.25.00,185,sign-optimization-horizontal-vertical_scenario,616,130,3,-8,2,90,90,15,1,106886,AdultMaleAgent(Clone),5,10,1.71,1.58,0,0,False,2,0,0
2026-03-06_20.25.00,185,sign-optimization-horizontal-vertical_scenario,616,130,3,-8,2,90,90,15,1,106887,AdultMaleAgent(Clone),7,11,1.71,1.58,0.375,1,False,2,1,0.5
2026-03-06_20.25.00,185,sign-optimization-horizontal-vertical_scenario,616,130,3,-8,2,90,90,15,1,106888,WheelchairAgent(Clone),6,12,1.3,1.17,0,0,False,2,1,0.5
2026-03-06_20.25.00,185,sign-optimization-horizontal-vertical_scenario,616,130,3,-8,2,90,90,15,1,106889,WheelchairAgent(Clone),5,10,1.3,1.17,0,0,False,2,0,0
2026-03-06_20.25.00,185,sign-optimization-horizontal-vertical_scenario,616,130,3,-8,2,90,90,15,1,106890,WheelchairAgent(Clone),5,10,1.3,1.17,0,0,False,2,0,0
2026-03-06_20.25.00,185,sign-optimization-horizontal-vertical_scenario,616,130,3,-8,2,90,90,15,1,106891,AdultMaleAgent(Clone),5,10,1.71,1.58,0,0,False,2,0,0
2026-03-06_20.25.00,185,sign-optimization-horizontal-vertical_scenario,616,130,3,-8,2,90,90,15,1,106892,AdultFemaleAgent(Clone),11,10,1.58,1.450001,0,0,False,3,0,0
2026-03-06_20.25.00,185,sign-optimization-horizontal-vertical_scenario,616,130,3,-8,2,90,90,15,1,106893,AdultFemaleAgent(Clone),6,12,1.58,1.45,0,0,True,2,1,0.5
2026-03-06_20.25.00,185,sign-optimization-horizontal-vertical_scenario,616,130,3,-8,2,90,90,15,1,106894,AdultMaleAgent(Clone),11,10,1.71,1.58,0,0,False,3,0,0
2026-03-06_20.25.00,185,sign-optimization-horizontal-vertical_scenario,616,130,3,-8,2,90,90,15,1,106895,AdultMaleAgent(Clone),5,10,1.71,1.58,0,0,False,2,0,0
2026-03-06_20.25.00,185,sign-optimization-horizontal-vertical_scenario,616,130,3,-8,2,90,90,15,1,106896,AdultMaleAgent(Clone),10,12,1.71,1.58,0,0,False,3,0,0
2026-03-06_20.25.00,185,sign-optimization-horizontal-vertical_scenario,616,130,3,-8,2,90,90,15,1,106897,AdultFemaleAgent(Clone),6,12,1.58,1.45,0,0,True,2,1,0.5
2026-03-06_20.25.00,185,sign-optimization-horizontal-vertical_scenario,616,130,3,-8,2,90,90,15,1,106898,WheelchairAgent(Clone),6,12,1.3,1.17,0,0,True,2,1,0.5
2026-03-06_20.25.00,185,sign-optimization-horizontal-vertical_scenario,616,130,3,-8,2,90,90,15,1,106899,AdultMaleAgent(Clone),7,11,1.71,1.58,1.931641,1,False,2,1,0.5
2026-03-06_20.25.00,185,sign-optimization-horizontal-vertical_scenario,616,130,3,-8,2,90,90,15,1,106900,AdultMaleAgent(Clone),7,11,1.71,1.58,0.8173828,1,False,2,1,0.5
2026-03-06_20.25.00,185,sign-optimization-horizontal-vertical_scenario,616,130,3,-8,2,90,90,15,1,106901,AdultMaleAgent(Clone),10,12,1.71,1.58,0,0,False,3,0,0
2026-03-06_20.25.00,185,sign-optimization-horizontal-vertical_scenario,616,130,3,-8,2,90,90,15,1,106902,AdultMaleAgent(Clone),5,10,1.71,1.58,0,0,False,2,0,0
2026-03-06_20.25.00,185,sign-optimization-horizontal-vertical_scenario,616,130,3,-8,2,90,90,15,1,106903,AdultMaleAgent(Clone),10,12,1.71,1.58,0,0,False,3,0,0
2026-03-06_20.25.00,185,sign-optimization-horizontal-vertical_scenario,616,130,3,-8,2,90,90,15,1,106904,WheelchairAgent(Clone),7,11,1.3,1.17,0.9785156,1,False,2,0,0
2026-03-06_20.25.00,185,sign-optimization-horizontal-vertical_scenario,616,130,3,-8,2,90,90,15,1,106905,WheelchairAgent(Clone),5,10,1.3,1.17,0,0,False,2,0,0
2026-03-06_20.25.00,185,sign-optimization-horizontal-vertical_scenario,616,130,3,-8,2,90,90,15,1,106906,WheelchairAgent(Clone),7,11,1.3,1.17,0.2421875,1,False,2,1,0.5
2026-03-06_20.25.00,185,sign-optimization-horizontal-vertical_scenario,616,130,3,-8,2,90,90,15,1,106907,AdultMaleAgent(Clone),7,11,1.71,1.58,1.911133,1,False,2,1,0.5
2026-03-06_20.25.00,185,sign-optimization-horizontal-vertical_scenario,616,130,3,-8,2,90,90,15,1,106908,AdultFemaleAgent(Clone),6,12,1.58,1.45,0,0,False,2,1,0.5
2026-03-06_20.25.00,185,sign-optimization-horizontal-vertical_scenario,616,130,3,-8,2,90,90,15,1,106909,AdultFemaleAgent(Clone),6,12,1.58,1.45,0,0,True,2,1,0.5
2026-03-06_20.25.00,185,sign-optimization-horizontal-vertical_scenario,616,130,3,-8,2,90,90,15,1,106910,AdultFemaleAgent(Clone),11,10,1.58,1.450001,0,0,False,3,0,0
2026-03-06_20.25.00,185,sign-optimization-horizontal-vertical_scenario,616,130,3,-8,2,90,90,15,1,106911,AdultFemaleAgent(Clone),5,10,1.58,1.45,0,0,False,2,0,0
2026-03-06_20.25.00,185,sign-optimization-horizontal-vertical_scenario,616,130,3,-8,2,90,90,15,1,106912,AdultFemaleAgent(Clone),6,12,1.58,1.45,0,0,True,2,1,0.5
2026-03-06_20.25.00,185,sign-optimization-horizontal-vertical_scenario,616,130,3,-8,2,90,90,15,1,106913,AdultMaleAgent(Clone),6,12,1.71,1.58,0,0,False,2,0,0
2026-03-06_20.25.00,185,sign-optimization-horizontal-vertical_scenario,616,130,3,-8,2,90,90,15,1,106914,AdultMaleAgent(Clone),11,10,1.71,1.58,0,0,False,3,0,0
2026-03-06_20.25.00,185,sign-optimization-horizontal-vertical_scenario,616,130,3,-8,2,90,90,15,1,106915,AdultFemaleAgent(Clone),10,12,1.58,1.45,0,0,False,3,0,0
2026-03-06_20.25.00,185,sign-optimization-horizontal-vertical_scenario,616,130,3,-8,2,90,90,15,1,106916,WheelchairAgent(Clone),7,11,1.3,1.17,4.033203,1,True,2,1,0.5
2026-03-06_20.25.00,185,sign-optimization-horizontal-vertical_scenario,616,130,3,-8,2,90,90,15,1,106917,AdultFemaleAgent(Clone),7,11,1.58,1.450001,2.113281,1,False,2,1,0.5
2026-03-06_20.25.00,185,sign-optimization-horizontal-vertical_scenario,616,130,3,-8,2,90,90,15,1,106918,WheelchairAgent(Clone),5,10,1.3,1.17,0,0,False,2,0,0
2026-03-06_20.25.00,185,sign-optimization-horizontal-vertical_scenario,616,130,3,-8,2,90,90,15,1,106919,AdultMaleAgent(Clone),5,10,1.71,1.58,0,0,False,2,0,0
2026-03-06_20.25.00,185,sign-optimization-horizontal-vertical_scenario,616,130,3,-8,2,90,90,15,1,106920,WheelchairAgent(Clone),5,10,1.3,1.17,0,0,False,2,0,0
2026-03-06_20.25.00,185,sign-optimization-horizontal-vertical_scenario,616,130,3,-8,2,90,90,15,1,106921,WheelchairAgent(Clone),11,10,1.3,1.17,0,0,False,3,0,0
2026-03-06_20.25.00,185,sign-optimization-horizontal-vertical_scenario,616,130,3,-8,2,90,90,15,1,106922,AdultFemaleAgent(Clone),7,11,1.58,1.450001,2.574219,1,False,2,1,0.5
2026-03-06_20.25.00,185,sign-optimization-horizontal-vertical_scenario,616,130,3,-8,2,90,90,15,1,106923,AdultMaleAgent(Clone),11,10,1.71,1.58,0,0,False,3,0,0
2026-03-06_20.25.00,185,sign-optimization-horizontal-vertical_scenario,616,130,3,-8,2,90,90,15,1,106924,AdultMaleAgent(Clone),7,11,1.71,1.58,2.65625,1,False,2,1,0.5
2026-03-06_20.25.00,185,sign-optimization-horizontal-vertical_scenario,616,130,3,-8,2,90,90,15,1,106925,AdultMaleAgent(Clone),7,11,1.71,1.58,0.7353516,1,False,2,1,0.5
2026-03-06_20.25.00,185,sign-optimization-horizontal-vertical_scenario,616,130,3,-8,2,90,90,15,1,106926,WheelchairAgent(Clone),11,10,1.3,1.17,0,0,False,3,0,0
2026-03-06_20.25.00,185,sign-optimization-horizontal-vertical_scenario,616,130,3,-8,2,90,90,15,1,106927,AdultFemaleAgent(Clone),6,12,1.58,1.45,0,0,False,2,0,0
2026-03-06_20.25.00,185,sign-optimization-horizontal-vertical_scenario,616,130,3,-8,2,90,90,15,1,106928,AdultFemaleAgent(Clone),6,12,1.58,1.45,0,0,False,2,0,0
2026-03-06_20.25.00,185,sign-optimization-horizontal-vertical_scenario,616,130,3,-8,2,90,90,15,1,106929,WheelchairAgent(Clone),5,10,1.3,1.17,0,0,False,2,0,0
2026-03-06_20.25.00,185,sign-optimization-horizontal-vertical_scenario,616,130,3,-8,2,90,90,15,1,106930,WheelchairAgent(Clone),10,12,1.3,1.17,0,0,False,3,0,0
2026-03-06_20.25.00,185,sign-optimization-horizontal-vertical_scenario,616,130,3,-8,2,90,90,15,1,106931,AdultMaleAgent(Clone),7,11,1.71,1.58,3.486328,1,True,2,1,0.5
2026-03-06_20.25.00,185,sign-optimization-horizontal-vertical_scenario,616,130,3,-8,2,90,90,15,1,106932,AdultFemaleAgent(Clone),6,12,1.58,1.45,0,0,True,2,1,0.5
2026-03-06_20.25.00,185,sign-optimization-horizontal-vertical_scenario,616,130,3,-8,2,90,90,15,1,106933,WheelchairAgent(Clone),7,11,1.3,1.17,0.7597656,1,False,2,1,0.5
2026-03-06_20.25.00,185,sign-optimization-horizontal-vertical_scenario,616,130,3,-8,2,90,90,15,1,106934,AdultFemaleAgent(Clone),10,12,1.58,1.45,0,0,False,3,0,0
2026-03-06_20.25.00,185,sign-optimization-horizontal-vertical_scenario,616,130,3,-8,2,90,90,15,1,106935,WheelchairAgent(Clone),7,11,1.3,1.17,2.300781,1,False,2,0,0
2026-03-06_20.25.00,185,sign-optimization-horizontal-vertical_scenario,616,130,3,-8,2,90,90,15,1,106936,AdultFemaleAgent(Clone),6,12,1.58,1.45,0,0,False,2,0,0
2026-03-06_20.25.00,185,sign-optimization-horizontal-vertical_scenario,616,130,3,-8,2,90,90,15,1,106937,WheelchairAgent(Clone),11,10,1.3,1.17,0,0,False,3,0,0
2026-03-06_20.25.00,185,sign-optimization-horizontal-vertical_scenario,616,130,3,-8,2,90,90,15,1,106938,AdultFemaleAgent(Clone),10,12,1.58,1.45,0,0,False,3,0,0
2026-03-06_20.25.00,185,sign-optimization-horizontal-vertical_scenario,616,130,3,-8,2,90,90,15,1,106939,AdultMaleAgent(Clone),7,11,1.71,1.58,0.7783203,1,False,2,1,0.5
2026-03-06_20.25.00,185,sign-optimization-horizontal-vertical_scenario,616,130,3,-8,2,90,90,15,1,106940,AdultFemaleAgent(Clone),5,10,1.58,1.45,0,0,False,2,0,0
2026-03-06_20.25.00,185,sign-optimization-horizontal-vertical_scenario,616,130,3,-8,2,90,90,15,1,106941,AdultFemaleAgent(Clone),7,11,1.58,1.450001,3.68457,1,True,2,1,0.5
2026-03-06_20.25.00,185,sign-optimization-horizontal-vertical_scenario,616,130,3,-8,2,90,90,15,1,106942,AdultMaleAgent(Clone),10,12,1.71,1.58,0,0,False,3,0,0
2026-03-06_20.25.00,185,sign-optimization-horizontal-vertical_scenario,616,130,3,-8,2,90,90,15,1,106943,AdultFemaleAgent(Clone),6,12,1.58,1.45,0,0,False,2,0,0
2026-03-06_20.25.00,185,sign-optimization-horizontal-vertical_scenario,616,130,3,-8,2,90,90,15,1,106944,AdultFemaleAgent(Clone),11,10,1.58,1.450001,0,0,False,3,0,0
2026-03-06_20.25.00,185,sign-optimization-horizontal-vertical_scenario,616,130,3,-8,2,90,90,15,1,106945,AdultMaleAgent(Clone),5,10,1.71,1.58,0,0,False,2,0,0
2026-03-06_20.25.00,185,sign-optimization-horizontal-vertical_scenario,616,130,3,-8,2,90,90,15,1,106946,AdultFemaleAgent(Clone),5,10,1.58,1.45,0,0,False,2,0,0
2026-03-06_20.25.00,185,sign-optimization-horizontal-vertical_scenario,616,130,3,-8,2,90,90,15,1,106947,AdultMaleAgent(Clone),11,10,1.71,1.58,0,0,False,3,0,0
2026-03-06_20.25.00,185,sign-optimization-horizontal-vertical_scenario,616,130,3,-8,2,90,90,15,1,106948,AdultFemaleAgent(Clone),11,10,1.58,1.450001,0,0,False,3,0,0
2026-03-06_20.25.00,185,sign-optimization-horizontal-vertical_scenario,616,130,3,-8,2,90,90,15,1,106949,AdultMaleAgent(Clone),11,10,1.71,1.58,0,0,False,3,0,0
2026-03-06_20.25.00,185,sign-optimization-horizontal-vertical_scenario,616,130,3,-8,2,90,90,15,1,106950,WheelchairAgent(Clone),6,12,1.3,1.17,0,0,False,2,0,0
2026-03-06_20.25.00,185,sign-optimization-horizontal-vertical_scenario,616,130,3,-8,2,90,90,15,1,106951,AdultMaleAgent(Clone),6,12,1.71,1.58,0,0,False,2,0,0
2026-03-06_20.25.00,185,sign-optimization-horizontal-vertical_scenario,616,130,3,-8,2,90,90,15,1,106952,AdultFemaleAgent(Clone),10,12,1.58,1.45,0,0,False,3,0,0
2026-03-06_20.25.00,185,sign-optimization-horizontal-vertical_scenario,616,130,3,-8,2,90,90,15,1,106953,AdultFemaleAgent(Clone),5,10,1.58,1.45,0,0,False,2,0,0
2026-03-06_20.25.00,185,sign-optimization-horizontal-vertical_scenario,616,130,3,-8,2,90,90,15,1,106954,AdultMaleAgent(Clone),7,11,1.71,1.58,1.724609,1,False,2,1,0.5
2026-03-06_20.25.00,185,sign-optimization-horizontal-vertical_scenario,616,130,3,-8,2,90,90,15,1,106955,AdultMaleAgent(Clone),11,10,1.71,1.58,0,0,False,3,0,0
2026-03-06_20.25.00,185,sign-optimization-horizontal-vertical_scenario,616,130,3,-8,2,90,90,15,1,106956,AdultMaleAgent(Clone),7,11,1.71,1.58,0,0,False,2,1,0.5
2026-03-06_20.25.00,185,sign-optimization-horizontal-vertical_scenario,616,130,3,-8,2,90,90,15,1,106957,AdultFemaleAgent(Clone),10,12,1.58,1.45,0,0,False,3,0,0
2026-03-06_20.25.00,185,sign-optimization-horizontal-vertical_scenario,616,130,3,-8,2,90,90,15,1,106958,WheelchairAgent(Clone),11,10,1.3,1.17,0,0,False,3,0,0
2026-03-06_20.25.00,185,sign-optimization-horizontal-vertical_scenario,616,130,3,-8,2,90,90,15,1,106959,WheelchairAgent(Clone),7,11,1.3,1.17,1.678711,1,False,2,1,0.5
2026-03-06_20.25.00,185,sign-optimization-horizontal-vertical_scenario,616,130,3,-8,2,90,90,15,1,106960,AdultFemaleAgent(Clone),6,12,1.58,1.45,0,0,False,2,0,0
2026-03-06_20.25.00,185,sign-optimization-horizontal-vertical_scenario,616,130,3,-8,2,90,90,15,1,106961,AdultFemaleAgent(Clone),11,10,1.58,1.450001,0,0,False,3,0,0
2026-03-06_20.25.00,185,sign-optimization-horizontal-vertical_scenario,616,130,3,-8,2,90,90,15,1,106962,AdultFemaleAgent(Clone),7,11,1.58,1.450001,0,0,True,2,1,0.5
2026-03-06_20.25.00,185,sign-optimization-horizontal-vertical_scenario,616,130,3,-8,2,90,90,15,1,106963,WheelchairAgent(Clone),10,12,1.3,1.17,0,0,False,3,0,0
2026-03-06_20.25.00,185,sign-optimization-horizontal-vertical_scenario,616,130,3,-8,2,90,90,15,1,106964,WheelchairAgent(Clone),5,10,1.3,1.17,0,0,False,2,0,0
2026-03-06_20.25.00,185,sign-optimization-horizontal-vertical_scenario,616,130,3,-8,2,90,90,15,1,106965,AdultMaleAgent(Clone),11,10,1.71,1.58,0,0,False,3,0,0
2026-03-06_20.25.00,185,sign-optimization-horizontal-vertical_scenario,616,130,3,-8,2,90,90,15,1,106966,AdultMaleAgent(Clone),5,10,1.71,1.58,0,0,False,2,0,0
2026-03-06_20.25.00,185,sign-optimization-horizontal-vertical_scenario,616,130,3,-8,2,90,90,15,1,106967,AdultMaleAgent(Clone),10,12,1.71,1.58,0,0,False,3,0,0
2026-03-06_20.25.00,185,sign-optimization-horizontal-vertical_scenario,616,130,3,-8,2,90,90,15,1,106968,AdultMaleAgent(Clone),5,10,1.71,1.58,0,0,False,2,0,0
2026-03-06_20.25.00,185,sign-optimization-horizontal-vertical_scenario,616,130,3,-8,2,90,90,15,1,106969,AdultFemaleAgent(Clone),11,10,1.58,1.450001,0,0,False,3,0,0
2026-03-06_20.25.00,185,sign-optimization-horizontal-vertical_scenario,616,130,3,-8,2,90,90,15,1,106970,AdultMaleAgent(Clone),10,12,1.71,1.58,0,0,False,3,0,0
2026-03-06_20.25.00,185,sign-optimization-horizontal-vertical_scenario,616,130,3,-8,2,90,90,15,1,106971,AdultMaleAgent(Clone),6,12,1.71,1.58,0,0,False,2,0,0
2026-03-06_20.25.00,185,sign-optimization-horizontal-vertical_scenario,616,130,3,-8,2,90,90,15,1,106972,AdultFemaleAgent(Clone),10,12,1.58,1.45,0,0,False,3,0,0
2026-03-06_20.25.00,185,sign-optimization-horizontal-vertical_scenario,616,130,3,-8,2,90,90,15,1,106973,WheelchairAgent(Clone),10,12,1.3,1.17,0,0,False,3,0,0
2026-03-06_20.25.00,185,sign-optimization-horizontal-vertical_scenario,616,130,3,-8,2,90,90,15,1,106974,WheelchairAgent(Clone),5,10,1.3,1.17,0,0,False,2,0,0
2026-03-06_20.25.00,185,sign-optimization-horizontal-vertical_scenario,616,130,3,-8,2,90,90,15,1,106975,WheelchairAgent(Clone),5,10,1.3,1.17,0,0,False,2,0,0
2026-03-06_20.25.00,185,sign-optimization-horizontal-vertical_scenario,616,130,3,-8,2,90,90,15,1,106976,AdultFemaleAgent(Clone),10,12,1.58,1.45,0,0,False,3,0,0
2026-03-06_20.25.00,185,sign-optimization-horizontal-vertical_scenario,616,130,3,-8,2,90,90,15,1,106977,AdultMaleAgent(Clone),11,10,1.71,1.58,0,0,False,3,0,0
2026-03-06_20.25.00,185,sign-optimization-horizontal-vertical_scenario,616,130,3,-8,2,90,90,15,1,106978,AdultMaleAgent(Clone),10,12,1.71,1.58,0,0,False,3,0,0
2026-03-06_20.25.00,185,sign-optimization-horizontal-vertical_scenario,616,130,3,-8,2,90,90,15,1,106979,AdultFemaleAgent(Clone),10,12,1.58,1.45,0,0,False,3,0,0
2026-03-06_20.25.00,185,sign-optimization-horizontal-vertical_scenario,616,130,3,-8,2,90,90,15,1,106980,AdultMaleAgent(Clone),11,10,1.71,1.58,0,0,False,3,0,0
2026-03-06_20.25.00,185,sign-optimization-horizontal-vertical_scenario,616,130,3,-8,2,90,90,15,1,106981,AdultFemaleAgent(Clone),7,11,1.58,1.450001,0,0,False,2,1,0.5
2026-03-06_20.25.00,185,sign-optimization-horizontal-vertical_scenario,616,130,3,-8,2,90,90,15,1,106982,WheelchairAgent(Clone),5,10,1.3,1.17,0,0,False,2,0,0
2026-03-06_20.25.00,185,sign-optimization-horizontal-vertical_scenario,616,130,3,-8,2,90,90,15,1,106983,AdultFemaleAgent(Clone),7,11,1.58,1.450001,0,0,False,2,0,0
2026-03-06_20.25.00,185,sign-optimization-horizontal-vertical_scenario,616,130,3,-8,2,90,90,15,1,106984,AdultMaleAgent(Clone),11,10,1.71,1.58,0,0,False,3,0,0
2026-03-06_20.25.00,185,sign-optimization-horizontal-vertical_scenario,616,130,3,-8,2,90,90,15,1,106985,WheelchairAgent(Clone),7,11,1.3,1.17,0,0,False,2,0,0
2026-03-06_20.25.00,185,sign-optimization-horizontal-vertical_scenario,616,130,3,-8,2,90,90,15,1,106986,AdultMaleAgent(Clone),10,12,1.71,1.58,0,0,False,3,0,0
2026-03-06_20.25.00,185,sign-optimization-horizontal-vertical_scenario,616,130,3,-8,2,90,90,15,1,106987,AdultFemaleAgent(Clone),7,11,1.58,1.450001,0,0,False,2,0,0
2026-03-06_20.25.00,185,sign-optimization-horizontal-vertical_scenario,616,130,3,-8,2,90,90,15,1,106988,AdultFemaleAgent(Clone),5,10,1.58,1.45,0,0,False,2,0,0
2026-03-06_20.25.00,185,sign-optimization-horizontal-vertical_scenario,616,130,3,-8,2,90,90,15,1,106989,AdultMaleAgent(Clone),11,10,1.71,1.58,0,0,False,3,0,0
2026-03-06_20.25.00,185,sign-optimization-horizontal-vertical_scenario,616,130,3,-8,2,90,90,15,1,106990,WheelchairAgent(Clone),6,12,1.3,1.17,0,0,False,2,0,0
2026-03-06_20.25.00,185,sign-optimization-horizontal-vertical_scenario,616,130,3,-8,2,90,90,15,1,106991,AdultFemaleAgent(Clone),6,12,1.58,1.45,0,0,False,2,0,0
2026-03-06_20.25.00,185,sign-optimization-horizontal-vertical_scenario,616,130,3,-8,2,90,90,15,1,106992,AdultFemaleAgent(Clone),6,12,1.58,1.45,0,0,False,2,0,0
2026-03-06_20.25.00,185,sign-optimization-horizontal-vertical_scenario,616,130,3,-8,2,90,90,15,1,106993,AdultMaleAgent(Clone),5,10,1.71,1.58,0,0,False,2,0,0
2026-03-06_20.25.00,185,sign-optimization-horizontal-vertical_scenario,616,130,3,-8,2,90,90,15,1,106994,WheelchairAgent(Clone),6,12,1.3,1.17,0,0,False,2,0,0
2026-03-06_20.25.00,185,sign-optimization-horizontal-vertical_scenario,616,130,3,-8,2,90,90,15,1,106995,WheelchairAgent(Clone),5,10,1.3,1.17,0,0,False,2,0,0
2026-03-06_20.25.00,185,sign-optimization-horizontal-vertical_scenario,616,130,3,-8,2,90,90,15,1,106996,AdultFemaleAgent(Clone),5,10,1.58,1.45,0,0,False,2,0,0
2026-03-06_20.25.00,185,sign-optimization-horizontal-vertical_scenario,616,130,3,-8,2,90,90,15,1,106997,WheelchairAgent(Clone),5,10,1.3,1.17,0,0,False,2,0,0
2026-03-06_20.25.00,185,sign-optimization-horizontal-vertical_scenario,616,130,3,-8,2,90,90,15,1,106998,AdultFemaleAgent(Clone),11,10,1.58,1.450001,0,0,False,3,0,0
2026-03-06_20.25.00,185,sign-optimization-horizontal-vertical_scenario,616,130,3,-8,2,90,90,15,1,106999,WheelchairAgent(Clone),7,11,1.3,1.17,0,0,False,2,0,0
2026-03-06_20.25.00,185,sign-optimization-horizontal-vertical_scenario,616,130,3,-8,2,90,90,15,1,107000,AdultMaleAgent(Clone),10,12,1.71,1.58,0,0,False,3,0,0
2026-03-06_20.25.00,185,sign-optimization-horizontal-vertical_scenario,616,130,3,-8,2,90,90,15,1,107001,WheelchairAgent(Clone),11,10,1.3,1.17,0,0,False,3,0,0
2026-03-06_20.25.00,185,sign-optimization-horizontal-vertical_scenario,616,130,3,-8,2,90,90,15,1,107002,AdultFemaleAgent(Clone),5,10,1.58,1.45,0,0,False,2,0,0
2026-03-06_20.25.00,185,sign-optimization-horizontal-vertical_scenario,616,130,3,-8,2,90,90,15,1,107003,AdultFemaleAgent(Clone),11,10,1.58,1.450001,0,0,False,3,0,0
2026-03-06_20.25.00,185,sign-optimization-horizontal-vertical_scenario,616,130,3,-8,2,90,90,15,1,107004,AdultMaleAgent(Clone),7,11,1.71,1.58,0,0,False,2,0,0
2026-03-06_20.25.00,185,sign-optimization-horizontal-vertical_scenario,616,130,3,-8,2,90,90,15,1,107005,AdultFemaleAgent(Clone),6,12,1.58,1.45,0,0,False,2,0,0
2026-03-06_20.25.00,185,sign-optimization-horizontal-vertical_scenario,616,130,3,-8,2,90,90,15,1,107006,AdultFemaleAgent(Clone),7,11,1.58,1.450001,0,0,False,2,0,0
2026-03-06_20.25.00,185,sign-optimization-horizontal-vertical_scenario,616,130,3,-8,2,90,90,15,1,107007,AdultFemaleAgent(Clone),11,10,1.58,1.450001,0,0,False,3,0,0
2026-03-06_20.25.00,185,sign-optimization-horizontal-vertical_scenario,616,130,3,-8,2,90,90,15,1,107008,AdultMaleAgent(Clone),5,10,1.71,1.58,0,0,False,2,0,0
2026-03-06_20.25.00,185,sign-optimization-horizontal-vertical_scenario,616,130,3,-8,2,90,90,15,1,107009,AdultMaleAgent(Clone),11,10,1.71,1.58,0,0,False,3,0,0
2026-03-06_20.25.00,185,sign-optimization-horizontal-vertical_scenario,616,130,3,-8,2,90,90,15,1,107010,AdultFemaleAgent(Clone),11,10,1.58,1.450001,0,0,False,3,0,0
2026-03-06_20.25.00,185,sign-optimization-horizontal-vertical_scenario,616,130,3,-8,2,90,90,15,1,107011,AdultFemaleAgent(Clone),5,10,1.58,1.45,0,0,False,2,0,0
2026-03-06_20.25.00,185,sign-optimization-horizontal-vertical_scenario,616,130,3,-8,2,90,90,15,1,107012,AdultFemaleAgent(Clone),11,10,1.58,1.450001,0,0,False,3,0,0
2026-03-06_20.25.00,185,sign-optimization-horizontal-vertical_scenario,616,130,3,-8,2,90,90,15,1,107013,AdultFemaleAgent(Clone),6,12,1.58,1.45,0,0,False,2,0,0
2026-03-06_20.25.00,185,sign-optimization-horizontal-vertical_scenario,616,130,3,-8,2,90,90,15,1,107014,AdultFemaleAgent(Clone),6,12,1.58,1.45,0,0,False,2,0,0
2026-03-06_20.25.00,185,sign-optimization-horizontal-vertical_scenario,616,130,3,-8,2,90,90,15,1,107015,WheelchairAgent(Clone),10,12,1.3,1.17,0,0,False,3,0,0
2026-03-06_20.25.00,185,sign-optimization-horizontal-vertical_scenario,616,130,3,-8,2,90,90,15,1,107016,AdultFemaleAgent(Clone),11,10,1.58,1.450001,0,0,False,3,0,0
2026-03-06_20.25.00,185,sign-optimization-horizontal-vertical_scenario,616,130,3,-8,2,90,90,15,1,107017,AdultMaleAgent(Clone),7,11,1.71,1.58,0,0,False,2,0,0
2026-03-06_20.25.00,185,sign-optimization-horizontal-vertical_scenario,616,130,3,-8,2,90,90,15,1,107018,AdultMaleAgent(Clone),6,12,1.71,1.58,0,0,False,2,0,0
2026-03-06_20.25.00,185,sign-optimization-horizontal-vertical_scenario,616,130,3,-8,2,90,90,15,1,107019,WheelchairAgent(Clone),6,12,1.3,1.17,0,0,False,2,0,0
2026-03-06_20.25.00,185,sign-optimization-horizontal-vertical_scenario,616,130,3,-8,2,90,90,15,1,107020,WheelchairAgent(Clone),10,12,1.3,1.17,0,0,False,3,0,0
2026-03-06_20.25.00,185,sign-optimization-horizontal-vertical_scenario,616,130,3,-8,2,90,90,15,1,107021,AdultMaleAgent(Clone),7,11,1.71,1.58,0,0,False,2,0,0
2026-03-06_20.25.00,185,sign-optimization-horizontal-vertical_scenario,616,130,3,-8,2,90,90,15,1,107022,WheelchairAgent(Clone),6,12,1.3,1.17,0,0,False,2,0,0
2026-03-06_20.25.00,185,sign-optimization-horizontal-vertical_scenario,616,130,3,-8,2,90,90,15,1,107023,AdultFemaleAgent(Clone),11,10,1.58,1.450001,0,0,False,3,0,0
2026-03-06_20.25.00,185,sign-optimization-horizontal-vertical_scenario,616,130,3,-8,2,90,90,15,1,107024,AdultMaleAgent(Clone),7,11,1.71,1.58,0,0,False,2,0,0
2026-03-06_20.25.00,185,sign-optimization-horizontal-vertical_scenario,616,130,3,-8,2,90,90,15,1,107025,AdultMaleAgent(Clone),10,12,1.71,1.58,0,0,False,3,0,0
2026-03-06_20.25.00,185,sign-optimization-horizontal-vertical_scenario,616,130,3,-8,2,90,90,15,1,107026,WheelchairAgent(Clone),5,10,1.3,1.17,0,0,False,2,0,0
2026-03-06_20.25.00,185,sign-optimization-horizontal-vertical_scenario,616,130,3,-8,2,90,90,15,1,107027,WheelchairAgent(Clone),5,10,1.3,1.17,0,0,False,2,0,0
2026-03-06_20.25.00,185,sign-optimization-horizontal-vertical_scenario,616,130,3,-8,2,90,90,15,1,107028,AdultMaleAgent(Clone),11,10,1.71,1.58,0,0,False,3,0,0
2026-03-06_20.25.00,185,sign-optimization-horizontal-vertical_scenario,616,130,3,-8,2,90,90,15,1,107029,AdultFemaleAgent(Clone),11,10,1.58,1.450001,0,0,False,3,0,0
2026-03-06_20.25.00,185,sign-optimization-horizontal-vertical_scenario,616,130,3,-8,2,90,90,15,1,107030,WheelchairAgent(Clone),5,10,1.3,1.17,0,0,False,2,0,0
2026-03-06_20.25.00,185,sign-optimization-horizontal-vertical_scenario,616,130,3,-8,2,90,90,15,1,107031,AdultMaleAgent(Clone),7,11,1.71,1.58,0,0,False,2,0,0
2026-03-06_20.25.00,185,sign-optimization-horizontal-vertical_scenario,616,130,3,-8,2,90,90,15,1,107032,AdultFemaleAgent(Clone),7,11,1.58,1.450001,0,0,False,2,0,0
2026-03-06_20.25.00,185,sign-optimization-horizontal-vertical_scenario,616,130,3,-8,2,90,90,15,1,107033,AdultFemaleAgent(Clone),6,12,1.58,1.45,0,0,False,2,0,0
2026-03-06_20.25.00,185,sign-optimization-horizontal-vertical_scenario,616,130,3,-8,2,90,90,15,1,107034,WheelchairAgent(Clone),11,10,1.3,1.17,0,0,False,3,0,0
2026-03-06_20.25.00,185,sign-optimization-horizontal-vertical_scenario,616,130,3,-8,2,90,90,15,1,107035,AdultMaleAgent(Clone),7,11,1.71,1.58,0,0,False,2,0,0
2026-03-06_20.25.00,185,sign-optimization-horizontal-vertical_scenario,616,130,3,-8,2,90,90,15,1,107036,WheelchairAgent(Clone),6,12,1.3,1.17,0,0,False,2,0,0
