Timestamp,RunIndex,ScenarioID,TotalAgents,VisibleSignCount,SignHeight,SignPositionX,SignPositionZ,SignOrientation,VcaAngle,VcaDistance,SignComprehensionTime,AgentID,AgentType,StartNode,GoalNode,Height,EyeHeight,TimeInVCA,TimesInVCA,SawSign,TotalNodesNavigated,NodesWithDetection,RDEffective
2026-03-06_20.32.00,192,sign-optimization-horizontal-vertical_scenario,616,199,3,-1,2,90,90,15,1,110580,WheelchairAgent(Clone),6,12,1.3,1.17,5.295898,1,False,2,1,0.5
2026-03-06_20.32.00,192,sign-optimization-horizontal-vertical_scenario,616,199,3,-1,2,90,90,15,1,110581,AdultFemaleAgent(Clone),10,12,1.58,1.45,3.974609,1,False,3,0,0
2026-03-06_20.32.00,192,sign-optimization-horizontal-vertical_scenario,616,199,3,-1,2,90,90,15,1,110582,AdultFemaleAgent(Clone),5,10,1.58,1.45,12.27051,1,True,2,1,0.5
2026-03-06_20.32.00,192,sign-optimization-horizontal-vertical_scenario,616,199,3,-1,2,90,90,15,1,110583,AdultFemaleAgent(Clone),6,12,1.58,1.45,2.847656,1,False,2,1,0.5
2026-03-06_20.32.00,192,sign-optimization-horizontal-vertical_scenario,616,199,3,-1,2,90,90,15,1,110584,AdultMaleAgent(Clone),7,11,1.71,1.58,2.824219,2,True,2,1,0.5
2026-03-06_20.32.00,192,sign-optimization-horizontal-vertical_scenario,616,199,3,-1,2,90,90,15,1,110585,AdultFemaleAgent(Clone),6,12,1.58,1.45,0,0,False,2,0,0
2026-03-06_20.32.00,192,sign-optimization-horizontal-vertical_scenario,616,199,3,-1,2,90,90,15,1,110586,WheelchairAgent(Clone),10,12,1.3,1.17,4.266602,1,False,3,0,0
2026-03-06_20.32.00,192,sign-optimization-horizontal-vertical_scenario,616,199,3,-1,2,90,90,15,1,110587,AdultFemaleAgent(Clone),11,10,1.58,1.450001,12.70605,1,True,3,2,0.6666667
2026-03-06_20.32.00,192,sign-optimization-horizontal-vertical_scenario,616,199,3,-1,2,90,90,15,1,110588,AdultFemaleAgent(Clone),10,12,1.58,1.45,9.679688,1,False,3,1,0.3333333
2026-03-06_20.32.00,192,sign-optimization-horizontal-vertical_scenario,616,199,3,-1,2,90,90,15,1,110589,AdultMaleAgent(Clone),5,10,1.71,1.58,10.68359,1,True,2,1,0.5
2026-03-06_20.32.00,192,sign-optimization-horizontal-vertical_scenario,616,199,3,-1,2,90,90,15,1,110590,WheelchairAgent(Clone),6,12,1.3,1.17,0,0,False,2,0,0
2026-03-06_20.32.00,192,sign-optimization-horizontal-vertical_scenario,616,199,3,-1,2,90,90,15,1,110591,WheelchairAgent(Clone),7,11,1.3,1.17,2.765625,2,False,2,0,0
2026-03-06_20.32.00,192,sign-optimization-horizontal-vertical_scenario,616,199,3,-1,2,90,90,15,1,110592,WheelchairAgent(Clone),7,11,1.3,1.17,0.03027344,2,False,2,0,0
2026-03-06_20.32.00,192,sign-optimization-horizontal-vertical_scenario,616,199,3,-1,2,90,90,15,1,110593,AdultMaleAgent(Clone),6,12,1.71,1.58,5.055664,1,False,2,1,0.5
2026-03-06_20.32.00,192,sign-optimization-horizontal-vertical_scenario,616,199,3,-1,2,90,90,15,1,110594,AdultMaleAgent(Clone),11,10,1.71,1.58,8.775391,2,True,3,2,0.6666667
2026-03-06_20.32.00,192,sign-optimization-horizontal-vertical_scenario,616,199,3,-1,2,90,90,15,1,110595,AdultFemaleAgent(Clone),11,10,1.58,1.450001,9.219727,1,True,3,2,0.6666667
2026-03-06_20.32.00,192,sign-optimization-horizontal-vertical_scenario,616,199,3,-1,2,90,90,15,1,110596,AdultMaleAgent(Clone),7,11,1.71,1.58,2.919922,2,False,2,1,0.5
2026-03-06_20.32.00,192,sign-optimization-horizontal-vertical_scenario,616,199,3,-1,2,90,90,15,1,110597,AdultMaleAgent(Clone),7,11,1.71,1.58,1.246094,2,False,2,1,0.5
2026-03-06_20.32.00,192,sign-optimization-horizontal-vertical_scenario,616,199,3,-1,2,90,90,15,1,110598,AdultFemaleAgent(Clone),11,10,1.58,1.450001,12.77051,1,True,3,2,0.6666667
2026-03-06_20.32.00,192,sign-optimization-horizontal-vertical_scenario,616,199,3,-1,2,90,90,15,1,110599,AdultMaleAgent(Clone),10,12,1.71,1.58,5.052734,1,False,3,0,0
2026-03-06_20.32.00,192,sign-optimization-horizontal-vertical_scenario,616,199,3,-1,2,90,90,15,1,110600,AdultMaleAgent(Clone),7,11,1.71,1.58,5.246094,2,True,2,1,0.5
2026-03-06_20.32.00,192,sign-optimization-horizontal-vertical_scenario,616,199,3,-1,2,90,90,15,1,110601,AdultMaleAgent(Clone),7,11,1.71,1.58,0.06347656,2,False,2,0,0
2026-03-06_20.32.00,192,sign-optimization-horizontal-vertical_scenario,616,199,3,-1,2,90,90,15,1,110602,WheelchairAgent(Clone),10,12,1.3,1.17,3.807617,1,False,3,0,0
2026-03-06_20.32.00,192,sign-optimization-horizontal-vertical_scenario,616,199,3,-1,2,90,90,15,1,110603,WheelchairAgent(Clone),11,10,1.3,1.17,13.50684,1,True,3,2,0.6666667
2026-03-06_20.32.00,192,sign-optimization-horizontal-vertical_scenario,616,199,3,-1,2,90,90,15,1,110604,AdultMaleAgent(Clone),10,12,1.71,1.58,27.4043,1,False,3,1,0.3333333
2026-03-06_20.32.00,192,sign-optimization-horizontal-vertical_scenario,616,199,3,-1,2,90,90,15,1,110605,AdultFemaleAgent(Clone),6,12,1.58,1.45,0.6171875,1,False,2,0,0
2026-03-06_20.32.00,192,sign-optimization-horizontal-vertical_scenario,616,199,3,-1,2,90,90,15,1,110606,AdultMaleAgent(Clone),5,10,1.71,1.58,13.37305,1,True,2,1,0.5
2026-03-06_20.32.00,192,sign-optimization-horizontal-vertical_scenario,616,199,3,-1,2,90,90,15,1,110607,WheelchairAgent(Clone),10,12,1.3,1.17,5.238281,1,False,3,0,0
2026-03-06_20.32.00,192,sign-optimization-horizontal-vertical_scenario,616,199,3,-1,2,90,90,15,1,110608,WheelchairAgent(Clone),10,12,1.3,1.17,5.40332,1,False,3,0,0
2026-03-06_20.32.00,192,sign-optimization-horizontal-vertical_scenario,616,199,3,-1,2,90,90,15,1,110609,AdultFemaleAgent(Clone),5,10,1.58,1.45,12.86719,1,True,2,1,0.5
2026-03-06_20.32.00,192,sign-optimization-horizontal-vertical_scenario,616,199,3,-1,2,90,90,15,1,110610,AdultMaleAgent(Clone),6,12,1.71,1.58,7.000977,1,False,2,1,0.5
2026-03-06_20.32.00,192,sign-optimization-horizontal-vertical_scenario,616,199,3,-1,2,90,90,15,1,110611,AdultFemaleAgent(Clone),5,10,1.58,1.45,9.376953,1,True,2,1,0.5
2026-03-06_20.32.00,192,sign-optimization-horizontal-vertical_scenario,616,199,3,-1,2,90,90,15,1,110612,AdultFemaleAgent(Clone),7,11,1.58,1.450001,1.195313,2,False,2,1,0.5
2026-03-06_20.32.00,192,sign-optimization-horizontal-vertical_scenario,616,199,3,-1,2,90,90,15,1,110613,AdultMaleAgent(Clone),11,10,1.71,1.58,12.06934,1,True,3,2,0.6666667
2026-03-06_20.32.00,192,sign-optimization-horizontal-vertical_scenario,616,199,3,-1,2,90,90,15,1,110614,WheelchairAgent(Clone),6,12,1.3,1.17,0.9238281,1,False,2,0,0
2026-03-06_20.32.00,192,sign-optimization-horizontal-vertical_scenario,616,199,3,-1,2,90,90,15,1,110615,WheelchairAgent(Clone),10,12,1.3,1.17,4.490234,1,False,3,0,0
2026-03-06_20.32.00,192,sign-optimization-horizontal-vertical_scenario,616,199,3,-1,2,90,90,15,1,110616,AdultMaleAgent(Clone),10,12,1.71,1.58,4.738281,1,False,3,0,0
2026-03-06_20.32.00,192,sign-optimization-horizontal-vertical_scenario,616,199,3,-1,2,90,90,15,1,110617,WheelchairAgent(Clone),6,12,1.3,1.17,6.321289,1,False,2,1,0.5
2026-03-06_20.32.00,192,sign-optimization-horizontal-vertical_scenario,616,199,3,-1,2,90,90,15,1,110618,AdultMaleAgent(Clone),11,10,1.71,1.58,13.32227,1,True,3,2,0.6666667
2026-03-06_20.32.00,192,sign-optimization-horizontal-vertical_scenario,616,199,3,-1,2,90,90,15,1,110619,WheelchairAgent(Clone),11,10,1.3,1.17,11.63086,1,True,3,1,0.3333333
2026-03-06_20.32.00,192,sign-optimization-horizontal-vertical_scenario,616,199,3,-1,2,90,90,15,1,110620,AdultMaleAgent(Clone),11,10,1.71,1.58,12.53027,1,True,3,2,0.6666667
2026-03-06_20.32.00,192,sign-optimization-horizontal-vertical_scenario,616,199,3,-1,2,90,90,15,1,110621,WheelchairAgent(Clone),7,11,1.3,1.17,0,0,False,2,0,0
2026-03-06_20.32.00,192,sign-optimization-horizontal-vertical_scenario,616,199,3,-1,2,90,90,15,1,110622,AdultMaleAgent(Clone),7,11,1.71,1.58,1.253906,2,True,2,1,0.5
2026-03-06_20.32.00,192,sign-optimization-horizontal-vertical_scenario,616,199,3,-1,2,90,90,15,1,110623,WheelchairAgent(Clone),7,11,1.3,1.17,0.4150391,1,False,2,0,0
2026-03-06_20.32.00,192,sign-optimization-horizontal-vertical_scenario,616,199,3,-1,2,90,90,15,1,110624,AdultFemaleAgent(Clone),7,11,1.58,1.450001,0.5878906,2,False,2,1,0.5
2026-03-06_20.32.00,192,sign-optimization-horizontal-vertical_scenario,616,199,3,-1,2,90,90,15,1,110625,AdultMaleAgent(Clone),5,10,1.71,1.58,10.7998,1,True,2,1,0.5
2026-03-06_20.32.00,192,sign-optimization-horizontal-vertical_scenario,616,199,3,-1,2,90,90,15,1,110626,WheelchairAgent(Clone),11,10,1.3,1.17,14.90723,1,True,3,2,0.6666667
2026-03-06_20.32.00,192,sign-optimization-horizontal-vertical_scenario,616,199,3,-1,2,90,90,15,1,110627,WheelchairAgent(Clone),6,12,1.3,1.17,3.054688,1,False,2,1,0.5
2026-03-06_20.32.00,192,sign-optimization-horizontal-vertical_scenario,616,199,3,-1,2,90,90,15,1,110628,AdultMaleAgent(Clone),10,12,1.71,1.58,4.560547,1,False,3,0,0
2026-03-06_20.32.00,192,sign-optimization-horizontal-vertical_scenario,616,199,3,-1,2,90,90,15,1,110629,AdultFemaleAgent(Clone),11,10,1.58,1.450001,10.01367,1,True,3,1,0.3333333
2026-03-06_20.32.00,192,sign-optimization-horizontal-vertical_scenario,616,199,3,-1,2,90,90,15,1,110630,AdultMaleAgent(Clone),11,10,1.71,1.58,13.56152,1,True,3,2,0.6666667
2026-03-06_20.32.00,192,sign-optimization-horizontal-vertical_scenario,616,199,3,-1,2,90,90,15,1,110631,AdultFemaleAgent(Clone),6,12,1.58,1.45,6.416992,1,False,2,1,0.5
2026-03-06_20.32.00,192,sign-optimization-horizontal-vertical_scenario,616,199,3,-1,2,90,90,15,1,110632,AdultMaleAgent(Clone),5,10,1.71,1.58,11.20508,1,True,2,1,0.5
2026-03-06_20.32.00,192,sign-optimization-horizontal-vertical_scenario,616,199,3,-1,2,90,90,15,1,110633,AdultFemaleAgent(Clone),7,11,1.58,1.450001,3.53125,2,True,2,1,0.5
2026-03-06_20.32.00,192,sign-optimization-horizontal-vertical_scenario,616,199,3,-1,2,90,90,15,1,110634,AdultFemaleAgent(Clone),5,10,1.58,1.45,13.99219,1,True,2,1,0.5
2026-03-06_20.32.00,192,sign-optimization-horizontal-vertical_scenario,616,199,3,-1,2,90,90,15,1,110635,AdultFemaleAgent(Clone),5,10,1.58,1.45,9.039063,1,True,2,1,0.5
2026-03-06_20.32.00,192,sign-optimization-horizontal-vertical_scenario,616,199,3,-1,2,90,90,15,1,110636,AdultMaleAgent(Clone),11,10,1.71,1.58,10.96973,1,True,3,2,0.6666667
2026-03-06_20.32.00,192,sign-optimization-horizontal-vertical_scenario,616,199,3,-1,2,90,90,15,1,110637,AdultFemaleAgent(Clone),6,12,1.58,1.45,1.881836,1,False,2,1,0.5
2026-03-06_20.32.00,192,sign-optimization-horizontal-vertical_scenario,616,199,3,-1,2,90,90,15,1,110638,WheelchairAgent(Clone),10,12,1.3,1.17,5.961914,1,False,3,0,0
2026-03-06_20.32.00,192,sign-optimization-horizontal-vertical_scenario,616,199,3,-1,2,90,90,15,1,110639,WheelchairAgent(Clone),11,10,1.3,1.17,14.8291,1,True,3,1,0.3333333
2026-03-06_20.32.00,192,sign-optimization-horizontal-vertical_scenario,616,199,3,-1,2,90,90,15,1,110640,AdultFemaleAgent(Clone),10,12,1.58,1.45,5.916992,1,False,3,0,0
2026-03-06_20.32.00,192,sign-optimization-horizontal-vertical_scenario,616,199,3,-1,2,90,90,15,1,110641,AdultMaleAgent(Clone),5,10,1.71,1.58,12.81934,1,True,2,1,0.5
2026-03-06_20.32.00,192,sign-optimization-horizontal-vertical_scenario,616,199,3,-1,2,90,90,15,1,110642,AdultFemaleAgent(Clone),11,10,1.58,1.450001,10.7168,1,True,3,1,0.3333333
2026-03-06_20.32.00,192,sign-optimization-horizontal-vertical_scenario,616,199,3,-1,2,90,90,15,1,110643,AdultMaleAgent(Clone),10,12,1.71,1.58,4.637695,1,False,3,0,0
2026-03-06_20.32.00,192,sign-optimization-horizontal-vertical_scenario,616,199,3,-1,2,90,90,15,1,110644,WheelchairAgent(Clone),10,12,1.3,1.17,5.330078,1,False,3,0,0
2026-03-06_20.32.00,192,sign-optimization-horizontal-vertical_scenario,616,199,3,-1,2,90,90,15,1,110645,AdultFemaleAgent(Clone),11,10,1.58,1.450001,8.495117,3,True,3,1,0.3333333
2026-03-06_20.32.00,192,sign-optimization-horizontal-vertical_scenario,616,199,3,-1,2,90,90,15,1,110646,AdultMaleAgent(Clone),6,12,1.71,1.58,0,0,False,2,0,0
2026-03-06_20.32.00,192,sign-optimization-horizontal-vertical_scenario,616,199,3,-1,2,90,90,15,1,110647,WheelchairAgent(Clone),7,11,1.3,1.17,4.507813,2,False,2,1,0.5
2026-03-06_20.32.00,192,sign-optimization-horizontal-vertical_scenario,616,199,3,-1,2,90,90,15,1,110648,WheelchairAgent(Clone),7,11,1.3,1.17,0.3505859,1,False,2,0,0
2026-03-06_20.32.00,192,sign-optimization-horizontal-vertical_scenario,616,199,3,-1,2,90,90,15,1,110649,AdultFemaleAgent(Clone),5,10,1.58,1.45,9.904297,1,True,2,1,0.5
2026-03-06_20.32.00,192,sign-optimization-horizontal-vertical_scenario,616,199,3,-1,2,90,90,15,1,110650,WheelchairAgent(Clone),11,10,1.3,1.17,10.8457,1,True,3,2,0.6666667
2026-03-06_20.32.00,192,sign-optimization-horizontal-vertical_scenario,616,199,3,-1,2,90,90,15,1,110651,WheelchairAgent(Clone),6,12,1.3,1.17,0,0,False,2,0,0
2026-03-06_20.32.00,192,sign-optimization-horizontal-vertical_scenario,616,199,3,-1,2,90,90,15,1,110652,AdultMaleAgent(Clone),6,12,1.71,1.58,2.033203,1,False,2,1,0.5
2026-03-06_20.32.00,192,sign-optimization-horizontal-vertical_scenario,616,199,3,-1,2,90,90,15,1,110653,AdultMaleAgent(Clone),6,12,1.71,1.58,4.114258,1,False,2,1,0.5
2026-03-06_20.32.00,192,sign-optimization-horizontal-vertical_scenario,616,199,3,-1,2,90,90,15,1,110654,AdultMaleAgent(Clone),11,10,1.71,1.58,11.57422,2,True,3,2,0.6666667
2026-03-06_20.32.00,192,sign-optimization-horizontal-vertical_scenario,616,199,3,-1,2,90,90,15,1,110655,AdultFemaleAgent(Clone),5,10,1.58,1.45,10.54688,1,True,2,1,0.5
2026-03-06_20.32.00,192,sign-optimization-horizontal-vertical_scenario,616,199,3,-1,2,90,90,15,1,110656,AdultMaleAgent(Clone),6,12,1.71,1.58,6.203125,1,False,2,1,0.5
2026-03-06_20.32.00,192,sign-optimization-horizontal-vertical_scenario,616,199,3,-1,2,90,90,15,1,110657,AdultFemaleAgent(Clone),7,11,1.58,1.450001,0.07910156,2,False,2,1,0.5
2026-03-06_20.32.00,192,sign-optimization-horizontal-vertical_scenario,616,199,3,-1,2,90,90,15,1,110658,AdultMaleAgent(Clone),7,11,1.71,1.58,0.3125,1,False,2,0,0
2026-03-06_20.32.00,192,sign-optimization-horizontal-vertical_scenario,616,199,3,-1,2,90,90,15,1,110659,WheelchairAgent(Clone),5,10,1.3,1.17,10.42676,1,True,2,1,0.5
2026-03-06_20.32.00,192,sign-optimization-horizontal-vertical_scenario,616,199,3,-1,2,90,90,15,1,110660,AdultFemaleAgent(Clone),6,12,1.58,1.45,4.544922,1,False,2,1,0.5
2026-03-06_20.32.00,192,sign-optimization-horizontal-vertical_scenario,616,199,3,-1,2,90,90,15,1,110661,WheelchairAgent(Clone),7,11,1.3,1.17,1.46582,2,False,2,1,0.5
2026-03-06_20.32.00,192,sign-optimization-horizontal-vertical_scenario,616,199,3,-1,2,90,90,15,1,110662,AdultFemaleAgent(Clone),5,10,1.58,1.45,11.66504,1,False,2,1,0.5
2026-03-06_20.32.00,192,sign-optimization-horizontal-vertical_scenario,616,199,3,-1,2,90,90,15,1,110663,AdultFemaleAgent(Clone),5,10,1.58,1.45,12.13672,1,True,2,1,0.5
2026-03-06_20.32.00,192,sign-optimization-horizontal-vertical_scenario,616,199,3,-1,2,90,90,15,1,110664,WheelchairAgent(Clone),5,10,1.3,1.17,13.05371,1,True,2,1,0.5
2026-03-06_20.32.00,192,sign-optimization-horizontal-vertical_scenario,616,199,3,-1,2,90,90,15,1,110665,AdultFemaleAgent(Clone),5,10,1.58,1.45,11.46191,1,True,2,1,0.5
2026-03-06_20.32.00,192,sign-optimization-horizontal-vertical_scenario,616,199,3,-1,2,90,90,15,1,110666,WheelchairAgent(Clone),7,11,1.3,1.17,4.613281,2,False,2,1,0.5
2026-03-06_20.32.00,192,sign-optimization-horizontal-vertical_scenario,616,199,3,-1,2,90,90,15,1,110667,WheelchairAgent(Clone),10,12,1.3,1.17,5.8125,1,False,3,0,0
2026-03-06_20.32.00,192,sign-optimization-horizontal-vertical_scenario,616,199,3,-1,2,90,90,15,1,110668,WheelchairAgent(Clone),7,11,1.3,1.17,1.884766,2,False,2,1,0.5
2026-03-06_20.32.00,192,sign-optimization-horizontal-vertical_scenario,616,199,3,-1,2,90,90,15,1,110669,AdultFemaleAgent(Clone),6,12,1.58,1.45,2.707031,1,False,2,1,0.5
2026-03-06_20.32.00,192,sign-optimization-horizontal-vertical_scenario,616,199,3,-1,2,90,90,15,1,110670,AdultFemaleAgent(Clone),7,11,1.58,1.450001,0.07617188,2,False,2,0,0
2026-03-06_20.32.00,192,sign-optimization-horizontal-vertical_scenario,616,199,3,-1,2,90,90,15,1,110671,AdultFemaleAgent(Clone),7,11,1.58,1.450001,0.2089844,2,False,2,1,0.5
2026-03-06_20.32.00,192,sign-optimization-horizontal-vertical_scenario,616,199,3,-1,2,90,90,15,1,110672,WheelchairAgent(Clone),10,12,1.3,1.17,6.894531,1,False,3,0,0
2026-03-06_20.32.00,192,sign-optimization-horizontal-vertical_scenario,616,199,3,-1,2,90,90,15,1,110673,AdultMaleAgent(Clone),6,12,1.71,1.58,0,0,False,2,0,0
2026-03-06_20.32.00,192,sign-optimization-horizontal-vertical_scenario,616,199,3,-1,2,90,90,15,1,110674,AdultMaleAgent(Clone),5,10,1.71,1.58,13.37109,1,True,2,1,0.5
2026-03-06_20.32.00,192,sign-optimization-horizontal-vertical_scenario,616,199,3,-1,2,90,90,15,1,110675,AdultFemaleAgent(Clone),11,10,1.58,1.450001,11.19238,1,True,3,2,0.6666667
2026-03-06_20.32.00,192,sign-optimization-horizontal-vertical_scenario,616,199,3,-1,2,90,90,15,1,110676,AdultFemaleAgent(Clone),6,12,1.58,1.45,2.472656,1,False,2,1,0.5
2026-03-06_20.32.00,192,sign-optimization-horizontal-vertical_scenario,616,199,3,-1,2,90,90,15,1,110677,AdultMaleAgent(Clone),10,12,1.71,1.58,6.354492,1,False,3,0,0
2026-03-06_20.32.00,192,sign-optimization-horizontal-vertical_scenario,616,199,3,-1,2,90,90,15,1,110678,AdultFemaleAgent(Clone),7,11,1.58,1.450001,0.6103516,2,True,2,1,0.5
2026-03-06_20.32.00,192,sign-optimization-horizontal-vertical_scenario,616,199,3,-1,2,90,90,15,1,110679,AdultMaleAgent(Clone),11,10,1.71,1.58,10.41113,1,True,3,2,0.6666667
2026-03-06_20.32.00,192,sign-optimization-horizontal-vertical_scenario,616,199,3,-1,2,90,90,15,1,110680,AdultFemaleAgent(Clone),7,11,1.58,1.450001,2.0625,2,True,2,1,0.5
2026-03-06_20.32.00,192,sign-optimization-horizontal-vertical_scenario,616,199,3,-1,2,90,90,15,1,110681,AdultFemaleAgent(Clone),7,11,1.58,1.450001,3.932617,2,True,2,1,0.5
2026-03-06_20.32.00,192,sign-optimization-horizontal-vertical_scenario,616,199,3,-1,2,90,90,15,1,110682,WheelchairAgent(Clone),11,10,1.3,1.17,11.56055,1,True,3,2,0.6666667
2026-03-06_20.32.00,192,sign-optimization-horizontal-vertical_scenario,616,199,3,-1,2,90,90,15,1,110683,AdultMaleAgent(Clone),10,12,1.71,1.58,5.405273,1,False,3,0,0
2026-03-06_20.32.00,192,sign-optimization-horizontal-vertical_scenario,616,199,3,-1,2,90,90,15,1,110684,WheelchairAgent(Clone),5,10,1.3,1.17,10.13281,1,True,2,1,0.5
2026-03-06_20.32.00,192,sign-optimization-horizontal-vertical_scenario,616,199,3,-1,2,90,90,15,1,110685,WheelchairAgent(Clone),7,11,1.3,1.17,4.623047,2,False,2,1,0.5
2026-03-06_20.32.00,192,sign-optimization-horizontal-vertical_scenario,616,199,3,-1,2,90,90,15,1,110686,AdultFemaleAgent(Clone),5,10,1.58,1.45,9.996094,1,True,2,1,0.5
2026-03-06_20.32.00,192,sign-optimization-horizontal-vertical_scenario,616,199,3,-1,2,90,90,15,1,110687,AdultFemaleAgent(Clone),6,12,1.58,1.45,0,0,False,2,0,0
2026-03-06_20.32.00,192,sign-optimization-horizontal-vertical_scenario,616,199,3,-1,2,90,90,15,1,110688,AdultFemaleAgent(Clone),6,12,1.58,1.45,0.9277344,1,False,2,0,0
2026-03-06_20.32.00,192,sign-optimization-horizontal-vertical_scenario,616,199,3,-1,2,90,90,15,1,110689,AdultFemaleAgent(Clone),6,12,1.58,1.45,6.104492,1,False,2,1,0.5
2026-03-06_20.32.00,192,sign-optimization-horizontal-vertical_scenario,616,199,3,-1,2,90,90,15,1,110690,AdultMaleAgent(Clone),5,10,1.71,1.58,13.2666,1,True,2,1,0.5
2026-03-06_20.32.00,192,sign-optimization-horizontal-vertical_scenario,616,199,3,-1,2,90,90,15,1,110691,AdultFemaleAgent(Clone),10,12,1.58,1.45,5.144531,1,False,3,0,0
2026-03-06_20.32.00,192,sign-optimization-horizontal-vertical_scenario,616,199,3,-1,2,90,90,15,1,110692,AdultFemaleAgent(Clone),5,10,1.58,1.45,10.0166,1,True,2,1,0.5
2026-03-06_20.32.00,192,sign-optimization-horizontal-vertical_scenario,616,199,3,-1,2,90,90,15,1,110693,AdultFemaleAgent(Clone),5,10,1.58,1.45,11.35645,1,True,2,1,0.5
2026-03-06_20.32.00,192,sign-optimization-horizontal-vertical_scenario,616,199,3,-1,2,90,90,15,1,110694,WheelchairAgent(Clone),11,10,1.3,1.17,10.61719,3,True,3,1,0.3333333
2026-03-06_20.32.00,192,sign-optimization-horizontal-vertical_scenario,616,199,3,-1,2,90,90,15,1,110695,AdultFemaleAgent(Clone),11,10,1.58,1.450001,10.44336,1,True,3,2,0.6666667
2026-03-06_20.32.00,192,sign-optimization-horizontal-vertical_scenario,616,199,3,-1,2,90,90,15,1,110696,AdultFemaleAgent(Clone),11,10,1.58,1.450001,9.662109,1,True,3,2,0.6666667
2026-03-06_20.32.00,192,sign-optimization-horizontal-vertical_scenario,616,199,3,-1,2,90,90,15,1,110697,AdultFemaleAgent(Clone),5,10,1.58,1.45,11.79688,1,True,2,1,0.5
2026-03-06_20.32.00,192,sign-optimization-horizontal-vertical_scenario,616,199,3,-1,2,90,90,15,1,110698,WheelchairAgent(Clone),5,10,1.3,1.17,10.38867,1,True,2,1,0.5
2026-03-06_20.32.00,192,sign-optimization-horizontal-vertical_scenario,616,199,3,-1,2,90,90,15,1,110699,AdultFemaleAgent(Clone),7,11,1.58,1.450001,2.705078,2,True,2,1,0.5
2026-03-06_20.32.00,192,sign-optimization-horizontal-vertical_scenario,616,199,3,-1,2,90,90,15,1,110700,AdultFemaleAgent(Clone),10,12,1.58,1.45,5.020508,1,False,3,0,0
2026-03-06_20.32.00,192,sign-optimization-horizontal-vertical_scenario,616,199,3,-1,2,90,90,15,1,110701,AdultMaleAgent(Clone),5,10,1.71,1.58,12.32129,1,True,2,1,0.5
2026-03-06_20.32.00,192,sign-optimization-horizontal-vertical_scenario,616,199,3,-1,2,90,90,15,1,110702,WheelchairAgent(Clone),6,12,1.3,1.17,0,0,False,2,0,0
2026-03-06_20.32.00,192,sign-optimization-horizontal-vertical_scenario,616,199,3,-1,2,90,90,15,1,110703,AdultFemaleAgent(Clone),10,12,1.58,1.45,5.027344,1,False,3,0,0
2026-03-06_20.32.00,192,sign-optimization-horizontal-vertical_scenario,616,199,3,-1,2,90,90,15,1,110704,AdultMaleAgent(Clone),11,10,1.71,1.58,10.56738,1,True,3,2,0.6666667
2026-03-06_20.32.00,192,sign-optimization-horizontal-vertical_scenario,616,199,3,-1,2,90,90,15,1,110705,AdultFemaleAgent(Clone),11,10,1.58,1.450001,11.23535,1,True,3,2,0.6666667
2026-03-06_20.32.00,192,sign-optimization-horizontal-vertical_scenario,616,199,3,-1,2,90,90,15,1,110706,AdultMaleAgent(Clone),7,11,1.71,1.58,0.6376953,2,False,2,1,0.5
2026-03-06_20.32.00,192,sign-optimization-horizontal-vertical_scenario,616,199,3,-1,2,90,90,15,1,110707,WheelchairAgent(Clone),5,10,1.3,1.17,12.91602,1,False,2,1,0.5
2026-03-06_20.32.00,192,sign-optimization-horizontal-vertical_scenario,616,199,3,-1,2,90,90,15,1,110708,WheelchairAgent(Clone),6,12,1.3,1.17,3.677734,1,False,2,1,0.5
2026-03-06_20.32.00,192,sign-optimization-horizontal-vertical_scenario,616,199,3,-1,2,90,90,15,1,110709,WheelchairAgent(Clone),6,12,1.3,1.17,4.089844,1,False,2,1,0.5
2026-03-06_20.32.00,192,sign-optimization-horizontal-vertical_scenario,616,199,3,-1,2,90,90,15,1,110710,WheelchairAgent(Clone),11,10,1.3,1.17,9.931641,1,True,3,2,0.6666667
2026-03-06_20.32.00,192,sign-optimization-horizontal-vertical_scenario,616,199,3,-1,2,90,90,15,1,110711,AdultMaleAgent(Clone),10,12,1.71,1.58,5.125977,1,False,3,0,0
2026-03-06_20.32.00,192,sign-optimization-horizontal-vertical_scenario,616,199,3,-1,2,90,90,15,1,110712,AdultFemaleAgent(Clone),7,11,1.58,1.450001,2.114258,1,False,2,1,0.5
2026-03-06_20.32.00,192,sign-optimization-horizontal-vertical_scenario,616,199,3,-1,2,90,90,15,1,110713,WheelchairAgent(Clone),5,10,1.3,1.17,13.54785,1,True,2,1,0.5
2026-03-06_20.32.00,192,sign-optimization-horizontal-vertical_scenario,616,199,3,-1,2,90,90,15,1,110714,AdultMaleAgent(Clone),7,11,1.71,1.58,1.321289,2,False,2,1,0.5
2026-03-06_20.32.00,192,sign-optimization-horizontal-vertical_scenario,616,199,3,-1,2,90,90,15,1,110715,WheelchairAgent(Clone),11,10,1.3,1.17,10.23145,1,True,3,1,0.3333333
2026-03-06_20.32.00,192,sign-optimization-horizontal-vertical_scenario,616,199,3,-1,2,90,90,15,1,110716,WheelchairAgent(Clone),6,12,1.3,1.17,5.693359,1,False,2,1,0.5
2026-03-06_20.32.00,192,sign-optimization-horizontal-vertical_scenario,616,199,3,-1,2,90,90,15,1,110717,AdultFemaleAgent(Clone),7,11,1.58,1.450001,3.066406,2,True,2,1,0.5
2026-03-06_20.32.00,192,sign-optimization-horizontal-vertical_scenario,616,199,3,-1,2,90,90,15,1,110718,AdultMaleAgent(Clone),7,11,1.71,1.58,0.3242188,2,True,2,1,0.5
2026-03-06_20.32.00,192,sign-optimization-horizontal-vertical_scenario,616,199,3,-1,2,90,90,15,1,110719,AdultFemaleAgent(Clone),6,12,1.58,1.45,4.967773,1,False,2,1,0.5
2026-03-06_20.32.00,192,sign-optimization-horizontal-vertical_scenario,616,199,3,-1,2,90,90,15,1,110720,WheelchairAgent(Clone),5,10,1.3,1.17,12.33594,1,True,2,1,0.5
2026-03-06_20.32.00,192,sign-optimization-horizontal-vertical_scenario,616,199,3,-1,2,90,90,15,1,110721,AdultFemaleAgent(Clone),11,10,1.58,1.450001,10.53027,1,True,3,2,0.6666667
2026-03-06_20.32.00,192,sign-optimization-horizontal-vertical_scenario,616,199,3,-1,2,90,90,15,1,110722,AdultFemaleAgent(Clone),7,11,1.58,1.450001,3.545898,2,True,2,1,0.5
2026-03-06_20.32.00,192,sign-optimization-horizontal-vertical_scenario,616,199,3,-1,2,90,90,15,1,110723,AdultMaleAgent(Clone),5,10,1.71,1.58,11.16016,1,True,2,1,0.5
2026-03-06_20.32.00,192,sign-optimization-horizontal-vertical_scenario,616,199,3,-1,2,90,90,15,1,110724,AdultFemaleAgent(Clone),7,11,1.58,1.450001,0.08789063,1,False,2,0,0
2026-03-06_20.32.00,192,sign-optimization-horizontal-vertical_scenario,616,199,3,-1,2,90,90,15,1,110725,WheelchairAgent(Clone),5,10,1.3,1.17,13.16992,1,True,2,1,0.5
2026-03-06_20.32.00,192,sign-optimization-horizontal-vertical_scenario,616,199,3,-1,2,90,90,15,1,110726,WheelchairAgent(Clone),11,10,1.3,1.17,9.862305,1,True,3,2,0.6666667
2026-03-06_20.32.00,192,sign-optimization-horizontal-vertical_scenario,616,199,3,-1,2,90,90,15,1,110727,AdultMaleAgent(Clone),10,12,1.71,1.58,5.255859,1,False,3,0,0
2026-03-06_20.32.00,192,sign-optimization-horizontal-vertical_scenario,616,199,3,-1,2,90,90,15,1,110728,WheelchairAgent(Clone),10,12,1.3,1.17,5.167969,1,False,3,0,0
2026-03-06_20.32.00,192,sign-optimization-horizontal-vertical_scenario,616,199,3,-1,2,90,90,15,1,110729,AdultMaleAgent(Clone),11,10,1.71,1.58,10.0625,2,True,3,2,0.6666667
2026-03-06_20.32.00,192,sign-optimization-horizontal-vertical_scenario,616,199,3,-1,2,90,90,15,1,110730,AdultMaleAgent(Clone),5,10,1.71,1.58,11.46973,1,True,2,1,0.5
2026-03-06_20.32.00,192,sign-optimization-horizontal-vertical_scenario,616,199,3,-1,2,90,90,15,1,110731,AdultFemaleAgent(Clone),10,12,1.58,1.45,4.956055,1,False,3,0,0
2026-03-06_20.32.00,192,sign-optimization-horizontal-vertical_scenario,616,199,3,-1,2,90,90,15,1,110732,AdultMaleAgent(Clone),10,12,1.71,1.58,6.739258,1,False,3,0,0
2026-03-06_20.32.00,192,sign-optimization-horizontal-vertical_scenario,616,199,3,-1,2,90,90,15,1,110733,WheelchairAgent(Clone),6,12,1.3,1.17,5.734375,1,False,2,0,0
2026-03-06_20.32.00,192,sign-optimization-horizontal-vertical_scenario,616,199,3,-1,2,90,90,15,1,110734,AdultFemaleAgent(Clone),7,11,1.58,1.450001,4.662109,2,True,2,1,0.5
2026-03-06_20.32.00,192,sign-optimization-horizontal-vertical_scenario,616,199,3,-1,2,90,90,15,1,110735,AdultMaleAgent(Clone),5,10,1.71,1.58,9.544922,1,True,2,1,0.5
2026-03-06_20.32.00,192,sign-optimization-horizontal-vertical_scenario,616,199,3,-1,2,90,90,15,1,110736,WheelchairAgent(Clone),11,10,1.3,1.17,9.547852,1,True,3,2,0.6666667
2026-03-06_20.32.00,192,sign-optimization-horizontal-vertical_scenario,616,199,3,-1,2,90,90,15,1,110737,AdultMaleAgent(Clone),10,12,1.71,1.58,4.878906,1,False,3,0,0
2026-03-06_20.32.00,192,sign-optimization-horizontal-vertical_scenario,616,199,3,-1,2,90,90,15,1,110738,WheelchairAgent(Clone),6,12,1.3,1.17,0,0,False,2,0,0
2026-03-06_20.32.00,192,sign-optimization-horizontal-vertical_scenario,616,199,3,-1,2,90,90,15,1,110739,AdultFemaleAgent(Clone),10,12,1.58,1.45,7.439453,1,False,3,0,0
2026-03-06_20.32.00,192,sign-optimization-horizontal-vertical_scenario,616,199,3,-1,2,90,90,15,1,110740,AdultFemaleAgent(Clone),6,12,1.58,1.45,5.602539,1,False,2,1,0.5
2026-03-06_20.32.00,192,sign-optimization-horizontal-vertical_scenario,616,199,3,-1,2,90,90,15,1,110741,AdultFemaleAgent(Clone),5,10,1.58,1.45,11.03906,1,True,2,1,0.5
2026-03-06_20.32.00,192,sign-optimization-horizontal-vertical_scenario,616,199,3,-1,2,90,90,15,1,110742,WheelchairAgent(Clone),11,10,1.3,1.17,11.25977,1,True,3,2,0.6666667
2026-03-06_20.32.00,192,sign-optimization-horizontal-vertical_scenario,616,199,3,-1,2,90,90,15,1,110743,AdultFemaleAgent(Clone),10,12,1.58,1.45,6.101563,1,False,3,0,0
2026-03-06_20.32.00,192,sign-optimization-horizontal-vertical_scenario,616,199,3,-1,2,90,90,15,1,110744,WheelchairAgent(Clone),10,12,1.3,1.17,7.196289,1,False,3,0,0
2026-03-06_20.32.00,192,sign-optimization-horizontal-vertical_scenario,616,199,3,-1,2,90,90,15,1,110745,WheelchairAgent(Clone),6,12,1.3,1.17,5.164063,1,False,2,1,0.5
2026-03-06_20.32.00,192,sign-optimization-horizontal-vertical_scenario,616,199,3,-1,2,90,90,15,1,110746,WheelchairAgent(Clone),10,12,1.3,1.17,5.699219,1,False,3,0,0
2026-03-06_20.32.00,192,sign-optimization-horizontal-vertical_scenario,616,199,3,-1,2,90,90,15,1,110747,WheelchairAgent(Clone),11,10,1.3,1.17,10.00391,1,True,3,2,0.6666667
2026-03-06_20.32.00,192,sign-optimization-horizontal-vertical_scenario,616,199,3,-1,2,90,90,15,1,110748,AdultMaleAgent(Clone),10,12,1.71,1.58,5.490234,1,False,3,0,0
2026-03-06_20.32.00,192,sign-optimization-horizontal-vertical_scenario,616,199,3,-1,2,90,90,15,1,110749,WheelchairAgent(Clone),5,10,1.3,1.17,8.864258,1,True,2,1,0.5
2026-03-06_20.32.00,192,sign-optimization-horizontal-vertical_scenario,616,199,3,-1,2,90,90,15,1,110750,AdultMaleAgent(Clone),5,10,1.71,1.58,11.39453,1,True,2,1,0.5
2026-03-06_20.32.00,192,sign-optimization-horizontal-vertical_scenario,616,199,3,-1,2,90,90,15,1,110751,AdultFemaleAgent(Clone),7,11,1.58,1.450001,2.101563,2,False,2,1,0.5
2026-03-06_20.32.00,192,sign-optimization-horizontal-vertical_scenario,616,199,3,-1,2,90,90,15,1,110752,AdultFemaleAgent(Clone),6,12,1.58,1.45,2.810547,1,False,2,1,0.5
2026-03-06_20.32.00,192,sign-optimization-horizontal-vertical_scenario,616,199,3,-1,2,90,90,15,1,110753,WheelchairAgent(Clone),7,11,1.3,1.17,3.739258,2,False,2,1,0.5
2026-03-06_20.32.00,192,sign-optimization-horizontal-vertical_scenario,616,199,3,-1,2,90,90,15,1,110754,WheelchairAgent(Clone),10,12,1.3,1.17,5.255859,1,False,3,0,0
2026-03-06_20.32.00,192,sign-optimization-horizontal-vertical_scenario,616,199,3,-1,2,90,90,15,1,110755,AdultMaleAgent(Clone),6,12,1.71,1.58,4.021484,1,False,2,1,0.5
2026-03-06_20.32.00,192,sign-optimization-horizontal-vertical_scenario,616,199,3,-1,2,90,90,15,1,110756,WheelchairAgent(Clone),10,12,1.3,1.17,4.50293,1,False,3,0,0
2026-03-06_20.32.00,192,sign-optimization-horizontal-vertical_scenario,616,199,3,-1,2,90,90,15,1,110757,AdultFemaleAgent(Clone),10,12,1.58,1.45,4.850586,1,False,3,0,0
2026-03-06_20.32.00,192,sign-optimization-horizontal-vertical_scenario,616,199,3,-1,2,90,90,15,1,110758,AdultMaleAgent(Clone),6,12,1.71,1.58,0,0,False,2,0,0
2026-03-06_20.32.00,192,sign-optimization-horizontal-vertical_scenario,616,199,3,-1,2,90,90,15,1,110759,AdultFemaleAgent(Clone),6,12,1.58,1.45,5.56543,1,False,2,1,0.5
2026-03-06_20.32.00,192,sign-optimization-horizontal-vertical_scenario,616,199,3,-1,2,90,90,15,1,110760,AdultMaleAgent(Clone),6,12,1.71,1.58,3.77832,1,False,2,1,0.5
2026-03-06_20.32.00,192,sign-optimization-horizontal-vertical_scenario,616,199,3,-1,2,90,90,15,1,110761,WheelchairAgent(Clone),7,11,1.3,1.17,0.4335938,2,False,2,0,0
2026-03-06_20.32.00,192,sign-optimization-horizontal-vertical_scenario,616,199,3,-1,2,90,90,15,1,110762,WheelchairAgent(Clone),10,12,1.3,1.17,5.926758,1,False,3,0,0
2026-03-06_20.32.00,192,sign-optimization-horizontal-vertical_scenario,616,199,3,-1,2,90,90,15,1,110763,AdultMaleAgent(Clone),7,11,1.71,1.58,3.875977,2,True,2,1,0.5
2026-03-06_20.32.00,192,sign-optimization-horizontal-vertical_scenario,616,199,3,-1,2,90,90,15,1,110764,AdultMaleAgent(Clone),10,12,1.71,1.58,4.666992,1,False,3,0,0
2026-03-06_20.32.00,192,sign-optimization-horizontal-vertical_scenario,616,199,3,-1,2,90,90,15,1,110765,AdultFemaleAgent(Clone),6,12,1.58,1.45,0,0,False,2,0,0
2026-03-06_20.32.00,192,sign-optimization-horizontal-vertical_scenario,616,199,3,-1,2,90,90,15,1,110766,AdultFemaleAgent(Clone),6,12,1.58,1.45,3.34375,1,False,2,1,0.5
2026-03-06_20.32.00,192,sign-optimization-horizontal-vertical_scenario,616,199,3,-1,2,90,90,15,1,110767,AdultFemaleAgent(Clone),10,12,1.58,1.45,9.330078,1,False,3,1,0.3333333
2026-03-06_20.32.00,192,sign-optimization-horizontal-vertical_scenario,616,199,3,-1,2,90,90,15,1,110768,WheelchairAgent(Clone),5,10,1.3,1.17,11.11035,1,True,2,1,0.5
2026-03-06_20.32.00,192,sign-optimization-horizontal-vertical_scenario,616,199,3,-1,2,90,90,15,1,110769,AdultMaleAgent(Clone),6,12,1.71,1.58,5.773438,1,False,2,1,0.5
2026-03-06_20.32.00,192,sign-optimization-horizontal-vertical_scenario,616,199,3,-1,2,90,90,15,1,110770,WheelchairAgent(Clone),7,11,1.3,1.17,2.290039,2,True,2,1,0.5
2026-03-06_20.32.00,192,sign-optimization-horizontal-vertical_scenario,616,199,3,-1,2,90,90,15,1,110771,AdultMaleAgent(Clone),11,10,1.71,1.58,2.738281,1,False,3,1,0.3333333
2026-03-06_20.32.00,192,sign-optimization-horizontal-vertical_scenario,616,199,3,-1,2,90,90,15,1,110772,WheelchairAgent(Clone),11,10,1.3,1.17,11.24805,1,True,3,2,0.6666667
2026-03-06_20.32.00,192,sign-optimization-horizontal-vertical_scenario,616,199,3,-1,2,90,90,15,1,110773,AdultMaleAgent(Clone),5,10,1.71,1.58,12.34082,1,True,2,1,0.5
2026-03-06_20.32.00,192,sign-optimization-horizontal-vertical_scenario,616,199,3,-1,2,90,90,15,1,110774,AdultMaleAgent(Clone),6,12,1.71,1.58,2.15332,1,False,2,1,0.5
2026-03-06_20.32.00,192,sign-optimization-horizontal-vertical_scenario,616,199,3,-1,2,90,90,15,1,110775,AdultMaleAgent(Clone),11,10,1.71,1.58,10.90332,1,True,3,2,0.6666667
2026-03-06_20.32.00,192,sign-optimization-horizontal-vertical_scenario,616,199,3,-1,2,90,90,15,1,110776,AdultFemaleAgent(Clone),10,12,1.58,1.45,4.442383,1,False,3,0,0
2026-03-06_20.32.00,192,sign-optimization-horizontal-vertical_scenario,616,199,3,-1,2,90,90,15,1,110777,AdultMaleAgent(Clone),10,12,1.71,1.58,7.776367,1,False,3,0,0
2026-03-06_20.32.00,192,sign-optimization-horizontal-vertical_scenario,616,199,3,-1,2,90,90,15,1,110778,AdultFemaleAgent(Clone),5,10,1.58,1.45,14.86133,1,True,2,1,0.5
2026-03-06_20.32.00,192,sign-optimization-horizontal-vertical_scenario,616,199,3,-1,2,90,90,15,1,110779,AdultFemaleAgent(Clone),10,12,1.58,1.45,9.728516,1,False,3,0,0
2026-03-06_20.32.00,192,sign-optimization-horizontal-vertical_scenario,616,199,3,-1,2,90,90,15,1,110780,AdultFemaleAgent(Clone),11,10,1.58,1.450001,15.10059,1,True,3,2,0.6666667
2026-03-06_20.32.00,192,sign-optimization-horizontal-vertical_scenario,616,199,3,-1,2,90,90,15,1,110781,AdultMaleAgent(Clone),7,11,1.71,1.58,2.692383,2,True,2,1,0.5
2026-03-06_20.32.00,192,sign-optimization-horizontal-vertical_scenario,616,199,3,-1,2,90,90,15,1,110782,AdultMaleAgent(Clone),5,10,1.71,1.58,9.580078,1,True,2,1,0.5
2026-03-06_20.32.00,192,sign-optimization-horizontal-vertical_scenario,616,199,3,-1,2,90,90,15,1,110783,AdultFemaleAgent(Clone),7,11,1.58,1.450001,1.404297,2,False,2,1,0.5
2026-03-06_20.32.00,192,sign-optimization-horizontal-vertical_scenario,616,199,3,-1,2,90,90,15,1,110784,WheelchairAgent(Clone),7,11,1.3,1.17,6.881836,2,True,2,1,0.5
2026-03-06_20.32.00,192,sign-optimization-horizontal-vertical_scenario,616,199,3,-1,2,90,90,15,1,110785,AdultFemaleAgent(Clone),5,10,1.58,1.45,12.5752,1,True,2,1,0.5
2026-03-06_20.32.00,192,sign-optimization-horizontal-vertical_scenario,616,199,3,-1,2,90,90,15,1,110786,AdultMaleAgent(Clone),11,10,1.71,1.58,10.6748,1,True,3,2,0.6666667
2026-03-06_20.32.00,192,sign-optimization-horizontal-vertical_scenario,616,199,3,-1,2,90,90,15,1,110787,WheelchairAgent(Clone),6,12,1.3,1.17,1.969727,1,False,2,1,0.5
2026-03-06_20.32.00,192,sign-optimization-horizontal-vertical_scenario,616,199,3,-1,2,90,90,15,1,110788,AdultMaleAgent(Clone),10,12,1.71,1.58,4.608398,1,False,3,0,0
2026-03-06_20.32.00,192,sign-optimization-horizontal-vertical_scenario,616,199,3,-1,2,90,90,15,1,110789,WheelchairAgent(Clone),7,11,1.3,1.17,1.236328,2,False,2,1,0.5
2026-03-06_20.32.00,192,sign-optimization-horizontal-vertical_scenario,616,199,3,-1,2,90,90,15,1,110790,AdultFemaleAgent(Clone),5,10,1.58,1.45,11.90918,1,True,2,1,0.5
2026-03-06_20.32.00,192,sign-optimization-horizontal-vertical_scenario,616,199,3,-1,2,90,90,15,1,110791,WheelchairAgent(Clone),11,10,1.3,1.17,8.56543,2,True,3,2,0.6666667
2026-03-06_20.32.00,192,sign-optimization-horizontal-vertical_scenario,616,199,3,-1,2,90,90,15,1,110792,WheelchairAgent(Clone),5,10,1.3,1.17,12.82129,1,True,2,1,0.5
2026-03-06_20.32.00,192,sign-optimization-horizontal-vertical_scenario,616,199,3,-1,2,90,90,15,1,110793,AdultMaleAgent(Clone),5,10,1.71,1.58,9.6875,1,True,2,1,0.5
2026-03-06_20.32.00,192,sign-optimization-horizontal-vertical_scenario,616,199,3,-1,2,90,90,15,1,110794,WheelchairAgent(Clone),6,12,1.3,1.17,3.801758,1,False,2,1,0.5
2026-03-06_20.32.00,192,sign-optimization-horizontal-vertical_scenario,616,199,3,-1,2,90,90,15,1,110795,WheelchairAgent(Clone),7,11,1.3,1.17,3.453125,2,True,2,1,0.5
2026-03-06_20.32.00,192,sign-optimization-horizontal-vertical_scenario,616,199,3,-1,2,90,90,15,1,110796,WheelchairAgent(Clone),7,11,1.3,1.17,0.7265625,1,False,2,0,0
2026-03-06_20.32.00,192,sign-optimization-horizontal-vertical_scenario,616,199,3,-1,2,90,90,15,1,110797,AdultMaleAgent(Clone),5,10,1.71,1.58,10.36621,1,True,2,1,0.5
2026-03-06_20.32.00,192,sign-optimization-horizontal-vertical_scenario,616,199,3,-1,2,90,90,15,1,110798,AdultMaleAgent(Clone),10,12,1.71,1.58,6.038086,1,False,3,0,0
2026-03-06_20.32.00,192,sign-optimization-horizontal-vertical_scenario,616,199,3,-1,2,90,90,15,1,110799,AdultMaleAgent(Clone),10,12,1.71,1.58,4.734375,1,False,3,0,0
2026-03-06_20.32.00,192,sign-optimization-horizontal-vertical_scenario,616,199,3,-1,2,90,90,15,1,110800,WheelchairAgent(Clone),7,11,1.3,1.17,3.830078,2,True,2,1,0.5
2026-03-06_20.32.00,192,sign-optimization-horizontal-vertical_scenario,616,199,3,-1,2,90,90,15,1,110801,AdultMaleAgent(Clone),7,11,1.71,1.58,0.0390625,2,False,2,0,0
2026-03-06_20.32.00,192,sign-optimization-horizontal-vertical_scenario,616,199,3,-1,2,90,90,15,1,110802,AdultMaleAgent(Clone),6,12,1.71,1.58,6.086914,1,False,2,1,0.5
2026-03-06_20.32.00,192,sign-optimization-horizontal-vertical_scenario,616,199,3,-1,2,90,90,15,1,110803,AdultFemaleAgent(Clone),7,11,1.58,1.450001,1.06543,2,True,2,1,0.5
2026-03-06_20.32.00,192,sign-optimization-horizontal-vertical_scenario,616,199,3,-1,2,90,90,15,1,110804,AdultFemaleAgent(Clone),6,12,1.58,1.45,2.472656,1,False,2,1,0.5
2026-03-06_20.32.00,192,sign-optimization-horizontal-vertical_scenario,616,199,3,-1,2,90,90,15,1,110805,AdultMaleAgent(Clone),6,12,1.71,1.58,2.892578,1,False,2,1,0.5
2026-03-06_20.32.00,192,sign-optimization-horizontal-vertical_scenario,616,199,3,-1,2,90,90,15,1,110806,AdultMaleAgent(Clone),7,11,1.71,1.58,6.59375,2,True,2,1,0.5
2026-03-06_20.32.00,192,sign-optimization-horizontal-vertical_scenario,616,199,3,-1,2,90,90,15,1,110807,AdultFemaleAgent(Clone),10,12,1.58,1.45,4.464844,1,False,3,0,0
2026-03-06_20.32.00,192,sign-optimization-horizontal-vertical_scenario,616,199,3,-1,2,90,90,15,1,110808,WheelchairAgent(Clone),5,10,1.3,1.17,12.15137,1,True,2,1,0.5
2026-03-06_20.32.00,192,sign-optimization-horizontal-vertical_scenario,616,199,3,-1,2,90,90,15,1,110809,AdultMaleAgent(Clone),11,10,1.71,1.58,9.676758,1,True,3,2,0.6666667
2026-03-06_20.32.00,192,sign-optimization-horizontal-vertical_scenario,616,199,3,-1,2,90,90,15,1,110810,AdultFemaleAgent(Clone),10,12,1.58,1.45,4.705078,1,False,3,0,0
2026-03-06_20.32.00,192,sign-optimization-horizontal-vertical_scenario,616,199,3,-1,2,90,90,15,1,110811,AdultFemaleAgent(Clone),11,10,1.58,1.450001,10.87793,1,True,3,2,0.6666667
2026-03-06_20.32.00,192,sign-optimization-horizontal-vertical_scenario,616,199,3,-1,2,90,90,15,1,110812,AdultMaleAgent(Clone),5,10,1.71,1.58,14.84766,1,True,2,1,0.5
2026-03-06_20.32.00,192,sign-optimization-horizontal-vertical_scenario,616,199,3,-1,2,90,90,15,1,110813,WheelchairAgent(Clone),7,11,1.3,1.17,0.2705078,2,False,2,1,0.5
2026-03-06_20.32.00,192,sign-optimization-horizontal-vertical_scenario,616,199,3,-1,2,90,90,15,1,110814,WheelchairAgent(Clone),6,12,1.3,1.17,5.095703,1,False,2,1,0.5
2026-03-06_20.32.00,192,sign-optimization-horizontal-vertical_scenario,616,199,3,-1,2,90,90,15,1,110815,WheelchairAgent(Clone),5,10,1.3,1.17,12.97266,1,False,2,1,0.5
2026-03-06_20.32.00,192,sign-optimization-horizontal-vertical_scenario,616,199,3,-1,2,90,90,15,1,110816,AdultFemaleAgent(Clone),11,10,1.58,1.450001,9.219727,2,True,3,2,0.6666667
2026-03-06_20.32.00,192,sign-optimization-horizontal-vertical_scenario,616,199,3,-1,2,90,90,15,1,110817,AdultFemaleAgent(Clone),5,10,1.58,1.45,9.286133,1,True,2,1,0.5
2026-03-06_20.32.00,192,sign-optimization-horizontal-vertical_scenario,616,199,3,-1,2,90,90,15,1,110818,WheelchairAgent(Clone),10,12,1.3,1.17,9.264648,1,False,3,0,0
2026-03-06_20.32.00,192,sign-optimization-horizontal-vertical_scenario,616,199,3,-1,2,90,90,15,1,110819,AdultMaleAgent(Clone),10,12,1.71,1.58,5.59082,1,False,3,0,0
2026-03-06_20.32.00,192,sign-optimization-horizontal-vertical_scenario,616,199,3,-1,2,90,90,15,1,110820,WheelchairAgent(Clone),5,10,1.3,1.17,12.59375,1,True,2,1,0.5
2026-03-06_20.32.00,192,sign-optimization-horizontal-vertical_scenario,616,199,3,-1,2,90,90,15,1,110821,AdultMaleAgent(Clone),6,12,1.71,1.58,0.4091797,1,False,2,0,0
2026-03-06_20.32.00,192,sign-optimization-horizontal-vertical_scenario,616,199,3,-1,2,90,90,15,1,110822,AdultMaleAgent(Clone),5,10,1.71,1.58,14.54297,1,True,2,1,0.5
2026-03-06_20.32.00,192,sign-optimization-horizontal-vertical_scenario,616,199,3,-1,2,90,90,15,1,110823,AdultMaleAgent(Clone),6,12,1.71,1.58,6.070313,1,False,2,1,0.5
2026-03-06_20.32.00,192,sign-optimization-horizontal-vertical_scenario,616,199,3,-1,2,90,90,15,1,110824,AdultMaleAgent(Clone),7,11,1.71,1.58,1.767578,2,True,2,1,0.5
2026-03-06_20.32.00,192,sign-optimization-horizontal-vertical_scenario,616,199,3,-1,2,90,90,15,1,110825,WheelchairAgent(Clone),7,11,1.3,1.17,1.547852,1,False,2,1,0.5
2026-03-06_20.32.00,192,sign-optimization-horizontal-vertical_scenario,616,199,3,-1,2,90,90,15,1,110826,AdultFemaleAgent(Clone),5,10,1.58,1.45,10.92285,1,True,2,1,0.5
2026-03-06_20.32.00,192,sign-optimization-horizontal-vertical_scenario,616,199,3,-1,2,90,90,15,1,110827,AdultFemaleAgent(Clone),7,11,1.58,1.450001,0.6347656,1,False,2,0,0
2026-03-06_20.32.00,192,sign-optimization-horizontal-vertical_scenario,616,199,3,-1,2,90,90,15,1,110828,WheelchairAgent(Clone),11,10,1.3,1.17,10.8584,1,True,3,2,0.6666667
2026-03-06_20.32.00,192,sign-optimization-horizontal-vertical_scenario,616,199,3,-1,2,90,90,15,1,110829,AdultMaleAgent(Clone),6,12,1.71,1.58,3.391602,1,False,2,1,0.5
2026-03-06_20.32.00,192,sign-optimization-horizontal-vertical_scenario,616,199,3,-1,2,90,90,15,1,110830,AdultMaleAgent(Clone),5,10,1.71,1.58,12.93945,1,True,2,1,0.5
2026-03-06_20.32.00,192,sign-optimization-horizontal-vertical_scenario,616,199,3,-1,2,90,90,15,1,110831,WheelchairAgent(Clone),7,11,1.3,1.17,1.236328,1,False,2,0,0
2026-03-06_20.32.00,192,sign-optimization-horizontal-vertical_scenario,616,199,3,-1,2,90,90,15,1,110832,AdultFemaleAgent(Clone),7,11,1.58,1.450001,2.797852,2,True,2,1,0.5
2026-03-06_20.32.00,192,sign-optimization-horizontal-vertical_scenario,616,199,3,-1,2,90,90,15,1,110833,AdultMaleAgent(Clone),11,10,1.71,1.58,8.887695,2,True,3,2,0.6666667
2026-03-06_20.32.00,192,sign-optimization-horizontal-vertical_scenario,616,199,3,-1,2,90,90,15,1,110834,WheelchairAgent(Clone),7,11,1.3,1.17,1.874023,2,False,2,1,0.5
2026-03-06_20.32.00,192,sign-optimization-horizontal-vertical_scenario,616,199,3,-1,2,90,90,15,1,110835,WheelchairAgent(Clone),10,12,1.3,1.17,4.993164,1,False,3,0,0
2026-03-06_20.32.00,192,sign-optimization-horizontal-vertical_scenario,616,199,3,-1,2,90,90,15,1,110836,AdultFemaleAgent(Clone),11,10,1.58,1.450001,10.56641,2,True,3,2,0.6666667
2026-03-06_20.32.00,192,sign-optimization-horizontal-vertical_scenario,616,199,3,-1,2,90,90,15,1,110837,AdultFemaleAgent(Clone),6,12,1.58,1.45,5.163086,1,False,2,1,0.5
2026-03-06_20.32.00,192,sign-optimization-horizontal-vertical_scenario,616,199,3,-1,2,90,90,15,1,110838,AdultFemaleAgent(Clone),5,10,1.58,1.45,11.7207,1,True,2,1,0.5
2026-03-06_20.32.00,192,sign-optimization-horizontal-vertical_scenario,616,199,3,-1,2,90,90,15,1,110839,AdultMaleAgent(Clone),5,10,1.71,1.58,13.73926,1,True,2,1,0.5
2026-03-06_20.32.00,192,sign-optimization-horizontal-vertical_scenario,616,199,3,-1,2,90,90,15,1,110840,AdultMaleAgent(Clone),7,11,1.71,1.58,4.543945,2,True,2,1,0.5
2026-03-06_20.32.00,192,sign-optimization-horizontal-vertical_scenario,616,199,3,-1,2,90,90,15,1,110841,AdultMaleAgent(Clone),5,10,1.71,1.58,11.38086,1,True,2,1,0.5
2026-03-06_20.32.00,192,sign-optimization-horizontal-vertical_scenario,616,199,3,-1,2,90,90,15,1,110842,AdultMaleAgent(Clone),11,10,1.71,1.58,10.36621,1,True,3,2,0.6666667
2026-03-06_20.32.00,192,sign-optimization-horizontal-vertical_scenario,616,199,3,-1,2,90,90,15,1,110843,AdultFemaleAgent(Clone),10,12,1.58,1.45,6.50293,1,False,3,0,0
2026-03-06_20.32.00,192,sign-optimization-horizontal-vertical_scenario,616,199,3,-1,2,90,90,15,1,110844,AdultFemaleAgent(Clone),10,12,1.58,1.45,5.629883,1,False,3,0,0
2026-03-06_20.32.00,192,sign-optimization-horizontal-vertical_scenario,616,199,3,-1,2,90,90,15,1,110845,AdultFemaleAgent(Clone),10,12,1.58,1.45,5.083984,1,False,3,0,0
2026-03-06_20.32.00,192,sign-optimization-horizontal-vertical_scenario,616,199,3,-1,2,90,90,15,1,110846,AdultMaleAgent(Clone),7,11,1.71,1.58,0.03320313,1,False,2,0,0
2026-03-06_20.32.00,192,sign-optimization-horizontal-vertical_scenario,616,199,3,-1,2,90,90,15,1,110847,AdultFemaleAgent(Clone),6,12,1.58,1.45,0,0,False,2,0,0
2026-03-06_20.32.00,192,sign-optimization-horizontal-vertical_scenario,616,199,3,-1,2,90,90,15,1,110848,AdultFemaleAgent(Clone),6,12,1.58,1.45,3.108398,1,False,2,1,0.5
2026-03-06_20.32.00,192,sign-optimization-horizontal-vertical_scenario,616,199,3,-1,2,90,90,15,1,110849,AdultFemaleAgent(Clone),11,10,1.58,1.450001,10.5332,1,True,3,2,0.6666667
2026-03-06_20.32.00,192,sign-optimization-horizontal-vertical_scenario,616,199,3,-1,2,90,90,15,1,110850,AdultFemaleAgent(Clone),10,12,1.58,1.45,6.342773,1,False,3,0,0
2026-03-06_20.32.00,192,sign-optimization-horizontal-vertical_scenario,616,199,3,-1,2,90,90,15,1,110851,WheelchairAgent(Clone),11,10,1.3,1.17,0.5976563,1,True,3,1,0.3333333
2026-03-06_20.32.00,192,sign-optimization-horizontal-vertical_scenario,616,199,3,-1,2,90,90,15,1,110852,WheelchairAgent(Clone),7,11,1.3,1.17,0.5380859,2,False,2,1,0.5
2026-03-06_20.32.00,192,sign-optimization-horizontal-vertical_scenario,616,199,3,-1,2,90,90,15,1,110853,AdultMaleAgent(Clone),6,12,1.71,1.58,4.067383,1,False,2,1,0.5
2026-03-06_20.32.00,192,sign-optimization-horizontal-vertical_scenario,616,199,3,-1,2,90,90,15,1,110854,AdultMaleAgent(Clone),7,11,1.71,1.58,2.053711,2,False,2,1,0.5
2026-03-06_20.32.00,192,sign-optimization-horizontal-vertical_scenario,616,199,3,-1,2,90,90,15,1,110855,AdultMaleAgent(Clone),7,11,1.71,1.58,4.599609,2,True,2,1,0.5
2026-03-06_20.32.00,192,sign-optimization-horizontal-vertical_scenario,616,199,3,-1,2,90,90,15,1,110856,AdultMaleAgent(Clone),5,10,1.71,1.58,11.91602,1,True,2,1,0.5
2026-03-06_20.32.00,192,sign-optimization-horizontal-vertical_scenario,616,199,3,-1,2,90,90,15,1,110857,WheelchairAgent(Clone),7,11,1.3,1.17,0.6425781,2,False,2,0,0
2026-03-06_20.32.00,192,sign-optimization-horizontal-vertical_scenario,616,199,3,-1,2,90,90,15,1,110858,WheelchairAgent(Clone),11,10,1.3,1.17,10.21289,1,True,3,2,0.6666667
2026-03-06_20.32.00,192,sign-optimization-horizontal-vertical_scenario,616,199,3,-1,2,90,90,15,1,110859,AdultMaleAgent(Clone),11,10,1.71,1.58,12.89648,1,True,3,2,0.6666667
2026-03-06_20.32.00,192,sign-optimization-horizontal-vertical_scenario,616,199,3,-1,2,90,90,15,1,110860,AdultFemaleAgent(Clone),7,11,1.58,1.450001,1.699219,2,False,2,1,0.5
2026-03-06_20.32.00,192,sign-optimization-horizontal-vertical_scenario,616,199,3,-1,2,90,90,15,1,110861,AdultMaleAgent(Clone),11,10,1.71,1.58,5.882813,1,False,3,2,0.6666667
2026-03-06_20.32.00,192,sign-optimization-horizontal-vertical_scenario,616,199,3,-1,2,90,90,15,1,110862,AdultFemaleAgent(Clone),10,12,1.58,1.45,4.695313,1,False,3,0,0
2026-03-06_20.32.00,192,sign-optimization-horizontal-vertical_scenario,616,199,3,-1,2,90,90,15,1,110863,AdultMaleAgent(Clone),11,10,1.71,1.58,9.820313,2,True,3,1,0.3333333
2026-03-06_20.32.00,192,sign-optimization-horizontal-vertical_scenario,616,199,3,-1,2,90,90,15,1,110864,WheelchairAgent(Clone),11,10,1.3,1.17,0.6943359,1,False,3,1,0.3333333
2026-03-06_20.32.00,192,sign-optimization-horizontal-vertical_scenario,616,199,3,-1,2,90,90,15,1,110865,AdultFemaleAgent(Clone),11,10,1.58,1.450001,9.676758,2,True,3,1,0.3333333
2026-03-06_20.32.00,192,sign-optimization-horizontal-vertical_scenario,616,199,3,-1,2,90,90,15,1,110866,AdultFemaleAgent(Clone),6,12,1.58,1.45,7.634766,1,True,2,1,0.5
2026-03-06_20.32.00,192,sign-optimization-horizontal-vertical_scenario,616,199,3,-1,2,90,90,15,1,110867,AdultFemaleAgent(Clone),5,10,1.58,1.45,12.96191,1,True,2,1,0.5
2026-03-06_20.32.00,192,sign-optimization-horizontal-vertical_scenario,616,199,3,-1,2,90,90,15,1,110868,AdultFemaleAgent(Clone),5,10,1.58,1.45,15.28613,1,True,2,1,0.5
2026-03-06_20.32.00,192,sign-optimization-horizontal-vertical_scenario,616,199,3,-1,2,90,90,15,1,110869,AdultFemaleAgent(Clone),7,11,1.58,1.450001,3.143555,1,True,2,1,0.5
2026-03-06_20.32.00,192,sign-optimization-horizontal-vertical_scenario,616,199,3,-1,2,90,90,15,1,110870,AdultFemaleAgent(Clone),11,10,1.58,1.450001,3.706055,1,False,3,0,0
2026-03-06_20.32.00,192,sign-optimization-horizontal-vertical_scenario,616,199,3,-1,2,90,90,15,1,110871,WheelchairAgent(Clone),10,12,1.3,1.17,11.20703,1,False,3,0,0
2026-03-06_20.32.00,192,sign-optimization-horizontal-vertical_scenario,616,199,3,-1,2,90,90,15,1,110872,AdultFemaleAgent(Clone),5,10,1.58,1.45,10.0127,1,True,2,1,0.5
2026-03-06_20.32.00,192,sign-optimization-horizontal-vertical_scenario,616,199,3,-1,2,90,90,15,1,110873,WheelchairAgent(Clone),6,12,1.3,1.17,4.499023,1,False,2,1,0.5
2026-03-06_20.32.00,192,sign-optimization-horizontal-vertical_scenario,616,199,3,-1,2,90,90,15,1,110874,AdultMaleAgent(Clone),11,10,1.71,1.58,3.708008,1,False,3,1,0.3333333
2026-03-06_20.32.00,192,sign-optimization-horizontal-vertical_scenario,616,199,3,-1,2,90,90,15,1,110875,AdultFemaleAgent(Clone),10,12,1.58,1.45,6.885742,1,False,3,0,0
2026-03-06_20.32.00,192,sign-optimization-horizontal-vertical_scenario,616,199,3,-1,2,90,90,15,1,110876,WheelchairAgent(Clone),5,10,1.3,1.17,14.59961,1,False,2,1,0.5
2026-03-06_20.32.00,192,sign-optimization-horizontal-vertical_scenario,616,199,3,-1,2,90,90,15,1,110877,AdultMaleAgent(Clone),5,10,1.71,1.58,12.41699,1,True,2,1,0.5
2026-03-06_20.32.00,192,sign-optimization-horizontal-vertical_scenario,616,199,3,-1,2,90,90,15,1,110878,WheelchairAgent(Clone),6,12,1.3,1.17,2.029297,1,False,2,1,0.5
2026-03-06_20.32.00,192,sign-optimization-horizontal-vertical_scenario,616,199,3,-1,2,90,90,15,1,110879,AdultFemaleAgent(Clone),11,10,1.58,1.450001,8.755859,2,True,3,2,0.6666667
2026-03-06_20.32.00,192,sign-optimization-horizontal-vertical_scenario,616,199,3,-1,2,90,90,15,1,110880,WheelchairAgent(Clone),10,12,1.3,1.17,6.442383,1,False,3,0,0
2026-03-06_20.32.00,192,sign-optimization-horizontal-vertical_scenario,616,199,3,-1,2,90,90,15,1,110881,WheelchairAgent(Clone),5,10,1.3,1.17,12.5,1,True,2,1,0.5
2026-03-06_20.32.00,192,sign-optimization-horizontal-vertical_scenario,616,199,3,-1,2,90,90,15,1,110882,AdultMaleAgent(Clone),10,12,1.71,1.58,5.68457,1,False,3,0,0
2026-03-06_20.32.00,192,sign-optimization-horizontal-vertical_scenario,616,199,3,-1,2,90,90,15,1,110883,AdultFemaleAgent(Clone),7,11,1.58,1.450001,2.487305,2,False,2,1,0.5
2026-03-06_20.32.00,192,sign-optimization-horizontal-vertical_scenario,616,199,3,-1,2,90,90,15,1,110884,AdultFemaleAgent(Clone),7,11,1.58,1.450001,2.662109,2,False,2,1,0.5
2026-03-06_20.32.00,192,sign-optimization-horizontal-vertical_scenario,616,199,3,-1,2,90,90,15,1,110885,WheelchairAgent(Clone),6,12,1.3,1.17,4.410156,1,False,2,1,0.5
2026-03-06_20.32.00,192,sign-optimization-horizontal-vertical_scenario,616,199,3,-1,2,90,90,15,1,110886,AdultFemaleAgent(Clone),7,11,1.58,1.450001,5.003906,1,True,2,1,0.5
2026-03-06_20.32.00,192,sign-optimization-horizontal-vertical_scenario,616,199,3,-1,2,90,90,15,1,110887,AdultMaleAgent(Clone),10,12,1.71,1.58,4.824219,1,False,3,0,0
2026-03-06_20.32.00,192,sign-optimization-horizontal-vertical_scenario,616,199,3,-1,2,90,90,15,1,110888,WheelchairAgent(Clone),7,11,1.3,1.17,5.043945,1,True,2,1,0.5
2026-03-06_20.32.00,192,sign-optimization-horizontal-vertical_scenario,616,199,3,-1,2,90,90,15,1,110889,WheelchairAgent(Clone),6,12,1.3,1.17,4.283203,1,False,2,1,0.5
2026-03-06_20.32.00,192,sign-optimization-horizontal-vertical_scenario,616,199,3,-1,2,90,90,15,1,110890,AdultMaleAgent(Clone),6,12,1.71,1.58,0,0,False,2,0,0
2026-03-06_20.32.00,192,sign-optimization-horizontal-vertical_scenario,616,199,3,-1,2,90,90,15,1,110891,AdultMaleAgent(Clone),6,12,1.71,1.58,0.71875,1,False,2,0,0
2026-03-06_20.32.00,192,sign-optimization-horizontal-vertical_scenario,616,199,3,-1,2,90,90,15,1,110892,WheelchairAgent(Clone),7,11,1.3,1.17,0.4130859,2,False,2,1,0.5
2026-03-06_20.32.00,192,sign-optimization-horizontal-vertical_scenario,616,199,3,-1,2,90,90,15,1,110893,AdultFemaleAgent(Clone),10,12,1.58,1.45,5.09375,1,False,3,0,0
2026-03-06_20.32.00,192,sign-optimization-horizontal-vertical_scenario,616,199,3,-1,2,90,90,15,1,110894,AdultMaleAgent(Clone),10,12,1.71,1.58,5.777344,1,False,3,0,0
2026-03-06_20.32.00,192,sign-optimization-horizontal-vertical_scenario,616,199,3,-1,2,90,90,15,1,110895,AdultMaleAgent(Clone),6,12,1.71,1.58,1.950195,1,False,2,1,0.5
2026-03-06_20.32.00,192,sign-optimization-horizontal-vertical_scenario,616,199,3,-1,2,90,90,15,1,110896,AdultMaleAgent(Clone),11,10,1.71,1.58,1.823242,1,True,3,2,0.6666667
2026-03-06_20.32.00,192,sign-optimization-horizontal-vertical_scenario,616,199,3,-1,2,90,90,15,1,110897,AdultMaleAgent(Clone),11,10,1.71,1.58,12.61914,1,True,3,2,0.6666667
2026-03-06_20.32.00,192,sign-optimization-horizontal-vertical_scenario,616,199,3,-1,2,90,90,15,1,110898,AdultMaleAgent(Clone),5,10,1.71,1.58,12.56641,1,True,2,1,0.5
2026-03-06_20.32.00,192,sign-optimization-horizontal-vertical_scenario,616,199,3,-1,2,90,90,15,1,110899,WheelchairAgent(Clone),7,11,1.3,1.17,2.463867,1,False,2,1,0.5
2026-03-06_20.32.00,192,sign-optimization-horizontal-vertical_scenario,616,199,3,-1,2,90,90,15,1,110900,AdultFemaleAgent(Clone),5,10,1.58,1.45,10.72168,1,True,2,1,0.5
2026-03-06_20.32.00,192,sign-optimization-horizontal-vertical_scenario,616,199,3,-1,2,90,90,15,1,110901,AdultFemaleAgent(Clone),7,11,1.58,1.450001,6.384766,1,True,2,1,0.5
2026-03-06_20.32.00,192,sign-optimization-horizontal-vertical_scenario,616,199,3,-1,2,90,90,15,1,110902,WheelchairAgent(Clone),6,12,1.3,1.17,0,0,False,2,0,0
2026-03-06_20.32.00,192,sign-optimization-horizontal-vertical_scenario,616,199,3,-1,2,90,90,15,1,110903,AdultMaleAgent(Clone),11,10,1.71,1.58,1.970703,1,True,3,2,0.6666667
2026-03-06_20.32.00,192,sign-optimization-horizontal-vertical_scenario,616,199,3,-1,2,90,90,15,1,110904,AdultFemaleAgent(Clone),5,10,1.58,1.45,13.38574,1,True,2,1,0.5
2026-03-06_20.32.00,192,sign-optimization-horizontal-vertical_scenario,616,199,3,-1,2,90,90,15,1,110905,AdultFemaleAgent(Clone),5,10,1.58,1.45,14.1709,1,True,2,1,0.5
2026-03-06_20.32.00,192,sign-optimization-horizontal-vertical_scenario,616,199,3,-1,2,90,90,15,1,110906,AdultMaleAgent(Clone),10,12,1.71,1.58,5.070313,1,False,3,0,0
2026-03-06_20.32.00,192,sign-optimization-horizontal-vertical_scenario,616,199,3,-1,2,90,90,15,1,110907,AdultMaleAgent(Clone),6,12,1.71,1.58,2.950195,1,False,2,1,0.5
2026-03-06_20.32.00,192,sign-optimization-horizontal-vertical_scenario,616,199,3,-1,2,90,90,15,1,110908,AdultMaleAgent(Clone),7,11,1.71,1.58,3.348633,1,True,2,1,0.5
2026-03-06_20.32.00,192,sign-optimization-horizontal-vertical_scenario,616,199,3,-1,2,90,90,15,1,110909,WheelchairAgent(Clone),7,11,1.3,1.17,1.676758,1,False,2,0,0
2026-03-06_20.32.00,192,sign-optimization-horizontal-vertical_scenario,616,199,3,-1,2,90,90,15,1,110910,AdultFemaleAgent(Clone),5,10,1.58,1.45,10.81348,1,True,2,1,0.5
2026-03-06_20.32.00,192,sign-optimization-horizontal-vertical_scenario,616,199,3,-1,2,90,90,15,1,110911,WheelchairAgent(Clone),10,12,1.3,1.17,6.342773,1,False,3,0,0
2026-03-06_20.32.00,192,sign-optimization-horizontal-vertical_scenario,616,199,3,-1,2,90,90,15,1,110912,WheelchairAgent(Clone),11,10,1.3,1.17,10.8252,2,True,3,2,0.6666667
2026-03-06_20.32.00,192,sign-optimization-horizontal-vertical_scenario,616,199,3,-1,2,90,90,15,1,110913,WheelchairAgent(Clone),10,12,1.3,1.17,5.674805,1,False,3,0,0
2026-03-06_20.32.00,192,sign-optimization-horizontal-vertical_scenario,616,199,3,-1,2,90,90,15,1,110914,AdultFemaleAgent(Clone),5,10,1.58,1.45,11.12207,1,True,2,1,0.5
2026-03-06_20.32.00,192,sign-optimization-horizontal-vertical_scenario,616,199,3,-1,2,90,90,15,1,110915,WheelchairAgent(Clone),10,12,1.3,1.17,5.576172,1,False,3,0,0
2026-03-06_20.32.00,192,sign-optimization-horizontal-vertical_scenario,616,199,3,-1,2,90,90,15,1,110916,AdultFemaleAgent(Clone),6,12,1.58,1.45,6.401367,1,False,2,1,0.5
2026-03-06_20.32.00,192,sign-optimization-horizontal-vertical_scenario,616,199,3,-1,2,90,90,15,1,110917,AdultFemaleAgent(Clone),5,10,1.58,1.45,9.137695,1,True,2,1,0.5
2026-03-06_20.32.00,192,sign-optimization-horizontal-vertical_scenario,616,199,3,-1,2,90,90,15,1,110918,AdultFemaleAgent(Clone),5,10,1.58,1.45,0,0,True,2,1,0.5
2026-03-06_20.32.00,192,sign-optimization-horizontal-vertical_scenario,616,199,3,-1,2,90,90,15,1,110919,WheelchairAgent(Clone),7,11,1.3,1.17,2.255859,1,False,2,0,0
2026-03-06_20.32.00,192,sign-optimization-horizontal-vertical_scenario,616,199,3,-1,2,90,90,15,1,110920,WheelchairAgent(Clone),5,10,1.3,1.17,9.205078,1,True,2,1,0.5
2026-03-06_20.32.00,192,sign-optimization-horizontal-vertical_scenario,616,199,3,-1,2,90,90,15,1,110921,WheelchairAgent(Clone),11,10,1.3,1.17,12.03418,1,True,3,2,0.6666667
2026-03-06_20.32.00,192,sign-optimization-horizontal-vertical_scenario,616,199,3,-1,2,90,90,15,1,110922,AdultMaleAgent(Clone),5,10,1.71,1.58,12.39258,1,True,2,1,0.5
2026-03-06_20.32.00,192,sign-optimization-horizontal-vertical_scenario,616,199,3,-1,2,90,90,15,1,110923,AdultFemaleAgent(Clone),10,12,1.58,1.45,0,0,False,3,0,0
2026-03-06_20.32.00,192,sign-optimization-horizontal-vertical_scenario,616,199,3,-1,2,90,90,15,1,110924,WheelchairAgent(Clone),11,10,1.3,1.17,8.775391,2,True,3,2,0.6666667
2026-03-06_20.32.00,192,sign-optimization-horizontal-vertical_scenario,616,199,3,-1,2,90,90,15,1,110925,AdultFemaleAgent(Clone),11,10,1.58,1.450001,11.98438,1,True,3,2,0.6666667
2026-03-06_20.32.00,192,sign-optimization-horizontal-vertical_scenario,616,199,3,-1,2,90,90,15,1,110926,AdultFemaleAgent(Clone),5,10,1.58,1.45,0,0,True,2,1,0.5
2026-03-06_20.32.00,192,sign-optimization-horizontal-vertical_scenario,616,199,3,-1,2,90,90,15,1,110927,AdultMaleAgent(Clone),10,12,1.71,1.58,4.712891,1,False,3,0,0
2026-03-06_20.32.00,192,sign-optimization-horizontal-vertical_scenario,616,199,3,-1,2,90,90,15,1,110928,WheelchairAgent(Clone),11,10,1.3,1.17,8.553711,2,False,3,1,0.3333333
2026-03-06_20.32.00,192,sign-optimization-horizontal-vertical_scenario,616,199,3,-1,2,90,90,15,1,110929,AdultMaleAgent(Clone),6,12,1.71,1.58,3.453125,1,False,2,1,0.5
2026-03-06_20.32.00,192,sign-optimization-horizontal-vertical_scenario,616,199,3,-1,2,90,90,15,1,110930,WheelchairAgent(Clone),7,11,1.3,1.17,0.07226563,1,False,2,0,0
2026-03-06_20.32.00,192,sign-optimization-horizontal-vertical_scenario,616,199,3,-1,2,90,90,15,1,110931,WheelchairAgent(Clone),7,11,1.3,1.17,3.104492,1,False,2,1,0.5
2026-03-06_20.32.00,192,sign-optimization-horizontal-vertical_scenario,616,199,3,-1,2,90,90,15,1,110932,AdultFemaleAgent(Clone),5,10,1.58,1.45,10.70898,1,True,2,1,0.5
2026-03-06_20.32.00,192,sign-optimization-horizontal-vertical_scenario,616,199,3,-1,2,90,90,15,1,110933,AdultFemaleAgent(Clone),7,11,1.58,1.450001,1.5625,1,False,2,1,0.5
2026-03-06_20.32.00,192,sign-optimization-horizontal-vertical_scenario,616,199,3,-1,2,90,90,15,1,110934,WheelchairAgent(Clone),6,12,1.3,1.17,5.662109,1,False,2,1,0.5
2026-03-06_20.32.00,192,sign-optimization-horizontal-vertical_scenario,616,199,3,-1,2,90,90,15,1,110935,WheelchairAgent(Clone),7,11,1.3,1.17,2.620117,1,False,2,1,0.5
2026-03-06_20.32.00,192,sign-optimization-horizontal-vertical_scenario,616,199,3,-1,2,90,90,15,1,110936,AdultMaleAgent(Clone),11,10,1.71,1.58,1.969727,1,False,3,1,0.3333333
2026-03-06_20.32.00,192,sign-optimization-horizontal-vertical_scenario,616,199,3,-1,2,90,90,15,1,110937,AdultMaleAgent(Clone),10,12,1.71,1.58,5.12207,1,False,3,0,0
2026-03-06_20.32.00,192,sign-optimization-horizontal-vertical_scenario,616,199,3,-1,2,90,90,15,1,110938,AdultMaleAgent(Clone),6,12,1.71,1.58,2.972656,1,False,2,1,0.5
2026-03-06_20.32.00,192,sign-optimization-horizontal-vertical_scenario,616,199,3,-1,2,90,90,15,1,110939,AdultFemaleAgent(Clone),6,12,1.58,1.45,0,0,False,2,0,0
2026-03-06_20.32.00,192,sign-optimization-horizontal-vertical_scenario,616,199,3,-1,2,90,90,15,1,110940,AdultFemaleAgent(Clone),6,12,1.58,1.45,6.120117,1,False,2,1,0.5
2026-03-06_20.32.00,192,sign-optimization-horizontal-vertical_scenario,616,199,3,-1,2,90,90,15,1,110941,WheelchairAgent(Clone),11,10,1.3,1.17,12.31641,1,True,3,2,0.6666667
2026-03-06_20.32.00,192,sign-optimization-horizontal-vertical_scenario,616,199,3,-1,2,90,90,15,1,110942,WheelchairAgent(Clone),6,12,1.3,1.17,5.130859,1,False,2,0,0
2026-03-06_20.32.00,192,sign-optimization-horizontal-vertical_scenario,616,199,3,-1,2,90,90,15,1,110943,AdultFemaleAgent(Clone),7,11,1.58,1.450001,2.77832,1,True,2,1,0.5
2026-03-06_20.32.00,192,sign-optimization-horizontal-vertical_scenario,616,199,3,-1,2,90,90,15,1,110944,AdultMaleAgent(Clone),10,12,1.71,1.58,5.863281,1,False,3,0,0
2026-03-06_20.32.00,192,sign-optimization-horizontal-vertical_scenario,616,199,3,-1,2,90,90,15,1,110945,AdultFemaleAgent(Clone),5,10,1.58,1.45,0,0,True,2,1,0.5
2026-03-06_20.32.00,192,sign-optimization-horizontal-vertical_scenario,616,199,3,-1,2,90,90,15,1,110946,WheelchairAgent(Clone),11,10,1.3,1.17,12.3584,1,True,3,2,0.6666667
2026-03-06_20.32.00,192,sign-optimization-horizontal-vertical_scenario,616,199,3,-1,2,90,90,15,1,110947,AdultFemaleAgent(Clone),5,10,1.58,1.45,9.712891,1,True,2,1,0.5
2026-03-06_20.32.00,192,sign-optimization-horizontal-vertical_scenario,616,199,3,-1,2,90,90,15,1,110948,WheelchairAgent(Clone),7,11,1.3,1.17,5.478516,1,False,2,1,0.5
2026-03-06_20.32.00,192,sign-optimization-horizontal-vertical_scenario,616,199,3,-1,2,90,90,15,1,110949,AdultMaleAgent(Clone),6,12,1.71,1.58,0.3056641,1,False,2,0,0
2026-03-06_20.32.00,192,sign-optimization-horizontal-vertical_scenario,616,199,3,-1,2,90,90,15,1,110950,AdultMaleAgent(Clone),5,10,1.71,1.58,0,0,True,2,1,0.5
2026-03-06_20.32.00,192,sign-optimization-horizontal-vertical_scenario,616,199,3,-1,2,90,90,15,1,110951,AdultMaleAgent(Clone),5,10,1.71,1.58,0,0,True,2,1,0.5
2026-03-06_20.32.00,192,sign-optimization-horizontal-vertical_scenario,616,199,3,-1,2,90,90,15,1,110952,AdultMaleAgent(Clone),5,10,1.71,1.58,0,0,True,2,1,0.5
2026-03-06_20.32.00,192,sign-optimization-horizontal-vertical_scenario,616,199,3,-1,2,90,90,15,1,110953,AdultFemaleAgent(Clone),5,10,1.58,1.45,0,0,True,2,1,0.5
2026-03-06_20.32.00,192,sign-optimization-horizontal-vertical_scenario,616,199,3,-1,2,90,90,15,1,110954,AdultMaleAgent(Clone),11,10,1.71,1.58,1.179688,1,False,3,1,0.3333333
2026-03-06_20.32.00,192,sign-optimization-horizontal-vertical_scenario,616,199,3,-1,2,90,90,15,1,110955,AdultMaleAgent(Clone),5,10,1.71,1.58,0,0,True,2,1,0.5
2026-03-06_20.32.00,192,sign-optimization-horizontal-vertical_scenario,616,199,3,-1,2,90,90,15,1,110956,AdultMaleAgent(Clone),7,11,1.71,1.58,6.897461,1,True,2,1,0.5
2026-03-06_20.32.00,192,sign-optimization-horizontal-vertical_scenario,616,199,3,-1,2,90,90,15,1,110957,AdultFemaleAgent(Clone),7,11,1.58,1.450001,2.765625,1,False,2,1,0.5
2026-03-06_20.32.00,192,sign-optimization-horizontal-vertical_scenario,616,199,3,-1,2,90,90,15,1,110958,WheelchairAgent(Clone),6,12,1.3,1.17,5.378906,1,False,2,1,0.5
2026-03-06_20.32.00,192,sign-optimization-horizontal-vertical_scenario,616,199,3,-1,2,90,90,15,1,110959,AdultFemaleAgent(Clone),10,12,1.58,1.45,4.902344,1,False,3,0,0
2026-03-06_20.32.00,192,sign-optimization-horizontal-vertical_scenario,616,199,3,-1,2,90,90,15,1,110960,WheelchairAgent(Clone),7,11,1.3,1.17,0.9257813,1,False,2,0,0
2026-03-06_20.32.00,192,sign-optimization-horizontal-vertical_scenario,616,199,3,-1,2,90,90,15,1,110961,AdultFemaleAgent(Clone),5,10,1.58,1.45,0,0,True,2,1,0.5
2026-03-06_20.32.00,192,sign-optimization-horizontal-vertical_scenario,616,199,3,-1,2,90,90,15,1,110962,AdultMaleAgent(Clone),10,12,1.71,1.58,0,0,False,3,0,0
2026-03-06_20.32.00,192,sign-optimization-horizontal-vertical_scenario,616,199,3,-1,2,90,90,15,1,110963,WheelchairAgent(Clone),5,10,1.3,1.17,0,0,True,2,1,0.5
2026-03-06_20.32.00,192,sign-optimization-horizontal-vertical_scenario,616,199,3,-1,2,90,90,15,1,110964,WheelchairAgent(Clone),6,12,1.3,1.17,6.148438,1,False,2,1,0.5
2026-03-06_20.32.00,192,sign-optimization-horizontal-vertical_scenario,616,199,3,-1,2,90,90,15,1,110965,AdultMaleAgent(Clone),7,11,1.71,1.58,2.474609,1,False,2,1,0.5
2026-03-06_20.32.00,192,sign-optimization-horizontal-vertical_scenario,616,199,3,-1,2,90,90,15,1,110966,AdultMaleAgent(Clone),5,10,1.71,1.58,0,0,True,2,1,0.5
2026-03-06_20.32.00,192,sign-optimization-horizontal-vertical_scenario,616,199,3,-1,2,90,90,15,1,110967,AdultFemaleAgent(Clone),11,10,1.58,1.450001,11.35547,1,True,3,2,0.6666667
2026-03-06_20.32.00,192,sign-optimization-horizontal-vertical_scenario,616,199,3,-1,2,90,90,15,1,110968,AdultMaleAgent(Clone),5,10,1.71,1.58,0,0,True,2,1,0.5
2026-03-06_20.32.00,192,sign-optimization-horizontal-vertical_scenario,616,199,3,-1,2,90,90,15,1,110969,AdultMaleAgent(Clone),11,10,1.71,1.58,4.624023,1,False,3,1,0.3333333
2026-03-06_20.32.00,192,sign-optimization-horizontal-vertical_scenario,616,199,3,-1,2,90,90,15,1,110970,AdultFemaleAgent(Clone),11,10,1.58,1.450001,0.78125,1,False,3,2,0.6666667
2026-03-06_20.32.00,192,sign-optimization-horizontal-vertical_scenario,616,199,3,-1,2,90,90,15,1,110971,WheelchairAgent(Clone),10,12,1.3,1.17,0,0,False,3,0,0
2026-03-06_20.32.00,192,sign-optimization-horizontal-vertical_scenario,616,199,3,-1,2,90,90,15,1,110972,AdultFemaleAgent(Clone),11,10,1.58,1.450001,1.162109,1,False,3,1,0.3333333
2026-03-06_20.32.00,192,sign-optimization-horizontal-vertical_scenario,616,199,3,-1,2,90,90,15,1,110973,AdultFemaleAgent(Clone),6,12,1.58,1.45,5.704102,1,False,2,1,0.5
2026-03-06_20.32.00,192,sign-optimization-horizontal-vertical_scenario,616,199,3,-1,2,90,90,15,1,110974,WheelchairAgent(Clone),11,10,1.3,1.17,0.8798828,1,False,3,1,0.3333333
2026-03-06_20.32.00,192,sign-optimization-horizontal-vertical_scenario,616,199,3,-1,2,90,90,15,1,110975,AdultMaleAgent(Clone),7,11,1.71,1.58,1.827148,1,False,2,1,0.5
2026-03-06_20.32.00,192,sign-optimization-horizontal-vertical_scenario,616,199,3,-1,2,90,90,15,1,110976,AdultFemaleAgent(Clone),7,11,1.58,1.450001,3.96875,1,True,2,1,0.5
2026-03-06_20.32.00,192,sign-optimization-horizontal-vertical_scenario,616,199,3,-1,2,90,90,15,1,110977,AdultMaleAgent(Clone),5,10,1.71,1.58,0,0,True,2,1,0.5
2026-03-06_20.32.00,192,sign-optimization-horizontal-vertical_scenario,616,199,3,-1,2,90,90,15,1,110978,WheelchairAgent(Clone),5,10,1.3,1.17,0,0,True,2,1,0.5
2026-03-06_20.32.00,192,sign-optimization-horizontal-vertical_scenario,616,199,3,-1,2,90,90,15,1,110979,AdultMaleAgent(Clone),11,10,1.71,1.58,1.472656,1,False,3,1,0.3333333
2026-03-06_20.32.00,192,sign-optimization-horizontal-vertical_scenario,616,199,3,-1,2,90,90,15,1,110980,WheelchairAgent(Clone),10,12,1.3,1.17,0,0,False,3,0,0
2026-03-06_20.32.00,192,sign-optimization-horizontal-vertical_scenario,616,199,3,-1,2,90,90,15,1,110981,AdultMaleAgent(Clone),11,10,1.71,1.58,1.828125,1,False,3,1,0.3333333
2026-03-06_20.32.00,192,sign-optimization-horizontal-vertical_scenario,616,199,3,-1,2,90,90,15,1,110982,AdultMaleAgent(Clone),7,11,1.71,1.58,2.688477,1,False,2,1,0.5
2026-03-06_20.32.00,192,sign-optimization-horizontal-vertical_scenario,616,199,3,-1,2,90,90,15,1,110983,AdultFemaleAgent(Clone),6,12,1.58,1.45,0,0,False,2,1,0.5
2026-03-06_20.32.00,192,sign-optimization-horizontal-vertical_scenario,616,199,3,-1,2,90,90,15,1,110984,WheelchairAgent(Clone),7,11,1.3,1.17,3.014648,1,False,2,1,0.5
2026-03-06_20.32.00,192,sign-optimization-horizontal-vertical_scenario,616,199,3,-1,2,90,90,15,1,110985,AdultFemaleAgent(Clone),10,12,1.58,1.45,0,0,False,3,0,0
2026-03-06_20.32.00,192,sign-optimization-horizontal-vertical_scenario,616,199,3,-1,2,90,90,15,1,110986,AdultFemaleAgent(Clone),5,10,1.58,1.45,0,0,True,2,1,0.5
2026-03-06_20.32.00,192,sign-optimization-horizontal-vertical_scenario,616,199,3,-1,2,90,90,15,1,110987,AdultMaleAgent(Clone),11,10,1.71,1.58,5.335938,1,False,3,1,0.3333333
2026-03-06_20.32.00,192,sign-optimization-horizontal-vertical_scenario,616,199,3,-1,2,90,90,15,1,110988,AdultFemaleAgent(Clone),10,12,1.58,1.45,0,0,False,3,0,0
2026-03-06_20.32.00,192,sign-optimization-horizontal-vertical_scenario,616,199,3,-1,2,90,90,15,1,110989,AdultFemaleAgent(Clone),7,11,1.58,1.450001,0.6767578,1,False,2,0,0
2026-03-06_20.32.00,192,sign-optimization-horizontal-vertical_scenario,616,199,3,-1,2,90,90,15,1,110990,AdultMaleAgent(Clone),11,10,1.71,1.58,0,0,True,3,2,0.6666667
2026-03-06_20.32.00,192,sign-optimization-horizontal-vertical_scenario,616,199,3,-1,2,90,90,15,1,110991,AdultMaleAgent(Clone),6,12,1.71,1.58,0,0,False,2,1,0.5
2026-03-06_20.32.00,192,sign-optimization-horizontal-vertical_scenario,616,199,3,-1,2,90,90,15,1,110992,AdultFemaleAgent(Clone),10,12,1.58,1.45,0,0,False,3,0,0
2026-03-06_20.32.00,192,sign-optimization-horizontal-vertical_scenario,616,199,3,-1,2,90,90,15,1,110993,AdultFemaleAgent(Clone),10,12,1.58,1.45,0,0,False,3,0,0
2026-03-06_20.32.00,192,sign-optimization-horizontal-vertical_scenario,616,199,3,-1,2,90,90,15,1,110994,AdultMaleAgent(Clone),10,12,1.71,1.58,0,0,False,3,0,0
2026-03-06_20.32.00,192,sign-optimization-horizontal-vertical_scenario,616,199,3,-1,2,90,90,15,1,110995,AdultMaleAgent(Clone),10,12,1.71,1.58,0,0,False,3,0,0
2026-03-06_20.32.00,192,sign-optimization-horizontal-vertical_scenario,616,199,3,-1,2,90,90,15,1,110996,AdultFemaleAgent(Clone),11,10,1.58,1.450001,0.4052734,1,True,3,2,0.6666667
2026-03-06_20.32.00,192,sign-optimization-horizontal-vertical_scenario,616,199,3,-1,2,90,90,15,1,110997,AdultFemaleAgent(Clone),5,10,1.58,1.45,0,0,True,2,1,0.5
2026-03-06_20.32.00,192,sign-optimization-horizontal-vertical_scenario,616,199,3,-1,2,90,90,15,1,110998,WheelchairAgent(Clone),6,12,1.3,1.17,0,0,False,2,1,0.5
2026-03-06_20.32.00,192,sign-optimization-horizontal-vertical_scenario,616,199,3,-1,2,90,90,15,1,110999,AdultFemaleAgent(Clone),5,10,1.58,1.45,0,0,False,2,1,0.5
2026-03-06_20.32.00,192,sign-optimization-horizontal-vertical_scenario,616,199,3,-1,2,90,90,15,1,111000,AdultMaleAgent(Clone),10,12,1.71,1.58,0,0,False,3,0,0
2026-03-06_20.32.00,192,sign-optimization-horizontal-vertical_scenario,616,199,3,-1,2,90,90,15,1,111001,AdultMaleAgent(Clone),7,11,1.71,1.58,2.518555,1,True,2,1,0.5
2026-03-06_20.32.00,192,sign-optimization-horizontal-vertical_scenario,616,199,3,-1,2,90,90,15,1,111002,WheelchairAgent(Clone),7,11,1.3,1.17,2.172852,1,False,2,1,0.5
2026-03-06_20.32.00,192,sign-optimization-horizontal-vertical_scenario,616,199,3,-1,2,90,90,15,1,111003,WheelchairAgent(Clone),10,12,1.3,1.17,0,0,False,3,0,0
2026-03-06_20.32.00,192,sign-optimization-horizontal-vertical_scenario,616,199,3,-1,2,90,90,15,1,111004,WheelchairAgent(Clone),6,12,1.3,1.17,0,0,False,2,0,0
2026-03-06_20.32.00,192,sign-optimization-horizontal-vertical_scenario,616,199,3,-1,2,90,90,15,1,111005,AdultMaleAgent(Clone),7,11,1.71,1.58,5.34668,1,True,2,1,0.5
2026-03-06_20.32.00,192,sign-optimization-horizontal-vertical_scenario,616,199,3,-1,2,90,90,15,1,111006,AdultFemaleAgent(Clone),6,12,1.58,1.45,0,0,False,2,1,0.5
2026-03-06_20.32.00,192,sign-optimization-horizontal-vertical_scenario,616,199,3,-1,2,90,90,15,1,111007,WheelchairAgent(Clone),5,10,1.3,1.17,0,0,False,2,1,0.5
2026-03-06_20.32.00,192,sign-optimization-horizontal-vertical_scenario,616,199,3,-1,2,90,90,15,1,111008,WheelchairAgent(Clone),7,11,1.3,1.17,3.428711,1,False,2,1,0.5
2026-03-06_20.32.00,192,sign-optimization-horizontal-vertical_scenario,616,199,3,-1,2,90,90,15,1,111009,AdultMaleAgent(Clone),5,10,1.71,1.58,0,0,True,2,1,0.5
2026-03-06_20.32.00,192,sign-optimization-horizontal-vertical_scenario,616,199,3,-1,2,90,90,15,1,111010,AdultMaleAgent(Clone),10,12,1.71,1.58,0,0,False,3,0,0
2026-03-06_20.32.00,192,sign-optimization-horizontal-vertical_scenario,616,199,3,-1,2,90,90,15,1,111011,AdultFemaleAgent(Clone),11,10,1.58,1.450001,0,0,True,3,2,0.6666667
2026-03-06_20.32.00,192,sign-optimization-horizontal-vertical_scenario,616,199,3,-1,2,90,90,15,1,111012,AdultFemaleAgent(Clone),5,10,1.58,1.45,0,0,True,2,1,0.5
2026-03-06_20.32.00,192,sign-optimization-horizontal-vertical_scenario,616,199,3,-1,2,90,90,15,1,111013,AdultMaleAgent(Clone),6,12,1.71,1.58,0,0,False,2,1,0.5
2026-03-06_20.32.00,192,sign-optimization-horizontal-vertical_scenario,616,199,3,-1,2,90,90,15,1,111014,AdultFemaleAgent(Clone),7,11,1.58,1.450001,1.97168,1,False,2,1,0.5
2026-03-06_20.32.00,192,sign-optimization-horizontal-vertical_scenario,616,199,3,-1,2,90,90,15,1,111015,WheelchairAgent(Clone),5,10,1.3,1.17,0,0,False,2,1,0.5
2026-03-06_20.32.00,192,sign-optimization-horizontal-vertical_scenario,616,199,3,-1,2,90,90,15,1,111016,AdultFemaleAgent(Clone),7,11,1.58,1.450001,4.163086,1,False,2,1,0.5
2026-03-06_20.32.00,192,sign-optimization-horizontal-vertical_scenario,616,199,3,-1,2,90,90,15,1,111017,AdultMaleAgent(Clone),5,10,1.71,1.58,0,0,True,2,1,0.5
2026-03-06_20.32.00,192,sign-optimization-horizontal-vertical_scenario,616,199,3,-1,2,90,90,15,1,111018,WheelchairAgent(Clone),10,12,1.3,1.17,0,0,False,3,0,0
2026-03-06_20.32.00,192,sign-optimization-horizontal-vertical_scenario,616,199,3,-1,2,90,90,15,1,111019,AdultMaleAgent(Clone),7,11,1.71,1.58,0.4208984,1,False,2,0,0
2026-03-06_20.32.00,192,sign-optimization-horizontal-vertical_scenario,616,199,3,-1,2,90,90,15,1,111020,WheelchairAgent(Clone),5,10,1.3,1.17,0,0,True,2,1,0.5
2026-03-06_20.32.00,192,sign-optimization-horizontal-vertical_scenario,616,199,3,-1,2,90,90,15,1,111021,WheelchairAgent(Clone),5,10,1.3,1.17,0,0,True,2,1,0.5
2026-03-06_20.32.00,192,sign-optimization-horizontal-vertical_scenario,616,199,3,-1,2,90,90,15,1,111022,AdultFemaleAgent(Clone),11,10,1.58,1.450001,0,0,True,3,2,0.6666667
2026-03-06_20.32.00,192,sign-optimization-horizontal-vertical_scenario,616,199,3,-1,2,90,90,15,1,111023,AdultMaleAgent(Clone),5,10,1.71,1.58,0,0,True,2,1,0.5
2026-03-06_20.32.00,192,sign-optimization-horizontal-vertical_scenario,616,199,3,-1,2,90,90,15,1,111024,AdultFemaleAgent(Clone),6,12,1.58,1.45,0,0,False,2,0,0
2026-03-06_20.32.00,192,sign-optimization-horizontal-vertical_scenario,616,199,3,-1,2,90,90,15,1,111025,AdultFemaleAgent(Clone),6,12,1.58,1.45,0,0,False,2,0,0
2026-03-06_20.32.00,192,sign-optimization-horizontal-vertical_scenario,616,199,3,-1,2,90,90,15,1,111026,AdultMaleAgent(Clone),11,10,1.71,1.58,2.508789,1,False,3,1,0.3333333
2026-03-06_20.32.00,192,sign-optimization-horizontal-vertical_scenario,616,199,3,-1,2,90,90,15,1,111027,WheelchairAgent(Clone),11,10,1.3,1.17,0,0,True,3,1,0.3333333
2026-03-06_20.32.00,192,sign-optimization-horizontal-vertical_scenario,616,199,3,-1,2,90,90,15,1,111028,WheelchairAgent(Clone),10,12,1.3,1.17,0,0,False,3,0,0
2026-03-06_20.32.00,192,sign-optimization-horizontal-vertical_scenario,616,199,3,-1,2,90,90,15,1,111029,WheelchairAgent(Clone),7,11,1.3,1.17,4.665039,1,True,2,1,0.5
2026-03-06_20.32.00,192,sign-optimization-horizontal-vertical_scenario,616,199,3,-1,2,90,90,15,1,111030,WheelchairAgent(Clone),10,12,1.3,1.17,0,0,False,3,0,0
2026-03-06_20.32.00,192,sign-optimization-horizontal-vertical_scenario,616,199,3,-1,2,90,90,15,1,111031,WheelchairAgent(Clone),5,10,1.3,1.17,0,0,True,2,1,0.5
2026-03-06_20.32.00,192,sign-optimization-horizontal-vertical_scenario,616,199,3,-1,2,90,90,15,1,111032,AdultMaleAgent(Clone),10,12,1.71,1.58,0,0,False,3,0,0
2026-03-06_20.32.00,192,sign-optimization-horizontal-vertical_scenario,616,199,3,-1,2,90,90,15,1,111033,AdultMaleAgent(Clone),7,11,1.71,1.58,2.484375,1,False,2,1,0.5
2026-03-06_20.32.00,192,sign-optimization-horizontal-vertical_scenario,616,199,3,-1,2,90,90,15,1,111034,AdultFemaleAgent(Clone),7,11,1.58,1.450001,0,0,True,2,1,0.5
2026-03-06_20.32.00,192,sign-optimization-horizontal-vertical_scenario,616,199,3,-1,2,90,90,15,1,111035,WheelchairAgent(Clone),5,10,1.3,1.17,0,0,False,2,1,0.5
2026-03-06_20.32.00,192,sign-optimization-horizontal-vertical_scenario,616,199,3,-1,2,90,90,15,1,111036,AdultFemaleAgent(Clone),5,10,1.58,1.45,0,0,False,2,0,0
2026-03-06_20.32.00,192,sign-optimization-horizontal-vertical_scenario,616,199,3,-1,2,90,90,15,1,111037,AdultFemaleAgent(Clone),10,12,1.58,1.45,0,0,False,3,0,0
2026-03-06_20.32.00,192,sign-optimization-horizontal-vertical_scenario,616,199,3,-1,2,90,90,15,1,111038,AdultFemaleAgent(Clone),6,12,1.58,1.45,0,0,False,2,1,0.5
2026-03-06_20.32.00,192,sign-optimization-horizontal-vertical_scenario,616,199,3,-1,2,90,90,15,1,111039,AdultFemaleAgent(Clone),6,12,1.58,1.45,0,0,False,2,1,0.5
2026-03-06_20.32.00,192,sign-optimization-horizontal-vertical_scenario,616,199,3,-1,2,90,90,15,1,111040,AdultMaleAgent(Clone),10,12,1.71,1.58,0,0,False,3,0,0
2026-03-06_20.32.00,192,sign-optimization-horizontal-vertical_scenario,616,199,3,-1,2,90,90,15,1,111041,AdultFemaleAgent(Clone),11,10,1.58,1.450001,0,0,False,3,1,0.3333333
2026-03-06_20.32.00,192,sign-optimization-horizontal-vertical_scenario,616,199,3,-1,2,90,90,15,1,111042,AdultFemaleAgent(Clone),7,11,1.58,1.450001,3.404297,1,True,2,1,0.5
2026-03-06_20.32.00,192,sign-optimization-horizontal-vertical_scenario,616,199,3,-1,2,90,90,15,1,111043,WheelchairAgent(Clone),7,11,1.3,1.17,0,0,False,2,1,0.5
2026-03-06_20.32.00,192,sign-optimization-horizontal-vertical_scenario,616,199,3,-1,2,90,90,15,1,111044,AdultMaleAgent(Clone),6,12,1.71,1.58,0,0,False,2,0,0
2026-03-06_20.32.00,192,sign-optimization-horizontal-vertical_scenario,616,199,3,-1,2,90,90,15,1,111045,AdultMaleAgent(Clone),5,10,1.71,1.58,0,0,False,2,1,0.5
2026-03-06_20.32.00,192,sign-optimization-horizontal-vertical_scenario,616,199,3,-1,2,90,90,15,1,111046,AdultFemaleAgent(Clone),7,11,1.58,1.450001,0,0,False,2,1,0.5
2026-03-06_20.32.00,192,sign-optimization-horizontal-vertical_scenario,616,199,3,-1,2,90,90,15,1,111047,AdultFemaleAgent(Clone),5,10,1.58,1.45,0,0,False,2,1,0.5
2026-03-06_20.32.00,192,sign-optimization-horizontal-vertical_scenario,616,199,3,-1,2,90,90,15,1,111048,WheelchairAgent(Clone),5,10,1.3,1.17,0,0,False,2,1,0.5
2026-03-06_20.32.00,192,sign-optimization-horizontal-vertical_scenario,616,199,3,-1,2,90,90,15,1,111049,AdultMaleAgent(Clone),10,12,1.71,1.58,0,0,False,3,0,0
2026-03-06_20.32.00,192,sign-optimization-horizontal-vertical_scenario,616,199,3,-1,2,90,90,15,1,111050,WheelchairAgent(Clone),10,12,1.3,1.17,0,0,False,3,0,0
2026-03-06_20.32.00,192,sign-optimization-horizontal-vertical_scenario,616,199,3,-1,2,90,90,15,1,111051,AdultFemaleAgent(Clone),10,12,1.58,1.45,0,0,False,3,0,0
2026-03-06_20.32.00,192,sign-optimization-horizontal-vertical_scenario,616,199,3,-1,2,90,90,15,1,111052,AdultMaleAgent(Clone),5,10,1.71,1.58,0,0,False,2,1,0.5
2026-03-06_20.32.00,192,sign-optimization-horizontal-vertical_scenario,616,199,3,-1,2,90,90,15,1,111053,AdultFemaleAgent(Clone),5,10,1.58,1.45,0,0,False,2,0,0
2026-03-06_20.32.00,192,sign-optimization-horizontal-vertical_scenario,616,199,3,-1,2,90,90,15,1,111054,WheelchairAgent(Clone),10,12,1.3,1.17,0,0,False,3,0,0
2026-03-06_20.32.00,192,sign-optimization-horizontal-vertical_scenario,616,199,3,-1,2,90,90,15,1,111055,AdultMaleAgent(Clone),6,12,1.71,1.58,0,0,False,2,0,0
2026-03-06_20.32.00,192,sign-optimization-horizontal-vertical_scenario,616,199,3,-1,2,90,90,15,1,111056,WheelchairAgent(Clone),7,11,1.3,1.17,0,0,False,2,0,0
2026-03-06_20.32.00,192,sign-optimization-horizontal-vertical_scenario,616,199,3,-1,2,90,90,15,1,111057,AdultFemaleAgent(Clone),11,10,1.58,1.450001,0,0,False,3,1,0.3333333
2026-03-06_20.32.00,192,sign-optimization-horizontal-vertical_scenario,616,199,3,-1,2,90,90,15,1,111058,AdultFemaleAgent(Clone),5,10,1.58,1.45,0,0,False,2,0,0
2026-03-06_20.32.00,192,sign-optimization-horizontal-vertical_scenario,616,199,3,-1,2,90,90,15,1,111059,AdultMaleAgent(Clone),11,10,1.71,1.58,0,0,False,3,1,0.3333333
2026-03-06_20.32.00,192,sign-optimization-horizontal-vertical_scenario,616,199,3,-1,2,90,90,15,1,111060,AdultFemaleAgent(Clone),7,11,1.58,1.450001,0,0,False,2,0,0
2026-03-06_20.32.00,192,sign-optimization-horizontal-vertical_scenario,616,199,3,-1,2,90,90,15,1,111061,AdultMaleAgent(Clone),10,12,1.71,1.58,0,0,False,3,0,0
2026-03-06_20.32.00,192,sign-optimization-horizontal-vertical_scenario,616,199,3,-1,2,90,90,15,1,111062,AdultMaleAgent(Clone),11,10,1.71,1.58,0,0,False,3,0,0
2026-03-06_20.32.00,192,sign-optimization-horizontal-vertical_scenario,616,199,3,-1,2,90,90,15,1,111063,AdultMaleAgent(Clone),5,10,1.71,1.58,0,0,False,2,0,0
2026-03-06_20.32.00,192,sign-optimization-horizontal-vertical_scenario,616,199,3,-1,2,90,90,15,1,111064,AdultMaleAgent(Clone),6,12,1.71,1.58,0,0,False,2,0,0
2026-03-06_20.32.00,192,sign-optimization-horizontal-vertical_scenario,616,199,3,-1,2,90,90,15,1,111065,AdultMaleAgent(Clone),5,10,1.71,1.58,0,0,False,2,0,0
2026-03-06_20.32.00,192,sign-optimization-horizontal-vertical_scenario,616,199,3,-1,2,90,90,15,1,111066,WheelchairAgent(Clone),5,10,1.3,1.17,0,0,False,2,0,0
2026-03-06_20.32.00,192,sign-optimization-horizontal-vertical_scenario,616,199,3,-1,2,90,90,15,1,111067,AdultMaleAgent(Clone),11,10,1.71,1.58,0,0,False,3,0,0
2026-03-06_20.32.00,192,sign-optimization-horizontal-vertical_scenario,616,199,3,-1,2,90,90,15,1,111068,AdultMaleAgent(Clone),5,10,1.71,1.58,0,0,False,2,0,0
2026-03-06_20.32.00,192,sign-optimization-horizontal-vertical_scenario,616,199,3,-1,2,90,90,15,1,111069,AdultFemaleAgent(Clone),5,10,1.58,1.45,0,0,False,2,0,0
2026-03-06_20.32.00,192,sign-optimization-horizontal-vertical_scenario,616,199,3,-1,2,90,90,15,1,111070,WheelchairAgent(Clone),6,12,1.3,1.17,0,0,False,2,0,0
2026-03-06_20.32.00,192,sign-optimization-horizontal-vertical_scenario,616,199,3,-1,2,90,90,15,1,111071,AdultMaleAgent(Clone),7,11,1.71,1.58,0,0,False,2,1,0.5
2026-03-06_20.32.00,192,sign-optimization-horizontal-vertical_scenario,616,199,3,-1,2,90,90,15,1,111072,AdultMaleAgent(Clone),11,10,1.71,1.58,0,0,False,3,0,0
2026-03-06_20.32.00,192,sign-optimization-horizontal-vertical_scenario,616,199,3,-1,2,90,90,15,1,111073,AdultFemaleAgent(Clone),5,10,1.58,1.45,0,0,False,2,0,0
2026-03-06_20.32.00,192,sign-optimization-horizontal-vertical_scenario,616,199,3,-1,2,90,90,15,1,111074,WheelchairAgent(Clone),10,12,1.3,1.17,0,0,False,3,0,0
2026-03-06_20.32.00,192,sign-optimization-horizontal-vertical_scenario,616,199,3,-1,2,90,90,15,1,111075,WheelchairAgent(Clone),7,11,1.3,1.17,0,0,False,2,0,0
2026-03-06_20.32.00,192,sign-optimization-horizontal-vertical_scenario,616,199,3,-1,2,90,90,15,1,111076,AdultFemaleAgent(Clone),5,10,1.58,1.45,0,0,False,2,0,0
2026-03-06_20.32.00,192,sign-optimization-horizontal-vertical_scenario,616,199,3,-1,2,90,90,15,1,111077,AdultFemaleAgent(Clone),7,11,1.58,1.450001,0,0,False,2,1,0.5
2026-03-06_20.32.00,192,sign-optimization-horizontal-vertical_scenario,616,199,3,-1,2,90,90,15,1,111078,AdultMaleAgent(Clone),11,10,1.71,1.58,0,0,False,3,1,0.3333333
2026-03-06_20.32.00,192,sign-optimization-horizontal-vertical_scenario,616,199,3,-1,2,90,90,15,1,111079,AdultFemaleAgent(Clone),5,10,1.58,1.45,0,0,False,2,0,0
2026-03-06_20.32.00,192,sign-optimization-horizontal-vertical_scenario,616,199,3,-1,2,90,90,15,1,111080,WheelchairAgent(Clone),5,10,1.3,1.17,0,0,False,2,0,0
2026-03-06_20.32.00,192,sign-optimization-horizontal-vertical_scenario,616,199,3,-1,2,90,90,15,1,111081,WheelchairAgent(Clone),7,11,1.3,1.17,0,0,False,2,0,0
2026-03-06_20.32.00,192,sign-optimization-horizontal-vertical_scenario,616,199,3,-1,2,90,90,15,1,111082,AdultFemaleAgent(Clone),5,10,1.58,1.45,0,0,False,2,0,0
2026-03-06_20.32.00,192,sign-optimization-horizontal-vertical_scenario,616,199,3,-1,2,90,90,15,1,111083,WheelchairAgent(Clone),7,11,1.3,1.17,0,0,False,2,0,0
2026-03-06_20.32.00,192,sign-optimization-horizontal-vertical_scenario,616,199,3,-1,2,90,90,15,1,111084,WheelchairAgent(Clone),10,12,1.3,1.17,0,0,False,3,0,0
2026-03-06_20.32.00,192,sign-optimization-horizontal-vertical_scenario,616,199,3,-1,2,90,90,15,1,111085,AdultMaleAgent(Clone),7,11,1.71,1.58,0,0,False,2,0,0
2026-03-06_20.32.00,192,sign-optimization-horizontal-vertical_scenario,616,199,3,-1,2,90,90,15,1,111086,WheelchairAgent(Clone),6,12,1.3,1.17,0,0,False,2,0,0
2026-03-06_20.32.00,192,sign-optimization-horizontal-vertical_scenario,616,199,3,-1,2,90,90,15,1,111087,AdultFemaleAgent(Clone),6,12,1.58,1.45,0,0,False,2,0,0
2026-03-06_20.32.00,192,sign-optimization-horizontal-vertical_scenario,616,199,3,-1,2,90,90,15,1,111088,AdultFemaleAgent(Clone),11,10,1.58,1.450001,0,0,False,3,0,0
2026-03-06_20.32.00,192,sign-optimization-horizontal-vertical_scenario,616,199,3,-1,2,90,90,15,1,111089,WheelchairAgent(Clone),11,10,1.3,1.17,0,0,False,3,0,0
2026-03-06_20.32.00,192,sign-optimization-horizontal-vertical_scenario,616,199,3,-1,2,90,90,15,1,111090,AdultMaleAgent(Clone),7,11,1.71,1.58,0,0,False,2,0,0
2026-03-06_20.32.00,192,sign-optimization-horizontal-vertical_scenario,616,199,3,-1,2,90,90,15,1,111091,WheelchairAgent(Clone),6,12,1.3,1.17,0,0,False,2,0,0
2026-03-06_20.32.00,192,sign-optimization-horizontal-vertical_scenario,616,199,3,-1,2,90,90,15,1,111092,AdultMaleAgent(Clone),10,12,1.71,1.58,0,0,False,3,0,0
2026-03-06_20.32.00,192,sign-optimization-horizontal-vertical_scenario,616,199,3,-1,2,90,90,15,1,111093,AdultFemaleAgent(Clone),10,12,1.58,1.45,0,0,False,3,0,0
2026-03-06_20.32.00,192,sign-optimization-horizontal-vertical_scenario,616,199,3,-1,2,90,90,15,1,111094,WheelchairAgent(Clone),6,12,1.3,1.17,0,0,False,2,0,0
2026-03-06_20.32.00,192,sign-optimization-horizontal-vertical_scenario,616,199,3,-1,2,90,90,15,1,111095,AdultMaleAgent(Clone),6,12,1.71,1.58,0,0,False,2,0,0
2026-03-06_20.32.00,192,sign-optimization-horizontal-vertical_scenario,616,199,3,-1,2,90,90,15,1,111096,AdultMaleAgent(Clone),6,12,1.71,1.58,0,0,False,2,0,0
2026-03-06_20.32.00,192,sign-optimization-horizontal-vertical_scenario,616,199,3,-1,2,90,90,15,1,111097,WheelchairAgent(Clone),10,12,1.3,1.17,0,0,False,3,0,0
2026-03-06_20.32.00,192,sign-optimization-horizontal-vertical_scenario,616,199,3,-1,2,90,90,15,1,111098,AdultMaleAgent(Clone),6,12,1.71,1.58,0,0,False,2,0,0
2026-03-06_20.32.00,192,sign-optimization-horizontal-vertical_scenario,616,199,3,-1,2,90,90,15,1,111099,AdultMaleAgent(Clone),5,10,1.71,1.58,0,0,False,2,0,0
2026-03-06_20.32.00,192,sign-optimization-horizontal-vertical_scenario,616,199,3,-1,2,90,90,15,1,111100,WheelchairAgent(Clone),11,10,1.3,1.17,0,0,False,3,0,0
2026-03-06_20.32.00,192,sign-optimization-horizontal-vertical_scenario,616,199,3,-1,2,90,90,15,1,111101,AdultMaleAgent(Clone),7,11,1.71,1.58,0,0,False,2,0,0
2026-03-06_20.32.00,192,sign-optimization-horizontal-vertical_scenario,616,199,3,-1,2,90,90,15,1,111102,AdultMaleAgent(Clone),11,10,1.71,1.58,0,0,False,3,0,0
2026-03-06_20.32.00,192,sign-optimization-horizontal-vertical_scenario,616,199,3,-1,2,90,90,15,1,111103,AdultFemaleAgent(Clone),5,10,1.58,1.45,0,0,False,2,0,0
2026-03-06_20.32.00,192,sign-optimization-horizontal-vertical_scenario,616,199,3,-1,2,90,90,15,1,111104,WheelchairAgent(Clone),5,10,1.3,1.17,0,0,False,2,0,0
2026-03-06_20.32.00,192,sign-optimization-horizontal-vertical_scenario,616,199,3,-1,2,90,90,15,1,111105,AdultFemaleAgent(Clone),6,12,1.58,1.45,0,0,False,2,0,0
2026-03-06_20.32.00,192,sign-optimization-horizontal-vertical_scenario,616,199,3,-1,2,90,90,15,1,111106,AdultMaleAgent(Clone),11,10,1.71,1.58,0,0,False,3,0,0
2026-03-06_20.32.00,192,sign-optimization-horizontal-vertical_scenario,616,199,3,-1,2,90,90,15,1,111107,WheelchairAgent(Clone),6,12,1.3,1.17,0,0,False,2,0,0
2026-03-06_20.32.00,192,sign-optimization-horizontal-vertical_scenario,616,199,3,-1,2,90,90,15,1,111108,AdultFemaleAgent(Clone),6,12,1.58,1.45,0,0,False,2,0,0
2026-03-06_20.32.00,192,sign-optimization-horizontal-vertical_scenario,616,199,3,-1,2,90,90,15,1,111109,WheelchairAgent(Clone),7,11,1.3,1.17,0,0,False,2,0,0
2026-03-06_20.32.00,192,sign-optimization-horizontal-vertical_scenario,616,199,3,-1,2,90,90,15,1,111110,AdultFemaleAgent(Clone),6,12,1.58,1.45,0,0,False,2,0,0
2026-03-06_20.32.00,192,sign-optimization-horizontal-vertical_scenario,616,199,3,-1,2,90,90,15,1,111111,WheelchairAgent(Clone),6,12,1.3,1.17,0,0,False,2,0,0
2026-03-06_20.32.00,192,sign-optimization-horizontal-vertical_scenario,616,199,3,-1,2,90,90,15,1,111112,AdultFemaleAgent(Clone),10,12,1.58,1.45,0,0,False,3,0,0
2026-03-06_20.32.00,192,sign-optimization-horizontal-vertical_scenario,616,199,3,-1,2,90,90,15,1,111113,AdultMaleAgent(Clone),5,10,1.71,1.58,0,0,False,2,0,0
2026-03-06_20.32.00,192,sign-optimization-horizontal-vertical_scenario,616,199,3,-1,2,90,90,15,1,111114,WheelchairAgent(Clone),7,11,1.3,1.17,0,0,False,2,0,0
2026-03-06_20.32.00,192,sign-optimization-horizontal-vertical_scenario,616,199,3,-1,2,90,90,15,1,111115,AdultMaleAgent(Clone),5,10,1.71,1.58,0,0,False,2,0,0
2026-03-06_20.32.00,192,sign-optimization-horizontal-vertical_scenario,616,199,3,-1,2,90,90,15,1,111116,WheelchairAgent(Clone),7,11,1.3,1.17,0,0,False,2,0,0
2026-03-06_20.32.00,192,sign-optimization-horizontal-vertical_scenario,616,199,3,-1,2,90,90,15,1,111117,WheelchairAgent(Clone),11,10,1.3,1.17,0,0,False,3,0,0
2026-03-06_20.32.00,192,sign-optimization-horizontal-vertical_scenario,616,199,3,-1,2,90,90,15,1,111118,WheelchairAgent(Clone),10,12,1.3,1.17,0,0,False,3,0,0
2026-03-06_20.32.00,192,sign-optimization-horizontal-vertical_scenario,616,199,3,-1,2,90,90,15,1,111119,WheelchairAgent(Clone),5,10,1.3,1.17,0,0,False,2,0,0
2026-03-06_20.32.00,192,sign-optimization-horizontal-vertical_scenario,616,199,3,-1,2,90,90,15,1,111120,AdultMaleAgent(Clone),7,11,1.71,1.58,0,0,False,2,0,0
2026-03-06_20.32.00,192,sign-optimization-horizontal-vertical_scenario,616,199,3,-1,2,90,90,15,1,111121,AdultFemaleAgent(Clone),10,12,1.58,1.45,0,0,False,3,0,0
2026-03-06_20.32.00,192,sign-optimization-horizontal-vertical_scenario,616,199,3,-1,2,90,90,15,1,111122,AdultFemaleAgent(Clone),11,10,1.58,1.450001,0,0,False,3,0,0
2026-03-06_20.32.00,192,sign-optimization-horizontal-vertical_scenario,616,199,3,-1,2,90,90,15,1,111123,AdultMaleAgent(Clone),11,10,1.71,1.58,0,0,False,3,0,0
2026-03-06_20.32.00,192,sign-optimization-horizontal-vertical_scenario,616,199,3,-1,2,90,90,15,1,111124,AdultMaleAgent(Clone),11,10,1.71,1.58,0,0,False,3,0,0
2026-03-06_20.32.00,192,sign-optimization-horizontal-vertical_scenario,616,199,3,-1,2,90,90,15,1,111125,AdultMaleAgent(Clone),7,11,1.71,1.58,0,0,False,2,0,0
2026-03-06_20.32.00,192,sign-optimization-horizontal-vertical_scenario,616,199,3,-1,2,90,90,15,1,111126,WheelchairAgent(Clone),5,10,1.3,1.17,0,0,False,2,0,0
2026-03-06_20.32.00,192,sign-optimization-horizontal-vertical_scenario,616,199,3,-1,2,90,90,15,1,111127,WheelchairAgent(Clone),6,12,1.3,1.17,0,0,False,2,0,0
2026-03-06_20.32.00,192,sign-optimization-horizontal-vertical_scenario,616,199,3,-1,2,90,90,15,1,111128,WheelchairAgent(Clone),6,12,1.3,1.17,0,0,False,2,0,0
2026-03-06_20.32.00,192,sign-optimization-horizontal-vertical_scenario,616,199,3,-1,2,90,90,15,1,111129,AdultFemaleAgent(Clone),10,12,1.58,1.45,0,0,False,3,0,0
2026-03-06_20.32.00,192,sign-optimization-horizontal-vertical_scenario,616,199,3,-1,2,90,90,15,1,111130,AdultFemaleAgent(Clone),7,11,1.58,1.450001,0,0,False,2,0,0
2026-03-06_20.32.00,192,sign-optimization-horizontal-vertical_scenario,616,199,3,-1,2,90,90,15,1,111131,AdultFemaleAgent(Clone),7,11,1.58,1.450001,0,0,False,2,0,0
2026-03-06_20.32.00,192,sign-optimization-horizontal-vertical_scenario,616,199,3,-1,2,90,90,15,1,111132,AdultFemaleAgent(Clone),7,11,1.58,1.450001,0,0,False,2,0,0
2026-03-06_20.32.00,192,sign-optimization-horizontal-vertical_scenario,616,199,3,-1,2,90,90,15,1,111133,WheelchairAgent(Clone),7,11,1.3,1.17,0,0,False,2,0,0
2026-03-06_20.32.00,192,sign-optimization-horizontal-vertical_scenario,616,199,3,-1,2,90,90,15,1,111134,WheelchairAgent(Clone),10,12,1.3,1.17,0,0,False,3,0,0
2026-03-06_20.32.00,192,sign-optimization-horizontal-vertical_scenario,616,199,3,-1,2,90,90,15,1,111135,WheelchairAgent(Clone),10,12,1.3,1.17,0,0,False,3,0,0
2026-03-06_20.32.00,192,sign-optimization-horizontal-vertical_scenario,616,199,3,-1,2,90,90,15,1,111136,AdultFemaleAgent(Clone),5,10,1.58,1.45,0,0,False,2,0,0
2026-03-06_20.32.00,192,sign-optimization-horizontal-vertical_scenario,616,199,3,-1,2,90,90,15,1,111137,WheelchairAgent(Clone),6,12,1.3,1.17,0,0,False,2,0,0
2026-03-06_20.32.00,192,sign-optimization-horizontal-vertical_scenario,616,199,3,-1,2,90,90,15,1,111138,WheelchairAgent(Clone),5,10,1.3,1.17,0,0,False,2,0,0
2026-03-06_20.32.00,192,sign-optimization-horizontal-vertical_scenario,616,199,3,-1,2,90,90,15,1,111139,WheelchairAgent(Clone),5,10,1.3,1.17,0,0,False,2,0,0
2026-03-06_20.32.00,192,sign-optimization-horizontal-vertical_scenario,616,199,3,-1,2,90,90,15,1,111140,AdultFemaleAgent(Clone),10,12,1.58,1.45,0,0,False,3,0,0
2026-03-06_20.32.00,192,sign-optimization-horizontal-vertical_scenario,616,199,3,-1,2,90,90,15,1,111141,AdultMaleAgent(Clone),6,12,1.71,1.58,0,0,False,2,0,0
2026-03-06_20.32.00,192,sign-optimization-horizontal-vertical_scenario,616,199,3,-1,2,90,90,15,1,111142,AdultMaleAgent(Clone),7,11,1.71,1.58,0,0,False,2,0,0
2026-03-06_20.32.00,192,sign-optimization-horizontal-vertical_scenario,616,199,3,-1,2,90,90,15,1,111143,AdultMaleAgent(Clone),5,10,1.71,1.58,0,0,False,2,0,0
2026-03-06_20.32.00,192,sign-optimization-horizontal-vertical_scenario,616,199,3,-1,2,90,90,15,1,111144,AdultFemaleAgent(Clone),6,12,1.58,1.45,0,0,False,2,0,0
2026-03-06_20.32.00,192,sign-optimization-horizontal-vertical_scenario,616,199,3,-1,2,90,90,15,1,111145,AdultFemaleAgent(Clone),6,12,1.58,1.45,0,0,False,2,0,0
2026-03-06_20.32.00,192,sign-optimization-horizontal-vertical_scenario,616,199,3,-1,2,90,90,15,1,111146,WheelchairAgent(Clone),5,10,1.3,1.17,0,0,False,2,0,0
2026-03-06_20.32.00,192,sign-optimization-horizontal-vertical_scenario,616,199,3,-1,2,90,90,15,1,111147,AdultMaleAgent(Clone),6,12,1.71,1.58,0,0,False,2,0,0
2026-03-06_20.32.00,192,sign-optimization-horizontal-vertical_scenario,616,199,3,-1,2,90,90,15,1,111148,AdultMaleAgent(Clone),6,12,1.71,1.58,0,0,False,2,0,0
2026-03-06_20.32.00,192,sign-optimization-horizontal-vertical_scenario,616,199,3,-1,2,90,90,15,1,111149,AdultMaleAgent(Clone),5,10,1.71,1.58,0,0,False,2,0,0
2026-03-06_20.32.00,192,sign-optimization-horizontal-vertical_scenario,616,199,3,-1,2,90,90,15,1,111150,AdultMaleAgent(Clone),10,12,1.71,1.58,0,0,False,3,0,0
2026-03-06_20.32.00,192,sign-optimization-horizontal-vertical_scenario,616,199,3,-1,2,90,90,15,1,111151,WheelchairAgent(Clone),10,12,1.3,1.17,0,0,False,3,0,0
2026-03-06_20.32.00,192,sign-optimization-horizontal-vertical_scenario,616,199,3,-1,2,90,90,15,1,111152,AdultFemaleAgent(Clone),6,12,1.58,1.45,0,0,False,2,0,0
2026-03-06_20.32.00,192,sign-optimization-horizontal-vertical_scenario,616,199,3,-1,2,90,90,15,1,111153,AdultMaleAgent(Clone),5,10,1.71,1.58,0,0,False,2,0,0
2026-03-06_20.32.00,192,sign-optimization-horizontal-vertical_scenario,616,199,3,-1,2,90,90,15,1,111154,AdultFemaleAgent(Clone),10,12,1.58,1.45,0,0,False,3,0,0
2026-03-06_20.32.00,192,sign-optimization-horizontal-vertical_scenario,616,199,3,-1,2,90,90,15,1,111155,AdultMaleAgent(Clone),10,12,1.71,1.58,0,0,False,3,0,0
2026-03-06_20.32.00,192,sign-optimization-horizontal-vertical_scenario,616,199,3,-1,2,90,90,15,1,111156,AdultMaleAgent(Clone),5,10,1.71,1.58,0,0,False,2,0,0
2026-03-06_20.32.00,192,sign-optimization-horizontal-vertical_scenario,616,199,3,-1,2,90,90,15,1,111157,AdultMaleAgent(Clone),5,10,1.71,1.58,0,0,False,2,0,0
2026-03-06_20.32.00,192,sign-optimization-horizontal-vertical_scenario,616,199,3,-1,2,90,90,15,1,111158,WheelchairAgent(Clone),10,12,1.3,1.17,0,0,False,3,0,0
2026-03-06_20.32.00,192,sign-optimization-horizontal-vertical_scenario,616,199,3,-1,2,90,90,15,1,111159,AdultFemaleAgent(Clone),11,10,1.58,1.450001,0,0,False,3,0,0
2026-03-06_20.32.00,192,sign-optimization-horizontal-vertical_scenario,616,199,3,-1,2,90,90,15,1,111160,AdultFemaleAgent(Clone),7,11,1.58,1.450001,0,0,False,2,0,0
2026-03-06_20.32.00,192,sign-optimization-horizontal-vertical_scenario,616,199,3,-1,2,90,90,15,1,111161,AdultMaleAgent(Clone),10,12,1.71,1.58,0,0,False,3,0,0
2026-03-06_20.32.00,192,sign-optimization-horizontal-vertical_scenario,616,199,3,-1,2,90,90,15,1,111162,AdultFemaleAgent(Clone),10,12,1.58,1.45,0,0,False,3,0,0
2026-03-06_20.32.00,192,sign-optimization-horizontal-vertical_scenario,616,199,3,-1,2,90,90,15,1,111163,AdultFemaleAgent(Clone),11,10,1.58,1.450001,0,0,False,3,0,0
2026-03-06_20.32.00,192,sign-optimization-horizontal-vertical_scenario,616,199,3,-1,2,90,90,15,1,111164,AdultFemaleAgent(Clone),10,12,1.58,1.45,0,0,False,3,0,0
2026-03-06_20.32.00,192,sign-optimization-horizontal-vertical_scenario,616,199,3,-1,2,90,90,15,1,111165,AdultFemaleAgent(Clone),6,12,1.58,1.45,0,0,False,2,0,0
2026-03-06_20.32.00,192,sign-optimization-horizontal-vertical_scenario,616,199,3,-1,2,90,90,15,1,111166,WheelchairAgent(Clone),7,11,1.3,1.17,0,0,False,2,0,0
2026-03-06_20.32.00,192,sign-optimization-horizontal-vertical_scenario,616,199,3,-1,2,90,90,15,1,111167,AdultMaleAgent(Clone),5,10,1.71,1.58,0,0,False,2,0,0
2026-03-06_20.32.00,192,sign-optimization-horizontal-vertical_scenario,616,199,3,-1,2,90,90,15,1,111168,AdultMaleAgent(Clone),11,10,1.71,1.58,0,0,False,3,0,0
2026-03-06_20.32.00,192,sign-optimization-horizontal-vertical_scenario,616,199,3,-1,2,90,90,15,1,111169,AdultFemaleAgent(Clone),11,10,1.58,1.450001,0,0,False,3,0,0
2026-03-06_20.32.00,192,sign-optimization-horizontal-vertical_scenario,616,199,3,-1,2,90,90,15,1,111170,AdultFemaleAgent(Clone),10,12,1.58,1.45,0,0,False,3,0,0
2026-03-06_20.32.00,192,sign-optimization-horizontal-vertical_scenario,616,199,3,-1,2,90,90,15,1,111171,AdultFemaleAgent(Clone),5,10,1.58,1.45,0,0,False,2,0,0
2026-03-06_20.32.00,192,sign-optimization-horizontal-vertical_scenario,616,199,3,-1,2,90,90,15,1,111172,WheelchairAgent(Clone),10,12,1.3,1.17,0,0,False,3,0,0
2026-03-06_20.32.00,192,sign-optimization-horizontal-vertical_scenario,616,199,3,-1,2,90,90,15,1,111173,WheelchairAgent(Clone),7,11,1.3,1.17,0,0,False,2,0,0
2026-03-06_20.32.00,192,sign-optimization-horizontal-vertical_scenario,616,199,3,-1,2,90,90,15,1,111174,WheelchairAgent(Clone),11,10,1.3,1.17,0,0,False,3,0,0
2026-03-06_20.32.00,192,sign-optimization-horizontal-vertical_scenario,616,199,3,-1,2,90,90,15,1,111175,AdultMaleAgent(Clone),6,12,1.71,1.58,0,0,False,2,0,0
2026-03-06_20.32.00,192,sign-optimization-horizontal-vertical_scenario,616,199,3,-1,2,90,90,15,1,111176,AdultFemaleAgent(Clone),10,12,1.58,1.45,0,0,False,3,0,0
2026-03-06_20.32.00,192,sign-optimization-horizontal-vertical_scenario,616,199,3,-1,2,90,90,15,1,111177,WheelchairAgent(Clone),11,10,1.3,1.17,0,0,False,3,0,0
2026-03-06_20.32.00,192,sign-optimization-horizontal-vertical_scenario,616,199,3,-1,2,90,90,15,1,111178,AdultFemaleAgent(Clone),7,11,1.58,1.450001,0,0,False,2,0,0
2026-03-06_20.32.00,192,sign-optimization-horizontal-vertical_scenario,616,199,3,-1,2,90,90,15,1,111179,WheelchairAgent(Clone),7,11,1.3,1.17,0,0,False,2,0,0
2026-03-06_20.32.00,192,sign-optimization-horizontal-vertical_scenario,616,199,3,-1,2,90,90,15,1,111180,AdultMaleAgent(Clone),5,10,1.71,1.58,0,0,False,2,0,0
2026-03-06_20.32.00,192,sign-optimization-horizontal-vertical_scenario,616,199,3,-1,2,90,90,15,1,111181,AdultMaleAgent(Clone),6,12,1.71,1.58,0,0,False,2,0,0
2026-03-06_20.32.00,192,sign-optimization-horizontal-vertical_scenario,616,199,3,-1,2,90,90,15,1,111182,AdultFemaleAgent(Clone),10,12,1.58,1.45,0,0,False,3,0,0
2026-03-06_20.32.00,192,sign-optimization-horizontal-vertical_scenario,616,199,3,-1,2,90,90,15,1,111183,AdultMaleAgent(Clone),6,12,1.71,1.58,0,0,False,2,0,0
2026-03-06_20.32.00,192,sign-optimization-horizontal-vertical_scenario,616,199,3,-1,2,90,90,15,1,111184,AdultFemaleAgent(Clone),5,10,1.58,1.45,0,0,False,2,0,0
2026-03-06_20.32.00,192,sign-optimization-horizontal-vertical_scenario,616,199,3,-1,2,90,90,15,1,111185,AdultFemaleAgent(Clone),7,11,1.58,1.450001,0,0,False,2,0,0
2026-03-06_20.32.00,192,sign-optimization-horizontal-vertical_scenario,616,199,3,-1,2,90,90,15,1,111186,AdultFemaleAgent(Clone),7,11,1.58,1.450001,0,0,False,2,0,0
2026-03-06_20.32.00,192,sign-optimization-horizontal-vertical_scenario,616,199,3,-1,2,90,90,15,1,111187,WheelchairAgent(Clone),5,10,1.3,1.17,0,0,False,2,0,0
2026-03-06_20.32.00,192,sign-optimization-horizontal-vertical_scenario,616,199,3,-1,2,90,90,15,1,111188,AdultFemaleAgent(Clone),6,12,1.58,1.45,0,0,False,2,0,0
2026-03-06_20.32.00,192,sign-optimization-horizontal-vertical_scenario,616,199,3,-1,2,90,90,15,1,111189,WheelchairAgent(Clone),5,10,1.3,1.17,0,0,False,2,0,0
2026-03-06_20.32.00,192,sign-optimization-horizontal-vertical_scenario,616,199,3,-1,2,90,90,15,1,111190,WheelchairAgent(Clone),5,10,1.3,1.17,0,0,False,2,0,0
2026-03-06_20.32.00,192,sign-optimization-horizontal-vertical_scenario,616,199,3,-1,2,90,90,15,1,111191,WheelchairAgent(Clone),11,10,1.3,1.17,0,0,False,3,0,0
2026-03-06_20.32.00,192,sign-optimization-horizontal-vertical_scenario,616,199,3,-1,2,90,90,15,1,111192,AdultFemaleAgent(Clone),7,11,1.58,1.450001,0,0,False,2,0,0
2026-03-06_20.32.00,192,sign-optimization-horizontal-vertical_scenario,616,199,3,-1,2,90,90,15,1,111193,AdultFemaleAgent(Clone),5,10,1.58,1.45,0,0,False,2,0,0
2026-03-06_20.32.00,192,sign-optimization-horizontal-vertical_scenario,616,199,3,-1,2,90,90,15,1,111194,AdultMaleAgent(Clone),6,12,1.71,1.58,0,0,False,2,0,0
2026-03-06_20.32.00,192,sign-optimization-horizontal-vertical_scenario,616,199,3,-1,2,90,90,15,1,111195,AdultFemaleAgent(Clone),10,12,1.58,1.45,0,0,False,3,0,0
