Timestamp,RunIndex,ScenarioID,TotalAgents,VisibleSignCount,SignHeight,SignPositionX,SignPositionZ,SignOrientation,VcaAngle,VcaDistance,SignComprehensionTime,AgentID,AgentType,StartNode,GoalNode,Height,EyeHeight,TimeInVCA,TimesInVCA,SawSign,TotalNodesNavigated,NodesWithDetection,RDEffective
2026-03-06_19.45.00,145,sign-optimization-horizontal-vertical_scenario,618,111,3,-12,0,90,90,15,1,83403,AdultMaleAgent(Clone),7,11,1.71,1.58,4.759766,2,True,2,1,0.5
2026-03-06_19.45.00,145,sign-optimization-horizontal-vertical_scenario,618,111,3,-12,0,90,90,15,1,83404,WheelchairAgent(Clone),10,12,1.3,1.17,5.292969,1,False,3,0,0
2026-03-06_19.45.00,145,sign-optimization-horizontal-vertical_scenario,618,111,3,-12,0,90,90,15,1,83405,AdultFemaleAgent(Clone),5,10,1.58,1.45,0,0,False,2,0,0
2026-03-06_19.45.00,145,sign-optimization-horizontal-vertical_scenario,618,111,3,-12,0,90,90,15,1,83406,AdultFemaleAgent(Clone),7,11,1.58,1.450001,5.493164,2,True,2,1,0.5
2026-03-06_19.45.00,145,sign-optimization-horizontal-vertical_scenario,618,111,3,-12,0,90,90,15,1,83407,WheelchairAgent(Clone),11,10,1.3,1.17,0,0,False,3,0,0
2026-03-06_19.45.00,145,sign-optimization-horizontal-vertical_scenario,618,111,3,-12,0,90,90,15,1,83408,AdultMaleAgent(Clone),11,10,1.71,1.58,0,0,False,3,0,0
2026-03-06_19.45.00,145,sign-optimization-horizontal-vertical_scenario,618,111,3,-12,0,90,90,15,1,83409,WheelchairAgent(Clone),5,10,1.3,1.17,2.12793,1,False,2,0,0
2026-03-06_19.45.00,145,sign-optimization-horizontal-vertical_scenario,618,111,3,-12,0,90,90,15,1,83410,AdultMaleAgent(Clone),10,12,1.71,1.58,0,0,False,3,0,0
2026-03-06_19.45.00,145,sign-optimization-horizontal-vertical_scenario,618,111,3,-12,0,90,90,15,1,83411,AdultMaleAgent(Clone),5,10,1.71,1.58,0.9150391,1,False,2,0,0
2026-03-06_19.45.00,145,sign-optimization-horizontal-vertical_scenario,618,111,3,-12,0,90,90,15,1,83412,AdultMaleAgent(Clone),10,12,1.71,1.58,5.579102,1,False,3,0,0
2026-03-06_19.45.00,145,sign-optimization-horizontal-vertical_scenario,618,111,3,-12,0,90,90,15,1,83413,AdultMaleAgent(Clone),6,12,1.71,1.58,10.3584,1,False,2,1,0.5
2026-03-06_19.45.00,145,sign-optimization-horizontal-vertical_scenario,618,111,3,-12,0,90,90,15,1,83414,AdultMaleAgent(Clone),5,10,1.71,1.58,3.358398,1,False,2,1,0.5
2026-03-06_19.45.00,145,sign-optimization-horizontal-vertical_scenario,618,111,3,-12,0,90,90,15,1,83415,WheelchairAgent(Clone),6,12,1.3,1.17,8.445313,1,False,2,0,0
2026-03-06_19.45.00,145,sign-optimization-horizontal-vertical_scenario,618,111,3,-12,0,90,90,15,1,83416,AdultFemaleAgent(Clone),5,10,1.58,1.45,1.05957,1,False,2,0,0
2026-03-06_19.45.00,145,sign-optimization-horizontal-vertical_scenario,618,111,3,-12,0,90,90,15,1,83417,AdultMaleAgent(Clone),7,11,1.71,1.58,5.661133,2,True,2,1,0.5
2026-03-06_19.45.00,145,sign-optimization-horizontal-vertical_scenario,618,111,3,-12,0,90,90,15,1,83418,WheelchairAgent(Clone),6,12,1.3,1.17,8.469727,1,False,2,0,0
2026-03-06_19.45.00,145,sign-optimization-horizontal-vertical_scenario,618,111,3,-12,0,90,90,15,1,83419,WheelchairAgent(Clone),5,10,1.3,1.17,0,0,False,2,0,0
2026-03-06_19.45.00,145,sign-optimization-horizontal-vertical_scenario,618,111,3,-12,0,90,90,15,1,83420,WheelchairAgent(Clone),11,10,1.3,1.17,0,0,False,3,0,0
2026-03-06_19.45.00,145,sign-optimization-horizontal-vertical_scenario,618,111,3,-12,0,90,90,15,1,83421,AdultFemaleAgent(Clone),7,11,1.58,1.450001,4.012695,2,True,2,1,0.5
2026-03-06_19.45.00,145,sign-optimization-horizontal-vertical_scenario,618,111,3,-12,0,90,90,15,1,83422,WheelchairAgent(Clone),10,12,1.3,1.17,4.06543,1,False,3,0,0
2026-03-06_19.45.00,145,sign-optimization-horizontal-vertical_scenario,618,111,3,-12,0,90,90,15,1,83423,AdultMaleAgent(Clone),7,11,1.71,1.58,5.986328,2,True,2,1,0.5
2026-03-06_19.45.00,145,sign-optimization-horizontal-vertical_scenario,618,111,3,-12,0,90,90,15,1,83424,WheelchairAgent(Clone),11,10,1.3,1.17,0,0,False,3,0,0
2026-03-06_19.45.00,145,sign-optimization-horizontal-vertical_scenario,618,111,3,-12,0,90,90,15,1,83425,AdultFemaleAgent(Clone),6,12,1.58,1.45,11.83691,1,False,2,0,0
2026-03-06_19.45.00,145,sign-optimization-horizontal-vertical_scenario,618,111,3,-12,0,90,90,15,1,83426,AdultMaleAgent(Clone),7,11,1.71,1.58,5.713867,2,True,2,1,0.5
2026-03-06_19.45.00,145,sign-optimization-horizontal-vertical_scenario,618,111,3,-12,0,90,90,15,1,83427,WheelchairAgent(Clone),6,12,1.3,1.17,6.415039,1,False,2,0,0
2026-03-06_19.45.00,145,sign-optimization-horizontal-vertical_scenario,618,111,3,-12,0,90,90,15,1,83428,AdultMaleAgent(Clone),5,10,1.71,1.58,0.9443359,1,False,2,0,0
2026-03-06_19.45.00,145,sign-optimization-horizontal-vertical_scenario,618,111,3,-12,0,90,90,15,1,83429,AdultFemaleAgent(Clone),6,12,1.58,1.45,0,0,False,2,0,0
2026-03-06_19.45.00,145,sign-optimization-horizontal-vertical_scenario,618,111,3,-12,0,90,90,15,1,83430,AdultMaleAgent(Clone),10,12,1.71,1.58,4.115234,1,False,3,0,0
2026-03-06_19.45.00,145,sign-optimization-horizontal-vertical_scenario,618,111,3,-12,0,90,90,15,1,83431,AdultMaleAgent(Clone),6,12,1.71,1.58,16.7041,1,False,2,1,0.5
2026-03-06_19.45.00,145,sign-optimization-horizontal-vertical_scenario,618,111,3,-12,0,90,90,15,1,83432,WheelchairAgent(Clone),6,12,1.3,1.17,0,0,False,2,0,0
2026-03-06_19.45.00,145,sign-optimization-horizontal-vertical_scenario,618,111,3,-12,0,90,90,15,1,83433,AdultMaleAgent(Clone),11,10,1.71,1.58,0,0,False,3,0,0
2026-03-06_19.45.00,145,sign-optimization-horizontal-vertical_scenario,618,111,3,-12,0,90,90,15,1,83434,AdultFemaleAgent(Clone),10,12,1.58,1.45,6.645508,1,False,3,0,0
2026-03-06_19.45.00,145,sign-optimization-horizontal-vertical_scenario,618,111,3,-12,0,90,90,15,1,83435,WheelchairAgent(Clone),10,12,1.3,1.17,6.016602,1,False,3,0,0
2026-03-06_19.45.00,145,sign-optimization-horizontal-vertical_scenario,618,111,3,-12,0,90,90,15,1,83436,AdultMaleAgent(Clone),7,11,1.71,1.58,3.616211,2,True,2,1,0.5
2026-03-06_19.45.00,145,sign-optimization-horizontal-vertical_scenario,618,111,3,-12,0,90,90,15,1,83437,WheelchairAgent(Clone),5,10,1.3,1.17,2.544922,1,False,2,0,0
2026-03-06_19.45.00,145,sign-optimization-horizontal-vertical_scenario,618,111,3,-12,0,90,90,15,1,83438,WheelchairAgent(Clone),7,11,1.3,1.17,5.805664,2,True,2,1,0.5
2026-03-06_19.45.00,145,sign-optimization-horizontal-vertical_scenario,618,111,3,-12,0,90,90,15,1,83439,WheelchairAgent(Clone),5,10,1.3,1.17,3.601563,1,False,2,1,0.5
2026-03-06_19.45.00,145,sign-optimization-horizontal-vertical_scenario,618,111,3,-12,0,90,90,15,1,83440,AdultFemaleAgent(Clone),5,10,1.58,1.45,0,0,False,2,0,0
2026-03-06_19.45.00,145,sign-optimization-horizontal-vertical_scenario,618,111,3,-12,0,90,90,15,1,83441,AdultFemaleAgent(Clone),7,11,1.58,1.450001,3.664063,2,True,2,1,0.5
2026-03-06_19.45.00,145,sign-optimization-horizontal-vertical_scenario,618,111,3,-12,0,90,90,15,1,83442,AdultFemaleAgent(Clone),11,10,1.58,1.450001,10.49023,1,False,3,0,0
2026-03-06_19.45.00,145,sign-optimization-horizontal-vertical_scenario,618,111,3,-12,0,90,90,15,1,83443,WheelchairAgent(Clone),11,10,1.3,1.17,0,0,False,3,0,0
2026-03-06_19.45.00,145,sign-optimization-horizontal-vertical_scenario,618,111,3,-12,0,90,90,15,1,83444,WheelchairAgent(Clone),11,10,1.3,1.17,0,0,False,3,0,0
2026-03-06_19.45.00,145,sign-optimization-horizontal-vertical_scenario,618,111,3,-12,0,90,90,15,1,83445,AdultMaleAgent(Clone),5,10,1.71,1.58,0,0,False,2,0,0
2026-03-06_19.45.00,145,sign-optimization-horizontal-vertical_scenario,618,111,3,-12,0,90,90,15,1,83446,AdultMaleAgent(Clone),11,10,1.71,1.58,0,0,False,3,0,0
2026-03-06_19.45.00,145,sign-optimization-horizontal-vertical_scenario,618,111,3,-12,0,90,90,15,1,83447,AdultMaleAgent(Clone),10,12,1.71,1.58,7.836914,1,False,3,0,0
2026-03-06_19.45.00,145,sign-optimization-horizontal-vertical_scenario,618,111,3,-12,0,90,90,15,1,83448,AdultMaleAgent(Clone),10,12,1.71,1.58,6.549805,1,False,3,0,0
2026-03-06_19.45.00,145,sign-optimization-horizontal-vertical_scenario,618,111,3,-12,0,90,90,15,1,83449,WheelchairAgent(Clone),5,10,1.3,1.17,0,0,False,2,0,0
2026-03-06_19.45.00,145,sign-optimization-horizontal-vertical_scenario,618,111,3,-12,0,90,90,15,1,83450,AdultMaleAgent(Clone),5,10,1.71,1.58,2.010742,1,False,2,0,0
2026-03-06_19.45.00,145,sign-optimization-horizontal-vertical_scenario,618,111,3,-12,0,90,90,15,1,83451,AdultFemaleAgent(Clone),11,10,1.58,1.450001,0,0,False,3,0,0
2026-03-06_19.45.00,145,sign-optimization-horizontal-vertical_scenario,618,111,3,-12,0,90,90,15,1,83452,WheelchairAgent(Clone),10,12,1.3,1.17,7.384766,1,False,3,0,0
2026-03-06_19.45.00,145,sign-optimization-horizontal-vertical_scenario,618,111,3,-12,0,90,90,15,1,83453,AdultMaleAgent(Clone),5,10,1.71,1.58,0.1083984,1,False,2,0,0
2026-03-06_19.45.00,145,sign-optimization-horizontal-vertical_scenario,618,111,3,-12,0,90,90,15,1,83454,AdultFemaleAgent(Clone),7,11,1.58,1.450001,4.679688,2,True,2,1,0.5
2026-03-06_19.45.00,145,sign-optimization-horizontal-vertical_scenario,618,111,3,-12,0,90,90,15,1,83455,WheelchairAgent(Clone),11,10,1.3,1.17,0,0,False,3,0,0
2026-03-06_19.45.00,145,sign-optimization-horizontal-vertical_scenario,618,111,3,-12,0,90,90,15,1,83456,AdultFemaleAgent(Clone),6,12,1.58,1.45,11.56055,1,False,2,0,0
2026-03-06_19.45.00,145,sign-optimization-horizontal-vertical_scenario,618,111,3,-12,0,90,90,15,1,83457,WheelchairAgent(Clone),10,12,1.3,1.17,1.547852,1,False,3,0,0
2026-03-06_19.45.00,145,sign-optimization-horizontal-vertical_scenario,618,111,3,-12,0,90,90,15,1,83458,WheelchairAgent(Clone),7,11,1.3,1.17,5.828125,2,True,2,1,0.5
2026-03-06_19.45.00,145,sign-optimization-horizontal-vertical_scenario,618,111,3,-12,0,90,90,15,1,83459,AdultFemaleAgent(Clone),10,12,1.58,1.45,6.066406,1,False,3,0,0
2026-03-06_19.45.00,145,sign-optimization-horizontal-vertical_scenario,618,111,3,-12,0,90,90,15,1,83460,WheelchairAgent(Clone),6,12,1.3,1.17,0,0,False,2,0,0
2026-03-06_19.45.00,145,sign-optimization-horizontal-vertical_scenario,618,111,3,-12,0,90,90,15,1,83461,AdultMaleAgent(Clone),7,11,1.71,1.58,5.342773,2,True,2,1,0.5
2026-03-06_19.45.00,145,sign-optimization-horizontal-vertical_scenario,618,111,3,-12,0,90,90,15,1,83462,WheelchairAgent(Clone),6,12,1.3,1.17,5.197266,1,False,2,0,0
2026-03-06_19.45.00,145,sign-optimization-horizontal-vertical_scenario,618,111,3,-12,0,90,90,15,1,83463,AdultFemaleAgent(Clone),6,12,1.58,1.45,11.11816,1,False,2,0,0
2026-03-06_19.45.00,145,sign-optimization-horizontal-vertical_scenario,618,111,3,-12,0,90,90,15,1,83464,AdultFemaleAgent(Clone),7,11,1.58,1.450001,4.402344,2,True,2,1,0.5
2026-03-06_19.45.00,145,sign-optimization-horizontal-vertical_scenario,618,111,3,-12,0,90,90,15,1,83465,AdultFemaleAgent(Clone),5,10,1.58,1.45,2.871094,1,False,2,1,0.5
2026-03-06_19.45.00,145,sign-optimization-horizontal-vertical_scenario,618,111,3,-12,0,90,90,15,1,83466,AdultFemaleAgent(Clone),10,12,1.58,1.45,4.27832,1,False,3,0,0
2026-03-06_19.45.00,145,sign-optimization-horizontal-vertical_scenario,618,111,3,-12,0,90,90,15,1,83467,AdultMaleAgent(Clone),11,10,1.71,1.58,0,0,False,3,0,0
2026-03-06_19.45.00,145,sign-optimization-horizontal-vertical_scenario,618,111,3,-12,0,90,90,15,1,83468,AdultMaleAgent(Clone),11,10,1.71,1.58,0,0,False,3,0,0
2026-03-06_19.45.00,145,sign-optimization-horizontal-vertical_scenario,618,111,3,-12,0,90,90,15,1,83469,AdultFemaleAgent(Clone),10,12,1.58,1.45,4.963867,1,False,3,0,0
2026-03-06_19.45.00,145,sign-optimization-horizontal-vertical_scenario,618,111,3,-12,0,90,90,15,1,83470,AdultFemaleAgent(Clone),6,12,1.58,1.45,4.733398,1,False,2,0,0
2026-03-06_19.45.00,145,sign-optimization-horizontal-vertical_scenario,618,111,3,-12,0,90,90,15,1,83471,AdultMaleAgent(Clone),10,12,1.71,1.58,8.539063,1,False,3,0,0
2026-03-06_19.45.00,145,sign-optimization-horizontal-vertical_scenario,618,111,3,-12,0,90,90,15,1,83472,WheelchairAgent(Clone),7,11,1.3,1.17,5.888672,2,True,2,1,0.5
2026-03-06_19.45.00,145,sign-optimization-horizontal-vertical_scenario,618,111,3,-12,0,90,90,15,1,83473,AdultMaleAgent(Clone),6,12,1.71,1.58,0,0,False,2,0,0
2026-03-06_19.45.00,145,sign-optimization-horizontal-vertical_scenario,618,111,3,-12,0,90,90,15,1,83474,WheelchairAgent(Clone),10,12,1.3,1.17,5.952148,1,False,3,0,0
2026-03-06_19.45.00,145,sign-optimization-horizontal-vertical_scenario,618,111,3,-12,0,90,90,15,1,83475,WheelchairAgent(Clone),10,12,1.3,1.17,6.735352,1,False,3,0,0
2026-03-06_19.45.00,145,sign-optimization-horizontal-vertical_scenario,618,111,3,-12,0,90,90,15,1,83476,AdultFemaleAgent(Clone),7,11,1.58,1.450001,3.109375,2,True,2,1,0.5
2026-03-06_19.45.00,145,sign-optimization-horizontal-vertical_scenario,618,111,3,-12,0,90,90,15,1,83477,WheelchairAgent(Clone),11,10,1.3,1.17,0,0,False,3,0,0
2026-03-06_19.45.00,145,sign-optimization-horizontal-vertical_scenario,618,111,3,-12,0,90,90,15,1,83478,AdultFemaleAgent(Clone),7,11,1.58,1.450001,5.341797,2,True,2,1,0.5
2026-03-06_19.45.00,145,sign-optimization-horizontal-vertical_scenario,618,111,3,-12,0,90,90,15,1,83479,WheelchairAgent(Clone),6,12,1.3,1.17,0,0,False,2,0,0
2026-03-06_19.45.00,145,sign-optimization-horizontal-vertical_scenario,618,111,3,-12,0,90,90,15,1,83480,AdultMaleAgent(Clone),7,11,1.71,1.58,5.568359,2,True,2,1,0.5
2026-03-06_19.45.00,145,sign-optimization-horizontal-vertical_scenario,618,111,3,-12,0,90,90,15,1,83481,WheelchairAgent(Clone),10,12,1.3,1.17,6.794922,1,False,3,0,0
2026-03-06_19.45.00,145,sign-optimization-horizontal-vertical_scenario,618,111,3,-12,0,90,90,15,1,83482,WheelchairAgent(Clone),7,11,1.3,1.17,3.816406,2,True,2,1,0.5
2026-03-06_19.45.00,145,sign-optimization-horizontal-vertical_scenario,618,111,3,-12,0,90,90,15,1,83483,AdultMaleAgent(Clone),10,12,1.71,1.58,7.674805,1,False,3,0,0
2026-03-06_19.45.00,145,sign-optimization-horizontal-vertical_scenario,618,111,3,-12,0,90,90,15,1,83484,AdultMaleAgent(Clone),5,10,1.71,1.58,0,0,False,2,0,0
2026-03-06_19.45.00,145,sign-optimization-horizontal-vertical_scenario,618,111,3,-12,0,90,90,15,1,83485,WheelchairAgent(Clone),10,12,1.3,1.17,9.003906,1,False,3,0,0
2026-03-06_19.45.00,145,sign-optimization-horizontal-vertical_scenario,618,111,3,-12,0,90,90,15,1,83486,WheelchairAgent(Clone),11,10,1.3,1.17,0,0,False,3,0,0
2026-03-06_19.45.00,145,sign-optimization-horizontal-vertical_scenario,618,111,3,-12,0,90,90,15,1,83487,WheelchairAgent(Clone),11,10,1.3,1.17,0,0,False,3,0,0
2026-03-06_19.45.00,145,sign-optimization-horizontal-vertical_scenario,618,111,3,-12,0,90,90,15,1,83488,AdultMaleAgent(Clone),5,10,1.71,1.58,0,0,False,2,0,0
2026-03-06_19.45.00,145,sign-optimization-horizontal-vertical_scenario,618,111,3,-12,0,90,90,15,1,83489,AdultMaleAgent(Clone),6,12,1.71,1.58,0,0,False,2,0,0
2026-03-06_19.45.00,145,sign-optimization-horizontal-vertical_scenario,618,111,3,-12,0,90,90,15,1,83490,WheelchairAgent(Clone),5,10,1.3,1.17,4.257813,1,False,2,1,0.5
2026-03-06_19.45.00,145,sign-optimization-horizontal-vertical_scenario,618,111,3,-12,0,90,90,15,1,83491,WheelchairAgent(Clone),10,12,1.3,1.17,0,0,False,3,0,0
2026-03-06_19.45.00,145,sign-optimization-horizontal-vertical_scenario,618,111,3,-12,0,90,90,15,1,83492,WheelchairAgent(Clone),10,12,1.3,1.17,7.185547,1,False,3,0,0
2026-03-06_19.45.00,145,sign-optimization-horizontal-vertical_scenario,618,111,3,-12,0,90,90,15,1,83493,WheelchairAgent(Clone),7,11,1.3,1.17,5.841797,2,True,2,1,0.5
2026-03-06_19.45.00,145,sign-optimization-horizontal-vertical_scenario,618,111,3,-12,0,90,90,15,1,83494,WheelchairAgent(Clone),6,12,1.3,1.17,10.80859,1,False,2,0,0
2026-03-06_19.45.00,145,sign-optimization-horizontal-vertical_scenario,618,111,3,-12,0,90,90,15,1,83495,AdultMaleAgent(Clone),7,11,1.71,1.58,5.462891,2,True,2,1,0.5
2026-03-06_19.45.00,145,sign-optimization-horizontal-vertical_scenario,618,111,3,-12,0,90,90,15,1,83496,AdultMaleAgent(Clone),5,10,1.71,1.58,0,0,False,2,0,0
2026-03-06_19.45.00,145,sign-optimization-horizontal-vertical_scenario,618,111,3,-12,0,90,90,15,1,83497,AdultMaleAgent(Clone),5,10,1.71,1.58,0.9423828,1,False,2,0,0
2026-03-06_19.45.00,145,sign-optimization-horizontal-vertical_scenario,618,111,3,-12,0,90,90,15,1,83498,AdultMaleAgent(Clone),5,10,1.71,1.58,2.396484,1,False,2,1,0.5
2026-03-06_19.45.00,145,sign-optimization-horizontal-vertical_scenario,618,111,3,-12,0,90,90,15,1,83499,AdultMaleAgent(Clone),10,12,1.71,1.58,1.87793,1,False,3,0,0
2026-03-06_19.45.00,145,sign-optimization-horizontal-vertical_scenario,618,111,3,-12,0,90,90,15,1,83500,WheelchairAgent(Clone),5,10,1.3,1.17,3.313477,1,False,2,1,0.5
2026-03-06_19.45.00,145,sign-optimization-horizontal-vertical_scenario,618,111,3,-12,0,90,90,15,1,83501,AdultMaleAgent(Clone),6,12,1.71,1.58,0,0,False,2,0,0
2026-03-06_19.45.00,145,sign-optimization-horizontal-vertical_scenario,618,111,3,-12,0,90,90,15,1,83502,AdultFemaleAgent(Clone),7,11,1.58,1.450001,5.410156,2,True,2,1,0.5
2026-03-06_19.45.00,145,sign-optimization-horizontal-vertical_scenario,618,111,3,-12,0,90,90,15,1,83503,WheelchairAgent(Clone),6,12,1.3,1.17,0,0,False,2,0,0
2026-03-06_19.45.00,145,sign-optimization-horizontal-vertical_scenario,618,111,3,-12,0,90,90,15,1,83504,AdultMaleAgent(Clone),11,10,1.71,1.58,0,0,False,3,0,0
2026-03-06_19.45.00,145,sign-optimization-horizontal-vertical_scenario,618,111,3,-12,0,90,90,15,1,83505,WheelchairAgent(Clone),6,12,1.3,1.17,15.73145,1,False,2,1,0.5
2026-03-06_19.45.00,145,sign-optimization-horizontal-vertical_scenario,618,111,3,-12,0,90,90,15,1,83506,WheelchairAgent(Clone),5,10,1.3,1.17,0.8857422,1,False,2,0,0
2026-03-06_19.45.00,145,sign-optimization-horizontal-vertical_scenario,618,111,3,-12,0,90,90,15,1,83507,AdultMaleAgent(Clone),11,10,1.71,1.58,0,0,False,3,0,0
2026-03-06_19.45.00,145,sign-optimization-horizontal-vertical_scenario,618,111,3,-12,0,90,90,15,1,83508,AdultMaleAgent(Clone),10,12,1.71,1.58,7.850586,1,False,3,0,0
2026-03-06_19.45.00,145,sign-optimization-horizontal-vertical_scenario,618,111,3,-12,0,90,90,15,1,83509,AdultFemaleAgent(Clone),10,12,1.58,1.45,7.819336,1,False,3,0,0
2026-03-06_19.45.00,145,sign-optimization-horizontal-vertical_scenario,618,111,3,-12,0,90,90,15,1,83510,AdultMaleAgent(Clone),7,11,1.71,1.58,5.089844,2,True,2,1,0.5
2026-03-06_19.45.00,145,sign-optimization-horizontal-vertical_scenario,618,111,3,-12,0,90,90,15,1,83511,AdultMaleAgent(Clone),7,11,1.71,1.58,5.731445,2,True,2,1,0.5
2026-03-06_19.45.00,145,sign-optimization-horizontal-vertical_scenario,618,111,3,-12,0,90,90,15,1,83512,AdultMaleAgent(Clone),11,10,1.71,1.58,0,0,False,3,0,0
2026-03-06_19.45.00,145,sign-optimization-horizontal-vertical_scenario,618,111,3,-12,0,90,90,15,1,83513,WheelchairAgent(Clone),5,10,1.3,1.17,2.678711,1,False,2,1,0.5
2026-03-06_19.45.00,145,sign-optimization-horizontal-vertical_scenario,618,111,3,-12,0,90,90,15,1,83514,WheelchairAgent(Clone),6,12,1.3,1.17,9.459961,1,False,2,0,0
2026-03-06_19.45.00,145,sign-optimization-horizontal-vertical_scenario,618,111,3,-12,0,90,90,15,1,83515,AdultMaleAgent(Clone),5,10,1.71,1.58,2.584961,1,False,2,1,0.5
2026-03-06_19.45.00,145,sign-optimization-horizontal-vertical_scenario,618,111,3,-12,0,90,90,15,1,83516,WheelchairAgent(Clone),5,10,1.3,1.17,0,0,False,2,0,0
2026-03-06_19.45.00,145,sign-optimization-horizontal-vertical_scenario,618,111,3,-12,0,90,90,15,1,83517,AdultMaleAgent(Clone),7,11,1.71,1.58,7.324219,2,True,2,1,0.5
2026-03-06_19.45.00,145,sign-optimization-horizontal-vertical_scenario,618,111,3,-12,0,90,90,15,1,83518,AdultFemaleAgent(Clone),10,12,1.58,1.45,8.396484,1,False,3,0,0
2026-03-06_19.45.00,145,sign-optimization-horizontal-vertical_scenario,618,111,3,-12,0,90,90,15,1,83519,WheelchairAgent(Clone),5,10,1.3,1.17,1.841797,1,False,2,0,0
2026-03-06_19.45.00,145,sign-optimization-horizontal-vertical_scenario,618,111,3,-12,0,90,90,15,1,83520,WheelchairAgent(Clone),6,12,1.3,1.17,9.458984,1,False,2,0,0
2026-03-06_19.45.00,145,sign-optimization-horizontal-vertical_scenario,618,111,3,-12,0,90,90,15,1,83521,WheelchairAgent(Clone),6,12,1.3,1.17,14.00391,1,False,2,0,0
2026-03-06_19.45.00,145,sign-optimization-horizontal-vertical_scenario,618,111,3,-12,0,90,90,15,1,83522,AdultFemaleAgent(Clone),6,12,1.58,1.45,0,0,False,2,0,0
2026-03-06_19.45.00,145,sign-optimization-horizontal-vertical_scenario,618,111,3,-12,0,90,90,15,1,83523,AdultMaleAgent(Clone),10,12,1.71,1.58,3.1875,2,False,3,1,0.3333333
2026-03-06_19.45.00,145,sign-optimization-horizontal-vertical_scenario,618,111,3,-12,0,90,90,15,1,83524,WheelchairAgent(Clone),5,10,1.3,1.17,0,0,False,2,0,0
2026-03-06_19.45.00,145,sign-optimization-horizontal-vertical_scenario,618,111,3,-12,0,90,90,15,1,83525,WheelchairAgent(Clone),11,10,1.3,1.17,0,0,False,3,0,0
2026-03-06_19.45.00,145,sign-optimization-horizontal-vertical_scenario,618,111,3,-12,0,90,90,15,1,83526,AdultFemaleAgent(Clone),6,12,1.58,1.45,4.446289,1,False,2,0,0
2026-03-06_19.45.00,145,sign-optimization-horizontal-vertical_scenario,618,111,3,-12,0,90,90,15,1,83527,WheelchairAgent(Clone),11,10,1.3,1.17,0,0,False,3,0,0
2026-03-06_19.45.00,145,sign-optimization-horizontal-vertical_scenario,618,111,3,-12,0,90,90,15,1,83528,AdultMaleAgent(Clone),7,11,1.71,1.58,4.293945,2,True,2,1,0.5
2026-03-06_19.45.00,145,sign-optimization-horizontal-vertical_scenario,618,111,3,-12,0,90,90,15,1,83529,WheelchairAgent(Clone),11,10,1.3,1.17,0,0,False,3,0,0
2026-03-06_19.45.00,145,sign-optimization-horizontal-vertical_scenario,618,111,3,-12,0,90,90,15,1,83530,AdultMaleAgent(Clone),5,10,1.71,1.58,0.5390625,1,False,2,0,0
2026-03-06_19.45.00,145,sign-optimization-horizontal-vertical_scenario,618,111,3,-12,0,90,90,15,1,83531,AdultMaleAgent(Clone),11,10,1.71,1.58,0,0,False,3,0,0
2026-03-06_19.45.00,145,sign-optimization-horizontal-vertical_scenario,618,111,3,-12,0,90,90,15,1,83532,WheelchairAgent(Clone),5,10,1.3,1.17,2.074219,1,False,2,0,0
2026-03-06_19.45.00,145,sign-optimization-horizontal-vertical_scenario,618,111,3,-12,0,90,90,15,1,83533,AdultFemaleAgent(Clone),6,12,1.58,1.45,11.23828,1,False,2,1,0.5
2026-03-06_19.45.00,145,sign-optimization-horizontal-vertical_scenario,618,111,3,-12,0,90,90,15,1,83534,WheelchairAgent(Clone),6,12,1.3,1.17,8.298828,1,False,2,0,0
2026-03-06_19.45.00,145,sign-optimization-horizontal-vertical_scenario,618,111,3,-12,0,90,90,15,1,83535,WheelchairAgent(Clone),11,10,1.3,1.17,0,0,False,3,0,0
2026-03-06_19.45.00,145,sign-optimization-horizontal-vertical_scenario,618,111,3,-12,0,90,90,15,1,83536,AdultFemaleAgent(Clone),10,12,1.58,1.45,5.726563,1,False,3,0,0
2026-03-06_19.45.00,145,sign-optimization-horizontal-vertical_scenario,618,111,3,-12,0,90,90,15,1,83537,WheelchairAgent(Clone),10,12,1.3,1.17,8.271484,1,False,3,0,0
2026-03-06_19.45.00,145,sign-optimization-horizontal-vertical_scenario,618,111,3,-12,0,90,90,15,1,83538,AdultMaleAgent(Clone),7,11,1.71,1.58,6.973633,2,True,2,1,0.5
2026-03-06_19.45.00,145,sign-optimization-horizontal-vertical_scenario,618,111,3,-12,0,90,90,15,1,83539,AdultFemaleAgent(Clone),6,12,1.58,1.45,8.329102,1,False,2,0,0
2026-03-06_19.45.00,145,sign-optimization-horizontal-vertical_scenario,618,111,3,-12,0,90,90,15,1,83540,AdultFemaleAgent(Clone),5,10,1.58,1.45,3.276367,1,False,2,1,0.5
2026-03-06_19.45.00,145,sign-optimization-horizontal-vertical_scenario,618,111,3,-12,0,90,90,15,1,83541,AdultFemaleAgent(Clone),10,12,1.58,1.45,7.487305,1,False,3,0,0
2026-03-06_19.45.00,145,sign-optimization-horizontal-vertical_scenario,618,111,3,-12,0,90,90,15,1,83542,AdultMaleAgent(Clone),7,11,1.71,1.58,7.764648,2,True,2,1,0.5
2026-03-06_19.45.00,145,sign-optimization-horizontal-vertical_scenario,618,111,3,-12,0,90,90,15,1,83543,AdultMaleAgent(Clone),10,12,1.71,1.58,9.764648,1,False,3,0,0
2026-03-06_19.45.00,145,sign-optimization-horizontal-vertical_scenario,618,111,3,-12,0,90,90,15,1,83544,AdultMaleAgent(Clone),6,12,1.71,1.58,11.49023,1,False,2,1,0.5
2026-03-06_19.45.00,145,sign-optimization-horizontal-vertical_scenario,618,111,3,-12,0,90,90,15,1,83545,AdultMaleAgent(Clone),7,11,1.71,1.58,5.492188,2,True,2,1,0.5
2026-03-06_19.45.00,145,sign-optimization-horizontal-vertical_scenario,618,111,3,-12,0,90,90,15,1,83546,AdultFemaleAgent(Clone),10,12,1.58,1.45,6.299805,1,False,3,0,0
2026-03-06_19.45.00,145,sign-optimization-horizontal-vertical_scenario,618,111,3,-12,0,90,90,15,1,83547,AdultFemaleAgent(Clone),5,10,1.58,1.45,0,0,False,2,0,0
2026-03-06_19.45.00,145,sign-optimization-horizontal-vertical_scenario,618,111,3,-12,0,90,90,15,1,83548,WheelchairAgent(Clone),11,10,1.3,1.17,0,0,False,3,0,0
2026-03-06_19.45.00,145,sign-optimization-horizontal-vertical_scenario,618,111,3,-12,0,90,90,15,1,83549,AdultFemaleAgent(Clone),5,10,1.58,1.45,2.314453,1,False,2,0,0
2026-03-06_19.45.00,145,sign-optimization-horizontal-vertical_scenario,618,111,3,-12,0,90,90,15,1,83550,WheelchairAgent(Clone),10,12,1.3,1.17,9.058594,1,False,3,0,0
2026-03-06_19.45.00,145,sign-optimization-horizontal-vertical_scenario,618,111,3,-12,0,90,90,15,1,83551,AdultMaleAgent(Clone),10,12,1.71,1.58,0,0,False,3,0,0
2026-03-06_19.45.00,145,sign-optimization-horizontal-vertical_scenario,618,111,3,-12,0,90,90,15,1,83552,AdultFemaleAgent(Clone),11,10,1.58,1.450001,0,0,False,3,0,0
2026-03-06_19.45.00,145,sign-optimization-horizontal-vertical_scenario,618,111,3,-12,0,90,90,15,1,83553,AdultMaleAgent(Clone),11,10,1.71,1.58,0,0,False,3,0,0
2026-03-06_19.45.00,145,sign-optimization-horizontal-vertical_scenario,618,111,3,-12,0,90,90,15,1,83554,AdultMaleAgent(Clone),11,10,1.71,1.58,0,0,False,3,0,0
2026-03-06_19.45.00,145,sign-optimization-horizontal-vertical_scenario,618,111,3,-12,0,90,90,15,1,83555,WheelchairAgent(Clone),6,12,1.3,1.17,10.66602,1,False,2,0,0
2026-03-06_19.45.00,145,sign-optimization-horizontal-vertical_scenario,618,111,3,-12,0,90,90,15,1,83556,WheelchairAgent(Clone),10,12,1.3,1.17,5.261719,1,False,3,0,0
2026-03-06_19.45.00,145,sign-optimization-horizontal-vertical_scenario,618,111,3,-12,0,90,90,15,1,83557,WheelchairAgent(Clone),11,10,1.3,1.17,0,0,False,3,0,0
2026-03-06_19.45.00,145,sign-optimization-horizontal-vertical_scenario,618,111,3,-12,0,90,90,15,1,83558,WheelchairAgent(Clone),7,11,1.3,1.17,3.356445,2,True,2,1,0.5
2026-03-06_19.45.00,145,sign-optimization-horizontal-vertical_scenario,618,111,3,-12,0,90,90,15,1,83559,WheelchairAgent(Clone),6,12,1.3,1.17,0,0,False,2,0,0
2026-03-06_19.45.00,145,sign-optimization-horizontal-vertical_scenario,618,111,3,-12,0,90,90,15,1,83560,AdultFemaleAgent(Clone),11,10,1.58,1.450001,0,0,False,3,0,0
2026-03-06_19.45.00,145,sign-optimization-horizontal-vertical_scenario,618,111,3,-12,0,90,90,15,1,83561,AdultMaleAgent(Clone),7,11,1.71,1.58,5.236328,2,True,2,1,0.5
2026-03-06_19.45.00,145,sign-optimization-horizontal-vertical_scenario,618,111,3,-12,0,90,90,15,1,83562,WheelchairAgent(Clone),6,12,1.3,1.17,12.20605,1,False,2,1,0.5
2026-03-06_19.45.00,145,sign-optimization-horizontal-vertical_scenario,618,111,3,-12,0,90,90,15,1,83563,WheelchairAgent(Clone),7,11,1.3,1.17,6.137695,2,True,2,1,0.5
2026-03-06_19.45.00,145,sign-optimization-horizontal-vertical_scenario,618,111,3,-12,0,90,90,15,1,83564,AdultMaleAgent(Clone),10,12,1.71,1.58,2.070313,1,False,3,0,0
2026-03-06_19.45.00,145,sign-optimization-horizontal-vertical_scenario,618,111,3,-12,0,90,90,15,1,83565,WheelchairAgent(Clone),11,10,1.3,1.17,0,0,False,3,0,0
2026-03-06_19.45.00,145,sign-optimization-horizontal-vertical_scenario,618,111,3,-12,0,90,90,15,1,83566,AdultMaleAgent(Clone),7,11,1.71,1.58,4.085938,2,False,2,0,0
2026-03-06_19.45.00,145,sign-optimization-horizontal-vertical_scenario,618,111,3,-12,0,90,90,15,1,83567,AdultFemaleAgent(Clone),6,12,1.58,1.45,11.87012,1,False,2,1,0.5
2026-03-06_19.45.00,145,sign-optimization-horizontal-vertical_scenario,618,111,3,-12,0,90,90,15,1,83568,WheelchairAgent(Clone),11,10,1.3,1.17,0,0,False,3,0,0
2026-03-06_19.45.00,145,sign-optimization-horizontal-vertical_scenario,618,111,3,-12,0,90,90,15,1,83569,AdultFemaleAgent(Clone),5,10,1.58,1.45,0,0,False,2,0,0
2026-03-06_19.45.00,145,sign-optimization-horizontal-vertical_scenario,618,111,3,-12,0,90,90,15,1,83570,AdultFemaleAgent(Clone),11,10,1.58,1.450001,0,0,False,3,0,0
2026-03-06_19.45.00,145,sign-optimization-horizontal-vertical_scenario,618,111,3,-12,0,90,90,15,1,83571,WheelchairAgent(Clone),11,10,1.3,1.17,0,0,False,3,0,0
2026-03-06_19.45.00,145,sign-optimization-horizontal-vertical_scenario,618,111,3,-12,0,90,90,15,1,83572,WheelchairAgent(Clone),6,12,1.3,1.17,7.639648,1,False,2,0,0
2026-03-06_19.45.00,145,sign-optimization-horizontal-vertical_scenario,618,111,3,-12,0,90,90,15,1,83573,AdultMaleAgent(Clone),6,12,1.71,1.58,12.79297,1,False,2,1,0.5
2026-03-06_19.45.00,145,sign-optimization-horizontal-vertical_scenario,618,111,3,-12,0,90,90,15,1,83574,AdultMaleAgent(Clone),10,12,1.71,1.58,3.65332,1,False,3,0,0
2026-03-06_19.45.00,145,sign-optimization-horizontal-vertical_scenario,618,111,3,-12,0,90,90,15,1,83575,WheelchairAgent(Clone),7,11,1.3,1.17,4.011719,2,True,2,1,0.5
2026-03-06_19.45.00,145,sign-optimization-horizontal-vertical_scenario,618,111,3,-12,0,90,90,15,1,83576,WheelchairAgent(Clone),7,11,1.3,1.17,6.138672,2,True,2,1,0.5
2026-03-06_19.45.00,145,sign-optimization-horizontal-vertical_scenario,618,111,3,-12,0,90,90,15,1,83577,WheelchairAgent(Clone),10,12,1.3,1.17,6.466797,1,False,3,0,0
2026-03-06_19.45.00,145,sign-optimization-horizontal-vertical_scenario,618,111,3,-12,0,90,90,15,1,83578,AdultFemaleAgent(Clone),10,12,1.58,1.45,6.6875,1,False,3,0,0
2026-03-06_19.45.00,145,sign-optimization-horizontal-vertical_scenario,618,111,3,-12,0,90,90,15,1,83579,WheelchairAgent(Clone),6,12,1.3,1.17,11.73926,1,False,2,1,0.5
2026-03-06_19.45.00,145,sign-optimization-horizontal-vertical_scenario,618,111,3,-12,0,90,90,15,1,83580,AdultFemaleAgent(Clone),6,12,1.58,1.45,3.272461,1,False,2,0,0
2026-03-06_19.45.00,145,sign-optimization-horizontal-vertical_scenario,618,111,3,-12,0,90,90,15,1,83581,AdultFemaleAgent(Clone),5,10,1.58,1.45,0,0,False,2,0,0
2026-03-06_19.45.00,145,sign-optimization-horizontal-vertical_scenario,618,111,3,-12,0,90,90,15,1,83582,WheelchairAgent(Clone),11,10,1.3,1.17,0,0,False,3,0,0
2026-03-06_19.45.00,145,sign-optimization-horizontal-vertical_scenario,618,111,3,-12,0,90,90,15,1,83583,AdultFemaleAgent(Clone),10,12,1.58,1.45,6.814453,1,False,3,0,0
2026-03-06_19.45.00,145,sign-optimization-horizontal-vertical_scenario,618,111,3,-12,0,90,90,15,1,83584,AdultFemaleAgent(Clone),7,11,1.58,1.450001,2.638672,2,True,2,1,0.5
2026-03-06_19.45.00,145,sign-optimization-horizontal-vertical_scenario,618,111,3,-12,0,90,90,15,1,83585,AdultFemaleAgent(Clone),10,12,1.58,1.45,2.478516,1,False,3,0,0
2026-03-06_19.45.00,145,sign-optimization-horizontal-vertical_scenario,618,111,3,-12,0,90,90,15,1,83586,WheelchairAgent(Clone),11,10,1.3,1.17,0,0,False,3,0,0
2026-03-06_19.45.00,145,sign-optimization-horizontal-vertical_scenario,618,111,3,-12,0,90,90,15,1,83587,AdultMaleAgent(Clone),10,12,1.71,1.58,7.480469,1,False,3,0,0
2026-03-06_19.45.00,145,sign-optimization-horizontal-vertical_scenario,618,111,3,-12,0,90,90,15,1,83588,WheelchairAgent(Clone),5,10,1.3,1.17,3.164063,1,False,2,1,0.5
2026-03-06_19.45.00,145,sign-optimization-horizontal-vertical_scenario,618,111,3,-12,0,90,90,15,1,83589,WheelchairAgent(Clone),5,10,1.3,1.17,1.490234,1,False,2,0,0
2026-03-06_19.45.00,145,sign-optimization-horizontal-vertical_scenario,618,111,3,-12,0,90,90,15,1,83590,WheelchairAgent(Clone),7,11,1.3,1.17,4.711914,2,True,2,1,0.5
2026-03-06_19.45.00,145,sign-optimization-horizontal-vertical_scenario,618,111,3,-12,0,90,90,15,1,83591,AdultMaleAgent(Clone),6,12,1.71,1.58,8.167969,1,False,2,0,0
2026-03-06_19.45.00,145,sign-optimization-horizontal-vertical_scenario,618,111,3,-12,0,90,90,15,1,83592,WheelchairAgent(Clone),7,11,1.3,1.17,3.125977,2,True,2,1,0.5
2026-03-06_19.45.00,145,sign-optimization-horizontal-vertical_scenario,618,111,3,-12,0,90,90,15,1,83593,AdultMaleAgent(Clone),5,10,1.71,1.58,0.8642578,1,False,2,0,0
2026-03-06_19.45.00,145,sign-optimization-horizontal-vertical_scenario,618,111,3,-12,0,90,90,15,1,83594,WheelchairAgent(Clone),6,12,1.3,1.17,7.457031,1,False,2,0,0
2026-03-06_19.45.00,145,sign-optimization-horizontal-vertical_scenario,618,111,3,-12,0,90,90,15,1,83595,AdultFemaleAgent(Clone),5,10,1.58,1.45,2.100586,1,False,2,0,0
2026-03-06_19.45.00,145,sign-optimization-horizontal-vertical_scenario,618,111,3,-12,0,90,90,15,1,83596,WheelchairAgent(Clone),6,12,1.3,1.17,0,0,False,2,0,0
2026-03-06_19.45.00,145,sign-optimization-horizontal-vertical_scenario,618,111,3,-12,0,90,90,15,1,83597,WheelchairAgent(Clone),11,10,1.3,1.17,0,0,False,3,0,0
2026-03-06_19.45.00,145,sign-optimization-horizontal-vertical_scenario,618,111,3,-12,0,90,90,15,1,83598,AdultFemaleAgent(Clone),6,12,1.58,1.45,15.42383,1,False,2,1,0.5
2026-03-06_19.45.00,145,sign-optimization-horizontal-vertical_scenario,618,111,3,-12,0,90,90,15,1,83599,AdultFemaleAgent(Clone),7,11,1.58,1.450001,3.494141,2,True,2,1,0.5
2026-03-06_19.45.00,145,sign-optimization-horizontal-vertical_scenario,618,111,3,-12,0,90,90,15,1,83600,AdultFemaleAgent(Clone),7,11,1.58,1.450001,5.125977,2,True,2,1,0.5
2026-03-06_19.45.00,145,sign-optimization-horizontal-vertical_scenario,618,111,3,-12,0,90,90,15,1,83601,WheelchairAgent(Clone),7,11,1.3,1.17,5.829102,2,True,2,1,0.5
2026-03-06_19.45.00,145,sign-optimization-horizontal-vertical_scenario,618,111,3,-12,0,90,90,15,1,83602,WheelchairAgent(Clone),5,10,1.3,1.17,0,0,False,2,0,0
2026-03-06_19.45.00,145,sign-optimization-horizontal-vertical_scenario,618,111,3,-12,0,90,90,15,1,83603,WheelchairAgent(Clone),6,12,1.3,1.17,11.45215,1,False,2,0,0
2026-03-06_19.45.00,145,sign-optimization-horizontal-vertical_scenario,618,111,3,-12,0,90,90,15,1,83604,AdultFemaleAgent(Clone),11,10,1.58,1.450001,0,0,False,3,0,0
2026-03-06_19.45.00,145,sign-optimization-horizontal-vertical_scenario,618,111,3,-12,0,90,90,15,1,83605,WheelchairAgent(Clone),5,10,1.3,1.17,3.132813,1,False,2,1,0.5
2026-03-06_19.45.00,145,sign-optimization-horizontal-vertical_scenario,618,111,3,-12,0,90,90,15,1,83606,AdultFemaleAgent(Clone),6,12,1.58,1.45,11.7998,1,False,2,1,0.5
2026-03-06_19.45.00,145,sign-optimization-horizontal-vertical_scenario,618,111,3,-12,0,90,90,15,1,83607,AdultFemaleAgent(Clone),10,12,1.58,1.45,7.669922,1,False,3,0,0
2026-03-06_19.45.00,145,sign-optimization-horizontal-vertical_scenario,618,111,3,-12,0,90,90,15,1,83608,WheelchairAgent(Clone),5,10,1.3,1.17,4.451172,1,False,2,1,0.5
2026-03-06_19.45.00,145,sign-optimization-horizontal-vertical_scenario,618,111,3,-12,0,90,90,15,1,83609,WheelchairAgent(Clone),7,11,1.3,1.17,5.813477,2,True,2,1,0.5
2026-03-06_19.45.00,145,sign-optimization-horizontal-vertical_scenario,618,111,3,-12,0,90,90,15,1,83610,AdultFemaleAgent(Clone),11,10,1.58,1.450001,0,0,False,3,0,0
2026-03-06_19.45.00,145,sign-optimization-horizontal-vertical_scenario,618,111,3,-12,0,90,90,15,1,83611,WheelchairAgent(Clone),6,12,1.3,1.17,0,0,False,2,0,0
2026-03-06_19.45.00,145,sign-optimization-horizontal-vertical_scenario,618,111,3,-12,0,90,90,15,1,83612,WheelchairAgent(Clone),5,10,1.3,1.17,0,0,False,2,0,0
2026-03-06_19.45.00,145,sign-optimization-horizontal-vertical_scenario,618,111,3,-12,0,90,90,15,1,83613,AdultFemaleAgent(Clone),6,12,1.58,1.45,2.194336,1,False,2,0,0
2026-03-06_19.45.00,145,sign-optimization-horizontal-vertical_scenario,618,111,3,-12,0,90,90,15,1,83614,AdultMaleAgent(Clone),6,12,1.71,1.58,12.81055,1,False,2,1,0.5
2026-03-06_19.45.00,145,sign-optimization-horizontal-vertical_scenario,618,111,3,-12,0,90,90,15,1,83615,AdultFemaleAgent(Clone),6,12,1.58,1.45,10.47168,1,False,2,1,0.5
2026-03-06_19.45.00,145,sign-optimization-horizontal-vertical_scenario,618,111,3,-12,0,90,90,15,1,83616,AdultFemaleAgent(Clone),7,11,1.58,1.450001,3.90625,2,True,2,1,0.5
2026-03-06_19.45.00,145,sign-optimization-horizontal-vertical_scenario,618,111,3,-12,0,90,90,15,1,83617,AdultFemaleAgent(Clone),11,10,1.58,1.450001,0,0,False,3,0,0
2026-03-06_19.45.00,145,sign-optimization-horizontal-vertical_scenario,618,111,3,-12,0,90,90,15,1,83618,AdultFemaleAgent(Clone),10,12,1.58,1.45,4.446289,1,False,3,0,0
2026-03-06_19.45.00,145,sign-optimization-horizontal-vertical_scenario,618,111,3,-12,0,90,90,15,1,83619,WheelchairAgent(Clone),10,12,1.3,1.17,5.881836,1,False,3,0,0
2026-03-06_19.45.00,145,sign-optimization-horizontal-vertical_scenario,618,111,3,-12,0,90,90,15,1,83620,AdultFemaleAgent(Clone),7,11,1.58,1.450001,5.236328,2,True,2,1,0.5
2026-03-06_19.45.00,145,sign-optimization-horizontal-vertical_scenario,618,111,3,-12,0,90,90,15,1,83621,AdultFemaleAgent(Clone),11,10,1.58,1.450001,0,0,False,3,0,0
2026-03-06_19.45.00,145,sign-optimization-horizontal-vertical_scenario,618,111,3,-12,0,90,90,15,1,83622,AdultFemaleAgent(Clone),7,11,1.58,1.450001,3.566406,2,True,2,1,0.5
2026-03-06_19.45.00,145,sign-optimization-horizontal-vertical_scenario,618,111,3,-12,0,90,90,15,1,83623,WheelchairAgent(Clone),11,10,1.3,1.17,0,0,False,3,0,0
2026-03-06_19.45.00,145,sign-optimization-horizontal-vertical_scenario,618,111,3,-12,0,90,90,15,1,83624,WheelchairAgent(Clone),5,10,1.3,1.17,0,0,False,2,0,0
2026-03-06_19.45.00,145,sign-optimization-horizontal-vertical_scenario,618,111,3,-12,0,90,90,15,1,83625,WheelchairAgent(Clone),10,12,1.3,1.17,6.223633,1,False,3,0,0
2026-03-06_19.45.00,145,sign-optimization-horizontal-vertical_scenario,618,111,3,-12,0,90,90,15,1,83626,WheelchairAgent(Clone),5,10,1.3,1.17,2.258789,1,False,2,1,0.5
2026-03-06_19.45.00,145,sign-optimization-horizontal-vertical_scenario,618,111,3,-12,0,90,90,15,1,83627,WheelchairAgent(Clone),5,10,1.3,1.17,1.726563,1,False,2,0,0
2026-03-06_19.45.00,145,sign-optimization-horizontal-vertical_scenario,618,111,3,-12,0,90,90,15,1,83628,AdultFemaleAgent(Clone),6,12,1.58,1.45,11.83398,1,False,2,1,0.5
2026-03-06_19.45.00,145,sign-optimization-horizontal-vertical_scenario,618,111,3,-12,0,90,90,15,1,83629,AdultFemaleAgent(Clone),10,12,1.58,1.45,0,0,False,3,0,0
2026-03-06_19.45.00,145,sign-optimization-horizontal-vertical_scenario,618,111,3,-12,0,90,90,15,1,83630,WheelchairAgent(Clone),11,10,1.3,1.17,0,0,False,3,0,0
2026-03-06_19.45.00,145,sign-optimization-horizontal-vertical_scenario,618,111,3,-12,0,90,90,15,1,83631,WheelchairAgent(Clone),7,11,1.3,1.17,5.300781,2,True,2,1,0.5
2026-03-06_19.45.00,145,sign-optimization-horizontal-vertical_scenario,618,111,3,-12,0,90,90,15,1,83632,AdultMaleAgent(Clone),5,10,1.71,1.58,4.12207,1,False,2,1,0.5
2026-03-06_19.45.00,145,sign-optimization-horizontal-vertical_scenario,618,111,3,-12,0,90,90,15,1,83633,WheelchairAgent(Clone),10,12,1.3,1.17,2.092773,1,False,3,0,0
2026-03-06_19.45.00,145,sign-optimization-horizontal-vertical_scenario,618,111,3,-12,0,90,90,15,1,83634,WheelchairAgent(Clone),10,12,1.3,1.17,7.332031,1,False,3,0,0
2026-03-06_19.45.00,145,sign-optimization-horizontal-vertical_scenario,618,111,3,-12,0,90,90,15,1,83635,AdultMaleAgent(Clone),5,10,1.71,1.58,0,0,False,2,0,0
2026-03-06_19.45.00,145,sign-optimization-horizontal-vertical_scenario,618,111,3,-12,0,90,90,15,1,83636,WheelchairAgent(Clone),11,10,1.3,1.17,0,0,False,3,0,0
2026-03-06_19.45.00,145,sign-optimization-horizontal-vertical_scenario,618,111,3,-12,0,90,90,15,1,83637,WheelchairAgent(Clone),11,10,1.3,1.17,0,0,False,3,0,0
2026-03-06_19.45.00,145,sign-optimization-horizontal-vertical_scenario,618,111,3,-12,0,90,90,15,1,83638,AdultMaleAgent(Clone),6,12,1.71,1.58,12.17188,1,False,2,1,0.5
2026-03-06_19.45.00,145,sign-optimization-horizontal-vertical_scenario,618,111,3,-12,0,90,90,15,1,83639,AdultMaleAgent(Clone),7,11,1.71,1.58,6.583008,2,True,2,1,0.5
2026-03-06_19.45.00,145,sign-optimization-horizontal-vertical_scenario,618,111,3,-12,0,90,90,15,1,83640,WheelchairAgent(Clone),6,12,1.3,1.17,13.42188,1,False,2,1,0.5
2026-03-06_19.45.00,145,sign-optimization-horizontal-vertical_scenario,618,111,3,-12,0,90,90,15,1,83641,WheelchairAgent(Clone),11,10,1.3,1.17,0,0,False,3,0,0
2026-03-06_19.45.00,145,sign-optimization-horizontal-vertical_scenario,618,111,3,-12,0,90,90,15,1,83642,AdultMaleAgent(Clone),7,11,1.71,1.58,3.041992,2,True,2,1,0.5
2026-03-06_19.45.00,145,sign-optimization-horizontal-vertical_scenario,618,111,3,-12,0,90,90,15,1,83643,AdultMaleAgent(Clone),7,11,1.71,1.58,6.532227,2,True,2,1,0.5
2026-03-06_19.45.00,145,sign-optimization-horizontal-vertical_scenario,618,111,3,-12,0,90,90,15,1,83644,AdultFemaleAgent(Clone),11,10,1.58,1.450001,0,0,False,3,0,0
2026-03-06_19.45.00,145,sign-optimization-horizontal-vertical_scenario,618,111,3,-12,0,90,90,15,1,83645,WheelchairAgent(Clone),7,11,1.3,1.17,3.963867,2,True,2,1,0.5
2026-03-06_19.45.00,145,sign-optimization-horizontal-vertical_scenario,618,111,3,-12,0,90,90,15,1,83646,WheelchairAgent(Clone),6,12,1.3,1.17,5.688477,1,False,2,0,0
2026-03-06_19.45.00,145,sign-optimization-horizontal-vertical_scenario,618,111,3,-12,0,90,90,15,1,83647,AdultFemaleAgent(Clone),6,12,1.58,1.45,9.382813,1,False,2,0,0
2026-03-06_19.45.00,145,sign-optimization-horizontal-vertical_scenario,618,111,3,-12,0,90,90,15,1,83648,WheelchairAgent(Clone),5,10,1.3,1.17,1.317383,1,False,2,0,0
2026-03-06_19.45.00,145,sign-optimization-horizontal-vertical_scenario,618,111,3,-12,0,90,90,15,1,83649,WheelchairAgent(Clone),11,10,1.3,1.17,0,0,False,3,0,0
2026-03-06_19.45.00,145,sign-optimization-horizontal-vertical_scenario,618,111,3,-12,0,90,90,15,1,83650,WheelchairAgent(Clone),11,10,1.3,1.17,0,0,False,3,0,0
2026-03-06_19.45.00,145,sign-optimization-horizontal-vertical_scenario,618,111,3,-12,0,90,90,15,1,83651,AdultFemaleAgent(Clone),7,11,1.58,1.450001,5.408203,2,True,2,1,0.5
2026-03-06_19.45.00,145,sign-optimization-horizontal-vertical_scenario,618,111,3,-12,0,90,90,15,1,83652,AdultFemaleAgent(Clone),11,10,1.58,1.450001,0,0,False,3,0,0
2026-03-06_19.45.00,145,sign-optimization-horizontal-vertical_scenario,618,111,3,-12,0,90,90,15,1,83653,AdultMaleAgent(Clone),10,12,1.71,1.58,4.161133,1,False,3,0,0
2026-03-06_19.45.00,145,sign-optimization-horizontal-vertical_scenario,618,111,3,-12,0,90,90,15,1,83654,WheelchairAgent(Clone),11,10,1.3,1.17,0,0,False,3,0,0
2026-03-06_19.45.00,145,sign-optimization-horizontal-vertical_scenario,618,111,3,-12,0,90,90,15,1,83655,WheelchairAgent(Clone),7,11,1.3,1.17,4.635742,2,False,2,0,0
2026-03-06_19.45.00,145,sign-optimization-horizontal-vertical_scenario,618,111,3,-12,0,90,90,15,1,83656,AdultMaleAgent(Clone),6,12,1.71,1.58,0,0,False,2,0,0
2026-03-06_19.45.00,145,sign-optimization-horizontal-vertical_scenario,618,111,3,-12,0,90,90,15,1,83657,AdultMaleAgent(Clone),10,12,1.71,1.58,7.118164,1,False,3,0,0
2026-03-06_19.45.00,145,sign-optimization-horizontal-vertical_scenario,618,111,3,-12,0,90,90,15,1,83658,AdultMaleAgent(Clone),7,11,1.71,1.58,4.407227,2,True,2,1,0.5
2026-03-06_19.45.00,145,sign-optimization-horizontal-vertical_scenario,618,111,3,-12,0,90,90,15,1,83659,WheelchairAgent(Clone),10,12,1.3,1.17,6.899414,1,False,3,0,0
2026-03-06_19.45.00,145,sign-optimization-horizontal-vertical_scenario,618,111,3,-12,0,90,90,15,1,83660,AdultMaleAgent(Clone),11,10,1.71,1.58,0,0,False,3,0,0
2026-03-06_19.45.00,145,sign-optimization-horizontal-vertical_scenario,618,111,3,-12,0,90,90,15,1,83661,AdultMaleAgent(Clone),7,11,1.71,1.58,3.788086,2,False,2,1,0.5
2026-03-06_19.45.00,145,sign-optimization-horizontal-vertical_scenario,618,111,3,-12,0,90,90,15,1,83662,AdultFemaleAgent(Clone),11,10,1.58,1.450001,0,0,False,3,0,0
2026-03-06_19.45.00,145,sign-optimization-horizontal-vertical_scenario,618,111,3,-12,0,90,90,15,1,83663,AdultMaleAgent(Clone),7,11,1.71,1.58,5.493164,2,True,2,1,0.5
2026-03-06_19.45.00,145,sign-optimization-horizontal-vertical_scenario,618,111,3,-12,0,90,90,15,1,83664,AdultFemaleAgent(Clone),5,10,1.58,1.45,0,0,False,2,0,0
2026-03-06_19.45.00,145,sign-optimization-horizontal-vertical_scenario,618,111,3,-12,0,90,90,15,1,83665,AdultMaleAgent(Clone),6,12,1.71,1.58,12.4873,1,False,2,1,0.5
2026-03-06_19.45.00,145,sign-optimization-horizontal-vertical_scenario,618,111,3,-12,0,90,90,15,1,83666,AdultMaleAgent(Clone),7,11,1.71,1.58,2.894531,2,True,2,1,0.5
2026-03-06_19.45.00,145,sign-optimization-horizontal-vertical_scenario,618,111,3,-12,0,90,90,15,1,83667,WheelchairAgent(Clone),7,11,1.3,1.17,5.694336,2,True,2,1,0.5
2026-03-06_19.45.00,145,sign-optimization-horizontal-vertical_scenario,618,111,3,-12,0,90,90,15,1,83668,AdultFemaleAgent(Clone),7,11,1.58,1.450001,4.932617,2,True,2,1,0.5
2026-03-06_19.45.00,145,sign-optimization-horizontal-vertical_scenario,618,111,3,-12,0,90,90,15,1,83669,WheelchairAgent(Clone),5,10,1.3,1.17,3.375977,1,False,2,1,0.5
2026-03-06_19.45.00,145,sign-optimization-horizontal-vertical_scenario,618,111,3,-12,0,90,90,15,1,83670,AdultMaleAgent(Clone),5,10,1.71,1.58,4.733398,1,False,2,1,0.5
2026-03-06_19.45.00,145,sign-optimization-horizontal-vertical_scenario,618,111,3,-12,0,90,90,15,1,83671,AdultFemaleAgent(Clone),10,12,1.58,1.45,7.838867,1,False,3,0,0
2026-03-06_19.45.00,145,sign-optimization-horizontal-vertical_scenario,618,111,3,-12,0,90,90,15,1,83672,AdultMaleAgent(Clone),11,10,1.71,1.58,0,0,False,3,0,0
2026-03-06_19.45.00,145,sign-optimization-horizontal-vertical_scenario,618,111,3,-12,0,90,90,15,1,83673,AdultFemaleAgent(Clone),10,12,1.58,1.45,5.579102,1,False,3,0,0
2026-03-06_19.45.00,145,sign-optimization-horizontal-vertical_scenario,618,111,3,-12,0,90,90,15,1,83674,WheelchairAgent(Clone),7,11,1.3,1.17,6.170898,2,True,2,1,0.5
2026-03-06_19.45.00,145,sign-optimization-horizontal-vertical_scenario,618,111,3,-12,0,90,90,15,1,83675,WheelchairAgent(Clone),11,10,1.3,1.17,0,0,False,3,0,0
2026-03-06_19.45.00,145,sign-optimization-horizontal-vertical_scenario,618,111,3,-12,0,90,90,15,1,83676,AdultMaleAgent(Clone),11,10,1.71,1.58,0,0,False,3,0,0
2026-03-06_19.45.00,145,sign-optimization-horizontal-vertical_scenario,618,111,3,-12,0,90,90,15,1,83677,AdultFemaleAgent(Clone),6,12,1.58,1.45,0,0,False,2,0,0
2026-03-06_19.45.00,145,sign-optimization-horizontal-vertical_scenario,618,111,3,-12,0,90,90,15,1,83678,WheelchairAgent(Clone),6,12,1.3,1.17,3.500977,1,False,2,0,0
2026-03-06_19.45.00,145,sign-optimization-horizontal-vertical_scenario,618,111,3,-12,0,90,90,15,1,83679,AdultFemaleAgent(Clone),10,12,1.58,1.45,6.514648,1,False,3,0,0
2026-03-06_19.45.00,145,sign-optimization-horizontal-vertical_scenario,618,111,3,-12,0,90,90,15,1,83680,AdultFemaleAgent(Clone),11,10,1.58,1.450001,0,0,False,3,0,0
2026-03-06_19.45.00,145,sign-optimization-horizontal-vertical_scenario,618,111,3,-12,0,90,90,15,1,83681,AdultFemaleAgent(Clone),11,10,1.58,1.450001,0,0,False,3,0,0
2026-03-06_19.45.00,145,sign-optimization-horizontal-vertical_scenario,618,111,3,-12,0,90,90,15,1,83682,AdultMaleAgent(Clone),11,10,1.71,1.58,0,0,False,3,0,0
2026-03-06_19.45.00,145,sign-optimization-horizontal-vertical_scenario,618,111,3,-12,0,90,90,15,1,83683,AdultMaleAgent(Clone),7,11,1.71,1.58,6.749023,2,True,2,1,0.5
2026-03-06_19.45.00,145,sign-optimization-horizontal-vertical_scenario,618,111,3,-12,0,90,90,15,1,83684,WheelchairAgent(Clone),7,11,1.3,1.17,5.245117,2,True,2,1,0.5
2026-03-06_19.45.00,145,sign-optimization-horizontal-vertical_scenario,618,111,3,-12,0,90,90,15,1,83685,AdultMaleAgent(Clone),6,12,1.71,1.58,8.131836,1,False,2,0,0
2026-03-06_19.45.00,145,sign-optimization-horizontal-vertical_scenario,618,111,3,-12,0,90,90,15,1,83686,AdultFemaleAgent(Clone),10,12,1.58,1.45,9.435547,1,False,3,0,0
2026-03-06_19.45.00,145,sign-optimization-horizontal-vertical_scenario,618,111,3,-12,0,90,90,15,1,83687,WheelchairAgent(Clone),7,11,1.3,1.17,3.895508,2,True,2,1,0.5
2026-03-06_19.45.00,145,sign-optimization-horizontal-vertical_scenario,618,111,3,-12,0,90,90,15,1,83688,AdultFemaleAgent(Clone),11,10,1.58,1.450001,0,0,False,3,0,0
2026-03-06_19.45.00,145,sign-optimization-horizontal-vertical_scenario,618,111,3,-12,0,90,90,15,1,83689,AdultFemaleAgent(Clone),6,12,1.58,1.45,0,0,False,2,0,0
2026-03-06_19.45.00,145,sign-optimization-horizontal-vertical_scenario,618,111,3,-12,0,90,90,15,1,83690,WheelchairAgent(Clone),7,11,1.3,1.17,6.250977,2,False,2,1,0.5
2026-03-06_19.45.00,145,sign-optimization-horizontal-vertical_scenario,618,111,3,-12,0,90,90,15,1,83691,WheelchairAgent(Clone),6,12,1.3,1.17,9.629883,1,False,2,0,0
2026-03-06_19.45.00,145,sign-optimization-horizontal-vertical_scenario,618,111,3,-12,0,90,90,15,1,83692,AdultFemaleAgent(Clone),10,12,1.58,1.45,5.456055,1,False,3,0,0
2026-03-06_19.45.00,145,sign-optimization-horizontal-vertical_scenario,618,111,3,-12,0,90,90,15,1,83693,AdultFemaleAgent(Clone),7,11,1.58,1.450001,3.930664,2,True,2,1,0.5
2026-03-06_19.45.00,145,sign-optimization-horizontal-vertical_scenario,618,111,3,-12,0,90,90,15,1,83694,WheelchairAgent(Clone),11,10,1.3,1.17,0,0,False,3,0,0
2026-03-06_19.45.00,145,sign-optimization-horizontal-vertical_scenario,618,111,3,-12,0,90,90,15,1,83695,AdultMaleAgent(Clone),6,12,1.71,1.58,0,0,False,2,0,0
2026-03-06_19.45.00,145,sign-optimization-horizontal-vertical_scenario,618,111,3,-12,0,90,90,15,1,83696,AdultFemaleAgent(Clone),5,10,1.58,1.45,2.201172,1,False,2,0,0
2026-03-06_19.45.00,145,sign-optimization-horizontal-vertical_scenario,618,111,3,-12,0,90,90,15,1,83697,WheelchairAgent(Clone),5,10,1.3,1.17,0,0,False,2,0,0
2026-03-06_19.45.00,145,sign-optimization-horizontal-vertical_scenario,618,111,3,-12,0,90,90,15,1,83698,WheelchairAgent(Clone),7,11,1.3,1.17,2.839844,2,True,2,1,0.5
2026-03-06_19.45.00,145,sign-optimization-horizontal-vertical_scenario,618,111,3,-12,0,90,90,15,1,83699,AdultMaleAgent(Clone),5,10,1.71,1.58,4.584961,1,False,2,1,0.5
2026-03-06_19.45.00,145,sign-optimization-horizontal-vertical_scenario,618,111,3,-12,0,90,90,15,1,83700,WheelchairAgent(Clone),10,12,1.3,1.17,7.371094,1,False,3,0,0
2026-03-06_19.45.00,145,sign-optimization-horizontal-vertical_scenario,618,111,3,-12,0,90,90,15,1,83701,AdultFemaleAgent(Clone),6,12,1.58,1.45,0,0,False,2,0,0
2026-03-06_19.45.00,145,sign-optimization-horizontal-vertical_scenario,618,111,3,-12,0,90,90,15,1,83702,AdultMaleAgent(Clone),5,10,1.71,1.58,3.145508,1,False,2,1,0.5
2026-03-06_19.45.00,145,sign-optimization-horizontal-vertical_scenario,618,111,3,-12,0,90,90,15,1,83703,AdultMaleAgent(Clone),10,12,1.71,1.58,8.416016,1,False,3,0,0
2026-03-06_19.45.00,145,sign-optimization-horizontal-vertical_scenario,618,111,3,-12,0,90,90,15,1,83704,AdultMaleAgent(Clone),11,10,1.71,1.58,0,0,False,3,0,0
2026-03-06_19.45.00,145,sign-optimization-horizontal-vertical_scenario,618,111,3,-12,0,90,90,15,1,83705,WheelchairAgent(Clone),6,12,1.3,1.17,10.72168,1,False,2,0,0
2026-03-06_19.45.00,145,sign-optimization-horizontal-vertical_scenario,618,111,3,-12,0,90,90,15,1,83706,WheelchairAgent(Clone),11,10,1.3,1.17,0,0,False,3,0,0
2026-03-06_19.45.00,145,sign-optimization-horizontal-vertical_scenario,618,111,3,-12,0,90,90,15,1,83707,AdultFemaleAgent(Clone),11,10,1.58,1.450001,0,0,False,3,0,0
2026-03-06_19.45.00,145,sign-optimization-horizontal-vertical_scenario,618,111,3,-12,0,90,90,15,1,83708,WheelchairAgent(Clone),7,11,1.3,1.17,4.59082,2,True,2,1,0.5
2026-03-06_19.45.00,145,sign-optimization-horizontal-vertical_scenario,618,111,3,-12,0,90,90,15,1,83709,AdultMaleAgent(Clone),6,12,1.71,1.58,11.05859,1,False,2,1,0.5
2026-03-06_19.45.00,145,sign-optimization-horizontal-vertical_scenario,618,111,3,-12,0,90,90,15,1,83710,WheelchairAgent(Clone),11,10,1.3,1.17,0,0,False,3,0,0
2026-03-06_19.45.00,145,sign-optimization-horizontal-vertical_scenario,618,111,3,-12,0,90,90,15,1,83711,WheelchairAgent(Clone),6,12,1.3,1.17,10.84961,1,False,2,0,0
2026-03-06_19.45.00,145,sign-optimization-horizontal-vertical_scenario,618,111,3,-12,0,90,90,15,1,83712,WheelchairAgent(Clone),7,11,1.3,1.17,6.902344,2,True,2,1,0.5
2026-03-06_19.45.00,145,sign-optimization-horizontal-vertical_scenario,618,111,3,-12,0,90,90,15,1,83713,AdultMaleAgent(Clone),6,12,1.71,1.58,0,0,False,2,0,0
2026-03-06_19.45.00,145,sign-optimization-horizontal-vertical_scenario,618,111,3,-12,0,90,90,15,1,83714,AdultMaleAgent(Clone),6,12,1.71,1.58,12.49805,1,False,2,1,0.5
2026-03-06_19.45.00,145,sign-optimization-horizontal-vertical_scenario,618,111,3,-12,0,90,90,15,1,83715,AdultMaleAgent(Clone),11,10,1.71,1.58,0,0,False,3,0,0
2026-03-06_19.45.00,145,sign-optimization-horizontal-vertical_scenario,618,111,3,-12,0,90,90,15,1,83716,AdultMaleAgent(Clone),7,11,1.71,1.58,5.402344,2,True,2,1,0.5
2026-03-06_19.45.00,145,sign-optimization-horizontal-vertical_scenario,618,111,3,-12,0,90,90,15,1,83717,WheelchairAgent(Clone),11,10,1.3,1.17,0,0,False,3,0,0
2026-03-06_19.45.00,145,sign-optimization-horizontal-vertical_scenario,618,111,3,-12,0,90,90,15,1,83718,WheelchairAgent(Clone),6,12,1.3,1.17,1.554688,1,False,2,0,0
2026-03-06_19.45.00,145,sign-optimization-horizontal-vertical_scenario,618,111,3,-12,0,90,90,15,1,83719,AdultFemaleAgent(Clone),5,10,1.58,1.45,0.5849609,1,False,2,0,0
2026-03-06_19.45.00,145,sign-optimization-horizontal-vertical_scenario,618,111,3,-12,0,90,90,15,1,83720,WheelchairAgent(Clone),11,10,1.3,1.17,0,0,False,3,0,0
2026-03-06_19.45.00,145,sign-optimization-horizontal-vertical_scenario,618,111,3,-12,0,90,90,15,1,83721,WheelchairAgent(Clone),10,12,1.3,1.17,9.388672,1,False,3,0,0
2026-03-06_19.45.00,145,sign-optimization-horizontal-vertical_scenario,618,111,3,-12,0,90,90,15,1,83722,WheelchairAgent(Clone),5,10,1.3,1.17,0,0,False,2,0,0
2026-03-06_19.45.00,145,sign-optimization-horizontal-vertical_scenario,618,111,3,-12,0,90,90,15,1,83723,AdultMaleAgent(Clone),6,12,1.71,1.58,2.480469,1,False,2,0,0
2026-03-06_19.45.00,145,sign-optimization-horizontal-vertical_scenario,618,111,3,-12,0,90,90,15,1,83724,WheelchairAgent(Clone),11,10,1.3,1.17,0,0,False,3,0,0
2026-03-06_19.45.00,145,sign-optimization-horizontal-vertical_scenario,618,111,3,-12,0,90,90,15,1,83725,AdultMaleAgent(Clone),11,10,1.71,1.58,0,0,False,3,0,0
2026-03-06_19.45.00,145,sign-optimization-horizontal-vertical_scenario,618,111,3,-12,0,90,90,15,1,83726,WheelchairAgent(Clone),6,12,1.3,1.17,6.598633,1,False,2,0,0
2026-03-06_19.45.00,145,sign-optimization-horizontal-vertical_scenario,618,111,3,-12,0,90,90,15,1,83727,WheelchairAgent(Clone),5,10,1.3,1.17,0,0,False,2,0,0
2026-03-06_19.45.00,145,sign-optimization-horizontal-vertical_scenario,618,111,3,-12,0,90,90,15,1,83728,WheelchairAgent(Clone),10,12,1.3,1.17,6.246094,1,False,3,0,0
2026-03-06_19.45.00,145,sign-optimization-horizontal-vertical_scenario,618,111,3,-12,0,90,90,15,1,83729,AdultFemaleAgent(Clone),10,12,1.58,1.45,6.165039,1,False,3,0,0
2026-03-06_19.45.00,145,sign-optimization-horizontal-vertical_scenario,618,111,3,-12,0,90,90,15,1,83730,AdultMaleAgent(Clone),6,12,1.71,1.58,0,0,False,2,0,0
2026-03-06_19.45.00,145,sign-optimization-horizontal-vertical_scenario,618,111,3,-12,0,90,90,15,1,83731,AdultFemaleAgent(Clone),11,10,1.58,1.450001,0,0,False,3,0,0
2026-03-06_19.45.00,145,sign-optimization-horizontal-vertical_scenario,618,111,3,-12,0,90,90,15,1,83732,AdultFemaleAgent(Clone),7,11,1.58,1.450001,5.944336,2,True,2,1,0.5
2026-03-06_19.45.00,145,sign-optimization-horizontal-vertical_scenario,618,111,3,-12,0,90,90,15,1,83733,AdultFemaleAgent(Clone),10,12,1.58,1.45,7.998047,1,False,3,0,0
2026-03-06_19.45.00,145,sign-optimization-horizontal-vertical_scenario,618,111,3,-12,0,90,90,15,1,83734,AdultMaleAgent(Clone),11,10,1.71,1.58,0,0,False,3,0,0
2026-03-06_19.45.00,145,sign-optimization-horizontal-vertical_scenario,618,111,3,-12,0,90,90,15,1,83735,AdultFemaleAgent(Clone),7,11,1.58,1.450001,2.776367,2,True,2,1,0.5
2026-03-06_19.45.00,145,sign-optimization-horizontal-vertical_scenario,618,111,3,-12,0,90,90,15,1,83736,AdultMaleAgent(Clone),6,12,1.71,1.58,5.640625,1,False,2,0,0
2026-03-06_19.45.00,145,sign-optimization-horizontal-vertical_scenario,618,111,3,-12,0,90,90,15,1,83737,AdultFemaleAgent(Clone),10,12,1.58,1.45,0,0,False,3,0,0
2026-03-06_19.45.00,145,sign-optimization-horizontal-vertical_scenario,618,111,3,-12,0,90,90,15,1,83738,AdultMaleAgent(Clone),7,11,1.71,1.58,3.850586,2,True,2,1,0.5
2026-03-06_19.45.00,145,sign-optimization-horizontal-vertical_scenario,618,111,3,-12,0,90,90,15,1,83739,AdultFemaleAgent(Clone),7,11,1.58,1.450001,5.713867,2,True,2,1,0.5
2026-03-06_19.45.00,145,sign-optimization-horizontal-vertical_scenario,618,111,3,-12,0,90,90,15,1,83740,AdultMaleAgent(Clone),11,10,1.71,1.58,0,0,False,3,0,0
2026-03-06_19.45.00,145,sign-optimization-horizontal-vertical_scenario,618,111,3,-12,0,90,90,15,1,83741,AdultMaleAgent(Clone),10,12,1.71,1.58,6.083984,1,False,3,0,0
2026-03-06_19.45.00,145,sign-optimization-horizontal-vertical_scenario,618,111,3,-12,0,90,90,15,1,83742,AdultMaleAgent(Clone),10,12,1.71,1.58,9.99707,1,False,3,0,0
2026-03-06_19.45.00,145,sign-optimization-horizontal-vertical_scenario,618,111,3,-12,0,90,90,15,1,83743,AdultMaleAgent(Clone),10,12,1.71,1.58,7.342773,1,False,3,0,0
2026-03-06_19.45.00,145,sign-optimization-horizontal-vertical_scenario,618,111,3,-12,0,90,90,15,1,83744,WheelchairAgent(Clone),7,11,1.3,1.17,6.054688,2,True,2,1,0.5
2026-03-06_19.45.00,145,sign-optimization-horizontal-vertical_scenario,618,111,3,-12,0,90,90,15,1,83745,AdultFemaleAgent(Clone),10,12,1.58,1.45,8.995117,1,False,3,0,0
2026-03-06_19.45.00,145,sign-optimization-horizontal-vertical_scenario,618,111,3,-12,0,90,90,15,1,83746,WheelchairAgent(Clone),11,10,1.3,1.17,0,0,False,3,0,0
2026-03-06_19.45.00,145,sign-optimization-horizontal-vertical_scenario,618,111,3,-12,0,90,90,15,1,83747,WheelchairAgent(Clone),11,10,1.3,1.17,0,0,False,3,0,0
2026-03-06_19.45.00,145,sign-optimization-horizontal-vertical_scenario,618,111,3,-12,0,90,90,15,1,83748,AdultMaleAgent(Clone),11,10,1.71,1.58,0,0,False,3,0,0
2026-03-06_19.45.00,145,sign-optimization-horizontal-vertical_scenario,618,111,3,-12,0,90,90,15,1,83749,WheelchairAgent(Clone),7,11,1.3,1.17,4.390625,2,True,2,1,0.5
2026-03-06_19.45.00,145,sign-optimization-horizontal-vertical_scenario,618,111,3,-12,0,90,90,15,1,83750,WheelchairAgent(Clone),11,10,1.3,1.17,0,0,False,3,0,0
2026-03-06_19.45.00,145,sign-optimization-horizontal-vertical_scenario,618,111,3,-12,0,90,90,15,1,83751,AdultFemaleAgent(Clone),7,11,1.58,1.450001,5.470703,2,True,2,1,0.5
2026-03-06_19.45.00,145,sign-optimization-horizontal-vertical_scenario,618,111,3,-12,0,90,90,15,1,83752,WheelchairAgent(Clone),7,11,1.3,1.17,3.418945,2,True,2,1,0.5
2026-03-06_19.45.00,145,sign-optimization-horizontal-vertical_scenario,618,111,3,-12,0,90,90,15,1,83753,AdultFemaleAgent(Clone),5,10,1.58,1.45,2.165039,1,False,2,1,0.5
2026-03-06_19.45.00,145,sign-optimization-horizontal-vertical_scenario,618,111,3,-12,0,90,90,15,1,83754,AdultFemaleAgent(Clone),10,12,1.58,1.45,5.387695,1,False,3,0,0
2026-03-06_19.45.00,145,sign-optimization-horizontal-vertical_scenario,618,111,3,-12,0,90,90,15,1,83755,WheelchairAgent(Clone),11,10,1.3,1.17,0,0,False,3,0,0
2026-03-06_19.45.00,145,sign-optimization-horizontal-vertical_scenario,618,111,3,-12,0,90,90,15,1,83756,WheelchairAgent(Clone),6,12,1.3,1.17,0,0,False,2,0,0
2026-03-06_19.45.00,145,sign-optimization-horizontal-vertical_scenario,618,111,3,-12,0,90,90,15,1,83757,AdultMaleAgent(Clone),6,12,1.71,1.58,0,0,False,2,0,0
2026-03-06_19.45.00,145,sign-optimization-horizontal-vertical_scenario,618,111,3,-12,0,90,90,15,1,83758,WheelchairAgent(Clone),11,10,1.3,1.17,0,0,False,3,0,0
2026-03-06_19.45.00,145,sign-optimization-horizontal-vertical_scenario,618,111,3,-12,0,90,90,15,1,83759,AdultMaleAgent(Clone),7,11,1.71,1.58,5.833984,2,True,2,1,0.5
2026-03-06_19.45.00,145,sign-optimization-horizontal-vertical_scenario,618,111,3,-12,0,90,90,15,1,83760,WheelchairAgent(Clone),11,10,1.3,1.17,0,0,False,3,0,0
2026-03-06_19.45.00,145,sign-optimization-horizontal-vertical_scenario,618,111,3,-12,0,90,90,15,1,83761,AdultMaleAgent(Clone),10,12,1.71,1.58,8.25293,1,False,3,0,0
2026-03-06_19.45.00,145,sign-optimization-horizontal-vertical_scenario,618,111,3,-12,0,90,90,15,1,83762,AdultFemaleAgent(Clone),6,12,1.58,1.45,0,0,False,2,0,0
2026-03-06_19.45.00,145,sign-optimization-horizontal-vertical_scenario,618,111,3,-12,0,90,90,15,1,83763,AdultMaleAgent(Clone),7,11,1.71,1.58,3.324219,2,True,2,1,0.5
2026-03-06_19.45.00,145,sign-optimization-horizontal-vertical_scenario,618,111,3,-12,0,90,90,15,1,83764,WheelchairAgent(Clone),7,11,1.3,1.17,5.820313,2,True,2,1,0.5
2026-03-06_19.45.00,145,sign-optimization-horizontal-vertical_scenario,618,111,3,-12,0,90,90,15,1,83765,WheelchairAgent(Clone),7,11,1.3,1.17,6.773438,2,True,2,1,0.5
2026-03-06_19.45.00,145,sign-optimization-horizontal-vertical_scenario,618,111,3,-12,0,90,90,15,1,83766,AdultFemaleAgent(Clone),10,12,1.58,1.45,6.151367,1,False,3,0,0
2026-03-06_19.45.00,145,sign-optimization-horizontal-vertical_scenario,618,111,3,-12,0,90,90,15,1,83767,AdultMaleAgent(Clone),10,12,1.71,1.58,4.037109,1,False,3,0,0
2026-03-06_19.45.00,145,sign-optimization-horizontal-vertical_scenario,618,111,3,-12,0,90,90,15,1,83768,WheelchairAgent(Clone),5,10,1.3,1.17,0,0,False,2,0,0
2026-03-06_19.45.00,145,sign-optimization-horizontal-vertical_scenario,618,111,3,-12,0,90,90,15,1,83769,AdultFemaleAgent(Clone),11,10,1.58,1.450001,0,0,False,3,0,0
2026-03-06_19.45.00,145,sign-optimization-horizontal-vertical_scenario,618,111,3,-12,0,90,90,15,1,83770,AdultFemaleAgent(Clone),5,10,1.58,1.45,0,0,False,2,0,0
2026-03-06_19.45.00,145,sign-optimization-horizontal-vertical_scenario,618,111,3,-12,0,90,90,15,1,83771,AdultFemaleAgent(Clone),11,10,1.58,1.450001,0,0,False,3,0,0
2026-03-06_19.45.00,145,sign-optimization-horizontal-vertical_scenario,618,111,3,-12,0,90,90,15,1,83772,WheelchairAgent(Clone),10,12,1.3,1.17,4.275391,1,False,3,0,0
2026-03-06_19.45.00,145,sign-optimization-horizontal-vertical_scenario,618,111,3,-12,0,90,90,15,1,83773,WheelchairAgent(Clone),11,10,1.3,1.17,0,0,False,3,0,0
2026-03-06_19.45.00,145,sign-optimization-horizontal-vertical_scenario,618,111,3,-12,0,90,90,15,1,83774,AdultFemaleAgent(Clone),11,10,1.58,1.450001,0,0,False,3,0,0
2026-03-06_19.45.00,145,sign-optimization-horizontal-vertical_scenario,618,111,3,-12,0,90,90,15,1,83775,WheelchairAgent(Clone),7,11,1.3,1.17,5.767578,2,True,2,1,0.5
2026-03-06_19.45.00,145,sign-optimization-horizontal-vertical_scenario,618,111,3,-12,0,90,90,15,1,83776,AdultFemaleAgent(Clone),10,12,1.58,1.45,6.915039,1,False,3,0,0
2026-03-06_19.45.00,145,sign-optimization-horizontal-vertical_scenario,618,111,3,-12,0,90,90,15,1,83777,AdultFemaleAgent(Clone),7,11,1.58,1.450001,5.795898,1,True,2,1,0.5
2026-03-06_19.45.00,145,sign-optimization-horizontal-vertical_scenario,618,111,3,-12,0,90,90,15,1,83778,WheelchairAgent(Clone),10,12,1.3,1.17,6.898438,1,False,3,0,0
2026-03-06_19.45.00,145,sign-optimization-horizontal-vertical_scenario,618,111,3,-12,0,90,90,15,1,83779,AdultMaleAgent(Clone),5,10,1.71,1.58,2.173828,1,False,2,1,0.5
2026-03-06_19.45.00,145,sign-optimization-horizontal-vertical_scenario,618,111,3,-12,0,90,90,15,1,83780,AdultMaleAgent(Clone),5,10,1.71,1.58,3.231445,1,False,2,1,0.5
2026-03-06_19.45.00,145,sign-optimization-horizontal-vertical_scenario,618,111,3,-12,0,90,90,15,1,83781,AdultFemaleAgent(Clone),6,12,1.58,1.45,8.433594,1,False,2,0,0
2026-03-06_19.45.00,145,sign-optimization-horizontal-vertical_scenario,618,111,3,-12,0,90,90,15,1,83782,WheelchairAgent(Clone),6,12,1.3,1.17,0,0,False,2,0,0
2026-03-06_19.45.00,145,sign-optimization-horizontal-vertical_scenario,618,111,3,-12,0,90,90,15,1,83783,WheelchairAgent(Clone),10,12,1.3,1.17,9.356445,1,False,3,0,0
2026-03-06_19.45.00,145,sign-optimization-horizontal-vertical_scenario,618,111,3,-12,0,90,90,15,1,83784,AdultFemaleAgent(Clone),7,11,1.58,1.450001,6.411133,2,True,2,1,0.5
2026-03-06_19.45.00,145,sign-optimization-horizontal-vertical_scenario,618,111,3,-12,0,90,90,15,1,83785,WheelchairAgent(Clone),6,12,1.3,1.17,8.633789,1,False,2,0,0
2026-03-06_19.45.00,145,sign-optimization-horizontal-vertical_scenario,618,111,3,-12,0,90,90,15,1,83786,AdultMaleAgent(Clone),11,10,1.71,1.58,0,0,False,3,0,0
2026-03-06_19.45.00,145,sign-optimization-horizontal-vertical_scenario,618,111,3,-12,0,90,90,15,1,83787,AdultMaleAgent(Clone),11,10,1.71,1.58,0,0,False,3,0,0
2026-03-06_19.45.00,145,sign-optimization-horizontal-vertical_scenario,618,111,3,-12,0,90,90,15,1,83788,WheelchairAgent(Clone),10,12,1.3,1.17,5.6875,1,False,3,0,0
2026-03-06_19.45.00,145,sign-optimization-horizontal-vertical_scenario,618,111,3,-12,0,90,90,15,1,83789,WheelchairAgent(Clone),5,10,1.3,1.17,0.8642578,1,False,2,0,0
2026-03-06_19.45.00,145,sign-optimization-horizontal-vertical_scenario,618,111,3,-12,0,90,90,15,1,83790,WheelchairAgent(Clone),5,10,1.3,1.17,0.640625,1,False,2,0,0
2026-03-06_19.45.00,145,sign-optimization-horizontal-vertical_scenario,618,111,3,-12,0,90,90,15,1,83791,AdultFemaleAgent(Clone),7,11,1.58,1.450001,4.816406,1,True,2,1,0.5
2026-03-06_19.45.00,145,sign-optimization-horizontal-vertical_scenario,618,111,3,-12,0,90,90,15,1,83792,WheelchairAgent(Clone),6,12,1.3,1.17,0,0,False,2,0,0
2026-03-06_19.45.00,145,sign-optimization-horizontal-vertical_scenario,618,111,3,-12,0,90,90,15,1,83793,AdultMaleAgent(Clone),5,10,1.71,1.58,3.041992,1,False,2,1,0.5
2026-03-06_19.45.00,145,sign-optimization-horizontal-vertical_scenario,618,111,3,-12,0,90,90,15,1,83794,AdultFemaleAgent(Clone),10,12,1.58,1.45,0,0,False,3,0,0
2026-03-06_19.45.00,145,sign-optimization-horizontal-vertical_scenario,618,111,3,-12,0,90,90,15,1,83795,WheelchairAgent(Clone),10,12,1.3,1.17,7.359375,1,False,3,0,0
2026-03-06_19.45.00,145,sign-optimization-horizontal-vertical_scenario,618,111,3,-12,0,90,90,15,1,83796,AdultMaleAgent(Clone),7,11,1.71,1.58,5.952148,2,True,2,1,0.5
2026-03-06_19.45.00,145,sign-optimization-horizontal-vertical_scenario,618,111,3,-12,0,90,90,15,1,83797,AdultMaleAgent(Clone),6,12,1.71,1.58,6.597656,1,False,2,0,0
2026-03-06_19.45.00,145,sign-optimization-horizontal-vertical_scenario,618,111,3,-12,0,90,90,15,1,83798,AdultFemaleAgent(Clone),5,10,1.58,1.45,3.666992,1,False,2,1,0.5
2026-03-06_19.45.00,145,sign-optimization-horizontal-vertical_scenario,618,111,3,-12,0,90,90,15,1,83799,AdultFemaleAgent(Clone),10,12,1.58,1.45,10.09961,1,False,3,0,0
2026-03-06_19.45.00,145,sign-optimization-horizontal-vertical_scenario,618,111,3,-12,0,90,90,15,1,83800,WheelchairAgent(Clone),11,10,1.3,1.17,0,0,False,3,0,0
2026-03-06_19.45.00,145,sign-optimization-horizontal-vertical_scenario,618,111,3,-12,0,90,90,15,1,83801,AdultFemaleAgent(Clone),6,12,1.58,1.45,0,0,False,2,0,0
2026-03-06_19.45.00,145,sign-optimization-horizontal-vertical_scenario,618,111,3,-12,0,90,90,15,1,83802,WheelchairAgent(Clone),7,11,1.3,1.17,3.490234,1,True,2,1,0.5
2026-03-06_19.45.00,145,sign-optimization-horizontal-vertical_scenario,618,111,3,-12,0,90,90,15,1,83803,WheelchairAgent(Clone),5,10,1.3,1.17,1.039063,1,False,2,0,0
2026-03-06_19.45.00,145,sign-optimization-horizontal-vertical_scenario,618,111,3,-12,0,90,90,15,1,83804,WheelchairAgent(Clone),5,10,1.3,1.17,0,0,False,2,0,0
2026-03-06_19.45.00,145,sign-optimization-horizontal-vertical_scenario,618,111,3,-12,0,90,90,15,1,83805,AdultFemaleAgent(Clone),11,10,1.58,1.450001,0,0,False,3,0,0
2026-03-06_19.45.00,145,sign-optimization-horizontal-vertical_scenario,618,111,3,-12,0,90,90,15,1,83806,AdultMaleAgent(Clone),6,12,1.71,1.58,0,0,False,2,0,0
2026-03-06_19.45.00,145,sign-optimization-horizontal-vertical_scenario,618,111,3,-12,0,90,90,15,1,83807,WheelchairAgent(Clone),10,12,1.3,1.17,6.03125,1,False,3,0,0
2026-03-06_19.45.00,145,sign-optimization-horizontal-vertical_scenario,618,111,3,-12,0,90,90,15,1,83808,WheelchairAgent(Clone),10,12,1.3,1.17,0,0,False,3,0,0
2026-03-06_19.45.00,145,sign-optimization-horizontal-vertical_scenario,618,111,3,-12,0,90,90,15,1,83809,AdultFemaleAgent(Clone),11,10,1.58,1.450001,0,0,False,3,0,0
2026-03-06_19.45.00,145,sign-optimization-horizontal-vertical_scenario,618,111,3,-12,0,90,90,15,1,83810,AdultFemaleAgent(Clone),10,12,1.58,1.45,0,0,False,3,0,0
2026-03-06_19.45.00,145,sign-optimization-horizontal-vertical_scenario,618,111,3,-12,0,90,90,15,1,83811,AdultMaleAgent(Clone),7,11,1.71,1.58,2.74707,1,True,2,1,0.5
2026-03-06_19.45.00,145,sign-optimization-horizontal-vertical_scenario,618,111,3,-12,0,90,90,15,1,83812,WheelchairAgent(Clone),7,11,1.3,1.17,4.667969,2,True,2,1,0.5
2026-03-06_19.45.00,145,sign-optimization-horizontal-vertical_scenario,618,111,3,-12,0,90,90,15,1,83813,AdultFemaleAgent(Clone),5,10,1.58,1.45,3.013672,1,False,2,1,0.5
2026-03-06_19.45.00,145,sign-optimization-horizontal-vertical_scenario,618,111,3,-12,0,90,90,15,1,83814,AdultFemaleAgent(Clone),11,10,1.58,1.450001,0,0,False,3,0,0
2026-03-06_19.45.00,145,sign-optimization-horizontal-vertical_scenario,618,111,3,-12,0,90,90,15,1,83815,AdultMaleAgent(Clone),6,12,1.71,1.58,0,0,False,2,0,0
2026-03-06_19.45.00,145,sign-optimization-horizontal-vertical_scenario,618,111,3,-12,0,90,90,15,1,83816,AdultMaleAgent(Clone),6,12,1.71,1.58,0,0,False,2,0,0
2026-03-06_19.45.00,145,sign-optimization-horizontal-vertical_scenario,618,111,3,-12,0,90,90,15,1,83817,AdultFemaleAgent(Clone),11,10,1.58,1.450001,0,0,False,3,0,0
2026-03-06_19.45.00,145,sign-optimization-horizontal-vertical_scenario,618,111,3,-12,0,90,90,15,1,83818,AdultFemaleAgent(Clone),10,12,1.58,1.45,0,0,False,3,0,0
2026-03-06_19.45.00,145,sign-optimization-horizontal-vertical_scenario,618,111,3,-12,0,90,90,15,1,83819,WheelchairAgent(Clone),10,12,1.3,1.17,0,0,False,3,0,0
2026-03-06_19.45.00,145,sign-optimization-horizontal-vertical_scenario,618,111,3,-12,0,90,90,15,1,83820,AdultMaleAgent(Clone),11,10,1.71,1.58,0,0,False,3,0,0
2026-03-06_19.45.00,145,sign-optimization-horizontal-vertical_scenario,618,111,3,-12,0,90,90,15,1,83821,WheelchairAgent(Clone),7,11,1.3,1.17,4.374023,1,True,2,1,0.5
2026-03-06_19.45.00,145,sign-optimization-horizontal-vertical_scenario,618,111,3,-12,0,90,90,15,1,83822,AdultFemaleAgent(Clone),6,12,1.58,1.45,4.995117,1,False,2,0,0
2026-03-06_19.45.00,145,sign-optimization-horizontal-vertical_scenario,618,111,3,-12,0,90,90,15,1,83823,AdultMaleAgent(Clone),7,11,1.71,1.58,4.319336,1,True,2,1,0.5
2026-03-06_19.45.00,145,sign-optimization-horizontal-vertical_scenario,618,111,3,-12,0,90,90,15,1,83824,WheelchairAgent(Clone),10,12,1.3,1.17,4.774414,1,False,3,0,0
2026-03-06_19.45.00,145,sign-optimization-horizontal-vertical_scenario,618,111,3,-12,0,90,90,15,1,83825,WheelchairAgent(Clone),7,11,1.3,1.17,5.666016,1,True,2,1,0.5
2026-03-06_19.45.00,145,sign-optimization-horizontal-vertical_scenario,618,111,3,-12,0,90,90,15,1,83826,AdultMaleAgent(Clone),5,10,1.71,1.58,3.445313,1,False,2,1,0.5
2026-03-06_19.45.00,145,sign-optimization-horizontal-vertical_scenario,618,111,3,-12,0,90,90,15,1,83827,AdultMaleAgent(Clone),10,12,1.71,1.58,5.332031,1,False,3,0,0
2026-03-06_19.45.00,145,sign-optimization-horizontal-vertical_scenario,618,111,3,-12,0,90,90,15,1,83828,AdultMaleAgent(Clone),5,10,1.71,1.58,0,0,False,2,0,0
2026-03-06_19.45.00,145,sign-optimization-horizontal-vertical_scenario,618,111,3,-12,0,90,90,15,1,83829,AdultFemaleAgent(Clone),7,11,1.58,1.450001,5.334961,1,True,2,1,0.5
2026-03-06_19.45.00,145,sign-optimization-horizontal-vertical_scenario,618,111,3,-12,0,90,90,15,1,83830,WheelchairAgent(Clone),10,12,1.3,1.17,0,0,False,3,0,0
2026-03-06_19.45.00,145,sign-optimization-horizontal-vertical_scenario,618,111,3,-12,0,90,90,15,1,83831,WheelchairAgent(Clone),11,10,1.3,1.17,0,0,False,3,0,0
2026-03-06_19.45.00,145,sign-optimization-horizontal-vertical_scenario,618,111,3,-12,0,90,90,15,1,83832,AdultMaleAgent(Clone),7,11,1.71,1.58,2.991211,1,True,2,1,0.5
2026-03-06_19.45.00,145,sign-optimization-horizontal-vertical_scenario,618,111,3,-12,0,90,90,15,1,83833,AdultFemaleAgent(Clone),6,12,1.58,1.45,0,0,False,2,0,0
2026-03-06_19.45.00,145,sign-optimization-horizontal-vertical_scenario,618,111,3,-12,0,90,90,15,1,83834,AdultFemaleAgent(Clone),10,12,1.58,1.45,0,0,False,3,0,0
2026-03-06_19.45.00,145,sign-optimization-horizontal-vertical_scenario,618,111,3,-12,0,90,90,15,1,83835,AdultFemaleAgent(Clone),6,12,1.58,1.45,0.2275391,2,False,2,0,0
2026-03-06_19.45.00,145,sign-optimization-horizontal-vertical_scenario,618,111,3,-12,0,90,90,15,1,83836,AdultFemaleAgent(Clone),7,11,1.58,1.450001,5.75,1,True,2,1,0.5
2026-03-06_19.45.00,145,sign-optimization-horizontal-vertical_scenario,618,111,3,-12,0,90,90,15,1,83837,AdultFemaleAgent(Clone),6,12,1.58,1.45,0,0,False,2,0,0
2026-03-06_19.45.00,145,sign-optimization-horizontal-vertical_scenario,618,111,3,-12,0,90,90,15,1,83838,WheelchairAgent(Clone),5,10,1.3,1.17,2.142578,1,False,2,0,0
2026-03-06_19.45.00,145,sign-optimization-horizontal-vertical_scenario,618,111,3,-12,0,90,90,15,1,83839,WheelchairAgent(Clone),11,10,1.3,1.17,0,0,False,3,0,0
2026-03-06_19.45.00,145,sign-optimization-horizontal-vertical_scenario,618,111,3,-12,0,90,90,15,1,83840,AdultFemaleAgent(Clone),11,10,1.58,1.450001,0,0,False,3,0,0
2026-03-06_19.45.00,145,sign-optimization-horizontal-vertical_scenario,618,111,3,-12,0,90,90,15,1,83841,AdultFemaleAgent(Clone),7,11,1.58,1.450001,4.722656,1,True,2,1,0.5
2026-03-06_19.45.00,145,sign-optimization-horizontal-vertical_scenario,618,111,3,-12,0,90,90,15,1,83842,AdultFemaleAgent(Clone),10,12,1.58,1.45,0,0,False,3,0,0
2026-03-06_19.45.00,145,sign-optimization-horizontal-vertical_scenario,618,111,3,-12,0,90,90,15,1,83843,AdultMaleAgent(Clone),11,10,1.71,1.58,0,0,False,3,0,0
2026-03-06_19.45.00,145,sign-optimization-horizontal-vertical_scenario,618,111,3,-12,0,90,90,15,1,83844,AdultFemaleAgent(Clone),7,11,1.58,1.450001,4.628906,1,True,2,1,0.5
2026-03-06_19.45.00,145,sign-optimization-horizontal-vertical_scenario,618,111,3,-12,0,90,90,15,1,83845,AdultMaleAgent(Clone),7,11,1.71,1.58,4.282227,1,True,2,1,0.5
2026-03-06_19.45.00,145,sign-optimization-horizontal-vertical_scenario,618,111,3,-12,0,90,90,15,1,83846,AdultFemaleAgent(Clone),11,10,1.58,1.450001,0,0,False,3,0,0
2026-03-06_19.45.00,145,sign-optimization-horizontal-vertical_scenario,618,111,3,-12,0,90,90,15,1,83847,AdultFemaleAgent(Clone),5,10,1.58,1.45,0,0,False,2,1,0.5
2026-03-06_19.45.00,145,sign-optimization-horizontal-vertical_scenario,618,111,3,-12,0,90,90,15,1,83848,AdultFemaleAgent(Clone),6,12,1.58,1.45,0,0,False,2,1,0.5
2026-03-06_19.45.00,145,sign-optimization-horizontal-vertical_scenario,618,111,3,-12,0,90,90,15,1,83849,AdultMaleAgent(Clone),10,12,1.71,1.58,0,0,False,3,0,0
2026-03-06_19.45.00,145,sign-optimization-horizontal-vertical_scenario,618,111,3,-12,0,90,90,15,1,83850,AdultFemaleAgent(Clone),6,12,1.58,1.45,0,0,False,2,0,0
2026-03-06_19.45.00,145,sign-optimization-horizontal-vertical_scenario,618,111,3,-12,0,90,90,15,1,83851,AdultMaleAgent(Clone),7,11,1.71,1.58,5.443359,1,True,2,1,0.5
2026-03-06_19.45.00,145,sign-optimization-horizontal-vertical_scenario,618,111,3,-12,0,90,90,15,1,83852,AdultFemaleAgent(Clone),10,12,1.58,1.45,0,0,False,3,0,0
2026-03-06_19.45.00,145,sign-optimization-horizontal-vertical_scenario,618,111,3,-12,0,90,90,15,1,83853,WheelchairAgent(Clone),6,12,1.3,1.17,0,0,False,2,0,0
2026-03-06_19.45.00,145,sign-optimization-horizontal-vertical_scenario,618,111,3,-12,0,90,90,15,1,83854,WheelchairAgent(Clone),6,12,1.3,1.17,0,0,False,2,0,0
2026-03-06_19.45.00,145,sign-optimization-horizontal-vertical_scenario,618,111,3,-12,0,90,90,15,1,83855,AdultFemaleAgent(Clone),6,12,1.58,1.45,0,0,False,2,0,0
2026-03-06_19.45.00,145,sign-optimization-horizontal-vertical_scenario,618,111,3,-12,0,90,90,15,1,83856,AdultFemaleAgent(Clone),10,12,1.58,1.45,0,0,False,3,0,0
2026-03-06_19.45.00,145,sign-optimization-horizontal-vertical_scenario,618,111,3,-12,0,90,90,15,1,83857,WheelchairAgent(Clone),5,10,1.3,1.17,0,0,False,2,0,0
2026-03-06_19.45.00,145,sign-optimization-horizontal-vertical_scenario,618,111,3,-12,0,90,90,15,1,83858,AdultFemaleAgent(Clone),10,12,1.58,1.45,0,0,False,3,0,0
2026-03-06_19.45.00,145,sign-optimization-horizontal-vertical_scenario,618,111,3,-12,0,90,90,15,1,83859,AdultMaleAgent(Clone),5,10,1.71,1.58,0,0,False,2,0,0
2026-03-06_19.45.00,145,sign-optimization-horizontal-vertical_scenario,618,111,3,-12,0,90,90,15,1,83860,AdultFemaleAgent(Clone),10,12,1.58,1.45,0,0,False,3,0,0
2026-03-06_19.45.00,145,sign-optimization-horizontal-vertical_scenario,618,111,3,-12,0,90,90,15,1,83861,WheelchairAgent(Clone),7,11,1.3,1.17,4.055664,1,True,2,1,0.5
2026-03-06_19.45.00,145,sign-optimization-horizontal-vertical_scenario,618,111,3,-12,0,90,90,15,1,83862,AdultFemaleAgent(Clone),6,12,1.58,1.45,0,0,False,2,0,0
2026-03-06_19.45.00,145,sign-optimization-horizontal-vertical_scenario,618,111,3,-12,0,90,90,15,1,83863,AdultMaleAgent(Clone),10,12,1.71,1.58,0,0,False,3,0,0
2026-03-06_19.45.00,145,sign-optimization-horizontal-vertical_scenario,618,111,3,-12,0,90,90,15,1,83864,AdultMaleAgent(Clone),5,10,1.71,1.58,0,0,False,2,1,0.5
2026-03-06_19.45.00,145,sign-optimization-horizontal-vertical_scenario,618,111,3,-12,0,90,90,15,1,83865,WheelchairAgent(Clone),6,12,1.3,1.17,0,0,False,2,0,0
2026-03-06_19.45.00,145,sign-optimization-horizontal-vertical_scenario,618,111,3,-12,0,90,90,15,1,83866,AdultFemaleAgent(Clone),7,11,1.58,1.450001,3.963867,1,True,2,1,0.5
2026-03-06_19.45.00,145,sign-optimization-horizontal-vertical_scenario,618,111,3,-12,0,90,90,15,1,83867,AdultMaleAgent(Clone),7,11,1.71,1.58,5.953125,1,True,2,1,0.5
2026-03-06_19.45.00,145,sign-optimization-horizontal-vertical_scenario,618,111,3,-12,0,90,90,15,1,83868,AdultFemaleAgent(Clone),5,10,1.58,1.45,0,0,False,2,0,0
2026-03-06_19.45.00,145,sign-optimization-horizontal-vertical_scenario,618,111,3,-12,0,90,90,15,1,83869,WheelchairAgent(Clone),11,10,1.3,1.17,0,0,False,3,0,0
2026-03-06_19.45.00,145,sign-optimization-horizontal-vertical_scenario,618,111,3,-12,0,90,90,15,1,83870,AdultFemaleAgent(Clone),7,11,1.58,1.450001,5.470703,1,True,2,1,0.5
2026-03-06_19.45.00,145,sign-optimization-horizontal-vertical_scenario,618,111,3,-12,0,90,90,15,1,83871,AdultFemaleAgent(Clone),10,12,1.58,1.45,0,0,False,3,0,0
2026-03-06_19.45.00,145,sign-optimization-horizontal-vertical_scenario,618,111,3,-12,0,90,90,15,1,83872,WheelchairAgent(Clone),10,12,1.3,1.17,0,0,False,3,0,0
2026-03-06_19.45.00,145,sign-optimization-horizontal-vertical_scenario,618,111,3,-12,0,90,90,15,1,83873,AdultFemaleAgent(Clone),10,12,1.58,1.45,0,0,False,3,0,0
2026-03-06_19.45.00,145,sign-optimization-horizontal-vertical_scenario,618,111,3,-12,0,90,90,15,1,83874,AdultFemaleAgent(Clone),10,12,1.58,1.45,0,0,False,3,0,0
2026-03-06_19.45.00,145,sign-optimization-horizontal-vertical_scenario,618,111,3,-12,0,90,90,15,1,83875,AdultMaleAgent(Clone),11,10,1.71,1.58,0,0,False,3,0,0
2026-03-06_19.45.00,145,sign-optimization-horizontal-vertical_scenario,618,111,3,-12,0,90,90,15,1,83876,AdultFemaleAgent(Clone),11,10,1.58,1.450001,0,0,False,3,0,0
2026-03-06_19.45.00,145,sign-optimization-horizontal-vertical_scenario,618,111,3,-12,0,90,90,15,1,83877,WheelchairAgent(Clone),5,10,1.3,1.17,0,0,False,2,0,0
2026-03-06_19.45.00,145,sign-optimization-horizontal-vertical_scenario,618,111,3,-12,0,90,90,15,1,83878,WheelchairAgent(Clone),7,11,1.3,1.17,4.949219,1,True,2,1,0.5
2026-03-06_19.45.00,145,sign-optimization-horizontal-vertical_scenario,618,111,3,-12,0,90,90,15,1,83879,WheelchairAgent(Clone),10,12,1.3,1.17,0,0,False,3,0,0
2026-03-06_19.45.00,145,sign-optimization-horizontal-vertical_scenario,618,111,3,-12,0,90,90,15,1,83880,AdultMaleAgent(Clone),6,12,1.71,1.58,0,0,False,2,0,0
2026-03-06_19.45.00,145,sign-optimization-horizontal-vertical_scenario,618,111,3,-12,0,90,90,15,1,83881,AdultMaleAgent(Clone),6,12,1.71,1.58,0,0,False,2,1,0.5
2026-03-06_19.45.00,145,sign-optimization-horizontal-vertical_scenario,618,111,3,-12,0,90,90,15,1,83882,AdultMaleAgent(Clone),7,11,1.71,1.58,3.133789,1,True,2,1,0.5
2026-03-06_19.45.00,145,sign-optimization-horizontal-vertical_scenario,618,111,3,-12,0,90,90,15,1,83883,AdultMaleAgent(Clone),11,10,1.71,1.58,0,0,False,3,0,0
2026-03-06_19.45.00,145,sign-optimization-horizontal-vertical_scenario,618,111,3,-12,0,90,90,15,1,83884,AdultMaleAgent(Clone),11,10,1.71,1.58,0,0,False,3,0,0
2026-03-06_19.45.00,145,sign-optimization-horizontal-vertical_scenario,618,111,3,-12,0,90,90,15,1,83885,AdultFemaleAgent(Clone),11,10,1.58,1.450001,0,0,False,3,0,0
2026-03-06_19.45.00,145,sign-optimization-horizontal-vertical_scenario,618,111,3,-12,0,90,90,15,1,83886,AdultMaleAgent(Clone),7,11,1.71,1.58,3.423828,1,True,2,1,0.5
2026-03-06_19.45.00,145,sign-optimization-horizontal-vertical_scenario,618,111,3,-12,0,90,90,15,1,83887,AdultMaleAgent(Clone),11,10,1.71,1.58,0,0,False,3,0,0
2026-03-06_19.45.00,145,sign-optimization-horizontal-vertical_scenario,618,111,3,-12,0,90,90,15,1,83888,AdultMaleAgent(Clone),6,12,1.71,1.58,0,0,False,2,0,0
2026-03-06_19.45.00,145,sign-optimization-horizontal-vertical_scenario,618,111,3,-12,0,90,90,15,1,83889,WheelchairAgent(Clone),5,10,1.3,1.17,0,0,False,2,0,0
2026-03-06_19.45.00,145,sign-optimization-horizontal-vertical_scenario,618,111,3,-12,0,90,90,15,1,83890,AdultMaleAgent(Clone),11,10,1.71,1.58,0,0,False,3,0,0
2026-03-06_19.45.00,145,sign-optimization-horizontal-vertical_scenario,618,111,3,-12,0,90,90,15,1,83891,AdultFemaleAgent(Clone),5,10,1.58,1.45,0,0,False,2,0,0
2026-03-06_19.45.00,145,sign-optimization-horizontal-vertical_scenario,618,111,3,-12,0,90,90,15,1,83892,AdultFemaleAgent(Clone),6,12,1.58,1.45,0,0,False,2,0,0
2026-03-06_19.45.00,145,sign-optimization-horizontal-vertical_scenario,618,111,3,-12,0,90,90,15,1,83893,AdultMaleAgent(Clone),11,10,1.71,1.58,0,0,False,3,0,0
2026-03-06_19.45.00,145,sign-optimization-horizontal-vertical_scenario,618,111,3,-12,0,90,90,15,1,83894,WheelchairAgent(Clone),5,10,1.3,1.17,0,0,False,2,0,0
2026-03-06_19.45.00,145,sign-optimization-horizontal-vertical_scenario,618,111,3,-12,0,90,90,15,1,83895,WheelchairAgent(Clone),5,10,1.3,1.17,0,0,False,2,0,0
2026-03-06_19.45.00,145,sign-optimization-horizontal-vertical_scenario,618,111,3,-12,0,90,90,15,1,83896,AdultMaleAgent(Clone),6,12,1.71,1.58,0,0,False,2,0,0
2026-03-06_19.45.00,145,sign-optimization-horizontal-vertical_scenario,618,111,3,-12,0,90,90,15,1,83897,AdultMaleAgent(Clone),11,10,1.71,1.58,0,0,False,3,0,0
2026-03-06_19.45.00,145,sign-optimization-horizontal-vertical_scenario,618,111,3,-12,0,90,90,15,1,83898,AdultMaleAgent(Clone),11,10,1.71,1.58,0,0,False,3,0,0
2026-03-06_19.45.00,145,sign-optimization-horizontal-vertical_scenario,618,111,3,-12,0,90,90,15,1,83899,WheelchairAgent(Clone),7,11,1.3,1.17,2.990234,1,True,2,1,0.5
2026-03-06_19.45.00,145,sign-optimization-horizontal-vertical_scenario,618,111,3,-12,0,90,90,15,1,83900,AdultMaleAgent(Clone),10,12,1.71,1.58,0,0,False,3,0,0
2026-03-06_19.45.00,145,sign-optimization-horizontal-vertical_scenario,618,111,3,-12,0,90,90,15,1,83901,AdultMaleAgent(Clone),6,12,1.71,1.58,0,0,False,2,0,0
2026-03-06_19.45.00,145,sign-optimization-horizontal-vertical_scenario,618,111,3,-12,0,90,90,15,1,83902,AdultFemaleAgent(Clone),5,10,1.58,1.45,0,0,False,2,0,0
2026-03-06_19.45.00,145,sign-optimization-horizontal-vertical_scenario,618,111,3,-12,0,90,90,15,1,83903,AdultMaleAgent(Clone),5,10,1.71,1.58,0,0,False,2,0,0
2026-03-06_19.45.00,145,sign-optimization-horizontal-vertical_scenario,618,111,3,-12,0,90,90,15,1,83904,AdultFemaleAgent(Clone),10,12,1.58,1.45,0,0,False,3,0,0
2026-03-06_19.45.00,145,sign-optimization-horizontal-vertical_scenario,618,111,3,-12,0,90,90,15,1,83905,AdultMaleAgent(Clone),5,10,1.71,1.58,0,0,False,2,0,0
2026-03-06_19.45.00,145,sign-optimization-horizontal-vertical_scenario,618,111,3,-12,0,90,90,15,1,83906,WheelchairAgent(Clone),7,11,1.3,1.17,4.367188,1,True,2,1,0.5
2026-03-06_19.45.00,145,sign-optimization-horizontal-vertical_scenario,618,111,3,-12,0,90,90,15,1,83907,WheelchairAgent(Clone),7,11,1.3,1.17,5.480469,1,True,2,1,0.5
2026-03-06_19.45.00,145,sign-optimization-horizontal-vertical_scenario,618,111,3,-12,0,90,90,15,1,83908,WheelchairAgent(Clone),7,11,1.3,1.17,5.80957,1,True,2,1,0.5
2026-03-06_19.45.00,145,sign-optimization-horizontal-vertical_scenario,618,111,3,-12,0,90,90,15,1,83909,AdultFemaleAgent(Clone),7,11,1.58,1.450001,2.452148,1,True,2,1,0.5
2026-03-06_19.45.00,145,sign-optimization-horizontal-vertical_scenario,618,111,3,-12,0,90,90,15,1,83910,WheelchairAgent(Clone),6,12,1.3,1.17,0,0,False,2,0,0
2026-03-06_19.45.00,145,sign-optimization-horizontal-vertical_scenario,618,111,3,-12,0,90,90,15,1,83911,AdultFemaleAgent(Clone),5,10,1.58,1.45,0,0,False,2,0,0
2026-03-06_19.45.00,145,sign-optimization-horizontal-vertical_scenario,618,111,3,-12,0,90,90,15,1,83912,WheelchairAgent(Clone),10,12,1.3,1.17,0,0,False,3,0,0
2026-03-06_19.45.00,145,sign-optimization-horizontal-vertical_scenario,618,111,3,-12,0,90,90,15,1,83913,AdultMaleAgent(Clone),6,12,1.71,1.58,0,0,False,2,0,0
2026-03-06_19.45.00,145,sign-optimization-horizontal-vertical_scenario,618,111,3,-12,0,90,90,15,1,83914,AdultMaleAgent(Clone),10,12,1.71,1.58,0,0,False,3,0,0
2026-03-06_19.45.00,145,sign-optimization-horizontal-vertical_scenario,618,111,3,-12,0,90,90,15,1,83915,WheelchairAgent(Clone),6,12,1.3,1.17,0,0,False,2,0,0
2026-03-06_19.45.00,145,sign-optimization-horizontal-vertical_scenario,618,111,3,-12,0,90,90,15,1,83916,AdultFemaleAgent(Clone),5,10,1.58,1.45,0,0,False,2,0,0
2026-03-06_19.45.00,145,sign-optimization-horizontal-vertical_scenario,618,111,3,-12,0,90,90,15,1,83917,AdultFemaleAgent(Clone),6,12,1.58,1.45,0,0,False,2,0,0
2026-03-06_19.45.00,145,sign-optimization-horizontal-vertical_scenario,618,111,3,-12,0,90,90,15,1,83918,WheelchairAgent(Clone),6,12,1.3,1.17,0,0,False,2,0,0
2026-03-06_19.45.00,145,sign-optimization-horizontal-vertical_scenario,618,111,3,-12,0,90,90,15,1,83919,WheelchairAgent(Clone),6,12,1.3,1.17,0,0,False,2,0,0
2026-03-06_19.45.00,145,sign-optimization-horizontal-vertical_scenario,618,111,3,-12,0,90,90,15,1,83920,AdultFemaleAgent(Clone),11,10,1.58,1.450001,0,0,False,3,0,0
2026-03-06_19.45.00,145,sign-optimization-horizontal-vertical_scenario,618,111,3,-12,0,90,90,15,1,83921,WheelchairAgent(Clone),5,10,1.3,1.17,0,0,False,2,0,0
2026-03-06_19.45.00,145,sign-optimization-horizontal-vertical_scenario,618,111,3,-12,0,90,90,15,1,83922,AdultFemaleAgent(Clone),10,12,1.58,1.45,0,0,False,3,0,0
2026-03-06_19.45.00,145,sign-optimization-horizontal-vertical_scenario,618,111,3,-12,0,90,90,15,1,83923,WheelchairAgent(Clone),7,11,1.3,1.17,3.181641,1,True,2,1,0.5
2026-03-06_19.45.00,145,sign-optimization-horizontal-vertical_scenario,618,111,3,-12,0,90,90,15,1,83924,WheelchairAgent(Clone),10,12,1.3,1.17,0,0,False,3,0,0
2026-03-06_19.45.00,145,sign-optimization-horizontal-vertical_scenario,618,111,3,-12,0,90,90,15,1,83925,WheelchairAgent(Clone),7,11,1.3,1.17,4.359375,1,True,2,1,0.5
2026-03-06_19.45.00,145,sign-optimization-horizontal-vertical_scenario,618,111,3,-12,0,90,90,15,1,83926,WheelchairAgent(Clone),6,12,1.3,1.17,0,0,False,2,0,0
2026-03-06_19.45.00,145,sign-optimization-horizontal-vertical_scenario,618,111,3,-12,0,90,90,15,1,83927,AdultMaleAgent(Clone),6,12,1.71,1.58,0,0,False,2,0,0
2026-03-06_19.45.00,145,sign-optimization-horizontal-vertical_scenario,618,111,3,-12,0,90,90,15,1,83928,AdultMaleAgent(Clone),5,10,1.71,1.58,0,0,False,2,0,0
2026-03-06_19.45.00,145,sign-optimization-horizontal-vertical_scenario,618,111,3,-12,0,90,90,15,1,83929,WheelchairAgent(Clone),5,10,1.3,1.17,0,0,False,2,0,0
2026-03-06_19.45.00,145,sign-optimization-horizontal-vertical_scenario,618,111,3,-12,0,90,90,15,1,83930,AdultMaleAgent(Clone),10,12,1.71,1.58,0,0,False,3,0,0
2026-03-06_19.45.00,145,sign-optimization-horizontal-vertical_scenario,618,111,3,-12,0,90,90,15,1,83931,AdultMaleAgent(Clone),10,12,1.71,1.58,0,0,False,3,0,0
2026-03-06_19.45.00,145,sign-optimization-horizontal-vertical_scenario,618,111,3,-12,0,90,90,15,1,83932,AdultMaleAgent(Clone),6,12,1.71,1.58,0,0,False,2,0,0
2026-03-06_19.45.00,145,sign-optimization-horizontal-vertical_scenario,618,111,3,-12,0,90,90,15,1,83933,WheelchairAgent(Clone),7,11,1.3,1.17,3.008789,1,True,2,1,0.5
2026-03-06_19.45.00,145,sign-optimization-horizontal-vertical_scenario,618,111,3,-12,0,90,90,15,1,83934,AdultMaleAgent(Clone),11,10,1.71,1.58,0,0,False,3,0,0
2026-03-06_19.45.00,145,sign-optimization-horizontal-vertical_scenario,618,111,3,-12,0,90,90,15,1,83935,AdultMaleAgent(Clone),11,10,1.71,1.58,0,0,False,3,0,0
2026-03-06_19.45.00,145,sign-optimization-horizontal-vertical_scenario,618,111,3,-12,0,90,90,15,1,83936,AdultMaleAgent(Clone),5,10,1.71,1.58,0,0,False,2,0,0
2026-03-06_19.45.00,145,sign-optimization-horizontal-vertical_scenario,618,111,3,-12,0,90,90,15,1,83937,WheelchairAgent(Clone),6,12,1.3,1.17,0,0,False,2,0,0
2026-03-06_19.45.00,145,sign-optimization-horizontal-vertical_scenario,618,111,3,-12,0,90,90,15,1,83938,WheelchairAgent(Clone),11,10,1.3,1.17,0,0,False,3,0,0
2026-03-06_19.45.00,145,sign-optimization-horizontal-vertical_scenario,618,111,3,-12,0,90,90,15,1,83939,AdultFemaleAgent(Clone),5,10,1.58,1.45,0,0,False,2,0,0
2026-03-06_19.45.00,145,sign-optimization-horizontal-vertical_scenario,618,111,3,-12,0,90,90,15,1,83940,WheelchairAgent(Clone),6,12,1.3,1.17,0,0,False,2,0,0
2026-03-06_19.45.00,145,sign-optimization-horizontal-vertical_scenario,618,111,3,-12,0,90,90,15,1,83941,AdultMaleAgent(Clone),11,10,1.71,1.58,0,0,False,3,0,0
2026-03-06_19.45.00,145,sign-optimization-horizontal-vertical_scenario,618,111,3,-12,0,90,90,15,1,83942,AdultFemaleAgent(Clone),5,10,1.58,1.45,0,0,False,2,0,0
2026-03-06_19.45.00,145,sign-optimization-horizontal-vertical_scenario,618,111,3,-12,0,90,90,15,1,83943,AdultFemaleAgent(Clone),6,12,1.58,1.45,0,0,False,2,0,0
2026-03-06_19.45.00,145,sign-optimization-horizontal-vertical_scenario,618,111,3,-12,0,90,90,15,1,83944,AdultFemaleAgent(Clone),6,12,1.58,1.45,0,0,False,2,0,0
2026-03-06_19.45.00,145,sign-optimization-horizontal-vertical_scenario,618,111,3,-12,0,90,90,15,1,83945,WheelchairAgent(Clone),6,12,1.3,1.17,0,0,False,2,0,0
2026-03-06_19.45.00,145,sign-optimization-horizontal-vertical_scenario,618,111,3,-12,0,90,90,15,1,83946,AdultFemaleAgent(Clone),11,10,1.58,1.450001,0,0,False,3,0,0
2026-03-06_19.45.00,145,sign-optimization-horizontal-vertical_scenario,618,111,3,-12,0,90,90,15,1,83947,WheelchairAgent(Clone),6,12,1.3,1.17,0,0,False,2,0,0
2026-03-06_19.45.00,145,sign-optimization-horizontal-vertical_scenario,618,111,3,-12,0,90,90,15,1,83948,AdultFemaleAgent(Clone),11,10,1.58,1.450001,0,0,False,3,0,0
2026-03-06_19.45.00,145,sign-optimization-horizontal-vertical_scenario,618,111,3,-12,0,90,90,15,1,83949,WheelchairAgent(Clone),6,12,1.3,1.17,0,0,False,2,0,0
2026-03-06_19.45.00,145,sign-optimization-horizontal-vertical_scenario,618,111,3,-12,0,90,90,15,1,83950,WheelchairAgent(Clone),11,10,1.3,1.17,0,0,False,3,0,0
2026-03-06_19.45.00,145,sign-optimization-horizontal-vertical_scenario,618,111,3,-12,0,90,90,15,1,83951,AdultMaleAgent(Clone),5,10,1.71,1.58,0,0,False,2,0,0
2026-03-06_19.45.00,145,sign-optimization-horizontal-vertical_scenario,618,111,3,-12,0,90,90,15,1,83952,AdultFemaleAgent(Clone),6,12,1.58,1.45,0,0,False,2,0,0
2026-03-06_19.45.00,145,sign-optimization-horizontal-vertical_scenario,618,111,3,-12,0,90,90,15,1,83953,WheelchairAgent(Clone),7,11,1.3,1.17,2.666016,1,True,2,1,0.5
2026-03-06_19.45.00,145,sign-optimization-horizontal-vertical_scenario,618,111,3,-12,0,90,90,15,1,83954,WheelchairAgent(Clone),6,12,1.3,1.17,0,0,False,2,0,0
2026-03-06_19.45.00,145,sign-optimization-horizontal-vertical_scenario,618,111,3,-12,0,90,90,15,1,83955,AdultFemaleAgent(Clone),7,11,1.58,1.450001,0,0,True,2,1,0.5
2026-03-06_19.45.00,145,sign-optimization-horizontal-vertical_scenario,618,111,3,-12,0,90,90,15,1,83956,AdultMaleAgent(Clone),7,11,1.71,1.58,0,0,True,2,1,0.5
2026-03-06_19.45.00,145,sign-optimization-horizontal-vertical_scenario,618,111,3,-12,0,90,90,15,1,83957,AdultFemaleAgent(Clone),10,12,1.58,1.45,0,0,False,3,0,0
2026-03-06_19.45.00,145,sign-optimization-horizontal-vertical_scenario,618,111,3,-12,0,90,90,15,1,83958,WheelchairAgent(Clone),5,10,1.3,1.17,0,0,False,2,0,0
2026-03-06_19.45.00,145,sign-optimization-horizontal-vertical_scenario,618,111,3,-12,0,90,90,15,1,83959,AdultMaleAgent(Clone),5,10,1.71,1.58,0,0,False,2,0,0
2026-03-06_19.45.00,145,sign-optimization-horizontal-vertical_scenario,618,111,3,-12,0,90,90,15,1,83960,WheelchairAgent(Clone),11,10,1.3,1.17,0,0,False,3,0,0
2026-03-06_19.45.00,145,sign-optimization-horizontal-vertical_scenario,618,111,3,-12,0,90,90,15,1,83961,WheelchairAgent(Clone),7,11,1.3,1.17,0,0,False,2,1,0.5
2026-03-06_19.45.00,145,sign-optimization-horizontal-vertical_scenario,618,111,3,-12,0,90,90,15,1,83962,WheelchairAgent(Clone),11,10,1.3,1.17,0,0,False,3,0,0
2026-03-06_19.45.00,145,sign-optimization-horizontal-vertical_scenario,618,111,3,-12,0,90,90,15,1,83963,WheelchairAgent(Clone),11,10,1.3,1.17,0,0,False,3,0,0
2026-03-06_19.45.00,145,sign-optimization-horizontal-vertical_scenario,618,111,3,-12,0,90,90,15,1,83964,AdultFemaleAgent(Clone),5,10,1.58,1.45,0,0,False,2,0,0
2026-03-06_19.45.00,145,sign-optimization-horizontal-vertical_scenario,618,111,3,-12,0,90,90,15,1,83965,AdultFemaleAgent(Clone),5,10,1.58,1.45,0,0,False,2,0,0
2026-03-06_19.45.00,145,sign-optimization-horizontal-vertical_scenario,618,111,3,-12,0,90,90,15,1,83966,WheelchairAgent(Clone),10,12,1.3,1.17,0,0,False,3,0,0
2026-03-06_19.45.00,145,sign-optimization-horizontal-vertical_scenario,618,111,3,-12,0,90,90,15,1,83967,AdultMaleAgent(Clone),6,12,1.71,1.58,0,0,False,2,0,0
2026-03-06_19.45.00,145,sign-optimization-horizontal-vertical_scenario,618,111,3,-12,0,90,90,15,1,83968,AdultMaleAgent(Clone),10,12,1.71,1.58,0,0,False,3,0,0
2026-03-06_19.45.00,145,sign-optimization-horizontal-vertical_scenario,618,111,3,-12,0,90,90,15,1,83969,AdultMaleAgent(Clone),5,10,1.71,1.58,0,0,False,2,0,0
2026-03-06_19.45.00,145,sign-optimization-horizontal-vertical_scenario,618,111,3,-12,0,90,90,15,1,83970,AdultFemaleAgent(Clone),11,10,1.58,1.450001,0,0,False,3,0,0
2026-03-06_19.45.00,145,sign-optimization-horizontal-vertical_scenario,618,111,3,-12,0,90,90,15,1,83971,AdultMaleAgent(Clone),5,10,1.71,1.58,0,0,False,2,0,0
2026-03-06_19.45.00,145,sign-optimization-horizontal-vertical_scenario,618,111,3,-12,0,90,90,15,1,83972,AdultMaleAgent(Clone),6,12,1.71,1.58,0,0,False,2,0,0
2026-03-06_19.45.00,145,sign-optimization-horizontal-vertical_scenario,618,111,3,-12,0,90,90,15,1,83973,AdultMaleAgent(Clone),10,12,1.71,1.58,0,0,False,3,0,0
2026-03-06_19.45.00,145,sign-optimization-horizontal-vertical_scenario,618,111,3,-12,0,90,90,15,1,83974,WheelchairAgent(Clone),11,10,1.3,1.17,0,0,False,3,0,0
2026-03-06_19.45.00,145,sign-optimization-horizontal-vertical_scenario,618,111,3,-12,0,90,90,15,1,83975,AdultFemaleAgent(Clone),6,12,1.58,1.45,0,0,False,2,0,0
2026-03-06_19.45.00,145,sign-optimization-horizontal-vertical_scenario,618,111,3,-12,0,90,90,15,1,83976,WheelchairAgent(Clone),10,12,1.3,1.17,0,0,False,3,0,0
2026-03-06_19.45.00,145,sign-optimization-horizontal-vertical_scenario,618,111,3,-12,0,90,90,15,1,83977,WheelchairAgent(Clone),6,12,1.3,1.17,0,0,False,2,0,0
2026-03-06_19.45.00,145,sign-optimization-horizontal-vertical_scenario,618,111,3,-12,0,90,90,15,1,83978,AdultFemaleAgent(Clone),6,12,1.58,1.45,0,0,False,2,0,0
2026-03-06_19.45.00,145,sign-optimization-horizontal-vertical_scenario,618,111,3,-12,0,90,90,15,1,83979,AdultMaleAgent(Clone),11,10,1.71,1.58,0,0,False,3,0,0
2026-03-06_19.45.00,145,sign-optimization-horizontal-vertical_scenario,618,111,3,-12,0,90,90,15,1,83980,WheelchairAgent(Clone),5,10,1.3,1.17,0,0,False,2,0,0
2026-03-06_19.45.00,145,sign-optimization-horizontal-vertical_scenario,618,111,3,-12,0,90,90,15,1,83981,WheelchairAgent(Clone),11,10,1.3,1.17,0,0,False,3,0,0
2026-03-06_19.45.00,145,sign-optimization-horizontal-vertical_scenario,618,111,3,-12,0,90,90,15,1,83982,AdultFemaleAgent(Clone),5,10,1.58,1.45,0,0,False,2,0,0
2026-03-06_19.45.00,145,sign-optimization-horizontal-vertical_scenario,618,111,3,-12,0,90,90,15,1,83983,AdultMaleAgent(Clone),11,10,1.71,1.58,0,0,False,3,0,0
2026-03-06_19.45.00,145,sign-optimization-horizontal-vertical_scenario,618,111,3,-12,0,90,90,15,1,83984,AdultMaleAgent(Clone),10,12,1.71,1.58,0,0,False,3,0,0
2026-03-06_19.45.00,145,sign-optimization-horizontal-vertical_scenario,618,111,3,-12,0,90,90,15,1,83985,AdultMaleAgent(Clone),6,12,1.71,1.58,0,0,False,2,0,0
2026-03-06_19.45.00,145,sign-optimization-horizontal-vertical_scenario,618,111,3,-12,0,90,90,15,1,83986,AdultFemaleAgent(Clone),7,11,1.58,1.450001,0,0,False,2,1,0.5
2026-03-06_19.45.00,145,sign-optimization-horizontal-vertical_scenario,618,111,3,-12,0,90,90,15,1,83987,AdultMaleAgent(Clone),11,10,1.71,1.58,0,0,False,3,0,0
2026-03-06_19.45.00,145,sign-optimization-horizontal-vertical_scenario,618,111,3,-12,0,90,90,15,1,83988,WheelchairAgent(Clone),10,12,1.3,1.17,0,0,False,3,0,0
2026-03-06_19.45.00,145,sign-optimization-horizontal-vertical_scenario,618,111,3,-12,0,90,90,15,1,83989,WheelchairAgent(Clone),6,12,1.3,1.17,0,0,False,2,0,0
2026-03-06_19.45.00,145,sign-optimization-horizontal-vertical_scenario,618,111,3,-12,0,90,90,15,1,83990,AdultMaleAgent(Clone),5,10,1.71,1.58,0,0,False,2,0,0
2026-03-06_19.45.00,145,sign-optimization-horizontal-vertical_scenario,618,111,3,-12,0,90,90,15,1,83991,WheelchairAgent(Clone),10,12,1.3,1.17,0,0,False,3,0,0
2026-03-06_19.45.00,145,sign-optimization-horizontal-vertical_scenario,618,111,3,-12,0,90,90,15,1,83992,WheelchairAgent(Clone),5,10,1.3,1.17,0,0,False,2,0,0
2026-03-06_19.45.00,145,sign-optimization-horizontal-vertical_scenario,618,111,3,-12,0,90,90,15,1,83993,AdultFemaleAgent(Clone),11,10,1.58,1.450001,0,0,False,3,0,0
2026-03-06_19.45.00,145,sign-optimization-horizontal-vertical_scenario,618,111,3,-12,0,90,90,15,1,83994,AdultFemaleAgent(Clone),10,12,1.58,1.45,0,0,False,3,0,0
2026-03-06_19.45.00,145,sign-optimization-horizontal-vertical_scenario,618,111,3,-12,0,90,90,15,1,83995,AdultFemaleAgent(Clone),7,11,1.58,1.450001,0,0,False,2,0,0
2026-03-06_19.45.00,145,sign-optimization-horizontal-vertical_scenario,618,111,3,-12,0,90,90,15,1,83996,AdultMaleAgent(Clone),5,10,1.71,1.58,0,0,False,2,0,0
2026-03-06_19.45.00,145,sign-optimization-horizontal-vertical_scenario,618,111,3,-12,0,90,90,15,1,83997,AdultFemaleAgent(Clone),5,10,1.58,1.45,0,0,False,2,0,0
2026-03-06_19.45.00,145,sign-optimization-horizontal-vertical_scenario,618,111,3,-12,0,90,90,15,1,83998,AdultFemaleAgent(Clone),10,12,1.58,1.45,0,0,False,3,0,0
2026-03-06_19.45.00,145,sign-optimization-horizontal-vertical_scenario,618,111,3,-12,0,90,90,15,1,83999,AdultFemaleAgent(Clone),6,12,1.58,1.45,0,0,False,2,0,0
2026-03-06_19.45.00,145,sign-optimization-horizontal-vertical_scenario,618,111,3,-12,0,90,90,15,1,84000,AdultFemaleAgent(Clone),6,12,1.58,1.45,0,0,False,2,0,0
2026-03-06_19.45.00,145,sign-optimization-horizontal-vertical_scenario,618,111,3,-12,0,90,90,15,1,84001,WheelchairAgent(Clone),7,11,1.3,1.17,0,0,False,2,0,0
2026-03-06_19.45.00,145,sign-optimization-horizontal-vertical_scenario,618,111,3,-12,0,90,90,15,1,84002,WheelchairAgent(Clone),7,11,1.3,1.17,0,0,False,2,0,0
2026-03-06_19.45.00,145,sign-optimization-horizontal-vertical_scenario,618,111,3,-12,0,90,90,15,1,84003,WheelchairAgent(Clone),6,12,1.3,1.17,0,0,False,2,0,0
2026-03-06_19.45.00,145,sign-optimization-horizontal-vertical_scenario,618,111,3,-12,0,90,90,15,1,84004,WheelchairAgent(Clone),11,10,1.3,1.17,0,0,False,3,0,0
2026-03-06_19.45.00,145,sign-optimization-horizontal-vertical_scenario,618,111,3,-12,0,90,90,15,1,84005,WheelchairAgent(Clone),6,12,1.3,1.17,0,0,False,2,0,0
2026-03-06_19.45.00,145,sign-optimization-horizontal-vertical_scenario,618,111,3,-12,0,90,90,15,1,84006,AdultMaleAgent(Clone),5,10,1.71,1.58,0,0,False,2,0,0
2026-03-06_19.45.00,145,sign-optimization-horizontal-vertical_scenario,618,111,3,-12,0,90,90,15,1,84007,AdultMaleAgent(Clone),6,12,1.71,1.58,0,0,False,2,0,0
2026-03-06_19.45.00,145,sign-optimization-horizontal-vertical_scenario,618,111,3,-12,0,90,90,15,1,84008,AdultFemaleAgent(Clone),6,12,1.58,1.45,0,0,False,2,0,0
2026-03-06_19.45.00,145,sign-optimization-horizontal-vertical_scenario,618,111,3,-12,0,90,90,15,1,84009,AdultFemaleAgent(Clone),11,10,1.58,1.450001,0,0,False,3,0,0
2026-03-06_19.45.00,145,sign-optimization-horizontal-vertical_scenario,618,111,3,-12,0,90,90,15,1,84010,WheelchairAgent(Clone),10,12,1.3,1.17,0,0,False,3,0,0
2026-03-06_19.45.00,145,sign-optimization-horizontal-vertical_scenario,618,111,3,-12,0,90,90,15,1,84011,AdultFemaleAgent(Clone),6,12,1.58,1.45,0,0,False,2,0,0
2026-03-06_19.45.00,145,sign-optimization-horizontal-vertical_scenario,618,111,3,-12,0,90,90,15,1,84012,AdultFemaleAgent(Clone),6,12,1.58,1.45,0,0,False,2,0,0
2026-03-06_19.45.00,145,sign-optimization-horizontal-vertical_scenario,618,111,3,-12,0,90,90,15,1,84013,AdultFemaleAgent(Clone),10,12,1.58,1.45,0,0,False,3,0,0
2026-03-06_19.45.00,145,sign-optimization-horizontal-vertical_scenario,618,111,3,-12,0,90,90,15,1,84014,AdultMaleAgent(Clone),7,11,1.71,1.58,0,0,False,2,0,0
2026-03-06_19.45.00,145,sign-optimization-horizontal-vertical_scenario,618,111,3,-12,0,90,90,15,1,84015,WheelchairAgent(Clone),6,12,1.3,1.17,0,0,False,2,0,0
2026-03-06_19.45.00,145,sign-optimization-horizontal-vertical_scenario,618,111,3,-12,0,90,90,15,1,84016,WheelchairAgent(Clone),7,11,1.3,1.17,0,0,False,2,0,0
2026-03-06_19.45.00,145,sign-optimization-horizontal-vertical_scenario,618,111,3,-12,0,90,90,15,1,84017,AdultFemaleAgent(Clone),5,10,1.58,1.45,0,0,False,2,0,0
2026-03-06_19.45.00,145,sign-optimization-horizontal-vertical_scenario,618,111,3,-12,0,90,90,15,1,84018,AdultFemaleAgent(Clone),11,10,1.58,1.450001,0,0,False,3,0,0
2026-03-06_19.45.00,145,sign-optimization-horizontal-vertical_scenario,618,111,3,-12,0,90,90,15,1,84019,WheelchairAgent(Clone),10,12,1.3,1.17,0,0,False,3,0,0
2026-03-06_19.45.00,145,sign-optimization-horizontal-vertical_scenario,618,111,3,-12,0,90,90,15,1,84020,AdultFemaleAgent(Clone),5,10,1.58,1.45,0,0,False,2,0,0
