Timestamp,RunIndex,ScenarioID,TotalAgents,VisibleSignCount,SignHeight,SignPositionX,SignPositionZ,SignOrientation,VcaAngle,VcaDistance,SignComprehensionTime,AgentID,AgentType,StartNode,GoalNode,Height,EyeHeight,TimeInVCA,TimesInVCA,SawSign,TotalNodesNavigated,NodesWithDetection,RDEffective
2026-03-06_18.03.57,44,sign-optimization-horizontal-vertical_scenario,612,306,3,-5,-6,90,90,15,1,24784,WheelchairAgent(Clone),7,11,1.3,1.17,9.340332,2,True,2,1,0.5
2026-03-06_18.03.57,44,sign-optimization-horizontal-vertical_scenario,612,306,3,-5,-6,90,90,15,1,24785,AdultMaleAgent(Clone),6,12,1.71,1.58,10.08057,1,True,2,1,0.5
2026-03-06_18.03.57,44,sign-optimization-horizontal-vertical_scenario,612,306,3,-5,-6,90,90,15,1,24786,WheelchairAgent(Clone),11,10,1.3,1.17,7.752197,1,True,3,1,0.3333333
2026-03-06_18.03.57,44,sign-optimization-horizontal-vertical_scenario,612,306,3,-5,-6,90,90,15,1,24787,AdultMaleAgent(Clone),6,12,1.71,1.58,11.00464,1,True,2,1,0.5
2026-03-06_18.03.57,44,sign-optimization-horizontal-vertical_scenario,612,306,3,-5,-6,90,90,15,1,24788,AdultFemaleAgent(Clone),10,12,1.58,1.45,9.477539,1,True,3,1,0.3333333
2026-03-06_18.03.57,44,sign-optimization-horizontal-vertical_scenario,612,306,3,-5,-6,90,90,15,1,24789,WheelchairAgent(Clone),6,12,1.3,1.17,7.612549,1,True,2,1,0.5
2026-03-06_18.03.57,44,sign-optimization-horizontal-vertical_scenario,612,306,3,-5,-6,90,90,15,1,24790,AdultMaleAgent(Clone),10,12,1.71,1.58,11.96143,1,True,3,1,0.3333333
2026-03-06_18.03.57,44,sign-optimization-horizontal-vertical_scenario,612,306,3,-5,-6,90,90,15,1,24791,AdultFemaleAgent(Clone),7,11,1.58,1.450001,9.621826,2,True,2,1,0.5
2026-03-06_18.03.57,44,sign-optimization-horizontal-vertical_scenario,612,306,3,-5,-6,90,90,15,1,24792,WheelchairAgent(Clone),11,10,1.3,1.17,8.829346,1,True,3,1,0.3333333
2026-03-06_18.03.57,44,sign-optimization-horizontal-vertical_scenario,612,306,3,-5,-6,90,90,15,1,24793,WheelchairAgent(Clone),10,12,1.3,1.17,9.206299,1,True,3,1,0.3333333
2026-03-06_18.03.57,44,sign-optimization-horizontal-vertical_scenario,612,306,3,-5,-6,90,90,15,1,24794,AdultMaleAgent(Clone),10,12,1.71,1.58,10.21411,1,True,3,1,0.3333333
2026-03-06_18.03.57,44,sign-optimization-horizontal-vertical_scenario,612,306,3,-5,-6,90,90,15,1,24795,AdultMaleAgent(Clone),11,10,1.71,1.58,6.710205,1,False,3,1,0.3333333
2026-03-06_18.03.57,44,sign-optimization-horizontal-vertical_scenario,612,306,3,-5,-6,90,90,15,1,24796,AdultFemaleAgent(Clone),5,10,1.58,1.45,7.64502,1,True,2,1,0.5
2026-03-06_18.03.57,44,sign-optimization-horizontal-vertical_scenario,612,306,3,-5,-6,90,90,15,1,24797,AdultFemaleAgent(Clone),5,10,1.58,1.45,5.050049,1,True,2,1,0.5
2026-03-06_18.03.57,44,sign-optimization-horizontal-vertical_scenario,612,306,3,-5,-6,90,90,15,1,24798,AdultMaleAgent(Clone),7,11,1.71,1.58,9.87085,2,True,2,1,0.5
2026-03-06_18.03.57,44,sign-optimization-horizontal-vertical_scenario,612,306,3,-5,-6,90,90,15,1,24799,WheelchairAgent(Clone),7,11,1.3,1.17,11.74487,2,True,2,1,0.5
2026-03-06_18.03.57,44,sign-optimization-horizontal-vertical_scenario,612,306,3,-5,-6,90,90,15,1,24800,AdultFemaleAgent(Clone),6,12,1.58,1.45,8.585449,1,True,2,1,0.5
2026-03-06_18.03.57,44,sign-optimization-horizontal-vertical_scenario,612,306,3,-5,-6,90,90,15,1,24801,AdultMaleAgent(Clone),11,10,1.71,1.58,5.141602,1,False,3,0,0
2026-03-06_18.03.57,44,sign-optimization-horizontal-vertical_scenario,612,306,3,-5,-6,90,90,15,1,24802,AdultFemaleAgent(Clone),10,12,1.58,1.45,10.30859,1,True,3,2,0.6666667
2026-03-06_18.03.57,44,sign-optimization-horizontal-vertical_scenario,612,306,3,-5,-6,90,90,15,1,24803,AdultMaleAgent(Clone),7,11,1.71,1.58,9.381592,2,True,2,1,0.5
2026-03-06_18.03.57,44,sign-optimization-horizontal-vertical_scenario,612,306,3,-5,-6,90,90,15,1,24804,AdultFemaleAgent(Clone),6,12,1.58,1.45,11.16919,1,True,2,1,0.5
2026-03-06_18.03.57,44,sign-optimization-horizontal-vertical_scenario,612,306,3,-5,-6,90,90,15,1,24805,AdultFemaleAgent(Clone),6,12,1.58,1.45,7.221436,1,True,2,1,0.5
2026-03-06_18.03.57,44,sign-optimization-horizontal-vertical_scenario,612,306,3,-5,-6,90,90,15,1,24806,WheelchairAgent(Clone),6,12,1.3,1.17,8.72583,1,True,2,1,0.5
2026-03-06_18.03.57,44,sign-optimization-horizontal-vertical_scenario,612,306,3,-5,-6,90,90,15,1,24807,AdultFemaleAgent(Clone),7,11,1.58,1.450001,9.342041,2,True,2,1,0.5
2026-03-06_18.03.57,44,sign-optimization-horizontal-vertical_scenario,612,306,3,-5,-6,90,90,15,1,24808,WheelchairAgent(Clone),10,12,1.3,1.17,11.67358,1,True,3,2,0.6666667
2026-03-06_18.03.57,44,sign-optimization-horizontal-vertical_scenario,612,306,3,-5,-6,90,90,15,1,24809,AdultFemaleAgent(Clone),11,10,1.58,1.450001,9.41626,1,True,3,1,0.3333333
2026-03-06_18.03.57,44,sign-optimization-horizontal-vertical_scenario,612,306,3,-5,-6,90,90,15,1,24810,AdultFemaleAgent(Clone),7,11,1.58,1.450001,9.671875,2,True,2,1,0.5
2026-03-06_18.03.57,44,sign-optimization-horizontal-vertical_scenario,612,306,3,-5,-6,90,90,15,1,24811,AdultMaleAgent(Clone),10,12,1.71,1.58,12.28442,1,True,3,1,0.3333333
2026-03-06_18.03.57,44,sign-optimization-horizontal-vertical_scenario,612,306,3,-5,-6,90,90,15,1,24812,AdultFemaleAgent(Clone),7,11,1.58,1.450001,9.66333,2,True,2,1,0.5
2026-03-06_18.03.57,44,sign-optimization-horizontal-vertical_scenario,612,306,3,-5,-6,90,90,15,1,24813,AdultFemaleAgent(Clone),6,12,1.58,1.45,8.231201,1,True,2,1,0.5
2026-03-06_18.03.57,44,sign-optimization-horizontal-vertical_scenario,612,306,3,-5,-6,90,90,15,1,24814,AdultFemaleAgent(Clone),10,12,1.58,1.45,12.15991,1,True,3,1,0.3333333
2026-03-06_18.03.57,44,sign-optimization-horizontal-vertical_scenario,612,306,3,-5,-6,90,90,15,1,24815,AdultFemaleAgent(Clone),10,12,1.58,1.45,13.35425,1,True,3,2,0.6666667
2026-03-06_18.03.57,44,sign-optimization-horizontal-vertical_scenario,612,306,3,-5,-6,90,90,15,1,24816,WheelchairAgent(Clone),7,11,1.3,1.17,8.084473,2,True,2,1,0.5
2026-03-06_18.03.57,44,sign-optimization-horizontal-vertical_scenario,612,306,3,-5,-6,90,90,15,1,24817,AdultMaleAgent(Clone),11,10,1.71,1.58,7.584229,1,False,3,1,0.3333333
2026-03-06_18.03.57,44,sign-optimization-horizontal-vertical_scenario,612,306,3,-5,-6,90,90,15,1,24818,AdultFemaleAgent(Clone),5,10,1.58,1.45,7.104004,1,True,2,1,0.5
2026-03-06_18.03.57,44,sign-optimization-horizontal-vertical_scenario,612,306,3,-5,-6,90,90,15,1,24819,AdultMaleAgent(Clone),5,10,1.71,1.58,9.306152,1,True,2,1,0.5
2026-03-06_18.03.57,44,sign-optimization-horizontal-vertical_scenario,612,306,3,-5,-6,90,90,15,1,24820,AdultMaleAgent(Clone),6,12,1.71,1.58,10.49683,1,True,2,1,0.5
2026-03-06_18.03.57,44,sign-optimization-horizontal-vertical_scenario,612,306,3,-5,-6,90,90,15,1,24821,AdultMaleAgent(Clone),7,11,1.71,1.58,9.19165,2,True,2,1,0.5
2026-03-06_18.03.57,44,sign-optimization-horizontal-vertical_scenario,612,306,3,-5,-6,90,90,15,1,24822,AdultFemaleAgent(Clone),11,10,1.58,1.450001,10.48584,1,True,3,1,0.3333333
2026-03-06_18.03.57,44,sign-optimization-horizontal-vertical_scenario,612,306,3,-5,-6,90,90,15,1,24823,AdultMaleAgent(Clone),5,10,1.71,1.58,8.003906,1,True,2,1,0.5
2026-03-06_18.03.57,44,sign-optimization-horizontal-vertical_scenario,612,306,3,-5,-6,90,90,15,1,24824,WheelchairAgent(Clone),7,11,1.3,1.17,8.720703,2,True,2,1,0.5
2026-03-06_18.03.57,44,sign-optimization-horizontal-vertical_scenario,612,306,3,-5,-6,90,90,15,1,24825,AdultMaleAgent(Clone),11,10,1.71,1.58,7.679199,1,True,3,1,0.3333333
2026-03-06_18.03.57,44,sign-optimization-horizontal-vertical_scenario,612,306,3,-5,-6,90,90,15,1,24826,WheelchairAgent(Clone),5,10,1.3,1.17,5.068115,1,True,2,1,0.5
2026-03-06_18.03.57,44,sign-optimization-horizontal-vertical_scenario,612,306,3,-5,-6,90,90,15,1,24827,AdultFemaleAgent(Clone),10,12,1.58,1.45,12.71826,1,True,3,1,0.3333333
2026-03-06_18.03.57,44,sign-optimization-horizontal-vertical_scenario,612,306,3,-5,-6,90,90,15,1,24828,WheelchairAgent(Clone),7,11,1.3,1.17,8.569092,2,False,2,1,0.5
2026-03-06_18.03.57,44,sign-optimization-horizontal-vertical_scenario,612,306,3,-5,-6,90,90,15,1,24829,AdultMaleAgent(Clone),10,12,1.71,1.58,15.54663,1,False,3,1,0.3333333
2026-03-06_18.03.57,44,sign-optimization-horizontal-vertical_scenario,612,306,3,-5,-6,90,90,15,1,24830,AdultFemaleAgent(Clone),5,10,1.58,1.45,6.689453,1,True,2,1,0.5
2026-03-06_18.03.57,44,sign-optimization-horizontal-vertical_scenario,612,306,3,-5,-6,90,90,15,1,24831,WheelchairAgent(Clone),7,11,1.3,1.17,9.507568,2,True,2,1,0.5
2026-03-06_18.03.57,44,sign-optimization-horizontal-vertical_scenario,612,306,3,-5,-6,90,90,15,1,24832,WheelchairAgent(Clone),6,12,1.3,1.17,10.40674,1,True,2,1,0.5
2026-03-06_18.03.57,44,sign-optimization-horizontal-vertical_scenario,612,306,3,-5,-6,90,90,15,1,24833,AdultMaleAgent(Clone),7,11,1.71,1.58,9.900146,2,True,2,1,0.5
2026-03-06_18.03.57,44,sign-optimization-horizontal-vertical_scenario,612,306,3,-5,-6,90,90,15,1,24834,AdultFemaleAgent(Clone),5,10,1.58,1.45,6.497803,1,True,2,1,0.5
2026-03-06_18.03.57,44,sign-optimization-horizontal-vertical_scenario,612,306,3,-5,-6,90,90,15,1,24835,AdultMaleAgent(Clone),7,11,1.71,1.58,10.29932,2,True,2,1,0.5
2026-03-06_18.03.57,44,sign-optimization-horizontal-vertical_scenario,612,306,3,-5,-6,90,90,15,1,24836,AdultFemaleAgent(Clone),7,11,1.58,1.450001,9.631592,2,True,2,1,0.5
2026-03-06_18.03.57,44,sign-optimization-horizontal-vertical_scenario,612,306,3,-5,-6,90,90,15,1,24837,AdultMaleAgent(Clone),6,12,1.71,1.58,8.59375,1,True,2,1,0.5
2026-03-06_18.03.57,44,sign-optimization-horizontal-vertical_scenario,612,306,3,-5,-6,90,90,15,1,24838,WheelchairAgent(Clone),6,12,1.3,1.17,10.47974,1,False,2,1,0.5
2026-03-06_18.03.57,44,sign-optimization-horizontal-vertical_scenario,612,306,3,-5,-6,90,90,15,1,24839,AdultFemaleAgent(Clone),7,11,1.58,1.450001,9.754639,2,True,2,1,0.5
2026-03-06_18.03.57,44,sign-optimization-horizontal-vertical_scenario,612,306,3,-5,-6,90,90,15,1,24840,AdultMaleAgent(Clone),7,11,1.71,1.58,8.389648,2,True,2,1,0.5
2026-03-06_18.03.57,44,sign-optimization-horizontal-vertical_scenario,612,306,3,-5,-6,90,90,15,1,24841,AdultFemaleAgent(Clone),5,10,1.58,1.45,7.291992,1,True,2,1,0.5
2026-03-06_18.03.57,44,sign-optimization-horizontal-vertical_scenario,612,306,3,-5,-6,90,90,15,1,24842,WheelchairAgent(Clone),5,10,1.3,1.17,8.699707,1,True,2,1,0.5
2026-03-06_18.03.57,44,sign-optimization-horizontal-vertical_scenario,612,306,3,-5,-6,90,90,15,1,24843,AdultMaleAgent(Clone),10,12,1.71,1.58,12.82251,1,True,3,1,0.3333333
2026-03-06_18.03.57,44,sign-optimization-horizontal-vertical_scenario,612,306,3,-5,-6,90,90,15,1,24844,AdultFemaleAgent(Clone),5,10,1.58,1.45,5.538086,1,True,2,1,0.5
2026-03-06_18.03.57,44,sign-optimization-horizontal-vertical_scenario,612,306,3,-5,-6,90,90,15,1,24845,AdultFemaleAgent(Clone),11,10,1.58,1.450001,7.718506,1,True,3,1,0.3333333
2026-03-06_18.03.57,44,sign-optimization-horizontal-vertical_scenario,612,306,3,-5,-6,90,90,15,1,24846,AdultFemaleAgent(Clone),7,11,1.58,1.450001,9.414063,2,True,2,1,0.5
2026-03-06_18.03.57,44,sign-optimization-horizontal-vertical_scenario,612,306,3,-5,-6,90,90,15,1,24847,AdultMaleAgent(Clone),7,11,1.71,1.58,8.569092,2,True,2,1,0.5
2026-03-06_18.03.57,44,sign-optimization-horizontal-vertical_scenario,612,306,3,-5,-6,90,90,15,1,24848,AdultFemaleAgent(Clone),11,10,1.58,1.450001,6.905518,1,True,3,1,0.3333333
2026-03-06_18.03.57,44,sign-optimization-horizontal-vertical_scenario,612,306,3,-5,-6,90,90,15,1,24849,WheelchairAgent(Clone),11,10,1.3,1.17,7.375244,1,True,3,1,0.3333333
2026-03-06_18.03.57,44,sign-optimization-horizontal-vertical_scenario,612,306,3,-5,-6,90,90,15,1,24850,AdultMaleAgent(Clone),11,10,1.71,1.58,6.397949,1,False,3,1,0.3333333
2026-03-06_18.03.57,44,sign-optimization-horizontal-vertical_scenario,612,306,3,-5,-6,90,90,15,1,24851,AdultFemaleAgent(Clone),6,12,1.58,1.45,9.624512,1,True,2,1,0.5
2026-03-06_18.03.57,44,sign-optimization-horizontal-vertical_scenario,612,306,3,-5,-6,90,90,15,1,24852,AdultMaleAgent(Clone),5,10,1.71,1.58,8.158203,1,True,2,1,0.5
2026-03-06_18.03.57,44,sign-optimization-horizontal-vertical_scenario,612,306,3,-5,-6,90,90,15,1,24853,AdultMaleAgent(Clone),7,11,1.71,1.58,8.414795,2,True,2,1,0.5
2026-03-06_18.03.57,44,sign-optimization-horizontal-vertical_scenario,612,306,3,-5,-6,90,90,15,1,24854,AdultFemaleAgent(Clone),5,10,1.58,1.45,7.804199,1,True,2,1,0.5
2026-03-06_18.03.57,44,sign-optimization-horizontal-vertical_scenario,612,306,3,-5,-6,90,90,15,1,24855,AdultMaleAgent(Clone),10,12,1.71,1.58,12.35864,1,True,3,1,0.3333333
2026-03-06_18.03.57,44,sign-optimization-horizontal-vertical_scenario,612,306,3,-5,-6,90,90,15,1,24856,WheelchairAgent(Clone),10,12,1.3,1.17,6.01123,1,False,3,0,0
2026-03-06_18.03.57,44,sign-optimization-horizontal-vertical_scenario,612,306,3,-5,-6,90,90,15,1,24857,WheelchairAgent(Clone),5,10,1.3,1.17,4.313721,1,False,2,1,0.5
2026-03-06_18.03.57,44,sign-optimization-horizontal-vertical_scenario,612,306,3,-5,-6,90,90,15,1,24858,WheelchairAgent(Clone),5,10,1.3,1.17,5.63916,1,True,2,1,0.5
2026-03-06_18.03.57,44,sign-optimization-horizontal-vertical_scenario,612,306,3,-5,-6,90,90,15,1,24859,AdultMaleAgent(Clone),7,11,1.71,1.58,10.93994,2,True,2,1,0.5
2026-03-06_18.03.57,44,sign-optimization-horizontal-vertical_scenario,612,306,3,-5,-6,90,90,15,1,24860,AdultMaleAgent(Clone),7,11,1.71,1.58,8.755371,2,True,2,1,0.5
2026-03-06_18.03.57,44,sign-optimization-horizontal-vertical_scenario,612,306,3,-5,-6,90,90,15,1,24861,AdultMaleAgent(Clone),7,11,1.71,1.58,8.678223,2,True,2,1,0.5
2026-03-06_18.03.57,44,sign-optimization-horizontal-vertical_scenario,612,306,3,-5,-6,90,90,15,1,24862,AdultMaleAgent(Clone),5,10,1.71,1.58,8.908691,1,True,2,1,0.5
2026-03-06_18.03.57,44,sign-optimization-horizontal-vertical_scenario,612,306,3,-5,-6,90,90,15,1,24863,AdultMaleAgent(Clone),10,12,1.71,1.58,11.38843,1,True,3,2,0.6666667
2026-03-06_18.03.57,44,sign-optimization-horizontal-vertical_scenario,612,306,3,-5,-6,90,90,15,1,24864,AdultMaleAgent(Clone),5,10,1.71,1.58,4.757813,1,True,2,1,0.5
2026-03-06_18.03.57,44,sign-optimization-horizontal-vertical_scenario,612,306,3,-5,-6,90,90,15,1,24865,AdultFemaleAgent(Clone),11,10,1.58,1.450001,8.150391,1,True,3,1,0.3333333
2026-03-06_18.03.57,44,sign-optimization-horizontal-vertical_scenario,612,306,3,-5,-6,90,90,15,1,24866,WheelchairAgent(Clone),11,10,1.3,1.17,6.399414,1,False,3,1,0.3333333
2026-03-06_18.03.57,44,sign-optimization-horizontal-vertical_scenario,612,306,3,-5,-6,90,90,15,1,24867,AdultMaleAgent(Clone),5,10,1.71,1.58,8.750732,1,True,2,1,0.5
2026-03-06_18.03.57,44,sign-optimization-horizontal-vertical_scenario,612,306,3,-5,-6,90,90,15,1,24868,AdultMaleAgent(Clone),10,12,1.71,1.58,13.48071,1,True,3,2,0.6666667
2026-03-06_18.03.57,44,sign-optimization-horizontal-vertical_scenario,612,306,3,-5,-6,90,90,15,1,24869,AdultMaleAgent(Clone),5,10,1.71,1.58,6.751953,1,True,2,1,0.5
2026-03-06_18.03.57,44,sign-optimization-horizontal-vertical_scenario,612,306,3,-5,-6,90,90,15,1,24870,WheelchairAgent(Clone),7,11,1.3,1.17,9.064209,2,True,2,1,0.5
2026-03-06_18.03.57,44,sign-optimization-horizontal-vertical_scenario,612,306,3,-5,-6,90,90,15,1,24871,WheelchairAgent(Clone),7,11,1.3,1.17,8.358887,2,True,2,1,0.5
2026-03-06_18.03.57,44,sign-optimization-horizontal-vertical_scenario,612,306,3,-5,-6,90,90,15,1,24872,AdultMaleAgent(Clone),11,10,1.71,1.58,27.56982,1,True,3,1,0.3333333
2026-03-06_18.03.57,44,sign-optimization-horizontal-vertical_scenario,612,306,3,-5,-6,90,90,15,1,24873,AdultFemaleAgent(Clone),10,12,1.58,1.45,11.32202,1,False,3,1,0.3333333
2026-03-06_18.03.57,44,sign-optimization-horizontal-vertical_scenario,612,306,3,-5,-6,90,90,15,1,24874,AdultFemaleAgent(Clone),11,10,1.58,1.450001,7.894531,1,True,3,1,0.3333333
2026-03-06_18.03.57,44,sign-optimization-horizontal-vertical_scenario,612,306,3,-5,-6,90,90,15,1,24875,AdultFemaleAgent(Clone),11,10,1.58,1.450001,10.94922,1,True,3,1,0.3333333
2026-03-06_18.03.57,44,sign-optimization-horizontal-vertical_scenario,612,306,3,-5,-6,90,90,15,1,24876,WheelchairAgent(Clone),6,12,1.3,1.17,7.375488,1,False,2,1,0.5
2026-03-06_18.03.57,44,sign-optimization-horizontal-vertical_scenario,612,306,3,-5,-6,90,90,15,1,24877,AdultMaleAgent(Clone),7,11,1.71,1.58,9.383301,2,True,2,1,0.5
2026-03-06_18.03.57,44,sign-optimization-horizontal-vertical_scenario,612,306,3,-5,-6,90,90,15,1,24878,AdultFemaleAgent(Clone),10,12,1.58,1.45,12.61938,1,True,3,2,0.6666667
2026-03-06_18.03.57,44,sign-optimization-horizontal-vertical_scenario,612,306,3,-5,-6,90,90,15,1,24879,AdultMaleAgent(Clone),5,10,1.71,1.58,9.258301,1,True,2,1,0.5
2026-03-06_18.03.57,44,sign-optimization-horizontal-vertical_scenario,612,306,3,-5,-6,90,90,15,1,24880,AdultFemaleAgent(Clone),5,10,1.58,1.45,6.015869,1,True,2,1,0.5
2026-03-06_18.03.57,44,sign-optimization-horizontal-vertical_scenario,612,306,3,-5,-6,90,90,15,1,24881,AdultMaleAgent(Clone),7,11,1.71,1.58,9.515869,2,True,2,1,0.5
2026-03-06_18.03.57,44,sign-optimization-horizontal-vertical_scenario,612,306,3,-5,-6,90,90,15,1,24882,AdultMaleAgent(Clone),7,11,1.71,1.58,8.963135,2,True,2,1,0.5
2026-03-06_18.03.57,44,sign-optimization-horizontal-vertical_scenario,612,306,3,-5,-6,90,90,15,1,24883,AdultFemaleAgent(Clone),5,10,1.58,1.45,6.93457,1,True,2,1,0.5
2026-03-06_18.03.57,44,sign-optimization-horizontal-vertical_scenario,612,306,3,-5,-6,90,90,15,1,24884,AdultMaleAgent(Clone),11,10,1.71,1.58,10.26489,1,True,3,1,0.3333333
2026-03-06_18.03.57,44,sign-optimization-horizontal-vertical_scenario,612,306,3,-5,-6,90,90,15,1,24885,WheelchairAgent(Clone),7,11,1.3,1.17,8.905029,2,True,2,1,0.5
2026-03-06_18.03.57,44,sign-optimization-horizontal-vertical_scenario,612,306,3,-5,-6,90,90,15,1,24886,AdultMaleAgent(Clone),10,12,1.71,1.58,11.53906,1,True,3,2,0.6666667
2026-03-06_18.03.57,44,sign-optimization-horizontal-vertical_scenario,612,306,3,-5,-6,90,90,15,1,24887,AdultMaleAgent(Clone),11,10,1.71,1.58,2.328857,1,False,3,0,0
2026-03-06_18.03.57,44,sign-optimization-horizontal-vertical_scenario,612,306,3,-5,-6,90,90,15,1,24888,AdultFemaleAgent(Clone),5,10,1.58,1.45,9.029541,1,True,2,1,0.5
2026-03-06_18.03.57,44,sign-optimization-horizontal-vertical_scenario,612,306,3,-5,-6,90,90,15,1,24889,AdultFemaleAgent(Clone),10,12,1.58,1.45,12.03711,1,True,3,1,0.3333333
2026-03-06_18.03.57,44,sign-optimization-horizontal-vertical_scenario,612,306,3,-5,-6,90,90,15,1,24890,AdultFemaleAgent(Clone),10,12,1.58,1.45,12.88696,1,False,3,1,0.3333333
2026-03-06_18.03.57,44,sign-optimization-horizontal-vertical_scenario,612,306,3,-5,-6,90,90,15,1,24891,AdultFemaleAgent(Clone),5,10,1.58,1.45,9.964844,1,True,2,1,0.5
2026-03-06_18.03.57,44,sign-optimization-horizontal-vertical_scenario,612,306,3,-5,-6,90,90,15,1,24892,WheelchairAgent(Clone),7,11,1.3,1.17,8.198242,2,True,2,1,0.5
2026-03-06_18.03.57,44,sign-optimization-horizontal-vertical_scenario,612,306,3,-5,-6,90,90,15,1,24893,AdultFemaleAgent(Clone),7,11,1.58,1.450001,8.802002,2,True,2,1,0.5
2026-03-06_18.03.57,44,sign-optimization-horizontal-vertical_scenario,612,306,3,-5,-6,90,90,15,1,24894,WheelchairAgent(Clone),5,10,1.3,1.17,4.796387,1,False,2,1,0.5
2026-03-06_18.03.57,44,sign-optimization-horizontal-vertical_scenario,612,306,3,-5,-6,90,90,15,1,24895,AdultMaleAgent(Clone),7,11,1.71,1.58,8.322021,2,True,2,1,0.5
2026-03-06_18.03.57,44,sign-optimization-horizontal-vertical_scenario,612,306,3,-5,-6,90,90,15,1,24896,AdultMaleAgent(Clone),5,10,1.71,1.58,8.135986,1,True,2,1,0.5
2026-03-06_18.03.57,44,sign-optimization-horizontal-vertical_scenario,612,306,3,-5,-6,90,90,15,1,24897,AdultFemaleAgent(Clone),11,10,1.58,1.450001,9.234131,1,False,3,1,0.3333333
2026-03-06_18.03.57,44,sign-optimization-horizontal-vertical_scenario,612,306,3,-5,-6,90,90,15,1,24898,AdultMaleAgent(Clone),5,10,1.71,1.58,5.129883,1,True,2,1,0.5
2026-03-06_18.03.57,44,sign-optimization-horizontal-vertical_scenario,612,306,3,-5,-6,90,90,15,1,24899,AdultMaleAgent(Clone),5,10,1.71,1.58,4.712891,1,True,2,1,0.5
2026-03-06_18.03.57,44,sign-optimization-horizontal-vertical_scenario,612,306,3,-5,-6,90,90,15,1,24900,AdultFemaleAgent(Clone),5,10,1.58,1.45,9.752197,1,True,2,1,0.5
2026-03-06_18.03.57,44,sign-optimization-horizontal-vertical_scenario,612,306,3,-5,-6,90,90,15,1,24901,WheelchairAgent(Clone),7,11,1.3,1.17,8.199951,2,False,2,1,0.5
2026-03-06_18.03.57,44,sign-optimization-horizontal-vertical_scenario,612,306,3,-5,-6,90,90,15,1,24902,AdultMaleAgent(Clone),7,11,1.71,1.58,8.594971,2,True,2,1,0.5
2026-03-06_18.03.57,44,sign-optimization-horizontal-vertical_scenario,612,306,3,-5,-6,90,90,15,1,24903,AdultFemaleAgent(Clone),11,10,1.58,1.450001,9.927734,1,True,3,1,0.3333333
2026-03-06_18.03.57,44,sign-optimization-horizontal-vertical_scenario,612,306,3,-5,-6,90,90,15,1,24904,AdultFemaleAgent(Clone),5,10,1.58,1.45,7.705322,1,True,2,1,0.5
2026-03-06_18.03.57,44,sign-optimization-horizontal-vertical_scenario,612,306,3,-5,-6,90,90,15,1,24905,WheelchairAgent(Clone),10,12,1.3,1.17,15.09204,1,False,3,0,0
2026-03-06_18.03.57,44,sign-optimization-horizontal-vertical_scenario,612,306,3,-5,-6,90,90,15,1,24906,WheelchairAgent(Clone),6,12,1.3,1.17,8.186035,1,True,2,1,0.5
2026-03-06_18.03.57,44,sign-optimization-horizontal-vertical_scenario,612,306,3,-5,-6,90,90,15,1,24907,AdultMaleAgent(Clone),7,11,1.71,1.58,11.18481,2,True,2,1,0.5
2026-03-06_18.03.57,44,sign-optimization-horizontal-vertical_scenario,612,306,3,-5,-6,90,90,15,1,24908,AdultFemaleAgent(Clone),5,10,1.58,1.45,9.586182,1,True,2,1,0.5
2026-03-06_18.03.57,44,sign-optimization-horizontal-vertical_scenario,612,306,3,-5,-6,90,90,15,1,24909,AdultFemaleAgent(Clone),11,10,1.58,1.450001,9.669922,1,False,3,1,0.3333333
2026-03-06_18.03.57,44,sign-optimization-horizontal-vertical_scenario,612,306,3,-5,-6,90,90,15,1,24910,AdultFemaleAgent(Clone),10,12,1.58,1.45,16.73901,1,False,3,1,0.3333333
2026-03-06_18.03.57,44,sign-optimization-horizontal-vertical_scenario,612,306,3,-5,-6,90,90,15,1,24911,AdultFemaleAgent(Clone),6,12,1.58,1.45,7.691406,1,False,2,1,0.5
2026-03-06_18.03.57,44,sign-optimization-horizontal-vertical_scenario,612,306,3,-5,-6,90,90,15,1,24912,AdultFemaleAgent(Clone),11,10,1.58,1.450001,4.987061,1,False,3,0,0
2026-03-06_18.03.57,44,sign-optimization-horizontal-vertical_scenario,612,306,3,-5,-6,90,90,15,1,24913,AdultMaleAgent(Clone),5,10,1.71,1.58,8.943604,1,True,2,1,0.5
2026-03-06_18.03.57,44,sign-optimization-horizontal-vertical_scenario,612,306,3,-5,-6,90,90,15,1,24914,AdultMaleAgent(Clone),11,10,1.71,1.58,11.06323,1,True,3,1,0.3333333
2026-03-06_18.03.57,44,sign-optimization-horizontal-vertical_scenario,612,306,3,-5,-6,90,90,15,1,24915,AdultMaleAgent(Clone),6,12,1.71,1.58,9.728516,1,True,2,1,0.5
2026-03-06_18.03.57,44,sign-optimization-horizontal-vertical_scenario,612,306,3,-5,-6,90,90,15,1,24916,AdultMaleAgent(Clone),11,10,1.71,1.58,1.486572,1,False,3,1,0.3333333
2026-03-06_18.03.57,44,sign-optimization-horizontal-vertical_scenario,612,306,3,-5,-6,90,90,15,1,24917,WheelchairAgent(Clone),5,10,1.3,1.17,7.368408,1,True,2,1,0.5
2026-03-06_18.03.57,44,sign-optimization-horizontal-vertical_scenario,612,306,3,-5,-6,90,90,15,1,24918,AdultFemaleAgent(Clone),10,12,1.58,1.45,12.09766,1,False,3,2,0.6666667
2026-03-06_18.03.57,44,sign-optimization-horizontal-vertical_scenario,612,306,3,-5,-6,90,90,15,1,24919,AdultMaleAgent(Clone),7,11,1.71,1.58,8.107178,2,True,2,1,0.5
2026-03-06_18.03.57,44,sign-optimization-horizontal-vertical_scenario,612,306,3,-5,-6,90,90,15,1,24920,AdultMaleAgent(Clone),10,12,1.71,1.58,10.49658,1,True,3,2,0.6666667
2026-03-06_18.03.57,44,sign-optimization-horizontal-vertical_scenario,612,306,3,-5,-6,90,90,15,1,24921,WheelchairAgent(Clone),7,11,1.3,1.17,8.650635,2,True,2,1,0.5
2026-03-06_18.03.57,44,sign-optimization-horizontal-vertical_scenario,612,306,3,-5,-6,90,90,15,1,24922,AdultMaleAgent(Clone),6,12,1.71,1.58,10.28394,1,True,2,1,0.5
2026-03-06_18.03.57,44,sign-optimization-horizontal-vertical_scenario,612,306,3,-5,-6,90,90,15,1,24923,WheelchairAgent(Clone),5,10,1.3,1.17,8.928223,1,True,2,1,0.5
2026-03-06_18.03.57,44,sign-optimization-horizontal-vertical_scenario,612,306,3,-5,-6,90,90,15,1,24924,AdultFemaleAgent(Clone),7,11,1.58,1.450001,8.664063,2,True,2,1,0.5
2026-03-06_18.03.57,44,sign-optimization-horizontal-vertical_scenario,612,306,3,-5,-6,90,90,15,1,24925,WheelchairAgent(Clone),5,10,1.3,1.17,9.344238,1,True,2,1,0.5
2026-03-06_18.03.57,44,sign-optimization-horizontal-vertical_scenario,612,306,3,-5,-6,90,90,15,1,24926,AdultMaleAgent(Clone),11,10,1.71,1.58,10.02026,1,False,3,1,0.3333333
2026-03-06_18.03.57,44,sign-optimization-horizontal-vertical_scenario,612,306,3,-5,-6,90,90,15,1,24927,AdultFemaleAgent(Clone),6,12,1.58,1.45,8.92041,1,True,2,1,0.5
2026-03-06_18.03.57,44,sign-optimization-horizontal-vertical_scenario,612,306,3,-5,-6,90,90,15,1,24928,AdultFemaleAgent(Clone),5,10,1.58,1.45,10.44141,1,True,2,1,0.5
2026-03-06_18.03.57,44,sign-optimization-horizontal-vertical_scenario,612,306,3,-5,-6,90,90,15,1,24929,WheelchairAgent(Clone),10,12,1.3,1.17,12.25391,1,False,3,1,0.3333333
2026-03-06_18.03.57,44,sign-optimization-horizontal-vertical_scenario,612,306,3,-5,-6,90,90,15,1,24930,AdultFemaleAgent(Clone),6,12,1.58,1.45,8.897949,1,True,2,1,0.5
2026-03-06_18.03.57,44,sign-optimization-horizontal-vertical_scenario,612,306,3,-5,-6,90,90,15,1,24931,AdultMaleAgent(Clone),11,10,1.71,1.58,8.212402,1,False,3,0,0
2026-03-06_18.03.57,44,sign-optimization-horizontal-vertical_scenario,612,306,3,-5,-6,90,90,15,1,24932,AdultMaleAgent(Clone),5,10,1.71,1.58,7.617432,1,True,2,1,0.5
2026-03-06_18.03.57,44,sign-optimization-horizontal-vertical_scenario,612,306,3,-5,-6,90,90,15,1,24933,AdultFemaleAgent(Clone),6,12,1.58,1.45,13.32446,1,False,2,1,0.5
2026-03-06_18.03.57,44,sign-optimization-horizontal-vertical_scenario,612,306,3,-5,-6,90,90,15,1,24934,AdultMaleAgent(Clone),7,11,1.71,1.58,8.920166,2,True,2,1,0.5
2026-03-06_18.03.57,44,sign-optimization-horizontal-vertical_scenario,612,306,3,-5,-6,90,90,15,1,24935,WheelchairAgent(Clone),5,10,1.3,1.17,5.47998,1,True,2,1,0.5
2026-03-06_18.03.57,44,sign-optimization-horizontal-vertical_scenario,612,306,3,-5,-6,90,90,15,1,24936,WheelchairAgent(Clone),6,12,1.3,1.17,13.02905,1,True,2,1,0.5
2026-03-06_18.03.57,44,sign-optimization-horizontal-vertical_scenario,612,306,3,-5,-6,90,90,15,1,24937,AdultMaleAgent(Clone),11,10,1.71,1.58,6.48584,1,False,3,1,0.3333333
2026-03-06_18.03.57,44,sign-optimization-horizontal-vertical_scenario,612,306,3,-5,-6,90,90,15,1,24938,WheelchairAgent(Clone),10,12,1.3,1.17,10.64697,1,False,3,2,0.6666667
2026-03-06_18.03.57,44,sign-optimization-horizontal-vertical_scenario,612,306,3,-5,-6,90,90,15,1,24939,AdultFemaleAgent(Clone),5,10,1.58,1.45,5.699707,1,True,2,1,0.5
2026-03-06_18.03.57,44,sign-optimization-horizontal-vertical_scenario,612,306,3,-5,-6,90,90,15,1,24940,AdultFemaleAgent(Clone),5,10,1.58,1.45,4.822754,1,False,2,1,0.5
2026-03-06_18.03.57,44,sign-optimization-horizontal-vertical_scenario,612,306,3,-5,-6,90,90,15,1,24941,AdultMaleAgent(Clone),10,12,1.71,1.58,11.51318,1,True,3,1,0.3333333
2026-03-06_18.03.57,44,sign-optimization-horizontal-vertical_scenario,612,306,3,-5,-6,90,90,15,1,24942,AdultFemaleAgent(Clone),10,12,1.58,1.45,10.30469,1,False,3,1,0.3333333
2026-03-06_18.03.57,44,sign-optimization-horizontal-vertical_scenario,612,306,3,-5,-6,90,90,15,1,24943,AdultFemaleAgent(Clone),11,10,1.58,1.450001,8.171875,1,False,3,1,0.3333333
2026-03-06_18.03.57,44,sign-optimization-horizontal-vertical_scenario,612,306,3,-5,-6,90,90,15,1,24944,AdultMaleAgent(Clone),5,10,1.71,1.58,5.588135,1,True,2,1,0.5
2026-03-06_18.03.57,44,sign-optimization-horizontal-vertical_scenario,612,306,3,-5,-6,90,90,15,1,24945,AdultFemaleAgent(Clone),11,10,1.58,1.450001,4.624512,1,False,3,0,0
2026-03-06_18.03.57,44,sign-optimization-horizontal-vertical_scenario,612,306,3,-5,-6,90,90,15,1,24946,AdultMaleAgent(Clone),6,12,1.71,1.58,7.382568,1,True,2,1,0.5
2026-03-06_18.03.57,44,sign-optimization-horizontal-vertical_scenario,612,306,3,-5,-6,90,90,15,1,24947,AdultMaleAgent(Clone),6,12,1.71,1.58,11.15454,1,True,2,1,0.5
2026-03-06_18.03.57,44,sign-optimization-horizontal-vertical_scenario,612,306,3,-5,-6,90,90,15,1,24948,AdultMaleAgent(Clone),10,12,1.71,1.58,10.89331,1,True,3,2,0.6666667
2026-03-06_18.03.57,44,sign-optimization-horizontal-vertical_scenario,612,306,3,-5,-6,90,90,15,1,24949,AdultMaleAgent(Clone),6,12,1.71,1.58,9.446777,1,True,2,1,0.5
2026-03-06_18.03.57,44,sign-optimization-horizontal-vertical_scenario,612,306,3,-5,-6,90,90,15,1,24950,AdultMaleAgent(Clone),10,12,1.71,1.58,11.28711,1,True,3,2,0.6666667
2026-03-06_18.03.57,44,sign-optimization-horizontal-vertical_scenario,612,306,3,-5,-6,90,90,15,1,24951,WheelchairAgent(Clone),6,12,1.3,1.17,12.27368,1,True,2,1,0.5
2026-03-06_18.03.57,44,sign-optimization-horizontal-vertical_scenario,612,306,3,-5,-6,90,90,15,1,24952,AdultMaleAgent(Clone),11,10,1.71,1.58,3.543213,2,False,3,0,0
2026-03-06_18.03.57,44,sign-optimization-horizontal-vertical_scenario,612,306,3,-5,-6,90,90,15,1,24953,AdultMaleAgent(Clone),10,12,1.71,1.58,12.92798,1,False,3,1,0.3333333
2026-03-06_18.03.57,44,sign-optimization-horizontal-vertical_scenario,612,306,3,-5,-6,90,90,15,1,24954,WheelchairAgent(Clone),11,10,1.3,1.17,3.95166,1,False,3,0,0
2026-03-06_18.03.57,44,sign-optimization-horizontal-vertical_scenario,612,306,3,-5,-6,90,90,15,1,24955,WheelchairAgent(Clone),5,10,1.3,1.17,7.260742,1,True,2,1,0.5
2026-03-06_18.03.57,44,sign-optimization-horizontal-vertical_scenario,612,306,3,-5,-6,90,90,15,1,24956,AdultMaleAgent(Clone),5,10,1.71,1.58,6.742188,1,True,2,1,0.5
2026-03-06_18.03.57,44,sign-optimization-horizontal-vertical_scenario,612,306,3,-5,-6,90,90,15,1,24957,AdultFemaleAgent(Clone),6,12,1.58,1.45,12.07959,1,True,2,1,0.5
2026-03-06_18.03.57,44,sign-optimization-horizontal-vertical_scenario,612,306,3,-5,-6,90,90,15,1,24958,AdultMaleAgent(Clone),10,12,1.71,1.58,11.59155,1,True,3,2,0.6666667
2026-03-06_18.03.57,44,sign-optimization-horizontal-vertical_scenario,612,306,3,-5,-6,90,90,15,1,24959,AdultFemaleAgent(Clone),6,12,1.58,1.45,6.723389,1,False,2,1,0.5
2026-03-06_18.03.57,44,sign-optimization-horizontal-vertical_scenario,612,306,3,-5,-6,90,90,15,1,24960,AdultFemaleAgent(Clone),5,10,1.58,1.45,10.97363,1,True,2,1,0.5
2026-03-06_18.03.57,44,sign-optimization-horizontal-vertical_scenario,612,306,3,-5,-6,90,90,15,1,24961,AdultMaleAgent(Clone),7,11,1.71,1.58,10.43213,2,True,2,1,0.5
2026-03-06_18.03.57,44,sign-optimization-horizontal-vertical_scenario,612,306,3,-5,-6,90,90,15,1,24962,WheelchairAgent(Clone),5,10,1.3,1.17,4.950928,1,False,2,1,0.5
2026-03-06_18.03.57,44,sign-optimization-horizontal-vertical_scenario,612,306,3,-5,-6,90,90,15,1,24963,AdultFemaleAgent(Clone),10,12,1.58,1.45,11.12598,1,False,3,1,0.3333333
2026-03-06_18.03.57,44,sign-optimization-horizontal-vertical_scenario,612,306,3,-5,-6,90,90,15,1,24964,AdultMaleAgent(Clone),11,10,1.71,1.58,0,0,False,3,0,0
2026-03-06_18.03.57,44,sign-optimization-horizontal-vertical_scenario,612,306,3,-5,-6,90,90,15,1,24965,AdultMaleAgent(Clone),5,10,1.71,1.58,4.46167,1,False,2,1,0.5
2026-03-06_18.03.57,44,sign-optimization-horizontal-vertical_scenario,612,306,3,-5,-6,90,90,15,1,24966,AdultMaleAgent(Clone),5,10,1.71,1.58,7.536377,1,True,2,1,0.5
2026-03-06_18.03.57,44,sign-optimization-horizontal-vertical_scenario,612,306,3,-5,-6,90,90,15,1,24967,WheelchairAgent(Clone),5,10,1.3,1.17,8.887207,1,True,2,1,0.5
2026-03-06_18.03.57,44,sign-optimization-horizontal-vertical_scenario,612,306,3,-5,-6,90,90,15,1,24968,WheelchairAgent(Clone),11,10,1.3,1.17,0,0,False,3,0,0
2026-03-06_18.03.57,44,sign-optimization-horizontal-vertical_scenario,612,306,3,-5,-6,90,90,15,1,24969,AdultMaleAgent(Clone),5,10,1.71,1.58,5.377197,1,True,2,1,0.5
2026-03-06_18.03.57,44,sign-optimization-horizontal-vertical_scenario,612,306,3,-5,-6,90,90,15,1,24970,AdultFemaleAgent(Clone),7,11,1.58,1.450001,8.243408,2,True,2,1,0.5
2026-03-06_18.03.57,44,sign-optimization-horizontal-vertical_scenario,612,306,3,-5,-6,90,90,15,1,24971,AdultFemaleAgent(Clone),7,11,1.58,1.450001,9.734131,2,True,2,1,0.5
2026-03-06_18.03.57,44,sign-optimization-horizontal-vertical_scenario,612,306,3,-5,-6,90,90,15,1,24972,AdultFemaleAgent(Clone),5,10,1.58,1.45,6.521729,1,True,2,1,0.5
2026-03-06_18.03.57,44,sign-optimization-horizontal-vertical_scenario,612,306,3,-5,-6,90,90,15,1,24973,AdultFemaleAgent(Clone),10,12,1.58,1.45,11.6167,1,False,3,1,0.3333333
2026-03-06_18.03.57,44,sign-optimization-horizontal-vertical_scenario,612,306,3,-5,-6,90,90,15,1,24974,AdultMaleAgent(Clone),5,10,1.71,1.58,5.741699,1,True,2,1,0.5
2026-03-06_18.03.57,44,sign-optimization-horizontal-vertical_scenario,612,306,3,-5,-6,90,90,15,1,24975,WheelchairAgent(Clone),11,10,1.3,1.17,4.300781,1,False,3,0,0
2026-03-06_18.03.57,44,sign-optimization-horizontal-vertical_scenario,612,306,3,-5,-6,90,90,15,1,24976,AdultFemaleAgent(Clone),7,11,1.58,1.450001,9.86792,2,True,2,1,0.5
2026-03-06_18.03.57,44,sign-optimization-horizontal-vertical_scenario,612,306,3,-5,-6,90,90,15,1,24977,AdultFemaleAgent(Clone),6,12,1.58,1.45,11.82227,1,True,2,1,0.5
2026-03-06_18.03.57,44,sign-optimization-horizontal-vertical_scenario,612,306,3,-5,-6,90,90,15,1,24978,WheelchairAgent(Clone),10,12,1.3,1.17,11.7417,1,False,3,1,0.3333333
2026-03-06_18.03.57,44,sign-optimization-horizontal-vertical_scenario,612,306,3,-5,-6,90,90,15,1,24979,WheelchairAgent(Clone),11,10,1.3,1.17,6.269775,1,False,3,0,0
2026-03-06_18.03.57,44,sign-optimization-horizontal-vertical_scenario,612,306,3,-5,-6,90,90,15,1,24980,WheelchairAgent(Clone),7,11,1.3,1.17,9.090576,1,True,2,1,0.5
2026-03-06_18.03.57,44,sign-optimization-horizontal-vertical_scenario,612,306,3,-5,-6,90,90,15,1,24981,AdultMaleAgent(Clone),10,12,1.71,1.58,12.54102,1,False,3,1,0.3333333
2026-03-06_18.03.57,44,sign-optimization-horizontal-vertical_scenario,612,306,3,-5,-6,90,90,15,1,24982,AdultMaleAgent(Clone),10,12,1.71,1.58,14.94946,1,False,3,2,0.6666667
2026-03-06_18.03.57,44,sign-optimization-horizontal-vertical_scenario,612,306,3,-5,-6,90,90,15,1,24983,WheelchairAgent(Clone),5,10,1.3,1.17,7.517822,1,True,2,1,0.5
2026-03-06_18.03.57,44,sign-optimization-horizontal-vertical_scenario,612,306,3,-5,-6,90,90,15,1,24984,AdultMaleAgent(Clone),11,10,1.71,1.58,0,0,False,3,0,0
2026-03-06_18.03.57,44,sign-optimization-horizontal-vertical_scenario,612,306,3,-5,-6,90,90,15,1,24985,AdultMaleAgent(Clone),6,12,1.71,1.58,11.38013,1,True,2,1,0.5
2026-03-06_18.03.57,44,sign-optimization-horizontal-vertical_scenario,612,306,3,-5,-6,90,90,15,1,24986,AdultFemaleAgent(Clone),7,11,1.58,1.450001,9.165039,2,True,2,1,0.5
2026-03-06_18.03.57,44,sign-optimization-horizontal-vertical_scenario,612,306,3,-5,-6,90,90,15,1,24987,AdultMaleAgent(Clone),7,11,1.71,1.58,10.28979,2,True,2,1,0.5
2026-03-06_18.03.57,44,sign-optimization-horizontal-vertical_scenario,612,306,3,-5,-6,90,90,15,1,24988,WheelchairAgent(Clone),11,10,1.3,1.17,0,0,False,3,0,0
2026-03-06_18.03.57,44,sign-optimization-horizontal-vertical_scenario,612,306,3,-5,-6,90,90,15,1,24989,AdultMaleAgent(Clone),6,12,1.71,1.58,8.987549,1,True,2,1,0.5
2026-03-06_18.03.57,44,sign-optimization-horizontal-vertical_scenario,612,306,3,-5,-6,90,90,15,1,24990,WheelchairAgent(Clone),11,10,1.3,1.17,0,0,False,3,0,0
2026-03-06_18.03.57,44,sign-optimization-horizontal-vertical_scenario,612,306,3,-5,-6,90,90,15,1,24991,AdultMaleAgent(Clone),10,12,1.71,1.58,11.94849,1,True,3,1,0.3333333
2026-03-06_18.03.57,44,sign-optimization-horizontal-vertical_scenario,612,306,3,-5,-6,90,90,15,1,24992,AdultFemaleAgent(Clone),6,12,1.58,1.45,10.43018,1,True,2,1,0.5
2026-03-06_18.03.57,44,sign-optimization-horizontal-vertical_scenario,612,306,3,-5,-6,90,90,15,1,24993,WheelchairAgent(Clone),7,11,1.3,1.17,10.45361,2,True,2,1,0.5
2026-03-06_18.03.57,44,sign-optimization-horizontal-vertical_scenario,612,306,3,-5,-6,90,90,15,1,24994,AdultMaleAgent(Clone),11,10,1.71,1.58,0,0,False,3,0,0
2026-03-06_18.03.57,44,sign-optimization-horizontal-vertical_scenario,612,306,3,-5,-6,90,90,15,1,24995,WheelchairAgent(Clone),11,10,1.3,1.17,0,0,False,3,0,0
2026-03-06_18.03.57,44,sign-optimization-horizontal-vertical_scenario,612,306,3,-5,-6,90,90,15,1,24996,AdultFemaleAgent(Clone),10,12,1.58,1.45,13.04468,1,False,3,2,0.6666667
2026-03-06_18.03.57,44,sign-optimization-horizontal-vertical_scenario,612,306,3,-5,-6,90,90,15,1,24997,WheelchairAgent(Clone),11,10,1.3,1.17,0,0,False,3,0,0
2026-03-06_18.03.57,44,sign-optimization-horizontal-vertical_scenario,612,306,3,-5,-6,90,90,15,1,24998,WheelchairAgent(Clone),10,12,1.3,1.17,11.54468,1,False,3,1,0.3333333
2026-03-06_18.03.57,44,sign-optimization-horizontal-vertical_scenario,612,306,3,-5,-6,90,90,15,1,24999,WheelchairAgent(Clone),11,10,1.3,1.17,0,0,False,3,0,0
2026-03-06_18.03.57,44,sign-optimization-horizontal-vertical_scenario,612,306,3,-5,-6,90,90,15,1,25000,AdultFemaleAgent(Clone),7,11,1.58,1.450001,8.605957,2,True,2,1,0.5
2026-03-06_18.03.57,44,sign-optimization-horizontal-vertical_scenario,612,306,3,-5,-6,90,90,15,1,25001,WheelchairAgent(Clone),7,11,1.3,1.17,13.4397,2,True,2,1,0.5
2026-03-06_18.03.57,44,sign-optimization-horizontal-vertical_scenario,612,306,3,-5,-6,90,90,15,1,25002,AdultFemaleAgent(Clone),5,10,1.58,1.45,8.270508,1,True,2,1,0.5
2026-03-06_18.03.57,44,sign-optimization-horizontal-vertical_scenario,612,306,3,-5,-6,90,90,15,1,25003,AdultMaleAgent(Clone),7,11,1.71,1.58,8.613037,2,True,2,1,0.5
2026-03-06_18.03.57,44,sign-optimization-horizontal-vertical_scenario,612,306,3,-5,-6,90,90,15,1,25004,WheelchairAgent(Clone),6,12,1.3,1.17,7.62915,1,False,2,1,0.5
2026-03-06_18.03.57,44,sign-optimization-horizontal-vertical_scenario,612,306,3,-5,-6,90,90,15,1,25005,WheelchairAgent(Clone),11,10,1.3,1.17,5.333496,1,False,3,0,0
2026-03-06_18.03.57,44,sign-optimization-horizontal-vertical_scenario,612,306,3,-5,-6,90,90,15,1,25006,WheelchairAgent(Clone),5,10,1.3,1.17,9.723633,1,True,2,1,0.5
2026-03-06_18.03.57,44,sign-optimization-horizontal-vertical_scenario,612,306,3,-5,-6,90,90,15,1,25007,AdultFemaleAgent(Clone),7,11,1.58,1.450001,9.643799,2,True,2,1,0.5
2026-03-06_18.03.57,44,sign-optimization-horizontal-vertical_scenario,612,306,3,-5,-6,90,90,15,1,25008,AdultMaleAgent(Clone),10,12,1.71,1.58,11.57593,1,False,3,1,0.3333333
2026-03-06_18.03.57,44,sign-optimization-horizontal-vertical_scenario,612,306,3,-5,-6,90,90,15,1,25009,WheelchairAgent(Clone),6,12,1.3,1.17,8.683594,1,False,2,1,0.5
2026-03-06_18.03.57,44,sign-optimization-horizontal-vertical_scenario,612,306,3,-5,-6,90,90,15,1,25010,WheelchairAgent(Clone),10,12,1.3,1.17,10.29175,1,True,3,2,0.6666667
2026-03-06_18.03.57,44,sign-optimization-horizontal-vertical_scenario,612,306,3,-5,-6,90,90,15,1,25011,AdultFemaleAgent(Clone),5,10,1.58,1.45,7.756104,1,False,2,1,0.5
2026-03-06_18.03.57,44,sign-optimization-horizontal-vertical_scenario,612,306,3,-5,-6,90,90,15,1,25012,AdultFemaleAgent(Clone),7,11,1.58,1.450001,9.018311,2,True,2,1,0.5
2026-03-06_18.03.57,44,sign-optimization-horizontal-vertical_scenario,612,306,3,-5,-6,90,90,15,1,25013,AdultMaleAgent(Clone),5,10,1.71,1.58,6.387695,1,True,2,1,0.5
2026-03-06_18.03.57,44,sign-optimization-horizontal-vertical_scenario,612,306,3,-5,-6,90,90,15,1,25014,AdultFemaleAgent(Clone),10,12,1.58,1.45,10.77759,1,False,3,1,0.3333333
2026-03-06_18.03.57,44,sign-optimization-horizontal-vertical_scenario,612,306,3,-5,-6,90,90,15,1,25015,AdultFemaleAgent(Clone),5,10,1.58,1.45,4.851318,1,True,2,1,0.5
2026-03-06_18.03.57,44,sign-optimization-horizontal-vertical_scenario,612,306,3,-5,-6,90,90,15,1,25016,WheelchairAgent(Clone),6,12,1.3,1.17,10.88599,1,True,2,1,0.5
2026-03-06_18.03.57,44,sign-optimization-horizontal-vertical_scenario,612,306,3,-5,-6,90,90,15,1,25017,AdultFemaleAgent(Clone),6,12,1.58,1.45,9.426758,1,True,2,1,0.5
2026-03-06_18.03.57,44,sign-optimization-horizontal-vertical_scenario,612,306,3,-5,-6,90,90,15,1,25018,AdultFemaleAgent(Clone),7,11,1.58,1.450001,9.495605,2,True,2,1,0.5
2026-03-06_18.03.57,44,sign-optimization-horizontal-vertical_scenario,612,306,3,-5,-6,90,90,15,1,25019,AdultMaleAgent(Clone),11,10,1.71,1.58,2.32251,1,False,3,0,0
2026-03-06_18.03.57,44,sign-optimization-horizontal-vertical_scenario,612,306,3,-5,-6,90,90,15,1,25020,AdultFemaleAgent(Clone),7,11,1.58,1.450001,8.697021,2,True,2,1,0.5
2026-03-06_18.03.57,44,sign-optimization-horizontal-vertical_scenario,612,306,3,-5,-6,90,90,15,1,25021,AdultMaleAgent(Clone),11,10,1.71,1.58,0,0,False,3,0,0
2026-03-06_18.03.57,44,sign-optimization-horizontal-vertical_scenario,612,306,3,-5,-6,90,90,15,1,25022,AdultMaleAgent(Clone),6,12,1.71,1.58,9.139648,1,False,2,1,0.5
2026-03-06_18.03.57,44,sign-optimization-horizontal-vertical_scenario,612,306,3,-5,-6,90,90,15,1,25023,AdultFemaleAgent(Clone),11,10,1.58,1.450001,0,0,False,3,0,0
2026-03-06_18.03.57,44,sign-optimization-horizontal-vertical_scenario,612,306,3,-5,-6,90,90,15,1,25024,AdultMaleAgent(Clone),5,10,1.71,1.58,8.804443,1,True,2,1,0.5
2026-03-06_18.03.57,44,sign-optimization-horizontal-vertical_scenario,612,306,3,-5,-6,90,90,15,1,25025,AdultFemaleAgent(Clone),7,11,1.58,1.450001,10.20825,2,True,2,1,0.5
2026-03-06_18.03.57,44,sign-optimization-horizontal-vertical_scenario,612,306,3,-5,-6,90,90,15,1,25026,WheelchairAgent(Clone),6,12,1.3,1.17,7.868896,1,False,2,1,0.5
2026-03-06_18.03.57,44,sign-optimization-horizontal-vertical_scenario,612,306,3,-5,-6,90,90,15,1,25027,WheelchairAgent(Clone),10,12,1.3,1.17,13.46704,1,False,3,1,0.3333333
2026-03-06_18.03.57,44,sign-optimization-horizontal-vertical_scenario,612,306,3,-5,-6,90,90,15,1,25028,WheelchairAgent(Clone),5,10,1.3,1.17,9.767822,1,False,2,0,0
2026-03-06_18.03.57,44,sign-optimization-horizontal-vertical_scenario,612,306,3,-5,-6,90,90,15,1,25029,AdultMaleAgent(Clone),10,12,1.71,1.58,11.98779,1,False,3,0,0
2026-03-06_18.03.57,44,sign-optimization-horizontal-vertical_scenario,612,306,3,-5,-6,90,90,15,1,25030,WheelchairAgent(Clone),11,10,1.3,1.17,0,0,False,3,0,0
2026-03-06_18.03.57,44,sign-optimization-horizontal-vertical_scenario,612,306,3,-5,-6,90,90,15,1,25031,WheelchairAgent(Clone),11,10,1.3,1.17,0,0,False,3,0,0
2026-03-06_18.03.57,44,sign-optimization-horizontal-vertical_scenario,612,306,3,-5,-6,90,90,15,1,25032,WheelchairAgent(Clone),6,12,1.3,1.17,8.873779,1,False,2,1,0.5
2026-03-06_18.03.57,44,sign-optimization-horizontal-vertical_scenario,612,306,3,-5,-6,90,90,15,1,25033,WheelchairAgent(Clone),11,10,1.3,1.17,6.935547,1,False,3,0,0
2026-03-06_18.03.57,44,sign-optimization-horizontal-vertical_scenario,612,306,3,-5,-6,90,90,15,1,25034,WheelchairAgent(Clone),7,11,1.3,1.17,8.790527,2,True,2,1,0.5
2026-03-06_18.03.57,44,sign-optimization-horizontal-vertical_scenario,612,306,3,-5,-6,90,90,15,1,25035,AdultMaleAgent(Clone),5,10,1.71,1.58,4.907715,1,True,2,1,0.5
2026-03-06_18.03.57,44,sign-optimization-horizontal-vertical_scenario,612,306,3,-5,-6,90,90,15,1,25036,AdultMaleAgent(Clone),6,12,1.71,1.58,10.5459,1,True,2,1,0.5
2026-03-06_18.03.57,44,sign-optimization-horizontal-vertical_scenario,612,306,3,-5,-6,90,90,15,1,25037,AdultMaleAgent(Clone),10,12,1.71,1.58,11.28955,1,False,3,1,0.3333333
2026-03-06_18.03.57,44,sign-optimization-horizontal-vertical_scenario,612,306,3,-5,-6,90,90,15,1,25038,AdultFemaleAgent(Clone),7,11,1.58,1.450001,11.86108,2,True,2,1,0.5
2026-03-06_18.03.57,44,sign-optimization-horizontal-vertical_scenario,612,306,3,-5,-6,90,90,15,1,25039,AdultMaleAgent(Clone),6,12,1.71,1.58,11.51172,1,True,2,1,0.5
2026-03-06_18.03.57,44,sign-optimization-horizontal-vertical_scenario,612,306,3,-5,-6,90,90,15,1,25040,AdultMaleAgent(Clone),11,10,1.71,1.58,0,0,False,3,0,0
2026-03-06_18.03.57,44,sign-optimization-horizontal-vertical_scenario,612,306,3,-5,-6,90,90,15,1,25041,AdultFemaleAgent(Clone),5,10,1.58,1.45,6.27124,1,False,2,1,0.5
2026-03-06_18.03.57,44,sign-optimization-horizontal-vertical_scenario,612,306,3,-5,-6,90,90,15,1,25042,AdultFemaleAgent(Clone),6,12,1.58,1.45,12.54736,1,True,2,1,0.5
2026-03-06_18.03.57,44,sign-optimization-horizontal-vertical_scenario,612,306,3,-5,-6,90,90,15,1,25043,AdultFemaleAgent(Clone),11,10,1.58,1.450001,0,0,False,3,0,0
2026-03-06_18.03.57,44,sign-optimization-horizontal-vertical_scenario,612,306,3,-5,-6,90,90,15,1,25044,AdultFemaleAgent(Clone),10,12,1.58,1.45,12.02222,1,False,3,1,0.3333333
2026-03-06_18.03.57,44,sign-optimization-horizontal-vertical_scenario,612,306,3,-5,-6,90,90,15,1,25045,AdultFemaleAgent(Clone),7,11,1.58,1.450001,13.73877,2,True,2,1,0.5
2026-03-06_18.03.57,44,sign-optimization-horizontal-vertical_scenario,612,306,3,-5,-6,90,90,15,1,25046,AdultFemaleAgent(Clone),11,10,1.58,1.450001,0,0,False,3,0,0
2026-03-06_18.03.57,44,sign-optimization-horizontal-vertical_scenario,612,306,3,-5,-6,90,90,15,1,25047,WheelchairAgent(Clone),11,10,1.3,1.17,0,0,False,3,0,0
2026-03-06_18.03.57,44,sign-optimization-horizontal-vertical_scenario,612,306,3,-5,-6,90,90,15,1,25048,AdultMaleAgent(Clone),10,12,1.71,1.58,10.44409,1,True,3,2,0.6666667
2026-03-06_18.03.57,44,sign-optimization-horizontal-vertical_scenario,612,306,3,-5,-6,90,90,15,1,25049,AdultFemaleAgent(Clone),10,12,1.58,1.45,12.05054,1,False,3,0,0
2026-03-06_18.03.57,44,sign-optimization-horizontal-vertical_scenario,612,306,3,-5,-6,90,90,15,1,25050,AdultFemaleAgent(Clone),10,12,1.58,1.45,12.78296,1,True,3,2,0.6666667
2026-03-06_18.03.57,44,sign-optimization-horizontal-vertical_scenario,612,306,3,-5,-6,90,90,15,1,25051,AdultMaleAgent(Clone),6,12,1.71,1.58,12.05322,1,False,2,1,0.5
2026-03-06_18.03.57,44,sign-optimization-horizontal-vertical_scenario,612,306,3,-5,-6,90,90,15,1,25052,WheelchairAgent(Clone),6,12,1.3,1.17,9.477295,1,True,2,1,0.5
2026-03-06_18.03.57,44,sign-optimization-horizontal-vertical_scenario,612,306,3,-5,-6,90,90,15,1,25053,WheelchairAgent(Clone),5,10,1.3,1.17,8.167969,1,True,2,1,0.5
2026-03-06_18.03.57,44,sign-optimization-horizontal-vertical_scenario,612,306,3,-5,-6,90,90,15,1,25054,WheelchairAgent(Clone),10,12,1.3,1.17,14.11523,1,False,3,1,0.3333333
2026-03-06_18.03.57,44,sign-optimization-horizontal-vertical_scenario,612,306,3,-5,-6,90,90,15,1,25055,WheelchairAgent(Clone),6,12,1.3,1.17,8.715088,1,False,2,1,0.5
2026-03-06_18.03.57,44,sign-optimization-horizontal-vertical_scenario,612,306,3,-5,-6,90,90,15,1,25056,WheelchairAgent(Clone),7,11,1.3,1.17,8.664795,1,True,2,1,0.5
2026-03-06_18.03.57,44,sign-optimization-horizontal-vertical_scenario,612,306,3,-5,-6,90,90,15,1,25057,WheelchairAgent(Clone),5,10,1.3,1.17,4.578369,1,True,2,1,0.5
2026-03-06_18.03.57,44,sign-optimization-horizontal-vertical_scenario,612,306,3,-5,-6,90,90,15,1,25058,AdultMaleAgent(Clone),7,11,1.71,1.58,9.116943,2,True,2,1,0.5
2026-03-06_18.03.57,44,sign-optimization-horizontal-vertical_scenario,612,306,3,-5,-6,90,90,15,1,25059,AdultFemaleAgent(Clone),6,12,1.58,1.45,8.313721,1,True,2,1,0.5
2026-03-06_18.03.57,44,sign-optimization-horizontal-vertical_scenario,612,306,3,-5,-6,90,90,15,1,25060,WheelchairAgent(Clone),5,10,1.3,1.17,6.21875,1,True,2,1,0.5
2026-03-06_18.03.57,44,sign-optimization-horizontal-vertical_scenario,612,306,3,-5,-6,90,90,15,1,25061,WheelchairAgent(Clone),7,11,1.3,1.17,8.557861,2,True,2,1,0.5
2026-03-06_18.03.57,44,sign-optimization-horizontal-vertical_scenario,612,306,3,-5,-6,90,90,15,1,25062,AdultFemaleAgent(Clone),7,11,1.58,1.450001,11.10034,2,True,2,1,0.5
2026-03-06_18.03.57,44,sign-optimization-horizontal-vertical_scenario,612,306,3,-5,-6,90,90,15,1,25063,AdultMaleAgent(Clone),11,10,1.71,1.58,2.912598,1,False,3,0,0
2026-03-06_18.03.57,44,sign-optimization-horizontal-vertical_scenario,612,306,3,-5,-6,90,90,15,1,25064,WheelchairAgent(Clone),11,10,1.3,1.17,0,0,False,3,0,0
2026-03-06_18.03.57,44,sign-optimization-horizontal-vertical_scenario,612,306,3,-5,-6,90,90,15,1,25065,AdultMaleAgent(Clone),7,11,1.71,1.58,10.01147,2,True,2,1,0.5
2026-03-06_18.03.57,44,sign-optimization-horizontal-vertical_scenario,612,306,3,-5,-6,90,90,15,1,25066,AdultFemaleAgent(Clone),5,10,1.58,1.45,7.412109,1,True,2,1,0.5
2026-03-06_18.03.57,44,sign-optimization-horizontal-vertical_scenario,612,306,3,-5,-6,90,90,15,1,25067,WheelchairAgent(Clone),6,12,1.3,1.17,12.32788,1,True,2,1,0.5
2026-03-06_18.03.57,44,sign-optimization-horizontal-vertical_scenario,612,306,3,-5,-6,90,90,15,1,25068,AdultMaleAgent(Clone),7,11,1.71,1.58,11.37256,2,True,2,1,0.5
2026-03-06_18.03.57,44,sign-optimization-horizontal-vertical_scenario,612,306,3,-5,-6,90,90,15,1,25069,WheelchairAgent(Clone),7,11,1.3,1.17,8.630371,2,True,2,1,0.5
2026-03-06_18.03.57,44,sign-optimization-horizontal-vertical_scenario,612,306,3,-5,-6,90,90,15,1,25070,AdultFemaleAgent(Clone),11,10,1.58,1.450001,0,0,False,3,0,0
2026-03-06_18.03.57,44,sign-optimization-horizontal-vertical_scenario,612,306,3,-5,-6,90,90,15,1,25071,AdultFemaleAgent(Clone),5,10,1.58,1.45,10.62646,1,True,2,1,0.5
2026-03-06_18.03.57,44,sign-optimization-horizontal-vertical_scenario,612,306,3,-5,-6,90,90,15,1,25072,AdultMaleAgent(Clone),6,12,1.71,1.58,10.61401,1,True,2,1,0.5
2026-03-06_18.03.57,44,sign-optimization-horizontal-vertical_scenario,612,306,3,-5,-6,90,90,15,1,25073,WheelchairAgent(Clone),10,12,1.3,1.17,10.50659,1,False,3,1,0.3333333
2026-03-06_18.03.57,44,sign-optimization-horizontal-vertical_scenario,612,306,3,-5,-6,90,90,15,1,25074,AdultMaleAgent(Clone),6,12,1.71,1.58,13.27979,1,True,2,1,0.5
2026-03-06_18.03.57,44,sign-optimization-horizontal-vertical_scenario,612,306,3,-5,-6,90,90,15,1,25075,AdultMaleAgent(Clone),10,12,1.71,1.58,12.82593,1,False,3,1,0.3333333
2026-03-06_18.03.57,44,sign-optimization-horizontal-vertical_scenario,612,306,3,-5,-6,90,90,15,1,25076,AdultFemaleAgent(Clone),10,12,1.58,1.45,10.84375,1,False,3,0,0
2026-03-06_18.03.57,44,sign-optimization-horizontal-vertical_scenario,612,306,3,-5,-6,90,90,15,1,25077,WheelchairAgent(Clone),10,12,1.3,1.17,11.6084,1,False,3,0,0
2026-03-06_18.03.57,44,sign-optimization-horizontal-vertical_scenario,612,306,3,-5,-6,90,90,15,1,25078,AdultFemaleAgent(Clone),7,11,1.58,1.450001,9.111084,2,True,2,1,0.5
2026-03-06_18.03.57,44,sign-optimization-horizontal-vertical_scenario,612,306,3,-5,-6,90,90,15,1,25079,AdultMaleAgent(Clone),5,10,1.71,1.58,5.953613,1,True,2,1,0.5
2026-03-06_18.03.57,44,sign-optimization-horizontal-vertical_scenario,612,306,3,-5,-6,90,90,15,1,25080,WheelchairAgent(Clone),6,12,1.3,1.17,8.609131,1,True,2,1,0.5
2026-03-06_18.03.57,44,sign-optimization-horizontal-vertical_scenario,612,306,3,-5,-6,90,90,15,1,25081,WheelchairAgent(Clone),10,12,1.3,1.17,0,0,False,3,1,0.3333333
2026-03-06_18.03.57,44,sign-optimization-horizontal-vertical_scenario,612,306,3,-5,-6,90,90,15,1,25082,AdultMaleAgent(Clone),10,12,1.71,1.58,11.72559,1,False,3,0,0
2026-03-06_18.03.57,44,sign-optimization-horizontal-vertical_scenario,612,306,3,-5,-6,90,90,15,1,25083,AdultMaleAgent(Clone),10,12,1.71,1.58,4.948242,1,False,3,0,0
2026-03-06_18.03.57,44,sign-optimization-horizontal-vertical_scenario,612,306,3,-5,-6,90,90,15,1,25084,WheelchairAgent(Clone),6,12,1.3,1.17,9.726807,1,True,2,1,0.5
2026-03-06_18.03.57,44,sign-optimization-horizontal-vertical_scenario,612,306,3,-5,-6,90,90,15,1,25085,AdultMaleAgent(Clone),7,11,1.71,1.58,9.539795,1,True,2,1,0.5
2026-03-06_18.03.57,44,sign-optimization-horizontal-vertical_scenario,612,306,3,-5,-6,90,90,15,1,25086,AdultFemaleAgent(Clone),10,12,1.58,1.45,10.58521,1,False,3,2,0.6666667
2026-03-06_18.03.57,44,sign-optimization-horizontal-vertical_scenario,612,306,3,-5,-6,90,90,15,1,25087,WheelchairAgent(Clone),5,10,1.3,1.17,6.362061,1,True,2,1,0.5
2026-03-06_18.03.57,44,sign-optimization-horizontal-vertical_scenario,612,306,3,-5,-6,90,90,15,1,25088,AdultMaleAgent(Clone),6,12,1.71,1.58,11.04346,1,True,2,1,0.5
2026-03-06_18.03.57,44,sign-optimization-horizontal-vertical_scenario,612,306,3,-5,-6,90,90,15,1,25089,WheelchairAgent(Clone),11,10,1.3,1.17,10.26587,1,False,3,1,0.3333333
2026-03-06_18.03.57,44,sign-optimization-horizontal-vertical_scenario,612,306,3,-5,-6,90,90,15,1,25090,WheelchairAgent(Clone),7,11,1.3,1.17,8.953125,2,True,2,1,0.5
2026-03-06_18.03.57,44,sign-optimization-horizontal-vertical_scenario,612,306,3,-5,-6,90,90,15,1,25091,WheelchairAgent(Clone),11,10,1.3,1.17,0,0,False,3,0,0
2026-03-06_18.03.57,44,sign-optimization-horizontal-vertical_scenario,612,306,3,-5,-6,90,90,15,1,25092,AdultFemaleAgent(Clone),6,12,1.58,1.45,10.9856,1,True,2,1,0.5
2026-03-06_18.03.57,44,sign-optimization-horizontal-vertical_scenario,612,306,3,-5,-6,90,90,15,1,25093,WheelchairAgent(Clone),6,12,1.3,1.17,7.106689,1,False,2,1,0.5
2026-03-06_18.03.57,44,sign-optimization-horizontal-vertical_scenario,612,306,3,-5,-6,90,90,15,1,25094,AdultMaleAgent(Clone),6,12,1.71,1.58,12.24072,1,False,2,1,0.5
2026-03-06_18.03.57,44,sign-optimization-horizontal-vertical_scenario,612,306,3,-5,-6,90,90,15,1,25095,AdultFemaleAgent(Clone),7,11,1.58,1.450001,9.987305,2,True,2,1,0.5
2026-03-06_18.03.57,44,sign-optimization-horizontal-vertical_scenario,612,306,3,-5,-6,90,90,15,1,25096,WheelchairAgent(Clone),7,11,1.3,1.17,9.428467,2,True,2,1,0.5
2026-03-06_18.03.57,44,sign-optimization-horizontal-vertical_scenario,612,306,3,-5,-6,90,90,15,1,25097,AdultMaleAgent(Clone),7,11,1.71,1.58,10.17969,2,True,2,1,0.5
2026-03-06_18.03.57,44,sign-optimization-horizontal-vertical_scenario,612,306,3,-5,-6,90,90,15,1,25098,WheelchairAgent(Clone),10,12,1.3,1.17,0,0,False,3,1,0.3333333
2026-03-06_18.03.57,44,sign-optimization-horizontal-vertical_scenario,612,306,3,-5,-6,90,90,15,1,25099,WheelchairAgent(Clone),7,11,1.3,1.17,8.914551,2,True,2,1,0.5
2026-03-06_18.03.57,44,sign-optimization-horizontal-vertical_scenario,612,306,3,-5,-6,90,90,15,1,25100,AdultFemaleAgent(Clone),11,10,1.58,1.450001,10.14893,1,False,3,1,0.3333333
2026-03-06_18.03.57,44,sign-optimization-horizontal-vertical_scenario,612,306,3,-5,-6,90,90,15,1,25101,WheelchairAgent(Clone),10,12,1.3,1.17,0,0,True,3,1,0.3333333
2026-03-06_18.03.57,44,sign-optimization-horizontal-vertical_scenario,612,306,3,-5,-6,90,90,15,1,25102,WheelchairAgent(Clone),10,12,1.3,1.17,0,0,True,3,2,0.6666667
2026-03-06_18.03.57,44,sign-optimization-horizontal-vertical_scenario,612,306,3,-5,-6,90,90,15,1,25103,AdultMaleAgent(Clone),6,12,1.71,1.58,8.944336,1,True,2,1,0.5
2026-03-06_18.03.57,44,sign-optimization-horizontal-vertical_scenario,612,306,3,-5,-6,90,90,15,1,25104,AdultMaleAgent(Clone),6,12,1.71,1.58,0,0,True,2,1,0.5
2026-03-06_18.03.57,44,sign-optimization-horizontal-vertical_scenario,612,306,3,-5,-6,90,90,15,1,25105,AdultFemaleAgent(Clone),10,12,1.58,1.45,0,0,False,3,2,0.6666667
2026-03-06_18.03.57,44,sign-optimization-horizontal-vertical_scenario,612,306,3,-5,-6,90,90,15,1,25106,WheelchairAgent(Clone),10,12,1.3,1.17,0,0,False,3,2,0.6666667
2026-03-06_18.03.57,44,sign-optimization-horizontal-vertical_scenario,612,306,3,-5,-6,90,90,15,1,25107,AdultFemaleAgent(Clone),5,10,1.58,1.45,7.20459,1,True,2,1,0.5
2026-03-06_18.03.57,44,sign-optimization-horizontal-vertical_scenario,612,306,3,-5,-6,90,90,15,1,25108,WheelchairAgent(Clone),10,12,1.3,1.17,10.93335,1,True,3,1,0.3333333
2026-03-06_18.03.57,44,sign-optimization-horizontal-vertical_scenario,612,306,3,-5,-6,90,90,15,1,25109,AdultMaleAgent(Clone),6,12,1.71,1.58,0,0,True,2,1,0.5
2026-03-06_18.03.57,44,sign-optimization-horizontal-vertical_scenario,612,306,3,-5,-6,90,90,15,1,25110,WheelchairAgent(Clone),5,10,1.3,1.17,7.384766,1,True,2,1,0.5
2026-03-06_18.03.57,44,sign-optimization-horizontal-vertical_scenario,612,306,3,-5,-6,90,90,15,1,25111,AdultMaleAgent(Clone),7,11,1.71,1.58,9.592041,2,True,2,1,0.5
2026-03-06_18.03.57,44,sign-optimization-horizontal-vertical_scenario,612,306,3,-5,-6,90,90,15,1,25112,AdultMaleAgent(Clone),7,11,1.71,1.58,9.388428,2,True,2,1,0.5
2026-03-06_18.03.57,44,sign-optimization-horizontal-vertical_scenario,612,306,3,-5,-6,90,90,15,1,25113,AdultMaleAgent(Clone),7,11,1.71,1.58,9.306152,1,True,2,1,0.5
2026-03-06_18.03.57,44,sign-optimization-horizontal-vertical_scenario,612,306,3,-5,-6,90,90,15,1,25114,AdultFemaleAgent(Clone),6,12,1.58,1.45,7.057373,1,True,2,1,0.5
2026-03-06_18.03.57,44,sign-optimization-horizontal-vertical_scenario,612,306,3,-5,-6,90,90,15,1,25115,AdultFemaleAgent(Clone),10,12,1.58,1.45,0,0,False,3,0,0
2026-03-06_18.03.57,44,sign-optimization-horizontal-vertical_scenario,612,306,3,-5,-6,90,90,15,1,25116,AdultFemaleAgent(Clone),11,10,1.58,1.450001,7.447754,1,True,3,1,0.3333333
2026-03-06_18.03.57,44,sign-optimization-horizontal-vertical_scenario,612,306,3,-5,-6,90,90,15,1,25117,AdultFemaleAgent(Clone),7,11,1.58,1.450001,9.432373,2,True,2,1,0.5
2026-03-06_18.03.57,44,sign-optimization-horizontal-vertical_scenario,612,306,3,-5,-6,90,90,15,1,25118,AdultFemaleAgent(Clone),11,10,1.58,1.450001,6.941162,1,False,3,1,0.3333333
2026-03-06_18.03.57,44,sign-optimization-horizontal-vertical_scenario,612,306,3,-5,-6,90,90,15,1,25119,AdultFemaleAgent(Clone),6,12,1.58,1.45,0,0,True,2,1,0.5
2026-03-06_18.03.57,44,sign-optimization-horizontal-vertical_scenario,612,306,3,-5,-6,90,90,15,1,25120,AdultFemaleAgent(Clone),11,10,1.58,1.450001,6.667236,1,False,3,1,0.3333333
2026-03-06_18.03.57,44,sign-optimization-horizontal-vertical_scenario,612,306,3,-5,-6,90,90,15,1,25121,WheelchairAgent(Clone),6,12,1.3,1.17,0,0,False,2,1,0.5
2026-03-06_18.03.57,44,sign-optimization-horizontal-vertical_scenario,612,306,3,-5,-6,90,90,15,1,25122,WheelchairAgent(Clone),11,10,1.3,1.17,6.416016,1,False,3,0,0
2026-03-06_18.03.57,44,sign-optimization-horizontal-vertical_scenario,612,306,3,-5,-6,90,90,15,1,25123,AdultMaleAgent(Clone),5,10,1.71,1.58,8.329834,1,True,2,1,0.5
2026-03-06_18.03.57,44,sign-optimization-horizontal-vertical_scenario,612,306,3,-5,-6,90,90,15,1,25124,AdultMaleAgent(Clone),6,12,1.71,1.58,0,0,True,2,1,0.5
2026-03-06_18.03.57,44,sign-optimization-horizontal-vertical_scenario,612,306,3,-5,-6,90,90,15,1,25125,WheelchairAgent(Clone),7,11,1.3,1.17,8.898193,2,True,2,1,0.5
2026-03-06_18.03.57,44,sign-optimization-horizontal-vertical_scenario,612,306,3,-5,-6,90,90,15,1,25126,AdultFemaleAgent(Clone),7,11,1.58,1.450001,8.780273,2,True,2,1,0.5
2026-03-06_18.03.57,44,sign-optimization-horizontal-vertical_scenario,612,306,3,-5,-6,90,90,15,1,25127,WheelchairAgent(Clone),11,10,1.3,1.17,0.7543945,1,False,3,0,0
2026-03-06_18.03.57,44,sign-optimization-horizontal-vertical_scenario,612,306,3,-5,-6,90,90,15,1,25128,AdultMaleAgent(Clone),6,12,1.71,1.58,0,0,True,2,1,0.5
2026-03-06_18.03.57,44,sign-optimization-horizontal-vertical_scenario,612,306,3,-5,-6,90,90,15,1,25129,AdultMaleAgent(Clone),6,12,1.71,1.58,0,0,False,2,1,0.5
2026-03-06_18.03.57,44,sign-optimization-horizontal-vertical_scenario,612,306,3,-5,-6,90,90,15,1,25130,WheelchairAgent(Clone),11,10,1.3,1.17,5.075439,1,False,3,0,0
2026-03-06_18.03.57,44,sign-optimization-horizontal-vertical_scenario,612,306,3,-5,-6,90,90,15,1,25131,AdultFemaleAgent(Clone),5,10,1.58,1.45,7.59668,1,True,2,1,0.5
2026-03-06_18.03.57,44,sign-optimization-horizontal-vertical_scenario,612,306,3,-5,-6,90,90,15,1,25132,AdultMaleAgent(Clone),7,11,1.71,1.58,9.716553,1,True,2,1,0.5
2026-03-06_18.03.57,44,sign-optimization-horizontal-vertical_scenario,612,306,3,-5,-6,90,90,15,1,25133,AdultFemaleAgent(Clone),10,12,1.58,1.45,4.888184,1,False,3,0,0
2026-03-06_18.03.57,44,sign-optimization-horizontal-vertical_scenario,612,306,3,-5,-6,90,90,15,1,25134,AdultFemaleAgent(Clone),6,12,1.58,1.45,0,0,True,2,1,0.5
2026-03-06_18.03.57,44,sign-optimization-horizontal-vertical_scenario,612,306,3,-5,-6,90,90,15,1,25135,AdultFemaleAgent(Clone),6,12,1.58,1.45,0,0,False,2,1,0.5
2026-03-06_18.03.57,44,sign-optimization-horizontal-vertical_scenario,612,306,3,-5,-6,90,90,15,1,25136,WheelchairAgent(Clone),11,10,1.3,1.17,0,0,False,3,0,0
2026-03-06_18.03.57,44,sign-optimization-horizontal-vertical_scenario,612,306,3,-5,-6,90,90,15,1,25137,WheelchairAgent(Clone),6,12,1.3,1.17,7.376709,1,True,2,1,0.5
2026-03-06_18.03.57,44,sign-optimization-horizontal-vertical_scenario,612,306,3,-5,-6,90,90,15,1,25138,AdultFemaleAgent(Clone),6,12,1.58,1.45,0,0,True,2,1,0.5
2026-03-06_18.03.57,44,sign-optimization-horizontal-vertical_scenario,612,306,3,-5,-6,90,90,15,1,25139,WheelchairAgent(Clone),11,10,1.3,1.17,0,0,False,3,0,0
2026-03-06_18.03.57,44,sign-optimization-horizontal-vertical_scenario,612,306,3,-5,-6,90,90,15,1,25140,AdultMaleAgent(Clone),5,10,1.71,1.58,6.463867,1,True,2,1,0.5
2026-03-06_18.03.57,44,sign-optimization-horizontal-vertical_scenario,612,306,3,-5,-6,90,90,15,1,25141,WheelchairAgent(Clone),7,11,1.3,1.17,9.97998,1,True,2,1,0.5
2026-03-06_18.03.57,44,sign-optimization-horizontal-vertical_scenario,612,306,3,-5,-6,90,90,15,1,25142,AdultFemaleAgent(Clone),11,10,1.58,1.450001,0,0,False,3,0,0
2026-03-06_18.03.57,44,sign-optimization-horizontal-vertical_scenario,612,306,3,-5,-6,90,90,15,1,25143,WheelchairAgent(Clone),11,10,1.3,1.17,6.865723,1,False,3,0,0
2026-03-06_18.03.57,44,sign-optimization-horizontal-vertical_scenario,612,306,3,-5,-6,90,90,15,1,25144,WheelchairAgent(Clone),10,12,1.3,1.17,0,0,False,3,0,0
2026-03-06_18.03.57,44,sign-optimization-horizontal-vertical_scenario,612,306,3,-5,-6,90,90,15,1,25145,AdultMaleAgent(Clone),6,12,1.71,1.58,0,0,True,2,1,0.5
2026-03-06_18.03.57,44,sign-optimization-horizontal-vertical_scenario,612,306,3,-5,-6,90,90,15,1,25146,AdultMaleAgent(Clone),10,12,1.71,1.58,4.176025,1,False,3,0,0
2026-03-06_18.03.57,44,sign-optimization-horizontal-vertical_scenario,612,306,3,-5,-6,90,90,15,1,25147,AdultFemaleAgent(Clone),7,11,1.58,1.450001,8.306641,1,True,2,1,0.5
2026-03-06_18.03.57,44,sign-optimization-horizontal-vertical_scenario,612,306,3,-5,-6,90,90,15,1,25148,WheelchairAgent(Clone),6,12,1.3,1.17,0,0,True,2,1,0.5
2026-03-06_18.03.57,44,sign-optimization-horizontal-vertical_scenario,612,306,3,-5,-6,90,90,15,1,25149,WheelchairAgent(Clone),11,10,1.3,1.17,0,0,False,3,0,0
2026-03-06_18.03.57,44,sign-optimization-horizontal-vertical_scenario,612,306,3,-5,-6,90,90,15,1,25150,AdultMaleAgent(Clone),11,10,1.71,1.58,0,0,False,3,0,0
2026-03-06_18.03.57,44,sign-optimization-horizontal-vertical_scenario,612,306,3,-5,-6,90,90,15,1,25151,WheelchairAgent(Clone),6,12,1.3,1.17,0,0,False,2,1,0.5
2026-03-06_18.03.57,44,sign-optimization-horizontal-vertical_scenario,612,306,3,-5,-6,90,90,15,1,25152,AdultFemaleAgent(Clone),6,12,1.58,1.45,0,0,True,2,1,0.5
2026-03-06_18.03.57,44,sign-optimization-horizontal-vertical_scenario,612,306,3,-5,-6,90,90,15,1,25153,AdultMaleAgent(Clone),11,10,1.71,1.58,3.244385,1,False,3,0,0
2026-03-06_18.03.57,44,sign-optimization-horizontal-vertical_scenario,612,306,3,-5,-6,90,90,15,1,25154,AdultMaleAgent(Clone),11,10,1.71,1.58,4.432861,1,False,3,0,0
2026-03-06_18.03.57,44,sign-optimization-horizontal-vertical_scenario,612,306,3,-5,-6,90,90,15,1,25155,WheelchairAgent(Clone),6,12,1.3,1.17,0,0,False,2,1,0.5
2026-03-06_18.03.57,44,sign-optimization-horizontal-vertical_scenario,612,306,3,-5,-6,90,90,15,1,25156,WheelchairAgent(Clone),6,12,1.3,1.17,0,0,True,2,1,0.5
2026-03-06_18.03.57,44,sign-optimization-horizontal-vertical_scenario,612,306,3,-5,-6,90,90,15,1,25157,AdultFemaleAgent(Clone),6,12,1.58,1.45,0,0,True,2,1,0.5
2026-03-06_18.03.57,44,sign-optimization-horizontal-vertical_scenario,612,306,3,-5,-6,90,90,15,1,25158,AdultMaleAgent(Clone),11,10,1.71,1.58,5.777832,1,False,3,0,0
2026-03-06_18.03.57,44,sign-optimization-horizontal-vertical_scenario,612,306,3,-5,-6,90,90,15,1,25159,WheelchairAgent(Clone),10,12,1.3,1.17,0,0,False,3,0,0
2026-03-06_18.03.57,44,sign-optimization-horizontal-vertical_scenario,612,306,3,-5,-6,90,90,15,1,25160,AdultFemaleAgent(Clone),5,10,1.58,1.45,7.324463,1,True,2,1,0.5
2026-03-06_18.03.57,44,sign-optimization-horizontal-vertical_scenario,612,306,3,-5,-6,90,90,15,1,25161,WheelchairAgent(Clone),6,12,1.3,1.17,0,0,True,2,1,0.5
2026-03-06_18.03.57,44,sign-optimization-horizontal-vertical_scenario,612,306,3,-5,-6,90,90,15,1,25162,WheelchairAgent(Clone),11,10,1.3,1.17,0,0,False,3,0,0
2026-03-06_18.03.57,44,sign-optimization-horizontal-vertical_scenario,612,306,3,-5,-6,90,90,15,1,25163,AdultFemaleAgent(Clone),7,11,1.58,1.450001,8.654541,1,True,2,1,0.5
2026-03-06_18.03.57,44,sign-optimization-horizontal-vertical_scenario,612,306,3,-5,-6,90,90,15,1,25164,WheelchairAgent(Clone),11,10,1.3,1.17,0,0,False,3,0,0
2026-03-06_18.03.57,44,sign-optimization-horizontal-vertical_scenario,612,306,3,-5,-6,90,90,15,1,25165,AdultFemaleAgent(Clone),7,11,1.58,1.450001,9.463623,1,True,2,1,0.5
2026-03-06_18.03.57,44,sign-optimization-horizontal-vertical_scenario,612,306,3,-5,-6,90,90,15,1,25166,AdultMaleAgent(Clone),11,10,1.71,1.58,0,0,False,3,0,0
2026-03-06_18.03.57,44,sign-optimization-horizontal-vertical_scenario,612,306,3,-5,-6,90,90,15,1,25167,AdultMaleAgent(Clone),10,12,1.71,1.58,0,0,False,3,0,0
2026-03-06_18.03.57,44,sign-optimization-horizontal-vertical_scenario,612,306,3,-5,-6,90,90,15,1,25168,AdultMaleAgent(Clone),6,12,1.71,1.58,0,0,True,2,1,0.5
2026-03-06_18.03.57,44,sign-optimization-horizontal-vertical_scenario,612,306,3,-5,-6,90,90,15,1,25169,AdultFemaleAgent(Clone),10,12,1.58,1.45,0,0,False,3,0,0
2026-03-06_18.03.57,44,sign-optimization-horizontal-vertical_scenario,612,306,3,-5,-6,90,90,15,1,25170,WheelchairAgent(Clone),6,12,1.3,1.17,0,0,False,2,1,0.5
2026-03-06_18.03.57,44,sign-optimization-horizontal-vertical_scenario,612,306,3,-5,-6,90,90,15,1,25171,AdultMaleAgent(Clone),6,12,1.71,1.58,0,0,False,2,1,0.5
2026-03-06_18.03.57,44,sign-optimization-horizontal-vertical_scenario,612,306,3,-5,-6,90,90,15,1,25172,AdultMaleAgent(Clone),7,11,1.71,1.58,9.025879,1,True,2,1,0.5
2026-03-06_18.03.57,44,sign-optimization-horizontal-vertical_scenario,612,306,3,-5,-6,90,90,15,1,25173,WheelchairAgent(Clone),7,11,1.3,1.17,8.751709,1,True,2,1,0.5
2026-03-06_18.03.57,44,sign-optimization-horizontal-vertical_scenario,612,306,3,-5,-6,90,90,15,1,25174,AdultMaleAgent(Clone),5,10,1.71,1.58,8.101807,1,True,2,1,0.5
2026-03-06_18.03.57,44,sign-optimization-horizontal-vertical_scenario,612,306,3,-5,-6,90,90,15,1,25175,AdultFemaleAgent(Clone),5,10,1.58,1.45,5.840576,1,True,2,1,0.5
2026-03-06_18.03.57,44,sign-optimization-horizontal-vertical_scenario,612,306,3,-5,-6,90,90,15,1,25176,AdultFemaleAgent(Clone),10,12,1.58,1.45,0,0,False,3,0,0
2026-03-06_18.03.57,44,sign-optimization-horizontal-vertical_scenario,612,306,3,-5,-6,90,90,15,1,25177,AdultFemaleAgent(Clone),10,12,1.58,1.45,0,0,False,3,0,0
2026-03-06_18.03.57,44,sign-optimization-horizontal-vertical_scenario,612,306,3,-5,-6,90,90,15,1,25178,WheelchairAgent(Clone),7,11,1.3,1.17,9.414063,1,True,2,1,0.5
2026-03-06_18.03.57,44,sign-optimization-horizontal-vertical_scenario,612,306,3,-5,-6,90,90,15,1,25179,WheelchairAgent(Clone),6,12,1.3,1.17,0,0,False,2,0,0
2026-03-06_18.03.57,44,sign-optimization-horizontal-vertical_scenario,612,306,3,-5,-6,90,90,15,1,25180,AdultFemaleAgent(Clone),5,10,1.58,1.45,7.529053,1,True,2,1,0.5
2026-03-06_18.03.57,44,sign-optimization-horizontal-vertical_scenario,612,306,3,-5,-6,90,90,15,1,25181,AdultMaleAgent(Clone),11,10,1.71,1.58,0,0,False,3,0,0
2026-03-06_18.03.57,44,sign-optimization-horizontal-vertical_scenario,612,306,3,-5,-6,90,90,15,1,25182,AdultFemaleAgent(Clone),11,10,1.58,1.450001,0,0,False,3,0,0
2026-03-06_18.03.57,44,sign-optimization-horizontal-vertical_scenario,612,306,3,-5,-6,90,90,15,1,25183,AdultFemaleAgent(Clone),11,10,1.58,1.450001,1.387451,1,False,3,1,0.3333333
2026-03-06_18.03.57,44,sign-optimization-horizontal-vertical_scenario,612,306,3,-5,-6,90,90,15,1,25184,WheelchairAgent(Clone),7,11,1.3,1.17,8.772949,1,True,2,1,0.5
2026-03-06_18.03.57,44,sign-optimization-horizontal-vertical_scenario,612,306,3,-5,-6,90,90,15,1,25185,AdultMaleAgent(Clone),11,10,1.71,1.58,0,0,False,3,0,0
2026-03-06_18.03.57,44,sign-optimization-horizontal-vertical_scenario,612,306,3,-5,-6,90,90,15,1,25186,AdultMaleAgent(Clone),11,10,1.71,1.58,0,0,False,3,0,0
2026-03-06_18.03.57,44,sign-optimization-horizontal-vertical_scenario,612,306,3,-5,-6,90,90,15,1,25187,AdultFemaleAgent(Clone),6,12,1.58,1.45,0,0,False,2,1,0.5
2026-03-06_18.03.57,44,sign-optimization-horizontal-vertical_scenario,612,306,3,-5,-6,90,90,15,1,25188,AdultMaleAgent(Clone),5,10,1.71,1.58,8.730225,1,True,2,1,0.5
2026-03-06_18.03.57,44,sign-optimization-horizontal-vertical_scenario,612,306,3,-5,-6,90,90,15,1,25189,AdultFemaleAgent(Clone),5,10,1.58,1.45,6.185547,1,True,2,1,0.5
2026-03-06_18.03.57,44,sign-optimization-horizontal-vertical_scenario,612,306,3,-5,-6,90,90,15,1,25190,AdultFemaleAgent(Clone),10,12,1.58,1.45,0,0,False,3,0,0
2026-03-06_18.03.57,44,sign-optimization-horizontal-vertical_scenario,612,306,3,-5,-6,90,90,15,1,25191,AdultFemaleAgent(Clone),6,12,1.58,1.45,0,0,True,2,1,0.5
2026-03-06_18.03.57,44,sign-optimization-horizontal-vertical_scenario,612,306,3,-5,-6,90,90,15,1,25192,WheelchairAgent(Clone),10,12,1.3,1.17,0,0,False,3,0,0
2026-03-06_18.03.57,44,sign-optimization-horizontal-vertical_scenario,612,306,3,-5,-6,90,90,15,1,25193,WheelchairAgent(Clone),11,10,1.3,1.17,2.395508,1,False,3,0,0
2026-03-06_18.03.57,44,sign-optimization-horizontal-vertical_scenario,612,306,3,-5,-6,90,90,15,1,25194,WheelchairAgent(Clone),7,11,1.3,1.17,8.612793,1,True,2,1,0.5
2026-03-06_18.03.57,44,sign-optimization-horizontal-vertical_scenario,612,306,3,-5,-6,90,90,15,1,25195,WheelchairAgent(Clone),5,10,1.3,1.17,7.73999,1,True,2,1,0.5
2026-03-06_18.03.57,44,sign-optimization-horizontal-vertical_scenario,612,306,3,-5,-6,90,90,15,1,25196,WheelchairAgent(Clone),11,10,1.3,1.17,0,0,False,3,0,0
2026-03-06_18.03.57,44,sign-optimization-horizontal-vertical_scenario,612,306,3,-5,-6,90,90,15,1,25197,WheelchairAgent(Clone),6,12,1.3,1.17,0,0,False,2,0,0
2026-03-06_18.03.57,44,sign-optimization-horizontal-vertical_scenario,612,306,3,-5,-6,90,90,15,1,25198,AdultFemaleAgent(Clone),7,11,1.58,1.450001,10.40186,1,True,2,1,0.5
2026-03-06_18.03.57,44,sign-optimization-horizontal-vertical_scenario,612,306,3,-5,-6,90,90,15,1,25199,WheelchairAgent(Clone),5,10,1.3,1.17,10.12183,1,False,2,1,0.5
2026-03-06_18.03.57,44,sign-optimization-horizontal-vertical_scenario,612,306,3,-5,-6,90,90,15,1,25200,WheelchairAgent(Clone),11,10,1.3,1.17,0,0,False,3,0,0
2026-03-06_18.03.57,44,sign-optimization-horizontal-vertical_scenario,612,306,3,-5,-6,90,90,15,1,25201,WheelchairAgent(Clone),10,12,1.3,1.17,0,0,False,3,2,0.6666667
2026-03-06_18.03.57,44,sign-optimization-horizontal-vertical_scenario,612,306,3,-5,-6,90,90,15,1,25202,AdultMaleAgent(Clone),10,12,1.71,1.58,0,0,False,3,0,0
2026-03-06_18.03.57,44,sign-optimization-horizontal-vertical_scenario,612,306,3,-5,-6,90,90,15,1,25203,WheelchairAgent(Clone),10,12,1.3,1.17,0,0,False,3,0,0
2026-03-06_18.03.57,44,sign-optimization-horizontal-vertical_scenario,612,306,3,-5,-6,90,90,15,1,25204,AdultFemaleAgent(Clone),6,12,1.58,1.45,0,0,False,2,1,0.5
2026-03-06_18.03.57,44,sign-optimization-horizontal-vertical_scenario,612,306,3,-5,-6,90,90,15,1,25205,WheelchairAgent(Clone),11,10,1.3,1.17,0,0,False,3,0,0
2026-03-06_18.03.57,44,sign-optimization-horizontal-vertical_scenario,612,306,3,-5,-6,90,90,15,1,25206,AdultMaleAgent(Clone),5,10,1.71,1.58,7.325439,1,True,2,1,0.5
2026-03-06_18.03.57,44,sign-optimization-horizontal-vertical_scenario,612,306,3,-5,-6,90,90,15,1,25207,AdultFemaleAgent(Clone),6,12,1.58,1.45,0,0,False,2,0,0
2026-03-06_18.03.57,44,sign-optimization-horizontal-vertical_scenario,612,306,3,-5,-6,90,90,15,1,25208,AdultMaleAgent(Clone),10,12,1.71,1.58,0,0,False,3,0,0
2026-03-06_18.03.57,44,sign-optimization-horizontal-vertical_scenario,612,306,3,-5,-6,90,90,15,1,25209,AdultMaleAgent(Clone),5,10,1.71,1.58,7.932861,1,True,2,1,0.5
2026-03-06_18.03.57,44,sign-optimization-horizontal-vertical_scenario,612,306,3,-5,-6,90,90,15,1,25210,AdultMaleAgent(Clone),6,12,1.71,1.58,0,0,False,2,0,0
2026-03-06_18.03.57,44,sign-optimization-horizontal-vertical_scenario,612,306,3,-5,-6,90,90,15,1,25211,WheelchairAgent(Clone),7,11,1.3,1.17,7.86377,1,True,2,1,0.5
2026-03-06_18.03.57,44,sign-optimization-horizontal-vertical_scenario,612,306,3,-5,-6,90,90,15,1,25212,AdultFemaleAgent(Clone),5,10,1.58,1.45,7.546875,1,True,2,1,0.5
2026-03-06_18.03.57,44,sign-optimization-horizontal-vertical_scenario,612,306,3,-5,-6,90,90,15,1,25213,WheelchairAgent(Clone),5,10,1.3,1.17,7.012451,1,True,2,1,0.5
2026-03-06_18.03.57,44,sign-optimization-horizontal-vertical_scenario,612,306,3,-5,-6,90,90,15,1,25214,WheelchairAgent(Clone),6,12,1.3,1.17,0,0,False,2,0,0
2026-03-06_18.03.57,44,sign-optimization-horizontal-vertical_scenario,612,306,3,-5,-6,90,90,15,1,25215,WheelchairAgent(Clone),7,11,1.3,1.17,9.074707,1,True,2,1,0.5
2026-03-06_18.03.57,44,sign-optimization-horizontal-vertical_scenario,612,306,3,-5,-6,90,90,15,1,25216,AdultFemaleAgent(Clone),6,12,1.58,1.45,0,0,True,2,1,0.5
2026-03-06_18.03.57,44,sign-optimization-horizontal-vertical_scenario,612,306,3,-5,-6,90,90,15,1,25217,WheelchairAgent(Clone),5,10,1.3,1.17,5.437012,1,True,2,1,0.5
2026-03-06_18.03.57,44,sign-optimization-horizontal-vertical_scenario,612,306,3,-5,-6,90,90,15,1,25218,AdultMaleAgent(Clone),11,10,1.71,1.58,0,0,False,3,0,0
2026-03-06_18.03.57,44,sign-optimization-horizontal-vertical_scenario,612,306,3,-5,-6,90,90,15,1,25219,WheelchairAgent(Clone),7,11,1.3,1.17,8.802002,1,True,2,1,0.5
2026-03-06_18.03.57,44,sign-optimization-horizontal-vertical_scenario,612,306,3,-5,-6,90,90,15,1,25220,AdultFemaleAgent(Clone),10,12,1.58,1.45,0,0,False,3,0,0
2026-03-06_18.03.57,44,sign-optimization-horizontal-vertical_scenario,612,306,3,-5,-6,90,90,15,1,25221,AdultFemaleAgent(Clone),5,10,1.58,1.45,8.357422,1,True,2,1,0.5
2026-03-06_18.03.57,44,sign-optimization-horizontal-vertical_scenario,612,306,3,-5,-6,90,90,15,1,25222,WheelchairAgent(Clone),10,12,1.3,1.17,0,0,False,3,0,0
2026-03-06_18.03.57,44,sign-optimization-horizontal-vertical_scenario,612,306,3,-5,-6,90,90,15,1,25223,AdultFemaleAgent(Clone),7,11,1.58,1.450001,7.869141,1,True,2,1,0.5
2026-03-06_18.03.57,44,sign-optimization-horizontal-vertical_scenario,612,306,3,-5,-6,90,90,15,1,25224,AdultFemaleAgent(Clone),7,11,1.58,1.450001,9.367676,1,True,2,1,0.5
2026-03-06_18.03.57,44,sign-optimization-horizontal-vertical_scenario,612,306,3,-5,-6,90,90,15,1,25225,AdultMaleAgent(Clone),11,10,1.71,1.58,0,0,False,3,0,0
2026-03-06_18.03.57,44,sign-optimization-horizontal-vertical_scenario,612,306,3,-5,-6,90,90,15,1,25226,AdultMaleAgent(Clone),10,12,1.71,1.58,0,0,False,3,0,0
2026-03-06_18.03.57,44,sign-optimization-horizontal-vertical_scenario,612,306,3,-5,-6,90,90,15,1,25227,AdultFemaleAgent(Clone),11,10,1.58,1.450001,0.276123,1,False,3,0,0
2026-03-06_18.03.57,44,sign-optimization-horizontal-vertical_scenario,612,306,3,-5,-6,90,90,15,1,25228,AdultFemaleAgent(Clone),5,10,1.58,1.45,0,0,True,2,1,0.5
2026-03-06_18.03.57,44,sign-optimization-horizontal-vertical_scenario,612,306,3,-5,-6,90,90,15,1,25229,AdultMaleAgent(Clone),6,12,1.71,1.58,0,0,False,2,0,0
2026-03-06_18.03.57,44,sign-optimization-horizontal-vertical_scenario,612,306,3,-5,-6,90,90,15,1,25230,AdultFemaleAgent(Clone),6,12,1.58,1.45,0,0,False,2,0,0
2026-03-06_18.03.57,44,sign-optimization-horizontal-vertical_scenario,612,306,3,-5,-6,90,90,15,1,25231,AdultMaleAgent(Clone),11,10,1.71,1.58,0,0,False,3,1,0.3333333
2026-03-06_18.03.57,44,sign-optimization-horizontal-vertical_scenario,612,306,3,-5,-6,90,90,15,1,25232,AdultFemaleAgent(Clone),5,10,1.58,1.45,0,0,True,2,1,0.5
2026-03-06_18.03.57,44,sign-optimization-horizontal-vertical_scenario,612,306,3,-5,-6,90,90,15,1,25233,WheelchairAgent(Clone),6,12,1.3,1.17,0,0,False,2,0,0
2026-03-06_18.03.57,44,sign-optimization-horizontal-vertical_scenario,612,306,3,-5,-6,90,90,15,1,25234,WheelchairAgent(Clone),7,11,1.3,1.17,9.149414,1,True,2,1,0.5
2026-03-06_18.03.57,44,sign-optimization-horizontal-vertical_scenario,612,306,3,-5,-6,90,90,15,1,25235,WheelchairAgent(Clone),6,12,1.3,1.17,0,0,False,2,0,0
2026-03-06_18.03.57,44,sign-optimization-horizontal-vertical_scenario,612,306,3,-5,-6,90,90,15,1,25236,AdultMaleAgent(Clone),11,10,1.71,1.58,0,0,False,3,0,0
2026-03-06_18.03.57,44,sign-optimization-horizontal-vertical_scenario,612,306,3,-5,-6,90,90,15,1,25237,WheelchairAgent(Clone),10,12,1.3,1.17,0,0,False,3,0,0
2026-03-06_18.03.57,44,sign-optimization-horizontal-vertical_scenario,612,306,3,-5,-6,90,90,15,1,25238,AdultFemaleAgent(Clone),5,10,1.58,1.45,0,0,True,2,1,0.5
2026-03-06_18.03.57,44,sign-optimization-horizontal-vertical_scenario,612,306,3,-5,-6,90,90,15,1,25239,WheelchairAgent(Clone),6,12,1.3,1.17,0,0,False,2,0,0
2026-03-06_18.03.57,44,sign-optimization-horizontal-vertical_scenario,612,306,3,-5,-6,90,90,15,1,25240,AdultFemaleAgent(Clone),6,12,1.58,1.45,0,0,False,2,0,0
2026-03-06_18.03.57,44,sign-optimization-horizontal-vertical_scenario,612,306,3,-5,-6,90,90,15,1,25241,WheelchairAgent(Clone),10,12,1.3,1.17,0,0,False,3,0,0
2026-03-06_18.03.57,44,sign-optimization-horizontal-vertical_scenario,612,306,3,-5,-6,90,90,15,1,25242,AdultFemaleAgent(Clone),5,10,1.58,1.45,0,0,True,2,1,0.5
2026-03-06_18.03.57,44,sign-optimization-horizontal-vertical_scenario,612,306,3,-5,-6,90,90,15,1,25243,AdultMaleAgent(Clone),11,10,1.71,1.58,0,0,False,3,0,0
2026-03-06_18.03.57,44,sign-optimization-horizontal-vertical_scenario,612,306,3,-5,-6,90,90,15,1,25244,AdultFemaleAgent(Clone),11,10,1.58,1.450001,0,0,False,3,0,0
2026-03-06_18.03.57,44,sign-optimization-horizontal-vertical_scenario,612,306,3,-5,-6,90,90,15,1,25245,AdultMaleAgent(Clone),10,12,1.71,1.58,0,0,False,3,0,0
2026-03-06_18.03.57,44,sign-optimization-horizontal-vertical_scenario,612,306,3,-5,-6,90,90,15,1,25246,AdultMaleAgent(Clone),7,11,1.71,1.58,9.201904,1,True,2,1,0.5
2026-03-06_18.03.57,44,sign-optimization-horizontal-vertical_scenario,612,306,3,-5,-6,90,90,15,1,25247,AdultFemaleAgent(Clone),6,12,1.58,1.45,0,0,False,2,0,0
2026-03-06_18.03.57,44,sign-optimization-horizontal-vertical_scenario,612,306,3,-5,-6,90,90,15,1,25248,WheelchairAgent(Clone),7,11,1.3,1.17,7.851807,1,True,2,1,0.5
2026-03-06_18.03.57,44,sign-optimization-horizontal-vertical_scenario,612,306,3,-5,-6,90,90,15,1,25249,AdultFemaleAgent(Clone),10,12,1.58,1.45,0,0,False,3,0,0
2026-03-06_18.03.57,44,sign-optimization-horizontal-vertical_scenario,612,306,3,-5,-6,90,90,15,1,25250,AdultMaleAgent(Clone),5,10,1.71,1.58,0,0,True,2,1,0.5
2026-03-06_18.03.57,44,sign-optimization-horizontal-vertical_scenario,612,306,3,-5,-6,90,90,15,1,25251,WheelchairAgent(Clone),11,10,1.3,1.17,0,0,False,3,0,0
2026-03-06_18.03.57,44,sign-optimization-horizontal-vertical_scenario,612,306,3,-5,-6,90,90,15,1,25252,AdultFemaleAgent(Clone),7,11,1.58,1.450001,0,0,True,2,1,0.5
2026-03-06_18.03.57,44,sign-optimization-horizontal-vertical_scenario,612,306,3,-5,-6,90,90,15,1,25253,AdultMaleAgent(Clone),7,11,1.71,1.58,0,0,True,2,1,0.5
2026-03-06_18.03.57,44,sign-optimization-horizontal-vertical_scenario,612,306,3,-5,-6,90,90,15,1,25254,AdultMaleAgent(Clone),6,12,1.71,1.58,0,0,False,2,0,0
2026-03-06_18.03.57,44,sign-optimization-horizontal-vertical_scenario,612,306,3,-5,-6,90,90,15,1,25255,AdultFemaleAgent(Clone),11,10,1.58,1.450001,0,0,False,3,0,0
2026-03-06_18.03.57,44,sign-optimization-horizontal-vertical_scenario,612,306,3,-5,-6,90,90,15,1,25256,AdultFemaleAgent(Clone),6,12,1.58,1.45,0,0,False,2,0,0
2026-03-06_18.03.57,44,sign-optimization-horizontal-vertical_scenario,612,306,3,-5,-6,90,90,15,1,25257,AdultFemaleAgent(Clone),5,10,1.58,1.45,0,0,True,2,1,0.5
2026-03-06_18.03.57,44,sign-optimization-horizontal-vertical_scenario,612,306,3,-5,-6,90,90,15,1,25258,WheelchairAgent(Clone),7,11,1.3,1.17,0,0,True,2,1,0.5
2026-03-06_18.03.57,44,sign-optimization-horizontal-vertical_scenario,612,306,3,-5,-6,90,90,15,1,25259,WheelchairAgent(Clone),11,10,1.3,1.17,0,0,False,3,0,0
2026-03-06_18.03.57,44,sign-optimization-horizontal-vertical_scenario,612,306,3,-5,-6,90,90,15,1,25260,AdultMaleAgent(Clone),7,11,1.71,1.58,0,0,True,2,1,0.5
2026-03-06_18.03.57,44,sign-optimization-horizontal-vertical_scenario,612,306,3,-5,-6,90,90,15,1,25261,AdultMaleAgent(Clone),11,10,1.71,1.58,0,0,False,3,0,0
2026-03-06_18.03.57,44,sign-optimization-horizontal-vertical_scenario,612,306,3,-5,-6,90,90,15,1,25262,AdultFemaleAgent(Clone),5,10,1.58,1.45,0,0,True,2,1,0.5
2026-03-06_18.03.57,44,sign-optimization-horizontal-vertical_scenario,612,306,3,-5,-6,90,90,15,1,25263,AdultFemaleAgent(Clone),6,12,1.58,1.45,0,0,False,2,0,0
2026-03-06_18.03.57,44,sign-optimization-horizontal-vertical_scenario,612,306,3,-5,-6,90,90,15,1,25264,AdultFemaleAgent(Clone),5,10,1.58,1.45,0,0,True,2,1,0.5
2026-03-06_18.03.57,44,sign-optimization-horizontal-vertical_scenario,612,306,3,-5,-6,90,90,15,1,25265,AdultMaleAgent(Clone),5,10,1.71,1.58,0,0,True,2,1,0.5
2026-03-06_18.03.57,44,sign-optimization-horizontal-vertical_scenario,612,306,3,-5,-6,90,90,15,1,25266,WheelchairAgent(Clone),11,10,1.3,1.17,0,0,False,3,0,0
2026-03-06_18.03.57,44,sign-optimization-horizontal-vertical_scenario,612,306,3,-5,-6,90,90,15,1,25267,AdultFemaleAgent(Clone),5,10,1.58,1.45,0,0,True,2,1,0.5
2026-03-06_18.03.57,44,sign-optimization-horizontal-vertical_scenario,612,306,3,-5,-6,90,90,15,1,25268,WheelchairAgent(Clone),10,12,1.3,1.17,0,0,False,3,0,0
2026-03-06_18.03.57,44,sign-optimization-horizontal-vertical_scenario,612,306,3,-5,-6,90,90,15,1,25269,WheelchairAgent(Clone),11,10,1.3,1.17,0,0,False,3,0,0
2026-03-06_18.03.57,44,sign-optimization-horizontal-vertical_scenario,612,306,3,-5,-6,90,90,15,1,25270,WheelchairAgent(Clone),6,12,1.3,1.17,0,0,False,2,0,0
2026-03-06_18.03.57,44,sign-optimization-horizontal-vertical_scenario,612,306,3,-5,-6,90,90,15,1,25271,WheelchairAgent(Clone),7,11,1.3,1.17,0,0,True,2,1,0.5
2026-03-06_18.03.57,44,sign-optimization-horizontal-vertical_scenario,612,306,3,-5,-6,90,90,15,1,25272,AdultFemaleAgent(Clone),7,11,1.58,1.450001,0,0,True,2,1,0.5
2026-03-06_18.03.57,44,sign-optimization-horizontal-vertical_scenario,612,306,3,-5,-6,90,90,15,1,25273,AdultMaleAgent(Clone),6,12,1.71,1.58,0,0,False,2,0,0
2026-03-06_18.03.57,44,sign-optimization-horizontal-vertical_scenario,612,306,3,-5,-6,90,90,15,1,25274,AdultMaleAgent(Clone),6,12,1.71,1.58,0,0,False,2,0,0
2026-03-06_18.03.57,44,sign-optimization-horizontal-vertical_scenario,612,306,3,-5,-6,90,90,15,1,25275,AdultFemaleAgent(Clone),7,11,1.58,1.450001,0,0,True,2,1,0.5
2026-03-06_18.03.57,44,sign-optimization-horizontal-vertical_scenario,612,306,3,-5,-6,90,90,15,1,25276,WheelchairAgent(Clone),10,12,1.3,1.17,0,0,False,3,0,0
2026-03-06_18.03.57,44,sign-optimization-horizontal-vertical_scenario,612,306,3,-5,-6,90,90,15,1,25277,AdultFemaleAgent(Clone),10,12,1.58,1.45,0,0,False,3,0,0
2026-03-06_18.03.57,44,sign-optimization-horizontal-vertical_scenario,612,306,3,-5,-6,90,90,15,1,25278,AdultMaleAgent(Clone),10,12,1.71,1.58,0,0,False,3,0,0
2026-03-06_18.03.57,44,sign-optimization-horizontal-vertical_scenario,612,306,3,-5,-6,90,90,15,1,25279,WheelchairAgent(Clone),11,10,1.3,1.17,0,0,False,3,0,0
2026-03-06_18.03.57,44,sign-optimization-horizontal-vertical_scenario,612,306,3,-5,-6,90,90,15,1,25280,WheelchairAgent(Clone),10,12,1.3,1.17,0,0,False,3,0,0
2026-03-06_18.03.57,44,sign-optimization-horizontal-vertical_scenario,612,306,3,-5,-6,90,90,15,1,25281,AdultMaleAgent(Clone),6,12,1.71,1.58,0,0,False,2,0,0
2026-03-06_18.03.57,44,sign-optimization-horizontal-vertical_scenario,612,306,3,-5,-6,90,90,15,1,25282,AdultMaleAgent(Clone),11,10,1.71,1.58,0,0,False,3,0,0
2026-03-06_18.03.57,44,sign-optimization-horizontal-vertical_scenario,612,306,3,-5,-6,90,90,15,1,25283,AdultMaleAgent(Clone),7,11,1.71,1.58,0,0,True,2,1,0.5
2026-03-06_18.03.57,44,sign-optimization-horizontal-vertical_scenario,612,306,3,-5,-6,90,90,15,1,25284,WheelchairAgent(Clone),7,11,1.3,1.17,0,0,True,2,1,0.5
2026-03-06_18.03.57,44,sign-optimization-horizontal-vertical_scenario,612,306,3,-5,-6,90,90,15,1,25285,AdultMaleAgent(Clone),5,10,1.71,1.58,0,0,True,2,1,0.5
2026-03-06_18.03.57,44,sign-optimization-horizontal-vertical_scenario,612,306,3,-5,-6,90,90,15,1,25286,AdultMaleAgent(Clone),10,12,1.71,1.58,0,0,False,3,0,0
2026-03-06_18.03.57,44,sign-optimization-horizontal-vertical_scenario,612,306,3,-5,-6,90,90,15,1,25287,WheelchairAgent(Clone),10,12,1.3,1.17,0,0,False,3,0,0
2026-03-06_18.03.57,44,sign-optimization-horizontal-vertical_scenario,612,306,3,-5,-6,90,90,15,1,25288,AdultMaleAgent(Clone),5,10,1.71,1.58,0,0,True,2,1,0.5
2026-03-06_18.03.57,44,sign-optimization-horizontal-vertical_scenario,612,306,3,-5,-6,90,90,15,1,25289,AdultFemaleAgent(Clone),5,10,1.58,1.45,0,0,True,2,1,0.5
2026-03-06_18.03.57,44,sign-optimization-horizontal-vertical_scenario,612,306,3,-5,-6,90,90,15,1,25290,AdultFemaleAgent(Clone),5,10,1.58,1.45,0,0,True,2,1,0.5
2026-03-06_18.03.57,44,sign-optimization-horizontal-vertical_scenario,612,306,3,-5,-6,90,90,15,1,25291,WheelchairAgent(Clone),7,11,1.3,1.17,0,0,True,2,1,0.5
2026-03-06_18.03.57,44,sign-optimization-horizontal-vertical_scenario,612,306,3,-5,-6,90,90,15,1,25292,AdultMaleAgent(Clone),11,10,1.71,1.58,0,0,False,3,0,0
2026-03-06_18.03.57,44,sign-optimization-horizontal-vertical_scenario,612,306,3,-5,-6,90,90,15,1,25293,WheelchairAgent(Clone),11,10,1.3,1.17,0,0,False,3,0,0
2026-03-06_18.03.57,44,sign-optimization-horizontal-vertical_scenario,612,306,3,-5,-6,90,90,15,1,25294,WheelchairAgent(Clone),11,10,1.3,1.17,0,0,False,3,0,0
2026-03-06_18.03.57,44,sign-optimization-horizontal-vertical_scenario,612,306,3,-5,-6,90,90,15,1,25295,AdultFemaleAgent(Clone),5,10,1.58,1.45,0,0,False,2,0,0
2026-03-06_18.03.57,44,sign-optimization-horizontal-vertical_scenario,612,306,3,-5,-6,90,90,15,1,25296,AdultMaleAgent(Clone),11,10,1.71,1.58,0,0,False,3,0,0
2026-03-06_18.03.57,44,sign-optimization-horizontal-vertical_scenario,612,306,3,-5,-6,90,90,15,1,25297,AdultMaleAgent(Clone),10,12,1.71,1.58,0,0,False,3,0,0
2026-03-06_18.03.57,44,sign-optimization-horizontal-vertical_scenario,612,306,3,-5,-6,90,90,15,1,25298,AdultMaleAgent(Clone),11,10,1.71,1.58,0,0,False,3,0,0
2026-03-06_18.03.57,44,sign-optimization-horizontal-vertical_scenario,612,306,3,-5,-6,90,90,15,1,25299,WheelchairAgent(Clone),11,10,1.3,1.17,0,0,False,3,0,0
2026-03-06_18.03.57,44,sign-optimization-horizontal-vertical_scenario,612,306,3,-5,-6,90,90,15,1,25300,AdultMaleAgent(Clone),6,12,1.71,1.58,0,0,False,2,0,0
2026-03-06_18.03.57,44,sign-optimization-horizontal-vertical_scenario,612,306,3,-5,-6,90,90,15,1,25301,AdultMaleAgent(Clone),10,12,1.71,1.58,0,0,False,3,0,0
2026-03-06_18.03.57,44,sign-optimization-horizontal-vertical_scenario,612,306,3,-5,-6,90,90,15,1,25302,AdultMaleAgent(Clone),5,10,1.71,1.58,0,0,False,2,1,0.5
2026-03-06_18.03.57,44,sign-optimization-horizontal-vertical_scenario,612,306,3,-5,-6,90,90,15,1,25303,WheelchairAgent(Clone),10,12,1.3,1.17,0,0,False,3,0,0
2026-03-06_18.03.57,44,sign-optimization-horizontal-vertical_scenario,612,306,3,-5,-6,90,90,15,1,25304,AdultFemaleAgent(Clone),7,11,1.58,1.450001,0,0,True,2,1,0.5
2026-03-06_18.03.57,44,sign-optimization-horizontal-vertical_scenario,612,306,3,-5,-6,90,90,15,1,25305,AdultFemaleAgent(Clone),6,12,1.58,1.45,0,0,False,2,0,0
2026-03-06_18.03.57,44,sign-optimization-horizontal-vertical_scenario,612,306,3,-5,-6,90,90,15,1,25306,AdultFemaleAgent(Clone),7,11,1.58,1.450001,0,0,True,2,1,0.5
2026-03-06_18.03.57,44,sign-optimization-horizontal-vertical_scenario,612,306,3,-5,-6,90,90,15,1,25307,AdultMaleAgent(Clone),6,12,1.71,1.58,0,0,False,2,0,0
2026-03-06_18.03.57,44,sign-optimization-horizontal-vertical_scenario,612,306,3,-5,-6,90,90,15,1,25308,AdultMaleAgent(Clone),10,12,1.71,1.58,0,0,False,3,0,0
2026-03-06_18.03.57,44,sign-optimization-horizontal-vertical_scenario,612,306,3,-5,-6,90,90,15,1,25309,WheelchairAgent(Clone),7,11,1.3,1.17,0,0,True,2,1,0.5
2026-03-06_18.03.57,44,sign-optimization-horizontal-vertical_scenario,612,306,3,-5,-6,90,90,15,1,25310,WheelchairAgent(Clone),11,10,1.3,1.17,0,0,False,3,0,0
2026-03-06_18.03.57,44,sign-optimization-horizontal-vertical_scenario,612,306,3,-5,-6,90,90,15,1,25311,WheelchairAgent(Clone),10,12,1.3,1.17,0,0,False,3,0,0
2026-03-06_18.03.57,44,sign-optimization-horizontal-vertical_scenario,612,306,3,-5,-6,90,90,15,1,25312,WheelchairAgent(Clone),7,11,1.3,1.17,0,0,False,2,0,0
2026-03-06_18.03.57,44,sign-optimization-horizontal-vertical_scenario,612,306,3,-5,-6,90,90,15,1,25313,AdultFemaleAgent(Clone),10,12,1.58,1.45,0,0,False,3,0,0
2026-03-06_18.03.57,44,sign-optimization-horizontal-vertical_scenario,612,306,3,-5,-6,90,90,15,1,25314,AdultMaleAgent(Clone),5,10,1.71,1.58,0,0,False,2,0,0
2026-03-06_18.03.57,44,sign-optimization-horizontal-vertical_scenario,612,306,3,-5,-6,90,90,15,1,25315,AdultMaleAgent(Clone),11,10,1.71,1.58,0,0,False,3,0,0
2026-03-06_18.03.57,44,sign-optimization-horizontal-vertical_scenario,612,306,3,-5,-6,90,90,15,1,25316,AdultMaleAgent(Clone),6,12,1.71,1.58,0,0,False,2,0,0
2026-03-06_18.03.57,44,sign-optimization-horizontal-vertical_scenario,612,306,3,-5,-6,90,90,15,1,25317,WheelchairAgent(Clone),5,10,1.3,1.17,0,0,False,2,0,0
2026-03-06_18.03.57,44,sign-optimization-horizontal-vertical_scenario,612,306,3,-5,-6,90,90,15,1,25318,AdultFemaleAgent(Clone),6,12,1.58,1.45,0,0,False,2,0,0
2026-03-06_18.03.57,44,sign-optimization-horizontal-vertical_scenario,612,306,3,-5,-6,90,90,15,1,25319,AdultMaleAgent(Clone),5,10,1.71,1.58,0,0,False,2,1,0.5
2026-03-06_18.03.57,44,sign-optimization-horizontal-vertical_scenario,612,306,3,-5,-6,90,90,15,1,25320,AdultFemaleAgent(Clone),10,12,1.58,1.45,0,0,False,3,0,0
2026-03-06_18.03.57,44,sign-optimization-horizontal-vertical_scenario,612,306,3,-5,-6,90,90,15,1,25321,AdultFemaleAgent(Clone),6,12,1.58,1.45,0,0,False,2,0,0
2026-03-06_18.03.57,44,sign-optimization-horizontal-vertical_scenario,612,306,3,-5,-6,90,90,15,1,25322,WheelchairAgent(Clone),7,11,1.3,1.17,0,0,False,2,1,0.5
2026-03-06_18.03.57,44,sign-optimization-horizontal-vertical_scenario,612,306,3,-5,-6,90,90,15,1,25323,AdultMaleAgent(Clone),6,12,1.71,1.58,0,0,False,2,0,0
2026-03-06_18.03.57,44,sign-optimization-horizontal-vertical_scenario,612,306,3,-5,-6,90,90,15,1,25324,WheelchairAgent(Clone),5,10,1.3,1.17,0,0,False,2,0,0
2026-03-06_18.03.57,44,sign-optimization-horizontal-vertical_scenario,612,306,3,-5,-6,90,90,15,1,25325,AdultFemaleAgent(Clone),10,12,1.58,1.45,0,0,False,3,0,0
2026-03-06_18.03.57,44,sign-optimization-horizontal-vertical_scenario,612,306,3,-5,-6,90,90,15,1,25326,WheelchairAgent(Clone),7,11,1.3,1.17,0,0,False,2,1,0.5
2026-03-06_18.03.57,44,sign-optimization-horizontal-vertical_scenario,612,306,3,-5,-6,90,90,15,1,25327,AdultMaleAgent(Clone),10,12,1.71,1.58,0,0,False,3,0,0
2026-03-06_18.03.57,44,sign-optimization-horizontal-vertical_scenario,612,306,3,-5,-6,90,90,15,1,25328,AdultMaleAgent(Clone),7,11,1.71,1.58,0,0,False,2,0,0
2026-03-06_18.03.57,44,sign-optimization-horizontal-vertical_scenario,612,306,3,-5,-6,90,90,15,1,25329,WheelchairAgent(Clone),5,10,1.3,1.17,0,0,False,2,0,0
2026-03-06_18.03.57,44,sign-optimization-horizontal-vertical_scenario,612,306,3,-5,-6,90,90,15,1,25330,WheelchairAgent(Clone),6,12,1.3,1.17,0,0,False,2,0,0
2026-03-06_18.03.57,44,sign-optimization-horizontal-vertical_scenario,612,306,3,-5,-6,90,90,15,1,25331,AdultMaleAgent(Clone),6,12,1.71,1.58,0,0,False,2,0,0
2026-03-06_18.03.57,44,sign-optimization-horizontal-vertical_scenario,612,306,3,-5,-6,90,90,15,1,25332,AdultMaleAgent(Clone),7,11,1.71,1.58,0,0,False,2,0,0
2026-03-06_18.03.57,44,sign-optimization-horizontal-vertical_scenario,612,306,3,-5,-6,90,90,15,1,25333,WheelchairAgent(Clone),5,10,1.3,1.17,0,0,False,2,0,0
2026-03-06_18.03.57,44,sign-optimization-horizontal-vertical_scenario,612,306,3,-5,-6,90,90,15,1,25334,AdultFemaleAgent(Clone),7,11,1.58,1.450001,0,0,False,2,0,0
2026-03-06_18.03.57,44,sign-optimization-horizontal-vertical_scenario,612,306,3,-5,-6,90,90,15,1,25335,AdultMaleAgent(Clone),11,10,1.71,1.58,0,0,False,3,0,0
2026-03-06_18.03.57,44,sign-optimization-horizontal-vertical_scenario,612,306,3,-5,-6,90,90,15,1,25336,WheelchairAgent(Clone),5,10,1.3,1.17,0,0,False,2,0,0
2026-03-06_18.03.57,44,sign-optimization-horizontal-vertical_scenario,612,306,3,-5,-6,90,90,15,1,25337,AdultMaleAgent(Clone),6,12,1.71,1.58,0,0,False,2,0,0
2026-03-06_18.03.57,44,sign-optimization-horizontal-vertical_scenario,612,306,3,-5,-6,90,90,15,1,25338,AdultFemaleAgent(Clone),7,11,1.58,1.450001,0,0,False,2,0,0
2026-03-06_18.03.57,44,sign-optimization-horizontal-vertical_scenario,612,306,3,-5,-6,90,90,15,1,25339,WheelchairAgent(Clone),5,10,1.3,1.17,0,0,False,2,0,0
2026-03-06_18.03.57,44,sign-optimization-horizontal-vertical_scenario,612,306,3,-5,-6,90,90,15,1,25340,WheelchairAgent(Clone),10,12,1.3,1.17,0,0,False,3,0,0
2026-03-06_18.03.57,44,sign-optimization-horizontal-vertical_scenario,612,306,3,-5,-6,90,90,15,1,25341,AdultFemaleAgent(Clone),6,12,1.58,1.45,0,0,False,2,0,0
2026-03-06_18.03.57,44,sign-optimization-horizontal-vertical_scenario,612,306,3,-5,-6,90,90,15,1,25342,AdultMaleAgent(Clone),6,12,1.71,1.58,0,0,False,2,0,0
2026-03-06_18.03.57,44,sign-optimization-horizontal-vertical_scenario,612,306,3,-5,-6,90,90,15,1,25343,WheelchairAgent(Clone),6,12,1.3,1.17,0,0,False,2,0,0
2026-03-06_18.03.57,44,sign-optimization-horizontal-vertical_scenario,612,306,3,-5,-6,90,90,15,1,25344,WheelchairAgent(Clone),6,12,1.3,1.17,0,0,False,2,0,0
2026-03-06_18.03.57,44,sign-optimization-horizontal-vertical_scenario,612,306,3,-5,-6,90,90,15,1,25345,AdultFemaleAgent(Clone),7,11,1.58,1.450001,0,0,False,2,0,0
2026-03-06_18.03.57,44,sign-optimization-horizontal-vertical_scenario,612,306,3,-5,-6,90,90,15,1,25346,AdultMaleAgent(Clone),6,12,1.71,1.58,0,0,False,2,0,0
2026-03-06_18.03.57,44,sign-optimization-horizontal-vertical_scenario,612,306,3,-5,-6,90,90,15,1,25347,AdultMaleAgent(Clone),5,10,1.71,1.58,0,0,False,2,0,0
2026-03-06_18.03.57,44,sign-optimization-horizontal-vertical_scenario,612,306,3,-5,-6,90,90,15,1,25348,WheelchairAgent(Clone),11,10,1.3,1.17,0,0,False,3,0,0
2026-03-06_18.03.57,44,sign-optimization-horizontal-vertical_scenario,612,306,3,-5,-6,90,90,15,1,25349,AdultMaleAgent(Clone),5,10,1.71,1.58,0,0,False,2,0,0
2026-03-06_18.03.57,44,sign-optimization-horizontal-vertical_scenario,612,306,3,-5,-6,90,90,15,1,25350,WheelchairAgent(Clone),5,10,1.3,1.17,0,0,False,2,0,0
2026-03-06_18.03.57,44,sign-optimization-horizontal-vertical_scenario,612,306,3,-5,-6,90,90,15,1,25351,AdultFemaleAgent(Clone),10,12,1.58,1.45,0,0,False,3,0,0
2026-03-06_18.03.57,44,sign-optimization-horizontal-vertical_scenario,612,306,3,-5,-6,90,90,15,1,25352,WheelchairAgent(Clone),11,10,1.3,1.17,0,0,False,3,0,0
2026-03-06_18.03.57,44,sign-optimization-horizontal-vertical_scenario,612,306,3,-5,-6,90,90,15,1,25353,AdultMaleAgent(Clone),7,11,1.71,1.58,0,0,False,2,0,0
2026-03-06_18.03.57,44,sign-optimization-horizontal-vertical_scenario,612,306,3,-5,-6,90,90,15,1,25354,AdultMaleAgent(Clone),11,10,1.71,1.58,0,0,False,3,0,0
2026-03-06_18.03.57,44,sign-optimization-horizontal-vertical_scenario,612,306,3,-5,-6,90,90,15,1,25355,AdultMaleAgent(Clone),10,12,1.71,1.58,0,0,False,3,0,0
2026-03-06_18.03.57,44,sign-optimization-horizontal-vertical_scenario,612,306,3,-5,-6,90,90,15,1,25356,AdultMaleAgent(Clone),11,10,1.71,1.58,0,0,False,3,0,0
2026-03-06_18.03.57,44,sign-optimization-horizontal-vertical_scenario,612,306,3,-5,-6,90,90,15,1,25357,AdultFemaleAgent(Clone),11,10,1.58,1.450001,0,0,False,3,0,0
2026-03-06_18.03.57,44,sign-optimization-horizontal-vertical_scenario,612,306,3,-5,-6,90,90,15,1,25358,AdultMaleAgent(Clone),7,11,1.71,1.58,0,0,False,2,0,0
2026-03-06_18.03.57,44,sign-optimization-horizontal-vertical_scenario,612,306,3,-5,-6,90,90,15,1,25359,AdultFemaleAgent(Clone),11,10,1.58,1.450001,0,0,False,3,0,0
2026-03-06_18.03.57,44,sign-optimization-horizontal-vertical_scenario,612,306,3,-5,-6,90,90,15,1,25360,AdultMaleAgent(Clone),11,10,1.71,1.58,0,0,False,3,0,0
2026-03-06_18.03.57,44,sign-optimization-horizontal-vertical_scenario,612,306,3,-5,-6,90,90,15,1,25361,WheelchairAgent(Clone),5,10,1.3,1.17,0,0,False,2,0,0
2026-03-06_18.03.57,44,sign-optimization-horizontal-vertical_scenario,612,306,3,-5,-6,90,90,15,1,25362,AdultMaleAgent(Clone),10,12,1.71,1.58,0,0,False,3,0,0
2026-03-06_18.03.57,44,sign-optimization-horizontal-vertical_scenario,612,306,3,-5,-6,90,90,15,1,25363,WheelchairAgent(Clone),10,12,1.3,1.17,0,0,False,3,0,0
2026-03-06_18.03.57,44,sign-optimization-horizontal-vertical_scenario,612,306,3,-5,-6,90,90,15,1,25364,WheelchairAgent(Clone),5,10,1.3,1.17,0,0,False,2,0,0
2026-03-06_18.03.57,44,sign-optimization-horizontal-vertical_scenario,612,306,3,-5,-6,90,90,15,1,25365,AdultMaleAgent(Clone),7,11,1.71,1.58,0,0,False,2,0,0
2026-03-06_18.03.57,44,sign-optimization-horizontal-vertical_scenario,612,306,3,-5,-6,90,90,15,1,25366,AdultMaleAgent(Clone),7,11,1.71,1.58,0,0,False,2,0,0
2026-03-06_18.03.57,44,sign-optimization-horizontal-vertical_scenario,612,306,3,-5,-6,90,90,15,1,25367,AdultFemaleAgent(Clone),7,11,1.58,1.450001,0,0,False,2,0,0
2026-03-06_18.03.57,44,sign-optimization-horizontal-vertical_scenario,612,306,3,-5,-6,90,90,15,1,25368,AdultFemaleAgent(Clone),6,12,1.58,1.45,0,0,False,2,0,0
2026-03-06_18.03.57,44,sign-optimization-horizontal-vertical_scenario,612,306,3,-5,-6,90,90,15,1,25369,WheelchairAgent(Clone),11,10,1.3,1.17,0,0,False,3,0,0
2026-03-06_18.03.57,44,sign-optimization-horizontal-vertical_scenario,612,306,3,-5,-6,90,90,15,1,25370,AdultMaleAgent(Clone),10,12,1.71,1.58,0,0,False,3,0,0
2026-03-06_18.03.57,44,sign-optimization-horizontal-vertical_scenario,612,306,3,-5,-6,90,90,15,1,25371,WheelchairAgent(Clone),6,12,1.3,1.17,0,0,False,2,0,0
2026-03-06_18.03.57,44,sign-optimization-horizontal-vertical_scenario,612,306,3,-5,-6,90,90,15,1,25372,AdultFemaleAgent(Clone),6,12,1.58,1.45,0,0,False,2,0,0
2026-03-06_18.03.57,44,sign-optimization-horizontal-vertical_scenario,612,306,3,-5,-6,90,90,15,1,25373,WheelchairAgent(Clone),11,10,1.3,1.17,0,0,False,3,0,0
2026-03-06_18.03.57,44,sign-optimization-horizontal-vertical_scenario,612,306,3,-5,-6,90,90,15,1,25374,AdultFemaleAgent(Clone),5,10,1.58,1.45,0,0,False,2,0,0
2026-03-06_18.03.57,44,sign-optimization-horizontal-vertical_scenario,612,306,3,-5,-6,90,90,15,1,25375,AdultFemaleAgent(Clone),5,10,1.58,1.45,0,0,False,2,0,0
2026-03-06_18.03.57,44,sign-optimization-horizontal-vertical_scenario,612,306,3,-5,-6,90,90,15,1,25376,WheelchairAgent(Clone),11,10,1.3,1.17,0,0,False,3,0,0
2026-03-06_18.03.57,44,sign-optimization-horizontal-vertical_scenario,612,306,3,-5,-6,90,90,15,1,25377,AdultFemaleAgent(Clone),7,11,1.58,1.450001,0,0,False,2,0,0
2026-03-06_18.03.57,44,sign-optimization-horizontal-vertical_scenario,612,306,3,-5,-6,90,90,15,1,25378,WheelchairAgent(Clone),7,11,1.3,1.17,0,0,False,2,0,0
2026-03-06_18.03.57,44,sign-optimization-horizontal-vertical_scenario,612,306,3,-5,-6,90,90,15,1,25379,WheelchairAgent(Clone),7,11,1.3,1.17,0,0,False,2,0,0
2026-03-06_18.03.57,44,sign-optimization-horizontal-vertical_scenario,612,306,3,-5,-6,90,90,15,1,25380,AdultMaleAgent(Clone),11,10,1.71,1.58,0,0,False,3,0,0
2026-03-06_18.03.57,44,sign-optimization-horizontal-vertical_scenario,612,306,3,-5,-6,90,90,15,1,25381,WheelchairAgent(Clone),5,10,1.3,1.17,0,0,False,2,0,0
2026-03-06_18.03.57,44,sign-optimization-horizontal-vertical_scenario,612,306,3,-5,-6,90,90,15,1,25382,AdultFemaleAgent(Clone),11,10,1.58,1.450001,0,0,False,3,0,0
2026-03-06_18.03.57,44,sign-optimization-horizontal-vertical_scenario,612,306,3,-5,-6,90,90,15,1,25383,AdultMaleAgent(Clone),6,12,1.71,1.58,0,0,False,2,0,0
2026-03-06_18.03.57,44,sign-optimization-horizontal-vertical_scenario,612,306,3,-5,-6,90,90,15,1,25384,AdultFemaleAgent(Clone),11,10,1.58,1.450001,0,0,False,3,0,0
2026-03-06_18.03.57,44,sign-optimization-horizontal-vertical_scenario,612,306,3,-5,-6,90,90,15,1,25385,AdultFemaleAgent(Clone),11,10,1.58,1.450001,0,0,False,3,0,0
2026-03-06_18.03.57,44,sign-optimization-horizontal-vertical_scenario,612,306,3,-5,-6,90,90,15,1,25386,AdultMaleAgent(Clone),6,12,1.71,1.58,0,0,False,2,0,0
2026-03-06_18.03.57,44,sign-optimization-horizontal-vertical_scenario,612,306,3,-5,-6,90,90,15,1,25387,AdultMaleAgent(Clone),10,12,1.71,1.58,0,0,False,3,0,0
2026-03-06_18.03.57,44,sign-optimization-horizontal-vertical_scenario,612,306,3,-5,-6,90,90,15,1,25388,AdultMaleAgent(Clone),5,10,1.71,1.58,0,0,False,2,0,0
2026-03-06_18.03.57,44,sign-optimization-horizontal-vertical_scenario,612,306,3,-5,-6,90,90,15,1,25389,AdultFemaleAgent(Clone),11,10,1.58,1.450001,0,0,False,3,0,0
2026-03-06_18.03.57,44,sign-optimization-horizontal-vertical_scenario,612,306,3,-5,-6,90,90,15,1,25390,WheelchairAgent(Clone),6,12,1.3,1.17,0,0,False,2,0,0
2026-03-06_18.03.57,44,sign-optimization-horizontal-vertical_scenario,612,306,3,-5,-6,90,90,15,1,25391,AdultFemaleAgent(Clone),5,10,1.58,1.45,0,0,False,2,0,0
2026-03-06_18.03.57,44,sign-optimization-horizontal-vertical_scenario,612,306,3,-5,-6,90,90,15,1,25392,AdultFemaleAgent(Clone),10,12,1.58,1.45,0,0,False,3,0,0
2026-03-06_18.03.57,44,sign-optimization-horizontal-vertical_scenario,612,306,3,-5,-6,90,90,15,1,25393,AdultMaleAgent(Clone),10,12,1.71,1.58,0,0,False,3,0,0
2026-03-06_18.03.57,44,sign-optimization-horizontal-vertical_scenario,612,306,3,-5,-6,90,90,15,1,25394,WheelchairAgent(Clone),11,10,1.3,1.17,0,0,False,3,0,0
2026-03-06_18.03.57,44,sign-optimization-horizontal-vertical_scenario,612,306,3,-5,-6,90,90,15,1,25395,WheelchairAgent(Clone),10,12,1.3,1.17,0,0,False,3,0,0
