Timestamp,RunIndex,ScenarioID,TotalAgents,VisibleSignCount,SignHeight,SignPositionX,SignPositionZ,SignOrientation,VcaAngle,VcaDistance,SignComprehensionTime,AgentID,AgentType,StartNode,GoalNode,Height,EyeHeight,TimeInVCA,TimesInVCA,SawSign,TotalNodesNavigated,NodesWithDetection,RDEffective
2026-03-06_18.40.58,81,sign-optimization-horizontal-vertical_scenario,617,219,3,-4,-4,90,90,15,1,46195,WheelchairAgent(Clone),6,12,1.3,1.17,6.198242,1,False,2,1,0.5
2026-03-06_18.40.58,81,sign-optimization-horizontal-vertical_scenario,617,219,3,-4,-4,90,90,15,1,46196,AdultFemaleAgent(Clone),6,12,1.58,1.45,7.221191,1,True,2,1,0.5
2026-03-06_18.40.58,81,sign-optimization-horizontal-vertical_scenario,617,219,3,-4,-4,90,90,15,1,46197,AdultMaleAgent(Clone),11,10,1.71,1.58,10.13525,1,False,3,0,0
2026-03-06_18.40.58,81,sign-optimization-horizontal-vertical_scenario,617,219,3,-4,-4,90,90,15,1,46198,WheelchairAgent(Clone),10,12,1.3,1.17,10.3833,1,False,3,1,0.3333333
2026-03-06_18.40.58,81,sign-optimization-horizontal-vertical_scenario,617,219,3,-4,-4,90,90,15,1,46199,WheelchairAgent(Clone),10,12,1.3,1.17,9.097656,1,False,3,1,0.3333333
2026-03-06_18.40.58,81,sign-optimization-horizontal-vertical_scenario,617,219,3,-4,-4,90,90,15,1,46200,AdultFemaleAgent(Clone),7,11,1.58,1.450001,8.472168,2,True,2,1,0.5
2026-03-06_18.40.58,81,sign-optimization-horizontal-vertical_scenario,617,219,3,-4,-4,90,90,15,1,46201,AdultFemaleAgent(Clone),6,12,1.58,1.45,7.04248,1,False,2,1,0.5
2026-03-06_18.40.58,81,sign-optimization-horizontal-vertical_scenario,617,219,3,-4,-4,90,90,15,1,46202,AdultMaleAgent(Clone),11,10,1.71,1.58,8.539063,1,False,3,0,0
2026-03-06_18.40.58,81,sign-optimization-horizontal-vertical_scenario,617,219,3,-4,-4,90,90,15,1,46203,AdultFemaleAgent(Clone),7,11,1.58,1.450001,8.291992,2,True,2,1,0.5
2026-03-06_18.40.58,81,sign-optimization-horizontal-vertical_scenario,617,219,3,-4,-4,90,90,15,1,46204,AdultFemaleAgent(Clone),5,10,1.58,1.45,9.991211,1,True,2,1,0.5
2026-03-06_18.40.58,81,sign-optimization-horizontal-vertical_scenario,617,219,3,-4,-4,90,90,15,1,46205,AdultMaleAgent(Clone),7,11,1.71,1.58,10.09961,2,True,2,1,0.5
2026-03-06_18.40.58,81,sign-optimization-horizontal-vertical_scenario,617,219,3,-4,-4,90,90,15,1,46206,AdultFemaleAgent(Clone),10,12,1.58,1.45,9.664551,1,False,3,0,0
2026-03-06_18.40.58,81,sign-optimization-horizontal-vertical_scenario,617,219,3,-4,-4,90,90,15,1,46207,WheelchairAgent(Clone),5,10,1.3,1.17,8.602539,1,True,2,1,0.5
2026-03-06_18.40.58,81,sign-optimization-horizontal-vertical_scenario,617,219,3,-4,-4,90,90,15,1,46208,AdultFemaleAgent(Clone),6,12,1.58,1.45,4.259766,1,False,2,1,0.5
2026-03-06_18.40.58,81,sign-optimization-horizontal-vertical_scenario,617,219,3,-4,-4,90,90,15,1,46209,AdultFemaleAgent(Clone),6,12,1.58,1.45,9.416992,1,True,2,1,0.5
2026-03-06_18.40.58,81,sign-optimization-horizontal-vertical_scenario,617,219,3,-4,-4,90,90,15,1,46210,AdultMaleAgent(Clone),11,10,1.71,1.58,9.827637,1,True,3,1,0.3333333
2026-03-06_18.40.58,81,sign-optimization-horizontal-vertical_scenario,617,219,3,-4,-4,90,90,15,1,46211,AdultFemaleAgent(Clone),10,12,1.58,1.45,11.29932,1,True,3,1,0.3333333
2026-03-06_18.40.58,81,sign-optimization-horizontal-vertical_scenario,617,219,3,-4,-4,90,90,15,1,46212,AdultMaleAgent(Clone),7,11,1.71,1.58,8.283203,2,True,2,1,0.5
2026-03-06_18.40.58,81,sign-optimization-horizontal-vertical_scenario,617,219,3,-4,-4,90,90,15,1,46213,AdultFemaleAgent(Clone),11,10,1.58,1.450001,8.326172,1,False,3,0,0
2026-03-06_18.40.58,81,sign-optimization-horizontal-vertical_scenario,617,219,3,-4,-4,90,90,15,1,46214,AdultFemaleAgent(Clone),10,12,1.58,1.45,11.01807,1,False,3,2,0.6666667
2026-03-06_18.40.58,81,sign-optimization-horizontal-vertical_scenario,617,219,3,-4,-4,90,90,15,1,46215,AdultMaleAgent(Clone),6,12,1.71,1.58,10.10303,1,True,2,1,0.5
2026-03-06_18.40.58,81,sign-optimization-horizontal-vertical_scenario,617,219,3,-4,-4,90,90,15,1,46216,AdultMaleAgent(Clone),6,12,1.71,1.58,9.819824,1,True,2,1,0.5
2026-03-06_18.40.58,81,sign-optimization-horizontal-vertical_scenario,617,219,3,-4,-4,90,90,15,1,46217,AdultFemaleAgent(Clone),6,12,1.58,1.45,6.311523,1,True,2,1,0.5
2026-03-06_18.40.58,81,sign-optimization-horizontal-vertical_scenario,617,219,3,-4,-4,90,90,15,1,46218,AdultMaleAgent(Clone),5,10,1.71,1.58,10.26416,1,True,2,1,0.5
2026-03-06_18.40.58,81,sign-optimization-horizontal-vertical_scenario,617,219,3,-4,-4,90,90,15,1,46219,AdultFemaleAgent(Clone),5,10,1.58,1.45,11.27734,1,False,2,0,0
2026-03-06_18.40.58,81,sign-optimization-horizontal-vertical_scenario,617,219,3,-4,-4,90,90,15,1,46220,AdultFemaleAgent(Clone),7,11,1.58,1.450001,6.885742,2,True,2,1,0.5
2026-03-06_18.40.58,81,sign-optimization-horizontal-vertical_scenario,617,219,3,-4,-4,90,90,15,1,46221,AdultFemaleAgent(Clone),11,10,1.58,1.450001,10.24951,1,False,3,0,0
2026-03-06_18.40.58,81,sign-optimization-horizontal-vertical_scenario,617,219,3,-4,-4,90,90,15,1,46222,WheelchairAgent(Clone),6,12,1.3,1.17,12.91699,1,False,2,1,0.5
2026-03-06_18.40.58,81,sign-optimization-horizontal-vertical_scenario,617,219,3,-4,-4,90,90,15,1,46223,AdultMaleAgent(Clone),7,11,1.71,1.58,6.34668,2,True,2,1,0.5
2026-03-06_18.40.58,81,sign-optimization-horizontal-vertical_scenario,617,219,3,-4,-4,90,90,15,1,46224,WheelchairAgent(Clone),5,10,1.3,1.17,11.05811,1,True,2,1,0.5
2026-03-06_18.40.58,81,sign-optimization-horizontal-vertical_scenario,617,219,3,-4,-4,90,90,15,1,46225,WheelchairAgent(Clone),5,10,1.3,1.17,12.27637,1,True,2,1,0.5
2026-03-06_18.40.58,81,sign-optimization-horizontal-vertical_scenario,617,219,3,-4,-4,90,90,15,1,46226,AdultFemaleAgent(Clone),5,10,1.58,1.45,9.544434,1,True,2,1,0.5
2026-03-06_18.40.58,81,sign-optimization-horizontal-vertical_scenario,617,219,3,-4,-4,90,90,15,1,46227,AdultMaleAgent(Clone),7,11,1.71,1.58,10.39502,2,True,2,1,0.5
2026-03-06_18.40.58,81,sign-optimization-horizontal-vertical_scenario,617,219,3,-4,-4,90,90,15,1,46228,AdultFemaleAgent(Clone),10,12,1.58,1.45,11.37842,1,False,3,0,0
2026-03-06_18.40.58,81,sign-optimization-horizontal-vertical_scenario,617,219,3,-4,-4,90,90,15,1,46229,AdultMaleAgent(Clone),10,12,1.71,1.58,9.852539,1,False,3,0,0
2026-03-06_18.40.58,81,sign-optimization-horizontal-vertical_scenario,617,219,3,-4,-4,90,90,15,1,46230,WheelchairAgent(Clone),6,12,1.3,1.17,10.92334,1,False,2,0,0
2026-03-06_18.40.58,81,sign-optimization-horizontal-vertical_scenario,617,219,3,-4,-4,90,90,15,1,46231,AdultFemaleAgent(Clone),5,10,1.58,1.45,10.40479,1,True,2,1,0.5
2026-03-06_18.40.58,81,sign-optimization-horizontal-vertical_scenario,617,219,3,-4,-4,90,90,15,1,46232,AdultFemaleAgent(Clone),10,12,1.58,1.45,7.510254,1,False,3,1,0.3333333
2026-03-06_18.40.58,81,sign-optimization-horizontal-vertical_scenario,617,219,3,-4,-4,90,90,15,1,46233,AdultFemaleAgent(Clone),6,12,1.58,1.45,11.05127,1,False,2,1,0.5
2026-03-06_18.40.58,81,sign-optimization-horizontal-vertical_scenario,617,219,3,-4,-4,90,90,15,1,46234,AdultFemaleAgent(Clone),6,12,1.58,1.45,6.754395,1,False,2,1,0.5
2026-03-06_18.40.58,81,sign-optimization-horizontal-vertical_scenario,617,219,3,-4,-4,90,90,15,1,46235,WheelchairAgent(Clone),10,12,1.3,1.17,17.28125,2,False,3,0,0
2026-03-06_18.40.58,81,sign-optimization-horizontal-vertical_scenario,617,219,3,-4,-4,90,90,15,1,46236,WheelchairAgent(Clone),10,12,1.3,1.17,11.65332,1,False,3,0,0
2026-03-06_18.40.58,81,sign-optimization-horizontal-vertical_scenario,617,219,3,-4,-4,90,90,15,1,46237,WheelchairAgent(Clone),6,12,1.3,1.17,6.622559,1,False,2,0,0
2026-03-06_18.40.58,81,sign-optimization-horizontal-vertical_scenario,617,219,3,-4,-4,90,90,15,1,46238,AdultMaleAgent(Clone),5,10,1.71,1.58,6.431641,1,True,2,1,0.5
2026-03-06_18.40.58,81,sign-optimization-horizontal-vertical_scenario,617,219,3,-4,-4,90,90,15,1,46239,WheelchairAgent(Clone),7,11,1.3,1.17,8.393555,1,True,2,1,0.5
2026-03-06_18.40.58,81,sign-optimization-horizontal-vertical_scenario,617,219,3,-4,-4,90,90,15,1,46240,AdultFemaleAgent(Clone),11,10,1.58,1.450001,7.676758,1,False,3,0,0
2026-03-06_18.40.58,81,sign-optimization-horizontal-vertical_scenario,617,219,3,-4,-4,90,90,15,1,46241,AdultMaleAgent(Clone),7,11,1.71,1.58,7.861328,2,True,2,1,0.5
2026-03-06_18.40.58,81,sign-optimization-horizontal-vertical_scenario,617,219,3,-4,-4,90,90,15,1,46242,AdultFemaleAgent(Clone),10,12,1.58,1.45,11.48438,1,False,3,0,0
2026-03-06_18.40.58,81,sign-optimization-horizontal-vertical_scenario,617,219,3,-4,-4,90,90,15,1,46243,WheelchairAgent(Clone),5,10,1.3,1.17,10.56738,1,True,2,1,0.5
2026-03-06_18.40.58,81,sign-optimization-horizontal-vertical_scenario,617,219,3,-4,-4,90,90,15,1,46244,AdultFemaleAgent(Clone),11,10,1.58,1.450001,10.38867,1,False,3,0,0
2026-03-06_18.40.58,81,sign-optimization-horizontal-vertical_scenario,617,219,3,-4,-4,90,90,15,1,46245,AdultMaleAgent(Clone),5,10,1.71,1.58,8.713379,1,True,2,1,0.5
2026-03-06_18.40.58,81,sign-optimization-horizontal-vertical_scenario,617,219,3,-4,-4,90,90,15,1,46246,WheelchairAgent(Clone),10,12,1.3,1.17,8.661133,1,False,3,1,0.3333333
2026-03-06_18.40.58,81,sign-optimization-horizontal-vertical_scenario,617,219,3,-4,-4,90,90,15,1,46247,AdultMaleAgent(Clone),5,10,1.71,1.58,5.788574,1,True,2,1,0.5
2026-03-06_18.40.58,81,sign-optimization-horizontal-vertical_scenario,617,219,3,-4,-4,90,90,15,1,46248,AdultMaleAgent(Clone),5,10,1.71,1.58,8.941895,1,True,2,1,0.5
2026-03-06_18.40.58,81,sign-optimization-horizontal-vertical_scenario,617,219,3,-4,-4,90,90,15,1,46249,AdultFemaleAgent(Clone),5,10,1.58,1.45,6.580078,1,False,2,1,0.5
2026-03-06_18.40.58,81,sign-optimization-horizontal-vertical_scenario,617,219,3,-4,-4,90,90,15,1,46250,AdultMaleAgent(Clone),6,12,1.71,1.58,10.03564,1,True,2,1,0.5
2026-03-06_18.40.58,81,sign-optimization-horizontal-vertical_scenario,617,219,3,-4,-4,90,90,15,1,46251,AdultMaleAgent(Clone),6,12,1.71,1.58,7.40625,1,True,2,1,0.5
2026-03-06_18.40.58,81,sign-optimization-horizontal-vertical_scenario,617,219,3,-4,-4,90,90,15,1,46252,AdultFemaleAgent(Clone),11,10,1.58,1.450001,9.294434,1,False,3,0,0
2026-03-06_18.40.58,81,sign-optimization-horizontal-vertical_scenario,617,219,3,-4,-4,90,90,15,1,46253,AdultFemaleAgent(Clone),10,12,1.58,1.45,9.243652,1,False,3,0,0
2026-03-06_18.40.58,81,sign-optimization-horizontal-vertical_scenario,617,219,3,-4,-4,90,90,15,1,46254,AdultFemaleAgent(Clone),11,10,1.58,1.450001,10.15234,1,False,3,0,0
2026-03-06_18.40.58,81,sign-optimization-horizontal-vertical_scenario,617,219,3,-4,-4,90,90,15,1,46255,WheelchairAgent(Clone),10,12,1.3,1.17,10.56055,1,False,3,0,0
2026-03-06_18.40.58,81,sign-optimization-horizontal-vertical_scenario,617,219,3,-4,-4,90,90,15,1,46256,WheelchairAgent(Clone),7,11,1.3,1.17,9.185547,2,True,2,1,0.5
2026-03-06_18.40.58,81,sign-optimization-horizontal-vertical_scenario,617,219,3,-4,-4,90,90,15,1,46257,AdultMaleAgent(Clone),5,10,1.71,1.58,9.716797,1,True,2,1,0.5
2026-03-06_18.40.58,81,sign-optimization-horizontal-vertical_scenario,617,219,3,-4,-4,90,90,15,1,46258,AdultFemaleAgent(Clone),7,11,1.58,1.450001,8.540039,2,False,2,1,0.5
2026-03-06_18.40.58,81,sign-optimization-horizontal-vertical_scenario,617,219,3,-4,-4,90,90,15,1,46259,AdultFemaleAgent(Clone),5,10,1.58,1.45,9.685547,1,True,2,1,0.5
2026-03-06_18.40.58,81,sign-optimization-horizontal-vertical_scenario,617,219,3,-4,-4,90,90,15,1,46260,AdultFemaleAgent(Clone),11,10,1.58,1.450001,12.11426,1,False,3,0,0
2026-03-06_18.40.58,81,sign-optimization-horizontal-vertical_scenario,617,219,3,-4,-4,90,90,15,1,46261,AdultMaleAgent(Clone),10,12,1.71,1.58,10.76611,1,False,3,0,0
2026-03-06_18.40.58,81,sign-optimization-horizontal-vertical_scenario,617,219,3,-4,-4,90,90,15,1,46262,WheelchairAgent(Clone),11,10,1.3,1.17,9.963867,1,False,3,0,0
2026-03-06_18.40.58,81,sign-optimization-horizontal-vertical_scenario,617,219,3,-4,-4,90,90,15,1,46263,WheelchairAgent(Clone),5,10,1.3,1.17,6.480957,1,False,2,1,0.5
2026-03-06_18.40.58,81,sign-optimization-horizontal-vertical_scenario,617,219,3,-4,-4,90,90,15,1,46264,AdultFemaleAgent(Clone),6,12,1.58,1.45,11.65967,1,False,2,1,0.5
2026-03-06_18.40.58,81,sign-optimization-horizontal-vertical_scenario,617,219,3,-4,-4,90,90,15,1,46265,AdultFemaleAgent(Clone),7,11,1.58,1.450001,11.29834,2,True,2,1,0.5
2026-03-06_18.40.58,81,sign-optimization-horizontal-vertical_scenario,617,219,3,-4,-4,90,90,15,1,46266,AdultFemaleAgent(Clone),7,11,1.58,1.450001,9.296387,2,True,2,1,0.5
2026-03-06_18.40.58,81,sign-optimization-horizontal-vertical_scenario,617,219,3,-4,-4,90,90,15,1,46267,AdultMaleAgent(Clone),10,12,1.71,1.58,11.45215,1,True,3,1,0.3333333
2026-03-06_18.40.58,81,sign-optimization-horizontal-vertical_scenario,617,219,3,-4,-4,90,90,15,1,46268,AdultFemaleAgent(Clone),10,12,1.58,1.45,12.10303,1,False,3,0,0
2026-03-06_18.40.58,81,sign-optimization-horizontal-vertical_scenario,617,219,3,-4,-4,90,90,15,1,46269,AdultFemaleAgent(Clone),10,12,1.58,1.45,11.9585,1,False,3,1,0.3333333
2026-03-06_18.40.58,81,sign-optimization-horizontal-vertical_scenario,617,219,3,-4,-4,90,90,15,1,46270,AdultFemaleAgent(Clone),11,10,1.58,1.450001,10.51465,1,False,3,0,0
2026-03-06_18.40.58,81,sign-optimization-horizontal-vertical_scenario,617,219,3,-4,-4,90,90,15,1,46271,AdultFemaleAgent(Clone),7,11,1.58,1.450001,8.699707,2,True,2,1,0.5
2026-03-06_18.40.58,81,sign-optimization-horizontal-vertical_scenario,617,219,3,-4,-4,90,90,15,1,46272,WheelchairAgent(Clone),11,10,1.3,1.17,16.02881,1,False,3,1,0.3333333
2026-03-06_18.40.58,81,sign-optimization-horizontal-vertical_scenario,617,219,3,-4,-4,90,90,15,1,46273,AdultFemaleAgent(Clone),5,10,1.58,1.45,6.202637,1,True,2,1,0.5
2026-03-06_18.40.58,81,sign-optimization-horizontal-vertical_scenario,617,219,3,-4,-4,90,90,15,1,46274,AdultFemaleAgent(Clone),10,12,1.58,1.45,12.94434,1,False,3,2,0.6666667
2026-03-06_18.40.58,81,sign-optimization-horizontal-vertical_scenario,617,219,3,-4,-4,90,90,15,1,46275,AdultFemaleAgent(Clone),5,10,1.58,1.45,7.600098,1,True,2,1,0.5
2026-03-06_18.40.58,81,sign-optimization-horizontal-vertical_scenario,617,219,3,-4,-4,90,90,15,1,46276,WheelchairAgent(Clone),6,12,1.3,1.17,7.101074,1,False,2,1,0.5
2026-03-06_18.40.58,81,sign-optimization-horizontal-vertical_scenario,617,219,3,-4,-4,90,90,15,1,46277,WheelchairAgent(Clone),6,12,1.3,1.17,8.513672,1,False,2,1,0.5
2026-03-06_18.40.58,81,sign-optimization-horizontal-vertical_scenario,617,219,3,-4,-4,90,90,15,1,46278,AdultMaleAgent(Clone),7,11,1.71,1.58,9.870117,2,True,2,1,0.5
2026-03-06_18.40.58,81,sign-optimization-horizontal-vertical_scenario,617,219,3,-4,-4,90,90,15,1,46279,WheelchairAgent(Clone),5,10,1.3,1.17,8.90625,1,True,2,1,0.5
2026-03-06_18.40.58,81,sign-optimization-horizontal-vertical_scenario,617,219,3,-4,-4,90,90,15,1,46280,AdultFemaleAgent(Clone),5,10,1.58,1.45,7.879395,1,True,2,1,0.5
2026-03-06_18.40.58,81,sign-optimization-horizontal-vertical_scenario,617,219,3,-4,-4,90,90,15,1,46281,AdultMaleAgent(Clone),7,11,1.71,1.58,10.45557,2,True,2,1,0.5
2026-03-06_18.40.58,81,sign-optimization-horizontal-vertical_scenario,617,219,3,-4,-4,90,90,15,1,46282,WheelchairAgent(Clone),10,12,1.3,1.17,22.36621,1,False,3,0,0
2026-03-06_18.40.58,81,sign-optimization-horizontal-vertical_scenario,617,219,3,-4,-4,90,90,15,1,46283,AdultFemaleAgent(Clone),5,10,1.58,1.45,10.85693,1,True,2,1,0.5
2026-03-06_18.40.58,81,sign-optimization-horizontal-vertical_scenario,617,219,3,-4,-4,90,90,15,1,46284,AdultFemaleAgent(Clone),11,10,1.58,1.450001,10.09473,1,False,3,0,0
2026-03-06_18.40.58,81,sign-optimization-horizontal-vertical_scenario,617,219,3,-4,-4,90,90,15,1,46285,WheelchairAgent(Clone),10,12,1.3,1.17,10.92383,1,False,3,1,0.3333333
2026-03-06_18.40.58,81,sign-optimization-horizontal-vertical_scenario,617,219,3,-4,-4,90,90,15,1,46286,AdultMaleAgent(Clone),7,11,1.71,1.58,7.299316,2,True,2,1,0.5
2026-03-06_18.40.58,81,sign-optimization-horizontal-vertical_scenario,617,219,3,-4,-4,90,90,15,1,46287,AdultFemaleAgent(Clone),7,11,1.58,1.450001,8.685059,2,True,2,1,0.5
2026-03-06_18.40.58,81,sign-optimization-horizontal-vertical_scenario,617,219,3,-4,-4,90,90,15,1,46288,WheelchairAgent(Clone),11,10,1.3,1.17,4.997559,1,False,3,1,0.3333333
2026-03-06_18.40.58,81,sign-optimization-horizontal-vertical_scenario,617,219,3,-4,-4,90,90,15,1,46289,AdultFemaleAgent(Clone),6,12,1.58,1.45,6.924316,1,True,2,1,0.5
2026-03-06_18.40.58,81,sign-optimization-horizontal-vertical_scenario,617,219,3,-4,-4,90,90,15,1,46290,AdultFemaleAgent(Clone),6,12,1.58,1.45,10.02197,1,True,2,1,0.5
2026-03-06_18.40.58,81,sign-optimization-horizontal-vertical_scenario,617,219,3,-4,-4,90,90,15,1,46291,AdultFemaleAgent(Clone),6,12,1.58,1.45,5.94043,1,False,2,1,0.5
2026-03-06_18.40.58,81,sign-optimization-horizontal-vertical_scenario,617,219,3,-4,-4,90,90,15,1,46292,AdultFemaleAgent(Clone),11,10,1.58,1.450001,13.48926,1,True,3,1,0.3333333
2026-03-06_18.40.58,81,sign-optimization-horizontal-vertical_scenario,617,219,3,-4,-4,90,90,15,1,46293,AdultFemaleAgent(Clone),10,12,1.58,1.45,12.42041,1,False,3,0,0
2026-03-06_18.40.58,81,sign-optimization-horizontal-vertical_scenario,617,219,3,-4,-4,90,90,15,1,46294,AdultMaleAgent(Clone),11,10,1.71,1.58,7.759766,1,False,3,0,0
2026-03-06_18.40.58,81,sign-optimization-horizontal-vertical_scenario,617,219,3,-4,-4,90,90,15,1,46295,WheelchairAgent(Clone),10,12,1.3,1.17,9.885742,1,False,3,0,0
2026-03-06_18.40.58,81,sign-optimization-horizontal-vertical_scenario,617,219,3,-4,-4,90,90,15,1,46296,AdultFemaleAgent(Clone),11,10,1.58,1.450001,5.880371,1,True,3,1,0.3333333
2026-03-06_18.40.58,81,sign-optimization-horizontal-vertical_scenario,617,219,3,-4,-4,90,90,15,1,46297,AdultMaleAgent(Clone),7,11,1.71,1.58,8.942871,2,True,2,1,0.5
2026-03-06_18.40.58,81,sign-optimization-horizontal-vertical_scenario,617,219,3,-4,-4,90,90,15,1,46298,AdultFemaleAgent(Clone),11,10,1.58,1.450001,5.635254,1,True,3,1,0.3333333
2026-03-06_18.40.58,81,sign-optimization-horizontal-vertical_scenario,617,219,3,-4,-4,90,90,15,1,46299,WheelchairAgent(Clone),10,12,1.3,1.17,17.62207,1,False,3,0,0
2026-03-06_18.40.58,81,sign-optimization-horizontal-vertical_scenario,617,219,3,-4,-4,90,90,15,1,46300,AdultMaleAgent(Clone),6,12,1.71,1.58,8.306152,1,True,2,1,0.5
2026-03-06_18.40.58,81,sign-optimization-horizontal-vertical_scenario,617,219,3,-4,-4,90,90,15,1,46301,AdultFemaleAgent(Clone),5,10,1.58,1.45,9.084473,1,True,2,1,0.5
2026-03-06_18.40.58,81,sign-optimization-horizontal-vertical_scenario,617,219,3,-4,-4,90,90,15,1,46302,WheelchairAgent(Clone),6,12,1.3,1.17,7.654297,1,True,2,1,0.5
2026-03-06_18.40.58,81,sign-optimization-horizontal-vertical_scenario,617,219,3,-4,-4,90,90,15,1,46303,WheelchairAgent(Clone),11,10,1.3,1.17,12.09766,1,True,3,1,0.3333333
2026-03-06_18.40.58,81,sign-optimization-horizontal-vertical_scenario,617,219,3,-4,-4,90,90,15,1,46304,AdultFemaleAgent(Clone),7,11,1.58,1.450001,8.211426,2,True,2,1,0.5
2026-03-06_18.40.58,81,sign-optimization-horizontal-vertical_scenario,617,219,3,-4,-4,90,90,15,1,46305,WheelchairAgent(Clone),10,12,1.3,1.17,15.26172,1,False,3,0,0
2026-03-06_18.40.58,81,sign-optimization-horizontal-vertical_scenario,617,219,3,-4,-4,90,90,15,1,46306,AdultMaleAgent(Clone),6,12,1.71,1.58,5.796387,1,False,2,1,0.5
2026-03-06_18.40.58,81,sign-optimization-horizontal-vertical_scenario,617,219,3,-4,-4,90,90,15,1,46307,AdultMaleAgent(Clone),6,12,1.71,1.58,6.920898,1,True,2,1,0.5
2026-03-06_18.40.58,81,sign-optimization-horizontal-vertical_scenario,617,219,3,-4,-4,90,90,15,1,46308,WheelchairAgent(Clone),6,12,1.3,1.17,13.03662,1,False,2,0,0
2026-03-06_18.40.58,81,sign-optimization-horizontal-vertical_scenario,617,219,3,-4,-4,90,90,15,1,46309,AdultMaleAgent(Clone),10,12,1.71,1.58,13.96533,1,False,3,0,0
2026-03-06_18.40.58,81,sign-optimization-horizontal-vertical_scenario,617,219,3,-4,-4,90,90,15,1,46310,AdultMaleAgent(Clone),5,10,1.71,1.58,9.274902,1,True,2,1,0.5
2026-03-06_18.40.58,81,sign-optimization-horizontal-vertical_scenario,617,219,3,-4,-4,90,90,15,1,46311,AdultFemaleAgent(Clone),11,10,1.58,1.450001,9.438477,1,False,3,0,0
2026-03-06_18.40.58,81,sign-optimization-horizontal-vertical_scenario,617,219,3,-4,-4,90,90,15,1,46312,AdultFemaleAgent(Clone),6,12,1.58,1.45,7.828125,1,True,2,1,0.5
2026-03-06_18.40.58,81,sign-optimization-horizontal-vertical_scenario,617,219,3,-4,-4,90,90,15,1,46313,WheelchairAgent(Clone),10,12,1.3,1.17,11.01611,1,False,3,0,0
2026-03-06_18.40.58,81,sign-optimization-horizontal-vertical_scenario,617,219,3,-4,-4,90,90,15,1,46314,AdultMaleAgent(Clone),5,10,1.71,1.58,7.287109,1,True,2,1,0.5
2026-03-06_18.40.58,81,sign-optimization-horizontal-vertical_scenario,617,219,3,-4,-4,90,90,15,1,46315,WheelchairAgent(Clone),6,12,1.3,1.17,10.09766,1,False,2,1,0.5
2026-03-06_18.40.58,81,sign-optimization-horizontal-vertical_scenario,617,219,3,-4,-4,90,90,15,1,46316,AdultFemaleAgent(Clone),10,12,1.58,1.45,12.36426,1,False,3,0,0
2026-03-06_18.40.58,81,sign-optimization-horizontal-vertical_scenario,617,219,3,-4,-4,90,90,15,1,46317,WheelchairAgent(Clone),5,10,1.3,1.17,8.595215,1,True,2,1,0.5
2026-03-06_18.40.58,81,sign-optimization-horizontal-vertical_scenario,617,219,3,-4,-4,90,90,15,1,46318,AdultFemaleAgent(Clone),6,12,1.58,1.45,10.25,1,True,2,1,0.5
2026-03-06_18.40.58,81,sign-optimization-horizontal-vertical_scenario,617,219,3,-4,-4,90,90,15,1,46319,AdultMaleAgent(Clone),10,12,1.71,1.58,11.82568,1,False,3,0,0
2026-03-06_18.40.58,81,sign-optimization-horizontal-vertical_scenario,617,219,3,-4,-4,90,90,15,1,46320,AdultMaleAgent(Clone),6,12,1.71,1.58,5.587402,1,False,2,1,0.5
2026-03-06_18.40.58,81,sign-optimization-horizontal-vertical_scenario,617,219,3,-4,-4,90,90,15,1,46321,WheelchairAgent(Clone),11,10,1.3,1.17,3.556641,1,False,3,0,0
2026-03-06_18.40.58,81,sign-optimization-horizontal-vertical_scenario,617,219,3,-4,-4,90,90,15,1,46322,AdultFemaleAgent(Clone),7,11,1.58,1.450001,11.77637,2,True,2,1,0.5
2026-03-06_18.40.58,81,sign-optimization-horizontal-vertical_scenario,617,219,3,-4,-4,90,90,15,1,46323,AdultFemaleAgent(Clone),5,10,1.58,1.45,11.72412,1,True,2,1,0.5
2026-03-06_18.40.58,81,sign-optimization-horizontal-vertical_scenario,617,219,3,-4,-4,90,90,15,1,46324,AdultFemaleAgent(Clone),7,11,1.58,1.450001,10.09473,2,True,2,1,0.5
2026-03-06_18.40.58,81,sign-optimization-horizontal-vertical_scenario,617,219,3,-4,-4,90,90,15,1,46325,AdultMaleAgent(Clone),7,11,1.71,1.58,20.68066,2,True,2,1,0.5
2026-03-06_18.40.58,81,sign-optimization-horizontal-vertical_scenario,617,219,3,-4,-4,90,90,15,1,46326,AdultFemaleAgent(Clone),5,10,1.58,1.45,6.403809,1,True,2,1,0.5
2026-03-06_18.40.58,81,sign-optimization-horizontal-vertical_scenario,617,219,3,-4,-4,90,90,15,1,46327,AdultFemaleAgent(Clone),7,11,1.58,1.450001,11.79639,2,True,2,1,0.5
2026-03-06_18.40.58,81,sign-optimization-horizontal-vertical_scenario,617,219,3,-4,-4,90,90,15,1,46328,AdultFemaleAgent(Clone),10,12,1.58,1.45,11.52734,1,False,3,1,0.3333333
2026-03-06_18.40.58,81,sign-optimization-horizontal-vertical_scenario,617,219,3,-4,-4,90,90,15,1,46329,AdultFemaleAgent(Clone),10,12,1.58,1.45,9.064453,1,False,3,0,0
2026-03-06_18.40.58,81,sign-optimization-horizontal-vertical_scenario,617,219,3,-4,-4,90,90,15,1,46330,WheelchairAgent(Clone),7,11,1.3,1.17,8.976074,2,True,2,1,0.5
2026-03-06_18.40.58,81,sign-optimization-horizontal-vertical_scenario,617,219,3,-4,-4,90,90,15,1,46331,AdultMaleAgent(Clone),11,10,1.71,1.58,8.393555,1,False,3,0,0
2026-03-06_18.40.58,81,sign-optimization-horizontal-vertical_scenario,617,219,3,-4,-4,90,90,15,1,46332,AdultFemaleAgent(Clone),11,10,1.58,1.450001,7.837402,1,False,3,0,0
2026-03-06_18.40.58,81,sign-optimization-horizontal-vertical_scenario,617,219,3,-4,-4,90,90,15,1,46333,AdultFemaleAgent(Clone),5,10,1.58,1.45,7.600586,1,True,2,1,0.5
2026-03-06_18.40.58,81,sign-optimization-horizontal-vertical_scenario,617,219,3,-4,-4,90,90,15,1,46334,WheelchairAgent(Clone),10,12,1.3,1.17,11.66943,1,False,3,2,0.6666667
2026-03-06_18.40.58,81,sign-optimization-horizontal-vertical_scenario,617,219,3,-4,-4,90,90,15,1,46335,AdultFemaleAgent(Clone),6,12,1.58,1.45,8.201172,1,True,2,1,0.5
2026-03-06_18.40.58,81,sign-optimization-horizontal-vertical_scenario,617,219,3,-4,-4,90,90,15,1,46336,WheelchairAgent(Clone),5,10,1.3,1.17,5.878418,1,True,2,1,0.5
2026-03-06_18.40.58,81,sign-optimization-horizontal-vertical_scenario,617,219,3,-4,-4,90,90,15,1,46337,AdultFemaleAgent(Clone),6,12,1.58,1.45,8.874023,1,False,2,1,0.5
2026-03-06_18.40.58,81,sign-optimization-horizontal-vertical_scenario,617,219,3,-4,-4,90,90,15,1,46338,WheelchairAgent(Clone),7,11,1.3,1.17,9.290527,2,True,2,1,0.5
2026-03-06_18.40.58,81,sign-optimization-horizontal-vertical_scenario,617,219,3,-4,-4,90,90,15,1,46339,AdultMaleAgent(Clone),7,11,1.71,1.58,9.033691,2,True,2,1,0.5
2026-03-06_18.40.58,81,sign-optimization-horizontal-vertical_scenario,617,219,3,-4,-4,90,90,15,1,46340,WheelchairAgent(Clone),10,12,1.3,1.17,11.01855,1,False,3,0,0
2026-03-06_18.40.58,81,sign-optimization-horizontal-vertical_scenario,617,219,3,-4,-4,90,90,15,1,46341,WheelchairAgent(Clone),5,10,1.3,1.17,7.896484,1,False,2,1,0.5
2026-03-06_18.40.58,81,sign-optimization-horizontal-vertical_scenario,617,219,3,-4,-4,90,90,15,1,46342,AdultFemaleAgent(Clone),7,11,1.58,1.450001,7.041992,2,True,2,1,0.5
2026-03-06_18.40.58,81,sign-optimization-horizontal-vertical_scenario,617,219,3,-4,-4,90,90,15,1,46343,AdultMaleAgent(Clone),6,12,1.71,1.58,10.98877,1,False,2,1,0.5
2026-03-06_18.40.58,81,sign-optimization-horizontal-vertical_scenario,617,219,3,-4,-4,90,90,15,1,46344,WheelchairAgent(Clone),5,10,1.3,1.17,5.994141,1,False,2,1,0.5
2026-03-06_18.40.58,81,sign-optimization-horizontal-vertical_scenario,617,219,3,-4,-4,90,90,15,1,46345,AdultMaleAgent(Clone),7,11,1.71,1.58,9.349121,2,True,2,1,0.5
2026-03-06_18.40.58,81,sign-optimization-horizontal-vertical_scenario,617,219,3,-4,-4,90,90,15,1,46346,AdultMaleAgent(Clone),11,10,1.71,1.58,9.052246,1,False,3,0,0
2026-03-06_18.40.58,81,sign-optimization-horizontal-vertical_scenario,617,219,3,-4,-4,90,90,15,1,46347,WheelchairAgent(Clone),5,10,1.3,1.17,7.567383,1,True,2,1,0.5
2026-03-06_18.40.58,81,sign-optimization-horizontal-vertical_scenario,617,219,3,-4,-4,90,90,15,1,46348,AdultMaleAgent(Clone),5,10,1.71,1.58,7.478516,1,True,2,1,0.5
2026-03-06_18.40.58,81,sign-optimization-horizontal-vertical_scenario,617,219,3,-4,-4,90,90,15,1,46349,AdultMaleAgent(Clone),11,10,1.71,1.58,7.991699,1,False,3,0,0
2026-03-06_18.40.58,81,sign-optimization-horizontal-vertical_scenario,617,219,3,-4,-4,90,90,15,1,46350,AdultMaleAgent(Clone),6,12,1.71,1.58,10.2959,1,True,2,1,0.5
2026-03-06_18.40.58,81,sign-optimization-horizontal-vertical_scenario,617,219,3,-4,-4,90,90,15,1,46351,AdultMaleAgent(Clone),5,10,1.71,1.58,8.26416,1,True,2,1,0.5
2026-03-06_18.40.58,81,sign-optimization-horizontal-vertical_scenario,617,219,3,-4,-4,90,90,15,1,46352,AdultFemaleAgent(Clone),11,10,1.58,1.450001,1.671387,2,False,3,1,0.3333333
2026-03-06_18.40.58,81,sign-optimization-horizontal-vertical_scenario,617,219,3,-4,-4,90,90,15,1,46353,WheelchairAgent(Clone),6,12,1.3,1.17,6.92334,1,False,2,1,0.5
2026-03-06_18.40.58,81,sign-optimization-horizontal-vertical_scenario,617,219,3,-4,-4,90,90,15,1,46354,AdultFemaleAgent(Clone),7,11,1.58,1.450001,7.11377,2,True,2,1,0.5
2026-03-06_18.40.58,81,sign-optimization-horizontal-vertical_scenario,617,219,3,-4,-4,90,90,15,1,46355,WheelchairAgent(Clone),11,10,1.3,1.17,8.227051,1,False,3,0,0
2026-03-06_18.40.58,81,sign-optimization-horizontal-vertical_scenario,617,219,3,-4,-4,90,90,15,1,46356,AdultFemaleAgent(Clone),7,11,1.58,1.450001,8.008301,2,True,2,1,0.5
2026-03-06_18.40.58,81,sign-optimization-horizontal-vertical_scenario,617,219,3,-4,-4,90,90,15,1,46357,AdultMaleAgent(Clone),5,10,1.71,1.58,8.961426,1,True,2,1,0.5
2026-03-06_18.40.58,81,sign-optimization-horizontal-vertical_scenario,617,219,3,-4,-4,90,90,15,1,46358,WheelchairAgent(Clone),7,11,1.3,1.17,11.32178,2,True,2,1,0.5
2026-03-06_18.40.58,81,sign-optimization-horizontal-vertical_scenario,617,219,3,-4,-4,90,90,15,1,46359,AdultFemaleAgent(Clone),6,12,1.58,1.45,12.03125,1,False,2,1,0.5
2026-03-06_18.40.58,81,sign-optimization-horizontal-vertical_scenario,617,219,3,-4,-4,90,90,15,1,46360,AdultMaleAgent(Clone),5,10,1.71,1.58,9.381836,1,True,2,1,0.5
2026-03-06_18.40.58,81,sign-optimization-horizontal-vertical_scenario,617,219,3,-4,-4,90,90,15,1,46361,AdultMaleAgent(Clone),11,10,1.71,1.58,8.336914,1,False,3,0,0
2026-03-06_18.40.58,81,sign-optimization-horizontal-vertical_scenario,617,219,3,-4,-4,90,90,15,1,46362,AdultMaleAgent(Clone),10,12,1.71,1.58,11.5293,1,False,3,2,0.6666667
2026-03-06_18.40.58,81,sign-optimization-horizontal-vertical_scenario,617,219,3,-4,-4,90,90,15,1,46363,AdultFemaleAgent(Clone),11,10,1.58,1.450001,0,0,False,3,0,0
2026-03-06_18.40.58,81,sign-optimization-horizontal-vertical_scenario,617,219,3,-4,-4,90,90,15,1,46364,WheelchairAgent(Clone),10,12,1.3,1.17,12.85449,1,False,3,0,0
2026-03-06_18.40.58,81,sign-optimization-horizontal-vertical_scenario,617,219,3,-4,-4,90,90,15,1,46365,AdultMaleAgent(Clone),6,12,1.71,1.58,12.24023,1,False,2,0,0
2026-03-06_18.40.58,81,sign-optimization-horizontal-vertical_scenario,617,219,3,-4,-4,90,90,15,1,46366,WheelchairAgent(Clone),6,12,1.3,1.17,8.675781,1,False,2,1,0.5
2026-03-06_18.40.58,81,sign-optimization-horizontal-vertical_scenario,617,219,3,-4,-4,90,90,15,1,46367,AdultMaleAgent(Clone),10,12,1.71,1.58,12.85596,1,True,3,1,0.3333333
2026-03-06_18.40.58,81,sign-optimization-horizontal-vertical_scenario,617,219,3,-4,-4,90,90,15,1,46368,WheelchairAgent(Clone),10,12,1.3,1.17,12.32568,1,True,3,1,0.3333333
2026-03-06_18.40.58,81,sign-optimization-horizontal-vertical_scenario,617,219,3,-4,-4,90,90,15,1,46369,WheelchairAgent(Clone),10,12,1.3,1.17,14.87402,1,False,3,1,0.3333333
2026-03-06_18.40.58,81,sign-optimization-horizontal-vertical_scenario,617,219,3,-4,-4,90,90,15,1,46370,WheelchairAgent(Clone),10,12,1.3,1.17,12.63574,1,False,3,0,0
2026-03-06_18.40.58,81,sign-optimization-horizontal-vertical_scenario,617,219,3,-4,-4,90,90,15,1,46371,AdultFemaleAgent(Clone),6,12,1.58,1.45,12.26318,1,False,2,1,0.5
2026-03-06_18.40.58,81,sign-optimization-horizontal-vertical_scenario,617,219,3,-4,-4,90,90,15,1,46372,AdultFemaleAgent(Clone),7,11,1.58,1.450001,6.601563,1,True,2,1,0.5
2026-03-06_18.40.58,81,sign-optimization-horizontal-vertical_scenario,617,219,3,-4,-4,90,90,15,1,46373,AdultFemaleAgent(Clone),10,12,1.58,1.45,11.72363,1,False,3,0,0
2026-03-06_18.40.58,81,sign-optimization-horizontal-vertical_scenario,617,219,3,-4,-4,90,90,15,1,46374,WheelchairAgent(Clone),6,12,1.3,1.17,6.701172,1,False,2,1,0.5
2026-03-06_18.40.58,81,sign-optimization-horizontal-vertical_scenario,617,219,3,-4,-4,90,90,15,1,46375,AdultFemaleAgent(Clone),10,12,1.58,1.45,11.07764,1,False,3,2,0.6666667
2026-03-06_18.40.58,81,sign-optimization-horizontal-vertical_scenario,617,219,3,-4,-4,90,90,15,1,46376,AdultFemaleAgent(Clone),7,11,1.58,1.450001,7.558594,2,True,2,1,0.5
2026-03-06_18.40.58,81,sign-optimization-horizontal-vertical_scenario,617,219,3,-4,-4,90,90,15,1,46377,AdultFemaleAgent(Clone),6,12,1.58,1.45,6.570313,1,False,2,1,0.5
2026-03-06_18.40.58,81,sign-optimization-horizontal-vertical_scenario,617,219,3,-4,-4,90,90,15,1,46378,WheelchairAgent(Clone),10,12,1.3,1.17,10.07715,1,False,3,0,0
2026-03-06_18.40.58,81,sign-optimization-horizontal-vertical_scenario,617,219,3,-4,-4,90,90,15,1,46379,AdultFemaleAgent(Clone),7,11,1.58,1.450001,11.01074,2,True,2,1,0.5
2026-03-06_18.40.58,81,sign-optimization-horizontal-vertical_scenario,617,219,3,-4,-4,90,90,15,1,46380,WheelchairAgent(Clone),5,10,1.3,1.17,7.675293,1,False,2,1,0.5
2026-03-06_18.40.58,81,sign-optimization-horizontal-vertical_scenario,617,219,3,-4,-4,90,90,15,1,46381,AdultFemaleAgent(Clone),10,12,1.58,1.45,13.99951,1,False,3,0,0
2026-03-06_18.40.58,81,sign-optimization-horizontal-vertical_scenario,617,219,3,-4,-4,90,90,15,1,46382,AdultFemaleAgent(Clone),11,10,1.58,1.450001,0,0,False,3,0,0
2026-03-06_18.40.58,81,sign-optimization-horizontal-vertical_scenario,617,219,3,-4,-4,90,90,15,1,46383,AdultMaleAgent(Clone),6,12,1.71,1.58,11.20508,1,True,2,1,0.5
2026-03-06_18.40.58,81,sign-optimization-horizontal-vertical_scenario,617,219,3,-4,-4,90,90,15,1,46384,AdultFemaleAgent(Clone),10,12,1.58,1.45,20.01025,1,False,3,0,0
2026-03-06_18.40.58,81,sign-optimization-horizontal-vertical_scenario,617,219,3,-4,-4,90,90,15,1,46385,AdultMaleAgent(Clone),5,10,1.71,1.58,6.966309,1,True,2,1,0.5
2026-03-06_18.40.58,81,sign-optimization-horizontal-vertical_scenario,617,219,3,-4,-4,90,90,15,1,46386,WheelchairAgent(Clone),10,12,1.3,1.17,9.760254,1,False,3,0,0
2026-03-06_18.40.58,81,sign-optimization-horizontal-vertical_scenario,617,219,3,-4,-4,90,90,15,1,46387,AdultFemaleAgent(Clone),5,10,1.58,1.45,8.029297,1,True,2,1,0.5
2026-03-06_18.40.58,81,sign-optimization-horizontal-vertical_scenario,617,219,3,-4,-4,90,90,15,1,46388,AdultMaleAgent(Clone),5,10,1.71,1.58,8.376465,1,True,2,1,0.5
2026-03-06_18.40.58,81,sign-optimization-horizontal-vertical_scenario,617,219,3,-4,-4,90,90,15,1,46389,WheelchairAgent(Clone),11,10,1.3,1.17,3.580078,1,False,3,0,0
2026-03-06_18.40.58,81,sign-optimization-horizontal-vertical_scenario,617,219,3,-4,-4,90,90,15,1,46390,AdultFemaleAgent(Clone),7,11,1.58,1.450001,21.39795,2,True,2,1,0.5
2026-03-06_18.40.58,81,sign-optimization-horizontal-vertical_scenario,617,219,3,-4,-4,90,90,15,1,46391,WheelchairAgent(Clone),7,11,1.3,1.17,8.171387,2,True,2,1,0.5
2026-03-06_18.40.58,81,sign-optimization-horizontal-vertical_scenario,617,219,3,-4,-4,90,90,15,1,46392,AdultMaleAgent(Clone),6,12,1.71,1.58,7.35498,1,True,2,1,0.5
2026-03-06_18.40.58,81,sign-optimization-horizontal-vertical_scenario,617,219,3,-4,-4,90,90,15,1,46393,AdultMaleAgent(Clone),5,10,1.71,1.58,8.41748,1,True,2,1,0.5
2026-03-06_18.40.58,81,sign-optimization-horizontal-vertical_scenario,617,219,3,-4,-4,90,90,15,1,46394,WheelchairAgent(Clone),7,11,1.3,1.17,7.927246,2,True,2,1,0.5
2026-03-06_18.40.58,81,sign-optimization-horizontal-vertical_scenario,617,219,3,-4,-4,90,90,15,1,46395,AdultFemaleAgent(Clone),7,11,1.58,1.450001,12.62695,2,True,2,1,0.5
2026-03-06_18.40.58,81,sign-optimization-horizontal-vertical_scenario,617,219,3,-4,-4,90,90,15,1,46396,AdultFemaleAgent(Clone),6,12,1.58,1.45,11.94092,1,False,2,0,0
2026-03-06_18.40.58,81,sign-optimization-horizontal-vertical_scenario,617,219,3,-4,-4,90,90,15,1,46397,WheelchairAgent(Clone),6,12,1.3,1.17,6.023438,1,False,2,1,0.5
2026-03-06_18.40.58,81,sign-optimization-horizontal-vertical_scenario,617,219,3,-4,-4,90,90,15,1,46398,AdultMaleAgent(Clone),7,11,1.71,1.58,9.28418,2,True,2,1,0.5
2026-03-06_18.40.58,81,sign-optimization-horizontal-vertical_scenario,617,219,3,-4,-4,90,90,15,1,46399,AdultMaleAgent(Clone),11,10,1.71,1.58,6.920898,1,False,3,0,0
2026-03-06_18.40.58,81,sign-optimization-horizontal-vertical_scenario,617,219,3,-4,-4,90,90,15,1,46400,AdultFemaleAgent(Clone),7,11,1.58,1.450001,8.130371,2,True,2,1,0.5
2026-03-06_18.40.58,81,sign-optimization-horizontal-vertical_scenario,617,219,3,-4,-4,90,90,15,1,46401,AdultMaleAgent(Clone),6,12,1.71,1.58,11.4624,1,False,2,1,0.5
2026-03-06_18.40.58,81,sign-optimization-horizontal-vertical_scenario,617,219,3,-4,-4,90,90,15,1,46402,AdultFemaleAgent(Clone),11,10,1.58,1.450001,1.05957,3,False,3,0,0
2026-03-06_18.40.58,81,sign-optimization-horizontal-vertical_scenario,617,219,3,-4,-4,90,90,15,1,46403,AdultFemaleAgent(Clone),11,10,1.58,1.450001,1.39209,2,False,3,1,0.3333333
2026-03-06_18.40.58,81,sign-optimization-horizontal-vertical_scenario,617,219,3,-4,-4,90,90,15,1,46404,WheelchairAgent(Clone),10,12,1.3,1.17,11.7583,1,False,3,0,0
2026-03-06_18.40.58,81,sign-optimization-horizontal-vertical_scenario,617,219,3,-4,-4,90,90,15,1,46405,WheelchairAgent(Clone),5,10,1.3,1.17,9.964844,1,True,2,1,0.5
2026-03-06_18.40.58,81,sign-optimization-horizontal-vertical_scenario,617,219,3,-4,-4,90,90,15,1,46406,AdultMaleAgent(Clone),6,12,1.71,1.58,5.992676,1,False,2,1,0.5
2026-03-06_18.40.58,81,sign-optimization-horizontal-vertical_scenario,617,219,3,-4,-4,90,90,15,1,46407,WheelchairAgent(Clone),7,11,1.3,1.17,8.701172,2,True,2,1,0.5
2026-03-06_18.40.58,81,sign-optimization-horizontal-vertical_scenario,617,219,3,-4,-4,90,90,15,1,46408,AdultFemaleAgent(Clone),7,11,1.58,1.450001,9.241699,2,True,2,1,0.5
2026-03-06_18.40.58,81,sign-optimization-horizontal-vertical_scenario,617,219,3,-4,-4,90,90,15,1,46409,AdultMaleAgent(Clone),6,12,1.71,1.58,7.569824,1,True,2,1,0.5
2026-03-06_18.40.58,81,sign-optimization-horizontal-vertical_scenario,617,219,3,-4,-4,90,90,15,1,46410,AdultMaleAgent(Clone),5,10,1.71,1.58,9.068359,1,True,2,1,0.5
2026-03-06_18.40.58,81,sign-optimization-horizontal-vertical_scenario,617,219,3,-4,-4,90,90,15,1,46411,AdultFemaleAgent(Clone),11,10,1.58,1.450001,4.458984,1,False,3,0,0
2026-03-06_18.40.58,81,sign-optimization-horizontal-vertical_scenario,617,219,3,-4,-4,90,90,15,1,46412,AdultFemaleAgent(Clone),11,10,1.58,1.450001,2.163574,1,False,3,0,0
2026-03-06_18.40.58,81,sign-optimization-horizontal-vertical_scenario,617,219,3,-4,-4,90,90,15,1,46413,AdultMaleAgent(Clone),7,11,1.71,1.58,7.579102,2,True,2,1,0.5
2026-03-06_18.40.58,81,sign-optimization-horizontal-vertical_scenario,617,219,3,-4,-4,90,90,15,1,46414,AdultFemaleAgent(Clone),5,10,1.58,1.45,9.762695,1,True,2,1,0.5
2026-03-06_18.40.58,81,sign-optimization-horizontal-vertical_scenario,617,219,3,-4,-4,90,90,15,1,46415,WheelchairAgent(Clone),6,12,1.3,1.17,9.723633,1,False,2,1,0.5
2026-03-06_18.40.58,81,sign-optimization-horizontal-vertical_scenario,617,219,3,-4,-4,90,90,15,1,46416,AdultFemaleAgent(Clone),11,10,1.58,1.450001,8.212402,1,False,3,0,0
2026-03-06_18.40.58,81,sign-optimization-horizontal-vertical_scenario,617,219,3,-4,-4,90,90,15,1,46417,AdultFemaleAgent(Clone),6,12,1.58,1.45,8.236328,1,True,2,1,0.5
2026-03-06_18.40.58,81,sign-optimization-horizontal-vertical_scenario,617,219,3,-4,-4,90,90,15,1,46418,AdultMaleAgent(Clone),10,12,1.71,1.58,16.28516,1,False,3,0,0
2026-03-06_18.40.58,81,sign-optimization-horizontal-vertical_scenario,617,219,3,-4,-4,90,90,15,1,46419,AdultMaleAgent(Clone),10,12,1.71,1.58,10.67627,1,False,3,0,0
2026-03-06_18.40.58,81,sign-optimization-horizontal-vertical_scenario,617,219,3,-4,-4,90,90,15,1,46420,AdultMaleAgent(Clone),5,10,1.71,1.58,7.654785,1,True,2,1,0.5
2026-03-06_18.40.58,81,sign-optimization-horizontal-vertical_scenario,617,219,3,-4,-4,90,90,15,1,46421,WheelchairAgent(Clone),6,12,1.3,1.17,7.998047,1,True,2,1,0.5
2026-03-06_18.40.58,81,sign-optimization-horizontal-vertical_scenario,617,219,3,-4,-4,90,90,15,1,46422,AdultMaleAgent(Clone),6,12,1.71,1.58,13.1001,1,False,2,1,0.5
2026-03-06_18.40.58,81,sign-optimization-horizontal-vertical_scenario,617,219,3,-4,-4,90,90,15,1,46423,AdultFemaleAgent(Clone),6,12,1.58,1.45,7.177734,1,True,2,1,0.5
2026-03-06_18.40.58,81,sign-optimization-horizontal-vertical_scenario,617,219,3,-4,-4,90,90,15,1,46424,AdultFemaleAgent(Clone),10,12,1.58,1.45,12.18555,1,False,3,0,0
2026-03-06_18.40.58,81,sign-optimization-horizontal-vertical_scenario,617,219,3,-4,-4,90,90,15,1,46425,AdultMaleAgent(Clone),11,10,1.71,1.58,8.995117,1,False,3,0,0
2026-03-06_18.40.58,81,sign-optimization-horizontal-vertical_scenario,617,219,3,-4,-4,90,90,15,1,46426,WheelchairAgent(Clone),6,12,1.3,1.17,8.935547,1,False,2,1,0.5
2026-03-06_18.40.58,81,sign-optimization-horizontal-vertical_scenario,617,219,3,-4,-4,90,90,15,1,46427,AdultMaleAgent(Clone),11,10,1.71,1.58,9.720703,1,False,3,0,0
2026-03-06_18.40.58,81,sign-optimization-horizontal-vertical_scenario,617,219,3,-4,-4,90,90,15,1,46428,AdultMaleAgent(Clone),7,11,1.71,1.58,12.86719,2,True,2,1,0.5
2026-03-06_18.40.58,81,sign-optimization-horizontal-vertical_scenario,617,219,3,-4,-4,90,90,15,1,46429,WheelchairAgent(Clone),6,12,1.3,1.17,11.06055,1,False,2,1,0.5
2026-03-06_18.40.58,81,sign-optimization-horizontal-vertical_scenario,617,219,3,-4,-4,90,90,15,1,46430,AdultMaleAgent(Clone),6,12,1.71,1.58,6.772949,1,False,2,1,0.5
2026-03-06_18.40.58,81,sign-optimization-horizontal-vertical_scenario,617,219,3,-4,-4,90,90,15,1,46431,AdultMaleAgent(Clone),6,12,1.71,1.58,9.782715,1,False,2,1,0.5
2026-03-06_18.40.58,81,sign-optimization-horizontal-vertical_scenario,617,219,3,-4,-4,90,90,15,1,46432,AdultFemaleAgent(Clone),11,10,1.58,1.450001,1.745605,1,False,3,0,0
2026-03-06_18.40.58,81,sign-optimization-horizontal-vertical_scenario,617,219,3,-4,-4,90,90,15,1,46433,AdultFemaleAgent(Clone),11,10,1.58,1.450001,1.782715,2,False,3,0,0
2026-03-06_18.40.58,81,sign-optimization-horizontal-vertical_scenario,617,219,3,-4,-4,90,90,15,1,46434,WheelchairAgent(Clone),6,12,1.3,1.17,6.209473,1,False,2,1,0.5
2026-03-06_18.40.58,81,sign-optimization-horizontal-vertical_scenario,617,219,3,-4,-4,90,90,15,1,46435,AdultMaleAgent(Clone),10,12,1.71,1.58,12.021,1,False,3,0,0
2026-03-06_18.40.58,81,sign-optimization-horizontal-vertical_scenario,617,219,3,-4,-4,90,90,15,1,46436,WheelchairAgent(Clone),5,10,1.3,1.17,6.085938,1,True,2,1,0.5
2026-03-06_18.40.58,81,sign-optimization-horizontal-vertical_scenario,617,219,3,-4,-4,90,90,15,1,46437,WheelchairAgent(Clone),6,12,1.3,1.17,11.23438,1,False,2,1,0.5
2026-03-06_18.40.58,81,sign-optimization-horizontal-vertical_scenario,617,219,3,-4,-4,90,90,15,1,46438,WheelchairAgent(Clone),11,10,1.3,1.17,4.623535,1,False,3,0,0
2026-03-06_18.40.58,81,sign-optimization-horizontal-vertical_scenario,617,219,3,-4,-4,90,90,15,1,46439,AdultFemaleAgent(Clone),6,12,1.58,1.45,5.091309,1,False,2,1,0.5
2026-03-06_18.40.58,81,sign-optimization-horizontal-vertical_scenario,617,219,3,-4,-4,90,90,15,1,46440,AdultFemaleAgent(Clone),10,12,1.58,1.45,9.066895,1,False,3,0,0
2026-03-06_18.40.58,81,sign-optimization-horizontal-vertical_scenario,617,219,3,-4,-4,90,90,15,1,46441,WheelchairAgent(Clone),10,12,1.3,1.17,12.61279,1,False,3,0,0
2026-03-06_18.40.58,81,sign-optimization-horizontal-vertical_scenario,617,219,3,-4,-4,90,90,15,1,46442,AdultFemaleAgent(Clone),10,12,1.58,1.45,9.949707,1,False,3,0,0
2026-03-06_18.40.58,81,sign-optimization-horizontal-vertical_scenario,617,219,3,-4,-4,90,90,15,1,46443,AdultMaleAgent(Clone),7,11,1.71,1.58,9.73291,2,True,2,1,0.5
2026-03-06_18.40.58,81,sign-optimization-horizontal-vertical_scenario,617,219,3,-4,-4,90,90,15,1,46444,WheelchairAgent(Clone),5,10,1.3,1.17,7.492188,1,True,2,1,0.5
2026-03-06_18.40.58,81,sign-optimization-horizontal-vertical_scenario,617,219,3,-4,-4,90,90,15,1,46445,AdultFemaleAgent(Clone),6,12,1.58,1.45,6.397949,1,False,2,1,0.5
2026-03-06_18.40.58,81,sign-optimization-horizontal-vertical_scenario,617,219,3,-4,-4,90,90,15,1,46446,AdultMaleAgent(Clone),5,10,1.71,1.58,7.278809,1,True,2,1,0.5
2026-03-06_18.40.58,81,sign-optimization-horizontal-vertical_scenario,617,219,3,-4,-4,90,90,15,1,46447,AdultMaleAgent(Clone),10,12,1.71,1.58,12.6543,1,False,3,0,0
2026-03-06_18.40.58,81,sign-optimization-horizontal-vertical_scenario,617,219,3,-4,-4,90,90,15,1,46448,AdultFemaleAgent(Clone),11,10,1.58,1.450001,5.953613,1,False,3,0,0
2026-03-06_18.40.58,81,sign-optimization-horizontal-vertical_scenario,617,219,3,-4,-4,90,90,15,1,46449,AdultMaleAgent(Clone),7,11,1.71,1.58,7.172852,2,True,2,1,0.5
2026-03-06_18.40.58,81,sign-optimization-horizontal-vertical_scenario,617,219,3,-4,-4,90,90,15,1,46450,WheelchairAgent(Clone),10,12,1.3,1.17,10.96924,1,False,3,0,0
2026-03-06_18.40.58,81,sign-optimization-horizontal-vertical_scenario,617,219,3,-4,-4,90,90,15,1,46451,WheelchairAgent(Clone),5,10,1.3,1.17,9.005371,1,False,2,1,0.5
2026-03-06_18.40.58,81,sign-optimization-horizontal-vertical_scenario,617,219,3,-4,-4,90,90,15,1,46452,AdultFemaleAgent(Clone),6,12,1.58,1.45,11.38818,1,False,2,0,0
2026-03-06_18.40.58,81,sign-optimization-horizontal-vertical_scenario,617,219,3,-4,-4,90,90,15,1,46453,AdultFemaleAgent(Clone),11,10,1.58,1.450001,0,0,False,3,0,0
2026-03-06_18.40.58,81,sign-optimization-horizontal-vertical_scenario,617,219,3,-4,-4,90,90,15,1,46454,AdultMaleAgent(Clone),11,10,1.71,1.58,4.948242,1,False,3,0,0
2026-03-06_18.40.58,81,sign-optimization-horizontal-vertical_scenario,617,219,3,-4,-4,90,90,15,1,46455,AdultFemaleAgent(Clone),6,12,1.58,1.45,11.54395,1,False,2,1,0.5
2026-03-06_18.40.58,81,sign-optimization-horizontal-vertical_scenario,617,219,3,-4,-4,90,90,15,1,46456,AdultMaleAgent(Clone),10,12,1.71,1.58,11.94238,1,False,3,0,0
2026-03-06_18.40.58,81,sign-optimization-horizontal-vertical_scenario,617,219,3,-4,-4,90,90,15,1,46457,AdultFemaleAgent(Clone),5,10,1.58,1.45,8.905762,1,True,2,1,0.5
2026-03-06_18.40.58,81,sign-optimization-horizontal-vertical_scenario,617,219,3,-4,-4,90,90,15,1,46458,AdultFemaleAgent(Clone),7,11,1.58,1.450001,10.75342,2,True,2,1,0.5
2026-03-06_18.40.58,81,sign-optimization-horizontal-vertical_scenario,617,219,3,-4,-4,90,90,15,1,46459,AdultMaleAgent(Clone),7,11,1.71,1.58,7.059082,1,True,2,1,0.5
2026-03-06_18.40.58,81,sign-optimization-horizontal-vertical_scenario,617,219,3,-4,-4,90,90,15,1,46460,AdultMaleAgent(Clone),6,12,1.71,1.58,12.18408,1,False,2,1,0.5
2026-03-06_18.40.58,81,sign-optimization-horizontal-vertical_scenario,617,219,3,-4,-4,90,90,15,1,46461,AdultFemaleAgent(Clone),5,10,1.58,1.45,6.362793,1,True,2,1,0.5
2026-03-06_18.40.58,81,sign-optimization-horizontal-vertical_scenario,617,219,3,-4,-4,90,90,15,1,46462,AdultMaleAgent(Clone),7,11,1.71,1.58,10.0083,2,True,2,1,0.5
2026-03-06_18.40.58,81,sign-optimization-horizontal-vertical_scenario,617,219,3,-4,-4,90,90,15,1,46463,AdultMaleAgent(Clone),7,11,1.71,1.58,11.08398,2,True,2,1,0.5
2026-03-06_18.40.58,81,sign-optimization-horizontal-vertical_scenario,617,219,3,-4,-4,90,90,15,1,46464,WheelchairAgent(Clone),11,10,1.3,1.17,7.645508,1,False,3,0,0
2026-03-06_18.40.58,81,sign-optimization-horizontal-vertical_scenario,617,219,3,-4,-4,90,90,15,1,46465,WheelchairAgent(Clone),10,12,1.3,1.17,10.12549,1,False,3,0,0
2026-03-06_18.40.58,81,sign-optimization-horizontal-vertical_scenario,617,219,3,-4,-4,90,90,15,1,46466,AdultFemaleAgent(Clone),10,12,1.58,1.45,10.90918,1,False,3,1,0.3333333
2026-03-06_18.40.58,81,sign-optimization-horizontal-vertical_scenario,617,219,3,-4,-4,90,90,15,1,46467,AdultFemaleAgent(Clone),11,10,1.58,1.450001,0,0,False,3,0,0
2026-03-06_18.40.58,81,sign-optimization-horizontal-vertical_scenario,617,219,3,-4,-4,90,90,15,1,46468,AdultMaleAgent(Clone),10,12,1.71,1.58,12.46387,1,True,3,1,0.3333333
2026-03-06_18.40.58,81,sign-optimization-horizontal-vertical_scenario,617,219,3,-4,-4,90,90,15,1,46469,WheelchairAgent(Clone),7,11,1.3,1.17,8.790039,2,False,2,1,0.5
2026-03-06_18.40.58,81,sign-optimization-horizontal-vertical_scenario,617,219,3,-4,-4,90,90,15,1,46470,AdultFemaleAgent(Clone),10,12,1.58,1.45,13.04199,1,False,3,0,0
2026-03-06_18.40.58,81,sign-optimization-horizontal-vertical_scenario,617,219,3,-4,-4,90,90,15,1,46471,WheelchairAgent(Clone),5,10,1.3,1.17,8.155762,1,True,2,1,0.5
2026-03-06_18.40.58,81,sign-optimization-horizontal-vertical_scenario,617,219,3,-4,-4,90,90,15,1,46472,AdultFemaleAgent(Clone),7,11,1.58,1.450001,11.20752,2,True,2,1,0.5
2026-03-06_18.40.58,81,sign-optimization-horizontal-vertical_scenario,617,219,3,-4,-4,90,90,15,1,46473,AdultMaleAgent(Clone),10,12,1.71,1.58,10.71533,1,True,3,2,0.6666667
2026-03-06_18.40.58,81,sign-optimization-horizontal-vertical_scenario,617,219,3,-4,-4,90,90,15,1,46474,AdultMaleAgent(Clone),6,12,1.71,1.58,6.143066,1,False,2,1,0.5
2026-03-06_18.40.58,81,sign-optimization-horizontal-vertical_scenario,617,219,3,-4,-4,90,90,15,1,46475,AdultFemaleAgent(Clone),10,12,1.58,1.45,9.855957,1,False,3,0,0
2026-03-06_18.40.58,81,sign-optimization-horizontal-vertical_scenario,617,219,3,-4,-4,90,90,15,1,46476,AdultMaleAgent(Clone),11,10,1.71,1.58,7.245605,1,False,3,0,0
2026-03-06_18.40.58,81,sign-optimization-horizontal-vertical_scenario,617,219,3,-4,-4,90,90,15,1,46477,AdultFemaleAgent(Clone),7,11,1.58,1.450001,15.09277,2,True,2,1,0.5
2026-03-06_18.40.58,81,sign-optimization-horizontal-vertical_scenario,617,219,3,-4,-4,90,90,15,1,46478,WheelchairAgent(Clone),5,10,1.3,1.17,6.706055,1,True,2,1,0.5
2026-03-06_18.40.58,81,sign-optimization-horizontal-vertical_scenario,617,219,3,-4,-4,90,90,15,1,46479,AdultFemaleAgent(Clone),6,12,1.58,1.45,6.881836,1,False,2,1,0.5
2026-03-06_18.40.58,81,sign-optimization-horizontal-vertical_scenario,617,219,3,-4,-4,90,90,15,1,46480,WheelchairAgent(Clone),7,11,1.3,1.17,1.51123,2,True,2,1,0.5
2026-03-06_18.40.58,81,sign-optimization-horizontal-vertical_scenario,617,219,3,-4,-4,90,90,15,1,46481,AdultFemaleAgent(Clone),5,10,1.58,1.45,8.615234,1,True,2,1,0.5
2026-03-06_18.40.58,81,sign-optimization-horizontal-vertical_scenario,617,219,3,-4,-4,90,90,15,1,46482,WheelchairAgent(Clone),5,10,1.3,1.17,8.056152,1,False,2,1,0.5
2026-03-06_18.40.58,81,sign-optimization-horizontal-vertical_scenario,617,219,3,-4,-4,90,90,15,1,46483,AdultFemaleAgent(Clone),5,10,1.58,1.45,6.982422,1,True,2,1,0.5
2026-03-06_18.40.58,81,sign-optimization-horizontal-vertical_scenario,617,219,3,-4,-4,90,90,15,1,46484,AdultFemaleAgent(Clone),10,12,1.58,1.45,9.779785,1,False,3,0,0
2026-03-06_18.40.58,81,sign-optimization-horizontal-vertical_scenario,617,219,3,-4,-4,90,90,15,1,46485,AdultMaleAgent(Clone),11,10,1.71,1.58,1.854492,1,False,3,0,0
2026-03-06_18.40.58,81,sign-optimization-horizontal-vertical_scenario,617,219,3,-4,-4,90,90,15,1,46486,AdultMaleAgent(Clone),10,12,1.71,1.58,11.19336,1,False,3,2,0.6666667
2026-03-06_18.40.58,81,sign-optimization-horizontal-vertical_scenario,617,219,3,-4,-4,90,90,15,1,46487,WheelchairAgent(Clone),6,12,1.3,1.17,5.300781,1,False,2,1,0.5
2026-03-06_18.40.58,81,sign-optimization-horizontal-vertical_scenario,617,219,3,-4,-4,90,90,15,1,46488,AdultFemaleAgent(Clone),5,10,1.58,1.45,11.96143,1,True,2,1,0.5
2026-03-06_18.40.58,81,sign-optimization-horizontal-vertical_scenario,617,219,3,-4,-4,90,90,15,1,46489,AdultMaleAgent(Clone),7,11,1.71,1.58,8.702148,2,True,2,1,0.5
2026-03-06_18.40.58,81,sign-optimization-horizontal-vertical_scenario,617,219,3,-4,-4,90,90,15,1,46490,AdultMaleAgent(Clone),10,12,1.71,1.58,10.52197,1,False,3,1,0.3333333
2026-03-06_18.40.58,81,sign-optimization-horizontal-vertical_scenario,617,219,3,-4,-4,90,90,15,1,46491,WheelchairAgent(Clone),5,10,1.3,1.17,7.90332,1,True,2,1,0.5
2026-03-06_18.40.58,81,sign-optimization-horizontal-vertical_scenario,617,219,3,-4,-4,90,90,15,1,46492,AdultMaleAgent(Clone),7,11,1.71,1.58,9.073242,1,True,2,1,0.5
2026-03-06_18.40.58,81,sign-optimization-horizontal-vertical_scenario,617,219,3,-4,-4,90,90,15,1,46493,WheelchairAgent(Clone),7,11,1.3,1.17,9.16748,2,True,2,1,0.5
2026-03-06_18.40.58,81,sign-optimization-horizontal-vertical_scenario,617,219,3,-4,-4,90,90,15,1,46494,AdultFemaleAgent(Clone),6,12,1.58,1.45,6.155762,1,False,2,1,0.5
2026-03-06_18.40.58,81,sign-optimization-horizontal-vertical_scenario,617,219,3,-4,-4,90,90,15,1,46495,AdultMaleAgent(Clone),7,11,1.71,1.58,9.589355,2,True,2,1,0.5
2026-03-06_18.40.58,81,sign-optimization-horizontal-vertical_scenario,617,219,3,-4,-4,90,90,15,1,46496,WheelchairAgent(Clone),6,12,1.3,1.17,7.327637,1,True,2,1,0.5
2026-03-06_18.40.58,81,sign-optimization-horizontal-vertical_scenario,617,219,3,-4,-4,90,90,15,1,46497,AdultFemaleAgent(Clone),7,11,1.58,1.450001,11.34766,2,True,2,1,0.5
2026-03-06_18.40.58,81,sign-optimization-horizontal-vertical_scenario,617,219,3,-4,-4,90,90,15,1,46498,WheelchairAgent(Clone),10,12,1.3,1.17,12.47168,1,False,3,0,0
2026-03-06_18.40.58,81,sign-optimization-horizontal-vertical_scenario,617,219,3,-4,-4,90,90,15,1,46499,AdultFemaleAgent(Clone),11,10,1.58,1.450001,8.308105,1,False,3,0,0
2026-03-06_18.40.58,81,sign-optimization-horizontal-vertical_scenario,617,219,3,-4,-4,90,90,15,1,46500,WheelchairAgent(Clone),11,10,1.3,1.17,6.994629,1,False,3,0,0
2026-03-06_18.40.58,81,sign-optimization-horizontal-vertical_scenario,617,219,3,-4,-4,90,90,15,1,46501,AdultFemaleAgent(Clone),6,12,1.58,1.45,7.041992,1,True,2,1,0.5
2026-03-06_18.40.58,81,sign-optimization-horizontal-vertical_scenario,617,219,3,-4,-4,90,90,15,1,46502,WheelchairAgent(Clone),6,12,1.3,1.17,6.30957,1,False,2,1,0.5
2026-03-06_18.40.58,81,sign-optimization-horizontal-vertical_scenario,617,219,3,-4,-4,90,90,15,1,46503,AdultMaleAgent(Clone),7,11,1.71,1.58,7.58252,2,True,2,1,0.5
2026-03-06_18.40.58,81,sign-optimization-horizontal-vertical_scenario,617,219,3,-4,-4,90,90,15,1,46504,AdultFemaleAgent(Clone),10,12,1.58,1.45,9.686523,1,False,3,2,0.6666667
2026-03-06_18.40.58,81,sign-optimization-horizontal-vertical_scenario,617,219,3,-4,-4,90,90,15,1,46505,AdultFemaleAgent(Clone),11,10,1.58,1.450001,7.896973,1,False,3,0,0
2026-03-06_18.40.58,81,sign-optimization-horizontal-vertical_scenario,617,219,3,-4,-4,90,90,15,1,46506,AdultMaleAgent(Clone),5,10,1.71,1.58,9.691895,1,True,2,1,0.5
2026-03-06_18.40.58,81,sign-optimization-horizontal-vertical_scenario,617,219,3,-4,-4,90,90,15,1,46507,AdultMaleAgent(Clone),11,10,1.71,1.58,0,0,False,3,0,0
2026-03-06_18.40.58,81,sign-optimization-horizontal-vertical_scenario,617,219,3,-4,-4,90,90,15,1,46508,WheelchairAgent(Clone),6,12,1.3,1.17,6.261719,1,False,2,1,0.5
2026-03-06_18.40.58,81,sign-optimization-horizontal-vertical_scenario,617,219,3,-4,-4,90,90,15,1,46509,AdultMaleAgent(Clone),5,10,1.71,1.58,8.387695,1,True,2,1,0.5
2026-03-06_18.40.58,81,sign-optimization-horizontal-vertical_scenario,617,219,3,-4,-4,90,90,15,1,46510,WheelchairAgent(Clone),7,11,1.3,1.17,9.890137,2,True,2,1,0.5
2026-03-06_18.40.58,81,sign-optimization-horizontal-vertical_scenario,617,219,3,-4,-4,90,90,15,1,46511,AdultFemaleAgent(Clone),5,10,1.58,1.45,7.351074,1,True,2,1,0.5
2026-03-06_18.40.58,81,sign-optimization-horizontal-vertical_scenario,617,219,3,-4,-4,90,90,15,1,46512,WheelchairAgent(Clone),10,12,1.3,1.17,10.43164,1,False,3,0,0
2026-03-06_18.40.58,81,sign-optimization-horizontal-vertical_scenario,617,219,3,-4,-4,90,90,15,1,46513,WheelchairAgent(Clone),6,12,1.3,1.17,9.247559,1,True,2,1,0.5
2026-03-06_18.40.58,81,sign-optimization-horizontal-vertical_scenario,617,219,3,-4,-4,90,90,15,1,46514,AdultFemaleAgent(Clone),10,12,1.58,1.45,11.00537,1,False,3,0,0
2026-03-06_18.40.58,81,sign-optimization-horizontal-vertical_scenario,617,219,3,-4,-4,90,90,15,1,46515,WheelchairAgent(Clone),11,10,1.3,1.17,8.487793,1,False,3,0,0
2026-03-06_18.40.58,81,sign-optimization-horizontal-vertical_scenario,617,219,3,-4,-4,90,90,15,1,46516,WheelchairAgent(Clone),5,10,1.3,1.17,6.600586,1,True,2,1,0.5
2026-03-06_18.40.58,81,sign-optimization-horizontal-vertical_scenario,617,219,3,-4,-4,90,90,15,1,46517,WheelchairAgent(Clone),6,12,1.3,1.17,9.4375,1,True,2,1,0.5
2026-03-06_18.40.58,81,sign-optimization-horizontal-vertical_scenario,617,219,3,-4,-4,90,90,15,1,46518,AdultMaleAgent(Clone),10,12,1.71,1.58,0,0,False,3,0,0
2026-03-06_18.40.58,81,sign-optimization-horizontal-vertical_scenario,617,219,3,-4,-4,90,90,15,1,46519,AdultFemaleAgent(Clone),7,11,1.58,1.450001,9.411133,1,True,2,1,0.5
2026-03-06_18.40.58,81,sign-optimization-horizontal-vertical_scenario,617,219,3,-4,-4,90,90,15,1,46520,WheelchairAgent(Clone),6,12,1.3,1.17,9.033203,1,False,2,1,0.5
2026-03-06_18.40.58,81,sign-optimization-horizontal-vertical_scenario,617,219,3,-4,-4,90,90,15,1,46521,AdultFemaleAgent(Clone),6,12,1.58,1.45,8.192871,1,True,2,1,0.5
2026-03-06_18.40.58,81,sign-optimization-horizontal-vertical_scenario,617,219,3,-4,-4,90,90,15,1,46522,AdultFemaleAgent(Clone),5,10,1.58,1.45,8.815918,1,True,2,1,0.5
2026-03-06_18.40.58,81,sign-optimization-horizontal-vertical_scenario,617,219,3,-4,-4,90,90,15,1,46523,WheelchairAgent(Clone),6,12,1.3,1.17,6.053711,1,False,2,1,0.5
2026-03-06_18.40.58,81,sign-optimization-horizontal-vertical_scenario,617,219,3,-4,-4,90,90,15,1,46524,AdultMaleAgent(Clone),6,12,1.71,1.58,8.039063,1,True,2,1,0.5
2026-03-06_18.40.58,81,sign-optimization-horizontal-vertical_scenario,617,219,3,-4,-4,90,90,15,1,46525,AdultFemaleAgent(Clone),7,11,1.58,1.450001,9.485352,2,True,2,1,0.5
2026-03-06_18.40.58,81,sign-optimization-horizontal-vertical_scenario,617,219,3,-4,-4,90,90,15,1,46526,AdultMaleAgent(Clone),11,10,1.71,1.58,2.533691,1,False,3,0,0
2026-03-06_18.40.58,81,sign-optimization-horizontal-vertical_scenario,617,219,3,-4,-4,90,90,15,1,46527,WheelchairAgent(Clone),5,10,1.3,1.17,10.38477,1,True,2,1,0.5
2026-03-06_18.40.58,81,sign-optimization-horizontal-vertical_scenario,617,219,3,-4,-4,90,90,15,1,46528,AdultFemaleAgent(Clone),5,10,1.58,1.45,8.668945,1,True,2,1,0.5
2026-03-06_18.40.58,81,sign-optimization-horizontal-vertical_scenario,617,219,3,-4,-4,90,90,15,1,46529,AdultMaleAgent(Clone),5,10,1.71,1.58,7.259277,1,True,2,1,0.5
2026-03-06_18.40.58,81,sign-optimization-horizontal-vertical_scenario,617,219,3,-4,-4,90,90,15,1,46530,AdultFemaleAgent(Clone),11,10,1.58,1.450001,0.4609375,1,False,3,0,0
2026-03-06_18.40.58,81,sign-optimization-horizontal-vertical_scenario,617,219,3,-4,-4,90,90,15,1,46531,WheelchairAgent(Clone),11,10,1.3,1.17,0.815918,1,False,3,0,0
2026-03-06_18.40.58,81,sign-optimization-horizontal-vertical_scenario,617,219,3,-4,-4,90,90,15,1,46532,AdultFemaleAgent(Clone),5,10,1.58,1.45,11.20508,1,True,2,1,0.5
2026-03-06_18.40.58,81,sign-optimization-horizontal-vertical_scenario,617,219,3,-4,-4,90,90,15,1,46533,AdultFemaleAgent(Clone),10,12,1.58,1.45,0,0,False,3,0,0
2026-03-06_18.40.58,81,sign-optimization-horizontal-vertical_scenario,617,219,3,-4,-4,90,90,15,1,46534,WheelchairAgent(Clone),10,12,1.3,1.17,10.22168,1,False,3,0,0
2026-03-06_18.40.58,81,sign-optimization-horizontal-vertical_scenario,617,219,3,-4,-4,90,90,15,1,46535,WheelchairAgent(Clone),5,10,1.3,1.17,7.229004,1,True,2,1,0.5
2026-03-06_18.40.58,81,sign-optimization-horizontal-vertical_scenario,617,219,3,-4,-4,90,90,15,1,46536,AdultFemaleAgent(Clone),6,12,1.58,1.45,9.137207,1,False,2,1,0.5
2026-03-06_18.40.58,81,sign-optimization-horizontal-vertical_scenario,617,219,3,-4,-4,90,90,15,1,46537,AdultFemaleAgent(Clone),7,11,1.58,1.450001,7.562988,1,True,2,1,0.5
2026-03-06_18.40.58,81,sign-optimization-horizontal-vertical_scenario,617,219,3,-4,-4,90,90,15,1,46538,AdultFemaleAgent(Clone),10,12,1.58,1.45,0,0,False,3,0,0
2026-03-06_18.40.58,81,sign-optimization-horizontal-vertical_scenario,617,219,3,-4,-4,90,90,15,1,46539,AdultMaleAgent(Clone),6,12,1.71,1.58,6.041504,1,False,2,1,0.5
2026-03-06_18.40.58,81,sign-optimization-horizontal-vertical_scenario,617,219,3,-4,-4,90,90,15,1,46540,AdultFemaleAgent(Clone),11,10,1.58,1.450001,0.4555664,1,False,3,0,0
2026-03-06_18.40.58,81,sign-optimization-horizontal-vertical_scenario,617,219,3,-4,-4,90,90,15,1,46541,AdultFemaleAgent(Clone),5,10,1.58,1.45,8.130371,1,True,2,1,0.5
2026-03-06_18.40.58,81,sign-optimization-horizontal-vertical_scenario,617,219,3,-4,-4,90,90,15,1,46542,AdultFemaleAgent(Clone),7,11,1.58,1.450001,8.056152,1,True,2,1,0.5
2026-03-06_18.40.58,81,sign-optimization-horizontal-vertical_scenario,617,219,3,-4,-4,90,90,15,1,46543,AdultMaleAgent(Clone),10,12,1.71,1.58,0,0,False,3,0,0
2026-03-06_18.40.58,81,sign-optimization-horizontal-vertical_scenario,617,219,3,-4,-4,90,90,15,1,46544,AdultMaleAgent(Clone),7,11,1.71,1.58,9.539063,1,True,2,1,0.5
2026-03-06_18.40.58,81,sign-optimization-horizontal-vertical_scenario,617,219,3,-4,-4,90,90,15,1,46545,AdultMaleAgent(Clone),7,11,1.71,1.58,10.69531,1,True,2,1,0.5
2026-03-06_18.40.58,81,sign-optimization-horizontal-vertical_scenario,617,219,3,-4,-4,90,90,15,1,46546,AdultMaleAgent(Clone),6,12,1.71,1.58,0,0,True,2,1,0.5
2026-03-06_18.40.58,81,sign-optimization-horizontal-vertical_scenario,617,219,3,-4,-4,90,90,15,1,46547,AdultMaleAgent(Clone),11,10,1.71,1.58,8.651855,1,False,3,0,0
2026-03-06_18.40.58,81,sign-optimization-horizontal-vertical_scenario,617,219,3,-4,-4,90,90,15,1,46548,AdultFemaleAgent(Clone),11,10,1.58,1.450001,5.070313,1,False,3,0,0
2026-03-06_18.40.58,81,sign-optimization-horizontal-vertical_scenario,617,219,3,-4,-4,90,90,15,1,46549,AdultFemaleAgent(Clone),6,12,1.58,1.45,6.439941,1,False,2,1,0.5
2026-03-06_18.40.58,81,sign-optimization-horizontal-vertical_scenario,617,219,3,-4,-4,90,90,15,1,46550,WheelchairAgent(Clone),5,10,1.3,1.17,10.37402,1,False,2,1,0.5
2026-03-06_18.40.58,81,sign-optimization-horizontal-vertical_scenario,617,219,3,-4,-4,90,90,15,1,46551,AdultMaleAgent(Clone),6,12,1.71,1.58,6.403809,1,False,2,1,0.5
2026-03-06_18.40.58,81,sign-optimization-horizontal-vertical_scenario,617,219,3,-4,-4,90,90,15,1,46552,AdultFemaleAgent(Clone),11,10,1.58,1.450001,1.984375,1,False,3,0,0
2026-03-06_18.40.58,81,sign-optimization-horizontal-vertical_scenario,617,219,3,-4,-4,90,90,15,1,46553,WheelchairAgent(Clone),11,10,1.3,1.17,0,0,False,3,0,0
2026-03-06_18.40.58,81,sign-optimization-horizontal-vertical_scenario,617,219,3,-4,-4,90,90,15,1,46554,AdultMaleAgent(Clone),6,12,1.71,1.58,7.066895,1,True,2,1,0.5
2026-03-06_18.40.58,81,sign-optimization-horizontal-vertical_scenario,617,219,3,-4,-4,90,90,15,1,46555,AdultMaleAgent(Clone),10,12,1.71,1.58,0,0,False,3,0,0
2026-03-06_18.40.58,81,sign-optimization-horizontal-vertical_scenario,617,219,3,-4,-4,90,90,15,1,46556,AdultMaleAgent(Clone),10,12,1.71,1.58,0,0,False,3,0,0
2026-03-06_18.40.58,81,sign-optimization-horizontal-vertical_scenario,617,219,3,-4,-4,90,90,15,1,46557,AdultFemaleAgent(Clone),5,10,1.58,1.45,10.14063,1,True,2,1,0.5
2026-03-06_18.40.58,81,sign-optimization-horizontal-vertical_scenario,617,219,3,-4,-4,90,90,15,1,46558,AdultFemaleAgent(Clone),5,10,1.58,1.45,8.205078,1,True,2,1,0.5
2026-03-06_18.40.58,81,sign-optimization-horizontal-vertical_scenario,617,219,3,-4,-4,90,90,15,1,46559,WheelchairAgent(Clone),7,11,1.3,1.17,7.473633,1,False,2,1,0.5
2026-03-06_18.40.58,81,sign-optimization-horizontal-vertical_scenario,617,219,3,-4,-4,90,90,15,1,46560,AdultFemaleAgent(Clone),6,12,1.58,1.45,8.715332,1,True,2,1,0.5
2026-03-06_18.40.58,81,sign-optimization-horizontal-vertical_scenario,617,219,3,-4,-4,90,90,15,1,46561,AdultFemaleAgent(Clone),11,10,1.58,1.450001,7.017578,1,False,3,0,0
2026-03-06_18.40.58,81,sign-optimization-horizontal-vertical_scenario,617,219,3,-4,-4,90,90,15,1,46562,AdultFemaleAgent(Clone),5,10,1.58,1.45,9.878418,1,True,2,1,0.5
2026-03-06_18.40.58,81,sign-optimization-horizontal-vertical_scenario,617,219,3,-4,-4,90,90,15,1,46563,AdultFemaleAgent(Clone),11,10,1.58,1.450001,0,0,False,3,0,0
2026-03-06_18.40.58,81,sign-optimization-horizontal-vertical_scenario,617,219,3,-4,-4,90,90,15,1,46564,AdultMaleAgent(Clone),10,12,1.71,1.58,0,0,False,3,0,0
2026-03-06_18.40.58,81,sign-optimization-horizontal-vertical_scenario,617,219,3,-4,-4,90,90,15,1,46565,WheelchairAgent(Clone),5,10,1.3,1.17,8.838379,1,True,2,1,0.5
2026-03-06_18.40.58,81,sign-optimization-horizontal-vertical_scenario,617,219,3,-4,-4,90,90,15,1,46566,AdultMaleAgent(Clone),10,12,1.71,1.58,0,0,False,3,1,0.3333333
2026-03-06_18.40.58,81,sign-optimization-horizontal-vertical_scenario,617,219,3,-4,-4,90,90,15,1,46567,AdultMaleAgent(Clone),5,10,1.71,1.58,12.27051,1,True,2,1,0.5
2026-03-06_18.40.58,81,sign-optimization-horizontal-vertical_scenario,617,219,3,-4,-4,90,90,15,1,46568,WheelchairAgent(Clone),11,10,1.3,1.17,3.183594,1,False,3,0,0
2026-03-06_18.40.58,81,sign-optimization-horizontal-vertical_scenario,617,219,3,-4,-4,90,90,15,1,46569,AdultMaleAgent(Clone),10,12,1.71,1.58,0,0,False,3,1,0.3333333
2026-03-06_18.40.58,81,sign-optimization-horizontal-vertical_scenario,617,219,3,-4,-4,90,90,15,1,46570,WheelchairAgent(Clone),6,12,1.3,1.17,9.441895,1,False,2,1,0.5
2026-03-06_18.40.58,81,sign-optimization-horizontal-vertical_scenario,617,219,3,-4,-4,90,90,15,1,46571,AdultMaleAgent(Clone),11,10,1.71,1.58,0.7270508,1,False,3,0,0
2026-03-06_18.40.58,81,sign-optimization-horizontal-vertical_scenario,617,219,3,-4,-4,90,90,15,1,46572,AdultMaleAgent(Clone),11,10,1.71,1.58,7.367676,1,False,3,0,0
2026-03-06_18.40.58,81,sign-optimization-horizontal-vertical_scenario,617,219,3,-4,-4,90,90,15,1,46573,WheelchairAgent(Clone),5,10,1.3,1.17,9.953613,1,True,2,1,0.5
2026-03-06_18.40.58,81,sign-optimization-horizontal-vertical_scenario,617,219,3,-4,-4,90,90,15,1,46574,AdultFemaleAgent(Clone),6,12,1.58,1.45,0,0,False,2,1,0.5
2026-03-06_18.40.58,81,sign-optimization-horizontal-vertical_scenario,617,219,3,-4,-4,90,90,15,1,46575,WheelchairAgent(Clone),11,10,1.3,1.17,3.832031,1,False,3,0,0
2026-03-06_18.40.58,81,sign-optimization-horizontal-vertical_scenario,617,219,3,-4,-4,90,90,15,1,46576,WheelchairAgent(Clone),6,12,1.3,1.17,0,0,False,2,1,0.5
2026-03-06_18.40.58,81,sign-optimization-horizontal-vertical_scenario,617,219,3,-4,-4,90,90,15,1,46577,AdultMaleAgent(Clone),11,10,1.71,1.58,8.246094,1,False,3,0,0
2026-03-06_18.40.58,81,sign-optimization-horizontal-vertical_scenario,617,219,3,-4,-4,90,90,15,1,46578,AdultFemaleAgent(Clone),11,10,1.58,1.450001,2.040527,1,False,3,0,0
2026-03-06_18.40.58,81,sign-optimization-horizontal-vertical_scenario,617,219,3,-4,-4,90,90,15,1,46579,AdultFemaleAgent(Clone),10,12,1.58,1.45,0,0,False,3,0,0
2026-03-06_18.40.58,81,sign-optimization-horizontal-vertical_scenario,617,219,3,-4,-4,90,90,15,1,46580,AdultMaleAgent(Clone),10,12,1.71,1.58,0,0,False,3,0,0
2026-03-06_18.40.58,81,sign-optimization-horizontal-vertical_scenario,617,219,3,-4,-4,90,90,15,1,46581,AdultFemaleAgent(Clone),10,12,1.58,1.45,0,0,False,3,0,0
2026-03-06_18.40.58,81,sign-optimization-horizontal-vertical_scenario,617,219,3,-4,-4,90,90,15,1,46582,AdultFemaleAgent(Clone),6,12,1.58,1.45,0,0,False,2,1,0.5
2026-03-06_18.40.58,81,sign-optimization-horizontal-vertical_scenario,617,219,3,-4,-4,90,90,15,1,46583,AdultFemaleAgent(Clone),6,12,1.58,1.45,0,0,True,2,1,0.5
2026-03-06_18.40.58,81,sign-optimization-horizontal-vertical_scenario,617,219,3,-4,-4,90,90,15,1,46584,AdultFemaleAgent(Clone),10,12,1.58,1.45,0,0,False,3,0,0
2026-03-06_18.40.58,81,sign-optimization-horizontal-vertical_scenario,617,219,3,-4,-4,90,90,15,1,46585,WheelchairAgent(Clone),7,11,1.3,1.17,8.12207,1,True,2,1,0.5
2026-03-06_18.40.58,81,sign-optimization-horizontal-vertical_scenario,617,219,3,-4,-4,90,90,15,1,46586,AdultMaleAgent(Clone),10,12,1.71,1.58,0,0,False,3,0,0
2026-03-06_18.40.58,81,sign-optimization-horizontal-vertical_scenario,617,219,3,-4,-4,90,90,15,1,46587,AdultFemaleAgent(Clone),6,12,1.58,1.45,8.495605,1,False,2,1,0.5
2026-03-06_18.40.58,81,sign-optimization-horizontal-vertical_scenario,617,219,3,-4,-4,90,90,15,1,46588,AdultMaleAgent(Clone),7,11,1.71,1.58,7.001953,1,True,2,1,0.5
2026-03-06_18.40.58,81,sign-optimization-horizontal-vertical_scenario,617,219,3,-4,-4,90,90,15,1,46589,WheelchairAgent(Clone),6,12,1.3,1.17,0,0,False,2,1,0.5
2026-03-06_18.40.58,81,sign-optimization-horizontal-vertical_scenario,617,219,3,-4,-4,90,90,15,1,46590,AdultFemaleAgent(Clone),10,12,1.58,1.45,0,0,False,3,0,0
2026-03-06_18.40.58,81,sign-optimization-horizontal-vertical_scenario,617,219,3,-4,-4,90,90,15,1,46591,WheelchairAgent(Clone),5,10,1.3,1.17,7.268066,1,False,2,1,0.5
2026-03-06_18.40.58,81,sign-optimization-horizontal-vertical_scenario,617,219,3,-4,-4,90,90,15,1,46592,AdultMaleAgent(Clone),5,10,1.71,1.58,9.341797,1,True,2,1,0.5
2026-03-06_18.40.58,81,sign-optimization-horizontal-vertical_scenario,617,219,3,-4,-4,90,90,15,1,46593,WheelchairAgent(Clone),11,10,1.3,1.17,0,0,False,3,0,0
2026-03-06_18.40.58,81,sign-optimization-horizontal-vertical_scenario,617,219,3,-4,-4,90,90,15,1,46594,AdultFemaleAgent(Clone),7,11,1.58,1.450001,7.269043,1,True,2,1,0.5
2026-03-06_18.40.58,81,sign-optimization-horizontal-vertical_scenario,617,219,3,-4,-4,90,90,15,1,46595,WheelchairAgent(Clone),7,11,1.3,1.17,7.965332,1,True,2,1,0.5
2026-03-06_18.40.58,81,sign-optimization-horizontal-vertical_scenario,617,219,3,-4,-4,90,90,15,1,46596,WheelchairAgent(Clone),6,12,1.3,1.17,0,0,False,2,1,0.5
2026-03-06_18.40.58,81,sign-optimization-horizontal-vertical_scenario,617,219,3,-4,-4,90,90,15,1,46597,WheelchairAgent(Clone),10,12,1.3,1.17,0,0,False,3,0,0
2026-03-06_18.40.58,81,sign-optimization-horizontal-vertical_scenario,617,219,3,-4,-4,90,90,15,1,46598,WheelchairAgent(Clone),7,11,1.3,1.17,8.994629,1,True,2,1,0.5
2026-03-06_18.40.58,81,sign-optimization-horizontal-vertical_scenario,617,219,3,-4,-4,90,90,15,1,46599,AdultMaleAgent(Clone),5,10,1.71,1.58,9.157227,1,True,2,1,0.5
2026-03-06_18.40.58,81,sign-optimization-horizontal-vertical_scenario,617,219,3,-4,-4,90,90,15,1,46600,AdultFemaleAgent(Clone),10,12,1.58,1.45,0,0,False,3,0,0
2026-03-06_18.40.58,81,sign-optimization-horizontal-vertical_scenario,617,219,3,-4,-4,90,90,15,1,46601,AdultMaleAgent(Clone),10,12,1.71,1.58,0,0,False,3,0,0
2026-03-06_18.40.58,81,sign-optimization-horizontal-vertical_scenario,617,219,3,-4,-4,90,90,15,1,46602,AdultMaleAgent(Clone),10,12,1.71,1.58,0,0,False,3,0,0
2026-03-06_18.40.58,81,sign-optimization-horizontal-vertical_scenario,617,219,3,-4,-4,90,90,15,1,46603,AdultFemaleAgent(Clone),11,10,1.58,1.450001,0.2939453,1,False,3,0,0
2026-03-06_18.40.58,81,sign-optimization-horizontal-vertical_scenario,617,219,3,-4,-4,90,90,15,1,46604,WheelchairAgent(Clone),5,10,1.3,1.17,6.932617,1,True,2,1,0.5
2026-03-06_18.40.58,81,sign-optimization-horizontal-vertical_scenario,617,219,3,-4,-4,90,90,15,1,46605,AdultFemaleAgent(Clone),10,12,1.58,1.45,0,0,False,3,0,0
2026-03-06_18.40.58,81,sign-optimization-horizontal-vertical_scenario,617,219,3,-4,-4,90,90,15,1,46606,AdultFemaleAgent(Clone),11,10,1.58,1.450001,0,0,False,3,0,0
2026-03-06_18.40.58,81,sign-optimization-horizontal-vertical_scenario,617,219,3,-4,-4,90,90,15,1,46607,AdultFemaleAgent(Clone),11,10,1.58,1.450001,0,0,False,3,0,0
2026-03-06_18.40.58,81,sign-optimization-horizontal-vertical_scenario,617,219,3,-4,-4,90,90,15,1,46608,AdultFemaleAgent(Clone),11,10,1.58,1.450001,1.723145,1,False,3,0,0
2026-03-06_18.40.58,81,sign-optimization-horizontal-vertical_scenario,617,219,3,-4,-4,90,90,15,1,46609,AdultMaleAgent(Clone),6,12,1.71,1.58,0,0,False,2,1,0.5
2026-03-06_18.40.58,81,sign-optimization-horizontal-vertical_scenario,617,219,3,-4,-4,90,90,15,1,46610,AdultFemaleAgent(Clone),5,10,1.58,1.45,9.952637,1,True,2,1,0.5
2026-03-06_18.40.58,81,sign-optimization-horizontal-vertical_scenario,617,219,3,-4,-4,90,90,15,1,46611,AdultMaleAgent(Clone),5,10,1.71,1.58,9.178711,1,True,2,1,0.5
2026-03-06_18.40.58,81,sign-optimization-horizontal-vertical_scenario,617,219,3,-4,-4,90,90,15,1,46612,AdultFemaleAgent(Clone),10,12,1.58,1.45,0,0,False,3,0,0
2026-03-06_18.40.58,81,sign-optimization-horizontal-vertical_scenario,617,219,3,-4,-4,90,90,15,1,46613,WheelchairAgent(Clone),11,10,1.3,1.17,0.2075195,1,False,3,0,0
2026-03-06_18.40.58,81,sign-optimization-horizontal-vertical_scenario,617,219,3,-4,-4,90,90,15,1,46614,WheelchairAgent(Clone),10,12,1.3,1.17,0,0,False,3,0,0
2026-03-06_18.40.58,81,sign-optimization-horizontal-vertical_scenario,617,219,3,-4,-4,90,90,15,1,46615,AdultFemaleAgent(Clone),11,10,1.58,1.450001,0.3154297,1,False,3,0,0
2026-03-06_18.40.58,81,sign-optimization-horizontal-vertical_scenario,617,219,3,-4,-4,90,90,15,1,46616,AdultFemaleAgent(Clone),5,10,1.58,1.45,10.71045,1,False,2,1,0.5
2026-03-06_18.40.58,81,sign-optimization-horizontal-vertical_scenario,617,219,3,-4,-4,90,90,15,1,46617,AdultMaleAgent(Clone),6,12,1.71,1.58,0,0,True,2,1,0.5
2026-03-06_18.40.58,81,sign-optimization-horizontal-vertical_scenario,617,219,3,-4,-4,90,90,15,1,46618,AdultMaleAgent(Clone),10,12,1.71,1.58,0,0,False,3,0,0
2026-03-06_18.40.58,81,sign-optimization-horizontal-vertical_scenario,617,219,3,-4,-4,90,90,15,1,46619,AdultFemaleAgent(Clone),10,12,1.58,1.45,0,0,False,3,1,0.3333333
2026-03-06_18.40.58,81,sign-optimization-horizontal-vertical_scenario,617,219,3,-4,-4,90,90,15,1,46620,AdultFemaleAgent(Clone),10,12,1.58,1.45,0,0,False,3,1,0.3333333
2026-03-06_18.40.58,81,sign-optimization-horizontal-vertical_scenario,617,219,3,-4,-4,90,90,15,1,46621,AdultFemaleAgent(Clone),10,12,1.58,1.45,0,0,False,3,0,0
2026-03-06_18.40.58,81,sign-optimization-horizontal-vertical_scenario,617,219,3,-4,-4,90,90,15,1,46622,AdultFemaleAgent(Clone),6,12,1.58,1.45,0,0,False,2,1,0.5
2026-03-06_18.40.58,81,sign-optimization-horizontal-vertical_scenario,617,219,3,-4,-4,90,90,15,1,46623,WheelchairAgent(Clone),10,12,1.3,1.17,0,0,False,3,0,0
2026-03-06_18.40.58,81,sign-optimization-horizontal-vertical_scenario,617,219,3,-4,-4,90,90,15,1,46624,AdultFemaleAgent(Clone),11,10,1.58,1.450001,0,0,False,3,0,0
2026-03-06_18.40.58,81,sign-optimization-horizontal-vertical_scenario,617,219,3,-4,-4,90,90,15,1,46625,AdultMaleAgent(Clone),7,11,1.71,1.58,10.33936,1,True,2,1,0.5
2026-03-06_18.40.58,81,sign-optimization-horizontal-vertical_scenario,617,219,3,-4,-4,90,90,15,1,46626,AdultMaleAgent(Clone),11,10,1.71,1.58,0,0,False,3,0,0
2026-03-06_18.40.58,81,sign-optimization-horizontal-vertical_scenario,617,219,3,-4,-4,90,90,15,1,46627,WheelchairAgent(Clone),7,11,1.3,1.17,8.474121,1,True,2,1,0.5
2026-03-06_18.40.58,81,sign-optimization-horizontal-vertical_scenario,617,219,3,-4,-4,90,90,15,1,46628,WheelchairAgent(Clone),11,10,1.3,1.17,0,0,False,3,0,0
2026-03-06_18.40.58,81,sign-optimization-horizontal-vertical_scenario,617,219,3,-4,-4,90,90,15,1,46629,AdultMaleAgent(Clone),5,10,1.71,1.58,9.262695,1,True,2,1,0.5
2026-03-06_18.40.58,81,sign-optimization-horizontal-vertical_scenario,617,219,3,-4,-4,90,90,15,1,46630,AdultMaleAgent(Clone),7,11,1.71,1.58,8.595703,1,True,2,1,0.5
2026-03-06_18.40.58,81,sign-optimization-horizontal-vertical_scenario,617,219,3,-4,-4,90,90,15,1,46631,AdultFemaleAgent(Clone),5,10,1.58,1.45,9.588379,1,True,2,1,0.5
2026-03-06_18.40.58,81,sign-optimization-horizontal-vertical_scenario,617,219,3,-4,-4,90,90,15,1,46632,AdultMaleAgent(Clone),6,12,1.71,1.58,0,0,True,2,1,0.5
2026-03-06_18.40.58,81,sign-optimization-horizontal-vertical_scenario,617,219,3,-4,-4,90,90,15,1,46633,AdultMaleAgent(Clone),5,10,1.71,1.58,6.566895,1,True,2,1,0.5
2026-03-06_18.40.58,81,sign-optimization-horizontal-vertical_scenario,617,219,3,-4,-4,90,90,15,1,46634,WheelchairAgent(Clone),7,11,1.3,1.17,7.48291,1,True,2,1,0.5
2026-03-06_18.40.58,81,sign-optimization-horizontal-vertical_scenario,617,219,3,-4,-4,90,90,15,1,46635,AdultMaleAgent(Clone),6,12,1.71,1.58,0,0,True,2,1,0.5
2026-03-06_18.40.58,81,sign-optimization-horizontal-vertical_scenario,617,219,3,-4,-4,90,90,15,1,46636,AdultMaleAgent(Clone),10,12,1.71,1.58,0,0,True,3,1,0.3333333
2026-03-06_18.40.58,81,sign-optimization-horizontal-vertical_scenario,617,219,3,-4,-4,90,90,15,1,46637,AdultMaleAgent(Clone),6,12,1.71,1.58,0,0,False,2,0,0
2026-03-06_18.40.58,81,sign-optimization-horizontal-vertical_scenario,617,219,3,-4,-4,90,90,15,1,46638,AdultMaleAgent(Clone),11,10,1.71,1.58,0.8295898,1,False,3,0,0
2026-03-06_18.40.58,81,sign-optimization-horizontal-vertical_scenario,617,219,3,-4,-4,90,90,15,1,46639,AdultMaleAgent(Clone),10,12,1.71,1.58,0,0,False,3,0,0
2026-03-06_18.40.58,81,sign-optimization-horizontal-vertical_scenario,617,219,3,-4,-4,90,90,15,1,46640,AdultFemaleAgent(Clone),6,12,1.58,1.45,0,0,False,2,0,0
2026-03-06_18.40.58,81,sign-optimization-horizontal-vertical_scenario,617,219,3,-4,-4,90,90,15,1,46641,AdultFemaleAgent(Clone),11,10,1.58,1.450001,0,0,False,3,0,0
2026-03-06_18.40.58,81,sign-optimization-horizontal-vertical_scenario,617,219,3,-4,-4,90,90,15,1,46642,AdultMaleAgent(Clone),6,12,1.71,1.58,0,0,False,2,0,0
2026-03-06_18.40.58,81,sign-optimization-horizontal-vertical_scenario,617,219,3,-4,-4,90,90,15,1,46643,AdultMaleAgent(Clone),11,10,1.71,1.58,0.5297852,1,False,3,0,0
2026-03-06_18.40.58,81,sign-optimization-horizontal-vertical_scenario,617,219,3,-4,-4,90,90,15,1,46644,WheelchairAgent(Clone),10,12,1.3,1.17,0,0,False,3,0,0
2026-03-06_18.40.58,81,sign-optimization-horizontal-vertical_scenario,617,219,3,-4,-4,90,90,15,1,46645,AdultFemaleAgent(Clone),6,12,1.58,1.45,0,0,False,2,1,0.5
2026-03-06_18.40.58,81,sign-optimization-horizontal-vertical_scenario,617,219,3,-4,-4,90,90,15,1,46646,AdultFemaleAgent(Clone),6,12,1.58,1.45,0,0,False,2,1,0.5
2026-03-06_18.40.58,81,sign-optimization-horizontal-vertical_scenario,617,219,3,-4,-4,90,90,15,1,46647,AdultFemaleAgent(Clone),5,10,1.58,1.45,0,0,True,2,1,0.5
2026-03-06_18.40.58,81,sign-optimization-horizontal-vertical_scenario,617,219,3,-4,-4,90,90,15,1,46648,AdultFemaleAgent(Clone),11,10,1.58,1.450001,0,0,False,3,0,0
2026-03-06_18.40.58,81,sign-optimization-horizontal-vertical_scenario,617,219,3,-4,-4,90,90,15,1,46649,WheelchairAgent(Clone),10,12,1.3,1.17,0,0,False,3,0,0
2026-03-06_18.40.58,81,sign-optimization-horizontal-vertical_scenario,617,219,3,-4,-4,90,90,15,1,46650,WheelchairAgent(Clone),7,11,1.3,1.17,9.140137,1,True,2,1,0.5
2026-03-06_18.40.58,81,sign-optimization-horizontal-vertical_scenario,617,219,3,-4,-4,90,90,15,1,46651,AdultFemaleAgent(Clone),10,12,1.58,1.45,0,0,False,3,0,0
2026-03-06_18.40.58,81,sign-optimization-horizontal-vertical_scenario,617,219,3,-4,-4,90,90,15,1,46652,AdultFemaleAgent(Clone),11,10,1.58,1.450001,0,0,False,3,0,0
2026-03-06_18.40.58,81,sign-optimization-horizontal-vertical_scenario,617,219,3,-4,-4,90,90,15,1,46653,AdultFemaleAgent(Clone),6,12,1.58,1.45,0,0,False,2,0,0
2026-03-06_18.40.58,81,sign-optimization-horizontal-vertical_scenario,617,219,3,-4,-4,90,90,15,1,46654,AdultFemaleAgent(Clone),10,12,1.58,1.45,0,0,False,3,0,0
2026-03-06_18.40.58,81,sign-optimization-horizontal-vertical_scenario,617,219,3,-4,-4,90,90,15,1,46655,AdultFemaleAgent(Clone),10,12,1.58,1.45,0,0,False,3,0,0
2026-03-06_18.40.58,81,sign-optimization-horizontal-vertical_scenario,617,219,3,-4,-4,90,90,15,1,46656,AdultFemaleAgent(Clone),7,11,1.58,1.450001,8.174805,1,True,2,1,0.5
2026-03-06_18.40.58,81,sign-optimization-horizontal-vertical_scenario,617,219,3,-4,-4,90,90,15,1,46657,WheelchairAgent(Clone),6,12,1.3,1.17,0,0,False,2,0,0
2026-03-06_18.40.58,81,sign-optimization-horizontal-vertical_scenario,617,219,3,-4,-4,90,90,15,1,46658,AdultMaleAgent(Clone),10,12,1.71,1.58,0,0,False,3,0,0
2026-03-06_18.40.58,81,sign-optimization-horizontal-vertical_scenario,617,219,3,-4,-4,90,90,15,1,46659,WheelchairAgent(Clone),10,12,1.3,1.17,0,0,False,3,0,0
2026-03-06_18.40.58,81,sign-optimization-horizontal-vertical_scenario,617,219,3,-4,-4,90,90,15,1,46660,AdultMaleAgent(Clone),7,11,1.71,1.58,0,0,True,2,1,0.5
2026-03-06_18.40.58,81,sign-optimization-horizontal-vertical_scenario,617,219,3,-4,-4,90,90,15,1,46661,AdultFemaleAgent(Clone),6,12,1.58,1.45,0,0,False,2,0,0
2026-03-06_18.40.58,81,sign-optimization-horizontal-vertical_scenario,617,219,3,-4,-4,90,90,15,1,46662,WheelchairAgent(Clone),7,11,1.3,1.17,0,0,True,2,1,0.5
2026-03-06_18.40.58,81,sign-optimization-horizontal-vertical_scenario,617,219,3,-4,-4,90,90,15,1,46663,AdultFemaleAgent(Clone),7,11,1.58,1.450001,0,0,True,2,1,0.5
2026-03-06_18.40.58,81,sign-optimization-horizontal-vertical_scenario,617,219,3,-4,-4,90,90,15,1,46664,AdultFemaleAgent(Clone),5,10,1.58,1.45,0,0,True,2,1,0.5
2026-03-06_18.40.58,81,sign-optimization-horizontal-vertical_scenario,617,219,3,-4,-4,90,90,15,1,46665,AdultMaleAgent(Clone),7,11,1.71,1.58,0,0,False,2,1,0.5
2026-03-06_18.40.58,81,sign-optimization-horizontal-vertical_scenario,617,219,3,-4,-4,90,90,15,1,46666,AdultMaleAgent(Clone),11,10,1.71,1.58,3.738281,1,False,3,0,0
2026-03-06_18.40.58,81,sign-optimization-horizontal-vertical_scenario,617,219,3,-4,-4,90,90,15,1,46667,AdultMaleAgent(Clone),11,10,1.71,1.58,0.4555664,2,False,3,0,0
2026-03-06_18.40.58,81,sign-optimization-horizontal-vertical_scenario,617,219,3,-4,-4,90,90,15,1,46668,WheelchairAgent(Clone),11,10,1.3,1.17,0,0,False,3,0,0
2026-03-06_18.40.58,81,sign-optimization-horizontal-vertical_scenario,617,219,3,-4,-4,90,90,15,1,46669,AdultFemaleAgent(Clone),7,11,1.58,1.450001,0,0,True,2,1,0.5
2026-03-06_18.40.58,81,sign-optimization-horizontal-vertical_scenario,617,219,3,-4,-4,90,90,15,1,46670,WheelchairAgent(Clone),5,10,1.3,1.17,0,0,True,2,1,0.5
2026-03-06_18.40.58,81,sign-optimization-horizontal-vertical_scenario,617,219,3,-4,-4,90,90,15,1,46671,AdultFemaleAgent(Clone),11,10,1.58,1.450001,0,0,False,3,0,0
2026-03-06_18.40.58,81,sign-optimization-horizontal-vertical_scenario,617,219,3,-4,-4,90,90,15,1,46672,AdultMaleAgent(Clone),5,10,1.71,1.58,0,0,True,2,1,0.5
2026-03-06_18.40.58,81,sign-optimization-horizontal-vertical_scenario,617,219,3,-4,-4,90,90,15,1,46673,AdultFemaleAgent(Clone),10,12,1.58,1.45,0,0,False,3,0,0
2026-03-06_18.40.58,81,sign-optimization-horizontal-vertical_scenario,617,219,3,-4,-4,90,90,15,1,46674,WheelchairAgent(Clone),5,10,1.3,1.17,0,0,True,2,1,0.5
2026-03-06_18.40.58,81,sign-optimization-horizontal-vertical_scenario,617,219,3,-4,-4,90,90,15,1,46675,AdultFemaleAgent(Clone),6,12,1.58,1.45,0,0,False,2,0,0
2026-03-06_18.40.58,81,sign-optimization-horizontal-vertical_scenario,617,219,3,-4,-4,90,90,15,1,46676,WheelchairAgent(Clone),10,12,1.3,1.17,0,0,False,3,0,0
2026-03-06_18.40.58,81,sign-optimization-horizontal-vertical_scenario,617,219,3,-4,-4,90,90,15,1,46677,AdultMaleAgent(Clone),5,10,1.71,1.58,0,0,True,2,1,0.5
2026-03-06_18.40.58,81,sign-optimization-horizontal-vertical_scenario,617,219,3,-4,-4,90,90,15,1,46678,WheelchairAgent(Clone),11,10,1.3,1.17,0,0,False,3,0,0
2026-03-06_18.40.58,81,sign-optimization-horizontal-vertical_scenario,617,219,3,-4,-4,90,90,15,1,46679,WheelchairAgent(Clone),10,12,1.3,1.17,0,0,False,3,0,0
2026-03-06_18.40.58,81,sign-optimization-horizontal-vertical_scenario,617,219,3,-4,-4,90,90,15,1,46680,AdultFemaleAgent(Clone),7,11,1.58,1.450001,6.664551,1,True,2,1,0.5
2026-03-06_18.40.58,81,sign-optimization-horizontal-vertical_scenario,617,219,3,-4,-4,90,90,15,1,46681,AdultFemaleAgent(Clone),11,10,1.58,1.450001,0,0,False,3,0,0
2026-03-06_18.40.58,81,sign-optimization-horizontal-vertical_scenario,617,219,3,-4,-4,90,90,15,1,46682,AdultFemaleAgent(Clone),7,11,1.58,1.450001,0,0,False,2,0,0
2026-03-06_18.40.58,81,sign-optimization-horizontal-vertical_scenario,617,219,3,-4,-4,90,90,15,1,46683,AdultFemaleAgent(Clone),11,10,1.58,1.450001,0,0,False,3,0,0
2026-03-06_18.40.58,81,sign-optimization-horizontal-vertical_scenario,617,219,3,-4,-4,90,90,15,1,46684,WheelchairAgent(Clone),6,12,1.3,1.17,0,0,False,2,0,0
2026-03-06_18.40.58,81,sign-optimization-horizontal-vertical_scenario,617,219,3,-4,-4,90,90,15,1,46685,WheelchairAgent(Clone),5,10,1.3,1.17,0,0,True,2,1,0.5
2026-03-06_18.40.58,81,sign-optimization-horizontal-vertical_scenario,617,219,3,-4,-4,90,90,15,1,46686,AdultFemaleAgent(Clone),6,12,1.58,1.45,0,0,False,2,0,0
2026-03-06_18.40.58,81,sign-optimization-horizontal-vertical_scenario,617,219,3,-4,-4,90,90,15,1,46687,WheelchairAgent(Clone),6,12,1.3,1.17,0,0,False,2,0,0
2026-03-06_18.40.58,81,sign-optimization-horizontal-vertical_scenario,617,219,3,-4,-4,90,90,15,1,46688,AdultMaleAgent(Clone),11,10,1.71,1.58,0,0,False,3,0,0
2026-03-06_18.40.58,81,sign-optimization-horizontal-vertical_scenario,617,219,3,-4,-4,90,90,15,1,46689,WheelchairAgent(Clone),11,10,1.3,1.17,0.5810547,1,False,3,0,0
2026-03-06_18.40.58,81,sign-optimization-horizontal-vertical_scenario,617,219,3,-4,-4,90,90,15,1,46690,AdultFemaleAgent(Clone),7,11,1.58,1.450001,0,0,True,2,1,0.5
2026-03-06_18.40.58,81,sign-optimization-horizontal-vertical_scenario,617,219,3,-4,-4,90,90,15,1,46691,AdultFemaleAgent(Clone),5,10,1.58,1.45,0,0,True,2,1,0.5
2026-03-06_18.40.58,81,sign-optimization-horizontal-vertical_scenario,617,219,3,-4,-4,90,90,15,1,46692,WheelchairAgent(Clone),11,10,1.3,1.17,0,0,False,3,0,0
2026-03-06_18.40.58,81,sign-optimization-horizontal-vertical_scenario,617,219,3,-4,-4,90,90,15,1,46693,AdultFemaleAgent(Clone),5,10,1.58,1.45,0,0,True,2,1,0.5
2026-03-06_18.40.58,81,sign-optimization-horizontal-vertical_scenario,617,219,3,-4,-4,90,90,15,1,46694,AdultFemaleAgent(Clone),5,10,1.58,1.45,0,0,False,2,1,0.5
2026-03-06_18.40.58,81,sign-optimization-horizontal-vertical_scenario,617,219,3,-4,-4,90,90,15,1,46695,AdultMaleAgent(Clone),5,10,1.71,1.58,0,0,True,2,1,0.5
2026-03-06_18.40.58,81,sign-optimization-horizontal-vertical_scenario,617,219,3,-4,-4,90,90,15,1,46696,AdultMaleAgent(Clone),6,12,1.71,1.58,0,0,False,2,0,0
2026-03-06_18.40.58,81,sign-optimization-horizontal-vertical_scenario,617,219,3,-4,-4,90,90,15,1,46697,WheelchairAgent(Clone),6,12,1.3,1.17,0,0,False,2,0,0
2026-03-06_18.40.58,81,sign-optimization-horizontal-vertical_scenario,617,219,3,-4,-4,90,90,15,1,46698,AdultMaleAgent(Clone),11,10,1.71,1.58,0,0,False,3,0,0
2026-03-06_18.40.58,81,sign-optimization-horizontal-vertical_scenario,617,219,3,-4,-4,90,90,15,1,46699,WheelchairAgent(Clone),7,11,1.3,1.17,0,0,True,2,1,0.5
2026-03-06_18.40.58,81,sign-optimization-horizontal-vertical_scenario,617,219,3,-4,-4,90,90,15,1,46700,AdultMaleAgent(Clone),6,12,1.71,1.58,0,0,False,2,0,0
2026-03-06_18.40.58,81,sign-optimization-horizontal-vertical_scenario,617,219,3,-4,-4,90,90,15,1,46701,WheelchairAgent(Clone),11,10,1.3,1.17,0,0,False,3,0,0
2026-03-06_18.40.58,81,sign-optimization-horizontal-vertical_scenario,617,219,3,-4,-4,90,90,15,1,46702,AdultMaleAgent(Clone),11,10,1.71,1.58,0,0,False,3,0,0
2026-03-06_18.40.58,81,sign-optimization-horizontal-vertical_scenario,617,219,3,-4,-4,90,90,15,1,46703,AdultFemaleAgent(Clone),10,12,1.58,1.45,0,0,False,3,0,0
2026-03-06_18.40.58,81,sign-optimization-horizontal-vertical_scenario,617,219,3,-4,-4,90,90,15,1,46704,AdultFemaleAgent(Clone),7,11,1.58,1.450001,0,0,False,2,1,0.5
2026-03-06_18.40.58,81,sign-optimization-horizontal-vertical_scenario,617,219,3,-4,-4,90,90,15,1,46705,WheelchairAgent(Clone),6,12,1.3,1.17,0,0,False,2,0,0
2026-03-06_18.40.58,81,sign-optimization-horizontal-vertical_scenario,617,219,3,-4,-4,90,90,15,1,46706,AdultFemaleAgent(Clone),10,12,1.58,1.45,0,0,False,3,0,0
2026-03-06_18.40.58,81,sign-optimization-horizontal-vertical_scenario,617,219,3,-4,-4,90,90,15,1,46707,AdultMaleAgent(Clone),7,11,1.71,1.58,0,0,False,2,1,0.5
2026-03-06_18.40.58,81,sign-optimization-horizontal-vertical_scenario,617,219,3,-4,-4,90,90,15,1,46708,AdultFemaleAgent(Clone),11,10,1.58,1.450001,0,0,False,3,0,0
2026-03-06_18.40.58,81,sign-optimization-horizontal-vertical_scenario,617,219,3,-4,-4,90,90,15,1,46709,AdultMaleAgent(Clone),6,12,1.71,1.58,0,0,False,2,0,0
2026-03-06_18.40.58,81,sign-optimization-horizontal-vertical_scenario,617,219,3,-4,-4,90,90,15,1,46710,WheelchairAgent(Clone),11,10,1.3,1.17,0,0,False,3,0,0
2026-03-06_18.40.58,81,sign-optimization-horizontal-vertical_scenario,617,219,3,-4,-4,90,90,15,1,46711,WheelchairAgent(Clone),10,12,1.3,1.17,0,0,False,3,0,0
2026-03-06_18.40.58,81,sign-optimization-horizontal-vertical_scenario,617,219,3,-4,-4,90,90,15,1,46712,WheelchairAgent(Clone),6,12,1.3,1.17,0,0,False,2,0,0
2026-03-06_18.40.58,81,sign-optimization-horizontal-vertical_scenario,617,219,3,-4,-4,90,90,15,1,46713,AdultFemaleAgent(Clone),6,12,1.58,1.45,0,0,False,2,0,0
2026-03-06_18.40.58,81,sign-optimization-horizontal-vertical_scenario,617,219,3,-4,-4,90,90,15,1,46714,AdultFemaleAgent(Clone),11,10,1.58,1.450001,0,0,False,3,0,0
2026-03-06_18.40.58,81,sign-optimization-horizontal-vertical_scenario,617,219,3,-4,-4,90,90,15,1,46715,AdultFemaleAgent(Clone),6,12,1.58,1.45,0,0,False,2,0,0
2026-03-06_18.40.58,81,sign-optimization-horizontal-vertical_scenario,617,219,3,-4,-4,90,90,15,1,46716,AdultFemaleAgent(Clone),5,10,1.58,1.45,0,0,True,2,1,0.5
2026-03-06_18.40.58,81,sign-optimization-horizontal-vertical_scenario,617,219,3,-4,-4,90,90,15,1,46717,WheelchairAgent(Clone),11,10,1.3,1.17,0,0,False,3,0,0
2026-03-06_18.40.58,81,sign-optimization-horizontal-vertical_scenario,617,219,3,-4,-4,90,90,15,1,46718,WheelchairAgent(Clone),11,10,1.3,1.17,0,0,False,3,0,0
2026-03-06_18.40.58,81,sign-optimization-horizontal-vertical_scenario,617,219,3,-4,-4,90,90,15,1,46719,AdultMaleAgent(Clone),10,12,1.71,1.58,0,0,False,3,0,0
2026-03-06_18.40.58,81,sign-optimization-horizontal-vertical_scenario,617,219,3,-4,-4,90,90,15,1,46720,AdultMaleAgent(Clone),10,12,1.71,1.58,0,0,False,3,0,0
2026-03-06_18.40.58,81,sign-optimization-horizontal-vertical_scenario,617,219,3,-4,-4,90,90,15,1,46721,AdultMaleAgent(Clone),6,12,1.71,1.58,0,0,False,2,0,0
2026-03-06_18.40.58,81,sign-optimization-horizontal-vertical_scenario,617,219,3,-4,-4,90,90,15,1,46722,AdultMaleAgent(Clone),11,10,1.71,1.58,0,0,False,3,0,0
2026-03-06_18.40.58,81,sign-optimization-horizontal-vertical_scenario,617,219,3,-4,-4,90,90,15,1,46723,AdultMaleAgent(Clone),11,10,1.71,1.58,0,0,False,3,0,0
2026-03-06_18.40.58,81,sign-optimization-horizontal-vertical_scenario,617,219,3,-4,-4,90,90,15,1,46724,WheelchairAgent(Clone),7,11,1.3,1.17,0,0,True,2,1,0.5
2026-03-06_18.40.58,81,sign-optimization-horizontal-vertical_scenario,617,219,3,-4,-4,90,90,15,1,46725,AdultMaleAgent(Clone),5,10,1.71,1.58,0,0,False,2,0,0
2026-03-06_18.40.58,81,sign-optimization-horizontal-vertical_scenario,617,219,3,-4,-4,90,90,15,1,46726,AdultFemaleAgent(Clone),5,10,1.58,1.45,0,0,False,2,0,0
2026-03-06_18.40.58,81,sign-optimization-horizontal-vertical_scenario,617,219,3,-4,-4,90,90,15,1,46727,AdultFemaleAgent(Clone),10,12,1.58,1.45,0,0,False,3,0,0
2026-03-06_18.40.58,81,sign-optimization-horizontal-vertical_scenario,617,219,3,-4,-4,90,90,15,1,46728,WheelchairAgent(Clone),5,10,1.3,1.17,0,0,False,2,0,0
2026-03-06_18.40.58,81,sign-optimization-horizontal-vertical_scenario,617,219,3,-4,-4,90,90,15,1,46729,WheelchairAgent(Clone),6,12,1.3,1.17,0,0,False,2,0,0
2026-03-06_18.40.58,81,sign-optimization-horizontal-vertical_scenario,617,219,3,-4,-4,90,90,15,1,46730,WheelchairAgent(Clone),5,10,1.3,1.17,0,0,False,2,0,0
2026-03-06_18.40.58,81,sign-optimization-horizontal-vertical_scenario,617,219,3,-4,-4,90,90,15,1,46731,WheelchairAgent(Clone),10,12,1.3,1.17,0,0,False,3,0,0
2026-03-06_18.40.58,81,sign-optimization-horizontal-vertical_scenario,617,219,3,-4,-4,90,90,15,1,46732,AdultFemaleAgent(Clone),11,10,1.58,1.450001,0,0,False,3,0,0
2026-03-06_18.40.58,81,sign-optimization-horizontal-vertical_scenario,617,219,3,-4,-4,90,90,15,1,46733,WheelchairAgent(Clone),5,10,1.3,1.17,0,0,False,2,0,0
2026-03-06_18.40.58,81,sign-optimization-horizontal-vertical_scenario,617,219,3,-4,-4,90,90,15,1,46734,AdultMaleAgent(Clone),10,12,1.71,1.58,0,0,False,3,0,0
2026-03-06_18.40.58,81,sign-optimization-horizontal-vertical_scenario,617,219,3,-4,-4,90,90,15,1,46735,AdultMaleAgent(Clone),10,12,1.71,1.58,0,0,False,3,0,0
2026-03-06_18.40.58,81,sign-optimization-horizontal-vertical_scenario,617,219,3,-4,-4,90,90,15,1,46736,AdultMaleAgent(Clone),11,10,1.71,1.58,0,0,False,3,0,0
2026-03-06_18.40.58,81,sign-optimization-horizontal-vertical_scenario,617,219,3,-4,-4,90,90,15,1,46737,AdultFemaleAgent(Clone),7,11,1.58,1.450001,0,0,False,2,1,0.5
2026-03-06_18.40.58,81,sign-optimization-horizontal-vertical_scenario,617,219,3,-4,-4,90,90,15,1,46738,AdultMaleAgent(Clone),6,12,1.71,1.58,0,0,False,2,0,0
2026-03-06_18.40.58,81,sign-optimization-horizontal-vertical_scenario,617,219,3,-4,-4,90,90,15,1,46739,AdultMaleAgent(Clone),10,12,1.71,1.58,0,0,False,3,0,0
2026-03-06_18.40.58,81,sign-optimization-horizontal-vertical_scenario,617,219,3,-4,-4,90,90,15,1,46740,WheelchairAgent(Clone),11,10,1.3,1.17,0,0,False,3,0,0
2026-03-06_18.40.58,81,sign-optimization-horizontal-vertical_scenario,617,219,3,-4,-4,90,90,15,1,46741,AdultFemaleAgent(Clone),5,10,1.58,1.45,0,0,False,2,0,0
2026-03-06_18.40.58,81,sign-optimization-horizontal-vertical_scenario,617,219,3,-4,-4,90,90,15,1,46742,AdultMaleAgent(Clone),11,10,1.71,1.58,0,0,False,3,0,0
2026-03-06_18.40.58,81,sign-optimization-horizontal-vertical_scenario,617,219,3,-4,-4,90,90,15,1,46743,AdultFemaleAgent(Clone),6,12,1.58,1.45,0,0,False,2,0,0
2026-03-06_18.40.58,81,sign-optimization-horizontal-vertical_scenario,617,219,3,-4,-4,90,90,15,1,46744,AdultMaleAgent(Clone),10,12,1.71,1.58,0,0,False,3,0,0
2026-03-06_18.40.58,81,sign-optimization-horizontal-vertical_scenario,617,219,3,-4,-4,90,90,15,1,46745,WheelchairAgent(Clone),10,12,1.3,1.17,0,0,False,3,0,0
2026-03-06_18.40.58,81,sign-optimization-horizontal-vertical_scenario,617,219,3,-4,-4,90,90,15,1,46746,AdultFemaleAgent(Clone),7,11,1.58,1.450001,0,0,False,2,0,0
2026-03-06_18.40.58,81,sign-optimization-horizontal-vertical_scenario,617,219,3,-4,-4,90,90,15,1,46747,AdultMaleAgent(Clone),5,10,1.71,1.58,0,0,False,2,0,0
2026-03-06_18.40.58,81,sign-optimization-horizontal-vertical_scenario,617,219,3,-4,-4,90,90,15,1,46748,AdultFemaleAgent(Clone),11,10,1.58,1.450001,0,0,False,3,0,0
2026-03-06_18.40.58,81,sign-optimization-horizontal-vertical_scenario,617,219,3,-4,-4,90,90,15,1,46749,AdultFemaleAgent(Clone),6,12,1.58,1.45,0,0,False,2,0,0
2026-03-06_18.40.58,81,sign-optimization-horizontal-vertical_scenario,617,219,3,-4,-4,90,90,15,1,46750,AdultMaleAgent(Clone),6,12,1.71,1.58,0,0,False,2,0,0
2026-03-06_18.40.58,81,sign-optimization-horizontal-vertical_scenario,617,219,3,-4,-4,90,90,15,1,46751,WheelchairAgent(Clone),10,12,1.3,1.17,0,0,False,3,0,0
2026-03-06_18.40.58,81,sign-optimization-horizontal-vertical_scenario,617,219,3,-4,-4,90,90,15,1,46752,WheelchairAgent(Clone),5,10,1.3,1.17,0,0,False,2,0,0
2026-03-06_18.40.58,81,sign-optimization-horizontal-vertical_scenario,617,219,3,-4,-4,90,90,15,1,46753,AdultFemaleAgent(Clone),11,10,1.58,1.450001,0,0,False,3,0,0
2026-03-06_18.40.58,81,sign-optimization-horizontal-vertical_scenario,617,219,3,-4,-4,90,90,15,1,46754,WheelchairAgent(Clone),5,10,1.3,1.17,0,0,False,2,0,0
2026-03-06_18.40.58,81,sign-optimization-horizontal-vertical_scenario,617,219,3,-4,-4,90,90,15,1,46755,AdultMaleAgent(Clone),7,11,1.71,1.58,0,0,False,2,0,0
2026-03-06_18.40.58,81,sign-optimization-horizontal-vertical_scenario,617,219,3,-4,-4,90,90,15,1,46756,AdultMaleAgent(Clone),7,11,1.71,1.58,0,0,False,2,0,0
2026-03-06_18.40.58,81,sign-optimization-horizontal-vertical_scenario,617,219,3,-4,-4,90,90,15,1,46757,AdultMaleAgent(Clone),6,12,1.71,1.58,0,0,False,2,0,0
2026-03-06_18.40.58,81,sign-optimization-horizontal-vertical_scenario,617,219,3,-4,-4,90,90,15,1,46758,WheelchairAgent(Clone),6,12,1.3,1.17,0,0,False,2,0,0
2026-03-06_18.40.58,81,sign-optimization-horizontal-vertical_scenario,617,219,3,-4,-4,90,90,15,1,46759,AdultMaleAgent(Clone),11,10,1.71,1.58,0,0,False,3,0,0
2026-03-06_18.40.58,81,sign-optimization-horizontal-vertical_scenario,617,219,3,-4,-4,90,90,15,1,46760,AdultMaleAgent(Clone),6,12,1.71,1.58,0,0,False,2,0,0
2026-03-06_18.40.58,81,sign-optimization-horizontal-vertical_scenario,617,219,3,-4,-4,90,90,15,1,46761,WheelchairAgent(Clone),6,12,1.3,1.17,0,0,False,2,0,0
2026-03-06_18.40.58,81,sign-optimization-horizontal-vertical_scenario,617,219,3,-4,-4,90,90,15,1,46762,AdultMaleAgent(Clone),11,10,1.71,1.58,0,0,False,3,0,0
2026-03-06_18.40.58,81,sign-optimization-horizontal-vertical_scenario,617,219,3,-4,-4,90,90,15,1,46763,AdultMaleAgent(Clone),11,10,1.71,1.58,0,0,False,3,0,0
2026-03-06_18.40.58,81,sign-optimization-horizontal-vertical_scenario,617,219,3,-4,-4,90,90,15,1,46764,WheelchairAgent(Clone),11,10,1.3,1.17,0,0,False,3,0,0
2026-03-06_18.40.58,81,sign-optimization-horizontal-vertical_scenario,617,219,3,-4,-4,90,90,15,1,46765,AdultFemaleAgent(Clone),5,10,1.58,1.45,0,0,False,2,0,0
2026-03-06_18.40.58,81,sign-optimization-horizontal-vertical_scenario,617,219,3,-4,-4,90,90,15,1,46766,AdultMaleAgent(Clone),11,10,1.71,1.58,0,0,False,3,0,0
2026-03-06_18.40.58,81,sign-optimization-horizontal-vertical_scenario,617,219,3,-4,-4,90,90,15,1,46767,WheelchairAgent(Clone),10,12,1.3,1.17,0,0,False,3,0,0
2026-03-06_18.40.58,81,sign-optimization-horizontal-vertical_scenario,617,219,3,-4,-4,90,90,15,1,46768,AdultMaleAgent(Clone),7,11,1.71,1.58,0,0,False,2,0,0
2026-03-06_18.40.58,81,sign-optimization-horizontal-vertical_scenario,617,219,3,-4,-4,90,90,15,1,46769,AdultFemaleAgent(Clone),5,10,1.58,1.45,0,0,False,2,0,0
2026-03-06_18.40.58,81,sign-optimization-horizontal-vertical_scenario,617,219,3,-4,-4,90,90,15,1,46770,AdultFemaleAgent(Clone),11,10,1.58,1.450001,0,0,False,3,0,0
2026-03-06_18.40.58,81,sign-optimization-horizontal-vertical_scenario,617,219,3,-4,-4,90,90,15,1,46771,AdultMaleAgent(Clone),10,12,1.71,1.58,0,0,False,3,0,0
2026-03-06_18.40.58,81,sign-optimization-horizontal-vertical_scenario,617,219,3,-4,-4,90,90,15,1,46772,WheelchairAgent(Clone),10,12,1.3,1.17,0,0,False,3,0,0
2026-03-06_18.40.58,81,sign-optimization-horizontal-vertical_scenario,617,219,3,-4,-4,90,90,15,1,46773,AdultMaleAgent(Clone),7,11,1.71,1.58,0,0,False,2,0,0
2026-03-06_18.40.58,81,sign-optimization-horizontal-vertical_scenario,617,219,3,-4,-4,90,90,15,1,46774,AdultFemaleAgent(Clone),10,12,1.58,1.45,0,0,False,3,0,0
2026-03-06_18.40.58,81,sign-optimization-horizontal-vertical_scenario,617,219,3,-4,-4,90,90,15,1,46775,WheelchairAgent(Clone),11,10,1.3,1.17,0,0,False,3,0,0
2026-03-06_18.40.58,81,sign-optimization-horizontal-vertical_scenario,617,219,3,-4,-4,90,90,15,1,46776,WheelchairAgent(Clone),5,10,1.3,1.17,0,0,False,2,0,0
2026-03-06_18.40.58,81,sign-optimization-horizontal-vertical_scenario,617,219,3,-4,-4,90,90,15,1,46777,AdultFemaleAgent(Clone),11,10,1.58,1.450001,0,0,False,3,0,0
2026-03-06_18.40.58,81,sign-optimization-horizontal-vertical_scenario,617,219,3,-4,-4,90,90,15,1,46778,WheelchairAgent(Clone),10,12,1.3,1.17,0,0,False,3,0,0
2026-03-06_18.40.58,81,sign-optimization-horizontal-vertical_scenario,617,219,3,-4,-4,90,90,15,1,46779,AdultMaleAgent(Clone),10,12,1.71,1.58,0,0,False,3,0,0
2026-03-06_18.40.58,81,sign-optimization-horizontal-vertical_scenario,617,219,3,-4,-4,90,90,15,1,46780,WheelchairAgent(Clone),10,12,1.3,1.17,0,0,False,3,0,0
2026-03-06_18.40.58,81,sign-optimization-horizontal-vertical_scenario,617,219,3,-4,-4,90,90,15,1,46781,AdultMaleAgent(Clone),10,12,1.71,1.58,0,0,False,3,0,0
2026-03-06_18.40.58,81,sign-optimization-horizontal-vertical_scenario,617,219,3,-4,-4,90,90,15,1,46782,AdultFemaleAgent(Clone),11,10,1.58,1.450001,0,0,False,3,0,0
2026-03-06_18.40.58,81,sign-optimization-horizontal-vertical_scenario,617,219,3,-4,-4,90,90,15,1,46783,WheelchairAgent(Clone),6,12,1.3,1.17,0,0,False,2,0,0
2026-03-06_18.40.58,81,sign-optimization-horizontal-vertical_scenario,617,219,3,-4,-4,90,90,15,1,46784,AdultFemaleAgent(Clone),7,11,1.58,1.450001,0,0,False,2,0,0
2026-03-06_18.40.58,81,sign-optimization-horizontal-vertical_scenario,617,219,3,-4,-4,90,90,15,1,46785,WheelchairAgent(Clone),7,11,1.3,1.17,0,0,False,2,0,0
2026-03-06_18.40.58,81,sign-optimization-horizontal-vertical_scenario,617,219,3,-4,-4,90,90,15,1,46786,AdultFemaleAgent(Clone),11,10,1.58,1.450001,0,0,False,3,0,0
2026-03-06_18.40.58,81,sign-optimization-horizontal-vertical_scenario,617,219,3,-4,-4,90,90,15,1,46787,WheelchairAgent(Clone),5,10,1.3,1.17,0,0,False,2,0,0
2026-03-06_18.40.58,81,sign-optimization-horizontal-vertical_scenario,617,219,3,-4,-4,90,90,15,1,46788,WheelchairAgent(Clone),7,11,1.3,1.17,0,0,False,2,0,0
2026-03-06_18.40.58,81,sign-optimization-horizontal-vertical_scenario,617,219,3,-4,-4,90,90,15,1,46789,WheelchairAgent(Clone),10,12,1.3,1.17,0,0,False,3,0,0
2026-03-06_18.40.58,81,sign-optimization-horizontal-vertical_scenario,617,219,3,-4,-4,90,90,15,1,46790,WheelchairAgent(Clone),11,10,1.3,1.17,0,0,False,3,0,0
2026-03-06_18.40.58,81,sign-optimization-horizontal-vertical_scenario,617,219,3,-4,-4,90,90,15,1,46791,WheelchairAgent(Clone),6,12,1.3,1.17,0,0,False,2,0,0
2026-03-06_18.40.58,81,sign-optimization-horizontal-vertical_scenario,617,219,3,-4,-4,90,90,15,1,46792,AdultFemaleAgent(Clone),11,10,1.58,1.450001,0,0,False,3,0,0
2026-03-06_18.40.58,81,sign-optimization-horizontal-vertical_scenario,617,219,3,-4,-4,90,90,15,1,46793,AdultFemaleAgent(Clone),10,12,1.58,1.45,0,0,False,3,0,0
2026-03-06_18.40.58,81,sign-optimization-horizontal-vertical_scenario,617,219,3,-4,-4,90,90,15,1,46794,AdultFemaleAgent(Clone),7,11,1.58,1.450001,0,0,False,2,0,0
2026-03-06_18.40.58,81,sign-optimization-horizontal-vertical_scenario,617,219,3,-4,-4,90,90,15,1,46795,AdultMaleAgent(Clone),7,11,1.71,1.58,0,0,False,2,0,0
2026-03-06_18.40.58,81,sign-optimization-horizontal-vertical_scenario,617,219,3,-4,-4,90,90,15,1,46796,AdultFemaleAgent(Clone),10,12,1.58,1.45,0,0,False,3,0,0
2026-03-06_18.40.58,81,sign-optimization-horizontal-vertical_scenario,617,219,3,-4,-4,90,90,15,1,46797,AdultMaleAgent(Clone),7,11,1.71,1.58,0,0,False,2,0,0
2026-03-06_18.40.58,81,sign-optimization-horizontal-vertical_scenario,617,219,3,-4,-4,90,90,15,1,46798,AdultMaleAgent(Clone),6,12,1.71,1.58,0,0,False,2,0,0
2026-03-06_18.40.58,81,sign-optimization-horizontal-vertical_scenario,617,219,3,-4,-4,90,90,15,1,46799,WheelchairAgent(Clone),11,10,1.3,1.17,0,0,False,3,0,0
2026-03-06_18.40.58,81,sign-optimization-horizontal-vertical_scenario,617,219,3,-4,-4,90,90,15,1,46800,AdultMaleAgent(Clone),10,12,1.71,1.58,0,0,False,3,0,0
2026-03-06_18.40.58,81,sign-optimization-horizontal-vertical_scenario,617,219,3,-4,-4,90,90,15,1,46801,WheelchairAgent(Clone),7,11,1.3,1.17,0,0,False,2,0,0
2026-03-06_18.40.58,81,sign-optimization-horizontal-vertical_scenario,617,219,3,-4,-4,90,90,15,1,46802,WheelchairAgent(Clone),7,11,1.3,1.17,0,0,False,2,0,0
2026-03-06_18.40.58,81,sign-optimization-horizontal-vertical_scenario,617,219,3,-4,-4,90,90,15,1,46803,WheelchairAgent(Clone),11,10,1.3,1.17,0,0,False,3,0,0
2026-03-06_18.40.58,81,sign-optimization-horizontal-vertical_scenario,617,219,3,-4,-4,90,90,15,1,46804,AdultFemaleAgent(Clone),7,11,1.58,1.450001,0,0,False,2,0,0
2026-03-06_18.40.58,81,sign-optimization-horizontal-vertical_scenario,617,219,3,-4,-4,90,90,15,1,46805,AdultFemaleAgent(Clone),7,11,1.58,1.450001,0,0,False,2,0,0
2026-03-06_18.40.58,81,sign-optimization-horizontal-vertical_scenario,617,219,3,-4,-4,90,90,15,1,46806,AdultFemaleAgent(Clone),6,12,1.58,1.45,0,0,False,2,0,0
2026-03-06_18.40.58,81,sign-optimization-horizontal-vertical_scenario,617,219,3,-4,-4,90,90,15,1,46807,AdultMaleAgent(Clone),10,12,1.71,1.58,0,0,False,3,0,0
2026-03-06_18.40.58,81,sign-optimization-horizontal-vertical_scenario,617,219,3,-4,-4,90,90,15,1,46808,AdultMaleAgent(Clone),5,10,1.71,1.58,0,0,False,2,0,0
2026-03-06_18.40.58,81,sign-optimization-horizontal-vertical_scenario,617,219,3,-4,-4,90,90,15,1,46809,AdultFemaleAgent(Clone),10,12,1.58,1.45,0,0,False,3,0,0
2026-03-06_18.40.58,81,sign-optimization-horizontal-vertical_scenario,617,219,3,-4,-4,90,90,15,1,46810,AdultMaleAgent(Clone),11,10,1.71,1.58,0,0,False,3,0,0
2026-03-06_18.40.58,81,sign-optimization-horizontal-vertical_scenario,617,219,3,-4,-4,90,90,15,1,46811,AdultMaleAgent(Clone),10,12,1.71,1.58,0,0,False,3,0,0
