Timestamp,RunIndex,ScenarioID,TotalAgents,VisibleSignCount,SignHeight,SignPositionX,SignPositionZ,SignOrientation,VcaAngle,VcaDistance,SignComprehensionTime,AgentID,AgentType,StartNode,GoalNode,Height,EyeHeight,TimeInVCA,TimesInVCA,SawSign,TotalNodesNavigated,NodesWithDetection,RDEffective
2026-03-06_23.14.47,44,sign-optimization-horizontal-vertical_scenario,625,252,3,-5,-6,0,90,15,1,25180,WheelchairAgent(Clone),10,12,1.3,1.17,2.464844,2,True,3,1,0.3333333
2026-03-06_23.14.47,44,sign-optimization-horizontal-vertical_scenario,625,252,3,-5,-6,0,90,15,1,25181,AdultMaleAgent(Clone),5,10,1.71,1.58,5.21582,2,True,2,1,0.5
2026-03-06_23.14.47,44,sign-optimization-horizontal-vertical_scenario,625,252,3,-5,-6,0,90,15,1,25182,WheelchairAgent(Clone),10,12,1.3,1.17,4.102295,1,False,3,1,0.3333333
2026-03-06_23.14.47,44,sign-optimization-horizontal-vertical_scenario,625,252,3,-5,-6,0,90,15,1,25183,AdultMaleAgent(Clone),6,12,1.71,1.58,4.09668,2,True,2,1,0.5
2026-03-06_23.14.47,44,sign-optimization-horizontal-vertical_scenario,625,252,3,-5,-6,0,90,15,1,25184,AdultFemaleAgent(Clone),6,12,1.58,1.45,3.77124,2,True,2,1,0.5
2026-03-06_23.14.47,44,sign-optimization-horizontal-vertical_scenario,625,252,3,-5,-6,0,90,15,1,25185,AdultMaleAgent(Clone),10,12,1.71,1.58,2.540771,2,False,3,1,0.3333333
2026-03-06_23.14.47,44,sign-optimization-horizontal-vertical_scenario,625,252,3,-5,-6,0,90,15,1,25186,AdultMaleAgent(Clone),11,10,1.71,1.58,0.02172852,1,False,3,0,0
2026-03-06_23.14.47,44,sign-optimization-horizontal-vertical_scenario,625,252,3,-5,-6,0,90,15,1,25187,AdultFemaleAgent(Clone),7,11,1.58,1.450001,0,0,False,2,0,0
2026-03-06_23.14.47,44,sign-optimization-horizontal-vertical_scenario,625,252,3,-5,-6,0,90,15,1,25188,AdultMaleAgent(Clone),7,11,1.71,1.58,0,0,False,2,0,0
2026-03-06_23.14.47,44,sign-optimization-horizontal-vertical_scenario,625,252,3,-5,-6,0,90,15,1,25189,WheelchairAgent(Clone),10,12,1.3,1.17,1.785645,2,False,3,1,0.3333333
2026-03-06_23.14.47,44,sign-optimization-horizontal-vertical_scenario,625,252,3,-5,-6,0,90,15,1,25190,AdultMaleAgent(Clone),5,10,1.71,1.58,6.836182,2,True,2,1,0.5
2026-03-06_23.14.47,44,sign-optimization-horizontal-vertical_scenario,625,252,3,-5,-6,0,90,15,1,25191,AdultFemaleAgent(Clone),11,10,1.58,1.450001,0.260498,1,False,3,0,0
2026-03-06_23.14.47,44,sign-optimization-horizontal-vertical_scenario,625,252,3,-5,-6,0,90,15,1,25192,AdultFemaleAgent(Clone),7,11,1.58,1.450001,0,0,False,2,0,0
2026-03-06_23.14.47,44,sign-optimization-horizontal-vertical_scenario,625,252,3,-5,-6,0,90,15,1,25193,WheelchairAgent(Clone),6,12,1.3,1.17,4.471436,2,True,2,1,0.5
2026-03-06_23.14.47,44,sign-optimization-horizontal-vertical_scenario,625,252,3,-5,-6,0,90,15,1,25194,AdultMaleAgent(Clone),10,12,1.71,1.58,2.17334,2,True,3,1,0.3333333
2026-03-06_23.14.47,44,sign-optimization-horizontal-vertical_scenario,625,252,3,-5,-6,0,90,15,1,25195,AdultFemaleAgent(Clone),5,10,1.58,1.45,5.759766,2,True,2,1,0.5
2026-03-06_23.14.47,44,sign-optimization-horizontal-vertical_scenario,625,252,3,-5,-6,0,90,15,1,25196,WheelchairAgent(Clone),6,12,1.3,1.17,3.426758,2,True,2,1,0.5
2026-03-06_23.14.47,44,sign-optimization-horizontal-vertical_scenario,625,252,3,-5,-6,0,90,15,1,25197,WheelchairAgent(Clone),10,12,1.3,1.17,3.321777,2,True,3,1,0.3333333
2026-03-06_23.14.47,44,sign-optimization-horizontal-vertical_scenario,625,252,3,-5,-6,0,90,15,1,25198,AdultMaleAgent(Clone),5,10,1.71,1.58,5.433594,2,True,2,1,0.5
2026-03-06_23.14.47,44,sign-optimization-horizontal-vertical_scenario,625,252,3,-5,-6,0,90,15,1,25199,AdultMaleAgent(Clone),7,11,1.71,1.58,0,0,False,2,0,0
2026-03-06_23.14.47,44,sign-optimization-horizontal-vertical_scenario,625,252,3,-5,-6,0,90,15,1,25200,AdultMaleAgent(Clone),11,10,1.71,1.58,1.382568,1,False,3,0,0
2026-03-06_23.14.47,44,sign-optimization-horizontal-vertical_scenario,625,252,3,-5,-6,0,90,15,1,25201,AdultFemaleAgent(Clone),6,12,1.58,1.45,4.235352,2,True,2,1,0.5
2026-03-06_23.14.47,44,sign-optimization-horizontal-vertical_scenario,625,252,3,-5,-6,0,90,15,1,25202,AdultMaleAgent(Clone),10,12,1.71,1.58,3.525146,2,True,3,1,0.3333333
2026-03-06_23.14.47,44,sign-optimization-horizontal-vertical_scenario,625,252,3,-5,-6,0,90,15,1,25203,AdultMaleAgent(Clone),6,12,1.71,1.58,5.265381,2,True,2,1,0.5
2026-03-06_23.14.47,44,sign-optimization-horizontal-vertical_scenario,625,252,3,-5,-6,0,90,15,1,25204,WheelchairAgent(Clone),5,10,1.3,1.17,5.696533,2,True,2,1,0.5
2026-03-06_23.14.47,44,sign-optimization-horizontal-vertical_scenario,625,252,3,-5,-6,0,90,15,1,25205,WheelchairAgent(Clone),10,12,1.3,1.17,0.1794434,2,True,3,1,0.3333333
2026-03-06_23.14.47,44,sign-optimization-horizontal-vertical_scenario,625,252,3,-5,-6,0,90,15,1,25206,WheelchairAgent(Clone),7,11,1.3,1.17,0,0,False,2,0,0
2026-03-06_23.14.47,44,sign-optimization-horizontal-vertical_scenario,625,252,3,-5,-6,0,90,15,1,25207,AdultMaleAgent(Clone),5,10,1.71,1.58,4.575195,2,True,2,1,0.5
2026-03-06_23.14.47,44,sign-optimization-horizontal-vertical_scenario,625,252,3,-5,-6,0,90,15,1,25208,WheelchairAgent(Clone),11,10,1.3,1.17,1.509766,1,False,3,0,0
2026-03-06_23.14.47,44,sign-optimization-horizontal-vertical_scenario,625,252,3,-5,-6,0,90,15,1,25209,AdultMaleAgent(Clone),11,10,1.71,1.58,1.391846,1,False,3,0,0
2026-03-06_23.14.47,44,sign-optimization-horizontal-vertical_scenario,625,252,3,-5,-6,0,90,15,1,25210,WheelchairAgent(Clone),7,11,1.3,1.17,0,0,False,2,0,0
2026-03-06_23.14.47,44,sign-optimization-horizontal-vertical_scenario,625,252,3,-5,-6,0,90,15,1,25211,AdultMaleAgent(Clone),10,12,1.71,1.58,2.961426,2,True,3,1,0.3333333
2026-03-06_23.14.47,44,sign-optimization-horizontal-vertical_scenario,625,252,3,-5,-6,0,90,15,1,25212,AdultFemaleAgent(Clone),5,10,1.58,1.45,7.234131,2,True,2,1,0.5
2026-03-06_23.14.47,44,sign-optimization-horizontal-vertical_scenario,625,252,3,-5,-6,0,90,15,1,25213,AdultMaleAgent(Clone),5,10,1.71,1.58,7.095947,2,True,2,1,0.5
2026-03-06_23.14.47,44,sign-optimization-horizontal-vertical_scenario,625,252,3,-5,-6,0,90,15,1,25214,AdultFemaleAgent(Clone),10,12,1.58,1.45,1.161133,2,True,3,1,0.3333333
2026-03-06_23.14.47,44,sign-optimization-horizontal-vertical_scenario,625,252,3,-5,-6,0,90,15,1,25215,AdultFemaleAgent(Clone),11,10,1.58,1.450001,1.162354,1,False,3,0,0
2026-03-06_23.14.47,44,sign-optimization-horizontal-vertical_scenario,625,252,3,-5,-6,0,90,15,1,25216,AdultMaleAgent(Clone),5,10,1.71,1.58,5.032227,2,True,2,1,0.5
2026-03-06_23.14.47,44,sign-optimization-horizontal-vertical_scenario,625,252,3,-5,-6,0,90,15,1,25217,AdultMaleAgent(Clone),6,12,1.71,1.58,3.339355,2,True,2,1,0.5
2026-03-06_23.14.47,44,sign-optimization-horizontal-vertical_scenario,625,252,3,-5,-6,0,90,15,1,25218,AdultMaleAgent(Clone),7,11,1.71,1.58,0,0,False,2,0,0
2026-03-06_23.14.47,44,sign-optimization-horizontal-vertical_scenario,625,252,3,-5,-6,0,90,15,1,25219,AdultFemaleAgent(Clone),5,10,1.58,1.45,5.891846,2,True,2,1,0.5
2026-03-06_23.14.47,44,sign-optimization-horizontal-vertical_scenario,625,252,3,-5,-6,0,90,15,1,25220,AdultFemaleAgent(Clone),6,12,1.58,1.45,1.278076,2,True,2,1,0.5
2026-03-06_23.14.47,44,sign-optimization-horizontal-vertical_scenario,625,252,3,-5,-6,0,90,15,1,25221,AdultFemaleAgent(Clone),10,12,1.58,1.45,5.590088,1,True,3,1,0.3333333
2026-03-06_23.14.47,44,sign-optimization-horizontal-vertical_scenario,625,252,3,-5,-6,0,90,15,1,25222,AdultMaleAgent(Clone),5,10,1.71,1.58,7.32959,2,True,2,1,0.5
2026-03-06_23.14.47,44,sign-optimization-horizontal-vertical_scenario,625,252,3,-5,-6,0,90,15,1,25223,AdultMaleAgent(Clone),7,11,1.71,1.58,0,0,False,2,0,0
2026-03-06_23.14.47,44,sign-optimization-horizontal-vertical_scenario,625,252,3,-5,-6,0,90,15,1,25224,WheelchairAgent(Clone),6,12,1.3,1.17,4.071533,2,True,2,1,0.5
2026-03-06_23.14.47,44,sign-optimization-horizontal-vertical_scenario,625,252,3,-5,-6,0,90,15,1,25225,AdultMaleAgent(Clone),5,10,1.71,1.58,6.467529,2,True,2,1,0.5
2026-03-06_23.14.47,44,sign-optimization-horizontal-vertical_scenario,625,252,3,-5,-6,0,90,15,1,25226,AdultMaleAgent(Clone),5,10,1.71,1.58,5.831055,2,True,2,1,0.5
2026-03-06_23.14.47,44,sign-optimization-horizontal-vertical_scenario,625,252,3,-5,-6,0,90,15,1,25227,WheelchairAgent(Clone),10,12,1.3,1.17,1.094238,2,False,3,1,0.3333333
2026-03-06_23.14.47,44,sign-optimization-horizontal-vertical_scenario,625,252,3,-5,-6,0,90,15,1,25228,AdultMaleAgent(Clone),5,10,1.71,1.58,6.304932,2,True,2,1,0.5
2026-03-06_23.14.47,44,sign-optimization-horizontal-vertical_scenario,625,252,3,-5,-6,0,90,15,1,25229,AdultFemaleAgent(Clone),7,11,1.58,1.450001,0,0,False,2,0,0
2026-03-06_23.14.47,44,sign-optimization-horizontal-vertical_scenario,625,252,3,-5,-6,0,90,15,1,25230,AdultFemaleAgent(Clone),11,10,1.58,1.450001,0,0,False,3,0,0
2026-03-06_23.14.47,44,sign-optimization-horizontal-vertical_scenario,625,252,3,-5,-6,0,90,15,1,25231,AdultFemaleAgent(Clone),5,10,1.58,1.45,5.989258,2,True,2,1,0.5
2026-03-06_23.14.47,44,sign-optimization-horizontal-vertical_scenario,625,252,3,-5,-6,0,90,15,1,25232,AdultMaleAgent(Clone),7,11,1.71,1.58,0,0,False,2,0,0
2026-03-06_23.14.47,44,sign-optimization-horizontal-vertical_scenario,625,252,3,-5,-6,0,90,15,1,25233,WheelchairAgent(Clone),10,12,1.3,1.17,1.658447,2,True,3,1,0.3333333
2026-03-06_23.14.47,44,sign-optimization-horizontal-vertical_scenario,625,252,3,-5,-6,0,90,15,1,25234,WheelchairAgent(Clone),11,10,1.3,1.17,0,0,False,3,0,0
2026-03-06_23.14.47,44,sign-optimization-horizontal-vertical_scenario,625,252,3,-5,-6,0,90,15,1,25235,WheelchairAgent(Clone),5,10,1.3,1.17,5.115723,2,False,2,0,0
2026-03-06_23.14.47,44,sign-optimization-horizontal-vertical_scenario,625,252,3,-5,-6,0,90,15,1,25236,AdultMaleAgent(Clone),5,10,1.71,1.58,6.364502,2,True,2,1,0.5
2026-03-06_23.14.47,44,sign-optimization-horizontal-vertical_scenario,625,252,3,-5,-6,0,90,15,1,25237,AdultMaleAgent(Clone),10,12,1.71,1.58,2.910156,2,True,3,1,0.3333333
2026-03-06_23.14.47,44,sign-optimization-horizontal-vertical_scenario,625,252,3,-5,-6,0,90,15,1,25238,AdultFemaleAgent(Clone),7,11,1.58,1.450001,2.996338,1,False,2,1,0.5
2026-03-06_23.14.47,44,sign-optimization-horizontal-vertical_scenario,625,252,3,-5,-6,0,90,15,1,25239,AdultMaleAgent(Clone),10,12,1.71,1.58,1.149414,2,True,3,1,0.3333333
2026-03-06_23.14.47,44,sign-optimization-horizontal-vertical_scenario,625,252,3,-5,-6,0,90,15,1,25240,AdultFemaleAgent(Clone),5,10,1.58,1.45,8.383789,2,True,2,1,0.5
2026-03-06_23.14.47,44,sign-optimization-horizontal-vertical_scenario,625,252,3,-5,-6,0,90,15,1,25241,AdultMaleAgent(Clone),6,12,1.71,1.58,2.104492,2,True,2,1,0.5
2026-03-06_23.14.47,44,sign-optimization-horizontal-vertical_scenario,625,252,3,-5,-6,0,90,15,1,25242,WheelchairAgent(Clone),6,12,1.3,1.17,2.48291,2,True,2,1,0.5
2026-03-06_23.14.47,44,sign-optimization-horizontal-vertical_scenario,625,252,3,-5,-6,0,90,15,1,25243,AdultFemaleAgent(Clone),7,11,1.58,1.450001,0,0,False,2,0,0
2026-03-06_23.14.47,44,sign-optimization-horizontal-vertical_scenario,625,252,3,-5,-6,0,90,15,1,25244,WheelchairAgent(Clone),5,10,1.3,1.17,5.31665,2,True,2,1,0.5
2026-03-06_23.14.47,44,sign-optimization-horizontal-vertical_scenario,625,252,3,-5,-6,0,90,15,1,25245,WheelchairAgent(Clone),10,12,1.3,1.17,2.571045,2,True,3,1,0.3333333
2026-03-06_23.14.47,44,sign-optimization-horizontal-vertical_scenario,625,252,3,-5,-6,0,90,15,1,25246,AdultMaleAgent(Clone),6,12,1.71,1.58,3.831787,2,True,2,1,0.5
2026-03-06_23.14.47,44,sign-optimization-horizontal-vertical_scenario,625,252,3,-5,-6,0,90,15,1,25247,AdultFemaleAgent(Clone),7,11,1.58,1.450001,0,0,False,2,0,0
2026-03-06_23.14.47,44,sign-optimization-horizontal-vertical_scenario,625,252,3,-5,-6,0,90,15,1,25248,WheelchairAgent(Clone),7,11,1.3,1.17,0,0,False,2,0,0
2026-03-06_23.14.47,44,sign-optimization-horizontal-vertical_scenario,625,252,3,-5,-6,0,90,15,1,25249,WheelchairAgent(Clone),11,10,1.3,1.17,0.09790039,1,False,3,0,0
2026-03-06_23.14.47,44,sign-optimization-horizontal-vertical_scenario,625,252,3,-5,-6,0,90,15,1,25250,AdultFemaleAgent(Clone),6,12,1.58,1.45,1.959717,2,True,2,1,0.5
2026-03-06_23.14.47,44,sign-optimization-horizontal-vertical_scenario,625,252,3,-5,-6,0,90,15,1,25251,AdultMaleAgent(Clone),5,10,1.71,1.58,7.051514,2,True,2,1,0.5
2026-03-06_23.14.47,44,sign-optimization-horizontal-vertical_scenario,625,252,3,-5,-6,0,90,15,1,25252,AdultMaleAgent(Clone),10,12,1.71,1.58,0.1630859,2,False,3,1,0.3333333
2026-03-06_23.14.47,44,sign-optimization-horizontal-vertical_scenario,625,252,3,-5,-6,0,90,15,1,25253,AdultMaleAgent(Clone),7,11,1.71,1.58,3.367676,1,False,2,1,0.5
2026-03-06_23.14.47,44,sign-optimization-horizontal-vertical_scenario,625,252,3,-5,-6,0,90,15,1,25254,AdultFemaleAgent(Clone),7,11,1.58,1.450001,1.072998,1,False,2,0,0
2026-03-06_23.14.47,44,sign-optimization-horizontal-vertical_scenario,625,252,3,-5,-6,0,90,15,1,25255,WheelchairAgent(Clone),5,10,1.3,1.17,6.262695,2,True,2,1,0.5
2026-03-06_23.14.47,44,sign-optimization-horizontal-vertical_scenario,625,252,3,-5,-6,0,90,15,1,25256,AdultFemaleAgent(Clone),6,12,1.58,1.45,2.324463,2,True,2,1,0.5
2026-03-06_23.14.47,44,sign-optimization-horizontal-vertical_scenario,625,252,3,-5,-6,0,90,15,1,25257,WheelchairAgent(Clone),10,12,1.3,1.17,1.965576,2,True,3,1,0.3333333
2026-03-06_23.14.47,44,sign-optimization-horizontal-vertical_scenario,625,252,3,-5,-6,0,90,15,1,25258,WheelchairAgent(Clone),6,12,1.3,1.17,3.690186,2,False,2,1,0.5
2026-03-06_23.14.47,44,sign-optimization-horizontal-vertical_scenario,625,252,3,-5,-6,0,90,15,1,25259,WheelchairAgent(Clone),10,12,1.3,1.17,1.417969,2,True,3,1,0.3333333
2026-03-06_23.14.47,44,sign-optimization-horizontal-vertical_scenario,625,252,3,-5,-6,0,90,15,1,25260,AdultMaleAgent(Clone),6,12,1.71,1.58,2.000244,2,True,2,1,0.5
2026-03-06_23.14.47,44,sign-optimization-horizontal-vertical_scenario,625,252,3,-5,-6,0,90,15,1,25261,AdultFemaleAgent(Clone),7,11,1.58,1.450001,0,0,False,2,0,0
2026-03-06_23.14.47,44,sign-optimization-horizontal-vertical_scenario,625,252,3,-5,-6,0,90,15,1,25262,AdultMaleAgent(Clone),7,11,1.71,1.58,0,0,False,2,0,0
2026-03-06_23.14.47,44,sign-optimization-horizontal-vertical_scenario,625,252,3,-5,-6,0,90,15,1,25263,WheelchairAgent(Clone),11,10,1.3,1.17,0.1154785,1,False,3,0,0
2026-03-06_23.14.47,44,sign-optimization-horizontal-vertical_scenario,625,252,3,-5,-6,0,90,15,1,25264,AdultFemaleAgent(Clone),10,12,1.58,1.45,1.637939,2,True,3,1,0.3333333
2026-03-06_23.14.47,44,sign-optimization-horizontal-vertical_scenario,625,252,3,-5,-6,0,90,15,1,25265,AdultFemaleAgent(Clone),5,10,1.58,1.45,6.128906,2,True,2,1,0.5
2026-03-06_23.14.47,44,sign-optimization-horizontal-vertical_scenario,625,252,3,-5,-6,0,90,15,1,25266,AdultMaleAgent(Clone),10,12,1.71,1.58,2.431396,2,True,3,1,0.3333333
2026-03-06_23.14.47,44,sign-optimization-horizontal-vertical_scenario,625,252,3,-5,-6,0,90,15,1,25267,WheelchairAgent(Clone),5,10,1.3,1.17,7.331299,2,True,2,1,0.5
2026-03-06_23.14.47,44,sign-optimization-horizontal-vertical_scenario,625,252,3,-5,-6,0,90,15,1,25268,AdultFemaleAgent(Clone),11,10,1.58,1.450001,1.472656,1,False,3,0,0
2026-03-06_23.14.47,44,sign-optimization-horizontal-vertical_scenario,625,252,3,-5,-6,0,90,15,1,25269,AdultFemaleAgent(Clone),7,11,1.58,1.450001,0,0,False,2,0,0
2026-03-06_23.14.47,44,sign-optimization-horizontal-vertical_scenario,625,252,3,-5,-6,0,90,15,1,25270,WheelchairAgent(Clone),11,10,1.3,1.17,0.3762207,1,False,3,0,0
2026-03-06_23.14.47,44,sign-optimization-horizontal-vertical_scenario,625,252,3,-5,-6,0,90,15,1,25271,AdultMaleAgent(Clone),11,10,1.71,1.58,0,0,False,3,0,0
2026-03-06_23.14.47,44,sign-optimization-horizontal-vertical_scenario,625,252,3,-5,-6,0,90,15,1,25272,AdultMaleAgent(Clone),10,12,1.71,1.58,3.370117,2,True,3,1,0.3333333
2026-03-06_23.14.47,44,sign-optimization-horizontal-vertical_scenario,625,252,3,-5,-6,0,90,15,1,25273,AdultMaleAgent(Clone),7,11,1.71,1.58,0.1064453,1,False,2,0,0
2026-03-06_23.14.47,44,sign-optimization-horizontal-vertical_scenario,625,252,3,-5,-6,0,90,15,1,25274,AdultMaleAgent(Clone),10,12,1.71,1.58,0.5068359,2,True,3,1,0.3333333
2026-03-06_23.14.47,44,sign-optimization-horizontal-vertical_scenario,625,252,3,-5,-6,0,90,15,1,25275,AdultFemaleAgent(Clone),6,12,1.58,1.45,5.382568,2,True,2,1,0.5
2026-03-06_23.14.47,44,sign-optimization-horizontal-vertical_scenario,625,252,3,-5,-6,0,90,15,1,25276,AdultMaleAgent(Clone),11,10,1.71,1.58,1.661133,1,False,3,0,0
2026-03-06_23.14.47,44,sign-optimization-horizontal-vertical_scenario,625,252,3,-5,-6,0,90,15,1,25277,AdultFemaleAgent(Clone),7,11,1.58,1.450001,1.94751,1,False,2,1,0.5
2026-03-06_23.14.47,44,sign-optimization-horizontal-vertical_scenario,625,252,3,-5,-6,0,90,15,1,25278,AdultMaleAgent(Clone),10,12,1.71,1.58,3.146484,2,True,3,1,0.3333333
2026-03-06_23.14.47,44,sign-optimization-horizontal-vertical_scenario,625,252,3,-5,-6,0,90,15,1,25279,WheelchairAgent(Clone),7,11,1.3,1.17,0,0,False,2,0,0
2026-03-06_23.14.47,44,sign-optimization-horizontal-vertical_scenario,625,252,3,-5,-6,0,90,15,1,25280,AdultFemaleAgent(Clone),11,10,1.58,1.450001,1.512207,1,False,3,0,0
2026-03-06_23.14.47,44,sign-optimization-horizontal-vertical_scenario,625,252,3,-5,-6,0,90,15,1,25281,AdultFemaleAgent(Clone),7,11,1.58,1.450001,0,0,False,2,0,0
2026-03-06_23.14.47,44,sign-optimization-horizontal-vertical_scenario,625,252,3,-5,-6,0,90,15,1,25282,AdultFemaleAgent(Clone),5,10,1.58,1.45,5.047852,2,True,2,1,0.5
2026-03-06_23.14.47,44,sign-optimization-horizontal-vertical_scenario,625,252,3,-5,-6,0,90,15,1,25283,AdultMaleAgent(Clone),10,12,1.71,1.58,1.546387,2,False,3,1,0.3333333
2026-03-06_23.14.47,44,sign-optimization-horizontal-vertical_scenario,625,252,3,-5,-6,0,90,15,1,25284,WheelchairAgent(Clone),11,10,1.3,1.17,0,0,False,3,0,0
2026-03-06_23.14.47,44,sign-optimization-horizontal-vertical_scenario,625,252,3,-5,-6,0,90,15,1,25285,AdultMaleAgent(Clone),11,10,1.71,1.58,1.631104,1,False,3,0,0
2026-03-06_23.14.47,44,sign-optimization-horizontal-vertical_scenario,625,252,3,-5,-6,0,90,15,1,25286,AdultFemaleAgent(Clone),10,12,1.58,1.45,2.057373,2,False,3,1,0.3333333
2026-03-06_23.14.47,44,sign-optimization-horizontal-vertical_scenario,625,252,3,-5,-6,0,90,15,1,25287,WheelchairAgent(Clone),7,11,1.3,1.17,0,0,False,2,0,0
2026-03-06_23.14.47,44,sign-optimization-horizontal-vertical_scenario,625,252,3,-5,-6,0,90,15,1,25288,AdultMaleAgent(Clone),11,10,1.71,1.58,1.798828,1,False,3,0,0
2026-03-06_23.14.47,44,sign-optimization-horizontal-vertical_scenario,625,252,3,-5,-6,0,90,15,1,25289,WheelchairAgent(Clone),10,12,1.3,1.17,2.445801,2,False,3,1,0.3333333
2026-03-06_23.14.47,44,sign-optimization-horizontal-vertical_scenario,625,252,3,-5,-6,0,90,15,1,25290,AdultFemaleAgent(Clone),11,10,1.58,1.450001,1.056152,1,False,3,0,0
2026-03-06_23.14.47,44,sign-optimization-horizontal-vertical_scenario,625,252,3,-5,-6,0,90,15,1,25291,AdultMaleAgent(Clone),5,10,1.71,1.58,6.458984,2,True,2,1,0.5
2026-03-06_23.14.47,44,sign-optimization-horizontal-vertical_scenario,625,252,3,-5,-6,0,90,15,1,25292,AdultMaleAgent(Clone),5,10,1.71,1.58,5.186523,2,True,2,1,0.5
2026-03-06_23.14.47,44,sign-optimization-horizontal-vertical_scenario,625,252,3,-5,-6,0,90,15,1,25293,AdultMaleAgent(Clone),7,11,1.71,1.58,0,0,False,2,0,0
2026-03-06_23.14.47,44,sign-optimization-horizontal-vertical_scenario,625,252,3,-5,-6,0,90,15,1,25294,AdultMaleAgent(Clone),5,10,1.71,1.58,5.550537,2,True,2,1,0.5
2026-03-06_23.14.47,44,sign-optimization-horizontal-vertical_scenario,625,252,3,-5,-6,0,90,15,1,25295,AdultFemaleAgent(Clone),5,10,1.58,1.45,6.89502,2,True,2,1,0.5
2026-03-06_23.14.47,44,sign-optimization-horizontal-vertical_scenario,625,252,3,-5,-6,0,90,15,1,25296,WheelchairAgent(Clone),11,10,1.3,1.17,1.127197,1,False,3,0,0
2026-03-06_23.14.47,44,sign-optimization-horizontal-vertical_scenario,625,252,3,-5,-6,0,90,15,1,25297,AdultMaleAgent(Clone),10,12,1.71,1.58,5.664063,3,True,3,2,0.6666667
2026-03-06_23.14.47,44,sign-optimization-horizontal-vertical_scenario,625,252,3,-5,-6,0,90,15,1,25298,AdultFemaleAgent(Clone),11,10,1.58,1.450001,0,0,False,3,0,0
2026-03-06_23.14.47,44,sign-optimization-horizontal-vertical_scenario,625,252,3,-5,-6,0,90,15,1,25299,AdultMaleAgent(Clone),11,10,1.71,1.58,0.6013184,1,False,3,0,0
2026-03-06_23.14.47,44,sign-optimization-horizontal-vertical_scenario,625,252,3,-5,-6,0,90,15,1,25300,WheelchairAgent(Clone),7,11,1.3,1.17,0,0,False,2,0,0
2026-03-06_23.14.47,44,sign-optimization-horizontal-vertical_scenario,625,252,3,-5,-6,0,90,15,1,25301,WheelchairAgent(Clone),10,12,1.3,1.17,2.329834,2,False,3,1,0.3333333
2026-03-06_23.14.47,44,sign-optimization-horizontal-vertical_scenario,625,252,3,-5,-6,0,90,15,1,25302,AdultMaleAgent(Clone),5,10,1.71,1.58,5.127686,2,True,2,1,0.5
2026-03-06_23.14.47,44,sign-optimization-horizontal-vertical_scenario,625,252,3,-5,-6,0,90,15,1,25303,AdultFemaleAgent(Clone),11,10,1.58,1.450001,1.117188,1,False,3,0,0
2026-03-06_23.14.47,44,sign-optimization-horizontal-vertical_scenario,625,252,3,-5,-6,0,90,15,1,25304,AdultFemaleAgent(Clone),7,11,1.58,1.450001,0,0,False,2,0,0
2026-03-06_23.14.47,44,sign-optimization-horizontal-vertical_scenario,625,252,3,-5,-6,0,90,15,1,25305,AdultMaleAgent(Clone),7,11,1.71,1.58,0,0,False,2,0,0
2026-03-06_23.14.47,44,sign-optimization-horizontal-vertical_scenario,625,252,3,-5,-6,0,90,15,1,25306,WheelchairAgent(Clone),6,12,1.3,1.17,3.484375,2,True,2,1,0.5
2026-03-06_23.14.47,44,sign-optimization-horizontal-vertical_scenario,625,252,3,-5,-6,0,90,15,1,25307,AdultFemaleAgent(Clone),6,12,1.58,1.45,4.006836,2,True,2,1,0.5
2026-03-06_23.14.47,44,sign-optimization-horizontal-vertical_scenario,625,252,3,-5,-6,0,90,15,1,25308,WheelchairAgent(Clone),5,10,1.3,1.17,5.637695,2,True,2,1,0.5
2026-03-06_23.14.47,44,sign-optimization-horizontal-vertical_scenario,625,252,3,-5,-6,0,90,15,1,25309,AdultMaleAgent(Clone),11,10,1.71,1.58,0,0,False,3,0,0
2026-03-06_23.14.47,44,sign-optimization-horizontal-vertical_scenario,625,252,3,-5,-6,0,90,15,1,25310,AdultFemaleAgent(Clone),10,12,1.58,1.45,2.624756,2,False,3,1,0.3333333
2026-03-06_23.14.47,44,sign-optimization-horizontal-vertical_scenario,625,252,3,-5,-6,0,90,15,1,25311,AdultFemaleAgent(Clone),11,10,1.58,1.450001,0.734375,1,False,3,0,0
2026-03-06_23.14.47,44,sign-optimization-horizontal-vertical_scenario,625,252,3,-5,-6,0,90,15,1,25312,AdultMaleAgent(Clone),6,12,1.71,1.58,5.267578,2,True,2,1,0.5
2026-03-06_23.14.47,44,sign-optimization-horizontal-vertical_scenario,625,252,3,-5,-6,0,90,15,1,25313,AdultFemaleAgent(Clone),6,12,1.58,1.45,3.330566,2,True,2,1,0.5
2026-03-06_23.14.47,44,sign-optimization-horizontal-vertical_scenario,625,252,3,-5,-6,0,90,15,1,25314,WheelchairAgent(Clone),6,12,1.3,1.17,4.120117,2,True,2,1,0.5
2026-03-06_23.14.47,44,sign-optimization-horizontal-vertical_scenario,625,252,3,-5,-6,0,90,15,1,25315,WheelchairAgent(Clone),6,12,1.3,1.17,4.518066,2,True,2,1,0.5
2026-03-06_23.14.47,44,sign-optimization-horizontal-vertical_scenario,625,252,3,-5,-6,0,90,15,1,25316,AdultMaleAgent(Clone),7,11,1.71,1.58,0,0,False,2,0,0
2026-03-06_23.14.47,44,sign-optimization-horizontal-vertical_scenario,625,252,3,-5,-6,0,90,15,1,25317,AdultFemaleAgent(Clone),10,12,1.58,1.45,1.30127,2,False,3,1,0.3333333
2026-03-06_23.14.47,44,sign-optimization-horizontal-vertical_scenario,625,252,3,-5,-6,0,90,15,1,25318,AdultFemaleAgent(Clone),6,12,1.58,1.45,5.256104,2,True,2,1,0.5
2026-03-06_23.14.47,44,sign-optimization-horizontal-vertical_scenario,625,252,3,-5,-6,0,90,15,1,25319,AdultFemaleAgent(Clone),5,10,1.58,1.45,6.530273,2,True,2,1,0.5
2026-03-06_23.14.47,44,sign-optimization-horizontal-vertical_scenario,625,252,3,-5,-6,0,90,15,1,25320,WheelchairAgent(Clone),7,11,1.3,1.17,0,0,False,2,0,0
2026-03-06_23.14.47,44,sign-optimization-horizontal-vertical_scenario,625,252,3,-5,-6,0,90,15,1,25321,AdultFemaleAgent(Clone),6,12,1.58,1.45,4.173828,2,True,2,1,0.5
2026-03-06_23.14.47,44,sign-optimization-horizontal-vertical_scenario,625,252,3,-5,-6,0,90,15,1,25322,WheelchairAgent(Clone),7,11,1.3,1.17,0,0,False,2,0,0
2026-03-06_23.14.47,44,sign-optimization-horizontal-vertical_scenario,625,252,3,-5,-6,0,90,15,1,25323,WheelchairAgent(Clone),11,10,1.3,1.17,0,0,False,3,0,0
2026-03-06_23.14.47,44,sign-optimization-horizontal-vertical_scenario,625,252,3,-5,-6,0,90,15,1,25324,WheelchairAgent(Clone),11,10,1.3,1.17,0,0,False,3,0,0
2026-03-06_23.14.47,44,sign-optimization-horizontal-vertical_scenario,625,252,3,-5,-6,0,90,15,1,25325,AdultFemaleAgent(Clone),11,10,1.58,1.450001,0,0,False,3,0,0
2026-03-06_23.14.47,44,sign-optimization-horizontal-vertical_scenario,625,252,3,-5,-6,0,90,15,1,25326,WheelchairAgent(Clone),11,10,1.3,1.17,1.03833,1,False,3,0,0
2026-03-06_23.14.47,44,sign-optimization-horizontal-vertical_scenario,625,252,3,-5,-6,0,90,15,1,25327,WheelchairAgent(Clone),5,10,1.3,1.17,4.844971,2,True,2,1,0.5
2026-03-06_23.14.47,44,sign-optimization-horizontal-vertical_scenario,625,252,3,-5,-6,0,90,15,1,25328,WheelchairAgent(Clone),11,10,1.3,1.17,0,0,False,3,0,0
2026-03-06_23.14.47,44,sign-optimization-horizontal-vertical_scenario,625,252,3,-5,-6,0,90,15,1,25329,AdultFemaleAgent(Clone),7,11,1.58,1.450001,0,0,False,2,0,0
2026-03-06_23.14.47,44,sign-optimization-horizontal-vertical_scenario,625,252,3,-5,-6,0,90,15,1,25330,AdultMaleAgent(Clone),10,12,1.71,1.58,2.901123,2,False,3,1,0.3333333
2026-03-06_23.14.47,44,sign-optimization-horizontal-vertical_scenario,625,252,3,-5,-6,0,90,15,1,25331,WheelchairAgent(Clone),5,10,1.3,1.17,6.705566,2,True,2,1,0.5
2026-03-06_23.14.47,44,sign-optimization-horizontal-vertical_scenario,625,252,3,-5,-6,0,90,15,1,25332,WheelchairAgent(Clone),10,12,1.3,1.17,1.390137,2,False,3,1,0.3333333
2026-03-06_23.14.47,44,sign-optimization-horizontal-vertical_scenario,625,252,3,-5,-6,0,90,15,1,25333,AdultMaleAgent(Clone),10,12,1.71,1.58,2.299316,2,True,3,1,0.3333333
2026-03-06_23.14.47,44,sign-optimization-horizontal-vertical_scenario,625,252,3,-5,-6,0,90,15,1,25334,AdultFemaleAgent(Clone),5,10,1.58,1.45,4.565918,2,True,2,1,0.5
2026-03-06_23.14.47,44,sign-optimization-horizontal-vertical_scenario,625,252,3,-5,-6,0,90,15,1,25335,AdultMaleAgent(Clone),10,12,1.71,1.58,1.843994,2,True,3,1,0.3333333
2026-03-06_23.14.47,44,sign-optimization-horizontal-vertical_scenario,625,252,3,-5,-6,0,90,15,1,25336,WheelchairAgent(Clone),5,10,1.3,1.17,5.404541,2,True,2,1,0.5
2026-03-06_23.14.47,44,sign-optimization-horizontal-vertical_scenario,625,252,3,-5,-6,0,90,15,1,25337,AdultMaleAgent(Clone),10,12,1.71,1.58,1.945313,2,True,3,1,0.3333333
2026-03-06_23.14.47,44,sign-optimization-horizontal-vertical_scenario,625,252,3,-5,-6,0,90,15,1,25338,WheelchairAgent(Clone),10,12,1.3,1.17,0.9294434,2,False,3,1,0.3333333
2026-03-06_23.14.47,44,sign-optimization-horizontal-vertical_scenario,625,252,3,-5,-6,0,90,15,1,25339,AdultFemaleAgent(Clone),7,11,1.58,1.450001,0,0,False,2,0,0
2026-03-06_23.14.47,44,sign-optimization-horizontal-vertical_scenario,625,252,3,-5,-6,0,90,15,1,25340,WheelchairAgent(Clone),10,12,1.3,1.17,0.7980957,2,False,3,1,0.3333333
2026-03-06_23.14.47,44,sign-optimization-horizontal-vertical_scenario,625,252,3,-5,-6,0,90,15,1,25341,AdultMaleAgent(Clone),7,11,1.71,1.58,0,0,False,2,0,0
2026-03-06_23.14.47,44,sign-optimization-horizontal-vertical_scenario,625,252,3,-5,-6,0,90,15,1,25342,AdultFemaleAgent(Clone),7,11,1.58,1.450001,0,0,False,2,0,0
2026-03-06_23.14.47,44,sign-optimization-horizontal-vertical_scenario,625,252,3,-5,-6,0,90,15,1,25343,AdultFemaleAgent(Clone),7,11,1.58,1.450001,0,0,False,2,0,0
2026-03-06_23.14.47,44,sign-optimization-horizontal-vertical_scenario,625,252,3,-5,-6,0,90,15,1,25344,AdultFemaleAgent(Clone),6,12,1.58,1.45,1.408936,2,True,2,1,0.5
2026-03-06_23.14.47,44,sign-optimization-horizontal-vertical_scenario,625,252,3,-5,-6,0,90,15,1,25345,WheelchairAgent(Clone),7,11,1.3,1.17,0,0,False,2,0,0
2026-03-06_23.14.47,44,sign-optimization-horizontal-vertical_scenario,625,252,3,-5,-6,0,90,15,1,25346,AdultFemaleAgent(Clone),10,12,1.58,1.45,1.69873,2,True,3,1,0.3333333
2026-03-06_23.14.47,44,sign-optimization-horizontal-vertical_scenario,625,252,3,-5,-6,0,90,15,1,25347,AdultFemaleAgent(Clone),11,10,1.58,1.450001,0.03979492,1,False,3,0,0
2026-03-06_23.14.47,44,sign-optimization-horizontal-vertical_scenario,625,252,3,-5,-6,0,90,15,1,25348,WheelchairAgent(Clone),7,11,1.3,1.17,2.204834,1,False,2,1,0.5
2026-03-06_23.14.47,44,sign-optimization-horizontal-vertical_scenario,625,252,3,-5,-6,0,90,15,1,25349,AdultMaleAgent(Clone),7,11,1.71,1.58,0,0,False,2,0,0
2026-03-06_23.14.47,44,sign-optimization-horizontal-vertical_scenario,625,252,3,-5,-6,0,90,15,1,25350,AdultFemaleAgent(Clone),11,10,1.58,1.450001,1.405762,1,False,3,0,0
2026-03-06_23.14.47,44,sign-optimization-horizontal-vertical_scenario,625,252,3,-5,-6,0,90,15,1,25351,AdultMaleAgent(Clone),5,10,1.71,1.58,7.904541,2,True,2,1,0.5
2026-03-06_23.14.47,44,sign-optimization-horizontal-vertical_scenario,625,252,3,-5,-6,0,90,15,1,25352,WheelchairAgent(Clone),5,10,1.3,1.17,4.982422,2,True,2,1,0.5
2026-03-06_23.14.47,44,sign-optimization-horizontal-vertical_scenario,625,252,3,-5,-6,0,90,15,1,25353,AdultMaleAgent(Clone),5,10,1.71,1.58,5.195557,2,True,2,1,0.5
2026-03-06_23.14.47,44,sign-optimization-horizontal-vertical_scenario,625,252,3,-5,-6,0,90,15,1,25354,WheelchairAgent(Clone),11,10,1.3,1.17,0,0,False,3,0,0
2026-03-06_23.14.47,44,sign-optimization-horizontal-vertical_scenario,625,252,3,-5,-6,0,90,15,1,25355,AdultFemaleAgent(Clone),10,12,1.58,1.45,1.382813,2,False,3,1,0.3333333
2026-03-06_23.14.47,44,sign-optimization-horizontal-vertical_scenario,625,252,3,-5,-6,0,90,15,1,25356,WheelchairAgent(Clone),7,11,1.3,1.17,0,0,False,2,0,0
2026-03-06_23.14.47,44,sign-optimization-horizontal-vertical_scenario,625,252,3,-5,-6,0,90,15,1,25357,AdultFemaleAgent(Clone),10,12,1.58,1.45,2.433105,2,True,3,1,0.3333333
2026-03-06_23.14.47,44,sign-optimization-horizontal-vertical_scenario,625,252,3,-5,-6,0,90,15,1,25358,AdultMaleAgent(Clone),7,11,1.71,1.58,0,0,False,2,0,0
2026-03-06_23.14.47,44,sign-optimization-horizontal-vertical_scenario,625,252,3,-5,-6,0,90,15,1,25359,AdultFemaleAgent(Clone),6,12,1.58,1.45,3.747559,2,True,2,1,0.5
2026-03-06_23.14.47,44,sign-optimization-horizontal-vertical_scenario,625,252,3,-5,-6,0,90,15,1,25360,AdultMaleAgent(Clone),6,12,1.71,1.58,4.8125,2,True,2,1,0.5
2026-03-06_23.14.47,44,sign-optimization-horizontal-vertical_scenario,625,252,3,-5,-6,0,90,15,1,25361,AdultMaleAgent(Clone),6,12,1.71,1.58,4.716309,2,True,2,1,0.5
2026-03-06_23.14.47,44,sign-optimization-horizontal-vertical_scenario,625,252,3,-5,-6,0,90,15,1,25362,AdultMaleAgent(Clone),11,10,1.71,1.58,1.452148,1,False,3,0,0
2026-03-06_23.14.47,44,sign-optimization-horizontal-vertical_scenario,625,252,3,-5,-6,0,90,15,1,25363,AdultFemaleAgent(Clone),11,10,1.58,1.450001,0.08251953,1,False,3,0,0
2026-03-06_23.14.47,44,sign-optimization-horizontal-vertical_scenario,625,252,3,-5,-6,0,90,15,1,25364,AdultMaleAgent(Clone),5,10,1.71,1.58,6.686523,2,True,2,1,0.5
2026-03-06_23.14.47,44,sign-optimization-horizontal-vertical_scenario,625,252,3,-5,-6,0,90,15,1,25365,WheelchairAgent(Clone),6,12,1.3,1.17,5.129395,2,True,2,1,0.5
2026-03-06_23.14.47,44,sign-optimization-horizontal-vertical_scenario,625,252,3,-5,-6,0,90,15,1,25366,AdultMaleAgent(Clone),6,12,1.71,1.58,4.6604,2,True,2,1,0.5
2026-03-06_23.14.47,44,sign-optimization-horizontal-vertical_scenario,625,252,3,-5,-6,0,90,15,1,25367,AdultMaleAgent(Clone),10,12,1.71,1.58,0.2089844,2,True,3,1,0.3333333
2026-03-06_23.14.47,44,sign-optimization-horizontal-vertical_scenario,625,252,3,-5,-6,0,90,15,1,25368,WheelchairAgent(Clone),6,12,1.3,1.17,4.764893,2,True,2,1,0.5
2026-03-06_23.14.47,44,sign-optimization-horizontal-vertical_scenario,625,252,3,-5,-6,0,90,15,1,25369,WheelchairAgent(Clone),7,11,1.3,1.17,2.462891,1,False,2,1,0.5
2026-03-06_23.14.47,44,sign-optimization-horizontal-vertical_scenario,625,252,3,-5,-6,0,90,15,1,25370,WheelchairAgent(Clone),10,12,1.3,1.17,1.398193,2,True,3,1,0.3333333
2026-03-06_23.14.47,44,sign-optimization-horizontal-vertical_scenario,625,252,3,-5,-6,0,90,15,1,25371,WheelchairAgent(Clone),5,10,1.3,1.17,5.465576,2,True,2,1,0.5
2026-03-06_23.14.47,44,sign-optimization-horizontal-vertical_scenario,625,252,3,-5,-6,0,90,15,1,25372,AdultMaleAgent(Clone),10,12,1.71,1.58,2.990967,2,True,3,1,0.3333333
2026-03-06_23.14.47,44,sign-optimization-horizontal-vertical_scenario,625,252,3,-5,-6,0,90,15,1,25373,WheelchairAgent(Clone),11,10,1.3,1.17,0,0,False,3,0,0
2026-03-06_23.14.47,44,sign-optimization-horizontal-vertical_scenario,625,252,3,-5,-6,0,90,15,1,25374,AdultFemaleAgent(Clone),5,10,1.58,1.45,4.982422,2,True,2,1,0.5
2026-03-06_23.14.47,44,sign-optimization-horizontal-vertical_scenario,625,252,3,-5,-6,0,90,15,1,25375,WheelchairAgent(Clone),11,10,1.3,1.17,0.03515625,1,False,3,0,0
2026-03-06_23.14.47,44,sign-optimization-horizontal-vertical_scenario,625,252,3,-5,-6,0,90,15,1,25376,AdultFemaleAgent(Clone),5,10,1.58,1.45,5.51709,2,True,2,1,0.5
2026-03-06_23.14.47,44,sign-optimization-horizontal-vertical_scenario,625,252,3,-5,-6,0,90,15,1,25377,AdultFemaleAgent(Clone),6,12,1.58,1.45,3.284912,2,True,2,1,0.5
2026-03-06_23.14.47,44,sign-optimization-horizontal-vertical_scenario,625,252,3,-5,-6,0,90,15,1,25378,WheelchairAgent(Clone),10,12,1.3,1.17,0.692627,2,False,3,1,0.3333333
2026-03-06_23.14.47,44,sign-optimization-horizontal-vertical_scenario,625,252,3,-5,-6,0,90,15,1,25379,AdultMaleAgent(Clone),7,11,1.71,1.58,0,0,False,2,0,0
2026-03-06_23.14.47,44,sign-optimization-horizontal-vertical_scenario,625,252,3,-5,-6,0,90,15,1,25380,AdultFemaleAgent(Clone),10,12,1.58,1.45,2.151367,2,False,3,1,0.3333333
2026-03-06_23.14.47,44,sign-optimization-horizontal-vertical_scenario,625,252,3,-5,-6,0,90,15,1,25381,AdultMaleAgent(Clone),5,10,1.71,1.58,6.350098,2,True,2,1,0.5
2026-03-06_23.14.47,44,sign-optimization-horizontal-vertical_scenario,625,252,3,-5,-6,0,90,15,1,25382,AdultFemaleAgent(Clone),5,10,1.58,1.45,8.104248,2,True,2,1,0.5
2026-03-06_23.14.47,44,sign-optimization-horizontal-vertical_scenario,625,252,3,-5,-6,0,90,15,1,25383,AdultMaleAgent(Clone),10,12,1.71,1.58,2.113037,2,False,3,1,0.3333333
2026-03-06_23.14.47,44,sign-optimization-horizontal-vertical_scenario,625,252,3,-5,-6,0,90,15,1,25384,AdultMaleAgent(Clone),10,12,1.71,1.58,3.418701,2,True,3,1,0.3333333
2026-03-06_23.14.47,44,sign-optimization-horizontal-vertical_scenario,625,252,3,-5,-6,0,90,15,1,25385,AdultFemaleAgent(Clone),11,10,1.58,1.450001,0,0,False,3,0,0
2026-03-06_23.14.47,44,sign-optimization-horizontal-vertical_scenario,625,252,3,-5,-6,0,90,15,1,25386,AdultFemaleAgent(Clone),7,11,1.58,1.450001,0,0,False,2,0,0
2026-03-06_23.14.47,44,sign-optimization-horizontal-vertical_scenario,625,252,3,-5,-6,0,90,15,1,25387,WheelchairAgent(Clone),5,10,1.3,1.17,5.303467,2,True,2,1,0.5
2026-03-06_23.14.47,44,sign-optimization-horizontal-vertical_scenario,625,252,3,-5,-6,0,90,15,1,25388,AdultFemaleAgent(Clone),7,11,1.58,1.450001,0,0,False,2,0,0
2026-03-06_23.14.47,44,sign-optimization-horizontal-vertical_scenario,625,252,3,-5,-6,0,90,15,1,25389,AdultFemaleAgent(Clone),10,12,1.58,1.45,2.980713,2,True,3,1,0.3333333
2026-03-06_23.14.47,44,sign-optimization-horizontal-vertical_scenario,625,252,3,-5,-6,0,90,15,1,25390,WheelchairAgent(Clone),6,12,1.3,1.17,2.354492,2,False,2,1,0.5
2026-03-06_23.14.47,44,sign-optimization-horizontal-vertical_scenario,625,252,3,-5,-6,0,90,15,1,25391,WheelchairAgent(Clone),5,10,1.3,1.17,6.048828,2,True,2,1,0.5
2026-03-06_23.14.47,44,sign-optimization-horizontal-vertical_scenario,625,252,3,-5,-6,0,90,15,1,25392,AdultFemaleAgent(Clone),6,12,1.58,1.45,4.661621,2,True,2,1,0.5
2026-03-06_23.14.47,44,sign-optimization-horizontal-vertical_scenario,625,252,3,-5,-6,0,90,15,1,25393,WheelchairAgent(Clone),7,11,1.3,1.17,0,0,False,2,0,0
2026-03-06_23.14.47,44,sign-optimization-horizontal-vertical_scenario,625,252,3,-5,-6,0,90,15,1,25394,WheelchairAgent(Clone),6,12,1.3,1.17,3.972656,2,True,2,1,0.5
2026-03-06_23.14.47,44,sign-optimization-horizontal-vertical_scenario,625,252,3,-5,-6,0,90,15,1,25395,AdultMaleAgent(Clone),11,10,1.71,1.58,0,0,False,3,0,0
2026-03-06_23.14.47,44,sign-optimization-horizontal-vertical_scenario,625,252,3,-5,-6,0,90,15,1,25396,AdultFemaleAgent(Clone),6,12,1.58,1.45,5.446045,2,True,2,1,0.5
2026-03-06_23.14.47,44,sign-optimization-horizontal-vertical_scenario,625,252,3,-5,-6,0,90,15,1,25397,AdultFemaleAgent(Clone),7,11,1.58,1.450001,0,0,False,2,0,0
2026-03-06_23.14.47,44,sign-optimization-horizontal-vertical_scenario,625,252,3,-5,-6,0,90,15,1,25398,WheelchairAgent(Clone),7,11,1.3,1.17,0,0,False,2,0,0
2026-03-06_23.14.47,44,sign-optimization-horizontal-vertical_scenario,625,252,3,-5,-6,0,90,15,1,25399,AdultFemaleAgent(Clone),6,12,1.58,1.45,4.865234,2,True,2,1,0.5
2026-03-06_23.14.47,44,sign-optimization-horizontal-vertical_scenario,625,252,3,-5,-6,0,90,15,1,25400,WheelchairAgent(Clone),5,10,1.3,1.17,6.682373,2,True,2,1,0.5
2026-03-06_23.14.47,44,sign-optimization-horizontal-vertical_scenario,625,252,3,-5,-6,0,90,15,1,25401,AdultFemaleAgent(Clone),11,10,1.58,1.450001,0,0,False,3,0,0
2026-03-06_23.14.47,44,sign-optimization-horizontal-vertical_scenario,625,252,3,-5,-6,0,90,15,1,25402,AdultFemaleAgent(Clone),10,12,1.58,1.45,1.651855,2,True,3,1,0.3333333
2026-03-06_23.14.47,44,sign-optimization-horizontal-vertical_scenario,625,252,3,-5,-6,0,90,15,1,25403,AdultMaleAgent(Clone),11,10,1.71,1.58,0,0,False,3,0,0
2026-03-06_23.14.47,44,sign-optimization-horizontal-vertical_scenario,625,252,3,-5,-6,0,90,15,1,25404,WheelchairAgent(Clone),6,12,1.3,1.17,1.879639,2,True,2,1,0.5
2026-03-06_23.14.47,44,sign-optimization-horizontal-vertical_scenario,625,252,3,-5,-6,0,90,15,1,25405,WheelchairAgent(Clone),6,12,1.3,1.17,2.655762,2,True,2,1,0.5
2026-03-06_23.14.47,44,sign-optimization-horizontal-vertical_scenario,625,252,3,-5,-6,0,90,15,1,25406,WheelchairAgent(Clone),10,12,1.3,1.17,1.965332,2,True,3,1,0.3333333
2026-03-06_23.14.47,44,sign-optimization-horizontal-vertical_scenario,625,252,3,-5,-6,0,90,15,1,25407,WheelchairAgent(Clone),11,10,1.3,1.17,0,0,False,3,0,0
2026-03-06_23.14.47,44,sign-optimization-horizontal-vertical_scenario,625,252,3,-5,-6,0,90,15,1,25408,AdultMaleAgent(Clone),6,12,1.71,1.58,5.400879,2,True,2,1,0.5
2026-03-06_23.14.47,44,sign-optimization-horizontal-vertical_scenario,625,252,3,-5,-6,0,90,15,1,25409,AdultMaleAgent(Clone),11,10,1.71,1.58,0.07714844,1,False,3,0,0
2026-03-06_23.14.47,44,sign-optimization-horizontal-vertical_scenario,625,252,3,-5,-6,0,90,15,1,25410,WheelchairAgent(Clone),10,12,1.3,1.17,2.278076,2,True,3,1,0.3333333
2026-03-06_23.14.47,44,sign-optimization-horizontal-vertical_scenario,625,252,3,-5,-6,0,90,15,1,25411,AdultMaleAgent(Clone),5,10,1.71,1.58,7.049072,2,True,2,1,0.5
2026-03-06_23.14.47,44,sign-optimization-horizontal-vertical_scenario,625,252,3,-5,-6,0,90,15,1,25412,WheelchairAgent(Clone),11,10,1.3,1.17,0,0,False,3,0,0
2026-03-06_23.14.47,44,sign-optimization-horizontal-vertical_scenario,625,252,3,-5,-6,0,90,15,1,25413,AdultMaleAgent(Clone),7,11,1.71,1.58,0,0,False,2,0,0
2026-03-06_23.14.47,44,sign-optimization-horizontal-vertical_scenario,625,252,3,-5,-6,0,90,15,1,25414,WheelchairAgent(Clone),5,10,1.3,1.17,5.842041,2,True,2,1,0.5
2026-03-06_23.14.47,44,sign-optimization-horizontal-vertical_scenario,625,252,3,-5,-6,0,90,15,1,25415,WheelchairAgent(Clone),10,12,1.3,1.17,1.202393,2,True,3,1,0.3333333
2026-03-06_23.14.47,44,sign-optimization-horizontal-vertical_scenario,625,252,3,-5,-6,0,90,15,1,25416,AdultMaleAgent(Clone),5,10,1.71,1.58,6.765381,2,True,2,1,0.5
2026-03-06_23.14.47,44,sign-optimization-horizontal-vertical_scenario,625,252,3,-5,-6,0,90,15,1,25417,WheelchairAgent(Clone),10,12,1.3,1.17,2.18042,2,True,3,1,0.3333333
2026-03-06_23.14.47,44,sign-optimization-horizontal-vertical_scenario,625,252,3,-5,-6,0,90,15,1,25418,AdultMaleAgent(Clone),11,10,1.71,1.58,0,0,False,3,0,0
2026-03-06_23.14.47,44,sign-optimization-horizontal-vertical_scenario,625,252,3,-5,-6,0,90,15,1,25419,AdultMaleAgent(Clone),10,12,1.71,1.58,1.185547,2,True,3,1,0.3333333
2026-03-06_23.14.47,44,sign-optimization-horizontal-vertical_scenario,625,252,3,-5,-6,0,90,15,1,25420,AdultMaleAgent(Clone),5,10,1.71,1.58,6.152588,2,True,2,1,0.5
2026-03-06_23.14.47,44,sign-optimization-horizontal-vertical_scenario,625,252,3,-5,-6,0,90,15,1,25421,AdultFemaleAgent(Clone),10,12,1.58,1.45,1.498779,2,True,3,1,0.3333333
2026-03-06_23.14.47,44,sign-optimization-horizontal-vertical_scenario,625,252,3,-5,-6,0,90,15,1,25422,AdultMaleAgent(Clone),5,10,1.71,1.58,5.984863,2,True,2,1,0.5
2026-03-06_23.14.47,44,sign-optimization-horizontal-vertical_scenario,625,252,3,-5,-6,0,90,15,1,25423,AdultMaleAgent(Clone),10,12,1.71,1.58,2.24585,2,True,3,1,0.3333333
2026-03-06_23.14.47,44,sign-optimization-horizontal-vertical_scenario,625,252,3,-5,-6,0,90,15,1,25424,AdultFemaleAgent(Clone),10,12,1.58,1.45,2.318604,2,True,3,1,0.3333333
2026-03-06_23.14.47,44,sign-optimization-horizontal-vertical_scenario,625,252,3,-5,-6,0,90,15,1,25425,WheelchairAgent(Clone),11,10,1.3,1.17,0,0,False,3,0,0
2026-03-06_23.14.47,44,sign-optimization-horizontal-vertical_scenario,625,252,3,-5,-6,0,90,15,1,25426,WheelchairAgent(Clone),7,11,1.3,1.17,0,0,False,2,0,0
2026-03-06_23.14.47,44,sign-optimization-horizontal-vertical_scenario,625,252,3,-5,-6,0,90,15,1,25427,AdultFemaleAgent(Clone),6,12,1.58,1.45,2.918945,2,True,2,1,0.5
2026-03-06_23.14.47,44,sign-optimization-horizontal-vertical_scenario,625,252,3,-5,-6,0,90,15,1,25428,AdultMaleAgent(Clone),11,10,1.71,1.58,0,0,False,3,0,0
2026-03-06_23.14.47,44,sign-optimization-horizontal-vertical_scenario,625,252,3,-5,-6,0,90,15,1,25429,AdultMaleAgent(Clone),10,12,1.71,1.58,2.440186,2,True,3,1,0.3333333
2026-03-06_23.14.47,44,sign-optimization-horizontal-vertical_scenario,625,252,3,-5,-6,0,90,15,1,25430,AdultMaleAgent(Clone),6,12,1.71,1.58,1.735596,2,True,2,1,0.5
2026-03-06_23.14.47,44,sign-optimization-horizontal-vertical_scenario,625,252,3,-5,-6,0,90,15,1,25431,WheelchairAgent(Clone),5,10,1.3,1.17,5.085693,2,False,2,0,0
2026-03-06_23.14.47,44,sign-optimization-horizontal-vertical_scenario,625,252,3,-5,-6,0,90,15,1,25432,AdultFemaleAgent(Clone),10,12,1.58,1.45,1.374023,2,True,3,1,0.3333333
2026-03-06_23.14.47,44,sign-optimization-horizontal-vertical_scenario,625,252,3,-5,-6,0,90,15,1,25433,AdultMaleAgent(Clone),7,11,1.71,1.58,0,0,False,2,0,0
2026-03-06_23.14.47,44,sign-optimization-horizontal-vertical_scenario,625,252,3,-5,-6,0,90,15,1,25434,WheelchairAgent(Clone),6,12,1.3,1.17,1.0271,2,False,2,1,0.5
2026-03-06_23.14.47,44,sign-optimization-horizontal-vertical_scenario,625,252,3,-5,-6,0,90,15,1,25435,AdultMaleAgent(Clone),7,11,1.71,1.58,0,0,False,2,0,0
2026-03-06_23.14.47,44,sign-optimization-horizontal-vertical_scenario,625,252,3,-5,-6,0,90,15,1,25436,AdultFemaleAgent(Clone),10,12,1.58,1.45,2.527832,2,True,3,1,0.3333333
2026-03-06_23.14.47,44,sign-optimization-horizontal-vertical_scenario,625,252,3,-5,-6,0,90,15,1,25437,WheelchairAgent(Clone),10,12,1.3,1.17,6.084717,1,True,3,1,0.3333333
2026-03-06_23.14.47,44,sign-optimization-horizontal-vertical_scenario,625,252,3,-5,-6,0,90,15,1,25438,AdultFemaleAgent(Clone),10,12,1.58,1.45,1.126221,2,True,3,1,0.3333333
2026-03-06_23.14.47,44,sign-optimization-horizontal-vertical_scenario,625,252,3,-5,-6,0,90,15,1,25439,AdultFemaleAgent(Clone),7,11,1.58,1.450001,0,0,False,2,0,0
2026-03-06_23.14.47,44,sign-optimization-horizontal-vertical_scenario,625,252,3,-5,-6,0,90,15,1,25440,AdultFemaleAgent(Clone),5,10,1.58,1.45,7.143799,2,True,2,1,0.5
2026-03-06_23.14.47,44,sign-optimization-horizontal-vertical_scenario,625,252,3,-5,-6,0,90,15,1,25441,AdultFemaleAgent(Clone),6,12,1.58,1.45,3.87793,1,True,2,1,0.5
2026-03-06_23.14.47,44,sign-optimization-horizontal-vertical_scenario,625,252,3,-5,-6,0,90,15,1,25442,AdultFemaleAgent(Clone),5,10,1.58,1.45,6.428711,2,True,2,1,0.5
2026-03-06_23.14.47,44,sign-optimization-horizontal-vertical_scenario,625,252,3,-5,-6,0,90,15,1,25443,WheelchairAgent(Clone),11,10,1.3,1.17,0,0,False,3,0,0
2026-03-06_23.14.47,44,sign-optimization-horizontal-vertical_scenario,625,252,3,-5,-6,0,90,15,1,25444,WheelchairAgent(Clone),6,12,1.3,1.17,0.7939453,2,False,2,1,0.5
2026-03-06_23.14.47,44,sign-optimization-horizontal-vertical_scenario,625,252,3,-5,-6,0,90,15,1,25445,WheelchairAgent(Clone),10,12,1.3,1.17,4.352539,1,False,3,1,0.3333333
2026-03-06_23.14.47,44,sign-optimization-horizontal-vertical_scenario,625,252,3,-5,-6,0,90,15,1,25446,AdultFemaleAgent(Clone),6,12,1.58,1.45,4.643311,1,True,2,1,0.5
2026-03-06_23.14.47,44,sign-optimization-horizontal-vertical_scenario,625,252,3,-5,-6,0,90,15,1,25447,WheelchairAgent(Clone),10,12,1.3,1.17,0.4316406,2,False,3,1,0.3333333
2026-03-06_23.14.47,44,sign-optimization-horizontal-vertical_scenario,625,252,3,-5,-6,0,90,15,1,25448,WheelchairAgent(Clone),10,12,1.3,1.17,0.03417969,2,True,3,1,0.3333333
2026-03-06_23.14.47,44,sign-optimization-horizontal-vertical_scenario,625,252,3,-5,-6,0,90,15,1,25449,WheelchairAgent(Clone),10,12,1.3,1.17,0.9619141,2,True,3,1,0.3333333
2026-03-06_23.14.47,44,sign-optimization-horizontal-vertical_scenario,625,252,3,-5,-6,0,90,15,1,25450,AdultMaleAgent(Clone),6,12,1.71,1.58,1.15332,2,True,2,1,0.5
2026-03-06_23.14.47,44,sign-optimization-horizontal-vertical_scenario,625,252,3,-5,-6,0,90,15,1,25451,AdultMaleAgent(Clone),10,12,1.71,1.58,6.398682,1,True,3,1,0.3333333
2026-03-06_23.14.47,44,sign-optimization-horizontal-vertical_scenario,625,252,3,-5,-6,0,90,15,1,25452,WheelchairAgent(Clone),11,10,1.3,1.17,0,0,False,3,0,0
2026-03-06_23.14.47,44,sign-optimization-horizontal-vertical_scenario,625,252,3,-5,-6,0,90,15,1,25453,AdultFemaleAgent(Clone),6,12,1.58,1.45,5.201172,2,True,2,1,0.5
2026-03-06_23.14.47,44,sign-optimization-horizontal-vertical_scenario,625,252,3,-5,-6,0,90,15,1,25454,WheelchairAgent(Clone),7,11,1.3,1.17,2.028076,1,False,2,1,0.5
2026-03-06_23.14.47,44,sign-optimization-horizontal-vertical_scenario,625,252,3,-5,-6,0,90,15,1,25455,AdultFemaleAgent(Clone),11,10,1.58,1.450001,0,0,False,3,0,0
2026-03-06_23.14.47,44,sign-optimization-horizontal-vertical_scenario,625,252,3,-5,-6,0,90,15,1,25456,AdultMaleAgent(Clone),7,11,1.71,1.58,0,0,False,2,0,0
2026-03-06_23.14.47,44,sign-optimization-horizontal-vertical_scenario,625,252,3,-5,-6,0,90,15,1,25457,AdultFemaleAgent(Clone),10,12,1.58,1.45,6.67334,1,False,3,1,0.3333333
2026-03-06_23.14.47,44,sign-optimization-horizontal-vertical_scenario,625,252,3,-5,-6,0,90,15,1,25458,AdultMaleAgent(Clone),7,11,1.71,1.58,0,0,False,2,0,0
2026-03-06_23.14.47,44,sign-optimization-horizontal-vertical_scenario,625,252,3,-5,-6,0,90,15,1,25459,WheelchairAgent(Clone),5,10,1.3,1.17,6.901611,2,True,2,1,0.5
2026-03-06_23.14.47,44,sign-optimization-horizontal-vertical_scenario,625,252,3,-5,-6,0,90,15,1,25460,AdultMaleAgent(Clone),7,11,1.71,1.58,0,0,False,2,0,0
2026-03-06_23.14.47,44,sign-optimization-horizontal-vertical_scenario,625,252,3,-5,-6,0,90,15,1,25461,WheelchairAgent(Clone),5,10,1.3,1.17,5.826416,2,True,2,1,0.5
2026-03-06_23.14.47,44,sign-optimization-horizontal-vertical_scenario,625,252,3,-5,-6,0,90,15,1,25462,WheelchairAgent(Clone),7,11,1.3,1.17,1.32959,1,False,2,0,0
2026-03-06_23.14.47,44,sign-optimization-horizontal-vertical_scenario,625,252,3,-5,-6,0,90,15,1,25463,AdultFemaleAgent(Clone),5,10,1.58,1.45,5.429443,2,True,2,1,0.5
2026-03-06_23.14.47,44,sign-optimization-horizontal-vertical_scenario,625,252,3,-5,-6,0,90,15,1,25464,WheelchairAgent(Clone),5,10,1.3,1.17,5.15918,2,True,2,1,0.5
2026-03-06_23.14.47,44,sign-optimization-horizontal-vertical_scenario,625,252,3,-5,-6,0,90,15,1,25465,AdultMaleAgent(Clone),7,11,1.71,1.58,0,0,False,2,0,0
2026-03-06_23.14.47,44,sign-optimization-horizontal-vertical_scenario,625,252,3,-5,-6,0,90,15,1,25466,AdultMaleAgent(Clone),7,11,1.71,1.58,0,0,False,2,0,0
2026-03-06_23.14.47,44,sign-optimization-horizontal-vertical_scenario,625,252,3,-5,-6,0,90,15,1,25467,AdultMaleAgent(Clone),5,10,1.71,1.58,6.541016,2,True,2,1,0.5
2026-03-06_23.14.47,44,sign-optimization-horizontal-vertical_scenario,625,252,3,-5,-6,0,90,15,1,25468,AdultMaleAgent(Clone),11,10,1.71,1.58,0,0,False,3,0,0
2026-03-06_23.14.47,44,sign-optimization-horizontal-vertical_scenario,625,252,3,-5,-6,0,90,15,1,25469,WheelchairAgent(Clone),7,11,1.3,1.17,2.815674,1,False,2,1,0.5
2026-03-06_23.14.47,44,sign-optimization-horizontal-vertical_scenario,625,252,3,-5,-6,0,90,15,1,25470,AdultMaleAgent(Clone),6,12,1.71,1.58,3.835938,2,True,2,1,0.5
2026-03-06_23.14.47,44,sign-optimization-horizontal-vertical_scenario,625,252,3,-5,-6,0,90,15,1,25471,WheelchairAgent(Clone),7,11,1.3,1.17,0,0,False,2,0,0
2026-03-06_23.14.47,44,sign-optimization-horizontal-vertical_scenario,625,252,3,-5,-6,0,90,15,1,25472,AdultMaleAgent(Clone),11,10,1.71,1.58,0.3276367,1,False,3,0,0
2026-03-06_23.14.47,44,sign-optimization-horizontal-vertical_scenario,625,252,3,-5,-6,0,90,15,1,25473,AdultMaleAgent(Clone),10,12,1.71,1.58,6.590576,1,True,3,1,0.3333333
2026-03-06_23.14.47,44,sign-optimization-horizontal-vertical_scenario,625,252,3,-5,-6,0,90,15,1,25474,AdultFemaleAgent(Clone),5,10,1.58,1.45,4.91626,2,True,2,1,0.5
2026-03-06_23.14.47,44,sign-optimization-horizontal-vertical_scenario,625,252,3,-5,-6,0,90,15,1,25475,AdultFemaleAgent(Clone),5,10,1.58,1.45,6.554199,2,True,2,1,0.5
2026-03-06_23.14.47,44,sign-optimization-horizontal-vertical_scenario,625,252,3,-5,-6,0,90,15,1,25476,AdultFemaleAgent(Clone),7,11,1.58,1.450001,2.343018,1,False,2,1,0.5
2026-03-06_23.14.47,44,sign-optimization-horizontal-vertical_scenario,625,252,3,-5,-6,0,90,15,1,25477,WheelchairAgent(Clone),11,10,1.3,1.17,0,0,False,3,0,0
2026-03-06_23.14.47,44,sign-optimization-horizontal-vertical_scenario,625,252,3,-5,-6,0,90,15,1,25478,AdultFemaleAgent(Clone),10,12,1.58,1.45,6.109131,1,True,3,1,0.3333333
2026-03-06_23.14.47,44,sign-optimization-horizontal-vertical_scenario,625,252,3,-5,-6,0,90,15,1,25479,WheelchairAgent(Clone),7,11,1.3,1.17,0,0,False,2,0,0
2026-03-06_23.14.47,44,sign-optimization-horizontal-vertical_scenario,625,252,3,-5,-6,0,90,15,1,25480,AdultMaleAgent(Clone),5,10,1.71,1.58,5.779297,2,True,2,1,0.5
2026-03-06_23.14.47,44,sign-optimization-horizontal-vertical_scenario,625,252,3,-5,-6,0,90,15,1,25481,AdultFemaleAgent(Clone),11,10,1.58,1.450001,0,0,False,3,0,0
2026-03-06_23.14.47,44,sign-optimization-horizontal-vertical_scenario,625,252,3,-5,-6,0,90,15,1,25482,WheelchairAgent(Clone),6,12,1.3,1.17,3.598877,2,True,2,1,0.5
2026-03-06_23.14.47,44,sign-optimization-horizontal-vertical_scenario,625,252,3,-5,-6,0,90,15,1,25483,WheelchairAgent(Clone),11,10,1.3,1.17,0,0,False,3,0,0
2026-03-06_23.14.47,44,sign-optimization-horizontal-vertical_scenario,625,252,3,-5,-6,0,90,15,1,25484,AdultFemaleAgent(Clone),7,11,1.58,1.450001,0,0,False,2,0,0
2026-03-06_23.14.47,44,sign-optimization-horizontal-vertical_scenario,625,252,3,-5,-6,0,90,15,1,25485,AdultFemaleAgent(Clone),10,12,1.58,1.45,5.038818,1,True,3,1,0.3333333
2026-03-06_23.14.47,44,sign-optimization-horizontal-vertical_scenario,625,252,3,-5,-6,0,90,15,1,25486,WheelchairAgent(Clone),7,11,1.3,1.17,0,0,False,2,0,0
2026-03-06_23.14.47,44,sign-optimization-horizontal-vertical_scenario,625,252,3,-5,-6,0,90,15,1,25487,AdultFemaleAgent(Clone),5,10,1.58,1.45,5.390625,2,True,2,1,0.5
2026-03-06_23.14.47,44,sign-optimization-horizontal-vertical_scenario,625,252,3,-5,-6,0,90,15,1,25488,AdultMaleAgent(Clone),6,12,1.71,1.58,7.863037,1,True,2,1,0.5
2026-03-06_23.14.47,44,sign-optimization-horizontal-vertical_scenario,625,252,3,-5,-6,0,90,15,1,25489,WheelchairAgent(Clone),10,12,1.3,1.17,4.287598,1,False,3,1,0.3333333
2026-03-06_23.14.47,44,sign-optimization-horizontal-vertical_scenario,625,252,3,-5,-6,0,90,15,1,25490,WheelchairAgent(Clone),5,10,1.3,1.17,6.179443,2,True,2,1,0.5
2026-03-06_23.14.47,44,sign-optimization-horizontal-vertical_scenario,625,252,3,-5,-6,0,90,15,1,25491,AdultMaleAgent(Clone),5,10,1.71,1.58,5.286133,2,True,2,1,0.5
2026-03-06_23.14.47,44,sign-optimization-horizontal-vertical_scenario,625,252,3,-5,-6,0,90,15,1,25492,AdultFemaleAgent(Clone),10,12,1.58,1.45,4.694336,1,True,3,1,0.3333333
2026-03-06_23.14.47,44,sign-optimization-horizontal-vertical_scenario,625,252,3,-5,-6,0,90,15,1,25493,WheelchairAgent(Clone),7,11,1.3,1.17,0,0,False,2,0,0
2026-03-06_23.14.47,44,sign-optimization-horizontal-vertical_scenario,625,252,3,-5,-6,0,90,15,1,25494,AdultMaleAgent(Clone),6,12,1.71,1.58,6.471436,1,True,2,1,0.5
2026-03-06_23.14.47,44,sign-optimization-horizontal-vertical_scenario,625,252,3,-5,-6,0,90,15,1,25495,AdultMaleAgent(Clone),7,11,1.71,1.58,0,0,False,2,0,0
2026-03-06_23.14.47,44,sign-optimization-horizontal-vertical_scenario,625,252,3,-5,-6,0,90,15,1,25496,AdultMaleAgent(Clone),11,10,1.71,1.58,0,0,False,3,0,0
2026-03-06_23.14.47,44,sign-optimization-horizontal-vertical_scenario,625,252,3,-5,-6,0,90,15,1,25497,AdultMaleAgent(Clone),6,12,1.71,1.58,4.886475,1,True,2,1,0.5
2026-03-06_23.14.47,44,sign-optimization-horizontal-vertical_scenario,625,252,3,-5,-6,0,90,15,1,25498,WheelchairAgent(Clone),7,11,1.3,1.17,0,0,False,2,0,0
2026-03-06_23.14.47,44,sign-optimization-horizontal-vertical_scenario,625,252,3,-5,-6,0,90,15,1,25499,AdultFemaleAgent(Clone),10,12,1.58,1.45,5.67749,1,True,3,1,0.3333333
2026-03-06_23.14.47,44,sign-optimization-horizontal-vertical_scenario,625,252,3,-5,-6,0,90,15,1,25500,AdultMaleAgent(Clone),5,10,1.71,1.58,7.235107,2,True,2,1,0.5
2026-03-06_23.14.47,44,sign-optimization-horizontal-vertical_scenario,625,252,3,-5,-6,0,90,15,1,25501,WheelchairAgent(Clone),6,12,1.3,1.17,3.958984,1,False,2,1,0.5
2026-03-06_23.14.47,44,sign-optimization-horizontal-vertical_scenario,625,252,3,-5,-6,0,90,15,1,25502,AdultMaleAgent(Clone),11,10,1.71,1.58,0,0,False,3,0,0
2026-03-06_23.14.47,44,sign-optimization-horizontal-vertical_scenario,625,252,3,-5,-6,0,90,15,1,25503,WheelchairAgent(Clone),7,11,1.3,1.17,1.227539,1,False,2,0,0
2026-03-06_23.14.47,44,sign-optimization-horizontal-vertical_scenario,625,252,3,-5,-6,0,90,15,1,25504,AdultMaleAgent(Clone),7,11,1.71,1.58,3.248779,1,False,2,1,0.5
2026-03-06_23.14.47,44,sign-optimization-horizontal-vertical_scenario,625,252,3,-5,-6,0,90,15,1,25505,WheelchairAgent(Clone),5,10,1.3,1.17,5.830566,2,True,2,1,0.5
2026-03-06_23.14.47,44,sign-optimization-horizontal-vertical_scenario,625,252,3,-5,-6,0,90,15,1,25506,AdultMaleAgent(Clone),6,12,1.71,1.58,4.471191,1,True,2,1,0.5
2026-03-06_23.14.47,44,sign-optimization-horizontal-vertical_scenario,625,252,3,-5,-6,0,90,15,1,25507,AdultFemaleAgent(Clone),10,12,1.58,1.45,4.682861,1,True,3,1,0.3333333
2026-03-06_23.14.47,44,sign-optimization-horizontal-vertical_scenario,625,252,3,-5,-6,0,90,15,1,25508,AdultFemaleAgent(Clone),7,11,1.58,1.450001,0,0,False,2,0,0
2026-03-06_23.14.47,44,sign-optimization-horizontal-vertical_scenario,625,252,3,-5,-6,0,90,15,1,25509,WheelchairAgent(Clone),7,11,1.3,1.17,0,0,False,2,0,0
2026-03-06_23.14.47,44,sign-optimization-horizontal-vertical_scenario,625,252,3,-5,-6,0,90,15,1,25510,WheelchairAgent(Clone),5,10,1.3,1.17,6.216553,2,False,2,1,0.5
2026-03-06_23.14.47,44,sign-optimization-horizontal-vertical_scenario,625,252,3,-5,-6,0,90,15,1,25511,AdultMaleAgent(Clone),5,10,1.71,1.58,8.119629,2,True,2,1,0.5
2026-03-06_23.14.47,44,sign-optimization-horizontal-vertical_scenario,625,252,3,-5,-6,0,90,15,1,25512,WheelchairAgent(Clone),10,12,1.3,1.17,5.294434,1,False,3,1,0.3333333
2026-03-06_23.14.47,44,sign-optimization-horizontal-vertical_scenario,625,252,3,-5,-6,0,90,15,1,25513,AdultFemaleAgent(Clone),6,12,1.58,1.45,4.618652,1,True,2,1,0.5
2026-03-06_23.14.47,44,sign-optimization-horizontal-vertical_scenario,625,252,3,-5,-6,0,90,15,1,25514,AdultMaleAgent(Clone),6,12,1.71,1.58,4.685791,1,True,2,1,0.5
2026-03-06_23.14.47,44,sign-optimization-horizontal-vertical_scenario,625,252,3,-5,-6,0,90,15,1,25515,AdultMaleAgent(Clone),10,12,1.71,1.58,5.62207,1,True,3,1,0.3333333
2026-03-06_23.14.47,44,sign-optimization-horizontal-vertical_scenario,625,252,3,-5,-6,0,90,15,1,25516,WheelchairAgent(Clone),10,12,1.3,1.17,5.689697,1,True,3,1,0.3333333
2026-03-06_23.14.47,44,sign-optimization-horizontal-vertical_scenario,625,252,3,-5,-6,0,90,15,1,25517,WheelchairAgent(Clone),6,12,1.3,1.17,3.721924,1,False,2,0,0
2026-03-06_23.14.47,44,sign-optimization-horizontal-vertical_scenario,625,252,3,-5,-6,0,90,15,1,25518,AdultFemaleAgent(Clone),7,11,1.58,1.450001,0,0,False,2,0,0
2026-03-06_23.14.47,44,sign-optimization-horizontal-vertical_scenario,625,252,3,-5,-6,0,90,15,1,25519,AdultMaleAgent(Clone),5,10,1.71,1.58,5.537842,2,True,2,1,0.5
2026-03-06_23.14.47,44,sign-optimization-horizontal-vertical_scenario,625,252,3,-5,-6,0,90,15,1,25520,WheelchairAgent(Clone),10,12,1.3,1.17,5.705078,1,False,3,1,0.3333333
2026-03-06_23.14.47,44,sign-optimization-horizontal-vertical_scenario,625,252,3,-5,-6,0,90,15,1,25521,AdultFemaleAgent(Clone),6,12,1.58,1.45,3.911865,1,False,2,1,0.5
2026-03-06_23.14.47,44,sign-optimization-horizontal-vertical_scenario,625,252,3,-5,-6,0,90,15,1,25522,AdultMaleAgent(Clone),7,11,1.71,1.58,0,0,False,2,0,0
2026-03-06_23.14.47,44,sign-optimization-horizontal-vertical_scenario,625,252,3,-5,-6,0,90,15,1,25523,AdultMaleAgent(Clone),7,11,1.71,1.58,0,0,False,2,0,0
2026-03-06_23.14.47,44,sign-optimization-horizontal-vertical_scenario,625,252,3,-5,-6,0,90,15,1,25524,AdultMaleAgent(Clone),7,11,1.71,1.58,2.378174,1,False,2,1,0.5
2026-03-06_23.14.47,44,sign-optimization-horizontal-vertical_scenario,625,252,3,-5,-6,0,90,15,1,25525,AdultMaleAgent(Clone),5,10,1.71,1.58,4.769043,2,True,2,1,0.5
2026-03-06_23.14.47,44,sign-optimization-horizontal-vertical_scenario,625,252,3,-5,-6,0,90,15,1,25526,WheelchairAgent(Clone),7,11,1.3,1.17,0,0,False,2,0,0
2026-03-06_23.14.47,44,sign-optimization-horizontal-vertical_scenario,625,252,3,-5,-6,0,90,15,1,25527,AdultFemaleAgent(Clone),7,11,1.58,1.450001,0,0,False,2,0,0
2026-03-06_23.14.47,44,sign-optimization-horizontal-vertical_scenario,625,252,3,-5,-6,0,90,15,1,25528,WheelchairAgent(Clone),7,11,1.3,1.17,0,0,False,2,0,0
2026-03-06_23.14.47,44,sign-optimization-horizontal-vertical_scenario,625,252,3,-5,-6,0,90,15,1,25529,AdultMaleAgent(Clone),6,12,1.71,1.58,4.595703,1,True,2,1,0.5
2026-03-06_23.14.47,44,sign-optimization-horizontal-vertical_scenario,625,252,3,-5,-6,0,90,15,1,25530,AdultFemaleAgent(Clone),11,10,1.58,1.450001,0,0,False,3,0,0
2026-03-06_23.14.47,44,sign-optimization-horizontal-vertical_scenario,625,252,3,-5,-6,0,90,15,1,25531,WheelchairAgent(Clone),11,10,1.3,1.17,0,0,False,3,0,0
2026-03-06_23.14.47,44,sign-optimization-horizontal-vertical_scenario,625,252,3,-5,-6,0,90,15,1,25532,AdultMaleAgent(Clone),7,11,1.71,1.58,0,0,False,2,0,0
2026-03-06_23.14.47,44,sign-optimization-horizontal-vertical_scenario,625,252,3,-5,-6,0,90,15,1,25533,WheelchairAgent(Clone),6,12,1.3,1.17,6.668457,1,True,2,1,0.5
2026-03-06_23.14.47,44,sign-optimization-horizontal-vertical_scenario,625,252,3,-5,-6,0,90,15,1,25534,AdultFemaleAgent(Clone),10,12,1.58,1.45,5.868652,1,False,3,1,0.3333333
2026-03-06_23.14.47,44,sign-optimization-horizontal-vertical_scenario,625,252,3,-5,-6,0,90,15,1,25535,AdultFemaleAgent(Clone),6,12,1.58,1.45,4.958008,1,True,2,1,0.5
2026-03-06_23.14.47,44,sign-optimization-horizontal-vertical_scenario,625,252,3,-5,-6,0,90,15,1,25536,WheelchairAgent(Clone),6,12,1.3,1.17,5.958008,1,True,2,1,0.5
2026-03-06_23.14.47,44,sign-optimization-horizontal-vertical_scenario,625,252,3,-5,-6,0,90,15,1,25537,WheelchairAgent(Clone),5,10,1.3,1.17,5.439941,2,True,2,1,0.5
2026-03-06_23.14.47,44,sign-optimization-horizontal-vertical_scenario,625,252,3,-5,-6,0,90,15,1,25538,AdultMaleAgent(Clone),6,12,1.71,1.58,4.525146,1,True,2,1,0.5
2026-03-06_23.14.47,44,sign-optimization-horizontal-vertical_scenario,625,252,3,-5,-6,0,90,15,1,25539,AdultFemaleAgent(Clone),11,10,1.58,1.450001,0,0,False,3,0,0
2026-03-06_23.14.47,44,sign-optimization-horizontal-vertical_scenario,625,252,3,-5,-6,0,90,15,1,25540,WheelchairAgent(Clone),10,12,1.3,1.17,4.882324,1,False,3,1,0.3333333
2026-03-06_23.14.47,44,sign-optimization-horizontal-vertical_scenario,625,252,3,-5,-6,0,90,15,1,25541,AdultFemaleAgent(Clone),7,11,1.58,1.450001,0,0,False,2,0,0
2026-03-06_23.14.47,44,sign-optimization-horizontal-vertical_scenario,625,252,3,-5,-6,0,90,15,1,25542,WheelchairAgent(Clone),5,10,1.3,1.17,5.046631,2,True,2,1,0.5
2026-03-06_23.14.47,44,sign-optimization-horizontal-vertical_scenario,625,252,3,-5,-6,0,90,15,1,25543,AdultMaleAgent(Clone),10,12,1.71,1.58,5.996826,1,True,3,1,0.3333333
2026-03-06_23.14.47,44,sign-optimization-horizontal-vertical_scenario,625,252,3,-5,-6,0,90,15,1,25544,AdultFemaleAgent(Clone),11,10,1.58,1.450001,0,0,False,3,0,0
2026-03-06_23.14.47,44,sign-optimization-horizontal-vertical_scenario,625,252,3,-5,-6,0,90,15,1,25545,AdultMaleAgent(Clone),5,10,1.71,1.58,5.938721,2,True,2,1,0.5
2026-03-06_23.14.47,44,sign-optimization-horizontal-vertical_scenario,625,252,3,-5,-6,0,90,15,1,25546,AdultFemaleAgent(Clone),11,10,1.58,1.450001,0,0,False,3,0,0
2026-03-06_23.14.47,44,sign-optimization-horizontal-vertical_scenario,625,252,3,-5,-6,0,90,15,1,25547,AdultMaleAgent(Clone),5,10,1.71,1.58,6.098145,2,True,2,1,0.5
2026-03-06_23.14.47,44,sign-optimization-horizontal-vertical_scenario,625,252,3,-5,-6,0,90,15,1,25548,WheelchairAgent(Clone),6,12,1.3,1.17,4.968506,1,True,2,1,0.5
2026-03-06_23.14.47,44,sign-optimization-horizontal-vertical_scenario,625,252,3,-5,-6,0,90,15,1,25549,WheelchairAgent(Clone),6,12,1.3,1.17,4.116455,1,True,2,1,0.5
2026-03-06_23.14.47,44,sign-optimization-horizontal-vertical_scenario,625,252,3,-5,-6,0,90,15,1,25550,AdultMaleAgent(Clone),10,12,1.71,1.58,6.216553,1,True,3,1,0.3333333
2026-03-06_23.14.47,44,sign-optimization-horizontal-vertical_scenario,625,252,3,-5,-6,0,90,15,1,25551,AdultFemaleAgent(Clone),11,10,1.58,1.450001,0,0,False,3,0,0
2026-03-06_23.14.47,44,sign-optimization-horizontal-vertical_scenario,625,252,3,-5,-6,0,90,15,1,25552,WheelchairAgent(Clone),11,10,1.3,1.17,0,0,False,3,0,0
2026-03-06_23.14.47,44,sign-optimization-horizontal-vertical_scenario,625,252,3,-5,-6,0,90,15,1,25553,WheelchairAgent(Clone),11,10,1.3,1.17,0,0,False,3,0,0
2026-03-06_23.14.47,44,sign-optimization-horizontal-vertical_scenario,625,252,3,-5,-6,0,90,15,1,25554,AdultMaleAgent(Clone),10,12,1.71,1.58,5.135986,1,True,3,1,0.3333333
2026-03-06_23.14.47,44,sign-optimization-horizontal-vertical_scenario,625,252,3,-5,-6,0,90,15,1,25555,WheelchairAgent(Clone),10,12,1.3,1.17,5.648193,1,True,3,1,0.3333333
2026-03-06_23.14.47,44,sign-optimization-horizontal-vertical_scenario,625,252,3,-5,-6,0,90,15,1,25556,WheelchairAgent(Clone),11,10,1.3,1.17,0,0,False,3,0,0
2026-03-06_23.14.47,44,sign-optimization-horizontal-vertical_scenario,625,252,3,-5,-6,0,90,15,1,25557,AdultMaleAgent(Clone),6,12,1.71,1.58,3.126709,1,True,2,1,0.5
2026-03-06_23.14.47,44,sign-optimization-horizontal-vertical_scenario,625,252,3,-5,-6,0,90,15,1,25558,AdultMaleAgent(Clone),11,10,1.71,1.58,0,0,False,3,0,0
2026-03-06_23.14.47,44,sign-optimization-horizontal-vertical_scenario,625,252,3,-5,-6,0,90,15,1,25559,WheelchairAgent(Clone),10,12,1.3,1.17,6.214111,1,False,3,1,0.3333333
2026-03-06_23.14.47,44,sign-optimization-horizontal-vertical_scenario,625,252,3,-5,-6,0,90,15,1,25560,AdultMaleAgent(Clone),6,12,1.71,1.58,5.093506,1,True,2,1,0.5
2026-03-06_23.14.47,44,sign-optimization-horizontal-vertical_scenario,625,252,3,-5,-6,0,90,15,1,25561,WheelchairAgent(Clone),5,10,1.3,1.17,3.928711,2,True,2,1,0.5
2026-03-06_23.14.47,44,sign-optimization-horizontal-vertical_scenario,625,252,3,-5,-6,0,90,15,1,25562,WheelchairAgent(Clone),6,12,1.3,1.17,5.086914,1,False,2,1,0.5
2026-03-06_23.14.47,44,sign-optimization-horizontal-vertical_scenario,625,252,3,-5,-6,0,90,15,1,25563,AdultFemaleAgent(Clone),11,10,1.58,1.450001,0,0,False,3,0,0
2026-03-06_23.14.47,44,sign-optimization-horizontal-vertical_scenario,625,252,3,-5,-6,0,90,15,1,25564,AdultMaleAgent(Clone),10,12,1.71,1.58,3.936035,1,True,3,1,0.3333333
2026-03-06_23.14.47,44,sign-optimization-horizontal-vertical_scenario,625,252,3,-5,-6,0,90,15,1,25565,AdultMaleAgent(Clone),10,12,1.71,1.58,5.113037,1,True,3,1,0.3333333
2026-03-06_23.14.47,44,sign-optimization-horizontal-vertical_scenario,625,252,3,-5,-6,0,90,15,1,25566,AdultMaleAgent(Clone),6,12,1.71,1.58,5.360107,1,True,2,1,0.5
2026-03-06_23.14.47,44,sign-optimization-horizontal-vertical_scenario,625,252,3,-5,-6,0,90,15,1,25567,AdultMaleAgent(Clone),11,10,1.71,1.58,0,0,False,3,0,0
2026-03-06_23.14.47,44,sign-optimization-horizontal-vertical_scenario,625,252,3,-5,-6,0,90,15,1,25568,AdultMaleAgent(Clone),10,12,1.71,1.58,6.912842,1,True,3,1,0.3333333
2026-03-06_23.14.47,44,sign-optimization-horizontal-vertical_scenario,625,252,3,-5,-6,0,90,15,1,25569,AdultMaleAgent(Clone),10,12,1.71,1.58,5.277588,1,False,3,1,0.3333333
2026-03-06_23.14.47,44,sign-optimization-horizontal-vertical_scenario,625,252,3,-5,-6,0,90,15,1,25570,AdultMaleAgent(Clone),11,10,1.71,1.58,0,0,False,3,0,0
2026-03-06_23.14.47,44,sign-optimization-horizontal-vertical_scenario,625,252,3,-5,-6,0,90,15,1,25571,WheelchairAgent(Clone),11,10,1.3,1.17,0,0,False,3,0,0
2026-03-06_23.14.47,44,sign-optimization-horizontal-vertical_scenario,625,252,3,-5,-6,0,90,15,1,25572,AdultFemaleAgent(Clone),6,12,1.58,1.45,4.594482,1,True,2,1,0.5
2026-03-06_23.14.47,44,sign-optimization-horizontal-vertical_scenario,625,252,3,-5,-6,0,90,15,1,25573,WheelchairAgent(Clone),7,11,1.3,1.17,0,0,False,2,0,0
2026-03-06_23.14.47,44,sign-optimization-horizontal-vertical_scenario,625,252,3,-5,-6,0,90,15,1,25574,AdultFemaleAgent(Clone),5,10,1.58,1.45,5.439209,2,True,2,1,0.5
2026-03-06_23.14.47,44,sign-optimization-horizontal-vertical_scenario,625,252,3,-5,-6,0,90,15,1,25575,AdultFemaleAgent(Clone),10,12,1.58,1.45,4.855469,1,False,3,0,0
2026-03-06_23.14.47,44,sign-optimization-horizontal-vertical_scenario,625,252,3,-5,-6,0,90,15,1,25576,WheelchairAgent(Clone),6,12,1.3,1.17,3.879639,1,False,2,1,0.5
2026-03-06_23.14.47,44,sign-optimization-horizontal-vertical_scenario,625,252,3,-5,-6,0,90,15,1,25577,AdultFemaleAgent(Clone),7,11,1.58,1.450001,0,0,False,2,0,0
2026-03-06_23.14.47,44,sign-optimization-horizontal-vertical_scenario,625,252,3,-5,-6,0,90,15,1,25578,AdultFemaleAgent(Clone),10,12,1.58,1.45,4.553467,1,True,3,1,0.3333333
2026-03-06_23.14.47,44,sign-optimization-horizontal-vertical_scenario,625,252,3,-5,-6,0,90,15,1,25579,AdultFemaleAgent(Clone),5,10,1.58,1.45,4.440186,2,True,2,1,0.5
2026-03-06_23.14.47,44,sign-optimization-horizontal-vertical_scenario,625,252,3,-5,-6,0,90,15,1,25580,AdultFemaleAgent(Clone),7,11,1.58,1.450001,0.7836914,1,False,2,0,0
2026-03-06_23.14.47,44,sign-optimization-horizontal-vertical_scenario,625,252,3,-5,-6,0,90,15,1,25581,AdultFemaleAgent(Clone),6,12,1.58,1.45,4.095703,1,True,2,1,0.5
2026-03-06_23.14.47,44,sign-optimization-horizontal-vertical_scenario,625,252,3,-5,-6,0,90,15,1,25582,WheelchairAgent(Clone),10,12,1.3,1.17,5.671875,1,False,3,1,0.3333333
2026-03-06_23.14.47,44,sign-optimization-horizontal-vertical_scenario,625,252,3,-5,-6,0,90,15,1,25583,WheelchairAgent(Clone),11,10,1.3,1.17,0,0,False,3,0,0
2026-03-06_23.14.47,44,sign-optimization-horizontal-vertical_scenario,625,252,3,-5,-6,0,90,15,1,25584,AdultMaleAgent(Clone),10,12,1.71,1.58,5.378174,1,False,3,1,0.3333333
2026-03-06_23.14.47,44,sign-optimization-horizontal-vertical_scenario,625,252,3,-5,-6,0,90,15,1,25585,WheelchairAgent(Clone),10,12,1.3,1.17,5.550537,1,False,3,1,0.3333333
2026-03-06_23.14.47,44,sign-optimization-horizontal-vertical_scenario,625,252,3,-5,-6,0,90,15,1,25586,AdultFemaleAgent(Clone),5,10,1.58,1.45,4.58374,1,True,2,1,0.5
2026-03-06_23.14.47,44,sign-optimization-horizontal-vertical_scenario,625,252,3,-5,-6,0,90,15,1,25587,AdultFemaleAgent(Clone),7,11,1.58,1.450001,0,0,False,2,0,0
2026-03-06_23.14.47,44,sign-optimization-horizontal-vertical_scenario,625,252,3,-5,-6,0,90,15,1,25588,AdultFemaleAgent(Clone),11,10,1.58,1.450001,0,0,False,3,0,0
2026-03-06_23.14.47,44,sign-optimization-horizontal-vertical_scenario,625,252,3,-5,-6,0,90,15,1,25589,WheelchairAgent(Clone),7,11,1.3,1.17,0,0,False,2,0,0
2026-03-06_23.14.47,44,sign-optimization-horizontal-vertical_scenario,625,252,3,-5,-6,0,90,15,1,25590,WheelchairAgent(Clone),11,10,1.3,1.17,0,0,False,3,0,0
2026-03-06_23.14.47,44,sign-optimization-horizontal-vertical_scenario,625,252,3,-5,-6,0,90,15,1,25591,AdultMaleAgent(Clone),7,11,1.71,1.58,0,0,False,2,0,0
2026-03-06_23.14.47,44,sign-optimization-horizontal-vertical_scenario,625,252,3,-5,-6,0,90,15,1,25592,AdultFemaleAgent(Clone),10,12,1.58,1.45,5.331543,1,True,3,1,0.3333333
2026-03-06_23.14.47,44,sign-optimization-horizontal-vertical_scenario,625,252,3,-5,-6,0,90,15,1,25593,AdultFemaleAgent(Clone),10,12,1.58,1.45,4.824707,1,True,3,1,0.3333333
2026-03-06_23.14.47,44,sign-optimization-horizontal-vertical_scenario,625,252,3,-5,-6,0,90,15,1,25594,WheelchairAgent(Clone),11,10,1.3,1.17,0,0,False,3,0,0
2026-03-06_23.14.47,44,sign-optimization-horizontal-vertical_scenario,625,252,3,-5,-6,0,90,15,1,25595,WheelchairAgent(Clone),6,12,1.3,1.17,4.82666,1,False,2,1,0.5
2026-03-06_23.14.47,44,sign-optimization-horizontal-vertical_scenario,625,252,3,-5,-6,0,90,15,1,25596,WheelchairAgent(Clone),5,10,1.3,1.17,6.031738,2,True,2,1,0.5
2026-03-06_23.14.47,44,sign-optimization-horizontal-vertical_scenario,625,252,3,-5,-6,0,90,15,1,25597,WheelchairAgent(Clone),11,10,1.3,1.17,0,0,False,3,0,0
2026-03-06_23.14.47,44,sign-optimization-horizontal-vertical_scenario,625,252,3,-5,-6,0,90,15,1,25598,WheelchairAgent(Clone),7,11,1.3,1.17,0,0,False,2,0,0
2026-03-06_23.14.47,44,sign-optimization-horizontal-vertical_scenario,625,252,3,-5,-6,0,90,15,1,25599,AdultFemaleAgent(Clone),5,10,1.58,1.45,5.359375,1,True,2,1,0.5
2026-03-06_23.14.47,44,sign-optimization-horizontal-vertical_scenario,625,252,3,-5,-6,0,90,15,1,25600,AdultFemaleAgent(Clone),10,12,1.58,1.45,4.500977,1,False,3,0,0
2026-03-06_23.14.47,44,sign-optimization-horizontal-vertical_scenario,625,252,3,-5,-6,0,90,15,1,25601,WheelchairAgent(Clone),5,10,1.3,1.17,4.351318,2,True,2,1,0.5
2026-03-06_23.14.47,44,sign-optimization-horizontal-vertical_scenario,625,252,3,-5,-6,0,90,15,1,25602,AdultMaleAgent(Clone),11,10,1.71,1.58,0,0,False,3,0,0
2026-03-06_23.14.47,44,sign-optimization-horizontal-vertical_scenario,625,252,3,-5,-6,0,90,15,1,25603,AdultMaleAgent(Clone),10,12,1.71,1.58,4.693115,1,True,3,1,0.3333333
2026-03-06_23.14.47,44,sign-optimization-horizontal-vertical_scenario,625,252,3,-5,-6,0,90,15,1,25604,WheelchairAgent(Clone),11,10,1.3,1.17,0,0,False,3,0,0
2026-03-06_23.14.47,44,sign-optimization-horizontal-vertical_scenario,625,252,3,-5,-6,0,90,15,1,25605,AdultMaleAgent(Clone),5,10,1.71,1.58,4.98877,1,True,2,1,0.5
2026-03-06_23.14.47,44,sign-optimization-horizontal-vertical_scenario,625,252,3,-5,-6,0,90,15,1,25606,AdultMaleAgent(Clone),11,10,1.71,1.58,0,0,False,3,0,0
2026-03-06_23.14.47,44,sign-optimization-horizontal-vertical_scenario,625,252,3,-5,-6,0,90,15,1,25607,WheelchairAgent(Clone),6,12,1.3,1.17,3.931641,1,False,2,0,0
2026-03-06_23.14.47,44,sign-optimization-horizontal-vertical_scenario,625,252,3,-5,-6,0,90,15,1,25608,WheelchairAgent(Clone),7,11,1.3,1.17,0,0,False,2,0,0
2026-03-06_23.14.47,44,sign-optimization-horizontal-vertical_scenario,625,252,3,-5,-6,0,90,15,1,25609,AdultFemaleAgent(Clone),6,12,1.58,1.45,5.687744,1,True,2,1,0.5
2026-03-06_23.14.47,44,sign-optimization-horizontal-vertical_scenario,625,252,3,-5,-6,0,90,15,1,25610,AdultFemaleAgent(Clone),10,12,1.58,1.45,0,0,True,3,1,0.3333333
2026-03-06_23.14.47,44,sign-optimization-horizontal-vertical_scenario,625,252,3,-5,-6,0,90,15,1,25611,WheelchairAgent(Clone),11,10,1.3,1.17,0,0,False,3,0,0
2026-03-06_23.14.47,44,sign-optimization-horizontal-vertical_scenario,625,252,3,-5,-6,0,90,15,1,25612,WheelchairAgent(Clone),11,10,1.3,1.17,0,0,False,3,0,0
2026-03-06_23.14.47,44,sign-optimization-horizontal-vertical_scenario,625,252,3,-5,-6,0,90,15,1,25613,AdultMaleAgent(Clone),7,11,1.71,1.58,0,0,False,2,0,0
2026-03-06_23.14.47,44,sign-optimization-horizontal-vertical_scenario,625,252,3,-5,-6,0,90,15,1,25614,WheelchairAgent(Clone),6,12,1.3,1.17,4.262207,1,True,2,1,0.5
2026-03-06_23.14.47,44,sign-optimization-horizontal-vertical_scenario,625,252,3,-5,-6,0,90,15,1,25615,AdultFemaleAgent(Clone),5,10,1.58,1.45,5.516113,1,True,2,1,0.5
2026-03-06_23.14.47,44,sign-optimization-horizontal-vertical_scenario,625,252,3,-5,-6,0,90,15,1,25616,WheelchairAgent(Clone),10,12,1.3,1.17,5.157715,1,True,3,1,0.3333333
2026-03-06_23.14.47,44,sign-optimization-horizontal-vertical_scenario,625,252,3,-5,-6,0,90,15,1,25617,AdultMaleAgent(Clone),11,10,1.71,1.58,0,0,False,3,0,0
2026-03-06_23.14.47,44,sign-optimization-horizontal-vertical_scenario,625,252,3,-5,-6,0,90,15,1,25618,WheelchairAgent(Clone),5,10,1.3,1.17,5.426758,1,True,2,1,0.5
2026-03-06_23.14.47,44,sign-optimization-horizontal-vertical_scenario,625,252,3,-5,-6,0,90,15,1,25619,AdultMaleAgent(Clone),7,11,1.71,1.58,0,0,False,2,0,0
2026-03-06_23.14.47,44,sign-optimization-horizontal-vertical_scenario,625,252,3,-5,-6,0,90,15,1,25620,WheelchairAgent(Clone),10,12,1.3,1.17,0,0,False,3,1,0.3333333
2026-03-06_23.14.47,44,sign-optimization-horizontal-vertical_scenario,625,252,3,-5,-6,0,90,15,1,25621,AdultMaleAgent(Clone),11,10,1.71,1.58,0,0,False,3,0,0
2026-03-06_23.14.47,44,sign-optimization-horizontal-vertical_scenario,625,252,3,-5,-6,0,90,15,1,25622,WheelchairAgent(Clone),11,10,1.3,1.17,0,0,False,3,0,0
2026-03-06_23.14.47,44,sign-optimization-horizontal-vertical_scenario,625,252,3,-5,-6,0,90,15,1,25623,AdultFemaleAgent(Clone),11,10,1.58,1.450001,0,0,False,3,0,0
2026-03-06_23.14.47,44,sign-optimization-horizontal-vertical_scenario,625,252,3,-5,-6,0,90,15,1,25624,AdultFemaleAgent(Clone),5,10,1.58,1.45,4.46582,1,True,2,1,0.5
2026-03-06_23.14.47,44,sign-optimization-horizontal-vertical_scenario,625,252,3,-5,-6,0,90,15,1,25625,WheelchairAgent(Clone),7,11,1.3,1.17,0,0,False,2,0,0
2026-03-06_23.14.47,44,sign-optimization-horizontal-vertical_scenario,625,252,3,-5,-6,0,90,15,1,25626,WheelchairAgent(Clone),10,12,1.3,1.17,0,0,False,3,1,0.3333333
2026-03-06_23.14.47,44,sign-optimization-horizontal-vertical_scenario,625,252,3,-5,-6,0,90,15,1,25627,AdultMaleAgent(Clone),6,12,1.71,1.58,2.734863,1,True,2,1,0.5
2026-03-06_23.14.47,44,sign-optimization-horizontal-vertical_scenario,625,252,3,-5,-6,0,90,15,1,25628,WheelchairAgent(Clone),7,11,1.3,1.17,0,0,False,2,0,0
2026-03-06_23.14.47,44,sign-optimization-horizontal-vertical_scenario,625,252,3,-5,-6,0,90,15,1,25629,AdultFemaleAgent(Clone),5,10,1.58,1.45,4.432617,1,True,2,1,0.5
2026-03-06_23.14.47,44,sign-optimization-horizontal-vertical_scenario,625,252,3,-5,-6,0,90,15,1,25630,AdultMaleAgent(Clone),6,12,1.71,1.58,4.610107,1,True,2,1,0.5
2026-03-06_23.14.47,44,sign-optimization-horizontal-vertical_scenario,625,252,3,-5,-6,0,90,15,1,25631,AdultMaleAgent(Clone),7,11,1.71,1.58,0,0,False,2,0,0
2026-03-06_23.14.47,44,sign-optimization-horizontal-vertical_scenario,625,252,3,-5,-6,0,90,15,1,25632,WheelchairAgent(Clone),5,10,1.3,1.17,5.228271,1,True,2,1,0.5
2026-03-06_23.14.47,44,sign-optimization-horizontal-vertical_scenario,625,252,3,-5,-6,0,90,15,1,25633,WheelchairAgent(Clone),6,12,1.3,1.17,0,0,True,2,1,0.5
2026-03-06_23.14.47,44,sign-optimization-horizontal-vertical_scenario,625,252,3,-5,-6,0,90,15,1,25634,WheelchairAgent(Clone),7,11,1.3,1.17,0,0,False,2,0,0
2026-03-06_23.14.47,44,sign-optimization-horizontal-vertical_scenario,625,252,3,-5,-6,0,90,15,1,25635,WheelchairAgent(Clone),6,12,1.3,1.17,0,0,True,2,1,0.5
2026-03-06_23.14.47,44,sign-optimization-horizontal-vertical_scenario,625,252,3,-5,-6,0,90,15,1,25636,WheelchairAgent(Clone),5,10,1.3,1.17,3.613525,1,True,2,1,0.5
2026-03-06_23.14.47,44,sign-optimization-horizontal-vertical_scenario,625,252,3,-5,-6,0,90,15,1,25637,AdultFemaleAgent(Clone),7,11,1.58,1.450001,0,0,False,2,0,0
2026-03-06_23.14.47,44,sign-optimization-horizontal-vertical_scenario,625,252,3,-5,-6,0,90,15,1,25638,AdultFemaleAgent(Clone),7,11,1.58,1.450001,0,0,False,2,0,0
2026-03-06_23.14.47,44,sign-optimization-horizontal-vertical_scenario,625,252,3,-5,-6,0,90,15,1,25639,WheelchairAgent(Clone),11,10,1.3,1.17,0,0,False,3,0,0
2026-03-06_23.14.47,44,sign-optimization-horizontal-vertical_scenario,625,252,3,-5,-6,0,90,15,1,25640,AdultMaleAgent(Clone),7,11,1.71,1.58,0,0,False,2,0,0
2026-03-06_23.14.47,44,sign-optimization-horizontal-vertical_scenario,625,252,3,-5,-6,0,90,15,1,25641,WheelchairAgent(Clone),5,10,1.3,1.17,4.154297,1,True,2,1,0.5
2026-03-06_23.14.47,44,sign-optimization-horizontal-vertical_scenario,625,252,3,-5,-6,0,90,15,1,25642,AdultFemaleAgent(Clone),7,11,1.58,1.450001,0,0,False,2,0,0
2026-03-06_23.14.47,44,sign-optimization-horizontal-vertical_scenario,625,252,3,-5,-6,0,90,15,1,25643,WheelchairAgent(Clone),6,12,1.3,1.17,0,0,True,2,1,0.5
2026-03-06_23.14.47,44,sign-optimization-horizontal-vertical_scenario,625,252,3,-5,-6,0,90,15,1,25644,WheelchairAgent(Clone),7,11,1.3,1.17,0,0,False,2,0,0
2026-03-06_23.14.47,44,sign-optimization-horizontal-vertical_scenario,625,252,3,-5,-6,0,90,15,1,25645,AdultMaleAgent(Clone),11,10,1.71,1.58,0,0,False,3,0,0
2026-03-06_23.14.47,44,sign-optimization-horizontal-vertical_scenario,625,252,3,-5,-6,0,90,15,1,25646,WheelchairAgent(Clone),6,12,1.3,1.17,0,0,True,2,1,0.5
2026-03-06_23.14.47,44,sign-optimization-horizontal-vertical_scenario,625,252,3,-5,-6,0,90,15,1,25647,AdultMaleAgent(Clone),5,10,1.71,1.58,6.005371,1,True,2,1,0.5
2026-03-06_23.14.47,44,sign-optimization-horizontal-vertical_scenario,625,252,3,-5,-6,0,90,15,1,25648,WheelchairAgent(Clone),5,10,1.3,1.17,2.984375,1,True,2,1,0.5
2026-03-06_23.14.47,44,sign-optimization-horizontal-vertical_scenario,625,252,3,-5,-6,0,90,15,1,25649,AdultFemaleAgent(Clone),10,12,1.58,1.45,0,0,True,3,1,0.3333333
2026-03-06_23.14.47,44,sign-optimization-horizontal-vertical_scenario,625,252,3,-5,-6,0,90,15,1,25650,AdultFemaleAgent(Clone),11,10,1.58,1.450001,0,0,False,3,0,0
2026-03-06_23.14.47,44,sign-optimization-horizontal-vertical_scenario,625,252,3,-5,-6,0,90,15,1,25651,AdultFemaleAgent(Clone),10,12,1.58,1.45,0,0,False,3,1,0.3333333
2026-03-06_23.14.47,44,sign-optimization-horizontal-vertical_scenario,625,252,3,-5,-6,0,90,15,1,25652,WheelchairAgent(Clone),11,10,1.3,1.17,0,0,False,3,0,0
2026-03-06_23.14.47,44,sign-optimization-horizontal-vertical_scenario,625,252,3,-5,-6,0,90,15,1,25653,WheelchairAgent(Clone),7,11,1.3,1.17,0,0,False,2,0,0
2026-03-06_23.14.47,44,sign-optimization-horizontal-vertical_scenario,625,252,3,-5,-6,0,90,15,1,25654,AdultMaleAgent(Clone),5,10,1.71,1.58,4.937988,1,True,2,1,0.5
2026-03-06_23.14.47,44,sign-optimization-horizontal-vertical_scenario,625,252,3,-5,-6,0,90,15,1,25655,AdultMaleAgent(Clone),7,11,1.71,1.58,0,0,False,2,0,0
2026-03-06_23.14.47,44,sign-optimization-horizontal-vertical_scenario,625,252,3,-5,-6,0,90,15,1,25656,AdultFemaleAgent(Clone),6,12,1.58,1.45,0,0,True,2,1,0.5
2026-03-06_23.14.47,44,sign-optimization-horizontal-vertical_scenario,625,252,3,-5,-6,0,90,15,1,25657,AdultMaleAgent(Clone),11,10,1.71,1.58,0,0,False,3,0,0
2026-03-06_23.14.47,44,sign-optimization-horizontal-vertical_scenario,625,252,3,-5,-6,0,90,15,1,25658,WheelchairAgent(Clone),11,10,1.3,1.17,0,0,False,3,0,0
2026-03-06_23.14.47,44,sign-optimization-horizontal-vertical_scenario,625,252,3,-5,-6,0,90,15,1,25659,WheelchairAgent(Clone),10,12,1.3,1.17,0,0,False,3,1,0.3333333
2026-03-06_23.14.47,44,sign-optimization-horizontal-vertical_scenario,625,252,3,-5,-6,0,90,15,1,25660,WheelchairAgent(Clone),11,10,1.3,1.17,0,0,False,3,0,0
2026-03-06_23.14.47,44,sign-optimization-horizontal-vertical_scenario,625,252,3,-5,-6,0,90,15,1,25661,AdultMaleAgent(Clone),7,11,1.71,1.58,0,0,False,2,0,0
2026-03-06_23.14.47,44,sign-optimization-horizontal-vertical_scenario,625,252,3,-5,-6,0,90,15,1,25662,AdultFemaleAgent(Clone),6,12,1.58,1.45,0,0,False,2,1,0.5
2026-03-06_23.14.47,44,sign-optimization-horizontal-vertical_scenario,625,252,3,-5,-6,0,90,15,1,25663,AdultMaleAgent(Clone),10,12,1.71,1.58,0,0,False,3,1,0.3333333
2026-03-06_23.14.47,44,sign-optimization-horizontal-vertical_scenario,625,252,3,-5,-6,0,90,15,1,25664,WheelchairAgent(Clone),7,11,1.3,1.17,0,0,False,2,0,0
2026-03-06_23.14.47,44,sign-optimization-horizontal-vertical_scenario,625,252,3,-5,-6,0,90,15,1,25665,AdultMaleAgent(Clone),6,12,1.71,1.58,0,0,False,2,0,0
2026-03-06_23.14.47,44,sign-optimization-horizontal-vertical_scenario,625,252,3,-5,-6,0,90,15,1,25666,WheelchairAgent(Clone),11,10,1.3,1.17,0,0,False,3,0,0
2026-03-06_23.14.47,44,sign-optimization-horizontal-vertical_scenario,625,252,3,-5,-6,0,90,15,1,25667,AdultFemaleAgent(Clone),5,10,1.58,1.45,7.146729,1,True,2,1,0.5
2026-03-06_23.14.47,44,sign-optimization-horizontal-vertical_scenario,625,252,3,-5,-6,0,90,15,1,25668,AdultFemaleAgent(Clone),10,12,1.58,1.45,0,0,False,3,0,0
2026-03-06_23.14.47,44,sign-optimization-horizontal-vertical_scenario,625,252,3,-5,-6,0,90,15,1,25669,AdultFemaleAgent(Clone),11,10,1.58,1.450001,0,0,False,3,0,0
2026-03-06_23.14.47,44,sign-optimization-horizontal-vertical_scenario,625,252,3,-5,-6,0,90,15,1,25670,AdultFemaleAgent(Clone),7,11,1.58,1.450001,0,0,False,2,0,0
2026-03-06_23.14.47,44,sign-optimization-horizontal-vertical_scenario,625,252,3,-5,-6,0,90,15,1,25671,AdultFemaleAgent(Clone),10,12,1.58,1.45,0,0,False,3,0,0
2026-03-06_23.14.47,44,sign-optimization-horizontal-vertical_scenario,625,252,3,-5,-6,0,90,15,1,25672,AdultMaleAgent(Clone),10,12,1.71,1.58,0,0,False,3,1,0.3333333
2026-03-06_23.14.47,44,sign-optimization-horizontal-vertical_scenario,625,252,3,-5,-6,0,90,15,1,25673,AdultMaleAgent(Clone),11,10,1.71,1.58,0,0,False,3,0,0
2026-03-06_23.14.47,44,sign-optimization-horizontal-vertical_scenario,625,252,3,-5,-6,0,90,15,1,25674,WheelchairAgent(Clone),5,10,1.3,1.17,5.663086,1,True,2,1,0.5
2026-03-06_23.14.47,44,sign-optimization-horizontal-vertical_scenario,625,252,3,-5,-6,0,90,15,1,25675,AdultFemaleAgent(Clone),5,10,1.58,1.45,2.344727,1,True,2,1,0.5
2026-03-06_23.14.47,44,sign-optimization-horizontal-vertical_scenario,625,252,3,-5,-6,0,90,15,1,25676,WheelchairAgent(Clone),7,11,1.3,1.17,0,0,False,2,0,0
2026-03-06_23.14.47,44,sign-optimization-horizontal-vertical_scenario,625,252,3,-5,-6,0,90,15,1,25677,WheelchairAgent(Clone),7,11,1.3,1.17,0,0,False,2,0,0
2026-03-06_23.14.47,44,sign-optimization-horizontal-vertical_scenario,625,252,3,-5,-6,0,90,15,1,25678,AdultFemaleAgent(Clone),11,10,1.58,1.450001,0,0,False,3,0,0
2026-03-06_23.14.47,44,sign-optimization-horizontal-vertical_scenario,625,252,3,-5,-6,0,90,15,1,25679,AdultMaleAgent(Clone),7,11,1.71,1.58,0,0,False,2,0,0
2026-03-06_23.14.47,44,sign-optimization-horizontal-vertical_scenario,625,252,3,-5,-6,0,90,15,1,25680,AdultFemaleAgent(Clone),10,12,1.58,1.45,0,0,False,3,0,0
2026-03-06_23.14.47,44,sign-optimization-horizontal-vertical_scenario,625,252,3,-5,-6,0,90,15,1,25681,AdultMaleAgent(Clone),7,11,1.71,1.58,0,0,False,2,0,0
2026-03-06_23.14.47,44,sign-optimization-horizontal-vertical_scenario,625,252,3,-5,-6,0,90,15,1,25682,AdultFemaleAgent(Clone),11,10,1.58,1.450001,0,0,False,3,0,0
2026-03-06_23.14.47,44,sign-optimization-horizontal-vertical_scenario,625,252,3,-5,-6,0,90,15,1,25683,AdultFemaleAgent(Clone),10,12,1.58,1.45,0,0,False,3,0,0
2026-03-06_23.14.47,44,sign-optimization-horizontal-vertical_scenario,625,252,3,-5,-6,0,90,15,1,25684,AdultFemaleAgent(Clone),5,10,1.58,1.45,3.746582,1,True,2,1,0.5
2026-03-06_23.14.47,44,sign-optimization-horizontal-vertical_scenario,625,252,3,-5,-6,0,90,15,1,25685,AdultMaleAgent(Clone),5,10,1.71,1.58,6.938232,1,True,2,1,0.5
2026-03-06_23.14.47,44,sign-optimization-horizontal-vertical_scenario,625,252,3,-5,-6,0,90,15,1,25686,AdultFemaleAgent(Clone),10,12,1.58,1.45,0,0,False,3,0,0
2026-03-06_23.14.47,44,sign-optimization-horizontal-vertical_scenario,625,252,3,-5,-6,0,90,15,1,25687,AdultFemaleAgent(Clone),7,11,1.58,1.450001,0,0,False,2,0,0
2026-03-06_23.14.47,44,sign-optimization-horizontal-vertical_scenario,625,252,3,-5,-6,0,90,15,1,25688,AdultMaleAgent(Clone),10,12,1.71,1.58,0,0,False,3,0,0
2026-03-06_23.14.47,44,sign-optimization-horizontal-vertical_scenario,625,252,3,-5,-6,0,90,15,1,25689,AdultFemaleAgent(Clone),10,12,1.58,1.45,0,0,False,3,0,0
2026-03-06_23.14.47,44,sign-optimization-horizontal-vertical_scenario,625,252,3,-5,-6,0,90,15,1,25690,WheelchairAgent(Clone),5,10,1.3,1.17,4.703125,1,True,2,1,0.5
2026-03-06_23.14.47,44,sign-optimization-horizontal-vertical_scenario,625,252,3,-5,-6,0,90,15,1,25691,AdultMaleAgent(Clone),6,12,1.71,1.58,0,0,False,2,0,0
2026-03-06_23.14.47,44,sign-optimization-horizontal-vertical_scenario,625,252,3,-5,-6,0,90,15,1,25692,AdultMaleAgent(Clone),11,10,1.71,1.58,0,0,False,3,0,0
2026-03-06_23.14.47,44,sign-optimization-horizontal-vertical_scenario,625,252,3,-5,-6,0,90,15,1,25693,WheelchairAgent(Clone),11,10,1.3,1.17,0,0,False,3,0,0
2026-03-06_23.14.47,44,sign-optimization-horizontal-vertical_scenario,625,252,3,-5,-6,0,90,15,1,25694,AdultMaleAgent(Clone),10,12,1.71,1.58,0,0,False,3,0,0
2026-03-06_23.14.47,44,sign-optimization-horizontal-vertical_scenario,625,252,3,-5,-6,0,90,15,1,25695,WheelchairAgent(Clone),7,11,1.3,1.17,0,0,False,2,0,0
2026-03-06_23.14.47,44,sign-optimization-horizontal-vertical_scenario,625,252,3,-5,-6,0,90,15,1,25696,WheelchairAgent(Clone),5,10,1.3,1.17,4.980469,1,True,2,1,0.5
2026-03-06_23.14.47,44,sign-optimization-horizontal-vertical_scenario,625,252,3,-5,-6,0,90,15,1,25697,AdultFemaleAgent(Clone),6,12,1.58,1.45,0,0,False,2,0,0
2026-03-06_23.14.47,44,sign-optimization-horizontal-vertical_scenario,625,252,3,-5,-6,0,90,15,1,25698,WheelchairAgent(Clone),7,11,1.3,1.17,0,0,False,2,0,0
2026-03-06_23.14.47,44,sign-optimization-horizontal-vertical_scenario,625,252,3,-5,-6,0,90,15,1,25699,AdultMaleAgent(Clone),6,12,1.71,1.58,0,0,False,2,1,0.5
2026-03-06_23.14.47,44,sign-optimization-horizontal-vertical_scenario,625,252,3,-5,-6,0,90,15,1,25700,WheelchairAgent(Clone),7,11,1.3,1.17,0,0,False,2,0,0
2026-03-06_23.14.47,44,sign-optimization-horizontal-vertical_scenario,625,252,3,-5,-6,0,90,15,1,25701,WheelchairAgent(Clone),6,12,1.3,1.17,0,0,False,2,0,0
2026-03-06_23.14.47,44,sign-optimization-horizontal-vertical_scenario,625,252,3,-5,-6,0,90,15,1,25702,WheelchairAgent(Clone),11,10,1.3,1.17,0,0,False,3,0,0
2026-03-06_23.14.47,44,sign-optimization-horizontal-vertical_scenario,625,252,3,-5,-6,0,90,15,1,25703,WheelchairAgent(Clone),6,12,1.3,1.17,0,0,False,2,0,0
2026-03-06_23.14.47,44,sign-optimization-horizontal-vertical_scenario,625,252,3,-5,-6,0,90,15,1,25704,AdultMaleAgent(Clone),5,10,1.71,1.58,5.271484,1,True,2,1,0.5
2026-03-06_23.14.47,44,sign-optimization-horizontal-vertical_scenario,625,252,3,-5,-6,0,90,15,1,25705,AdultFemaleAgent(Clone),10,12,1.58,1.45,0,0,False,3,0,0
2026-03-06_23.14.47,44,sign-optimization-horizontal-vertical_scenario,625,252,3,-5,-6,0,90,15,1,25706,WheelchairAgent(Clone),7,11,1.3,1.17,0,0,False,2,0,0
2026-03-06_23.14.47,44,sign-optimization-horizontal-vertical_scenario,625,252,3,-5,-6,0,90,15,1,25707,WheelchairAgent(Clone),10,12,1.3,1.17,0,0,False,3,0,0
2026-03-06_23.14.47,44,sign-optimization-horizontal-vertical_scenario,625,252,3,-5,-6,0,90,15,1,25708,WheelchairAgent(Clone),6,12,1.3,1.17,0,0,False,2,0,0
2026-03-06_23.14.47,44,sign-optimization-horizontal-vertical_scenario,625,252,3,-5,-6,0,90,15,1,25709,AdultMaleAgent(Clone),11,10,1.71,1.58,0,0,False,3,0,0
2026-03-06_23.14.47,44,sign-optimization-horizontal-vertical_scenario,625,252,3,-5,-6,0,90,15,1,25710,AdultMaleAgent(Clone),6,12,1.71,1.58,0,0,False,2,0,0
2026-03-06_23.14.47,44,sign-optimization-horizontal-vertical_scenario,625,252,3,-5,-6,0,90,15,1,25711,WheelchairAgent(Clone),7,11,1.3,1.17,0,0,False,2,0,0
2026-03-06_23.14.47,44,sign-optimization-horizontal-vertical_scenario,625,252,3,-5,-6,0,90,15,1,25712,AdultFemaleAgent(Clone),5,10,1.58,1.45,5.108887,1,True,2,1,0.5
2026-03-06_23.14.47,44,sign-optimization-horizontal-vertical_scenario,625,252,3,-5,-6,0,90,15,1,25713,AdultMaleAgent(Clone),6,12,1.71,1.58,0,0,False,2,0,0
2026-03-06_23.14.47,44,sign-optimization-horizontal-vertical_scenario,625,252,3,-5,-6,0,90,15,1,25714,AdultFemaleAgent(Clone),6,12,1.58,1.45,0,0,False,2,0,0
2026-03-06_23.14.47,44,sign-optimization-horizontal-vertical_scenario,625,252,3,-5,-6,0,90,15,1,25715,AdultMaleAgent(Clone),7,11,1.71,1.58,0,0,False,2,0,0
2026-03-06_23.14.47,44,sign-optimization-horizontal-vertical_scenario,625,252,3,-5,-6,0,90,15,1,25716,WheelchairAgent(Clone),7,11,1.3,1.17,0,0,False,2,0,0
2026-03-06_23.14.47,44,sign-optimization-horizontal-vertical_scenario,625,252,3,-5,-6,0,90,15,1,25717,AdultMaleAgent(Clone),11,10,1.71,1.58,0,0,False,3,0,0
2026-03-06_23.14.47,44,sign-optimization-horizontal-vertical_scenario,625,252,3,-5,-6,0,90,15,1,25718,AdultMaleAgent(Clone),6,12,1.71,1.58,0,0,False,2,0,0
2026-03-06_23.14.47,44,sign-optimization-horizontal-vertical_scenario,625,252,3,-5,-6,0,90,15,1,25719,WheelchairAgent(Clone),5,10,1.3,1.17,0,0,True,2,1,0.5
2026-03-06_23.14.47,44,sign-optimization-horizontal-vertical_scenario,625,252,3,-5,-6,0,90,15,1,25720,AdultFemaleAgent(Clone),10,12,1.58,1.45,0,0,False,3,0,0
2026-03-06_23.14.47,44,sign-optimization-horizontal-vertical_scenario,625,252,3,-5,-6,0,90,15,1,25721,AdultMaleAgent(Clone),5,10,1.71,1.58,0,0,True,2,1,0.5
2026-03-06_23.14.47,44,sign-optimization-horizontal-vertical_scenario,625,252,3,-5,-6,0,90,15,1,25722,AdultMaleAgent(Clone),6,12,1.71,1.58,0,0,False,2,0,0
2026-03-06_23.14.47,44,sign-optimization-horizontal-vertical_scenario,625,252,3,-5,-6,0,90,15,1,25723,AdultMaleAgent(Clone),10,12,1.71,1.58,0,0,False,3,0,0
2026-03-06_23.14.47,44,sign-optimization-horizontal-vertical_scenario,625,252,3,-5,-6,0,90,15,1,25724,AdultFemaleAgent(Clone),5,10,1.58,1.45,0,0,True,2,1,0.5
2026-03-06_23.14.47,44,sign-optimization-horizontal-vertical_scenario,625,252,3,-5,-6,0,90,15,1,25725,WheelchairAgent(Clone),7,11,1.3,1.17,0,0,False,2,0,0
2026-03-06_23.14.47,44,sign-optimization-horizontal-vertical_scenario,625,252,3,-5,-6,0,90,15,1,25726,AdultFemaleAgent(Clone),5,10,1.58,1.45,0,0,True,2,1,0.5
2026-03-06_23.14.47,44,sign-optimization-horizontal-vertical_scenario,625,252,3,-5,-6,0,90,15,1,25727,WheelchairAgent(Clone),10,12,1.3,1.17,0,0,False,3,0,0
2026-03-06_23.14.47,44,sign-optimization-horizontal-vertical_scenario,625,252,3,-5,-6,0,90,15,1,25728,AdultFemaleAgent(Clone),11,10,1.58,1.450001,0,0,False,3,0,0
2026-03-06_23.14.47,44,sign-optimization-horizontal-vertical_scenario,625,252,3,-5,-6,0,90,15,1,25729,AdultFemaleAgent(Clone),6,12,1.58,1.45,0,0,False,2,0,0
2026-03-06_23.14.47,44,sign-optimization-horizontal-vertical_scenario,625,252,3,-5,-6,0,90,15,1,25730,AdultMaleAgent(Clone),5,10,1.71,1.58,0,0,True,2,1,0.5
2026-03-06_23.14.47,44,sign-optimization-horizontal-vertical_scenario,625,252,3,-5,-6,0,90,15,1,25731,WheelchairAgent(Clone),7,11,1.3,1.17,0,0,False,2,0,0
2026-03-06_23.14.47,44,sign-optimization-horizontal-vertical_scenario,625,252,3,-5,-6,0,90,15,1,25732,AdultFemaleAgent(Clone),11,10,1.58,1.450001,0,0,False,3,0,0
2026-03-06_23.14.47,44,sign-optimization-horizontal-vertical_scenario,625,252,3,-5,-6,0,90,15,1,25733,AdultMaleAgent(Clone),11,10,1.71,1.58,0,0,False,3,0,0
2026-03-06_23.14.47,44,sign-optimization-horizontal-vertical_scenario,625,252,3,-5,-6,0,90,15,1,25734,AdultMaleAgent(Clone),6,12,1.71,1.58,0,0,False,2,0,0
2026-03-06_23.14.47,44,sign-optimization-horizontal-vertical_scenario,625,252,3,-5,-6,0,90,15,1,25735,AdultFemaleAgent(Clone),5,10,1.58,1.45,2.651123,1,True,2,1,0.5
2026-03-06_23.14.47,44,sign-optimization-horizontal-vertical_scenario,625,252,3,-5,-6,0,90,15,1,25736,AdultFemaleAgent(Clone),5,10,1.58,1.45,0,0,True,2,1,0.5
2026-03-06_23.14.47,44,sign-optimization-horizontal-vertical_scenario,625,252,3,-5,-6,0,90,15,1,25737,AdultMaleAgent(Clone),10,12,1.71,1.58,0,0,False,3,0,0
2026-03-06_23.14.47,44,sign-optimization-horizontal-vertical_scenario,625,252,3,-5,-6,0,90,15,1,25738,WheelchairAgent(Clone),6,12,1.3,1.17,0,0,False,2,0,0
2026-03-06_23.14.47,44,sign-optimization-horizontal-vertical_scenario,625,252,3,-5,-6,0,90,15,1,25739,AdultFemaleAgent(Clone),7,11,1.58,1.450001,0,0,False,2,0,0
2026-03-06_23.14.47,44,sign-optimization-horizontal-vertical_scenario,625,252,3,-5,-6,0,90,15,1,25740,AdultMaleAgent(Clone),7,11,1.71,1.58,0,0,False,2,0,0
2026-03-06_23.14.47,44,sign-optimization-horizontal-vertical_scenario,625,252,3,-5,-6,0,90,15,1,25741,AdultMaleAgent(Clone),5,10,1.71,1.58,0,0,True,2,1,0.5
2026-03-06_23.14.47,44,sign-optimization-horizontal-vertical_scenario,625,252,3,-5,-6,0,90,15,1,25742,AdultFemaleAgent(Clone),11,10,1.58,1.450001,0,0,False,3,0,0
2026-03-06_23.14.47,44,sign-optimization-horizontal-vertical_scenario,625,252,3,-5,-6,0,90,15,1,25743,AdultFemaleAgent(Clone),7,11,1.58,1.450001,0,0,False,2,0,0
2026-03-06_23.14.47,44,sign-optimization-horizontal-vertical_scenario,625,252,3,-5,-6,0,90,15,1,25744,AdultFemaleAgent(Clone),10,12,1.58,1.45,0,0,False,3,0,0
2026-03-06_23.14.47,44,sign-optimization-horizontal-vertical_scenario,625,252,3,-5,-6,0,90,15,1,25745,AdultFemaleAgent(Clone),7,11,1.58,1.450001,0,0,False,2,0,0
2026-03-06_23.14.47,44,sign-optimization-horizontal-vertical_scenario,625,252,3,-5,-6,0,90,15,1,25746,WheelchairAgent(Clone),6,12,1.3,1.17,0,0,False,2,0,0
2026-03-06_23.14.47,44,sign-optimization-horizontal-vertical_scenario,625,252,3,-5,-6,0,90,15,1,25747,AdultMaleAgent(Clone),6,12,1.71,1.58,0,0,False,2,0,0
2026-03-06_23.14.47,44,sign-optimization-horizontal-vertical_scenario,625,252,3,-5,-6,0,90,15,1,25748,AdultFemaleAgent(Clone),11,10,1.58,1.450001,0,0,False,3,0,0
2026-03-06_23.14.47,44,sign-optimization-horizontal-vertical_scenario,625,252,3,-5,-6,0,90,15,1,25749,AdultFemaleAgent(Clone),10,12,1.58,1.45,0,0,False,3,0,0
2026-03-06_23.14.47,44,sign-optimization-horizontal-vertical_scenario,625,252,3,-5,-6,0,90,15,1,25750,AdultFemaleAgent(Clone),5,10,1.58,1.45,0,0,True,2,1,0.5
2026-03-06_23.14.47,44,sign-optimization-horizontal-vertical_scenario,625,252,3,-5,-6,0,90,15,1,25751,WheelchairAgent(Clone),10,12,1.3,1.17,0,0,False,3,0,0
2026-03-06_23.14.47,44,sign-optimization-horizontal-vertical_scenario,625,252,3,-5,-6,0,90,15,1,25752,WheelchairAgent(Clone),11,10,1.3,1.17,0,0,False,3,0,0
2026-03-06_23.14.47,44,sign-optimization-horizontal-vertical_scenario,625,252,3,-5,-6,0,90,15,1,25753,AdultMaleAgent(Clone),11,10,1.71,1.58,0,0,False,3,0,0
2026-03-06_23.14.47,44,sign-optimization-horizontal-vertical_scenario,625,252,3,-5,-6,0,90,15,1,25754,WheelchairAgent(Clone),7,11,1.3,1.17,0,0,False,2,0,0
2026-03-06_23.14.47,44,sign-optimization-horizontal-vertical_scenario,625,252,3,-5,-6,0,90,15,1,25755,AdultMaleAgent(Clone),7,11,1.71,1.58,0,0,False,2,0,0
2026-03-06_23.14.47,44,sign-optimization-horizontal-vertical_scenario,625,252,3,-5,-6,0,90,15,1,25756,AdultMaleAgent(Clone),10,12,1.71,1.58,0,0,False,3,0,0
2026-03-06_23.14.47,44,sign-optimization-horizontal-vertical_scenario,625,252,3,-5,-6,0,90,15,1,25757,WheelchairAgent(Clone),7,11,1.3,1.17,0,0,False,2,0,0
2026-03-06_23.14.47,44,sign-optimization-horizontal-vertical_scenario,625,252,3,-5,-6,0,90,15,1,25758,AdultFemaleAgent(Clone),6,12,1.58,1.45,0,0,False,2,0,0
2026-03-06_23.14.47,44,sign-optimization-horizontal-vertical_scenario,625,252,3,-5,-6,0,90,15,1,25759,AdultFemaleAgent(Clone),5,10,1.58,1.45,0,0,False,2,0,0
2026-03-06_23.14.47,44,sign-optimization-horizontal-vertical_scenario,625,252,3,-5,-6,0,90,15,1,25760,AdultFemaleAgent(Clone),10,12,1.58,1.45,0,0,False,3,0,0
2026-03-06_23.14.47,44,sign-optimization-horizontal-vertical_scenario,625,252,3,-5,-6,0,90,15,1,25761,WheelchairAgent(Clone),6,12,1.3,1.17,0,0,False,2,0,0
2026-03-06_23.14.47,44,sign-optimization-horizontal-vertical_scenario,625,252,3,-5,-6,0,90,15,1,25762,AdultFemaleAgent(Clone),10,12,1.58,1.45,0,0,False,3,0,0
2026-03-06_23.14.47,44,sign-optimization-horizontal-vertical_scenario,625,252,3,-5,-6,0,90,15,1,25763,WheelchairAgent(Clone),10,12,1.3,1.17,0,0,False,3,0,0
2026-03-06_23.14.47,44,sign-optimization-horizontal-vertical_scenario,625,252,3,-5,-6,0,90,15,1,25764,AdultMaleAgent(Clone),10,12,1.71,1.58,0,0,False,3,0,0
2026-03-06_23.14.47,44,sign-optimization-horizontal-vertical_scenario,625,252,3,-5,-6,0,90,15,1,25765,AdultMaleAgent(Clone),11,10,1.71,1.58,0,0,False,3,0,0
2026-03-06_23.14.47,44,sign-optimization-horizontal-vertical_scenario,625,252,3,-5,-6,0,90,15,1,25766,AdultMaleAgent(Clone),6,12,1.71,1.58,0,0,False,2,0,0
2026-03-06_23.14.47,44,sign-optimization-horizontal-vertical_scenario,625,252,3,-5,-6,0,90,15,1,25767,AdultMaleAgent(Clone),10,12,1.71,1.58,0,0,False,3,0,0
2026-03-06_23.14.47,44,sign-optimization-horizontal-vertical_scenario,625,252,3,-5,-6,0,90,15,1,25768,AdultFemaleAgent(Clone),6,12,1.58,1.45,0,0,False,2,0,0
2026-03-06_23.14.47,44,sign-optimization-horizontal-vertical_scenario,625,252,3,-5,-6,0,90,15,1,25769,WheelchairAgent(Clone),10,12,1.3,1.17,0,0,False,3,0,0
2026-03-06_23.14.47,44,sign-optimization-horizontal-vertical_scenario,625,252,3,-5,-6,0,90,15,1,25770,WheelchairAgent(Clone),5,10,1.3,1.17,0,0,False,2,1,0.5
2026-03-06_23.14.47,44,sign-optimization-horizontal-vertical_scenario,625,252,3,-5,-6,0,90,15,1,25771,AdultMaleAgent(Clone),5,10,1.71,1.58,0,0,False,2,1,0.5
2026-03-06_23.14.47,44,sign-optimization-horizontal-vertical_scenario,625,252,3,-5,-6,0,90,15,1,25772,AdultMaleAgent(Clone),6,12,1.71,1.58,0,0,False,2,0,0
2026-03-06_23.14.47,44,sign-optimization-horizontal-vertical_scenario,625,252,3,-5,-6,0,90,15,1,25773,WheelchairAgent(Clone),10,12,1.3,1.17,0,0,False,3,0,0
2026-03-06_23.14.47,44,sign-optimization-horizontal-vertical_scenario,625,252,3,-5,-6,0,90,15,1,25774,WheelchairAgent(Clone),11,10,1.3,1.17,0,0,False,3,0,0
2026-03-06_23.14.47,44,sign-optimization-horizontal-vertical_scenario,625,252,3,-5,-6,0,90,15,1,25775,AdultMaleAgent(Clone),11,10,1.71,1.58,0,0,False,3,0,0
2026-03-06_23.14.47,44,sign-optimization-horizontal-vertical_scenario,625,252,3,-5,-6,0,90,15,1,25776,AdultMaleAgent(Clone),10,12,1.71,1.58,0,0,False,3,0,0
2026-03-06_23.14.47,44,sign-optimization-horizontal-vertical_scenario,625,252,3,-5,-6,0,90,15,1,25777,WheelchairAgent(Clone),7,11,1.3,1.17,0,0,False,2,0,0
2026-03-06_23.14.47,44,sign-optimization-horizontal-vertical_scenario,625,252,3,-5,-6,0,90,15,1,25778,AdultFemaleAgent(Clone),7,11,1.58,1.450001,0,0,False,2,0,0
2026-03-06_23.14.47,44,sign-optimization-horizontal-vertical_scenario,625,252,3,-5,-6,0,90,15,1,25779,WheelchairAgent(Clone),5,10,1.3,1.17,0,0,False,2,0,0
2026-03-06_23.14.47,44,sign-optimization-horizontal-vertical_scenario,625,252,3,-5,-6,0,90,15,1,25780,AdultMaleAgent(Clone),5,10,1.71,1.58,0,0,False,2,0,0
2026-03-06_23.14.47,44,sign-optimization-horizontal-vertical_scenario,625,252,3,-5,-6,0,90,15,1,25781,WheelchairAgent(Clone),5,10,1.3,1.17,0,0,False,2,0,0
2026-03-06_23.14.47,44,sign-optimization-horizontal-vertical_scenario,625,252,3,-5,-6,0,90,15,1,25782,WheelchairAgent(Clone),5,10,1.3,1.17,0,0,False,2,0,0
2026-03-06_23.14.47,44,sign-optimization-horizontal-vertical_scenario,625,252,3,-5,-6,0,90,15,1,25783,WheelchairAgent(Clone),6,12,1.3,1.17,0,0,False,2,0,0
2026-03-06_23.14.47,44,sign-optimization-horizontal-vertical_scenario,625,252,3,-5,-6,0,90,15,1,25784,AdultMaleAgent(Clone),6,12,1.71,1.58,0,0,False,2,0,0
2026-03-06_23.14.47,44,sign-optimization-horizontal-vertical_scenario,625,252,3,-5,-6,0,90,15,1,25785,WheelchairAgent(Clone),10,12,1.3,1.17,0,0,False,3,0,0
2026-03-06_23.14.47,44,sign-optimization-horizontal-vertical_scenario,625,252,3,-5,-6,0,90,15,1,25786,AdultFemaleAgent(Clone),5,10,1.58,1.45,0,0,False,2,0,0
2026-03-06_23.14.47,44,sign-optimization-horizontal-vertical_scenario,625,252,3,-5,-6,0,90,15,1,25787,AdultFemaleAgent(Clone),5,10,1.58,1.45,0,0,False,2,0,0
2026-03-06_23.14.47,44,sign-optimization-horizontal-vertical_scenario,625,252,3,-5,-6,0,90,15,1,25788,AdultFemaleAgent(Clone),10,12,1.58,1.45,0,0,False,3,0,0
2026-03-06_23.14.47,44,sign-optimization-horizontal-vertical_scenario,625,252,3,-5,-6,0,90,15,1,25789,WheelchairAgent(Clone),11,10,1.3,1.17,0,0,False,3,0,0
2026-03-06_23.14.47,44,sign-optimization-horizontal-vertical_scenario,625,252,3,-5,-6,0,90,15,1,25790,AdultFemaleAgent(Clone),10,12,1.58,1.45,0,0,False,3,0,0
2026-03-06_23.14.47,44,sign-optimization-horizontal-vertical_scenario,625,252,3,-5,-6,0,90,15,1,25791,AdultMaleAgent(Clone),5,10,1.71,1.58,0,0,False,2,0,0
2026-03-06_23.14.47,44,sign-optimization-horizontal-vertical_scenario,625,252,3,-5,-6,0,90,15,1,25792,AdultFemaleAgent(Clone),7,11,1.58,1.450001,0,0,False,2,0,0
2026-03-06_23.14.47,44,sign-optimization-horizontal-vertical_scenario,625,252,3,-5,-6,0,90,15,1,25793,AdultFemaleAgent(Clone),7,11,1.58,1.450001,0,0,False,2,0,0
2026-03-06_23.14.47,44,sign-optimization-horizontal-vertical_scenario,625,252,3,-5,-6,0,90,15,1,25794,AdultMaleAgent(Clone),7,11,1.71,1.58,0,0,False,2,0,0
2026-03-06_23.14.47,44,sign-optimization-horizontal-vertical_scenario,625,252,3,-5,-6,0,90,15,1,25795,AdultMaleAgent(Clone),7,11,1.71,1.58,0,0,False,2,0,0
2026-03-06_23.14.47,44,sign-optimization-horizontal-vertical_scenario,625,252,3,-5,-6,0,90,15,1,25796,AdultMaleAgent(Clone),6,12,1.71,1.58,0,0,False,2,0,0
2026-03-06_23.14.47,44,sign-optimization-horizontal-vertical_scenario,625,252,3,-5,-6,0,90,15,1,25797,AdultMaleAgent(Clone),7,11,1.71,1.58,0,0,False,2,0,0
2026-03-06_23.14.47,44,sign-optimization-horizontal-vertical_scenario,625,252,3,-5,-6,0,90,15,1,25798,AdultFemaleAgent(Clone),10,12,1.58,1.45,0,0,False,3,0,0
2026-03-06_23.14.47,44,sign-optimization-horizontal-vertical_scenario,625,252,3,-5,-6,0,90,15,1,25799,AdultMaleAgent(Clone),7,11,1.71,1.58,0,0,False,2,0,0
2026-03-06_23.14.47,44,sign-optimization-horizontal-vertical_scenario,625,252,3,-5,-6,0,90,15,1,25800,WheelchairAgent(Clone),7,11,1.3,1.17,0,0,False,2,0,0
2026-03-06_23.14.47,44,sign-optimization-horizontal-vertical_scenario,625,252,3,-5,-6,0,90,15,1,25801,AdultFemaleAgent(Clone),10,12,1.58,1.45,0,0,False,3,0,0
2026-03-06_23.14.47,44,sign-optimization-horizontal-vertical_scenario,625,252,3,-5,-6,0,90,15,1,25802,WheelchairAgent(Clone),5,10,1.3,1.17,0,0,False,2,0,0
2026-03-06_23.14.47,44,sign-optimization-horizontal-vertical_scenario,625,252,3,-5,-6,0,90,15,1,25803,AdultFemaleAgent(Clone),5,10,1.58,1.45,0,0,False,2,0,0
2026-03-06_23.14.47,44,sign-optimization-horizontal-vertical_scenario,625,252,3,-5,-6,0,90,15,1,25804,AdultFemaleAgent(Clone),7,11,1.58,1.450001,0,0,False,2,0,0
