Timestamp,RunIndex,ScenarioID,TotalAgents,VisibleSignCount,SignHeight,SignPositionX,SignPositionZ,SignOrientation,VcaAngle,VcaDistance,SignComprehensionTime,AgentID,AgentType,StartNode,GoalNode,Height,EyeHeight,TimeInVCA,TimesInVCA,SawSign,TotalNodesNavigated,NodesWithDetection,RDEffective
2026-03-06_19.19.59,120,sign-optimization-horizontal-vertical_scenario,625,249,3,-1,-2,90,90,15,1,69051,AdultMaleAgent(Clone),7,11,1.71,1.58,7.878906,2,True,2,1,0.5
2026-03-06_19.19.59,120,sign-optimization-horizontal-vertical_scenario,625,249,3,-1,-2,90,90,15,1,69052,WheelchairAgent(Clone),6,12,1.3,1.17,0.9677734,1,False,2,0,0
2026-03-06_19.19.59,120,sign-optimization-horizontal-vertical_scenario,625,249,3,-1,-2,90,90,15,1,69053,AdultMaleAgent(Clone),6,12,1.71,1.58,0.512207,1,False,2,0,0
2026-03-06_19.19.59,120,sign-optimization-horizontal-vertical_scenario,625,249,3,-1,-2,90,90,15,1,69054,AdultFemaleAgent(Clone),7,11,1.58,1.450001,5.813965,2,True,2,1,0.5
2026-03-06_19.19.59,120,sign-optimization-horizontal-vertical_scenario,625,249,3,-1,-2,90,90,15,1,69055,WheelchairAgent(Clone),6,12,1.3,1.17,3.154297,1,False,2,1,0.5
2026-03-06_19.19.59,120,sign-optimization-horizontal-vertical_scenario,625,249,3,-1,-2,90,90,15,1,69056,AdultFemaleAgent(Clone),5,10,1.58,1.45,12.87109,1,True,2,1,0.5
2026-03-06_19.19.59,120,sign-optimization-horizontal-vertical_scenario,625,249,3,-1,-2,90,90,15,1,69057,AdultFemaleAgent(Clone),7,11,1.58,1.450001,4.378906,2,True,2,1,0.5
2026-03-06_19.19.59,120,sign-optimization-horizontal-vertical_scenario,625,249,3,-1,-2,90,90,15,1,69058,WheelchairAgent(Clone),6,12,1.3,1.17,0,0,False,2,0,0
2026-03-06_19.19.59,120,sign-optimization-horizontal-vertical_scenario,625,249,3,-1,-2,90,90,15,1,69059,AdultMaleAgent(Clone),11,10,1.71,1.58,11.24854,1,True,3,1,0.3333333
2026-03-06_19.19.59,120,sign-optimization-horizontal-vertical_scenario,625,249,3,-1,-2,90,90,15,1,69060,AdultMaleAgent(Clone),6,12,1.71,1.58,2.336914,1,False,2,1,0.5
2026-03-06_19.19.59,120,sign-optimization-horizontal-vertical_scenario,625,249,3,-1,-2,90,90,15,1,69061,AdultMaleAgent(Clone),6,12,1.71,1.58,5.120117,1,False,2,1,0.5
2026-03-06_19.19.59,120,sign-optimization-horizontal-vertical_scenario,625,249,3,-1,-2,90,90,15,1,69062,AdultMaleAgent(Clone),6,12,1.71,1.58,2.708984,1,False,2,1,0.5
2026-03-06_19.19.59,120,sign-optimization-horizontal-vertical_scenario,625,249,3,-1,-2,90,90,15,1,69063,AdultFemaleAgent(Clone),5,10,1.58,1.45,13.52246,1,True,2,1,0.5
2026-03-06_19.19.59,120,sign-optimization-horizontal-vertical_scenario,625,249,3,-1,-2,90,90,15,1,69064,AdultMaleAgent(Clone),6,12,1.71,1.58,5.467773,1,False,2,1,0.5
2026-03-06_19.19.59,120,sign-optimization-horizontal-vertical_scenario,625,249,3,-1,-2,90,90,15,1,69065,AdultMaleAgent(Clone),11,10,1.71,1.58,12.16602,1,True,3,1,0.3333333
2026-03-06_19.19.59,120,sign-optimization-horizontal-vertical_scenario,625,249,3,-1,-2,90,90,15,1,69066,AdultMaleAgent(Clone),6,12,1.71,1.58,1.256348,1,False,2,0,0
2026-03-06_19.19.59,120,sign-optimization-horizontal-vertical_scenario,625,249,3,-1,-2,90,90,15,1,69067,AdultMaleAgent(Clone),10,12,1.71,1.58,5.155273,1,False,3,1,0.3333333
2026-03-06_19.19.59,120,sign-optimization-horizontal-vertical_scenario,625,249,3,-1,-2,90,90,15,1,69068,AdultMaleAgent(Clone),10,12,1.71,1.58,12.00391,1,False,3,0,0
2026-03-06_19.19.59,120,sign-optimization-horizontal-vertical_scenario,625,249,3,-1,-2,90,90,15,1,69069,WheelchairAgent(Clone),11,10,1.3,1.17,11.41699,1,True,3,1,0.3333333
2026-03-06_19.19.59,120,sign-optimization-horizontal-vertical_scenario,625,249,3,-1,-2,90,90,15,1,69070,WheelchairAgent(Clone),5,10,1.3,1.17,12.5293,1,True,2,1,0.5
2026-03-06_19.19.59,120,sign-optimization-horizontal-vertical_scenario,625,249,3,-1,-2,90,90,15,1,69071,AdultFemaleAgent(Clone),6,12,1.58,1.45,0,0,False,2,0,0
2026-03-06_19.19.59,120,sign-optimization-horizontal-vertical_scenario,625,249,3,-1,-2,90,90,15,1,69072,AdultMaleAgent(Clone),5,10,1.71,1.58,12.76318,1,True,2,1,0.5
2026-03-06_19.19.59,120,sign-optimization-horizontal-vertical_scenario,625,249,3,-1,-2,90,90,15,1,69073,AdultMaleAgent(Clone),11,10,1.71,1.58,0.08251953,2,True,3,2,0.6666667
2026-03-06_19.19.59,120,sign-optimization-horizontal-vertical_scenario,625,249,3,-1,-2,90,90,15,1,69074,WheelchairAgent(Clone),7,11,1.3,1.17,5.464844,2,True,2,1,0.5
2026-03-06_19.19.59,120,sign-optimization-horizontal-vertical_scenario,625,249,3,-1,-2,90,90,15,1,69075,AdultFemaleAgent(Clone),6,12,1.58,1.45,0,0,False,2,0,0
2026-03-06_19.19.59,120,sign-optimization-horizontal-vertical_scenario,625,249,3,-1,-2,90,90,15,1,69076,AdultMaleAgent(Clone),10,12,1.71,1.58,9.529297,1,True,3,2,0.6666667
2026-03-06_19.19.59,120,sign-optimization-horizontal-vertical_scenario,625,249,3,-1,-2,90,90,15,1,69077,AdultMaleAgent(Clone),7,11,1.71,1.58,8.933105,2,True,2,1,0.5
2026-03-06_19.19.59,120,sign-optimization-horizontal-vertical_scenario,625,249,3,-1,-2,90,90,15,1,69078,WheelchairAgent(Clone),7,11,1.3,1.17,5.87793,2,True,2,1,0.5
2026-03-06_19.19.59,120,sign-optimization-horizontal-vertical_scenario,625,249,3,-1,-2,90,90,15,1,69079,AdultFemaleAgent(Clone),11,10,1.58,1.450001,9.467773,1,True,3,2,0.6666667
2026-03-06_19.19.59,120,sign-optimization-horizontal-vertical_scenario,625,249,3,-1,-2,90,90,15,1,69080,WheelchairAgent(Clone),5,10,1.3,1.17,13.46826,1,False,2,1,0.5
2026-03-06_19.19.59,120,sign-optimization-horizontal-vertical_scenario,625,249,3,-1,-2,90,90,15,1,69081,AdultFemaleAgent(Clone),6,12,1.58,1.45,6.371094,1,False,2,0,0
2026-03-06_19.19.59,120,sign-optimization-horizontal-vertical_scenario,625,249,3,-1,-2,90,90,15,1,69082,AdultMaleAgent(Clone),5,10,1.71,1.58,13.2959,1,True,2,1,0.5
2026-03-06_19.19.59,120,sign-optimization-horizontal-vertical_scenario,625,249,3,-1,-2,90,90,15,1,69083,WheelchairAgent(Clone),6,12,1.3,1.17,1.405273,1,False,2,0,0
2026-03-06_19.19.59,120,sign-optimization-horizontal-vertical_scenario,625,249,3,-1,-2,90,90,15,1,69084,AdultMaleAgent(Clone),10,12,1.71,1.58,7.403809,1,False,3,0,0
2026-03-06_19.19.59,120,sign-optimization-horizontal-vertical_scenario,625,249,3,-1,-2,90,90,15,1,69085,WheelchairAgent(Clone),11,10,1.3,1.17,9.633301,1,False,3,1,0.3333333
2026-03-06_19.19.59,120,sign-optimization-horizontal-vertical_scenario,625,249,3,-1,-2,90,90,15,1,69086,AdultMaleAgent(Clone),6,12,1.71,1.58,0.6337891,1,False,2,0,0
2026-03-06_19.19.59,120,sign-optimization-horizontal-vertical_scenario,625,249,3,-1,-2,90,90,15,1,69087,AdultFemaleAgent(Clone),7,11,1.58,1.450001,11.77051,2,True,2,1,0.5
2026-03-06_19.19.59,120,sign-optimization-horizontal-vertical_scenario,625,249,3,-1,-2,90,90,15,1,69088,WheelchairAgent(Clone),11,10,1.3,1.17,12.44434,1,True,3,1,0.3333333
2026-03-06_19.19.59,120,sign-optimization-horizontal-vertical_scenario,625,249,3,-1,-2,90,90,15,1,69089,AdultMaleAgent(Clone),10,12,1.71,1.58,5.992676,1,False,3,2,0.6666667
2026-03-06_19.19.59,120,sign-optimization-horizontal-vertical_scenario,625,249,3,-1,-2,90,90,15,1,69090,WheelchairAgent(Clone),11,10,1.3,1.17,12.00732,1,True,3,1,0.3333333
2026-03-06_19.19.59,120,sign-optimization-horizontal-vertical_scenario,625,249,3,-1,-2,90,90,15,1,69091,AdultFemaleAgent(Clone),10,12,1.58,1.45,8.461914,1,False,3,2,0.6666667
2026-03-06_19.19.59,120,sign-optimization-horizontal-vertical_scenario,625,249,3,-1,-2,90,90,15,1,69092,AdultMaleAgent(Clone),7,11,1.71,1.58,9.07959,2,True,2,1,0.5
2026-03-06_19.19.59,120,sign-optimization-horizontal-vertical_scenario,625,249,3,-1,-2,90,90,15,1,69093,WheelchairAgent(Clone),7,11,1.3,1.17,5.371094,2,True,2,1,0.5
2026-03-06_19.19.59,120,sign-optimization-horizontal-vertical_scenario,625,249,3,-1,-2,90,90,15,1,69094,WheelchairAgent(Clone),5,10,1.3,1.17,13.10742,1,False,2,1,0.5
2026-03-06_19.19.59,120,sign-optimization-horizontal-vertical_scenario,625,249,3,-1,-2,90,90,15,1,69095,AdultFemaleAgent(Clone),11,10,1.58,1.450001,14.23535,1,True,3,2,0.6666667
2026-03-06_19.19.59,120,sign-optimization-horizontal-vertical_scenario,625,249,3,-1,-2,90,90,15,1,69096,WheelchairAgent(Clone),11,10,1.3,1.17,9.370605,1,False,3,1,0.3333333
2026-03-06_19.19.59,120,sign-optimization-horizontal-vertical_scenario,625,249,3,-1,-2,90,90,15,1,69097,AdultFemaleAgent(Clone),5,10,1.58,1.45,13.53955,1,True,2,1,0.5
2026-03-06_19.19.59,120,sign-optimization-horizontal-vertical_scenario,625,249,3,-1,-2,90,90,15,1,69098,AdultFemaleAgent(Clone),11,10,1.58,1.450001,11.66064,1,True,3,1,0.3333333
2026-03-06_19.19.59,120,sign-optimization-horizontal-vertical_scenario,625,249,3,-1,-2,90,90,15,1,69099,AdultMaleAgent(Clone),10,12,1.71,1.58,10.49902,1,False,3,1,0.3333333
2026-03-06_19.19.59,120,sign-optimization-horizontal-vertical_scenario,625,249,3,-1,-2,90,90,15,1,69100,AdultFemaleAgent(Clone),10,12,1.58,1.45,7.790527,2,False,3,1,0.3333333
2026-03-06_19.19.59,120,sign-optimization-horizontal-vertical_scenario,625,249,3,-1,-2,90,90,15,1,69101,AdultMaleAgent(Clone),5,10,1.71,1.58,13.78271,1,True,2,1,0.5
2026-03-06_19.19.59,120,sign-optimization-horizontal-vertical_scenario,625,249,3,-1,-2,90,90,15,1,69102,AdultMaleAgent(Clone),6,12,1.71,1.58,5.592285,1,False,2,1,0.5
2026-03-06_19.19.59,120,sign-optimization-horizontal-vertical_scenario,625,249,3,-1,-2,90,90,15,1,69103,AdultFemaleAgent(Clone),7,11,1.58,1.450001,5.891113,2,True,2,1,0.5
2026-03-06_19.19.59,120,sign-optimization-horizontal-vertical_scenario,625,249,3,-1,-2,90,90,15,1,69104,WheelchairAgent(Clone),11,10,1.3,1.17,13.17871,1,True,3,2,0.6666667
2026-03-06_19.19.59,120,sign-optimization-horizontal-vertical_scenario,625,249,3,-1,-2,90,90,15,1,69105,AdultMaleAgent(Clone),5,10,1.71,1.58,14.54492,1,True,2,1,0.5
2026-03-06_19.19.59,120,sign-optimization-horizontal-vertical_scenario,625,249,3,-1,-2,90,90,15,1,69106,AdultFemaleAgent(Clone),6,12,1.58,1.45,2.831055,1,False,2,1,0.5
2026-03-06_19.19.59,120,sign-optimization-horizontal-vertical_scenario,625,249,3,-1,-2,90,90,15,1,69107,WheelchairAgent(Clone),5,10,1.3,1.17,13.03076,1,True,2,1,0.5
2026-03-06_19.19.59,120,sign-optimization-horizontal-vertical_scenario,625,249,3,-1,-2,90,90,15,1,69108,WheelchairAgent(Clone),10,12,1.3,1.17,7.82373,1,False,3,1,0.3333333
2026-03-06_19.19.59,120,sign-optimization-horizontal-vertical_scenario,625,249,3,-1,-2,90,90,15,1,69109,AdultFemaleAgent(Clone),6,12,1.58,1.45,8.995117,1,False,2,0,0
2026-03-06_19.19.59,120,sign-optimization-horizontal-vertical_scenario,625,249,3,-1,-2,90,90,15,1,69110,AdultMaleAgent(Clone),7,11,1.71,1.58,6.239258,2,True,2,1,0.5
2026-03-06_19.19.59,120,sign-optimization-horizontal-vertical_scenario,625,249,3,-1,-2,90,90,15,1,69111,AdultMaleAgent(Clone),6,12,1.71,1.58,3.150879,1,False,2,1,0.5
2026-03-06_19.19.59,120,sign-optimization-horizontal-vertical_scenario,625,249,3,-1,-2,90,90,15,1,69112,AdultMaleAgent(Clone),6,12,1.71,1.58,2.584473,1,False,2,1,0.5
2026-03-06_19.19.59,120,sign-optimization-horizontal-vertical_scenario,625,249,3,-1,-2,90,90,15,1,69113,WheelchairAgent(Clone),5,10,1.3,1.17,13.45215,1,True,2,1,0.5
2026-03-06_19.19.59,120,sign-optimization-horizontal-vertical_scenario,625,249,3,-1,-2,90,90,15,1,69114,WheelchairAgent(Clone),11,10,1.3,1.17,10.56494,1,False,3,1,0.3333333
2026-03-06_19.19.59,120,sign-optimization-horizontal-vertical_scenario,625,249,3,-1,-2,90,90,15,1,69115,WheelchairAgent(Clone),5,10,1.3,1.17,12.25635,1,True,2,1,0.5
2026-03-06_19.19.59,120,sign-optimization-horizontal-vertical_scenario,625,249,3,-1,-2,90,90,15,1,69116,AdultMaleAgent(Clone),6,12,1.71,1.58,7.206055,1,False,2,1,0.5
2026-03-06_19.19.59,120,sign-optimization-horizontal-vertical_scenario,625,249,3,-1,-2,90,90,15,1,69117,AdultFemaleAgent(Clone),7,11,1.58,1.450001,15.96973,2,True,2,1,0.5
2026-03-06_19.19.59,120,sign-optimization-horizontal-vertical_scenario,625,249,3,-1,-2,90,90,15,1,69118,WheelchairAgent(Clone),7,11,1.3,1.17,5.39502,2,True,2,1,0.5
2026-03-06_19.19.59,120,sign-optimization-horizontal-vertical_scenario,625,249,3,-1,-2,90,90,15,1,69119,AdultMaleAgent(Clone),7,11,1.71,1.58,6.674805,2,True,2,1,0.5
2026-03-06_19.19.59,120,sign-optimization-horizontal-vertical_scenario,625,249,3,-1,-2,90,90,15,1,69120,WheelchairAgent(Clone),7,11,1.3,1.17,8.072266,2,True,2,1,0.5
2026-03-06_19.19.59,120,sign-optimization-horizontal-vertical_scenario,625,249,3,-1,-2,90,90,15,1,69121,AdultMaleAgent(Clone),11,10,1.71,1.58,13.00244,1,True,3,1,0.3333333
2026-03-06_19.19.59,120,sign-optimization-horizontal-vertical_scenario,625,249,3,-1,-2,90,90,15,1,69122,AdultMaleAgent(Clone),7,11,1.71,1.58,7.049805,2,True,2,1,0.5
2026-03-06_19.19.59,120,sign-optimization-horizontal-vertical_scenario,625,249,3,-1,-2,90,90,15,1,69123,WheelchairAgent(Clone),6,12,1.3,1.17,0,0,False,2,0,0
2026-03-06_19.19.59,120,sign-optimization-horizontal-vertical_scenario,625,249,3,-1,-2,90,90,15,1,69124,AdultFemaleAgent(Clone),7,11,1.58,1.450001,6.016113,2,False,2,1,0.5
2026-03-06_19.19.59,120,sign-optimization-horizontal-vertical_scenario,625,249,3,-1,-2,90,90,15,1,69125,WheelchairAgent(Clone),5,10,1.3,1.17,11.59473,1,True,2,1,0.5
2026-03-06_19.19.59,120,sign-optimization-horizontal-vertical_scenario,625,249,3,-1,-2,90,90,15,1,69126,WheelchairAgent(Clone),5,10,1.3,1.17,10.49463,1,True,2,1,0.5
2026-03-06_19.19.59,120,sign-optimization-horizontal-vertical_scenario,625,249,3,-1,-2,90,90,15,1,69127,AdultMaleAgent(Clone),6,12,1.71,1.58,4.567383,1,False,2,1,0.5
2026-03-06_19.19.59,120,sign-optimization-horizontal-vertical_scenario,625,249,3,-1,-2,90,90,15,1,69128,WheelchairAgent(Clone),5,10,1.3,1.17,14.29639,1,True,2,1,0.5
2026-03-06_19.19.59,120,sign-optimization-horizontal-vertical_scenario,625,249,3,-1,-2,90,90,15,1,69129,AdultFemaleAgent(Clone),5,10,1.58,1.45,14.12842,1,True,2,1,0.5
2026-03-06_19.19.59,120,sign-optimization-horizontal-vertical_scenario,625,249,3,-1,-2,90,90,15,1,69130,AdultFemaleAgent(Clone),7,11,1.58,1.450001,4.954102,2,True,2,1,0.5
2026-03-06_19.19.59,120,sign-optimization-horizontal-vertical_scenario,625,249,3,-1,-2,90,90,15,1,69131,AdultMaleAgent(Clone),7,11,1.71,1.58,9.726074,2,True,2,1,0.5
2026-03-06_19.19.59,120,sign-optimization-horizontal-vertical_scenario,625,249,3,-1,-2,90,90,15,1,69132,AdultMaleAgent(Clone),11,10,1.71,1.58,11.0542,1,True,3,1,0.3333333
2026-03-06_19.19.59,120,sign-optimization-horizontal-vertical_scenario,625,249,3,-1,-2,90,90,15,1,69133,WheelchairAgent(Clone),6,12,1.3,1.17,2.599609,1,False,2,0,0
2026-03-06_19.19.59,120,sign-optimization-horizontal-vertical_scenario,625,249,3,-1,-2,90,90,15,1,69134,AdultFemaleAgent(Clone),5,10,1.58,1.45,12.09863,1,True,2,1,0.5
2026-03-06_19.19.59,120,sign-optimization-horizontal-vertical_scenario,625,249,3,-1,-2,90,90,15,1,69135,AdultMaleAgent(Clone),5,10,1.71,1.58,11.94189,1,True,2,1,0.5
2026-03-06_19.19.59,120,sign-optimization-horizontal-vertical_scenario,625,249,3,-1,-2,90,90,15,1,69136,AdultMaleAgent(Clone),11,10,1.71,1.58,9.266113,1,True,3,1,0.3333333
2026-03-06_19.19.59,120,sign-optimization-horizontal-vertical_scenario,625,249,3,-1,-2,90,90,15,1,69137,WheelchairAgent(Clone),6,12,1.3,1.17,0,0,False,2,0,0
2026-03-06_19.19.59,120,sign-optimization-horizontal-vertical_scenario,625,249,3,-1,-2,90,90,15,1,69138,WheelchairAgent(Clone),6,12,1.3,1.17,0,0,False,2,0,0
2026-03-06_19.19.59,120,sign-optimization-horizontal-vertical_scenario,625,249,3,-1,-2,90,90,15,1,69139,AdultMaleAgent(Clone),7,11,1.71,1.58,5.961914,2,True,2,1,0.5
2026-03-06_19.19.59,120,sign-optimization-horizontal-vertical_scenario,625,249,3,-1,-2,90,90,15,1,69140,AdultMaleAgent(Clone),6,12,1.71,1.58,0,0,False,2,0,0
2026-03-06_19.19.59,120,sign-optimization-horizontal-vertical_scenario,625,249,3,-1,-2,90,90,15,1,69141,AdultFemaleAgent(Clone),5,10,1.58,1.45,13.66895,1,True,2,1,0.5
2026-03-06_19.19.59,120,sign-optimization-horizontal-vertical_scenario,625,249,3,-1,-2,90,90,15,1,69142,WheelchairAgent(Clone),10,12,1.3,1.17,5.745117,1,False,3,0,0
2026-03-06_19.19.59,120,sign-optimization-horizontal-vertical_scenario,625,249,3,-1,-2,90,90,15,1,69143,AdultFemaleAgent(Clone),5,10,1.58,1.45,11.64893,1,True,2,1,0.5
2026-03-06_19.19.59,120,sign-optimization-horizontal-vertical_scenario,625,249,3,-1,-2,90,90,15,1,69144,AdultFemaleAgent(Clone),7,11,1.58,1.450001,6.404297,2,True,2,1,0.5
2026-03-06_19.19.59,120,sign-optimization-horizontal-vertical_scenario,625,249,3,-1,-2,90,90,15,1,69145,AdultFemaleAgent(Clone),11,10,1.58,1.450001,11.01807,1,True,3,1,0.3333333
2026-03-06_19.19.59,120,sign-optimization-horizontal-vertical_scenario,625,249,3,-1,-2,90,90,15,1,69146,WheelchairAgent(Clone),7,11,1.3,1.17,7.109863,2,True,2,1,0.5
2026-03-06_19.19.59,120,sign-optimization-horizontal-vertical_scenario,625,249,3,-1,-2,90,90,15,1,69147,AdultFemaleAgent(Clone),11,10,1.58,1.450001,10.4873,1,True,3,1,0.3333333
2026-03-06_19.19.59,120,sign-optimization-horizontal-vertical_scenario,625,249,3,-1,-2,90,90,15,1,69148,AdultFemaleAgent(Clone),10,12,1.58,1.45,6.374023,1,False,3,1,0.3333333
2026-03-06_19.19.59,120,sign-optimization-horizontal-vertical_scenario,625,249,3,-1,-2,90,90,15,1,69149,AdultMaleAgent(Clone),6,12,1.71,1.58,0.9624023,1,False,2,0,0
2026-03-06_19.19.59,120,sign-optimization-horizontal-vertical_scenario,625,249,3,-1,-2,90,90,15,1,69150,WheelchairAgent(Clone),7,11,1.3,1.17,4.583008,2,True,2,1,0.5
2026-03-06_19.19.59,120,sign-optimization-horizontal-vertical_scenario,625,249,3,-1,-2,90,90,15,1,69151,AdultFemaleAgent(Clone),11,10,1.58,1.450001,12.69482,1,True,3,1,0.3333333
2026-03-06_19.19.59,120,sign-optimization-horizontal-vertical_scenario,625,249,3,-1,-2,90,90,15,1,69152,AdultFemaleAgent(Clone),5,10,1.58,1.45,12.61377,1,True,2,1,0.5
2026-03-06_19.19.59,120,sign-optimization-horizontal-vertical_scenario,625,249,3,-1,-2,90,90,15,1,69153,WheelchairAgent(Clone),10,12,1.3,1.17,6.851563,1,False,3,2,0.6666667
2026-03-06_19.19.59,120,sign-optimization-horizontal-vertical_scenario,625,249,3,-1,-2,90,90,15,1,69154,WheelchairAgent(Clone),10,12,1.3,1.17,5.920898,1,False,3,1,0.3333333
2026-03-06_19.19.59,120,sign-optimization-horizontal-vertical_scenario,625,249,3,-1,-2,90,90,15,1,69155,AdultFemaleAgent(Clone),5,10,1.58,1.45,11.36572,1,True,2,1,0.5
2026-03-06_19.19.59,120,sign-optimization-horizontal-vertical_scenario,625,249,3,-1,-2,90,90,15,1,69156,WheelchairAgent(Clone),10,12,1.3,1.17,6.181641,1,False,3,1,0.3333333
2026-03-06_19.19.59,120,sign-optimization-horizontal-vertical_scenario,625,249,3,-1,-2,90,90,15,1,69157,AdultFemaleAgent(Clone),11,10,1.58,1.450001,10.71436,1,True,3,1,0.3333333
2026-03-06_19.19.59,120,sign-optimization-horizontal-vertical_scenario,625,249,3,-1,-2,90,90,15,1,69158,AdultMaleAgent(Clone),11,10,1.71,1.58,12.62012,1,True,3,1,0.3333333
2026-03-06_19.19.59,120,sign-optimization-horizontal-vertical_scenario,625,249,3,-1,-2,90,90,15,1,69159,AdultFemaleAgent(Clone),10,12,1.58,1.45,6.729004,1,False,3,0,0
2026-03-06_19.19.59,120,sign-optimization-horizontal-vertical_scenario,625,249,3,-1,-2,90,90,15,1,69160,AdultFemaleAgent(Clone),6,12,1.58,1.45,4.359863,1,False,2,1,0.5
2026-03-06_19.19.59,120,sign-optimization-horizontal-vertical_scenario,625,249,3,-1,-2,90,90,15,1,69161,WheelchairAgent(Clone),11,10,1.3,1.17,8.432617,1,False,3,2,0.6666667
2026-03-06_19.19.59,120,sign-optimization-horizontal-vertical_scenario,625,249,3,-1,-2,90,90,15,1,69162,WheelchairAgent(Clone),7,11,1.3,1.17,5.361328,7,True,2,1,0.5
2026-03-06_19.19.59,120,sign-optimization-horizontal-vertical_scenario,625,249,3,-1,-2,90,90,15,1,69163,AdultFemaleAgent(Clone),6,12,1.58,1.45,0,0,False,2,0,0
2026-03-06_19.19.59,120,sign-optimization-horizontal-vertical_scenario,625,249,3,-1,-2,90,90,15,1,69164,AdultMaleAgent(Clone),5,10,1.71,1.58,11.15918,1,True,2,1,0.5
2026-03-06_19.19.59,120,sign-optimization-horizontal-vertical_scenario,625,249,3,-1,-2,90,90,15,1,69165,WheelchairAgent(Clone),11,10,1.3,1.17,12.72754,1,True,3,1,0.3333333
2026-03-06_19.19.59,120,sign-optimization-horizontal-vertical_scenario,625,249,3,-1,-2,90,90,15,1,69166,AdultMaleAgent(Clone),10,12,1.71,1.58,9.01123,1,False,3,0,0
2026-03-06_19.19.59,120,sign-optimization-horizontal-vertical_scenario,625,249,3,-1,-2,90,90,15,1,69167,WheelchairAgent(Clone),7,11,1.3,1.17,4.750488,2,True,2,1,0.5
2026-03-06_19.19.59,120,sign-optimization-horizontal-vertical_scenario,625,249,3,-1,-2,90,90,15,1,69168,AdultMaleAgent(Clone),7,11,1.71,1.58,6.682617,2,True,2,1,0.5
2026-03-06_19.19.59,120,sign-optimization-horizontal-vertical_scenario,625,249,3,-1,-2,90,90,15,1,69169,WheelchairAgent(Clone),7,11,1.3,1.17,5.039551,2,True,2,1,0.5
2026-03-06_19.19.59,120,sign-optimization-horizontal-vertical_scenario,625,249,3,-1,-2,90,90,15,1,69170,AdultMaleAgent(Clone),11,10,1.71,1.58,9.362305,1,True,3,2,0.6666667
2026-03-06_19.19.59,120,sign-optimization-horizontal-vertical_scenario,625,249,3,-1,-2,90,90,15,1,69171,AdultMaleAgent(Clone),7,11,1.71,1.58,6.103516,2,True,2,1,0.5
2026-03-06_19.19.59,120,sign-optimization-horizontal-vertical_scenario,625,249,3,-1,-2,90,90,15,1,69172,WheelchairAgent(Clone),11,10,1.3,1.17,10.7627,1,True,3,1,0.3333333
2026-03-06_19.19.59,120,sign-optimization-horizontal-vertical_scenario,625,249,3,-1,-2,90,90,15,1,69173,AdultFemaleAgent(Clone),5,10,1.58,1.45,12.81299,1,True,2,1,0.5
2026-03-06_19.19.59,120,sign-optimization-horizontal-vertical_scenario,625,249,3,-1,-2,90,90,15,1,69174,AdultMaleAgent(Clone),11,10,1.71,1.58,14.2041,1,True,3,1,0.3333333
2026-03-06_19.19.59,120,sign-optimization-horizontal-vertical_scenario,625,249,3,-1,-2,90,90,15,1,69175,AdultMaleAgent(Clone),11,10,1.71,1.58,10.86914,1,True,3,1,0.3333333
2026-03-06_19.19.59,120,sign-optimization-horizontal-vertical_scenario,625,249,3,-1,-2,90,90,15,1,69176,AdultMaleAgent(Clone),7,11,1.71,1.58,4.956543,2,True,2,1,0.5
2026-03-06_19.19.59,120,sign-optimization-horizontal-vertical_scenario,625,249,3,-1,-2,90,90,15,1,69177,WheelchairAgent(Clone),7,11,1.3,1.17,5.053223,2,True,2,1,0.5
2026-03-06_19.19.59,120,sign-optimization-horizontal-vertical_scenario,625,249,3,-1,-2,90,90,15,1,69178,WheelchairAgent(Clone),6,12,1.3,1.17,2.109863,1,False,2,0,0
2026-03-06_19.19.59,120,sign-optimization-horizontal-vertical_scenario,625,249,3,-1,-2,90,90,15,1,69179,AdultFemaleAgent(Clone),11,10,1.58,1.450001,11.4917,1,True,3,2,0.6666667
2026-03-06_19.19.59,120,sign-optimization-horizontal-vertical_scenario,625,249,3,-1,-2,90,90,15,1,69180,WheelchairAgent(Clone),11,10,1.3,1.17,12.39355,1,True,3,2,0.6666667
2026-03-06_19.19.59,120,sign-optimization-horizontal-vertical_scenario,625,249,3,-1,-2,90,90,15,1,69181,AdultFemaleAgent(Clone),10,12,1.58,1.45,7.98291,1,False,3,0,0
2026-03-06_19.19.59,120,sign-optimization-horizontal-vertical_scenario,625,249,3,-1,-2,90,90,15,1,69182,WheelchairAgent(Clone),5,10,1.3,1.17,12.7168,1,True,2,1,0.5
2026-03-06_19.19.59,120,sign-optimization-horizontal-vertical_scenario,625,249,3,-1,-2,90,90,15,1,69183,WheelchairAgent(Clone),6,12,1.3,1.17,3.842285,1,False,2,0,0
2026-03-06_19.19.59,120,sign-optimization-horizontal-vertical_scenario,625,249,3,-1,-2,90,90,15,1,69184,AdultMaleAgent(Clone),5,10,1.71,1.58,13.85205,1,True,2,1,0.5
2026-03-06_19.19.59,120,sign-optimization-horizontal-vertical_scenario,625,249,3,-1,-2,90,90,15,1,69185,AdultMaleAgent(Clone),5,10,1.71,1.58,12.04248,1,True,2,1,0.5
2026-03-06_19.19.59,120,sign-optimization-horizontal-vertical_scenario,625,249,3,-1,-2,90,90,15,1,69186,AdultFemaleAgent(Clone),10,12,1.58,1.45,5.668457,1,False,3,2,0.6666667
2026-03-06_19.19.59,120,sign-optimization-horizontal-vertical_scenario,625,249,3,-1,-2,90,90,15,1,69187,AdultMaleAgent(Clone),5,10,1.71,1.58,14.21289,1,True,2,1,0.5
2026-03-06_19.19.59,120,sign-optimization-horizontal-vertical_scenario,625,249,3,-1,-2,90,90,15,1,69188,AdultMaleAgent(Clone),11,10,1.71,1.58,11.91797,1,True,3,1,0.3333333
2026-03-06_19.19.59,120,sign-optimization-horizontal-vertical_scenario,625,249,3,-1,-2,90,90,15,1,69189,AdultFemaleAgent(Clone),7,11,1.58,1.450001,8.230469,2,True,2,1,0.5
2026-03-06_19.19.59,120,sign-optimization-horizontal-vertical_scenario,625,249,3,-1,-2,90,90,15,1,69190,WheelchairAgent(Clone),11,10,1.3,1.17,8.711914,1,False,3,1,0.3333333
2026-03-06_19.19.59,120,sign-optimization-horizontal-vertical_scenario,625,249,3,-1,-2,90,90,15,1,69191,WheelchairAgent(Clone),5,10,1.3,1.17,11.04248,1,True,2,1,0.5
2026-03-06_19.19.59,120,sign-optimization-horizontal-vertical_scenario,625,249,3,-1,-2,90,90,15,1,69192,AdultMaleAgent(Clone),6,12,1.71,1.58,2.629883,1,False,2,1,0.5
2026-03-06_19.19.59,120,sign-optimization-horizontal-vertical_scenario,625,249,3,-1,-2,90,90,15,1,69193,WheelchairAgent(Clone),10,12,1.3,1.17,6.283203,1,False,3,0,0
2026-03-06_19.19.59,120,sign-optimization-horizontal-vertical_scenario,625,249,3,-1,-2,90,90,15,1,69194,WheelchairAgent(Clone),10,12,1.3,1.17,6.578613,1,False,3,0,0
2026-03-06_19.19.59,120,sign-optimization-horizontal-vertical_scenario,625,249,3,-1,-2,90,90,15,1,69195,AdultFemaleAgent(Clone),5,10,1.58,1.45,10.81592,1,True,2,1,0.5
2026-03-06_19.19.59,120,sign-optimization-horizontal-vertical_scenario,625,249,3,-1,-2,90,90,15,1,69196,AdultMaleAgent(Clone),11,10,1.71,1.58,10.00977,1,True,3,1,0.3333333
2026-03-06_19.19.59,120,sign-optimization-horizontal-vertical_scenario,625,249,3,-1,-2,90,90,15,1,69197,WheelchairAgent(Clone),7,11,1.3,1.17,10.39697,2,True,2,1,0.5
2026-03-06_19.19.59,120,sign-optimization-horizontal-vertical_scenario,625,249,3,-1,-2,90,90,15,1,69198,WheelchairAgent(Clone),7,11,1.3,1.17,4.785156,2,True,2,1,0.5
2026-03-06_19.19.59,120,sign-optimization-horizontal-vertical_scenario,625,249,3,-1,-2,90,90,15,1,69199,WheelchairAgent(Clone),7,11,1.3,1.17,5.614746,2,True,2,1,0.5
2026-03-06_19.19.59,120,sign-optimization-horizontal-vertical_scenario,625,249,3,-1,-2,90,90,15,1,69200,WheelchairAgent(Clone),5,10,1.3,1.17,11.50879,1,True,2,1,0.5
2026-03-06_19.19.59,120,sign-optimization-horizontal-vertical_scenario,625,249,3,-1,-2,90,90,15,1,69201,AdultFemaleAgent(Clone),7,11,1.58,1.450001,7.027832,2,True,2,1,0.5
2026-03-06_19.19.59,120,sign-optimization-horizontal-vertical_scenario,625,249,3,-1,-2,90,90,15,1,69202,WheelchairAgent(Clone),10,12,1.3,1.17,10.40381,1,False,3,0,0
2026-03-06_19.19.59,120,sign-optimization-horizontal-vertical_scenario,625,249,3,-1,-2,90,90,15,1,69203,AdultMaleAgent(Clone),5,10,1.71,1.58,12.72705,1,True,2,1,0.5
2026-03-06_19.19.59,120,sign-optimization-horizontal-vertical_scenario,625,249,3,-1,-2,90,90,15,1,69204,AdultFemaleAgent(Clone),10,12,1.58,1.45,7.185547,1,False,3,0,0
2026-03-06_19.19.59,120,sign-optimization-horizontal-vertical_scenario,625,249,3,-1,-2,90,90,15,1,69205,AdultMaleAgent(Clone),6,12,1.71,1.58,5.945801,1,False,2,1,0.5
2026-03-06_19.19.59,120,sign-optimization-horizontal-vertical_scenario,625,249,3,-1,-2,90,90,15,1,69206,AdultFemaleAgent(Clone),10,12,1.58,1.45,6.351074,1,False,3,1,0.3333333
2026-03-06_19.19.59,120,sign-optimization-horizontal-vertical_scenario,625,249,3,-1,-2,90,90,15,1,69207,WheelchairAgent(Clone),7,11,1.3,1.17,6.998535,2,True,2,1,0.5
2026-03-06_19.19.59,120,sign-optimization-horizontal-vertical_scenario,625,249,3,-1,-2,90,90,15,1,69208,WheelchairAgent(Clone),6,12,1.3,1.17,4.255859,1,False,2,1,0.5
2026-03-06_19.19.59,120,sign-optimization-horizontal-vertical_scenario,625,249,3,-1,-2,90,90,15,1,69209,AdultMaleAgent(Clone),7,11,1.71,1.58,7.099609,2,True,2,1,0.5
2026-03-06_19.19.59,120,sign-optimization-horizontal-vertical_scenario,625,249,3,-1,-2,90,90,15,1,69210,WheelchairAgent(Clone),6,12,1.3,1.17,4.077637,1,False,2,1,0.5
2026-03-06_19.19.59,120,sign-optimization-horizontal-vertical_scenario,625,249,3,-1,-2,90,90,15,1,69211,AdultFemaleAgent(Clone),11,10,1.58,1.450001,10.7168,1,True,3,1,0.3333333
2026-03-06_19.19.59,120,sign-optimization-horizontal-vertical_scenario,625,249,3,-1,-2,90,90,15,1,69212,AdultMaleAgent(Clone),7,11,1.71,1.58,9.270996,2,True,2,1,0.5
2026-03-06_19.19.59,120,sign-optimization-horizontal-vertical_scenario,625,249,3,-1,-2,90,90,15,1,69213,WheelchairAgent(Clone),5,10,1.3,1.17,11.58447,1,True,2,1,0.5
2026-03-06_19.19.59,120,sign-optimization-horizontal-vertical_scenario,625,249,3,-1,-2,90,90,15,1,69214,AdultMaleAgent(Clone),11,10,1.71,1.58,9.11084,1,False,3,1,0.3333333
2026-03-06_19.19.59,120,sign-optimization-horizontal-vertical_scenario,625,249,3,-1,-2,90,90,15,1,69215,AdultFemaleAgent(Clone),11,10,1.58,1.450001,10.02295,1,False,3,2,0.6666667
2026-03-06_19.19.59,120,sign-optimization-horizontal-vertical_scenario,625,249,3,-1,-2,90,90,15,1,69216,WheelchairAgent(Clone),5,10,1.3,1.17,10.82178,1,True,2,1,0.5
2026-03-06_19.19.59,120,sign-optimization-horizontal-vertical_scenario,625,249,3,-1,-2,90,90,15,1,69217,WheelchairAgent(Clone),11,10,1.3,1.17,10.03809,1,False,3,1,0.3333333
2026-03-06_19.19.59,120,sign-optimization-horizontal-vertical_scenario,625,249,3,-1,-2,90,90,15,1,69218,AdultFemaleAgent(Clone),11,10,1.58,1.450001,10.80273,1,False,3,2,0.6666667
2026-03-06_19.19.59,120,sign-optimization-horizontal-vertical_scenario,625,249,3,-1,-2,90,90,15,1,69219,WheelchairAgent(Clone),7,11,1.3,1.17,10.36865,2,True,2,1,0.5
2026-03-06_19.19.59,120,sign-optimization-horizontal-vertical_scenario,625,249,3,-1,-2,90,90,15,1,69220,WheelchairAgent(Clone),11,10,1.3,1.17,10.84912,1,False,3,1,0.3333333
2026-03-06_19.19.59,120,sign-optimization-horizontal-vertical_scenario,625,249,3,-1,-2,90,90,15,1,69221,AdultFemaleAgent(Clone),5,10,1.58,1.45,12.021,1,True,2,1,0.5
2026-03-06_19.19.59,120,sign-optimization-horizontal-vertical_scenario,625,249,3,-1,-2,90,90,15,1,69222,AdultMaleAgent(Clone),7,11,1.71,1.58,5.688477,1,True,2,1,0.5
2026-03-06_19.19.59,120,sign-optimization-horizontal-vertical_scenario,625,249,3,-1,-2,90,90,15,1,69223,WheelchairAgent(Clone),6,12,1.3,1.17,4.648438,1,False,2,1,0.5
2026-03-06_19.19.59,120,sign-optimization-horizontal-vertical_scenario,625,249,3,-1,-2,90,90,15,1,69224,WheelchairAgent(Clone),6,12,1.3,1.17,0,0,False,2,0,0
2026-03-06_19.19.59,120,sign-optimization-horizontal-vertical_scenario,625,249,3,-1,-2,90,90,15,1,69225,AdultMaleAgent(Clone),7,11,1.71,1.58,4.702148,2,True,2,1,0.5
2026-03-06_19.19.59,120,sign-optimization-horizontal-vertical_scenario,625,249,3,-1,-2,90,90,15,1,69226,WheelchairAgent(Clone),6,12,1.3,1.17,0,0,False,2,0,0
2026-03-06_19.19.59,120,sign-optimization-horizontal-vertical_scenario,625,249,3,-1,-2,90,90,15,1,69227,AdultFemaleAgent(Clone),11,10,1.58,1.450001,9.529785,1,False,3,1,0.3333333
2026-03-06_19.19.59,120,sign-optimization-horizontal-vertical_scenario,625,249,3,-1,-2,90,90,15,1,69228,AdultMaleAgent(Clone),11,10,1.71,1.58,10.85742,2,True,3,1,0.3333333
2026-03-06_19.19.59,120,sign-optimization-horizontal-vertical_scenario,625,249,3,-1,-2,90,90,15,1,69229,AdultFemaleAgent(Clone),11,10,1.58,1.450001,8.437988,1,True,3,1,0.3333333
2026-03-06_19.19.59,120,sign-optimization-horizontal-vertical_scenario,625,249,3,-1,-2,90,90,15,1,69230,AdultFemaleAgent(Clone),7,11,1.58,1.450001,6.300781,2,True,2,1,0.5
2026-03-06_19.19.59,120,sign-optimization-horizontal-vertical_scenario,625,249,3,-1,-2,90,90,15,1,69231,WheelchairAgent(Clone),7,11,1.3,1.17,6.543945,2,True,2,1,0.5
2026-03-06_19.19.59,120,sign-optimization-horizontal-vertical_scenario,625,249,3,-1,-2,90,90,15,1,69232,AdultFemaleAgent(Clone),6,12,1.58,1.45,3.098145,1,False,2,1,0.5
2026-03-06_19.19.59,120,sign-optimization-horizontal-vertical_scenario,625,249,3,-1,-2,90,90,15,1,69233,WheelchairAgent(Clone),10,12,1.3,1.17,6.938477,1,False,3,0,0
2026-03-06_19.19.59,120,sign-optimization-horizontal-vertical_scenario,625,249,3,-1,-2,90,90,15,1,69234,AdultMaleAgent(Clone),7,11,1.71,1.58,5.964844,2,True,2,1,0.5
2026-03-06_19.19.59,120,sign-optimization-horizontal-vertical_scenario,625,249,3,-1,-2,90,90,15,1,69235,AdultMaleAgent(Clone),7,11,1.71,1.58,5.358398,2,True,2,1,0.5
2026-03-06_19.19.59,120,sign-optimization-horizontal-vertical_scenario,625,249,3,-1,-2,90,90,15,1,69236,AdultMaleAgent(Clone),6,12,1.71,1.58,5.54834,1,False,2,1,0.5
2026-03-06_19.19.59,120,sign-optimization-horizontal-vertical_scenario,625,249,3,-1,-2,90,90,15,1,69237,WheelchairAgent(Clone),7,11,1.3,1.17,9.233398,2,True,2,1,0.5
2026-03-06_19.19.59,120,sign-optimization-horizontal-vertical_scenario,625,249,3,-1,-2,90,90,15,1,69238,AdultFemaleAgent(Clone),10,12,1.58,1.45,11.13623,1,False,3,0,0
2026-03-06_19.19.59,120,sign-optimization-horizontal-vertical_scenario,625,249,3,-1,-2,90,90,15,1,69239,WheelchairAgent(Clone),6,12,1.3,1.17,4.86377,1,False,2,0,0
2026-03-06_19.19.59,120,sign-optimization-horizontal-vertical_scenario,625,249,3,-1,-2,90,90,15,1,69240,AdultMaleAgent(Clone),11,10,1.71,1.58,9.141113,2,True,3,1,0.3333333
2026-03-06_19.19.59,120,sign-optimization-horizontal-vertical_scenario,625,249,3,-1,-2,90,90,15,1,69241,AdultFemaleAgent(Clone),6,12,1.58,1.45,3.335938,1,False,2,1,0.5
2026-03-06_19.19.59,120,sign-optimization-horizontal-vertical_scenario,625,249,3,-1,-2,90,90,15,1,69242,WheelchairAgent(Clone),5,10,1.3,1.17,12.26025,1,True,2,1,0.5
2026-03-06_19.19.59,120,sign-optimization-horizontal-vertical_scenario,625,249,3,-1,-2,90,90,15,1,69243,WheelchairAgent(Clone),6,12,1.3,1.17,2.202148,1,False,2,0,0
2026-03-06_19.19.59,120,sign-optimization-horizontal-vertical_scenario,625,249,3,-1,-2,90,90,15,1,69244,AdultMaleAgent(Clone),7,11,1.71,1.58,5.200195,2,True,2,1,0.5
2026-03-06_19.19.59,120,sign-optimization-horizontal-vertical_scenario,625,249,3,-1,-2,90,90,15,1,69245,AdultMaleAgent(Clone),5,10,1.71,1.58,13.05518,1,True,2,1,0.5
2026-03-06_19.19.59,120,sign-optimization-horizontal-vertical_scenario,625,249,3,-1,-2,90,90,15,1,69246,WheelchairAgent(Clone),10,12,1.3,1.17,6.563477,1,False,3,0,0
2026-03-06_19.19.59,120,sign-optimization-horizontal-vertical_scenario,625,249,3,-1,-2,90,90,15,1,69247,AdultFemaleAgent(Clone),5,10,1.58,1.45,13.11084,1,True,2,1,0.5
2026-03-06_19.19.59,120,sign-optimization-horizontal-vertical_scenario,625,249,3,-1,-2,90,90,15,1,69248,WheelchairAgent(Clone),11,10,1.3,1.17,6.041504,1,False,3,0,0
2026-03-06_19.19.59,120,sign-optimization-horizontal-vertical_scenario,625,249,3,-1,-2,90,90,15,1,69249,WheelchairAgent(Clone),10,12,1.3,1.17,6.813477,1,False,3,0,0
2026-03-06_19.19.59,120,sign-optimization-horizontal-vertical_scenario,625,249,3,-1,-2,90,90,15,1,69250,AdultMaleAgent(Clone),11,10,1.71,1.58,9.643066,1,False,3,1,0.3333333
2026-03-06_19.19.59,120,sign-optimization-horizontal-vertical_scenario,625,249,3,-1,-2,90,90,15,1,69251,WheelchairAgent(Clone),5,10,1.3,1.17,12.69189,1,True,2,1,0.5
2026-03-06_19.19.59,120,sign-optimization-horizontal-vertical_scenario,625,249,3,-1,-2,90,90,15,1,69252,WheelchairAgent(Clone),11,10,1.3,1.17,12.6665,1,True,3,1,0.3333333
2026-03-06_19.19.59,120,sign-optimization-horizontal-vertical_scenario,625,249,3,-1,-2,90,90,15,1,69253,AdultMaleAgent(Clone),10,12,1.71,1.58,8.607422,1,False,3,0,0
2026-03-06_19.19.59,120,sign-optimization-horizontal-vertical_scenario,625,249,3,-1,-2,90,90,15,1,69254,AdultMaleAgent(Clone),5,10,1.71,1.58,14.24219,1,True,2,1,0.5
2026-03-06_19.19.59,120,sign-optimization-horizontal-vertical_scenario,625,249,3,-1,-2,90,90,15,1,69255,AdultFemaleAgent(Clone),11,10,1.58,1.450001,8.310059,2,True,3,2,0.6666667
2026-03-06_19.19.59,120,sign-optimization-horizontal-vertical_scenario,625,249,3,-1,-2,90,90,15,1,69256,AdultMaleAgent(Clone),6,12,1.71,1.58,0,0,False,2,0,0
2026-03-06_19.19.59,120,sign-optimization-horizontal-vertical_scenario,625,249,3,-1,-2,90,90,15,1,69257,WheelchairAgent(Clone),7,11,1.3,1.17,8.536133,2,True,2,1,0.5
2026-03-06_19.19.59,120,sign-optimization-horizontal-vertical_scenario,625,249,3,-1,-2,90,90,15,1,69258,AdultFemaleAgent(Clone),10,12,1.58,1.45,8.692383,1,False,3,1,0.3333333
2026-03-06_19.19.59,120,sign-optimization-horizontal-vertical_scenario,625,249,3,-1,-2,90,90,15,1,69259,WheelchairAgent(Clone),7,11,1.3,1.17,7.25,2,True,2,1,0.5
2026-03-06_19.19.59,120,sign-optimization-horizontal-vertical_scenario,625,249,3,-1,-2,90,90,15,1,69260,WheelchairAgent(Clone),6,12,1.3,1.17,7.307129,1,False,2,0,0
2026-03-06_19.19.59,120,sign-optimization-horizontal-vertical_scenario,625,249,3,-1,-2,90,90,15,1,69261,AdultFemaleAgent(Clone),10,12,1.58,1.45,6.025879,1,False,3,2,0.6666667
2026-03-06_19.19.59,120,sign-optimization-horizontal-vertical_scenario,625,249,3,-1,-2,90,90,15,1,69262,WheelchairAgent(Clone),5,10,1.3,1.17,12.55664,1,True,2,1,0.5
2026-03-06_19.19.59,120,sign-optimization-horizontal-vertical_scenario,625,249,3,-1,-2,90,90,15,1,69263,AdultMaleAgent(Clone),6,12,1.71,1.58,8.009766,1,False,2,1,0.5
2026-03-06_19.19.59,120,sign-optimization-horizontal-vertical_scenario,625,249,3,-1,-2,90,90,15,1,69264,AdultFemaleAgent(Clone),11,10,1.58,1.450001,3.447266,1,True,3,2,0.6666667
2026-03-06_19.19.59,120,sign-optimization-horizontal-vertical_scenario,625,249,3,-1,-2,90,90,15,1,69265,WheelchairAgent(Clone),11,10,1.3,1.17,13.25879,1,False,3,1,0.3333333
2026-03-06_19.19.59,120,sign-optimization-horizontal-vertical_scenario,625,249,3,-1,-2,90,90,15,1,69266,AdultMaleAgent(Clone),6,12,1.71,1.58,4.889648,1,False,2,1,0.5
2026-03-06_19.19.59,120,sign-optimization-horizontal-vertical_scenario,625,249,3,-1,-2,90,90,15,1,69267,AdultMaleAgent(Clone),7,11,1.71,1.58,7.568359,2,True,2,1,0.5
2026-03-06_19.19.59,120,sign-optimization-horizontal-vertical_scenario,625,249,3,-1,-2,90,90,15,1,69268,WheelchairAgent(Clone),10,12,1.3,1.17,7.492188,1,False,3,0,0
2026-03-06_19.19.59,120,sign-optimization-horizontal-vertical_scenario,625,249,3,-1,-2,90,90,15,1,69269,WheelchairAgent(Clone),7,11,1.3,1.17,8.78418,2,True,2,1,0.5
2026-03-06_19.19.59,120,sign-optimization-horizontal-vertical_scenario,625,249,3,-1,-2,90,90,15,1,69270,WheelchairAgent(Clone),7,11,1.3,1.17,8.146973,2,True,2,1,0.5
2026-03-06_19.19.59,120,sign-optimization-horizontal-vertical_scenario,625,249,3,-1,-2,90,90,15,1,69271,AdultFemaleAgent(Clone),6,12,1.58,1.45,0,0,False,2,0,0
2026-03-06_19.19.59,120,sign-optimization-horizontal-vertical_scenario,625,249,3,-1,-2,90,90,15,1,69272,WheelchairAgent(Clone),6,12,1.3,1.17,5.498047,1,False,2,1,0.5
2026-03-06_19.19.59,120,sign-optimization-horizontal-vertical_scenario,625,249,3,-1,-2,90,90,15,1,69273,AdultFemaleAgent(Clone),11,10,1.58,1.450001,12.45166,1,False,3,1,0.3333333
2026-03-06_19.19.59,120,sign-optimization-horizontal-vertical_scenario,625,249,3,-1,-2,90,90,15,1,69274,AdultMaleAgent(Clone),6,12,1.71,1.58,4.03125,1,False,2,1,0.5
2026-03-06_19.19.59,120,sign-optimization-horizontal-vertical_scenario,625,249,3,-1,-2,90,90,15,1,69275,AdultFemaleAgent(Clone),10,12,1.58,1.45,6.624512,1,False,3,2,0.6666667
2026-03-06_19.19.59,120,sign-optimization-horizontal-vertical_scenario,625,249,3,-1,-2,90,90,15,1,69276,AdultFemaleAgent(Clone),11,10,1.58,1.450001,12.25537,1,False,3,1,0.3333333
2026-03-06_19.19.59,120,sign-optimization-horizontal-vertical_scenario,625,249,3,-1,-2,90,90,15,1,69277,WheelchairAgent(Clone),11,10,1.3,1.17,8.859375,2,False,3,1,0.3333333
2026-03-06_19.19.59,120,sign-optimization-horizontal-vertical_scenario,625,249,3,-1,-2,90,90,15,1,69278,AdultMaleAgent(Clone),11,10,1.71,1.58,3.072266,1,True,3,1,0.3333333
2026-03-06_19.19.59,120,sign-optimization-horizontal-vertical_scenario,625,249,3,-1,-2,90,90,15,1,69279,WheelchairAgent(Clone),6,12,1.3,1.17,1.709961,1,False,2,0,0
2026-03-06_19.19.59,120,sign-optimization-horizontal-vertical_scenario,625,249,3,-1,-2,90,90,15,1,69280,AdultMaleAgent(Clone),5,10,1.71,1.58,13.76318,1,True,2,1,0.5
2026-03-06_19.19.59,120,sign-optimization-horizontal-vertical_scenario,625,249,3,-1,-2,90,90,15,1,69281,WheelchairAgent(Clone),6,12,1.3,1.17,0,0,False,2,0,0
2026-03-06_19.19.59,120,sign-optimization-horizontal-vertical_scenario,625,249,3,-1,-2,90,90,15,1,69282,AdultMaleAgent(Clone),6,12,1.71,1.58,6.955078,1,False,2,1,0.5
2026-03-06_19.19.59,120,sign-optimization-horizontal-vertical_scenario,625,249,3,-1,-2,90,90,15,1,69283,AdultFemaleAgent(Clone),10,12,1.58,1.45,6.394043,1,False,3,2,0.6666667
2026-03-06_19.19.59,120,sign-optimization-horizontal-vertical_scenario,625,249,3,-1,-2,90,90,15,1,69284,AdultMaleAgent(Clone),10,12,1.71,1.58,16.76563,1,False,3,0,0
2026-03-06_19.19.59,120,sign-optimization-horizontal-vertical_scenario,625,249,3,-1,-2,90,90,15,1,69285,AdultMaleAgent(Clone),6,12,1.71,1.58,0,0,False,2,0,0
2026-03-06_19.19.59,120,sign-optimization-horizontal-vertical_scenario,625,249,3,-1,-2,90,90,15,1,69286,AdultMaleAgent(Clone),7,11,1.71,1.58,9.859375,2,True,2,1,0.5
2026-03-06_19.19.59,120,sign-optimization-horizontal-vertical_scenario,625,249,3,-1,-2,90,90,15,1,69287,WheelchairAgent(Clone),11,10,1.3,1.17,7.550293,2,True,3,2,0.6666667
2026-03-06_19.19.59,120,sign-optimization-horizontal-vertical_scenario,625,249,3,-1,-2,90,90,15,1,69288,AdultMaleAgent(Clone),7,11,1.71,1.58,5.607422,1,True,2,1,0.5
2026-03-06_19.19.59,120,sign-optimization-horizontal-vertical_scenario,625,249,3,-1,-2,90,90,15,1,69289,WheelchairAgent(Clone),5,10,1.3,1.17,11.56006,1,False,2,1,0.5
2026-03-06_19.19.59,120,sign-optimization-horizontal-vertical_scenario,625,249,3,-1,-2,90,90,15,1,69290,AdultFemaleAgent(Clone),5,10,1.58,1.45,10.68262,1,True,2,1,0.5
2026-03-06_19.19.59,120,sign-optimization-horizontal-vertical_scenario,625,249,3,-1,-2,90,90,15,1,69291,AdultMaleAgent(Clone),5,10,1.71,1.58,11.41748,1,True,2,1,0.5
2026-03-06_19.19.59,120,sign-optimization-horizontal-vertical_scenario,625,249,3,-1,-2,90,90,15,1,69292,AdultFemaleAgent(Clone),7,11,1.58,1.450001,0.08203125,9,False,2,0,0
2026-03-06_19.19.59,120,sign-optimization-horizontal-vertical_scenario,625,249,3,-1,-2,90,90,15,1,69293,WheelchairAgent(Clone),10,12,1.3,1.17,6.499023,1,False,3,1,0.3333333
2026-03-06_19.19.59,120,sign-optimization-horizontal-vertical_scenario,625,249,3,-1,-2,90,90,15,1,69294,AdultFemaleAgent(Clone),10,12,1.58,1.45,10.80371,1,False,3,0,0
2026-03-06_19.19.59,120,sign-optimization-horizontal-vertical_scenario,625,249,3,-1,-2,90,90,15,1,69295,WheelchairAgent(Clone),5,10,1.3,1.17,14.02539,1,True,2,1,0.5
2026-03-06_19.19.59,120,sign-optimization-horizontal-vertical_scenario,625,249,3,-1,-2,90,90,15,1,69296,WheelchairAgent(Clone),10,12,1.3,1.17,8.302246,1,False,3,0,0
2026-03-06_19.19.59,120,sign-optimization-horizontal-vertical_scenario,625,249,3,-1,-2,90,90,15,1,69297,AdultMaleAgent(Clone),11,10,1.71,1.58,12.56836,1,True,3,1,0.3333333
2026-03-06_19.19.59,120,sign-optimization-horizontal-vertical_scenario,625,249,3,-1,-2,90,90,15,1,69298,AdultFemaleAgent(Clone),11,10,1.58,1.450001,8.456055,2,True,3,1,0.3333333
2026-03-06_19.19.59,120,sign-optimization-horizontal-vertical_scenario,625,249,3,-1,-2,90,90,15,1,69299,AdultFemaleAgent(Clone),11,10,1.58,1.450001,10.60938,1,False,3,1,0.3333333
2026-03-06_19.19.59,120,sign-optimization-horizontal-vertical_scenario,625,249,3,-1,-2,90,90,15,1,69300,WheelchairAgent(Clone),6,12,1.3,1.17,2.972168,1,False,2,1,0.5
2026-03-06_19.19.59,120,sign-optimization-horizontal-vertical_scenario,625,249,3,-1,-2,90,90,15,1,69301,AdultFemaleAgent(Clone),7,11,1.58,1.450001,7.269531,2,True,2,1,0.5
2026-03-06_19.19.59,120,sign-optimization-horizontal-vertical_scenario,625,249,3,-1,-2,90,90,15,1,69302,WheelchairAgent(Clone),11,10,1.3,1.17,7.626953,2,True,3,1,0.3333333
2026-03-06_19.19.59,120,sign-optimization-horizontal-vertical_scenario,625,249,3,-1,-2,90,90,15,1,69303,AdultMaleAgent(Clone),6,12,1.71,1.58,7.464844,1,False,2,1,0.5
2026-03-06_19.19.59,120,sign-optimization-horizontal-vertical_scenario,625,249,3,-1,-2,90,90,15,1,69304,AdultMaleAgent(Clone),5,10,1.71,1.58,13.12256,1,True,2,1,0.5
2026-03-06_19.19.59,120,sign-optimization-horizontal-vertical_scenario,625,249,3,-1,-2,90,90,15,1,69305,WheelchairAgent(Clone),6,12,1.3,1.17,0,0,False,2,0,0
2026-03-06_19.19.59,120,sign-optimization-horizontal-vertical_scenario,625,249,3,-1,-2,90,90,15,1,69306,AdultFemaleAgent(Clone),6,12,1.58,1.45,0,0,False,2,0,0
2026-03-06_19.19.59,120,sign-optimization-horizontal-vertical_scenario,625,249,3,-1,-2,90,90,15,1,69307,AdultMaleAgent(Clone),7,11,1.71,1.58,7.178223,2,True,2,1,0.5
2026-03-06_19.19.59,120,sign-optimization-horizontal-vertical_scenario,625,249,3,-1,-2,90,90,15,1,69308,WheelchairAgent(Clone),7,11,1.3,1.17,4.282227,2,True,2,1,0.5
2026-03-06_19.19.59,120,sign-optimization-horizontal-vertical_scenario,625,249,3,-1,-2,90,90,15,1,69309,AdultFemaleAgent(Clone),10,12,1.58,1.45,7.385742,1,False,3,1,0.3333333
2026-03-06_19.19.59,120,sign-optimization-horizontal-vertical_scenario,625,249,3,-1,-2,90,90,15,1,69310,AdultFemaleAgent(Clone),7,11,1.58,1.450001,5.680664,2,True,2,1,0.5
2026-03-06_19.19.59,120,sign-optimization-horizontal-vertical_scenario,625,249,3,-1,-2,90,90,15,1,69311,AdultMaleAgent(Clone),7,11,1.71,1.58,5.052246,2,True,2,1,0.5
2026-03-06_19.19.59,120,sign-optimization-horizontal-vertical_scenario,625,249,3,-1,-2,90,90,15,1,69312,WheelchairAgent(Clone),6,12,1.3,1.17,7.469727,1,False,2,1,0.5
2026-03-06_19.19.59,120,sign-optimization-horizontal-vertical_scenario,625,249,3,-1,-2,90,90,15,1,69313,AdultMaleAgent(Clone),7,11,1.71,1.58,9.477051,2,True,2,1,0.5
2026-03-06_19.19.59,120,sign-optimization-horizontal-vertical_scenario,625,249,3,-1,-2,90,90,15,1,69314,AdultMaleAgent(Clone),10,12,1.71,1.58,6.704102,1,False,3,2,0.6666667
2026-03-06_19.19.59,120,sign-optimization-horizontal-vertical_scenario,625,249,3,-1,-2,90,90,15,1,69315,WheelchairAgent(Clone),5,10,1.3,1.17,12.21729,1,True,2,1,0.5
2026-03-06_19.19.59,120,sign-optimization-horizontal-vertical_scenario,625,249,3,-1,-2,90,90,15,1,69316,AdultMaleAgent(Clone),7,11,1.71,1.58,4.965332,1,True,2,1,0.5
2026-03-06_19.19.59,120,sign-optimization-horizontal-vertical_scenario,625,249,3,-1,-2,90,90,15,1,69317,AdultFemaleAgent(Clone),6,12,1.58,1.45,7.615723,1,False,2,1,0.5
2026-03-06_19.19.59,120,sign-optimization-horizontal-vertical_scenario,625,249,3,-1,-2,90,90,15,1,69318,AdultFemaleAgent(Clone),7,11,1.58,1.450001,5.203125,2,True,2,1,0.5
2026-03-06_19.19.59,120,sign-optimization-horizontal-vertical_scenario,625,249,3,-1,-2,90,90,15,1,69319,AdultMaleAgent(Clone),11,10,1.71,1.58,11.31201,1,False,3,1,0.3333333
2026-03-06_19.19.59,120,sign-optimization-horizontal-vertical_scenario,625,249,3,-1,-2,90,90,15,1,69320,AdultMaleAgent(Clone),6,12,1.71,1.58,0.6938477,1,False,2,0,0
2026-03-06_19.19.59,120,sign-optimization-horizontal-vertical_scenario,625,249,3,-1,-2,90,90,15,1,69321,WheelchairAgent(Clone),10,12,1.3,1.17,9.043945,1,False,3,0,0
2026-03-06_19.19.59,120,sign-optimization-horizontal-vertical_scenario,625,249,3,-1,-2,90,90,15,1,69322,WheelchairAgent(Clone),10,12,1.3,1.17,6.473633,1,False,3,0,0
2026-03-06_19.19.59,120,sign-optimization-horizontal-vertical_scenario,625,249,3,-1,-2,90,90,15,1,69323,WheelchairAgent(Clone),7,11,1.3,1.17,4.260742,2,True,2,1,0.5
2026-03-06_19.19.59,120,sign-optimization-horizontal-vertical_scenario,625,249,3,-1,-2,90,90,15,1,69324,WheelchairAgent(Clone),10,12,1.3,1.17,7.01709,1,False,3,0,0
2026-03-06_19.19.59,120,sign-optimization-horizontal-vertical_scenario,625,249,3,-1,-2,90,90,15,1,69325,WheelchairAgent(Clone),11,10,1.3,1.17,6.605957,1,False,3,1,0.3333333
2026-03-06_19.19.59,120,sign-optimization-horizontal-vertical_scenario,625,249,3,-1,-2,90,90,15,1,69326,AdultMaleAgent(Clone),10,12,1.71,1.58,8.741211,1,False,3,0,0
2026-03-06_19.19.59,120,sign-optimization-horizontal-vertical_scenario,625,249,3,-1,-2,90,90,15,1,69327,AdultFemaleAgent(Clone),10,12,1.58,1.45,12.73486,1,False,3,0,0
2026-03-06_19.19.59,120,sign-optimization-horizontal-vertical_scenario,625,249,3,-1,-2,90,90,15,1,69328,WheelchairAgent(Clone),7,11,1.3,1.17,4.431152,2,True,2,1,0.5
2026-03-06_19.19.59,120,sign-optimization-horizontal-vertical_scenario,625,249,3,-1,-2,90,90,15,1,69329,AdultFemaleAgent(Clone),5,10,1.58,1.45,12.48877,1,False,2,1,0.5
2026-03-06_19.19.59,120,sign-optimization-horizontal-vertical_scenario,625,249,3,-1,-2,90,90,15,1,69330,WheelchairAgent(Clone),7,11,1.3,1.17,7.594238,2,True,2,1,0.5
2026-03-06_19.19.59,120,sign-optimization-horizontal-vertical_scenario,625,249,3,-1,-2,90,90,15,1,69331,AdultFemaleAgent(Clone),5,10,1.58,1.45,12.27051,1,True,2,1,0.5
2026-03-06_19.19.59,120,sign-optimization-horizontal-vertical_scenario,625,249,3,-1,-2,90,90,15,1,69332,AdultFemaleAgent(Clone),5,10,1.58,1.45,9.678711,1,True,2,1,0.5
2026-03-06_19.19.59,120,sign-optimization-horizontal-vertical_scenario,625,249,3,-1,-2,90,90,15,1,69333,AdultMaleAgent(Clone),7,11,1.71,1.58,7.98877,1,True,2,1,0.5
2026-03-06_19.19.59,120,sign-optimization-horizontal-vertical_scenario,625,249,3,-1,-2,90,90,15,1,69334,WheelchairAgent(Clone),7,11,1.3,1.17,8.693848,2,True,2,1,0.5
2026-03-06_19.19.59,120,sign-optimization-horizontal-vertical_scenario,625,249,3,-1,-2,90,90,15,1,69335,WheelchairAgent(Clone),10,12,1.3,1.17,11.1001,1,False,3,0,0
2026-03-06_19.19.59,120,sign-optimization-horizontal-vertical_scenario,625,249,3,-1,-2,90,90,15,1,69336,AdultFemaleAgent(Clone),6,12,1.58,1.45,7.962402,1,False,2,1,0.5
2026-03-06_19.19.59,120,sign-optimization-horizontal-vertical_scenario,625,249,3,-1,-2,90,90,15,1,69337,AdultFemaleAgent(Clone),6,12,1.58,1.45,7.45752,1,False,2,1,0.5
2026-03-06_19.19.59,120,sign-optimization-horizontal-vertical_scenario,625,249,3,-1,-2,90,90,15,1,69338,AdultMaleAgent(Clone),5,10,1.71,1.58,11.14941,1,True,2,1,0.5
2026-03-06_19.19.59,120,sign-optimization-horizontal-vertical_scenario,625,249,3,-1,-2,90,90,15,1,69339,AdultFemaleAgent(Clone),7,11,1.58,1.450001,7.844727,2,True,2,1,0.5
2026-03-06_19.19.59,120,sign-optimization-horizontal-vertical_scenario,625,249,3,-1,-2,90,90,15,1,69340,AdultFemaleAgent(Clone),10,12,1.58,1.45,7.19873,1,False,3,2,0.6666667
2026-03-06_19.19.59,120,sign-optimization-horizontal-vertical_scenario,625,249,3,-1,-2,90,90,15,1,69341,AdultMaleAgent(Clone),7,11,1.71,1.58,8.561035,1,True,2,1,0.5
2026-03-06_19.19.59,120,sign-optimization-horizontal-vertical_scenario,625,249,3,-1,-2,90,90,15,1,69342,WheelchairAgent(Clone),10,12,1.3,1.17,10.14063,1,False,3,0,0
2026-03-06_19.19.59,120,sign-optimization-horizontal-vertical_scenario,625,249,3,-1,-2,90,90,15,1,69343,WheelchairAgent(Clone),6,12,1.3,1.17,3.432129,1,False,2,0,0
2026-03-06_19.19.59,120,sign-optimization-horizontal-vertical_scenario,625,249,3,-1,-2,90,90,15,1,69344,WheelchairAgent(Clone),11,10,1.3,1.17,9.671875,1,False,3,1,0.3333333
2026-03-06_19.19.59,120,sign-optimization-horizontal-vertical_scenario,625,249,3,-1,-2,90,90,15,1,69345,AdultMaleAgent(Clone),5,10,1.71,1.58,12.01025,1,True,2,1,0.5
2026-03-06_19.19.59,120,sign-optimization-horizontal-vertical_scenario,625,249,3,-1,-2,90,90,15,1,69346,WheelchairAgent(Clone),7,11,1.3,1.17,4.662109,2,True,2,1,0.5
2026-03-06_19.19.59,120,sign-optimization-horizontal-vertical_scenario,625,249,3,-1,-2,90,90,15,1,69347,AdultFemaleAgent(Clone),10,12,1.58,1.45,8.043945,1,False,3,0,0
2026-03-06_19.19.59,120,sign-optimization-horizontal-vertical_scenario,625,249,3,-1,-2,90,90,15,1,69348,AdultFemaleAgent(Clone),10,12,1.58,1.45,0,0,False,3,0,0
2026-03-06_19.19.59,120,sign-optimization-horizontal-vertical_scenario,625,249,3,-1,-2,90,90,15,1,69349,AdultFemaleAgent(Clone),6,12,1.58,1.45,7.430664,1,False,2,1,0.5
2026-03-06_19.19.59,120,sign-optimization-horizontal-vertical_scenario,625,249,3,-1,-2,90,90,15,1,69350,AdultMaleAgent(Clone),10,12,1.71,1.58,5.401367,1,False,3,2,0.6666667
2026-03-06_19.19.59,120,sign-optimization-horizontal-vertical_scenario,625,249,3,-1,-2,90,90,15,1,69351,AdultFemaleAgent(Clone),10,12,1.58,1.45,6.845215,1,False,3,2,0.6666667
2026-03-06_19.19.59,120,sign-optimization-horizontal-vertical_scenario,625,249,3,-1,-2,90,90,15,1,69352,WheelchairAgent(Clone),5,10,1.3,1.17,10.93311,1,True,2,1,0.5
2026-03-06_19.19.59,120,sign-optimization-horizontal-vertical_scenario,625,249,3,-1,-2,90,90,15,1,69353,AdultFemaleAgent(Clone),11,10,1.58,1.450001,9.663574,1,True,3,1,0.3333333
2026-03-06_19.19.59,120,sign-optimization-horizontal-vertical_scenario,625,249,3,-1,-2,90,90,15,1,69354,AdultFemaleAgent(Clone),10,12,1.58,1.45,6.782227,1,False,3,1,0.3333333
2026-03-06_19.19.59,120,sign-optimization-horizontal-vertical_scenario,625,249,3,-1,-2,90,90,15,1,69355,AdultFemaleAgent(Clone),6,12,1.58,1.45,3.37793,1,False,2,1,0.5
2026-03-06_19.19.59,120,sign-optimization-horizontal-vertical_scenario,625,249,3,-1,-2,90,90,15,1,69356,AdultMaleAgent(Clone),6,12,1.71,1.58,0,0,False,2,0,0
2026-03-06_19.19.59,120,sign-optimization-horizontal-vertical_scenario,625,249,3,-1,-2,90,90,15,1,69357,AdultFemaleAgent(Clone),11,10,1.58,1.450001,11.30518,1,False,3,1,0.3333333
2026-03-06_19.19.59,120,sign-optimization-horizontal-vertical_scenario,625,249,3,-1,-2,90,90,15,1,69358,WheelchairAgent(Clone),11,10,1.3,1.17,11.19873,1,False,3,1,0.3333333
2026-03-06_19.19.59,120,sign-optimization-horizontal-vertical_scenario,625,249,3,-1,-2,90,90,15,1,69359,AdultFemaleAgent(Clone),6,12,1.58,1.45,2.287598,1,False,2,0,0
2026-03-06_19.19.59,120,sign-optimization-horizontal-vertical_scenario,625,249,3,-1,-2,90,90,15,1,69360,AdultFemaleAgent(Clone),10,12,1.58,1.45,0,0,False,3,0,0
2026-03-06_19.19.59,120,sign-optimization-horizontal-vertical_scenario,625,249,3,-1,-2,90,90,15,1,69361,WheelchairAgent(Clone),7,11,1.3,1.17,5.005371,2,True,2,1,0.5
2026-03-06_19.19.59,120,sign-optimization-horizontal-vertical_scenario,625,249,3,-1,-2,90,90,15,1,69362,AdultMaleAgent(Clone),6,12,1.71,1.58,0.4594727,1,False,2,0,0
2026-03-06_19.19.59,120,sign-optimization-horizontal-vertical_scenario,625,249,3,-1,-2,90,90,15,1,69363,AdultFemaleAgent(Clone),7,11,1.58,1.450001,9.73584,1,True,2,1,0.5
2026-03-06_19.19.59,120,sign-optimization-horizontal-vertical_scenario,625,249,3,-1,-2,90,90,15,1,69364,AdultMaleAgent(Clone),11,10,1.71,1.58,9.575195,1,False,3,1,0.3333333
2026-03-06_19.19.59,120,sign-optimization-horizontal-vertical_scenario,625,249,3,-1,-2,90,90,15,1,69365,AdultMaleAgent(Clone),6,12,1.71,1.58,7.29541,1,False,2,1,0.5
2026-03-06_19.19.59,120,sign-optimization-horizontal-vertical_scenario,625,249,3,-1,-2,90,90,15,1,69366,AdultFemaleAgent(Clone),5,10,1.58,1.45,10.85254,1,True,2,1,0.5
2026-03-06_19.19.59,120,sign-optimization-horizontal-vertical_scenario,625,249,3,-1,-2,90,90,15,1,69367,AdultMaleAgent(Clone),5,10,1.71,1.58,12.03271,1,True,2,1,0.5
2026-03-06_19.19.59,120,sign-optimization-horizontal-vertical_scenario,625,249,3,-1,-2,90,90,15,1,69368,AdultFemaleAgent(Clone),5,10,1.58,1.45,11.08105,1,True,2,1,0.5
2026-03-06_19.19.59,120,sign-optimization-horizontal-vertical_scenario,625,249,3,-1,-2,90,90,15,1,69369,AdultMaleAgent(Clone),6,12,1.71,1.58,0.6352539,1,False,2,0,0
2026-03-06_19.19.59,120,sign-optimization-horizontal-vertical_scenario,625,249,3,-1,-2,90,90,15,1,69370,AdultFemaleAgent(Clone),7,11,1.58,1.450001,7.715332,1,True,2,1,0.5
2026-03-06_19.19.59,120,sign-optimization-horizontal-vertical_scenario,625,249,3,-1,-2,90,90,15,1,69371,AdultMaleAgent(Clone),5,10,1.71,1.58,13.625,1,True,2,1,0.5
2026-03-06_19.19.59,120,sign-optimization-horizontal-vertical_scenario,625,249,3,-1,-2,90,90,15,1,69372,AdultMaleAgent(Clone),5,10,1.71,1.58,12.12695,1,True,2,1,0.5
2026-03-06_19.19.59,120,sign-optimization-horizontal-vertical_scenario,625,249,3,-1,-2,90,90,15,1,69373,AdultMaleAgent(Clone),7,11,1.71,1.58,4.768066,2,True,2,1,0.5
2026-03-06_19.19.59,120,sign-optimization-horizontal-vertical_scenario,625,249,3,-1,-2,90,90,15,1,69374,AdultMaleAgent(Clone),5,10,1.71,1.58,14.26855,1,True,2,1,0.5
2026-03-06_19.19.59,120,sign-optimization-horizontal-vertical_scenario,625,249,3,-1,-2,90,90,15,1,69375,AdultMaleAgent(Clone),6,12,1.71,1.58,0.8520508,1,False,2,0,0
2026-03-06_19.19.59,120,sign-optimization-horizontal-vertical_scenario,625,249,3,-1,-2,90,90,15,1,69376,AdultFemaleAgent(Clone),10,12,1.58,1.45,6.987793,1,False,3,2,0.6666667
2026-03-06_19.19.59,120,sign-optimization-horizontal-vertical_scenario,625,249,3,-1,-2,90,90,15,1,69377,AdultMaleAgent(Clone),6,12,1.71,1.58,0,0,False,2,0,0
2026-03-06_19.19.59,120,sign-optimization-horizontal-vertical_scenario,625,249,3,-1,-2,90,90,15,1,69378,WheelchairAgent(Clone),10,12,1.3,1.17,7.372559,1,False,3,0,0
2026-03-06_19.19.59,120,sign-optimization-horizontal-vertical_scenario,625,249,3,-1,-2,90,90,15,1,69379,AdultMaleAgent(Clone),6,12,1.71,1.58,3.458008,1,False,2,1,0.5
2026-03-06_19.19.59,120,sign-optimization-horizontal-vertical_scenario,625,249,3,-1,-2,90,90,15,1,69380,AdultMaleAgent(Clone),7,11,1.71,1.58,5.024902,1,True,2,1,0.5
2026-03-06_19.19.59,120,sign-optimization-horizontal-vertical_scenario,625,249,3,-1,-2,90,90,15,1,69381,AdultMaleAgent(Clone),10,12,1.71,1.58,6.493164,1,False,3,2,0.6666667
2026-03-06_19.19.59,120,sign-optimization-horizontal-vertical_scenario,625,249,3,-1,-2,90,90,15,1,69382,AdultFemaleAgent(Clone),5,10,1.58,1.45,11.84668,1,True,2,1,0.5
2026-03-06_19.19.59,120,sign-optimization-horizontal-vertical_scenario,625,249,3,-1,-2,90,90,15,1,69383,AdultMaleAgent(Clone),11,10,1.71,1.58,5.225098,1,False,3,1,0.3333333
2026-03-06_19.19.59,120,sign-optimization-horizontal-vertical_scenario,625,249,3,-1,-2,90,90,15,1,69384,AdultMaleAgent(Clone),7,11,1.71,1.58,5.374512,1,True,2,1,0.5
2026-03-06_19.19.59,120,sign-optimization-horizontal-vertical_scenario,625,249,3,-1,-2,90,90,15,1,69385,WheelchairAgent(Clone),5,10,1.3,1.17,12.31494,1,True,2,1,0.5
2026-03-06_19.19.59,120,sign-optimization-horizontal-vertical_scenario,625,249,3,-1,-2,90,90,15,1,69386,AdultFemaleAgent(Clone),6,12,1.58,1.45,0,0,False,2,0,0
2026-03-06_19.19.59,120,sign-optimization-horizontal-vertical_scenario,625,249,3,-1,-2,90,90,15,1,69387,WheelchairAgent(Clone),7,11,1.3,1.17,7.584473,1,True,2,1,0.5
2026-03-06_19.19.59,120,sign-optimization-horizontal-vertical_scenario,625,249,3,-1,-2,90,90,15,1,69388,WheelchairAgent(Clone),10,12,1.3,1.17,5.828125,1,False,3,0,0
2026-03-06_19.19.59,120,sign-optimization-horizontal-vertical_scenario,625,249,3,-1,-2,90,90,15,1,69389,AdultMaleAgent(Clone),5,10,1.71,1.58,11.98291,1,True,2,1,0.5
2026-03-06_19.19.59,120,sign-optimization-horizontal-vertical_scenario,625,249,3,-1,-2,90,90,15,1,69390,AdultFemaleAgent(Clone),6,12,1.58,1.45,0,0,False,2,0,0
2026-03-06_19.19.59,120,sign-optimization-horizontal-vertical_scenario,625,249,3,-1,-2,90,90,15,1,69391,AdultMaleAgent(Clone),11,10,1.71,1.58,4.936035,1,True,3,1,0.3333333
2026-03-06_19.19.59,120,sign-optimization-horizontal-vertical_scenario,625,249,3,-1,-2,90,90,15,1,69392,AdultMaleAgent(Clone),7,11,1.71,1.58,8.391113,1,True,2,1,0.5
2026-03-06_19.19.59,120,sign-optimization-horizontal-vertical_scenario,625,249,3,-1,-2,90,90,15,1,69393,AdultMaleAgent(Clone),10,12,1.71,1.58,6.225586,1,False,3,2,0.6666667
2026-03-06_19.19.59,120,sign-optimization-horizontal-vertical_scenario,625,249,3,-1,-2,90,90,15,1,69394,WheelchairAgent(Clone),6,12,1.3,1.17,3.61084,1,False,2,1,0.5
2026-03-06_19.19.59,120,sign-optimization-horizontal-vertical_scenario,625,249,3,-1,-2,90,90,15,1,69395,AdultMaleAgent(Clone),6,12,1.71,1.58,5.391113,1,False,2,1,0.5
2026-03-06_19.19.59,120,sign-optimization-horizontal-vertical_scenario,625,249,3,-1,-2,90,90,15,1,69396,AdultFemaleAgent(Clone),5,10,1.58,1.45,11.67871,1,True,2,1,0.5
2026-03-06_19.19.59,120,sign-optimization-horizontal-vertical_scenario,625,249,3,-1,-2,90,90,15,1,69397,AdultFemaleAgent(Clone),11,10,1.58,1.450001,3.103027,1,False,3,0,0
2026-03-06_19.19.59,120,sign-optimization-horizontal-vertical_scenario,625,249,3,-1,-2,90,90,15,1,69398,AdultFemaleAgent(Clone),5,10,1.58,1.45,13.97412,1,True,2,1,0.5
2026-03-06_19.19.59,120,sign-optimization-horizontal-vertical_scenario,625,249,3,-1,-2,90,90,15,1,69399,AdultFemaleAgent(Clone),5,10,1.58,1.45,14.71777,1,True,2,1,0.5
2026-03-06_19.19.59,120,sign-optimization-horizontal-vertical_scenario,625,249,3,-1,-2,90,90,15,1,69400,WheelchairAgent(Clone),11,10,1.3,1.17,4.083496,1,False,3,1,0.3333333
2026-03-06_19.19.59,120,sign-optimization-horizontal-vertical_scenario,625,249,3,-1,-2,90,90,15,1,69401,AdultMaleAgent(Clone),6,12,1.71,1.58,0.6245117,1,False,2,0,0
2026-03-06_19.19.59,120,sign-optimization-horizontal-vertical_scenario,625,249,3,-1,-2,90,90,15,1,69402,AdultFemaleAgent(Clone),7,11,1.58,1.450001,9.907227,1,True,2,1,0.5
2026-03-06_19.19.59,120,sign-optimization-horizontal-vertical_scenario,625,249,3,-1,-2,90,90,15,1,69403,AdultMaleAgent(Clone),6,12,1.71,1.58,0,0,False,2,0,0
2026-03-06_19.19.59,120,sign-optimization-horizontal-vertical_scenario,625,249,3,-1,-2,90,90,15,1,69404,AdultMaleAgent(Clone),5,10,1.71,1.58,11.89355,1,True,2,1,0.5
2026-03-06_19.19.59,120,sign-optimization-horizontal-vertical_scenario,625,249,3,-1,-2,90,90,15,1,69405,AdultMaleAgent(Clone),11,10,1.71,1.58,4.390625,1,True,3,1,0.3333333
2026-03-06_19.19.59,120,sign-optimization-horizontal-vertical_scenario,625,249,3,-1,-2,90,90,15,1,69406,WheelchairAgent(Clone),10,12,1.3,1.17,0,0,False,3,0,0
2026-03-06_19.19.59,120,sign-optimization-horizontal-vertical_scenario,625,249,3,-1,-2,90,90,15,1,69407,WheelchairAgent(Clone),5,10,1.3,1.17,12.7168,1,True,2,1,0.5
2026-03-06_19.19.59,120,sign-optimization-horizontal-vertical_scenario,625,249,3,-1,-2,90,90,15,1,69408,AdultMaleAgent(Clone),5,10,1.71,1.58,12.05078,1,True,2,1,0.5
2026-03-06_19.19.59,120,sign-optimization-horizontal-vertical_scenario,625,249,3,-1,-2,90,90,15,1,69409,AdultFemaleAgent(Clone),5,10,1.58,1.45,11.64551,1,True,2,1,0.5
2026-03-06_19.19.59,120,sign-optimization-horizontal-vertical_scenario,625,249,3,-1,-2,90,90,15,1,69410,AdultFemaleAgent(Clone),7,11,1.58,1.450001,7.804688,1,True,2,1,0.5
2026-03-06_19.19.59,120,sign-optimization-horizontal-vertical_scenario,625,249,3,-1,-2,90,90,15,1,69411,AdultMaleAgent(Clone),6,12,1.71,1.58,2.015137,1,False,2,0,0
2026-03-06_19.19.59,120,sign-optimization-horizontal-vertical_scenario,625,249,3,-1,-2,90,90,15,1,69412,AdultFemaleAgent(Clone),7,11,1.58,1.450001,6.156738,1,True,2,1,0.5
2026-03-06_19.19.59,120,sign-optimization-horizontal-vertical_scenario,625,249,3,-1,-2,90,90,15,1,69413,AdultMaleAgent(Clone),10,12,1.71,1.58,0,0,False,3,0,0
2026-03-06_19.19.59,120,sign-optimization-horizontal-vertical_scenario,625,249,3,-1,-2,90,90,15,1,69414,AdultMaleAgent(Clone),7,11,1.71,1.58,7.600098,1,True,2,1,0.5
2026-03-06_19.19.59,120,sign-optimization-horizontal-vertical_scenario,625,249,3,-1,-2,90,90,15,1,69415,WheelchairAgent(Clone),11,10,1.3,1.17,2.995117,1,False,3,1,0.3333333
2026-03-06_19.19.59,120,sign-optimization-horizontal-vertical_scenario,625,249,3,-1,-2,90,90,15,1,69416,AdultFemaleAgent(Clone),10,12,1.58,1.45,0,0,False,3,0,0
2026-03-06_19.19.59,120,sign-optimization-horizontal-vertical_scenario,625,249,3,-1,-2,90,90,15,1,69417,AdultFemaleAgent(Clone),10,12,1.58,1.45,0,0,False,3,0,0
2026-03-06_19.19.59,120,sign-optimization-horizontal-vertical_scenario,625,249,3,-1,-2,90,90,15,1,69418,WheelchairAgent(Clone),5,10,1.3,1.17,11.25391,1,True,2,1,0.5
2026-03-06_19.19.59,120,sign-optimization-horizontal-vertical_scenario,625,249,3,-1,-2,90,90,15,1,69419,WheelchairAgent(Clone),6,12,1.3,1.17,6.824707,1,False,2,1,0.5
2026-03-06_19.19.59,120,sign-optimization-horizontal-vertical_scenario,625,249,3,-1,-2,90,90,15,1,69420,AdultMaleAgent(Clone),11,10,1.71,1.58,12.10986,1,True,3,1,0.3333333
2026-03-06_19.19.59,120,sign-optimization-horizontal-vertical_scenario,625,249,3,-1,-2,90,90,15,1,69421,AdultFemaleAgent(Clone),10,12,1.58,1.45,0,0,False,3,0,0
2026-03-06_19.19.59,120,sign-optimization-horizontal-vertical_scenario,625,249,3,-1,-2,90,90,15,1,69422,AdultMaleAgent(Clone),6,12,1.71,1.58,5.062988,1,False,2,1,0.5
2026-03-06_19.19.59,120,sign-optimization-horizontal-vertical_scenario,625,249,3,-1,-2,90,90,15,1,69423,WheelchairAgent(Clone),6,12,1.3,1.17,0,0,False,2,0,0
2026-03-06_19.19.59,120,sign-optimization-horizontal-vertical_scenario,625,249,3,-1,-2,90,90,15,1,69424,WheelchairAgent(Clone),6,12,1.3,1.17,0,0,False,2,0,0
2026-03-06_19.19.59,120,sign-optimization-horizontal-vertical_scenario,625,249,3,-1,-2,90,90,15,1,69425,AdultFemaleAgent(Clone),10,12,1.58,1.45,0,0,False,3,2,0.6666667
2026-03-06_19.19.59,120,sign-optimization-horizontal-vertical_scenario,625,249,3,-1,-2,90,90,15,1,69426,WheelchairAgent(Clone),6,12,1.3,1.17,2.54834,1,False,2,0,0
2026-03-06_19.19.59,120,sign-optimization-horizontal-vertical_scenario,625,249,3,-1,-2,90,90,15,1,69427,AdultFemaleAgent(Clone),5,10,1.58,1.45,10.75879,1,True,2,1,0.5
2026-03-06_19.19.59,120,sign-optimization-horizontal-vertical_scenario,625,249,3,-1,-2,90,90,15,1,69428,AdultFemaleAgent(Clone),7,11,1.58,1.450001,5.862305,1,True,2,1,0.5
2026-03-06_19.19.59,120,sign-optimization-horizontal-vertical_scenario,625,249,3,-1,-2,90,90,15,1,69429,AdultFemaleAgent(Clone),6,12,1.58,1.45,2.30127,1,False,2,0,0
2026-03-06_19.19.59,120,sign-optimization-horizontal-vertical_scenario,625,249,3,-1,-2,90,90,15,1,69430,AdultFemaleAgent(Clone),7,11,1.58,1.450001,7.849609,1,True,2,1,0.5
2026-03-06_19.19.59,120,sign-optimization-horizontal-vertical_scenario,625,249,3,-1,-2,90,90,15,1,69431,AdultFemaleAgent(Clone),5,10,1.58,1.45,12.05371,1,True,2,1,0.5
2026-03-06_19.19.59,120,sign-optimization-horizontal-vertical_scenario,625,249,3,-1,-2,90,90,15,1,69432,WheelchairAgent(Clone),5,10,1.3,1.17,11.58203,1,True,2,1,0.5
2026-03-06_19.19.59,120,sign-optimization-horizontal-vertical_scenario,625,249,3,-1,-2,90,90,15,1,69433,WheelchairAgent(Clone),7,11,1.3,1.17,6.868652,1,True,2,1,0.5
2026-03-06_19.19.59,120,sign-optimization-horizontal-vertical_scenario,625,249,3,-1,-2,90,90,15,1,69434,AdultMaleAgent(Clone),7,11,1.71,1.58,7.628906,1,True,2,1,0.5
2026-03-06_19.19.59,120,sign-optimization-horizontal-vertical_scenario,625,249,3,-1,-2,90,90,15,1,69435,AdultFemaleAgent(Clone),5,10,1.58,1.45,11.41211,1,True,2,1,0.5
2026-03-06_19.19.59,120,sign-optimization-horizontal-vertical_scenario,625,249,3,-1,-2,90,90,15,1,69436,WheelchairAgent(Clone),11,10,1.3,1.17,4.965332,1,False,3,1,0.3333333
2026-03-06_19.19.59,120,sign-optimization-horizontal-vertical_scenario,625,249,3,-1,-2,90,90,15,1,69437,AdultMaleAgent(Clone),6,12,1.71,1.58,2.943848,1,False,2,1,0.5
2026-03-06_19.19.59,120,sign-optimization-horizontal-vertical_scenario,625,249,3,-1,-2,90,90,15,1,69438,AdultMaleAgent(Clone),7,11,1.71,1.58,5.677246,1,True,2,1,0.5
2026-03-06_19.19.59,120,sign-optimization-horizontal-vertical_scenario,625,249,3,-1,-2,90,90,15,1,69439,WheelchairAgent(Clone),11,10,1.3,1.17,4.60791,1,True,3,1,0.3333333
2026-03-06_19.19.59,120,sign-optimization-horizontal-vertical_scenario,625,249,3,-1,-2,90,90,15,1,69440,WheelchairAgent(Clone),6,12,1.3,1.17,1.23291,1,False,2,0,0
2026-03-06_19.19.59,120,sign-optimization-horizontal-vertical_scenario,625,249,3,-1,-2,90,90,15,1,69441,AdultFemaleAgent(Clone),11,10,1.58,1.450001,2.890625,1,True,3,2,0.6666667
2026-03-06_19.19.59,120,sign-optimization-horizontal-vertical_scenario,625,249,3,-1,-2,90,90,15,1,69442,WheelchairAgent(Clone),5,10,1.3,1.17,11.04492,1,True,2,1,0.5
2026-03-06_19.19.59,120,sign-optimization-horizontal-vertical_scenario,625,249,3,-1,-2,90,90,15,1,69443,WheelchairAgent(Clone),11,10,1.3,1.17,10.68555,1,False,3,1,0.3333333
2026-03-06_19.19.59,120,sign-optimization-horizontal-vertical_scenario,625,249,3,-1,-2,90,90,15,1,69444,WheelchairAgent(Clone),7,11,1.3,1.17,8.228516,1,True,2,1,0.5
2026-03-06_19.19.59,120,sign-optimization-horizontal-vertical_scenario,625,249,3,-1,-2,90,90,15,1,69445,AdultMaleAgent(Clone),11,10,1.71,1.58,3.240723,1,True,3,1,0.3333333
2026-03-06_19.19.59,120,sign-optimization-horizontal-vertical_scenario,625,249,3,-1,-2,90,90,15,1,69446,AdultMaleAgent(Clone),6,12,1.71,1.58,0,0,False,2,1,0.5
2026-03-06_19.19.59,120,sign-optimization-horizontal-vertical_scenario,625,249,3,-1,-2,90,90,15,1,69447,AdultMaleAgent(Clone),7,11,1.71,1.58,8.609375,1,True,2,1,0.5
2026-03-06_19.19.59,120,sign-optimization-horizontal-vertical_scenario,625,249,3,-1,-2,90,90,15,1,69448,WheelchairAgent(Clone),11,10,1.3,1.17,6.770508,1,True,3,1,0.3333333
2026-03-06_19.19.59,120,sign-optimization-horizontal-vertical_scenario,625,249,3,-1,-2,90,90,15,1,69449,AdultMaleAgent(Clone),6,12,1.71,1.58,0,0,False,2,1,0.5
2026-03-06_19.19.59,120,sign-optimization-horizontal-vertical_scenario,625,249,3,-1,-2,90,90,15,1,69450,AdultFemaleAgent(Clone),11,10,1.58,1.450001,10.06152,1,False,3,1,0.3333333
2026-03-06_19.19.59,120,sign-optimization-horizontal-vertical_scenario,625,249,3,-1,-2,90,90,15,1,69451,WheelchairAgent(Clone),7,11,1.3,1.17,9.489258,1,True,2,1,0.5
2026-03-06_19.19.59,120,sign-optimization-horizontal-vertical_scenario,625,249,3,-1,-2,90,90,15,1,69452,WheelchairAgent(Clone),10,12,1.3,1.17,0,0,False,3,0,0
2026-03-06_19.19.59,120,sign-optimization-horizontal-vertical_scenario,625,249,3,-1,-2,90,90,15,1,69453,WheelchairAgent(Clone),6,12,1.3,1.17,3.115234,1,False,2,1,0.5
2026-03-06_19.19.59,120,sign-optimization-horizontal-vertical_scenario,625,249,3,-1,-2,90,90,15,1,69454,AdultFemaleAgent(Clone),5,10,1.58,1.45,12.21387,1,True,2,1,0.5
2026-03-06_19.19.59,120,sign-optimization-horizontal-vertical_scenario,625,249,3,-1,-2,90,90,15,1,69455,AdultMaleAgent(Clone),7,11,1.71,1.58,6.793945,1,True,2,1,0.5
2026-03-06_19.19.59,120,sign-optimization-horizontal-vertical_scenario,625,249,3,-1,-2,90,90,15,1,69456,AdultFemaleAgent(Clone),5,10,1.58,1.45,11.22656,1,True,2,1,0.5
2026-03-06_19.19.59,120,sign-optimization-horizontal-vertical_scenario,625,249,3,-1,-2,90,90,15,1,69457,AdultMaleAgent(Clone),7,11,1.71,1.58,5.310547,1,True,2,1,0.5
2026-03-06_19.19.59,120,sign-optimization-horizontal-vertical_scenario,625,249,3,-1,-2,90,90,15,1,69458,WheelchairAgent(Clone),7,11,1.3,1.17,4.329102,1,True,2,1,0.5
2026-03-06_19.19.59,120,sign-optimization-horizontal-vertical_scenario,625,249,3,-1,-2,90,90,15,1,69459,AdultFemaleAgent(Clone),6,12,1.58,1.45,0,0,False,2,1,0.5
2026-03-06_19.19.59,120,sign-optimization-horizontal-vertical_scenario,625,249,3,-1,-2,90,90,15,1,69460,AdultMaleAgent(Clone),10,12,1.71,1.58,0,0,False,3,2,0.6666667
2026-03-06_19.19.59,120,sign-optimization-horizontal-vertical_scenario,625,249,3,-1,-2,90,90,15,1,69461,WheelchairAgent(Clone),5,10,1.3,1.17,0,0,True,2,1,0.5
2026-03-06_19.19.59,120,sign-optimization-horizontal-vertical_scenario,625,249,3,-1,-2,90,90,15,1,69462,AdultMaleAgent(Clone),6,12,1.71,1.58,0,0,False,2,1,0.5
2026-03-06_19.19.59,120,sign-optimization-horizontal-vertical_scenario,625,249,3,-1,-2,90,90,15,1,69463,WheelchairAgent(Clone),10,12,1.3,1.17,0,0,False,3,0,0
2026-03-06_19.19.59,120,sign-optimization-horizontal-vertical_scenario,625,249,3,-1,-2,90,90,15,1,69464,WheelchairAgent(Clone),11,10,1.3,1.17,9.968262,1,False,3,1,0.3333333
2026-03-06_19.19.59,120,sign-optimization-horizontal-vertical_scenario,625,249,3,-1,-2,90,90,15,1,69465,AdultMaleAgent(Clone),10,12,1.71,1.58,0,0,False,3,0,0
2026-03-06_19.19.59,120,sign-optimization-horizontal-vertical_scenario,625,249,3,-1,-2,90,90,15,1,69466,AdultFemaleAgent(Clone),10,12,1.58,1.45,0,0,False,3,0,0
2026-03-06_19.19.59,120,sign-optimization-horizontal-vertical_scenario,625,249,3,-1,-2,90,90,15,1,69467,AdultMaleAgent(Clone),11,10,1.71,1.58,3.507324,1,False,3,1,0.3333333
2026-03-06_19.19.59,120,sign-optimization-horizontal-vertical_scenario,625,249,3,-1,-2,90,90,15,1,69468,WheelchairAgent(Clone),11,10,1.3,1.17,5.072754,1,False,3,1,0.3333333
2026-03-06_19.19.59,120,sign-optimization-horizontal-vertical_scenario,625,249,3,-1,-2,90,90,15,1,69469,AdultMaleAgent(Clone),6,12,1.71,1.58,0,0,True,2,1,0.5
2026-03-06_19.19.59,120,sign-optimization-horizontal-vertical_scenario,625,249,3,-1,-2,90,90,15,1,69470,WheelchairAgent(Clone),5,10,1.3,1.17,0,0,True,2,1,0.5
2026-03-06_19.19.59,120,sign-optimization-horizontal-vertical_scenario,625,249,3,-1,-2,90,90,15,1,69471,AdultFemaleAgent(Clone),11,10,1.58,1.450001,0,0,False,3,1,0.3333333
2026-03-06_19.19.59,120,sign-optimization-horizontal-vertical_scenario,625,249,3,-1,-2,90,90,15,1,69472,AdultFemaleAgent(Clone),5,10,1.58,1.45,0,0,True,2,1,0.5
2026-03-06_19.19.59,120,sign-optimization-horizontal-vertical_scenario,625,249,3,-1,-2,90,90,15,1,69473,WheelchairAgent(Clone),7,11,1.3,1.17,9.313965,1,True,2,1,0.5
2026-03-06_19.19.59,120,sign-optimization-horizontal-vertical_scenario,625,249,3,-1,-2,90,90,15,1,69474,AdultMaleAgent(Clone),5,10,1.71,1.58,0,0,True,2,1,0.5
2026-03-06_19.19.59,120,sign-optimization-horizontal-vertical_scenario,625,249,3,-1,-2,90,90,15,1,69475,AdultMaleAgent(Clone),7,11,1.71,1.58,7.754883,1,True,2,1,0.5
2026-03-06_19.19.59,120,sign-optimization-horizontal-vertical_scenario,625,249,3,-1,-2,90,90,15,1,69476,WheelchairAgent(Clone),10,12,1.3,1.17,0,0,False,3,0,0
2026-03-06_19.19.59,120,sign-optimization-horizontal-vertical_scenario,625,249,3,-1,-2,90,90,15,1,69477,AdultMaleAgent(Clone),11,10,1.71,1.58,0,0,False,3,2,0.6666667
2026-03-06_19.19.59,120,sign-optimization-horizontal-vertical_scenario,625,249,3,-1,-2,90,90,15,1,69478,AdultFemaleAgent(Clone),10,12,1.58,1.45,0,0,False,3,0,0
2026-03-06_19.19.59,120,sign-optimization-horizontal-vertical_scenario,625,249,3,-1,-2,90,90,15,1,69479,AdultMaleAgent(Clone),6,12,1.71,1.58,0,0,False,2,0,0
2026-03-06_19.19.59,120,sign-optimization-horizontal-vertical_scenario,625,249,3,-1,-2,90,90,15,1,69480,AdultFemaleAgent(Clone),5,10,1.58,1.45,0,0,True,2,1,0.5
2026-03-06_19.19.59,120,sign-optimization-horizontal-vertical_scenario,625,249,3,-1,-2,90,90,15,1,69481,WheelchairAgent(Clone),5,10,1.3,1.17,0,0,True,2,1,0.5
2026-03-06_19.19.59,120,sign-optimization-horizontal-vertical_scenario,625,249,3,-1,-2,90,90,15,1,69482,AdultFemaleAgent(Clone),6,12,1.58,1.45,0,0,False,2,1,0.5
2026-03-06_19.19.59,120,sign-optimization-horizontal-vertical_scenario,625,249,3,-1,-2,90,90,15,1,69483,AdultFemaleAgent(Clone),11,10,1.58,1.450001,4.04541,1,False,3,0,0
2026-03-06_19.19.59,120,sign-optimization-horizontal-vertical_scenario,625,249,3,-1,-2,90,90,15,1,69484,AdultFemaleAgent(Clone),10,12,1.58,1.45,0,0,False,3,0,0
2026-03-06_19.19.59,120,sign-optimization-horizontal-vertical_scenario,625,249,3,-1,-2,90,90,15,1,69485,WheelchairAgent(Clone),10,12,1.3,1.17,0,0,False,3,0,0
2026-03-06_19.19.59,120,sign-optimization-horizontal-vertical_scenario,625,249,3,-1,-2,90,90,15,1,69486,AdultMaleAgent(Clone),6,12,1.71,1.58,0,0,False,2,1,0.5
2026-03-06_19.19.59,120,sign-optimization-horizontal-vertical_scenario,625,249,3,-1,-2,90,90,15,1,69487,AdultMaleAgent(Clone),10,12,1.71,1.58,0,0,False,3,0,0
2026-03-06_19.19.59,120,sign-optimization-horizontal-vertical_scenario,625,249,3,-1,-2,90,90,15,1,69488,AdultMaleAgent(Clone),7,11,1.71,1.58,5.770508,1,True,2,1,0.5
2026-03-06_19.19.59,120,sign-optimization-horizontal-vertical_scenario,625,249,3,-1,-2,90,90,15,1,69489,AdultMaleAgent(Clone),10,12,1.71,1.58,0,0,False,3,0,0
2026-03-06_19.19.59,120,sign-optimization-horizontal-vertical_scenario,625,249,3,-1,-2,90,90,15,1,69490,AdultFemaleAgent(Clone),10,12,1.58,1.45,0,0,False,3,0,0
2026-03-06_19.19.59,120,sign-optimization-horizontal-vertical_scenario,625,249,3,-1,-2,90,90,15,1,69491,AdultMaleAgent(Clone),5,10,1.71,1.58,0,0,True,2,1,0.5
2026-03-06_19.19.59,120,sign-optimization-horizontal-vertical_scenario,625,249,3,-1,-2,90,90,15,1,69492,AdultMaleAgent(Clone),11,10,1.71,1.58,3.311523,1,False,3,0,0
2026-03-06_19.19.59,120,sign-optimization-horizontal-vertical_scenario,625,249,3,-1,-2,90,90,15,1,69493,AdultFemaleAgent(Clone),11,10,1.58,1.450001,4.584473,1,False,3,2,0.6666667
2026-03-06_19.19.59,120,sign-optimization-horizontal-vertical_scenario,625,249,3,-1,-2,90,90,15,1,69494,WheelchairAgent(Clone),11,10,1.3,1.17,0,0,False,3,1,0.3333333
2026-03-06_19.19.59,120,sign-optimization-horizontal-vertical_scenario,625,249,3,-1,-2,90,90,15,1,69495,AdultFemaleAgent(Clone),10,12,1.58,1.45,0,0,False,3,0,0
2026-03-06_19.19.59,120,sign-optimization-horizontal-vertical_scenario,625,249,3,-1,-2,90,90,15,1,69496,WheelchairAgent(Clone),7,11,1.3,1.17,7.634766,1,True,2,1,0.5
2026-03-06_19.19.59,120,sign-optimization-horizontal-vertical_scenario,625,249,3,-1,-2,90,90,15,1,69497,AdultMaleAgent(Clone),5,10,1.71,1.58,0,0,True,2,1,0.5
2026-03-06_19.19.59,120,sign-optimization-horizontal-vertical_scenario,625,249,3,-1,-2,90,90,15,1,69498,AdultFemaleAgent(Clone),7,11,1.58,1.450001,5.875488,1,True,2,1,0.5
2026-03-06_19.19.59,120,sign-optimization-horizontal-vertical_scenario,625,249,3,-1,-2,90,90,15,1,69499,WheelchairAgent(Clone),10,12,1.3,1.17,0,0,False,3,0,0
2026-03-06_19.19.59,120,sign-optimization-horizontal-vertical_scenario,625,249,3,-1,-2,90,90,15,1,69500,AdultMaleAgent(Clone),11,10,1.71,1.58,3.388672,1,False,3,2,0.6666667
2026-03-06_19.19.59,120,sign-optimization-horizontal-vertical_scenario,625,249,3,-1,-2,90,90,15,1,69501,AdultMaleAgent(Clone),7,11,1.71,1.58,6.21582,1,True,2,1,0.5
2026-03-06_19.19.59,120,sign-optimization-horizontal-vertical_scenario,625,249,3,-1,-2,90,90,15,1,69502,AdultMaleAgent(Clone),11,10,1.71,1.58,5.71582,1,False,3,1,0.3333333
2026-03-06_19.19.59,120,sign-optimization-horizontal-vertical_scenario,625,249,3,-1,-2,90,90,15,1,69503,WheelchairAgent(Clone),10,12,1.3,1.17,0,0,False,3,0,0
2026-03-06_19.19.59,120,sign-optimization-horizontal-vertical_scenario,625,249,3,-1,-2,90,90,15,1,69504,AdultFemaleAgent(Clone),11,10,1.58,1.450001,5.750488,1,False,3,0,0
2026-03-06_19.19.59,120,sign-optimization-horizontal-vertical_scenario,625,249,3,-1,-2,90,90,15,1,69505,AdultFemaleAgent(Clone),5,10,1.58,1.45,0,0,True,2,1,0.5
2026-03-06_19.19.59,120,sign-optimization-horizontal-vertical_scenario,625,249,3,-1,-2,90,90,15,1,69506,AdultMaleAgent(Clone),7,11,1.71,1.58,6.432617,1,True,2,1,0.5
2026-03-06_19.19.59,120,sign-optimization-horizontal-vertical_scenario,625,249,3,-1,-2,90,90,15,1,69507,AdultMaleAgent(Clone),7,11,1.71,1.58,5.408203,1,True,2,1,0.5
2026-03-06_19.19.59,120,sign-optimization-horizontal-vertical_scenario,625,249,3,-1,-2,90,90,15,1,69508,AdultMaleAgent(Clone),10,12,1.71,1.58,0,0,False,3,0,0
2026-03-06_19.19.59,120,sign-optimization-horizontal-vertical_scenario,625,249,3,-1,-2,90,90,15,1,69509,AdultMaleAgent(Clone),7,11,1.71,1.58,6.779785,1,True,2,1,0.5
2026-03-06_19.19.59,120,sign-optimization-horizontal-vertical_scenario,625,249,3,-1,-2,90,90,15,1,69510,AdultFemaleAgent(Clone),7,11,1.58,1.450001,0,0,True,2,1,0.5
2026-03-06_19.19.59,120,sign-optimization-horizontal-vertical_scenario,625,249,3,-1,-2,90,90,15,1,69511,AdultMaleAgent(Clone),11,10,1.71,1.58,3.349609,1,False,3,0,0
2026-03-06_19.19.59,120,sign-optimization-horizontal-vertical_scenario,625,249,3,-1,-2,90,90,15,1,69512,WheelchairAgent(Clone),6,12,1.3,1.17,0,0,False,2,0,0
2026-03-06_19.19.59,120,sign-optimization-horizontal-vertical_scenario,625,249,3,-1,-2,90,90,15,1,69513,WheelchairAgent(Clone),6,12,1.3,1.17,0,0,False,2,0,0
2026-03-06_19.19.59,120,sign-optimization-horizontal-vertical_scenario,625,249,3,-1,-2,90,90,15,1,69514,AdultFemaleAgent(Clone),6,12,1.58,1.45,0,0,False,2,0,0
2026-03-06_19.19.59,120,sign-optimization-horizontal-vertical_scenario,625,249,3,-1,-2,90,90,15,1,69515,AdultMaleAgent(Clone),11,10,1.71,1.58,0,0,True,3,1,0.3333333
2026-03-06_19.19.59,120,sign-optimization-horizontal-vertical_scenario,625,249,3,-1,-2,90,90,15,1,69516,AdultMaleAgent(Clone),5,10,1.71,1.58,0,0,True,2,1,0.5
2026-03-06_19.19.59,120,sign-optimization-horizontal-vertical_scenario,625,249,3,-1,-2,90,90,15,1,69517,AdultMaleAgent(Clone),5,10,1.71,1.58,0,0,True,2,1,0.5
2026-03-06_19.19.59,120,sign-optimization-horizontal-vertical_scenario,625,249,3,-1,-2,90,90,15,1,69518,AdultMaleAgent(Clone),11,10,1.71,1.58,4.467285,1,False,3,0,0
2026-03-06_19.19.59,120,sign-optimization-horizontal-vertical_scenario,625,249,3,-1,-2,90,90,15,1,69519,WheelchairAgent(Clone),10,12,1.3,1.17,0,0,False,3,0,0
2026-03-06_19.19.59,120,sign-optimization-horizontal-vertical_scenario,625,249,3,-1,-2,90,90,15,1,69520,AdultFemaleAgent(Clone),11,10,1.58,1.450001,3.640137,1,False,3,0,0
2026-03-06_19.19.59,120,sign-optimization-horizontal-vertical_scenario,625,249,3,-1,-2,90,90,15,1,69521,AdultFemaleAgent(Clone),10,12,1.58,1.45,0,0,False,3,0,0
2026-03-06_19.19.59,120,sign-optimization-horizontal-vertical_scenario,625,249,3,-1,-2,90,90,15,1,69522,WheelchairAgent(Clone),5,10,1.3,1.17,0,0,True,2,1,0.5
2026-03-06_19.19.59,120,sign-optimization-horizontal-vertical_scenario,625,249,3,-1,-2,90,90,15,1,69523,WheelchairAgent(Clone),10,12,1.3,1.17,0,0,False,3,0,0
2026-03-06_19.19.59,120,sign-optimization-horizontal-vertical_scenario,625,249,3,-1,-2,90,90,15,1,69524,AdultFemaleAgent(Clone),7,11,1.58,1.450001,0,0,False,2,1,0.5
2026-03-06_19.19.59,120,sign-optimization-horizontal-vertical_scenario,625,249,3,-1,-2,90,90,15,1,69525,WheelchairAgent(Clone),5,10,1.3,1.17,0,0,False,2,1,0.5
2026-03-06_19.19.59,120,sign-optimization-horizontal-vertical_scenario,625,249,3,-1,-2,90,90,15,1,69526,WheelchairAgent(Clone),11,10,1.3,1.17,0,0,False,3,0,0
2026-03-06_19.19.59,120,sign-optimization-horizontal-vertical_scenario,625,249,3,-1,-2,90,90,15,1,69527,WheelchairAgent(Clone),11,10,1.3,1.17,0,0,False,3,2,0.6666667
2026-03-06_19.19.59,120,sign-optimization-horizontal-vertical_scenario,625,249,3,-1,-2,90,90,15,1,69528,AdultFemaleAgent(Clone),5,10,1.58,1.45,0,0,True,2,1,0.5
2026-03-06_19.19.59,120,sign-optimization-horizontal-vertical_scenario,625,249,3,-1,-2,90,90,15,1,69529,AdultMaleAgent(Clone),7,11,1.71,1.58,0,0,True,2,1,0.5
2026-03-06_19.19.59,120,sign-optimization-horizontal-vertical_scenario,625,249,3,-1,-2,90,90,15,1,69530,WheelchairAgent(Clone),6,12,1.3,1.17,0,0,False,2,0,0
2026-03-06_19.19.59,120,sign-optimization-horizontal-vertical_scenario,625,249,3,-1,-2,90,90,15,1,69531,AdultMaleAgent(Clone),7,11,1.71,1.58,0,0,True,2,1,0.5
2026-03-06_19.19.59,120,sign-optimization-horizontal-vertical_scenario,625,249,3,-1,-2,90,90,15,1,69532,AdultFemaleAgent(Clone),10,12,1.58,1.45,0,0,False,3,0,0
2026-03-06_19.19.59,120,sign-optimization-horizontal-vertical_scenario,625,249,3,-1,-2,90,90,15,1,69533,AdultFemaleAgent(Clone),5,10,1.58,1.45,0,0,True,2,1,0.5
2026-03-06_19.19.59,120,sign-optimization-horizontal-vertical_scenario,625,249,3,-1,-2,90,90,15,1,69534,AdultMaleAgent(Clone),7,11,1.71,1.58,0,0,False,2,1,0.5
2026-03-06_19.19.59,120,sign-optimization-horizontal-vertical_scenario,625,249,3,-1,-2,90,90,15,1,69535,WheelchairAgent(Clone),6,12,1.3,1.17,0,0,False,2,0,0
2026-03-06_19.19.59,120,sign-optimization-horizontal-vertical_scenario,625,249,3,-1,-2,90,90,15,1,69536,AdultFemaleAgent(Clone),7,11,1.58,1.450001,0,0,False,2,0,0
2026-03-06_19.19.59,120,sign-optimization-horizontal-vertical_scenario,625,249,3,-1,-2,90,90,15,1,69537,AdultFemaleAgent(Clone),5,10,1.58,1.45,0,0,True,2,1,0.5
2026-03-06_19.19.59,120,sign-optimization-horizontal-vertical_scenario,625,249,3,-1,-2,90,90,15,1,69538,AdultMaleAgent(Clone),10,12,1.71,1.58,0,0,False,3,0,0
2026-03-06_19.19.59,120,sign-optimization-horizontal-vertical_scenario,625,249,3,-1,-2,90,90,15,1,69539,WheelchairAgent(Clone),10,12,1.3,1.17,0,0,False,3,0,0
2026-03-06_19.19.59,120,sign-optimization-horizontal-vertical_scenario,625,249,3,-1,-2,90,90,15,1,69540,AdultFemaleAgent(Clone),10,12,1.58,1.45,0,0,False,3,0,0
2026-03-06_19.19.59,120,sign-optimization-horizontal-vertical_scenario,625,249,3,-1,-2,90,90,15,1,69541,AdultMaleAgent(Clone),11,10,1.71,1.58,0,0,False,3,1,0.3333333
2026-03-06_19.19.59,120,sign-optimization-horizontal-vertical_scenario,625,249,3,-1,-2,90,90,15,1,69542,AdultFemaleAgent(Clone),10,12,1.58,1.45,0,0,False,3,0,0
2026-03-06_19.19.59,120,sign-optimization-horizontal-vertical_scenario,625,249,3,-1,-2,90,90,15,1,69543,AdultFemaleAgent(Clone),11,10,1.58,1.450001,0,0,False,3,1,0.3333333
2026-03-06_19.19.59,120,sign-optimization-horizontal-vertical_scenario,625,249,3,-1,-2,90,90,15,1,69544,WheelchairAgent(Clone),10,12,1.3,1.17,0,0,False,3,0,0
2026-03-06_19.19.59,120,sign-optimization-horizontal-vertical_scenario,625,249,3,-1,-2,90,90,15,1,69545,AdultMaleAgent(Clone),7,11,1.71,1.58,0,0,True,2,1,0.5
2026-03-06_19.19.59,120,sign-optimization-horizontal-vertical_scenario,625,249,3,-1,-2,90,90,15,1,69546,WheelchairAgent(Clone),11,10,1.3,1.17,0,0,False,3,0,0
2026-03-06_19.19.59,120,sign-optimization-horizontal-vertical_scenario,625,249,3,-1,-2,90,90,15,1,69547,WheelchairAgent(Clone),7,11,1.3,1.17,0,0,False,2,1,0.5
2026-03-06_19.19.59,120,sign-optimization-horizontal-vertical_scenario,625,249,3,-1,-2,90,90,15,1,69548,AdultMaleAgent(Clone),7,11,1.71,1.58,0,0,False,2,0,0
2026-03-06_19.19.59,120,sign-optimization-horizontal-vertical_scenario,625,249,3,-1,-2,90,90,15,1,69549,WheelchairAgent(Clone),10,12,1.3,1.17,0,0,False,3,0,0
2026-03-06_19.19.59,120,sign-optimization-horizontal-vertical_scenario,625,249,3,-1,-2,90,90,15,1,69550,WheelchairAgent(Clone),5,10,1.3,1.17,0,0,False,2,0,0
2026-03-06_19.19.59,120,sign-optimization-horizontal-vertical_scenario,625,249,3,-1,-2,90,90,15,1,69551,AdultMaleAgent(Clone),6,12,1.71,1.58,0,0,False,2,0,0
2026-03-06_19.19.59,120,sign-optimization-horizontal-vertical_scenario,625,249,3,-1,-2,90,90,15,1,69552,WheelchairAgent(Clone),5,10,1.3,1.17,0,0,True,2,1,0.5
2026-03-06_19.19.59,120,sign-optimization-horizontal-vertical_scenario,625,249,3,-1,-2,90,90,15,1,69553,AdultFemaleAgent(Clone),10,12,1.58,1.45,0,0,False,3,0,0
2026-03-06_19.19.59,120,sign-optimization-horizontal-vertical_scenario,625,249,3,-1,-2,90,90,15,1,69554,AdultFemaleAgent(Clone),7,11,1.58,1.450001,0,0,False,2,1,0.5
2026-03-06_19.19.59,120,sign-optimization-horizontal-vertical_scenario,625,249,3,-1,-2,90,90,15,1,69555,AdultMaleAgent(Clone),5,10,1.71,1.58,0,0,True,2,1,0.5
2026-03-06_19.19.59,120,sign-optimization-horizontal-vertical_scenario,625,249,3,-1,-2,90,90,15,1,69556,AdultMaleAgent(Clone),11,10,1.71,1.58,0,0,False,3,0,0
2026-03-06_19.19.59,120,sign-optimization-horizontal-vertical_scenario,625,249,3,-1,-2,90,90,15,1,69557,AdultFemaleAgent(Clone),5,10,1.58,1.45,0,0,True,2,1,0.5
2026-03-06_19.19.59,120,sign-optimization-horizontal-vertical_scenario,625,249,3,-1,-2,90,90,15,1,69558,AdultMaleAgent(Clone),11,10,1.71,1.58,0,0,False,3,1,0.3333333
2026-03-06_19.19.59,120,sign-optimization-horizontal-vertical_scenario,625,249,3,-1,-2,90,90,15,1,69559,WheelchairAgent(Clone),11,10,1.3,1.17,0,0,False,3,0,0
2026-03-06_19.19.59,120,sign-optimization-horizontal-vertical_scenario,625,249,3,-1,-2,90,90,15,1,69560,WheelchairAgent(Clone),6,12,1.3,1.17,0,0,False,2,0,0
2026-03-06_19.19.59,120,sign-optimization-horizontal-vertical_scenario,625,249,3,-1,-2,90,90,15,1,69561,AdultFemaleAgent(Clone),5,10,1.58,1.45,0,0,False,2,0,0
2026-03-06_19.19.59,120,sign-optimization-horizontal-vertical_scenario,625,249,3,-1,-2,90,90,15,1,69562,AdultMaleAgent(Clone),5,10,1.71,1.58,0,0,False,2,0,0
2026-03-06_19.19.59,120,sign-optimization-horizontal-vertical_scenario,625,249,3,-1,-2,90,90,15,1,69563,AdultMaleAgent(Clone),5,10,1.71,1.58,0,0,False,2,1,0.5
2026-03-06_19.19.59,120,sign-optimization-horizontal-vertical_scenario,625,249,3,-1,-2,90,90,15,1,69564,AdultMaleAgent(Clone),6,12,1.71,1.58,0,0,False,2,0,0
2026-03-06_19.19.59,120,sign-optimization-horizontal-vertical_scenario,625,249,3,-1,-2,90,90,15,1,69565,AdultMaleAgent(Clone),11,10,1.71,1.58,0,0,False,3,0,0
2026-03-06_19.19.59,120,sign-optimization-horizontal-vertical_scenario,625,249,3,-1,-2,90,90,15,1,69566,WheelchairAgent(Clone),6,12,1.3,1.17,0,0,False,2,0,0
2026-03-06_19.19.59,120,sign-optimization-horizontal-vertical_scenario,625,249,3,-1,-2,90,90,15,1,69567,AdultFemaleAgent(Clone),11,10,1.58,1.450001,0,0,False,3,1,0.3333333
2026-03-06_19.19.59,120,sign-optimization-horizontal-vertical_scenario,625,249,3,-1,-2,90,90,15,1,69568,WheelchairAgent(Clone),6,12,1.3,1.17,0,0,False,2,0,0
2026-03-06_19.19.59,120,sign-optimization-horizontal-vertical_scenario,625,249,3,-1,-2,90,90,15,1,69569,AdultFemaleAgent(Clone),7,11,1.58,1.450001,0,0,False,2,0,0
2026-03-06_19.19.59,120,sign-optimization-horizontal-vertical_scenario,625,249,3,-1,-2,90,90,15,1,69570,WheelchairAgent(Clone),11,10,1.3,1.17,0,0,True,3,1,0.3333333
2026-03-06_19.19.59,120,sign-optimization-horizontal-vertical_scenario,625,249,3,-1,-2,90,90,15,1,69571,AdultFemaleAgent(Clone),11,10,1.58,1.450001,0,0,False,3,0,0
2026-03-06_19.19.59,120,sign-optimization-horizontal-vertical_scenario,625,249,3,-1,-2,90,90,15,1,69572,WheelchairAgent(Clone),10,12,1.3,1.17,0,0,False,3,0,0
2026-03-06_19.19.59,120,sign-optimization-horizontal-vertical_scenario,625,249,3,-1,-2,90,90,15,1,69573,AdultFemaleAgent(Clone),5,10,1.58,1.45,0,0,False,2,0,0
2026-03-06_19.19.59,120,sign-optimization-horizontal-vertical_scenario,625,249,3,-1,-2,90,90,15,1,69574,AdultFemaleAgent(Clone),10,12,1.58,1.45,0,0,False,3,0,0
2026-03-06_19.19.59,120,sign-optimization-horizontal-vertical_scenario,625,249,3,-1,-2,90,90,15,1,69575,AdultMaleAgent(Clone),7,11,1.71,1.58,0,0,False,2,0,0
2026-03-06_19.19.59,120,sign-optimization-horizontal-vertical_scenario,625,249,3,-1,-2,90,90,15,1,69576,WheelchairAgent(Clone),6,12,1.3,1.17,0,0,False,2,0,0
2026-03-06_19.19.59,120,sign-optimization-horizontal-vertical_scenario,625,249,3,-1,-2,90,90,15,1,69577,WheelchairAgent(Clone),5,10,1.3,1.17,0,0,False,2,0,0
2026-03-06_19.19.59,120,sign-optimization-horizontal-vertical_scenario,625,249,3,-1,-2,90,90,15,1,69578,WheelchairAgent(Clone),6,12,1.3,1.17,0,0,False,2,0,0
2026-03-06_19.19.59,120,sign-optimization-horizontal-vertical_scenario,625,249,3,-1,-2,90,90,15,1,69579,AdultFemaleAgent(Clone),6,12,1.58,1.45,0,0,False,2,0,0
2026-03-06_19.19.59,120,sign-optimization-horizontal-vertical_scenario,625,249,3,-1,-2,90,90,15,1,69580,AdultMaleAgent(Clone),10,12,1.71,1.58,0,0,False,3,0,0
2026-03-06_19.19.59,120,sign-optimization-horizontal-vertical_scenario,625,249,3,-1,-2,90,90,15,1,69581,WheelchairAgent(Clone),11,10,1.3,1.17,0,0,False,3,0,0
2026-03-06_19.19.59,120,sign-optimization-horizontal-vertical_scenario,625,249,3,-1,-2,90,90,15,1,69582,AdultFemaleAgent(Clone),5,10,1.58,1.45,0,0,False,2,0,0
2026-03-06_19.19.59,120,sign-optimization-horizontal-vertical_scenario,625,249,3,-1,-2,90,90,15,1,69583,AdultMaleAgent(Clone),11,10,1.71,1.58,0,0,False,3,0,0
2026-03-06_19.19.59,120,sign-optimization-horizontal-vertical_scenario,625,249,3,-1,-2,90,90,15,1,69584,WheelchairAgent(Clone),7,11,1.3,1.17,0,0,False,2,0,0
2026-03-06_19.19.59,120,sign-optimization-horizontal-vertical_scenario,625,249,3,-1,-2,90,90,15,1,69585,AdultFemaleAgent(Clone),7,11,1.58,1.450001,0,0,False,2,0,0
2026-03-06_19.19.59,120,sign-optimization-horizontal-vertical_scenario,625,249,3,-1,-2,90,90,15,1,69586,AdultMaleAgent(Clone),6,12,1.71,1.58,0,0,False,2,0,0
2026-03-06_19.19.59,120,sign-optimization-horizontal-vertical_scenario,625,249,3,-1,-2,90,90,15,1,69587,WheelchairAgent(Clone),7,11,1.3,1.17,0,0,False,2,0,0
2026-03-06_19.19.59,120,sign-optimization-horizontal-vertical_scenario,625,249,3,-1,-2,90,90,15,1,69588,AdultMaleAgent(Clone),6,12,1.71,1.58,0,0,False,2,0,0
2026-03-06_19.19.59,120,sign-optimization-horizontal-vertical_scenario,625,249,3,-1,-2,90,90,15,1,69589,AdultFemaleAgent(Clone),7,11,1.58,1.450001,0,0,False,2,0,0
2026-03-06_19.19.59,120,sign-optimization-horizontal-vertical_scenario,625,249,3,-1,-2,90,90,15,1,69590,WheelchairAgent(Clone),7,11,1.3,1.17,0,0,False,2,0,0
2026-03-06_19.19.59,120,sign-optimization-horizontal-vertical_scenario,625,249,3,-1,-2,90,90,15,1,69591,AdultMaleAgent(Clone),6,12,1.71,1.58,0,0,False,2,0,0
2026-03-06_19.19.59,120,sign-optimization-horizontal-vertical_scenario,625,249,3,-1,-2,90,90,15,1,69592,WheelchairAgent(Clone),5,10,1.3,1.17,0,0,False,2,0,0
2026-03-06_19.19.59,120,sign-optimization-horizontal-vertical_scenario,625,249,3,-1,-2,90,90,15,1,69593,AdultMaleAgent(Clone),5,10,1.71,1.58,0,0,False,2,0,0
2026-03-06_19.19.59,120,sign-optimization-horizontal-vertical_scenario,625,249,3,-1,-2,90,90,15,1,69594,WheelchairAgent(Clone),10,12,1.3,1.17,0,0,False,3,0,0
2026-03-06_19.19.59,120,sign-optimization-horizontal-vertical_scenario,625,249,3,-1,-2,90,90,15,1,69595,WheelchairAgent(Clone),7,11,1.3,1.17,0,0,False,2,0,0
2026-03-06_19.19.59,120,sign-optimization-horizontal-vertical_scenario,625,249,3,-1,-2,90,90,15,1,69596,AdultMaleAgent(Clone),10,12,1.71,1.58,0,0,False,3,0,0
2026-03-06_19.19.59,120,sign-optimization-horizontal-vertical_scenario,625,249,3,-1,-2,90,90,15,1,69597,AdultFemaleAgent(Clone),6,12,1.58,1.45,0,0,False,2,0,0
2026-03-06_19.19.59,120,sign-optimization-horizontal-vertical_scenario,625,249,3,-1,-2,90,90,15,1,69598,WheelchairAgent(Clone),11,10,1.3,1.17,0,0,False,3,0,0
2026-03-06_19.19.59,120,sign-optimization-horizontal-vertical_scenario,625,249,3,-1,-2,90,90,15,1,69599,AdultFemaleAgent(Clone),5,10,1.58,1.45,0,0,False,2,0,0
2026-03-06_19.19.59,120,sign-optimization-horizontal-vertical_scenario,625,249,3,-1,-2,90,90,15,1,69600,AdultFemaleAgent(Clone),10,12,1.58,1.45,0,0,False,3,0,0
2026-03-06_19.19.59,120,sign-optimization-horizontal-vertical_scenario,625,249,3,-1,-2,90,90,15,1,69601,WheelchairAgent(Clone),11,10,1.3,1.17,0,0,False,3,0,0
2026-03-06_19.19.59,120,sign-optimization-horizontal-vertical_scenario,625,249,3,-1,-2,90,90,15,1,69602,AdultMaleAgent(Clone),7,11,1.71,1.58,0,0,False,2,0,0
2026-03-06_19.19.59,120,sign-optimization-horizontal-vertical_scenario,625,249,3,-1,-2,90,90,15,1,69603,WheelchairAgent(Clone),6,12,1.3,1.17,0,0,False,2,0,0
2026-03-06_19.19.59,120,sign-optimization-horizontal-vertical_scenario,625,249,3,-1,-2,90,90,15,1,69604,AdultFemaleAgent(Clone),10,12,1.58,1.45,0,0,False,3,0,0
2026-03-06_19.19.59,120,sign-optimization-horizontal-vertical_scenario,625,249,3,-1,-2,90,90,15,1,69605,AdultMaleAgent(Clone),6,12,1.71,1.58,0,0,False,2,0,0
2026-03-06_19.19.59,120,sign-optimization-horizontal-vertical_scenario,625,249,3,-1,-2,90,90,15,1,69606,WheelchairAgent(Clone),7,11,1.3,1.17,0,0,False,2,0,0
2026-03-06_19.19.59,120,sign-optimization-horizontal-vertical_scenario,625,249,3,-1,-2,90,90,15,1,69607,AdultFemaleAgent(Clone),10,12,1.58,1.45,0,0,False,3,0,0
2026-03-06_19.19.59,120,sign-optimization-horizontal-vertical_scenario,625,249,3,-1,-2,90,90,15,1,69608,WheelchairAgent(Clone),5,10,1.3,1.17,0,0,False,2,0,0
2026-03-06_19.19.59,120,sign-optimization-horizontal-vertical_scenario,625,249,3,-1,-2,90,90,15,1,69609,AdultFemaleAgent(Clone),6,12,1.58,1.45,0,0,False,2,0,0
2026-03-06_19.19.59,120,sign-optimization-horizontal-vertical_scenario,625,249,3,-1,-2,90,90,15,1,69610,AdultMaleAgent(Clone),10,12,1.71,1.58,0,0,False,3,0,0
2026-03-06_19.19.59,120,sign-optimization-horizontal-vertical_scenario,625,249,3,-1,-2,90,90,15,1,69611,AdultFemaleAgent(Clone),5,10,1.58,1.45,0,0,False,2,0,0
2026-03-06_19.19.59,120,sign-optimization-horizontal-vertical_scenario,625,249,3,-1,-2,90,90,15,1,69612,AdultFemaleAgent(Clone),7,11,1.58,1.450001,0,0,False,2,0,0
2026-03-06_19.19.59,120,sign-optimization-horizontal-vertical_scenario,625,249,3,-1,-2,90,90,15,1,69613,AdultFemaleAgent(Clone),11,10,1.58,1.450001,0,0,False,3,0,0
2026-03-06_19.19.59,120,sign-optimization-horizontal-vertical_scenario,625,249,3,-1,-2,90,90,15,1,69614,AdultFemaleAgent(Clone),10,12,1.58,1.45,0,0,False,3,0,0
2026-03-06_19.19.59,120,sign-optimization-horizontal-vertical_scenario,625,249,3,-1,-2,90,90,15,1,69615,AdultMaleAgent(Clone),5,10,1.71,1.58,0,0,False,2,0,0
2026-03-06_19.19.59,120,sign-optimization-horizontal-vertical_scenario,625,249,3,-1,-2,90,90,15,1,69616,AdultMaleAgent(Clone),11,10,1.71,1.58,0,0,False,3,0,0
2026-03-06_19.19.59,120,sign-optimization-horizontal-vertical_scenario,625,249,3,-1,-2,90,90,15,1,69617,AdultFemaleAgent(Clone),7,11,1.58,1.450001,0,0,False,2,0,0
2026-03-06_19.19.59,120,sign-optimization-horizontal-vertical_scenario,625,249,3,-1,-2,90,90,15,1,69618,AdultMaleAgent(Clone),11,10,1.71,1.58,0,0,False,3,0,0
2026-03-06_19.19.59,120,sign-optimization-horizontal-vertical_scenario,625,249,3,-1,-2,90,90,15,1,69619,WheelchairAgent(Clone),7,11,1.3,1.17,0,0,False,2,0,0
2026-03-06_19.19.59,120,sign-optimization-horizontal-vertical_scenario,625,249,3,-1,-2,90,90,15,1,69620,AdultMaleAgent(Clone),10,12,1.71,1.58,0,0,False,3,0,0
2026-03-06_19.19.59,120,sign-optimization-horizontal-vertical_scenario,625,249,3,-1,-2,90,90,15,1,69621,WheelchairAgent(Clone),6,12,1.3,1.17,0,0,False,2,0,0
2026-03-06_19.19.59,120,sign-optimization-horizontal-vertical_scenario,625,249,3,-1,-2,90,90,15,1,69622,WheelchairAgent(Clone),7,11,1.3,1.17,0,0,False,2,0,0
2026-03-06_19.19.59,120,sign-optimization-horizontal-vertical_scenario,625,249,3,-1,-2,90,90,15,1,69623,AdultFemaleAgent(Clone),7,11,1.58,1.450001,0,0,False,2,0,0
2026-03-06_19.19.59,120,sign-optimization-horizontal-vertical_scenario,625,249,3,-1,-2,90,90,15,1,69624,AdultMaleAgent(Clone),10,12,1.71,1.58,0,0,False,3,0,0
2026-03-06_19.19.59,120,sign-optimization-horizontal-vertical_scenario,625,249,3,-1,-2,90,90,15,1,69625,WheelchairAgent(Clone),5,10,1.3,1.17,0,0,False,2,0,0
2026-03-06_19.19.59,120,sign-optimization-horizontal-vertical_scenario,625,249,3,-1,-2,90,90,15,1,69626,AdultFemaleAgent(Clone),11,10,1.58,1.450001,0,0,False,3,0,0
2026-03-06_19.19.59,120,sign-optimization-horizontal-vertical_scenario,625,249,3,-1,-2,90,90,15,1,69627,WheelchairAgent(Clone),5,10,1.3,1.17,0,0,False,2,0,0
2026-03-06_19.19.59,120,sign-optimization-horizontal-vertical_scenario,625,249,3,-1,-2,90,90,15,1,69628,WheelchairAgent(Clone),10,12,1.3,1.17,0,0,False,3,0,0
2026-03-06_19.19.59,120,sign-optimization-horizontal-vertical_scenario,625,249,3,-1,-2,90,90,15,1,69629,AdultFemaleAgent(Clone),7,11,1.58,1.450001,0,0,False,2,0,0
2026-03-06_19.19.59,120,sign-optimization-horizontal-vertical_scenario,625,249,3,-1,-2,90,90,15,1,69630,WheelchairAgent(Clone),6,12,1.3,1.17,0,0,False,2,0,0
2026-03-06_19.19.59,120,sign-optimization-horizontal-vertical_scenario,625,249,3,-1,-2,90,90,15,1,69631,AdultMaleAgent(Clone),10,12,1.71,1.58,0,0,False,3,0,0
2026-03-06_19.19.59,120,sign-optimization-horizontal-vertical_scenario,625,249,3,-1,-2,90,90,15,1,69632,AdultMaleAgent(Clone),7,11,1.71,1.58,0,0,False,2,0,0
2026-03-06_19.19.59,120,sign-optimization-horizontal-vertical_scenario,625,249,3,-1,-2,90,90,15,1,69633,AdultMaleAgent(Clone),11,10,1.71,1.58,0,0,False,3,0,0
2026-03-06_19.19.59,120,sign-optimization-horizontal-vertical_scenario,625,249,3,-1,-2,90,90,15,1,69634,AdultMaleAgent(Clone),10,12,1.71,1.58,0,0,False,3,0,0
2026-03-06_19.19.59,120,sign-optimization-horizontal-vertical_scenario,625,249,3,-1,-2,90,90,15,1,69635,AdultFemaleAgent(Clone),11,10,1.58,1.450001,0,0,False,3,0,0
2026-03-06_19.19.59,120,sign-optimization-horizontal-vertical_scenario,625,249,3,-1,-2,90,90,15,1,69636,WheelchairAgent(Clone),10,12,1.3,1.17,0,0,False,3,0,0
2026-03-06_19.19.59,120,sign-optimization-horizontal-vertical_scenario,625,249,3,-1,-2,90,90,15,1,69637,AdultFemaleAgent(Clone),7,11,1.58,1.450001,0,0,False,2,0,0
2026-03-06_19.19.59,120,sign-optimization-horizontal-vertical_scenario,625,249,3,-1,-2,90,90,15,1,69638,WheelchairAgent(Clone),5,10,1.3,1.17,0,0,False,2,0,0
2026-03-06_19.19.59,120,sign-optimization-horizontal-vertical_scenario,625,249,3,-1,-2,90,90,15,1,69639,AdultMaleAgent(Clone),10,12,1.71,1.58,0,0,False,3,0,0
2026-03-06_19.19.59,120,sign-optimization-horizontal-vertical_scenario,625,249,3,-1,-2,90,90,15,1,69640,WheelchairAgent(Clone),7,11,1.3,1.17,0,0,False,2,0,0
2026-03-06_19.19.59,120,sign-optimization-horizontal-vertical_scenario,625,249,3,-1,-2,90,90,15,1,69641,AdultMaleAgent(Clone),7,11,1.71,1.58,0,0,False,2,0,0
2026-03-06_19.19.59,120,sign-optimization-horizontal-vertical_scenario,625,249,3,-1,-2,90,90,15,1,69642,WheelchairAgent(Clone),5,10,1.3,1.17,0,0,False,2,0,0
2026-03-06_19.19.59,120,sign-optimization-horizontal-vertical_scenario,625,249,3,-1,-2,90,90,15,1,69643,AdultFemaleAgent(Clone),7,11,1.58,1.450001,0,0,False,2,0,0
2026-03-06_19.19.59,120,sign-optimization-horizontal-vertical_scenario,625,249,3,-1,-2,90,90,15,1,69644,WheelchairAgent(Clone),6,12,1.3,1.17,0,0,False,2,0,0
2026-03-06_19.19.59,120,sign-optimization-horizontal-vertical_scenario,625,249,3,-1,-2,90,90,15,1,69645,AdultMaleAgent(Clone),10,12,1.71,1.58,0,0,False,3,0,0
2026-03-06_19.19.59,120,sign-optimization-horizontal-vertical_scenario,625,249,3,-1,-2,90,90,15,1,69646,WheelchairAgent(Clone),5,10,1.3,1.17,0,0,False,2,0,0
2026-03-06_19.19.59,120,sign-optimization-horizontal-vertical_scenario,625,249,3,-1,-2,90,90,15,1,69647,AdultMaleAgent(Clone),6,12,1.71,1.58,0,0,False,2,0,0
2026-03-06_19.19.59,120,sign-optimization-horizontal-vertical_scenario,625,249,3,-1,-2,90,90,15,1,69648,WheelchairAgent(Clone),11,10,1.3,1.17,0,0,False,3,0,0
2026-03-06_19.19.59,120,sign-optimization-horizontal-vertical_scenario,625,249,3,-1,-2,90,90,15,1,69649,AdultFemaleAgent(Clone),5,10,1.58,1.45,0,0,False,2,0,0
2026-03-06_19.19.59,120,sign-optimization-horizontal-vertical_scenario,625,249,3,-1,-2,90,90,15,1,69650,AdultMaleAgent(Clone),10,12,1.71,1.58,0,0,False,3,0,0
2026-03-06_19.19.59,120,sign-optimization-horizontal-vertical_scenario,625,249,3,-1,-2,90,90,15,1,69651,WheelchairAgent(Clone),11,10,1.3,1.17,0,0,False,3,0,0
2026-03-06_19.19.59,120,sign-optimization-horizontal-vertical_scenario,625,249,3,-1,-2,90,90,15,1,69652,WheelchairAgent(Clone),11,10,1.3,1.17,0,0,False,3,0,0
2026-03-06_19.19.59,120,sign-optimization-horizontal-vertical_scenario,625,249,3,-1,-2,90,90,15,1,69653,AdultMaleAgent(Clone),10,12,1.71,1.58,0,0,False,3,0,0
2026-03-06_19.19.59,120,sign-optimization-horizontal-vertical_scenario,625,249,3,-1,-2,90,90,15,1,69654,AdultFemaleAgent(Clone),10,12,1.58,1.45,0,0,False,3,0,0
2026-03-06_19.19.59,120,sign-optimization-horizontal-vertical_scenario,625,249,3,-1,-2,90,90,15,1,69655,AdultMaleAgent(Clone),10,12,1.71,1.58,0,0,False,3,0,0
2026-03-06_19.19.59,120,sign-optimization-horizontal-vertical_scenario,625,249,3,-1,-2,90,90,15,1,69656,AdultFemaleAgent(Clone),7,11,1.58,1.450001,0,0,False,2,0,0
2026-03-06_19.19.59,120,sign-optimization-horizontal-vertical_scenario,625,249,3,-1,-2,90,90,15,1,69657,AdultFemaleAgent(Clone),6,12,1.58,1.45,0,0,False,2,0,0
2026-03-06_19.19.59,120,sign-optimization-horizontal-vertical_scenario,625,249,3,-1,-2,90,90,15,1,69658,WheelchairAgent(Clone),7,11,1.3,1.17,0,0,False,2,0,0
2026-03-06_19.19.59,120,sign-optimization-horizontal-vertical_scenario,625,249,3,-1,-2,90,90,15,1,69659,WheelchairAgent(Clone),6,12,1.3,1.17,0,0,False,2,0,0
2026-03-06_19.19.59,120,sign-optimization-horizontal-vertical_scenario,625,249,3,-1,-2,90,90,15,1,69660,AdultMaleAgent(Clone),10,12,1.71,1.58,0,0,False,3,0,0
2026-03-06_19.19.59,120,sign-optimization-horizontal-vertical_scenario,625,249,3,-1,-2,90,90,15,1,69661,WheelchairAgent(Clone),7,11,1.3,1.17,0,0,False,2,0,0
2026-03-06_19.19.59,120,sign-optimization-horizontal-vertical_scenario,625,249,3,-1,-2,90,90,15,1,69662,AdultMaleAgent(Clone),5,10,1.71,1.58,0,0,False,2,0,0
2026-03-06_19.19.59,120,sign-optimization-horizontal-vertical_scenario,625,249,3,-1,-2,90,90,15,1,69663,AdultMaleAgent(Clone),11,10,1.71,1.58,0,0,False,3,0,0
2026-03-06_19.19.59,120,sign-optimization-horizontal-vertical_scenario,625,249,3,-1,-2,90,90,15,1,69664,AdultMaleAgent(Clone),5,10,1.71,1.58,0,0,False,2,0,0
2026-03-06_19.19.59,120,sign-optimization-horizontal-vertical_scenario,625,249,3,-1,-2,90,90,15,1,69665,WheelchairAgent(Clone),11,10,1.3,1.17,0,0,False,3,0,0
2026-03-06_19.19.59,120,sign-optimization-horizontal-vertical_scenario,625,249,3,-1,-2,90,90,15,1,69666,AdultMaleAgent(Clone),11,10,1.71,1.58,0,0,False,3,0,0
2026-03-06_19.19.59,120,sign-optimization-horizontal-vertical_scenario,625,249,3,-1,-2,90,90,15,1,69667,AdultFemaleAgent(Clone),6,12,1.58,1.45,0,0,False,2,0,0
2026-03-06_19.19.59,120,sign-optimization-horizontal-vertical_scenario,625,249,3,-1,-2,90,90,15,1,69668,WheelchairAgent(Clone),6,12,1.3,1.17,0,0,False,2,0,0
2026-03-06_19.19.59,120,sign-optimization-horizontal-vertical_scenario,625,249,3,-1,-2,90,90,15,1,69669,WheelchairAgent(Clone),11,10,1.3,1.17,0,0,False,3,0,0
2026-03-06_19.19.59,120,sign-optimization-horizontal-vertical_scenario,625,249,3,-1,-2,90,90,15,1,69670,WheelchairAgent(Clone),11,10,1.3,1.17,0,0,False,3,0,0
2026-03-06_19.19.59,120,sign-optimization-horizontal-vertical_scenario,625,249,3,-1,-2,90,90,15,1,69671,AdultFemaleAgent(Clone),7,11,1.58,1.450001,0,0,False,2,0,0
2026-03-06_19.19.59,120,sign-optimization-horizontal-vertical_scenario,625,249,3,-1,-2,90,90,15,1,69672,AdultFemaleAgent(Clone),10,12,1.58,1.45,0,0,False,3,0,0
2026-03-06_19.19.59,120,sign-optimization-horizontal-vertical_scenario,625,249,3,-1,-2,90,90,15,1,69673,WheelchairAgent(Clone),11,10,1.3,1.17,0,0,False,3,0,0
2026-03-06_19.19.59,120,sign-optimization-horizontal-vertical_scenario,625,249,3,-1,-2,90,90,15,1,69674,AdultMaleAgent(Clone),10,12,1.71,1.58,0,0,False,3,0,0
2026-03-06_19.19.59,120,sign-optimization-horizontal-vertical_scenario,625,249,3,-1,-2,90,90,15,1,69675,AdultMaleAgent(Clone),5,10,1.71,1.58,0,0,False,2,0,0
