Timestamp,RunIndex,ScenarioID,TotalAgents,VisibleSignCount,SignHeight,SignPositionX,SignPositionZ,SignOrientation,VcaAngle,VcaDistance,SignComprehensionTime,AgentID,AgentType,StartNode,GoalNode,Height,EyeHeight,TimeInVCA,TimesInVCA,SawSign,TotalNodesNavigated,NodesWithDetection,RDEffective
2026-03-06_23.03.47,33,sign-optimization-horizontal-vertical_scenario,634,189,3,2,-7,0,90,15,1,18734,AdultFemaleAgent(Clone),6,12,1.58,1.45,7.715576,1,True,2,1,0.5
2026-03-06_23.03.47,33,sign-optimization-horizontal-vertical_scenario,634,189,3,2,-7,0,90,15,1,18735,AdultFemaleAgent(Clone),10,12,1.58,1.45,8.57605,1,True,3,2,0.6666667
2026-03-06_23.03.47,33,sign-optimization-horizontal-vertical_scenario,634,189,3,2,-7,0,90,15,1,18736,AdultMaleAgent(Clone),7,11,1.71,1.58,0,0,False,2,0,0
2026-03-06_23.03.47,33,sign-optimization-horizontal-vertical_scenario,634,189,3,2,-7,0,90,15,1,18737,WheelchairAgent(Clone),7,11,1.3,1.17,0,0,False,2,0,0
2026-03-06_23.03.47,33,sign-optimization-horizontal-vertical_scenario,634,189,3,2,-7,0,90,15,1,18738,AdultMaleAgent(Clone),7,11,1.71,1.58,0,0,False,2,0,0
2026-03-06_23.03.47,33,sign-optimization-horizontal-vertical_scenario,634,189,3,2,-7,0,90,15,1,18739,AdultFemaleAgent(Clone),6,12,1.58,1.45,8.165405,1,True,2,1,0.5
2026-03-06_23.03.47,33,sign-optimization-horizontal-vertical_scenario,634,189,3,2,-7,0,90,15,1,18740,AdultMaleAgent(Clone),5,10,1.71,1.58,0,0,False,2,0,0
2026-03-06_23.03.47,33,sign-optimization-horizontal-vertical_scenario,634,189,3,2,-7,0,90,15,1,18741,AdultFemaleAgent(Clone),10,12,1.58,1.45,8.034546,1,True,3,2,0.6666667
2026-03-06_23.03.47,33,sign-optimization-horizontal-vertical_scenario,634,189,3,2,-7,0,90,15,1,18742,AdultFemaleAgent(Clone),5,10,1.58,1.45,0,0,False,2,0,0
2026-03-06_23.03.47,33,sign-optimization-horizontal-vertical_scenario,634,189,3,2,-7,0,90,15,1,18743,AdultMaleAgent(Clone),6,12,1.71,1.58,8.064819,2,True,2,1,0.5
2026-03-06_23.03.47,33,sign-optimization-horizontal-vertical_scenario,634,189,3,2,-7,0,90,15,1,18744,AdultFemaleAgent(Clone),10,12,1.58,1.45,12.6748,1,True,3,1,0.3333333
2026-03-06_23.03.47,33,sign-optimization-horizontal-vertical_scenario,634,189,3,2,-7,0,90,15,1,18745,AdultMaleAgent(Clone),10,12,1.71,1.58,8.010254,2,True,3,1,0.3333333
2026-03-06_23.03.47,33,sign-optimization-horizontal-vertical_scenario,634,189,3,2,-7,0,90,15,1,18746,WheelchairAgent(Clone),11,10,1.3,1.17,7.821777,1,False,3,0,0
2026-03-06_23.03.47,33,sign-optimization-horizontal-vertical_scenario,634,189,3,2,-7,0,90,15,1,18747,WheelchairAgent(Clone),5,10,1.3,1.17,0,0,False,2,0,0
2026-03-06_23.03.47,33,sign-optimization-horizontal-vertical_scenario,634,189,3,2,-7,0,90,15,1,18748,WheelchairAgent(Clone),10,12,1.3,1.17,9.368652,1,True,3,1,0.3333333
2026-03-06_23.03.47,33,sign-optimization-horizontal-vertical_scenario,634,189,3,2,-7,0,90,15,1,18749,AdultMaleAgent(Clone),7,11,1.71,1.58,0,0,False,2,0,0
2026-03-06_23.03.47,33,sign-optimization-horizontal-vertical_scenario,634,189,3,2,-7,0,90,15,1,18750,WheelchairAgent(Clone),10,12,1.3,1.17,8.093018,1,True,3,1,0.3333333
2026-03-06_23.03.47,33,sign-optimization-horizontal-vertical_scenario,634,189,3,2,-7,0,90,15,1,18751,AdultFemaleAgent(Clone),10,12,1.58,1.45,9.958496,1,True,3,1,0.3333333
2026-03-06_23.03.47,33,sign-optimization-horizontal-vertical_scenario,634,189,3,2,-7,0,90,15,1,18752,WheelchairAgent(Clone),6,12,1.3,1.17,10.04492,1,True,2,1,0.5
2026-03-06_23.03.47,33,sign-optimization-horizontal-vertical_scenario,634,189,3,2,-7,0,90,15,1,18753,AdultMaleAgent(Clone),10,12,1.71,1.58,7.767334,1,True,3,1,0.3333333
2026-03-06_23.03.47,33,sign-optimization-horizontal-vertical_scenario,634,189,3,2,-7,0,90,15,1,18754,AdultMaleAgent(Clone),10,12,1.71,1.58,8.547485,1,True,3,1,0.3333333
2026-03-06_23.03.47,33,sign-optimization-horizontal-vertical_scenario,634,189,3,2,-7,0,90,15,1,18755,AdultMaleAgent(Clone),5,10,1.71,1.58,0,0,False,2,0,0
2026-03-06_23.03.47,33,sign-optimization-horizontal-vertical_scenario,634,189,3,2,-7,0,90,15,1,18756,AdultFemaleAgent(Clone),7,11,1.58,1.450001,0,0,False,2,0,0
2026-03-06_23.03.47,33,sign-optimization-horizontal-vertical_scenario,634,189,3,2,-7,0,90,15,1,18757,WheelchairAgent(Clone),6,12,1.3,1.17,9.357056,1,True,2,1,0.5
2026-03-06_23.03.47,33,sign-optimization-horizontal-vertical_scenario,634,189,3,2,-7,0,90,15,1,18758,AdultFemaleAgent(Clone),6,12,1.58,1.45,9.412842,2,True,2,1,0.5
2026-03-06_23.03.47,33,sign-optimization-horizontal-vertical_scenario,634,189,3,2,-7,0,90,15,1,18759,AdultMaleAgent(Clone),6,12,1.71,1.58,7.776733,2,True,2,1,0.5
2026-03-06_23.03.47,33,sign-optimization-horizontal-vertical_scenario,634,189,3,2,-7,0,90,15,1,18760,AdultMaleAgent(Clone),11,10,1.71,1.58,8.623535,1,False,3,0,0
2026-03-06_23.03.47,33,sign-optimization-horizontal-vertical_scenario,634,189,3,2,-7,0,90,15,1,18761,AdultMaleAgent(Clone),5,10,1.71,1.58,0,0,False,2,0,0
2026-03-06_23.03.47,33,sign-optimization-horizontal-vertical_scenario,634,189,3,2,-7,0,90,15,1,18762,WheelchairAgent(Clone),6,12,1.3,1.17,8.257568,2,True,2,1,0.5
2026-03-06_23.03.47,33,sign-optimization-horizontal-vertical_scenario,634,189,3,2,-7,0,90,15,1,18763,AdultMaleAgent(Clone),7,11,1.71,1.58,1.644043,1,False,2,0,0
2026-03-06_23.03.47,33,sign-optimization-horizontal-vertical_scenario,634,189,3,2,-7,0,90,15,1,18764,WheelchairAgent(Clone),10,12,1.3,1.17,11.10254,1,True,3,1,0.3333333
2026-03-06_23.03.47,33,sign-optimization-horizontal-vertical_scenario,634,189,3,2,-7,0,90,15,1,18765,AdultFemaleAgent(Clone),10,12,1.58,1.45,17.69836,1,True,3,1,0.3333333
2026-03-06_23.03.47,33,sign-optimization-horizontal-vertical_scenario,634,189,3,2,-7,0,90,15,1,18766,WheelchairAgent(Clone),7,11,1.3,1.17,0,0,False,2,0,0
2026-03-06_23.03.47,33,sign-optimization-horizontal-vertical_scenario,634,189,3,2,-7,0,90,15,1,18767,AdultFemaleAgent(Clone),5,10,1.58,1.45,0,0,False,2,0,0
2026-03-06_23.03.47,33,sign-optimization-horizontal-vertical_scenario,634,189,3,2,-7,0,90,15,1,18768,WheelchairAgent(Clone),11,10,1.3,1.17,9.227295,1,False,3,0,0
2026-03-06_23.03.47,33,sign-optimization-horizontal-vertical_scenario,634,189,3,2,-7,0,90,15,1,18769,AdultMaleAgent(Clone),6,12,1.71,1.58,9.057861,2,True,2,1,0.5
2026-03-06_23.03.47,33,sign-optimization-horizontal-vertical_scenario,634,189,3,2,-7,0,90,15,1,18770,AdultFemaleAgent(Clone),7,11,1.58,1.450001,0,0,False,2,0,0
2026-03-06_23.03.47,33,sign-optimization-horizontal-vertical_scenario,634,189,3,2,-7,0,90,15,1,18771,AdultMaleAgent(Clone),5,10,1.71,1.58,0,0,False,2,0,0
2026-03-06_23.03.47,33,sign-optimization-horizontal-vertical_scenario,634,189,3,2,-7,0,90,15,1,18772,AdultFemaleAgent(Clone),7,11,1.58,1.450001,0,0,False,2,0,0
2026-03-06_23.03.47,33,sign-optimization-horizontal-vertical_scenario,634,189,3,2,-7,0,90,15,1,18773,WheelchairAgent(Clone),6,12,1.3,1.17,8.028564,2,True,2,1,0.5
2026-03-06_23.03.47,33,sign-optimization-horizontal-vertical_scenario,634,189,3,2,-7,0,90,15,1,18774,AdultMaleAgent(Clone),5,10,1.71,1.58,0,0,False,2,0,0
2026-03-06_23.03.47,33,sign-optimization-horizontal-vertical_scenario,634,189,3,2,-7,0,90,15,1,18775,AdultMaleAgent(Clone),10,12,1.71,1.58,12.21289,1,True,3,1,0.3333333
2026-03-06_23.03.47,33,sign-optimization-horizontal-vertical_scenario,634,189,3,2,-7,0,90,15,1,18776,WheelchairAgent(Clone),7,11,1.3,1.17,0,0,False,2,0,0
2026-03-06_23.03.47,33,sign-optimization-horizontal-vertical_scenario,634,189,3,2,-7,0,90,15,1,18777,AdultFemaleAgent(Clone),10,12,1.58,1.45,9.193481,1,True,3,1,0.3333333
2026-03-06_23.03.47,33,sign-optimization-horizontal-vertical_scenario,634,189,3,2,-7,0,90,15,1,18778,AdultMaleAgent(Clone),7,11,1.71,1.58,0,0,False,2,0,0
2026-03-06_23.03.47,33,sign-optimization-horizontal-vertical_scenario,634,189,3,2,-7,0,90,15,1,18779,AdultMaleAgent(Clone),6,12,1.71,1.58,9.699585,2,True,2,1,0.5
2026-03-06_23.03.47,33,sign-optimization-horizontal-vertical_scenario,634,189,3,2,-7,0,90,15,1,18780,AdultFemaleAgent(Clone),10,12,1.58,1.45,14.11414,1,True,3,1,0.3333333
2026-03-06_23.03.47,33,sign-optimization-horizontal-vertical_scenario,634,189,3,2,-7,0,90,15,1,18781,AdultFemaleAgent(Clone),10,12,1.58,1.45,12.29822,1,True,3,1,0.3333333
2026-03-06_23.03.47,33,sign-optimization-horizontal-vertical_scenario,634,189,3,2,-7,0,90,15,1,18782,WheelchairAgent(Clone),5,10,1.3,1.17,0,0,False,2,0,0
2026-03-06_23.03.47,33,sign-optimization-horizontal-vertical_scenario,634,189,3,2,-7,0,90,15,1,18783,AdultMaleAgent(Clone),7,11,1.71,1.58,1.258301,1,False,2,0,0
2026-03-06_23.03.47,33,sign-optimization-horizontal-vertical_scenario,634,189,3,2,-7,0,90,15,1,18784,AdultMaleAgent(Clone),10,12,1.71,1.58,8.933594,2,True,3,1,0.3333333
2026-03-06_23.03.47,33,sign-optimization-horizontal-vertical_scenario,634,189,3,2,-7,0,90,15,1,18785,WheelchairAgent(Clone),11,10,1.3,1.17,6.961182,1,False,3,0,0
2026-03-06_23.03.47,33,sign-optimization-horizontal-vertical_scenario,634,189,3,2,-7,0,90,15,1,18786,AdultFemaleAgent(Clone),10,12,1.58,1.45,10.49768,1,True,3,1,0.3333333
2026-03-06_23.03.47,33,sign-optimization-horizontal-vertical_scenario,634,189,3,2,-7,0,90,15,1,18787,AdultFemaleAgent(Clone),10,12,1.58,1.45,9.829834,1,True,3,1,0.3333333
2026-03-06_23.03.47,33,sign-optimization-horizontal-vertical_scenario,634,189,3,2,-7,0,90,15,1,18788,AdultFemaleAgent(Clone),5,10,1.58,1.45,0,0,False,2,0,0
2026-03-06_23.03.47,33,sign-optimization-horizontal-vertical_scenario,634,189,3,2,-7,0,90,15,1,18789,AdultMaleAgent(Clone),5,10,1.71,1.58,0,0,False,2,0,0
2026-03-06_23.03.47,33,sign-optimization-horizontal-vertical_scenario,634,189,3,2,-7,0,90,15,1,18790,WheelchairAgent(Clone),11,10,1.3,1.17,8.848999,1,False,3,0,0
2026-03-06_23.03.47,33,sign-optimization-horizontal-vertical_scenario,634,189,3,2,-7,0,90,15,1,18791,AdultMaleAgent(Clone),6,12,1.71,1.58,9.766602,2,True,2,1,0.5
2026-03-06_23.03.47,33,sign-optimization-horizontal-vertical_scenario,634,189,3,2,-7,0,90,15,1,18792,WheelchairAgent(Clone),6,12,1.3,1.17,8.42041,2,True,2,1,0.5
2026-03-06_23.03.47,33,sign-optimization-horizontal-vertical_scenario,634,189,3,2,-7,0,90,15,1,18793,AdultMaleAgent(Clone),6,12,1.71,1.58,9.770142,2,True,2,1,0.5
2026-03-06_23.03.47,33,sign-optimization-horizontal-vertical_scenario,634,189,3,2,-7,0,90,15,1,18794,WheelchairAgent(Clone),11,10,1.3,1.17,5.56958,1,False,3,0,0
2026-03-06_23.03.47,33,sign-optimization-horizontal-vertical_scenario,634,189,3,2,-7,0,90,15,1,18795,AdultMaleAgent(Clone),11,10,1.71,1.58,5.185913,1,False,3,0,0
2026-03-06_23.03.47,33,sign-optimization-horizontal-vertical_scenario,634,189,3,2,-7,0,90,15,1,18796,AdultFemaleAgent(Clone),7,11,1.58,1.450001,1.603271,1,False,2,1,0.5
2026-03-06_23.03.47,33,sign-optimization-horizontal-vertical_scenario,634,189,3,2,-7,0,90,15,1,18797,AdultMaleAgent(Clone),10,12,1.71,1.58,9.425415,1,True,3,1,0.3333333
2026-03-06_23.03.47,33,sign-optimization-horizontal-vertical_scenario,634,189,3,2,-7,0,90,15,1,18798,WheelchairAgent(Clone),7,11,1.3,1.17,0.4788818,1,False,2,0,0
2026-03-06_23.03.47,33,sign-optimization-horizontal-vertical_scenario,634,189,3,2,-7,0,90,15,1,18799,WheelchairAgent(Clone),7,11,1.3,1.17,0,0,False,2,0,0
2026-03-06_23.03.47,33,sign-optimization-horizontal-vertical_scenario,634,189,3,2,-7,0,90,15,1,18800,AdultMaleAgent(Clone),6,12,1.71,1.58,8.584839,2,True,2,1,0.5
2026-03-06_23.03.47,33,sign-optimization-horizontal-vertical_scenario,634,189,3,2,-7,0,90,15,1,18801,AdultFemaleAgent(Clone),7,11,1.58,1.450001,0.7515869,1,False,2,0,0
2026-03-06_23.03.47,33,sign-optimization-horizontal-vertical_scenario,634,189,3,2,-7,0,90,15,1,18802,AdultFemaleAgent(Clone),6,12,1.58,1.45,10.56714,1,True,2,1,0.5
2026-03-06_23.03.47,33,sign-optimization-horizontal-vertical_scenario,634,189,3,2,-7,0,90,15,1,18803,AdultMaleAgent(Clone),6,12,1.71,1.58,9.062988,1,True,2,1,0.5
2026-03-06_23.03.47,33,sign-optimization-horizontal-vertical_scenario,634,189,3,2,-7,0,90,15,1,18804,AdultMaleAgent(Clone),6,12,1.71,1.58,9.986694,2,True,2,1,0.5
2026-03-06_23.03.47,33,sign-optimization-horizontal-vertical_scenario,634,189,3,2,-7,0,90,15,1,18805,AdultMaleAgent(Clone),10,12,1.71,1.58,13.72266,1,True,3,1,0.3333333
2026-03-06_23.03.47,33,sign-optimization-horizontal-vertical_scenario,634,189,3,2,-7,0,90,15,1,18806,AdultMaleAgent(Clone),6,12,1.71,1.58,8.832642,2,True,2,1,0.5
2026-03-06_23.03.47,33,sign-optimization-horizontal-vertical_scenario,634,189,3,2,-7,0,90,15,1,18807,AdultFemaleAgent(Clone),11,10,1.58,1.450001,6.888306,1,False,3,0,0
2026-03-06_23.03.47,33,sign-optimization-horizontal-vertical_scenario,634,189,3,2,-7,0,90,15,1,18808,WheelchairAgent(Clone),10,12,1.3,1.17,9.903564,1,True,3,1,0.3333333
2026-03-06_23.03.47,33,sign-optimization-horizontal-vertical_scenario,634,189,3,2,-7,0,90,15,1,18809,AdultFemaleAgent(Clone),6,12,1.58,1.45,9.165894,1,True,2,1,0.5
2026-03-06_23.03.47,33,sign-optimization-horizontal-vertical_scenario,634,189,3,2,-7,0,90,15,1,18810,WheelchairAgent(Clone),11,10,1.3,1.17,1.284668,1,False,3,1,0.3333333
2026-03-06_23.03.47,33,sign-optimization-horizontal-vertical_scenario,634,189,3,2,-7,0,90,15,1,18811,AdultMaleAgent(Clone),7,11,1.71,1.58,0,0,False,2,0,0
2026-03-06_23.03.47,33,sign-optimization-horizontal-vertical_scenario,634,189,3,2,-7,0,90,15,1,18812,AdultFemaleAgent(Clone),7,11,1.58,1.450001,0,0,False,2,0,0
2026-03-06_23.03.47,33,sign-optimization-horizontal-vertical_scenario,634,189,3,2,-7,0,90,15,1,18813,AdultFemaleAgent(Clone),7,11,1.58,1.450001,0,0,False,2,0,0
2026-03-06_23.03.47,33,sign-optimization-horizontal-vertical_scenario,634,189,3,2,-7,0,90,15,1,18814,AdultFemaleAgent(Clone),10,12,1.58,1.45,9.431641,1,True,3,1,0.3333333
2026-03-06_23.03.47,33,sign-optimization-horizontal-vertical_scenario,634,189,3,2,-7,0,90,15,1,18815,AdultFemaleAgent(Clone),7,11,1.58,1.450001,0,0,False,2,0,0
2026-03-06_23.03.47,33,sign-optimization-horizontal-vertical_scenario,634,189,3,2,-7,0,90,15,1,18816,WheelchairAgent(Clone),11,10,1.3,1.17,4.567505,2,False,3,1,0.3333333
2026-03-06_23.03.47,33,sign-optimization-horizontal-vertical_scenario,634,189,3,2,-7,0,90,15,1,18817,WheelchairAgent(Clone),7,11,1.3,1.17,0,0,False,2,0,0
2026-03-06_23.03.47,33,sign-optimization-horizontal-vertical_scenario,634,189,3,2,-7,0,90,15,1,18818,AdultMaleAgent(Clone),10,12,1.71,1.58,9.610107,1,True,3,1,0.3333333
2026-03-06_23.03.47,33,sign-optimization-horizontal-vertical_scenario,634,189,3,2,-7,0,90,15,1,18819,AdultMaleAgent(Clone),5,10,1.71,1.58,0,0,False,2,0,0
2026-03-06_23.03.47,33,sign-optimization-horizontal-vertical_scenario,634,189,3,2,-7,0,90,15,1,18820,WheelchairAgent(Clone),7,11,1.3,1.17,0,0,False,2,0,0
2026-03-06_23.03.47,33,sign-optimization-horizontal-vertical_scenario,634,189,3,2,-7,0,90,15,1,18821,AdultFemaleAgent(Clone),6,12,1.58,1.45,8.97998,1,True,2,1,0.5
2026-03-06_23.03.47,33,sign-optimization-horizontal-vertical_scenario,634,189,3,2,-7,0,90,15,1,18822,AdultFemaleAgent(Clone),6,12,1.58,1.45,9.706543,2,True,2,1,0.5
2026-03-06_23.03.47,33,sign-optimization-horizontal-vertical_scenario,634,189,3,2,-7,0,90,15,1,18823,AdultMaleAgent(Clone),7,11,1.71,1.58,0,0,False,2,0,0
2026-03-06_23.03.47,33,sign-optimization-horizontal-vertical_scenario,634,189,3,2,-7,0,90,15,1,18824,WheelchairAgent(Clone),10,12,1.3,1.17,13.45691,1,True,3,1,0.3333333
2026-03-06_23.03.47,33,sign-optimization-horizontal-vertical_scenario,634,189,3,2,-7,0,90,15,1,18825,WheelchairAgent(Clone),11,10,1.3,1.17,9.086426,1,False,3,0,0
2026-03-06_23.03.47,33,sign-optimization-horizontal-vertical_scenario,634,189,3,2,-7,0,90,15,1,18826,WheelchairAgent(Clone),11,10,1.3,1.17,7.003662,1,False,3,0,0
2026-03-06_23.03.47,33,sign-optimization-horizontal-vertical_scenario,634,189,3,2,-7,0,90,15,1,18827,WheelchairAgent(Clone),11,10,1.3,1.17,7.087036,1,False,3,0,0
2026-03-06_23.03.47,33,sign-optimization-horizontal-vertical_scenario,634,189,3,2,-7,0,90,15,1,18828,AdultMaleAgent(Clone),6,12,1.71,1.58,9.668701,2,True,2,1,0.5
2026-03-06_23.03.47,33,sign-optimization-horizontal-vertical_scenario,634,189,3,2,-7,0,90,15,1,18829,AdultMaleAgent(Clone),5,10,1.71,1.58,0,0,False,2,0,0
2026-03-06_23.03.47,33,sign-optimization-horizontal-vertical_scenario,634,189,3,2,-7,0,90,15,1,18830,AdultMaleAgent(Clone),6,12,1.71,1.58,9.505615,1,True,2,1,0.5
2026-03-06_23.03.47,33,sign-optimization-horizontal-vertical_scenario,634,189,3,2,-7,0,90,15,1,18831,AdultFemaleAgent(Clone),11,10,1.58,1.450001,6.278076,1,False,3,0,0
2026-03-06_23.03.47,33,sign-optimization-horizontal-vertical_scenario,634,189,3,2,-7,0,90,15,1,18832,AdultFemaleAgent(Clone),10,12,1.58,1.45,9.598267,1,True,3,1,0.3333333
2026-03-06_23.03.47,33,sign-optimization-horizontal-vertical_scenario,634,189,3,2,-7,0,90,15,1,18833,WheelchairAgent(Clone),10,12,1.3,1.17,10.51465,1,True,3,1,0.3333333
2026-03-06_23.03.47,33,sign-optimization-horizontal-vertical_scenario,634,189,3,2,-7,0,90,15,1,18834,AdultFemaleAgent(Clone),6,12,1.58,1.45,10.10925,1,True,2,1,0.5
2026-03-06_23.03.47,33,sign-optimization-horizontal-vertical_scenario,634,189,3,2,-7,0,90,15,1,18835,AdultMaleAgent(Clone),11,10,1.71,1.58,6.258057,1,False,3,0,0
2026-03-06_23.03.47,33,sign-optimization-horizontal-vertical_scenario,634,189,3,2,-7,0,90,15,1,18836,AdultFemaleAgent(Clone),11,10,1.58,1.450001,7.856934,1,False,3,0,0
2026-03-06_23.03.47,33,sign-optimization-horizontal-vertical_scenario,634,189,3,2,-7,0,90,15,1,18837,AdultMaleAgent(Clone),7,11,1.71,1.58,0,0,False,2,0,0
2026-03-06_23.03.47,33,sign-optimization-horizontal-vertical_scenario,634,189,3,2,-7,0,90,15,1,18838,WheelchairAgent(Clone),11,10,1.3,1.17,6.731934,1,False,3,0,0
2026-03-06_23.03.47,33,sign-optimization-horizontal-vertical_scenario,634,189,3,2,-7,0,90,15,1,18839,AdultFemaleAgent(Clone),10,12,1.58,1.45,10.8479,1,True,3,1,0.3333333
2026-03-06_23.03.47,33,sign-optimization-horizontal-vertical_scenario,634,189,3,2,-7,0,90,15,1,18840,WheelchairAgent(Clone),11,10,1.3,1.17,6.766113,1,False,3,0,0
2026-03-06_23.03.47,33,sign-optimization-horizontal-vertical_scenario,634,189,3,2,-7,0,90,15,1,18841,AdultMaleAgent(Clone),5,10,1.71,1.58,0,0,False,2,0,0
2026-03-06_23.03.47,33,sign-optimization-horizontal-vertical_scenario,634,189,3,2,-7,0,90,15,1,18842,AdultFemaleAgent(Clone),7,11,1.58,1.450001,1.558838,1,False,2,1,0.5
2026-03-06_23.03.47,33,sign-optimization-horizontal-vertical_scenario,634,189,3,2,-7,0,90,15,1,18843,AdultMaleAgent(Clone),5,10,1.71,1.58,0,0,False,2,0,0
2026-03-06_23.03.47,33,sign-optimization-horizontal-vertical_scenario,634,189,3,2,-7,0,90,15,1,18844,WheelchairAgent(Clone),5,10,1.3,1.17,0,0,False,2,0,0
2026-03-06_23.03.47,33,sign-optimization-horizontal-vertical_scenario,634,189,3,2,-7,0,90,15,1,18845,AdultFemaleAgent(Clone),5,10,1.58,1.45,0,0,False,2,0,0
2026-03-06_23.03.47,33,sign-optimization-horizontal-vertical_scenario,634,189,3,2,-7,0,90,15,1,18846,WheelchairAgent(Clone),7,11,1.3,1.17,0,0,False,2,0,0
2026-03-06_23.03.47,33,sign-optimization-horizontal-vertical_scenario,634,189,3,2,-7,0,90,15,1,18847,WheelchairAgent(Clone),10,12,1.3,1.17,9.449707,1,True,3,1,0.3333333
2026-03-06_23.03.47,33,sign-optimization-horizontal-vertical_scenario,634,189,3,2,-7,0,90,15,1,18848,AdultFemaleAgent(Clone),5,10,1.58,1.45,0,0,False,2,0,0
2026-03-06_23.03.47,33,sign-optimization-horizontal-vertical_scenario,634,189,3,2,-7,0,90,15,1,18849,AdultMaleAgent(Clone),7,11,1.71,1.58,0,0,False,2,0,0
2026-03-06_23.03.47,33,sign-optimization-horizontal-vertical_scenario,634,189,3,2,-7,0,90,15,1,18850,WheelchairAgent(Clone),6,12,1.3,1.17,9.802002,2,True,2,1,0.5
2026-03-06_23.03.47,33,sign-optimization-horizontal-vertical_scenario,634,189,3,2,-7,0,90,15,1,18851,AdultMaleAgent(Clone),5,10,1.71,1.58,0.0748291,1,False,2,0,0
2026-03-06_23.03.47,33,sign-optimization-horizontal-vertical_scenario,634,189,3,2,-7,0,90,15,1,18852,AdultMaleAgent(Clone),7,11,1.71,1.58,0,0,False,2,0,0
2026-03-06_23.03.47,33,sign-optimization-horizontal-vertical_scenario,634,189,3,2,-7,0,90,15,1,18853,WheelchairAgent(Clone),11,10,1.3,1.17,6.2229,1,False,3,0,0
2026-03-06_23.03.47,33,sign-optimization-horizontal-vertical_scenario,634,189,3,2,-7,0,90,15,1,18854,AdultFemaleAgent(Clone),7,11,1.58,1.450001,1.5896,1,False,2,0,0
2026-03-06_23.03.47,33,sign-optimization-horizontal-vertical_scenario,634,189,3,2,-7,0,90,15,1,18855,WheelchairAgent(Clone),5,10,1.3,1.17,0,0,False,2,0,0
2026-03-06_23.03.47,33,sign-optimization-horizontal-vertical_scenario,634,189,3,2,-7,0,90,15,1,18856,AdultFemaleAgent(Clone),11,10,1.58,1.450001,6.519287,1,False,3,0,0
2026-03-06_23.03.47,33,sign-optimization-horizontal-vertical_scenario,634,189,3,2,-7,0,90,15,1,18857,AdultMaleAgent(Clone),6,12,1.71,1.58,9.493042,2,True,2,1,0.5
2026-03-06_23.03.47,33,sign-optimization-horizontal-vertical_scenario,634,189,3,2,-7,0,90,15,1,18858,WheelchairAgent(Clone),6,12,1.3,1.17,9.187866,1,True,2,1,0.5
2026-03-06_23.03.47,33,sign-optimization-horizontal-vertical_scenario,634,189,3,2,-7,0,90,15,1,18859,WheelchairAgent(Clone),10,12,1.3,1.17,16.26599,1,True,3,1,0.3333333
2026-03-06_23.03.47,33,sign-optimization-horizontal-vertical_scenario,634,189,3,2,-7,0,90,15,1,18860,WheelchairAgent(Clone),10,12,1.3,1.17,13.13879,1,True,3,1,0.3333333
2026-03-06_23.03.47,33,sign-optimization-horizontal-vertical_scenario,634,189,3,2,-7,0,90,15,1,18861,WheelchairAgent(Clone),5,10,1.3,1.17,0,0,False,2,0,0
2026-03-06_23.03.47,33,sign-optimization-horizontal-vertical_scenario,634,189,3,2,-7,0,90,15,1,18862,WheelchairAgent(Clone),10,12,1.3,1.17,8.587891,1,True,3,2,0.6666667
2026-03-06_23.03.47,33,sign-optimization-horizontal-vertical_scenario,634,189,3,2,-7,0,90,15,1,18863,AdultMaleAgent(Clone),6,12,1.71,1.58,8.528076,2,True,2,1,0.5
2026-03-06_23.03.47,33,sign-optimization-horizontal-vertical_scenario,634,189,3,2,-7,0,90,15,1,18864,WheelchairAgent(Clone),11,10,1.3,1.17,8.013184,1,False,3,0,0
2026-03-06_23.03.47,33,sign-optimization-horizontal-vertical_scenario,634,189,3,2,-7,0,90,15,1,18865,AdultFemaleAgent(Clone),11,10,1.58,1.450001,7.820679,1,False,3,0,0
2026-03-06_23.03.47,33,sign-optimization-horizontal-vertical_scenario,634,189,3,2,-7,0,90,15,1,18866,AdultFemaleAgent(Clone),10,12,1.58,1.45,9.192261,1,True,3,2,0.6666667
2026-03-06_23.03.47,33,sign-optimization-horizontal-vertical_scenario,634,189,3,2,-7,0,90,15,1,18867,AdultFemaleAgent(Clone),10,12,1.58,1.45,11.39844,1,True,3,2,0.6666667
2026-03-06_23.03.47,33,sign-optimization-horizontal-vertical_scenario,634,189,3,2,-7,0,90,15,1,18868,AdultMaleAgent(Clone),10,12,1.71,1.58,9.34729,1,True,3,2,0.6666667
2026-03-06_23.03.47,33,sign-optimization-horizontal-vertical_scenario,634,189,3,2,-7,0,90,15,1,18869,AdultMaleAgent(Clone),7,11,1.71,1.58,0.3580322,1,False,2,0,0
2026-03-06_23.03.47,33,sign-optimization-horizontal-vertical_scenario,634,189,3,2,-7,0,90,15,1,18870,AdultFemaleAgent(Clone),10,12,1.58,1.45,10.39636,1,True,3,1,0.3333333
2026-03-06_23.03.47,33,sign-optimization-horizontal-vertical_scenario,634,189,3,2,-7,0,90,15,1,18871,AdultMaleAgent(Clone),7,11,1.71,1.58,0,0,False,2,0,0
2026-03-06_23.03.47,33,sign-optimization-horizontal-vertical_scenario,634,189,3,2,-7,0,90,15,1,18872,AdultFemaleAgent(Clone),10,12,1.58,1.45,9.709229,1,True,3,1,0.3333333
2026-03-06_23.03.47,33,sign-optimization-horizontal-vertical_scenario,634,189,3,2,-7,0,90,15,1,18873,AdultFemaleAgent(Clone),6,12,1.58,1.45,9.888916,1,True,2,1,0.5
2026-03-06_23.03.47,33,sign-optimization-horizontal-vertical_scenario,634,189,3,2,-7,0,90,15,1,18874,AdultMaleAgent(Clone),5,10,1.71,1.58,0,0,False,2,0,0
2026-03-06_23.03.47,33,sign-optimization-horizontal-vertical_scenario,634,189,3,2,-7,0,90,15,1,18875,WheelchairAgent(Clone),6,12,1.3,1.17,8.416992,2,True,2,1,0.5
2026-03-06_23.03.47,33,sign-optimization-horizontal-vertical_scenario,634,189,3,2,-7,0,90,15,1,18876,AdultMaleAgent(Clone),10,12,1.71,1.58,10.43872,1,True,3,1,0.3333333
2026-03-06_23.03.47,33,sign-optimization-horizontal-vertical_scenario,634,189,3,2,-7,0,90,15,1,18877,AdultFemaleAgent(Clone),5,10,1.58,1.45,0,0,False,2,0,0
2026-03-06_23.03.47,33,sign-optimization-horizontal-vertical_scenario,634,189,3,2,-7,0,90,15,1,18878,AdultMaleAgent(Clone),10,12,1.71,1.58,10.25769,1,True,3,2,0.6666667
2026-03-06_23.03.47,33,sign-optimization-horizontal-vertical_scenario,634,189,3,2,-7,0,90,15,1,18879,WheelchairAgent(Clone),11,10,1.3,1.17,6.316406,1,False,3,0,0
2026-03-06_23.03.47,33,sign-optimization-horizontal-vertical_scenario,634,189,3,2,-7,0,90,15,1,18880,WheelchairAgent(Clone),6,12,1.3,1.17,8.476074,1,True,2,1,0.5
2026-03-06_23.03.47,33,sign-optimization-horizontal-vertical_scenario,634,189,3,2,-7,0,90,15,1,18881,AdultMaleAgent(Clone),11,10,1.71,1.58,6.716187,1,False,3,0,0
2026-03-06_23.03.47,33,sign-optimization-horizontal-vertical_scenario,634,189,3,2,-7,0,90,15,1,18882,AdultMaleAgent(Clone),5,10,1.71,1.58,0,0,False,2,0,0
2026-03-06_23.03.47,33,sign-optimization-horizontal-vertical_scenario,634,189,3,2,-7,0,90,15,1,18883,AdultFemaleAgent(Clone),11,10,1.58,1.450001,6.567505,1,False,3,0,0
2026-03-06_23.03.47,33,sign-optimization-horizontal-vertical_scenario,634,189,3,2,-7,0,90,15,1,18884,AdultFemaleAgent(Clone),6,12,1.58,1.45,10.49744,1,True,2,1,0.5
2026-03-06_23.03.47,33,sign-optimization-horizontal-vertical_scenario,634,189,3,2,-7,0,90,15,1,18885,AdultFemaleAgent(Clone),6,12,1.58,1.45,8.703125,2,True,2,1,0.5
2026-03-06_23.03.47,33,sign-optimization-horizontal-vertical_scenario,634,189,3,2,-7,0,90,15,1,18886,AdultFemaleAgent(Clone),10,12,1.58,1.45,10.18481,1,True,3,1,0.3333333
2026-03-06_23.03.47,33,sign-optimization-horizontal-vertical_scenario,634,189,3,2,-7,0,90,15,1,18887,AdultMaleAgent(Clone),7,11,1.71,1.58,2.280273,1,False,2,1,0.5
2026-03-06_23.03.47,33,sign-optimization-horizontal-vertical_scenario,634,189,3,2,-7,0,90,15,1,18888,AdultMaleAgent(Clone),11,10,1.71,1.58,6.194702,1,False,3,0,0
2026-03-06_23.03.47,33,sign-optimization-horizontal-vertical_scenario,634,189,3,2,-7,0,90,15,1,18889,AdultFemaleAgent(Clone),10,12,1.58,1.45,10.07056,1,True,3,1,0.3333333
2026-03-06_23.03.47,33,sign-optimization-horizontal-vertical_scenario,634,189,3,2,-7,0,90,15,1,18890,WheelchairAgent(Clone),5,10,1.3,1.17,0,0,False,2,0,0
2026-03-06_23.03.47,33,sign-optimization-horizontal-vertical_scenario,634,189,3,2,-7,0,90,15,1,18891,AdultMaleAgent(Clone),5,10,1.71,1.58,0,0,False,2,0,0
2026-03-06_23.03.47,33,sign-optimization-horizontal-vertical_scenario,634,189,3,2,-7,0,90,15,1,18892,AdultFemaleAgent(Clone),11,10,1.58,1.450001,0,0,False,3,0,0
2026-03-06_23.03.47,33,sign-optimization-horizontal-vertical_scenario,634,189,3,2,-7,0,90,15,1,18893,WheelchairAgent(Clone),6,12,1.3,1.17,9.820068,2,True,2,1,0.5
2026-03-06_23.03.47,33,sign-optimization-horizontal-vertical_scenario,634,189,3,2,-7,0,90,15,1,18894,AdultMaleAgent(Clone),5,10,1.71,1.58,0,0,False,2,0,0
2026-03-06_23.03.47,33,sign-optimization-horizontal-vertical_scenario,634,189,3,2,-7,0,90,15,1,18895,AdultMaleAgent(Clone),10,12,1.71,1.58,10.45227,1,True,3,1,0.3333333
2026-03-06_23.03.47,33,sign-optimization-horizontal-vertical_scenario,634,189,3,2,-7,0,90,15,1,18896,AdultFemaleAgent(Clone),10,12,1.58,1.45,17.71179,1,True,3,1,0.3333333
2026-03-06_23.03.47,33,sign-optimization-horizontal-vertical_scenario,634,189,3,2,-7,0,90,15,1,18897,AdultMaleAgent(Clone),10,12,1.71,1.58,9.484375,1,True,3,1,0.3333333
2026-03-06_23.03.47,33,sign-optimization-horizontal-vertical_scenario,634,189,3,2,-7,0,90,15,1,18898,WheelchairAgent(Clone),7,11,1.3,1.17,0,0,False,2,0,0
2026-03-06_23.03.47,33,sign-optimization-horizontal-vertical_scenario,634,189,3,2,-7,0,90,15,1,18899,AdultFemaleAgent(Clone),10,12,1.58,1.45,9.692749,1,True,3,1,0.3333333
2026-03-06_23.03.47,33,sign-optimization-horizontal-vertical_scenario,634,189,3,2,-7,0,90,15,1,18900,AdultFemaleAgent(Clone),7,11,1.58,1.450001,0,0,False,2,0,0
2026-03-06_23.03.47,33,sign-optimization-horizontal-vertical_scenario,634,189,3,2,-7,0,90,15,1,18901,AdultFemaleAgent(Clone),5,10,1.58,1.45,0,0,False,2,0,0
2026-03-06_23.03.47,33,sign-optimization-horizontal-vertical_scenario,634,189,3,2,-7,0,90,15,1,18902,AdultMaleAgent(Clone),7,11,1.71,1.58,0,0,False,2,0,0
2026-03-06_23.03.47,33,sign-optimization-horizontal-vertical_scenario,634,189,3,2,-7,0,90,15,1,18903,AdultFemaleAgent(Clone),10,12,1.58,1.45,9.533325,1,True,3,2,0.6666667
2026-03-06_23.03.47,33,sign-optimization-horizontal-vertical_scenario,634,189,3,2,-7,0,90,15,1,18904,WheelchairAgent(Clone),11,10,1.3,1.17,6.869873,1,False,3,0,0
2026-03-06_23.03.47,33,sign-optimization-horizontal-vertical_scenario,634,189,3,2,-7,0,90,15,1,18905,AdultFemaleAgent(Clone),10,12,1.58,1.45,10.323,1,True,3,2,0.6666667
2026-03-06_23.03.47,33,sign-optimization-horizontal-vertical_scenario,634,189,3,2,-7,0,90,15,1,18906,WheelchairAgent(Clone),10,12,1.3,1.17,10.00867,1,True,3,2,0.6666667
2026-03-06_23.03.47,33,sign-optimization-horizontal-vertical_scenario,634,189,3,2,-7,0,90,15,1,18907,AdultFemaleAgent(Clone),7,11,1.58,1.450001,0,0,False,2,0,0
2026-03-06_23.03.47,33,sign-optimization-horizontal-vertical_scenario,634,189,3,2,-7,0,90,15,1,18908,WheelchairAgent(Clone),5,10,1.3,1.17,0,0,False,2,0,0
2026-03-06_23.03.47,33,sign-optimization-horizontal-vertical_scenario,634,189,3,2,-7,0,90,15,1,18909,AdultMaleAgent(Clone),6,12,1.71,1.58,10.33044,1,True,2,1,0.5
2026-03-06_23.03.47,33,sign-optimization-horizontal-vertical_scenario,634,189,3,2,-7,0,90,15,1,18910,AdultMaleAgent(Clone),6,12,1.71,1.58,10.07605,1,True,2,1,0.5
2026-03-06_23.03.47,33,sign-optimization-horizontal-vertical_scenario,634,189,3,2,-7,0,90,15,1,18911,AdultFemaleAgent(Clone),6,12,1.58,1.45,8.095215,2,True,2,1,0.5
2026-03-06_23.03.47,33,sign-optimization-horizontal-vertical_scenario,634,189,3,2,-7,0,90,15,1,18912,AdultFemaleAgent(Clone),7,11,1.58,1.450001,0,0,False,2,0,0
2026-03-06_23.03.47,33,sign-optimization-horizontal-vertical_scenario,634,189,3,2,-7,0,90,15,1,18913,WheelchairAgent(Clone),11,10,1.3,1.17,5.477295,1,False,3,0,0
2026-03-06_23.03.47,33,sign-optimization-horizontal-vertical_scenario,634,189,3,2,-7,0,90,15,1,18914,AdultFemaleAgent(Clone),10,12,1.58,1.45,10.81921,1,True,3,1,0.3333333
2026-03-06_23.03.47,33,sign-optimization-horizontal-vertical_scenario,634,189,3,2,-7,0,90,15,1,18915,AdultFemaleAgent(Clone),5,10,1.58,1.45,0,0,False,2,0,0
2026-03-06_23.03.47,33,sign-optimization-horizontal-vertical_scenario,634,189,3,2,-7,0,90,15,1,18916,AdultFemaleAgent(Clone),7,11,1.58,1.450001,0,0,False,2,0,0
2026-03-06_23.03.47,33,sign-optimization-horizontal-vertical_scenario,634,189,3,2,-7,0,90,15,1,18917,AdultMaleAgent(Clone),11,10,1.71,1.58,6.80603,1,False,3,0,0
2026-03-06_23.03.47,33,sign-optimization-horizontal-vertical_scenario,634,189,3,2,-7,0,90,15,1,18918,AdultFemaleAgent(Clone),7,11,1.58,1.450001,0,0,False,2,0,0
2026-03-06_23.03.47,33,sign-optimization-horizontal-vertical_scenario,634,189,3,2,-7,0,90,15,1,18919,WheelchairAgent(Clone),6,12,1.3,1.17,9.437012,1,True,2,1,0.5
2026-03-06_23.03.47,33,sign-optimization-horizontal-vertical_scenario,634,189,3,2,-7,0,90,15,1,18920,AdultFemaleAgent(Clone),6,12,1.58,1.45,10.3446,1,True,2,1,0.5
2026-03-06_23.03.47,33,sign-optimization-horizontal-vertical_scenario,634,189,3,2,-7,0,90,15,1,18921,WheelchairAgent(Clone),10,12,1.3,1.17,9.251221,1,True,3,1,0.3333333
2026-03-06_23.03.47,33,sign-optimization-horizontal-vertical_scenario,634,189,3,2,-7,0,90,15,1,18922,AdultMaleAgent(Clone),7,11,1.71,1.58,0,0,False,2,0,0
2026-03-06_23.03.47,33,sign-optimization-horizontal-vertical_scenario,634,189,3,2,-7,0,90,15,1,18923,AdultMaleAgent(Clone),11,10,1.71,1.58,4.16272,1,False,3,0,0
2026-03-06_23.03.47,33,sign-optimization-horizontal-vertical_scenario,634,189,3,2,-7,0,90,15,1,18924,AdultMaleAgent(Clone),10,12,1.71,1.58,16.18433,1,True,3,1,0.3333333
2026-03-06_23.03.47,33,sign-optimization-horizontal-vertical_scenario,634,189,3,2,-7,0,90,15,1,18925,WheelchairAgent(Clone),7,11,1.3,1.17,0,0,False,2,0,0
2026-03-06_23.03.47,33,sign-optimization-horizontal-vertical_scenario,634,189,3,2,-7,0,90,15,1,18926,AdultMaleAgent(Clone),5,10,1.71,1.58,0.2716064,1,False,2,0,0
2026-03-06_23.03.47,33,sign-optimization-horizontal-vertical_scenario,634,189,3,2,-7,0,90,15,1,18927,WheelchairAgent(Clone),11,10,1.3,1.17,5.682617,1,False,3,0,0
2026-03-06_23.03.47,33,sign-optimization-horizontal-vertical_scenario,634,189,3,2,-7,0,90,15,1,18928,AdultFemaleAgent(Clone),11,10,1.58,1.450001,4.413574,1,False,3,0,0
2026-03-06_23.03.47,33,sign-optimization-horizontal-vertical_scenario,634,189,3,2,-7,0,90,15,1,18929,AdultMaleAgent(Clone),7,11,1.71,1.58,0,0,False,2,0,0
2026-03-06_23.03.47,33,sign-optimization-horizontal-vertical_scenario,634,189,3,2,-7,0,90,15,1,18930,AdultMaleAgent(Clone),7,11,1.71,1.58,0,0,False,2,0,0
2026-03-06_23.03.47,33,sign-optimization-horizontal-vertical_scenario,634,189,3,2,-7,0,90,15,1,18931,AdultFemaleAgent(Clone),7,11,1.58,1.450001,1.525513,1,False,2,0,0
2026-03-06_23.03.47,33,sign-optimization-horizontal-vertical_scenario,634,189,3,2,-7,0,90,15,1,18932,AdultFemaleAgent(Clone),5,10,1.58,1.45,0,0,False,2,0,0
2026-03-06_23.03.47,33,sign-optimization-horizontal-vertical_scenario,634,189,3,2,-7,0,90,15,1,18933,AdultMaleAgent(Clone),10,12,1.71,1.58,9.6698,1,True,3,1,0.3333333
2026-03-06_23.03.47,33,sign-optimization-horizontal-vertical_scenario,634,189,3,2,-7,0,90,15,1,18934,AdultMaleAgent(Clone),5,10,1.71,1.58,0,0,False,2,0,0
2026-03-06_23.03.47,33,sign-optimization-horizontal-vertical_scenario,634,189,3,2,-7,0,90,15,1,18935,WheelchairAgent(Clone),11,10,1.3,1.17,6.575073,1,False,3,0,0
2026-03-06_23.03.47,33,sign-optimization-horizontal-vertical_scenario,634,189,3,2,-7,0,90,15,1,18936,AdultMaleAgent(Clone),7,11,1.71,1.58,0,0,False,2,0,0
2026-03-06_23.03.47,33,sign-optimization-horizontal-vertical_scenario,634,189,3,2,-7,0,90,15,1,18937,WheelchairAgent(Clone),10,12,1.3,1.17,9.984985,1,True,3,2,0.6666667
2026-03-06_23.03.47,33,sign-optimization-horizontal-vertical_scenario,634,189,3,2,-7,0,90,15,1,18938,AdultMaleAgent(Clone),11,10,1.71,1.58,5.848145,1,False,3,0,0
2026-03-06_23.03.47,33,sign-optimization-horizontal-vertical_scenario,634,189,3,2,-7,0,90,15,1,18939,AdultMaleAgent(Clone),10,12,1.71,1.58,10.05615,1,True,3,1,0.3333333
2026-03-06_23.03.47,33,sign-optimization-horizontal-vertical_scenario,634,189,3,2,-7,0,90,15,1,18940,AdultMaleAgent(Clone),10,12,1.71,1.58,9.848633,1,True,3,1,0.3333333
2026-03-06_23.03.47,33,sign-optimization-horizontal-vertical_scenario,634,189,3,2,-7,0,90,15,1,18941,AdultFemaleAgent(Clone),10,12,1.58,1.45,9.887695,1,True,3,1,0.3333333
2026-03-06_23.03.47,33,sign-optimization-horizontal-vertical_scenario,634,189,3,2,-7,0,90,15,1,18942,AdultFemaleAgent(Clone),7,11,1.58,1.450001,0,0,False,2,0,0
2026-03-06_23.03.47,33,sign-optimization-horizontal-vertical_scenario,634,189,3,2,-7,0,90,15,1,18943,WheelchairAgent(Clone),5,10,1.3,1.17,0,0,False,2,0,0
2026-03-06_23.03.47,33,sign-optimization-horizontal-vertical_scenario,634,189,3,2,-7,0,90,15,1,18944,AdultFemaleAgent(Clone),5,10,1.58,1.45,0,0,False,2,0,0
2026-03-06_23.03.47,33,sign-optimization-horizontal-vertical_scenario,634,189,3,2,-7,0,90,15,1,18945,WheelchairAgent(Clone),5,10,1.3,1.17,0,0,False,2,0,0
2026-03-06_23.03.47,33,sign-optimization-horizontal-vertical_scenario,634,189,3,2,-7,0,90,15,1,18946,WheelchairAgent(Clone),10,12,1.3,1.17,9.63562,1,True,3,1,0.3333333
2026-03-06_23.03.47,33,sign-optimization-horizontal-vertical_scenario,634,189,3,2,-7,0,90,15,1,18947,WheelchairAgent(Clone),7,11,1.3,1.17,5.140259,1,False,2,1,0.5
2026-03-06_23.03.47,33,sign-optimization-horizontal-vertical_scenario,634,189,3,2,-7,0,90,15,1,18948,AdultFemaleAgent(Clone),6,12,1.58,1.45,8.081543,2,True,2,1,0.5
2026-03-06_23.03.47,33,sign-optimization-horizontal-vertical_scenario,634,189,3,2,-7,0,90,15,1,18949,WheelchairAgent(Clone),7,11,1.3,1.17,1.484985,1,False,2,0,0
2026-03-06_23.03.47,33,sign-optimization-horizontal-vertical_scenario,634,189,3,2,-7,0,90,15,1,18950,AdultFemaleAgent(Clone),11,10,1.58,1.450001,6.844604,1,False,3,0,0
2026-03-06_23.03.47,33,sign-optimization-horizontal-vertical_scenario,634,189,3,2,-7,0,90,15,1,18951,AdultMaleAgent(Clone),10,12,1.71,1.58,10.34644,1,True,3,1,0.3333333
2026-03-06_23.03.47,33,sign-optimization-horizontal-vertical_scenario,634,189,3,2,-7,0,90,15,1,18952,AdultMaleAgent(Clone),10,12,1.71,1.58,9.713989,1,True,3,1,0.3333333
2026-03-06_23.03.47,33,sign-optimization-horizontal-vertical_scenario,634,189,3,2,-7,0,90,15,1,18953,AdultFemaleAgent(Clone),7,11,1.58,1.450001,0,0,False,2,0,0
2026-03-06_23.03.47,33,sign-optimization-horizontal-vertical_scenario,634,189,3,2,-7,0,90,15,1,18954,WheelchairAgent(Clone),5,10,1.3,1.17,0,0,False,2,0,0
2026-03-06_23.03.47,33,sign-optimization-horizontal-vertical_scenario,634,189,3,2,-7,0,90,15,1,18955,AdultFemaleAgent(Clone),5,10,1.58,1.45,0,0,False,2,0,0
2026-03-06_23.03.47,33,sign-optimization-horizontal-vertical_scenario,634,189,3,2,-7,0,90,15,1,18956,AdultMaleAgent(Clone),5,10,1.71,1.58,0,0,False,2,0,0
2026-03-06_23.03.47,33,sign-optimization-horizontal-vertical_scenario,634,189,3,2,-7,0,90,15,1,18957,AdultMaleAgent(Clone),11,10,1.71,1.58,4.282959,1,False,3,0,0
2026-03-06_23.03.47,33,sign-optimization-horizontal-vertical_scenario,634,189,3,2,-7,0,90,15,1,18958,WheelchairAgent(Clone),5,10,1.3,1.17,0,0,False,2,0,0
2026-03-06_23.03.47,33,sign-optimization-horizontal-vertical_scenario,634,189,3,2,-7,0,90,15,1,18959,AdultFemaleAgent(Clone),6,12,1.58,1.45,10.35327,1,True,2,1,0.5
2026-03-06_23.03.47,33,sign-optimization-horizontal-vertical_scenario,634,189,3,2,-7,0,90,15,1,18960,AdultFemaleAgent(Clone),11,10,1.58,1.450001,7.693481,1,False,3,0,0
2026-03-06_23.03.47,33,sign-optimization-horizontal-vertical_scenario,634,189,3,2,-7,0,90,15,1,18961,AdultFemaleAgent(Clone),7,11,1.58,1.450001,0,0,False,2,0,0
2026-03-06_23.03.47,33,sign-optimization-horizontal-vertical_scenario,634,189,3,2,-7,0,90,15,1,18962,AdultFemaleAgent(Clone),11,10,1.58,1.450001,5.762085,1,False,3,0,0
2026-03-06_23.03.47,33,sign-optimization-horizontal-vertical_scenario,634,189,3,2,-7,0,90,15,1,18963,AdultMaleAgent(Clone),10,12,1.71,1.58,10.09229,1,True,3,2,0.6666667
2026-03-06_23.03.47,33,sign-optimization-horizontal-vertical_scenario,634,189,3,2,-7,0,90,15,1,18964,AdultMaleAgent(Clone),6,12,1.71,1.58,9.126587,2,True,2,1,0.5
2026-03-06_23.03.47,33,sign-optimization-horizontal-vertical_scenario,634,189,3,2,-7,0,90,15,1,18965,AdultFemaleAgent(Clone),6,12,1.58,1.45,9.592041,2,True,2,1,0.5
2026-03-06_23.03.47,33,sign-optimization-horizontal-vertical_scenario,634,189,3,2,-7,0,90,15,1,18966,AdultMaleAgent(Clone),5,10,1.71,1.58,0,0,False,2,0,0
2026-03-06_23.03.47,33,sign-optimization-horizontal-vertical_scenario,634,189,3,2,-7,0,90,15,1,18967,AdultFemaleAgent(Clone),10,12,1.58,1.45,10.66138,1,True,3,1,0.3333333
2026-03-06_23.03.47,33,sign-optimization-horizontal-vertical_scenario,634,189,3,2,-7,0,90,15,1,18968,AdultMaleAgent(Clone),11,10,1.71,1.58,6.702148,1,False,3,0,0
2026-03-06_23.03.47,33,sign-optimization-horizontal-vertical_scenario,634,189,3,2,-7,0,90,15,1,18969,WheelchairAgent(Clone),6,12,1.3,1.17,9.794067,1,True,2,1,0.5
2026-03-06_23.03.47,33,sign-optimization-horizontal-vertical_scenario,634,189,3,2,-7,0,90,15,1,18970,AdultFemaleAgent(Clone),7,11,1.58,1.450001,0.5571289,1,False,2,0,0
2026-03-06_23.03.47,33,sign-optimization-horizontal-vertical_scenario,634,189,3,2,-7,0,90,15,1,18971,AdultMaleAgent(Clone),10,12,1.71,1.58,9.282837,1,True,3,1,0.3333333
2026-03-06_23.03.47,33,sign-optimization-horizontal-vertical_scenario,634,189,3,2,-7,0,90,15,1,18972,AdultFemaleAgent(Clone),7,11,1.58,1.450001,0,0,False,2,0,0
2026-03-06_23.03.47,33,sign-optimization-horizontal-vertical_scenario,634,189,3,2,-7,0,90,15,1,18973,WheelchairAgent(Clone),7,11,1.3,1.17,0,0,False,2,0,0
2026-03-06_23.03.47,33,sign-optimization-horizontal-vertical_scenario,634,189,3,2,-7,0,90,15,1,18974,AdultFemaleAgent(Clone),11,10,1.58,1.450001,0,0,False,3,0,0
2026-03-06_23.03.47,33,sign-optimization-horizontal-vertical_scenario,634,189,3,2,-7,0,90,15,1,18975,WheelchairAgent(Clone),11,10,1.3,1.17,7.069702,1,False,3,0,0
2026-03-06_23.03.47,33,sign-optimization-horizontal-vertical_scenario,634,189,3,2,-7,0,90,15,1,18976,AdultFemaleAgent(Clone),5,10,1.58,1.45,0,0,False,2,0,0
2026-03-06_23.03.47,33,sign-optimization-horizontal-vertical_scenario,634,189,3,2,-7,0,90,15,1,18977,AdultMaleAgent(Clone),11,10,1.71,1.58,6.275635,1,False,3,0,0
2026-03-06_23.03.47,33,sign-optimization-horizontal-vertical_scenario,634,189,3,2,-7,0,90,15,1,18978,AdultMaleAgent(Clone),5,10,1.71,1.58,0.5372314,1,False,2,0,0
2026-03-06_23.03.47,33,sign-optimization-horizontal-vertical_scenario,634,189,3,2,-7,0,90,15,1,18979,AdultMaleAgent(Clone),5,10,1.71,1.58,0,0,False,2,0,0
2026-03-06_23.03.47,33,sign-optimization-horizontal-vertical_scenario,634,189,3,2,-7,0,90,15,1,18980,AdultFemaleAgent(Clone),7,11,1.58,1.450001,0,0,False,2,0,0
2026-03-06_23.03.47,33,sign-optimization-horizontal-vertical_scenario,634,189,3,2,-7,0,90,15,1,18981,AdultFemaleAgent(Clone),6,12,1.58,1.45,8.227661,2,True,2,1,0.5
2026-03-06_23.03.47,33,sign-optimization-horizontal-vertical_scenario,634,189,3,2,-7,0,90,15,1,18982,AdultFemaleAgent(Clone),5,10,1.58,1.45,0,0,False,2,0,0
2026-03-06_23.03.47,33,sign-optimization-horizontal-vertical_scenario,634,189,3,2,-7,0,90,15,1,18983,WheelchairAgent(Clone),10,12,1.3,1.17,9.774048,1,True,3,1,0.3333333
2026-03-06_23.03.47,33,sign-optimization-horizontal-vertical_scenario,634,189,3,2,-7,0,90,15,1,18984,AdultFemaleAgent(Clone),6,12,1.58,1.45,7.859009,2,True,2,1,0.5
2026-03-06_23.03.47,33,sign-optimization-horizontal-vertical_scenario,634,189,3,2,-7,0,90,15,1,18985,WheelchairAgent(Clone),10,12,1.3,1.17,9.602417,1,True,3,2,0.6666667
2026-03-06_23.03.47,33,sign-optimization-horizontal-vertical_scenario,634,189,3,2,-7,0,90,15,1,18986,WheelchairAgent(Clone),11,10,1.3,1.17,0,0,False,3,0,0
2026-03-06_23.03.47,33,sign-optimization-horizontal-vertical_scenario,634,189,3,2,-7,0,90,15,1,18987,AdultFemaleAgent(Clone),11,10,1.58,1.450001,0,0,False,3,0,0
2026-03-06_23.03.47,33,sign-optimization-horizontal-vertical_scenario,634,189,3,2,-7,0,90,15,1,18988,AdultFemaleAgent(Clone),10,12,1.58,1.45,10.41235,1,True,3,1,0.3333333
2026-03-06_23.03.47,33,sign-optimization-horizontal-vertical_scenario,634,189,3,2,-7,0,90,15,1,18989,WheelchairAgent(Clone),5,10,1.3,1.17,0,0,False,2,0,0
2026-03-06_23.03.47,33,sign-optimization-horizontal-vertical_scenario,634,189,3,2,-7,0,90,15,1,18990,AdultMaleAgent(Clone),5,10,1.71,1.58,0,0,False,2,0,0
2026-03-06_23.03.47,33,sign-optimization-horizontal-vertical_scenario,634,189,3,2,-7,0,90,15,1,18991,WheelchairAgent(Clone),10,12,1.3,1.17,10.25525,1,False,3,2,0.6666667
2026-03-06_23.03.47,33,sign-optimization-horizontal-vertical_scenario,634,189,3,2,-7,0,90,15,1,18992,WheelchairAgent(Clone),5,10,1.3,1.17,0,0,False,2,0,0
2026-03-06_23.03.47,33,sign-optimization-horizontal-vertical_scenario,634,189,3,2,-7,0,90,15,1,18993,AdultMaleAgent(Clone),7,11,1.71,1.58,0,0,False,2,0,0
2026-03-06_23.03.47,33,sign-optimization-horizontal-vertical_scenario,634,189,3,2,-7,0,90,15,1,18994,WheelchairAgent(Clone),11,10,1.3,1.17,0,0,False,3,0,0
2026-03-06_23.03.47,33,sign-optimization-horizontal-vertical_scenario,634,189,3,2,-7,0,90,15,1,18995,AdultFemaleAgent(Clone),5,10,1.58,1.45,0,0,False,2,0,0
2026-03-06_23.03.47,33,sign-optimization-horizontal-vertical_scenario,634,189,3,2,-7,0,90,15,1,18996,AdultMaleAgent(Clone),5,10,1.71,1.58,0,0,False,2,0,0
2026-03-06_23.03.47,33,sign-optimization-horizontal-vertical_scenario,634,189,3,2,-7,0,90,15,1,18997,AdultMaleAgent(Clone),11,10,1.71,1.58,0,0,False,3,0,0
2026-03-06_23.03.47,33,sign-optimization-horizontal-vertical_scenario,634,189,3,2,-7,0,90,15,1,18998,AdultFemaleAgent(Clone),6,12,1.58,1.45,9.11792,1,True,2,1,0.5
2026-03-06_23.03.47,33,sign-optimization-horizontal-vertical_scenario,634,189,3,2,-7,0,90,15,1,18999,AdultMaleAgent(Clone),6,12,1.71,1.58,8.719238,2,True,2,1,0.5
2026-03-06_23.03.47,33,sign-optimization-horizontal-vertical_scenario,634,189,3,2,-7,0,90,15,1,19000,WheelchairAgent(Clone),5,10,1.3,1.17,0,0,False,2,0,0
2026-03-06_23.03.47,33,sign-optimization-horizontal-vertical_scenario,634,189,3,2,-7,0,90,15,1,19001,AdultFemaleAgent(Clone),6,12,1.58,1.45,7.585083,2,True,2,1,0.5
2026-03-06_23.03.47,33,sign-optimization-horizontal-vertical_scenario,634,189,3,2,-7,0,90,15,1,19002,WheelchairAgent(Clone),11,10,1.3,1.17,4.410889,1,False,3,0,0
2026-03-06_23.03.47,33,sign-optimization-horizontal-vertical_scenario,634,189,3,2,-7,0,90,15,1,19003,AdultFemaleAgent(Clone),7,11,1.58,1.450001,0,0,False,2,0,0
2026-03-06_23.03.47,33,sign-optimization-horizontal-vertical_scenario,634,189,3,2,-7,0,90,15,1,19004,WheelchairAgent(Clone),11,10,1.3,1.17,0,0,False,3,0,0
2026-03-06_23.03.47,33,sign-optimization-horizontal-vertical_scenario,634,189,3,2,-7,0,90,15,1,19005,AdultFemaleAgent(Clone),5,10,1.58,1.45,0,0,False,2,0,0
2026-03-06_23.03.47,33,sign-optimization-horizontal-vertical_scenario,634,189,3,2,-7,0,90,15,1,19006,AdultMaleAgent(Clone),10,12,1.71,1.58,8.939941,1,True,3,1,0.3333333
2026-03-06_23.03.47,33,sign-optimization-horizontal-vertical_scenario,634,189,3,2,-7,0,90,15,1,19007,WheelchairAgent(Clone),11,10,1.3,1.17,0,0,False,3,0,0
2026-03-06_23.03.47,33,sign-optimization-horizontal-vertical_scenario,634,189,3,2,-7,0,90,15,1,19008,AdultMaleAgent(Clone),6,12,1.71,1.58,10.11328,1,True,2,1,0.5
2026-03-06_23.03.47,33,sign-optimization-horizontal-vertical_scenario,634,189,3,2,-7,0,90,15,1,19009,AdultFemaleAgent(Clone),6,12,1.58,1.45,10.95898,1,True,2,1,0.5
2026-03-06_23.03.47,33,sign-optimization-horizontal-vertical_scenario,634,189,3,2,-7,0,90,15,1,19010,AdultMaleAgent(Clone),5,10,1.71,1.58,0,0,False,2,0,0
2026-03-06_23.03.47,33,sign-optimization-horizontal-vertical_scenario,634,189,3,2,-7,0,90,15,1,19011,AdultMaleAgent(Clone),6,12,1.71,1.58,9.141479,1,True,2,1,0.5
2026-03-06_23.03.47,33,sign-optimization-horizontal-vertical_scenario,634,189,3,2,-7,0,90,15,1,19012,AdultFemaleAgent(Clone),10,12,1.58,1.45,9.516357,1,True,3,1,0.3333333
2026-03-06_23.03.47,33,sign-optimization-horizontal-vertical_scenario,634,189,3,2,-7,0,90,15,1,19013,WheelchairAgent(Clone),11,10,1.3,1.17,4.459229,1,False,3,0,0
2026-03-06_23.03.47,33,sign-optimization-horizontal-vertical_scenario,634,189,3,2,-7,0,90,15,1,19014,WheelchairAgent(Clone),5,10,1.3,1.17,0,0,False,2,0,0
2026-03-06_23.03.47,33,sign-optimization-horizontal-vertical_scenario,634,189,3,2,-7,0,90,15,1,19015,AdultFemaleAgent(Clone),11,10,1.58,1.450001,0,0,False,3,0,0
2026-03-06_23.03.47,33,sign-optimization-horizontal-vertical_scenario,634,189,3,2,-7,0,90,15,1,19016,AdultMaleAgent(Clone),10,12,1.71,1.58,11.66125,1,True,3,1,0.3333333
2026-03-06_23.03.47,33,sign-optimization-horizontal-vertical_scenario,634,189,3,2,-7,0,90,15,1,19017,AdultFemaleAgent(Clone),5,10,1.58,1.45,0.2921143,1,False,2,0,0
2026-03-06_23.03.47,33,sign-optimization-horizontal-vertical_scenario,634,189,3,2,-7,0,90,15,1,19018,WheelchairAgent(Clone),10,12,1.3,1.17,9.831543,1,True,3,1,0.3333333
2026-03-06_23.03.47,33,sign-optimization-horizontal-vertical_scenario,634,189,3,2,-7,0,90,15,1,19019,AdultFemaleAgent(Clone),5,10,1.58,1.45,0,0,False,2,0,0
2026-03-06_23.03.47,33,sign-optimization-horizontal-vertical_scenario,634,189,3,2,-7,0,90,15,1,19020,AdultFemaleAgent(Clone),10,12,1.58,1.45,11.22559,1,True,3,1,0.3333333
2026-03-06_23.03.47,33,sign-optimization-horizontal-vertical_scenario,634,189,3,2,-7,0,90,15,1,19021,AdultFemaleAgent(Clone),10,12,1.58,1.45,13.70984,1,True,3,1,0.3333333
2026-03-06_23.03.47,33,sign-optimization-horizontal-vertical_scenario,634,189,3,2,-7,0,90,15,1,19022,WheelchairAgent(Clone),11,10,1.3,1.17,3.921875,1,False,3,0,0
2026-03-06_23.03.47,33,sign-optimization-horizontal-vertical_scenario,634,189,3,2,-7,0,90,15,1,19023,WheelchairAgent(Clone),10,12,1.3,1.17,10.19714,1,True,3,2,0.6666667
2026-03-06_23.03.47,33,sign-optimization-horizontal-vertical_scenario,634,189,3,2,-7,0,90,15,1,19024,WheelchairAgent(Clone),5,10,1.3,1.17,0,0,False,2,0,0
2026-03-06_23.03.47,33,sign-optimization-horizontal-vertical_scenario,634,189,3,2,-7,0,90,15,1,19025,AdultMaleAgent(Clone),7,11,1.71,1.58,0.2731934,1,False,2,0,0
2026-03-06_23.03.47,33,sign-optimization-horizontal-vertical_scenario,634,189,3,2,-7,0,90,15,1,19026,WheelchairAgent(Clone),5,10,1.3,1.17,0,0,False,2,0,0
2026-03-06_23.03.47,33,sign-optimization-horizontal-vertical_scenario,634,189,3,2,-7,0,90,15,1,19027,WheelchairAgent(Clone),5,10,1.3,1.17,0.4598389,1,False,2,0,0
2026-03-06_23.03.47,33,sign-optimization-horizontal-vertical_scenario,634,189,3,2,-7,0,90,15,1,19028,AdultMaleAgent(Clone),7,11,1.71,1.58,0,0,False,2,0,0
2026-03-06_23.03.47,33,sign-optimization-horizontal-vertical_scenario,634,189,3,2,-7,0,90,15,1,19029,AdultFemaleAgent(Clone),7,11,1.58,1.450001,0,0,False,2,0,0
2026-03-06_23.03.47,33,sign-optimization-horizontal-vertical_scenario,634,189,3,2,-7,0,90,15,1,19030,WheelchairAgent(Clone),7,11,1.3,1.17,0,0,False,2,0,0
2026-03-06_23.03.47,33,sign-optimization-horizontal-vertical_scenario,634,189,3,2,-7,0,90,15,1,19031,AdultFemaleAgent(Clone),10,12,1.58,1.45,8.432373,1,True,3,1,0.3333333
2026-03-06_23.03.47,33,sign-optimization-horizontal-vertical_scenario,634,189,3,2,-7,0,90,15,1,19032,WheelchairAgent(Clone),6,12,1.3,1.17,8.505615,1,True,2,1,0.5
2026-03-06_23.03.47,33,sign-optimization-horizontal-vertical_scenario,634,189,3,2,-7,0,90,15,1,19033,WheelchairAgent(Clone),11,10,1.3,1.17,4.217529,1,False,3,0,0
2026-03-06_23.03.47,33,sign-optimization-horizontal-vertical_scenario,634,189,3,2,-7,0,90,15,1,19034,AdultMaleAgent(Clone),5,10,1.71,1.58,0,0,False,2,0,0
2026-03-06_23.03.47,33,sign-optimization-horizontal-vertical_scenario,634,189,3,2,-7,0,90,15,1,19035,AdultMaleAgent(Clone),7,11,1.71,1.58,0,0,False,2,0,0
2026-03-06_23.03.47,33,sign-optimization-horizontal-vertical_scenario,634,189,3,2,-7,0,90,15,1,19036,AdultMaleAgent(Clone),5,10,1.71,1.58,0,0,False,2,0,0
2026-03-06_23.03.47,33,sign-optimization-horizontal-vertical_scenario,634,189,3,2,-7,0,90,15,1,19037,AdultFemaleAgent(Clone),7,11,1.58,1.450001,0,0,False,2,0,0
2026-03-06_23.03.47,33,sign-optimization-horizontal-vertical_scenario,634,189,3,2,-7,0,90,15,1,19038,AdultMaleAgent(Clone),6,12,1.71,1.58,9.339355,1,True,2,1,0.5
2026-03-06_23.03.47,33,sign-optimization-horizontal-vertical_scenario,634,189,3,2,-7,0,90,15,1,19039,AdultMaleAgent(Clone),6,12,1.71,1.58,10.42578,1,True,2,1,0.5
2026-03-06_23.03.47,33,sign-optimization-horizontal-vertical_scenario,634,189,3,2,-7,0,90,15,1,19040,AdultFemaleAgent(Clone),5,10,1.58,1.45,0,0,False,2,0,0
2026-03-06_23.03.47,33,sign-optimization-horizontal-vertical_scenario,634,189,3,2,-7,0,90,15,1,19041,WheelchairAgent(Clone),10,12,1.3,1.17,9.996582,1,True,3,2,0.6666667
2026-03-06_23.03.47,33,sign-optimization-horizontal-vertical_scenario,634,189,3,2,-7,0,90,15,1,19042,WheelchairAgent(Clone),7,11,1.3,1.17,3.858643,1,False,2,1,0.5
2026-03-06_23.03.47,33,sign-optimization-horizontal-vertical_scenario,634,189,3,2,-7,0,90,15,1,19043,AdultFemaleAgent(Clone),5,10,1.58,1.45,0,0,False,2,0,0
2026-03-06_23.03.47,33,sign-optimization-horizontal-vertical_scenario,634,189,3,2,-7,0,90,15,1,19044,AdultFemaleAgent(Clone),11,10,1.58,1.450001,4.143555,1,False,3,0,0
2026-03-06_23.03.47,33,sign-optimization-horizontal-vertical_scenario,634,189,3,2,-7,0,90,15,1,19045,AdultMaleAgent(Clone),6,12,1.71,1.58,9.109375,1,True,2,1,0.5
2026-03-06_23.03.47,33,sign-optimization-horizontal-vertical_scenario,634,189,3,2,-7,0,90,15,1,19046,AdultMaleAgent(Clone),5,10,1.71,1.58,0,0,False,2,0,0
2026-03-06_23.03.47,33,sign-optimization-horizontal-vertical_scenario,634,189,3,2,-7,0,90,15,1,19047,AdultMaleAgent(Clone),10,12,1.71,1.58,10.59668,1,True,3,1,0.3333333
2026-03-06_23.03.47,33,sign-optimization-horizontal-vertical_scenario,634,189,3,2,-7,0,90,15,1,19048,AdultMaleAgent(Clone),11,10,1.71,1.58,0,0,False,3,0,0
2026-03-06_23.03.47,33,sign-optimization-horizontal-vertical_scenario,634,189,3,2,-7,0,90,15,1,19049,WheelchairAgent(Clone),11,10,1.3,1.17,0,0,False,3,0,0
2026-03-06_23.03.47,33,sign-optimization-horizontal-vertical_scenario,634,189,3,2,-7,0,90,15,1,19050,AdultMaleAgent(Clone),5,10,1.71,1.58,0,0,False,2,0,0
2026-03-06_23.03.47,33,sign-optimization-horizontal-vertical_scenario,634,189,3,2,-7,0,90,15,1,19051,WheelchairAgent(Clone),10,12,1.3,1.17,11.06543,1,True,3,1,0.3333333
2026-03-06_23.03.47,33,sign-optimization-horizontal-vertical_scenario,634,189,3,2,-7,0,90,15,1,19052,AdultFemaleAgent(Clone),5,10,1.58,1.45,0,0,False,2,0,0
2026-03-06_23.03.47,33,sign-optimization-horizontal-vertical_scenario,634,189,3,2,-7,0,90,15,1,19053,WheelchairAgent(Clone),6,12,1.3,1.17,9.553101,1,True,2,1,0.5
2026-03-06_23.03.47,33,sign-optimization-horizontal-vertical_scenario,634,189,3,2,-7,0,90,15,1,19054,AdultFemaleAgent(Clone),5,10,1.58,1.45,0,0,False,2,0,0
2026-03-06_23.03.47,33,sign-optimization-horizontal-vertical_scenario,634,189,3,2,-7,0,90,15,1,19055,AdultMaleAgent(Clone),7,11,1.71,1.58,5.067383,1,False,2,1,0.5
2026-03-06_23.03.47,33,sign-optimization-horizontal-vertical_scenario,634,189,3,2,-7,0,90,15,1,19056,AdultFemaleAgent(Clone),10,12,1.58,1.45,9.328857,1,True,3,1,0.3333333
2026-03-06_23.03.47,33,sign-optimization-horizontal-vertical_scenario,634,189,3,2,-7,0,90,15,1,19057,AdultMaleAgent(Clone),7,11,1.71,1.58,1.605469,1,False,2,0,0
2026-03-06_23.03.47,33,sign-optimization-horizontal-vertical_scenario,634,189,3,2,-7,0,90,15,1,19058,WheelchairAgent(Clone),7,11,1.3,1.17,0,0,False,2,0,0
2026-03-06_23.03.47,33,sign-optimization-horizontal-vertical_scenario,634,189,3,2,-7,0,90,15,1,19059,AdultMaleAgent(Clone),5,10,1.71,1.58,0,0,False,2,0,0
2026-03-06_23.03.47,33,sign-optimization-horizontal-vertical_scenario,634,189,3,2,-7,0,90,15,1,19060,AdultFemaleAgent(Clone),7,11,1.58,1.450001,1.437012,1,False,2,1,0.5
2026-03-06_23.03.47,33,sign-optimization-horizontal-vertical_scenario,634,189,3,2,-7,0,90,15,1,19061,AdultFemaleAgent(Clone),5,10,1.58,1.45,0,0,False,2,0,0
2026-03-06_23.03.47,33,sign-optimization-horizontal-vertical_scenario,634,189,3,2,-7,0,90,15,1,19062,WheelchairAgent(Clone),5,10,1.3,1.17,0,0,False,2,0,0
2026-03-06_23.03.47,33,sign-optimization-horizontal-vertical_scenario,634,189,3,2,-7,0,90,15,1,19063,AdultMaleAgent(Clone),7,11,1.71,1.58,0,0,False,2,0,0
2026-03-06_23.03.47,33,sign-optimization-horizontal-vertical_scenario,634,189,3,2,-7,0,90,15,1,19064,AdultMaleAgent(Clone),5,10,1.71,1.58,0.5263672,1,False,2,0,0
2026-03-06_23.03.47,33,sign-optimization-horizontal-vertical_scenario,634,189,3,2,-7,0,90,15,1,19065,AdultFemaleAgent(Clone),5,10,1.58,1.45,0,0,False,2,0,0
2026-03-06_23.03.47,33,sign-optimization-horizontal-vertical_scenario,634,189,3,2,-7,0,90,15,1,19066,WheelchairAgent(Clone),11,10,1.3,1.17,0,0,False,3,0,0
2026-03-06_23.03.47,33,sign-optimization-horizontal-vertical_scenario,634,189,3,2,-7,0,90,15,1,19067,AdultFemaleAgent(Clone),5,10,1.58,1.45,0,0,False,2,0,0
2026-03-06_23.03.47,33,sign-optimization-horizontal-vertical_scenario,634,189,3,2,-7,0,90,15,1,19068,AdultFemaleAgent(Clone),6,12,1.58,1.45,9.614502,1,True,2,1,0.5
2026-03-06_23.03.47,33,sign-optimization-horizontal-vertical_scenario,634,189,3,2,-7,0,90,15,1,19069,WheelchairAgent(Clone),5,10,1.3,1.17,0,0,False,2,0,0
2026-03-06_23.03.47,33,sign-optimization-horizontal-vertical_scenario,634,189,3,2,-7,0,90,15,1,19070,AdultMaleAgent(Clone),11,10,1.71,1.58,0,0,False,3,0,0
2026-03-06_23.03.47,33,sign-optimization-horizontal-vertical_scenario,634,189,3,2,-7,0,90,15,1,19071,AdultMaleAgent(Clone),7,11,1.71,1.58,5.277344,1,False,2,1,0.5
2026-03-06_23.03.47,33,sign-optimization-horizontal-vertical_scenario,634,189,3,2,-7,0,90,15,1,19072,WheelchairAgent(Clone),6,12,1.3,1.17,9.552246,1,True,2,1,0.5
2026-03-06_23.03.47,33,sign-optimization-horizontal-vertical_scenario,634,189,3,2,-7,0,90,15,1,19073,WheelchairAgent(Clone),6,12,1.3,1.17,8.735596,1,True,2,1,0.5
2026-03-06_23.03.47,33,sign-optimization-horizontal-vertical_scenario,634,189,3,2,-7,0,90,15,1,19074,AdultFemaleAgent(Clone),11,10,1.58,1.450001,0,0,False,3,0,0
2026-03-06_23.03.47,33,sign-optimization-horizontal-vertical_scenario,634,189,3,2,-7,0,90,15,1,19075,AdultMaleAgent(Clone),11,10,1.71,1.58,0,0,False,3,0,0
2026-03-06_23.03.47,33,sign-optimization-horizontal-vertical_scenario,634,189,3,2,-7,0,90,15,1,19076,AdultFemaleAgent(Clone),6,12,1.58,1.45,10.66846,1,True,2,1,0.5
2026-03-06_23.03.47,33,sign-optimization-horizontal-vertical_scenario,634,189,3,2,-7,0,90,15,1,19077,WheelchairAgent(Clone),7,11,1.3,1.17,0,0,False,2,0,0
2026-03-06_23.03.47,33,sign-optimization-horizontal-vertical_scenario,634,189,3,2,-7,0,90,15,1,19078,AdultFemaleAgent(Clone),7,11,1.58,1.450001,0,0,False,2,0,0
2026-03-06_23.03.47,33,sign-optimization-horizontal-vertical_scenario,634,189,3,2,-7,0,90,15,1,19079,AdultFemaleAgent(Clone),6,12,1.58,1.45,9.293701,1,True,2,1,0.5
2026-03-06_23.03.47,33,sign-optimization-horizontal-vertical_scenario,634,189,3,2,-7,0,90,15,1,19080,AdultFemaleAgent(Clone),6,12,1.58,1.45,8.872925,1,True,2,1,0.5
2026-03-06_23.03.47,33,sign-optimization-horizontal-vertical_scenario,634,189,3,2,-7,0,90,15,1,19081,AdultFemaleAgent(Clone),10,12,1.58,1.45,11.73694,1,True,3,1,0.3333333
2026-03-06_23.03.47,33,sign-optimization-horizontal-vertical_scenario,634,189,3,2,-7,0,90,15,1,19082,AdultFemaleAgent(Clone),5,10,1.58,1.45,0,0,False,2,0,0
2026-03-06_23.03.47,33,sign-optimization-horizontal-vertical_scenario,634,189,3,2,-7,0,90,15,1,19083,AdultFemaleAgent(Clone),5,10,1.58,1.45,0,0,False,2,0,0
2026-03-06_23.03.47,33,sign-optimization-horizontal-vertical_scenario,634,189,3,2,-7,0,90,15,1,19084,AdultFemaleAgent(Clone),5,10,1.58,1.45,0,0,False,2,0,0
2026-03-06_23.03.47,33,sign-optimization-horizontal-vertical_scenario,634,189,3,2,-7,0,90,15,1,19085,AdultFemaleAgent(Clone),10,12,1.58,1.45,11.54541,1,True,3,1,0.3333333
2026-03-06_23.03.47,33,sign-optimization-horizontal-vertical_scenario,634,189,3,2,-7,0,90,15,1,19086,AdultMaleAgent(Clone),5,10,1.71,1.58,0,0,False,2,0,0
2026-03-06_23.03.47,33,sign-optimization-horizontal-vertical_scenario,634,189,3,2,-7,0,90,15,1,19087,AdultFemaleAgent(Clone),10,12,1.58,1.45,0,0,True,3,1,0.3333333
2026-03-06_23.03.47,33,sign-optimization-horizontal-vertical_scenario,634,189,3,2,-7,0,90,15,1,19088,AdultFemaleAgent(Clone),5,10,1.58,1.45,0,0,False,2,0,0
2026-03-06_23.03.47,33,sign-optimization-horizontal-vertical_scenario,634,189,3,2,-7,0,90,15,1,19089,AdultFemaleAgent(Clone),6,12,1.58,1.45,9.443359,1,True,2,1,0.5
2026-03-06_23.03.47,33,sign-optimization-horizontal-vertical_scenario,634,189,3,2,-7,0,90,15,1,19090,WheelchairAgent(Clone),10,12,1.3,1.17,8.608398,1,True,3,1,0.3333333
2026-03-06_23.03.47,33,sign-optimization-horizontal-vertical_scenario,634,189,3,2,-7,0,90,15,1,19091,AdultMaleAgent(Clone),5,10,1.71,1.58,0,0,False,2,0,0
2026-03-06_23.03.47,33,sign-optimization-horizontal-vertical_scenario,634,189,3,2,-7,0,90,15,1,19092,WheelchairAgent(Clone),5,10,1.3,1.17,0.03674316,1,False,2,0,0
2026-03-06_23.03.47,33,sign-optimization-horizontal-vertical_scenario,634,189,3,2,-7,0,90,15,1,19093,AdultMaleAgent(Clone),10,12,1.71,1.58,10.11365,1,True,3,2,0.6666667
2026-03-06_23.03.47,33,sign-optimization-horizontal-vertical_scenario,634,189,3,2,-7,0,90,15,1,19094,WheelchairAgent(Clone),7,11,1.3,1.17,0,0,False,2,0,0
2026-03-06_23.03.47,33,sign-optimization-horizontal-vertical_scenario,634,189,3,2,-7,0,90,15,1,19095,WheelchairAgent(Clone),5,10,1.3,1.17,0,0,False,2,0,0
2026-03-06_23.03.47,33,sign-optimization-horizontal-vertical_scenario,634,189,3,2,-7,0,90,15,1,19096,AdultFemaleAgent(Clone),7,11,1.58,1.450001,1.258911,1,False,2,1,0.5
2026-03-06_23.03.47,33,sign-optimization-horizontal-vertical_scenario,634,189,3,2,-7,0,90,15,1,19097,AdultMaleAgent(Clone),10,12,1.71,1.58,0,0,True,3,1,0.3333333
2026-03-06_23.03.47,33,sign-optimization-horizontal-vertical_scenario,634,189,3,2,-7,0,90,15,1,19098,WheelchairAgent(Clone),5,10,1.3,1.17,0,0,False,2,0,0
2026-03-06_23.03.47,33,sign-optimization-horizontal-vertical_scenario,634,189,3,2,-7,0,90,15,1,19099,AdultMaleAgent(Clone),7,11,1.71,1.58,0,0,False,2,0,0
2026-03-06_23.03.47,33,sign-optimization-horizontal-vertical_scenario,634,189,3,2,-7,0,90,15,1,19100,WheelchairAgent(Clone),6,12,1.3,1.17,9.680908,1,True,2,1,0.5
2026-03-06_23.03.47,33,sign-optimization-horizontal-vertical_scenario,634,189,3,2,-7,0,90,15,1,19101,AdultMaleAgent(Clone),6,12,1.71,1.58,10.5929,1,True,2,1,0.5
2026-03-06_23.03.47,33,sign-optimization-horizontal-vertical_scenario,634,189,3,2,-7,0,90,15,1,19102,AdultMaleAgent(Clone),5,10,1.71,1.58,0,0,False,2,0,0
2026-03-06_23.03.47,33,sign-optimization-horizontal-vertical_scenario,634,189,3,2,-7,0,90,15,1,19103,AdultFemaleAgent(Clone),6,12,1.58,1.45,10.87988,1,True,2,1,0.5
2026-03-06_23.03.47,33,sign-optimization-horizontal-vertical_scenario,634,189,3,2,-7,0,90,15,1,19104,AdultFemaleAgent(Clone),5,10,1.58,1.45,0,0,False,2,0,0
2026-03-06_23.03.47,33,sign-optimization-horizontal-vertical_scenario,634,189,3,2,-7,0,90,15,1,19105,WheelchairAgent(Clone),6,12,1.3,1.17,9.246582,1,True,2,1,0.5
2026-03-06_23.03.47,33,sign-optimization-horizontal-vertical_scenario,634,189,3,2,-7,0,90,15,1,19106,AdultFemaleAgent(Clone),10,12,1.58,1.45,0,0,True,3,1,0.3333333
2026-03-06_23.03.47,33,sign-optimization-horizontal-vertical_scenario,634,189,3,2,-7,0,90,15,1,19107,WheelchairAgent(Clone),5,10,1.3,1.17,0,0,False,2,0,0
2026-03-06_23.03.47,33,sign-optimization-horizontal-vertical_scenario,634,189,3,2,-7,0,90,15,1,19108,AdultFemaleAgent(Clone),10,12,1.58,1.45,10.96155,1,True,3,1,0.3333333
2026-03-06_23.03.47,33,sign-optimization-horizontal-vertical_scenario,634,189,3,2,-7,0,90,15,1,19109,AdultFemaleAgent(Clone),7,11,1.58,1.450001,0,0,False,2,0,0
2026-03-06_23.03.47,33,sign-optimization-horizontal-vertical_scenario,634,189,3,2,-7,0,90,15,1,19110,AdultMaleAgent(Clone),11,10,1.71,1.58,0,0,False,3,0,0
2026-03-06_23.03.47,33,sign-optimization-horizontal-vertical_scenario,634,189,3,2,-7,0,90,15,1,19111,AdultMaleAgent(Clone),10,12,1.71,1.58,0,0,True,3,1,0.3333333
2026-03-06_23.03.47,33,sign-optimization-horizontal-vertical_scenario,634,189,3,2,-7,0,90,15,1,19112,WheelchairAgent(Clone),7,11,1.3,1.17,0,0,False,2,1,0.5
2026-03-06_23.03.47,33,sign-optimization-horizontal-vertical_scenario,634,189,3,2,-7,0,90,15,1,19113,AdultFemaleAgent(Clone),10,12,1.58,1.45,0,0,True,3,1,0.3333333
2026-03-06_23.03.47,33,sign-optimization-horizontal-vertical_scenario,634,189,3,2,-7,0,90,15,1,19114,WheelchairAgent(Clone),7,11,1.3,1.17,0,0,False,2,0,0
2026-03-06_23.03.47,33,sign-optimization-horizontal-vertical_scenario,634,189,3,2,-7,0,90,15,1,19115,AdultMaleAgent(Clone),6,12,1.71,1.58,9.964844,1,True,2,1,0.5
2026-03-06_23.03.47,33,sign-optimization-horizontal-vertical_scenario,634,189,3,2,-7,0,90,15,1,19116,WheelchairAgent(Clone),6,12,1.3,1.17,8.61377,1,True,2,1,0.5
2026-03-06_23.03.47,33,sign-optimization-horizontal-vertical_scenario,634,189,3,2,-7,0,90,15,1,19117,AdultMaleAgent(Clone),7,11,1.71,1.58,0.6337891,1,False,2,0,0
2026-03-06_23.03.47,33,sign-optimization-horizontal-vertical_scenario,634,189,3,2,-7,0,90,15,1,19118,WheelchairAgent(Clone),11,10,1.3,1.17,0,0,False,3,0,0
2026-03-06_23.03.47,33,sign-optimization-horizontal-vertical_scenario,634,189,3,2,-7,0,90,15,1,19119,WheelchairAgent(Clone),6,12,1.3,1.17,8.937134,1,True,2,1,0.5
2026-03-06_23.03.47,33,sign-optimization-horizontal-vertical_scenario,634,189,3,2,-7,0,90,15,1,19120,WheelchairAgent(Clone),6,12,1.3,1.17,9.125,1,True,2,1,0.5
2026-03-06_23.03.47,33,sign-optimization-horizontal-vertical_scenario,634,189,3,2,-7,0,90,15,1,19121,WheelchairAgent(Clone),6,12,1.3,1.17,9.362305,1,True,2,1,0.5
2026-03-06_23.03.47,33,sign-optimization-horizontal-vertical_scenario,634,189,3,2,-7,0,90,15,1,19122,WheelchairAgent(Clone),10,12,1.3,1.17,0,0,True,3,1,0.3333333
2026-03-06_23.03.47,33,sign-optimization-horizontal-vertical_scenario,634,189,3,2,-7,0,90,15,1,19123,AdultFemaleAgent(Clone),10,12,1.58,1.45,0,0,True,3,1,0.3333333
2026-03-06_23.03.47,33,sign-optimization-horizontal-vertical_scenario,634,189,3,2,-7,0,90,15,1,19124,AdultMaleAgent(Clone),10,12,1.71,1.58,0,0,True,3,1,0.3333333
2026-03-06_23.03.47,33,sign-optimization-horizontal-vertical_scenario,634,189,3,2,-7,0,90,15,1,19125,AdultMaleAgent(Clone),11,10,1.71,1.58,0,0,False,3,0,0
2026-03-06_23.03.47,33,sign-optimization-horizontal-vertical_scenario,634,189,3,2,-7,0,90,15,1,19126,AdultFemaleAgent(Clone),5,10,1.58,1.45,0,0,False,2,0,0
2026-03-06_23.03.47,33,sign-optimization-horizontal-vertical_scenario,634,189,3,2,-7,0,90,15,1,19127,AdultFemaleAgent(Clone),6,12,1.58,1.45,10.17725,1,True,2,1,0.5
2026-03-06_23.03.47,33,sign-optimization-horizontal-vertical_scenario,634,189,3,2,-7,0,90,15,1,19128,AdultFemaleAgent(Clone),5,10,1.58,1.45,0,0,False,2,0,0
2026-03-06_23.03.47,33,sign-optimization-horizontal-vertical_scenario,634,189,3,2,-7,0,90,15,1,19129,WheelchairAgent(Clone),11,10,1.3,1.17,5.790161,1,False,3,0,0
2026-03-06_23.03.47,33,sign-optimization-horizontal-vertical_scenario,634,189,3,2,-7,0,90,15,1,19130,AdultFemaleAgent(Clone),7,11,1.58,1.450001,0,0,False,2,0,0
2026-03-06_23.03.47,33,sign-optimization-horizontal-vertical_scenario,634,189,3,2,-7,0,90,15,1,19131,AdultFemaleAgent(Clone),5,10,1.58,1.45,0.3497314,1,False,2,0,0
2026-03-06_23.03.47,33,sign-optimization-horizontal-vertical_scenario,634,189,3,2,-7,0,90,15,1,19132,AdultFemaleAgent(Clone),11,10,1.58,1.450001,0,0,False,3,0,0
2026-03-06_23.03.47,33,sign-optimization-horizontal-vertical_scenario,634,189,3,2,-7,0,90,15,1,19133,WheelchairAgent(Clone),7,11,1.3,1.17,0,0,False,2,0,0
2026-03-06_23.03.47,33,sign-optimization-horizontal-vertical_scenario,634,189,3,2,-7,0,90,15,1,19134,AdultFemaleAgent(Clone),5,10,1.58,1.45,0,0,False,2,0,0
2026-03-06_23.03.47,33,sign-optimization-horizontal-vertical_scenario,634,189,3,2,-7,0,90,15,1,19135,AdultMaleAgent(Clone),5,10,1.71,1.58,0,0,False,2,0,0
2026-03-06_23.03.47,33,sign-optimization-horizontal-vertical_scenario,634,189,3,2,-7,0,90,15,1,19136,AdultFemaleAgent(Clone),7,11,1.58,1.450001,0,0,False,2,0,0
2026-03-06_23.03.47,33,sign-optimization-horizontal-vertical_scenario,634,189,3,2,-7,0,90,15,1,19137,WheelchairAgent(Clone),5,10,1.3,1.17,0,0,False,2,0,0
2026-03-06_23.03.47,33,sign-optimization-horizontal-vertical_scenario,634,189,3,2,-7,0,90,15,1,19138,AdultFemaleAgent(Clone),6,12,1.58,1.45,8.986938,1,True,2,1,0.5
2026-03-06_23.03.47,33,sign-optimization-horizontal-vertical_scenario,634,189,3,2,-7,0,90,15,1,19139,WheelchairAgent(Clone),7,11,1.3,1.17,0,0,False,2,0,0
2026-03-06_23.03.47,33,sign-optimization-horizontal-vertical_scenario,634,189,3,2,-7,0,90,15,1,19140,AdultFemaleAgent(Clone),5,10,1.58,1.45,0,0,False,2,0,0
2026-03-06_23.03.47,33,sign-optimization-horizontal-vertical_scenario,634,189,3,2,-7,0,90,15,1,19141,AdultMaleAgent(Clone),11,10,1.71,1.58,0,0,False,3,0,0
2026-03-06_23.03.47,33,sign-optimization-horizontal-vertical_scenario,634,189,3,2,-7,0,90,15,1,19142,WheelchairAgent(Clone),7,11,1.3,1.17,0,0,False,2,0,0
2026-03-06_23.03.47,33,sign-optimization-horizontal-vertical_scenario,634,189,3,2,-7,0,90,15,1,19143,WheelchairAgent(Clone),6,12,1.3,1.17,8.745972,1,True,2,1,0.5
2026-03-06_23.03.47,33,sign-optimization-horizontal-vertical_scenario,634,189,3,2,-7,0,90,15,1,19144,WheelchairAgent(Clone),6,12,1.3,1.17,9.300537,1,True,2,1,0.5
2026-03-06_23.03.47,33,sign-optimization-horizontal-vertical_scenario,634,189,3,2,-7,0,90,15,1,19145,AdultFemaleAgent(Clone),6,12,1.58,1.45,9.974731,1,True,2,1,0.5
2026-03-06_23.03.47,33,sign-optimization-horizontal-vertical_scenario,634,189,3,2,-7,0,90,15,1,19146,WheelchairAgent(Clone),5,10,1.3,1.17,0,0,False,2,0,0
2026-03-06_23.03.47,33,sign-optimization-horizontal-vertical_scenario,634,189,3,2,-7,0,90,15,1,19147,WheelchairAgent(Clone),5,10,1.3,1.17,0,0,False,2,0,0
2026-03-06_23.03.47,33,sign-optimization-horizontal-vertical_scenario,634,189,3,2,-7,0,90,15,1,19148,AdultFemaleAgent(Clone),11,10,1.58,1.450001,0,0,False,3,0,0
2026-03-06_23.03.47,33,sign-optimization-horizontal-vertical_scenario,634,189,3,2,-7,0,90,15,1,19149,WheelchairAgent(Clone),10,12,1.3,1.17,8.352051,1,True,3,1,0.3333333
2026-03-06_23.03.47,33,sign-optimization-horizontal-vertical_scenario,634,189,3,2,-7,0,90,15,1,19150,AdultFemaleAgent(Clone),11,10,1.58,1.450001,0,0,False,3,0,0
2026-03-06_23.03.47,33,sign-optimization-horizontal-vertical_scenario,634,189,3,2,-7,0,90,15,1,19151,WheelchairAgent(Clone),6,12,1.3,1.17,9.013062,1,True,2,1,0.5
2026-03-06_23.03.47,33,sign-optimization-horizontal-vertical_scenario,634,189,3,2,-7,0,90,15,1,19152,AdultFemaleAgent(Clone),7,11,1.58,1.450001,0,0,False,2,0,0
2026-03-06_23.03.47,33,sign-optimization-horizontal-vertical_scenario,634,189,3,2,-7,0,90,15,1,19153,WheelchairAgent(Clone),5,10,1.3,1.17,0,0,False,2,0,0
2026-03-06_23.03.47,33,sign-optimization-horizontal-vertical_scenario,634,189,3,2,-7,0,90,15,1,19154,AdultMaleAgent(Clone),7,11,1.71,1.58,0,0,False,2,0,0
2026-03-06_23.03.47,33,sign-optimization-horizontal-vertical_scenario,634,189,3,2,-7,0,90,15,1,19155,WheelchairAgent(Clone),10,12,1.3,1.17,0,0,False,3,2,0.6666667
2026-03-06_23.03.47,33,sign-optimization-horizontal-vertical_scenario,634,189,3,2,-7,0,90,15,1,19156,AdultFemaleAgent(Clone),10,12,1.58,1.45,0,0,True,3,1,0.3333333
2026-03-06_23.03.47,33,sign-optimization-horizontal-vertical_scenario,634,189,3,2,-7,0,90,15,1,19157,WheelchairAgent(Clone),5,10,1.3,1.17,0,0,False,2,0,0
2026-03-06_23.03.47,33,sign-optimization-horizontal-vertical_scenario,634,189,3,2,-7,0,90,15,1,19158,WheelchairAgent(Clone),11,10,1.3,1.17,0,0,False,3,0,0
2026-03-06_23.03.47,33,sign-optimization-horizontal-vertical_scenario,634,189,3,2,-7,0,90,15,1,19159,AdultMaleAgent(Clone),5,10,1.71,1.58,0,0,False,2,0,0
2026-03-06_23.03.47,33,sign-optimization-horizontal-vertical_scenario,634,189,3,2,-7,0,90,15,1,19160,AdultFemaleAgent(Clone),5,10,1.58,1.45,0,0,False,2,0,0
2026-03-06_23.03.47,33,sign-optimization-horizontal-vertical_scenario,634,189,3,2,-7,0,90,15,1,19161,WheelchairAgent(Clone),11,10,1.3,1.17,0,0,False,3,0,0
2026-03-06_23.03.47,33,sign-optimization-horizontal-vertical_scenario,634,189,3,2,-7,0,90,15,1,19162,AdultFemaleAgent(Clone),10,12,1.58,1.45,0,0,True,3,1,0.3333333
2026-03-06_23.03.47,33,sign-optimization-horizontal-vertical_scenario,634,189,3,2,-7,0,90,15,1,19163,AdultMaleAgent(Clone),10,12,1.71,1.58,0,0,True,3,2,0.6666667
2026-03-06_23.03.47,33,sign-optimization-horizontal-vertical_scenario,634,189,3,2,-7,0,90,15,1,19164,AdultMaleAgent(Clone),5,10,1.71,1.58,0,0,False,2,0,0
2026-03-06_23.03.47,33,sign-optimization-horizontal-vertical_scenario,634,189,3,2,-7,0,90,15,1,19165,AdultMaleAgent(Clone),11,10,1.71,1.58,0,0,False,3,0,0
2026-03-06_23.03.47,33,sign-optimization-horizontal-vertical_scenario,634,189,3,2,-7,0,90,15,1,19166,AdultFemaleAgent(Clone),11,10,1.58,1.450001,0,0,False,3,0,0
2026-03-06_23.03.47,33,sign-optimization-horizontal-vertical_scenario,634,189,3,2,-7,0,90,15,1,19167,AdultMaleAgent(Clone),11,10,1.71,1.58,0,0,False,3,0,0
2026-03-06_23.03.47,33,sign-optimization-horizontal-vertical_scenario,634,189,3,2,-7,0,90,15,1,19168,AdultMaleAgent(Clone),7,11,1.71,1.58,0,0,False,2,0,0
2026-03-06_23.03.47,33,sign-optimization-horizontal-vertical_scenario,634,189,3,2,-7,0,90,15,1,19169,AdultMaleAgent(Clone),5,10,1.71,1.58,0,0,False,2,0,0
2026-03-06_23.03.47,33,sign-optimization-horizontal-vertical_scenario,634,189,3,2,-7,0,90,15,1,19170,WheelchairAgent(Clone),5,10,1.3,1.17,0,0,False,2,0,0
2026-03-06_23.03.47,33,sign-optimization-horizontal-vertical_scenario,634,189,3,2,-7,0,90,15,1,19171,AdultMaleAgent(Clone),6,12,1.71,1.58,0,0,True,2,1,0.5
2026-03-06_23.03.47,33,sign-optimization-horizontal-vertical_scenario,634,189,3,2,-7,0,90,15,1,19172,AdultMaleAgent(Clone),7,11,1.71,1.58,0,0,False,2,0,0
2026-03-06_23.03.47,33,sign-optimization-horizontal-vertical_scenario,634,189,3,2,-7,0,90,15,1,19173,AdultMaleAgent(Clone),6,12,1.71,1.58,0,0,True,2,1,0.5
2026-03-06_23.03.47,33,sign-optimization-horizontal-vertical_scenario,634,189,3,2,-7,0,90,15,1,19174,WheelchairAgent(Clone),7,11,1.3,1.17,0,0,False,2,0,0
2026-03-06_23.03.47,33,sign-optimization-horizontal-vertical_scenario,634,189,3,2,-7,0,90,15,1,19175,AdultMaleAgent(Clone),5,10,1.71,1.58,0,0,False,2,0,0
2026-03-06_23.03.47,33,sign-optimization-horizontal-vertical_scenario,634,189,3,2,-7,0,90,15,1,19176,AdultMaleAgent(Clone),5,10,1.71,1.58,0,0,False,2,0,0
2026-03-06_23.03.47,33,sign-optimization-horizontal-vertical_scenario,634,189,3,2,-7,0,90,15,1,19177,AdultMaleAgent(Clone),10,12,1.71,1.58,0,0,True,3,1,0.3333333
2026-03-06_23.03.47,33,sign-optimization-horizontal-vertical_scenario,634,189,3,2,-7,0,90,15,1,19178,AdultFemaleAgent(Clone),6,12,1.58,1.45,0,0,True,2,1,0.5
2026-03-06_23.03.47,33,sign-optimization-horizontal-vertical_scenario,634,189,3,2,-7,0,90,15,1,19179,AdultMaleAgent(Clone),10,12,1.71,1.58,0,0,True,3,1,0.3333333
2026-03-06_23.03.47,33,sign-optimization-horizontal-vertical_scenario,634,189,3,2,-7,0,90,15,1,19180,AdultFemaleAgent(Clone),11,10,1.58,1.450001,0,0,False,3,0,0
2026-03-06_23.03.47,33,sign-optimization-horizontal-vertical_scenario,634,189,3,2,-7,0,90,15,1,19181,AdultMaleAgent(Clone),11,10,1.71,1.58,0,0,False,3,0,0
2026-03-06_23.03.47,33,sign-optimization-horizontal-vertical_scenario,634,189,3,2,-7,0,90,15,1,19182,AdultFemaleAgent(Clone),7,11,1.58,1.450001,0,0,False,2,0,0
2026-03-06_23.03.47,33,sign-optimization-horizontal-vertical_scenario,634,189,3,2,-7,0,90,15,1,19183,AdultMaleAgent(Clone),11,10,1.71,1.58,0,0,False,3,0,0
2026-03-06_23.03.47,33,sign-optimization-horizontal-vertical_scenario,634,189,3,2,-7,0,90,15,1,19184,AdultMaleAgent(Clone),5,10,1.71,1.58,0,0,False,2,0,0
2026-03-06_23.03.47,33,sign-optimization-horizontal-vertical_scenario,634,189,3,2,-7,0,90,15,1,19185,AdultMaleAgent(Clone),7,11,1.71,1.58,0,0,False,2,0,0
2026-03-06_23.03.47,33,sign-optimization-horizontal-vertical_scenario,634,189,3,2,-7,0,90,15,1,19186,AdultFemaleAgent(Clone),5,10,1.58,1.45,0,0,False,2,0,0
2026-03-06_23.03.47,33,sign-optimization-horizontal-vertical_scenario,634,189,3,2,-7,0,90,15,1,19187,WheelchairAgent(Clone),5,10,1.3,1.17,0,0,False,2,0,0
2026-03-06_23.03.47,33,sign-optimization-horizontal-vertical_scenario,634,189,3,2,-7,0,90,15,1,19188,AdultFemaleAgent(Clone),10,12,1.58,1.45,0,0,True,3,1,0.3333333
2026-03-06_23.03.47,33,sign-optimization-horizontal-vertical_scenario,634,189,3,2,-7,0,90,15,1,19189,WheelchairAgent(Clone),5,10,1.3,1.17,0,0,False,2,0,0
2026-03-06_23.03.47,33,sign-optimization-horizontal-vertical_scenario,634,189,3,2,-7,0,90,15,1,19190,AdultFemaleAgent(Clone),6,12,1.58,1.45,0,0,True,2,1,0.5
2026-03-06_23.03.47,33,sign-optimization-horizontal-vertical_scenario,634,189,3,2,-7,0,90,15,1,19191,WheelchairAgent(Clone),10,12,1.3,1.17,0,0,True,3,1,0.3333333
2026-03-06_23.03.47,33,sign-optimization-horizontal-vertical_scenario,634,189,3,2,-7,0,90,15,1,19192,AdultFemaleAgent(Clone),10,12,1.58,1.45,0,0,True,3,1,0.3333333
2026-03-06_23.03.47,33,sign-optimization-horizontal-vertical_scenario,634,189,3,2,-7,0,90,15,1,19193,AdultMaleAgent(Clone),5,10,1.71,1.58,0,0,False,2,0,0
2026-03-06_23.03.47,33,sign-optimization-horizontal-vertical_scenario,634,189,3,2,-7,0,90,15,1,19194,AdultFemaleAgent(Clone),7,11,1.58,1.450001,0,0,False,2,0,0
2026-03-06_23.03.47,33,sign-optimization-horizontal-vertical_scenario,634,189,3,2,-7,0,90,15,1,19195,AdultMaleAgent(Clone),6,12,1.71,1.58,0,0,True,2,1,0.5
2026-03-06_23.03.47,33,sign-optimization-horizontal-vertical_scenario,634,189,3,2,-7,0,90,15,1,19196,AdultFemaleAgent(Clone),6,12,1.58,1.45,0,0,True,2,1,0.5
2026-03-06_23.03.47,33,sign-optimization-horizontal-vertical_scenario,634,189,3,2,-7,0,90,15,1,19197,WheelchairAgent(Clone),6,12,1.3,1.17,0,0,True,2,1,0.5
2026-03-06_23.03.47,33,sign-optimization-horizontal-vertical_scenario,634,189,3,2,-7,0,90,15,1,19198,AdultMaleAgent(Clone),11,10,1.71,1.58,0,0,False,3,0,0
2026-03-06_23.03.47,33,sign-optimization-horizontal-vertical_scenario,634,189,3,2,-7,0,90,15,1,19199,AdultMaleAgent(Clone),7,11,1.71,1.58,0,0,False,2,0,0
2026-03-06_23.03.47,33,sign-optimization-horizontal-vertical_scenario,634,189,3,2,-7,0,90,15,1,19200,WheelchairAgent(Clone),6,12,1.3,1.17,0,0,True,2,1,0.5
2026-03-06_23.03.47,33,sign-optimization-horizontal-vertical_scenario,634,189,3,2,-7,0,90,15,1,19201,AdultFemaleAgent(Clone),7,11,1.58,1.450001,0,0,False,2,0,0
2026-03-06_23.03.47,33,sign-optimization-horizontal-vertical_scenario,634,189,3,2,-7,0,90,15,1,19202,AdultFemaleAgent(Clone),10,12,1.58,1.45,0,0,False,3,1,0.3333333
2026-03-06_23.03.47,33,sign-optimization-horizontal-vertical_scenario,634,189,3,2,-7,0,90,15,1,19203,AdultMaleAgent(Clone),7,11,1.71,1.58,0,0,False,2,0,0
2026-03-06_23.03.47,33,sign-optimization-horizontal-vertical_scenario,634,189,3,2,-7,0,90,15,1,19204,AdultMaleAgent(Clone),10,12,1.71,1.58,0,0,True,3,1,0.3333333
2026-03-06_23.03.47,33,sign-optimization-horizontal-vertical_scenario,634,189,3,2,-7,0,90,15,1,19205,AdultMaleAgent(Clone),5,10,1.71,1.58,0,0,False,2,0,0
2026-03-06_23.03.47,33,sign-optimization-horizontal-vertical_scenario,634,189,3,2,-7,0,90,15,1,19206,AdultFemaleAgent(Clone),10,12,1.58,1.45,0,0,False,3,0,0
2026-03-06_23.03.47,33,sign-optimization-horizontal-vertical_scenario,634,189,3,2,-7,0,90,15,1,19207,AdultMaleAgent(Clone),10,12,1.71,1.58,0,0,False,3,1,0.3333333
2026-03-06_23.03.47,33,sign-optimization-horizontal-vertical_scenario,634,189,3,2,-7,0,90,15,1,19208,WheelchairAgent(Clone),5,10,1.3,1.17,0,0,False,2,0,0
2026-03-06_23.03.47,33,sign-optimization-horizontal-vertical_scenario,634,189,3,2,-7,0,90,15,1,19209,AdultMaleAgent(Clone),10,12,1.71,1.58,0,0,True,3,1,0.3333333
2026-03-06_23.03.47,33,sign-optimization-horizontal-vertical_scenario,634,189,3,2,-7,0,90,15,1,19210,AdultMaleAgent(Clone),10,12,1.71,1.58,0,0,False,3,0,0
2026-03-06_23.03.47,33,sign-optimization-horizontal-vertical_scenario,634,189,3,2,-7,0,90,15,1,19211,AdultFemaleAgent(Clone),5,10,1.58,1.45,0,0,False,2,0,0
2026-03-06_23.03.47,33,sign-optimization-horizontal-vertical_scenario,634,189,3,2,-7,0,90,15,1,19212,AdultMaleAgent(Clone),6,12,1.71,1.58,0,0,False,2,1,0.5
2026-03-06_23.03.47,33,sign-optimization-horizontal-vertical_scenario,634,189,3,2,-7,0,90,15,1,19213,AdultFemaleAgent(Clone),7,11,1.58,1.450001,0,0,False,2,0,0
2026-03-06_23.03.47,33,sign-optimization-horizontal-vertical_scenario,634,189,3,2,-7,0,90,15,1,19214,AdultFemaleAgent(Clone),11,10,1.58,1.450001,0,0,False,3,0,0
2026-03-06_23.03.47,33,sign-optimization-horizontal-vertical_scenario,634,189,3,2,-7,0,90,15,1,19215,AdultFemaleAgent(Clone),11,10,1.58,1.450001,0,0,False,3,0,0
2026-03-06_23.03.47,33,sign-optimization-horizontal-vertical_scenario,634,189,3,2,-7,0,90,15,1,19216,AdultMaleAgent(Clone),11,10,1.71,1.58,0,0,False,3,0,0
2026-03-06_23.03.47,33,sign-optimization-horizontal-vertical_scenario,634,189,3,2,-7,0,90,15,1,19217,AdultMaleAgent(Clone),11,10,1.71,1.58,0,0,False,3,0,0
2026-03-06_23.03.47,33,sign-optimization-horizontal-vertical_scenario,634,189,3,2,-7,0,90,15,1,19218,WheelchairAgent(Clone),6,12,1.3,1.17,0,0,False,2,1,0.5
2026-03-06_23.03.47,33,sign-optimization-horizontal-vertical_scenario,634,189,3,2,-7,0,90,15,1,19219,AdultFemaleAgent(Clone),6,12,1.58,1.45,0,0,False,2,0,0
2026-03-06_23.03.47,33,sign-optimization-horizontal-vertical_scenario,634,189,3,2,-7,0,90,15,1,19220,WheelchairAgent(Clone),5,10,1.3,1.17,0,0,False,2,0,0
2026-03-06_23.03.47,33,sign-optimization-horizontal-vertical_scenario,634,189,3,2,-7,0,90,15,1,19221,AdultFemaleAgent(Clone),11,10,1.58,1.450001,0,0,False,3,0,0
2026-03-06_23.03.47,33,sign-optimization-horizontal-vertical_scenario,634,189,3,2,-7,0,90,15,1,19222,AdultMaleAgent(Clone),10,12,1.71,1.58,0,0,False,3,1,0.3333333
2026-03-06_23.03.47,33,sign-optimization-horizontal-vertical_scenario,634,189,3,2,-7,0,90,15,1,19223,AdultFemaleAgent(Clone),11,10,1.58,1.450001,0,0,False,3,0,0
2026-03-06_23.03.47,33,sign-optimization-horizontal-vertical_scenario,634,189,3,2,-7,0,90,15,1,19224,WheelchairAgent(Clone),11,10,1.3,1.17,0,0,False,3,0,0
2026-03-06_23.03.47,33,sign-optimization-horizontal-vertical_scenario,634,189,3,2,-7,0,90,15,1,19225,WheelchairAgent(Clone),5,10,1.3,1.17,0,0,False,2,0,0
2026-03-06_23.03.47,33,sign-optimization-horizontal-vertical_scenario,634,189,3,2,-7,0,90,15,1,19226,WheelchairAgent(Clone),7,11,1.3,1.17,0,0,False,2,0,0
2026-03-06_23.03.47,33,sign-optimization-horizontal-vertical_scenario,634,189,3,2,-7,0,90,15,1,19227,WheelchairAgent(Clone),5,10,1.3,1.17,0,0,False,2,0,0
2026-03-06_23.03.47,33,sign-optimization-horizontal-vertical_scenario,634,189,3,2,-7,0,90,15,1,19228,AdultFemaleAgent(Clone),6,12,1.58,1.45,0,0,False,2,0,0
2026-03-06_23.03.47,33,sign-optimization-horizontal-vertical_scenario,634,189,3,2,-7,0,90,15,1,19229,AdultFemaleAgent(Clone),10,12,1.58,1.45,0,0,False,3,0,0
2026-03-06_23.03.47,33,sign-optimization-horizontal-vertical_scenario,634,189,3,2,-7,0,90,15,1,19230,WheelchairAgent(Clone),5,10,1.3,1.17,0,0,False,2,0,0
2026-03-06_23.03.47,33,sign-optimization-horizontal-vertical_scenario,634,189,3,2,-7,0,90,15,1,19231,AdultFemaleAgent(Clone),11,10,1.58,1.450001,0,0,False,3,0,0
2026-03-06_23.03.47,33,sign-optimization-horizontal-vertical_scenario,634,189,3,2,-7,0,90,15,1,19232,AdultMaleAgent(Clone),7,11,1.71,1.58,0,0,False,2,0,0
2026-03-06_23.03.47,33,sign-optimization-horizontal-vertical_scenario,634,189,3,2,-7,0,90,15,1,19233,AdultFemaleAgent(Clone),10,12,1.58,1.45,0,0,False,3,0,0
2026-03-06_23.03.47,33,sign-optimization-horizontal-vertical_scenario,634,189,3,2,-7,0,90,15,1,19234,WheelchairAgent(Clone),6,12,1.3,1.17,0,0,True,2,1,0.5
2026-03-06_23.03.47,33,sign-optimization-horizontal-vertical_scenario,634,189,3,2,-7,0,90,15,1,19235,WheelchairAgent(Clone),5,10,1.3,1.17,0,0,False,2,0,0
2026-03-06_23.03.47,33,sign-optimization-horizontal-vertical_scenario,634,189,3,2,-7,0,90,15,1,19236,AdultFemaleAgent(Clone),7,11,1.58,1.450001,0,0,False,2,0,0
2026-03-06_23.03.47,33,sign-optimization-horizontal-vertical_scenario,634,189,3,2,-7,0,90,15,1,19237,AdultFemaleAgent(Clone),10,12,1.58,1.45,0,0,False,3,0,0
2026-03-06_23.03.47,33,sign-optimization-horizontal-vertical_scenario,634,189,3,2,-7,0,90,15,1,19238,AdultMaleAgent(Clone),5,10,1.71,1.58,0,0,False,2,0,0
2026-03-06_23.03.47,33,sign-optimization-horizontal-vertical_scenario,634,189,3,2,-7,0,90,15,1,19239,WheelchairAgent(Clone),11,10,1.3,1.17,0,0,False,3,0,0
2026-03-06_23.03.47,33,sign-optimization-horizontal-vertical_scenario,634,189,3,2,-7,0,90,15,1,19240,WheelchairAgent(Clone),5,10,1.3,1.17,0,0,False,2,0,0
2026-03-06_23.03.47,33,sign-optimization-horizontal-vertical_scenario,634,189,3,2,-7,0,90,15,1,19241,AdultMaleAgent(Clone),11,10,1.71,1.58,0,0,False,3,0,0
2026-03-06_23.03.47,33,sign-optimization-horizontal-vertical_scenario,634,189,3,2,-7,0,90,15,1,19242,AdultFemaleAgent(Clone),10,12,1.58,1.45,0,0,False,3,0,0
2026-03-06_23.03.47,33,sign-optimization-horizontal-vertical_scenario,634,189,3,2,-7,0,90,15,1,19243,AdultFemaleAgent(Clone),7,11,1.58,1.450001,0,0,False,2,0,0
2026-03-06_23.03.47,33,sign-optimization-horizontal-vertical_scenario,634,189,3,2,-7,0,90,15,1,19244,WheelchairAgent(Clone),10,12,1.3,1.17,0,0,False,3,0,0
2026-03-06_23.03.47,33,sign-optimization-horizontal-vertical_scenario,634,189,3,2,-7,0,90,15,1,19245,WheelchairAgent(Clone),5,10,1.3,1.17,0,0,False,2,0,0
2026-03-06_23.03.47,33,sign-optimization-horizontal-vertical_scenario,634,189,3,2,-7,0,90,15,1,19246,AdultMaleAgent(Clone),10,12,1.71,1.58,0,0,False,3,0,0
2026-03-06_23.03.47,33,sign-optimization-horizontal-vertical_scenario,634,189,3,2,-7,0,90,15,1,19247,WheelchairAgent(Clone),11,10,1.3,1.17,0,0,False,3,0,0
2026-03-06_23.03.47,33,sign-optimization-horizontal-vertical_scenario,634,189,3,2,-7,0,90,15,1,19248,AdultFemaleAgent(Clone),11,10,1.58,1.450001,0,0,False,3,0,0
2026-03-06_23.03.47,33,sign-optimization-horizontal-vertical_scenario,634,189,3,2,-7,0,90,15,1,19249,AdultFemaleAgent(Clone),6,12,1.58,1.45,0,0,False,2,0,0
2026-03-06_23.03.47,33,sign-optimization-horizontal-vertical_scenario,634,189,3,2,-7,0,90,15,1,19250,WheelchairAgent(Clone),10,12,1.3,1.17,0,0,False,3,0,0
2026-03-06_23.03.47,33,sign-optimization-horizontal-vertical_scenario,634,189,3,2,-7,0,90,15,1,19251,AdultFemaleAgent(Clone),6,12,1.58,1.45,0,0,False,2,0,0
2026-03-06_23.03.47,33,sign-optimization-horizontal-vertical_scenario,634,189,3,2,-7,0,90,15,1,19252,AdultMaleAgent(Clone),7,11,1.71,1.58,0,0,False,2,0,0
2026-03-06_23.03.47,33,sign-optimization-horizontal-vertical_scenario,634,189,3,2,-7,0,90,15,1,19253,AdultFemaleAgent(Clone),10,12,1.58,1.45,0,0,False,3,0,0
2026-03-06_23.03.47,33,sign-optimization-horizontal-vertical_scenario,634,189,3,2,-7,0,90,15,1,19254,WheelchairAgent(Clone),6,12,1.3,1.17,0,0,False,2,0,0
2026-03-06_23.03.47,33,sign-optimization-horizontal-vertical_scenario,634,189,3,2,-7,0,90,15,1,19255,AdultFemaleAgent(Clone),5,10,1.58,1.45,0,0,False,2,0,0
2026-03-06_23.03.47,33,sign-optimization-horizontal-vertical_scenario,634,189,3,2,-7,0,90,15,1,19256,WheelchairAgent(Clone),11,10,1.3,1.17,0,0,False,3,0,0
2026-03-06_23.03.47,33,sign-optimization-horizontal-vertical_scenario,634,189,3,2,-7,0,90,15,1,19257,AdultMaleAgent(Clone),10,12,1.71,1.58,0,0,False,3,0,0
2026-03-06_23.03.47,33,sign-optimization-horizontal-vertical_scenario,634,189,3,2,-7,0,90,15,1,19258,AdultFemaleAgent(Clone),7,11,1.58,1.450001,0,0,False,2,0,0
2026-03-06_23.03.47,33,sign-optimization-horizontal-vertical_scenario,634,189,3,2,-7,0,90,15,1,19259,AdultMaleAgent(Clone),10,12,1.71,1.58,0,0,False,3,0,0
2026-03-06_23.03.47,33,sign-optimization-horizontal-vertical_scenario,634,189,3,2,-7,0,90,15,1,19260,AdultFemaleAgent(Clone),11,10,1.58,1.450001,0,0,False,3,0,0
2026-03-06_23.03.47,33,sign-optimization-horizontal-vertical_scenario,634,189,3,2,-7,0,90,15,1,19261,WheelchairAgent(Clone),5,10,1.3,1.17,0,0,False,2,0,0
2026-03-06_23.03.47,33,sign-optimization-horizontal-vertical_scenario,634,189,3,2,-7,0,90,15,1,19262,WheelchairAgent(Clone),6,12,1.3,1.17,0,0,False,2,0,0
2026-03-06_23.03.47,33,sign-optimization-horizontal-vertical_scenario,634,189,3,2,-7,0,90,15,1,19263,AdultMaleAgent(Clone),7,11,1.71,1.58,0,0,False,2,0,0
2026-03-06_23.03.47,33,sign-optimization-horizontal-vertical_scenario,634,189,3,2,-7,0,90,15,1,19264,WheelchairAgent(Clone),6,12,1.3,1.17,0,0,False,2,0,0
2026-03-06_23.03.47,33,sign-optimization-horizontal-vertical_scenario,634,189,3,2,-7,0,90,15,1,19265,AdultFemaleAgent(Clone),5,10,1.58,1.45,0,0,False,2,0,0
2026-03-06_23.03.47,33,sign-optimization-horizontal-vertical_scenario,634,189,3,2,-7,0,90,15,1,19266,WheelchairAgent(Clone),6,12,1.3,1.17,0,0,False,2,0,0
2026-03-06_23.03.47,33,sign-optimization-horizontal-vertical_scenario,634,189,3,2,-7,0,90,15,1,19267,AdultFemaleAgent(Clone),10,12,1.58,1.45,0,0,False,3,0,0
2026-03-06_23.03.47,33,sign-optimization-horizontal-vertical_scenario,634,189,3,2,-7,0,90,15,1,19268,AdultMaleAgent(Clone),6,12,1.71,1.58,0,0,False,2,0,0
2026-03-06_23.03.47,33,sign-optimization-horizontal-vertical_scenario,634,189,3,2,-7,0,90,15,1,19269,AdultMaleAgent(Clone),5,10,1.71,1.58,0,0,False,2,0,0
2026-03-06_23.03.47,33,sign-optimization-horizontal-vertical_scenario,634,189,3,2,-7,0,90,15,1,19270,WheelchairAgent(Clone),7,11,1.3,1.17,0,0,False,2,0,0
2026-03-06_23.03.47,33,sign-optimization-horizontal-vertical_scenario,634,189,3,2,-7,0,90,15,1,19271,WheelchairAgent(Clone),6,12,1.3,1.17,0,0,False,2,0,0
2026-03-06_23.03.47,33,sign-optimization-horizontal-vertical_scenario,634,189,3,2,-7,0,90,15,1,19272,AdultMaleAgent(Clone),6,12,1.71,1.58,0,0,False,2,0,0
2026-03-06_23.03.47,33,sign-optimization-horizontal-vertical_scenario,634,189,3,2,-7,0,90,15,1,19273,AdultMaleAgent(Clone),11,10,1.71,1.58,0,0,False,3,0,0
2026-03-06_23.03.47,33,sign-optimization-horizontal-vertical_scenario,634,189,3,2,-7,0,90,15,1,19274,AdultFemaleAgent(Clone),10,12,1.58,1.45,0,0,False,3,0,0
2026-03-06_23.03.47,33,sign-optimization-horizontal-vertical_scenario,634,189,3,2,-7,0,90,15,1,19275,WheelchairAgent(Clone),5,10,1.3,1.17,0,0,False,2,0,0
2026-03-06_23.03.47,33,sign-optimization-horizontal-vertical_scenario,634,189,3,2,-7,0,90,15,1,19276,WheelchairAgent(Clone),5,10,1.3,1.17,0,0,False,2,0,0
2026-03-06_23.03.47,33,sign-optimization-horizontal-vertical_scenario,634,189,3,2,-7,0,90,15,1,19277,AdultMaleAgent(Clone),6,12,1.71,1.58,0,0,False,2,0,0
2026-03-06_23.03.47,33,sign-optimization-horizontal-vertical_scenario,634,189,3,2,-7,0,90,15,1,19278,AdultFemaleAgent(Clone),10,12,1.58,1.45,0,0,False,3,0,0
2026-03-06_23.03.47,33,sign-optimization-horizontal-vertical_scenario,634,189,3,2,-7,0,90,15,1,19279,AdultMaleAgent(Clone),10,12,1.71,1.58,0,0,False,3,0,0
2026-03-06_23.03.47,33,sign-optimization-horizontal-vertical_scenario,634,189,3,2,-7,0,90,15,1,19280,WheelchairAgent(Clone),7,11,1.3,1.17,0,0,False,2,0,0
2026-03-06_23.03.47,33,sign-optimization-horizontal-vertical_scenario,634,189,3,2,-7,0,90,15,1,19281,WheelchairAgent(Clone),6,12,1.3,1.17,0,0,False,2,0,0
2026-03-06_23.03.47,33,sign-optimization-horizontal-vertical_scenario,634,189,3,2,-7,0,90,15,1,19282,AdultMaleAgent(Clone),6,12,1.71,1.58,0,0,False,2,0,0
2026-03-06_23.03.47,33,sign-optimization-horizontal-vertical_scenario,634,189,3,2,-7,0,90,15,1,19283,AdultMaleAgent(Clone),11,10,1.71,1.58,0,0,False,3,0,0
2026-03-06_23.03.47,33,sign-optimization-horizontal-vertical_scenario,634,189,3,2,-7,0,90,15,1,19284,AdultMaleAgent(Clone),6,12,1.71,1.58,0,0,False,2,0,0
2026-03-06_23.03.47,33,sign-optimization-horizontal-vertical_scenario,634,189,3,2,-7,0,90,15,1,19285,WheelchairAgent(Clone),10,12,1.3,1.17,0,0,False,3,0,0
2026-03-06_23.03.47,33,sign-optimization-horizontal-vertical_scenario,634,189,3,2,-7,0,90,15,1,19286,WheelchairAgent(Clone),7,11,1.3,1.17,0,0,False,2,0,0
2026-03-06_23.03.47,33,sign-optimization-horizontal-vertical_scenario,634,189,3,2,-7,0,90,15,1,19287,AdultFemaleAgent(Clone),11,10,1.58,1.450001,0,0,False,3,0,0
2026-03-06_23.03.47,33,sign-optimization-horizontal-vertical_scenario,634,189,3,2,-7,0,90,15,1,19288,AdultFemaleAgent(Clone),7,11,1.58,1.450001,0,0,False,2,0,0
2026-03-06_23.03.47,33,sign-optimization-horizontal-vertical_scenario,634,189,3,2,-7,0,90,15,1,19289,WheelchairAgent(Clone),5,10,1.3,1.17,0,0,False,2,0,0
2026-03-06_23.03.47,33,sign-optimization-horizontal-vertical_scenario,634,189,3,2,-7,0,90,15,1,19290,WheelchairAgent(Clone),10,12,1.3,1.17,0,0,False,3,0,0
2026-03-06_23.03.47,33,sign-optimization-horizontal-vertical_scenario,634,189,3,2,-7,0,90,15,1,19291,AdultFemaleAgent(Clone),7,11,1.58,1.450001,0,0,False,2,0,0
2026-03-06_23.03.47,33,sign-optimization-horizontal-vertical_scenario,634,189,3,2,-7,0,90,15,1,19292,AdultFemaleAgent(Clone),7,11,1.58,1.450001,0,0,False,2,0,0
2026-03-06_23.03.47,33,sign-optimization-horizontal-vertical_scenario,634,189,3,2,-7,0,90,15,1,19293,AdultFemaleAgent(Clone),5,10,1.58,1.45,0,0,False,2,0,0
2026-03-06_23.03.47,33,sign-optimization-horizontal-vertical_scenario,634,189,3,2,-7,0,90,15,1,19294,WheelchairAgent(Clone),10,12,1.3,1.17,0,0,False,3,0,0
2026-03-06_23.03.47,33,sign-optimization-horizontal-vertical_scenario,634,189,3,2,-7,0,90,15,1,19295,AdultMaleAgent(Clone),10,12,1.71,1.58,0,0,False,3,0,0
2026-03-06_23.03.47,33,sign-optimization-horizontal-vertical_scenario,634,189,3,2,-7,0,90,15,1,19296,AdultMaleAgent(Clone),11,10,1.71,1.58,0,0,False,3,0,0
2026-03-06_23.03.47,33,sign-optimization-horizontal-vertical_scenario,634,189,3,2,-7,0,90,15,1,19297,AdultFemaleAgent(Clone),10,12,1.58,1.45,0,0,False,3,0,0
2026-03-06_23.03.47,33,sign-optimization-horizontal-vertical_scenario,634,189,3,2,-7,0,90,15,1,19298,WheelchairAgent(Clone),7,11,1.3,1.17,0,0,False,2,0,0
2026-03-06_23.03.47,33,sign-optimization-horizontal-vertical_scenario,634,189,3,2,-7,0,90,15,1,19299,WheelchairAgent(Clone),10,12,1.3,1.17,0,0,False,3,0,0
2026-03-06_23.03.47,33,sign-optimization-horizontal-vertical_scenario,634,189,3,2,-7,0,90,15,1,19300,AdultMaleAgent(Clone),5,10,1.71,1.58,0,0,False,2,0,0
2026-03-06_23.03.47,33,sign-optimization-horizontal-vertical_scenario,634,189,3,2,-7,0,90,15,1,19301,WheelchairAgent(Clone),5,10,1.3,1.17,0,0,False,2,0,0
2026-03-06_23.03.47,33,sign-optimization-horizontal-vertical_scenario,634,189,3,2,-7,0,90,15,1,19302,AdultFemaleAgent(Clone),7,11,1.58,1.450001,0,0,False,2,0,0
2026-03-06_23.03.47,33,sign-optimization-horizontal-vertical_scenario,634,189,3,2,-7,0,90,15,1,19303,WheelchairAgent(Clone),6,12,1.3,1.17,0,0,False,2,0,0
2026-03-06_23.03.47,33,sign-optimization-horizontal-vertical_scenario,634,189,3,2,-7,0,90,15,1,19304,AdultMaleAgent(Clone),5,10,1.71,1.58,0,0,False,2,0,0
2026-03-06_23.03.47,33,sign-optimization-horizontal-vertical_scenario,634,189,3,2,-7,0,90,15,1,19305,AdultFemaleAgent(Clone),6,12,1.58,1.45,0,0,False,2,0,0
2026-03-06_23.03.47,33,sign-optimization-horizontal-vertical_scenario,634,189,3,2,-7,0,90,15,1,19306,AdultMaleAgent(Clone),10,12,1.71,1.58,0,0,False,3,0,0
2026-03-06_23.03.47,33,sign-optimization-horizontal-vertical_scenario,634,189,3,2,-7,0,90,15,1,19307,AdultFemaleAgent(Clone),7,11,1.58,1.450001,0,0,False,2,0,0
2026-03-06_23.03.47,33,sign-optimization-horizontal-vertical_scenario,634,189,3,2,-7,0,90,15,1,19308,AdultMaleAgent(Clone),10,12,1.71,1.58,0,0,False,3,0,0
2026-03-06_23.03.47,33,sign-optimization-horizontal-vertical_scenario,634,189,3,2,-7,0,90,15,1,19309,AdultFemaleAgent(Clone),10,12,1.58,1.45,0,0,False,3,0,0
2026-03-06_23.03.47,33,sign-optimization-horizontal-vertical_scenario,634,189,3,2,-7,0,90,15,1,19310,AdultMaleAgent(Clone),10,12,1.71,1.58,0,0,False,3,0,0
2026-03-06_23.03.47,33,sign-optimization-horizontal-vertical_scenario,634,189,3,2,-7,0,90,15,1,19311,WheelchairAgent(Clone),5,10,1.3,1.17,0,0,False,2,0,0
2026-03-06_23.03.47,33,sign-optimization-horizontal-vertical_scenario,634,189,3,2,-7,0,90,15,1,19312,AdultFemaleAgent(Clone),6,12,1.58,1.45,0,0,False,2,0,0
2026-03-06_23.03.47,33,sign-optimization-horizontal-vertical_scenario,634,189,3,2,-7,0,90,15,1,19313,AdultFemaleAgent(Clone),5,10,1.58,1.45,0,0,False,2,0,0
2026-03-06_23.03.47,33,sign-optimization-horizontal-vertical_scenario,634,189,3,2,-7,0,90,15,1,19314,AdultFemaleAgent(Clone),11,10,1.58,1.450001,0,0,False,3,0,0
2026-03-06_23.03.47,33,sign-optimization-horizontal-vertical_scenario,634,189,3,2,-7,0,90,15,1,19315,AdultMaleAgent(Clone),10,12,1.71,1.58,0,0,False,3,0,0
2026-03-06_23.03.47,33,sign-optimization-horizontal-vertical_scenario,634,189,3,2,-7,0,90,15,1,19316,AdultMaleAgent(Clone),10,12,1.71,1.58,0,0,False,3,0,0
2026-03-06_23.03.47,33,sign-optimization-horizontal-vertical_scenario,634,189,3,2,-7,0,90,15,1,19317,WheelchairAgent(Clone),5,10,1.3,1.17,0,0,False,2,0,0
2026-03-06_23.03.47,33,sign-optimization-horizontal-vertical_scenario,634,189,3,2,-7,0,90,15,1,19318,WheelchairAgent(Clone),6,12,1.3,1.17,0,0,False,2,0,0
2026-03-06_23.03.47,33,sign-optimization-horizontal-vertical_scenario,634,189,3,2,-7,0,90,15,1,19319,AdultMaleAgent(Clone),11,10,1.71,1.58,0,0,False,3,0,0
2026-03-06_23.03.47,33,sign-optimization-horizontal-vertical_scenario,634,189,3,2,-7,0,90,15,1,19320,AdultMaleAgent(Clone),7,11,1.71,1.58,0,0,False,2,0,0
2026-03-06_23.03.47,33,sign-optimization-horizontal-vertical_scenario,634,189,3,2,-7,0,90,15,1,19321,AdultFemaleAgent(Clone),6,12,1.58,1.45,0,0,False,2,0,0
2026-03-06_23.03.47,33,sign-optimization-horizontal-vertical_scenario,634,189,3,2,-7,0,90,15,1,19322,AdultFemaleAgent(Clone),5,10,1.58,1.45,0,0,False,2,0,0
2026-03-06_23.03.47,33,sign-optimization-horizontal-vertical_scenario,634,189,3,2,-7,0,90,15,1,19323,WheelchairAgent(Clone),5,10,1.3,1.17,0,0,False,2,0,0
2026-03-06_23.03.47,33,sign-optimization-horizontal-vertical_scenario,634,189,3,2,-7,0,90,15,1,19324,AdultMaleAgent(Clone),10,12,1.71,1.58,0,0,False,3,0,0
2026-03-06_23.03.47,33,sign-optimization-horizontal-vertical_scenario,634,189,3,2,-7,0,90,15,1,19325,AdultMaleAgent(Clone),7,11,1.71,1.58,0,0,False,2,0,0
2026-03-06_23.03.47,33,sign-optimization-horizontal-vertical_scenario,634,189,3,2,-7,0,90,15,1,19326,WheelchairAgent(Clone),11,10,1.3,1.17,0,0,False,3,0,0
2026-03-06_23.03.47,33,sign-optimization-horizontal-vertical_scenario,634,189,3,2,-7,0,90,15,1,19327,AdultMaleAgent(Clone),10,12,1.71,1.58,0,0,False,3,0,0
2026-03-06_23.03.47,33,sign-optimization-horizontal-vertical_scenario,634,189,3,2,-7,0,90,15,1,19328,WheelchairAgent(Clone),11,10,1.3,1.17,0,0,False,3,0,0
2026-03-06_23.03.47,33,sign-optimization-horizontal-vertical_scenario,634,189,3,2,-7,0,90,15,1,19329,AdultFemaleAgent(Clone),5,10,1.58,1.45,0,0,False,2,0,0
2026-03-06_23.03.47,33,sign-optimization-horizontal-vertical_scenario,634,189,3,2,-7,0,90,15,1,19330,WheelchairAgent(Clone),11,10,1.3,1.17,0,0,False,3,0,0
2026-03-06_23.03.47,33,sign-optimization-horizontal-vertical_scenario,634,189,3,2,-7,0,90,15,1,19331,WheelchairAgent(Clone),5,10,1.3,1.17,0,0,False,2,0,0
2026-03-06_23.03.47,33,sign-optimization-horizontal-vertical_scenario,634,189,3,2,-7,0,90,15,1,19332,AdultFemaleAgent(Clone),11,10,1.58,1.450001,0,0,False,3,0,0
2026-03-06_23.03.47,33,sign-optimization-horizontal-vertical_scenario,634,189,3,2,-7,0,90,15,1,19333,WheelchairAgent(Clone),10,12,1.3,1.17,0,0,False,3,0,0
2026-03-06_23.03.47,33,sign-optimization-horizontal-vertical_scenario,634,189,3,2,-7,0,90,15,1,19334,WheelchairAgent(Clone),10,12,1.3,1.17,0,0,False,3,0,0
2026-03-06_23.03.47,33,sign-optimization-horizontal-vertical_scenario,634,189,3,2,-7,0,90,15,1,19335,AdultMaleAgent(Clone),7,11,1.71,1.58,0,0,False,2,0,0
2026-03-06_23.03.47,33,sign-optimization-horizontal-vertical_scenario,634,189,3,2,-7,0,90,15,1,19336,AdultFemaleAgent(Clone),7,11,1.58,1.450001,0,0,False,2,0,0
2026-03-06_23.03.47,33,sign-optimization-horizontal-vertical_scenario,634,189,3,2,-7,0,90,15,1,19337,AdultMaleAgent(Clone),5,10,1.71,1.58,0,0,False,2,0,0
2026-03-06_23.03.47,33,sign-optimization-horizontal-vertical_scenario,634,189,3,2,-7,0,90,15,1,19338,AdultFemaleAgent(Clone),10,12,1.58,1.45,0,0,False,3,0,0
2026-03-06_23.03.47,33,sign-optimization-horizontal-vertical_scenario,634,189,3,2,-7,0,90,15,1,19339,AdultFemaleAgent(Clone),10,12,1.58,1.45,0,0,False,3,0,0
2026-03-06_23.03.47,33,sign-optimization-horizontal-vertical_scenario,634,189,3,2,-7,0,90,15,1,19340,WheelchairAgent(Clone),5,10,1.3,1.17,0,0,False,2,0,0
2026-03-06_23.03.47,33,sign-optimization-horizontal-vertical_scenario,634,189,3,2,-7,0,90,15,1,19341,WheelchairAgent(Clone),11,10,1.3,1.17,0,0,False,3,0,0
2026-03-06_23.03.47,33,sign-optimization-horizontal-vertical_scenario,634,189,3,2,-7,0,90,15,1,19342,AdultFemaleAgent(Clone),11,10,1.58,1.450001,0,0,False,3,0,0
2026-03-06_23.03.47,33,sign-optimization-horizontal-vertical_scenario,634,189,3,2,-7,0,90,15,1,19343,WheelchairAgent(Clone),5,10,1.3,1.17,0,0,False,2,0,0
2026-03-06_23.03.47,33,sign-optimization-horizontal-vertical_scenario,634,189,3,2,-7,0,90,15,1,19344,AdultMaleAgent(Clone),10,12,1.71,1.58,0,0,False,3,0,0
2026-03-06_23.03.47,33,sign-optimization-horizontal-vertical_scenario,634,189,3,2,-7,0,90,15,1,19345,AdultFemaleAgent(Clone),6,12,1.58,1.45,0,0,False,2,0,0
2026-03-06_23.03.47,33,sign-optimization-horizontal-vertical_scenario,634,189,3,2,-7,0,90,15,1,19346,AdultMaleAgent(Clone),10,12,1.71,1.58,0,0,False,3,0,0
2026-03-06_23.03.47,33,sign-optimization-horizontal-vertical_scenario,634,189,3,2,-7,0,90,15,1,19347,AdultFemaleAgent(Clone),6,12,1.58,1.45,0,0,False,2,0,0
2026-03-06_23.03.47,33,sign-optimization-horizontal-vertical_scenario,634,189,3,2,-7,0,90,15,1,19348,WheelchairAgent(Clone),10,12,1.3,1.17,0,0,False,3,0,0
2026-03-06_23.03.47,33,sign-optimization-horizontal-vertical_scenario,634,189,3,2,-7,0,90,15,1,19349,AdultFemaleAgent(Clone),10,12,1.58,1.45,0,0,False,3,0,0
2026-03-06_23.03.47,33,sign-optimization-horizontal-vertical_scenario,634,189,3,2,-7,0,90,15,1,19350,WheelchairAgent(Clone),10,12,1.3,1.17,0,0,False,3,0,0
2026-03-06_23.03.47,33,sign-optimization-horizontal-vertical_scenario,634,189,3,2,-7,0,90,15,1,19351,AdultFemaleAgent(Clone),10,12,1.58,1.45,0,0,False,3,0,0
2026-03-06_23.03.47,33,sign-optimization-horizontal-vertical_scenario,634,189,3,2,-7,0,90,15,1,19352,AdultFemaleAgent(Clone),11,10,1.58,1.450001,0,0,False,3,0,0
2026-03-06_23.03.47,33,sign-optimization-horizontal-vertical_scenario,634,189,3,2,-7,0,90,15,1,19353,AdultFemaleAgent(Clone),5,10,1.58,1.45,0,0,False,2,0,0
2026-03-06_23.03.47,33,sign-optimization-horizontal-vertical_scenario,634,189,3,2,-7,0,90,15,1,19354,AdultFemaleAgent(Clone),11,10,1.58,1.450001,0,0,False,3,0,0
2026-03-06_23.03.47,33,sign-optimization-horizontal-vertical_scenario,634,189,3,2,-7,0,90,15,1,19355,WheelchairAgent(Clone),5,10,1.3,1.17,0,0,False,2,0,0
2026-03-06_23.03.47,33,sign-optimization-horizontal-vertical_scenario,634,189,3,2,-7,0,90,15,1,19356,AdultFemaleAgent(Clone),11,10,1.58,1.450001,0,0,False,3,0,0
2026-03-06_23.03.47,33,sign-optimization-horizontal-vertical_scenario,634,189,3,2,-7,0,90,15,1,19357,AdultFemaleAgent(Clone),11,10,1.58,1.450001,0,0,False,3,0,0
2026-03-06_23.03.47,33,sign-optimization-horizontal-vertical_scenario,634,189,3,2,-7,0,90,15,1,19358,AdultMaleAgent(Clone),6,12,1.71,1.58,0,0,False,2,0,0
2026-03-06_23.03.47,33,sign-optimization-horizontal-vertical_scenario,634,189,3,2,-7,0,90,15,1,19359,AdultMaleAgent(Clone),5,10,1.71,1.58,0,0,False,2,0,0
2026-03-06_23.03.47,33,sign-optimization-horizontal-vertical_scenario,634,189,3,2,-7,0,90,15,1,19360,AdultMaleAgent(Clone),6,12,1.71,1.58,0,0,False,2,0,0
2026-03-06_23.03.47,33,sign-optimization-horizontal-vertical_scenario,634,189,3,2,-7,0,90,15,1,19361,AdultMaleAgent(Clone),10,12,1.71,1.58,0,0,False,3,0,0
2026-03-06_23.03.47,33,sign-optimization-horizontal-vertical_scenario,634,189,3,2,-7,0,90,15,1,19362,AdultMaleAgent(Clone),7,11,1.71,1.58,0,0,False,2,0,0
2026-03-06_23.03.47,33,sign-optimization-horizontal-vertical_scenario,634,189,3,2,-7,0,90,15,1,19363,AdultMaleAgent(Clone),10,12,1.71,1.58,0,0,False,3,0,0
2026-03-06_23.03.47,33,sign-optimization-horizontal-vertical_scenario,634,189,3,2,-7,0,90,15,1,19364,WheelchairAgent(Clone),5,10,1.3,1.17,0,0,False,2,0,0
2026-03-06_23.03.47,33,sign-optimization-horizontal-vertical_scenario,634,189,3,2,-7,0,90,15,1,19365,AdultFemaleAgent(Clone),5,10,1.58,1.45,0,0,False,2,0,0
2026-03-06_23.03.47,33,sign-optimization-horizontal-vertical_scenario,634,189,3,2,-7,0,90,15,1,19366,AdultMaleAgent(Clone),7,11,1.71,1.58,0,0,False,2,0,0
2026-03-06_23.03.47,33,sign-optimization-horizontal-vertical_scenario,634,189,3,2,-7,0,90,15,1,19367,AdultFemaleAgent(Clone),5,10,1.58,1.45,0,0,False,2,0,0
