Timestamp,RunIndex,ScenarioID,TotalAgents,VisibleSignCount,SignHeight,SignPositionX,SignPositionZ,SignOrientation,VcaAngle,VcaDistance,SignComprehensionTime,AgentID,AgentType,StartNode,GoalNode,Height,EyeHeight,TimeInVCA,TimesInVCA,SawSign,TotalNodesNavigated,NodesWithDetection,RDEffective
2026-03-06_20.46.01,206,sign-optimization-horizontal-vertical_scenario,627,231,3,-5,3,90,90,15,1,118737,AdultFemaleAgent(Clone),6,12,1.58,1.45,9.414063,1,True,2,1,0.5
2026-03-06_20.46.01,206,sign-optimization-horizontal-vertical_scenario,627,231,3,-5,3,90,90,15,1,118738,AdultMaleAgent(Clone),6,12,1.71,1.58,7.255859,1,False,2,1,0.5
2026-03-06_20.46.01,206,sign-optimization-horizontal-vertical_scenario,627,231,3,-5,3,90,90,15,1,118739,AdultMaleAgent(Clone),11,10,1.71,1.58,9.546875,1,True,3,1,0.3333333
2026-03-06_20.46.01,206,sign-optimization-horizontal-vertical_scenario,627,231,3,-5,3,90,90,15,1,118740,AdultFemaleAgent(Clone),11,10,1.58,1.450001,11.49512,1,True,3,1,0.3333333
2026-03-06_20.46.01,206,sign-optimization-horizontal-vertical_scenario,627,231,3,-5,3,90,90,15,1,118741,AdultFemaleAgent(Clone),7,11,1.58,1.450001,2.151367,2,True,2,1,0.5
2026-03-06_20.46.01,206,sign-optimization-horizontal-vertical_scenario,627,231,3,-5,3,90,90,15,1,118742,AdultFemaleAgent(Clone),7,11,1.58,1.450001,0,0,False,2,0,0
2026-03-06_20.46.01,206,sign-optimization-horizontal-vertical_scenario,627,231,3,-5,3,90,90,15,1,118743,WheelchairAgent(Clone),5,10,1.3,1.17,7.463867,1,True,2,1,0.5
2026-03-06_20.46.01,206,sign-optimization-horizontal-vertical_scenario,627,231,3,-5,3,90,90,15,1,118744,WheelchairAgent(Clone),5,10,1.3,1.17,8.209961,1,True,2,1,0.5
2026-03-06_20.46.01,206,sign-optimization-horizontal-vertical_scenario,627,231,3,-5,3,90,90,15,1,118745,AdultMaleAgent(Clone),11,10,1.71,1.58,10.6377,1,True,3,1,0.3333333
2026-03-06_20.46.01,206,sign-optimization-horizontal-vertical_scenario,627,231,3,-5,3,90,90,15,1,118746,AdultFemaleAgent(Clone),11,10,1.58,1.450001,10.53906,1,True,3,1,0.3333333
2026-03-06_20.46.01,206,sign-optimization-horizontal-vertical_scenario,627,231,3,-5,3,90,90,15,1,118747,AdultMaleAgent(Clone),5,10,1.71,1.58,7.463867,1,True,2,1,0.5
2026-03-06_20.46.01,206,sign-optimization-horizontal-vertical_scenario,627,231,3,-5,3,90,90,15,1,118748,AdultMaleAgent(Clone),10,12,1.71,1.58,9.086914,1,False,3,0,0
2026-03-06_20.46.01,206,sign-optimization-horizontal-vertical_scenario,627,231,3,-5,3,90,90,15,1,118749,AdultFemaleAgent(Clone),6,12,1.58,1.45,7.104492,1,False,2,1,0.5
2026-03-06_20.46.01,206,sign-optimization-horizontal-vertical_scenario,627,231,3,-5,3,90,90,15,1,118750,WheelchairAgent(Clone),7,11,1.3,1.17,0.515625,2,False,2,1,0.5
2026-03-06_20.46.01,206,sign-optimization-horizontal-vertical_scenario,627,231,3,-5,3,90,90,15,1,118751,WheelchairAgent(Clone),5,10,1.3,1.17,4.751953,1,False,2,1,0.5
2026-03-06_20.46.01,206,sign-optimization-horizontal-vertical_scenario,627,231,3,-5,3,90,90,15,1,118752,WheelchairAgent(Clone),6,12,1.3,1.17,11.55762,1,True,2,1,0.5
2026-03-06_20.46.01,206,sign-optimization-horizontal-vertical_scenario,627,231,3,-5,3,90,90,15,1,118753,AdultFemaleAgent(Clone),5,10,1.58,1.45,8.507813,1,False,2,1,0.5
2026-03-06_20.46.01,206,sign-optimization-horizontal-vertical_scenario,627,231,3,-5,3,90,90,15,1,118754,AdultFemaleAgent(Clone),10,12,1.58,1.45,10.8584,1,False,3,0,0
2026-03-06_20.46.01,206,sign-optimization-horizontal-vertical_scenario,627,231,3,-5,3,90,90,15,1,118755,WheelchairAgent(Clone),10,12,1.3,1.17,15.00488,1,False,3,0,0
2026-03-06_20.46.01,206,sign-optimization-horizontal-vertical_scenario,627,231,3,-5,3,90,90,15,1,118756,AdultMaleAgent(Clone),11,10,1.71,1.58,11.30273,1,True,3,1,0.3333333
2026-03-06_20.46.01,206,sign-optimization-horizontal-vertical_scenario,627,231,3,-5,3,90,90,15,1,118757,AdultMaleAgent(Clone),5,10,1.71,1.58,6.652344,1,True,2,1,0.5
2026-03-06_20.46.01,206,sign-optimization-horizontal-vertical_scenario,627,231,3,-5,3,90,90,15,1,118758,AdultMaleAgent(Clone),10,12,1.71,1.58,10.7998,1,False,3,0,0
2026-03-06_20.46.01,206,sign-optimization-horizontal-vertical_scenario,627,231,3,-5,3,90,90,15,1,118759,AdultFemaleAgent(Clone),7,11,1.58,1.450001,0,0,False,2,0,0
2026-03-06_20.46.01,206,sign-optimization-horizontal-vertical_scenario,627,231,3,-5,3,90,90,15,1,118760,AdultFemaleAgent(Clone),11,10,1.58,1.450001,10.62012,1,True,3,1,0.3333333
2026-03-06_20.46.01,206,sign-optimization-horizontal-vertical_scenario,627,231,3,-5,3,90,90,15,1,118761,AdultFemaleAgent(Clone),5,10,1.58,1.45,6.716797,1,True,2,1,0.5
2026-03-06_20.46.01,206,sign-optimization-horizontal-vertical_scenario,627,231,3,-5,3,90,90,15,1,118762,AdultMaleAgent(Clone),6,12,1.71,1.58,6.172852,1,False,2,1,0.5
2026-03-06_20.46.01,206,sign-optimization-horizontal-vertical_scenario,627,231,3,-5,3,90,90,15,1,118763,WheelchairAgent(Clone),6,12,1.3,1.17,7.926758,1,True,2,1,0.5
2026-03-06_20.46.01,206,sign-optimization-horizontal-vertical_scenario,627,231,3,-5,3,90,90,15,1,118764,AdultFemaleAgent(Clone),7,11,1.58,1.450001,0,0,False,2,0,0
2026-03-06_20.46.01,206,sign-optimization-horizontal-vertical_scenario,627,231,3,-5,3,90,90,15,1,118765,WheelchairAgent(Clone),7,11,1.3,1.17,0.4335938,1,False,2,1,0.5
2026-03-06_20.46.01,206,sign-optimization-horizontal-vertical_scenario,627,231,3,-5,3,90,90,15,1,118766,AdultMaleAgent(Clone),5,10,1.71,1.58,5.264648,1,False,2,1,0.5
2026-03-06_20.46.01,206,sign-optimization-horizontal-vertical_scenario,627,231,3,-5,3,90,90,15,1,118767,AdultFemaleAgent(Clone),10,12,1.58,1.45,11.44336,1,False,3,0,0
2026-03-06_20.46.01,206,sign-optimization-horizontal-vertical_scenario,627,231,3,-5,3,90,90,15,1,118768,AdultFemaleAgent(Clone),5,10,1.58,1.45,7.936523,1,True,2,1,0.5
2026-03-06_20.46.01,206,sign-optimization-horizontal-vertical_scenario,627,231,3,-5,3,90,90,15,1,118769,WheelchairAgent(Clone),6,12,1.3,1.17,7.814453,1,False,2,1,0.5
2026-03-06_20.46.01,206,sign-optimization-horizontal-vertical_scenario,627,231,3,-5,3,90,90,15,1,118770,AdultMaleAgent(Clone),6,12,1.71,1.58,12.19141,1,True,2,1,0.5
2026-03-06_20.46.01,206,sign-optimization-horizontal-vertical_scenario,627,231,3,-5,3,90,90,15,1,118771,AdultMaleAgent(Clone),11,10,1.71,1.58,10.48535,1,True,3,1,0.3333333
2026-03-06_20.46.01,206,sign-optimization-horizontal-vertical_scenario,627,231,3,-5,3,90,90,15,1,118772,AdultFemaleAgent(Clone),10,12,1.58,1.45,10.76367,1,False,3,0,0
2026-03-06_20.46.01,206,sign-optimization-horizontal-vertical_scenario,627,231,3,-5,3,90,90,15,1,118773,WheelchairAgent(Clone),11,10,1.3,1.17,11.42285,1,True,3,1,0.3333333
2026-03-06_20.46.01,206,sign-optimization-horizontal-vertical_scenario,627,231,3,-5,3,90,90,15,1,118774,AdultFemaleAgent(Clone),10,12,1.58,1.45,8.208008,1,False,3,0,0
2026-03-06_20.46.01,206,sign-optimization-horizontal-vertical_scenario,627,231,3,-5,3,90,90,15,1,118775,AdultMaleAgent(Clone),6,12,1.71,1.58,9.117188,1,True,2,1,0.5
2026-03-06_20.46.01,206,sign-optimization-horizontal-vertical_scenario,627,231,3,-5,3,90,90,15,1,118776,WheelchairAgent(Clone),11,10,1.3,1.17,11.36426,1,True,3,1,0.3333333
2026-03-06_20.46.01,206,sign-optimization-horizontal-vertical_scenario,627,231,3,-5,3,90,90,15,1,118777,WheelchairAgent(Clone),10,12,1.3,1.17,17.80469,1,False,3,0,0
2026-03-06_20.46.01,206,sign-optimization-horizontal-vertical_scenario,627,231,3,-5,3,90,90,15,1,118778,AdultMaleAgent(Clone),10,12,1.71,1.58,11.41309,1,False,3,0,0
2026-03-06_20.46.01,206,sign-optimization-horizontal-vertical_scenario,627,231,3,-5,3,90,90,15,1,118779,AdultMaleAgent(Clone),5,10,1.71,1.58,7.186523,1,True,2,1,0.5
2026-03-06_20.46.01,206,sign-optimization-horizontal-vertical_scenario,627,231,3,-5,3,90,90,15,1,118780,AdultFemaleAgent(Clone),5,10,1.58,1.45,6.660156,1,False,2,1,0.5
2026-03-06_20.46.01,206,sign-optimization-horizontal-vertical_scenario,627,231,3,-5,3,90,90,15,1,118781,WheelchairAgent(Clone),11,10,1.3,1.17,10.38965,1,True,3,1,0.3333333
2026-03-06_20.46.01,206,sign-optimization-horizontal-vertical_scenario,627,231,3,-5,3,90,90,15,1,118782,AdultMaleAgent(Clone),11,10,1.71,1.58,10.84473,1,True,3,1,0.3333333
2026-03-06_20.46.01,206,sign-optimization-horizontal-vertical_scenario,627,231,3,-5,3,90,90,15,1,118783,WheelchairAgent(Clone),7,11,1.3,1.17,0,0,False,2,0,0
2026-03-06_20.46.01,206,sign-optimization-horizontal-vertical_scenario,627,231,3,-5,3,90,90,15,1,118784,AdultMaleAgent(Clone),7,11,1.71,1.58,1.359375,2,True,2,1,0.5
2026-03-06_20.46.01,206,sign-optimization-horizontal-vertical_scenario,627,231,3,-5,3,90,90,15,1,118785,WheelchairAgent(Clone),11,10,1.3,1.17,9.826172,1,False,3,0,0
2026-03-06_20.46.01,206,sign-optimization-horizontal-vertical_scenario,627,231,3,-5,3,90,90,15,1,118786,AdultMaleAgent(Clone),5,10,1.71,1.58,5.508789,1,True,2,1,0.5
2026-03-06_20.46.01,206,sign-optimization-horizontal-vertical_scenario,627,231,3,-5,3,90,90,15,1,118787,AdultFemaleAgent(Clone),10,12,1.58,1.45,15.41211,1,False,3,0,0
2026-03-06_20.46.01,206,sign-optimization-horizontal-vertical_scenario,627,231,3,-5,3,90,90,15,1,118788,WheelchairAgent(Clone),5,10,1.3,1.17,5.364258,1,False,2,1,0.5
2026-03-06_20.46.01,206,sign-optimization-horizontal-vertical_scenario,627,231,3,-5,3,90,90,15,1,118789,WheelchairAgent(Clone),6,12,1.3,1.17,12.51367,1,True,2,1,0.5
2026-03-06_20.46.01,206,sign-optimization-horizontal-vertical_scenario,627,231,3,-5,3,90,90,15,1,118790,AdultFemaleAgent(Clone),6,12,1.58,1.45,15.72754,1,False,2,1,0.5
2026-03-06_20.46.01,206,sign-optimization-horizontal-vertical_scenario,627,231,3,-5,3,90,90,15,1,118791,AdultFemaleAgent(Clone),10,12,1.58,1.45,7.688477,2,False,3,1,0.3333333
2026-03-06_20.46.01,206,sign-optimization-horizontal-vertical_scenario,627,231,3,-5,3,90,90,15,1,118792,AdultFemaleAgent(Clone),7,11,1.58,1.450001,0,0,False,2,0,0
2026-03-06_20.46.01,206,sign-optimization-horizontal-vertical_scenario,627,231,3,-5,3,90,90,15,1,118793,AdultMaleAgent(Clone),10,12,1.71,1.58,11.10352,1,False,3,0,0
2026-03-06_20.46.01,206,sign-optimization-horizontal-vertical_scenario,627,231,3,-5,3,90,90,15,1,118794,AdultFemaleAgent(Clone),10,12,1.58,1.45,12.86523,1,False,3,0,0
2026-03-06_20.46.01,206,sign-optimization-horizontal-vertical_scenario,627,231,3,-5,3,90,90,15,1,118795,AdultMaleAgent(Clone),7,11,1.71,1.58,1.625,2,True,2,1,0.5
2026-03-06_20.46.01,206,sign-optimization-horizontal-vertical_scenario,627,231,3,-5,3,90,90,15,1,118796,WheelchairAgent(Clone),6,12,1.3,1.17,16.03906,1,True,2,1,0.5
2026-03-06_20.46.01,206,sign-optimization-horizontal-vertical_scenario,627,231,3,-5,3,90,90,15,1,118797,AdultFemaleAgent(Clone),11,10,1.58,1.450001,9.989258,1,True,3,1,0.3333333
2026-03-06_20.46.01,206,sign-optimization-horizontal-vertical_scenario,627,231,3,-5,3,90,90,15,1,118798,AdultFemaleAgent(Clone),10,12,1.58,1.45,10.54395,2,False,3,1,0.3333333
2026-03-06_20.46.01,206,sign-optimization-horizontal-vertical_scenario,627,231,3,-5,3,90,90,15,1,118799,AdultFemaleAgent(Clone),11,10,1.58,1.450001,11.68164,1,True,3,1,0.3333333
2026-03-06_20.46.01,206,sign-optimization-horizontal-vertical_scenario,627,231,3,-5,3,90,90,15,1,118800,WheelchairAgent(Clone),7,11,1.3,1.17,0,0,False,2,0,0
2026-03-06_20.46.01,206,sign-optimization-horizontal-vertical_scenario,627,231,3,-5,3,90,90,15,1,118801,AdultMaleAgent(Clone),6,12,1.71,1.58,14.18652,1,True,2,1,0.5
2026-03-06_20.46.01,206,sign-optimization-horizontal-vertical_scenario,627,231,3,-5,3,90,90,15,1,118802,AdultMaleAgent(Clone),10,12,1.71,1.58,9.021484,2,False,3,1,0.3333333
2026-03-06_20.46.01,206,sign-optimization-horizontal-vertical_scenario,627,231,3,-5,3,90,90,15,1,118803,WheelchairAgent(Clone),11,10,1.3,1.17,11.80273,1,True,3,1,0.3333333
2026-03-06_20.46.01,206,sign-optimization-horizontal-vertical_scenario,627,231,3,-5,3,90,90,15,1,118804,AdultFemaleAgent(Clone),7,11,1.58,1.450001,3.111328,2,True,2,1,0.5
2026-03-06_20.46.01,206,sign-optimization-horizontal-vertical_scenario,627,231,3,-5,3,90,90,15,1,118805,WheelchairAgent(Clone),6,12,1.3,1.17,8.353516,1,False,2,1,0.5
2026-03-06_20.46.01,206,sign-optimization-horizontal-vertical_scenario,627,231,3,-5,3,90,90,15,1,118806,AdultFemaleAgent(Clone),11,10,1.58,1.450001,12.33301,1,True,3,1,0.3333333
2026-03-06_20.46.01,206,sign-optimization-horizontal-vertical_scenario,627,231,3,-5,3,90,90,15,1,118807,WheelchairAgent(Clone),10,12,1.3,1.17,12.05566,1,False,3,0,0
2026-03-06_20.46.01,206,sign-optimization-horizontal-vertical_scenario,627,231,3,-5,3,90,90,15,1,118808,AdultMaleAgent(Clone),7,11,1.71,1.58,1.169922,2,True,2,1,0.5
2026-03-06_20.46.01,206,sign-optimization-horizontal-vertical_scenario,627,231,3,-5,3,90,90,15,1,118809,WheelchairAgent(Clone),10,12,1.3,1.17,12.22363,1,False,3,0,0
2026-03-06_20.46.01,206,sign-optimization-horizontal-vertical_scenario,627,231,3,-5,3,90,90,15,1,118810,AdultMaleAgent(Clone),6,12,1.71,1.58,12.3418,1,False,2,1,0.5
2026-03-06_20.46.01,206,sign-optimization-horizontal-vertical_scenario,627,231,3,-5,3,90,90,15,1,118811,AdultMaleAgent(Clone),7,11,1.71,1.58,0.3046875,2,False,2,1,0.5
2026-03-06_20.46.01,206,sign-optimization-horizontal-vertical_scenario,627,231,3,-5,3,90,90,15,1,118812,AdultFemaleAgent(Clone),10,12,1.58,1.45,10.99609,1,False,3,0,0
2026-03-06_20.46.01,206,sign-optimization-horizontal-vertical_scenario,627,231,3,-5,3,90,90,15,1,118813,WheelchairAgent(Clone),5,10,1.3,1.17,4.856445,1,False,2,1,0.5
2026-03-06_20.46.01,206,sign-optimization-horizontal-vertical_scenario,627,231,3,-5,3,90,90,15,1,118814,AdultMaleAgent(Clone),7,11,1.71,1.58,3.084961,2,True,2,1,0.5
2026-03-06_20.46.01,206,sign-optimization-horizontal-vertical_scenario,627,231,3,-5,3,90,90,15,1,118815,AdultFemaleAgent(Clone),6,12,1.58,1.45,10.28125,1,True,2,1,0.5
2026-03-06_20.46.01,206,sign-optimization-horizontal-vertical_scenario,627,231,3,-5,3,90,90,15,1,118816,WheelchairAgent(Clone),6,12,1.3,1.17,7.418945,1,False,2,1,0.5
2026-03-06_20.46.01,206,sign-optimization-horizontal-vertical_scenario,627,231,3,-5,3,90,90,15,1,118817,WheelchairAgent(Clone),10,12,1.3,1.17,29.72559,1,False,3,1,0.3333333
2026-03-06_20.46.01,206,sign-optimization-horizontal-vertical_scenario,627,231,3,-5,3,90,90,15,1,118818,AdultFemaleAgent(Clone),6,12,1.58,1.45,14.29297,1,True,2,1,0.5
2026-03-06_20.46.01,206,sign-optimization-horizontal-vertical_scenario,627,231,3,-5,3,90,90,15,1,118819,AdultFemaleAgent(Clone),5,10,1.58,1.45,7.177734,1,True,2,1,0.5
2026-03-06_20.46.01,206,sign-optimization-horizontal-vertical_scenario,627,231,3,-5,3,90,90,15,1,118820,AdultMaleAgent(Clone),5,10,1.71,1.58,5.616211,1,True,2,1,0.5
2026-03-06_20.46.01,206,sign-optimization-horizontal-vertical_scenario,627,231,3,-5,3,90,90,15,1,118821,AdultFemaleAgent(Clone),5,10,1.58,1.45,5.712891,1,True,2,1,0.5
2026-03-06_20.46.01,206,sign-optimization-horizontal-vertical_scenario,627,231,3,-5,3,90,90,15,1,118822,WheelchairAgent(Clone),6,12,1.3,1.17,15.69629,1,False,2,1,0.5
2026-03-06_20.46.01,206,sign-optimization-horizontal-vertical_scenario,627,231,3,-5,3,90,90,15,1,118823,AdultMaleAgent(Clone),7,11,1.71,1.58,2.224609,2,True,2,1,0.5
2026-03-06_20.46.01,206,sign-optimization-horizontal-vertical_scenario,627,231,3,-5,3,90,90,15,1,118824,AdultFemaleAgent(Clone),11,10,1.58,1.450001,12.18652,1,False,3,1,0.3333333
2026-03-06_20.46.01,206,sign-optimization-horizontal-vertical_scenario,627,231,3,-5,3,90,90,15,1,118825,AdultFemaleAgent(Clone),6,12,1.58,1.45,10.0625,1,True,2,1,0.5
2026-03-06_20.46.01,206,sign-optimization-horizontal-vertical_scenario,627,231,3,-5,3,90,90,15,1,118826,AdultFemaleAgent(Clone),11,10,1.58,1.450001,12.55664,1,True,3,1,0.3333333
2026-03-06_20.46.01,206,sign-optimization-horizontal-vertical_scenario,627,231,3,-5,3,90,90,15,1,118827,WheelchairAgent(Clone),5,10,1.3,1.17,8.613281,1,True,2,1,0.5
2026-03-06_20.46.01,206,sign-optimization-horizontal-vertical_scenario,627,231,3,-5,3,90,90,15,1,118828,AdultFemaleAgent(Clone),10,12,1.58,1.45,11.38574,1,False,3,0,0
2026-03-06_20.46.01,206,sign-optimization-horizontal-vertical_scenario,627,231,3,-5,3,90,90,15,1,118829,AdultFemaleAgent(Clone),7,11,1.58,1.450001,1.709961,1,True,2,1,0.5
2026-03-06_20.46.01,206,sign-optimization-horizontal-vertical_scenario,627,231,3,-5,3,90,90,15,1,118830,AdultMaleAgent(Clone),6,12,1.71,1.58,8.541992,1,True,2,1,0.5
2026-03-06_20.46.01,206,sign-optimization-horizontal-vertical_scenario,627,231,3,-5,3,90,90,15,1,118831,AdultMaleAgent(Clone),11,10,1.71,1.58,11.85547,1,True,3,1,0.3333333
2026-03-06_20.46.01,206,sign-optimization-horizontal-vertical_scenario,627,231,3,-5,3,90,90,15,1,118832,AdultFemaleAgent(Clone),6,12,1.58,1.45,11.53516,1,True,2,1,0.5
2026-03-06_20.46.01,206,sign-optimization-horizontal-vertical_scenario,627,231,3,-5,3,90,90,15,1,118833,AdultFemaleAgent(Clone),5,10,1.58,1.45,5.943359,1,True,2,1,0.5
2026-03-06_20.46.01,206,sign-optimization-horizontal-vertical_scenario,627,231,3,-5,3,90,90,15,1,118834,AdultMaleAgent(Clone),11,10,1.71,1.58,13.26074,1,True,3,1,0.3333333
2026-03-06_20.46.01,206,sign-optimization-horizontal-vertical_scenario,627,231,3,-5,3,90,90,15,1,118835,WheelchairAgent(Clone),6,12,1.3,1.17,9.076172,1,False,2,1,0.5
2026-03-06_20.46.01,206,sign-optimization-horizontal-vertical_scenario,627,231,3,-5,3,90,90,15,1,118836,WheelchairAgent(Clone),5,10,1.3,1.17,6.293945,1,True,2,1,0.5
2026-03-06_20.46.01,206,sign-optimization-horizontal-vertical_scenario,627,231,3,-5,3,90,90,15,1,118837,WheelchairAgent(Clone),11,10,1.3,1.17,11.62402,1,False,3,1,0.3333333
2026-03-06_20.46.01,206,sign-optimization-horizontal-vertical_scenario,627,231,3,-5,3,90,90,15,1,118838,AdultMaleAgent(Clone),6,12,1.71,1.58,9.053711,1,True,2,1,0.5
2026-03-06_20.46.01,206,sign-optimization-horizontal-vertical_scenario,627,231,3,-5,3,90,90,15,1,118839,AdultFemaleAgent(Clone),6,12,1.58,1.45,6.466797,1,False,2,1,0.5
2026-03-06_20.46.01,206,sign-optimization-horizontal-vertical_scenario,627,231,3,-5,3,90,90,15,1,118840,WheelchairAgent(Clone),10,12,1.3,1.17,16.10059,1,False,3,0,0
2026-03-06_20.46.01,206,sign-optimization-horizontal-vertical_scenario,627,231,3,-5,3,90,90,15,1,118841,WheelchairAgent(Clone),5,10,1.3,1.17,7.895508,1,True,2,1,0.5
2026-03-06_20.46.01,206,sign-optimization-horizontal-vertical_scenario,627,231,3,-5,3,90,90,15,1,118842,WheelchairAgent(Clone),10,12,1.3,1.17,10.65332,1,False,3,0,0
2026-03-06_20.46.01,206,sign-optimization-horizontal-vertical_scenario,627,231,3,-5,3,90,90,15,1,118843,AdultFemaleAgent(Clone),7,11,1.58,1.450001,0,0,False,2,0,0
2026-03-06_20.46.01,206,sign-optimization-horizontal-vertical_scenario,627,231,3,-5,3,90,90,15,1,118844,AdultMaleAgent(Clone),6,12,1.71,1.58,7.487305,1,True,2,1,0.5
2026-03-06_20.46.01,206,sign-optimization-horizontal-vertical_scenario,627,231,3,-5,3,90,90,15,1,118845,AdultMaleAgent(Clone),5,10,1.71,1.58,8.428711,1,True,2,1,0.5
2026-03-06_20.46.01,206,sign-optimization-horizontal-vertical_scenario,627,231,3,-5,3,90,90,15,1,118846,AdultMaleAgent(Clone),6,12,1.71,1.58,7.46582,1,True,2,1,0.5
2026-03-06_20.46.01,206,sign-optimization-horizontal-vertical_scenario,627,231,3,-5,3,90,90,15,1,118847,AdultFemaleAgent(Clone),5,10,1.58,1.45,7.354492,1,True,2,1,0.5
2026-03-06_20.46.01,206,sign-optimization-horizontal-vertical_scenario,627,231,3,-5,3,90,90,15,1,118848,AdultMaleAgent(Clone),6,12,1.71,1.58,8.263672,1,True,2,1,0.5
2026-03-06_20.46.01,206,sign-optimization-horizontal-vertical_scenario,627,231,3,-5,3,90,90,15,1,118849,AdultMaleAgent(Clone),11,10,1.71,1.58,10.50098,1,True,3,1,0.3333333
2026-03-06_20.46.01,206,sign-optimization-horizontal-vertical_scenario,627,231,3,-5,3,90,90,15,1,118850,WheelchairAgent(Clone),11,10,1.3,1.17,11.38574,1,False,3,1,0.3333333
2026-03-06_20.46.01,206,sign-optimization-horizontal-vertical_scenario,627,231,3,-5,3,90,90,15,1,118851,AdultMaleAgent(Clone),11,10,1.71,1.58,13.7832,1,True,3,1,0.3333333
2026-03-06_20.46.01,206,sign-optimization-horizontal-vertical_scenario,627,231,3,-5,3,90,90,15,1,118852,AdultMaleAgent(Clone),6,12,1.71,1.58,8.636719,1,True,2,1,0.5
2026-03-06_20.46.01,206,sign-optimization-horizontal-vertical_scenario,627,231,3,-5,3,90,90,15,1,118853,AdultFemaleAgent(Clone),11,10,1.58,1.450001,11.9375,1,True,3,1,0.3333333
2026-03-06_20.46.01,206,sign-optimization-horizontal-vertical_scenario,627,231,3,-5,3,90,90,15,1,118854,AdultFemaleAgent(Clone),11,10,1.58,1.450001,10.28223,1,True,3,1,0.3333333
2026-03-06_20.46.01,206,sign-optimization-horizontal-vertical_scenario,627,231,3,-5,3,90,90,15,1,118855,AdultFemaleAgent(Clone),5,10,1.58,1.45,5.97168,1,True,2,1,0.5
2026-03-06_20.46.01,206,sign-optimization-horizontal-vertical_scenario,627,231,3,-5,3,90,90,15,1,118856,AdultFemaleAgent(Clone),11,10,1.58,1.450001,11.17676,1,True,3,1,0.3333333
2026-03-06_20.46.01,206,sign-optimization-horizontal-vertical_scenario,627,231,3,-5,3,90,90,15,1,118857,AdultMaleAgent(Clone),11,10,1.71,1.58,11.12207,1,True,3,1,0.3333333
2026-03-06_20.46.01,206,sign-optimization-horizontal-vertical_scenario,627,231,3,-5,3,90,90,15,1,118858,WheelchairAgent(Clone),5,10,1.3,1.17,7.433594,1,True,2,1,0.5
2026-03-06_20.46.01,206,sign-optimization-horizontal-vertical_scenario,627,231,3,-5,3,90,90,15,1,118859,WheelchairAgent(Clone),5,10,1.3,1.17,6.756836,1,True,2,1,0.5
2026-03-06_20.46.01,206,sign-optimization-horizontal-vertical_scenario,627,231,3,-5,3,90,90,15,1,118860,WheelchairAgent(Clone),7,11,1.3,1.17,0,0,False,2,0,0
2026-03-06_20.46.01,206,sign-optimization-horizontal-vertical_scenario,627,231,3,-5,3,90,90,15,1,118861,AdultMaleAgent(Clone),5,10,1.71,1.58,5.316406,1,True,2,1,0.5
2026-03-06_20.46.01,206,sign-optimization-horizontal-vertical_scenario,627,231,3,-5,3,90,90,15,1,118862,AdultMaleAgent(Clone),7,11,1.71,1.58,2.739258,2,True,2,1,0.5
2026-03-06_20.46.01,206,sign-optimization-horizontal-vertical_scenario,627,231,3,-5,3,90,90,15,1,118863,WheelchairAgent(Clone),5,10,1.3,1.17,5.257813,1,False,2,1,0.5
2026-03-06_20.46.01,206,sign-optimization-horizontal-vertical_scenario,627,231,3,-5,3,90,90,15,1,118864,WheelchairAgent(Clone),6,12,1.3,1.17,8.461914,1,True,2,1,0.5
2026-03-06_20.46.01,206,sign-optimization-horizontal-vertical_scenario,627,231,3,-5,3,90,90,15,1,118865,WheelchairAgent(Clone),6,12,1.3,1.17,9.957031,1,False,2,0,0
2026-03-06_20.46.01,206,sign-optimization-horizontal-vertical_scenario,627,231,3,-5,3,90,90,15,1,118866,AdultFemaleAgent(Clone),6,12,1.58,1.45,10.50098,1,True,2,1,0.5
2026-03-06_20.46.01,206,sign-optimization-horizontal-vertical_scenario,627,231,3,-5,3,90,90,15,1,118867,AdultMaleAgent(Clone),11,10,1.71,1.58,10.95703,1,True,3,1,0.3333333
2026-03-06_20.46.01,206,sign-optimization-horizontal-vertical_scenario,627,231,3,-5,3,90,90,15,1,118868,AdultMaleAgent(Clone),6,12,1.71,1.58,10.35352,1,True,2,1,0.5
2026-03-06_20.46.01,206,sign-optimization-horizontal-vertical_scenario,627,231,3,-5,3,90,90,15,1,118869,AdultFemaleAgent(Clone),10,12,1.58,1.45,12.03906,1,False,3,0,0
2026-03-06_20.46.01,206,sign-optimization-horizontal-vertical_scenario,627,231,3,-5,3,90,90,15,1,118870,WheelchairAgent(Clone),7,11,1.3,1.17,0,0,False,2,0,0
2026-03-06_20.46.01,206,sign-optimization-horizontal-vertical_scenario,627,231,3,-5,3,90,90,15,1,118871,AdultFemaleAgent(Clone),10,12,1.58,1.45,3.158203,2,True,3,1,0.3333333
2026-03-06_20.46.01,206,sign-optimization-horizontal-vertical_scenario,627,231,3,-5,3,90,90,15,1,118872,WheelchairAgent(Clone),6,12,1.3,1.17,7.972656,1,False,2,1,0.5
2026-03-06_20.46.01,206,sign-optimization-horizontal-vertical_scenario,627,231,3,-5,3,90,90,15,1,118873,WheelchairAgent(Clone),6,12,1.3,1.17,10.83203,1,True,2,1,0.5
2026-03-06_20.46.01,206,sign-optimization-horizontal-vertical_scenario,627,231,3,-5,3,90,90,15,1,118874,WheelchairAgent(Clone),11,10,1.3,1.17,9.916992,1,False,3,0,0
2026-03-06_20.46.01,206,sign-optimization-horizontal-vertical_scenario,627,231,3,-5,3,90,90,15,1,118875,WheelchairAgent(Clone),7,11,1.3,1.17,1.734375,2,True,2,1,0.5
2026-03-06_20.46.01,206,sign-optimization-horizontal-vertical_scenario,627,231,3,-5,3,90,90,15,1,118876,WheelchairAgent(Clone),6,12,1.3,1.17,6.239258,1,False,2,1,0.5
2026-03-06_20.46.01,206,sign-optimization-horizontal-vertical_scenario,627,231,3,-5,3,90,90,15,1,118877,WheelchairAgent(Clone),5,10,1.3,1.17,7.400391,1,True,2,1,0.5
2026-03-06_20.46.01,206,sign-optimization-horizontal-vertical_scenario,627,231,3,-5,3,90,90,15,1,118878,WheelchairAgent(Clone),7,11,1.3,1.17,0.2070313,2,True,2,1,0.5
2026-03-06_20.46.01,206,sign-optimization-horizontal-vertical_scenario,627,231,3,-5,3,90,90,15,1,118879,AdultMaleAgent(Clone),6,12,1.71,1.58,7.639648,1,True,2,1,0.5
2026-03-06_20.46.01,206,sign-optimization-horizontal-vertical_scenario,627,231,3,-5,3,90,90,15,1,118880,AdultFemaleAgent(Clone),5,10,1.58,1.45,7.28418,1,True,2,1,0.5
2026-03-06_20.46.01,206,sign-optimization-horizontal-vertical_scenario,627,231,3,-5,3,90,90,15,1,118881,AdultMaleAgent(Clone),5,10,1.71,1.58,7.697266,1,True,2,1,0.5
2026-03-06_20.46.01,206,sign-optimization-horizontal-vertical_scenario,627,231,3,-5,3,90,90,15,1,118882,AdultMaleAgent(Clone),5,10,1.71,1.58,4.067383,1,False,2,1,0.5
2026-03-06_20.46.01,206,sign-optimization-horizontal-vertical_scenario,627,231,3,-5,3,90,90,15,1,118883,WheelchairAgent(Clone),10,12,1.3,1.17,10.65039,1,False,3,0,0
2026-03-06_20.46.01,206,sign-optimization-horizontal-vertical_scenario,627,231,3,-5,3,90,90,15,1,118884,AdultMaleAgent(Clone),10,12,1.71,1.58,10.20313,1,False,3,0,0
2026-03-06_20.46.01,206,sign-optimization-horizontal-vertical_scenario,627,231,3,-5,3,90,90,15,1,118885,AdultMaleAgent(Clone),5,10,1.71,1.58,6.070313,1,True,2,1,0.5
2026-03-06_20.46.01,206,sign-optimization-horizontal-vertical_scenario,627,231,3,-5,3,90,90,15,1,118886,AdultFemaleAgent(Clone),7,11,1.58,1.450001,1.654297,2,True,2,1,0.5
2026-03-06_20.46.01,206,sign-optimization-horizontal-vertical_scenario,627,231,3,-5,3,90,90,15,1,118887,AdultFemaleAgent(Clone),7,11,1.58,1.450001,4.678711,2,True,2,1,0.5
2026-03-06_20.46.01,206,sign-optimization-horizontal-vertical_scenario,627,231,3,-5,3,90,90,15,1,118888,AdultMaleAgent(Clone),7,11,1.71,1.58,0.59375,2,False,2,1,0.5
2026-03-06_20.46.01,206,sign-optimization-horizontal-vertical_scenario,627,231,3,-5,3,90,90,15,1,118889,WheelchairAgent(Clone),10,12,1.3,1.17,11.10352,1,False,3,0,0
2026-03-06_20.46.01,206,sign-optimization-horizontal-vertical_scenario,627,231,3,-5,3,90,90,15,1,118890,AdultMaleAgent(Clone),5,10,1.71,1.58,5.40332,1,True,2,1,0.5
2026-03-06_20.46.01,206,sign-optimization-horizontal-vertical_scenario,627,231,3,-5,3,90,90,15,1,118891,AdultFemaleAgent(Clone),7,11,1.58,1.450001,0.3671875,1,False,2,0,0
2026-03-06_20.46.01,206,sign-optimization-horizontal-vertical_scenario,627,231,3,-5,3,90,90,15,1,118892,AdultMaleAgent(Clone),6,12,1.71,1.58,7.979492,1,True,2,1,0.5
2026-03-06_20.46.01,206,sign-optimization-horizontal-vertical_scenario,627,231,3,-5,3,90,90,15,1,118893,AdultFemaleAgent(Clone),6,12,1.58,1.45,7.71582,1,True,2,1,0.5
2026-03-06_20.46.01,206,sign-optimization-horizontal-vertical_scenario,627,231,3,-5,3,90,90,15,1,118894,WheelchairAgent(Clone),5,10,1.3,1.17,7.110352,1,False,2,1,0.5
2026-03-06_20.46.01,206,sign-optimization-horizontal-vertical_scenario,627,231,3,-5,3,90,90,15,1,118895,AdultMaleAgent(Clone),6,12,1.71,1.58,11.43457,1,True,2,1,0.5
2026-03-06_20.46.01,206,sign-optimization-horizontal-vertical_scenario,627,231,3,-5,3,90,90,15,1,118896,AdultFemaleAgent(Clone),6,12,1.58,1.45,8.15332,1,False,2,0,0
2026-03-06_20.46.01,206,sign-optimization-horizontal-vertical_scenario,627,231,3,-5,3,90,90,15,1,118897,AdultMaleAgent(Clone),11,10,1.71,1.58,10.4873,1,True,3,1,0.3333333
2026-03-06_20.46.01,206,sign-optimization-horizontal-vertical_scenario,627,231,3,-5,3,90,90,15,1,118898,WheelchairAgent(Clone),10,12,1.3,1.17,12.20801,1,False,3,0,0
2026-03-06_20.46.01,206,sign-optimization-horizontal-vertical_scenario,627,231,3,-5,3,90,90,15,1,118899,WheelchairAgent(Clone),7,11,1.3,1.17,1.331055,2,True,2,1,0.5
2026-03-06_20.46.01,206,sign-optimization-horizontal-vertical_scenario,627,231,3,-5,3,90,90,15,1,118900,AdultMaleAgent(Clone),7,11,1.71,1.58,1.176758,1,True,2,1,0.5
2026-03-06_20.46.01,206,sign-optimization-horizontal-vertical_scenario,627,231,3,-5,3,90,90,15,1,118901,WheelchairAgent(Clone),11,10,1.3,1.17,9.541992,1,True,3,1,0.3333333
2026-03-06_20.46.01,206,sign-optimization-horizontal-vertical_scenario,627,231,3,-5,3,90,90,15,1,118902,AdultMaleAgent(Clone),6,12,1.71,1.58,7.381836,1,True,2,1,0.5
2026-03-06_20.46.01,206,sign-optimization-horizontal-vertical_scenario,627,231,3,-5,3,90,90,15,1,118903,WheelchairAgent(Clone),7,11,1.3,1.17,2.751953,2,True,2,1,0.5
2026-03-06_20.46.01,206,sign-optimization-horizontal-vertical_scenario,627,231,3,-5,3,90,90,15,1,118904,AdultFemaleAgent(Clone),10,12,1.58,1.45,11.8291,1,False,3,0,0
2026-03-06_20.46.01,206,sign-optimization-horizontal-vertical_scenario,627,231,3,-5,3,90,90,15,1,118905,WheelchairAgent(Clone),5,10,1.3,1.17,3.444336,1,False,2,1,0.5
2026-03-06_20.46.01,206,sign-optimization-horizontal-vertical_scenario,627,231,3,-5,3,90,90,15,1,118906,AdultMaleAgent(Clone),5,10,1.71,1.58,7.474609,1,True,2,1,0.5
2026-03-06_20.46.01,206,sign-optimization-horizontal-vertical_scenario,627,231,3,-5,3,90,90,15,1,118907,AdultFemaleAgent(Clone),7,11,1.58,1.450001,4.573242,2,True,2,1,0.5
2026-03-06_20.46.01,206,sign-optimization-horizontal-vertical_scenario,627,231,3,-5,3,90,90,15,1,118908,AdultMaleAgent(Clone),7,11,1.71,1.58,0,0,False,2,0,0
2026-03-06_20.46.01,206,sign-optimization-horizontal-vertical_scenario,627,231,3,-5,3,90,90,15,1,118909,WheelchairAgent(Clone),10,12,1.3,1.17,12.22168,1,False,3,0,0
2026-03-06_20.46.01,206,sign-optimization-horizontal-vertical_scenario,627,231,3,-5,3,90,90,15,1,118910,AdultFemaleAgent(Clone),7,11,1.58,1.450001,0,0,False,2,0,0
2026-03-06_20.46.01,206,sign-optimization-horizontal-vertical_scenario,627,231,3,-5,3,90,90,15,1,118911,AdultFemaleAgent(Clone),7,11,1.58,1.450001,0,0,False,2,0,0
2026-03-06_20.46.01,206,sign-optimization-horizontal-vertical_scenario,627,231,3,-5,3,90,90,15,1,118912,WheelchairAgent(Clone),5,10,1.3,1.17,4.998047,1,False,2,1,0.5
2026-03-06_20.46.01,206,sign-optimization-horizontal-vertical_scenario,627,231,3,-5,3,90,90,15,1,118913,WheelchairAgent(Clone),6,12,1.3,1.17,14.38281,1,False,2,1,0.5
2026-03-06_20.46.01,206,sign-optimization-horizontal-vertical_scenario,627,231,3,-5,3,90,90,15,1,118914,WheelchairAgent(Clone),11,10,1.3,1.17,10.1377,1,True,3,1,0.3333333
2026-03-06_20.46.01,206,sign-optimization-horizontal-vertical_scenario,627,231,3,-5,3,90,90,15,1,118915,AdultFemaleAgent(Clone),7,11,1.58,1.450001,3.032227,2,True,2,1,0.5
2026-03-06_20.46.01,206,sign-optimization-horizontal-vertical_scenario,627,231,3,-5,3,90,90,15,1,118916,AdultMaleAgent(Clone),11,10,1.71,1.58,11.75586,1,True,3,1,0.3333333
2026-03-06_20.46.01,206,sign-optimization-horizontal-vertical_scenario,627,231,3,-5,3,90,90,15,1,118917,AdultFemaleAgent(Clone),11,10,1.58,1.450001,9.979492,1,True,3,1,0.3333333
2026-03-06_20.46.01,206,sign-optimization-horizontal-vertical_scenario,627,231,3,-5,3,90,90,15,1,118918,AdultFemaleAgent(Clone),10,12,1.58,1.45,10.93066,1,False,3,0,0
2026-03-06_20.46.01,206,sign-optimization-horizontal-vertical_scenario,627,231,3,-5,3,90,90,15,1,118919,WheelchairAgent(Clone),10,12,1.3,1.17,10.00293,1,False,3,0,0
2026-03-06_20.46.01,206,sign-optimization-horizontal-vertical_scenario,627,231,3,-5,3,90,90,15,1,118920,AdultMaleAgent(Clone),10,12,1.71,1.58,8.853516,1,False,3,0,0
2026-03-06_20.46.01,206,sign-optimization-horizontal-vertical_scenario,627,231,3,-5,3,90,90,15,1,118921,AdultFemaleAgent(Clone),5,10,1.58,1.45,5.978516,1,True,2,1,0.5
2026-03-06_20.46.01,206,sign-optimization-horizontal-vertical_scenario,627,231,3,-5,3,90,90,15,1,118922,AdultMaleAgent(Clone),6,12,1.71,1.58,9.348633,1,False,2,1,0.5
2026-03-06_20.46.01,206,sign-optimization-horizontal-vertical_scenario,627,231,3,-5,3,90,90,15,1,118923,AdultFemaleAgent(Clone),11,10,1.58,1.450001,0,0,True,3,1,0.3333333
2026-03-06_20.46.01,206,sign-optimization-horizontal-vertical_scenario,627,231,3,-5,3,90,90,15,1,118924,WheelchairAgent(Clone),6,12,1.3,1.17,17.32031,1,False,2,1,0.5
2026-03-06_20.46.01,206,sign-optimization-horizontal-vertical_scenario,627,231,3,-5,3,90,90,15,1,118925,WheelchairAgent(Clone),5,10,1.3,1.17,6.579102,1,True,2,1,0.5
2026-03-06_20.46.01,206,sign-optimization-horizontal-vertical_scenario,627,231,3,-5,3,90,90,15,1,118926,AdultFemaleAgent(Clone),10,12,1.58,1.45,15.36133,1,False,3,1,0.3333333
2026-03-06_20.46.01,206,sign-optimization-horizontal-vertical_scenario,627,231,3,-5,3,90,90,15,1,118927,AdultMaleAgent(Clone),7,11,1.71,1.58,0,0,False,2,0,0
2026-03-06_20.46.01,206,sign-optimization-horizontal-vertical_scenario,627,231,3,-5,3,90,90,15,1,118928,AdultFemaleAgent(Clone),11,10,1.58,1.450001,9.467773,1,True,3,1,0.3333333
2026-03-06_20.46.01,206,sign-optimization-horizontal-vertical_scenario,627,231,3,-5,3,90,90,15,1,118929,AdultMaleAgent(Clone),10,12,1.71,1.58,11.23926,1,False,3,0,0
2026-03-06_20.46.01,206,sign-optimization-horizontal-vertical_scenario,627,231,3,-5,3,90,90,15,1,118930,AdultFemaleAgent(Clone),5,10,1.58,1.45,3.834961,1,False,2,1,0.5
2026-03-06_20.46.01,206,sign-optimization-horizontal-vertical_scenario,627,231,3,-5,3,90,90,15,1,118931,AdultMaleAgent(Clone),5,10,1.71,1.58,4.655273,1,False,2,1,0.5
2026-03-06_20.46.01,206,sign-optimization-horizontal-vertical_scenario,627,231,3,-5,3,90,90,15,1,118932,AdultMaleAgent(Clone),10,12,1.71,1.58,10.22559,1,False,3,0,0
2026-03-06_20.46.01,206,sign-optimization-horizontal-vertical_scenario,627,231,3,-5,3,90,90,15,1,118933,WheelchairAgent(Clone),7,11,1.3,1.17,0,0,False,2,0,0
2026-03-06_20.46.01,206,sign-optimization-horizontal-vertical_scenario,627,231,3,-5,3,90,90,15,1,118934,AdultFemaleAgent(Clone),10,12,1.58,1.45,9.417969,1,False,3,0,0
2026-03-06_20.46.01,206,sign-optimization-horizontal-vertical_scenario,627,231,3,-5,3,90,90,15,1,118935,AdultFemaleAgent(Clone),7,11,1.58,1.450001,2.139648,2,True,2,1,0.5
2026-03-06_20.46.01,206,sign-optimization-horizontal-vertical_scenario,627,231,3,-5,3,90,90,15,1,118936,AdultFemaleAgent(Clone),10,12,1.58,1.45,10.06641,1,False,3,0,0
2026-03-06_20.46.01,206,sign-optimization-horizontal-vertical_scenario,627,231,3,-5,3,90,90,15,1,118937,AdultMaleAgent(Clone),5,10,1.71,1.58,8.678711,1,True,2,1,0.5
2026-03-06_20.46.01,206,sign-optimization-horizontal-vertical_scenario,627,231,3,-5,3,90,90,15,1,118938,AdultMaleAgent(Clone),10,12,1.71,1.58,12.39941,1,False,3,0,0
2026-03-06_20.46.01,206,sign-optimization-horizontal-vertical_scenario,627,231,3,-5,3,90,90,15,1,118939,AdultFemaleAgent(Clone),11,10,1.58,1.450001,10.11523,1,True,3,1,0.3333333
2026-03-06_20.46.01,206,sign-optimization-horizontal-vertical_scenario,627,231,3,-5,3,90,90,15,1,118940,AdultMaleAgent(Clone),5,10,1.71,1.58,4.764648,1,False,2,1,0.5
2026-03-06_20.46.01,206,sign-optimization-horizontal-vertical_scenario,627,231,3,-5,3,90,90,15,1,118941,WheelchairAgent(Clone),5,10,1.3,1.17,5.8125,1,True,2,1,0.5
2026-03-06_20.46.01,206,sign-optimization-horizontal-vertical_scenario,627,231,3,-5,3,90,90,15,1,118942,AdultFemaleAgent(Clone),6,12,1.58,1.45,8.950195,1,True,2,1,0.5
2026-03-06_20.46.01,206,sign-optimization-horizontal-vertical_scenario,627,231,3,-5,3,90,90,15,1,118943,WheelchairAgent(Clone),7,11,1.3,1.17,0.5146484,2,False,2,1,0.5
2026-03-06_20.46.01,206,sign-optimization-horizontal-vertical_scenario,627,231,3,-5,3,90,90,15,1,118944,AdultMaleAgent(Clone),10,12,1.71,1.58,22.77734,1,False,3,0,0
2026-03-06_20.46.01,206,sign-optimization-horizontal-vertical_scenario,627,231,3,-5,3,90,90,15,1,118945,AdultFemaleAgent(Clone),6,12,1.58,1.45,7.737305,1,False,2,1,0.5
2026-03-06_20.46.01,206,sign-optimization-horizontal-vertical_scenario,627,231,3,-5,3,90,90,15,1,118946,AdultMaleAgent(Clone),7,11,1.71,1.58,2.038086,2,True,2,1,0.5
2026-03-06_20.46.01,206,sign-optimization-horizontal-vertical_scenario,627,231,3,-5,3,90,90,15,1,118947,AdultFemaleAgent(Clone),10,12,1.58,1.45,13.07227,1,False,3,0,0
2026-03-06_20.46.01,206,sign-optimization-horizontal-vertical_scenario,627,231,3,-5,3,90,90,15,1,118948,WheelchairAgent(Clone),5,10,1.3,1.17,5.154297,1,False,2,1,0.5
2026-03-06_20.46.01,206,sign-optimization-horizontal-vertical_scenario,627,231,3,-5,3,90,90,15,1,118949,WheelchairAgent(Clone),6,12,1.3,1.17,7.016602,1,False,2,0,0
2026-03-06_20.46.01,206,sign-optimization-horizontal-vertical_scenario,627,231,3,-5,3,90,90,15,1,118950,AdultMaleAgent(Clone),11,10,1.71,1.58,0,0,False,3,1,0.3333333
2026-03-06_20.46.01,206,sign-optimization-horizontal-vertical_scenario,627,231,3,-5,3,90,90,15,1,118951,WheelchairAgent(Clone),7,11,1.3,1.17,0,0,False,2,0,0
2026-03-06_20.46.01,206,sign-optimization-horizontal-vertical_scenario,627,231,3,-5,3,90,90,15,1,118952,AdultFemaleAgent(Clone),5,10,1.58,1.45,5.852539,1,True,2,1,0.5
2026-03-06_20.46.01,206,sign-optimization-horizontal-vertical_scenario,627,231,3,-5,3,90,90,15,1,118953,AdultMaleAgent(Clone),7,11,1.71,1.58,0.2207031,2,True,2,1,0.5
2026-03-06_20.46.01,206,sign-optimization-horizontal-vertical_scenario,627,231,3,-5,3,90,90,15,1,118954,AdultFemaleAgent(Clone),7,11,1.58,1.450001,1.46875,2,True,2,1,0.5
2026-03-06_20.46.01,206,sign-optimization-horizontal-vertical_scenario,627,231,3,-5,3,90,90,15,1,118955,WheelchairAgent(Clone),10,12,1.3,1.17,10.69727,1,False,3,0,0
2026-03-06_20.46.01,206,sign-optimization-horizontal-vertical_scenario,627,231,3,-5,3,90,90,15,1,118956,WheelchairAgent(Clone),6,12,1.3,1.17,8.136719,1,False,2,1,0.5
2026-03-06_20.46.01,206,sign-optimization-horizontal-vertical_scenario,627,231,3,-5,3,90,90,15,1,118957,AdultFemaleAgent(Clone),10,12,1.58,1.45,10.04004,1,False,3,0,0
2026-03-06_20.46.01,206,sign-optimization-horizontal-vertical_scenario,627,231,3,-5,3,90,90,15,1,118958,AdultMaleAgent(Clone),6,12,1.71,1.58,10.11914,1,True,2,1,0.5
2026-03-06_20.46.01,206,sign-optimization-horizontal-vertical_scenario,627,231,3,-5,3,90,90,15,1,118959,AdultMaleAgent(Clone),5,10,1.71,1.58,3.701172,1,False,2,1,0.5
2026-03-06_20.46.01,206,sign-optimization-horizontal-vertical_scenario,627,231,3,-5,3,90,90,15,1,118960,AdultMaleAgent(Clone),6,12,1.71,1.58,11.14551,1,True,2,1,0.5
2026-03-06_20.46.01,206,sign-optimization-horizontal-vertical_scenario,627,231,3,-5,3,90,90,15,1,118961,AdultMaleAgent(Clone),6,12,1.71,1.58,10.92285,1,True,2,1,0.5
2026-03-06_20.46.01,206,sign-optimization-horizontal-vertical_scenario,627,231,3,-5,3,90,90,15,1,118962,WheelchairAgent(Clone),6,12,1.3,1.17,7.269531,1,False,2,0,0
2026-03-06_20.46.01,206,sign-optimization-horizontal-vertical_scenario,627,231,3,-5,3,90,90,15,1,118963,WheelchairAgent(Clone),5,10,1.3,1.17,6.40918,1,True,2,1,0.5
2026-03-06_20.46.01,206,sign-optimization-horizontal-vertical_scenario,627,231,3,-5,3,90,90,15,1,118964,AdultMaleAgent(Clone),7,11,1.71,1.58,0,0,False,2,0,0
2026-03-06_20.46.01,206,sign-optimization-horizontal-vertical_scenario,627,231,3,-5,3,90,90,15,1,118965,AdultMaleAgent(Clone),5,10,1.71,1.58,5.825195,1,True,2,1,0.5
2026-03-06_20.46.01,206,sign-optimization-horizontal-vertical_scenario,627,231,3,-5,3,90,90,15,1,118966,AdultMaleAgent(Clone),10,12,1.71,1.58,12.98145,1,False,3,0,0
2026-03-06_20.46.01,206,sign-optimization-horizontal-vertical_scenario,627,231,3,-5,3,90,90,15,1,118967,AdultFemaleAgent(Clone),10,12,1.58,1.45,11.27344,1,False,3,0,0
2026-03-06_20.46.01,206,sign-optimization-horizontal-vertical_scenario,627,231,3,-5,3,90,90,15,1,118968,AdultFemaleAgent(Clone),5,10,1.58,1.45,4.5,1,False,2,1,0.5
2026-03-06_20.46.01,206,sign-optimization-horizontal-vertical_scenario,627,231,3,-5,3,90,90,15,1,118969,AdultFemaleAgent(Clone),5,10,1.58,1.45,8.265625,1,True,2,1,0.5
2026-03-06_20.46.01,206,sign-optimization-horizontal-vertical_scenario,627,231,3,-5,3,90,90,15,1,118970,AdultMaleAgent(Clone),5,10,1.71,1.58,8.694336,1,True,2,1,0.5
2026-03-06_20.46.01,206,sign-optimization-horizontal-vertical_scenario,627,231,3,-5,3,90,90,15,1,118971,AdultFemaleAgent(Clone),10,12,1.58,1.45,11.96973,1,False,3,0,0
2026-03-06_20.46.01,206,sign-optimization-horizontal-vertical_scenario,627,231,3,-5,3,90,90,15,1,118972,AdultMaleAgent(Clone),7,11,1.71,1.58,3.483398,2,True,2,1,0.5
2026-03-06_20.46.01,206,sign-optimization-horizontal-vertical_scenario,627,231,3,-5,3,90,90,15,1,118973,WheelchairAgent(Clone),7,11,1.3,1.17,0,0,False,2,0,0
2026-03-06_20.46.01,206,sign-optimization-horizontal-vertical_scenario,627,231,3,-5,3,90,90,15,1,118974,AdultFemaleAgent(Clone),6,12,1.58,1.45,8.182617,1,True,2,1,0.5
2026-03-06_20.46.01,206,sign-optimization-horizontal-vertical_scenario,627,231,3,-5,3,90,90,15,1,118975,AdultFemaleAgent(Clone),7,11,1.58,1.450001,1.479492,2,False,2,0,0
2026-03-06_20.46.01,206,sign-optimization-horizontal-vertical_scenario,627,231,3,-5,3,90,90,15,1,118976,AdultFemaleAgent(Clone),11,10,1.58,1.450001,9.699219,1,True,3,1,0.3333333
2026-03-06_20.46.01,206,sign-optimization-horizontal-vertical_scenario,627,231,3,-5,3,90,90,15,1,118977,WheelchairAgent(Clone),5,10,1.3,1.17,6.334961,1,True,2,1,0.5
2026-03-06_20.46.01,206,sign-optimization-horizontal-vertical_scenario,627,231,3,-5,3,90,90,15,1,118978,WheelchairAgent(Clone),5,10,1.3,1.17,7.786133,1,True,2,1,0.5
2026-03-06_20.46.01,206,sign-optimization-horizontal-vertical_scenario,627,231,3,-5,3,90,90,15,1,118979,WheelchairAgent(Clone),10,12,1.3,1.17,13.1377,1,False,3,0,0
2026-03-06_20.46.01,206,sign-optimization-horizontal-vertical_scenario,627,231,3,-5,3,90,90,15,1,118980,WheelchairAgent(Clone),11,10,1.3,1.17,6.795898,1,False,3,1,0.3333333
2026-03-06_20.46.01,206,sign-optimization-horizontal-vertical_scenario,627,231,3,-5,3,90,90,15,1,118981,WheelchairAgent(Clone),6,12,1.3,1.17,13.2002,1,False,2,0,0
2026-03-06_20.46.01,206,sign-optimization-horizontal-vertical_scenario,627,231,3,-5,3,90,90,15,1,118982,WheelchairAgent(Clone),11,10,1.3,1.17,9.94043,1,True,3,1,0.3333333
2026-03-06_20.46.01,206,sign-optimization-horizontal-vertical_scenario,627,231,3,-5,3,90,90,15,1,118983,WheelchairAgent(Clone),10,12,1.3,1.17,11.23926,1,False,3,0,0
2026-03-06_20.46.01,206,sign-optimization-horizontal-vertical_scenario,627,231,3,-5,3,90,90,15,1,118984,WheelchairAgent(Clone),10,12,1.3,1.17,10.63184,1,False,3,0,0
2026-03-06_20.46.01,206,sign-optimization-horizontal-vertical_scenario,627,231,3,-5,3,90,90,15,1,118985,WheelchairAgent(Clone),10,12,1.3,1.17,13.60254,1,False,3,0,0
2026-03-06_20.46.01,206,sign-optimization-horizontal-vertical_scenario,627,231,3,-5,3,90,90,15,1,118986,AdultMaleAgent(Clone),7,11,1.71,1.58,0,0,False,2,0,0
2026-03-06_20.46.01,206,sign-optimization-horizontal-vertical_scenario,627,231,3,-5,3,90,90,15,1,118987,AdultFemaleAgent(Clone),10,12,1.58,1.45,15.00391,1,False,3,0,0
2026-03-06_20.46.01,206,sign-optimization-horizontal-vertical_scenario,627,231,3,-5,3,90,90,15,1,118988,AdultMaleAgent(Clone),5,10,1.71,1.58,5.152344,1,False,2,1,0.5
2026-03-06_20.46.01,206,sign-optimization-horizontal-vertical_scenario,627,231,3,-5,3,90,90,15,1,118989,WheelchairAgent(Clone),11,10,1.3,1.17,0,0,False,3,1,0.3333333
2026-03-06_20.46.01,206,sign-optimization-horizontal-vertical_scenario,627,231,3,-5,3,90,90,15,1,118990,AdultFemaleAgent(Clone),6,12,1.58,1.45,14.78613,1,True,2,1,0.5
2026-03-06_20.46.01,206,sign-optimization-horizontal-vertical_scenario,627,231,3,-5,3,90,90,15,1,118991,AdultMaleAgent(Clone),5,10,1.71,1.58,5.841797,1,True,2,1,0.5
2026-03-06_20.46.01,206,sign-optimization-horizontal-vertical_scenario,627,231,3,-5,3,90,90,15,1,118992,WheelchairAgent(Clone),5,10,1.3,1.17,6.279297,1,True,2,1,0.5
2026-03-06_20.46.01,206,sign-optimization-horizontal-vertical_scenario,627,231,3,-5,3,90,90,15,1,118993,WheelchairAgent(Clone),5,10,1.3,1.17,4.634766,1,False,2,1,0.5
2026-03-06_20.46.01,206,sign-optimization-horizontal-vertical_scenario,627,231,3,-5,3,90,90,15,1,118994,WheelchairAgent(Clone),5,10,1.3,1.17,4.697266,1,False,2,1,0.5
2026-03-06_20.46.01,206,sign-optimization-horizontal-vertical_scenario,627,231,3,-5,3,90,90,15,1,118995,AdultFemaleAgent(Clone),11,10,1.58,1.450001,9.021484,1,True,3,1,0.3333333
2026-03-06_20.46.01,206,sign-optimization-horizontal-vertical_scenario,627,231,3,-5,3,90,90,15,1,118996,AdultMaleAgent(Clone),10,12,1.71,1.58,9.922852,1,False,3,0,0
2026-03-06_20.46.01,206,sign-optimization-horizontal-vertical_scenario,627,231,3,-5,3,90,90,15,1,118997,WheelchairAgent(Clone),11,10,1.3,1.17,8.859375,1,True,3,1,0.3333333
2026-03-06_20.46.01,206,sign-optimization-horizontal-vertical_scenario,627,231,3,-5,3,90,90,15,1,118998,AdultFemaleAgent(Clone),7,11,1.58,1.450001,0,0,False,2,0,0
2026-03-06_20.46.01,206,sign-optimization-horizontal-vertical_scenario,627,231,3,-5,3,90,90,15,1,118999,AdultFemaleAgent(Clone),10,12,1.58,1.45,12.2002,1,False,3,0,0
2026-03-06_20.46.01,206,sign-optimization-horizontal-vertical_scenario,627,231,3,-5,3,90,90,15,1,119000,AdultMaleAgent(Clone),6,12,1.71,1.58,8.952148,1,True,2,1,0.5
2026-03-06_20.46.01,206,sign-optimization-horizontal-vertical_scenario,627,231,3,-5,3,90,90,15,1,119001,WheelchairAgent(Clone),5,10,1.3,1.17,6.095703,1,True,2,1,0.5
2026-03-06_20.46.01,206,sign-optimization-horizontal-vertical_scenario,627,231,3,-5,3,90,90,15,1,119002,AdultFemaleAgent(Clone),6,12,1.58,1.45,12.90918,1,False,2,1,0.5
2026-03-06_20.46.01,206,sign-optimization-horizontal-vertical_scenario,627,231,3,-5,3,90,90,15,1,119003,AdultMaleAgent(Clone),6,12,1.71,1.58,9.71875,1,True,2,1,0.5
2026-03-06_20.46.01,206,sign-optimization-horizontal-vertical_scenario,627,231,3,-5,3,90,90,15,1,119004,AdultFemaleAgent(Clone),6,12,1.58,1.45,5.976563,1,False,2,1,0.5
2026-03-06_20.46.01,206,sign-optimization-horizontal-vertical_scenario,627,231,3,-5,3,90,90,15,1,119005,AdultFemaleAgent(Clone),11,10,1.58,1.450001,0,0,False,3,0,0
2026-03-06_20.46.01,206,sign-optimization-horizontal-vertical_scenario,627,231,3,-5,3,90,90,15,1,119006,AdultMaleAgent(Clone),5,10,1.71,1.58,8.116211,1,True,2,1,0.5
2026-03-06_20.46.01,206,sign-optimization-horizontal-vertical_scenario,627,231,3,-5,3,90,90,15,1,119007,AdultMaleAgent(Clone),6,12,1.71,1.58,9.879883,1,True,2,1,0.5
2026-03-06_20.46.01,206,sign-optimization-horizontal-vertical_scenario,627,231,3,-5,3,90,90,15,1,119008,WheelchairAgent(Clone),10,12,1.3,1.17,12.47168,1,False,3,0,0
2026-03-06_20.46.01,206,sign-optimization-horizontal-vertical_scenario,627,231,3,-5,3,90,90,15,1,119009,AdultFemaleAgent(Clone),11,10,1.58,1.450001,8.37207,1,True,3,1,0.3333333
2026-03-06_20.46.01,206,sign-optimization-horizontal-vertical_scenario,627,231,3,-5,3,90,90,15,1,119010,AdultFemaleAgent(Clone),6,12,1.58,1.45,8.892578,1,False,2,1,0.5
2026-03-06_20.46.01,206,sign-optimization-horizontal-vertical_scenario,627,231,3,-5,3,90,90,15,1,119011,WheelchairAgent(Clone),11,10,1.3,1.17,9.37793,1,True,3,1,0.3333333
2026-03-06_20.46.01,206,sign-optimization-horizontal-vertical_scenario,627,231,3,-5,3,90,90,15,1,119012,AdultMaleAgent(Clone),7,11,1.71,1.58,0.4345703,2,False,2,1,0.5
2026-03-06_20.46.01,206,sign-optimization-horizontal-vertical_scenario,627,231,3,-5,3,90,90,15,1,119013,AdultFemaleAgent(Clone),5,10,1.58,1.45,7.649414,1,True,2,1,0.5
2026-03-06_20.46.01,206,sign-optimization-horizontal-vertical_scenario,627,231,3,-5,3,90,90,15,1,119014,WheelchairAgent(Clone),7,11,1.3,1.17,0.3789063,2,False,2,0,0
2026-03-06_20.46.01,206,sign-optimization-horizontal-vertical_scenario,627,231,3,-5,3,90,90,15,1,119015,WheelchairAgent(Clone),6,12,1.3,1.17,5.37793,1,False,2,1,0.5
2026-03-06_20.46.01,206,sign-optimization-horizontal-vertical_scenario,627,231,3,-5,3,90,90,15,1,119016,AdultMaleAgent(Clone),7,11,1.71,1.58,2.397461,2,True,2,1,0.5
2026-03-06_20.46.01,206,sign-optimization-horizontal-vertical_scenario,627,231,3,-5,3,90,90,15,1,119017,AdultFemaleAgent(Clone),10,12,1.58,1.45,10.29004,1,False,3,0,0
2026-03-06_20.46.01,206,sign-optimization-horizontal-vertical_scenario,627,231,3,-5,3,90,90,15,1,119018,WheelchairAgent(Clone),10,12,1.3,1.17,13.31934,1,False,3,0,0
2026-03-06_20.46.01,206,sign-optimization-horizontal-vertical_scenario,627,231,3,-5,3,90,90,15,1,119019,AdultMaleAgent(Clone),7,11,1.71,1.58,0,0,False,2,0,0
2026-03-06_20.46.01,206,sign-optimization-horizontal-vertical_scenario,627,231,3,-5,3,90,90,15,1,119020,AdultMaleAgent(Clone),10,12,1.71,1.58,14.12598,1,False,3,0,0
2026-03-06_20.46.01,206,sign-optimization-horizontal-vertical_scenario,627,231,3,-5,3,90,90,15,1,119021,AdultMaleAgent(Clone),11,10,1.71,1.58,10.27734,1,True,3,1,0.3333333
2026-03-06_20.46.01,206,sign-optimization-horizontal-vertical_scenario,627,231,3,-5,3,90,90,15,1,119022,AdultMaleAgent(Clone),11,10,1.71,1.58,10.43945,1,True,3,1,0.3333333
2026-03-06_20.46.01,206,sign-optimization-horizontal-vertical_scenario,627,231,3,-5,3,90,90,15,1,119023,WheelchairAgent(Clone),10,12,1.3,1.17,9.729492,1,False,3,0,0
2026-03-06_20.46.01,206,sign-optimization-horizontal-vertical_scenario,627,231,3,-5,3,90,90,15,1,119024,WheelchairAgent(Clone),5,10,1.3,1.17,5.054688,1,False,2,1,0.5
2026-03-06_20.46.01,206,sign-optimization-horizontal-vertical_scenario,627,231,3,-5,3,90,90,15,1,119025,WheelchairAgent(Clone),11,10,1.3,1.17,12.32031,1,True,3,1,0.3333333
2026-03-06_20.46.01,206,sign-optimization-horizontal-vertical_scenario,627,231,3,-5,3,90,90,15,1,119026,AdultMaleAgent(Clone),5,10,1.71,1.58,6.581055,1,True,2,1,0.5
2026-03-06_20.46.01,206,sign-optimization-horizontal-vertical_scenario,627,231,3,-5,3,90,90,15,1,119027,WheelchairAgent(Clone),10,12,1.3,1.17,10.14941,1,False,3,0,0
2026-03-06_20.46.01,206,sign-optimization-horizontal-vertical_scenario,627,231,3,-5,3,90,90,15,1,119028,AdultMaleAgent(Clone),7,11,1.71,1.58,1.352539,2,True,2,1,0.5
2026-03-06_20.46.01,206,sign-optimization-horizontal-vertical_scenario,627,231,3,-5,3,90,90,15,1,119029,AdultFemaleAgent(Clone),7,11,1.58,1.450001,0,0,False,2,0,0
2026-03-06_20.46.01,206,sign-optimization-horizontal-vertical_scenario,627,231,3,-5,3,90,90,15,1,119030,AdultFemaleAgent(Clone),11,10,1.58,1.450001,9.948242,1,True,3,1,0.3333333
2026-03-06_20.46.01,206,sign-optimization-horizontal-vertical_scenario,627,231,3,-5,3,90,90,15,1,119031,WheelchairAgent(Clone),10,12,1.3,1.17,11.63867,1,False,3,0,0
2026-03-06_20.46.01,206,sign-optimization-horizontal-vertical_scenario,627,231,3,-5,3,90,90,15,1,119032,AdultMaleAgent(Clone),6,12,1.71,1.58,7.154297,1,False,2,1,0.5
2026-03-06_20.46.01,206,sign-optimization-horizontal-vertical_scenario,627,231,3,-5,3,90,90,15,1,119033,WheelchairAgent(Clone),7,11,1.3,1.17,2.180664,1,True,2,1,0.5
2026-03-06_20.46.01,206,sign-optimization-horizontal-vertical_scenario,627,231,3,-5,3,90,90,15,1,119034,AdultFemaleAgent(Clone),7,11,1.58,1.450001,1.214844,1,True,2,1,0.5
2026-03-06_20.46.01,206,sign-optimization-horizontal-vertical_scenario,627,231,3,-5,3,90,90,15,1,119035,WheelchairAgent(Clone),7,11,1.3,1.17,0,0,False,2,0,0
2026-03-06_20.46.01,206,sign-optimization-horizontal-vertical_scenario,627,231,3,-5,3,90,90,15,1,119036,AdultMaleAgent(Clone),11,10,1.71,1.58,0,0,False,3,0,0
2026-03-06_20.46.01,206,sign-optimization-horizontal-vertical_scenario,627,231,3,-5,3,90,90,15,1,119037,AdultFemaleAgent(Clone),6,12,1.58,1.45,14.66895,1,True,2,1,0.5
2026-03-06_20.46.01,206,sign-optimization-horizontal-vertical_scenario,627,231,3,-5,3,90,90,15,1,119038,WheelchairAgent(Clone),6,12,1.3,1.17,13.38672,1,False,2,1,0.5
2026-03-06_20.46.01,206,sign-optimization-horizontal-vertical_scenario,627,231,3,-5,3,90,90,15,1,119039,AdultMaleAgent(Clone),10,12,1.71,1.58,10.37695,1,False,3,0,0
2026-03-06_20.46.01,206,sign-optimization-horizontal-vertical_scenario,627,231,3,-5,3,90,90,15,1,119040,AdultMaleAgent(Clone),10,12,1.71,1.58,11.73047,1,False,3,0,0
2026-03-06_20.46.01,206,sign-optimization-horizontal-vertical_scenario,627,231,3,-5,3,90,90,15,1,119041,WheelchairAgent(Clone),5,10,1.3,1.17,6.925781,1,True,2,1,0.5
2026-03-06_20.46.01,206,sign-optimization-horizontal-vertical_scenario,627,231,3,-5,3,90,90,15,1,119042,AdultFemaleAgent(Clone),5,10,1.58,1.45,4.876953,1,False,2,1,0.5
2026-03-06_20.46.01,206,sign-optimization-horizontal-vertical_scenario,627,231,3,-5,3,90,90,15,1,119043,WheelchairAgent(Clone),5,10,1.3,1.17,6.280273,1,False,2,1,0.5
2026-03-06_20.46.01,206,sign-optimization-horizontal-vertical_scenario,627,231,3,-5,3,90,90,15,1,119044,WheelchairAgent(Clone),11,10,1.3,1.17,0,0,True,3,1,0.3333333
2026-03-06_20.46.01,206,sign-optimization-horizontal-vertical_scenario,627,231,3,-5,3,90,90,15,1,119045,AdultMaleAgent(Clone),10,12,1.71,1.58,10.25879,1,False,3,0,0
2026-03-06_20.46.01,206,sign-optimization-horizontal-vertical_scenario,627,231,3,-5,3,90,90,15,1,119046,AdultMaleAgent(Clone),6,12,1.71,1.58,9.970703,1,True,2,1,0.5
2026-03-06_20.46.01,206,sign-optimization-horizontal-vertical_scenario,627,231,3,-5,3,90,90,15,1,119047,WheelchairAgent(Clone),5,10,1.3,1.17,6.886719,1,True,2,1,0.5
2026-03-06_20.46.01,206,sign-optimization-horizontal-vertical_scenario,627,231,3,-5,3,90,90,15,1,119048,AdultFemaleAgent(Clone),10,12,1.58,1.45,11.13867,1,False,3,0,0
2026-03-06_20.46.01,206,sign-optimization-horizontal-vertical_scenario,627,231,3,-5,3,90,90,15,1,119049,AdultFemaleAgent(Clone),11,10,1.58,1.450001,9.583984,1,True,3,1,0.3333333
2026-03-06_20.46.01,206,sign-optimization-horizontal-vertical_scenario,627,231,3,-5,3,90,90,15,1,119050,WheelchairAgent(Clone),6,12,1.3,1.17,6.511719,1,False,2,1,0.5
2026-03-06_20.46.01,206,sign-optimization-horizontal-vertical_scenario,627,231,3,-5,3,90,90,15,1,119051,AdultMaleAgent(Clone),10,12,1.71,1.58,12.0791,1,False,3,0,0
2026-03-06_20.46.01,206,sign-optimization-horizontal-vertical_scenario,627,231,3,-5,3,90,90,15,1,119052,WheelchairAgent(Clone),6,12,1.3,1.17,8.545898,1,False,2,1,0.5
2026-03-06_20.46.01,206,sign-optimization-horizontal-vertical_scenario,627,231,3,-5,3,90,90,15,1,119053,AdultFemaleAgent(Clone),7,11,1.58,1.450001,0,0,False,2,0,0
2026-03-06_20.46.01,206,sign-optimization-horizontal-vertical_scenario,627,231,3,-5,3,90,90,15,1,119054,AdultMaleAgent(Clone),11,10,1.71,1.58,0,0,False,3,1,0.3333333
2026-03-06_20.46.01,206,sign-optimization-horizontal-vertical_scenario,627,231,3,-5,3,90,90,15,1,119055,AdultFemaleAgent(Clone),11,10,1.58,1.450001,0,0,False,3,0,0
2026-03-06_20.46.01,206,sign-optimization-horizontal-vertical_scenario,627,231,3,-5,3,90,90,15,1,119056,AdultFemaleAgent(Clone),11,10,1.58,1.450001,0,0,False,3,1,0.3333333
2026-03-06_20.46.01,206,sign-optimization-horizontal-vertical_scenario,627,231,3,-5,3,90,90,15,1,119057,WheelchairAgent(Clone),7,11,1.3,1.17,0.2851563,1,False,2,1,0.5
2026-03-06_20.46.01,206,sign-optimization-horizontal-vertical_scenario,627,231,3,-5,3,90,90,15,1,119058,AdultMaleAgent(Clone),5,10,1.71,1.58,6.867188,1,True,2,1,0.5
2026-03-06_20.46.01,206,sign-optimization-horizontal-vertical_scenario,627,231,3,-5,3,90,90,15,1,119059,WheelchairAgent(Clone),7,11,1.3,1.17,1.02832,2,False,2,1,0.5
2026-03-06_20.46.01,206,sign-optimization-horizontal-vertical_scenario,627,231,3,-5,3,90,90,15,1,119060,AdultFemaleAgent(Clone),11,10,1.58,1.450001,0,0,False,3,1,0.3333333
2026-03-06_20.46.01,206,sign-optimization-horizontal-vertical_scenario,627,231,3,-5,3,90,90,15,1,119061,AdultFemaleAgent(Clone),10,12,1.58,1.45,9.592773,1,False,3,0,0
2026-03-06_20.46.01,206,sign-optimization-horizontal-vertical_scenario,627,231,3,-5,3,90,90,15,1,119062,AdultMaleAgent(Clone),10,12,1.71,1.58,10.80762,1,False,3,0,0
2026-03-06_20.46.01,206,sign-optimization-horizontal-vertical_scenario,627,231,3,-5,3,90,90,15,1,119063,AdultFemaleAgent(Clone),7,11,1.58,1.450001,0,0,False,2,0,0
2026-03-06_20.46.01,206,sign-optimization-horizontal-vertical_scenario,627,231,3,-5,3,90,90,15,1,119064,AdultMaleAgent(Clone),5,10,1.71,1.58,8.458984,1,True,2,1,0.5
2026-03-06_20.46.01,206,sign-optimization-horizontal-vertical_scenario,627,231,3,-5,3,90,90,15,1,119065,WheelchairAgent(Clone),10,12,1.3,1.17,13.62207,1,False,3,0,0
2026-03-06_20.46.01,206,sign-optimization-horizontal-vertical_scenario,627,231,3,-5,3,90,90,15,1,119066,AdultFemaleAgent(Clone),11,10,1.58,1.450001,8.610352,1,True,3,1,0.3333333
2026-03-06_20.46.01,206,sign-optimization-horizontal-vertical_scenario,627,231,3,-5,3,90,90,15,1,119067,AdultMaleAgent(Clone),6,12,1.71,1.58,6.882813,1,True,2,1,0.5
2026-03-06_20.46.01,206,sign-optimization-horizontal-vertical_scenario,627,231,3,-5,3,90,90,15,1,119068,WheelchairAgent(Clone),6,12,1.3,1.17,5.586914,1,False,2,1,0.5
2026-03-06_20.46.01,206,sign-optimization-horizontal-vertical_scenario,627,231,3,-5,3,90,90,15,1,119069,AdultMaleAgent(Clone),5,10,1.71,1.58,4.400391,1,False,2,1,0.5
2026-03-06_20.46.01,206,sign-optimization-horizontal-vertical_scenario,627,231,3,-5,3,90,90,15,1,119070,WheelchairAgent(Clone),10,12,1.3,1.17,10.63867,1,False,3,0,0
2026-03-06_20.46.01,206,sign-optimization-horizontal-vertical_scenario,627,231,3,-5,3,90,90,15,1,119071,AdultMaleAgent(Clone),11,10,1.71,1.58,0,0,True,3,1,0.3333333
2026-03-06_20.46.01,206,sign-optimization-horizontal-vertical_scenario,627,231,3,-5,3,90,90,15,1,119072,AdultFemaleAgent(Clone),10,12,1.58,1.45,10.14453,1,False,3,0,0
2026-03-06_20.46.01,206,sign-optimization-horizontal-vertical_scenario,627,231,3,-5,3,90,90,15,1,119073,AdultFemaleAgent(Clone),7,11,1.58,1.450001,0.1191406,1,False,2,0,0
2026-03-06_20.46.01,206,sign-optimization-horizontal-vertical_scenario,627,231,3,-5,3,90,90,15,1,119074,WheelchairAgent(Clone),5,10,1.3,1.17,5.714844,1,True,2,1,0.5
2026-03-06_20.46.01,206,sign-optimization-horizontal-vertical_scenario,627,231,3,-5,3,90,90,15,1,119075,WheelchairAgent(Clone),10,12,1.3,1.17,11.46973,1,False,3,0,0
2026-03-06_20.46.01,206,sign-optimization-horizontal-vertical_scenario,627,231,3,-5,3,90,90,15,1,119076,WheelchairAgent(Clone),5,10,1.3,1.17,3.661133,1,False,2,1,0.5
2026-03-06_20.46.01,206,sign-optimization-horizontal-vertical_scenario,627,231,3,-5,3,90,90,15,1,119077,AdultMaleAgent(Clone),7,11,1.71,1.58,0,0,False,2,0,0
2026-03-06_20.46.01,206,sign-optimization-horizontal-vertical_scenario,627,231,3,-5,3,90,90,15,1,119078,AdultFemaleAgent(Clone),11,10,1.58,1.450001,0,0,True,3,1,0.3333333
2026-03-06_20.46.01,206,sign-optimization-horizontal-vertical_scenario,627,231,3,-5,3,90,90,15,1,119079,AdultFemaleAgent(Clone),5,10,1.58,1.45,4.662109,1,False,2,1,0.5
2026-03-06_20.46.01,206,sign-optimization-horizontal-vertical_scenario,627,231,3,-5,3,90,90,15,1,119080,WheelchairAgent(Clone),5,10,1.3,1.17,7.31543,1,True,2,1,0.5
2026-03-06_20.46.01,206,sign-optimization-horizontal-vertical_scenario,627,231,3,-5,3,90,90,15,1,119081,WheelchairAgent(Clone),5,10,1.3,1.17,4.644531,1,False,2,1,0.5
2026-03-06_20.46.01,206,sign-optimization-horizontal-vertical_scenario,627,231,3,-5,3,90,90,15,1,119082,AdultFemaleAgent(Clone),7,11,1.58,1.450001,2.557617,1,True,2,1,0.5
2026-03-06_20.46.01,206,sign-optimization-horizontal-vertical_scenario,627,231,3,-5,3,90,90,15,1,119083,WheelchairAgent(Clone),5,10,1.3,1.17,6.958984,1,True,2,1,0.5
2026-03-06_20.46.01,206,sign-optimization-horizontal-vertical_scenario,627,231,3,-5,3,90,90,15,1,119084,AdultFemaleAgent(Clone),11,10,1.58,1.450001,9.711914,1,True,3,1,0.3333333
2026-03-06_20.46.01,206,sign-optimization-horizontal-vertical_scenario,627,231,3,-5,3,90,90,15,1,119085,AdultFemaleAgent(Clone),6,12,1.58,1.45,8.924805,1,True,2,1,0.5
2026-03-06_20.46.01,206,sign-optimization-horizontal-vertical_scenario,627,231,3,-5,3,90,90,15,1,119086,AdultFemaleAgent(Clone),5,10,1.58,1.45,6.75293,1,True,2,1,0.5
2026-03-06_20.46.01,206,sign-optimization-horizontal-vertical_scenario,627,231,3,-5,3,90,90,15,1,119087,AdultFemaleAgent(Clone),5,10,1.58,1.45,4.50293,1,False,2,1,0.5
2026-03-06_20.46.01,206,sign-optimization-horizontal-vertical_scenario,627,231,3,-5,3,90,90,15,1,119088,AdultFemaleAgent(Clone),5,10,1.58,1.45,6.217773,1,True,2,1,0.5
2026-03-06_20.46.01,206,sign-optimization-horizontal-vertical_scenario,627,231,3,-5,3,90,90,15,1,119089,AdultFemaleAgent(Clone),5,10,1.58,1.45,9.111328,1,True,2,1,0.5
2026-03-06_20.46.01,206,sign-optimization-horizontal-vertical_scenario,627,231,3,-5,3,90,90,15,1,119090,AdultFemaleAgent(Clone),10,12,1.58,1.45,11.65137,1,False,3,0,0
2026-03-06_20.46.01,206,sign-optimization-horizontal-vertical_scenario,627,231,3,-5,3,90,90,15,1,119091,WheelchairAgent(Clone),10,12,1.3,1.17,0,0,False,3,0,0
2026-03-06_20.46.01,206,sign-optimization-horizontal-vertical_scenario,627,231,3,-5,3,90,90,15,1,119092,AdultMaleAgent(Clone),10,12,1.71,1.58,10.64258,1,False,3,0,0
2026-03-06_20.46.01,206,sign-optimization-horizontal-vertical_scenario,627,231,3,-5,3,90,90,15,1,119093,AdultMaleAgent(Clone),7,11,1.71,1.58,3.685547,1,True,2,1,0.5
2026-03-06_20.46.01,206,sign-optimization-horizontal-vertical_scenario,627,231,3,-5,3,90,90,15,1,119094,WheelchairAgent(Clone),10,12,1.3,1.17,0,0,False,3,0,0
2026-03-06_20.46.01,206,sign-optimization-horizontal-vertical_scenario,627,231,3,-5,3,90,90,15,1,119095,AdultMaleAgent(Clone),7,11,1.71,1.58,1.429688,1,True,2,1,0.5
2026-03-06_20.46.01,206,sign-optimization-horizontal-vertical_scenario,627,231,3,-5,3,90,90,15,1,119096,WheelchairAgent(Clone),10,12,1.3,1.17,10.6377,1,False,3,0,0
2026-03-06_20.46.01,206,sign-optimization-horizontal-vertical_scenario,627,231,3,-5,3,90,90,15,1,119097,AdultFemaleAgent(Clone),11,10,1.58,1.450001,9.669922,1,True,3,1,0.3333333
2026-03-06_20.46.01,206,sign-optimization-horizontal-vertical_scenario,627,231,3,-5,3,90,90,15,1,119098,AdultMaleAgent(Clone),6,12,1.71,1.58,8.706055,1,True,2,1,0.5
2026-03-06_20.46.01,206,sign-optimization-horizontal-vertical_scenario,627,231,3,-5,3,90,90,15,1,119099,AdultFemaleAgent(Clone),10,12,1.58,1.45,0,0,False,3,1,0.3333333
2026-03-06_20.46.01,206,sign-optimization-horizontal-vertical_scenario,627,231,3,-5,3,90,90,15,1,119100,AdultFemaleAgent(Clone),7,11,1.58,1.450001,2.40625,1,True,2,1,0.5
2026-03-06_20.46.01,206,sign-optimization-horizontal-vertical_scenario,627,231,3,-5,3,90,90,15,1,119101,AdultFemaleAgent(Clone),10,12,1.58,1.45,9.916992,1,False,3,0,0
2026-03-06_20.46.01,206,sign-optimization-horizontal-vertical_scenario,627,231,3,-5,3,90,90,15,1,119102,AdultFemaleAgent(Clone),5,10,1.58,1.45,6.416016,1,True,2,1,0.5
2026-03-06_20.46.01,206,sign-optimization-horizontal-vertical_scenario,627,231,3,-5,3,90,90,15,1,119103,WheelchairAgent(Clone),7,11,1.3,1.17,0.2724609,1,False,2,1,0.5
2026-03-06_20.46.01,206,sign-optimization-horizontal-vertical_scenario,627,231,3,-5,3,90,90,15,1,119104,AdultFemaleAgent(Clone),6,12,1.58,1.45,0,0,False,2,1,0.5
2026-03-06_20.46.01,206,sign-optimization-horizontal-vertical_scenario,627,231,3,-5,3,90,90,15,1,119105,WheelchairAgent(Clone),6,12,1.3,1.17,9.588867,1,True,2,1,0.5
2026-03-06_20.46.01,206,sign-optimization-horizontal-vertical_scenario,627,231,3,-5,3,90,90,15,1,119106,AdultFemaleAgent(Clone),5,10,1.58,1.45,6.203125,1,True,2,1,0.5
2026-03-06_20.46.01,206,sign-optimization-horizontal-vertical_scenario,627,231,3,-5,3,90,90,15,1,119107,AdultMaleAgent(Clone),10,12,1.71,1.58,9.350586,1,False,3,0,0
2026-03-06_20.46.01,206,sign-optimization-horizontal-vertical_scenario,627,231,3,-5,3,90,90,15,1,119108,WheelchairAgent(Clone),7,11,1.3,1.17,0,0,False,2,0,0
2026-03-06_20.46.01,206,sign-optimization-horizontal-vertical_scenario,627,231,3,-5,3,90,90,15,1,119109,AdultMaleAgent(Clone),10,12,1.71,1.58,0,0,False,3,0,0
2026-03-06_20.46.01,206,sign-optimization-horizontal-vertical_scenario,627,231,3,-5,3,90,90,15,1,119110,AdultFemaleAgent(Clone),7,11,1.58,1.450001,2.669922,1,True,2,1,0.5
2026-03-06_20.46.01,206,sign-optimization-horizontal-vertical_scenario,627,231,3,-5,3,90,90,15,1,119111,AdultMaleAgent(Clone),11,10,1.71,1.58,0,0,True,3,1,0.3333333
2026-03-06_20.46.01,206,sign-optimization-horizontal-vertical_scenario,627,231,3,-5,3,90,90,15,1,119112,AdultFemaleAgent(Clone),10,12,1.58,1.45,8.989258,1,False,3,0,0
2026-03-06_20.46.01,206,sign-optimization-horizontal-vertical_scenario,627,231,3,-5,3,90,90,15,1,119113,AdultFemaleAgent(Clone),5,10,1.58,1.45,4.646484,1,False,2,1,0.5
2026-03-06_20.46.01,206,sign-optimization-horizontal-vertical_scenario,627,231,3,-5,3,90,90,15,1,119114,AdultFemaleAgent(Clone),11,10,1.58,1.450001,0,0,True,3,1,0.3333333
2026-03-06_20.46.01,206,sign-optimization-horizontal-vertical_scenario,627,231,3,-5,3,90,90,15,1,119115,AdultMaleAgent(Clone),10,12,1.71,1.58,0,0,False,3,0,0
2026-03-06_20.46.01,206,sign-optimization-horizontal-vertical_scenario,627,231,3,-5,3,90,90,15,1,119116,AdultMaleAgent(Clone),11,10,1.71,1.58,9.53125,1,True,3,1,0.3333333
2026-03-06_20.46.01,206,sign-optimization-horizontal-vertical_scenario,627,231,3,-5,3,90,90,15,1,119117,AdultMaleAgent(Clone),10,12,1.71,1.58,0,0,False,3,0,0
2026-03-06_20.46.01,206,sign-optimization-horizontal-vertical_scenario,627,231,3,-5,3,90,90,15,1,119118,AdultMaleAgent(Clone),10,12,1.71,1.58,0,0,False,3,0,0
2026-03-06_20.46.01,206,sign-optimization-horizontal-vertical_scenario,627,231,3,-5,3,90,90,15,1,119119,AdultFemaleAgent(Clone),10,12,1.58,1.45,0,0,False,3,0,0
2026-03-06_20.46.01,206,sign-optimization-horizontal-vertical_scenario,627,231,3,-5,3,90,90,15,1,119120,WheelchairAgent(Clone),10,12,1.3,1.17,0,0,False,3,0,0
2026-03-06_20.46.01,206,sign-optimization-horizontal-vertical_scenario,627,231,3,-5,3,90,90,15,1,119121,AdultMaleAgent(Clone),11,10,1.71,1.58,0,0,True,3,1,0.3333333
2026-03-06_20.46.01,206,sign-optimization-horizontal-vertical_scenario,627,231,3,-5,3,90,90,15,1,119122,AdultMaleAgent(Clone),6,12,1.71,1.58,0,0,True,2,1,0.5
2026-03-06_20.46.01,206,sign-optimization-horizontal-vertical_scenario,627,231,3,-5,3,90,90,15,1,119123,WheelchairAgent(Clone),5,10,1.3,1.17,0,0,False,2,1,0.5
2026-03-06_20.46.01,206,sign-optimization-horizontal-vertical_scenario,627,231,3,-5,3,90,90,15,1,119124,WheelchairAgent(Clone),5,10,1.3,1.17,7.015625,1,False,2,1,0.5
2026-03-06_20.46.01,206,sign-optimization-horizontal-vertical_scenario,627,231,3,-5,3,90,90,15,1,119125,AdultMaleAgent(Clone),5,10,1.71,1.58,0,0,True,2,1,0.5
2026-03-06_20.46.01,206,sign-optimization-horizontal-vertical_scenario,627,231,3,-5,3,90,90,15,1,119126,AdultMaleAgent(Clone),6,12,1.71,1.58,9.878906,1,True,2,1,0.5
2026-03-06_20.46.01,206,sign-optimization-horizontal-vertical_scenario,627,231,3,-5,3,90,90,15,1,119127,AdultFemaleAgent(Clone),10,12,1.58,1.45,0,0,False,3,0,0
2026-03-06_20.46.01,206,sign-optimization-horizontal-vertical_scenario,627,231,3,-5,3,90,90,15,1,119128,AdultMaleAgent(Clone),10,12,1.71,1.58,0,0,False,3,0,0
2026-03-06_20.46.01,206,sign-optimization-horizontal-vertical_scenario,627,231,3,-5,3,90,90,15,1,119129,AdultMaleAgent(Clone),11,10,1.71,1.58,0,0,False,3,0,0
2026-03-06_20.46.01,206,sign-optimization-horizontal-vertical_scenario,627,231,3,-5,3,90,90,15,1,119130,WheelchairAgent(Clone),10,12,1.3,1.17,0,0,False,3,0,0
2026-03-06_20.46.01,206,sign-optimization-horizontal-vertical_scenario,627,231,3,-5,3,90,90,15,1,119131,WheelchairAgent(Clone),6,12,1.3,1.17,0,0,True,2,1,0.5
2026-03-06_20.46.01,206,sign-optimization-horizontal-vertical_scenario,627,231,3,-5,3,90,90,15,1,119132,WheelchairAgent(Clone),10,12,1.3,1.17,0,0,False,3,0,0
2026-03-06_20.46.01,206,sign-optimization-horizontal-vertical_scenario,627,231,3,-5,3,90,90,15,1,119133,AdultFemaleAgent(Clone),11,10,1.58,1.450001,0,0,False,3,0,0
2026-03-06_20.46.01,206,sign-optimization-horizontal-vertical_scenario,627,231,3,-5,3,90,90,15,1,119134,AdultFemaleAgent(Clone),10,12,1.58,1.45,0,0,False,3,1,0.3333333
2026-03-06_20.46.01,206,sign-optimization-horizontal-vertical_scenario,627,231,3,-5,3,90,90,15,1,119135,AdultFemaleAgent(Clone),5,10,1.58,1.45,0,0,True,2,1,0.5
2026-03-06_20.46.01,206,sign-optimization-horizontal-vertical_scenario,627,231,3,-5,3,90,90,15,1,119136,WheelchairAgent(Clone),6,12,1.3,1.17,0,0,False,2,1,0.5
2026-03-06_20.46.01,206,sign-optimization-horizontal-vertical_scenario,627,231,3,-5,3,90,90,15,1,119137,WheelchairAgent(Clone),10,12,1.3,1.17,0,0,False,3,0,0
2026-03-06_20.46.01,206,sign-optimization-horizontal-vertical_scenario,627,231,3,-5,3,90,90,15,1,119138,WheelchairAgent(Clone),11,10,1.3,1.17,0,0,False,3,0,0
2026-03-06_20.46.01,206,sign-optimization-horizontal-vertical_scenario,627,231,3,-5,3,90,90,15,1,119139,AdultFemaleAgent(Clone),7,11,1.58,1.450001,1.913086,1,True,2,1,0.5
2026-03-06_20.46.01,206,sign-optimization-horizontal-vertical_scenario,627,231,3,-5,3,90,90,15,1,119140,AdultMaleAgent(Clone),5,10,1.71,1.58,0,0,False,2,1,0.5
2026-03-06_20.46.01,206,sign-optimization-horizontal-vertical_scenario,627,231,3,-5,3,90,90,15,1,119141,WheelchairAgent(Clone),6,12,1.3,1.17,0,0,False,2,1,0.5
2026-03-06_20.46.01,206,sign-optimization-horizontal-vertical_scenario,627,231,3,-5,3,90,90,15,1,119142,WheelchairAgent(Clone),6,12,1.3,1.17,0,0,False,2,1,0.5
2026-03-06_20.46.01,206,sign-optimization-horizontal-vertical_scenario,627,231,3,-5,3,90,90,15,1,119143,AdultFemaleAgent(Clone),5,10,1.58,1.45,0,0,True,2,1,0.5
2026-03-06_20.46.01,206,sign-optimization-horizontal-vertical_scenario,627,231,3,-5,3,90,90,15,1,119144,AdultMaleAgent(Clone),7,11,1.71,1.58,0.7080078,1,False,2,1,0.5
2026-03-06_20.46.01,206,sign-optimization-horizontal-vertical_scenario,627,231,3,-5,3,90,90,15,1,119145,WheelchairAgent(Clone),5,10,1.3,1.17,0,0,True,2,1,0.5
2026-03-06_20.46.01,206,sign-optimization-horizontal-vertical_scenario,627,231,3,-5,3,90,90,15,1,119146,WheelchairAgent(Clone),10,12,1.3,1.17,0,0,False,3,0,0
2026-03-06_20.46.01,206,sign-optimization-horizontal-vertical_scenario,627,231,3,-5,3,90,90,15,1,119147,AdultMaleAgent(Clone),5,10,1.71,1.58,0,0,True,2,1,0.5
2026-03-06_20.46.01,206,sign-optimization-horizontal-vertical_scenario,627,231,3,-5,3,90,90,15,1,119148,AdultMaleAgent(Clone),6,12,1.71,1.58,0,0,True,2,1,0.5
2026-03-06_20.46.01,206,sign-optimization-horizontal-vertical_scenario,627,231,3,-5,3,90,90,15,1,119149,AdultMaleAgent(Clone),11,10,1.71,1.58,0,0,False,3,0,0
2026-03-06_20.46.01,206,sign-optimization-horizontal-vertical_scenario,627,231,3,-5,3,90,90,15,1,119150,AdultFemaleAgent(Clone),5,10,1.58,1.45,0,0,True,2,1,0.5
2026-03-06_20.46.01,206,sign-optimization-horizontal-vertical_scenario,627,231,3,-5,3,90,90,15,1,119151,AdultFemaleAgent(Clone),6,12,1.58,1.45,0,0,True,2,1,0.5
2026-03-06_20.46.01,206,sign-optimization-horizontal-vertical_scenario,627,231,3,-5,3,90,90,15,1,119152,AdultFemaleAgent(Clone),11,10,1.58,1.450001,0,0,False,3,0,0
2026-03-06_20.46.01,206,sign-optimization-horizontal-vertical_scenario,627,231,3,-5,3,90,90,15,1,119153,AdultMaleAgent(Clone),7,11,1.71,1.58,0,0,False,2,0,0
2026-03-06_20.46.01,206,sign-optimization-horizontal-vertical_scenario,627,231,3,-5,3,90,90,15,1,119154,WheelchairAgent(Clone),11,10,1.3,1.17,0,0,True,3,1,0.3333333
2026-03-06_20.46.01,206,sign-optimization-horizontal-vertical_scenario,627,231,3,-5,3,90,90,15,1,119155,AdultMaleAgent(Clone),10,12,1.71,1.58,0,0,False,3,0,0
2026-03-06_20.46.01,206,sign-optimization-horizontal-vertical_scenario,627,231,3,-5,3,90,90,15,1,119156,WheelchairAgent(Clone),11,10,1.3,1.17,0,0,True,3,1,0.3333333
2026-03-06_20.46.01,206,sign-optimization-horizontal-vertical_scenario,627,231,3,-5,3,90,90,15,1,119157,WheelchairAgent(Clone),7,11,1.3,1.17,0,0,False,2,0,0
2026-03-06_20.46.01,206,sign-optimization-horizontal-vertical_scenario,627,231,3,-5,3,90,90,15,1,119158,AdultMaleAgent(Clone),11,10,1.71,1.58,0,0,False,3,0,0
2026-03-06_20.46.01,206,sign-optimization-horizontal-vertical_scenario,627,231,3,-5,3,90,90,15,1,119159,AdultFemaleAgent(Clone),7,11,1.58,1.450001,1.525391,1,True,2,1,0.5
2026-03-06_20.46.01,206,sign-optimization-horizontal-vertical_scenario,627,231,3,-5,3,90,90,15,1,119160,WheelchairAgent(Clone),5,10,1.3,1.17,0,0,False,2,1,0.5
2026-03-06_20.46.01,206,sign-optimization-horizontal-vertical_scenario,627,231,3,-5,3,90,90,15,1,119161,AdultFemaleAgent(Clone),10,12,1.58,1.45,0,0,False,3,0,0
2026-03-06_20.46.01,206,sign-optimization-horizontal-vertical_scenario,627,231,3,-5,3,90,90,15,1,119162,AdultFemaleAgent(Clone),6,12,1.58,1.45,0,0,True,2,1,0.5
2026-03-06_20.46.01,206,sign-optimization-horizontal-vertical_scenario,627,231,3,-5,3,90,90,15,1,119163,WheelchairAgent(Clone),7,11,1.3,1.17,2.422852,1,True,2,1,0.5
2026-03-06_20.46.01,206,sign-optimization-horizontal-vertical_scenario,627,231,3,-5,3,90,90,15,1,119164,AdultFemaleAgent(Clone),6,12,1.58,1.45,0,0,True,2,1,0.5
2026-03-06_20.46.01,206,sign-optimization-horizontal-vertical_scenario,627,231,3,-5,3,90,90,15,1,119165,AdultFemaleAgent(Clone),6,12,1.58,1.45,0,0,True,2,1,0.5
2026-03-06_20.46.01,206,sign-optimization-horizontal-vertical_scenario,627,231,3,-5,3,90,90,15,1,119166,AdultFemaleAgent(Clone),11,10,1.58,1.450001,0,0,True,3,1,0.3333333
2026-03-06_20.46.01,206,sign-optimization-horizontal-vertical_scenario,627,231,3,-5,3,90,90,15,1,119167,AdultFemaleAgent(Clone),6,12,1.58,1.45,0,0,True,2,1,0.5
2026-03-06_20.46.01,206,sign-optimization-horizontal-vertical_scenario,627,231,3,-5,3,90,90,15,1,119168,WheelchairAgent(Clone),7,11,1.3,1.17,0,0,False,2,0,0
2026-03-06_20.46.01,206,sign-optimization-horizontal-vertical_scenario,627,231,3,-5,3,90,90,15,1,119169,AdultFemaleAgent(Clone),6,12,1.58,1.45,0,0,True,2,1,0.5
2026-03-06_20.46.01,206,sign-optimization-horizontal-vertical_scenario,627,231,3,-5,3,90,90,15,1,119170,AdultMaleAgent(Clone),5,10,1.71,1.58,0,0,True,2,1,0.5
2026-03-06_20.46.01,206,sign-optimization-horizontal-vertical_scenario,627,231,3,-5,3,90,90,15,1,119171,AdultMaleAgent(Clone),5,10,1.71,1.58,0,0,True,2,1,0.5
2026-03-06_20.46.01,206,sign-optimization-horizontal-vertical_scenario,627,231,3,-5,3,90,90,15,1,119172,AdultFemaleAgent(Clone),5,10,1.58,1.45,0,0,True,2,1,0.5
2026-03-06_20.46.01,206,sign-optimization-horizontal-vertical_scenario,627,231,3,-5,3,90,90,15,1,119173,WheelchairAgent(Clone),11,10,1.3,1.17,0,0,False,3,0,0
2026-03-06_20.46.01,206,sign-optimization-horizontal-vertical_scenario,627,231,3,-5,3,90,90,15,1,119174,AdultFemaleAgent(Clone),6,12,1.58,1.45,0,0,True,2,1,0.5
2026-03-06_20.46.01,206,sign-optimization-horizontal-vertical_scenario,627,231,3,-5,3,90,90,15,1,119175,AdultFemaleAgent(Clone),6,12,1.58,1.45,0,0,True,2,1,0.5
2026-03-06_20.46.01,206,sign-optimization-horizontal-vertical_scenario,627,231,3,-5,3,90,90,15,1,119176,AdultMaleAgent(Clone),6,12,1.71,1.58,0,0,True,2,1,0.5
2026-03-06_20.46.01,206,sign-optimization-horizontal-vertical_scenario,627,231,3,-5,3,90,90,15,1,119177,AdultFemaleAgent(Clone),7,11,1.58,1.450001,2.081055,1,True,2,1,0.5
2026-03-06_20.46.01,206,sign-optimization-horizontal-vertical_scenario,627,231,3,-5,3,90,90,15,1,119178,AdultMaleAgent(Clone),6,12,1.71,1.58,0,0,True,2,1,0.5
2026-03-06_20.46.01,206,sign-optimization-horizontal-vertical_scenario,627,231,3,-5,3,90,90,15,1,119179,AdultFemaleAgent(Clone),5,10,1.58,1.45,0,0,False,2,1,0.5
2026-03-06_20.46.01,206,sign-optimization-horizontal-vertical_scenario,627,231,3,-5,3,90,90,15,1,119180,AdultFemaleAgent(Clone),5,10,1.58,1.45,0,0,False,2,1,0.5
2026-03-06_20.46.01,206,sign-optimization-horizontal-vertical_scenario,627,231,3,-5,3,90,90,15,1,119181,WheelchairAgent(Clone),10,12,1.3,1.17,0,0,False,3,0,0
2026-03-06_20.46.01,206,sign-optimization-horizontal-vertical_scenario,627,231,3,-5,3,90,90,15,1,119182,WheelchairAgent(Clone),10,12,1.3,1.17,0,0,False,3,0,0
2026-03-06_20.46.01,206,sign-optimization-horizontal-vertical_scenario,627,231,3,-5,3,90,90,15,1,119183,WheelchairAgent(Clone),6,12,1.3,1.17,0,0,True,2,1,0.5
2026-03-06_20.46.01,206,sign-optimization-horizontal-vertical_scenario,627,231,3,-5,3,90,90,15,1,119184,AdultMaleAgent(Clone),5,10,1.71,1.58,0,0,False,2,1,0.5
2026-03-06_20.46.01,206,sign-optimization-horizontal-vertical_scenario,627,231,3,-5,3,90,90,15,1,119185,AdultMaleAgent(Clone),7,11,1.71,1.58,2.087891,1,True,2,1,0.5
2026-03-06_20.46.01,206,sign-optimization-horizontal-vertical_scenario,627,231,3,-5,3,90,90,15,1,119186,AdultFemaleAgent(Clone),10,12,1.58,1.45,0,0,False,3,0,0
2026-03-06_20.46.01,206,sign-optimization-horizontal-vertical_scenario,627,231,3,-5,3,90,90,15,1,119187,AdultFemaleAgent(Clone),11,10,1.58,1.450001,0,0,False,3,0,0
2026-03-06_20.46.01,206,sign-optimization-horizontal-vertical_scenario,627,231,3,-5,3,90,90,15,1,119188,WheelchairAgent(Clone),10,12,1.3,1.17,0,0,False,3,0,0
2026-03-06_20.46.01,206,sign-optimization-horizontal-vertical_scenario,627,231,3,-5,3,90,90,15,1,119189,WheelchairAgent(Clone),11,10,1.3,1.17,0,0,False,3,0,0
2026-03-06_20.46.01,206,sign-optimization-horizontal-vertical_scenario,627,231,3,-5,3,90,90,15,1,119190,WheelchairAgent(Clone),5,10,1.3,1.17,0,0,False,2,0,0
2026-03-06_20.46.01,206,sign-optimization-horizontal-vertical_scenario,627,231,3,-5,3,90,90,15,1,119191,AdultFemaleAgent(Clone),11,10,1.58,1.450001,0,0,False,3,0,0
2026-03-06_20.46.01,206,sign-optimization-horizontal-vertical_scenario,627,231,3,-5,3,90,90,15,1,119192,AdultFemaleAgent(Clone),5,10,1.58,1.45,0,0,False,2,0,0
2026-03-06_20.46.01,206,sign-optimization-horizontal-vertical_scenario,627,231,3,-5,3,90,90,15,1,119193,AdultFemaleAgent(Clone),7,11,1.58,1.450001,2.302734,1,True,2,1,0.5
2026-03-06_20.46.01,206,sign-optimization-horizontal-vertical_scenario,627,231,3,-5,3,90,90,15,1,119194,AdultFemaleAgent(Clone),11,10,1.58,1.450001,0,0,False,3,0,0
2026-03-06_20.46.01,206,sign-optimization-horizontal-vertical_scenario,627,231,3,-5,3,90,90,15,1,119195,WheelchairAgent(Clone),10,12,1.3,1.17,0,0,False,3,0,0
2026-03-06_20.46.01,206,sign-optimization-horizontal-vertical_scenario,627,231,3,-5,3,90,90,15,1,119196,AdultMaleAgent(Clone),5,10,1.71,1.58,0,0,False,2,0,0
2026-03-06_20.46.01,206,sign-optimization-horizontal-vertical_scenario,627,231,3,-5,3,90,90,15,1,119197,WheelchairAgent(Clone),5,10,1.3,1.17,0,0,False,2,0,0
2026-03-06_20.46.01,206,sign-optimization-horizontal-vertical_scenario,627,231,3,-5,3,90,90,15,1,119198,AdultFemaleAgent(Clone),6,12,1.58,1.45,0,0,True,2,1,0.5
2026-03-06_20.46.01,206,sign-optimization-horizontal-vertical_scenario,627,231,3,-5,3,90,90,15,1,119199,WheelchairAgent(Clone),10,12,1.3,1.17,0,0,False,3,0,0
2026-03-06_20.46.01,206,sign-optimization-horizontal-vertical_scenario,627,231,3,-5,3,90,90,15,1,119200,AdultFemaleAgent(Clone),10,12,1.58,1.45,0,0,False,3,0,0
2026-03-06_20.46.01,206,sign-optimization-horizontal-vertical_scenario,627,231,3,-5,3,90,90,15,1,119201,WheelchairAgent(Clone),11,10,1.3,1.17,0,0,False,3,0,0
2026-03-06_20.46.01,206,sign-optimization-horizontal-vertical_scenario,627,231,3,-5,3,90,90,15,1,119202,AdultFemaleAgent(Clone),10,12,1.58,1.45,0,0,False,3,0,0
2026-03-06_20.46.01,206,sign-optimization-horizontal-vertical_scenario,627,231,3,-5,3,90,90,15,1,119203,WheelchairAgent(Clone),11,10,1.3,1.17,0,0,False,3,0,0
2026-03-06_20.46.01,206,sign-optimization-horizontal-vertical_scenario,627,231,3,-5,3,90,90,15,1,119204,AdultFemaleAgent(Clone),11,10,1.58,1.450001,0,0,False,3,0,0
2026-03-06_20.46.01,206,sign-optimization-horizontal-vertical_scenario,627,231,3,-5,3,90,90,15,1,119205,AdultFemaleAgent(Clone),6,12,1.58,1.45,0,0,True,2,1,0.5
2026-03-06_20.46.01,206,sign-optimization-horizontal-vertical_scenario,627,231,3,-5,3,90,90,15,1,119206,WheelchairAgent(Clone),5,10,1.3,1.17,0,0,False,2,0,0
2026-03-06_20.46.01,206,sign-optimization-horizontal-vertical_scenario,627,231,3,-5,3,90,90,15,1,119207,WheelchairAgent(Clone),6,12,1.3,1.17,0,0,True,2,1,0.5
2026-03-06_20.46.01,206,sign-optimization-horizontal-vertical_scenario,627,231,3,-5,3,90,90,15,1,119208,WheelchairAgent(Clone),10,12,1.3,1.17,0,0,False,3,0,0
2026-03-06_20.46.01,206,sign-optimization-horizontal-vertical_scenario,627,231,3,-5,3,90,90,15,1,119209,WheelchairAgent(Clone),7,11,1.3,1.17,0.1826172,1,False,2,0,0
2026-03-06_20.46.01,206,sign-optimization-horizontal-vertical_scenario,627,231,3,-5,3,90,90,15,1,119210,AdultFemaleAgent(Clone),11,10,1.58,1.450001,0,0,False,3,0,0
2026-03-06_20.46.01,206,sign-optimization-horizontal-vertical_scenario,627,231,3,-5,3,90,90,15,1,119211,WheelchairAgent(Clone),6,12,1.3,1.17,0,0,True,2,1,0.5
2026-03-06_20.46.01,206,sign-optimization-horizontal-vertical_scenario,627,231,3,-5,3,90,90,15,1,119212,AdultMaleAgent(Clone),7,11,1.71,1.58,0.7001953,1,False,2,1,0.5
2026-03-06_20.46.01,206,sign-optimization-horizontal-vertical_scenario,627,231,3,-5,3,90,90,15,1,119213,AdultMaleAgent(Clone),10,12,1.71,1.58,0,0,False,3,0,0
2026-03-06_20.46.01,206,sign-optimization-horizontal-vertical_scenario,627,231,3,-5,3,90,90,15,1,119214,AdultMaleAgent(Clone),6,12,1.71,1.58,0,0,True,2,1,0.5
2026-03-06_20.46.01,206,sign-optimization-horizontal-vertical_scenario,627,231,3,-5,3,90,90,15,1,119215,AdultFemaleAgent(Clone),11,10,1.58,1.450001,0,0,False,3,0,0
2026-03-06_20.46.01,206,sign-optimization-horizontal-vertical_scenario,627,231,3,-5,3,90,90,15,1,119216,WheelchairAgent(Clone),10,12,1.3,1.17,0,0,False,3,0,0
2026-03-06_20.46.01,206,sign-optimization-horizontal-vertical_scenario,627,231,3,-5,3,90,90,15,1,119217,AdultFemaleAgent(Clone),6,12,1.58,1.45,0,0,False,2,1,0.5
2026-03-06_20.46.01,206,sign-optimization-horizontal-vertical_scenario,627,231,3,-5,3,90,90,15,1,119218,AdultFemaleAgent(Clone),10,12,1.58,1.45,0,0,False,3,0,0
2026-03-06_20.46.01,206,sign-optimization-horizontal-vertical_scenario,627,231,3,-5,3,90,90,15,1,119219,AdultMaleAgent(Clone),6,12,1.71,1.58,0,0,True,2,1,0.5
2026-03-06_20.46.01,206,sign-optimization-horizontal-vertical_scenario,627,231,3,-5,3,90,90,15,1,119220,AdultMaleAgent(Clone),6,12,1.71,1.58,0,0,True,2,1,0.5
2026-03-06_20.46.01,206,sign-optimization-horizontal-vertical_scenario,627,231,3,-5,3,90,90,15,1,119221,WheelchairAgent(Clone),10,12,1.3,1.17,0,0,False,3,0,0
2026-03-06_20.46.01,206,sign-optimization-horizontal-vertical_scenario,627,231,3,-5,3,90,90,15,1,119222,AdultFemaleAgent(Clone),7,11,1.58,1.450001,2.556641,1,True,2,1,0.5
2026-03-06_20.46.01,206,sign-optimization-horizontal-vertical_scenario,627,231,3,-5,3,90,90,15,1,119223,WheelchairAgent(Clone),6,12,1.3,1.17,0,0,True,2,1,0.5
2026-03-06_20.46.01,206,sign-optimization-horizontal-vertical_scenario,627,231,3,-5,3,90,90,15,1,119224,AdultFemaleAgent(Clone),10,12,1.58,1.45,0,0,False,3,0,0
2026-03-06_20.46.01,206,sign-optimization-horizontal-vertical_scenario,627,231,3,-5,3,90,90,15,1,119225,AdultFemaleAgent(Clone),7,11,1.58,1.450001,2.083008,1,True,2,1,0.5
2026-03-06_20.46.01,206,sign-optimization-horizontal-vertical_scenario,627,231,3,-5,3,90,90,15,1,119226,AdultMaleAgent(Clone),6,12,1.71,1.58,0,0,True,2,1,0.5
2026-03-06_20.46.01,206,sign-optimization-horizontal-vertical_scenario,627,231,3,-5,3,90,90,15,1,119227,WheelchairAgent(Clone),11,10,1.3,1.17,0,0,False,3,0,0
2026-03-06_20.46.01,206,sign-optimization-horizontal-vertical_scenario,627,231,3,-5,3,90,90,15,1,119228,WheelchairAgent(Clone),5,10,1.3,1.17,0,0,False,2,0,0
2026-03-06_20.46.01,206,sign-optimization-horizontal-vertical_scenario,627,231,3,-5,3,90,90,15,1,119229,AdultFemaleAgent(Clone),10,12,1.58,1.45,0,0,False,3,0,0
2026-03-06_20.46.01,206,sign-optimization-horizontal-vertical_scenario,627,231,3,-5,3,90,90,15,1,119230,AdultFemaleAgent(Clone),6,12,1.58,1.45,0,0,False,2,1,0.5
2026-03-06_20.46.01,206,sign-optimization-horizontal-vertical_scenario,627,231,3,-5,3,90,90,15,1,119231,AdultMaleAgent(Clone),10,12,1.71,1.58,0,0,False,3,0,0
2026-03-06_20.46.01,206,sign-optimization-horizontal-vertical_scenario,627,231,3,-5,3,90,90,15,1,119232,WheelchairAgent(Clone),6,12,1.3,1.17,0,0,False,2,1,0.5
2026-03-06_20.46.01,206,sign-optimization-horizontal-vertical_scenario,627,231,3,-5,3,90,90,15,1,119233,WheelchairAgent(Clone),5,10,1.3,1.17,0,0,False,2,0,0
2026-03-06_20.46.01,206,sign-optimization-horizontal-vertical_scenario,627,231,3,-5,3,90,90,15,1,119234,WheelchairAgent(Clone),6,12,1.3,1.17,0,0,False,2,1,0.5
2026-03-06_20.46.01,206,sign-optimization-horizontal-vertical_scenario,627,231,3,-5,3,90,90,15,1,119235,WheelchairAgent(Clone),6,12,1.3,1.17,0,0,False,2,0,0
2026-03-06_20.46.01,206,sign-optimization-horizontal-vertical_scenario,627,231,3,-5,3,90,90,15,1,119236,AdultFemaleAgent(Clone),11,10,1.58,1.450001,0,0,False,3,0,0
2026-03-06_20.46.01,206,sign-optimization-horizontal-vertical_scenario,627,231,3,-5,3,90,90,15,1,119237,WheelchairAgent(Clone),5,10,1.3,1.17,0,0,False,2,0,0
2026-03-06_20.46.01,206,sign-optimization-horizontal-vertical_scenario,627,231,3,-5,3,90,90,15,1,119238,AdultMaleAgent(Clone),11,10,1.71,1.58,0,0,False,3,0,0
2026-03-06_20.46.01,206,sign-optimization-horizontal-vertical_scenario,627,231,3,-5,3,90,90,15,1,119239,AdultMaleAgent(Clone),7,11,1.71,1.58,0,0,False,2,0,0
2026-03-06_20.46.01,206,sign-optimization-horizontal-vertical_scenario,627,231,3,-5,3,90,90,15,1,119240,WheelchairAgent(Clone),10,12,1.3,1.17,0,0,False,3,0,0
2026-03-06_20.46.01,206,sign-optimization-horizontal-vertical_scenario,627,231,3,-5,3,90,90,15,1,119241,AdultFemaleAgent(Clone),5,10,1.58,1.45,0,0,False,2,0,0
2026-03-06_20.46.01,206,sign-optimization-horizontal-vertical_scenario,627,231,3,-5,3,90,90,15,1,119242,AdultFemaleAgent(Clone),7,11,1.58,1.450001,0.8818359,1,False,2,1,0.5
2026-03-06_20.46.01,206,sign-optimization-horizontal-vertical_scenario,627,231,3,-5,3,90,90,15,1,119243,AdultFemaleAgent(Clone),7,11,1.58,1.450001,0,0,False,2,0,0
2026-03-06_20.46.01,206,sign-optimization-horizontal-vertical_scenario,627,231,3,-5,3,90,90,15,1,119244,WheelchairAgent(Clone),10,12,1.3,1.17,0,0,False,3,0,0
2026-03-06_20.46.01,206,sign-optimization-horizontal-vertical_scenario,627,231,3,-5,3,90,90,15,1,119245,WheelchairAgent(Clone),11,10,1.3,1.17,0,0,False,3,0,0
2026-03-06_20.46.01,206,sign-optimization-horizontal-vertical_scenario,627,231,3,-5,3,90,90,15,1,119246,AdultFemaleAgent(Clone),5,10,1.58,1.45,0,0,False,2,0,0
2026-03-06_20.46.01,206,sign-optimization-horizontal-vertical_scenario,627,231,3,-5,3,90,90,15,1,119247,AdultFemaleAgent(Clone),5,10,1.58,1.45,0,0,False,2,0,0
2026-03-06_20.46.01,206,sign-optimization-horizontal-vertical_scenario,627,231,3,-5,3,90,90,15,1,119248,WheelchairAgent(Clone),11,10,1.3,1.17,0,0,False,3,0,0
2026-03-06_20.46.01,206,sign-optimization-horizontal-vertical_scenario,627,231,3,-5,3,90,90,15,1,119249,AdultMaleAgent(Clone),10,12,1.71,1.58,0,0,False,3,0,0
2026-03-06_20.46.01,206,sign-optimization-horizontal-vertical_scenario,627,231,3,-5,3,90,90,15,1,119250,WheelchairAgent(Clone),5,10,1.3,1.17,0,0,False,2,0,0
2026-03-06_20.46.01,206,sign-optimization-horizontal-vertical_scenario,627,231,3,-5,3,90,90,15,1,119251,AdultMaleAgent(Clone),5,10,1.71,1.58,0,0,False,2,0,0
2026-03-06_20.46.01,206,sign-optimization-horizontal-vertical_scenario,627,231,3,-5,3,90,90,15,1,119252,AdultFemaleAgent(Clone),5,10,1.58,1.45,0,0,False,2,0,0
2026-03-06_20.46.01,206,sign-optimization-horizontal-vertical_scenario,627,231,3,-5,3,90,90,15,1,119253,AdultFemaleAgent(Clone),10,12,1.58,1.45,0,0,False,3,0,0
2026-03-06_20.46.01,206,sign-optimization-horizontal-vertical_scenario,627,231,3,-5,3,90,90,15,1,119254,AdultFemaleAgent(Clone),5,10,1.58,1.45,0,0,False,2,0,0
2026-03-06_20.46.01,206,sign-optimization-horizontal-vertical_scenario,627,231,3,-5,3,90,90,15,1,119255,AdultMaleAgent(Clone),6,12,1.71,1.58,0,0,False,2,1,0.5
2026-03-06_20.46.01,206,sign-optimization-horizontal-vertical_scenario,627,231,3,-5,3,90,90,15,1,119256,AdultMaleAgent(Clone),5,10,1.71,1.58,0,0,False,2,0,0
2026-03-06_20.46.01,206,sign-optimization-horizontal-vertical_scenario,627,231,3,-5,3,90,90,15,1,119257,AdultFemaleAgent(Clone),7,11,1.58,1.450001,1.875,1,True,2,1,0.5
2026-03-06_20.46.01,206,sign-optimization-horizontal-vertical_scenario,627,231,3,-5,3,90,90,15,1,119258,AdultFemaleAgent(Clone),6,12,1.58,1.45,0,0,False,2,0,0
2026-03-06_20.46.01,206,sign-optimization-horizontal-vertical_scenario,627,231,3,-5,3,90,90,15,1,119259,WheelchairAgent(Clone),6,12,1.3,1.17,0,0,False,2,0,0
2026-03-06_20.46.01,206,sign-optimization-horizontal-vertical_scenario,627,231,3,-5,3,90,90,15,1,119260,WheelchairAgent(Clone),6,12,1.3,1.17,0,0,False,2,0,0
2026-03-06_20.46.01,206,sign-optimization-horizontal-vertical_scenario,627,231,3,-5,3,90,90,15,1,119261,AdultMaleAgent(Clone),7,11,1.71,1.58,0,0,True,2,1,0.5
2026-03-06_20.46.01,206,sign-optimization-horizontal-vertical_scenario,627,231,3,-5,3,90,90,15,1,119262,AdultFemaleAgent(Clone),11,10,1.58,1.450001,0,0,False,3,0,0
2026-03-06_20.46.01,206,sign-optimization-horizontal-vertical_scenario,627,231,3,-5,3,90,90,15,1,119263,AdultMaleAgent(Clone),7,11,1.71,1.58,0.8085938,1,False,2,1,0.5
2026-03-06_20.46.01,206,sign-optimization-horizontal-vertical_scenario,627,231,3,-5,3,90,90,15,1,119264,AdultFemaleAgent(Clone),10,12,1.58,1.45,0,0,False,3,0,0
2026-03-06_20.46.01,206,sign-optimization-horizontal-vertical_scenario,627,231,3,-5,3,90,90,15,1,119265,WheelchairAgent(Clone),7,11,1.3,1.17,0,0,False,2,0,0
2026-03-06_20.46.01,206,sign-optimization-horizontal-vertical_scenario,627,231,3,-5,3,90,90,15,1,119266,AdultFemaleAgent(Clone),6,12,1.58,1.45,0,0,False,2,0,0
2026-03-06_20.46.01,206,sign-optimization-horizontal-vertical_scenario,627,231,3,-5,3,90,90,15,1,119267,AdultMaleAgent(Clone),5,10,1.71,1.58,0,0,False,2,0,0
2026-03-06_20.46.01,206,sign-optimization-horizontal-vertical_scenario,627,231,3,-5,3,90,90,15,1,119268,WheelchairAgent(Clone),7,11,1.3,1.17,0,0,False,2,0,0
2026-03-06_20.46.01,206,sign-optimization-horizontal-vertical_scenario,627,231,3,-5,3,90,90,15,1,119269,AdultMaleAgent(Clone),5,10,1.71,1.58,0,0,False,2,0,0
2026-03-06_20.46.01,206,sign-optimization-horizontal-vertical_scenario,627,231,3,-5,3,90,90,15,1,119270,AdultFemaleAgent(Clone),7,11,1.58,1.450001,0,0,False,2,0,0
2026-03-06_20.46.01,206,sign-optimization-horizontal-vertical_scenario,627,231,3,-5,3,90,90,15,1,119271,WheelchairAgent(Clone),6,12,1.3,1.17,0,0,False,2,0,0
2026-03-06_20.46.01,206,sign-optimization-horizontal-vertical_scenario,627,231,3,-5,3,90,90,15,1,119272,AdultMaleAgent(Clone),5,10,1.71,1.58,0,0,False,2,0,0
2026-03-06_20.46.01,206,sign-optimization-horizontal-vertical_scenario,627,231,3,-5,3,90,90,15,1,119273,WheelchairAgent(Clone),7,11,1.3,1.17,0,0,False,2,0,0
2026-03-06_20.46.01,206,sign-optimization-horizontal-vertical_scenario,627,231,3,-5,3,90,90,15,1,119274,AdultMaleAgent(Clone),10,12,1.71,1.58,0,0,False,3,0,0
2026-03-06_20.46.01,206,sign-optimization-horizontal-vertical_scenario,627,231,3,-5,3,90,90,15,1,119275,WheelchairAgent(Clone),10,12,1.3,1.17,0,0,False,3,0,0
2026-03-06_20.46.01,206,sign-optimization-horizontal-vertical_scenario,627,231,3,-5,3,90,90,15,1,119276,WheelchairAgent(Clone),6,12,1.3,1.17,0,0,False,2,0,0
2026-03-06_20.46.01,206,sign-optimization-horizontal-vertical_scenario,627,231,3,-5,3,90,90,15,1,119277,WheelchairAgent(Clone),11,10,1.3,1.17,0,0,False,3,0,0
2026-03-06_20.46.01,206,sign-optimization-horizontal-vertical_scenario,627,231,3,-5,3,90,90,15,1,119278,AdultFemaleAgent(Clone),6,12,1.58,1.45,0,0,False,2,0,0
2026-03-06_20.46.01,206,sign-optimization-horizontal-vertical_scenario,627,231,3,-5,3,90,90,15,1,119279,AdultMaleAgent(Clone),11,10,1.71,1.58,0,0,False,3,0,0
2026-03-06_20.46.01,206,sign-optimization-horizontal-vertical_scenario,627,231,3,-5,3,90,90,15,1,119280,WheelchairAgent(Clone),5,10,1.3,1.17,0,0,False,2,0,0
2026-03-06_20.46.01,206,sign-optimization-horizontal-vertical_scenario,627,231,3,-5,3,90,90,15,1,119281,AdultFemaleAgent(Clone),5,10,1.58,1.45,0,0,False,2,0,0
2026-03-06_20.46.01,206,sign-optimization-horizontal-vertical_scenario,627,231,3,-5,3,90,90,15,1,119282,AdultFemaleAgent(Clone),11,10,1.58,1.450001,0,0,False,3,0,0
2026-03-06_20.46.01,206,sign-optimization-horizontal-vertical_scenario,627,231,3,-5,3,90,90,15,1,119283,WheelchairAgent(Clone),6,12,1.3,1.17,0,0,False,2,0,0
2026-03-06_20.46.01,206,sign-optimization-horizontal-vertical_scenario,627,231,3,-5,3,90,90,15,1,119284,AdultFemaleAgent(Clone),11,10,1.58,1.450001,0,0,False,3,0,0
2026-03-06_20.46.01,206,sign-optimization-horizontal-vertical_scenario,627,231,3,-5,3,90,90,15,1,119285,AdultMaleAgent(Clone),5,10,1.71,1.58,0,0,False,2,0,0
2026-03-06_20.46.01,206,sign-optimization-horizontal-vertical_scenario,627,231,3,-5,3,90,90,15,1,119286,AdultFemaleAgent(Clone),7,11,1.58,1.450001,0,0,False,2,0,0
2026-03-06_20.46.01,206,sign-optimization-horizontal-vertical_scenario,627,231,3,-5,3,90,90,15,1,119287,AdultMaleAgent(Clone),11,10,1.71,1.58,0,0,False,3,0,0
2026-03-06_20.46.01,206,sign-optimization-horizontal-vertical_scenario,627,231,3,-5,3,90,90,15,1,119288,AdultFemaleAgent(Clone),10,12,1.58,1.45,0,0,False,3,0,0
2026-03-06_20.46.01,206,sign-optimization-horizontal-vertical_scenario,627,231,3,-5,3,90,90,15,1,119289,WheelchairAgent(Clone),11,10,1.3,1.17,0,0,False,3,0,0
2026-03-06_20.46.01,206,sign-optimization-horizontal-vertical_scenario,627,231,3,-5,3,90,90,15,1,119290,WheelchairAgent(Clone),5,10,1.3,1.17,0,0,False,2,0,0
2026-03-06_20.46.01,206,sign-optimization-horizontal-vertical_scenario,627,231,3,-5,3,90,90,15,1,119291,AdultMaleAgent(Clone),5,10,1.71,1.58,0,0,False,2,0,0
2026-03-06_20.46.01,206,sign-optimization-horizontal-vertical_scenario,627,231,3,-5,3,90,90,15,1,119292,AdultMaleAgent(Clone),11,10,1.71,1.58,0,0,False,3,0,0
2026-03-06_20.46.01,206,sign-optimization-horizontal-vertical_scenario,627,231,3,-5,3,90,90,15,1,119293,WheelchairAgent(Clone),11,10,1.3,1.17,0,0,False,3,0,0
2026-03-06_20.46.01,206,sign-optimization-horizontal-vertical_scenario,627,231,3,-5,3,90,90,15,1,119294,AdultMaleAgent(Clone),7,11,1.71,1.58,0,0,False,2,0,0
2026-03-06_20.46.01,206,sign-optimization-horizontal-vertical_scenario,627,231,3,-5,3,90,90,15,1,119295,WheelchairAgent(Clone),11,10,1.3,1.17,0,0,False,3,0,0
2026-03-06_20.46.01,206,sign-optimization-horizontal-vertical_scenario,627,231,3,-5,3,90,90,15,1,119296,AdultFemaleAgent(Clone),11,10,1.58,1.450001,0,0,False,3,0,0
2026-03-06_20.46.01,206,sign-optimization-horizontal-vertical_scenario,627,231,3,-5,3,90,90,15,1,119297,AdultMaleAgent(Clone),11,10,1.71,1.58,0,0,False,3,0,0
2026-03-06_20.46.01,206,sign-optimization-horizontal-vertical_scenario,627,231,3,-5,3,90,90,15,1,119298,WheelchairAgent(Clone),11,10,1.3,1.17,0,0,False,3,0,0
2026-03-06_20.46.01,206,sign-optimization-horizontal-vertical_scenario,627,231,3,-5,3,90,90,15,1,119299,AdultMaleAgent(Clone),7,11,1.71,1.58,0,0,False,2,0,0
2026-03-06_20.46.01,206,sign-optimization-horizontal-vertical_scenario,627,231,3,-5,3,90,90,15,1,119300,WheelchairAgent(Clone),7,11,1.3,1.17,0,0,False,2,0,0
2026-03-06_20.46.01,206,sign-optimization-horizontal-vertical_scenario,627,231,3,-5,3,90,90,15,1,119301,AdultFemaleAgent(Clone),11,10,1.58,1.450001,0,0,False,3,0,0
2026-03-06_20.46.01,206,sign-optimization-horizontal-vertical_scenario,627,231,3,-5,3,90,90,15,1,119302,WheelchairAgent(Clone),10,12,1.3,1.17,0,0,False,3,0,0
2026-03-06_20.46.01,206,sign-optimization-horizontal-vertical_scenario,627,231,3,-5,3,90,90,15,1,119303,AdultFemaleAgent(Clone),6,12,1.58,1.45,0,0,False,2,0,0
2026-03-06_20.46.01,206,sign-optimization-horizontal-vertical_scenario,627,231,3,-5,3,90,90,15,1,119304,WheelchairAgent(Clone),7,11,1.3,1.17,0,0,False,2,0,0
2026-03-06_20.46.01,206,sign-optimization-horizontal-vertical_scenario,627,231,3,-5,3,90,90,15,1,119305,AdultMaleAgent(Clone),7,11,1.71,1.58,0,0,False,2,0,0
2026-03-06_20.46.01,206,sign-optimization-horizontal-vertical_scenario,627,231,3,-5,3,90,90,15,1,119306,AdultMaleAgent(Clone),7,11,1.71,1.58,0,0,False,2,0,0
2026-03-06_20.46.01,206,sign-optimization-horizontal-vertical_scenario,627,231,3,-5,3,90,90,15,1,119307,AdultMaleAgent(Clone),5,10,1.71,1.58,0,0,False,2,0,0
2026-03-06_20.46.01,206,sign-optimization-horizontal-vertical_scenario,627,231,3,-5,3,90,90,15,1,119308,AdultFemaleAgent(Clone),10,12,1.58,1.45,0,0,False,3,0,0
2026-03-06_20.46.01,206,sign-optimization-horizontal-vertical_scenario,627,231,3,-5,3,90,90,15,1,119309,AdultFemaleAgent(Clone),11,10,1.58,1.450001,0,0,False,3,0,0
2026-03-06_20.46.01,206,sign-optimization-horizontal-vertical_scenario,627,231,3,-5,3,90,90,15,1,119310,AdultMaleAgent(Clone),10,12,1.71,1.58,0,0,False,3,0,0
2026-03-06_20.46.01,206,sign-optimization-horizontal-vertical_scenario,627,231,3,-5,3,90,90,15,1,119311,AdultMaleAgent(Clone),11,10,1.71,1.58,0,0,False,3,0,0
2026-03-06_20.46.01,206,sign-optimization-horizontal-vertical_scenario,627,231,3,-5,3,90,90,15,1,119312,AdultFemaleAgent(Clone),5,10,1.58,1.45,0,0,False,2,0,0
2026-03-06_20.46.01,206,sign-optimization-horizontal-vertical_scenario,627,231,3,-5,3,90,90,15,1,119313,AdultFemaleAgent(Clone),7,11,1.58,1.450001,0,0,False,2,0,0
2026-03-06_20.46.01,206,sign-optimization-horizontal-vertical_scenario,627,231,3,-5,3,90,90,15,1,119314,WheelchairAgent(Clone),5,10,1.3,1.17,0,0,False,2,0,0
2026-03-06_20.46.01,206,sign-optimization-horizontal-vertical_scenario,627,231,3,-5,3,90,90,15,1,119315,AdultMaleAgent(Clone),5,10,1.71,1.58,0,0,False,2,0,0
2026-03-06_20.46.01,206,sign-optimization-horizontal-vertical_scenario,627,231,3,-5,3,90,90,15,1,119316,WheelchairAgent(Clone),7,11,1.3,1.17,0,0,False,2,0,0
2026-03-06_20.46.01,206,sign-optimization-horizontal-vertical_scenario,627,231,3,-5,3,90,90,15,1,119317,AdultFemaleAgent(Clone),10,12,1.58,1.45,0,0,False,3,0,0
2026-03-06_20.46.01,206,sign-optimization-horizontal-vertical_scenario,627,231,3,-5,3,90,90,15,1,119318,WheelchairAgent(Clone),5,10,1.3,1.17,0,0,False,2,0,0
2026-03-06_20.46.01,206,sign-optimization-horizontal-vertical_scenario,627,231,3,-5,3,90,90,15,1,119319,AdultFemaleAgent(Clone),5,10,1.58,1.45,0,0,False,2,0,0
2026-03-06_20.46.01,206,sign-optimization-horizontal-vertical_scenario,627,231,3,-5,3,90,90,15,1,119320,WheelchairAgent(Clone),5,10,1.3,1.17,0,0,False,2,0,0
2026-03-06_20.46.01,206,sign-optimization-horizontal-vertical_scenario,627,231,3,-5,3,90,90,15,1,119321,WheelchairAgent(Clone),10,12,1.3,1.17,0,0,False,3,0,0
2026-03-06_20.46.01,206,sign-optimization-horizontal-vertical_scenario,627,231,3,-5,3,90,90,15,1,119322,WheelchairAgent(Clone),10,12,1.3,1.17,0,0,False,3,0,0
2026-03-06_20.46.01,206,sign-optimization-horizontal-vertical_scenario,627,231,3,-5,3,90,90,15,1,119323,AdultFemaleAgent(Clone),5,10,1.58,1.45,0,0,False,2,0,0
2026-03-06_20.46.01,206,sign-optimization-horizontal-vertical_scenario,627,231,3,-5,3,90,90,15,1,119324,AdultFemaleAgent(Clone),11,10,1.58,1.450001,0,0,False,3,0,0
2026-03-06_20.46.01,206,sign-optimization-horizontal-vertical_scenario,627,231,3,-5,3,90,90,15,1,119325,AdultMaleAgent(Clone),11,10,1.71,1.58,0,0,False,3,0,0
2026-03-06_20.46.01,206,sign-optimization-horizontal-vertical_scenario,627,231,3,-5,3,90,90,15,1,119326,WheelchairAgent(Clone),10,12,1.3,1.17,0,0,False,3,0,0
2026-03-06_20.46.01,206,sign-optimization-horizontal-vertical_scenario,627,231,3,-5,3,90,90,15,1,119327,AdultFemaleAgent(Clone),11,10,1.58,1.450001,0,0,False,3,0,0
2026-03-06_20.46.01,206,sign-optimization-horizontal-vertical_scenario,627,231,3,-5,3,90,90,15,1,119328,AdultFemaleAgent(Clone),6,12,1.58,1.45,0,0,False,2,0,0
2026-03-06_20.46.01,206,sign-optimization-horizontal-vertical_scenario,627,231,3,-5,3,90,90,15,1,119329,AdultMaleAgent(Clone),7,11,1.71,1.58,0,0,False,2,0,0
2026-03-06_20.46.01,206,sign-optimization-horizontal-vertical_scenario,627,231,3,-5,3,90,90,15,1,119330,AdultMaleAgent(Clone),6,12,1.71,1.58,0,0,False,2,0,0
2026-03-06_20.46.01,206,sign-optimization-horizontal-vertical_scenario,627,231,3,-5,3,90,90,15,1,119331,AdultMaleAgent(Clone),5,10,1.71,1.58,0,0,False,2,0,0
2026-03-06_20.46.01,206,sign-optimization-horizontal-vertical_scenario,627,231,3,-5,3,90,90,15,1,119332,AdultFemaleAgent(Clone),6,12,1.58,1.45,0,0,False,2,0,0
2026-03-06_20.46.01,206,sign-optimization-horizontal-vertical_scenario,627,231,3,-5,3,90,90,15,1,119333,AdultMaleAgent(Clone),6,12,1.71,1.58,0,0,False,2,0,0
2026-03-06_20.46.01,206,sign-optimization-horizontal-vertical_scenario,627,231,3,-5,3,90,90,15,1,119334,AdultMaleAgent(Clone),11,10,1.71,1.58,0,0,False,3,0,0
2026-03-06_20.46.01,206,sign-optimization-horizontal-vertical_scenario,627,231,3,-5,3,90,90,15,1,119335,AdultFemaleAgent(Clone),10,12,1.58,1.45,0,0,False,3,0,0
2026-03-06_20.46.01,206,sign-optimization-horizontal-vertical_scenario,627,231,3,-5,3,90,90,15,1,119336,AdultMaleAgent(Clone),11,10,1.71,1.58,0,0,False,3,0,0
2026-03-06_20.46.01,206,sign-optimization-horizontal-vertical_scenario,627,231,3,-5,3,90,90,15,1,119337,AdultFemaleAgent(Clone),10,12,1.58,1.45,0,0,False,3,0,0
2026-03-06_20.46.01,206,sign-optimization-horizontal-vertical_scenario,627,231,3,-5,3,90,90,15,1,119338,WheelchairAgent(Clone),5,10,1.3,1.17,0,0,False,2,0,0
2026-03-06_20.46.01,206,sign-optimization-horizontal-vertical_scenario,627,231,3,-5,3,90,90,15,1,119339,AdultFemaleAgent(Clone),7,11,1.58,1.450001,0,0,False,2,0,0
2026-03-06_20.46.01,206,sign-optimization-horizontal-vertical_scenario,627,231,3,-5,3,90,90,15,1,119340,AdultMaleAgent(Clone),11,10,1.71,1.58,0,0,False,3,0,0
2026-03-06_20.46.01,206,sign-optimization-horizontal-vertical_scenario,627,231,3,-5,3,90,90,15,1,119341,AdultFemaleAgent(Clone),7,11,1.58,1.450001,0,0,False,2,0,0
2026-03-06_20.46.01,206,sign-optimization-horizontal-vertical_scenario,627,231,3,-5,3,90,90,15,1,119342,AdultMaleAgent(Clone),7,11,1.71,1.58,0,0,False,2,0,0
2026-03-06_20.46.01,206,sign-optimization-horizontal-vertical_scenario,627,231,3,-5,3,90,90,15,1,119343,WheelchairAgent(Clone),7,11,1.3,1.17,0,0,False,2,0,0
2026-03-06_20.46.01,206,sign-optimization-horizontal-vertical_scenario,627,231,3,-5,3,90,90,15,1,119344,AdultFemaleAgent(Clone),7,11,1.58,1.450001,0,0,False,2,0,0
2026-03-06_20.46.01,206,sign-optimization-horizontal-vertical_scenario,627,231,3,-5,3,90,90,15,1,119345,AdultFemaleAgent(Clone),10,12,1.58,1.45,0,0,False,3,0,0
2026-03-06_20.46.01,206,sign-optimization-horizontal-vertical_scenario,627,231,3,-5,3,90,90,15,1,119346,AdultFemaleAgent(Clone),6,12,1.58,1.45,0,0,False,2,0,0
2026-03-06_20.46.01,206,sign-optimization-horizontal-vertical_scenario,627,231,3,-5,3,90,90,15,1,119347,AdultMaleAgent(Clone),10,12,1.71,1.58,0,0,False,3,0,0
2026-03-06_20.46.01,206,sign-optimization-horizontal-vertical_scenario,627,231,3,-5,3,90,90,15,1,119348,WheelchairAgent(Clone),7,11,1.3,1.17,0,0,False,2,0,0
2026-03-06_20.46.01,206,sign-optimization-horizontal-vertical_scenario,627,231,3,-5,3,90,90,15,1,119349,AdultMaleAgent(Clone),6,12,1.71,1.58,0,0,False,2,0,0
2026-03-06_20.46.01,206,sign-optimization-horizontal-vertical_scenario,627,231,3,-5,3,90,90,15,1,119350,AdultMaleAgent(Clone),6,12,1.71,1.58,0,0,False,2,0,0
2026-03-06_20.46.01,206,sign-optimization-horizontal-vertical_scenario,627,231,3,-5,3,90,90,15,1,119351,WheelchairAgent(Clone),6,12,1.3,1.17,0,0,False,2,0,0
2026-03-06_20.46.01,206,sign-optimization-horizontal-vertical_scenario,627,231,3,-5,3,90,90,15,1,119352,AdultFemaleAgent(Clone),10,12,1.58,1.45,0,0,False,3,0,0
2026-03-06_20.46.01,206,sign-optimization-horizontal-vertical_scenario,627,231,3,-5,3,90,90,15,1,119353,WheelchairAgent(Clone),7,11,1.3,1.17,0,0,False,2,0,0
2026-03-06_20.46.01,206,sign-optimization-horizontal-vertical_scenario,627,231,3,-5,3,90,90,15,1,119354,AdultFemaleAgent(Clone),10,12,1.58,1.45,0,0,False,3,0,0
2026-03-06_20.46.01,206,sign-optimization-horizontal-vertical_scenario,627,231,3,-5,3,90,90,15,1,119355,AdultFemaleAgent(Clone),6,12,1.58,1.45,0,0,False,2,0,0
2026-03-06_20.46.01,206,sign-optimization-horizontal-vertical_scenario,627,231,3,-5,3,90,90,15,1,119356,WheelchairAgent(Clone),11,10,1.3,1.17,0,0,False,3,0,0
2026-03-06_20.46.01,206,sign-optimization-horizontal-vertical_scenario,627,231,3,-5,3,90,90,15,1,119357,WheelchairAgent(Clone),10,12,1.3,1.17,0,0,False,3,0,0
2026-03-06_20.46.01,206,sign-optimization-horizontal-vertical_scenario,627,231,3,-5,3,90,90,15,1,119358,AdultFemaleAgent(Clone),5,10,1.58,1.45,0,0,False,2,0,0
2026-03-06_20.46.01,206,sign-optimization-horizontal-vertical_scenario,627,231,3,-5,3,90,90,15,1,119359,WheelchairAgent(Clone),10,12,1.3,1.17,0,0,False,3,0,0
2026-03-06_20.46.01,206,sign-optimization-horizontal-vertical_scenario,627,231,3,-5,3,90,90,15,1,119360,AdultMaleAgent(Clone),10,12,1.71,1.58,0,0,False,3,0,0
2026-03-06_20.46.01,206,sign-optimization-horizontal-vertical_scenario,627,231,3,-5,3,90,90,15,1,119361,AdultFemaleAgent(Clone),5,10,1.58,1.45,0,0,False,2,0,0
2026-03-06_20.46.01,206,sign-optimization-horizontal-vertical_scenario,627,231,3,-5,3,90,90,15,1,119362,WheelchairAgent(Clone),5,10,1.3,1.17,0,0,False,2,0,0
2026-03-06_20.46.01,206,sign-optimization-horizontal-vertical_scenario,627,231,3,-5,3,90,90,15,1,119363,WheelchairAgent(Clone),5,10,1.3,1.17,0,0,False,2,0,0
