Timestamp,RunIndex,ScenarioID,TotalAgents,VisibleSignCount,SignHeight,SignPositionX,SignPositionZ,VcaAngle,VcaDistance,SignComprehensionTime,AgentID,AgentType,StartNode,GoalNode,Height,EyeHeight,TimeInVCA,TimesInVCA,SawSign,TotalNodesNavigated,NodesWithDetection,RDEffective
2026-03-04_20.15.02,1,Random_sign_placement_scenario,1037,15,3,-10.69,8.67,90,15,1,0,AdultMaleAgent(Clone),11,9,1.71,1.58,0,0,False,2,0,0
2026-03-04_20.15.02,1,Random_sign_placement_scenario,1037,15,3,-10.69,8.67,90,15,1,1,AdultFemaleAgent(Clone),10,8,1.58,1.450001,6.402287,2,False,2,1,0.5
2026-03-04_20.15.02,1,Random_sign_placement_scenario,1037,15,3,-10.69,8.67,90,15,1,2,WheelchairAgent(Clone),8,10,1.3,1.17,8.188091,2,False,2,1,0.5
2026-03-04_20.15.02,1,Random_sign_placement_scenario,1037,15,3,-10.69,8.67,90,15,1,3,AdultFemaleAgent(Clone),9,11,1.58,1.450001,0,0,False,2,0,0
2026-03-04_20.15.02,1,Random_sign_placement_scenario,1037,15,3,-10.69,8.67,90,15,1,4,AdultMaleAgent(Clone),9,11,1.71,1.58,0,0,False,2,0,0
2026-03-04_20.15.02,1,Random_sign_placement_scenario,1037,15,3,-10.69,8.67,90,15,1,5,WheelchairAgent(Clone),8,10,1.3,1.17,9.074598,2,False,2,1,0.5
2026-03-04_20.15.02,1,Random_sign_placement_scenario,1037,15,3,-10.69,8.67,90,15,1,6,AdultFemaleAgent(Clone),11,9,1.58,1.450001,0,0,False,2,0,0
2026-03-04_20.15.02,1,Random_sign_placement_scenario,1037,15,3,-10.69,8.67,90,15,1,7,AdultFemaleAgent(Clone),8,10,1.58,1.450001,9.035381,2,False,2,1,0.5
2026-03-04_20.15.02,1,Random_sign_placement_scenario,1037,15,3,-10.69,8.67,90,15,1,8,WheelchairAgent(Clone),11,9,1.3,1.17,0,0,False,2,0,0
2026-03-04_20.15.02,1,Random_sign_placement_scenario,1037,15,3,-10.69,8.67,90,15,1,9,AdultFemaleAgent(Clone),11,9,1.58,1.450001,0,0,False,2,0,0
2026-03-04_20.15.02,1,Random_sign_placement_scenario,1037,15,3,-10.69,8.67,90,15,1,10,WheelchairAgent(Clone),11,9,1.3,1.17,0,0,False,2,0,0
2026-03-04_20.15.02,1,Random_sign_placement_scenario,1037,15,3,-10.69,8.67,90,15,1,11,WheelchairAgent(Clone),10,8,1.3,1.17,8.273901,2,False,2,1,0.5
2026-03-04_20.15.02,1,Random_sign_placement_scenario,1037,15,3,-10.69,8.67,90,15,1,12,AdultFemaleAgent(Clone),11,9,1.58,1.450001,0,0,False,2,0,0
2026-03-04_20.15.02,1,Random_sign_placement_scenario,1037,15,3,-10.69,8.67,90,15,1,13,WheelchairAgent(Clone),10,8,1.3,1.17,7.999376,2,False,2,1,0.5
2026-03-04_20.15.02,1,Random_sign_placement_scenario,1037,15,3,-10.69,8.67,90,15,1,14,AdultFemaleAgent(Clone),11,9,1.58,1.450001,0,0,False,2,0,0
2026-03-04_20.15.02,1,Random_sign_placement_scenario,1037,15,3,-10.69,8.67,90,15,1,15,WheelchairAgent(Clone),8,10,1.3,1.17,9.747463,2,False,2,1,0.5
2026-03-04_20.15.02,1,Random_sign_placement_scenario,1037,15,3,-10.69,8.67,90,15,1,16,AdultFemaleAgent(Clone),10,8,1.58,1.450001,8.25832,2,False,2,1,0.5
2026-03-04_20.15.02,1,Random_sign_placement_scenario,1037,15,3,-10.69,8.67,90,15,1,17,AdultMaleAgent(Clone),8,10,1.71,1.58,8.955261,2,False,2,1,0.5
2026-03-04_20.15.02,1,Random_sign_placement_scenario,1037,15,3,-10.69,8.67,90,15,1,18,AdultMaleAgent(Clone),8,10,1.71,1.58,9.536776,2,False,2,1,0.5
2026-03-04_20.15.02,1,Random_sign_placement_scenario,1037,15,3,-10.69,8.67,90,15,1,19,AdultFemaleAgent(Clone),8,10,1.58,1.450001,8.839291,2,False,2,1,0.5
2026-03-04_20.15.02,1,Random_sign_placement_scenario,1037,15,3,-10.69,8.67,90,15,1,20,WheelchairAgent(Clone),9,11,1.3,1.17,0,0,False,2,0,0
2026-03-04_20.15.02,1,Random_sign_placement_scenario,1037,15,3,-10.69,8.67,90,15,1,21,WheelchairAgent(Clone),11,9,1.3,1.17,0,0,False,2,0,0
2026-03-04_20.15.02,1,Random_sign_placement_scenario,1037,15,3,-10.69,8.67,90,15,1,22,AdultMaleAgent(Clone),9,11,1.71,1.58,0,0,False,2,0,0
2026-03-04_20.15.02,1,Random_sign_placement_scenario,1037,15,3,-10.69,8.67,90,15,1,23,AdultFemaleAgent(Clone),11,9,1.58,1.450001,0,0,False,2,0,0
2026-03-04_20.15.02,1,Random_sign_placement_scenario,1037,15,3,-10.69,8.67,90,15,1,24,AdultFemaleAgent(Clone),9,11,1.58,1.450001,0,0,False,2,0,0
2026-03-04_20.15.02,1,Random_sign_placement_scenario,1037,15,3,-10.69,8.67,90,15,1,25,AdultFemaleAgent(Clone),8,10,1.58,1.450001,8.26638,2,False,2,1,0.5
2026-03-04_20.15.02,1,Random_sign_placement_scenario,1037,15,3,-10.69,8.67,90,15,1,26,AdultFemaleAgent(Clone),10,8,1.58,1.450001,8.721506,2,False,2,1,0.5
2026-03-04_20.15.02,1,Random_sign_placement_scenario,1037,15,3,-10.69,8.67,90,15,1,27,AdultMaleAgent(Clone),11,9,1.71,1.58,0,0,False,2,0,0
2026-03-04_20.15.02,1,Random_sign_placement_scenario,1037,15,3,-10.69,8.67,90,15,1,28,AdultMaleAgent(Clone),10,8,1.71,1.58,9.275709,2,False,2,1,0.5
2026-03-04_20.15.02,1,Random_sign_placement_scenario,1037,15,3,-10.69,8.67,90,15,1,29,AdultMaleAgent(Clone),10,8,1.71,1.58,6.569555,2,False,2,1,0.5
2026-03-04_20.15.02,1,Random_sign_placement_scenario,1037,15,3,-10.69,8.67,90,15,1,30,WheelchairAgent(Clone),10,8,1.3,1.17,8.392441,2,False,2,1,0.5
2026-03-04_20.15.02,1,Random_sign_placement_scenario,1037,15,3,-10.69,8.67,90,15,1,31,WheelchairAgent(Clone),11,9,1.3,1.17,0,0,False,2,0,0
2026-03-04_20.15.02,1,Random_sign_placement_scenario,1037,15,3,-10.69,8.67,90,15,1,32,AdultFemaleAgent(Clone),11,9,1.58,1.450001,0,0,False,2,0,0
2026-03-04_20.15.02,1,Random_sign_placement_scenario,1037,15,3,-10.69,8.67,90,15,1,33,WheelchairAgent(Clone),10,8,1.3,1.17,6.808649,2,False,2,1,0.5
2026-03-04_20.15.02,1,Random_sign_placement_scenario,1037,15,3,-10.69,8.67,90,15,1,34,AdultFemaleAgent(Clone),9,11,1.58,1.450001,0.2867832,1,False,2,1,0.5
2026-03-04_20.15.02,1,Random_sign_placement_scenario,1037,15,3,-10.69,8.67,90,15,1,35,AdultFemaleAgent(Clone),11,9,1.58,1.450001,0,0,False,2,0,0
2026-03-04_20.15.02,1,Random_sign_placement_scenario,1037,15,3,-10.69,8.67,90,15,1,36,AdultFemaleAgent(Clone),8,10,1.58,1.450001,8.718346,2,False,2,1,0.5
2026-03-04_20.15.02,1,Random_sign_placement_scenario,1037,15,3,-10.69,8.67,90,15,1,37,AdultMaleAgent(Clone),11,9,1.71,1.58,0,0,False,2,0,0
2026-03-04_20.15.02,1,Random_sign_placement_scenario,1037,15,3,-10.69,8.67,90,15,1,38,AdultMaleAgent(Clone),10,8,1.71,1.58,8.09613,2,False,2,1,0.5
2026-03-04_20.15.02,1,Random_sign_placement_scenario,1037,15,3,-10.69,8.67,90,15,1,39,AdultFemaleAgent(Clone),8,10,1.58,1.450001,8.731127,2,False,2,1,0.5
2026-03-04_20.15.02,1,Random_sign_placement_scenario,1037,15,3,-10.69,8.67,90,15,1,40,AdultFemaleAgent(Clone),11,9,1.58,1.450001,0,0,False,2,0,0
2026-03-04_20.15.02,1,Random_sign_placement_scenario,1037,15,3,-10.69,8.67,90,15,1,41,AdultMaleAgent(Clone),10,8,1.71,1.58,10.11028,2,False,2,1,0.5
2026-03-04_20.15.02,1,Random_sign_placement_scenario,1037,15,3,-10.69,8.67,90,15,1,42,AdultFemaleAgent(Clone),9,11,1.58,1.450001,0.3740444,2,False,2,1,0.5
2026-03-04_20.15.02,1,Random_sign_placement_scenario,1037,15,3,-10.69,8.67,90,15,1,43,WheelchairAgent(Clone),11,9,1.3,1.17,0,0,False,2,0,0
2026-03-04_20.15.02,1,Random_sign_placement_scenario,1037,15,3,-10.69,8.67,90,15,1,44,WheelchairAgent(Clone),9,11,1.3,1.17,0,0,False,2,0,0
2026-03-04_20.15.02,1,Random_sign_placement_scenario,1037,15,3,-10.69,8.67,90,15,1,45,AdultMaleAgent(Clone),9,11,1.71,1.58,0,0,False,2,0,0
2026-03-04_20.15.02,1,Random_sign_placement_scenario,1037,15,3,-10.69,8.67,90,15,1,46,WheelchairAgent(Clone),11,9,1.3,1.17,0,0,False,2,0,0
2026-03-04_20.15.02,1,Random_sign_placement_scenario,1037,15,3,-10.69,8.67,90,15,1,47,AdultFemaleAgent(Clone),9,11,1.58,1.450001,0,0,False,2,0,0
2026-03-04_20.15.02,1,Random_sign_placement_scenario,1037,15,3,-10.69,8.67,90,15,1,48,WheelchairAgent(Clone),11,9,1.3,1.17,0,0,False,2,0,0
2026-03-04_20.15.02,1,Random_sign_placement_scenario,1037,15,3,-10.69,8.67,90,15,1,49,AdultMaleAgent(Clone),8,10,1.71,1.58,8.865795,2,False,2,1,0.5
2026-03-04_20.15.02,1,Random_sign_placement_scenario,1037,15,3,-10.69,8.67,90,15,1,50,WheelchairAgent(Clone),11,9,1.3,1.17,0,0,False,2,0,0
2026-03-04_20.15.02,1,Random_sign_placement_scenario,1037,15,3,-10.69,8.67,90,15,1,51,AdultMaleAgent(Clone),11,9,1.71,1.58,0,0,False,2,0,0
2026-03-04_20.15.02,1,Random_sign_placement_scenario,1037,15,3,-10.69,8.67,90,15,1,52,WheelchairAgent(Clone),9,11,1.3,1.17,0.09754753,1,False,2,1,0.5
2026-03-04_20.15.02,1,Random_sign_placement_scenario,1037,15,3,-10.69,8.67,90,15,1,53,WheelchairAgent(Clone),8,10,1.3,1.17,9.391979,2,False,2,1,0.5
2026-03-04_20.15.02,1,Random_sign_placement_scenario,1037,15,3,-10.69,8.67,90,15,1,54,AdultFemaleAgent(Clone),10,8,1.58,1.450001,5.952826,2,False,2,0,0
2026-03-04_20.15.02,1,Random_sign_placement_scenario,1037,15,3,-10.69,8.67,90,15,1,55,AdultFemaleAgent(Clone),8,10,1.58,1.450001,9.312717,2,False,2,1,0.5
2026-03-04_20.15.02,1,Random_sign_placement_scenario,1037,15,3,-10.69,8.67,90,15,1,56,AdultFemaleAgent(Clone),9,11,1.58,1.450001,0,0,False,2,0,0
2026-03-04_20.15.02,1,Random_sign_placement_scenario,1037,15,3,-10.69,8.67,90,15,1,57,AdultFemaleAgent(Clone),9,11,1.58,1.450001,0.3912773,2,False,2,1,0.5
2026-03-04_20.15.02,1,Random_sign_placement_scenario,1037,15,3,-10.69,8.67,90,15,1,58,AdultMaleAgent(Clone),10,8,1.71,1.58,9.214125,2,False,2,1,0.5
2026-03-04_20.15.02,1,Random_sign_placement_scenario,1037,15,3,-10.69,8.67,90,15,1,59,AdultMaleAgent(Clone),11,9,1.71,1.58,0,0,False,2,0,0
2026-03-04_20.15.02,1,Random_sign_placement_scenario,1037,15,3,-10.69,8.67,90,15,1,60,WheelchairAgent(Clone),11,9,1.3,1.17,0,0,False,2,0,0
2026-03-04_20.15.02,1,Random_sign_placement_scenario,1037,15,3,-10.69,8.67,90,15,1,61,WheelchairAgent(Clone),8,10,1.3,1.17,9.437637,2,False,2,1,0.5
2026-03-04_20.15.02,1,Random_sign_placement_scenario,1037,15,3,-10.69,8.67,90,15,1,62,AdultMaleAgent(Clone),9,11,1.71,1.58,0.4751472,1,False,2,1,0.5
2026-03-04_20.15.02,1,Random_sign_placement_scenario,1037,15,3,-10.69,8.67,90,15,1,63,AdultFemaleAgent(Clone),11,9,1.58,1.450001,0,0,False,2,0,0
2026-03-04_20.15.02,1,Random_sign_placement_scenario,1037,15,3,-10.69,8.67,90,15,1,64,AdultFemaleAgent(Clone),9,11,1.58,1.450001,0,0,False,2,0,0
2026-03-04_20.15.02,1,Random_sign_placement_scenario,1037,15,3,-10.69,8.67,90,15,1,65,AdultMaleAgent(Clone),10,8,1.71,1.58,8.715099,2,False,2,1,0.5
2026-03-04_20.15.02,1,Random_sign_placement_scenario,1037,15,3,-10.69,8.67,90,15,1,66,AdultFemaleAgent(Clone),8,10,1.58,1.450001,8.463909,2,False,2,1,0.5
2026-03-04_20.15.02,1,Random_sign_placement_scenario,1037,15,3,-10.69,8.67,90,15,1,67,AdultMaleAgent(Clone),8,10,1.71,1.58,8.929131,2,False,2,1,0.5
2026-03-04_20.15.02,1,Random_sign_placement_scenario,1037,15,3,-10.69,8.67,90,15,1,68,AdultFemaleAgent(Clone),10,8,1.58,1.450001,8.268471,2,False,2,1,0.5
2026-03-04_20.15.02,1,Random_sign_placement_scenario,1037,15,3,-10.69,8.67,90,15,1,69,AdultFemaleAgent(Clone),10,8,1.58,1.450001,6.697872,2,False,2,1,0.5
2026-03-04_20.15.02,1,Random_sign_placement_scenario,1037,15,3,-10.69,8.67,90,15,1,70,WheelchairAgent(Clone),9,11,1.3,1.17,0,0,False,2,0,0
2026-03-04_20.15.02,1,Random_sign_placement_scenario,1037,15,3,-10.69,8.67,90,15,1,71,AdultFemaleAgent(Clone),11,9,1.58,1.450001,0,0,False,2,0,0
2026-03-04_20.15.02,1,Random_sign_placement_scenario,1037,15,3,-10.69,8.67,90,15,1,72,AdultFemaleAgent(Clone),11,9,1.58,1.450001,0,0,False,2,0,0
2026-03-04_20.15.02,1,Random_sign_placement_scenario,1037,15,3,-10.69,8.67,90,15,1,73,AdultFemaleAgent(Clone),9,11,1.58,1.450001,0,0,False,2,0,0
2026-03-04_20.15.02,1,Random_sign_placement_scenario,1037,15,3,-10.69,8.67,90,15,1,74,WheelchairAgent(Clone),11,9,1.3,1.17,0,0,False,2,0,0
2026-03-04_20.15.02,1,Random_sign_placement_scenario,1037,15,3,-10.69,8.67,90,15,1,75,WheelchairAgent(Clone),8,10,1.3,1.17,10.06453,2,False,2,1,0.5
2026-03-04_20.15.02,1,Random_sign_placement_scenario,1037,15,3,-10.69,8.67,90,15,1,76,AdultMaleAgent(Clone),8,10,1.71,1.58,8.835896,2,False,2,1,0.5
2026-03-04_20.15.02,1,Random_sign_placement_scenario,1037,15,3,-10.69,8.67,90,15,1,77,AdultFemaleAgent(Clone),11,9,1.58,1.450001,0,0,False,2,0,0
2026-03-04_20.15.02,1,Random_sign_placement_scenario,1037,15,3,-10.69,8.67,90,15,1,78,WheelchairAgent(Clone),11,9,1.3,1.17,0,0,False,2,0,0
2026-03-04_20.15.02,1,Random_sign_placement_scenario,1037,15,3,-10.69,8.67,90,15,1,79,WheelchairAgent(Clone),8,10,1.3,1.17,8.019062,2,False,2,1,0.5
2026-03-04_20.15.02,1,Random_sign_placement_scenario,1037,15,3,-10.69,8.67,90,15,1,80,WheelchairAgent(Clone),9,11,1.3,1.17,0,0,False,2,0,0
2026-03-04_20.15.02,1,Random_sign_placement_scenario,1037,15,3,-10.69,8.67,90,15,1,81,AdultFemaleAgent(Clone),8,10,1.58,1.450001,8.795822,2,False,2,1,0.5
2026-03-04_20.15.02,1,Random_sign_placement_scenario,1037,15,3,-10.69,8.67,90,15,1,82,AdultMaleAgent(Clone),9,11,1.71,1.58,0,0,False,2,0,0
2026-03-04_20.15.02,1,Random_sign_placement_scenario,1037,15,3,-10.69,8.67,90,15,1,83,WheelchairAgent(Clone),11,9,1.3,1.17,0,0,False,2,0,0
2026-03-04_20.15.02,1,Random_sign_placement_scenario,1037,15,3,-10.69,8.67,90,15,1,84,AdultFemaleAgent(Clone),11,9,1.58,1.450001,0,0,False,2,0,0
2026-03-04_20.15.02,1,Random_sign_placement_scenario,1037,15,3,-10.69,8.67,90,15,1,85,AdultMaleAgent(Clone),9,11,1.71,1.58,0,0,False,2,0,0
2026-03-04_20.15.02,1,Random_sign_placement_scenario,1037,15,3,-10.69,8.67,90,15,1,86,AdultFemaleAgent(Clone),11,9,1.58,1.450001,0,0,False,2,0,0
2026-03-04_20.15.02,1,Random_sign_placement_scenario,1037,15,3,-10.69,8.67,90,15,1,87,AdultMaleAgent(Clone),8,10,1.71,1.58,10.12965,2,False,2,1,0.5
2026-03-04_20.15.02,1,Random_sign_placement_scenario,1037,15,3,-10.69,8.67,90,15,1,88,AdultFemaleAgent(Clone),9,11,1.58,1.450001,0,0,False,2,0,0
2026-03-04_20.15.02,1,Random_sign_placement_scenario,1037,15,3,-10.69,8.67,90,15,1,89,AdultMaleAgent(Clone),8,10,1.71,1.58,8.096439,2,False,2,1,0.5
2026-03-04_20.15.02,1,Random_sign_placement_scenario,1037,15,3,-10.69,8.67,90,15,1,90,WheelchairAgent(Clone),11,9,1.3,1.17,0,0,False,2,0,0
2026-03-04_20.15.02,1,Random_sign_placement_scenario,1037,15,3,-10.69,8.67,90,15,1,91,AdultMaleAgent(Clone),10,8,1.71,1.58,7.178602,2,False,2,1,0.5
2026-03-04_20.15.02,1,Random_sign_placement_scenario,1037,15,3,-10.69,8.67,90,15,1,92,WheelchairAgent(Clone),11,9,1.3,1.17,0,0,False,2,0,0
2026-03-04_20.15.02,1,Random_sign_placement_scenario,1037,15,3,-10.69,8.67,90,15,1,93,AdultFemaleAgent(Clone),9,11,1.58,1.450001,0,0,False,2,0,0
2026-03-04_20.15.02,1,Random_sign_placement_scenario,1037,15,3,-10.69,8.67,90,15,1,94,AdultMaleAgent(Clone),10,8,1.71,1.58,8.772434,2,False,2,1,0.5
2026-03-04_20.15.02,1,Random_sign_placement_scenario,1037,15,3,-10.69,8.67,90,15,1,95,WheelchairAgent(Clone),9,11,1.3,1.17,0.3685913,2,False,2,1,0.5
2026-03-04_20.15.02,1,Random_sign_placement_scenario,1037,15,3,-10.69,8.67,90,15,1,96,AdultMaleAgent(Clone),10,8,1.71,1.58,7.160263,2,False,2,1,0.5
2026-03-04_20.15.02,1,Random_sign_placement_scenario,1037,15,3,-10.69,8.67,90,15,1,97,WheelchairAgent(Clone),9,11,1.3,1.17,0,0,False,2,0,0
2026-03-04_20.15.02,1,Random_sign_placement_scenario,1037,15,3,-10.69,8.67,90,15,1,98,AdultMaleAgent(Clone),9,11,1.71,1.58,0,0,False,2,0,0
2026-03-04_20.15.02,1,Random_sign_placement_scenario,1037,15,3,-10.69,8.67,90,15,1,99,AdultFemaleAgent(Clone),8,10,1.58,1.450001,8.834354,2,False,2,1,0.5
2026-03-04_20.15.02,1,Random_sign_placement_scenario,1037,15,3,-10.69,8.67,90,15,1,100,WheelchairAgent(Clone),11,9,1.3,1.17,0,0,False,2,0,0
2026-03-04_20.15.02,1,Random_sign_placement_scenario,1037,15,3,-10.69,8.67,90,15,1,101,AdultMaleAgent(Clone),11,9,1.71,1.58,0,0,False,2,0,0
2026-03-04_20.15.02,1,Random_sign_placement_scenario,1037,15,3,-10.69,8.67,90,15,1,102,WheelchairAgent(Clone),8,10,1.3,1.17,10.07773,2,False,2,1,0.5
2026-03-04_20.15.02,1,Random_sign_placement_scenario,1037,15,3,-10.69,8.67,90,15,1,103,AdultFemaleAgent(Clone),8,10,1.58,1.450001,8.833401,2,False,2,1,0.5
2026-03-04_20.15.02,1,Random_sign_placement_scenario,1037,15,3,-10.69,8.67,90,15,1,104,WheelchairAgent(Clone),11,9,1.3,1.17,0,0,False,2,0,0
2026-03-04_20.15.02,1,Random_sign_placement_scenario,1037,15,3,-10.69,8.67,90,15,1,105,AdultFemaleAgent(Clone),10,8,1.58,1.450001,8.40678,2,False,2,1,0.5
2026-03-04_20.15.02,1,Random_sign_placement_scenario,1037,15,3,-10.69,8.67,90,15,1,106,WheelchairAgent(Clone),9,11,1.3,1.17,0.4963074,2,False,2,1,0.5
2026-03-04_20.15.02,1,Random_sign_placement_scenario,1037,15,3,-10.69,8.67,90,15,1,107,AdultFemaleAgent(Clone),9,11,1.58,1.450001,0,0,False,2,0,0
2026-03-04_20.15.02,1,Random_sign_placement_scenario,1037,15,3,-10.69,8.67,90,15,1,108,AdultFemaleAgent(Clone),10,8,1.58,1.450001,6.976398,2,False,2,1,0.5
2026-03-04_20.15.02,1,Random_sign_placement_scenario,1037,15,3,-10.69,8.67,90,15,1,109,AdultFemaleAgent(Clone),10,8,1.58,1.450001,6.385464,2,False,2,1,0.5
2026-03-04_20.15.02,1,Random_sign_placement_scenario,1037,15,3,-10.69,8.67,90,15,1,110,AdultMaleAgent(Clone),9,11,1.71,1.58,0,0,False,2,0,0
2026-03-04_20.15.02,1,Random_sign_placement_scenario,1037,15,3,-10.69,8.67,90,15,1,111,AdultMaleAgent(Clone),10,8,1.71,1.58,6.122639,2,False,2,1,0.5
2026-03-04_20.15.02,1,Random_sign_placement_scenario,1037,15,3,-10.69,8.67,90,15,1,112,WheelchairAgent(Clone),9,11,1.3,1.17,0,0,False,2,0,0
2026-03-04_20.15.02,1,Random_sign_placement_scenario,1037,15,3,-10.69,8.67,90,15,1,113,AdultFemaleAgent(Clone),9,11,1.58,1.450001,0,0,False,2,0,0
2026-03-04_20.15.02,1,Random_sign_placement_scenario,1037,15,3,-10.69,8.67,90,15,1,114,WheelchairAgent(Clone),9,11,1.3,1.17,0,0,False,2,0,0
2026-03-04_20.15.02,1,Random_sign_placement_scenario,1037,15,3,-10.69,8.67,90,15,1,115,AdultFemaleAgent(Clone),8,10,1.58,1.450001,9.30397,2,False,2,1,0.5
2026-03-04_20.15.02,1,Random_sign_placement_scenario,1037,15,3,-10.69,8.67,90,15,1,116,AdultMaleAgent(Clone),8,10,1.71,1.58,8.329544,2,False,2,1,0.5
2026-03-04_20.15.02,1,Random_sign_placement_scenario,1037,15,3,-10.69,8.67,90,15,1,117,WheelchairAgent(Clone),8,10,1.3,1.17,8.951916,2,False,2,1,0.5
2026-03-04_20.15.02,1,Random_sign_placement_scenario,1037,15,3,-10.69,8.67,90,15,1,118,AdultMaleAgent(Clone),9,11,1.71,1.58,0,0,False,2,0,0
2026-03-04_20.15.02,1,Random_sign_placement_scenario,1037,15,3,-10.69,8.67,90,15,1,119,AdultFemaleAgent(Clone),9,11,1.58,1.450001,0,0,False,2,0,0
2026-03-04_20.15.02,1,Random_sign_placement_scenario,1037,15,3,-10.69,8.67,90,15,1,120,WheelchairAgent(Clone),10,8,1.3,1.17,9.347157,2,False,2,1,0.5
2026-03-04_20.15.02,1,Random_sign_placement_scenario,1037,15,3,-10.69,8.67,90,15,1,121,AdultFemaleAgent(Clone),10,8,1.58,1.450001,8.539734,2,False,2,1,0.5
2026-03-04_20.15.02,1,Random_sign_placement_scenario,1037,15,3,-10.69,8.67,90,15,1,122,AdultMaleAgent(Clone),11,9,1.71,1.58,0,0,False,2,0,0
2026-03-04_20.15.02,1,Random_sign_placement_scenario,1037,15,3,-10.69,8.67,90,15,1,123,AdultFemaleAgent(Clone),11,9,1.58,1.450001,0,0,False,2,0,0
2026-03-04_20.15.02,1,Random_sign_placement_scenario,1037,15,3,-10.69,8.67,90,15,1,124,WheelchairAgent(Clone),11,9,1.3,1.17,0,0,False,2,0,0
2026-03-04_20.15.02,1,Random_sign_placement_scenario,1037,15,3,-10.69,8.67,90,15,1,125,WheelchairAgent(Clone),10,8,1.3,1.17,7.091572,2,False,2,1,0.5
2026-03-04_20.15.02,1,Random_sign_placement_scenario,1037,15,3,-10.69,8.67,90,15,1,126,AdultFemaleAgent(Clone),10,8,1.58,1.450001,7.556931,2,False,2,1,0.5
2026-03-04_20.15.02,1,Random_sign_placement_scenario,1037,15,3,-10.69,8.67,90,15,1,127,AdultMaleAgent(Clone),9,11,1.71,1.58,0.6346169,2,False,2,1,0.5
2026-03-04_20.15.02,1,Random_sign_placement_scenario,1037,15,3,-10.69,8.67,90,15,1,128,AdultMaleAgent(Clone),8,10,1.71,1.58,8.894917,2,False,2,1,0.5
2026-03-04_20.15.02,1,Random_sign_placement_scenario,1037,15,3,-10.69,8.67,90,15,1,129,AdultFemaleAgent(Clone),8,10,1.58,1.450001,8.267582,2,False,2,1,0.5
2026-03-04_20.15.02,1,Random_sign_placement_scenario,1037,15,3,-10.69,8.67,90,15,1,130,AdultMaleAgent(Clone),11,9,1.71,1.58,0,0,False,2,0,0
2026-03-04_20.15.02,1,Random_sign_placement_scenario,1037,15,3,-10.69,8.67,90,15,1,131,AdultFemaleAgent(Clone),9,11,1.58,1.450001,0.5825653,2,False,2,1,0.5
2026-03-04_20.15.02,1,Random_sign_placement_scenario,1037,15,3,-10.69,8.67,90,15,1,132,WheelchairAgent(Clone),10,8,1.3,1.17,7.418606,2,False,2,1,0.5
2026-03-04_20.15.02,1,Random_sign_placement_scenario,1037,15,3,-10.69,8.67,90,15,1,133,AdultFemaleAgent(Clone),11,9,1.58,1.450001,0,0,False,2,0,0
2026-03-04_20.15.02,1,Random_sign_placement_scenario,1037,15,3,-10.69,8.67,90,15,1,134,WheelchairAgent(Clone),9,11,1.3,1.17,0,0,False,2,0,0
2026-03-04_20.15.02,1,Random_sign_placement_scenario,1037,15,3,-10.69,8.67,90,15,1,135,AdultFemaleAgent(Clone),10,8,1.58,1.450001,6.899433,2,False,2,1,0.5
2026-03-04_20.15.02,1,Random_sign_placement_scenario,1037,15,3,-10.69,8.67,90,15,1,136,AdultFemaleAgent(Clone),10,8,1.58,1.450001,7.489876,2,False,2,1,0.5
2026-03-04_20.15.02,1,Random_sign_placement_scenario,1037,15,3,-10.69,8.67,90,15,1,137,WheelchairAgent(Clone),8,10,1.3,1.17,8.779972,2,False,2,1,0.5
2026-03-04_20.15.02,1,Random_sign_placement_scenario,1037,15,3,-10.69,8.67,90,15,1,138,WheelchairAgent(Clone),8,10,1.3,1.17,9.211285,2,False,2,1,0.5
2026-03-04_20.15.02,1,Random_sign_placement_scenario,1037,15,3,-10.69,8.67,90,15,1,139,AdultFemaleAgent(Clone),9,11,1.58,1.450001,0,0,False,2,0,0
2026-03-04_20.15.02,1,Random_sign_placement_scenario,1037,15,3,-10.69,8.67,90,15,1,140,AdultFemaleAgent(Clone),11,9,1.58,1.450001,0,0,False,2,0,0
2026-03-04_20.15.02,1,Random_sign_placement_scenario,1037,15,3,-10.69,8.67,90,15,1,141,AdultMaleAgent(Clone),10,8,1.71,1.58,9.503723,2,False,2,1,0.5
2026-03-04_20.15.02,1,Random_sign_placement_scenario,1037,15,3,-10.69,8.67,90,15,1,142,AdultFemaleAgent(Clone),9,11,1.58,1.450001,0,0,False,2,0,0
2026-03-04_20.15.02,1,Random_sign_placement_scenario,1037,15,3,-10.69,8.67,90,15,1,143,AdultFemaleAgent(Clone),11,9,1.58,1.450001,0,0,False,2,0,0
2026-03-04_20.15.02,1,Random_sign_placement_scenario,1037,15,3,-10.69,8.67,90,15,1,144,AdultMaleAgent(Clone),10,8,1.71,1.58,9.12191,2,False,2,1,0.5
2026-03-04_20.15.02,1,Random_sign_placement_scenario,1037,15,3,-10.69,8.67,90,15,1,145,WheelchairAgent(Clone),10,8,1.3,1.17,9.184628,2,False,2,1,0.5
2026-03-04_20.15.02,1,Random_sign_placement_scenario,1037,15,3,-10.69,8.67,90,15,1,146,AdultMaleAgent(Clone),11,9,1.71,1.58,0,0,False,2,0,0
2026-03-04_20.15.02,1,Random_sign_placement_scenario,1037,15,3,-10.69,8.67,90,15,1,147,AdultFemaleAgent(Clone),10,8,1.58,1.450001,7.891811,2,False,2,1,0.5
2026-03-04_20.15.02,1,Random_sign_placement_scenario,1037,15,3,-10.69,8.67,90,15,1,148,WheelchairAgent(Clone),11,9,1.3,1.17,0,0,False,2,0,0
2026-03-04_20.15.02,1,Random_sign_placement_scenario,1037,15,3,-10.69,8.67,90,15,1,149,WheelchairAgent(Clone),11,9,1.3,1.17,0,0,False,2,0,0
2026-03-04_20.15.02,1,Random_sign_placement_scenario,1037,15,3,-10.69,8.67,90,15,1,150,AdultMaleAgent(Clone),8,10,1.71,1.58,8.893921,2,False,2,1,0.5
2026-03-04_20.15.02,1,Random_sign_placement_scenario,1037,15,3,-10.69,8.67,90,15,1,151,AdultMaleAgent(Clone),11,9,1.71,1.58,0,0,False,2,0,0
2026-03-04_20.15.02,1,Random_sign_placement_scenario,1037,15,3,-10.69,8.67,90,15,1,152,AdultFemaleAgent(Clone),8,10,1.58,1.450001,8.88253,2,False,2,1,0.5
2026-03-04_20.15.02,1,Random_sign_placement_scenario,1037,15,3,-10.69,8.67,90,15,1,153,AdultMaleAgent(Clone),10,8,1.71,1.58,7.267826,2,False,2,1,0.5
2026-03-04_20.15.02,1,Random_sign_placement_scenario,1037,15,3,-10.69,8.67,90,15,1,154,WheelchairAgent(Clone),11,9,1.3,1.17,0,0,False,2,0,0
2026-03-04_20.15.02,1,Random_sign_placement_scenario,1037,15,3,-10.69,8.67,90,15,1,155,WheelchairAgent(Clone),9,11,1.3,1.17,0,0,False,2,0,0
2026-03-04_20.15.02,1,Random_sign_placement_scenario,1037,15,3,-10.69,8.67,90,15,1,156,AdultFemaleAgent(Clone),8,10,1.58,1.450001,10.01609,2,False,2,1,0.5
2026-03-04_20.15.02,1,Random_sign_placement_scenario,1037,15,3,-10.69,8.67,90,15,1,157,AdultFemaleAgent(Clone),8,10,1.58,1.450001,11.08113,2,True,2,1,0.5
2026-03-04_20.15.02,1,Random_sign_placement_scenario,1037,15,3,-10.69,8.67,90,15,1,158,AdultMaleAgent(Clone),11,9,1.71,1.58,0,0,False,2,0,0
2026-03-04_20.15.02,1,Random_sign_placement_scenario,1037,15,3,-10.69,8.67,90,15,1,159,AdultMaleAgent(Clone),11,9,1.71,1.58,0,0,False,2,0,0
2026-03-04_20.15.02,1,Random_sign_placement_scenario,1037,15,3,-10.69,8.67,90,15,1,160,AdultMaleAgent(Clone),10,8,1.71,1.58,6.787716,2,False,2,1,0.5
2026-03-04_20.15.02,1,Random_sign_placement_scenario,1037,15,3,-10.69,8.67,90,15,1,161,WheelchairAgent(Clone),8,10,1.3,1.17,11.13884,2,False,2,1,0.5
2026-03-04_20.15.02,1,Random_sign_placement_scenario,1037,15,3,-10.69,8.67,90,15,1,162,AdultMaleAgent(Clone),9,11,1.71,1.58,0,0,False,2,0,0
2026-03-04_20.15.02,1,Random_sign_placement_scenario,1037,15,3,-10.69,8.67,90,15,1,163,AdultFemaleAgent(Clone),10,8,1.58,1.450001,9.355545,2,False,2,1,0.5
2026-03-04_20.15.02,1,Random_sign_placement_scenario,1037,15,3,-10.69,8.67,90,15,1,164,AdultMaleAgent(Clone),11,9,1.71,1.58,0,0,False,2,0,0
2026-03-04_20.15.02,1,Random_sign_placement_scenario,1037,15,3,-10.69,8.67,90,15,1,165,AdultFemaleAgent(Clone),11,9,1.58,1.450001,0,0,False,2,0,0
2026-03-04_20.15.02,1,Random_sign_placement_scenario,1037,15,3,-10.69,8.67,90,15,1,166,AdultMaleAgent(Clone),9,11,1.71,1.58,0,0,False,2,0,0
2026-03-04_20.15.02,1,Random_sign_placement_scenario,1037,15,3,-10.69,8.67,90,15,1,167,WheelchairAgent(Clone),10,8,1.3,1.17,7.329739,2,False,2,1,0.5
2026-03-04_20.15.02,1,Random_sign_placement_scenario,1037,15,3,-10.69,8.67,90,15,1,168,WheelchairAgent(Clone),8,10,1.3,1.17,7.972496,2,False,2,1,0.5
2026-03-04_20.15.02,1,Random_sign_placement_scenario,1037,15,3,-10.69,8.67,90,15,1,169,AdultFemaleAgent(Clone),11,9,1.58,1.450001,0,0,False,2,0,0
2026-03-04_20.15.02,1,Random_sign_placement_scenario,1037,15,3,-10.69,8.67,90,15,1,170,WheelchairAgent(Clone),8,10,1.3,1.17,10.71834,2,False,2,1,0.5
2026-03-04_20.15.02,1,Random_sign_placement_scenario,1037,15,3,-10.69,8.67,90,15,1,171,AdultFemaleAgent(Clone),9,11,1.58,1.450001,0,0,False,2,0,0
2026-03-04_20.15.02,1,Random_sign_placement_scenario,1037,15,3,-10.69,8.67,90,15,1,172,AdultMaleAgent(Clone),8,10,1.71,1.58,9.576546,2,False,2,1,0.5
2026-03-04_20.15.02,1,Random_sign_placement_scenario,1037,15,3,-10.69,8.67,90,15,1,173,AdultMaleAgent(Clone),8,10,1.71,1.58,8.759174,2,False,2,1,0.5
2026-03-04_20.15.02,1,Random_sign_placement_scenario,1037,15,3,-10.69,8.67,90,15,1,174,AdultMaleAgent(Clone),8,10,1.71,1.58,8.556034,2,False,2,1,0.5
2026-03-04_20.15.02,1,Random_sign_placement_scenario,1037,15,3,-10.69,8.67,90,15,1,175,WheelchairAgent(Clone),11,9,1.3,1.17,0,0,False,2,0,0
2026-03-04_20.15.02,1,Random_sign_placement_scenario,1037,15,3,-10.69,8.67,90,15,1,176,WheelchairAgent(Clone),10,8,1.3,1.17,8.787525,2,False,2,1,0.5
2026-03-04_20.15.02,1,Random_sign_placement_scenario,1037,15,3,-10.69,8.67,90,15,1,177,AdultMaleAgent(Clone),11,9,1.71,1.58,0,0,False,2,0,0
2026-03-04_20.15.02,1,Random_sign_placement_scenario,1037,15,3,-10.69,8.67,90,15,1,178,WheelchairAgent(Clone),8,10,1.3,1.17,7.801712,2,False,2,1,0.5
2026-03-04_20.15.02,1,Random_sign_placement_scenario,1037,15,3,-10.69,8.67,90,15,1,179,AdultFemaleAgent(Clone),10,8,1.58,1.450001,6.961735,2,False,2,1,0.5
2026-03-04_20.15.02,1,Random_sign_placement_scenario,1037,15,3,-10.69,8.67,90,15,1,180,AdultFemaleAgent(Clone),10,8,1.58,1.450001,8.712189,2,False,2,1,0.5
2026-03-04_20.15.02,1,Random_sign_placement_scenario,1037,15,3,-10.69,8.67,90,15,1,181,AdultMaleAgent(Clone),8,10,1.71,1.58,8.484634,2,False,2,1,0.5
2026-03-04_20.15.02,1,Random_sign_placement_scenario,1037,15,3,-10.69,8.67,90,15,1,182,WheelchairAgent(Clone),8,10,1.3,1.17,8.927235,2,False,2,1,0.5
2026-03-04_20.15.02,1,Random_sign_placement_scenario,1037,15,3,-10.69,8.67,90,15,1,183,WheelchairAgent(Clone),10,8,1.3,1.17,8.785812,2,False,2,1,0.5
2026-03-04_20.15.02,1,Random_sign_placement_scenario,1037,15,3,-10.69,8.67,90,15,1,184,AdultFemaleAgent(Clone),9,11,1.58,1.450001,0,0,False,2,0,0
2026-03-04_20.15.02,1,Random_sign_placement_scenario,1037,15,3,-10.69,8.67,90,15,1,185,AdultMaleAgent(Clone),8,10,1.71,1.58,8.624969,2,False,2,1,0.5
2026-03-04_20.15.02,1,Random_sign_placement_scenario,1037,15,3,-10.69,8.67,90,15,1,186,AdultFemaleAgent(Clone),9,11,1.58,1.450001,0,0,False,2,0,0
2026-03-04_20.15.02,1,Random_sign_placement_scenario,1037,15,3,-10.69,8.67,90,15,1,187,AdultMaleAgent(Clone),8,10,1.71,1.58,8.347584,2,False,2,1,0.5
2026-03-04_20.15.02,1,Random_sign_placement_scenario,1037,15,3,-10.69,8.67,90,15,1,188,WheelchairAgent(Clone),9,11,1.3,1.17,0,0,False,2,0,0
2026-03-04_20.15.02,1,Random_sign_placement_scenario,1037,15,3,-10.69,8.67,90,15,1,189,WheelchairAgent(Clone),10,8,1.3,1.17,6.131229,2,False,2,1,0.5
2026-03-04_20.15.02,1,Random_sign_placement_scenario,1037,15,3,-10.69,8.67,90,15,1,190,WheelchairAgent(Clone),10,8,1.3,1.17,6.97068,2,False,2,1,0.5
2026-03-04_20.15.02,1,Random_sign_placement_scenario,1037,15,3,-10.69,8.67,90,15,1,191,AdultMaleAgent(Clone),10,8,1.71,1.58,8.745815,2,False,2,1,0.5
2026-03-04_20.15.02,1,Random_sign_placement_scenario,1037,15,3,-10.69,8.67,90,15,1,192,AdultFemaleAgent(Clone),10,8,1.58,1.450001,8.853275,2,False,2,1,0.5
2026-03-04_20.15.02,1,Random_sign_placement_scenario,1037,15,3,-10.69,8.67,90,15,1,193,WheelchairAgent(Clone),8,10,1.3,1.17,7.97485,2,False,2,1,0.5
2026-03-04_20.15.02,1,Random_sign_placement_scenario,1037,15,3,-10.69,8.67,90,15,1,194,WheelchairAgent(Clone),10,8,1.3,1.17,8.463261,2,False,2,1,0.5
2026-03-04_20.15.02,1,Random_sign_placement_scenario,1037,15,3,-10.69,8.67,90,15,1,195,AdultMaleAgent(Clone),8,10,1.71,1.58,9.617111,2,True,2,1,0.5
2026-03-04_20.15.02,1,Random_sign_placement_scenario,1037,15,3,-10.69,8.67,90,15,1,196,WheelchairAgent(Clone),10,8,1.3,1.17,6.348808,2,False,2,1,0.5
2026-03-04_20.15.02,1,Random_sign_placement_scenario,1037,15,3,-10.69,8.67,90,15,1,197,AdultMaleAgent(Clone),8,10,1.71,1.58,8.224724,2,False,2,1,0.5
2026-03-04_20.15.02,1,Random_sign_placement_scenario,1037,15,3,-10.69,8.67,90,15,1,198,AdultFemaleAgent(Clone),11,9,1.58,1.450001,0,0,False,2,0,0
2026-03-04_20.15.02,1,Random_sign_placement_scenario,1037,15,3,-10.69,8.67,90,15,1,199,AdultFemaleAgent(Clone),11,9,1.58,1.450001,0,0,False,2,0,0
2026-03-04_20.15.02,1,Random_sign_placement_scenario,1037,15,3,-10.69,8.67,90,15,1,200,AdultMaleAgent(Clone),8,10,1.71,1.58,9.670792,2,True,2,1,0.5
2026-03-04_20.15.02,1,Random_sign_placement_scenario,1037,15,3,-10.69,8.67,90,15,1,201,AdultMaleAgent(Clone),9,11,1.71,1.58,0,0,False,2,0,0
2026-03-04_20.15.02,1,Random_sign_placement_scenario,1037,15,3,-10.69,8.67,90,15,1,202,AdultMaleAgent(Clone),9,11,1.71,1.58,0,0,False,2,0,0
2026-03-04_20.15.02,1,Random_sign_placement_scenario,1037,15,3,-10.69,8.67,90,15,1,203,AdultMaleAgent(Clone),10,8,1.71,1.58,7.810177,2,False,2,1,0.5
2026-03-04_20.15.02,1,Random_sign_placement_scenario,1037,15,3,-10.69,8.67,90,15,1,204,AdultFemaleAgent(Clone),9,11,1.58,1.450001,0,0,False,2,0,0
2026-03-04_20.15.02,1,Random_sign_placement_scenario,1037,15,3,-10.69,8.67,90,15,1,205,AdultFemaleAgent(Clone),8,10,1.58,1.450001,10.06961,2,False,2,1,0.5
2026-03-04_20.15.02,1,Random_sign_placement_scenario,1037,15,3,-10.69,8.67,90,15,1,206,AdultFemaleAgent(Clone),8,10,1.58,1.450001,9.716003,2,True,2,1,0.5
2026-03-04_20.15.02,1,Random_sign_placement_scenario,1037,15,3,-10.69,8.67,90,15,1,207,AdultMaleAgent(Clone),9,11,1.71,1.58,0,0,False,2,0,0
2026-03-04_20.15.02,1,Random_sign_placement_scenario,1037,15,3,-10.69,8.67,90,15,1,208,WheelchairAgent(Clone),8,10,1.3,1.17,9.420799,2,False,2,1,0.5
2026-03-04_20.15.02,1,Random_sign_placement_scenario,1037,15,3,-10.69,8.67,90,15,1,209,AdultMaleAgent(Clone),11,9,1.71,1.58,0,0,False,2,0,0
2026-03-04_20.15.02,1,Random_sign_placement_scenario,1037,15,3,-10.69,8.67,90,15,1,210,AdultMaleAgent(Clone),11,9,1.71,1.58,0,0,False,2,0,0
2026-03-04_20.15.02,1,Random_sign_placement_scenario,1037,15,3,-10.69,8.67,90,15,1,211,WheelchairAgent(Clone),10,8,1.3,1.17,8.352009,2,False,2,1,0.5
2026-03-04_20.15.02,1,Random_sign_placement_scenario,1037,15,3,-10.69,8.67,90,15,1,212,AdultMaleAgent(Clone),9,11,1.71,1.58,0,0,False,2,0,0
2026-03-04_20.15.02,1,Random_sign_placement_scenario,1037,15,3,-10.69,8.67,90,15,1,213,WheelchairAgent(Clone),9,11,1.3,1.17,0,0,False,2,0,0
2026-03-04_20.15.02,1,Random_sign_placement_scenario,1037,15,3,-10.69,8.67,90,15,1,214,AdultMaleAgent(Clone),10,8,1.71,1.58,7.673176,2,False,2,1,0.5
2026-03-04_20.15.02,1,Random_sign_placement_scenario,1037,15,3,-10.69,8.67,90,15,1,215,AdultMaleAgent(Clone),9,11,1.71,1.58,0,0,False,2,0,0
2026-03-04_20.15.02,1,Random_sign_placement_scenario,1037,15,3,-10.69,8.67,90,15,1,216,AdultMaleAgent(Clone),10,8,1.71,1.58,5.867569,2,False,2,1,0.5
2026-03-04_20.15.02,1,Random_sign_placement_scenario,1037,15,3,-10.69,8.67,90,15,1,217,AdultMaleAgent(Clone),8,10,1.71,1.58,10.4021,2,True,2,1,0.5
2026-03-04_20.15.02,1,Random_sign_placement_scenario,1037,15,3,-10.69,8.67,90,15,1,218,WheelchairAgent(Clone),10,8,1.3,1.17,7.810387,2,False,2,1,0.5
2026-03-04_20.15.02,1,Random_sign_placement_scenario,1037,15,3,-10.69,8.67,90,15,1,219,AdultMaleAgent(Clone),9,11,1.71,1.58,0,0,False,2,0,0
2026-03-04_20.15.02,1,Random_sign_placement_scenario,1037,15,3,-10.69,8.67,90,15,1,220,AdultMaleAgent(Clone),11,9,1.71,1.58,0,0,False,2,0,0
2026-03-04_20.15.02,1,Random_sign_placement_scenario,1037,15,3,-10.69,8.67,90,15,1,221,AdultMaleAgent(Clone),9,11,1.71,1.58,0,0,False,2,0,0
2026-03-04_20.15.02,1,Random_sign_placement_scenario,1037,15,3,-10.69,8.67,90,15,1,222,AdultFemaleAgent(Clone),9,11,1.58,1.450001,0,0,False,2,0,0
2026-03-04_20.15.02,1,Random_sign_placement_scenario,1037,15,3,-10.69,8.67,90,15,1,223,WheelchairAgent(Clone),10,8,1.3,1.17,7.144718,2,False,2,1,0.5
2026-03-04_20.15.02,1,Random_sign_placement_scenario,1037,15,3,-10.69,8.67,90,15,1,224,AdultMaleAgent(Clone),9,11,1.71,1.58,0,0,False,2,0,0
2026-03-04_20.15.02,1,Random_sign_placement_scenario,1037,15,3,-10.69,8.67,90,15,1,225,WheelchairAgent(Clone),10,8,1.3,1.17,8.958725,2,False,2,1,0.5
2026-03-04_20.15.02,1,Random_sign_placement_scenario,1037,15,3,-10.69,8.67,90,15,1,226,WheelchairAgent(Clone),8,10,1.3,1.17,9.439259,2,False,2,1,0.5
2026-03-04_20.15.02,1,Random_sign_placement_scenario,1037,15,3,-10.69,8.67,90,15,1,227,WheelchairAgent(Clone),11,9,1.3,1.17,0,0,False,2,0,0
2026-03-04_20.15.02,1,Random_sign_placement_scenario,1037,15,3,-10.69,8.67,90,15,1,228,AdultFemaleAgent(Clone),8,10,1.58,1.450001,8.595924,2,False,2,1,0.5
2026-03-04_20.15.02,1,Random_sign_placement_scenario,1037,15,3,-10.69,8.67,90,15,1,229,AdultMaleAgent(Clone),10,8,1.71,1.58,8.19286,2,False,2,1,0.5
2026-03-04_20.15.02,1,Random_sign_placement_scenario,1037,15,3,-10.69,8.67,90,15,1,230,AdultMaleAgent(Clone),9,11,1.71,1.58,0,0,False,2,0,0
2026-03-04_20.15.02,1,Random_sign_placement_scenario,1037,15,3,-10.69,8.67,90,15,1,231,AdultMaleAgent(Clone),11,9,1.71,1.58,0,0,False,2,0,0
2026-03-04_20.15.02,1,Random_sign_placement_scenario,1037,15,3,-10.69,8.67,90,15,1,232,AdultFemaleAgent(Clone),9,11,1.58,1.450001,0,0,False,2,0,0
2026-03-04_20.15.02,1,Random_sign_placement_scenario,1037,15,3,-10.69,8.67,90,15,1,233,WheelchairAgent(Clone),10,8,1.3,1.17,6.125378,2,False,2,1,0.5
2026-03-04_20.15.02,1,Random_sign_placement_scenario,1037,15,3,-10.69,8.67,90,15,1,234,AdultFemaleAgent(Clone),11,9,1.58,1.450001,0,0,False,2,0,0
2026-03-04_20.15.02,1,Random_sign_placement_scenario,1037,15,3,-10.69,8.67,90,15,1,235,AdultFemaleAgent(Clone),11,9,1.58,1.450001,0,0,False,2,0,0
2026-03-04_20.15.02,1,Random_sign_placement_scenario,1037,15,3,-10.69,8.67,90,15,1,236,WheelchairAgent(Clone),10,8,1.3,1.17,8.546604,2,False,2,1,0.5
2026-03-04_20.15.02,1,Random_sign_placement_scenario,1037,15,3,-10.69,8.67,90,15,1,237,AdultMaleAgent(Clone),8,10,1.71,1.58,10.35082,2,True,2,1,0.5
2026-03-04_20.15.02,1,Random_sign_placement_scenario,1037,15,3,-10.69,8.67,90,15,1,238,AdultFemaleAgent(Clone),11,9,1.58,1.450001,0,0,False,2,0,0
2026-03-04_20.15.02,1,Random_sign_placement_scenario,1037,15,3,-10.69,8.67,90,15,1,239,WheelchairAgent(Clone),9,11,1.3,1.17,0,0,False,2,0,0
2026-03-04_20.15.02,1,Random_sign_placement_scenario,1037,15,3,-10.69,8.67,90,15,1,240,AdultFemaleAgent(Clone),11,9,1.58,1.450001,0,0,False,2,0,0
2026-03-04_20.15.02,1,Random_sign_placement_scenario,1037,15,3,-10.69,8.67,90,15,1,241,AdultFemaleAgent(Clone),10,8,1.58,1.450001,8.01276,2,False,2,1,0.5
2026-03-04_20.15.02,1,Random_sign_placement_scenario,1037,15,3,-10.69,8.67,90,15,1,242,AdultFemaleAgent(Clone),8,10,1.58,1.450001,9.462181,2,True,2,1,0.5
2026-03-04_20.15.02,1,Random_sign_placement_scenario,1037,15,3,-10.69,8.67,90,15,1,243,AdultFemaleAgent(Clone),10,8,1.58,1.450001,6.947575,2,False,2,1,0.5
2026-03-04_20.15.02,1,Random_sign_placement_scenario,1037,15,3,-10.69,8.67,90,15,1,244,AdultFemaleAgent(Clone),9,11,1.58,1.450001,0,0,False,2,0,0
2026-03-04_20.15.02,1,Random_sign_placement_scenario,1037,15,3,-10.69,8.67,90,15,1,245,AdultFemaleAgent(Clone),10,8,1.58,1.450001,6.636086,2,False,2,1,0.5
2026-03-04_20.15.02,1,Random_sign_placement_scenario,1037,15,3,-10.69,8.67,90,15,1,246,AdultFemaleAgent(Clone),10,8,1.58,1.450001,6.291222,2,False,2,1,0.5
2026-03-04_20.15.02,1,Random_sign_placement_scenario,1037,15,3,-10.69,8.67,90,15,1,247,AdultMaleAgent(Clone),9,11,1.71,1.58,0.1009674,1,False,2,1,0.5
2026-03-04_20.15.02,1,Random_sign_placement_scenario,1037,15,3,-10.69,8.67,90,15,1,248,AdultFemaleAgent(Clone),11,9,1.58,1.450001,0,0,False,2,0,0
2026-03-04_20.15.02,1,Random_sign_placement_scenario,1037,15,3,-10.69,8.67,90,15,1,249,AdultMaleAgent(Clone),9,11,1.71,1.58,0,0,False,2,0,0
2026-03-04_20.15.02,1,Random_sign_placement_scenario,1037,15,3,-10.69,8.67,90,15,1,250,AdultFemaleAgent(Clone),10,8,1.58,1.450001,8.0812,2,False,2,1,0.5
2026-03-04_20.15.02,1,Random_sign_placement_scenario,1037,15,3,-10.69,8.67,90,15,1,251,AdultFemaleAgent(Clone),11,9,1.58,1.450001,0,0,False,2,0,0
2026-03-04_20.15.02,1,Random_sign_placement_scenario,1037,15,3,-10.69,8.67,90,15,1,252,AdultFemaleAgent(Clone),11,9,1.58,1.450001,0,0,False,2,0,0
2026-03-04_20.15.02,1,Random_sign_placement_scenario,1037,15,3,-10.69,8.67,90,15,1,253,WheelchairAgent(Clone),10,8,1.3,1.17,6.064365,2,False,2,1,0.5
2026-03-04_20.15.02,1,Random_sign_placement_scenario,1037,15,3,-10.69,8.67,90,15,1,254,AdultMaleAgent(Clone),9,11,1.71,1.58,0,0,False,2,0,0
2026-03-04_20.15.02,1,Random_sign_placement_scenario,1037,15,3,-10.69,8.67,90,15,1,255,AdultFemaleAgent(Clone),11,9,1.58,1.450001,0,0,False,2,0,0
2026-03-04_20.15.02,1,Random_sign_placement_scenario,1037,15,3,-10.69,8.67,90,15,1,256,AdultFemaleAgent(Clone),11,9,1.58,1.450001,0,0,False,2,0,0
2026-03-04_20.15.02,1,Random_sign_placement_scenario,1037,15,3,-10.69,8.67,90,15,1,257,AdultMaleAgent(Clone),8,10,1.71,1.58,8.073845,2,False,2,1,0.5
2026-03-04_20.15.02,1,Random_sign_placement_scenario,1037,15,3,-10.69,8.67,90,15,1,258,AdultFemaleAgent(Clone),11,9,1.58,1.450001,0,0,False,2,0,0
2026-03-04_20.15.02,1,Random_sign_placement_scenario,1037,15,3,-10.69,8.67,90,15,1,259,AdultMaleAgent(Clone),10,8,1.71,1.58,7.249847,2,False,2,1,0.5
2026-03-04_20.15.02,1,Random_sign_placement_scenario,1037,15,3,-10.69,8.67,90,15,1,260,AdultMaleAgent(Clone),11,9,1.71,1.58,0,0,False,2,0,0
2026-03-04_20.15.02,1,Random_sign_placement_scenario,1037,15,3,-10.69,8.67,90,15,1,261,WheelchairAgent(Clone),11,9,1.3,1.17,0,0,False,2,0,0
2026-03-04_20.15.02,1,Random_sign_placement_scenario,1037,15,3,-10.69,8.67,90,15,1,262,WheelchairAgent(Clone),11,9,1.3,1.17,0,0,False,2,0,0
2026-03-04_20.15.02,1,Random_sign_placement_scenario,1037,15,3,-10.69,8.67,90,15,1,263,AdultFemaleAgent(Clone),10,8,1.58,1.450001,5.696541,2,False,2,1,0.5
2026-03-04_20.15.02,1,Random_sign_placement_scenario,1037,15,3,-10.69,8.67,90,15,1,264,WheelchairAgent(Clone),11,9,1.3,1.17,0,0,False,2,0,0
2026-03-04_20.15.02,1,Random_sign_placement_scenario,1037,15,3,-10.69,8.67,90,15,1,265,AdultFemaleAgent(Clone),9,11,1.58,1.450001,0,0,False,2,0,0
2026-03-04_20.15.02,1,Random_sign_placement_scenario,1037,15,3,-10.69,8.67,90,15,1,266,WheelchairAgent(Clone),10,8,1.3,1.17,8.191864,2,False,2,1,0.5
2026-03-04_20.15.02,1,Random_sign_placement_scenario,1037,15,3,-10.69,8.67,90,15,1,267,AdultMaleAgent(Clone),8,10,1.71,1.58,9.958939,2,True,2,1,0.5
2026-03-04_20.15.02,1,Random_sign_placement_scenario,1037,15,3,-10.69,8.67,90,15,1,268,AdultFemaleAgent(Clone),9,11,1.58,1.450001,0,0,False,2,0,0
2026-03-04_20.15.02,1,Random_sign_placement_scenario,1037,15,3,-10.69,8.67,90,15,1,269,WheelchairAgent(Clone),10,8,1.3,1.17,7.961277,2,False,2,1,0.5
2026-03-04_20.15.02,1,Random_sign_placement_scenario,1037,15,3,-10.69,8.67,90,15,1,270,WheelchairAgent(Clone),8,10,1.3,1.17,8.117203,2,False,2,1,0.5
2026-03-04_20.15.02,1,Random_sign_placement_scenario,1037,15,3,-10.69,8.67,90,15,1,271,AdultMaleAgent(Clone),10,8,1.71,1.58,5.403198,2,False,2,1,0.5
2026-03-04_20.15.02,1,Random_sign_placement_scenario,1037,15,3,-10.69,8.67,90,15,1,272,AdultFemaleAgent(Clone),9,11,1.58,1.450001,0,0,False,2,0,0
2026-03-04_20.15.02,1,Random_sign_placement_scenario,1037,15,3,-10.69,8.67,90,15,1,273,WheelchairAgent(Clone),10,8,1.3,1.17,7.581341,2,False,2,1,0.5
2026-03-04_20.15.02,1,Random_sign_placement_scenario,1037,15,3,-10.69,8.67,90,15,1,274,WheelchairAgent(Clone),11,9,1.3,1.17,0,0,False,2,0,0
2026-03-04_20.15.02,1,Random_sign_placement_scenario,1037,15,3,-10.69,8.67,90,15,1,275,AdultFemaleAgent(Clone),9,11,1.58,1.450001,0.1234627,1,False,2,1,0.5
2026-03-04_20.15.02,1,Random_sign_placement_scenario,1037,15,3,-10.69,8.67,90,15,1,276,AdultFemaleAgent(Clone),10,8,1.58,1.450001,6.458576,2,False,2,1,0.5
2026-03-04_20.15.02,1,Random_sign_placement_scenario,1037,15,3,-10.69,8.67,90,15,1,277,AdultFemaleAgent(Clone),10,8,1.58,1.450001,7.261971,2,False,2,1,0.5
2026-03-04_20.15.02,1,Random_sign_placement_scenario,1037,15,3,-10.69,8.67,90,15,1,278,AdultMaleAgent(Clone),10,8,1.71,1.58,8.561504,2,False,2,1,0.5
2026-03-04_20.15.02,1,Random_sign_placement_scenario,1037,15,3,-10.69,8.67,90,15,1,279,AdultMaleAgent(Clone),9,11,1.71,1.58,0,0,False,2,0,0
2026-03-04_20.15.02,1,Random_sign_placement_scenario,1037,15,3,-10.69,8.67,90,15,1,280,AdultMaleAgent(Clone),11,9,1.71,1.58,0,0,False,2,0,0
2026-03-04_20.15.02,1,Random_sign_placement_scenario,1037,15,3,-10.69,8.67,90,15,1,281,WheelchairAgent(Clone),10,8,1.3,1.17,5.853992,2,False,2,1,0.5
2026-03-04_20.15.02,1,Random_sign_placement_scenario,1037,15,3,-10.69,8.67,90,15,1,282,AdultMaleAgent(Clone),10,8,1.71,1.58,8.15099,2,False,2,1,0.5
2026-03-04_20.15.02,1,Random_sign_placement_scenario,1037,15,3,-10.69,8.67,90,15,1,283,AdultMaleAgent(Clone),9,11,1.71,1.58,0,0,False,2,0,0
2026-03-04_20.15.02,1,Random_sign_placement_scenario,1037,15,3,-10.69,8.67,90,15,1,284,WheelchairAgent(Clone),11,9,1.3,1.17,0,0,False,2,0,0
2026-03-04_20.15.02,1,Random_sign_placement_scenario,1037,15,3,-10.69,8.67,90,15,1,285,WheelchairAgent(Clone),8,10,1.3,1.17,8.59996,2,False,2,1,0.5
2026-03-04_20.15.02,1,Random_sign_placement_scenario,1037,15,3,-10.69,8.67,90,15,1,286,WheelchairAgent(Clone),9,11,1.3,1.17,0.3498497,2,False,2,1,0.5
2026-03-04_20.15.02,1,Random_sign_placement_scenario,1037,15,3,-10.69,8.67,90,15,1,287,AdultFemaleAgent(Clone),11,9,1.58,1.450001,0,0,False,2,0,0
2026-03-04_20.15.02,1,Random_sign_placement_scenario,1037,15,3,-10.69,8.67,90,15,1,288,AdultFemaleAgent(Clone),11,9,1.58,1.450001,0,0,False,2,0,0
2026-03-04_20.15.02,1,Random_sign_placement_scenario,1037,15,3,-10.69,8.67,90,15,1,289,AdultMaleAgent(Clone),10,8,1.71,1.58,7.951141,2,False,2,1,0.5
2026-03-04_20.15.02,1,Random_sign_placement_scenario,1037,15,3,-10.69,8.67,90,15,1,290,AdultMaleAgent(Clone),11,9,1.71,1.58,0,0,False,2,0,0
2026-03-04_20.15.02,1,Random_sign_placement_scenario,1037,15,3,-10.69,8.67,90,15,1,291,WheelchairAgent(Clone),9,11,1.3,1.17,0,0,False,2,0,0
2026-03-04_20.15.02,1,Random_sign_placement_scenario,1037,15,3,-10.69,8.67,90,15,1,292,WheelchairAgent(Clone),11,9,1.3,1.17,0,0,False,2,0,0
2026-03-04_20.15.02,1,Random_sign_placement_scenario,1037,15,3,-10.69,8.67,90,15,1,293,WheelchairAgent(Clone),9,11,1.3,1.17,0,0,False,2,0,0
2026-03-04_20.15.02,1,Random_sign_placement_scenario,1037,15,3,-10.69,8.67,90,15,1,294,AdultFemaleAgent(Clone),9,11,1.58,1.450001,0,0,False,2,0,0
2026-03-04_20.15.02,1,Random_sign_placement_scenario,1037,15,3,-10.69,8.67,90,15,1,295,AdultMaleAgent(Clone),10,8,1.71,1.58,7.609051,2,False,2,1,0.5
2026-03-04_20.15.02,1,Random_sign_placement_scenario,1037,15,3,-10.69,8.67,90,15,1,296,WheelchairAgent(Clone),10,8,1.3,1.17,5.842949,2,False,2,1,0.5
2026-03-04_20.15.02,1,Random_sign_placement_scenario,1037,15,3,-10.69,8.67,90,15,1,297,AdultFemaleAgent(Clone),11,9,1.58,1.450001,0,0,False,2,0,0
2026-03-04_20.15.02,1,Random_sign_placement_scenario,1037,15,3,-10.69,8.67,90,15,1,298,WheelchairAgent(Clone),10,8,1.3,1.17,7.462269,2,False,2,1,0.5
2026-03-04_20.15.02,1,Random_sign_placement_scenario,1037,15,3,-10.69,8.67,90,15,1,299,WheelchairAgent(Clone),11,9,1.3,1.17,0,0,False,2,0,0
2026-03-04_20.15.02,1,Random_sign_placement_scenario,1037,15,3,-10.69,8.67,90,15,1,300,AdultMaleAgent(Clone),11,9,1.71,1.58,0,0,False,2,0,0
2026-03-04_20.15.02,1,Random_sign_placement_scenario,1037,15,3,-10.69,8.67,90,15,1,301,AdultMaleAgent(Clone),10,8,1.71,1.58,8.644711,2,False,2,1,0.5
2026-03-04_20.15.02,1,Random_sign_placement_scenario,1037,15,3,-10.69,8.67,90,15,1,302,AdultMaleAgent(Clone),10,8,1.71,1.58,6.843285,2,False,2,1,0.5
2026-03-04_20.15.02,1,Random_sign_placement_scenario,1037,15,3,-10.69,8.67,90,15,1,303,AdultMaleAgent(Clone),10,8,1.71,1.58,7.509254,2,False,2,1,0.5
2026-03-04_20.15.02,1,Random_sign_placement_scenario,1037,15,3,-10.69,8.67,90,15,1,304,AdultMaleAgent(Clone),10,8,1.71,1.58,6.737228,2,False,2,1,0.5
2026-03-04_20.15.02,1,Random_sign_placement_scenario,1037,15,3,-10.69,8.67,90,15,1,305,WheelchairAgent(Clone),10,8,1.3,1.17,6.711548,2,False,2,1,0.5
2026-03-04_20.15.02,1,Random_sign_placement_scenario,1037,15,3,-10.69,8.67,90,15,1,306,WheelchairAgent(Clone),10,8,1.3,1.17,7.992744,2,False,2,1,0.5
2026-03-04_20.15.02,1,Random_sign_placement_scenario,1037,15,3,-10.69,8.67,90,15,1,307,WheelchairAgent(Clone),8,10,1.3,1.17,8.362183,2,True,2,1,0.5
2026-03-04_20.15.02,1,Random_sign_placement_scenario,1037,15,3,-10.69,8.67,90,15,1,308,AdultMaleAgent(Clone),11,9,1.71,1.58,0,0,False,2,0,0
2026-03-04_20.15.02,1,Random_sign_placement_scenario,1037,15,3,-10.69,8.67,90,15,1,309,WheelchairAgent(Clone),10,8,1.3,1.17,9.119514,2,False,2,1,0.5
2026-03-04_20.15.02,1,Random_sign_placement_scenario,1037,15,3,-10.69,8.67,90,15,1,310,AdultMaleAgent(Clone),9,11,1.71,1.58,0,0,False,2,0,0
2026-03-04_20.15.02,1,Random_sign_placement_scenario,1037,15,3,-10.69,8.67,90,15,1,311,AdultFemaleAgent(Clone),11,9,1.58,1.450001,0,0,False,2,0,0
2026-03-04_20.15.02,1,Random_sign_placement_scenario,1037,15,3,-10.69,8.67,90,15,1,312,WheelchairAgent(Clone),9,11,1.3,1.17,0,0,False,2,0,0
2026-03-04_20.15.02,1,Random_sign_placement_scenario,1037,15,3,-10.69,8.67,90,15,1,313,WheelchairAgent(Clone),10,8,1.3,1.17,6.648296,2,False,2,1,0.5
2026-03-04_20.15.02,1,Random_sign_placement_scenario,1037,15,3,-10.69,8.67,90,15,1,314,AdultMaleAgent(Clone),8,10,1.71,1.58,7.727013,2,False,2,1,0.5
2026-03-04_20.15.02,1,Random_sign_placement_scenario,1037,15,3,-10.69,8.67,90,15,1,315,AdultMaleAgent(Clone),11,9,1.71,1.58,0,0,False,2,0,0
2026-03-04_20.15.02,1,Random_sign_placement_scenario,1037,15,3,-10.69,8.67,90,15,1,316,AdultFemaleAgent(Clone),10,8,1.58,1.450001,6.753464,2,False,2,1,0.5
2026-03-04_20.15.02,1,Random_sign_placement_scenario,1037,15,3,-10.69,8.67,90,15,1,317,AdultFemaleAgent(Clone),8,10,1.58,1.450001,8.165878,2,False,2,1,0.5
2026-03-04_20.15.02,1,Random_sign_placement_scenario,1037,15,3,-10.69,8.67,90,15,1,318,AdultFemaleAgent(Clone),11,9,1.58,1.450001,0,0,False,2,0,0
2026-03-04_20.15.02,1,Random_sign_placement_scenario,1037,15,3,-10.69,8.67,90,15,1,319,AdultMaleAgent(Clone),11,9,1.71,1.58,0,0,False,2,0,0
2026-03-04_20.15.02,1,Random_sign_placement_scenario,1037,15,3,-10.69,8.67,90,15,1,320,WheelchairAgent(Clone),11,9,1.3,1.17,0,0,False,2,0,0
2026-03-04_20.15.02,1,Random_sign_placement_scenario,1037,15,3,-10.69,8.67,90,15,1,321,WheelchairAgent(Clone),9,11,1.3,1.17,0,0,False,2,0,0
2026-03-04_20.15.02,1,Random_sign_placement_scenario,1037,15,3,-10.69,8.67,90,15,1,322,AdultFemaleAgent(Clone),11,9,1.58,1.450001,0,0,False,2,0,0
2026-03-04_20.15.02,1,Random_sign_placement_scenario,1037,15,3,-10.69,8.67,90,15,1,323,WheelchairAgent(Clone),11,9,1.3,1.17,0,0,False,2,0,0
2026-03-04_20.15.02,1,Random_sign_placement_scenario,1037,15,3,-10.69,8.67,90,15,1,324,AdultMaleAgent(Clone),8,10,1.71,1.58,9.706947,2,True,2,1,0.5
2026-03-04_20.15.02,1,Random_sign_placement_scenario,1037,15,3,-10.69,8.67,90,15,1,325,AdultMaleAgent(Clone),9,11,1.71,1.58,0,0,False,2,0,0
2026-03-04_20.15.02,1,Random_sign_placement_scenario,1037,15,3,-10.69,8.67,90,15,1,326,AdultFemaleAgent(Clone),8,10,1.58,1.450001,8.822571,2,False,2,1,0.5
2026-03-04_20.15.02,1,Random_sign_placement_scenario,1037,15,3,-10.69,8.67,90,15,1,327,AdultMaleAgent(Clone),9,11,1.71,1.58,0,0,False,2,0,0
2026-03-04_20.15.02,1,Random_sign_placement_scenario,1037,15,3,-10.69,8.67,90,15,1,328,WheelchairAgent(Clone),11,9,1.3,1.17,0,0,False,2,0,0
2026-03-04_20.15.02,1,Random_sign_placement_scenario,1037,15,3,-10.69,8.67,90,15,1,329,AdultFemaleAgent(Clone),10,8,1.58,1.450001,7.000122,2,False,2,1,0.5
2026-03-04_20.15.02,1,Random_sign_placement_scenario,1037,15,3,-10.69,8.67,90,15,1,330,AdultMaleAgent(Clone),10,8,1.71,1.58,9.245453,2,False,2,1,0.5
2026-03-04_20.15.02,1,Random_sign_placement_scenario,1037,15,3,-10.69,8.67,90,15,1,331,AdultMaleAgent(Clone),10,8,1.71,1.58,7.66433,2,False,2,1,0.5
2026-03-04_20.15.02,1,Random_sign_placement_scenario,1037,15,3,-10.69,8.67,90,15,1,332,AdultMaleAgent(Clone),9,11,1.71,1.58,0,0,False,2,0,0
2026-03-04_20.15.02,1,Random_sign_placement_scenario,1037,15,3,-10.69,8.67,90,15,1,333,AdultFemaleAgent(Clone),9,11,1.58,1.450001,0,0,False,2,0,0
2026-03-04_20.15.02,1,Random_sign_placement_scenario,1037,15,3,-10.69,8.67,90,15,1,334,WheelchairAgent(Clone),11,9,1.3,1.17,0,0,False,2,0,0
2026-03-04_20.15.02,1,Random_sign_placement_scenario,1037,15,3,-10.69,8.67,90,15,1,335,WheelchairAgent(Clone),8,10,1.3,1.17,7.786552,2,False,2,1,0.5
2026-03-04_20.15.02,1,Random_sign_placement_scenario,1037,15,3,-10.69,8.67,90,15,1,336,WheelchairAgent(Clone),10,8,1.3,1.17,7.807617,2,False,2,1,0.5
2026-03-04_20.15.02,1,Random_sign_placement_scenario,1037,15,3,-10.69,8.67,90,15,1,337,WheelchairAgent(Clone),9,11,1.3,1.17,0.3244476,2,False,2,1,0.5
2026-03-04_20.15.02,1,Random_sign_placement_scenario,1037,15,3,-10.69,8.67,90,15,1,338,AdultFemaleAgent(Clone),11,9,1.58,1.450001,0,0,False,2,0,0
2026-03-04_20.15.02,1,Random_sign_placement_scenario,1037,15,3,-10.69,8.67,90,15,1,339,AdultMaleAgent(Clone),8,10,1.71,1.58,9.468781,2,True,2,1,0.5
2026-03-04_20.15.02,1,Random_sign_placement_scenario,1037,15,3,-10.69,8.67,90,15,1,340,WheelchairAgent(Clone),11,9,1.3,1.17,0,0,False,2,0,0
2026-03-04_20.15.02,1,Random_sign_placement_scenario,1037,15,3,-10.69,8.67,90,15,1,341,WheelchairAgent(Clone),9,11,1.3,1.17,0,0,False,2,0,0
2026-03-04_20.15.02,1,Random_sign_placement_scenario,1037,15,3,-10.69,8.67,90,15,1,342,AdultMaleAgent(Clone),11,9,1.71,1.58,0,0,False,2,0,0
2026-03-04_20.15.02,1,Random_sign_placement_scenario,1037,15,3,-10.69,8.67,90,15,1,343,AdultMaleAgent(Clone),8,10,1.71,1.58,7.971565,2,False,2,1,0.5
2026-03-04_20.15.02,1,Random_sign_placement_scenario,1037,15,3,-10.69,8.67,90,15,1,344,WheelchairAgent(Clone),9,11,1.3,1.17,0,0,False,2,0,0
2026-03-04_20.15.02,1,Random_sign_placement_scenario,1037,15,3,-10.69,8.67,90,15,1,345,AdultMaleAgent(Clone),8,10,1.71,1.58,8.157524,2,False,2,1,0.5
2026-03-04_20.15.02,1,Random_sign_placement_scenario,1037,15,3,-10.69,8.67,90,15,1,346,WheelchairAgent(Clone),9,11,1.3,1.17,0,0,False,2,0,0
2026-03-04_20.15.02,1,Random_sign_placement_scenario,1037,15,3,-10.69,8.67,90,15,1,347,AdultFemaleAgent(Clone),11,9,1.58,1.450001,0,0,False,2,0,0
2026-03-04_20.15.02,1,Random_sign_placement_scenario,1037,15,3,-10.69,8.67,90,15,1,348,AdultFemaleAgent(Clone),11,9,1.58,1.450001,0,0,False,2,0,0
2026-03-04_20.15.02,1,Random_sign_placement_scenario,1037,15,3,-10.69,8.67,90,15,1,349,AdultMaleAgent(Clone),8,10,1.71,1.58,8.732239,2,False,2,1,0.5
2026-03-04_20.15.02,1,Random_sign_placement_scenario,1037,15,3,-10.69,8.67,90,15,1,350,WheelchairAgent(Clone),8,10,1.3,1.17,8.773003,2,False,2,1,0.5
2026-03-04_20.15.02,1,Random_sign_placement_scenario,1037,15,3,-10.69,8.67,90,15,1,351,AdultFemaleAgent(Clone),11,9,1.58,1.450001,0,0,False,2,0,0
2026-03-04_20.15.02,1,Random_sign_placement_scenario,1037,15,3,-10.69,8.67,90,15,1,352,AdultMaleAgent(Clone),10,8,1.71,1.58,9.209335,2,False,2,1,0.5
2026-03-04_20.15.02,1,Random_sign_placement_scenario,1037,15,3,-10.69,8.67,90,15,1,353,AdultMaleAgent(Clone),10,8,1.71,1.58,7.035835,2,False,2,1,0.5
2026-03-04_20.15.02,1,Random_sign_placement_scenario,1037,15,3,-10.69,8.67,90,15,1,354,WheelchairAgent(Clone),8,10,1.3,1.17,7.880821,2,False,2,1,0.5
2026-03-04_20.15.02,1,Random_sign_placement_scenario,1037,15,3,-10.69,8.67,90,15,1,355,AdultMaleAgent(Clone),10,8,1.71,1.58,7.215935,2,False,2,1,0.5
2026-03-04_20.15.02,1,Random_sign_placement_scenario,1037,15,3,-10.69,8.67,90,15,1,356,AdultMaleAgent(Clone),8,10,1.71,1.58,10.15621,2,True,2,1,0.5
2026-03-04_20.15.02,1,Random_sign_placement_scenario,1037,15,3,-10.69,8.67,90,15,1,357,AdultFemaleAgent(Clone),9,11,1.58,1.450001,0.1434097,1,False,2,1,0.5
2026-03-04_20.15.02,1,Random_sign_placement_scenario,1037,15,3,-10.69,8.67,90,15,1,358,AdultMaleAgent(Clone),8,10,1.71,1.58,8.437248,2,False,2,1,0.5
2026-03-04_20.15.02,1,Random_sign_placement_scenario,1037,15,3,-10.69,8.67,90,15,1,359,AdultMaleAgent(Clone),8,10,1.71,1.58,9.444969,2,False,2,1,0.5
2026-03-04_20.15.02,1,Random_sign_placement_scenario,1037,15,3,-10.69,8.67,90,15,1,360,AdultFemaleAgent(Clone),11,9,1.58,1.450001,0,0,False,2,0,0
2026-03-04_20.15.02,1,Random_sign_placement_scenario,1037,15,3,-10.69,8.67,90,15,1,361,AdultMaleAgent(Clone),9,11,1.71,1.58,0.7665672,1,False,2,1,0.5
2026-03-04_20.15.02,1,Random_sign_placement_scenario,1037,15,3,-10.69,8.67,90,15,1,362,AdultMaleAgent(Clone),11,9,1.71,1.58,0,0,False,2,0,0
2026-03-04_20.15.02,1,Random_sign_placement_scenario,1037,15,3,-10.69,8.67,90,15,1,363,AdultFemaleAgent(Clone),8,10,1.58,1.450001,8.950577,2,False,2,1,0.5
2026-03-04_20.15.02,1,Random_sign_placement_scenario,1037,15,3,-10.69,8.67,90,15,1,364,AdultMaleAgent(Clone),9,11,1.71,1.58,0,0,False,2,0,0
2026-03-04_20.15.02,1,Random_sign_placement_scenario,1037,15,3,-10.69,8.67,90,15,1,365,AdultMaleAgent(Clone),8,10,1.71,1.58,9.09832,2,False,2,1,0.5
2026-03-04_20.15.02,1,Random_sign_placement_scenario,1037,15,3,-10.69,8.67,90,15,1,366,AdultFemaleAgent(Clone),11,9,1.58,1.450001,0,0,False,2,0,0
2026-03-04_20.15.02,1,Random_sign_placement_scenario,1037,15,3,-10.69,8.67,90,15,1,367,AdultMaleAgent(Clone),10,8,1.71,1.58,7.706329,2,False,2,1,0.5
2026-03-04_20.15.02,1,Random_sign_placement_scenario,1037,15,3,-10.69,8.67,90,15,1,368,AdultFemaleAgent(Clone),10,8,1.58,1.450001,6.465515,2,False,2,1,0.5
2026-03-04_20.15.02,1,Random_sign_placement_scenario,1037,15,3,-10.69,8.67,90,15,1,369,WheelchairAgent(Clone),8,10,1.3,1.17,7.601509,2,False,2,1,0.5
2026-03-04_20.15.02,1,Random_sign_placement_scenario,1037,15,3,-10.69,8.67,90,15,1,370,AdultFemaleAgent(Clone),9,11,1.58,1.450001,0,0,False,2,0,0
2026-03-04_20.15.02,1,Random_sign_placement_scenario,1037,15,3,-10.69,8.67,90,15,1,371,AdultMaleAgent(Clone),9,11,1.71,1.58,0,0,False,2,0,0
2026-03-04_20.15.02,1,Random_sign_placement_scenario,1037,15,3,-10.69,8.67,90,15,1,372,AdultFemaleAgent(Clone),8,10,1.58,1.450001,8.431839,2,False,2,1,0.5
2026-03-04_20.15.02,1,Random_sign_placement_scenario,1037,15,3,-10.69,8.67,90,15,1,373,AdultFemaleAgent(Clone),10,8,1.58,1.450001,7.888306,2,False,2,1,0.5
2026-03-04_20.15.02,1,Random_sign_placement_scenario,1037,15,3,-10.69,8.67,90,15,1,374,AdultMaleAgent(Clone),10,8,1.71,1.58,6.780075,2,False,2,1,0.5
2026-03-04_20.15.02,1,Random_sign_placement_scenario,1037,15,3,-10.69,8.67,90,15,1,375,AdultFemaleAgent(Clone),8,10,1.58,1.450001,8.258698,2,False,2,1,0.5
2026-03-04_20.15.02,1,Random_sign_placement_scenario,1037,15,3,-10.69,8.67,90,15,1,376,WheelchairAgent(Clone),10,8,1.3,1.17,6.896172,2,False,2,1,0.5
2026-03-04_20.15.02,1,Random_sign_placement_scenario,1037,15,3,-10.69,8.67,90,15,1,377,AdultFemaleAgent(Clone),11,9,1.58,1.450001,0,0,False,2,0,0
2026-03-04_20.15.02,1,Random_sign_placement_scenario,1037,15,3,-10.69,8.67,90,15,1,378,AdultMaleAgent(Clone),10,8,1.71,1.58,6.707787,2,False,2,1,0.5
2026-03-04_20.15.02,1,Random_sign_placement_scenario,1037,15,3,-10.69,8.67,90,15,1,379,WheelchairAgent(Clone),10,8,1.3,1.17,7.230103,2,False,2,1,0.5
2026-03-04_20.15.02,1,Random_sign_placement_scenario,1037,15,3,-10.69,8.67,90,15,1,380,WheelchairAgent(Clone),10,8,1.3,1.17,6.645309,2,False,2,1,0.5
2026-03-04_20.15.02,1,Random_sign_placement_scenario,1037,15,3,-10.69,8.67,90,15,1,381,AdultFemaleAgent(Clone),11,9,1.58,1.450001,0,0,False,2,0,0
2026-03-04_20.15.02,1,Random_sign_placement_scenario,1037,15,3,-10.69,8.67,90,15,1,382,AdultMaleAgent(Clone),9,11,1.71,1.58,0.5203094,2,False,2,1,0.5
2026-03-04_20.15.02,1,Random_sign_placement_scenario,1037,15,3,-10.69,8.67,90,15,1,383,AdultMaleAgent(Clone),9,11,1.71,1.58,0,0,False,2,0,0
2026-03-04_20.15.02,1,Random_sign_placement_scenario,1037,15,3,-10.69,8.67,90,15,1,384,AdultMaleAgent(Clone),11,9,1.71,1.58,0,0,False,2,0,0
2026-03-04_20.15.02,1,Random_sign_placement_scenario,1037,15,3,-10.69,8.67,90,15,1,385,AdultMaleAgent(Clone),9,11,1.71,1.58,0,0,False,2,0,0
2026-03-04_20.15.02,1,Random_sign_placement_scenario,1037,15,3,-10.69,8.67,90,15,1,386,AdultMaleAgent(Clone),8,10,1.71,1.58,8.684906,2,False,2,1,0.5
2026-03-04_20.15.02,1,Random_sign_placement_scenario,1037,15,3,-10.69,8.67,90,15,1,387,WheelchairAgent(Clone),8,10,1.3,1.17,8.110733,2,False,2,1,0.5
2026-03-04_20.15.02,1,Random_sign_placement_scenario,1037,15,3,-10.69,8.67,90,15,1,388,WheelchairAgent(Clone),9,11,1.3,1.17,0,0,False,2,0,0
2026-03-04_20.15.02,1,Random_sign_placement_scenario,1037,15,3,-10.69,8.67,90,15,1,389,AdultMaleAgent(Clone),8,10,1.71,1.58,8.279015,2,False,2,1,0.5
2026-03-04_20.15.02,1,Random_sign_placement_scenario,1037,15,3,-10.69,8.67,90,15,1,390,AdultFemaleAgent(Clone),11,9,1.58,1.450001,0,0,False,2,0,0
2026-03-04_20.15.02,1,Random_sign_placement_scenario,1037,15,3,-10.69,8.67,90,15,1,391,AdultMaleAgent(Clone),9,11,1.71,1.58,0,0,False,2,0,0
2026-03-04_20.15.02,1,Random_sign_placement_scenario,1037,15,3,-10.69,8.67,90,15,1,392,AdultMaleAgent(Clone),9,11,1.71,1.58,0,0,False,2,0,0
2026-03-04_20.15.02,1,Random_sign_placement_scenario,1037,15,3,-10.69,8.67,90,15,1,393,WheelchairAgent(Clone),11,9,1.3,1.17,0,0,False,2,0,0
2026-03-04_20.15.02,1,Random_sign_placement_scenario,1037,15,3,-10.69,8.67,90,15,1,394,AdultMaleAgent(Clone),8,10,1.71,1.58,8.78756,2,False,2,1,0.5
2026-03-04_20.15.02,1,Random_sign_placement_scenario,1037,15,3,-10.69,8.67,90,15,1,395,AdultMaleAgent(Clone),10,8,1.71,1.58,7.452026,2,False,2,1,0.5
2026-03-04_20.15.02,1,Random_sign_placement_scenario,1037,15,3,-10.69,8.67,90,15,1,396,WheelchairAgent(Clone),10,8,1.3,1.17,7.842506,2,False,2,1,0.5
2026-03-04_20.15.02,1,Random_sign_placement_scenario,1037,15,3,-10.69,8.67,90,15,1,397,AdultFemaleAgent(Clone),10,8,1.58,1.450001,7.204956,2,False,2,1,0.5
2026-03-04_20.15.02,1,Random_sign_placement_scenario,1037,15,3,-10.69,8.67,90,15,1,398,AdultFemaleAgent(Clone),11,9,1.58,1.450001,0,0,False,2,0,0
2026-03-04_20.15.02,1,Random_sign_placement_scenario,1037,15,3,-10.69,8.67,90,15,1,399,AdultMaleAgent(Clone),10,8,1.71,1.58,7.569183,2,False,2,1,0.5
2026-03-04_20.15.02,1,Random_sign_placement_scenario,1037,15,3,-10.69,8.67,90,15,1,400,AdultFemaleAgent(Clone),11,9,1.58,1.450001,0,0,False,2,0,0
2026-03-04_20.15.02,1,Random_sign_placement_scenario,1037,15,3,-10.69,8.67,90,15,1,401,AdultFemaleAgent(Clone),10,8,1.58,1.450001,7.280045,2,False,2,1,0.5
2026-03-04_20.15.02,1,Random_sign_placement_scenario,1037,15,3,-10.69,8.67,90,15,1,402,AdultMaleAgent(Clone),10,8,1.71,1.58,7.573204,2,False,2,1,0.5
2026-03-04_20.15.02,1,Random_sign_placement_scenario,1037,15,3,-10.69,8.67,90,15,1,403,AdultFemaleAgent(Clone),9,11,1.58,1.450001,0,0,False,2,0,0
2026-03-04_20.15.02,1,Random_sign_placement_scenario,1037,15,3,-10.69,8.67,90,15,1,404,AdultFemaleAgent(Clone),10,8,1.58,1.450001,7.622429,2,False,2,1,0.5
2026-03-04_20.15.02,1,Random_sign_placement_scenario,1037,15,3,-10.69,8.67,90,15,1,405,WheelchairAgent(Clone),10,8,1.3,1.17,8.262184,2,False,2,1,0.5
2026-03-04_20.15.02,1,Random_sign_placement_scenario,1037,15,3,-10.69,8.67,90,15,1,406,WheelchairAgent(Clone),10,8,1.3,1.17,5.515068,2,False,2,1,0.5
2026-03-04_20.15.02,1,Random_sign_placement_scenario,1037,15,3,-10.69,8.67,90,15,1,407,WheelchairAgent(Clone),11,9,1.3,1.17,0,0,False,2,0,0
2026-03-04_20.15.02,1,Random_sign_placement_scenario,1037,15,3,-10.69,8.67,90,15,1,408,WheelchairAgent(Clone),8,10,1.3,1.17,8.02639,2,False,2,1,0.5
2026-03-04_20.15.02,1,Random_sign_placement_scenario,1037,15,3,-10.69,8.67,90,15,1,409,AdultFemaleAgent(Clone),11,9,1.58,1.450001,0,0,False,2,0,0
2026-03-04_20.15.02,1,Random_sign_placement_scenario,1037,15,3,-10.69,8.67,90,15,1,410,AdultMaleAgent(Clone),11,9,1.71,1.58,0,0,False,2,0,0
2026-03-04_20.15.02,1,Random_sign_placement_scenario,1037,15,3,-10.69,8.67,90,15,1,411,AdultFemaleAgent(Clone),10,8,1.58,1.450001,7.66555,2,False,2,1,0.5
2026-03-04_20.15.02,1,Random_sign_placement_scenario,1037,15,3,-10.69,8.67,90,15,1,412,WheelchairAgent(Clone),10,8,1.3,1.17,7.731972,2,False,2,1,0.5
2026-03-04_20.15.02,1,Random_sign_placement_scenario,1037,15,3,-10.69,8.67,90,15,1,413,AdultMaleAgent(Clone),9,11,1.71,1.58,0,0,False,2,0,0
2026-03-04_20.15.02,1,Random_sign_placement_scenario,1037,15,3,-10.69,8.67,90,15,1,414,AdultFemaleAgent(Clone),9,11,1.58,1.450001,0,0,False,2,0,0
2026-03-04_20.15.02,1,Random_sign_placement_scenario,1037,15,3,-10.69,8.67,90,15,1,415,AdultMaleAgent(Clone),10,8,1.71,1.58,5.864807,2,False,2,1,0.5
2026-03-04_20.15.02,1,Random_sign_placement_scenario,1037,15,3,-10.69,8.67,90,15,1,416,AdultFemaleAgent(Clone),9,11,1.58,1.450001,0,0,False,2,0,0
2026-03-04_20.15.02,1,Random_sign_placement_scenario,1037,15,3,-10.69,8.67,90,15,1,417,WheelchairAgent(Clone),8,10,1.3,1.17,8.068947,2,False,2,1,0.5
2026-03-04_20.15.02,1,Random_sign_placement_scenario,1037,15,3,-10.69,8.67,90,15,1,418,AdultFemaleAgent(Clone),8,10,1.58,1.450001,9.554482,2,False,2,1,0.5
2026-03-04_20.15.02,1,Random_sign_placement_scenario,1037,15,3,-10.69,8.67,90,15,1,419,WheelchairAgent(Clone),9,11,1.3,1.17,0,0,False,2,0,0
2026-03-04_20.15.02,1,Random_sign_placement_scenario,1037,15,3,-10.69,8.67,90,15,1,420,WheelchairAgent(Clone),10,8,1.3,1.17,6.136803,2,False,2,1,0.5
2026-03-04_20.15.02,1,Random_sign_placement_scenario,1037,15,3,-10.69,8.67,90,15,1,421,WheelchairAgent(Clone),9,11,1.3,1.17,0,0,False,2,0,0
2026-03-04_20.15.02,1,Random_sign_placement_scenario,1037,15,3,-10.69,8.67,90,15,1,422,AdultFemaleAgent(Clone),8,10,1.58,1.450001,8.441841,2,False,2,1,0.5
2026-03-04_20.15.02,1,Random_sign_placement_scenario,1037,15,3,-10.69,8.67,90,15,1,423,WheelchairAgent(Clone),8,10,1.3,1.17,8.61364,2,False,2,1,0.5
2026-03-04_20.15.02,1,Random_sign_placement_scenario,1037,15,3,-10.69,8.67,90,15,1,424,AdultFemaleAgent(Clone),10,8,1.58,1.450001,8.873512,2,False,2,1,0.5
2026-03-04_20.15.02,1,Random_sign_placement_scenario,1037,15,3,-10.69,8.67,90,15,1,425,WheelchairAgent(Clone),11,9,1.3,1.17,0,0,False,2,0,0
2026-03-04_20.15.02,1,Random_sign_placement_scenario,1037,15,3,-10.69,8.67,90,15,1,426,AdultMaleAgent(Clone),8,10,1.71,1.58,8.850815,2,False,2,1,0.5
2026-03-04_20.15.02,1,Random_sign_placement_scenario,1037,15,3,-10.69,8.67,90,15,1,427,WheelchairAgent(Clone),9,11,1.3,1.17,0,0,False,2,0,0
2026-03-04_20.15.02,1,Random_sign_placement_scenario,1037,15,3,-10.69,8.67,90,15,1,428,AdultMaleAgent(Clone),8,10,1.71,1.58,7.524857,2,False,2,1,0.5
2026-03-04_20.15.02,1,Random_sign_placement_scenario,1037,15,3,-10.69,8.67,90,15,1,429,AdultMaleAgent(Clone),10,8,1.71,1.58,7.062248,2,False,2,1,0.5
2026-03-04_20.15.02,1,Random_sign_placement_scenario,1037,15,3,-10.69,8.67,90,15,1,430,AdultMaleAgent(Clone),9,11,1.71,1.58,0,0,False,2,0,0
2026-03-04_20.15.02,1,Random_sign_placement_scenario,1037,15,3,-10.69,8.67,90,15,1,431,AdultFemaleAgent(Clone),11,9,1.58,1.450001,0,0,False,2,0,0
2026-03-04_20.15.02,1,Random_sign_placement_scenario,1037,15,3,-10.69,8.67,90,15,1,432,AdultFemaleAgent(Clone),11,9,1.58,1.450001,0,0,False,2,0,0
2026-03-04_20.15.02,1,Random_sign_placement_scenario,1037,15,3,-10.69,8.67,90,15,1,433,WheelchairAgent(Clone),11,9,1.3,1.17,0,0,False,2,0,0
2026-03-04_20.15.02,1,Random_sign_placement_scenario,1037,15,3,-10.69,8.67,90,15,1,434,AdultMaleAgent(Clone),10,8,1.71,1.58,6.446457,2,False,2,1,0.5
2026-03-04_20.15.02,1,Random_sign_placement_scenario,1037,15,3,-10.69,8.67,90,15,1,435,WheelchairAgent(Clone),11,9,1.3,1.17,0,0,False,2,0,0
2026-03-04_20.15.02,1,Random_sign_placement_scenario,1037,15,3,-10.69,8.67,90,15,1,436,AdultMaleAgent(Clone),11,9,1.71,1.58,0,0,False,2,0,0
2026-03-04_20.15.02,1,Random_sign_placement_scenario,1037,15,3,-10.69,8.67,90,15,1,437,AdultFemaleAgent(Clone),9,11,1.58,1.450001,0,0,False,2,0,0
2026-03-04_20.15.02,1,Random_sign_placement_scenario,1037,15,3,-10.69,8.67,90,15,1,438,WheelchairAgent(Clone),9,11,1.3,1.17,0,0,False,2,0,0
2026-03-04_20.15.02,1,Random_sign_placement_scenario,1037,15,3,-10.69,8.67,90,15,1,439,AdultMaleAgent(Clone),10,8,1.71,1.58,7.693916,2,False,2,1,0.5
2026-03-04_20.15.02,1,Random_sign_placement_scenario,1037,15,3,-10.69,8.67,90,15,1,440,AdultFemaleAgent(Clone),11,9,1.58,1.450001,0,0,False,2,0,0
2026-03-04_20.15.02,1,Random_sign_placement_scenario,1037,15,3,-10.69,8.67,90,15,1,441,AdultMaleAgent(Clone),8,10,1.71,1.58,7.662094,2,False,2,1,0.5
2026-03-04_20.15.02,1,Random_sign_placement_scenario,1037,15,3,-10.69,8.67,90,15,1,442,AdultMaleAgent(Clone),9,11,1.71,1.58,0.4050827,2,False,2,1,0.5
2026-03-04_20.15.02,1,Random_sign_placement_scenario,1037,15,3,-10.69,8.67,90,15,1,443,AdultFemaleAgent(Clone),10,8,1.58,1.450001,8.70443,2,False,2,1,0.5
2026-03-04_20.15.02,1,Random_sign_placement_scenario,1037,15,3,-10.69,8.67,90,15,1,444,AdultFemaleAgent(Clone),11,9,1.58,1.450001,0,0,False,2,0,0
2026-03-04_20.15.02,1,Random_sign_placement_scenario,1037,15,3,-10.69,8.67,90,15,1,445,WheelchairAgent(Clone),8,10,1.3,1.17,7.437065,2,False,2,1,0.5
2026-03-04_20.15.02,1,Random_sign_placement_scenario,1037,15,3,-10.69,8.67,90,15,1,446,WheelchairAgent(Clone),9,11,1.3,1.17,0,0,False,2,0,0
2026-03-04_20.15.02,1,Random_sign_placement_scenario,1037,15,3,-10.69,8.67,90,15,1,447,AdultMaleAgent(Clone),8,10,1.71,1.58,8.975159,2,False,2,1,0.5
2026-03-04_20.15.02,1,Random_sign_placement_scenario,1037,15,3,-10.69,8.67,90,15,1,448,AdultMaleAgent(Clone),10,8,1.71,1.58,6.468475,2,False,2,1,0.5
2026-03-04_20.15.02,1,Random_sign_placement_scenario,1037,15,3,-10.69,8.67,90,15,1,449,AdultFemaleAgent(Clone),8,10,1.58,1.450001,7.833588,2,False,2,1,0.5
2026-03-04_20.15.02,1,Random_sign_placement_scenario,1037,15,3,-10.69,8.67,90,15,1,450,AdultFemaleAgent(Clone),11,9,1.58,1.450001,0,0,False,2,0,0
2026-03-04_20.15.02,1,Random_sign_placement_scenario,1037,15,3,-10.69,8.67,90,15,1,451,AdultFemaleAgent(Clone),8,10,1.58,1.450001,8.15284,2,False,2,1,0.5
2026-03-04_20.15.02,1,Random_sign_placement_scenario,1037,15,3,-10.69,8.67,90,15,1,452,AdultMaleAgent(Clone),11,9,1.71,1.58,0,0,False,2,0,0
2026-03-04_20.15.02,1,Random_sign_placement_scenario,1037,15,3,-10.69,8.67,90,15,1,453,AdultFemaleAgent(Clone),11,9,1.58,1.450001,0,0,False,2,0,0
2026-03-04_20.15.02,1,Random_sign_placement_scenario,1037,15,3,-10.69,8.67,90,15,1,454,WheelchairAgent(Clone),9,11,1.3,1.17,0.5856476,1,False,2,1,0.5
2026-03-04_20.15.02,1,Random_sign_placement_scenario,1037,15,3,-10.69,8.67,90,15,1,455,AdultFemaleAgent(Clone),9,11,1.58,1.450001,0,0,False,2,0,0
2026-03-04_20.15.02,1,Random_sign_placement_scenario,1037,15,3,-10.69,8.67,90,15,1,456,AdultFemaleAgent(Clone),9,11,1.58,1.450001,0,0,False,2,0,0
2026-03-04_20.15.02,1,Random_sign_placement_scenario,1037,15,3,-10.69,8.67,90,15,1,457,AdultMaleAgent(Clone),8,10,1.71,1.58,8.933189,2,False,2,1,0.5
2026-03-04_20.15.02,1,Random_sign_placement_scenario,1037,15,3,-10.69,8.67,90,15,1,458,AdultFemaleAgent(Clone),9,11,1.58,1.450001,0.4656906,1,False,2,0,0
2026-03-04_20.15.02,1,Random_sign_placement_scenario,1037,15,3,-10.69,8.67,90,15,1,459,AdultMaleAgent(Clone),11,9,1.71,1.58,0,0,False,2,0,0
2026-03-04_20.15.02,1,Random_sign_placement_scenario,1037,15,3,-10.69,8.67,90,15,1,460,WheelchairAgent(Clone),8,10,1.3,1.17,9.565948,2,False,2,1,0.5
2026-03-04_20.15.02,1,Random_sign_placement_scenario,1037,15,3,-10.69,8.67,90,15,1,461,AdultFemaleAgent(Clone),9,11,1.58,1.450001,0,0,False,2,0,0
2026-03-04_20.15.02,1,Random_sign_placement_scenario,1037,15,3,-10.69,8.67,90,15,1,462,WheelchairAgent(Clone),11,9,1.3,1.17,0,0,False,2,0,0
2026-03-04_20.15.02,1,Random_sign_placement_scenario,1037,15,3,-10.69,8.67,90,15,1,463,AdultFemaleAgent(Clone),10,8,1.58,1.450001,7.900833,2,False,2,1,0.5
2026-03-04_20.15.02,1,Random_sign_placement_scenario,1037,15,3,-10.69,8.67,90,15,1,464,AdultFemaleAgent(Clone),11,9,1.58,1.450001,0,0,False,2,0,0
2026-03-04_20.15.02,1,Random_sign_placement_scenario,1037,15,3,-10.69,8.67,90,15,1,465,WheelchairAgent(Clone),11,9,1.3,1.17,0,0,False,2,0,0
2026-03-04_20.15.02,1,Random_sign_placement_scenario,1037,15,3,-10.69,8.67,90,15,1,466,AdultFemaleAgent(Clone),9,11,1.58,1.450001,0.5129242,2,False,2,1,0.5
2026-03-04_20.15.02,1,Random_sign_placement_scenario,1037,15,3,-10.69,8.67,90,15,1,467,AdultFemaleAgent(Clone),9,11,1.58,1.450001,0,0,False,2,0,0
2026-03-04_20.15.02,1,Random_sign_placement_scenario,1037,15,3,-10.69,8.67,90,15,1,468,AdultFemaleAgent(Clone),8,10,1.58,1.450001,8.361305,2,False,2,1,0.5
2026-03-04_20.15.02,1,Random_sign_placement_scenario,1037,15,3,-10.69,8.67,90,15,1,469,WheelchairAgent(Clone),9,11,1.3,1.17,0,0,False,2,0,0
2026-03-04_20.15.02,1,Random_sign_placement_scenario,1037,15,3,-10.69,8.67,90,15,1,470,AdultMaleAgent(Clone),9,11,1.71,1.58,0,0,False,2,0,0
2026-03-04_20.15.02,1,Random_sign_placement_scenario,1037,15,3,-10.69,8.67,90,15,1,471,AdultMaleAgent(Clone),11,9,1.71,1.58,0,0,False,2,0,0
2026-03-04_20.15.02,1,Random_sign_placement_scenario,1037,15,3,-10.69,8.67,90,15,1,472,AdultMaleAgent(Clone),10,8,1.71,1.58,8.470367,2,False,2,1,0.5
2026-03-04_20.15.02,1,Random_sign_placement_scenario,1037,15,3,-10.69,8.67,90,15,1,473,AdultMaleAgent(Clone),8,10,1.71,1.58,8.91227,2,False,2,1,0.5
2026-03-04_20.15.02,1,Random_sign_placement_scenario,1037,15,3,-10.69,8.67,90,15,1,474,AdultMaleAgent(Clone),9,11,1.71,1.58,0,0,False,2,0,0
2026-03-04_20.15.02,1,Random_sign_placement_scenario,1037,15,3,-10.69,8.67,90,15,1,475,WheelchairAgent(Clone),9,11,1.3,1.17,0,0,False,2,0,0
2026-03-04_20.15.02,1,Random_sign_placement_scenario,1037,15,3,-10.69,8.67,90,15,1,476,AdultFemaleAgent(Clone),9,11,1.58,1.450001,0,0,False,2,0,0
2026-03-04_20.15.02,1,Random_sign_placement_scenario,1037,15,3,-10.69,8.67,90,15,1,477,WheelchairAgent(Clone),10,8,1.3,1.17,7.177551,2,False,2,1,0.5
2026-03-04_20.15.02,1,Random_sign_placement_scenario,1037,15,3,-10.69,8.67,90,15,1,478,WheelchairAgent(Clone),9,11,1.3,1.17,0,0,False,2,0,0
2026-03-04_20.15.02,1,Random_sign_placement_scenario,1037,15,3,-10.69,8.67,90,15,1,479,WheelchairAgent(Clone),8,10,1.3,1.17,8.125572,2,False,2,1,0.5
2026-03-04_20.15.02,1,Random_sign_placement_scenario,1037,15,3,-10.69,8.67,90,15,1,480,AdultMaleAgent(Clone),9,11,1.71,1.58,0,0,False,2,0,0
2026-03-04_20.15.02,1,Random_sign_placement_scenario,1037,15,3,-10.69,8.67,90,15,1,481,WheelchairAgent(Clone),10,8,1.3,1.17,7.836372,2,False,2,1,0.5
2026-03-04_20.15.02,1,Random_sign_placement_scenario,1037,15,3,-10.69,8.67,90,15,1,482,AdultMaleAgent(Clone),8,10,1.71,1.58,7.148285,2,False,2,1,0.5
2026-03-04_20.15.02,1,Random_sign_placement_scenario,1037,15,3,-10.69,8.67,90,15,1,483,AdultFemaleAgent(Clone),11,9,1.58,1.450001,0,0,False,2,0,0
2026-03-04_20.15.02,1,Random_sign_placement_scenario,1037,15,3,-10.69,8.67,90,15,1,484,WheelchairAgent(Clone),10,8,1.3,1.17,9.069214,2,False,2,1,0.5
2026-03-04_20.15.02,1,Random_sign_placement_scenario,1037,15,3,-10.69,8.67,90,15,1,485,AdultFemaleAgent(Clone),11,9,1.58,1.450001,0,0,False,2,0,0
2026-03-04_20.15.02,1,Random_sign_placement_scenario,1037,15,3,-10.69,8.67,90,15,1,486,AdultFemaleAgent(Clone),9,11,1.58,1.450001,0.4745789,2,False,2,1,0.5
2026-03-04_20.15.02,1,Random_sign_placement_scenario,1037,15,3,-10.69,8.67,90,15,1,487,AdultFemaleAgent(Clone),11,9,1.58,1.450001,0,0,False,2,0,0
2026-03-04_20.15.02,1,Random_sign_placement_scenario,1037,15,3,-10.69,8.67,90,15,1,488,WheelchairAgent(Clone),11,9,1.3,1.17,0,0,False,2,0,0
2026-03-04_20.15.02,1,Random_sign_placement_scenario,1037,15,3,-10.69,8.67,90,15,1,489,AdultMaleAgent(Clone),9,11,1.71,1.58,0,0,False,2,0,0
2026-03-04_20.15.02,1,Random_sign_placement_scenario,1037,15,3,-10.69,8.67,90,15,1,490,AdultFemaleAgent(Clone),8,10,1.58,1.450001,9.056351,2,False,2,1,0.5
2026-03-04_20.15.02,1,Random_sign_placement_scenario,1037,15,3,-10.69,8.67,90,15,1,491,AdultFemaleAgent(Clone),10,8,1.58,1.450001,7.781616,2,False,2,1,0.5
2026-03-04_20.15.02,1,Random_sign_placement_scenario,1037,15,3,-10.69,8.67,90,15,1,492,AdultFemaleAgent(Clone),8,10,1.58,1.450001,8.241104,2,False,2,1,0.5
2026-03-04_20.15.02,1,Random_sign_placement_scenario,1037,15,3,-10.69,8.67,90,15,1,493,AdultFemaleAgent(Clone),9,11,1.58,1.450001,0,0,False,2,0,0
2026-03-04_20.15.02,1,Random_sign_placement_scenario,1037,15,3,-10.69,8.67,90,15,1,494,AdultMaleAgent(Clone),8,10,1.71,1.58,8.013336,2,False,2,1,0.5
2026-03-04_20.15.02,1,Random_sign_placement_scenario,1037,15,3,-10.69,8.67,90,15,1,495,AdultFemaleAgent(Clone),9,11,1.58,1.450001,0,0,False,2,0,0
2026-03-04_20.15.02,1,Random_sign_placement_scenario,1037,15,3,-10.69,8.67,90,15,1,496,AdultMaleAgent(Clone),10,8,1.71,1.58,6.046272,2,False,2,1,0.5
2026-03-04_20.15.02,1,Random_sign_placement_scenario,1037,15,3,-10.69,8.67,90,15,1,497,WheelchairAgent(Clone),11,9,1.3,1.17,0,0,False,2,0,0
2026-03-04_20.15.02,1,Random_sign_placement_scenario,1037,15,3,-10.69,8.67,90,15,1,498,AdultMaleAgent(Clone),9,11,1.71,1.58,0,0,False,2,0,0
2026-03-04_20.15.02,1,Random_sign_placement_scenario,1037,15,3,-10.69,8.67,90,15,1,499,WheelchairAgent(Clone),8,10,1.3,1.17,7.622536,2,False,2,1,0.5
2026-03-04_20.15.02,1,Random_sign_placement_scenario,1037,15,3,-10.69,8.67,90,15,1,500,AdultMaleAgent(Clone),10,8,1.71,1.58,8.450409,2,False,2,1,0.5
2026-03-04_20.15.02,1,Random_sign_placement_scenario,1037,15,3,-10.69,8.67,90,15,1,501,WheelchairAgent(Clone),9,11,1.3,1.17,0,0,False,2,0,0
2026-03-04_20.15.02,1,Random_sign_placement_scenario,1037,15,3,-10.69,8.67,90,15,1,502,AdultMaleAgent(Clone),8,10,1.71,1.58,9.134178,2,False,2,1,0.5
2026-03-04_20.15.02,1,Random_sign_placement_scenario,1037,15,3,-10.69,8.67,90,15,1,503,AdultMaleAgent(Clone),11,9,1.71,1.58,0,0,False,2,0,0
2026-03-04_20.15.02,1,Random_sign_placement_scenario,1037,15,3,-10.69,8.67,90,15,1,504,WheelchairAgent(Clone),9,11,1.3,1.17,0,0,False,2,0,0
2026-03-04_20.15.02,1,Random_sign_placement_scenario,1037,15,3,-10.69,8.67,90,15,1,505,AdultFemaleAgent(Clone),10,8,1.58,1.450001,6.214989,2,False,2,1,0.5
2026-03-04_20.15.02,1,Random_sign_placement_scenario,1037,15,3,-10.69,8.67,90,15,1,506,AdultMaleAgent(Clone),11,9,1.71,1.58,0,0,False,2,0,0
2026-03-04_20.15.02,1,Random_sign_placement_scenario,1037,15,3,-10.69,8.67,90,15,1,507,WheelchairAgent(Clone),11,9,1.3,1.17,0,0,False,2,0,0
2026-03-04_20.15.02,1,Random_sign_placement_scenario,1037,15,3,-10.69,8.67,90,15,1,508,AdultMaleAgent(Clone),11,9,1.71,1.58,0,0,False,2,0,0
2026-03-04_20.15.02,1,Random_sign_placement_scenario,1037,15,3,-10.69,8.67,90,15,1,509,WheelchairAgent(Clone),10,8,1.3,1.17,8.283913,2,False,2,1,0.5
2026-03-04_20.15.02,1,Random_sign_placement_scenario,1037,15,3,-10.69,8.67,90,15,1,510,AdultMaleAgent(Clone),11,9,1.71,1.58,0,0,False,2,0,0
2026-03-04_20.15.02,1,Random_sign_placement_scenario,1037,15,3,-10.69,8.67,90,15,1,511,AdultFemaleAgent(Clone),8,10,1.58,1.450001,9.08329,2,False,2,1,0.5
2026-03-04_20.15.02,1,Random_sign_placement_scenario,1037,15,3,-10.69,8.67,90,15,1,512,AdultMaleAgent(Clone),8,10,1.71,1.58,8.066322,2,False,2,1,0.5
2026-03-04_20.15.02,1,Random_sign_placement_scenario,1037,15,3,-10.69,8.67,90,15,1,513,AdultMaleAgent(Clone),11,9,1.71,1.58,0,0,False,2,0,0
2026-03-04_20.15.02,1,Random_sign_placement_scenario,1037,15,3,-10.69,8.67,90,15,1,514,AdultFemaleAgent(Clone),8,10,1.58,1.450001,9.970802,2,True,2,1,0.5
2026-03-04_20.15.02,1,Random_sign_placement_scenario,1037,15,3,-10.69,8.67,90,15,1,515,WheelchairAgent(Clone),10,8,1.3,1.17,6.80481,2,False,2,1,0.5
2026-03-04_20.15.02,1,Random_sign_placement_scenario,1037,15,3,-10.69,8.67,90,15,1,516,AdultFemaleAgent(Clone),11,9,1.58,1.450001,0,0,False,2,0,0
2026-03-04_20.15.02,1,Random_sign_placement_scenario,1037,15,3,-10.69,8.67,90,15,1,517,WheelchairAgent(Clone),8,10,1.3,1.17,7.846794,2,False,2,1,0.5
2026-03-04_20.15.02,1,Random_sign_placement_scenario,1037,15,3,-10.69,8.67,90,15,1,518,AdultMaleAgent(Clone),8,10,1.71,1.58,9.271904,2,False,2,1,0.5
2026-03-04_20.15.02,1,Random_sign_placement_scenario,1037,15,3,-10.69,8.67,90,15,1,519,AdultMaleAgent(Clone),11,9,1.71,1.58,0,0,False,2,0,0
2026-03-04_20.15.02,1,Random_sign_placement_scenario,1037,15,3,-10.69,8.67,90,15,1,520,AdultMaleAgent(Clone),10,8,1.71,1.58,6.221306,2,False,2,1,0.5
2026-03-04_20.15.02,1,Random_sign_placement_scenario,1037,15,3,-10.69,8.67,90,15,1,521,WheelchairAgent(Clone),8,10,1.3,1.17,8.857094,2,False,2,1,0.5
2026-03-04_20.15.02,1,Random_sign_placement_scenario,1037,15,3,-10.69,8.67,90,15,1,522,AdultFemaleAgent(Clone),9,11,1.58,1.450001,0,0,False,2,0,0
2026-03-04_20.15.02,1,Random_sign_placement_scenario,1037,15,3,-10.69,8.67,90,15,1,523,WheelchairAgent(Clone),8,10,1.3,1.17,8.178749,2,False,2,1,0.5
2026-03-04_20.15.02,1,Random_sign_placement_scenario,1037,15,3,-10.69,8.67,90,15,1,524,AdultFemaleAgent(Clone),9,11,1.58,1.450001,0,0,False,2,0,0
2026-03-04_20.15.02,1,Random_sign_placement_scenario,1037,15,3,-10.69,8.67,90,15,1,525,AdultMaleAgent(Clone),11,9,1.71,1.58,0,0,False,2,0,0
2026-03-04_20.15.02,1,Random_sign_placement_scenario,1037,15,3,-10.69,8.67,90,15,1,526,AdultMaleAgent(Clone),8,10,1.71,1.58,8.946449,2,False,2,1,0.5
2026-03-04_20.15.02,1,Random_sign_placement_scenario,1037,15,3,-10.69,8.67,90,15,1,527,AdultFemaleAgent(Clone),10,8,1.58,1.450001,7.799576,2,False,2,1,0.5
2026-03-04_20.15.02,1,Random_sign_placement_scenario,1037,15,3,-10.69,8.67,90,15,1,528,AdultMaleAgent(Clone),9,11,1.71,1.58,0.7712326,1,False,2,1,0.5
2026-03-04_20.15.02,1,Random_sign_placement_scenario,1037,15,3,-10.69,8.67,90,15,1,529,AdultMaleAgent(Clone),10,8,1.71,1.58,8.216713,2,False,2,1,0.5
2026-03-04_20.15.02,1,Random_sign_placement_scenario,1037,15,3,-10.69,8.67,90,15,1,530,AdultMaleAgent(Clone),9,11,1.71,1.58,0,0,False,2,0,0
2026-03-04_20.15.02,1,Random_sign_placement_scenario,1037,15,3,-10.69,8.67,90,15,1,531,WheelchairAgent(Clone),10,8,1.3,1.17,6.378204,2,False,2,1,0.5
2026-03-04_20.15.02,1,Random_sign_placement_scenario,1037,15,3,-10.69,8.67,90,15,1,532,WheelchairAgent(Clone),9,11,1.3,1.17,0,0,False,2,0,0
2026-03-04_20.15.02,1,Random_sign_placement_scenario,1037,15,3,-10.69,8.67,90,15,1,533,AdultMaleAgent(Clone),10,8,1.71,1.58,8.043976,2,False,2,1,0.5
2026-03-04_20.15.02,1,Random_sign_placement_scenario,1037,15,3,-10.69,8.67,90,15,1,534,AdultFemaleAgent(Clone),11,9,1.58,1.450001,0,0,False,2,0,0
2026-03-04_20.15.02,1,Random_sign_placement_scenario,1037,15,3,-10.69,8.67,90,15,1,535,AdultMaleAgent(Clone),10,8,1.71,1.58,7.099426,2,False,2,1,0.5
2026-03-04_20.15.02,1,Random_sign_placement_scenario,1037,15,3,-10.69,8.67,90,15,1,536,AdultMaleAgent(Clone),8,10,1.71,1.58,8.781517,2,False,2,1,0.5
2026-03-04_20.15.02,1,Random_sign_placement_scenario,1037,15,3,-10.69,8.67,90,15,1,537,WheelchairAgent(Clone),9,11,1.3,1.17,0,0,False,2,0,0
2026-03-04_20.15.02,1,Random_sign_placement_scenario,1037,15,3,-10.69,8.67,90,15,1,538,WheelchairAgent(Clone),9,11,1.3,1.17,0,0,False,2,0,0
2026-03-04_20.15.02,1,Random_sign_placement_scenario,1037,15,3,-10.69,8.67,90,15,1,539,WheelchairAgent(Clone),11,9,1.3,1.17,0,0,False,2,0,0
2026-03-04_20.15.02,1,Random_sign_placement_scenario,1037,15,3,-10.69,8.67,90,15,1,540,WheelchairAgent(Clone),10,8,1.3,1.17,8.096886,2,False,2,1,0.5
2026-03-04_20.15.02,1,Random_sign_placement_scenario,1037,15,3,-10.69,8.67,90,15,1,541,WheelchairAgent(Clone),9,11,1.3,1.17,0,0,False,2,0,0
2026-03-04_20.15.02,1,Random_sign_placement_scenario,1037,15,3,-10.69,8.67,90,15,1,542,AdultFemaleAgent(Clone),10,8,1.58,1.450001,6.556129,2,False,2,1,0.5
2026-03-04_20.15.02,1,Random_sign_placement_scenario,1037,15,3,-10.69,8.67,90,15,1,543,AdultFemaleAgent(Clone),11,9,1.58,1.450001,0,0,False,2,0,0
2026-03-04_20.15.02,1,Random_sign_placement_scenario,1037,15,3,-10.69,8.67,90,15,1,544,AdultMaleAgent(Clone),11,9,1.71,1.58,0,0,False,2,0,0
2026-03-04_20.15.02,1,Random_sign_placement_scenario,1037,15,3,-10.69,8.67,90,15,1,545,WheelchairAgent(Clone),8,10,1.3,1.17,9.082657,2,False,2,1,0.5
2026-03-04_20.15.02,1,Random_sign_placement_scenario,1037,15,3,-10.69,8.67,90,15,1,546,AdultFemaleAgent(Clone),9,11,1.58,1.450001,0,0,False,2,0,0
2026-03-04_20.15.02,1,Random_sign_placement_scenario,1037,15,3,-10.69,8.67,90,15,1,547,WheelchairAgent(Clone),11,9,1.3,1.17,0,0,False,2,0,0
2026-03-04_20.15.02,1,Random_sign_placement_scenario,1037,15,3,-10.69,8.67,90,15,1,548,AdultFemaleAgent(Clone),11,9,1.58,1.450001,0,0,False,2,0,0
2026-03-04_20.15.02,1,Random_sign_placement_scenario,1037,15,3,-10.69,8.67,90,15,1,549,AdultFemaleAgent(Clone),9,11,1.58,1.450001,0,0,False,2,0,0
2026-03-04_20.15.02,1,Random_sign_placement_scenario,1037,15,3,-10.69,8.67,90,15,1,550,WheelchairAgent(Clone),9,11,1.3,1.17,0,0,False,2,0,0
2026-03-04_20.15.02,1,Random_sign_placement_scenario,1037,15,3,-10.69,8.67,90,15,1,551,AdultFemaleAgent(Clone),9,11,1.58,1.450001,0,0,False,2,0,0
2026-03-04_20.15.02,1,Random_sign_placement_scenario,1037,15,3,-10.69,8.67,90,15,1,552,AdultFemaleAgent(Clone),9,11,1.58,1.450001,0,0,False,2,0,0
2026-03-04_20.15.02,1,Random_sign_placement_scenario,1037,15,3,-10.69,8.67,90,15,1,553,AdultFemaleAgent(Clone),9,11,1.58,1.450001,0.3814087,2,False,2,1,0.5
2026-03-04_20.15.02,1,Random_sign_placement_scenario,1037,15,3,-10.69,8.67,90,15,1,554,WheelchairAgent(Clone),11,9,1.3,1.17,0,0,False,2,0,0
2026-03-04_20.15.02,1,Random_sign_placement_scenario,1037,15,3,-10.69,8.67,90,15,1,555,WheelchairAgent(Clone),9,11,1.3,1.17,0,0,False,2,0,0
2026-03-04_20.15.02,1,Random_sign_placement_scenario,1037,15,3,-10.69,8.67,90,15,1,556,AdultFemaleAgent(Clone),10,8,1.58,1.450001,7.575905,2,False,2,1,0.5
2026-03-04_20.15.02,1,Random_sign_placement_scenario,1037,15,3,-10.69,8.67,90,15,1,557,AdultMaleAgent(Clone),9,11,1.71,1.58,0,0,False,2,0,0
2026-03-04_20.15.02,1,Random_sign_placement_scenario,1037,15,3,-10.69,8.67,90,15,1,558,WheelchairAgent(Clone),10,8,1.3,1.17,7.182724,2,False,2,1,0.5
2026-03-04_20.15.02,1,Random_sign_placement_scenario,1037,15,3,-10.69,8.67,90,15,1,559,AdultFemaleAgent(Clone),11,9,1.58,1.450001,0,0,False,2,0,0
2026-03-04_20.15.02,1,Random_sign_placement_scenario,1037,15,3,-10.69,8.67,90,15,1,560,AdultFemaleAgent(Clone),9,11,1.58,1.450001,0,0,False,2,0,0
2026-03-04_20.15.02,1,Random_sign_placement_scenario,1037,15,3,-10.69,8.67,90,15,1,561,WheelchairAgent(Clone),10,8,1.3,1.17,6.898712,2,False,2,1,0.5
2026-03-04_20.15.02,1,Random_sign_placement_scenario,1037,15,3,-10.69,8.67,90,15,1,562,WheelchairAgent(Clone),8,10,1.3,1.17,8.615128,2,False,2,1,0.5
2026-03-04_20.15.02,1,Random_sign_placement_scenario,1037,15,3,-10.69,8.67,90,15,1,563,WheelchairAgent(Clone),10,8,1.3,1.17,6.692383,2,False,2,1,0.5
2026-03-04_20.15.02,1,Random_sign_placement_scenario,1037,15,3,-10.69,8.67,90,15,1,564,AdultFemaleAgent(Clone),11,9,1.58,1.450001,0,0,False,2,0,0
2026-03-04_20.15.02,1,Random_sign_placement_scenario,1037,15,3,-10.69,8.67,90,15,1,565,AdultFemaleAgent(Clone),10,8,1.58,1.450001,7.761368,2,False,2,1,0.5
2026-03-04_20.15.02,1,Random_sign_placement_scenario,1037,15,3,-10.69,8.67,90,15,1,566,WheelchairAgent(Clone),11,9,1.3,1.17,0,0,False,2,0,0
2026-03-04_20.15.02,1,Random_sign_placement_scenario,1037,15,3,-10.69,8.67,90,15,1,567,AdultMaleAgent(Clone),11,9,1.71,1.58,0,0,False,2,0,0
2026-03-04_20.15.02,1,Random_sign_placement_scenario,1037,15,3,-10.69,8.67,90,15,1,568,AdultMaleAgent(Clone),8,10,1.71,1.58,9.35083,2,False,2,1,0.5
2026-03-04_20.15.02,1,Random_sign_placement_scenario,1037,15,3,-10.69,8.67,90,15,1,569,AdultMaleAgent(Clone),10,8,1.71,1.58,7.278648,2,False,2,1,0.5
2026-03-04_20.15.02,1,Random_sign_placement_scenario,1037,15,3,-10.69,8.67,90,15,1,570,AdultMaleAgent(Clone),9,11,1.71,1.58,0,0,False,2,0,0
2026-03-04_20.15.02,1,Random_sign_placement_scenario,1037,15,3,-10.69,8.67,90,15,1,571,AdultFemaleAgent(Clone),8,10,1.58,1.450001,8.243797,2,False,2,1,0.5
2026-03-04_20.15.02,1,Random_sign_placement_scenario,1037,15,3,-10.69,8.67,90,15,1,572,AdultMaleAgent(Clone),8,10,1.71,1.58,9.442177,2,False,2,1,0.5
2026-03-04_20.15.02,1,Random_sign_placement_scenario,1037,15,3,-10.69,8.67,90,15,1,573,AdultMaleAgent(Clone),8,10,1.71,1.58,9.907845,2,True,2,1,0.5
2026-03-04_20.15.02,1,Random_sign_placement_scenario,1037,15,3,-10.69,8.67,90,15,1,574,AdultMaleAgent(Clone),11,9,1.71,1.58,0,0,False,2,0,0
2026-03-04_20.15.02,1,Random_sign_placement_scenario,1037,15,3,-10.69,8.67,90,15,1,575,AdultFemaleAgent(Clone),10,8,1.58,1.450001,7.187309,2,False,2,1,0.5
2026-03-04_20.15.02,1,Random_sign_placement_scenario,1037,15,3,-10.69,8.67,90,15,1,576,WheelchairAgent(Clone),8,10,1.3,1.17,8.23101,2,False,2,1,0.5
2026-03-04_20.15.02,1,Random_sign_placement_scenario,1037,15,3,-10.69,8.67,90,15,1,577,WheelchairAgent(Clone),8,10,1.3,1.17,9.674637,2,False,2,1,0.5
2026-03-04_20.15.02,1,Random_sign_placement_scenario,1037,15,3,-10.69,8.67,90,15,1,578,AdultMaleAgent(Clone),11,9,1.71,1.58,0,0,False,2,0,0
2026-03-04_20.15.02,1,Random_sign_placement_scenario,1037,15,3,-10.69,8.67,90,15,1,579,AdultFemaleAgent(Clone),11,9,1.58,1.450001,0,0,False,2,0,0
2026-03-04_20.15.02,1,Random_sign_placement_scenario,1037,15,3,-10.69,8.67,90,15,1,580,AdultMaleAgent(Clone),11,9,1.71,1.58,0,0,False,2,0,0
2026-03-04_20.15.02,1,Random_sign_placement_scenario,1037,15,3,-10.69,8.67,90,15,1,581,WheelchairAgent(Clone),8,10,1.3,1.17,8.727516,2,False,2,1,0.5
2026-03-04_20.15.02,1,Random_sign_placement_scenario,1037,15,3,-10.69,8.67,90,15,1,582,AdultFemaleAgent(Clone),10,8,1.58,1.450001,6.926064,2,False,2,1,0.5
2026-03-04_20.15.02,1,Random_sign_placement_scenario,1037,15,3,-10.69,8.67,90,15,1,583,AdultMaleAgent(Clone),11,9,1.71,1.58,0,0,False,2,0,0
2026-03-04_20.15.02,1,Random_sign_placement_scenario,1037,15,3,-10.69,8.67,90,15,1,584,AdultMaleAgent(Clone),10,8,1.71,1.58,7.827354,2,False,2,1,0.5
2026-03-04_20.15.02,1,Random_sign_placement_scenario,1037,15,3,-10.69,8.67,90,15,1,585,WheelchairAgent(Clone),10,8,1.3,1.17,7.432175,2,False,2,1,0.5
2026-03-04_20.15.02,1,Random_sign_placement_scenario,1037,15,3,-10.69,8.67,90,15,1,586,AdultFemaleAgent(Clone),10,8,1.58,1.450001,8.251846,2,False,2,1,0.5
2026-03-04_20.15.02,1,Random_sign_placement_scenario,1037,15,3,-10.69,8.67,90,15,1,587,WheelchairAgent(Clone),11,9,1.3,1.17,0,0,False,2,0,0
2026-03-04_20.15.02,1,Random_sign_placement_scenario,1037,15,3,-10.69,8.67,90,15,1,588,AdultMaleAgent(Clone),9,11,1.71,1.58,0,0,False,2,0,0
2026-03-04_20.15.02,1,Random_sign_placement_scenario,1037,15,3,-10.69,8.67,90,15,1,589,AdultFemaleAgent(Clone),10,8,1.58,1.450001,5.63044,2,False,2,0,0
2026-03-04_20.15.02,1,Random_sign_placement_scenario,1037,15,3,-10.69,8.67,90,15,1,590,AdultFemaleAgent(Clone),9,11,1.58,1.450001,0,0,False,2,0,0
2026-03-04_20.15.02,1,Random_sign_placement_scenario,1037,15,3,-10.69,8.67,90,15,1,591,AdultFemaleAgent(Clone),8,10,1.58,1.450001,8.944138,2,False,2,1,0.5
2026-03-04_20.15.02,1,Random_sign_placement_scenario,1037,15,3,-10.69,8.67,90,15,1,592,WheelchairAgent(Clone),8,10,1.3,1.17,9.711876,2,False,2,1,0.5
2026-03-04_20.15.02,1,Random_sign_placement_scenario,1037,15,3,-10.69,8.67,90,15,1,593,AdultMaleAgent(Clone),11,9,1.71,1.58,0,0,False,2,0,0
2026-03-04_20.15.02,1,Random_sign_placement_scenario,1037,15,3,-10.69,8.67,90,15,1,594,WheelchairAgent(Clone),9,11,1.3,1.17,0.3909607,2,False,2,1,0.5
2026-03-04_20.15.02,1,Random_sign_placement_scenario,1037,15,3,-10.69,8.67,90,15,1,595,WheelchairAgent(Clone),11,9,1.3,1.17,0,0,False,2,0,0
2026-03-04_20.15.02,1,Random_sign_placement_scenario,1037,15,3,-10.69,8.67,90,15,1,596,WheelchairAgent(Clone),11,9,1.3,1.17,0,0,False,2,0,0
2026-03-04_20.15.02,1,Random_sign_placement_scenario,1037,15,3,-10.69,8.67,90,15,1,597,AdultFemaleAgent(Clone),11,9,1.58,1.450001,0,0,False,2,0,0
2026-03-04_20.15.02,1,Random_sign_placement_scenario,1037,15,3,-10.69,8.67,90,15,1,598,AdultFemaleAgent(Clone),9,11,1.58,1.450001,0,0,False,2,0,0
2026-03-04_20.15.02,1,Random_sign_placement_scenario,1037,15,3,-10.69,8.67,90,15,1,599,WheelchairAgent(Clone),9,11,1.3,1.17,0,0,False,2,0,0
2026-03-04_20.15.02,1,Random_sign_placement_scenario,1037,15,3,-10.69,8.67,90,15,1,600,AdultMaleAgent(Clone),9,11,1.71,1.58,0,0,False,2,0,0
2026-03-04_20.15.02,1,Random_sign_placement_scenario,1037,15,3,-10.69,8.67,90,15,1,601,WheelchairAgent(Clone),11,9,1.3,1.17,0,0,False,2,0,0
2026-03-04_20.15.02,1,Random_sign_placement_scenario,1037,15,3,-10.69,8.67,90,15,1,602,AdultFemaleAgent(Clone),9,11,1.58,1.450001,0,0,False,2,0,0
2026-03-04_20.15.02,1,Random_sign_placement_scenario,1037,15,3,-10.69,8.67,90,15,1,603,WheelchairAgent(Clone),11,9,1.3,1.17,0,0,False,2,0,0
2026-03-04_20.15.02,1,Random_sign_placement_scenario,1037,15,3,-10.69,8.67,90,15,1,604,WheelchairAgent(Clone),10,8,1.3,1.17,8.381371,2,False,2,1,0.5
2026-03-04_20.15.02,1,Random_sign_placement_scenario,1037,15,3,-10.69,8.67,90,15,1,605,AdultMaleAgent(Clone),11,9,1.71,1.58,0,0,False,2,0,0
2026-03-04_20.15.02,1,Random_sign_placement_scenario,1037,15,3,-10.69,8.67,90,15,1,606,AdultMaleAgent(Clone),9,11,1.71,1.58,0,0,False,2,0,0
2026-03-04_20.15.02,1,Random_sign_placement_scenario,1037,15,3,-10.69,8.67,90,15,1,607,AdultMaleAgent(Clone),10,8,1.71,1.58,7.619873,2,False,2,1,0.5
2026-03-04_20.15.02,1,Random_sign_placement_scenario,1037,15,3,-10.69,8.67,90,15,1,608,AdultFemaleAgent(Clone),10,8,1.58,1.450001,8.245697,2,False,2,1,0.5
2026-03-04_20.15.02,1,Random_sign_placement_scenario,1037,15,3,-10.69,8.67,90,15,1,609,AdultFemaleAgent(Clone),11,9,1.58,1.450001,0,0,False,2,0,0
2026-03-04_20.15.02,1,Random_sign_placement_scenario,1037,15,3,-10.69,8.67,90,15,1,610,WheelchairAgent(Clone),8,10,1.3,1.17,7.803215,2,False,2,1,0.5
2026-03-04_20.15.02,1,Random_sign_placement_scenario,1037,15,3,-10.69,8.67,90,15,1,611,AdultMaleAgent(Clone),10,8,1.71,1.58,7.674599,2,False,2,1,0.5
2026-03-04_20.15.02,1,Random_sign_placement_scenario,1037,15,3,-10.69,8.67,90,15,1,612,AdultMaleAgent(Clone),10,8,1.71,1.58,6.987907,2,False,2,1,0.5
2026-03-04_20.15.02,1,Random_sign_placement_scenario,1037,15,3,-10.69,8.67,90,15,1,613,AdultFemaleAgent(Clone),11,9,1.58,1.450001,0,0,False,2,0,0
2026-03-04_20.15.02,1,Random_sign_placement_scenario,1037,15,3,-10.69,8.67,90,15,1,614,AdultFemaleAgent(Clone),11,9,1.58,1.450001,0,0,False,2,0,0
2026-03-04_20.15.02,1,Random_sign_placement_scenario,1037,15,3,-10.69,8.67,90,15,1,615,AdultMaleAgent(Clone),9,11,1.71,1.58,0,0,False,2,0,0
2026-03-04_20.15.02,1,Random_sign_placement_scenario,1037,15,3,-10.69,8.67,90,15,1,616,WheelchairAgent(Clone),9,11,1.3,1.17,0,0,False,2,0,0
2026-03-04_20.15.02,1,Random_sign_placement_scenario,1037,15,3,-10.69,8.67,90,15,1,617,AdultMaleAgent(Clone),11,9,1.71,1.58,0,0,False,2,0,0
2026-03-04_20.15.02,1,Random_sign_placement_scenario,1037,15,3,-10.69,8.67,90,15,1,618,WheelchairAgent(Clone),10,8,1.3,1.17,6.975822,2,False,2,1,0.5
2026-03-04_20.15.02,1,Random_sign_placement_scenario,1037,15,3,-10.69,8.67,90,15,1,619,AdultFemaleAgent(Clone),8,10,1.58,1.450001,9.016991,2,False,2,1,0.5
2026-03-04_20.15.02,1,Random_sign_placement_scenario,1037,15,3,-10.69,8.67,90,15,1,620,WheelchairAgent(Clone),11,9,1.3,1.17,0,0,False,2,0,0
2026-03-04_20.15.02,1,Random_sign_placement_scenario,1037,15,3,-10.69,8.67,90,15,1,621,AdultFemaleAgent(Clone),9,11,1.58,1.450001,0.4600372,2,False,2,1,0.5
2026-03-04_20.15.02,1,Random_sign_placement_scenario,1037,15,3,-10.69,8.67,90,15,1,622,AdultFemaleAgent(Clone),10,8,1.58,1.450001,6.490013,2,False,2,1,0.5
2026-03-04_20.15.02,1,Random_sign_placement_scenario,1037,15,3,-10.69,8.67,90,15,1,623,AdultFemaleAgent(Clone),10,8,1.58,1.450001,5.601067,2,False,2,1,0.5
2026-03-04_20.15.02,1,Random_sign_placement_scenario,1037,15,3,-10.69,8.67,90,15,1,624,AdultFemaleAgent(Clone),11,9,1.58,1.450001,0,0,False,2,0,0
2026-03-04_20.15.02,1,Random_sign_placement_scenario,1037,15,3,-10.69,8.67,90,15,1,625,AdultMaleAgent(Clone),8,10,1.71,1.58,8.587425,2,False,2,1,0.5
2026-03-04_20.15.02,1,Random_sign_placement_scenario,1037,15,3,-10.69,8.67,90,15,1,626,WheelchairAgent(Clone),8,10,1.3,1.17,7.936691,2,False,2,1,0.5
2026-03-04_20.15.02,1,Random_sign_placement_scenario,1037,15,3,-10.69,8.67,90,15,1,627,AdultMaleAgent(Clone),11,9,1.71,1.58,0,0,False,2,0,0
2026-03-04_20.15.02,1,Random_sign_placement_scenario,1037,15,3,-10.69,8.67,90,15,1,628,AdultFemaleAgent(Clone),11,9,1.58,1.450001,0,0,False,2,0,0
2026-03-04_20.15.02,1,Random_sign_placement_scenario,1037,15,3,-10.69,8.67,90,15,1,629,WheelchairAgent(Clone),11,9,1.3,1.17,0,0,False,2,0,0
2026-03-04_20.15.02,1,Random_sign_placement_scenario,1037,15,3,-10.69,8.67,90,15,1,630,AdultFemaleAgent(Clone),10,8,1.58,1.450001,8.761696,2,False,2,1,0.5
2026-03-04_20.15.02,1,Random_sign_placement_scenario,1037,15,3,-10.69,8.67,90,15,1,631,AdultMaleAgent(Clone),8,10,1.71,1.58,10.14584,2,False,2,1,0.5
2026-03-04_20.15.02,1,Random_sign_placement_scenario,1037,15,3,-10.69,8.67,90,15,1,632,AdultMaleAgent(Clone),9,11,1.71,1.58,0,0,False,2,0,0
2026-03-04_20.15.02,1,Random_sign_placement_scenario,1037,15,3,-10.69,8.67,90,15,1,633,AdultFemaleAgent(Clone),11,9,1.58,1.450001,0,0,False,2,0,0
2026-03-04_20.15.02,1,Random_sign_placement_scenario,1037,15,3,-10.69,8.67,90,15,1,634,WheelchairAgent(Clone),11,9,1.3,1.17,0,0,False,2,0,0
2026-03-04_20.15.02,1,Random_sign_placement_scenario,1037,15,3,-10.69,8.67,90,15,1,635,AdultFemaleAgent(Clone),11,9,1.58,1.450001,0,0,False,2,0,0
2026-03-04_20.15.02,1,Random_sign_placement_scenario,1037,15,3,-10.69,8.67,90,15,1,636,AdultFemaleAgent(Clone),10,8,1.58,1.450001,5.282509,2,False,2,1,0.5
2026-03-04_20.15.02,1,Random_sign_placement_scenario,1037,15,3,-10.69,8.67,90,15,1,637,AdultMaleAgent(Clone),10,8,1.71,1.58,7.341209,2,False,2,1,0.5
2026-03-04_20.15.02,1,Random_sign_placement_scenario,1037,15,3,-10.69,8.67,90,15,1,638,WheelchairAgent(Clone),11,9,1.3,1.17,0,0,False,2,0,0
2026-03-04_20.15.02,1,Random_sign_placement_scenario,1037,15,3,-10.69,8.67,90,15,1,639,AdultFemaleAgent(Clone),8,10,1.58,1.450001,8.493797,2,False,2,1,0.5
2026-03-04_20.15.02,1,Random_sign_placement_scenario,1037,15,3,-10.69,8.67,90,15,1,640,AdultFemaleAgent(Clone),11,9,1.58,1.450001,0,0,False,2,0,0
2026-03-04_20.15.02,1,Random_sign_placement_scenario,1037,15,3,-10.69,8.67,90,15,1,641,AdultFemaleAgent(Clone),10,8,1.58,1.450001,5.259094,2,False,2,1,0.5
2026-03-04_20.15.02,1,Random_sign_placement_scenario,1037,15,3,-10.69,8.67,90,15,1,642,AdultMaleAgent(Clone),11,9,1.71,1.58,0,0,False,2,0,0
2026-03-04_20.15.02,1,Random_sign_placement_scenario,1037,15,3,-10.69,8.67,90,15,1,643,AdultMaleAgent(Clone),10,8,1.71,1.58,8.143333,2,False,2,1,0.5
2026-03-04_20.15.02,1,Random_sign_placement_scenario,1037,15,3,-10.69,8.67,90,15,1,644,WheelchairAgent(Clone),9,11,1.3,1.17,0,0,False,2,0,0
2026-03-04_20.15.02,1,Random_sign_placement_scenario,1037,15,3,-10.69,8.67,90,15,1,645,WheelchairAgent(Clone),9,11,1.3,1.17,0,0,False,2,0,0
2026-03-04_20.15.02,1,Random_sign_placement_scenario,1037,15,3,-10.69,8.67,90,15,1,646,WheelchairAgent(Clone),9,11,1.3,1.17,0.342659,2,False,2,1,0.5
2026-03-04_20.15.02,1,Random_sign_placement_scenario,1037,15,3,-10.69,8.67,90,15,1,647,AdultFemaleAgent(Clone),8,10,1.58,1.450001,8.437469,2,False,2,1,0.5
2026-03-04_20.15.02,1,Random_sign_placement_scenario,1037,15,3,-10.69,8.67,90,15,1,648,AdultFemaleAgent(Clone),8,10,1.58,1.450001,9.132492,2,False,2,1,0.5
2026-03-04_20.15.02,1,Random_sign_placement_scenario,1037,15,3,-10.69,8.67,90,15,1,649,AdultMaleAgent(Clone),9,11,1.71,1.58,0,0,False,2,0,0
2026-03-04_20.15.02,1,Random_sign_placement_scenario,1037,15,3,-10.69,8.67,90,15,1,650,WheelchairAgent(Clone),8,10,1.3,1.17,9.230156,2,False,2,1,0.5
2026-03-04_20.15.02,1,Random_sign_placement_scenario,1037,15,3,-10.69,8.67,90,15,1,651,WheelchairAgent(Clone),10,8,1.3,1.17,7.870575,2,False,2,1,0.5
2026-03-04_20.15.02,1,Random_sign_placement_scenario,1037,15,3,-10.69,8.67,90,15,1,652,AdultMaleAgent(Clone),11,9,1.71,1.58,0,0,False,2,0,0
2026-03-04_20.15.02,1,Random_sign_placement_scenario,1037,15,3,-10.69,8.67,90,15,1,653,WheelchairAgent(Clone),8,10,1.3,1.17,9.328857,2,False,2,1,0.5
2026-03-04_20.15.02,1,Random_sign_placement_scenario,1037,15,3,-10.69,8.67,90,15,1,654,AdultMaleAgent(Clone),10,8,1.71,1.58,7.41703,2,False,2,1,0.5
2026-03-04_20.15.02,1,Random_sign_placement_scenario,1037,15,3,-10.69,8.67,90,15,1,655,AdultMaleAgent(Clone),10,8,1.71,1.58,8.130333,2,False,2,1,0.5
2026-03-04_20.15.02,1,Random_sign_placement_scenario,1037,15,3,-10.69,8.67,90,15,1,656,AdultFemaleAgent(Clone),10,8,1.58,1.450001,7.824806,2,False,2,1,0.5
2026-03-04_20.15.02,1,Random_sign_placement_scenario,1037,15,3,-10.69,8.67,90,15,1,657,WheelchairAgent(Clone),9,11,1.3,1.17,0,0,False,2,0,0
2026-03-04_20.15.02,1,Random_sign_placement_scenario,1037,15,3,-10.69,8.67,90,15,1,658,AdultFemaleAgent(Clone),11,9,1.58,1.450001,0,0,False,2,0,0
2026-03-04_20.15.02,1,Random_sign_placement_scenario,1037,15,3,-10.69,8.67,90,15,1,659,AdultMaleAgent(Clone),8,10,1.71,1.58,8.360428,2,False,2,1,0.5
2026-03-04_20.15.02,1,Random_sign_placement_scenario,1037,15,3,-10.69,8.67,90,15,1,660,AdultMaleAgent(Clone),10,8,1.71,1.58,7.487465,2,False,2,1,0.5
2026-03-04_20.15.02,1,Random_sign_placement_scenario,1037,15,3,-10.69,8.67,90,15,1,661,WheelchairAgent(Clone),10,8,1.3,1.17,8.766037,2,False,2,1,0.5
2026-03-04_20.15.02,1,Random_sign_placement_scenario,1037,15,3,-10.69,8.67,90,15,1,662,AdultFemaleAgent(Clone),8,10,1.58,1.450001,8.168068,2,False,2,1,0.5
2026-03-04_20.15.02,1,Random_sign_placement_scenario,1037,15,3,-10.69,8.67,90,15,1,663,AdultFemaleAgent(Clone),11,9,1.58,1.450001,0,0,False,2,0,0
2026-03-04_20.15.02,1,Random_sign_placement_scenario,1037,15,3,-10.69,8.67,90,15,1,664,WheelchairAgent(Clone),8,10,1.3,1.17,8.794281,2,False,2,1,0.5
2026-03-04_20.15.02,1,Random_sign_placement_scenario,1037,15,3,-10.69,8.67,90,15,1,665,WheelchairAgent(Clone),8,10,1.3,1.17,8.536514,2,False,2,1,0.5
2026-03-04_20.15.02,1,Random_sign_placement_scenario,1037,15,3,-10.69,8.67,90,15,1,666,AdultMaleAgent(Clone),9,11,1.71,1.58,0.4156952,2,False,2,1,0.5
2026-03-04_20.15.02,1,Random_sign_placement_scenario,1037,15,3,-10.69,8.67,90,15,1,667,AdultMaleAgent(Clone),11,9,1.71,1.58,0,0,False,2,0,0
2026-03-04_20.15.02,1,Random_sign_placement_scenario,1037,15,3,-10.69,8.67,90,15,1,668,WheelchairAgent(Clone),10,8,1.3,1.17,8.382729,2,False,2,1,0.5
2026-03-04_20.15.02,1,Random_sign_placement_scenario,1037,15,3,-10.69,8.67,90,15,1,669,AdultMaleAgent(Clone),11,9,1.71,1.58,0,0,False,2,0,0
2026-03-04_20.15.02,1,Random_sign_placement_scenario,1037,15,3,-10.69,8.67,90,15,1,670,WheelchairAgent(Clone),8,10,1.3,1.17,8.91584,2,False,2,1,0.5
2026-03-04_20.15.02,1,Random_sign_placement_scenario,1037,15,3,-10.69,8.67,90,15,1,671,AdultMaleAgent(Clone),10,8,1.71,1.58,7.718338,2,False,2,1,0.5
2026-03-04_20.15.02,1,Random_sign_placement_scenario,1037,15,3,-10.69,8.67,90,15,1,672,AdultFemaleAgent(Clone),9,11,1.58,1.450001,0,0,False,2,0,0
2026-03-04_20.15.02,1,Random_sign_placement_scenario,1037,15,3,-10.69,8.67,90,15,1,673,AdultFemaleAgent(Clone),8,10,1.58,1.450001,9.209854,2,False,2,1,0.5
2026-03-04_20.15.02,1,Random_sign_placement_scenario,1037,15,3,-10.69,8.67,90,15,1,674,AdultFemaleAgent(Clone),11,9,1.58,1.450001,0,0,False,2,0,0
2026-03-04_20.15.02,1,Random_sign_placement_scenario,1037,15,3,-10.69,8.67,90,15,1,675,AdultFemaleAgent(Clone),8,10,1.58,1.450001,9.316544,2,False,2,1,0.5
2026-03-04_20.15.02,1,Random_sign_placement_scenario,1037,15,3,-10.69,8.67,90,15,1,676,AdultMaleAgent(Clone),9,11,1.71,1.58,0,0,False,2,0,0
2026-03-04_20.15.02,1,Random_sign_placement_scenario,1037,15,3,-10.69,8.67,90,15,1,677,WheelchairAgent(Clone),10,8,1.3,1.17,7.893745,2,False,2,1,0.5
2026-03-04_20.15.02,1,Random_sign_placement_scenario,1037,15,3,-10.69,8.67,90,15,1,678,AdultFemaleAgent(Clone),8,10,1.58,1.450001,9.24144,2,False,2,1,0.5
2026-03-04_20.15.02,1,Random_sign_placement_scenario,1037,15,3,-10.69,8.67,90,15,1,679,WheelchairAgent(Clone),9,11,1.3,1.17,0,0,False,2,0,0
2026-03-04_20.15.02,1,Random_sign_placement_scenario,1037,15,3,-10.69,8.67,90,15,1,680,WheelchairAgent(Clone),11,9,1.3,1.17,0,0,False,2,0,0
2026-03-04_20.15.02,1,Random_sign_placement_scenario,1037,15,3,-10.69,8.67,90,15,1,681,WheelchairAgent(Clone),10,8,1.3,1.17,7.255569,2,False,2,1,0.5
2026-03-04_20.15.02,1,Random_sign_placement_scenario,1037,15,3,-10.69,8.67,90,15,1,682,AdultFemaleAgent(Clone),9,11,1.58,1.450001,0.3308258,1,False,2,1,0.5
2026-03-04_20.15.02,1,Random_sign_placement_scenario,1037,15,3,-10.69,8.67,90,15,1,683,AdultMaleAgent(Clone),8,10,1.71,1.58,9.176895,2,False,2,1,0.5
2026-03-04_20.15.02,1,Random_sign_placement_scenario,1037,15,3,-10.69,8.67,90,15,1,684,WheelchairAgent(Clone),8,10,1.3,1.17,9.91497,2,False,2,1,0.5
2026-03-04_20.15.02,1,Random_sign_placement_scenario,1037,15,3,-10.69,8.67,90,15,1,685,AdultFemaleAgent(Clone),11,9,1.58,1.450001,0,0,False,2,0,0
2026-03-04_20.15.02,1,Random_sign_placement_scenario,1037,15,3,-10.69,8.67,90,15,1,686,AdultFemaleAgent(Clone),11,9,1.58,1.450001,0,0,False,2,0,0
2026-03-04_20.15.02,1,Random_sign_placement_scenario,1037,15,3,-10.69,8.67,90,15,1,687,AdultMaleAgent(Clone),8,10,1.71,1.58,10.20395,2,False,2,1,0.5
2026-03-04_20.15.02,1,Random_sign_placement_scenario,1037,15,3,-10.69,8.67,90,15,1,688,AdultMaleAgent(Clone),10,8,1.71,1.58,6.926147,2,False,2,1,0.5
2026-03-04_20.15.02,1,Random_sign_placement_scenario,1037,15,3,-10.69,8.67,90,15,1,689,AdultMaleAgent(Clone),8,10,1.71,1.58,9.374557,2,False,2,1,0.5
2026-03-04_20.15.02,1,Random_sign_placement_scenario,1037,15,3,-10.69,8.67,90,15,1,690,AdultFemaleAgent(Clone),10,8,1.58,1.450001,8.398392,2,False,2,1,0.5
2026-03-04_20.15.02,1,Random_sign_placement_scenario,1037,15,3,-10.69,8.67,90,15,1,691,AdultMaleAgent(Clone),11,9,1.71,1.58,0,0,False,2,0,0
2026-03-04_20.15.02,1,Random_sign_placement_scenario,1037,15,3,-10.69,8.67,90,15,1,692,AdultMaleAgent(Clone),9,11,1.71,1.58,0.8559341,1,False,2,1,0.5
2026-03-04_20.15.02,1,Random_sign_placement_scenario,1037,15,3,-10.69,8.67,90,15,1,693,WheelchairAgent(Clone),9,11,1.3,1.17,0,0,False,2,0,0
2026-03-04_20.15.02,1,Random_sign_placement_scenario,1037,15,3,-10.69,8.67,90,15,1,694,AdultMaleAgent(Clone),8,10,1.71,1.58,8.03788,2,False,2,1,0.5
2026-03-04_20.15.02,1,Random_sign_placement_scenario,1037,15,3,-10.69,8.67,90,15,1,695,AdultFemaleAgent(Clone),8,10,1.58,1.450001,9.593948,2,False,2,1,0.5
2026-03-04_20.15.02,1,Random_sign_placement_scenario,1037,15,3,-10.69,8.67,90,15,1,696,AdultFemaleAgent(Clone),11,9,1.58,1.450001,0,0,False,2,0,0
2026-03-04_20.15.02,1,Random_sign_placement_scenario,1037,15,3,-10.69,8.67,90,15,1,697,WheelchairAgent(Clone),8,10,1.3,1.17,8.72522,2,False,2,1,0.5
2026-03-04_20.15.02,1,Random_sign_placement_scenario,1037,15,3,-10.69,8.67,90,15,1,698,WheelchairAgent(Clone),9,11,1.3,1.17,0,0,False,2,0,0
2026-03-04_20.15.02,1,Random_sign_placement_scenario,1037,15,3,-10.69,8.67,90,15,1,699,AdultMaleAgent(Clone),8,10,1.71,1.58,9.21508,2,False,2,1,0.5
2026-03-04_20.15.02,1,Random_sign_placement_scenario,1037,15,3,-10.69,8.67,90,15,1,700,AdultMaleAgent(Clone),8,10,1.71,1.58,8.489182,2,False,2,1,0.5
2026-03-04_20.15.02,1,Random_sign_placement_scenario,1037,15,3,-10.69,8.67,90,15,1,701,WheelchairAgent(Clone),10,8,1.3,1.17,8.251068,2,False,2,1,0.5
2026-03-04_20.15.02,1,Random_sign_placement_scenario,1037,15,3,-10.69,8.67,90,15,1,702,WheelchairAgent(Clone),8,10,1.3,1.17,7.924751,2,False,2,1,0.5
2026-03-04_20.15.02,1,Random_sign_placement_scenario,1037,15,3,-10.69,8.67,90,15,1,703,WheelchairAgent(Clone),8,10,1.3,1.17,7.874474,2,False,2,1,0.5
2026-03-04_20.15.02,1,Random_sign_placement_scenario,1037,15,3,-10.69,8.67,90,15,1,704,AdultMaleAgent(Clone),9,11,1.71,1.58,0,0,False,2,0,0
2026-03-04_20.15.02,1,Random_sign_placement_scenario,1037,15,3,-10.69,8.67,90,15,1,705,AdultFemaleAgent(Clone),8,10,1.58,1.450001,9.850174,2,False,2,1,0.5
2026-03-04_20.15.02,1,Random_sign_placement_scenario,1037,15,3,-10.69,8.67,90,15,1,706,AdultFemaleAgent(Clone),8,10,1.58,1.450001,9.421333,2,False,2,1,0.5
2026-03-04_20.15.02,1,Random_sign_placement_scenario,1037,15,3,-10.69,8.67,90,15,1,707,AdultMaleAgent(Clone),11,9,1.71,1.58,0,0,False,2,0,0
2026-03-04_20.15.02,1,Random_sign_placement_scenario,1037,15,3,-10.69,8.67,90,15,1,708,AdultMaleAgent(Clone),8,10,1.71,1.58,8.466896,2,False,2,1,0.5
2026-03-04_20.15.02,1,Random_sign_placement_scenario,1037,15,3,-10.69,8.67,90,15,1,709,AdultMaleAgent(Clone),10,8,1.71,1.58,7.339821,2,False,2,1,0.5
2026-03-04_20.15.02,1,Random_sign_placement_scenario,1037,15,3,-10.69,8.67,90,15,1,710,AdultFemaleAgent(Clone),9,11,1.58,1.450001,0,0,False,2,0,0
2026-03-04_20.15.02,1,Random_sign_placement_scenario,1037,15,3,-10.69,8.67,90,15,1,711,AdultMaleAgent(Clone),11,9,1.71,1.58,0,0,False,2,0,0
2026-03-04_20.15.02,1,Random_sign_placement_scenario,1037,15,3,-10.69,8.67,90,15,1,712,AdultFemaleAgent(Clone),8,10,1.58,1.450001,8.298836,2,False,2,1,0.5
2026-03-04_20.15.02,1,Random_sign_placement_scenario,1037,15,3,-10.69,8.67,90,15,1,713,AdultMaleAgent(Clone),9,11,1.71,1.58,0,0,False,2,0,0
2026-03-04_20.15.02,1,Random_sign_placement_scenario,1037,15,3,-10.69,8.67,90,15,1,714,WheelchairAgent(Clone),9,11,1.3,1.17,0,0,False,2,0,0
2026-03-04_20.15.02,1,Random_sign_placement_scenario,1037,15,3,-10.69,8.67,90,15,1,715,AdultMaleAgent(Clone),9,11,1.71,1.58,0,0,False,2,0,0
2026-03-04_20.15.02,1,Random_sign_placement_scenario,1037,15,3,-10.69,8.67,90,15,1,716,AdultMaleAgent(Clone),10,8,1.71,1.58,10.55712,2,False,2,1,0.5
2026-03-04_20.15.02,1,Random_sign_placement_scenario,1037,15,3,-10.69,8.67,90,15,1,717,AdultMaleAgent(Clone),8,10,1.71,1.58,8.716484,2,False,2,1,0.5
2026-03-04_20.15.02,1,Random_sign_placement_scenario,1037,15,3,-10.69,8.67,90,15,1,718,AdultMaleAgent(Clone),8,10,1.71,1.58,10.49892,1,True,2,1,0.5
2026-03-04_20.15.02,1,Random_sign_placement_scenario,1037,15,3,-10.69,8.67,90,15,1,719,AdultFemaleAgent(Clone),10,8,1.58,1.450001,9.55645,2,False,2,1,0.5
2026-03-04_20.15.02,1,Random_sign_placement_scenario,1037,15,3,-10.69,8.67,90,15,1,720,AdultMaleAgent(Clone),9,11,1.71,1.58,0,0,False,2,0,0
2026-03-04_20.15.02,1,Random_sign_placement_scenario,1037,15,3,-10.69,8.67,90,15,1,721,WheelchairAgent(Clone),10,8,1.3,1.17,7.825974,2,False,2,1,0.5
2026-03-04_20.15.02,1,Random_sign_placement_scenario,1037,15,3,-10.69,8.67,90,15,1,722,AdultFemaleAgent(Clone),9,11,1.58,1.450001,0,0,False,2,0,0
2026-03-04_20.15.02,1,Random_sign_placement_scenario,1037,15,3,-10.69,8.67,90,15,1,723,AdultMaleAgent(Clone),10,8,1.71,1.58,7.344452,2,False,2,1,0.5
2026-03-04_20.15.02,1,Random_sign_placement_scenario,1037,15,3,-10.69,8.67,90,15,1,724,AdultFemaleAgent(Clone),10,8,1.58,1.450001,6.217133,2,False,2,1,0.5
2026-03-04_20.15.02,1,Random_sign_placement_scenario,1037,15,3,-10.69,8.67,90,15,1,725,WheelchairAgent(Clone),9,11,1.3,1.17,0,0,False,2,0,0
2026-03-04_20.15.02,1,Random_sign_placement_scenario,1037,15,3,-10.69,8.67,90,15,1,726,AdultFemaleAgent(Clone),10,8,1.58,1.450001,7.271957,2,False,2,1,0.5
2026-03-04_20.15.02,1,Random_sign_placement_scenario,1037,15,3,-10.69,8.67,90,15,1,727,WheelchairAgent(Clone),9,11,1.3,1.17,0.2979202,2,False,2,1,0.5
2026-03-04_20.15.02,1,Random_sign_placement_scenario,1037,15,3,-10.69,8.67,90,15,1,728,AdultMaleAgent(Clone),9,11,1.71,1.58,0,0,False,2,0,0
2026-03-04_20.15.02,1,Random_sign_placement_scenario,1037,15,3,-10.69,8.67,90,15,1,729,AdultMaleAgent(Clone),10,8,1.71,1.58,7.807854,2,False,2,1,0.5
2026-03-04_20.15.02,1,Random_sign_placement_scenario,1037,15,3,-10.69,8.67,90,15,1,730,WheelchairAgent(Clone),9,11,1.3,1.17,0.3613968,2,False,2,1,0.5
2026-03-04_20.15.02,1,Random_sign_placement_scenario,1037,15,3,-10.69,8.67,90,15,1,731,WheelchairAgent(Clone),9,11,1.3,1.17,0,0,False,2,0,0
2026-03-04_20.15.02,1,Random_sign_placement_scenario,1037,15,3,-10.69,8.67,90,15,1,732,WheelchairAgent(Clone),10,8,1.3,1.17,7.227524,2,False,2,1,0.5
2026-03-04_20.15.02,1,Random_sign_placement_scenario,1037,15,3,-10.69,8.67,90,15,1,733,AdultFemaleAgent(Clone),10,8,1.58,1.450001,7.244514,2,False,2,1,0.5
2026-03-04_20.15.02,1,Random_sign_placement_scenario,1037,15,3,-10.69,8.67,90,15,1,734,WheelchairAgent(Clone),8,10,1.3,1.17,8.088211,2,False,2,1,0.5
2026-03-04_20.15.02,1,Random_sign_placement_scenario,1037,15,3,-10.69,8.67,90,15,1,735,AdultMaleAgent(Clone),10,8,1.71,1.58,5.145927,2,False,2,1,0.5
2026-03-04_20.15.02,1,Random_sign_placement_scenario,1037,15,3,-10.69,8.67,90,15,1,736,WheelchairAgent(Clone),10,8,1.3,1.17,9.573265,2,False,2,1,0.5
2026-03-04_20.15.02,1,Random_sign_placement_scenario,1037,15,3,-10.69,8.67,90,15,1,737,AdultFemaleAgent(Clone),10,8,1.58,1.450001,5.000938,2,False,2,1,0.5
2026-03-04_20.15.02,1,Random_sign_placement_scenario,1037,15,3,-10.69,8.67,90,15,1,738,AdultMaleAgent(Clone),11,9,1.71,1.58,0,0,False,2,0,0
2026-03-04_20.15.02,1,Random_sign_placement_scenario,1037,15,3,-10.69,8.67,90,15,1,739,WheelchairAgent(Clone),11,9,1.3,1.17,0,0,False,2,0,0
2026-03-04_20.15.02,1,Random_sign_placement_scenario,1037,15,3,-10.69,8.67,90,15,1,740,WheelchairAgent(Clone),8,10,1.3,1.17,9.280701,1,False,2,1,0.5
2026-03-04_20.15.02,1,Random_sign_placement_scenario,1037,15,3,-10.69,8.67,90,15,1,741,AdultMaleAgent(Clone),8,10,1.71,1.58,8.008453,2,False,2,1,0.5
2026-03-04_20.15.02,1,Random_sign_placement_scenario,1037,15,3,-10.69,8.67,90,15,1,742,AdultMaleAgent(Clone),11,9,1.71,1.58,0,0,False,2,0,0
2026-03-04_20.15.02,1,Random_sign_placement_scenario,1037,15,3,-10.69,8.67,90,15,1,743,WheelchairAgent(Clone),10,8,1.3,1.17,7.460022,2,False,2,1,0.5
2026-03-04_20.15.02,1,Random_sign_placement_scenario,1037,15,3,-10.69,8.67,90,15,1,744,AdultMaleAgent(Clone),9,11,1.71,1.58,0,0,False,2,0,0
2026-03-04_20.15.02,1,Random_sign_placement_scenario,1037,15,3,-10.69,8.67,90,15,1,745,WheelchairAgent(Clone),10,8,1.3,1.17,8.756721,2,False,2,1,0.5
2026-03-04_20.15.02,1,Random_sign_placement_scenario,1037,15,3,-10.69,8.67,90,15,1,746,WheelchairAgent(Clone),11,9,1.3,1.17,0,0,False,2,0,0
2026-03-04_20.15.02,1,Random_sign_placement_scenario,1037,15,3,-10.69,8.67,90,15,1,747,WheelchairAgent(Clone),11,9,1.3,1.17,0,0,False,2,0,0
2026-03-04_20.15.02,1,Random_sign_placement_scenario,1037,15,3,-10.69,8.67,90,15,1,748,AdultMaleAgent(Clone),9,11,1.71,1.58,0,0,False,2,0,0
2026-03-04_20.15.02,1,Random_sign_placement_scenario,1037,15,3,-10.69,8.67,90,15,1,749,AdultFemaleAgent(Clone),11,9,1.58,1.450001,0,0,False,2,0,0
2026-03-04_20.15.02,1,Random_sign_placement_scenario,1037,15,3,-10.69,8.67,90,15,1,750,AdultMaleAgent(Clone),8,10,1.71,1.58,9.457909,1,False,2,1,0.5
2026-03-04_20.15.02,1,Random_sign_placement_scenario,1037,15,3,-10.69,8.67,90,15,1,751,AdultMaleAgent(Clone),10,8,1.71,1.58,7.390747,2,False,2,1,0.5
2026-03-04_20.15.02,1,Random_sign_placement_scenario,1037,15,3,-10.69,8.67,90,15,1,752,AdultMaleAgent(Clone),8,10,1.71,1.58,9.203201,1,False,2,1,0.5
2026-03-04_20.15.02,1,Random_sign_placement_scenario,1037,15,3,-10.69,8.67,90,15,1,753,WheelchairAgent(Clone),10,8,1.3,1.17,9.079575,2,False,2,1,0.5
2026-03-04_20.15.02,1,Random_sign_placement_scenario,1037,15,3,-10.69,8.67,90,15,1,754,AdultMaleAgent(Clone),11,9,1.71,1.58,0,0,False,2,0,0
2026-03-04_20.15.02,1,Random_sign_placement_scenario,1037,15,3,-10.69,8.67,90,15,1,755,AdultMaleAgent(Clone),8,10,1.71,1.58,9.437233,1,False,2,1,0.5
2026-03-04_20.15.02,1,Random_sign_placement_scenario,1037,15,3,-10.69,8.67,90,15,1,756,AdultFemaleAgent(Clone),11,9,1.58,1.450001,0,0,False,2,0,0
2026-03-04_20.15.02,1,Random_sign_placement_scenario,1037,15,3,-10.69,8.67,90,15,1,757,AdultFemaleAgent(Clone),10,8,1.58,1.450001,7.956627,2,False,2,1,0.5
2026-03-04_20.15.02,1,Random_sign_placement_scenario,1037,15,3,-10.69,8.67,90,15,1,758,AdultMaleAgent(Clone),10,8,1.71,1.58,9.116974,2,False,2,1,0.5
2026-03-04_20.15.02,1,Random_sign_placement_scenario,1037,15,3,-10.69,8.67,90,15,1,759,AdultFemaleAgent(Clone),10,8,1.58,1.450001,8.318558,2,False,2,1,0.5
2026-03-04_20.15.02,1,Random_sign_placement_scenario,1037,15,3,-10.69,8.67,90,15,1,760,AdultMaleAgent(Clone),9,11,1.71,1.58,0.16185,1,False,2,1,0.5
2026-03-04_20.15.02,1,Random_sign_placement_scenario,1037,15,3,-10.69,8.67,90,15,1,761,AdultFemaleAgent(Clone),9,11,1.58,1.450001,0,0,False,2,0,0
2026-03-04_20.15.02,1,Random_sign_placement_scenario,1037,15,3,-10.69,8.67,90,15,1,762,AdultMaleAgent(Clone),9,11,1.71,1.58,0,0,False,2,0,0
2026-03-04_20.15.02,1,Random_sign_placement_scenario,1037,15,3,-10.69,8.67,90,15,1,763,WheelchairAgent(Clone),8,10,1.3,1.17,8.932549,1,False,2,1,0.5
2026-03-04_20.15.02,1,Random_sign_placement_scenario,1037,15,3,-10.69,8.67,90,15,1,764,AdultFemaleAgent(Clone),9,11,1.58,1.450001,0,0,False,2,0,0
2026-03-04_20.15.02,1,Random_sign_placement_scenario,1037,15,3,-10.69,8.67,90,15,1,765,AdultFemaleAgent(Clone),8,10,1.58,1.450001,9.155075,1,False,2,1,0.5
2026-03-04_20.15.02,1,Random_sign_placement_scenario,1037,15,3,-10.69,8.67,90,15,1,766,WheelchairAgent(Clone),11,9,1.3,1.17,0,0,False,2,0,0
2026-03-04_20.15.02,1,Random_sign_placement_scenario,1037,15,3,-10.69,8.67,90,15,1,767,AdultMaleAgent(Clone),11,9,1.71,1.58,0,0,False,2,0,0
2026-03-04_20.15.02,1,Random_sign_placement_scenario,1037,15,3,-10.69,8.67,90,15,1,768,WheelchairAgent(Clone),9,11,1.3,1.17,0,0,False,2,0,0
2026-03-04_20.15.02,1,Random_sign_placement_scenario,1037,15,3,-10.69,8.67,90,15,1,769,AdultMaleAgent(Clone),11,9,1.71,1.58,0,0,False,2,0,0
2026-03-04_20.15.02,1,Random_sign_placement_scenario,1037,15,3,-10.69,8.67,90,15,1,770,AdultMaleAgent(Clone),9,11,1.71,1.58,0,0,False,2,0,0
2026-03-04_20.15.02,1,Random_sign_placement_scenario,1037,15,3,-10.69,8.67,90,15,1,771,AdultFemaleAgent(Clone),8,10,1.58,1.450001,8.854614,1,False,2,1,0.5
2026-03-04_20.15.02,1,Random_sign_placement_scenario,1037,15,3,-10.69,8.67,90,15,1,772,AdultMaleAgent(Clone),8,10,1.71,1.58,9.504761,1,False,2,1,0.5
2026-03-04_20.15.02,1,Random_sign_placement_scenario,1037,15,3,-10.69,8.67,90,15,1,773,AdultMaleAgent(Clone),10,8,1.71,1.58,7.38501,2,False,2,1,0.5
2026-03-04_20.15.02,1,Random_sign_placement_scenario,1037,15,3,-10.69,8.67,90,15,1,774,WheelchairAgent(Clone),9,11,1.3,1.17,0,0,False,2,0,0
2026-03-04_20.15.02,1,Random_sign_placement_scenario,1037,15,3,-10.69,8.67,90,15,1,775,WheelchairAgent(Clone),11,9,1.3,1.17,0,0,False,2,0,0
2026-03-04_20.15.02,1,Random_sign_placement_scenario,1037,15,3,-10.69,8.67,90,15,1,776,AdultFemaleAgent(Clone),10,8,1.58,1.450001,6.981705,2,False,2,1,0.5
2026-03-04_20.15.02,1,Random_sign_placement_scenario,1037,15,3,-10.69,8.67,90,15,1,777,WheelchairAgent(Clone),11,9,1.3,1.17,0,0,False,2,0,0
2026-03-04_20.15.02,1,Random_sign_placement_scenario,1037,15,3,-10.69,8.67,90,15,1,778,AdultMaleAgent(Clone),10,8,1.71,1.58,6.654861,2,False,2,1,0.5
2026-03-04_20.15.02,1,Random_sign_placement_scenario,1037,15,3,-10.69,8.67,90,15,1,779,AdultMaleAgent(Clone),11,9,1.71,1.58,0,0,False,2,0,0
2026-03-04_20.15.02,1,Random_sign_placement_scenario,1037,15,3,-10.69,8.67,90,15,1,780,WheelchairAgent(Clone),8,10,1.3,1.17,8.911972,1,False,2,1,0.5
2026-03-04_20.15.02,1,Random_sign_placement_scenario,1037,15,3,-10.69,8.67,90,15,1,781,AdultFemaleAgent(Clone),9,11,1.58,1.450001,0.4049683,1,False,2,0,0
2026-03-04_20.15.02,1,Random_sign_placement_scenario,1037,15,3,-10.69,8.67,90,15,1,782,AdultFemaleAgent(Clone),10,8,1.58,1.450001,7.2789,2,False,2,1,0.5
2026-03-04_20.15.02,1,Random_sign_placement_scenario,1037,15,3,-10.69,8.67,90,15,1,783,AdultFemaleAgent(Clone),9,11,1.58,1.450001,0,0,False,2,0,0
2026-03-04_20.15.02,1,Random_sign_placement_scenario,1037,15,3,-10.69,8.67,90,15,1,784,WheelchairAgent(Clone),8,10,1.3,1.17,8.425949,1,False,2,1,0.5
2026-03-04_20.15.02,1,Random_sign_placement_scenario,1037,15,3,-10.69,8.67,90,15,1,785,AdultFemaleAgent(Clone),11,9,1.58,1.450001,0,0,False,2,0,0
2026-03-04_20.15.02,1,Random_sign_placement_scenario,1037,15,3,-10.69,8.67,90,15,1,786,WheelchairAgent(Clone),8,10,1.3,1.17,8.288559,1,False,2,1,0.5
2026-03-04_20.15.02,1,Random_sign_placement_scenario,1037,15,3,-10.69,8.67,90,15,1,787,AdultMaleAgent(Clone),9,11,1.71,1.58,0,0,False,2,0,0
2026-03-04_20.15.02,1,Random_sign_placement_scenario,1037,15,3,-10.69,8.67,90,15,1,788,WheelchairAgent(Clone),8,10,1.3,1.17,8.949776,1,False,2,1,0.5
2026-03-04_20.15.02,1,Random_sign_placement_scenario,1037,15,3,-10.69,8.67,90,15,1,789,AdultFemaleAgent(Clone),8,10,1.58,1.450001,8.738518,1,False,2,1,0.5
2026-03-04_20.15.02,1,Random_sign_placement_scenario,1037,15,3,-10.69,8.67,90,15,1,790,WheelchairAgent(Clone),10,8,1.3,1.17,8.508446,2,False,2,1,0.5
2026-03-04_20.15.02,1,Random_sign_placement_scenario,1037,15,3,-10.69,8.67,90,15,1,791,AdultFemaleAgent(Clone),10,8,1.58,1.450001,8.206749,2,False,2,1,0.5
2026-03-04_20.15.02,1,Random_sign_placement_scenario,1037,15,3,-10.69,8.67,90,15,1,792,WheelchairAgent(Clone),9,11,1.3,1.17,0,0,False,2,0,0
2026-03-04_20.15.02,1,Random_sign_placement_scenario,1037,15,3,-10.69,8.67,90,15,1,793,AdultFemaleAgent(Clone),10,8,1.58,1.450001,8.570137,2,False,2,1,0.5
2026-03-04_20.15.02,1,Random_sign_placement_scenario,1037,15,3,-10.69,8.67,90,15,1,794,AdultFemaleAgent(Clone),8,10,1.58,1.450001,8.152306,1,False,2,1,0.5
2026-03-04_20.15.02,1,Random_sign_placement_scenario,1037,15,3,-10.69,8.67,90,15,1,795,AdultMaleAgent(Clone),8,10,1.71,1.58,9.336739,1,False,2,1,0.5
2026-03-04_20.15.02,1,Random_sign_placement_scenario,1037,15,3,-10.69,8.67,90,15,1,796,WheelchairAgent(Clone),8,10,1.3,1.17,7.910378,1,False,2,1,0.5
2026-03-04_20.15.02,1,Random_sign_placement_scenario,1037,15,3,-10.69,8.67,90,15,1,797,AdultFemaleAgent(Clone),8,10,1.58,1.450001,9.194969,1,False,2,1,0.5
2026-03-04_20.15.02,1,Random_sign_placement_scenario,1037,15,3,-10.69,8.67,90,15,1,798,AdultMaleAgent(Clone),9,11,1.71,1.58,0,0,False,2,0,0
2026-03-04_20.15.02,1,Random_sign_placement_scenario,1037,15,3,-10.69,8.67,90,15,1,799,WheelchairAgent(Clone),9,11,1.3,1.17,0,0,False,2,0,0
2026-03-04_20.15.02,1,Random_sign_placement_scenario,1037,15,3,-10.69,8.67,90,15,1,800,AdultMaleAgent(Clone),9,11,1.71,1.58,0,0,False,2,0,0
2026-03-04_20.15.02,1,Random_sign_placement_scenario,1037,15,3,-10.69,8.67,90,15,1,801,AdultMaleAgent(Clone),11,9,1.71,1.58,0,0,False,2,0,0
2026-03-04_20.15.02,1,Random_sign_placement_scenario,1037,15,3,-10.69,8.67,90,15,1,802,AdultMaleAgent(Clone),8,10,1.71,1.58,9.322151,1,False,2,1,0.5
2026-03-04_20.15.02,1,Random_sign_placement_scenario,1037,15,3,-10.69,8.67,90,15,1,803,WheelchairAgent(Clone),9,11,1.3,1.17,0.3890686,2,False,2,1,0.5
2026-03-04_20.15.02,1,Random_sign_placement_scenario,1037,15,3,-10.69,8.67,90,15,1,804,AdultFemaleAgent(Clone),10,8,1.58,1.450001,6.197144,2,False,2,1,0.5
2026-03-04_20.15.02,1,Random_sign_placement_scenario,1037,15,3,-10.69,8.67,90,15,1,805,AdultFemaleAgent(Clone),10,8,1.58,1.450001,7.766464,2,False,2,1,0.5
2026-03-04_20.15.02,1,Random_sign_placement_scenario,1037,15,3,-10.69,8.67,90,15,1,806,AdultMaleAgent(Clone),9,11,1.71,1.58,0,0,False,2,0,0
2026-03-04_20.15.02,1,Random_sign_placement_scenario,1037,15,3,-10.69,8.67,90,15,1,807,AdultFemaleAgent(Clone),11,9,1.58,1.450001,0,0,False,2,0,0
2026-03-04_20.15.02,1,Random_sign_placement_scenario,1037,15,3,-10.69,8.67,90,15,1,808,AdultFemaleAgent(Clone),9,11,1.58,1.450001,0,0,False,2,0,0
2026-03-04_20.15.02,1,Random_sign_placement_scenario,1037,15,3,-10.69,8.67,90,15,1,809,AdultMaleAgent(Clone),11,9,1.71,1.58,0,0,False,2,0,0
2026-03-04_20.15.02,1,Random_sign_placement_scenario,1037,15,3,-10.69,8.67,90,15,1,810,AdultFemaleAgent(Clone),9,11,1.58,1.450001,0,0,False,2,0,0
2026-03-04_20.15.02,1,Random_sign_placement_scenario,1037,15,3,-10.69,8.67,90,15,1,811,AdultMaleAgent(Clone),8,10,1.71,1.58,8.359444,1,False,2,1,0.5
2026-03-04_20.15.02,1,Random_sign_placement_scenario,1037,15,3,-10.69,8.67,90,15,1,812,AdultFemaleAgent(Clone),9,11,1.58,1.450001,0,0,False,2,0,0
2026-03-04_20.15.02,1,Random_sign_placement_scenario,1037,15,3,-10.69,8.67,90,15,1,813,AdultFemaleAgent(Clone),8,10,1.58,1.450001,9.216331,1,False,2,1,0.5
2026-03-04_20.15.02,1,Random_sign_placement_scenario,1037,15,3,-10.69,8.67,90,15,1,814,AdultFemaleAgent(Clone),10,8,1.58,1.450001,8.971146,2,False,2,1,0.5
2026-03-04_20.15.02,1,Random_sign_placement_scenario,1037,15,3,-10.69,8.67,90,15,1,815,AdultMaleAgent(Clone),8,10,1.71,1.58,8.698097,1,False,2,1,0.5
2026-03-04_20.15.02,1,Random_sign_placement_scenario,1037,15,3,-10.69,8.67,90,15,1,816,AdultFemaleAgent(Clone),8,10,1.58,1.450001,0,0,False,2,1,0.5
2026-03-04_20.15.02,1,Random_sign_placement_scenario,1037,15,3,-10.69,8.67,90,15,1,817,AdultFemaleAgent(Clone),11,9,1.58,1.450001,0,0,False,2,0,0
2026-03-04_20.15.02,1,Random_sign_placement_scenario,1037,15,3,-10.69,8.67,90,15,1,818,WheelchairAgent(Clone),8,10,1.3,1.17,7.953445,1,False,2,1,0.5
2026-03-04_20.15.02,1,Random_sign_placement_scenario,1037,15,3,-10.69,8.67,90,15,1,819,AdultMaleAgent(Clone),10,8,1.71,1.58,5.945511,2,False,2,1,0.5
2026-03-04_20.15.02,1,Random_sign_placement_scenario,1037,15,3,-10.69,8.67,90,15,1,820,AdultMaleAgent(Clone),8,10,1.71,1.58,0,0,False,2,1,0.5
2026-03-04_20.15.02,1,Random_sign_placement_scenario,1037,15,3,-10.69,8.67,90,15,1,821,WheelchairAgent(Clone),10,8,1.3,1.17,8.279709,2,False,2,1,0.5
2026-03-04_20.15.02,1,Random_sign_placement_scenario,1037,15,3,-10.69,8.67,90,15,1,822,WheelchairAgent(Clone),9,11,1.3,1.17,0,0,False,2,0,0
2026-03-04_20.15.02,1,Random_sign_placement_scenario,1037,15,3,-10.69,8.67,90,15,1,823,AdultFemaleAgent(Clone),10,8,1.58,1.450001,5.857582,1,False,2,1,0.5
2026-03-04_20.15.02,1,Random_sign_placement_scenario,1037,15,3,-10.69,8.67,90,15,1,824,WheelchairAgent(Clone),10,8,1.3,1.17,6.932877,1,False,2,1,0.5
2026-03-04_20.15.02,1,Random_sign_placement_scenario,1037,15,3,-10.69,8.67,90,15,1,825,WheelchairAgent(Clone),11,9,1.3,1.17,0,0,False,2,0,0
2026-03-04_20.15.02,1,Random_sign_placement_scenario,1037,15,3,-10.69,8.67,90,15,1,826,AdultFemaleAgent(Clone),9,11,1.58,1.450001,0,0,False,2,0,0
2026-03-04_20.15.02,1,Random_sign_placement_scenario,1037,15,3,-10.69,8.67,90,15,1,827,AdultMaleAgent(Clone),8,10,1.71,1.58,8.367386,1,False,2,1,0.5
2026-03-04_20.15.02,1,Random_sign_placement_scenario,1037,15,3,-10.69,8.67,90,15,1,828,AdultMaleAgent(Clone),11,9,1.71,1.58,0,0,False,2,0,0
2026-03-04_20.15.02,1,Random_sign_placement_scenario,1037,15,3,-10.69,8.67,90,15,1,829,AdultMaleAgent(Clone),8,10,1.71,1.58,8.359451,1,False,2,1,0.5
2026-03-04_20.15.02,1,Random_sign_placement_scenario,1037,15,3,-10.69,8.67,90,15,1,830,AdultMaleAgent(Clone),10,8,1.71,1.58,6.444168,2,False,2,1,0.5
2026-03-04_20.15.02,1,Random_sign_placement_scenario,1037,15,3,-10.69,8.67,90,15,1,831,AdultMaleAgent(Clone),10,8,1.71,1.58,6.412613,2,False,2,1,0.5
2026-03-04_20.15.02,1,Random_sign_placement_scenario,1037,15,3,-10.69,8.67,90,15,1,832,WheelchairAgent(Clone),10,8,1.3,1.17,7.889404,2,False,2,1,0.5
2026-03-04_20.15.02,1,Random_sign_placement_scenario,1037,15,3,-10.69,8.67,90,15,1,833,AdultMaleAgent(Clone),8,10,1.71,1.58,8.216728,1,False,2,1,0.5
2026-03-04_20.15.02,1,Random_sign_placement_scenario,1037,15,3,-10.69,8.67,90,15,1,834,AdultMaleAgent(Clone),11,9,1.71,1.58,0,0,False,2,0,0
2026-03-04_20.15.02,1,Random_sign_placement_scenario,1037,15,3,-10.69,8.67,90,15,1,835,WheelchairAgent(Clone),11,9,1.3,1.17,0,0,False,2,0,0
2026-03-04_20.15.02,1,Random_sign_placement_scenario,1037,15,3,-10.69,8.67,90,15,1,836,AdultFemaleAgent(Clone),8,10,1.58,1.450001,0,0,False,2,1,0.5
2026-03-04_20.15.02,1,Random_sign_placement_scenario,1037,15,3,-10.69,8.67,90,15,1,837,AdultFemaleAgent(Clone),10,8,1.58,1.450001,6.250168,2,False,2,1,0.5
2026-03-04_20.15.02,1,Random_sign_placement_scenario,1037,15,3,-10.69,8.67,90,15,1,838,AdultFemaleAgent(Clone),8,10,1.58,1.450001,0,0,False,2,1,0.5
2026-03-04_20.15.02,1,Random_sign_placement_scenario,1037,15,3,-10.69,8.67,90,15,1,839,AdultMaleAgent(Clone),11,9,1.71,1.58,0,0,False,2,0,0
2026-03-04_20.15.02,1,Random_sign_placement_scenario,1037,15,3,-10.69,8.67,90,15,1,840,WheelchairAgent(Clone),11,9,1.3,1.17,0,0,False,2,0,0
2026-03-04_20.15.02,1,Random_sign_placement_scenario,1037,15,3,-10.69,8.67,90,15,1,841,AdultMaleAgent(Clone),11,9,1.71,1.58,0,0,False,2,0,0
2026-03-04_20.15.02,1,Random_sign_placement_scenario,1037,15,3,-10.69,8.67,90,15,1,842,AdultMaleAgent(Clone),11,9,1.71,1.58,0,0,False,2,0,0
2026-03-04_20.15.02,1,Random_sign_placement_scenario,1037,15,3,-10.69,8.67,90,15,1,843,WheelchairAgent(Clone),8,10,1.3,1.17,0,0,False,2,1,0.5
2026-03-04_20.15.02,1,Random_sign_placement_scenario,1037,15,3,-10.69,8.67,90,15,1,844,AdultMaleAgent(Clone),8,10,1.71,1.58,0,0,False,2,1,0.5
2026-03-04_20.15.02,1,Random_sign_placement_scenario,1037,15,3,-10.69,8.67,90,15,1,845,WheelchairAgent(Clone),9,11,1.3,1.17,0,0,False,2,0,0
2026-03-04_20.15.02,1,Random_sign_placement_scenario,1037,15,3,-10.69,8.67,90,15,1,846,AdultFemaleAgent(Clone),8,10,1.58,1.450001,0,0,False,2,1,0.5
2026-03-04_20.15.02,1,Random_sign_placement_scenario,1037,15,3,-10.69,8.67,90,15,1,847,WheelchairAgent(Clone),8,10,1.3,1.17,0,0,False,2,1,0.5
2026-03-04_20.15.02,1,Random_sign_placement_scenario,1037,15,3,-10.69,8.67,90,15,1,848,AdultFemaleAgent(Clone),8,10,1.58,1.450001,0,0,False,2,1,0.5
2026-03-04_20.15.02,1,Random_sign_placement_scenario,1037,15,3,-10.69,8.67,90,15,1,849,WheelchairAgent(Clone),8,10,1.3,1.17,0,0,False,2,1,0.5
2026-03-04_20.15.02,1,Random_sign_placement_scenario,1037,15,3,-10.69,8.67,90,15,1,850,AdultFemaleAgent(Clone),10,8,1.58,1.450001,7.014191,1,False,2,1,0.5
2026-03-04_20.15.02,1,Random_sign_placement_scenario,1037,15,3,-10.69,8.67,90,15,1,851,AdultFemaleAgent(Clone),8,10,1.58,1.450001,0,0,False,2,1,0.5
2026-03-04_20.15.02,1,Random_sign_placement_scenario,1037,15,3,-10.69,8.67,90,15,1,852,WheelchairAgent(Clone),11,9,1.3,1.17,0,0,False,2,0,0
2026-03-04_20.15.02,1,Random_sign_placement_scenario,1037,15,3,-10.69,8.67,90,15,1,853,AdultMaleAgent(Clone),11,9,1.71,1.58,0,0,False,2,0,0
2026-03-04_20.15.02,1,Random_sign_placement_scenario,1037,15,3,-10.69,8.67,90,15,1,854,AdultMaleAgent(Clone),10,8,1.71,1.58,5.153336,1,False,2,1,0.5
2026-03-04_20.15.02,1,Random_sign_placement_scenario,1037,15,3,-10.69,8.67,90,15,1,855,AdultFemaleAgent(Clone),10,8,1.58,1.450001,6.969337,1,False,2,1,0.5
2026-03-04_20.15.02,1,Random_sign_placement_scenario,1037,15,3,-10.69,8.67,90,15,1,856,AdultFemaleAgent(Clone),9,11,1.58,1.450001,0,0,False,2,0,0
2026-03-04_20.15.02,1,Random_sign_placement_scenario,1037,15,3,-10.69,8.67,90,15,1,857,WheelchairAgent(Clone),9,11,1.3,1.17,0,0,False,2,0,0
2026-03-04_20.15.02,1,Random_sign_placement_scenario,1037,15,3,-10.69,8.67,90,15,1,858,AdultFemaleAgent(Clone),8,10,1.58,1.450001,0,0,False,2,1,0.5
2026-03-04_20.15.02,1,Random_sign_placement_scenario,1037,15,3,-10.69,8.67,90,15,1,859,WheelchairAgent(Clone),9,11,1.3,1.17,0,0,False,2,0,0
2026-03-04_20.15.02,1,Random_sign_placement_scenario,1037,15,3,-10.69,8.67,90,15,1,860,AdultMaleAgent(Clone),10,8,1.71,1.58,7.637321,1,False,2,1,0.5
2026-03-04_20.15.02,1,Random_sign_placement_scenario,1037,15,3,-10.69,8.67,90,15,1,861,AdultMaleAgent(Clone),11,9,1.71,1.58,0,0,False,2,0,0
2026-03-04_20.15.02,1,Random_sign_placement_scenario,1037,15,3,-10.69,8.67,90,15,1,862,WheelchairAgent(Clone),9,11,1.3,1.17,0.3965683,1,False,2,1,0.5
2026-03-04_20.15.02,1,Random_sign_placement_scenario,1037,15,3,-10.69,8.67,90,15,1,863,AdultFemaleAgent(Clone),10,8,1.58,1.450001,7.585854,1,False,2,1,0.5
2026-03-04_20.15.02,1,Random_sign_placement_scenario,1037,15,3,-10.69,8.67,90,15,1,864,AdultMaleAgent(Clone),11,9,1.71,1.58,0,0,False,2,0,0
2026-03-04_20.15.02,1,Random_sign_placement_scenario,1037,15,3,-10.69,8.67,90,15,1,865,WheelchairAgent(Clone),10,8,1.3,1.17,6.069679,1,False,2,1,0.5
2026-03-04_20.15.02,1,Random_sign_placement_scenario,1037,15,3,-10.69,8.67,90,15,1,866,WheelchairAgent(Clone),10,8,1.3,1.17,8.626617,1,False,2,1,0.5
2026-03-04_20.15.02,1,Random_sign_placement_scenario,1037,15,3,-10.69,8.67,90,15,1,867,AdultMaleAgent(Clone),8,10,1.71,1.58,0,0,False,2,1,0.5
2026-03-04_20.15.02,1,Random_sign_placement_scenario,1037,15,3,-10.69,8.67,90,15,1,868,WheelchairAgent(Clone),10,8,1.3,1.17,5.54969,1,False,2,0,0
2026-03-04_20.15.02,1,Random_sign_placement_scenario,1037,15,3,-10.69,8.67,90,15,1,869,WheelchairAgent(Clone),10,8,1.3,1.17,8.783249,1,False,2,1,0.5
2026-03-04_20.15.02,1,Random_sign_placement_scenario,1037,15,3,-10.69,8.67,90,15,1,870,WheelchairAgent(Clone),9,11,1.3,1.17,0,0,False,2,0,0
2026-03-04_20.15.02,1,Random_sign_placement_scenario,1037,15,3,-10.69,8.67,90,15,1,871,AdultMaleAgent(Clone),11,9,1.71,1.58,0,0,False,2,0,0
2026-03-04_20.15.02,1,Random_sign_placement_scenario,1037,15,3,-10.69,8.67,90,15,1,872,AdultFemaleAgent(Clone),11,9,1.58,1.450001,0,0,False,2,0,0
2026-03-04_20.15.02,1,Random_sign_placement_scenario,1037,15,3,-10.69,8.67,90,15,1,873,AdultFemaleAgent(Clone),11,9,1.58,1.450001,0,0,False,2,0,0
2026-03-04_20.15.02,1,Random_sign_placement_scenario,1037,15,3,-10.69,8.67,90,15,1,874,AdultFemaleAgent(Clone),8,10,1.58,1.450001,0,0,False,2,1,0.5
2026-03-04_20.15.02,1,Random_sign_placement_scenario,1037,15,3,-10.69,8.67,90,15,1,875,AdultMaleAgent(Clone),11,9,1.71,1.58,0,0,False,2,0,0
2026-03-04_20.15.02,1,Random_sign_placement_scenario,1037,15,3,-10.69,8.67,90,15,1,876,WheelchairAgent(Clone),10,8,1.3,1.17,6.897537,1,False,2,1,0.5
2026-03-04_20.15.02,1,Random_sign_placement_scenario,1037,15,3,-10.69,8.67,90,15,1,877,AdultFemaleAgent(Clone),9,11,1.58,1.450001,0,0,False,2,0,0
2026-03-04_20.15.02,1,Random_sign_placement_scenario,1037,15,3,-10.69,8.67,90,15,1,878,WheelchairAgent(Clone),9,11,1.3,1.17,0,0,False,2,0,0
2026-03-04_20.15.02,1,Random_sign_placement_scenario,1037,15,3,-10.69,8.67,90,15,1,879,WheelchairAgent(Clone),10,8,1.3,1.17,6.46228,1,False,2,1,0.5
2026-03-04_20.15.02,1,Random_sign_placement_scenario,1037,15,3,-10.69,8.67,90,15,1,880,AdultMaleAgent(Clone),10,8,1.71,1.58,5.578499,1,False,2,1,0.5
2026-03-04_20.15.02,1,Random_sign_placement_scenario,1037,15,3,-10.69,8.67,90,15,1,881,AdultFemaleAgent(Clone),8,10,1.58,1.450001,0,0,False,2,1,0.5
2026-03-04_20.15.02,1,Random_sign_placement_scenario,1037,15,3,-10.69,8.67,90,15,1,882,AdultMaleAgent(Clone),10,8,1.71,1.58,7.600052,1,False,2,1,0.5
2026-03-04_20.15.02,1,Random_sign_placement_scenario,1037,15,3,-10.69,8.67,90,15,1,883,AdultMaleAgent(Clone),8,10,1.71,1.58,0,0,False,2,1,0.5
2026-03-04_20.15.02,1,Random_sign_placement_scenario,1037,15,3,-10.69,8.67,90,15,1,884,WheelchairAgent(Clone),10,8,1.3,1.17,5.986389,1,False,2,1,0.5
2026-03-04_20.15.02,1,Random_sign_placement_scenario,1037,15,3,-10.69,8.67,90,15,1,885,AdultFemaleAgent(Clone),10,8,1.58,1.450001,8.7239,1,False,2,1,0.5
2026-03-04_20.15.02,1,Random_sign_placement_scenario,1037,15,3,-10.69,8.67,90,15,1,886,AdultMaleAgent(Clone),9,11,1.71,1.58,0,0,False,2,0,0
2026-03-04_20.15.02,1,Random_sign_placement_scenario,1037,15,3,-10.69,8.67,90,15,1,887,WheelchairAgent(Clone),11,9,1.3,1.17,0,0,False,2,0,0
2026-03-04_20.15.02,1,Random_sign_placement_scenario,1037,15,3,-10.69,8.67,90,15,1,888,WheelchairAgent(Clone),11,9,1.3,1.17,0,0,False,2,0,0
2026-03-04_20.15.02,1,Random_sign_placement_scenario,1037,15,3,-10.69,8.67,90,15,1,889,AdultFemaleAgent(Clone),8,10,1.58,1.450001,0,0,False,2,1,0.5
2026-03-04_20.15.02,1,Random_sign_placement_scenario,1037,15,3,-10.69,8.67,90,15,1,890,AdultMaleAgent(Clone),8,10,1.71,1.58,0,0,False,2,1,0.5
2026-03-04_20.15.02,1,Random_sign_placement_scenario,1037,15,3,-10.69,8.67,90,15,1,891,AdultMaleAgent(Clone),11,9,1.71,1.58,0,0,False,2,0,0
2026-03-04_20.15.02,1,Random_sign_placement_scenario,1037,15,3,-10.69,8.67,90,15,1,892,AdultFemaleAgent(Clone),11,9,1.58,1.450001,0,0,False,2,0,0
2026-03-04_20.15.02,1,Random_sign_placement_scenario,1037,15,3,-10.69,8.67,90,15,1,893,WheelchairAgent(Clone),11,9,1.3,1.17,0,0,False,2,0,0
2026-03-04_20.15.02,1,Random_sign_placement_scenario,1037,15,3,-10.69,8.67,90,15,1,894,AdultFemaleAgent(Clone),9,11,1.58,1.450001,0.07369995,1,False,2,1,0.5
2026-03-04_20.15.02,1,Random_sign_placement_scenario,1037,15,3,-10.69,8.67,90,15,1,895,WheelchairAgent(Clone),9,11,1.3,1.17,0.5872498,1,False,2,1,0.5
2026-03-04_20.15.02,1,Random_sign_placement_scenario,1037,15,3,-10.69,8.67,90,15,1,896,AdultMaleAgent(Clone),8,10,1.71,1.58,0,0,False,2,1,0.5
2026-03-04_20.15.02,1,Random_sign_placement_scenario,1037,15,3,-10.69,8.67,90,15,1,897,AdultFemaleAgent(Clone),9,11,1.58,1.450001,0,0,False,2,0,0
2026-03-04_20.15.02,1,Random_sign_placement_scenario,1037,15,3,-10.69,8.67,90,15,1,898,WheelchairAgent(Clone),9,11,1.3,1.17,0,0,False,2,0,0
2026-03-04_20.15.02,1,Random_sign_placement_scenario,1037,15,3,-10.69,8.67,90,15,1,899,AdultMaleAgent(Clone),11,9,1.71,1.58,0,0,False,2,0,0
2026-03-04_20.15.02,1,Random_sign_placement_scenario,1037,15,3,-10.69,8.67,90,15,1,900,AdultMaleAgent(Clone),8,10,1.71,1.58,0,0,False,2,1,0.5
2026-03-04_20.15.02,1,Random_sign_placement_scenario,1037,15,3,-10.69,8.67,90,15,1,901,AdultMaleAgent(Clone),8,10,1.71,1.58,0,0,False,2,0,0
2026-03-04_20.15.02,1,Random_sign_placement_scenario,1037,15,3,-10.69,8.67,90,15,1,902,AdultFemaleAgent(Clone),11,9,1.58,1.450001,0,0,False,2,0,0
2026-03-04_20.15.02,1,Random_sign_placement_scenario,1037,15,3,-10.69,8.67,90,15,1,903,AdultFemaleAgent(Clone),11,9,1.58,1.450001,0,0,False,2,0,0
2026-03-04_20.15.02,1,Random_sign_placement_scenario,1037,15,3,-10.69,8.67,90,15,1,904,AdultMaleAgent(Clone),9,11,1.71,1.58,0,0,False,2,0,0
2026-03-04_20.15.02,1,Random_sign_placement_scenario,1037,15,3,-10.69,8.67,90,15,1,905,WheelchairAgent(Clone),10,8,1.3,1.17,7.668968,1,False,2,1,0.5
2026-03-04_20.15.02,1,Random_sign_placement_scenario,1037,15,3,-10.69,8.67,90,15,1,906,AdultMaleAgent(Clone),10,8,1.71,1.58,5.50663,1,False,2,1,0.5
2026-03-04_20.15.02,1,Random_sign_placement_scenario,1037,15,3,-10.69,8.67,90,15,1,907,WheelchairAgent(Clone),8,10,1.3,1.17,0,0,False,2,0,0
2026-03-04_20.15.02,1,Random_sign_placement_scenario,1037,15,3,-10.69,8.67,90,15,1,908,AdultFemaleAgent(Clone),11,9,1.58,1.450001,0,0,False,2,0,0
2026-03-04_20.15.02,1,Random_sign_placement_scenario,1037,15,3,-10.69,8.67,90,15,1,909,AdultFemaleAgent(Clone),9,11,1.58,1.450001,0,0,False,2,0,0
2026-03-04_20.15.02,1,Random_sign_placement_scenario,1037,15,3,-10.69,8.67,90,15,1,910,AdultMaleAgent(Clone),8,10,1.71,1.58,0,0,False,2,0,0
2026-03-04_20.15.02,1,Random_sign_placement_scenario,1037,15,3,-10.69,8.67,90,15,1,911,AdultFemaleAgent(Clone),8,10,1.58,1.450001,0,0,False,2,0,0
2026-03-04_20.15.02,1,Random_sign_placement_scenario,1037,15,3,-10.69,8.67,90,15,1,912,WheelchairAgent(Clone),10,8,1.3,1.17,7.736931,1,False,2,1,0.5
2026-03-04_20.15.02,1,Random_sign_placement_scenario,1037,15,3,-10.69,8.67,90,15,1,913,AdultFemaleAgent(Clone),8,10,1.58,1.450001,0,0,False,2,0,0
2026-03-04_20.15.02,1,Random_sign_placement_scenario,1037,15,3,-10.69,8.67,90,15,1,914,AdultMaleAgent(Clone),11,9,1.71,1.58,0,0,False,2,0,0
2026-03-04_20.15.02,1,Random_sign_placement_scenario,1037,15,3,-10.69,8.67,90,15,1,915,WheelchairAgent(Clone),10,8,1.3,1.17,5.452087,1,False,2,1,0.5
2026-03-04_20.15.02,1,Random_sign_placement_scenario,1037,15,3,-10.69,8.67,90,15,1,916,AdultMaleAgent(Clone),8,10,1.71,1.58,0,0,False,2,0,0
2026-03-04_20.15.02,1,Random_sign_placement_scenario,1037,15,3,-10.69,8.67,90,15,1,917,AdultFemaleAgent(Clone),10,8,1.58,1.450001,7.177521,1,False,2,1,0.5
2026-03-04_20.15.02,1,Random_sign_placement_scenario,1037,15,3,-10.69,8.67,90,15,1,918,AdultMaleAgent(Clone),8,10,1.71,1.58,0,0,False,2,0,0
2026-03-04_20.15.02,1,Random_sign_placement_scenario,1037,15,3,-10.69,8.67,90,15,1,919,AdultMaleAgent(Clone),9,11,1.71,1.58,0,0,False,2,0,0
2026-03-04_20.15.02,1,Random_sign_placement_scenario,1037,15,3,-10.69,8.67,90,15,1,920,AdultMaleAgent(Clone),9,11,1.71,1.58,0,0,False,2,0,0
2026-03-04_20.15.02,1,Random_sign_placement_scenario,1037,15,3,-10.69,8.67,90,15,1,921,AdultMaleAgent(Clone),11,9,1.71,1.58,0,0,False,2,0,0
2026-03-04_20.15.02,1,Random_sign_placement_scenario,1037,15,3,-10.69,8.67,90,15,1,922,WheelchairAgent(Clone),8,10,1.3,1.17,0,0,False,2,0,0
2026-03-04_20.15.02,1,Random_sign_placement_scenario,1037,15,3,-10.69,8.67,90,15,1,923,AdultFemaleAgent(Clone),9,11,1.58,1.450001,0.3295441,1,False,2,1,0.5
2026-03-04_20.15.02,1,Random_sign_placement_scenario,1037,15,3,-10.69,8.67,90,15,1,924,AdultFemaleAgent(Clone),8,10,1.58,1.450001,0,0,False,2,0,0
2026-03-04_20.15.02,1,Random_sign_placement_scenario,1037,15,3,-10.69,8.67,90,15,1,925,AdultFemaleAgent(Clone),9,11,1.58,1.450001,0,0,False,2,0,0
2026-03-04_20.15.02,1,Random_sign_placement_scenario,1037,15,3,-10.69,8.67,90,15,1,926,AdultMaleAgent(Clone),10,8,1.71,1.58,5.860214,1,False,2,1,0.5
2026-03-04_20.15.02,1,Random_sign_placement_scenario,1037,15,3,-10.69,8.67,90,15,1,927,AdultFemaleAgent(Clone),8,10,1.58,1.450001,0,0,False,2,0,0
2026-03-04_20.15.02,1,Random_sign_placement_scenario,1037,15,3,-10.69,8.67,90,15,1,928,AdultFemaleAgent(Clone),9,11,1.58,1.450001,0,0,False,2,0,0
2026-03-04_20.15.02,1,Random_sign_placement_scenario,1037,15,3,-10.69,8.67,90,15,1,929,AdultMaleAgent(Clone),11,9,1.71,1.58,0,0,False,2,0,0
2026-03-04_20.15.02,1,Random_sign_placement_scenario,1037,15,3,-10.69,8.67,90,15,1,930,WheelchairAgent(Clone),8,10,1.3,1.17,0,0,False,2,0,0
2026-03-04_20.15.02,1,Random_sign_placement_scenario,1037,15,3,-10.69,8.67,90,15,1,931,AdultFemaleAgent(Clone),9,11,1.58,1.450001,0.4271698,1,False,2,1,0.5
2026-03-04_20.15.02,1,Random_sign_placement_scenario,1037,15,3,-10.69,8.67,90,15,1,932,AdultFemaleAgent(Clone),9,11,1.58,1.450001,0,0,False,2,0,0
2026-03-04_20.15.02,1,Random_sign_placement_scenario,1037,15,3,-10.69,8.67,90,15,1,933,WheelchairAgent(Clone),10,8,1.3,1.17,7.42366,1,False,2,1,0.5
2026-03-04_20.15.02,1,Random_sign_placement_scenario,1037,15,3,-10.69,8.67,90,15,1,934,AdultFemaleAgent(Clone),10,8,1.58,1.450001,0,0,False,2,1,0.5
2026-03-04_20.15.02,1,Random_sign_placement_scenario,1037,15,3,-10.69,8.67,90,15,1,935,WheelchairAgent(Clone),11,9,1.3,1.17,0,0,False,2,0,0
2026-03-04_20.15.02,1,Random_sign_placement_scenario,1037,15,3,-10.69,8.67,90,15,1,936,WheelchairAgent(Clone),9,11,1.3,1.17,0,0,False,2,0,0
2026-03-04_20.15.02,1,Random_sign_placement_scenario,1037,15,3,-10.69,8.67,90,15,1,937,WheelchairAgent(Clone),8,10,1.3,1.17,0,0,False,2,0,0
2026-03-04_20.15.02,1,Random_sign_placement_scenario,1037,15,3,-10.69,8.67,90,15,1,938,WheelchairAgent(Clone),9,11,1.3,1.17,0,0,False,2,0,0
2026-03-04_20.15.02,1,Random_sign_placement_scenario,1037,15,3,-10.69,8.67,90,15,1,939,AdultFemaleAgent(Clone),8,10,1.58,1.450001,0,0,False,2,0,0
2026-03-04_20.15.02,1,Random_sign_placement_scenario,1037,15,3,-10.69,8.67,90,15,1,940,WheelchairAgent(Clone),8,10,1.3,1.17,0,0,False,2,0,0
2026-03-04_20.15.02,1,Random_sign_placement_scenario,1037,15,3,-10.69,8.67,90,15,1,941,WheelchairAgent(Clone),8,10,1.3,1.17,0,0,False,2,0,0
2026-03-04_20.15.02,1,Random_sign_placement_scenario,1037,15,3,-10.69,8.67,90,15,1,942,AdultFemaleAgent(Clone),8,10,1.58,1.450001,0,0,False,2,0,0
2026-03-04_20.15.02,1,Random_sign_placement_scenario,1037,15,3,-10.69,8.67,90,15,1,943,AdultMaleAgent(Clone),10,8,1.71,1.58,0,0,False,2,1,0.5
2026-03-04_20.15.02,1,Random_sign_placement_scenario,1037,15,3,-10.69,8.67,90,15,1,944,AdultFemaleAgent(Clone),11,9,1.58,1.450001,0,0,False,2,0,0
2026-03-04_20.15.02,1,Random_sign_placement_scenario,1037,15,3,-10.69,8.67,90,15,1,945,AdultMaleAgent(Clone),9,11,1.71,1.58,0,0,False,2,0,0
2026-03-04_20.15.02,1,Random_sign_placement_scenario,1037,15,3,-10.69,8.67,90,15,1,946,AdultFemaleAgent(Clone),9,11,1.58,1.450001,0,0,False,2,0,0
2026-03-04_20.15.02,1,Random_sign_placement_scenario,1037,15,3,-10.69,8.67,90,15,1,947,AdultMaleAgent(Clone),9,11,1.71,1.58,0.3505402,1,False,2,1,0.5
2026-03-04_20.15.02,1,Random_sign_placement_scenario,1037,15,3,-10.69,8.67,90,15,1,948,AdultFemaleAgent(Clone),11,9,1.58,1.450001,0,0,False,2,0,0
2026-03-04_20.15.02,1,Random_sign_placement_scenario,1037,15,3,-10.69,8.67,90,15,1,949,WheelchairAgent(Clone),10,8,1.3,1.17,0,0,False,2,1,0.5
2026-03-04_20.15.02,1,Random_sign_placement_scenario,1037,15,3,-10.69,8.67,90,15,1,950,AdultMaleAgent(Clone),8,10,1.71,1.58,0,0,False,2,0,0
2026-03-04_20.15.02,1,Random_sign_placement_scenario,1037,15,3,-10.69,8.67,90,15,1,951,AdultMaleAgent(Clone),8,10,1.71,1.58,0,0,False,2,0,0
2026-03-04_20.15.02,1,Random_sign_placement_scenario,1037,15,3,-10.69,8.67,90,15,1,952,AdultMaleAgent(Clone),10,8,1.71,1.58,0,0,False,2,1,0.5
2026-03-04_20.15.02,1,Random_sign_placement_scenario,1037,15,3,-10.69,8.67,90,15,1,953,AdultFemaleAgent(Clone),11,9,1.58,1.450001,0,0,False,2,0,0
2026-03-04_20.15.02,1,Random_sign_placement_scenario,1037,15,3,-10.69,8.67,90,15,1,954,AdultMaleAgent(Clone),10,8,1.71,1.58,0,0,False,2,1,0.5
2026-03-04_20.15.02,1,Random_sign_placement_scenario,1037,15,3,-10.69,8.67,90,15,1,955,AdultFemaleAgent(Clone),10,8,1.58,1.450001,0,0,False,2,1,0.5
2026-03-04_20.15.02,1,Random_sign_placement_scenario,1037,15,3,-10.69,8.67,90,15,1,956,AdultMaleAgent(Clone),8,10,1.71,1.58,0,0,False,2,0,0
2026-03-04_20.15.02,1,Random_sign_placement_scenario,1037,15,3,-10.69,8.67,90,15,1,957,WheelchairAgent(Clone),11,9,1.3,1.17,0,0,False,2,0,0
2026-03-04_20.15.02,1,Random_sign_placement_scenario,1037,15,3,-10.69,8.67,90,15,1,958,AdultFemaleAgent(Clone),11,9,1.58,1.450001,0,0,False,2,0,0
2026-03-04_20.15.02,1,Random_sign_placement_scenario,1037,15,3,-10.69,8.67,90,15,1,959,AdultFemaleAgent(Clone),8,10,1.58,1.450001,0,0,False,2,0,0
2026-03-04_20.15.02,1,Random_sign_placement_scenario,1037,15,3,-10.69,8.67,90,15,1,960,AdultMaleAgent(Clone),8,10,1.71,1.58,0,0,False,2,0,0
2026-03-04_20.15.02,1,Random_sign_placement_scenario,1037,15,3,-10.69,8.67,90,15,1,961,WheelchairAgent(Clone),11,9,1.3,1.17,0,0,False,2,0,0
2026-03-04_20.15.02,1,Random_sign_placement_scenario,1037,15,3,-10.69,8.67,90,15,1,962,WheelchairAgent(Clone),9,11,1.3,1.17,0.09014893,1,False,2,1,0.5
2026-03-04_20.15.02,1,Random_sign_placement_scenario,1037,15,3,-10.69,8.67,90,15,1,963,AdultFemaleAgent(Clone),9,11,1.58,1.450001,0,0,False,2,0,0
2026-03-04_20.15.02,1,Random_sign_placement_scenario,1037,15,3,-10.69,8.67,90,15,1,964,AdultMaleAgent(Clone),9,11,1.71,1.58,0,0,False,2,0,0
2026-03-04_20.15.02,1,Random_sign_placement_scenario,1037,15,3,-10.69,8.67,90,15,1,965,AdultFemaleAgent(Clone),8,10,1.58,1.450001,0,0,False,2,0,0
2026-03-04_20.15.02,1,Random_sign_placement_scenario,1037,15,3,-10.69,8.67,90,15,1,966,AdultMaleAgent(Clone),11,9,1.71,1.58,0,0,False,2,0,0
2026-03-04_20.15.02,1,Random_sign_placement_scenario,1037,15,3,-10.69,8.67,90,15,1,967,AdultMaleAgent(Clone),10,8,1.71,1.58,0,0,False,2,1,0.5
2026-03-04_20.15.02,1,Random_sign_placement_scenario,1037,15,3,-10.69,8.67,90,15,1,968,AdultFemaleAgent(Clone),11,9,1.58,1.450001,0,0,False,2,0,0
2026-03-04_20.15.02,1,Random_sign_placement_scenario,1037,15,3,-10.69,8.67,90,15,1,969,AdultMaleAgent(Clone),10,8,1.71,1.58,0,0,False,2,1,0.5
2026-03-04_20.15.02,1,Random_sign_placement_scenario,1037,15,3,-10.69,8.67,90,15,1,970,WheelchairAgent(Clone),11,9,1.3,1.17,0,0,False,2,0,0
2026-03-04_20.15.02,1,Random_sign_placement_scenario,1037,15,3,-10.69,8.67,90,15,1,971,WheelchairAgent(Clone),10,8,1.3,1.17,0,0,False,2,1,0.5
2026-03-04_20.15.02,1,Random_sign_placement_scenario,1037,15,3,-10.69,8.67,90,15,1,972,AdultFemaleAgent(Clone),10,8,1.58,1.450001,0,0,False,2,1,0.5
2026-03-04_20.15.02,1,Random_sign_placement_scenario,1037,15,3,-10.69,8.67,90,15,1,973,AdultMaleAgent(Clone),8,10,1.71,1.58,0,0,False,2,0,0
2026-03-04_20.15.02,1,Random_sign_placement_scenario,1037,15,3,-10.69,8.67,90,15,1,974,AdultFemaleAgent(Clone),11,9,1.58,1.450001,0,0,False,2,0,0
2026-03-04_20.15.02,1,Random_sign_placement_scenario,1037,15,3,-10.69,8.67,90,15,1,975,AdultMaleAgent(Clone),8,10,1.71,1.58,0,0,False,2,0,0
2026-03-04_20.15.02,1,Random_sign_placement_scenario,1037,15,3,-10.69,8.67,90,15,1,976,AdultMaleAgent(Clone),10,8,1.71,1.58,0,0,False,2,1,0.5
2026-03-04_20.15.02,1,Random_sign_placement_scenario,1037,15,3,-10.69,8.67,90,15,1,977,AdultFemaleAgent(Clone),10,8,1.58,1.450001,0,0,False,2,1,0.5
2026-03-04_20.15.02,1,Random_sign_placement_scenario,1037,15,3,-10.69,8.67,90,15,1,978,AdultMaleAgent(Clone),10,8,1.71,1.58,0,0,False,2,1,0.5
2026-03-04_20.15.02,1,Random_sign_placement_scenario,1037,15,3,-10.69,8.67,90,15,1,979,AdultFemaleAgent(Clone),8,10,1.58,1.450001,0,0,False,2,0,0
2026-03-04_20.15.02,1,Random_sign_placement_scenario,1037,15,3,-10.69,8.67,90,15,1,980,WheelchairAgent(Clone),11,9,1.3,1.17,0,0,False,2,0,0
2026-03-04_20.15.02,1,Random_sign_placement_scenario,1037,15,3,-10.69,8.67,90,15,1,981,AdultMaleAgent(Clone),8,10,1.71,1.58,0,0,False,2,0,0
2026-03-04_20.15.02,1,Random_sign_placement_scenario,1037,15,3,-10.69,8.67,90,15,1,982,AdultFemaleAgent(Clone),11,9,1.58,1.450001,0,0,False,2,0,0
2026-03-04_20.15.02,1,Random_sign_placement_scenario,1037,15,3,-10.69,8.67,90,15,1,983,AdultFemaleAgent(Clone),9,11,1.58,1.450001,0,0,False,2,0,0
2026-03-04_20.15.02,1,Random_sign_placement_scenario,1037,15,3,-10.69,8.67,90,15,1,984,AdultFemaleAgent(Clone),11,9,1.58,1.450001,0,0,False,2,0,0
2026-03-04_20.15.02,1,Random_sign_placement_scenario,1037,15,3,-10.69,8.67,90,15,1,985,AdultMaleAgent(Clone),10,8,1.71,1.58,0,0,False,2,0,0
2026-03-04_20.15.02,1,Random_sign_placement_scenario,1037,15,3,-10.69,8.67,90,15,1,986,AdultFemaleAgent(Clone),8,10,1.58,1.450001,0,0,False,2,0,0
2026-03-04_20.15.02,1,Random_sign_placement_scenario,1037,15,3,-10.69,8.67,90,15,1,987,AdultMaleAgent(Clone),11,9,1.71,1.58,0,0,False,2,0,0
2026-03-04_20.15.02,1,Random_sign_placement_scenario,1037,15,3,-10.69,8.67,90,15,1,988,WheelchairAgent(Clone),8,10,1.3,1.17,0,0,False,2,0,0
2026-03-04_20.15.02,1,Random_sign_placement_scenario,1037,15,3,-10.69,8.67,90,15,1,989,WheelchairAgent(Clone),11,9,1.3,1.17,0,0,False,2,0,0
2026-03-04_20.15.02,1,Random_sign_placement_scenario,1037,15,3,-10.69,8.67,90,15,1,990,AdultFemaleAgent(Clone),9,11,1.58,1.450001,0,0,False,2,0,0
2026-03-04_20.15.02,1,Random_sign_placement_scenario,1037,15,3,-10.69,8.67,90,15,1,991,WheelchairAgent(Clone),8,10,1.3,1.17,0,0,False,2,0,0
2026-03-04_20.15.02,1,Random_sign_placement_scenario,1037,15,3,-10.69,8.67,90,15,1,992,AdultFemaleAgent(Clone),10,8,1.58,1.450001,0,0,False,2,0,0
2026-03-04_20.15.02,1,Random_sign_placement_scenario,1037,15,3,-10.69,8.67,90,15,1,993,WheelchairAgent(Clone),9,11,1.3,1.17,0,0,False,2,0,0
2026-03-04_20.15.02,1,Random_sign_placement_scenario,1037,15,3,-10.69,8.67,90,15,1,994,WheelchairAgent(Clone),8,10,1.3,1.17,0,0,False,2,0,0
2026-03-04_20.15.02,1,Random_sign_placement_scenario,1037,15,3,-10.69,8.67,90,15,1,995,AdultFemaleAgent(Clone),11,9,1.58,1.450001,0,0,False,2,0,0
2026-03-04_20.15.02,1,Random_sign_placement_scenario,1037,15,3,-10.69,8.67,90,15,1,996,AdultMaleAgent(Clone),8,10,1.71,1.58,0,0,False,2,0,0
2026-03-04_20.15.02,1,Random_sign_placement_scenario,1037,15,3,-10.69,8.67,90,15,1,997,WheelchairAgent(Clone),8,10,1.3,1.17,0,0,False,2,0,0
2026-03-04_20.15.02,1,Random_sign_placement_scenario,1037,15,3,-10.69,8.67,90,15,1,998,AdultFemaleAgent(Clone),10,8,1.58,1.450001,0,0,False,2,0,0
2026-03-04_20.15.02,1,Random_sign_placement_scenario,1037,15,3,-10.69,8.67,90,15,1,999,AdultFemaleAgent(Clone),10,8,1.58,1.450001,0,0,False,2,0,0
2026-03-04_20.15.02,1,Random_sign_placement_scenario,1037,15,3,-10.69,8.67,90,15,1,1000,AdultMaleAgent(Clone),11,9,1.71,1.58,0,0,False,2,0,0
2026-03-04_20.15.02,1,Random_sign_placement_scenario,1037,15,3,-10.69,8.67,90,15,1,1001,AdultFemaleAgent(Clone),9,11,1.58,1.450001,0,0,False,2,0,0
2026-03-04_20.15.02,1,Random_sign_placement_scenario,1037,15,3,-10.69,8.67,90,15,1,1002,AdultMaleAgent(Clone),9,11,1.71,1.58,0,0,False,2,0,0
2026-03-04_20.15.02,1,Random_sign_placement_scenario,1037,15,3,-10.69,8.67,90,15,1,1003,AdultMaleAgent(Clone),11,9,1.71,1.58,0,0,False,2,0,0
2026-03-04_20.15.02,1,Random_sign_placement_scenario,1037,15,3,-10.69,8.67,90,15,1,1004,AdultFemaleAgent(Clone),9,11,1.58,1.450001,0,0,False,2,0,0
2026-03-04_20.15.02,1,Random_sign_placement_scenario,1037,15,3,-10.69,8.67,90,15,1,1005,AdultMaleAgent(Clone),10,8,1.71,1.58,0,0,False,2,0,0
2026-03-04_20.15.02,1,Random_sign_placement_scenario,1037,15,3,-10.69,8.67,90,15,1,1006,AdultFemaleAgent(Clone),8,10,1.58,1.450001,0,0,False,2,0,0
2026-03-04_20.15.02,1,Random_sign_placement_scenario,1037,15,3,-10.69,8.67,90,15,1,1007,AdultMaleAgent(Clone),10,8,1.71,1.58,0,0,False,2,0,0
2026-03-04_20.15.02,1,Random_sign_placement_scenario,1037,15,3,-10.69,8.67,90,15,1,1008,WheelchairAgent(Clone),8,10,1.3,1.17,0,0,False,2,0,0
2026-03-04_20.15.02,1,Random_sign_placement_scenario,1037,15,3,-10.69,8.67,90,15,1,1009,AdultMaleAgent(Clone),9,11,1.71,1.58,0,0,False,2,0,0
2026-03-04_20.15.02,1,Random_sign_placement_scenario,1037,15,3,-10.69,8.67,90,15,1,1010,AdultMaleAgent(Clone),11,9,1.71,1.58,0,0,False,2,0,0
2026-03-04_20.15.02,1,Random_sign_placement_scenario,1037,15,3,-10.69,8.67,90,15,1,1011,AdultMaleAgent(Clone),9,11,1.71,1.58,0,0,False,2,0,0
2026-03-04_20.15.02,1,Random_sign_placement_scenario,1037,15,3,-10.69,8.67,90,15,1,1012,AdultMaleAgent(Clone),10,8,1.71,1.58,0,0,False,2,0,0
2026-03-04_20.15.02,1,Random_sign_placement_scenario,1037,15,3,-10.69,8.67,90,15,1,1013,AdultFemaleAgent(Clone),11,9,1.58,1.450001,0,0,False,2,0,0
2026-03-04_20.15.02,1,Random_sign_placement_scenario,1037,15,3,-10.69,8.67,90,15,1,1014,WheelchairAgent(Clone),8,10,1.3,1.17,0,0,False,2,0,0
2026-03-04_20.15.02,1,Random_sign_placement_scenario,1037,15,3,-10.69,8.67,90,15,1,1015,AdultFemaleAgent(Clone),9,11,1.58,1.450001,0,0,False,2,0,0
2026-03-04_20.15.02,1,Random_sign_placement_scenario,1037,15,3,-10.69,8.67,90,15,1,1016,WheelchairAgent(Clone),9,11,1.3,1.17,0,0,False,2,0,0
2026-03-04_20.15.02,1,Random_sign_placement_scenario,1037,15,3,-10.69,8.67,90,15,1,1017,AdultMaleAgent(Clone),10,8,1.71,1.58,0,0,False,2,0,0
2026-03-04_20.15.02,1,Random_sign_placement_scenario,1037,15,3,-10.69,8.67,90,15,1,1018,AdultMaleAgent(Clone),11,9,1.71,1.58,0,0,False,2,0,0
2026-03-04_20.15.02,1,Random_sign_placement_scenario,1037,15,3,-10.69,8.67,90,15,1,1019,WheelchairAgent(Clone),8,10,1.3,1.17,0,0,False,2,0,0
2026-03-04_20.15.02,1,Random_sign_placement_scenario,1037,15,3,-10.69,8.67,90,15,1,1020,AdultMaleAgent(Clone),11,9,1.71,1.58,0,0,False,2,0,0
2026-03-04_20.15.02,1,Random_sign_placement_scenario,1037,15,3,-10.69,8.67,90,15,1,1021,AdultFemaleAgent(Clone),9,11,1.58,1.450001,0,0,False,2,0,0
2026-03-04_20.15.02,1,Random_sign_placement_scenario,1037,15,3,-10.69,8.67,90,15,1,1022,AdultFemaleAgent(Clone),11,9,1.58,1.450001,0,0,False,2,0,0
2026-03-04_20.15.02,1,Random_sign_placement_scenario,1037,15,3,-10.69,8.67,90,15,1,1023,AdultFemaleAgent(Clone),8,10,1.58,1.450001,0,0,False,2,0,0
2026-03-04_20.15.02,1,Random_sign_placement_scenario,1037,15,3,-10.69,8.67,90,15,1,1024,AdultFemaleAgent(Clone),10,8,1.58,1.450001,0,0,False,2,0,0
2026-03-04_20.15.02,1,Random_sign_placement_scenario,1037,15,3,-10.69,8.67,90,15,1,1025,AdultFemaleAgent(Clone),10,8,1.58,1.450001,0,0,False,2,0,0
2026-03-04_20.15.02,1,Random_sign_placement_scenario,1037,15,3,-10.69,8.67,90,15,1,1026,AdultFemaleAgent(Clone),10,8,1.58,1.450001,0,0,False,2,0,0
2026-03-04_20.15.02,1,Random_sign_placement_scenario,1037,15,3,-10.69,8.67,90,15,1,1027,AdultFemaleAgent(Clone),11,9,1.58,1.450001,0,0,False,2,0,0
2026-03-04_20.15.02,1,Random_sign_placement_scenario,1037,15,3,-10.69,8.67,90,15,1,1028,AdultFemaleAgent(Clone),10,8,1.58,1.450001,0,0,False,2,0,0
2026-03-04_20.15.02,1,Random_sign_placement_scenario,1037,15,3,-10.69,8.67,90,15,1,1029,AdultMaleAgent(Clone),9,11,1.71,1.58,0,0,False,2,0,0
2026-03-04_20.15.02,1,Random_sign_placement_scenario,1037,15,3,-10.69,8.67,90,15,1,1030,AdultFemaleAgent(Clone),11,9,1.58,1.450001,0,0,False,2,0,0
2026-03-04_20.15.02,1,Random_sign_placement_scenario,1037,15,3,-10.69,8.67,90,15,1,1031,AdultFemaleAgent(Clone),9,11,1.58,1.450001,0,0,False,2,0,0
2026-03-04_20.15.02,1,Random_sign_placement_scenario,1037,15,3,-10.69,8.67,90,15,1,1032,WheelchairAgent(Clone),8,10,1.3,1.17,0,0,False,2,0,0
2026-03-04_20.15.02,1,Random_sign_placement_scenario,1037,15,3,-10.69,8.67,90,15,1,1033,WheelchairAgent(Clone),10,8,1.3,1.17,0,0,False,2,0,0
2026-03-04_20.15.02,1,Random_sign_placement_scenario,1037,15,3,-10.69,8.67,90,15,1,1034,AdultFemaleAgent(Clone),10,8,1.58,1.450001,0,0,False,2,0,0
2026-03-04_20.15.02,1,Random_sign_placement_scenario,1037,15,3,-10.69,8.67,90,15,1,1035,AdultFemaleAgent(Clone),10,8,1.58,1.450001,0,0,False,2,0,0
2026-03-04_20.15.02,1,Random_sign_placement_scenario,1037,15,3,-10.69,8.67,90,15,1,1036,AdultMaleAgent(Clone),9,11,1.71,1.58,0,0,False,2,0,0
