Timestamp,RunIndex,ScenarioID,TotalAgents,VisibleSignCount,SignHeight,SignPositionX,SignPositionZ,VcaAngle,VcaDistance,SignComprehensionTime,GlobalFPS,LCP_ms,UIC_Alpha,AgentID,AgentType,StartNode,GoalNode,Height,EyeHeight,TimeInVCA,TimesInVCA,SawSign,TotalNodesNavigated,NodesWithDetection,RDEffective
2026-03-02_21.23.17,1,Random_sign_placement_scenario,1030,269,0.5,-10.69,8.67,90,15,1,4.974157,1.17029,1,0,AdultFemaleAgent(Clone),10,8,1.58,1.450001,5.454889,2,True,2,1,0.5
2026-03-02_21.23.17,1,Random_sign_placement_scenario,1030,269,0.5,-10.69,8.67,90,15,1,4.974157,1.17029,1,1,AdultFemaleAgent(Clone),10,8,1.58,1.450001,8.792431,2,True,2,1,0.5
2026-03-02_21.23.17,1,Random_sign_placement_scenario,1030,269,0.5,-10.69,8.67,90,15,1,4.974157,1.17029,1,2,AdultFemaleAgent(Clone),9,11,1.58,1.450001,0,0,False,2,0,0
2026-03-02_21.23.17,1,Random_sign_placement_scenario,1030,269,0.5,-10.69,8.67,90,15,1,4.974157,1.17029,1,3,AdultFemaleAgent(Clone),10,8,1.58,1.450001,6.767906,2,True,2,1,0.5
2026-03-02_21.23.17,1,Random_sign_placement_scenario,1030,269,0.5,-10.69,8.67,90,15,1,4.974157,1.17029,1,4,WheelchairAgent(Clone),10,8,1.3,1.17,6.790121,2,True,2,1,0.5
2026-03-02_21.23.17,1,Random_sign_placement_scenario,1030,269,0.5,-10.69,8.67,90,15,1,4.974157,1.17029,1,5,WheelchairAgent(Clone),9,11,1.3,1.17,0.5907402,1,False,2,1,0.5
2026-03-02_21.23.17,1,Random_sign_placement_scenario,1030,269,0.5,-10.69,8.67,90,15,1,4.974157,1.17029,1,6,AdultMaleAgent(Clone),8,10,1.71,1.58,9.666666,2,True,2,1,0.5
2026-03-02_21.23.17,1,Random_sign_placement_scenario,1030,269,0.5,-10.69,8.67,90,15,1,4.974157,1.17029,1,7,AdultMaleAgent(Clone),11,9,1.71,1.58,0,0,False,2,0,0
2026-03-02_21.23.17,1,Random_sign_placement_scenario,1030,269,0.5,-10.69,8.67,90,15,1,4.974157,1.17029,1,8,AdultFemaleAgent(Clone),10,8,1.58,1.450001,8.821802,2,True,2,1,0.5
2026-03-02_21.23.17,1,Random_sign_placement_scenario,1030,269,0.5,-10.69,8.67,90,15,1,4.974157,1.17029,1,9,AdultFemaleAgent(Clone),11,9,1.58,1.450001,0,0,False,2,0,0
2026-03-02_21.23.17,1,Random_sign_placement_scenario,1030,269,0.5,-10.69,8.67,90,15,1,4.974157,1.17029,1,10,AdultMaleAgent(Clone),8,10,1.71,1.58,9.000002,2,True,2,1,0.5
2026-03-02_21.23.17,1,Random_sign_placement_scenario,1030,269,0.5,-10.69,8.67,90,15,1,4.974157,1.17029,1,11,AdultMaleAgent(Clone),8,10,1.71,1.58,8,2,True,2,1,0.5
2026-03-02_21.23.17,1,Random_sign_placement_scenario,1030,269,0.5,-10.69,8.67,90,15,1,4.974157,1.17029,1,12,AdultFemaleAgent(Clone),11,9,1.58,1.450001,0,0,False,2,0,0
2026-03-02_21.23.17,1,Random_sign_placement_scenario,1030,269,0.5,-10.69,8.67,90,15,1,4.974157,1.17029,1,13,AdultFemaleAgent(Clone),10,8,1.58,1.450001,8.996851,2,True,2,1,0.5
2026-03-02_21.23.17,1,Random_sign_placement_scenario,1030,269,0.5,-10.69,8.67,90,15,1,4.974157,1.17029,1,14,AdultFemaleAgent(Clone),10,8,1.58,1.450001,8.748024,2,True,2,1,0.5
2026-03-02_21.23.17,1,Random_sign_placement_scenario,1030,269,0.5,-10.69,8.67,90,15,1,4.974157,1.17029,1,15,WheelchairAgent(Clone),9,11,1.3,1.17,0,0,False,2,0,0
2026-03-02_21.23.17,1,Random_sign_placement_scenario,1030,269,0.5,-10.69,8.67,90,15,1,4.974157,1.17029,1,16,AdultMaleAgent(Clone),11,9,1.71,1.58,0,0,False,2,0,0
2026-03-02_21.23.17,1,Random_sign_placement_scenario,1030,269,0.5,-10.69,8.67,90,15,1,4.974157,1.17029,1,17,AdultFemaleAgent(Clone),8,10,1.58,1.450001,9.666668,2,True,2,1,0.5
2026-03-02_21.23.17,1,Random_sign_placement_scenario,1030,269,0.5,-10.69,8.67,90,15,1,4.974157,1.17029,1,18,WheelchairAgent(Clone),8,10,1.3,1.17,10.33333,2,True,2,1,0.5
2026-03-02_21.23.17,1,Random_sign_placement_scenario,1030,269,0.5,-10.69,8.67,90,15,1,4.974157,1.17029,1,19,AdultFemaleAgent(Clone),10,8,1.58,1.450001,6.99581,2,True,2,1,0.5
2026-03-02_21.23.17,1,Random_sign_placement_scenario,1030,269,0.5,-10.69,8.67,90,15,1,4.974157,1.17029,1,20,WheelchairAgent(Clone),11,9,1.3,1.17,0,0,False,2,0,0
2026-03-02_21.23.17,1,Random_sign_placement_scenario,1030,269,0.5,-10.69,8.67,90,15,1,4.974157,1.17029,1,21,WheelchairAgent(Clone),9,11,1.3,1.17,0,0,False,2,0,0
2026-03-02_21.23.17,1,Random_sign_placement_scenario,1030,269,0.5,-10.69,8.67,90,15,1,4.974157,1.17029,1,22,AdultFemaleAgent(Clone),8,10,1.58,1.450001,10,2,False,2,1,0.5
2026-03-02_21.23.17,1,Random_sign_placement_scenario,1030,269,0.5,-10.69,8.67,90,15,1,4.974157,1.17029,1,23,AdultMaleAgent(Clone),11,9,1.71,1.58,0,0,False,2,0,0
2026-03-02_21.23.17,1,Random_sign_placement_scenario,1030,269,0.5,-10.69,8.67,90,15,1,4.974157,1.17029,1,24,WheelchairAgent(Clone),9,11,1.3,1.17,0,0,False,2,0,0
2026-03-02_21.23.17,1,Random_sign_placement_scenario,1030,269,0.5,-10.69,8.67,90,15,1,4.974157,1.17029,1,25,AdultMaleAgent(Clone),11,9,1.71,1.58,0,0,False,2,0,0
2026-03-02_21.23.17,1,Random_sign_placement_scenario,1030,269,0.5,-10.69,8.67,90,15,1,4.974157,1.17029,1,26,AdultFemaleAgent(Clone),10,8,1.58,1.450001,6.459938,2,True,2,1,0.5
2026-03-02_21.23.17,1,Random_sign_placement_scenario,1030,269,0.5,-10.69,8.67,90,15,1,4.974157,1.17029,1,27,WheelchairAgent(Clone),10,8,1.3,1.17,6.9228,2,False,2,0,0
2026-03-02_21.23.17,1,Random_sign_placement_scenario,1030,269,0.5,-10.69,8.67,90,15,1,4.974157,1.17029,1,28,AdultMaleAgent(Clone),11,9,1.71,1.58,0,0,False,2,0,0
2026-03-02_21.23.17,1,Random_sign_placement_scenario,1030,269,0.5,-10.69,8.67,90,15,1,4.974157,1.17029,1,29,WheelchairAgent(Clone),11,9,1.3,1.17,0,0,False,2,0,0
2026-03-02_21.23.17,1,Random_sign_placement_scenario,1030,269,0.5,-10.69,8.67,90,15,1,4.974157,1.17029,1,30,AdultMaleAgent(Clone),11,9,1.71,1.58,0,0,False,2,0,0
2026-03-02_21.23.17,1,Random_sign_placement_scenario,1030,269,0.5,-10.69,8.67,90,15,1,4.974157,1.17029,1,31,AdultMaleAgent(Clone),9,11,1.71,1.58,0.7385654,1,False,2,1,0.5
2026-03-02_21.23.17,1,Random_sign_placement_scenario,1030,269,0.5,-10.69,8.67,90,15,1,4.974157,1.17029,1,32,WheelchairAgent(Clone),8,10,1.3,1.17,9.333332,2,True,2,1,0.5
2026-03-02_21.23.17,1,Random_sign_placement_scenario,1030,269,0.5,-10.69,8.67,90,15,1,4.974157,1.17029,1,33,AdultFemaleAgent(Clone),9,11,1.58,1.450001,0,0,False,2,0,0
2026-03-02_21.23.17,1,Random_sign_placement_scenario,1030,269,0.5,-10.69,8.67,90,15,1,4.974157,1.17029,1,34,AdultFemaleAgent(Clone),11,9,1.58,1.450001,0,0,False,2,0,0
2026-03-02_21.23.17,1,Random_sign_placement_scenario,1030,269,0.5,-10.69,8.67,90,15,1,4.974157,1.17029,1,35,AdultFemaleAgent(Clone),8,10,1.58,1.450001,9,2,True,2,1,0.5
2026-03-02_21.23.17,1,Random_sign_placement_scenario,1030,269,0.5,-10.69,8.67,90,15,1,4.974157,1.17029,1,36,AdultMaleAgent(Clone),9,11,1.71,1.58,0,0,False,2,0,0
2026-03-02_21.23.17,1,Random_sign_placement_scenario,1030,269,0.5,-10.69,8.67,90,15,1,4.974157,1.17029,1,37,AdultFemaleAgent(Clone),9,11,1.58,1.450001,0,0,False,2,0,0
2026-03-02_21.23.17,1,Random_sign_placement_scenario,1030,269,0.5,-10.69,8.67,90,15,1,4.974157,1.17029,1,38,WheelchairAgent(Clone),9,11,1.3,1.17,0,0,False,2,0,0
2026-03-02_21.23.17,1,Random_sign_placement_scenario,1030,269,0.5,-10.69,8.67,90,15,1,4.974157,1.17029,1,39,AdultFemaleAgent(Clone),8,10,1.58,1.450001,9.666668,2,True,2,1,0.5
2026-03-02_21.23.17,1,Random_sign_placement_scenario,1030,269,0.5,-10.69,8.67,90,15,1,4.974157,1.17029,1,40,WheelchairAgent(Clone),11,9,1.3,1.17,0,0,False,2,0,0
2026-03-02_21.23.17,1,Random_sign_placement_scenario,1030,269,0.5,-10.69,8.67,90,15,1,4.974157,1.17029,1,41,AdultMaleAgent(Clone),9,11,1.71,1.58,0,0,False,2,0,0
2026-03-02_21.23.17,1,Random_sign_placement_scenario,1030,269,0.5,-10.69,8.67,90,15,1,4.974157,1.17029,1,42,AdultMaleAgent(Clone),8,10,1.71,1.58,10,2,True,2,1,0.5
2026-03-02_21.23.17,1,Random_sign_placement_scenario,1030,269,0.5,-10.69,8.67,90,15,1,4.974157,1.17029,1,43,AdultMaleAgent(Clone),11,9,1.71,1.58,0,0,False,2,0,0
2026-03-02_21.23.17,1,Random_sign_placement_scenario,1030,269,0.5,-10.69,8.67,90,15,1,4.974157,1.17029,1,44,AdultFemaleAgent(Clone),11,9,1.58,1.450001,0,0,False,2,0,0
2026-03-02_21.23.17,1,Random_sign_placement_scenario,1030,269,0.5,-10.69,8.67,90,15,1,4.974157,1.17029,1,45,AdultMaleAgent(Clone),10,8,1.71,1.58,7.256935,2,True,2,1,0.5
2026-03-02_21.23.17,1,Random_sign_placement_scenario,1030,269,0.5,-10.69,8.67,90,15,1,4.974157,1.17029,1,46,AdultMaleAgent(Clone),10,8,1.71,1.58,8.996651,2,True,2,1,0.5
2026-03-02_21.23.17,1,Random_sign_placement_scenario,1030,269,0.5,-10.69,8.67,90,15,1,4.974157,1.17029,1,47,AdultFemaleAgent(Clone),11,9,1.58,1.450001,0,0,False,2,0,0
2026-03-02_21.23.17,1,Random_sign_placement_scenario,1030,269,0.5,-10.69,8.67,90,15,1,4.974157,1.17029,1,48,AdultMaleAgent(Clone),11,9,1.71,1.58,0,0,False,2,0,0
2026-03-02_21.23.17,1,Random_sign_placement_scenario,1030,269,0.5,-10.69,8.67,90,15,1,4.974157,1.17029,1,49,AdultMaleAgent(Clone),9,11,1.71,1.58,0,0,False,2,0,0
2026-03-02_21.23.17,1,Random_sign_placement_scenario,1030,269,0.5,-10.69,8.67,90,15,1,4.974157,1.17029,1,50,AdultMaleAgent(Clone),8,10,1.71,1.58,7.333332,2,True,2,1,0.5
2026-03-02_21.23.17,1,Random_sign_placement_scenario,1030,269,0.5,-10.69,8.67,90,15,1,4.974157,1.17029,1,51,AdultMaleAgent(Clone),8,10,1.71,1.58,7.666668,2,False,2,0,0
2026-03-02_21.23.17,1,Random_sign_placement_scenario,1030,269,0.5,-10.69,8.67,90,15,1,4.974157,1.17029,1,52,AdultMaleAgent(Clone),8,10,1.71,1.58,9.641521,2,True,2,1,0.5
2026-03-02_21.23.17,1,Random_sign_placement_scenario,1030,269,0.5,-10.69,8.67,90,15,1,4.974157,1.17029,1,53,AdultFemaleAgent(Clone),9,11,1.58,1.450001,0.1785784,1,False,2,0,0
2026-03-02_21.23.17,1,Random_sign_placement_scenario,1030,269,0.5,-10.69,8.67,90,15,1,4.974157,1.17029,1,54,AdultFemaleAgent(Clone),8,10,1.58,1.450001,8.666668,2,True,2,1,0.5
2026-03-02_21.23.17,1,Random_sign_placement_scenario,1030,269,0.5,-10.69,8.67,90,15,1,4.974157,1.17029,1,55,AdultFemaleAgent(Clone),11,9,1.58,1.450001,0,0,False,2,0,0
2026-03-02_21.23.17,1,Random_sign_placement_scenario,1030,269,0.5,-10.69,8.67,90,15,1,4.974157,1.17029,1,56,AdultFemaleAgent(Clone),10,8,1.58,1.450001,10.66667,2,True,2,1,0.5
2026-03-02_21.23.17,1,Random_sign_placement_scenario,1030,269,0.5,-10.69,8.67,90,15,1,4.974157,1.17029,1,57,WheelchairAgent(Clone),9,11,1.3,1.17,0,0,False,2,0,0
2026-03-02_21.23.17,1,Random_sign_placement_scenario,1030,269,0.5,-10.69,8.67,90,15,1,4.974157,1.17029,1,58,AdultMaleAgent(Clone),8,10,1.71,1.58,9,2,False,2,0,0
2026-03-02_21.23.17,1,Random_sign_placement_scenario,1030,269,0.5,-10.69,8.67,90,15,1,4.974157,1.17029,1,59,WheelchairAgent(Clone),11,9,1.3,1.17,0,0,False,2,0,0
2026-03-02_21.23.17,1,Random_sign_placement_scenario,1030,269,0.5,-10.69,8.67,90,15,1,4.974157,1.17029,1,60,AdultMaleAgent(Clone),10,8,1.71,1.58,8.256935,2,True,2,1,0.5
2026-03-02_21.23.17,1,Random_sign_placement_scenario,1030,269,0.5,-10.69,8.67,90,15,1,4.974157,1.17029,1,61,WheelchairAgent(Clone),8,10,1.3,1.17,7.666668,2,True,2,1,0.5
2026-03-02_21.23.17,1,Random_sign_placement_scenario,1030,269,0.5,-10.69,8.67,90,15,1,4.974157,1.17029,1,62,AdultMaleAgent(Clone),11,9,1.71,1.58,0,0,False,2,0,0
2026-03-02_21.23.17,1,Random_sign_placement_scenario,1030,269,0.5,-10.69,8.67,90,15,1,4.974157,1.17029,1,63,WheelchairAgent(Clone),10,8,1.3,1.17,7.999998,2,True,2,1,0.5
2026-03-02_21.23.17,1,Random_sign_placement_scenario,1030,269,0.5,-10.69,8.67,90,15,1,4.974157,1.17029,1,64,AdultMaleAgent(Clone),10,8,1.71,1.58,6.312639,2,True,2,1,0.5
2026-03-02_21.23.17,1,Random_sign_placement_scenario,1030,269,0.5,-10.69,8.67,90,15,1,4.974157,1.17029,1,65,AdultFemaleAgent(Clone),11,9,1.58,1.450001,0,0,False,2,0,0
2026-03-02_21.23.17,1,Random_sign_placement_scenario,1030,269,0.5,-10.69,8.67,90,15,1,4.974157,1.17029,1,66,WheelchairAgent(Clone),9,11,1.3,1.17,0,0,False,2,0,0
2026-03-02_21.23.17,1,Random_sign_placement_scenario,1030,269,0.5,-10.69,8.67,90,15,1,4.974157,1.17029,1,67,AdultFemaleAgent(Clone),11,9,1.58,1.450001,0,0,False,2,0,0
2026-03-02_21.23.17,1,Random_sign_placement_scenario,1030,269,0.5,-10.69,8.67,90,15,1,4.974157,1.17029,1,68,AdultFemaleAgent(Clone),10,8,1.58,1.450001,9.000002,2,True,2,1,0.5
2026-03-02_21.23.17,1,Random_sign_placement_scenario,1030,269,0.5,-10.69,8.67,90,15,1,4.974157,1.17029,1,69,WheelchairAgent(Clone),10,8,1.3,1.17,7.645975,2,True,2,1,0.5
2026-03-02_21.23.17,1,Random_sign_placement_scenario,1030,269,0.5,-10.69,8.67,90,15,1,4.974157,1.17029,1,70,AdultFemaleAgent(Clone),9,11,1.58,1.450001,0,0,False,2,0,0
2026-03-02_21.23.17,1,Random_sign_placement_scenario,1030,269,0.5,-10.69,8.67,90,15,1,4.974157,1.17029,1,71,WheelchairAgent(Clone),10,8,1.3,1.17,8.312639,2,True,2,1,0.5
2026-03-02_21.23.17,1,Random_sign_placement_scenario,1030,269,0.5,-10.69,8.67,90,15,1,4.974157,1.17029,1,72,AdultFemaleAgent(Clone),8,10,1.58,1.450001,8.333332,2,True,2,1,0.5
2026-03-02_21.23.17,1,Random_sign_placement_scenario,1030,269,0.5,-10.69,8.67,90,15,1,4.974157,1.17029,1,73,WheelchairAgent(Clone),9,11,1.3,1.17,0.1392136,1,False,2,0,0
2026-03-02_21.23.17,1,Random_sign_placement_scenario,1030,269,0.5,-10.69,8.67,90,15,1,4.974157,1.17029,1,74,AdultMaleAgent(Clone),8,10,1.71,1.58,8.333332,2,True,2,1,0.5
2026-03-02_21.23.17,1,Random_sign_placement_scenario,1030,269,0.5,-10.69,8.67,90,15,1,4.974157,1.17029,1,75,WheelchairAgent(Clone),11,9,1.3,1.17,0,0,False,2,0,0
2026-03-02_21.23.17,1,Random_sign_placement_scenario,1030,269,0.5,-10.69,8.67,90,15,1,4.974157,1.17029,1,76,AdultFemaleAgent(Clone),8,10,1.58,1.450001,9.65844,2,False,2,0,0
2026-03-02_21.23.17,1,Random_sign_placement_scenario,1030,269,0.5,-10.69,8.67,90,15,1,4.974157,1.17029,1,77,WheelchairAgent(Clone),11,9,1.3,1.17,0,0,False,2,0,0
2026-03-02_21.23.17,1,Random_sign_placement_scenario,1030,269,0.5,-10.69,8.67,90,15,1,4.974157,1.17029,1,78,WheelchairAgent(Clone),8,10,1.3,1.17,9.974854,2,True,2,1,0.5
2026-03-02_21.23.17,1,Random_sign_placement_scenario,1030,269,0.5,-10.69,8.67,90,15,1,4.974157,1.17029,1,79,AdultMaleAgent(Clone),11,9,1.71,1.58,0,0,False,2,0,0
2026-03-02_21.23.17,1,Random_sign_placement_scenario,1030,269,0.5,-10.69,8.67,90,15,1,4.974157,1.17029,1,80,AdultFemaleAgent(Clone),9,11,1.58,1.450001,0,0,False,2,0,0
2026-03-02_21.23.17,1,Random_sign_placement_scenario,1030,269,0.5,-10.69,8.67,90,15,1,4.974157,1.17029,1,81,AdultFemaleAgent(Clone),11,9,1.58,1.450001,0,0,False,2,0,0
2026-03-02_21.23.17,1,Random_sign_placement_scenario,1030,269,0.5,-10.69,8.67,90,15,1,4.974157,1.17029,1,82,AdultFemaleAgent(Clone),9,11,1.58,1.450001,0,0,False,2,0,0
2026-03-02_21.23.17,1,Random_sign_placement_scenario,1030,269,0.5,-10.69,8.67,90,15,1,4.974157,1.17029,1,83,AdultFemaleAgent(Clone),8,10,1.58,1.450001,8.333336,2,True,2,1,0.5
2026-03-02_21.23.17,1,Random_sign_placement_scenario,1030,269,0.5,-10.69,8.67,90,15,1,4.974157,1.17029,1,84,AdultFemaleAgent(Clone),10,8,1.58,1.450001,5.333332,2,True,2,1,0.5
2026-03-02_21.23.17,1,Random_sign_placement_scenario,1030,269,0.5,-10.69,8.67,90,15,1,4.974157,1.17029,1,85,AdultMaleAgent(Clone),10,8,1.71,1.58,7.666668,2,False,2,1,0.5
2026-03-02_21.23.17,1,Random_sign_placement_scenario,1030,269,0.5,-10.69,8.67,90,15,1,4.974157,1.17029,1,86,AdultMaleAgent(Clone),9,11,1.71,1.58,0,0,False,2,0,0
2026-03-02_21.23.17,1,Random_sign_placement_scenario,1030,269,0.5,-10.69,8.67,90,15,1,4.974157,1.17029,1,87,WheelchairAgent(Clone),11,9,1.3,1.17,0,0,False,2,0,0
2026-03-02_21.23.17,1,Random_sign_placement_scenario,1030,269,0.5,-10.69,8.67,90,15,1,4.974157,1.17029,1,88,WheelchairAgent(Clone),8,10,1.3,1.17,9.921371,2,True,2,1,0.5
2026-03-02_21.23.17,1,Random_sign_placement_scenario,1030,269,0.5,-10.69,8.67,90,15,1,4.974157,1.17029,1,89,AdultMaleAgent(Clone),8,10,1.71,1.58,8.325108,2,False,2,1,0.5
2026-03-02_21.23.17,1,Random_sign_placement_scenario,1030,269,0.5,-10.69,8.67,90,15,1,4.974157,1.17029,1,90,AdultFemaleAgent(Clone),8,10,1.58,1.450001,8.938431,2,False,2,0,0
2026-03-02_21.23.17,1,Random_sign_placement_scenario,1030,269,0.5,-10.69,8.67,90,15,1,4.974157,1.17029,1,91,AdultFemaleAgent(Clone),9,11,1.58,1.450001,0,0,False,2,0,0
2026-03-02_21.23.17,1,Random_sign_placement_scenario,1030,269,0.5,-10.69,8.67,90,15,1,4.974157,1.17029,1,92,AdultMaleAgent(Clone),11,9,1.71,1.58,0,0,False,2,0,0
2026-03-02_21.23.17,1,Random_sign_placement_scenario,1030,269,0.5,-10.69,8.67,90,15,1,4.974157,1.17029,1,93,AdultMaleAgent(Clone),11,9,1.71,1.58,0,0,False,2,0,0
2026-03-02_21.23.17,1,Random_sign_placement_scenario,1030,269,0.5,-10.69,8.67,90,15,1,4.974157,1.17029,1,94,AdultMaleAgent(Clone),8,10,1.71,1.58,8.285347,2,True,2,1,0.5
2026-03-02_21.23.17,1,Random_sign_placement_scenario,1030,269,0.5,-10.69,8.67,90,15,1,4.974157,1.17029,1,95,AdultMaleAgent(Clone),9,11,1.71,1.58,0,0,False,2,0,0
2026-03-02_21.23.17,1,Random_sign_placement_scenario,1030,269,0.5,-10.69,8.67,90,15,1,4.974157,1.17029,1,96,AdultMaleAgent(Clone),8,10,1.71,1.58,9.254704,2,True,2,1,0.5
2026-03-02_21.23.17,1,Random_sign_placement_scenario,1030,269,0.5,-10.69,8.67,90,15,1,4.974157,1.17029,1,97,AdultFemaleAgent(Clone),8,10,1.58,1.450001,9.753571,2,True,2,1,0.5
2026-03-02_21.23.17,1,Random_sign_placement_scenario,1030,269,0.5,-10.69,8.67,90,15,1,4.974157,1.17029,1,98,AdultFemaleAgent(Clone),9,11,1.58,1.450001,0,0,False,2,0,0
2026-03-02_21.23.17,1,Random_sign_placement_scenario,1030,269,0.5,-10.69,8.67,90,15,1,4.974157,1.17029,1,99,AdultMaleAgent(Clone),10,8,1.71,1.58,8.666668,2,True,2,1,0.5
2026-03-02_21.23.17,1,Random_sign_placement_scenario,1030,269,0.5,-10.69,8.67,90,15,1,4.974157,1.17029,1,100,WheelchairAgent(Clone),10,8,1.3,1.17,10.66666,2,True,2,1,0.5
2026-03-02_21.23.17,1,Random_sign_placement_scenario,1030,269,0.5,-10.69,8.67,90,15,1,4.974157,1.17029,1,101,AdultFemaleAgent(Clone),10,8,1.58,1.450001,8.333334,2,True,2,1,0.5
2026-03-02_21.23.17,1,Random_sign_placement_scenario,1030,269,0.5,-10.69,8.67,90,15,1,4.974157,1.17029,1,102,WheelchairAgent(Clone),8,10,1.3,1.17,8.308186,2,False,2,0,0
2026-03-02_21.23.17,1,Random_sign_placement_scenario,1030,269,0.5,-10.69,8.67,90,15,1,4.974157,1.17029,1,103,AdultMaleAgent(Clone),11,9,1.71,1.58,0,0,False,2,0,0
2026-03-02_21.23.17,1,Random_sign_placement_scenario,1030,269,0.5,-10.69,8.67,90,15,1,4.974157,1.17029,1,104,WheelchairAgent(Clone),10,8,1.3,1.17,9.333334,2,True,2,1,0.5
2026-03-02_21.23.17,1,Random_sign_placement_scenario,1030,269,0.5,-10.69,8.67,90,15,1,4.974157,1.17029,1,105,AdultMaleAgent(Clone),9,11,1.71,1.58,0,0,False,2,0,0
2026-03-02_21.23.17,1,Random_sign_placement_scenario,1030,269,0.5,-10.69,8.67,90,15,1,4.974157,1.17029,1,106,WheelchairAgent(Clone),9,11,1.3,1.17,0,0,False,2,0,0
2026-03-02_21.23.17,1,Random_sign_placement_scenario,1030,269,0.5,-10.69,8.67,90,15,1,4.974157,1.17029,1,107,AdultFemaleAgent(Clone),8,10,1.58,1.450001,10.68415,2,True,2,1,0.5
2026-03-02_21.23.17,1,Random_sign_placement_scenario,1030,269,0.5,-10.69,8.67,90,15,1,4.974157,1.17029,1,108,AdultFemaleAgent(Clone),11,9,1.58,1.450001,0,0,False,2,0,0
2026-03-02_21.23.17,1,Random_sign_placement_scenario,1030,269,0.5,-10.69,8.67,90,15,1,4.974157,1.17029,1,109,AdultMaleAgent(Clone),10,8,1.71,1.58,8.666668,2,True,2,1,0.5
2026-03-02_21.23.17,1,Random_sign_placement_scenario,1030,269,0.5,-10.69,8.67,90,15,1,4.974157,1.17029,1,110,WheelchairAgent(Clone),8,10,1.3,1.17,8.921371,2,True,2,1,0.5
2026-03-02_21.23.17,1,Random_sign_placement_scenario,1030,269,0.5,-10.69,8.67,90,15,1,4.974157,1.17029,1,111,AdultMaleAgent(Clone),8,10,1.71,1.58,8.618679,2,True,2,1,0.5
2026-03-02_21.23.17,1,Random_sign_placement_scenario,1030,269,0.5,-10.69,8.67,90,15,1,4.974157,1.17029,1,112,WheelchairAgent(Clone),11,9,1.3,1.17,0,0,False,2,0,0
2026-03-02_21.23.17,1,Random_sign_placement_scenario,1030,269,0.5,-10.69,8.67,90,15,1,4.974157,1.17029,1,113,WheelchairAgent(Clone),8,10,1.3,1.17,10.15969,2,False,2,1,0.5
2026-03-02_21.23.17,1,Random_sign_placement_scenario,1030,269,0.5,-10.69,8.67,90,15,1,4.974157,1.17029,1,114,AdultMaleAgent(Clone),9,11,1.71,1.58,0,0,False,2,0,0
2026-03-02_21.23.17,1,Random_sign_placement_scenario,1030,269,0.5,-10.69,8.67,90,15,1,4.974157,1.17029,1,115,AdultMaleAgent(Clone),8,10,1.71,1.58,8.57159,2,True,2,1,0.5
2026-03-02_21.23.17,1,Random_sign_placement_scenario,1030,269,0.5,-10.69,8.67,90,15,1,4.974157,1.17029,1,116,AdultFemaleAgent(Clone),8,10,1.58,1.450001,8.513603,2,False,2,0,0
2026-03-02_21.23.17,1,Random_sign_placement_scenario,1030,269,0.5,-10.69,8.67,90,15,1,4.974157,1.17029,1,117,AdultFemaleAgent(Clone),10,8,1.58,1.450001,9.666668,2,True,2,1,0.5
2026-03-02_21.23.17,1,Random_sign_placement_scenario,1030,269,0.5,-10.69,8.67,90,15,1,4.974157,1.17029,1,118,AdultFemaleAgent(Clone),9,11,1.58,1.450001,0,0,False,2,0,0
2026-03-02_21.23.17,1,Random_sign_placement_scenario,1030,269,0.5,-10.69,8.67,90,15,1,4.974157,1.17029,1,119,WheelchairAgent(Clone),10,8,1.3,1.17,8.308186,2,True,2,1,0.5
2026-03-02_21.23.17,1,Random_sign_placement_scenario,1030,269,0.5,-10.69,8.67,90,15,1,4.974157,1.17029,1,120,WheelchairAgent(Clone),9,11,1.3,1.17,0.633749,1,False,2,1,0.5
2026-03-02_21.23.17,1,Random_sign_placement_scenario,1030,269,0.5,-10.69,8.67,90,15,1,4.974157,1.17029,1,121,WheelchairAgent(Clone),8,10,1.3,1.17,9.118118,2,False,2,0,0
2026-03-02_21.23.17,1,Random_sign_placement_scenario,1030,269,0.5,-10.69,8.67,90,15,1,4.974157,1.17029,1,122,AdultFemaleAgent(Clone),11,9,1.58,1.450001,0,0,False,2,0,0
2026-03-02_21.23.17,1,Random_sign_placement_scenario,1030,269,0.5,-10.69,8.67,90,15,1,4.974157,1.17029,1,123,AdultFemaleAgent(Clone),11,9,1.58,1.450001,0,0,False,2,0,0
2026-03-02_21.23.17,1,Random_sign_placement_scenario,1030,269,0.5,-10.69,8.67,90,15,1,4.974157,1.17029,1,124,AdultMaleAgent(Clone),8,10,1.71,1.58,9.729153,2,True,2,1,0.5
2026-03-02_21.23.17,1,Random_sign_placement_scenario,1030,269,0.5,-10.69,8.67,90,15,1,4.974157,1.17029,1,125,WheelchairAgent(Clone),8,10,1.3,1.17,8.150917,2,False,2,0,0
2026-03-02_21.23.17,1,Random_sign_placement_scenario,1030,269,0.5,-10.69,8.67,90,15,1,4.974157,1.17029,1,126,AdultFemaleAgent(Clone),9,11,1.58,1.450001,0.6488686,1,False,2,0,0
2026-03-02_21.23.17,1,Random_sign_placement_scenario,1030,269,0.5,-10.69,8.67,90,15,1,4.974157,1.17029,1,127,AdultMaleAgent(Clone),8,10,1.71,1.58,9.062489,2,True,2,1,0.5
2026-03-02_21.23.17,1,Random_sign_placement_scenario,1030,269,0.5,-10.69,8.67,90,15,1,4.974157,1.17029,1,128,WheelchairAgent(Clone),10,8,1.3,1.17,8.333332,2,True,2,1,0.5
2026-03-02_21.23.17,1,Random_sign_placement_scenario,1030,269,0.5,-10.69,8.67,90,15,1,4.974157,1.17029,1,129,WheelchairAgent(Clone),10,8,1.3,1.17,6,2,True,2,1,0.5
2026-03-02_21.23.17,1,Random_sign_placement_scenario,1030,269,0.5,-10.69,8.67,90,15,1,4.974157,1.17029,1,130,AdultFemaleAgent(Clone),9,11,1.58,1.450001,0,0,False,2,0,0
2026-03-02_21.23.17,1,Random_sign_placement_scenario,1030,269,0.5,-10.69,8.67,90,15,1,4.974157,1.17029,1,131,AdultMaleAgent(Clone),10,8,1.71,1.58,9,2,False,2,0,0
2026-03-02_21.23.17,1,Random_sign_placement_scenario,1030,269,0.5,-10.69,8.67,90,15,1,4.974157,1.17029,1,132,AdultMaleAgent(Clone),9,11,1.71,1.58,0,0,False,2,0,0
2026-03-02_21.23.17,1,Random_sign_placement_scenario,1030,269,0.5,-10.69,8.67,90,15,1,4.974157,1.17029,1,133,WheelchairAgent(Clone),11,9,1.3,1.17,0,0,False,2,0,0
2026-03-02_21.23.17,1,Random_sign_placement_scenario,1030,269,0.5,-10.69,8.67,90,15,1,4.974157,1.17029,1,134,AdultMaleAgent(Clone),9,11,1.71,1.58,0,0,False,2,0,0
2026-03-02_21.23.17,1,Random_sign_placement_scenario,1030,269,0.5,-10.69,8.67,90,15,1,4.974157,1.17029,1,135,WheelchairAgent(Clone),11,9,1.3,1.17,0,0,False,2,0,0
2026-03-02_21.23.17,1,Random_sign_placement_scenario,1030,269,0.5,-10.69,8.67,90,15,1,4.974157,1.17029,1,136,WheelchairAgent(Clone),11,9,1.3,1.17,0,0,False,2,0,0
2026-03-02_21.23.17,1,Random_sign_placement_scenario,1030,269,0.5,-10.69,8.67,90,15,1,4.974157,1.17029,1,137,WheelchairAgent(Clone),9,11,1.3,1.17,0,0,False,2,0,0
2026-03-02_21.23.17,1,Random_sign_placement_scenario,1030,269,0.5,-10.69,8.67,90,15,1,4.974157,1.17029,1,138,AdultFemaleAgent(Clone),10,8,1.58,1.450001,5.666664,2,False,2,1,0.5
2026-03-02_21.23.17,1,Random_sign_placement_scenario,1030,269,0.5,-10.69,8.67,90,15,1,4.974157,1.17029,1,139,WheelchairAgent(Clone),9,11,1.3,1.17,0,0,False,2,0,0
2026-03-02_21.23.17,1,Random_sign_placement_scenario,1030,269,0.5,-10.69,8.67,90,15,1,4.974157,1.17029,1,140,AdultMaleAgent(Clone),11,9,1.71,1.58,0,0,False,2,0,0
2026-03-02_21.23.17,1,Random_sign_placement_scenario,1030,269,0.5,-10.69,8.67,90,15,1,4.974157,1.17029,1,141,AdultFemaleAgent(Clone),9,11,1.58,1.450001,0,0,False,2,0,0
2026-03-02_21.23.17,1,Random_sign_placement_scenario,1030,269,0.5,-10.69,8.67,90,15,1,4.974157,1.17029,1,142,AdultFemaleAgent(Clone),8,10,1.58,1.450001,9.254704,2,False,2,0,0
2026-03-02_21.23.17,1,Random_sign_placement_scenario,1030,269,0.5,-10.69,8.67,90,15,1,4.974157,1.17029,1,143,WheelchairAgent(Clone),9,11,1.3,1.17,0,0,False,2,0,0
2026-03-02_21.23.17,1,Random_sign_placement_scenario,1030,269,0.5,-10.69,8.67,90,15,1,4.974157,1.17029,1,144,AdultMaleAgent(Clone),10,8,1.71,1.58,8.641521,2,True,2,1,0.5
2026-03-02_21.23.17,1,Random_sign_placement_scenario,1030,269,0.5,-10.69,8.67,90,15,1,4.974157,1.17029,1,145,AdultFemaleAgent(Clone),8,10,1.58,1.450001,8.405373,2,True,2,1,0.5
2026-03-02_21.23.17,1,Random_sign_placement_scenario,1030,269,0.5,-10.69,8.67,90,15,1,4.974157,1.17029,1,146,AdultFemaleAgent(Clone),8,10,1.58,1.450001,9.369602,2,False,2,0,0
2026-03-02_21.23.17,1,Random_sign_placement_scenario,1030,269,0.5,-10.69,8.67,90,15,1,4.974157,1.17029,1,147,WheelchairAgent(Clone),8,10,1.3,1.17,7.753571,2,False,2,1,0.5
2026-03-02_21.23.17,1,Random_sign_placement_scenario,1030,269,0.5,-10.69,8.67,90,15,1,4.974157,1.17029,1,148,AdultFemaleAgent(Clone),11,9,1.58,1.450001,0,0,False,2,0,0
2026-03-02_21.23.17,1,Random_sign_placement_scenario,1030,269,0.5,-10.69,8.67,90,15,1,4.974157,1.17029,1,149,WheelchairAgent(Clone),10,8,1.3,1.17,8.618683,2,False,2,1,0.5
2026-03-02_21.23.17,1,Random_sign_placement_scenario,1030,269,0.5,-10.69,8.67,90,15,1,4.974157,1.17029,1,150,AdultFemaleAgent(Clone),8,10,1.58,1.450001,8.949612,2,True,2,1,0.5
2026-03-02_21.23.17,1,Random_sign_placement_scenario,1030,269,0.5,-10.69,8.67,90,15,1,4.974157,1.17029,1,151,AdultMaleAgent(Clone),9,11,1.71,1.58,0,0,False,2,0,0
2026-03-02_21.23.17,1,Random_sign_placement_scenario,1030,269,0.5,-10.69,8.67,90,15,1,4.974157,1.17029,1,152,AdultMaleAgent(Clone),11,9,1.71,1.58,0,0,False,2,0,0
2026-03-02_21.23.17,1,Random_sign_placement_scenario,1030,269,0.5,-10.69,8.67,90,15,1,4.974157,1.17029,1,153,AdultFemaleAgent(Clone),8,10,1.58,1.450001,8.070713,2,False,2,1,0.5
2026-03-02_21.23.17,1,Random_sign_placement_scenario,1030,269,0.5,-10.69,8.67,90,15,1,4.974157,1.17029,1,154,WheelchairAgent(Clone),10,8,1.3,1.17,7.271763,2,True,2,1,0.5
2026-03-02_21.23.17,1,Random_sign_placement_scenario,1030,269,0.5,-10.69,8.67,90,15,1,4.974157,1.17029,1,155,WheelchairAgent(Clone),11,9,1.3,1.17,0,0,False,2,0,0
2026-03-02_21.23.17,1,Random_sign_placement_scenario,1030,269,0.5,-10.69,8.67,90,15,1,4.974157,1.17029,1,156,AdultFemaleAgent(Clone),8,10,1.58,1.450001,8.711163,2,False,2,0,0
2026-03-02_21.23.17,1,Random_sign_placement_scenario,1030,269,0.5,-10.69,8.67,90,15,1,4.974157,1.17029,1,157,WheelchairAgent(Clone),8,10,1.3,1.17,8.863461,2,False,2,0,0
2026-03-02_21.23.17,1,Random_sign_placement_scenario,1030,269,0.5,-10.69,8.67,90,15,1,4.974157,1.17029,1,158,AdultFemaleAgent(Clone),10,8,1.58,1.450001,8.938427,2,True,2,1,0.5
2026-03-02_21.23.17,1,Random_sign_placement_scenario,1030,269,0.5,-10.69,8.67,90,15,1,4.974157,1.17029,1,159,AdultMaleAgent(Clone),11,9,1.71,1.58,0,0,False,2,0,0
2026-03-02_21.23.17,1,Random_sign_placement_scenario,1030,269,0.5,-10.69,8.67,90,15,1,4.974157,1.17029,1,160,AdultFemaleAgent(Clone),10,8,1.58,1.450001,8,2,True,2,1,0.5
2026-03-02_21.23.17,1,Random_sign_placement_scenario,1030,269,0.5,-10.69,8.67,90,15,1,4.974157,1.17029,1,161,WheelchairAgent(Clone),11,9,1.3,1.17,0,0,False,2,0,0
2026-03-02_21.23.17,1,Random_sign_placement_scenario,1030,269,0.5,-10.69,8.67,90,15,1,4.974157,1.17029,1,162,AdultFemaleAgent(Clone),10,8,1.58,1.450001,5.666668,2,False,2,1,0.5
2026-03-02_21.23.17,1,Random_sign_placement_scenario,1030,269,0.5,-10.69,8.67,90,15,1,4.974157,1.17029,1,163,AdultFemaleAgent(Clone),8,10,1.58,1.450001,8.375961,2,False,2,0,0
2026-03-02_21.23.17,1,Random_sign_placement_scenario,1030,269,0.5,-10.69,8.67,90,15,1,4.974157,1.17029,1,164,WheelchairAgent(Clone),10,8,1.3,1.17,7.271763,2,False,2,1,0.5
2026-03-02_21.23.17,1,Random_sign_placement_scenario,1030,269,0.5,-10.69,8.67,90,15,1,4.974157,1.17029,1,165,WheelchairAgent(Clone),8,10,1.3,1.17,8.375957,2,True,2,1,0.5
2026-03-02_21.23.17,1,Random_sign_placement_scenario,1030,269,0.5,-10.69,8.67,90,15,1,4.974157,1.17029,1,166,AdultMaleAgent(Clone),11,9,1.71,1.58,0,0,False,2,0,0
2026-03-02_21.23.17,1,Random_sign_placement_scenario,1030,269,0.5,-10.69,8.67,90,15,1,4.974157,1.17029,1,167,WheelchairAgent(Clone),9,11,1.3,1.17,0,0,False,2,0,0
2026-03-02_21.23.17,1,Random_sign_placement_scenario,1030,269,0.5,-10.69,8.67,90,15,1,4.974157,1.17029,1,168,AdultMaleAgent(Clone),9,11,1.71,1.58,0,0,False,2,0,0
2026-03-02_21.23.17,1,Random_sign_placement_scenario,1030,269,0.5,-10.69,8.67,90,15,1,4.974157,1.17029,1,169,AdultMaleAgent(Clone),10,8,1.71,1.58,5.666668,2,True,2,1,0.5
2026-03-02_21.23.17,1,Random_sign_placement_scenario,1030,269,0.5,-10.69,8.67,90,15,1,4.974157,1.17029,1,170,AdultFemaleAgent(Clone),11,9,1.58,1.450001,0,0,False,2,0,0
2026-03-02_21.23.17,1,Random_sign_placement_scenario,1030,269,0.5,-10.69,8.67,90,15,1,4.974157,1.17029,1,171,WheelchairAgent(Clone),9,11,1.3,1.17,0,0,False,2,0,0
2026-03-02_21.23.17,1,Random_sign_placement_scenario,1030,269,0.5,-10.69,8.67,90,15,1,4.974157,1.17029,1,172,WheelchairAgent(Clone),8,10,1.3,1.17,9.375957,2,True,2,1,0.5
2026-03-02_21.23.17,1,Random_sign_placement_scenario,1030,269,0.5,-10.69,8.67,90,15,1,4.974157,1.17029,1,173,AdultMaleAgent(Clone),9,11,1.71,1.58,0,0,False,2,0,0
2026-03-02_21.23.17,1,Random_sign_placement_scenario,1030,269,0.5,-10.69,8.67,90,15,1,4.974157,1.17029,1,174,AdultFemaleAgent(Clone),11,9,1.58,1.450001,0,0,False,2,0,0
2026-03-02_21.23.17,1,Random_sign_placement_scenario,1030,269,0.5,-10.69,8.67,90,15,1,4.974157,1.17029,1,175,AdultFemaleAgent(Clone),8,10,1.58,1.450001,8.826359,2,False,2,0,0
2026-03-02_21.23.17,1,Random_sign_placement_scenario,1030,269,0.5,-10.69,8.67,90,15,1,4.974157,1.17029,1,176,WheelchairAgent(Clone),10,8,1.3,1.17,6.904926,2,False,2,1,0.5
2026-03-02_21.23.17,1,Random_sign_placement_scenario,1030,269,0.5,-10.69,8.67,90,15,1,4.974157,1.17029,1,177,WheelchairAgent(Clone),10,8,1.3,1.17,8.254707,2,False,2,1,0.5
2026-03-02_21.23.17,1,Random_sign_placement_scenario,1030,269,0.5,-10.69,8.67,90,15,1,4.974157,1.17029,1,178,WheelchairAgent(Clone),10,8,1.3,1.17,8.271763,2,False,2,1,0.5
2026-03-02_21.23.17,1,Random_sign_placement_scenario,1030,269,0.5,-10.69,8.67,90,15,1,4.974157,1.17029,1,179,AdultMaleAgent(Clone),9,11,1.71,1.58,0.6497459,2,False,2,0,0
2026-03-02_21.23.17,1,Random_sign_placement_scenario,1030,269,0.5,-10.69,8.67,90,15,1,4.974157,1.17029,1,180,AdultFemaleAgent(Clone),11,9,1.58,1.450001,0,0,False,2,0,0
2026-03-02_21.23.17,1,Random_sign_placement_scenario,1030,269,0.5,-10.69,8.67,90,15,1,4.974157,1.17029,1,181,AdultMaleAgent(Clone),8,10,1.71,1.58,9.159691,2,True,2,1,0.5
2026-03-02_21.23.17,1,Random_sign_placement_scenario,1030,269,0.5,-10.69,8.67,90,15,1,4.974157,1.17029,1,182,WheelchairAgent(Clone),8,10,1.3,1.17,9.742882,2,True,2,1,0.5
2026-03-02_21.23.17,1,Random_sign_placement_scenario,1030,269,0.5,-10.69,8.67,90,15,1,4.974157,1.17029,1,183,AdultFemaleAgent(Clone),9,11,1.58,1.450001,0,0,False,2,0,0
2026-03-02_21.23.17,1,Random_sign_placement_scenario,1030,269,0.5,-10.69,8.67,90,15,1,4.974157,1.17029,1,184,AdultFemaleAgent(Clone),10,8,1.58,1.450001,8.57159,2,False,2,1,0.5
2026-03-02_21.23.17,1,Random_sign_placement_scenario,1030,269,0.5,-10.69,8.67,90,15,1,4.974157,1.17029,1,185,WheelchairAgent(Clone),9,11,1.3,1.17,0,0,False,2,0,0
2026-03-02_21.23.17,1,Random_sign_placement_scenario,1030,269,0.5,-10.69,8.67,90,15,1,4.974157,1.17029,1,186,AdultMaleAgent(Clone),8,10,1.71,1.58,9.673458,2,True,2,1,0.5
2026-03-02_21.23.17,1,Random_sign_placement_scenario,1030,269,0.5,-10.69,8.67,90,15,1,4.974157,1.17029,1,187,AdultMaleAgent(Clone),11,9,1.71,1.58,0,0,False,2,0,0
2026-03-02_21.23.17,1,Random_sign_placement_scenario,1030,269,0.5,-10.69,8.67,90,15,1,4.974157,1.17029,1,188,AdultFemaleAgent(Clone),9,11,1.58,1.450001,0,0,False,2,0,0
2026-03-02_21.23.17,1,Random_sign_placement_scenario,1030,269,0.5,-10.69,8.67,90,15,1,4.974157,1.17029,1,189,AdultFemaleAgent(Clone),8,10,1.58,1.450001,8.176746,2,True,2,1,0.5
2026-03-02_21.23.17,1,Random_sign_placement_scenario,1030,269,0.5,-10.69,8.67,90,15,1,4.974157,1.17029,1,190,AdultMaleAgent(Clone),11,9,1.71,1.58,0,0,False,2,0,0
2026-03-02_21.23.17,1,Random_sign_placement_scenario,1030,269,0.5,-10.69,8.67,90,15,1,4.974157,1.17029,1,191,WheelchairAgent(Clone),9,11,1.3,1.17,0,0,False,2,0,0
2026-03-02_21.23.17,1,Random_sign_placement_scenario,1030,269,0.5,-10.69,8.67,90,15,1,4.974157,1.17029,1,192,AdultMaleAgent(Clone),8,10,1.71,1.58,10.99558,2,True,2,1,0.5
2026-03-02_21.23.17,1,Random_sign_placement_scenario,1030,269,0.5,-10.69,8.67,90,15,1,4.974157,1.17029,1,193,AdultFemaleAgent(Clone),11,9,1.58,1.450001,0,0,False,2,0,0
2026-03-02_21.23.17,1,Random_sign_placement_scenario,1030,269,0.5,-10.69,8.67,90,15,1,4.974157,1.17029,1,194,AdultMaleAgent(Clone),9,11,1.71,1.58,0,0,False,2,0,0
2026-03-02_21.23.17,1,Random_sign_placement_scenario,1030,269,0.5,-10.69,8.67,90,15,1,4.974157,1.17029,1,195,AdultMaleAgent(Clone),10,8,1.71,1.58,6.921371,2,False,2,1,0.5
2026-03-02_21.23.17,1,Random_sign_placement_scenario,1030,269,0.5,-10.69,8.67,90,15,1,4.974157,1.17029,1,196,AdultMaleAgent(Clone),9,11,1.71,1.58,0,0,False,2,0,0
2026-03-02_21.23.17,1,Random_sign_placement_scenario,1030,269,0.5,-10.69,8.67,90,15,1,4.974157,1.17029,1,197,AdultFemaleAgent(Clone),11,9,1.58,1.450001,0,0,False,2,0,0
2026-03-02_21.23.17,1,Random_sign_placement_scenario,1030,269,0.5,-10.69,8.67,90,15,1,4.974157,1.17029,1,198,AdultMaleAgent(Clone),9,11,1.71,1.58,0,0,False,2,0,0
2026-03-02_21.23.17,1,Random_sign_placement_scenario,1030,269,0.5,-10.69,8.67,90,15,1,4.974157,1.17029,1,199,AdultMaleAgent(Clone),11,9,1.71,1.58,0,0,False,2,0,0
2026-03-02_21.23.17,1,Random_sign_placement_scenario,1030,269,0.5,-10.69,8.67,90,15,1,4.974157,1.17029,1,200,AdultMaleAgent(Clone),8,10,1.71,1.58,8.554657,2,True,2,1,0.5
2026-03-02_21.23.17,1,Random_sign_placement_scenario,1030,269,0.5,-10.69,8.67,90,15,1,4.974157,1.17029,1,201,WheelchairAgent(Clone),9,11,1.3,1.17,0,0,False,2,0,0
2026-03-02_21.23.17,1,Random_sign_placement_scenario,1030,269,0.5,-10.69,8.67,90,15,1,4.974157,1.17029,1,202,AdultMaleAgent(Clone),10,8,1.71,1.58,8.205704,2,False,2,1,0.5
2026-03-02_21.23.17,1,Random_sign_placement_scenario,1030,269,0.5,-10.69,8.67,90,15,1,4.974157,1.17029,1,203,AdultFemaleAgent(Clone),9,11,1.58,1.450001,0,0,False,2,0,0
2026-03-02_21.23.17,1,Random_sign_placement_scenario,1030,269,0.5,-10.69,8.67,90,15,1,4.974157,1.17029,1,204,AdultMaleAgent(Clone),11,9,1.71,1.58,0,0,False,2,0,0
2026-03-02_21.23.17,1,Random_sign_placement_scenario,1030,269,0.5,-10.69,8.67,90,15,1,4.974157,1.17029,1,205,AdultMaleAgent(Clone),10,8,1.71,1.58,5.921371,2,False,2,0,0
2026-03-02_21.23.17,1,Random_sign_placement_scenario,1030,269,0.5,-10.69,8.67,90,15,1,4.974157,1.17029,1,206,AdultMaleAgent(Clone),11,9,1.71,1.58,0,0,False,2,0,0
2026-03-02_21.23.17,1,Random_sign_placement_scenario,1030,269,0.5,-10.69,8.67,90,15,1,4.974157,1.17029,1,207,WheelchairAgent(Clone),11,9,1.3,1.17,0,0,False,2,0,0
2026-03-02_21.23.17,1,Random_sign_placement_scenario,1030,269,0.5,-10.69,8.67,90,15,1,4.974157,1.17029,1,208,AdultFemaleAgent(Clone),8,10,1.58,1.450001,10.33333,2,True,2,1,0.5
2026-03-02_21.23.17,1,Random_sign_placement_scenario,1030,269,0.5,-10.69,8.67,90,15,1,4.974157,1.17029,1,209,AdultFemaleAgent(Clone),10,8,1.58,1.450001,6.205414,2,False,2,0,0
2026-03-02_21.23.17,1,Random_sign_placement_scenario,1030,269,0.5,-10.69,8.67,90,15,1,4.974157,1.17029,1,210,WheelchairAgent(Clone),9,11,1.3,1.17,0,0,False,2,0,0
2026-03-02_21.23.17,1,Random_sign_placement_scenario,1030,269,0.5,-10.69,8.67,90,15,1,4.974157,1.17029,1,211,AdultFemaleAgent(Clone),11,9,1.58,1.450001,0,0,False,2,0,0
2026-03-02_21.23.17,1,Random_sign_placement_scenario,1030,269,0.5,-10.69,8.67,90,15,1,4.974157,1.17029,1,212,AdultFemaleAgent(Clone),10,8,1.58,1.450001,8.061417,2,False,2,1,0.5
2026-03-02_21.23.17,1,Random_sign_placement_scenario,1030,269,0.5,-10.69,8.67,90,15,1,4.974157,1.17029,1,213,AdultFemaleAgent(Clone),8,10,1.58,1.450001,9.328911,2,True,2,1,0.5
2026-03-02_21.23.17,1,Random_sign_placement_scenario,1030,269,0.5,-10.69,8.67,90,15,1,4.974157,1.17029,1,214,WheelchairAgent(Clone),8,10,1.3,1.17,10.33334,2,True,2,1,0.5
2026-03-02_21.23.17,1,Random_sign_placement_scenario,1030,269,0.5,-10.69,8.67,90,15,1,4.974157,1.17029,1,215,WheelchairAgent(Clone),9,11,1.3,1.17,0,0,False,2,0,0
2026-03-02_21.23.17,1,Random_sign_placement_scenario,1030,269,0.5,-10.69,8.67,90,15,1,4.974157,1.17029,1,216,AdultFemaleAgent(Clone),11,9,1.58,1.450001,0,0,False,2,0,0
2026-03-02_21.23.17,1,Random_sign_placement_scenario,1030,269,0.5,-10.69,8.67,90,15,1,4.974157,1.17029,1,217,WheelchairAgent(Clone),9,11,1.3,1.17,0.6666679,2,False,2,0,0
2026-03-02_21.23.17,1,Random_sign_placement_scenario,1030,269,0.5,-10.69,8.67,90,15,1,4.974157,1.17029,1,218,WheelchairAgent(Clone),11,9,1.3,1.17,0,0,False,2,0,0
2026-03-02_21.23.17,1,Random_sign_placement_scenario,1030,269,0.5,-10.69,8.67,90,15,1,4.974157,1.17029,1,219,WheelchairAgent(Clone),10,8,1.3,1.17,6.843414,2,False,2,1,0.5
2026-03-02_21.23.17,1,Random_sign_placement_scenario,1030,269,0.5,-10.69,8.67,90,15,1,4.974157,1.17029,1,220,AdultFemaleAgent(Clone),9,11,1.58,1.450001,0,0,False,2,0,0
2026-03-02_21.23.17,1,Random_sign_placement_scenario,1030,269,0.5,-10.69,8.67,90,15,1,4.974157,1.17029,1,221,WheelchairAgent(Clone),11,9,1.3,1.17,0,0,False,2,0,0
2026-03-02_21.23.17,1,Random_sign_placement_scenario,1030,269,0.5,-10.69,8.67,90,15,1,4.974157,1.17029,1,222,WheelchairAgent(Clone),9,11,1.3,1.17,0,0,False,2,0,0
2026-03-02_21.23.17,1,Random_sign_placement_scenario,1030,269,0.5,-10.69,8.67,90,15,1,4.974157,1.17029,1,223,AdultMaleAgent(Clone),10,8,1.71,1.58,6.079052,2,False,2,1,0.5
2026-03-02_21.23.17,1,Random_sign_placement_scenario,1030,269,0.5,-10.69,8.67,90,15,1,4.974157,1.17029,1,224,AdultFemaleAgent(Clone),11,9,1.58,1.450001,0,0,False,2,0,0
2026-03-02_21.23.17,1,Random_sign_placement_scenario,1030,269,0.5,-10.69,8.67,90,15,1,4.974157,1.17029,1,225,WheelchairAgent(Clone),9,11,1.3,1.17,0.6666679,1,False,2,0,0
2026-03-02_21.23.17,1,Random_sign_placement_scenario,1030,269,0.5,-10.69,8.67,90,15,1,4.974157,1.17029,1,226,AdultMaleAgent(Clone),10,8,1.71,1.58,5.790722,2,False,2,1,0.5
2026-03-02_21.23.17,1,Random_sign_placement_scenario,1030,269,0.5,-10.69,8.67,90,15,1,4.974157,1.17029,1,227,WheelchairAgent(Clone),10,8,1.3,1.17,6.079052,2,False,2,0,0
2026-03-02_21.23.17,1,Random_sign_placement_scenario,1030,269,0.5,-10.69,8.67,90,15,1,4.974157,1.17029,1,228,WheelchairAgent(Clone),11,9,1.3,1.17,0,0,False,2,0,0
2026-03-02_21.23.17,1,Random_sign_placement_scenario,1030,269,0.5,-10.69,8.67,90,15,1,4.974157,1.17029,1,229,WheelchairAgent(Clone),8,10,1.3,1.17,9.666672,2,True,2,1,0.5
2026-03-02_21.23.17,1,Random_sign_placement_scenario,1030,269,0.5,-10.69,8.67,90,15,1,4.974157,1.17029,1,230,WheelchairAgent(Clone),11,9,1.3,1.17,0,0,False,2,0,0
2026-03-02_21.23.17,1,Random_sign_placement_scenario,1030,269,0.5,-10.69,8.67,90,15,1,4.974157,1.17029,1,231,AdultMaleAgent(Clone),10,8,1.71,1.58,6.559082,2,False,2,1,0.5
2026-03-02_21.23.17,1,Random_sign_placement_scenario,1030,269,0.5,-10.69,8.67,90,15,1,4.974157,1.17029,1,232,WheelchairAgent(Clone),11,9,1.3,1.17,0,0,False,2,0,0
2026-03-02_21.23.17,1,Random_sign_placement_scenario,1030,269,0.5,-10.69,8.67,90,15,1,4.974157,1.17029,1,233,WheelchairAgent(Clone),9,11,1.3,1.17,0,0,False,2,0,0
2026-03-02_21.23.17,1,Random_sign_placement_scenario,1030,269,0.5,-10.69,8.67,90,15,1,4.974157,1.17029,1,234,AdultMaleAgent(Clone),11,9,1.71,1.58,0,0,False,2,0,0
2026-03-02_21.23.17,1,Random_sign_placement_scenario,1030,269,0.5,-10.69,8.67,90,15,1,4.974157,1.17029,1,235,AdultFemaleAgent(Clone),9,11,1.58,1.450001,0,0,False,2,0,0
2026-03-02_21.23.17,1,Random_sign_placement_scenario,1030,269,0.5,-10.69,8.67,90,15,1,4.974157,1.17029,1,236,AdultMaleAgent(Clone),11,9,1.71,1.58,0,0,False,2,0,0
2026-03-02_21.23.17,1,Random_sign_placement_scenario,1030,269,0.5,-10.69,8.67,90,15,1,4.974157,1.17029,1,237,AdultFemaleAgent(Clone),11,9,1.58,1.450001,0,0,False,2,0,0
2026-03-02_21.23.17,1,Random_sign_placement_scenario,1030,269,0.5,-10.69,8.67,90,15,1,4.974157,1.17029,1,238,AdultMaleAgent(Clone),9,11,1.71,1.58,0.6666641,1,False,2,0,0
2026-03-02_21.23.17,1,Random_sign_placement_scenario,1030,269,0.5,-10.69,8.67,90,15,1,4.974157,1.17029,1,239,WheelchairAgent(Clone),8,10,1.3,1.17,9,2,True,2,1,0.5
2026-03-02_21.23.17,1,Random_sign_placement_scenario,1030,269,0.5,-10.69,8.67,90,15,1,4.974157,1.17029,1,240,AdultFemaleAgent(Clone),10,8,1.58,1.450001,5.980255,2,False,2,1,0.5
2026-03-02_21.23.17,1,Random_sign_placement_scenario,1030,269,0.5,-10.69,8.67,90,15,1,4.974157,1.17029,1,241,WheelchairAgent(Clone),9,11,1.3,1.17,0,0,False,2,0,0
2026-03-02_21.23.17,1,Random_sign_placement_scenario,1030,269,0.5,-10.69,8.67,90,15,1,4.974157,1.17029,1,242,WheelchairAgent(Clone),8,10,1.3,1.17,9.000008,2,True,2,1,0.5
2026-03-02_21.23.17,1,Random_sign_placement_scenario,1030,269,0.5,-10.69,8.67,90,15,1,4.974157,1.17029,1,243,AdultMaleAgent(Clone),10,8,1.71,1.58,7.176746,2,False,2,1,0.5
2026-03-02_21.23.17,1,Random_sign_placement_scenario,1030,269,0.5,-10.69,8.67,90,15,1,4.974157,1.17029,1,244,WheelchairAgent(Clone),8,10,1.3,1.17,9.333336,2,True,2,1,0.5
2026-03-02_21.23.17,1,Random_sign_placement_scenario,1030,269,0.5,-10.69,8.67,90,15,1,4.974157,1.17029,1,245,WheelchairAgent(Clone),9,11,1.3,1.17,0,0,False,2,0,0
2026-03-02_21.23.17,1,Random_sign_placement_scenario,1030,269,0.5,-10.69,8.67,90,15,1,4.974157,1.17029,1,246,WheelchairAgent(Clone),11,9,1.3,1.17,0,0,False,2,0,0
2026-03-02_21.23.17,1,Random_sign_placement_scenario,1030,269,0.5,-10.69,8.67,90,15,1,4.974157,1.17029,1,247,AdultMaleAgent(Clone),9,11,1.71,1.58,0,0,False,2,0,0
2026-03-02_21.23.17,1,Random_sign_placement_scenario,1030,269,0.5,-10.69,8.67,90,15,1,4.974157,1.17029,1,248,WheelchairAgent(Clone),10,8,1.3,1.17,7.510082,2,False,2,1,0.5
2026-03-02_21.23.17,1,Random_sign_placement_scenario,1030,269,0.5,-10.69,8.67,90,15,1,4.974157,1.17029,1,249,AdultFemaleAgent(Clone),8,10,1.58,1.450001,10.00001,2,True,2,1,0.5
2026-03-02_21.23.17,1,Random_sign_placement_scenario,1030,269,0.5,-10.69,8.67,90,15,1,4.974157,1.17029,1,250,AdultFemaleAgent(Clone),11,9,1.58,1.450001,0,0,False,2,0,0
2026-03-02_21.23.17,1,Random_sign_placement_scenario,1030,269,0.5,-10.69,8.67,90,15,1,4.974157,1.17029,1,251,AdultMaleAgent(Clone),9,11,1.71,1.58,0,0,False,2,0,0
2026-03-02_21.23.17,1,Random_sign_placement_scenario,1030,269,0.5,-10.69,8.67,90,15,1,4.974157,1.17029,1,252,WheelchairAgent(Clone),8,10,1.3,1.17,8.666664,2,True,2,1,0.5
2026-03-02_21.23.17,1,Random_sign_placement_scenario,1030,269,0.5,-10.69,8.67,90,15,1,4.974157,1.17029,1,253,AdultMaleAgent(Clone),11,9,1.71,1.58,0,0,False,2,0,0
2026-03-02_21.23.17,1,Random_sign_placement_scenario,1030,269,0.5,-10.69,8.67,90,15,1,4.974157,1.17029,1,254,AdultMaleAgent(Clone),8,10,1.71,1.58,8.666668,2,False,2,1,0.5
2026-03-02_21.23.17,1,Random_sign_placement_scenario,1030,269,0.5,-10.69,8.67,90,15,1,4.974157,1.17029,1,255,AdultMaleAgent(Clone),9,11,1.71,1.58,0,0,False,2,0,0
2026-03-02_21.23.17,1,Random_sign_placement_scenario,1030,269,0.5,-10.69,8.67,90,15,1,4.974157,1.17029,1,256,WheelchairAgent(Clone),9,11,1.3,1.17,0,0,False,2,0,0
2026-03-02_21.23.17,1,Random_sign_placement_scenario,1030,269,0.5,-10.69,8.67,90,15,1,4.974157,1.17029,1,257,AdultFemaleAgent(Clone),10,8,1.58,1.450001,9.270653,3,False,2,1,0.5
2026-03-02_21.23.17,1,Random_sign_placement_scenario,1030,269,0.5,-10.69,8.67,90,15,1,4.974157,1.17029,1,258,AdultMaleAgent(Clone),11,9,1.71,1.58,0,0,False,2,0,0
2026-03-02_21.23.17,1,Random_sign_placement_scenario,1030,269,0.5,-10.69,8.67,90,15,1,4.974157,1.17029,1,259,WheelchairAgent(Clone),11,9,1.3,1.17,0,0,False,2,0,0
2026-03-02_21.23.17,1,Random_sign_placement_scenario,1030,269,0.5,-10.69,8.67,90,15,1,4.974157,1.17029,1,260,AdultFemaleAgent(Clone),9,11,1.58,1.450001,1,2,False,2,0,0
2026-03-02_21.23.17,1,Random_sign_placement_scenario,1030,269,0.5,-10.69,8.67,90,15,1,4.974157,1.17029,1,261,AdultFemaleAgent(Clone),8,10,1.58,1.450001,10.97151,2,True,2,1,0.5
2026-03-02_21.23.17,1,Random_sign_placement_scenario,1030,269,0.5,-10.69,8.67,90,15,1,4.974157,1.17029,1,262,AdultFemaleAgent(Clone),11,9,1.58,1.450001,0,0,False,2,0,0
2026-03-02_21.23.17,1,Random_sign_placement_scenario,1030,269,0.5,-10.69,8.67,90,15,1,4.974157,1.17029,1,263,AdultMaleAgent(Clone),9,11,1.71,1.58,0,0,False,2,0,0
2026-03-02_21.23.17,1,Random_sign_placement_scenario,1030,269,0.5,-10.69,8.67,90,15,1,4.974157,1.17029,1,264,AdultMaleAgent(Clone),8,10,1.71,1.58,9.638184,2,True,2,1,0.5
2026-03-02_21.23.17,1,Random_sign_placement_scenario,1030,269,0.5,-10.69,8.67,90,15,1,4.974157,1.17029,1,265,AdultMaleAgent(Clone),10,8,1.71,1.58,7.662239,2,False,2,1,0.5
2026-03-02_21.23.17,1,Random_sign_placement_scenario,1030,269,0.5,-10.69,8.67,90,15,1,4.974157,1.17029,1,266,WheelchairAgent(Clone),10,8,1.3,1.17,6.409546,2,False,2,1,0.5
2026-03-02_21.23.17,1,Random_sign_placement_scenario,1030,269,0.5,-10.69,8.67,90,15,1,4.974157,1.17029,1,267,AdultFemaleAgent(Clone),9,11,1.58,1.450001,0.6666679,2,False,2,0,0
2026-03-02_21.23.17,1,Random_sign_placement_scenario,1030,269,0.5,-10.69,8.67,90,15,1,4.974157,1.17029,1,268,AdultFemaleAgent(Clone),11,9,1.58,1.450001,0,0,False,2,0,0
2026-03-02_21.23.17,1,Random_sign_placement_scenario,1030,269,0.5,-10.69,8.67,90,15,1,4.974157,1.17029,1,269,WheelchairAgent(Clone),11,9,1.3,1.17,0,0,False,2,0,0
2026-03-02_21.23.17,1,Random_sign_placement_scenario,1030,269,0.5,-10.69,8.67,90,15,1,4.974157,1.17029,1,270,AdultFemaleAgent(Clone),9,11,1.58,1.450001,0,0,False,2,0,0
2026-03-02_21.23.17,1,Random_sign_placement_scenario,1030,269,0.5,-10.69,8.67,90,15,1,4.974157,1.17029,1,271,AdultMaleAgent(Clone),8,10,1.71,1.58,8.666672,2,True,2,1,0.5
2026-03-02_21.23.17,1,Random_sign_placement_scenario,1030,269,0.5,-10.69,8.67,90,15,1,4.974157,1.17029,1,272,AdultFemaleAgent(Clone),9,11,1.58,1.450001,0,0,False,2,0,0
2026-03-02_21.23.17,1,Random_sign_placement_scenario,1030,269,0.5,-10.69,8.67,90,15,1,4.974157,1.17029,1,273,AdultFemaleAgent(Clone),8,10,1.58,1.450001,9.30484,2,True,2,1,0.5
2026-03-02_21.23.17,1,Random_sign_placement_scenario,1030,269,0.5,-10.69,8.67,90,15,1,4.974157,1.17029,1,274,AdultFemaleAgent(Clone),8,10,1.58,1.450001,9.304848,2,True,2,1,0.5
2026-03-02_21.23.17,1,Random_sign_placement_scenario,1030,269,0.5,-10.69,8.67,90,15,1,4.974157,1.17029,1,275,AdultMaleAgent(Clone),9,11,1.71,1.58,0,0,False,2,0,0
2026-03-02_21.23.17,1,Random_sign_placement_scenario,1030,269,0.5,-10.69,8.67,90,15,1,4.974157,1.17029,1,276,AdultMaleAgent(Clone),10,8,1.71,1.58,6.742878,2,False,2,1,0.5
2026-03-02_21.23.17,1,Random_sign_placement_scenario,1030,269,0.5,-10.69,8.67,90,15,1,4.974157,1.17029,1,277,AdultMaleAgent(Clone),10,8,1.71,1.58,7.000004,2,False,2,1,0.5
2026-03-02_21.23.17,1,Random_sign_placement_scenario,1030,269,0.5,-10.69,8.67,90,15,1,4.974157,1.17029,1,278,AdultMaleAgent(Clone),8,10,1.71,1.58,8.333328,2,False,2,0,0
2026-03-02_21.23.17,1,Random_sign_placement_scenario,1030,269,0.5,-10.69,8.67,90,15,1,4.974157,1.17029,1,279,AdultMaleAgent(Clone),11,9,1.71,1.58,0,0,False,2,0,0
2026-03-02_21.23.17,1,Random_sign_placement_scenario,1030,269,0.5,-10.69,8.67,90,15,1,4.974157,1.17029,1,280,WheelchairAgent(Clone),11,9,1.3,1.17,0,0,False,2,0,0
2026-03-02_21.23.17,1,Random_sign_placement_scenario,1030,269,0.5,-10.69,8.67,90,15,1,4.974157,1.17029,1,281,WheelchairAgent(Clone),8,10,1.3,1.17,9.30484,2,True,2,1,0.5
2026-03-02_21.23.17,1,Random_sign_placement_scenario,1030,269,0.5,-10.69,8.67,90,15,1,4.974157,1.17029,1,282,WheelchairAgent(Clone),10,8,1.3,1.17,7.13121,2,False,2,1,0.5
2026-03-02_21.23.17,1,Random_sign_placement_scenario,1030,269,0.5,-10.69,8.67,90,15,1,4.974157,1.17029,1,283,WheelchairAgent(Clone),8,10,1.3,1.17,8.638184,2,False,2,1,0.5
2026-03-02_21.23.17,1,Random_sign_placement_scenario,1030,269,0.5,-10.69,8.67,90,15,1,4.974157,1.17029,1,284,AdultFemaleAgent(Clone),9,11,1.58,1.450001,0,0,False,2,0,0
2026-03-02_21.23.17,1,Random_sign_placement_scenario,1030,269,0.5,-10.69,8.67,90,15,1,4.974157,1.17029,1,285,AdultMaleAgent(Clone),10,8,1.71,1.58,8.662243,2,True,2,1,0.5
2026-03-02_21.23.17,1,Random_sign_placement_scenario,1030,269,0.5,-10.69,8.67,90,15,1,4.974157,1.17029,1,286,AdultFemaleAgent(Clone),9,11,1.58,1.450001,0,0,False,2,0,0
2026-03-02_21.23.17,1,Random_sign_placement_scenario,1030,269,0.5,-10.69,8.67,90,15,1,4.974157,1.17029,1,287,WheelchairAgent(Clone),10,8,1.3,1.17,8.333332,2,False,2,1,0.5
2026-03-02_21.23.17,1,Random_sign_placement_scenario,1030,269,0.5,-10.69,8.67,90,15,1,4.974157,1.17029,1,288,WheelchairAgent(Clone),8,10,1.3,1.17,8.638176,2,True,2,1,0.5
2026-03-02_21.23.17,1,Random_sign_placement_scenario,1030,269,0.5,-10.69,8.67,90,15,1,4.974157,1.17029,1,289,WheelchairAgent(Clone),9,11,1.3,1.17,0,0,False,2,0,0
2026-03-02_21.23.17,1,Random_sign_placement_scenario,1030,269,0.5,-10.69,8.67,90,15,1,4.974157,1.17029,1,290,AdultMaleAgent(Clone),10,8,1.71,1.58,6.333336,2,False,2,1,0.5
2026-03-02_21.23.17,1,Random_sign_placement_scenario,1030,269,0.5,-10.69,8.67,90,15,1,4.974157,1.17029,1,291,WheelchairAgent(Clone),9,11,1.3,1.17,0,0,False,2,0,0
2026-03-02_21.23.17,1,Random_sign_placement_scenario,1030,269,0.5,-10.69,8.67,90,15,1,4.974157,1.17029,1,292,WheelchairAgent(Clone),8,10,1.3,1.17,8.304848,2,True,2,1,0.5
2026-03-02_21.23.17,1,Random_sign_placement_scenario,1030,269,0.5,-10.69,8.67,90,15,1,4.974157,1.17029,1,293,AdultFemaleAgent(Clone),11,9,1.58,1.450001,0,0,False,2,0,0
2026-03-02_21.23.17,1,Random_sign_placement_scenario,1030,269,0.5,-10.69,8.67,90,15,1,4.974157,1.17029,1,294,AdultMaleAgent(Clone),8,10,1.71,1.58,10.1871,2,True,2,1,0.5
2026-03-02_21.23.17,1,Random_sign_placement_scenario,1030,269,0.5,-10.69,8.67,90,15,1,4.974157,1.17029,1,295,WheelchairAgent(Clone),10,8,1.3,1.17,6.333332,2,False,2,1,0.5
2026-03-02_21.23.17,1,Random_sign_placement_scenario,1030,269,0.5,-10.69,8.67,90,15,1,4.974157,1.17029,1,296,AdultFemaleAgent(Clone),9,11,1.58,1.450001,0.6666641,2,False,2,1,0.5
2026-03-02_21.23.17,1,Random_sign_placement_scenario,1030,269,0.5,-10.69,8.67,90,15,1,4.974157,1.17029,1,297,WheelchairAgent(Clone),11,9,1.3,1.17,0,0,False,2,0,0
2026-03-02_21.23.17,1,Random_sign_placement_scenario,1030,269,0.5,-10.69,8.67,90,15,1,4.974157,1.17029,1,298,AdultMaleAgent(Clone),9,11,1.71,1.58,0,0,False,2,0,0
2026-03-02_21.23.17,1,Random_sign_placement_scenario,1030,269,0.5,-10.69,8.67,90,15,1,4.974157,1.17029,1,299,AdultMaleAgent(Clone),11,9,1.71,1.58,0,0,False,2,0,0
2026-03-02_21.23.17,1,Random_sign_placement_scenario,1030,269,0.5,-10.69,8.67,90,15,1,4.974157,1.17029,1,300,WheelchairAgent(Clone),11,9,1.3,1.17,0,0,False,2,0,0
2026-03-02_21.23.17,1,Random_sign_placement_scenario,1030,269,0.5,-10.69,8.67,90,15,1,4.974157,1.17029,1,301,AdultMaleAgent(Clone),10,8,1.71,1.58,7.666672,2,True,2,1,0.5
2026-03-02_21.23.17,1,Random_sign_placement_scenario,1030,269,0.5,-10.69,8.67,90,15,1,4.974157,1.17029,1,302,AdultMaleAgent(Clone),8,10,1.71,1.58,8.638176,2,False,2,1,0.5
2026-03-02_21.23.17,1,Random_sign_placement_scenario,1030,269,0.5,-10.69,8.67,90,15,1,4.974157,1.17029,1,303,AdultMaleAgent(Clone),9,11,1.71,1.58,0,0,False,2,0,0
2026-03-02_21.23.17,1,Random_sign_placement_scenario,1030,269,0.5,-10.69,8.67,90,15,1,4.974157,1.17029,1,304,WheelchairAgent(Clone),11,9,1.3,1.17,0,0,False,2,0,0
2026-03-02_21.23.17,1,Random_sign_placement_scenario,1030,269,0.5,-10.69,8.67,90,15,1,4.974157,1.17029,1,305,AdultMaleAgent(Clone),8,10,1.71,1.58,10.54891,2,True,2,1,0.5
2026-03-02_21.23.17,1,Random_sign_placement_scenario,1030,269,0.5,-10.69,8.67,90,15,1,4.974157,1.17029,1,306,AdultMaleAgent(Clone),10,8,1.71,1.58,7,2,False,2,1,0.5
2026-03-02_21.23.17,1,Random_sign_placement_scenario,1030,269,0.5,-10.69,8.67,90,15,1,4.974157,1.17029,1,307,AdultMaleAgent(Clone),10,8,1.71,1.58,5.666668,2,False,2,1,0.5
2026-03-02_21.23.17,1,Random_sign_placement_scenario,1030,269,0.5,-10.69,8.67,90,15,1,4.974157,1.17029,1,308,AdultMaleAgent(Clone),11,9,1.71,1.58,0,0,False,2,0,0
2026-03-02_21.23.17,1,Random_sign_placement_scenario,1030,269,0.5,-10.69,8.67,90,15,1,4.974157,1.17029,1,309,AdultFemaleAgent(Clone),11,9,1.58,1.450001,0,0,False,2,0,0
2026-03-02_21.23.17,1,Random_sign_placement_scenario,1030,269,0.5,-10.69,8.67,90,15,1,4.974157,1.17029,1,310,WheelchairAgent(Clone),8,10,1.3,1.17,7.971512,2,True,2,1,0.5
2026-03-02_21.23.17,1,Random_sign_placement_scenario,1030,269,0.5,-10.69,8.67,90,15,1,4.974157,1.17029,1,311,AdultMaleAgent(Clone),10,8,1.71,1.58,7.666668,2,False,2,1,0.5
2026-03-02_21.23.17,1,Random_sign_placement_scenario,1030,269,0.5,-10.69,8.67,90,15,1,4.974157,1.17029,1,312,AdultMaleAgent(Clone),9,11,1.71,1.58,0,0,False,2,0,0
2026-03-02_21.23.17,1,Random_sign_placement_scenario,1030,269,0.5,-10.69,8.67,90,15,1,4.974157,1.17029,1,313,AdultMaleAgent(Clone),11,9,1.71,1.58,0,0,False,2,0,0
2026-03-02_21.23.17,1,Random_sign_placement_scenario,1030,269,0.5,-10.69,8.67,90,15,1,4.974157,1.17029,1,314,AdultFemaleAgent(Clone),8,10,1.58,1.450001,9.304848,2,False,2,0,0
2026-03-02_21.23.17,1,Random_sign_placement_scenario,1030,269,0.5,-10.69,8.67,90,15,1,4.974157,1.17029,1,315,WheelchairAgent(Clone),9,11,1.3,1.17,0,0,False,2,0,0
2026-03-02_21.23.17,1,Random_sign_placement_scenario,1030,269,0.5,-10.69,8.67,90,15,1,4.974157,1.17029,1,316,AdultMaleAgent(Clone),11,9,1.71,1.58,0,0,False,2,0,0
2026-03-02_21.23.17,1,Random_sign_placement_scenario,1030,269,0.5,-10.69,8.67,90,15,1,4.974157,1.17029,1,317,AdultFemaleAgent(Clone),11,9,1.58,1.450001,0,0,False,2,0,0
2026-03-02_21.23.17,1,Random_sign_placement_scenario,1030,269,0.5,-10.69,8.67,90,15,1,4.974157,1.17029,1,318,AdultFemaleAgent(Clone),10,8,1.58,1.450001,7.304848,2,True,2,1,0.5
2026-03-02_21.23.17,1,Random_sign_placement_scenario,1030,269,0.5,-10.69,8.67,90,15,1,4.974157,1.17029,1,319,AdultFemaleAgent(Clone),8,10,1.58,1.450001,8.971512,2,False,2,1,0.5
2026-03-02_21.23.17,1,Random_sign_placement_scenario,1030,269,0.5,-10.69,8.67,90,15,1,4.974157,1.17029,1,320,WheelchairAgent(Clone),9,11,1.3,1.17,0,0,False,2,0,0
2026-03-02_21.23.17,1,Random_sign_placement_scenario,1030,269,0.5,-10.69,8.67,90,15,1,4.974157,1.17029,1,321,AdultMaleAgent(Clone),10,8,1.71,1.58,7.666672,2,True,2,1,0.5
2026-03-02_21.23.17,1,Random_sign_placement_scenario,1030,269,0.5,-10.69,8.67,90,15,1,4.974157,1.17029,1,322,AdultFemaleAgent(Clone),11,9,1.58,1.450001,0,0,False,2,0,0
2026-03-02_21.23.17,1,Random_sign_placement_scenario,1030,269,0.5,-10.69,8.67,90,15,1,4.974157,1.17029,1,323,WheelchairAgent(Clone),8,10,1.3,1.17,9.548912,2,True,2,1,0.5
2026-03-02_21.23.17,1,Random_sign_placement_scenario,1030,269,0.5,-10.69,8.67,90,15,1,4.974157,1.17029,1,324,WheelchairAgent(Clone),11,9,1.3,1.17,0,0,False,2,0,0
2026-03-02_21.23.17,1,Random_sign_placement_scenario,1030,269,0.5,-10.69,8.67,90,15,1,4.974157,1.17029,1,325,WheelchairAgent(Clone),8,10,1.3,1.17,10.54892,2,False,2,0,0
2026-03-02_21.23.17,1,Random_sign_placement_scenario,1030,269,0.5,-10.69,8.67,90,15,1,4.974157,1.17029,1,326,AdultMaleAgent(Clone),10,8,1.71,1.58,8.971512,2,True,2,1,0.5
2026-03-02_21.23.17,1,Random_sign_placement_scenario,1030,269,0.5,-10.69,8.67,90,15,1,4.974157,1.17029,1,327,AdultMaleAgent(Clone),9,11,1.71,1.58,0,0,False,2,0,0
2026-03-02_21.23.17,1,Random_sign_placement_scenario,1030,269,0.5,-10.69,8.67,90,15,1,4.974157,1.17029,1,328,AdultFemaleAgent(Clone),9,11,1.58,1.450001,0,0,False,2,0,0
2026-03-02_21.23.17,1,Random_sign_placement_scenario,1030,269,0.5,-10.69,8.67,90,15,1,4.974157,1.17029,1,329,AdultMaleAgent(Clone),8,10,1.71,1.58,8.215576,2,True,2,1,0.5
2026-03-02_21.23.17,1,Random_sign_placement_scenario,1030,269,0.5,-10.69,8.67,90,15,1,4.974157,1.17029,1,330,AdultMaleAgent(Clone),11,9,1.71,1.58,0,0,False,2,0,0
2026-03-02_21.23.17,1,Random_sign_placement_scenario,1030,269,0.5,-10.69,8.67,90,15,1,4.974157,1.17029,1,331,AdultFemaleAgent(Clone),10,8,1.58,1.450001,8.638176,2,True,2,1,0.5
2026-03-02_21.23.17,1,Random_sign_placement_scenario,1030,269,0.5,-10.69,8.67,90,15,1,4.974157,1.17029,1,332,AdultMaleAgent(Clone),8,10,1.71,1.58,9.882248,2,True,2,1,0.5
2026-03-02_21.23.17,1,Random_sign_placement_scenario,1030,269,0.5,-10.69,8.67,90,15,1,4.974157,1.17029,1,333,AdultMaleAgent(Clone),9,11,1.71,1.58,1,2,False,2,1,0.5
2026-03-02_21.23.17,1,Random_sign_placement_scenario,1030,269,0.5,-10.69,8.67,90,15,1,4.974157,1.17029,1,334,AdultMaleAgent(Clone),8,10,1.71,1.58,8.288101,2,False,2,0,0
2026-03-02_21.23.17,1,Random_sign_placement_scenario,1030,269,0.5,-10.69,8.67,90,15,1,4.974157,1.17029,1,335,AdultFemaleAgent(Clone),10,8,1.58,1.450001,8,2,True,2,1,0.5
2026-03-02_21.23.17,1,Random_sign_placement_scenario,1030,269,0.5,-10.69,8.67,90,15,1,4.974157,1.17029,1,336,AdultMaleAgent(Clone),8,10,1.71,1.58,7.615768,2,False,2,1,0.5
2026-03-02_21.23.17,1,Random_sign_placement_scenario,1030,269,0.5,-10.69,8.67,90,15,1,4.974157,1.17029,1,337,AdultMaleAgent(Clone),10,8,1.71,1.58,9.30484,2,True,2,1,0.5
2026-03-02_21.23.17,1,Random_sign_placement_scenario,1030,269,0.5,-10.69,8.67,90,15,1,4.974157,1.17029,1,338,AdultFemaleAgent(Clone),11,9,1.58,1.450001,0,0,False,2,0,0
2026-03-02_21.23.17,1,Random_sign_placement_scenario,1030,269,0.5,-10.69,8.67,90,15,1,4.974157,1.17029,1,339,AdultFemaleAgent(Clone),11,9,1.58,1.450001,0,0,False,2,0,0
2026-03-02_21.23.17,1,Random_sign_placement_scenario,1030,269,0.5,-10.69,8.67,90,15,1,4.974157,1.17029,1,340,AdultMaleAgent(Clone),10,8,1.71,1.58,7.304848,2,False,2,1,0.5
2026-03-02_21.23.17,1,Random_sign_placement_scenario,1030,269,0.5,-10.69,8.67,90,15,1,4.974157,1.17029,1,341,AdultMaleAgent(Clone),8,10,1.71,1.58,9.215576,2,True,2,1,0.5
2026-03-02_21.23.17,1,Random_sign_placement_scenario,1030,269,0.5,-10.69,8.67,90,15,1,4.974157,1.17029,1,342,WheelchairAgent(Clone),9,11,1.3,1.17,0,0,False,2,0,0
2026-03-02_21.23.17,1,Random_sign_placement_scenario,1030,269,0.5,-10.69,8.67,90,15,1,4.974157,1.17029,1,343,AdultFemaleAgent(Clone),8,10,1.58,1.450001,8.548912,2,True,2,1,0.5
2026-03-02_21.23.17,1,Random_sign_placement_scenario,1030,269,0.5,-10.69,8.67,90,15,1,4.974157,1.17029,1,344,AdultFemaleAgent(Clone),9,11,1.58,1.450001,0,0,False,2,0,0
2026-03-02_21.23.17,1,Random_sign_placement_scenario,1030,269,0.5,-10.69,8.67,90,15,1,4.974157,1.17029,1,345,WheelchairAgent(Clone),9,11,1.3,1.17,0,0,False,2,0,0
2026-03-02_21.23.17,1,Random_sign_placement_scenario,1030,269,0.5,-10.69,8.67,90,15,1,4.974157,1.17029,1,346,AdultMaleAgent(Clone),9,11,1.71,1.58,0,0,False,2,0,0
2026-03-02_21.23.17,1,Random_sign_placement_scenario,1030,269,0.5,-10.69,8.67,90,15,1,4.974157,1.17029,1,347,AdultMaleAgent(Clone),10,8,1.71,1.58,8.638176,2,False,2,1,0.5
2026-03-02_21.23.17,1,Random_sign_placement_scenario,1030,269,0.5,-10.69,8.67,90,15,1,4.974157,1.17029,1,348,AdultFemaleAgent(Clone),11,9,1.58,1.450001,0,0,False,2,0,0
2026-03-02_21.23.17,1,Random_sign_placement_scenario,1030,269,0.5,-10.69,8.67,90,15,1,4.974157,1.17029,1,349,WheelchairAgent(Clone),10,8,1.3,1.17,7.971512,2,False,2,1,0.5
2026-03-02_21.23.17,1,Random_sign_placement_scenario,1030,269,0.5,-10.69,8.67,90,15,1,4.974157,1.17029,1,350,AdultFemaleAgent(Clone),8,10,1.58,1.450001,10.31451,2,True,2,1,0.5
2026-03-02_21.23.17,1,Random_sign_placement_scenario,1030,269,0.5,-10.69,8.67,90,15,1,4.974157,1.17029,1,351,AdultFemaleAgent(Clone),11,9,1.58,1.450001,0,0,False,2,0,0
2026-03-02_21.23.17,1,Random_sign_placement_scenario,1030,269,0.5,-10.69,8.67,90,15,1,4.974157,1.17029,1,352,AdultFemaleAgent(Clone),8,10,1.58,1.450001,8.215584,2,True,2,1,0.5
2026-03-02_21.23.17,1,Random_sign_placement_scenario,1030,269,0.5,-10.69,8.67,90,15,1,4.974157,1.17029,1,353,AdultFemaleAgent(Clone),11,9,1.58,1.450001,0,0,False,2,0,0
2026-03-02_21.23.17,1,Random_sign_placement_scenario,1030,269,0.5,-10.69,8.67,90,15,1,4.974157,1.17029,1,354,AdultFemaleAgent(Clone),9,11,1.58,1.450001,0,0,False,2,0,0
2026-03-02_21.23.17,1,Random_sign_placement_scenario,1030,269,0.5,-10.69,8.67,90,15,1,4.974157,1.17029,1,355,WheelchairAgent(Clone),10,8,1.3,1.17,8.564041,2,False,2,1,0.5
2026-03-02_21.23.17,1,Random_sign_placement_scenario,1030,269,0.5,-10.69,8.67,90,15,1,4.974157,1.17029,1,356,WheelchairAgent(Clone),9,11,1.3,1.17,0,0,False,2,0,0
2026-03-02_21.23.17,1,Random_sign_placement_scenario,1030,269,0.5,-10.69,8.67,90,15,1,4.974157,1.17029,1,357,AdultMaleAgent(Clone),11,9,1.71,1.58,0,0,False,2,0,0
2026-03-02_21.23.17,1,Random_sign_placement_scenario,1030,269,0.5,-10.69,8.67,90,15,1,4.974157,1.17029,1,358,WheelchairAgent(Clone),8,10,1.3,1.17,9.548912,2,True,2,1,0.5
2026-03-02_21.23.17,1,Random_sign_placement_scenario,1030,269,0.5,-10.69,8.67,90,15,1,4.974157,1.17029,1,359,AdultFemaleAgent(Clone),11,9,1.58,1.450001,0,0,False,2,0,0
2026-03-02_21.23.17,1,Random_sign_placement_scenario,1030,269,0.5,-10.69,8.67,90,15,1,4.974157,1.17029,1,360,WheelchairAgent(Clone),10,8,1.3,1.17,7.971512,2,False,2,1,0.5
2026-03-02_21.23.17,1,Random_sign_placement_scenario,1030,269,0.5,-10.69,8.67,90,15,1,4.974157,1.17029,1,361,AdultFemaleAgent(Clone),10,8,1.58,1.450001,6.304848,2,False,2,1,0.5
2026-03-02_21.23.17,1,Random_sign_placement_scenario,1030,269,0.5,-10.69,8.67,90,15,1,4.974157,1.17029,1,362,WheelchairAgent(Clone),9,11,1.3,1.17,0,0,False,2,0,0
2026-03-02_21.23.17,1,Random_sign_placement_scenario,1030,269,0.5,-10.69,8.67,90,15,1,4.974157,1.17029,1,363,AdultMaleAgent(Clone),10,8,1.71,1.58,8.304848,2,False,2,1,0.5
2026-03-02_21.23.17,1,Random_sign_placement_scenario,1030,269,0.5,-10.69,8.67,90,15,1,4.974157,1.17029,1,364,AdultFemaleAgent(Clone),8,10,1.58,1.450001,7.882248,2,False,2,1,0.5
2026-03-02_21.23.17,1,Random_sign_placement_scenario,1030,269,0.5,-10.69,8.67,90,15,1,4.974157,1.17029,1,365,AdultMaleAgent(Clone),8,10,1.71,1.58,10,2,False,2,0,0
2026-03-02_21.23.17,1,Random_sign_placement_scenario,1030,269,0.5,-10.69,8.67,90,15,1,4.974157,1.17029,1,366,WheelchairAgent(Clone),11,9,1.3,1.17,0,0,False,2,0,0
2026-03-02_21.23.17,1,Random_sign_placement_scenario,1030,269,0.5,-10.69,8.67,90,15,1,4.974157,1.17029,1,367,WheelchairAgent(Clone),9,11,1.3,1.17,0.3333282,1,False,2,0,0
2026-03-02_21.23.17,1,Random_sign_placement_scenario,1030,269,0.5,-10.69,8.67,90,15,1,4.974157,1.17029,1,368,WheelchairAgent(Clone),11,9,1.3,1.17,0,0,False,2,0,0
2026-03-02_21.23.17,1,Random_sign_placement_scenario,1030,269,0.5,-10.69,8.67,90,15,1,4.974157,1.17029,1,369,AdultFemaleAgent(Clone),10,8,1.58,1.450001,6.615768,2,False,2,0,0
2026-03-02_21.23.17,1,Random_sign_placement_scenario,1030,269,0.5,-10.69,8.67,90,15,1,4.974157,1.17029,1,370,AdultMaleAgent(Clone),11,9,1.71,1.58,0,0,False,2,0,0
2026-03-02_21.23.17,1,Random_sign_placement_scenario,1030,269,0.5,-10.69,8.67,90,15,1,4.974157,1.17029,1,371,AdultFemaleAgent(Clone),10,8,1.58,1.450001,7.971512,2,False,2,1,0.5
2026-03-02_21.23.17,1,Random_sign_placement_scenario,1030,269,0.5,-10.69,8.67,90,15,1,4.974157,1.17029,1,372,AdultFemaleAgent(Clone),9,11,1.58,1.450001,0.6666641,2,False,2,0,0
2026-03-02_21.23.17,1,Random_sign_placement_scenario,1030,269,0.5,-10.69,8.67,90,15,1,4.974157,1.17029,1,373,AdultMaleAgent(Clone),8,10,1.71,1.58,8.548912,2,False,2,0,0
2026-03-02_21.23.17,1,Random_sign_placement_scenario,1030,269,0.5,-10.69,8.67,90,15,1,4.974157,1.17029,1,374,AdultMaleAgent(Clone),9,11,1.71,1.58,0,0,False,2,0,0
2026-03-02_21.23.17,1,Random_sign_placement_scenario,1030,269,0.5,-10.69,8.67,90,15,1,4.974157,1.17029,1,375,AdultFemaleAgent(Clone),10,8,1.58,1.450001,7.316589,2,False,2,1,0.5
2026-03-02_21.23.17,1,Random_sign_placement_scenario,1030,269,0.5,-10.69,8.67,90,15,1,4.974157,1.17029,1,376,AdultFemaleAgent(Clone),11,9,1.58,1.450001,0,0,False,2,0,0
2026-03-02_21.23.17,1,Random_sign_placement_scenario,1030,269,0.5,-10.69,8.67,90,15,1,4.974157,1.17029,1,377,AdultMaleAgent(Clone),9,11,1.71,1.58,0,0,False,2,0,0
2026-03-02_21.23.17,1,Random_sign_placement_scenario,1030,269,0.5,-10.69,8.67,90,15,1,4.974157,1.17029,1,378,AdultFemaleAgent(Clone),11,9,1.58,1.450001,0,0,False,2,0,0
2026-03-02_21.23.17,1,Random_sign_placement_scenario,1030,269,0.5,-10.69,8.67,90,15,1,4.974157,1.17029,1,379,AdultMaleAgent(Clone),8,10,1.71,1.58,9.666664,2,True,2,1,0.5
2026-03-02_21.23.17,1,Random_sign_placement_scenario,1030,269,0.5,-10.69,8.67,90,15,1,4.974157,1.17029,1,380,WheelchairAgent(Clone),10,8,1.3,1.17,8.548912,2,False,2,1,0.5
2026-03-02_21.23.17,1,Random_sign_placement_scenario,1030,269,0.5,-10.69,8.67,90,15,1,4.974157,1.17029,1,381,AdultFemaleAgent(Clone),9,11,1.58,1.450001,0.3333282,1,False,2,0,0
2026-03-02_21.23.17,1,Random_sign_placement_scenario,1030,269,0.5,-10.69,8.67,90,15,1,4.974157,1.17029,1,382,AdultMaleAgent(Clone),8,10,1.71,1.58,7.933144,2,True,2,1,0.5
2026-03-02_21.23.17,1,Random_sign_placement_scenario,1030,269,0.5,-10.69,8.67,90,15,1,4.974157,1.17029,1,383,WheelchairAgent(Clone),10,8,1.3,1.17,7.649925,2,False,2,0,0
2026-03-02_21.23.17,1,Random_sign_placement_scenario,1030,269,0.5,-10.69,8.67,90,15,1,4.974157,1.17029,1,384,AdultMaleAgent(Clone),9,11,1.71,1.58,0,0,False,2,0,0
2026-03-02_21.23.17,1,Random_sign_placement_scenario,1030,269,0.5,-10.69,8.67,90,15,1,4.974157,1.17029,1,385,WheelchairAgent(Clone),8,10,1.3,1.17,10.33334,2,True,2,1,0.5
2026-03-02_21.23.17,1,Random_sign_placement_scenario,1030,269,0.5,-10.69,8.67,90,15,1,4.974157,1.17029,1,386,WheelchairAgent(Clone),10,8,1.3,1.17,5.666664,2,False,2,1,0.5
2026-03-02_21.23.17,1,Random_sign_placement_scenario,1030,269,0.5,-10.69,8.67,90,15,1,4.974157,1.17029,1,387,AdultFemaleAgent(Clone),8,10,1.58,1.450001,10,2,True,2,1,0.5
2026-03-02_21.23.17,1,Random_sign_placement_scenario,1030,269,0.5,-10.69,8.67,90,15,1,4.974157,1.17029,1,388,WheelchairAgent(Clone),10,8,1.3,1.17,5.90107,2,False,2,1,0.5
2026-03-02_21.23.17,1,Random_sign_placement_scenario,1030,269,0.5,-10.69,8.67,90,15,1,4.974157,1.17029,1,389,AdultFemaleAgent(Clone),10,8,1.58,1.450001,7.215584,2,False,2,1,0.5
2026-03-02_21.23.17,1,Random_sign_placement_scenario,1030,269,0.5,-10.69,8.67,90,15,1,4.974157,1.17029,1,390,AdultFemaleAgent(Clone),9,11,1.58,1.450001,0,0,False,2,0,0
2026-03-02_21.23.17,1,Random_sign_placement_scenario,1030,269,0.5,-10.69,8.67,90,15,1,4.974157,1.17029,1,391,WheelchairAgent(Clone),8,10,1.3,1.17,9.333328,2,False,2,1,0.5
2026-03-02_21.23.17,1,Random_sign_placement_scenario,1030,269,0.5,-10.69,8.67,90,15,1,4.974157,1.17029,1,392,WheelchairAgent(Clone),11,9,1.3,1.17,0,0,False,2,0,0
2026-03-02_21.23.17,1,Random_sign_placement_scenario,1030,269,0.5,-10.69,8.67,90,15,1,4.974157,1.17029,1,393,AdultFemaleAgent(Clone),8,10,1.58,1.450001,8.666664,2,False,2,1,0.5
2026-03-02_21.23.17,1,Random_sign_placement_scenario,1030,269,0.5,-10.69,8.67,90,15,1,4.974157,1.17029,1,394,AdultFemaleAgent(Clone),11,9,1.58,1.450001,0,0,False,2,0,0
2026-03-02_21.23.17,1,Random_sign_placement_scenario,1030,269,0.5,-10.69,8.67,90,15,1,4.974157,1.17029,1,395,AdultMaleAgent(Clone),9,11,1.71,1.58,0,0,False,2,0,0
2026-03-02_21.23.17,1,Random_sign_placement_scenario,1030,269,0.5,-10.69,8.67,90,15,1,4.974157,1.17029,1,396,WheelchairAgent(Clone),8,10,1.3,1.17,9,2,True,2,1,0.5
2026-03-02_21.23.17,1,Random_sign_placement_scenario,1030,269,0.5,-10.69,8.67,90,15,1,4.974157,1.17029,1,397,AdultFemaleAgent(Clone),10,8,1.58,1.450001,7.882248,2,True,2,1,0.5
2026-03-02_21.23.17,1,Random_sign_placement_scenario,1030,269,0.5,-10.69,8.67,90,15,1,4.974157,1.17029,1,398,AdultFemaleAgent(Clone),8,10,1.58,1.450001,9.666664,2,True,2,1,0.5
2026-03-02_21.23.17,1,Random_sign_placement_scenario,1030,269,0.5,-10.69,8.67,90,15,1,4.974157,1.17029,1,399,WheelchairAgent(Clone),9,11,1.3,1.17,0,0,False,2,0,0
2026-03-02_21.23.17,1,Random_sign_placement_scenario,1030,269,0.5,-10.69,8.67,90,15,1,4.974157,1.17029,1,400,WheelchairAgent(Clone),9,11,1.3,1.17,0,0,False,2,0,0
2026-03-02_21.23.17,1,Random_sign_placement_scenario,1030,269,0.5,-10.69,8.67,90,15,1,4.974157,1.17029,1,401,AdultMaleAgent(Clone),9,11,1.71,1.58,0.6666641,1,False,2,0,0
2026-03-02_21.23.17,1,Random_sign_placement_scenario,1030,269,0.5,-10.69,8.67,90,15,1,4.974157,1.17029,1,402,AdultMaleAgent(Clone),10,8,1.71,1.58,7.54892,2,False,2,1,0.5
2026-03-02_21.23.17,1,Random_sign_placement_scenario,1030,269,0.5,-10.69,8.67,90,15,1,4.974157,1.17029,1,403,WheelchairAgent(Clone),10,8,1.3,1.17,8.548912,2,True,2,1,0.5
2026-03-02_21.23.17,1,Random_sign_placement_scenario,1030,269,0.5,-10.69,8.67,90,15,1,4.974157,1.17029,1,404,AdultMaleAgent(Clone),11,9,1.71,1.58,0,0,False,2,0,0
2026-03-02_21.23.17,1,Random_sign_placement_scenario,1030,269,0.5,-10.69,8.67,90,15,1,4.974157,1.17029,1,405,WheelchairAgent(Clone),10,8,1.3,1.17,7.548912,2,False,2,1,0.5
2026-03-02_21.23.17,1,Random_sign_placement_scenario,1030,269,0.5,-10.69,8.67,90,15,1,4.974157,1.17029,1,406,AdultMaleAgent(Clone),8,10,1.71,1.58,9.666664,2,True,2,1,0.5
2026-03-02_21.23.17,1,Random_sign_placement_scenario,1030,269,0.5,-10.69,8.67,90,15,1,4.974157,1.17029,1,407,AdultMaleAgent(Clone),9,11,1.71,1.58,1.289719,2,False,2,0,0
2026-03-02_21.23.17,1,Random_sign_placement_scenario,1030,269,0.5,-10.69,8.67,90,15,1,4.974157,1.17029,1,408,WheelchairAgent(Clone),11,9,1.3,1.17,0,0,False,2,0,0
2026-03-02_21.23.17,1,Random_sign_placement_scenario,1030,269,0.5,-10.69,8.67,90,15,1,4.974157,1.17029,1,409,WheelchairAgent(Clone),9,11,1.3,1.17,0,0,False,2,0,0
2026-03-02_21.23.17,1,Random_sign_placement_scenario,1030,269,0.5,-10.69,8.67,90,15,1,4.974157,1.17029,1,410,WheelchairAgent(Clone),10,8,1.3,1.17,7.882248,2,True,2,1,0.5
2026-03-02_21.23.17,1,Random_sign_placement_scenario,1030,269,0.5,-10.69,8.67,90,15,1,4.974157,1.17029,1,411,AdultFemaleAgent(Clone),9,11,1.58,1.450001,0,0,False,2,0,0
2026-03-02_21.23.17,1,Random_sign_placement_scenario,1030,269,0.5,-10.69,8.67,90,15,1,4.974157,1.17029,1,412,WheelchairAgent(Clone),10,8,1.3,1.17,7.882248,2,True,2,1,0.5
2026-03-02_21.23.17,1,Random_sign_placement_scenario,1030,269,0.5,-10.69,8.67,90,15,1,4.974157,1.17029,1,413,WheelchairAgent(Clone),9,11,1.3,1.17,0,0,False,2,0,0
2026-03-02_21.23.17,1,Random_sign_placement_scenario,1030,269,0.5,-10.69,8.67,90,15,1,4.974157,1.17029,1,414,AdultFemaleAgent(Clone),11,9,1.58,1.450001,0,0,False,2,0,0
2026-03-02_21.23.17,1,Random_sign_placement_scenario,1030,269,0.5,-10.69,8.67,90,15,1,4.974157,1.17029,1,415,AdultMaleAgent(Clone),10,8,1.71,1.58,8.54892,2,True,2,1,0.5
2026-03-02_21.23.17,1,Random_sign_placement_scenario,1030,269,0.5,-10.69,8.67,90,15,1,4.974157,1.17029,1,416,AdultFemaleAgent(Clone),8,10,1.58,1.450001,9.994568,2,True,2,1,0.5
2026-03-02_21.23.17,1,Random_sign_placement_scenario,1030,269,0.5,-10.69,8.67,90,15,1,4.974157,1.17029,1,417,WheelchairAgent(Clone),9,11,1.3,1.17,0,0,False,2,0,0
2026-03-02_21.23.17,1,Random_sign_placement_scenario,1030,269,0.5,-10.69,8.67,90,15,1,4.974157,1.17029,1,418,AdultMaleAgent(Clone),11,9,1.71,1.58,0,0,False,2,0,0
2026-03-02_21.23.17,1,Random_sign_placement_scenario,1030,269,0.5,-10.69,8.67,90,15,1,4.974157,1.17029,1,419,WheelchairAgent(Clone),9,11,1.3,1.17,0,0,False,2,0,0
2026-03-02_21.23.17,1,Random_sign_placement_scenario,1030,269,0.5,-10.69,8.67,90,15,1,4.974157,1.17029,1,420,AdultMaleAgent(Clone),11,9,1.71,1.58,0,0,False,2,0,0
2026-03-02_21.23.17,1,Random_sign_placement_scenario,1030,269,0.5,-10.69,8.67,90,15,1,4.974157,1.17029,1,421,WheelchairAgent(Clone),8,10,1.3,1.17,10,2,True,2,1,0.5
2026-03-02_21.23.17,1,Random_sign_placement_scenario,1030,269,0.5,-10.69,8.67,90,15,1,4.974157,1.17029,1,422,AdultMaleAgent(Clone),9,11,1.71,1.58,0,0,False,2,0,0
2026-03-02_21.23.17,1,Random_sign_placement_scenario,1030,269,0.5,-10.69,8.67,90,15,1,4.974157,1.17029,1,423,AdultFemaleAgent(Clone),11,9,1.58,1.450001,0,0,False,2,0,0
2026-03-02_21.23.17,1,Random_sign_placement_scenario,1030,269,0.5,-10.69,8.67,90,15,1,4.974157,1.17029,1,424,AdultMaleAgent(Clone),8,10,1.71,1.58,9.994568,2,True,2,1,0.5
2026-03-02_21.23.17,1,Random_sign_placement_scenario,1030,269,0.5,-10.69,8.67,90,15,1,4.974157,1.17029,1,425,AdultFemaleAgent(Clone),10,8,1.58,1.450001,7.933144,2,False,2,1,0.5
2026-03-02_21.23.17,1,Random_sign_placement_scenario,1030,269,0.5,-10.69,8.67,90,15,1,4.974157,1.17029,1,426,WheelchairAgent(Clone),9,11,1.3,1.17,0,0,False,2,0,0
2026-03-02_21.23.17,1,Random_sign_placement_scenario,1030,269,0.5,-10.69,8.67,90,15,1,4.974157,1.17029,1,427,WheelchairAgent(Clone),8,10,1.3,1.17,9.333336,2,False,2,1,0.5
2026-03-02_21.23.17,1,Random_sign_placement_scenario,1030,269,0.5,-10.69,8.67,90,15,1,4.974157,1.17029,1,428,AdultFemaleAgent(Clone),8,10,1.58,1.450001,10.3279,2,True,2,1,0.5
2026-03-02_21.23.17,1,Random_sign_placement_scenario,1030,269,0.5,-10.69,8.67,90,15,1,4.974157,1.17029,1,429,AdultFemaleAgent(Clone),11,9,1.58,1.450001,0,0,False,2,0,0
2026-03-02_21.23.17,1,Random_sign_placement_scenario,1030,269,0.5,-10.69,8.67,90,15,1,4.974157,1.17029,1,430,WheelchairAgent(Clone),10,8,1.3,1.17,8.215576,2,False,2,1,0.5
2026-03-02_21.23.17,1,Random_sign_placement_scenario,1030,269,0.5,-10.69,8.67,90,15,1,4.974157,1.17029,1,431,WheelchairAgent(Clone),10,8,1.3,1.17,6.215584,2,False,2,0,0
2026-03-02_21.23.17,1,Random_sign_placement_scenario,1030,269,0.5,-10.69,8.67,90,15,1,4.974157,1.17029,1,432,WheelchairAgent(Clone),11,9,1.3,1.17,0,0,False,2,0,0
2026-03-02_21.23.17,1,Random_sign_placement_scenario,1030,269,0.5,-10.69,8.67,90,15,1,4.974157,1.17029,1,433,AdultFemaleAgent(Clone),8,10,1.58,1.450001,9.327904,2,True,2,1,0.5
2026-03-02_21.23.17,1,Random_sign_placement_scenario,1030,269,0.5,-10.69,8.67,90,15,1,4.974157,1.17029,1,434,AdultFemaleAgent(Clone),9,11,1.58,1.450001,0,0,False,2,0,0
2026-03-02_21.23.17,1,Random_sign_placement_scenario,1030,269,0.5,-10.69,8.67,90,15,1,4.974157,1.17029,1,435,WheelchairAgent(Clone),11,9,1.3,1.17,0,0,False,2,0,0
2026-03-02_21.23.17,1,Random_sign_placement_scenario,1030,269,0.5,-10.69,8.67,90,15,1,4.974157,1.17029,1,436,AdultFemaleAgent(Clone),8,10,1.58,1.450001,8.666672,2,True,2,1,0.5
2026-03-02_21.23.17,1,Random_sign_placement_scenario,1030,269,0.5,-10.69,8.67,90,15,1,4.974157,1.17029,1,437,WheelchairAgent(Clone),8,10,1.3,1.17,8.666672,2,True,2,1,0.5
2026-03-02_21.23.17,1,Random_sign_placement_scenario,1030,269,0.5,-10.69,8.67,90,15,1,4.974157,1.17029,1,438,WheelchairAgent(Clone),10,8,1.3,1.17,7.666664,3,True,2,1,0.5
2026-03-02_21.23.17,1,Random_sign_placement_scenario,1030,269,0.5,-10.69,8.67,90,15,1,4.974157,1.17029,1,439,AdultMaleAgent(Clone),11,9,1.71,1.58,0,0,False,2,0,0
2026-03-02_21.23.17,1,Random_sign_placement_scenario,1030,269,0.5,-10.69,8.67,90,15,1,4.974157,1.17029,1,440,WheelchairAgent(Clone),9,11,1.3,1.17,0,0,False,2,0,0
2026-03-02_21.23.17,1,Random_sign_placement_scenario,1030,269,0.5,-10.69,8.67,90,15,1,4.974157,1.17029,1,441,AdultMaleAgent(Clone),11,9,1.71,1.58,0,0,False,2,0,0
2026-03-02_21.23.17,1,Random_sign_placement_scenario,1030,269,0.5,-10.69,8.67,90,15,1,4.974157,1.17029,1,442,AdultFemaleAgent(Clone),9,11,1.58,1.450001,0,0,False,2,0,0
2026-03-02_21.23.17,1,Random_sign_placement_scenario,1030,269,0.5,-10.69,8.67,90,15,1,4.974157,1.17029,1,443,AdultFemaleAgent(Clone),9,11,1.58,1.450001,0,0,False,2,0,0
2026-03-02_21.23.17,1,Random_sign_placement_scenario,1030,269,0.5,-10.69,8.67,90,15,1,4.974157,1.17029,1,444,AdultFemaleAgent(Clone),11,9,1.58,1.450001,0,0,False,2,0,0
2026-03-02_21.23.17,1,Random_sign_placement_scenario,1030,269,0.5,-10.69,8.67,90,15,1,4.974157,1.17029,1,445,AdultFemaleAgent(Clone),9,11,1.58,1.450001,0,0,False,2,0,0
2026-03-02_21.23.17,1,Random_sign_placement_scenario,1030,269,0.5,-10.69,8.67,90,15,1,4.974157,1.17029,1,446,AdultMaleAgent(Clone),10,8,1.71,1.58,7.666672,2,True,2,1,0.5
2026-03-02_21.23.17,1,Random_sign_placement_scenario,1030,269,0.5,-10.69,8.67,90,15,1,4.974157,1.17029,1,447,AdultMaleAgent(Clone),11,9,1.71,1.58,0,0,False,2,0,0
2026-03-02_21.23.17,1,Random_sign_placement_scenario,1030,269,0.5,-10.69,8.67,90,15,1,4.974157,1.17029,1,448,WheelchairAgent(Clone),8,10,1.3,1.17,8.994568,2,False,2,1,0.5
2026-03-02_21.23.17,1,Random_sign_placement_scenario,1030,269,0.5,-10.69,8.67,90,15,1,4.974157,1.17029,1,449,AdultMaleAgent(Clone),8,10,1.71,1.58,8.994568,2,True,2,1,0.5
2026-03-02_21.23.17,1,Random_sign_placement_scenario,1030,269,0.5,-10.69,8.67,90,15,1,4.974157,1.17029,1,450,AdultFemaleAgent(Clone),11,9,1.58,1.450001,0,0,False,2,0,0
2026-03-02_21.23.17,1,Random_sign_placement_scenario,1030,269,0.5,-10.69,8.67,90,15,1,4.974157,1.17029,1,451,AdultMaleAgent(Clone),8,10,1.71,1.58,8.661232,2,True,2,1,0.5
2026-03-02_21.23.17,1,Random_sign_placement_scenario,1030,269,0.5,-10.69,8.67,90,15,1,4.974157,1.17029,1,452,AdultFemaleAgent(Clone),8,10,1.58,1.450001,9.327904,2,False,2,1,0.5
2026-03-02_21.23.17,1,Random_sign_placement_scenario,1030,269,0.5,-10.69,8.67,90,15,1,4.974157,1.17029,1,453,WheelchairAgent(Clone),11,9,1.3,1.17,0,0,False,2,0,0
2026-03-02_21.23.17,1,Random_sign_placement_scenario,1030,269,0.5,-10.69,8.67,90,15,1,4.974157,1.17029,1,454,AdultFemaleAgent(Clone),11,9,1.58,1.450001,0,0,False,2,0,0
2026-03-02_21.23.17,1,Random_sign_placement_scenario,1030,269,0.5,-10.69,8.67,90,15,1,4.974157,1.17029,1,455,AdultFemaleAgent(Clone),10,8,1.58,1.450001,6.333336,2,True,2,1,0.5
2026-03-02_21.23.17,1,Random_sign_placement_scenario,1030,269,0.5,-10.69,8.67,90,15,1,4.974157,1.17029,1,456,WheelchairAgent(Clone),9,11,1.3,1.17,0,0,False,2,0,0
2026-03-02_21.23.17,1,Random_sign_placement_scenario,1030,269,0.5,-10.69,8.67,90,15,1,4.974157,1.17029,1,457,WheelchairAgent(Clone),10,8,1.3,1.17,6.333328,2,False,2,1,0.5
2026-03-02_21.23.17,1,Random_sign_placement_scenario,1030,269,0.5,-10.69,8.67,90,15,1,4.974157,1.17029,1,458,AdultFemaleAgent(Clone),10,8,1.58,1.450001,7,2,True,2,1,0.5
2026-03-02_21.23.17,1,Random_sign_placement_scenario,1030,269,0.5,-10.69,8.67,90,15,1,4.974157,1.17029,1,459,WheelchairAgent(Clone),8,10,1.3,1.17,9.9785,2,True,2,1,0.5
2026-03-02_21.23.17,1,Random_sign_placement_scenario,1030,269,0.5,-10.69,8.67,90,15,1,4.974157,1.17029,1,460,AdultFemaleAgent(Clone),9,11,1.58,1.450001,0.3333282,1,False,2,1,0.5
2026-03-02_21.23.17,1,Random_sign_placement_scenario,1030,269,0.5,-10.69,8.67,90,15,1,4.974157,1.17029,1,461,AdultMaleAgent(Clone),10,8,1.71,1.58,8,2,True,2,1,0.5
2026-03-02_21.23.17,1,Random_sign_placement_scenario,1030,269,0.5,-10.69,8.67,90,15,1,4.974157,1.17029,1,462,AdultFemaleAgent(Clone),9,11,1.58,1.450001,0,0,False,2,0,0
2026-03-02_21.23.17,1,Random_sign_placement_scenario,1030,269,0.5,-10.69,8.67,90,15,1,4.974157,1.17029,1,463,AdultFemaleAgent(Clone),10,8,1.58,1.450001,7,2,False,2,0,0
2026-03-02_21.23.17,1,Random_sign_placement_scenario,1030,269,0.5,-10.69,8.67,90,15,1,4.974157,1.17029,1,464,WheelchairAgent(Clone),8,10,1.3,1.17,7.661232,2,True,2,1,0.5
2026-03-02_21.23.17,1,Random_sign_placement_scenario,1030,269,0.5,-10.69,8.67,90,15,1,4.974157,1.17029,1,465,AdultMaleAgent(Clone),11,9,1.71,1.58,0,0,False,2,0,0
2026-03-02_21.23.17,1,Random_sign_placement_scenario,1030,269,0.5,-10.69,8.67,90,15,1,4.974157,1.17029,1,466,AdultMaleAgent(Clone),9,11,1.71,1.58,0,0,False,2,0,0
2026-03-02_21.23.17,1,Random_sign_placement_scenario,1030,269,0.5,-10.69,8.67,90,15,1,4.974157,1.17029,1,467,AdultMaleAgent(Clone),11,9,1.71,1.58,0,0,False,2,0,0
2026-03-02_21.23.17,1,Random_sign_placement_scenario,1030,269,0.5,-10.69,8.67,90,15,1,4.974157,1.17029,1,468,AdultMaleAgent(Clone),8,10,1.71,1.58,9.645164,2,True,2,1,0.5
2026-03-02_21.23.17,1,Random_sign_placement_scenario,1030,269,0.5,-10.69,8.67,90,15,1,4.974157,1.17029,1,469,AdultFemaleAgent(Clone),9,11,1.58,1.450001,0,0,False,2,0,0
2026-03-02_21.23.17,1,Random_sign_placement_scenario,1030,269,0.5,-10.69,8.67,90,15,1,4.974157,1.17029,1,470,AdultMaleAgent(Clone),8,10,1.71,1.58,10.30643,2,True,2,1,0.5
2026-03-02_21.23.17,1,Random_sign_placement_scenario,1030,269,0.5,-10.69,8.67,90,15,1,4.974157,1.17029,1,471,AdultFemaleAgent(Clone),8,10,1.58,1.450001,8.306427,2,True,2,1,0.5
2026-03-02_21.23.17,1,Random_sign_placement_scenario,1030,269,0.5,-10.69,8.67,90,15,1,4.974157,1.17029,1,472,WheelchairAgent(Clone),10,8,1.3,1.17,9.66124,2,True,2,1,0.5
2026-03-02_21.23.17,1,Random_sign_placement_scenario,1030,269,0.5,-10.69,8.67,90,15,1,4.974157,1.17029,1,473,WheelchairAgent(Clone),9,11,1.3,1.17,0.6666641,2,False,2,0,0
2026-03-02_21.23.17,1,Random_sign_placement_scenario,1030,269,0.5,-10.69,8.67,90,15,1,4.974157,1.17029,1,474,WheelchairAgent(Clone),8,10,1.3,1.17,8.994568,2,True,2,1,0.5
2026-03-02_21.23.17,1,Random_sign_placement_scenario,1030,269,0.5,-10.69,8.67,90,15,1,4.974157,1.17029,1,475,AdultMaleAgent(Clone),9,11,1.71,1.58,0,0,False,2,0,0
2026-03-02_21.23.17,1,Random_sign_placement_scenario,1030,269,0.5,-10.69,8.67,90,15,1,4.974157,1.17029,1,476,AdultMaleAgent(Clone),10,8,1.71,1.58,6.333336,2,False,2,1,0.5
2026-03-02_21.23.17,1,Random_sign_placement_scenario,1030,269,0.5,-10.69,8.67,90,15,1,4.974157,1.17029,1,477,WheelchairAgent(Clone),11,9,1.3,1.17,0,0,False,2,0,0
2026-03-02_21.23.17,1,Random_sign_placement_scenario,1030,269,0.5,-10.69,8.67,90,15,1,4.974157,1.17029,1,478,AdultFemaleAgent(Clone),11,9,1.58,1.450001,0,0,False,2,0,0
2026-03-02_21.23.17,1,Random_sign_placement_scenario,1030,269,0.5,-10.69,8.67,90,15,1,4.974157,1.17029,1,479,AdultFemaleAgent(Clone),9,11,1.58,1.450001,0,0,False,2,0,0
2026-03-02_21.23.17,1,Random_sign_placement_scenario,1030,269,0.5,-10.69,8.67,90,15,1,4.974157,1.17029,1,480,AdultFemaleAgent(Clone),11,9,1.58,1.450001,0,0,False,2,0,0
2026-03-02_21.23.17,1,Random_sign_placement_scenario,1030,269,0.5,-10.69,8.67,90,15,1,4.974157,1.17029,1,481,AdultFemaleAgent(Clone),8,10,1.58,1.450001,8.973099,2,False,2,1,0.5
2026-03-02_21.23.17,1,Random_sign_placement_scenario,1030,269,0.5,-10.69,8.67,90,15,1,4.974157,1.17029,1,482,WheelchairAgent(Clone),9,11,1.3,1.17,0,0,False,2,0,0
2026-03-02_21.23.17,1,Random_sign_placement_scenario,1030,269,0.5,-10.69,8.67,90,15,1,4.974157,1.17029,1,483,AdultMaleAgent(Clone),8,10,1.71,1.58,8.306427,2,True,2,1,0.5
2026-03-02_21.23.17,1,Random_sign_placement_scenario,1030,269,0.5,-10.69,8.67,90,15,1,4.974157,1.17029,1,484,AdultMaleAgent(Clone),10,8,1.71,1.58,7.333336,2,False,2,1,0.5
2026-03-02_21.23.17,1,Random_sign_placement_scenario,1030,269,0.5,-10.69,8.67,90,15,1,4.974157,1.17029,1,485,WheelchairAgent(Clone),9,11,1.3,1.17,0,0,False,2,0,0
2026-03-02_21.23.17,1,Random_sign_placement_scenario,1030,269,0.5,-10.69,8.67,90,15,1,4.974157,1.17029,1,486,AdultMaleAgent(Clone),11,9,1.71,1.58,0,0,False,2,0,0
2026-03-02_21.23.17,1,Random_sign_placement_scenario,1030,269,0.5,-10.69,8.67,90,15,1,4.974157,1.17029,1,487,AdultMaleAgent(Clone),9,11,1.71,1.58,0,0,False,2,0,0
2026-03-02_21.23.17,1,Random_sign_placement_scenario,1030,269,0.5,-10.69,8.67,90,15,1,4.974157,1.17029,1,488,AdultMaleAgent(Clone),11,9,1.71,1.58,0,0,False,2,0,0
2026-03-02_21.23.17,1,Random_sign_placement_scenario,1030,269,0.5,-10.69,8.67,90,15,1,4.974157,1.17029,1,489,AdultMaleAgent(Clone),8,10,1.71,1.58,9.306427,2,False,2,1,0.5
2026-03-02_21.23.17,1,Random_sign_placement_scenario,1030,269,0.5,-10.69,8.67,90,15,1,4.974157,1.17029,1,490,AdultMaleAgent(Clone),11,9,1.71,1.58,0,0,False,2,0,0
2026-03-02_21.23.17,1,Random_sign_placement_scenario,1030,269,0.5,-10.69,8.67,90,15,1,4.974157,1.17029,1,491,WheelchairAgent(Clone),9,11,1.3,1.17,0,0,False,2,0,0
2026-03-02_21.23.17,1,Random_sign_placement_scenario,1030,269,0.5,-10.69,8.67,90,15,1,4.974157,1.17029,1,492,AdultFemaleAgent(Clone),8,10,1.58,1.450001,10.30643,2,True,2,1,0.5
2026-03-02_21.23.17,1,Random_sign_placement_scenario,1030,269,0.5,-10.69,8.67,90,15,1,4.974157,1.17029,1,493,WheelchairAgent(Clone),11,9,1.3,1.17,0,0,False,2,0,0
2026-03-02_21.23.17,1,Random_sign_placement_scenario,1030,269,0.5,-10.69,8.67,90,15,1,4.974157,1.17029,1,494,AdultFemaleAgent(Clone),10,8,1.58,1.450001,8.994568,2,True,2,1,0.5
2026-03-02_21.23.17,1,Random_sign_placement_scenario,1030,269,0.5,-10.69,8.67,90,15,1,4.974157,1.17029,1,495,AdultFemaleAgent(Clone),11,9,1.58,1.450001,0,0,False,2,0,0
2026-03-02_21.23.17,1,Random_sign_placement_scenario,1030,269,0.5,-10.69,8.67,90,15,1,4.974157,1.17029,1,496,AdultFemaleAgent(Clone),11,9,1.58,1.450001,0,0,False,2,0,0
2026-03-02_21.23.17,1,Random_sign_placement_scenario,1030,269,0.5,-10.69,8.67,90,15,1,4.974157,1.17029,1,497,AdultFemaleAgent(Clone),10,8,1.58,1.450001,6.327904,2,False,2,1,0.5
2026-03-02_21.23.17,1,Random_sign_placement_scenario,1030,269,0.5,-10.69,8.67,90,15,1,4.974157,1.17029,1,498,AdultFemaleAgent(Clone),10,8,1.58,1.450001,8.661232,2,True,2,1,0.5
2026-03-02_21.23.17,1,Random_sign_placement_scenario,1030,269,0.5,-10.69,8.67,90,15,1,4.974157,1.17029,1,499,AdultMaleAgent(Clone),11,9,1.71,1.58,0,0,False,2,0,0
2026-03-02_21.23.17,1,Random_sign_placement_scenario,1030,269,0.5,-10.69,8.67,90,15,1,4.974157,1.17029,1,500,AdultFemaleAgent(Clone),9,11,1.58,1.450001,0,0,False,2,0,0
2026-03-02_21.23.17,1,Random_sign_placement_scenario,1030,269,0.5,-10.69,8.67,90,15,1,4.974157,1.17029,1,501,AdultFemaleAgent(Clone),11,9,1.58,1.450001,0,0,False,2,0,0
2026-03-02_21.23.17,1,Random_sign_placement_scenario,1030,269,0.5,-10.69,8.67,90,15,1,4.974157,1.17029,1,502,AdultMaleAgent(Clone),8,10,1.71,1.58,8.639763,2,True,2,1,0.5
2026-03-02_21.23.17,1,Random_sign_placement_scenario,1030,269,0.5,-10.69,8.67,90,15,1,4.974157,1.17029,1,503,WheelchairAgent(Clone),11,9,1.3,1.17,0,0,False,2,0,0
2026-03-02_21.23.17,1,Random_sign_placement_scenario,1030,269,0.5,-10.69,8.67,90,15,1,4.974157,1.17029,1,504,AdultMaleAgent(Clone),10,8,1.71,1.58,6.661232,2,False,2,1,0.5
2026-03-02_21.23.17,1,Random_sign_placement_scenario,1030,269,0.5,-10.69,8.67,90,15,1,4.974157,1.17029,1,505,WheelchairAgent(Clone),8,10,1.3,1.17,9.973091,2,True,2,1,0.5
2026-03-02_21.23.17,1,Random_sign_placement_scenario,1030,269,0.5,-10.69,8.67,90,15,1,4.974157,1.17029,1,506,WheelchairAgent(Clone),10,8,1.3,1.17,6.327896,2,False,2,0,0
2026-03-02_21.23.17,1,Random_sign_placement_scenario,1030,269,0.5,-10.69,8.67,90,15,1,4.974157,1.17029,1,507,WheelchairAgent(Clone),11,9,1.3,1.17,0,0,False,2,0,0
2026-03-02_21.23.17,1,Random_sign_placement_scenario,1030,269,0.5,-10.69,8.67,90,15,1,4.974157,1.17029,1,508,AdultMaleAgent(Clone),8,10,1.71,1.58,10.33334,2,True,2,1,0.5
2026-03-02_21.23.17,1,Random_sign_placement_scenario,1030,269,0.5,-10.69,8.67,90,15,1,4.974157,1.17029,1,509,AdultFemaleAgent(Clone),9,11,1.58,1.450001,0,0,False,2,0,0
2026-03-02_21.23.17,1,Random_sign_placement_scenario,1030,269,0.5,-10.69,8.67,90,15,1,4.974157,1.17029,1,510,WheelchairAgent(Clone),11,9,1.3,1.17,0,0,False,2,0,0
2026-03-02_21.23.17,1,Random_sign_placement_scenario,1030,269,0.5,-10.69,8.67,90,15,1,4.974157,1.17029,1,511,WheelchairAgent(Clone),10,8,1.3,1.17,6.994568,2,True,2,1,0.5
2026-03-02_21.23.17,1,Random_sign_placement_scenario,1030,269,0.5,-10.69,8.67,90,15,1,4.974157,1.17029,1,512,AdultMaleAgent(Clone),11,9,1.71,1.58,0,0,False,2,0,0
2026-03-02_21.23.17,1,Random_sign_placement_scenario,1030,269,0.5,-10.69,8.67,90,15,1,4.974157,1.17029,1,513,WheelchairAgent(Clone),9,11,1.3,1.17,0.6666641,1,False,2,1,0.5
2026-03-02_21.23.17,1,Random_sign_placement_scenario,1030,269,0.5,-10.69,8.67,90,15,1,4.974157,1.17029,1,514,AdultMaleAgent(Clone),10,8,1.71,1.58,7.327904,2,False,2,1,0.5
2026-03-02_21.23.17,1,Random_sign_placement_scenario,1030,269,0.5,-10.69,8.67,90,15,1,4.974157,1.17029,1,515,AdultFemaleAgent(Clone),10,8,1.58,1.450001,8.327904,2,False,2,1,0.5
2026-03-02_21.23.17,1,Random_sign_placement_scenario,1030,269,0.5,-10.69,8.67,90,15,1,4.974157,1.17029,1,516,AdultMaleAgent(Clone),11,9,1.71,1.58,0,0,False,2,0,0
2026-03-02_21.23.17,1,Random_sign_placement_scenario,1030,269,0.5,-10.69,8.67,90,15,1,4.974157,1.17029,1,517,AdultMaleAgent(Clone),10,8,1.71,1.58,8.327896,2,False,2,1,0.5
2026-03-02_21.23.17,1,Random_sign_placement_scenario,1030,269,0.5,-10.69,8.67,90,15,1,4.974157,1.17029,1,518,AdultMaleAgent(Clone),8,10,1.71,1.58,10,2,False,2,1,0.5
2026-03-02_21.23.17,1,Random_sign_placement_scenario,1030,269,0.5,-10.69,8.67,90,15,1,4.974157,1.17029,1,519,AdultFemaleAgent(Clone),11,9,1.58,1.450001,0,0,False,2,0,0
2026-03-02_21.23.17,1,Random_sign_placement_scenario,1030,269,0.5,-10.69,8.67,90,15,1,4.974157,1.17029,1,520,AdultMaleAgent(Clone),9,11,1.71,1.58,0,0,False,2,0,0
2026-03-02_21.23.17,1,Random_sign_placement_scenario,1030,269,0.5,-10.69,8.67,90,15,1,4.974157,1.17029,1,521,WheelchairAgent(Clone),10,8,1.3,1.17,6.327896,2,False,2,1,0.5
2026-03-02_21.23.17,1,Random_sign_placement_scenario,1030,269,0.5,-10.69,8.67,90,15,1,4.974157,1.17029,1,522,AdultFemaleAgent(Clone),11,9,1.58,1.450001,0,0,False,2,0,0
2026-03-02_21.23.17,1,Random_sign_placement_scenario,1030,269,0.5,-10.69,8.67,90,15,1,4.974157,1.17029,1,523,AdultMaleAgent(Clone),9,11,1.71,1.58,0,0,False,2,0,0
2026-03-02_21.23.17,1,Random_sign_placement_scenario,1030,269,0.5,-10.69,8.67,90,15,1,4.974157,1.17029,1,524,WheelchairAgent(Clone),8,10,1.3,1.17,8.973099,2,True,2,1,0.5
2026-03-02_21.23.17,1,Random_sign_placement_scenario,1030,269,0.5,-10.69,8.67,90,15,1,4.974157,1.17029,1,525,WheelchairAgent(Clone),10,8,1.3,1.17,7.994568,2,False,2,1,0.5
2026-03-02_21.23.17,1,Random_sign_placement_scenario,1030,269,0.5,-10.69,8.67,90,15,1,4.974157,1.17029,1,526,AdultMaleAgent(Clone),9,11,1.71,1.58,0,0,False,2,0,0
2026-03-02_21.23.17,1,Random_sign_placement_scenario,1030,269,0.5,-10.69,8.67,90,15,1,4.974157,1.17029,1,527,AdultMaleAgent(Clone),11,9,1.71,1.58,0,0,False,2,0,0
2026-03-02_21.23.17,1,Random_sign_placement_scenario,1030,269,0.5,-10.69,8.67,90,15,1,4.974157,1.17029,1,528,AdultFemaleAgent(Clone),8,10,1.58,1.450001,8,2,True,2,1,0.5
2026-03-02_21.23.17,1,Random_sign_placement_scenario,1030,269,0.5,-10.69,8.67,90,15,1,4.974157,1.17029,1,529,AdultMaleAgent(Clone),9,11,1.71,1.58,0,0,False,2,0,0
2026-03-02_21.23.17,1,Random_sign_placement_scenario,1030,269,0.5,-10.69,8.67,90,15,1,4.974157,1.17029,1,530,AdultMaleAgent(Clone),9,11,1.71,1.58,0.6666718,2,False,2,0,0
2026-03-02_21.23.17,1,Random_sign_placement_scenario,1030,269,0.5,-10.69,8.67,90,15,1,4.974157,1.17029,1,531,AdultMaleAgent(Clone),10,8,1.71,1.58,8.645172,2,False,2,1,0.5
2026-03-02_21.23.17,1,Random_sign_placement_scenario,1030,269,0.5,-10.69,8.67,90,15,1,4.974157,1.17029,1,532,AdultFemaleAgent(Clone),8,10,1.58,1.450001,11.66667,2,True,2,1,0.5
2026-03-02_21.23.17,1,Random_sign_placement_scenario,1030,269,0.5,-10.69,8.67,90,15,1,4.974157,1.17029,1,533,WheelchairAgent(Clone),11,9,1.3,1.17,0,0,False,2,0,0
2026-03-02_21.23.17,1,Random_sign_placement_scenario,1030,269,0.5,-10.69,8.67,90,15,1,4.974157,1.17029,1,534,AdultFemaleAgent(Clone),10,8,1.58,1.450001,8.327896,2,False,2,0,0
2026-03-02_21.23.17,1,Random_sign_placement_scenario,1030,269,0.5,-10.69,8.67,90,15,1,4.974157,1.17029,1,535,AdultFemaleAgent(Clone),11,9,1.58,1.450001,0,0,False,2,0,0
2026-03-02_21.23.17,1,Random_sign_placement_scenario,1030,269,0.5,-10.69,8.67,90,15,1,4.974157,1.17029,1,536,AdultMaleAgent(Clone),8,10,1.71,1.58,8.322495,2,True,2,1,0.5
2026-03-02_21.23.17,1,Random_sign_placement_scenario,1030,269,0.5,-10.69,8.67,90,15,1,4.974157,1.17029,1,537,AdultFemaleAgent(Clone),9,11,1.58,1.450001,0,0,False,2,0,0
2026-03-02_21.23.17,1,Random_sign_placement_scenario,1030,269,0.5,-10.69,8.67,90,15,1,4.974157,1.17029,1,538,WheelchairAgent(Clone),10,8,1.3,1.17,5.666672,2,False,2,0,0
2026-03-02_21.23.17,1,Random_sign_placement_scenario,1030,269,0.5,-10.69,8.67,90,15,1,4.974157,1.17029,1,539,WheelchairAgent(Clone),8,10,1.3,1.17,11,2,True,2,1,0.5
2026-03-02_21.23.17,1,Random_sign_placement_scenario,1030,269,0.5,-10.69,8.67,90,15,1,4.974157,1.17029,1,540,WheelchairAgent(Clone),10,8,1.3,1.17,7.661232,2,False,2,0,0
2026-03-02_21.23.17,1,Random_sign_placement_scenario,1030,269,0.5,-10.69,8.67,90,15,1,4.974157,1.17029,1,541,WheelchairAgent(Clone),9,11,1.3,1.17,0,0,False,2,0,0
2026-03-02_21.23.17,1,Random_sign_placement_scenario,1030,269,0.5,-10.69,8.67,90,15,1,4.974157,1.17029,1,542,WheelchairAgent(Clone),10,8,1.3,1.17,7.973091,2,False,2,1,0.5
2026-03-02_21.23.17,1,Random_sign_placement_scenario,1030,269,0.5,-10.69,8.67,90,15,1,4.974157,1.17029,1,543,AdultMaleAgent(Clone),11,9,1.71,1.58,0,0,False,2,0,0
2026-03-02_21.23.17,1,Random_sign_placement_scenario,1030,269,0.5,-10.69,8.67,90,15,1,4.974157,1.17029,1,544,AdultMaleAgent(Clone),9,11,1.71,1.58,0,0,False,2,0,0
2026-03-02_21.23.17,1,Random_sign_placement_scenario,1030,269,0.5,-10.69,8.67,90,15,1,4.974157,1.17029,1,545,AdultFemaleAgent(Clone),8,10,1.58,1.450001,9.666672,2,True,2,1,0.5
2026-03-02_21.23.17,1,Random_sign_placement_scenario,1030,269,0.5,-10.69,8.67,90,15,1,4.974157,1.17029,1,546,AdultMaleAgent(Clone),9,11,1.71,1.58,0.6666641,1,False,2,0,0
2026-03-02_21.23.17,1,Random_sign_placement_scenario,1030,269,0.5,-10.69,8.67,90,15,1,4.974157,1.17029,1,547,AdultMaleAgent(Clone),11,9,1.71,1.58,0,0,False,2,0,0
2026-03-02_21.23.17,1,Random_sign_placement_scenario,1030,269,0.5,-10.69,8.67,90,15,1,4.974157,1.17029,1,548,AdultMaleAgent(Clone),10,8,1.71,1.58,6.973099,2,False,2,1,0.5
2026-03-02_21.23.17,1,Random_sign_placement_scenario,1030,269,0.5,-10.69,8.67,90,15,1,4.974157,1.17029,1,549,AdultFemaleAgent(Clone),10,8,1.58,1.450001,7.306427,2,False,2,1,0.5
2026-03-02_21.23.17,1,Random_sign_placement_scenario,1030,269,0.5,-10.69,8.67,90,15,1,4.974157,1.17029,1,550,WheelchairAgent(Clone),9,11,1.3,1.17,0,0,False,2,0,0
2026-03-02_21.23.17,1,Random_sign_placement_scenario,1030,269,0.5,-10.69,8.67,90,15,1,4.974157,1.17029,1,551,AdultMaleAgent(Clone),10,8,1.71,1.58,6.639763,2,False,2,1,0.5
2026-03-02_21.23.17,1,Random_sign_placement_scenario,1030,269,0.5,-10.69,8.67,90,15,1,4.974157,1.17029,1,552,AdultMaleAgent(Clone),11,9,1.71,1.58,0,0,False,2,0,0
2026-03-02_21.23.17,1,Random_sign_placement_scenario,1030,269,0.5,-10.69,8.67,90,15,1,4.974157,1.17029,1,553,AdultMaleAgent(Clone),9,11,1.71,1.58,1.333336,2,False,2,0,0
2026-03-02_21.23.17,1,Random_sign_placement_scenario,1030,269,0.5,-10.69,8.67,90,15,1,4.974157,1.17029,1,554,AdultFemaleAgent(Clone),10,8,1.58,1.450001,7.973099,2,False,2,1,0.5
2026-03-02_21.23.17,1,Random_sign_placement_scenario,1030,269,0.5,-10.69,8.67,90,15,1,4.974157,1.17029,1,555,AdultMaleAgent(Clone),11,9,1.71,1.58,0,0,False,2,0,0
2026-03-02_21.23.17,1,Random_sign_placement_scenario,1030,269,0.5,-10.69,8.67,90,15,1,4.974157,1.17029,1,556,AdultMaleAgent(Clone),10,8,1.71,1.58,7.306427,2,False,2,1,0.5
2026-03-02_21.23.17,1,Random_sign_placement_scenario,1030,269,0.5,-10.69,8.67,90,15,1,4.974157,1.17029,1,557,AdultMaleAgent(Clone),9,11,1.71,1.58,0,0,False,2,0,0
2026-03-02_21.23.17,1,Random_sign_placement_scenario,1030,269,0.5,-10.69,8.67,90,15,1,4.974157,1.17029,1,558,AdultMaleAgent(Clone),8,10,1.71,1.58,10.33333,2,True,2,1,0.5
2026-03-02_21.23.17,1,Random_sign_placement_scenario,1030,269,0.5,-10.69,8.67,90,15,1,4.974157,1.17029,1,559,AdultFemaleAgent(Clone),11,9,1.58,1.450001,0,0,False,2,0,0
2026-03-02_21.23.17,1,Random_sign_placement_scenario,1030,269,0.5,-10.69,8.67,90,15,1,4.974157,1.17029,1,560,WheelchairAgent(Clone),9,11,1.3,1.17,0,0,False,2,0,0
2026-03-02_21.23.17,1,Random_sign_placement_scenario,1030,269,0.5,-10.69,8.67,90,15,1,4.974157,1.17029,1,561,WheelchairAgent(Clone),9,11,1.3,1.17,0,0,False,2,0,0
2026-03-02_21.23.17,1,Random_sign_placement_scenario,1030,269,0.5,-10.69,8.67,90,15,1,4.974157,1.17029,1,562,WheelchairAgent(Clone),8,10,1.3,1.17,11,2,True,2,1,0.5
2026-03-02_21.23.17,1,Random_sign_placement_scenario,1030,269,0.5,-10.69,8.67,90,15,1,4.974157,1.17029,1,563,WheelchairAgent(Clone),10,8,1.3,1.17,7.639763,2,False,2,1,0.5
2026-03-02_21.23.17,1,Random_sign_placement_scenario,1030,269,0.5,-10.69,8.67,90,15,1,4.974157,1.17029,1,564,AdultFemaleAgent(Clone),8,10,1.58,1.450001,9.333336,2,True,2,1,0.5
2026-03-02_21.23.17,1,Random_sign_placement_scenario,1030,269,0.5,-10.69,8.67,90,15,1,4.974157,1.17029,1,565,AdultMaleAgent(Clone),9,11,1.71,1.58,0,0,False,2,0,0
2026-03-02_21.23.17,1,Random_sign_placement_scenario,1030,269,0.5,-10.69,8.67,90,15,1,4.974157,1.17029,1,566,AdultMaleAgent(Clone),11,9,1.71,1.58,0,0,False,2,0,0
2026-03-02_21.23.17,1,Random_sign_placement_scenario,1030,269,0.5,-10.69,8.67,90,15,1,4.974157,1.17029,1,567,AdultFemaleAgent(Clone),10,8,1.58,1.450001,7.306427,2,True,2,1,0.5
2026-03-02_21.23.17,1,Random_sign_placement_scenario,1030,269,0.5,-10.69,8.67,90,15,1,4.974157,1.17029,1,568,AdultMaleAgent(Clone),8,10,1.71,1.58,9.333336,2,True,2,1,0.5
2026-03-02_21.23.17,1,Random_sign_placement_scenario,1030,269,0.5,-10.69,8.67,90,15,1,4.974157,1.17029,1,569,AdultFemaleAgent(Clone),10,8,1.58,1.450001,7.306427,2,True,2,1,0.5
2026-03-02_21.23.17,1,Random_sign_placement_scenario,1030,269,0.5,-10.69,8.67,90,15,1,4.974157,1.17029,1,570,WheelchairAgent(Clone),11,9,1.3,1.17,0,0,False,2,0,0
2026-03-02_21.23.17,1,Random_sign_placement_scenario,1030,269,0.5,-10.69,8.67,90,15,1,4.974157,1.17029,1,571,AdultMaleAgent(Clone),9,11,1.71,1.58,0,0,False,2,0,0
2026-03-02_21.23.17,1,Random_sign_placement_scenario,1030,269,0.5,-10.69,8.67,90,15,1,4.974157,1.17029,1,572,WheelchairAgent(Clone),11,9,1.3,1.17,0,0,False,2,0,0
2026-03-02_21.23.17,1,Random_sign_placement_scenario,1030,269,0.5,-10.69,8.67,90,15,1,4.974157,1.17029,1,573,AdultMaleAgent(Clone),10,8,1.71,1.58,7.639763,2,False,2,1,0.5
2026-03-02_21.23.17,1,Random_sign_placement_scenario,1030,269,0.5,-10.69,8.67,90,15,1,4.974157,1.17029,1,574,AdultFemaleAgent(Clone),11,9,1.58,1.450001,0,0,False,2,0,0
2026-03-02_21.23.17,1,Random_sign_placement_scenario,1030,269,0.5,-10.69,8.67,90,15,1,4.974157,1.17029,1,575,AdultFemaleAgent(Clone),9,11,1.58,1.450001,0,0,False,2,0,0
2026-03-02_21.23.17,1,Random_sign_placement_scenario,1030,269,0.5,-10.69,8.67,90,15,1,4.974157,1.17029,1,576,AdultMaleAgent(Clone),8,10,1.71,1.58,10.33334,2,True,2,1,0.5
2026-03-02_21.23.17,1,Random_sign_placement_scenario,1030,269,0.5,-10.69,8.67,90,15,1,4.974157,1.17029,1,577,AdultMaleAgent(Clone),8,10,1.71,1.58,9.333344,2,True,2,1,0.5
2026-03-02_21.23.17,1,Random_sign_placement_scenario,1030,269,0.5,-10.69,8.67,90,15,1,4.974157,1.17029,1,578,AdultFemaleAgent(Clone),9,11,1.58,1.450001,0,0,False,2,0,0
2026-03-02_21.23.17,1,Random_sign_placement_scenario,1030,269,0.5,-10.69,8.67,90,15,1,4.974157,1.17029,1,579,AdultMaleAgent(Clone),11,9,1.71,1.58,0,0,False,2,0,0
2026-03-02_21.23.17,1,Random_sign_placement_scenario,1030,269,0.5,-10.69,8.67,90,15,1,4.974157,1.17029,1,580,WheelchairAgent(Clone),11,9,1.3,1.17,0,0,False,2,0,0
2026-03-02_21.23.17,1,Random_sign_placement_scenario,1030,269,0.5,-10.69,8.67,90,15,1,4.974157,1.17029,1,581,WheelchairAgent(Clone),10,8,1.3,1.17,7.306427,2,True,2,1,0.5
2026-03-02_21.23.17,1,Random_sign_placement_scenario,1030,269,0.5,-10.69,8.67,90,15,1,4.974157,1.17029,1,582,WheelchairAgent(Clone),9,11,1.3,1.17,0.6666641,1,False,2,0,0
2026-03-02_21.23.17,1,Random_sign_placement_scenario,1030,269,0.5,-10.69,8.67,90,15,1,4.974157,1.17029,1,583,AdultFemaleAgent(Clone),9,11,1.58,1.450001,0,0,False,2,0,0
2026-03-02_21.23.17,1,Random_sign_placement_scenario,1030,269,0.5,-10.69,8.67,90,15,1,4.974157,1.17029,1,584,AdultFemaleAgent(Clone),10,8,1.58,1.450001,9.639763,2,True,2,1,0.5
2026-03-02_21.23.17,1,Random_sign_placement_scenario,1030,269,0.5,-10.69,8.67,90,15,1,4.974157,1.17029,1,585,WheelchairAgent(Clone),10,8,1.3,1.17,5.639763,2,False,2,0,0
2026-03-02_21.23.17,1,Random_sign_placement_scenario,1030,269,0.5,-10.69,8.67,90,15,1,4.974157,1.17029,1,586,AdultMaleAgent(Clone),8,10,1.71,1.58,9,2,True,2,1,0.5
2026-03-02_21.23.17,1,Random_sign_placement_scenario,1030,269,0.5,-10.69,8.67,90,15,1,4.974157,1.17029,1,587,AdultMaleAgent(Clone),9,11,1.71,1.58,0,0,False,2,0,0
2026-03-02_21.23.17,1,Random_sign_placement_scenario,1030,269,0.5,-10.69,8.67,90,15,1,4.974157,1.17029,1,588,AdultFemaleAgent(Clone),9,11,1.58,1.450001,0,0,False,2,0,0
2026-03-02_21.23.17,1,Random_sign_placement_scenario,1030,269,0.5,-10.69,8.67,90,15,1,4.974157,1.17029,1,589,AdultMaleAgent(Clone),10,8,1.71,1.58,6,2,True,2,1,0.5
2026-03-02_21.23.17,1,Random_sign_placement_scenario,1030,269,0.5,-10.69,8.67,90,15,1,4.974157,1.17029,1,590,AdultMaleAgent(Clone),8,10,1.71,1.58,9.333336,2,True,2,1,0.5
2026-03-02_21.23.17,1,Random_sign_placement_scenario,1030,269,0.5,-10.69,8.67,90,15,1,4.974157,1.17029,1,591,WheelchairAgent(Clone),8,10,1.3,1.17,9.333344,2,False,2,1,0.5
2026-03-02_21.23.17,1,Random_sign_placement_scenario,1030,269,0.5,-10.69,8.67,90,15,1,4.974157,1.17029,1,592,WheelchairAgent(Clone),11,9,1.3,1.17,0,0,False,2,0,0
2026-03-02_21.23.17,1,Random_sign_placement_scenario,1030,269,0.5,-10.69,8.67,90,15,1,4.974157,1.17029,1,593,WheelchairAgent(Clone),10,8,1.3,1.17,6.973091,2,False,2,1,0.5
2026-03-02_21.23.17,1,Random_sign_placement_scenario,1030,269,0.5,-10.69,8.67,90,15,1,4.974157,1.17029,1,594,WheelchairAgent(Clone),8,10,1.3,1.17,10.33333,2,False,2,1,0.5
2026-03-02_21.23.17,1,Random_sign_placement_scenario,1030,269,0.5,-10.69,8.67,90,15,1,4.974157,1.17029,1,595,WheelchairAgent(Clone),10,8,1.3,1.17,7.306427,2,False,2,1,0.5
2026-03-02_21.23.17,1,Random_sign_placement_scenario,1030,269,0.5,-10.69,8.67,90,15,1,4.974157,1.17029,1,596,AdultMaleAgent(Clone),11,9,1.71,1.58,0,0,False,2,0,0
2026-03-02_21.23.17,1,Random_sign_placement_scenario,1030,269,0.5,-10.69,8.67,90,15,1,4.974157,1.17029,1,597,WheelchairAgent(Clone),9,11,1.3,1.17,0,0,False,2,0,0
2026-03-02_21.23.17,1,Random_sign_placement_scenario,1030,269,0.5,-10.69,8.67,90,15,1,4.974157,1.17029,1,598,WheelchairAgent(Clone),8,10,1.3,1.17,9.333344,2,True,2,1,0.5
2026-03-02_21.23.17,1,Random_sign_placement_scenario,1030,269,0.5,-10.69,8.67,90,15,1,4.974157,1.17029,1,599,WheelchairAgent(Clone),10,8,1.3,1.17,8.333336,2,False,2,1,0.5
2026-03-02_21.23.17,1,Random_sign_placement_scenario,1030,269,0.5,-10.69,8.67,90,15,1,4.974157,1.17029,1,600,AdultFemaleAgent(Clone),8,10,1.58,1.450001,9,2,False,2,1,0.5
2026-03-02_21.23.17,1,Random_sign_placement_scenario,1030,269,0.5,-10.69,8.67,90,15,1,4.974157,1.17029,1,601,WheelchairAgent(Clone),11,9,1.3,1.17,0,0,False,2,0,0
2026-03-02_21.23.17,1,Random_sign_placement_scenario,1030,269,0.5,-10.69,8.67,90,15,1,4.974157,1.17029,1,602,WheelchairAgent(Clone),10,8,1.3,1.17,7,2,False,2,1,0.5
2026-03-02_21.23.17,1,Random_sign_placement_scenario,1030,269,0.5,-10.69,8.67,90,15,1,4.974157,1.17029,1,603,AdultMaleAgent(Clone),10,8,1.71,1.58,9.666672,2,True,2,1,0.5
2026-03-02_21.23.17,1,Random_sign_placement_scenario,1030,269,0.5,-10.69,8.67,90,15,1,4.974157,1.17029,1,604,AdultMaleAgent(Clone),11,9,1.71,1.58,0,0,False,2,0,0
2026-03-02_21.23.17,1,Random_sign_placement_scenario,1030,269,0.5,-10.69,8.67,90,15,1,4.974157,1.17029,1,605,AdultFemaleAgent(Clone),9,11,1.58,1.450001,0,0,False,2,0,0
2026-03-02_21.23.17,1,Random_sign_placement_scenario,1030,269,0.5,-10.69,8.67,90,15,1,4.974157,1.17029,1,606,AdultFemaleAgent(Clone),10,8,1.58,1.450001,9.666672,2,False,2,1,0.5
2026-03-02_21.23.17,1,Random_sign_placement_scenario,1030,269,0.5,-10.69,8.67,90,15,1,4.974157,1.17029,1,607,AdultMaleAgent(Clone),11,9,1.71,1.58,0,0,False,2,0,0
2026-03-02_21.23.17,1,Random_sign_placement_scenario,1030,269,0.5,-10.69,8.67,90,15,1,4.974157,1.17029,1,608,AdultFemaleAgent(Clone),9,11,1.58,1.450001,0,0,False,2,0,0
2026-03-02_21.23.17,1,Random_sign_placement_scenario,1030,269,0.5,-10.69,8.67,90,15,1,4.974157,1.17029,1,609,AdultMaleAgent(Clone),10,8,1.71,1.58,8.666664,3,False,2,0,0
2026-03-02_21.23.17,1,Random_sign_placement_scenario,1030,269,0.5,-10.69,8.67,90,15,1,4.974157,1.17029,1,610,AdultFemaleAgent(Clone),11,9,1.58,1.450001,0,0,False,2,0,0
2026-03-02_21.23.17,1,Random_sign_placement_scenario,1030,269,0.5,-10.69,8.67,90,15,1,4.974157,1.17029,1,611,AdultFemaleAgent(Clone),8,10,1.58,1.450001,10.33334,2,True,2,1,0.5
2026-03-02_21.23.17,1,Random_sign_placement_scenario,1030,269,0.5,-10.69,8.67,90,15,1,4.974157,1.17029,1,612,AdultMaleAgent(Clone),10,8,1.71,1.58,9.666672,2,True,2,1,0.5
2026-03-02_21.23.17,1,Random_sign_placement_scenario,1030,269,0.5,-10.69,8.67,90,15,1,4.974157,1.17029,1,613,WheelchairAgent(Clone),8,10,1.3,1.17,9.666664,2,False,2,1,0.5
2026-03-02_21.23.17,1,Random_sign_placement_scenario,1030,269,0.5,-10.69,8.67,90,15,1,4.974157,1.17029,1,614,WheelchairAgent(Clone),11,9,1.3,1.17,0,0,False,2,0,0
2026-03-02_21.23.17,1,Random_sign_placement_scenario,1030,269,0.5,-10.69,8.67,90,15,1,4.974157,1.17029,1,615,WheelchairAgent(Clone),10,8,1.3,1.17,8,2,True,2,1,0.5
2026-03-02_21.23.17,1,Random_sign_placement_scenario,1030,269,0.5,-10.69,8.67,90,15,1,4.974157,1.17029,1,616,AdultFemaleAgent(Clone),8,10,1.58,1.450001,9.666672,2,True,2,1,0.5
2026-03-02_21.23.17,1,Random_sign_placement_scenario,1030,269,0.5,-10.69,8.67,90,15,1,4.974157,1.17029,1,617,AdultMaleAgent(Clone),9,11,1.71,1.58,0.3333359,2,False,2,1,0.5
2026-03-02_21.23.17,1,Random_sign_placement_scenario,1030,269,0.5,-10.69,8.67,90,15,1,4.974157,1.17029,1,618,WheelchairAgent(Clone),11,9,1.3,1.17,0,0,False,2,0,0
2026-03-02_21.23.17,1,Random_sign_placement_scenario,1030,269,0.5,-10.69,8.67,90,15,1,4.974157,1.17029,1,619,WheelchairAgent(Clone),10,8,1.3,1.17,6,2,False,2,1,0.5
2026-03-02_21.23.17,1,Random_sign_placement_scenario,1030,269,0.5,-10.69,8.67,90,15,1,4.974157,1.17029,1,620,WheelchairAgent(Clone),8,10,1.3,1.17,8.666656,2,False,2,1,0.5
2026-03-02_21.23.17,1,Random_sign_placement_scenario,1030,269,0.5,-10.69,8.67,90,15,1,4.974157,1.17029,1,621,WheelchairAgent(Clone),8,10,1.3,1.17,9.666672,2,True,2,1,0.5
2026-03-02_21.23.17,1,Random_sign_placement_scenario,1030,269,0.5,-10.69,8.67,90,15,1,4.974157,1.17029,1,622,AdultMaleAgent(Clone),11,9,1.71,1.58,0,0,False,2,0,0
2026-03-02_21.23.17,1,Random_sign_placement_scenario,1030,269,0.5,-10.69,8.67,90,15,1,4.974157,1.17029,1,623,AdultFemaleAgent(Clone),11,9,1.58,1.450001,0,0,False,2,0,0
2026-03-02_21.23.17,1,Random_sign_placement_scenario,1030,269,0.5,-10.69,8.67,90,15,1,4.974157,1.17029,1,624,AdultFemaleAgent(Clone),10,8,1.58,1.450001,10.00001,2,True,2,1,0.5
2026-03-02_21.23.17,1,Random_sign_placement_scenario,1030,269,0.5,-10.69,8.67,90,15,1,4.974157,1.17029,1,625,WheelchairAgent(Clone),9,11,1.3,1.17,0,0,False,2,0,0
2026-03-02_21.23.17,1,Random_sign_placement_scenario,1030,269,0.5,-10.69,8.67,90,15,1,4.974157,1.17029,1,626,AdultFemaleAgent(Clone),11,9,1.58,1.450001,0,0,False,2,0,0
2026-03-02_21.23.17,1,Random_sign_placement_scenario,1030,269,0.5,-10.69,8.67,90,15,1,4.974157,1.17029,1,627,WheelchairAgent(Clone),8,10,1.3,1.17,9.666656,2,False,2,1,0.5
2026-03-02_21.23.17,1,Random_sign_placement_scenario,1030,269,0.5,-10.69,8.67,90,15,1,4.974157,1.17029,1,628,AdultMaleAgent(Clone),11,9,1.71,1.58,0,0,False,2,0,0
2026-03-02_21.23.17,1,Random_sign_placement_scenario,1030,269,0.5,-10.69,8.67,90,15,1,4.974157,1.17029,1,629,WheelchairAgent(Clone),10,8,1.3,1.17,6,2,False,2,1,0.5
2026-03-02_21.23.17,1,Random_sign_placement_scenario,1030,269,0.5,-10.69,8.67,90,15,1,4.974157,1.17029,1,630,WheelchairAgent(Clone),11,9,1.3,1.17,0,0,False,2,0,0
2026-03-02_21.23.17,1,Random_sign_placement_scenario,1030,269,0.5,-10.69,8.67,90,15,1,4.974157,1.17029,1,631,AdultMaleAgent(Clone),8,10,1.71,1.58,8.666656,2,True,2,1,0.5
2026-03-02_21.23.17,1,Random_sign_placement_scenario,1030,269,0.5,-10.69,8.67,90,15,1,4.974157,1.17029,1,632,WheelchairAgent(Clone),9,11,1.3,1.17,0.6666641,2,False,2,0,0
2026-03-02_21.23.17,1,Random_sign_placement_scenario,1030,269,0.5,-10.69,8.67,90,15,1,4.974157,1.17029,1,633,AdultMaleAgent(Clone),10,8,1.71,1.58,9.666672,2,True,2,1,0.5
2026-03-02_21.23.17,1,Random_sign_placement_scenario,1030,269,0.5,-10.69,8.67,90,15,1,4.974157,1.17029,1,634,AdultMaleAgent(Clone),8,10,1.71,1.58,9.980896,2,False,2,1,0.5
2026-03-02_21.23.17,1,Random_sign_placement_scenario,1030,269,0.5,-10.69,8.67,90,15,1,4.974157,1.17029,1,635,WheelchairAgent(Clone),8,10,1.3,1.17,10,2,True,2,1,0.5
2026-03-02_21.23.17,1,Random_sign_placement_scenario,1030,269,0.5,-10.69,8.67,90,15,1,4.974157,1.17029,1,636,AdultMaleAgent(Clone),10,8,1.71,1.58,7.333328,2,False,2,1,0.5
2026-03-02_21.23.17,1,Random_sign_placement_scenario,1030,269,0.5,-10.69,8.67,90,15,1,4.974157,1.17029,1,637,AdultFemaleAgent(Clone),8,10,1.58,1.450001,8.333328,2,False,2,1,0.5
2026-03-02_21.23.17,1,Random_sign_placement_scenario,1030,269,0.5,-10.69,8.67,90,15,1,4.974157,1.17029,1,638,AdultMaleAgent(Clone),10,8,1.71,1.58,9.666672,3,True,2,1,0.5
2026-03-02_21.23.17,1,Random_sign_placement_scenario,1030,269,0.5,-10.69,8.67,90,15,1,4.974157,1.17029,1,639,AdultFemaleAgent(Clone),9,11,1.58,1.450001,0,0,False,2,0,0
2026-03-02_21.23.17,1,Random_sign_placement_scenario,1030,269,0.5,-10.69,8.67,90,15,1,4.974157,1.17029,1,640,WheelchairAgent(Clone),8,10,1.3,1.17,10,2,False,2,0,0
2026-03-02_21.23.17,1,Random_sign_placement_scenario,1030,269,0.5,-10.69,8.67,90,15,1,4.974157,1.17029,1,641,AdultMaleAgent(Clone),10,8,1.71,1.58,6,2,False,2,0,0
2026-03-02_21.23.17,1,Random_sign_placement_scenario,1030,269,0.5,-10.69,8.67,90,15,1,4.974157,1.17029,1,642,AdultFemaleAgent(Clone),10,8,1.58,1.450001,9.333328,2,False,2,1,0.5
2026-03-02_21.23.17,1,Random_sign_placement_scenario,1030,269,0.5,-10.69,8.67,90,15,1,4.974157,1.17029,1,643,AdultMaleAgent(Clone),8,10,1.71,1.58,8.666656,2,False,2,0,0
2026-03-02_21.23.17,1,Random_sign_placement_scenario,1030,269,0.5,-10.69,8.67,90,15,1,4.974157,1.17029,1,644,AdultMaleAgent(Clone),10,8,1.71,1.58,8.666664,3,True,2,1,0.5
2026-03-02_21.23.17,1,Random_sign_placement_scenario,1030,269,0.5,-10.69,8.67,90,15,1,4.974157,1.17029,1,645,WheelchairAgent(Clone),9,11,1.3,1.17,0,0,False,2,0,0
2026-03-02_21.23.17,1,Random_sign_placement_scenario,1030,269,0.5,-10.69,8.67,90,15,1,4.974157,1.17029,1,646,AdultFemaleAgent(Clone),8,10,1.58,1.450001,9.892792,2,True,2,1,0.5
2026-03-02_21.23.17,1,Random_sign_placement_scenario,1030,269,0.5,-10.69,8.67,90,15,1,4.974157,1.17029,1,647,AdultFemaleAgent(Clone),10,8,1.58,1.450001,7.333336,2,False,2,0,0
2026-03-02_21.23.17,1,Random_sign_placement_scenario,1030,269,0.5,-10.69,8.67,90,15,1,4.974157,1.17029,1,648,AdultMaleAgent(Clone),11,9,1.71,1.58,0,0,False,2,0,0
2026-03-02_21.23.17,1,Random_sign_placement_scenario,1030,269,0.5,-10.69,8.67,90,15,1,4.974157,1.17029,1,649,AdultFemaleAgent(Clone),8,10,1.58,1.450001,8.980896,2,False,2,1,0.5
2026-03-02_21.23.17,1,Random_sign_placement_scenario,1030,269,0.5,-10.69,8.67,90,15,1,4.974157,1.17029,1,650,AdultMaleAgent(Clone),11,9,1.71,1.58,0,0,False,2,0,0
2026-03-02_21.23.17,1,Random_sign_placement_scenario,1030,269,0.5,-10.69,8.67,90,15,1,4.974157,1.17029,1,651,AdultMaleAgent(Clone),11,9,1.71,1.58,0,0,False,2,0,0
2026-03-02_21.23.17,1,Random_sign_placement_scenario,1030,269,0.5,-10.69,8.67,90,15,1,4.974157,1.17029,1,652,AdultMaleAgent(Clone),9,11,1.71,1.58,0.3333282,2,False,2,0,0
2026-03-02_21.23.17,1,Random_sign_placement_scenario,1030,269,0.5,-10.69,8.67,90,15,1,4.974157,1.17029,1,653,WheelchairAgent(Clone),10,8,1.3,1.17,7.666672,2,True,2,1,0.5
2026-03-02_21.23.17,1,Random_sign_placement_scenario,1030,269,0.5,-10.69,8.67,90,15,1,4.974157,1.17029,1,654,AdultMaleAgent(Clone),8,10,1.71,1.58,9.304565,2,True,2,1,0.5
2026-03-02_21.23.17,1,Random_sign_placement_scenario,1030,269,0.5,-10.69,8.67,90,15,1,4.974157,1.17029,1,655,AdultMaleAgent(Clone),11,9,1.71,1.58,0,0,False,2,0,0
2026-03-02_21.23.17,1,Random_sign_placement_scenario,1030,269,0.5,-10.69,8.67,90,15,1,4.974157,1.17029,1,656,AdultFemaleAgent(Clone),8,10,1.58,1.450001,9.212814,2,True,2,1,0.5
2026-03-02_21.23.17,1,Random_sign_placement_scenario,1030,269,0.5,-10.69,8.67,90,15,1,4.974157,1.17029,1,657,AdultMaleAgent(Clone),9,11,1.71,1.58,0,0,False,2,0,0
2026-03-02_21.23.17,1,Random_sign_placement_scenario,1030,269,0.5,-10.69,8.67,90,15,1,4.974157,1.17029,1,658,WheelchairAgent(Clone),10,8,1.3,1.17,8,2,True,2,1,0.5
2026-03-02_21.23.17,1,Random_sign_placement_scenario,1030,269,0.5,-10.69,8.67,90,15,1,4.974157,1.17029,1,659,WheelchairAgent(Clone),8,10,1.3,1.17,7.666092,2,False,2,1,0.5
2026-03-02_21.23.17,1,Random_sign_placement_scenario,1030,269,0.5,-10.69,8.67,90,15,1,4.974157,1.17029,1,660,AdultMaleAgent(Clone),11,9,1.71,1.58,0,0,False,2,0,0
2026-03-02_21.23.17,1,Random_sign_placement_scenario,1030,269,0.5,-10.69,8.67,90,15,1,4.974157,1.17029,1,661,AdultMaleAgent(Clone),9,11,1.71,1.58,0,0,False,2,0,0
2026-03-02_21.23.17,1,Random_sign_placement_scenario,1030,269,0.5,-10.69,8.67,90,15,1,4.974157,1.17029,1,662,WheelchairAgent(Clone),10,8,1.3,1.17,9.666664,2,True,2,1,0.5
2026-03-02_21.23.17,1,Random_sign_placement_scenario,1030,269,0.5,-10.69,8.67,90,15,1,4.974157,1.17029,1,663,AdultFemaleAgent(Clone),10,8,1.58,1.450001,6,2,True,2,1,0.5
2026-03-02_21.23.17,1,Random_sign_placement_scenario,1030,269,0.5,-10.69,8.67,90,15,1,4.974157,1.17029,1,664,WheelchairAgent(Clone),11,9,1.3,1.17,0,0,False,2,0,0
2026-03-02_21.23.17,1,Random_sign_placement_scenario,1030,269,0.5,-10.69,8.67,90,15,1,4.974157,1.17029,1,665,AdultFemaleAgent(Clone),8,10,1.58,1.450001,7.980896,2,False,2,1,0.5
2026-03-02_21.23.17,1,Random_sign_placement_scenario,1030,269,0.5,-10.69,8.67,90,15,1,4.974157,1.17029,1,666,AdultMaleAgent(Clone),10,8,1.71,1.58,6.333344,2,True,2,1,0.5
2026-03-02_21.23.17,1,Random_sign_placement_scenario,1030,269,0.5,-10.69,8.67,90,15,1,4.974157,1.17029,1,667,AdultFemaleAgent(Clone),10,8,1.58,1.450001,9.333328,2,True,2,1,0.5
2026-03-02_21.23.17,1,Random_sign_placement_scenario,1030,269,0.5,-10.69,8.67,90,15,1,4.974157,1.17029,1,668,AdultFemaleAgent(Clone),8,10,1.58,1.450001,10.23526,2,False,2,0,0
2026-03-02_21.23.17,1,Random_sign_placement_scenario,1030,269,0.5,-10.69,8.67,90,15,1,4.974157,1.17029,1,669,AdultFemaleAgent(Clone),9,11,1.58,1.450001,0,0,False,2,0,0
2026-03-02_21.23.17,1,Random_sign_placement_scenario,1030,269,0.5,-10.69,8.67,90,15,1,4.974157,1.17029,1,670,AdultMaleAgent(Clone),11,9,1.71,1.58,0,0,False,2,0,0
2026-03-02_21.23.17,1,Random_sign_placement_scenario,1030,269,0.5,-10.69,8.67,90,15,1,4.974157,1.17029,1,671,AdultFemaleAgent(Clone),8,10,1.58,1.450001,8.879471,2,True,2,1,0.5
2026-03-02_21.23.17,1,Random_sign_placement_scenario,1030,269,0.5,-10.69,8.67,90,15,1,4.974157,1.17029,1,672,WheelchairAgent(Clone),9,11,1.3,1.17,0,0,False,2,0,0
2026-03-02_21.23.17,1,Random_sign_placement_scenario,1030,269,0.5,-10.69,8.67,90,15,1,4.974157,1.17029,1,673,WheelchairAgent(Clone),8,10,1.3,1.17,8.980896,2,True,2,1,0.5
2026-03-02_21.23.17,1,Random_sign_placement_scenario,1030,269,0.5,-10.69,8.67,90,15,1,4.974157,1.17029,1,674,AdultMaleAgent(Clone),11,9,1.71,1.58,0,0,False,2,0,0
2026-03-02_21.23.17,1,Random_sign_placement_scenario,1030,269,0.5,-10.69,8.67,90,15,1,4.974157,1.17029,1,675,AdultMaleAgent(Clone),10,8,1.71,1.58,6,2,True,2,1,0.5
2026-03-02_21.23.17,1,Random_sign_placement_scenario,1030,269,0.5,-10.69,8.67,90,15,1,4.974157,1.17029,1,676,WheelchairAgent(Clone),10,8,1.3,1.17,8,2,False,2,1,0.5
2026-03-02_21.23.17,1,Random_sign_placement_scenario,1030,269,0.5,-10.69,8.67,90,15,1,4.974157,1.17029,1,677,AdultFemaleAgent(Clone),8,10,1.58,1.450001,8.304581,2,True,2,1,0.5
2026-03-02_21.23.17,1,Random_sign_placement_scenario,1030,269,0.5,-10.69,8.67,90,15,1,4.974157,1.17029,1,678,AdultFemaleAgent(Clone),11,9,1.58,1.450001,0,0,False,2,0,0
2026-03-02_21.23.17,1,Random_sign_placement_scenario,1030,269,0.5,-10.69,8.67,90,15,1,4.974157,1.17029,1,679,AdultFemaleAgent(Clone),8,10,1.58,1.450001,8.546143,2,True,2,1,0.5
2026-03-02_21.23.17,1,Random_sign_placement_scenario,1030,269,0.5,-10.69,8.67,90,15,1,4.974157,1.17029,1,680,AdultMaleAgent(Clone),8,10,1.71,1.58,7.559464,2,False,2,1,0.5
2026-03-02_21.23.17,1,Random_sign_placement_scenario,1030,269,0.5,-10.69,8.67,90,15,1,4.974157,1.17029,1,681,AdultFemaleAgent(Clone),11,9,1.58,1.450001,0,0,False,2,0,0
2026-03-02_21.23.17,1,Random_sign_placement_scenario,1030,269,0.5,-10.69,8.67,90,15,1,4.974157,1.17029,1,682,WheelchairAgent(Clone),8,10,1.3,1.17,9.54039,2,True,2,1,0.5
2026-03-02_21.23.17,1,Random_sign_placement_scenario,1030,269,0.5,-10.69,8.67,90,15,1,4.974157,1.17029,1,683,AdultFemaleAgent(Clone),9,11,1.58,1.450001,0,0,False,2,0,0
2026-03-02_21.23.17,1,Random_sign_placement_scenario,1030,269,0.5,-10.69,8.67,90,15,1,4.974157,1.17029,1,684,AdultMaleAgent(Clone),10,8,1.71,1.58,8.666672,2,True,2,1,0.5
2026-03-02_21.23.17,1,Random_sign_placement_scenario,1030,269,0.5,-10.69,8.67,90,15,1,4.974157,1.17029,1,685,WheelchairAgent(Clone),9,11,1.3,1.17,0,0,False,2,0,0
2026-03-02_21.23.17,1,Random_sign_placement_scenario,1030,269,0.5,-10.69,8.67,90,15,1,4.974157,1.17029,1,686,WheelchairAgent(Clone),11,9,1.3,1.17,0,0,False,2,0,0
2026-03-02_21.23.17,1,Random_sign_placement_scenario,1030,269,0.5,-10.69,8.67,90,15,1,4.974157,1.17029,1,687,AdultFemaleAgent(Clone),8,10,1.58,1.450001,8.488541,2,False,2,0,0
2026-03-02_21.23.17,1,Random_sign_placement_scenario,1030,269,0.5,-10.69,8.67,90,15,1,4.974157,1.17029,1,688,WheelchairAgent(Clone),10,8,1.3,1.17,8.666672,2,True,2,1,0.5
2026-03-02_21.23.17,1,Random_sign_placement_scenario,1030,269,0.5,-10.69,8.67,90,15,1,4.974157,1.17029,1,689,WheelchairAgent(Clone),8,10,1.3,1.17,9.450668,2,True,2,1,0.5
2026-03-02_21.23.17,1,Random_sign_placement_scenario,1030,269,0.5,-10.69,8.67,90,15,1,4.974157,1.17029,1,690,AdultMaleAgent(Clone),11,9,1.71,1.58,0,0,False,2,0,0
2026-03-02_21.23.17,1,Random_sign_placement_scenario,1030,269,0.5,-10.69,8.67,90,15,1,4.974157,1.17029,1,691,AdultFemaleAgent(Clone),10,8,1.58,1.450001,6,2,False,2,1,0.5
2026-03-02_21.23.17,1,Random_sign_placement_scenario,1030,269,0.5,-10.69,8.67,90,15,1,4.974157,1.17029,1,692,AdultFemaleAgent(Clone),8,10,1.58,1.450001,8.066162,2,False,2,0,0
2026-03-02_21.23.17,1,Random_sign_placement_scenario,1030,269,0.5,-10.69,8.67,90,15,1,4.974157,1.17029,1,693,AdultFemaleAgent(Clone),8,10,1.58,1.450001,10.49556,2,True,2,1,0.5
2026-03-02_21.23.17,1,Random_sign_placement_scenario,1030,269,0.5,-10.69,8.67,90,15,1,4.974157,1.17029,1,694,WheelchairAgent(Clone),9,11,1.3,1.17,0,0,False,2,0,0
2026-03-02_21.23.17,1,Random_sign_placement_scenario,1030,269,0.5,-10.69,8.67,90,15,1,4.974157,1.17029,1,695,AdultFemaleAgent(Clone),8,10,1.58,1.450001,9.568604,2,False,2,0,0
2026-03-02_21.23.17,1,Random_sign_placement_scenario,1030,269,0.5,-10.69,8.67,90,15,1,4.974157,1.17029,1,696,AdultFemaleAgent(Clone),11,9,1.58,1.450001,0,0,False,2,0,0
2026-03-02_21.23.17,1,Random_sign_placement_scenario,1030,269,0.5,-10.69,8.67,90,15,1,4.974157,1.17029,1,697,AdultMaleAgent(Clone),9,11,1.71,1.58,0,0,False,2,0,0
2026-03-02_21.23.17,1,Random_sign_placement_scenario,1030,269,0.5,-10.69,8.67,90,15,1,4.974157,1.17029,1,698,AdultFemaleAgent(Clone),11,9,1.58,1.450001,0,0,False,2,0,0
2026-03-02_21.23.17,1,Random_sign_placement_scenario,1030,269,0.5,-10.69,8.67,90,15,1,4.974157,1.17029,1,699,WheelchairAgent(Clone),10,8,1.3,1.17,7.666656,2,True,2,1,0.5
2026-03-02_21.23.17,1,Random_sign_placement_scenario,1030,269,0.5,-10.69,8.67,90,15,1,4.974157,1.17029,1,700,AdultFemaleAgent(Clone),8,10,1.58,1.450001,8.351227,2,True,2,1,0.5
2026-03-02_21.23.17,1,Random_sign_placement_scenario,1030,269,0.5,-10.69,8.67,90,15,1,4.974157,1.17029,1,701,WheelchairAgent(Clone),9,11,1.3,1.17,0,0,False,2,0,0
2026-03-02_21.23.17,1,Random_sign_placement_scenario,1030,269,0.5,-10.69,8.67,90,15,1,4.974157,1.17029,1,702,AdultFemaleAgent(Clone),10,8,1.58,1.450001,7.333328,2,True,2,1,0.5
2026-03-02_21.23.17,1,Random_sign_placement_scenario,1030,269,0.5,-10.69,8.67,90,15,1,4.974157,1.17029,1,703,WheelchairAgent(Clone),11,9,1.3,1.17,0,0,False,2,0,0
2026-03-02_21.23.17,1,Random_sign_placement_scenario,1030,269,0.5,-10.69,8.67,90,15,1,4.974157,1.17029,1,704,AdultMaleAgent(Clone),9,11,1.71,1.58,0,0,False,2,0,0
2026-03-02_21.23.17,1,Random_sign_placement_scenario,1030,269,0.5,-10.69,8.67,90,15,1,4.974157,1.17029,1,705,WheelchairAgent(Clone),10,8,1.3,1.17,8,2,False,2,0,0
2026-03-02_21.23.17,1,Random_sign_placement_scenario,1030,269,0.5,-10.69,8.67,90,15,1,4.974157,1.17029,1,706,AdultMaleAgent(Clone),9,11,1.71,1.58,0,0,False,2,0,0
2026-03-02_21.23.17,1,Random_sign_placement_scenario,1030,269,0.5,-10.69,8.67,90,15,1,4.974157,1.17029,1,707,AdultMaleAgent(Clone),8,10,1.71,1.58,8.621811,2,True,2,1,0.5
2026-03-02_21.23.17,1,Random_sign_placement_scenario,1030,269,0.5,-10.69,8.67,90,15,1,4.974157,1.17029,1,708,WheelchairAgent(Clone),10,8,1.3,1.17,6,2,False,2,0,0
2026-03-02_21.23.17,1,Random_sign_placement_scenario,1030,269,0.5,-10.69,8.67,90,15,1,4.974157,1.17029,1,709,AdultMaleAgent(Clone),8,10,1.71,1.58,8.920654,2,True,2,1,0.5
2026-03-02_21.23.17,1,Random_sign_placement_scenario,1030,269,0.5,-10.69,8.67,90,15,1,4.974157,1.17029,1,710,AdultFemaleAgent(Clone),10,8,1.58,1.450001,8.333328,2,True,2,1,0.5
2026-03-02_21.23.17,1,Random_sign_placement_scenario,1030,269,0.5,-10.69,8.67,90,15,1,4.974157,1.17029,1,711,WheelchairAgent(Clone),11,9,1.3,1.17,0,0,False,2,0,0
2026-03-02_21.23.17,1,Random_sign_placement_scenario,1030,269,0.5,-10.69,8.67,90,15,1,4.974157,1.17029,1,712,AdultFemaleAgent(Clone),9,11,1.58,1.450001,0,0,False,2,0,0
2026-03-02_21.23.17,1,Random_sign_placement_scenario,1030,269,0.5,-10.69,8.67,90,15,1,4.974157,1.17029,1,713,AdultFemaleAgent(Clone),11,9,1.58,1.450001,0,0,False,2,0,0
2026-03-02_21.23.17,1,Random_sign_placement_scenario,1030,269,0.5,-10.69,8.67,90,15,1,4.974157,1.17029,1,714,AdultMaleAgent(Clone),10,8,1.71,1.58,6.666672,2,True,2,1,0.5
2026-03-02_21.23.17,1,Random_sign_placement_scenario,1030,269,0.5,-10.69,8.67,90,15,1,4.974157,1.17029,1,715,WheelchairAgent(Clone),8,10,1.3,1.17,9.587311,2,False,2,1,0.5
2026-03-02_21.23.17,1,Random_sign_placement_scenario,1030,269,0.5,-10.69,8.67,90,15,1,4.974157,1.17029,1,716,AdultFemaleAgent(Clone),11,9,1.58,1.450001,0,0,False,2,0,0
2026-03-02_21.23.17,1,Random_sign_placement_scenario,1030,269,0.5,-10.69,8.67,90,15,1,4.974157,1.17029,1,717,WheelchairAgent(Clone),10,8,1.3,1.17,8,2,False,2,1,0.5
2026-03-02_21.23.17,1,Random_sign_placement_scenario,1030,269,0.5,-10.69,8.67,90,15,1,4.974157,1.17029,1,718,AdultMaleAgent(Clone),9,11,1.71,1.58,0,0,False,2,0,0
2026-03-02_21.23.17,1,Random_sign_placement_scenario,1030,269,0.5,-10.69,8.67,90,15,1,4.974157,1.17029,1,719,WheelchairAgent(Clone),11,9,1.3,1.17,0,0,False,2,0,0
2026-03-02_21.23.17,1,Random_sign_placement_scenario,1030,269,0.5,-10.69,8.67,90,15,1,4.974157,1.17029,1,720,WheelchairAgent(Clone),10,8,1.3,1.17,6.333328,2,False,2,1,0.5
2026-03-02_21.23.17,1,Random_sign_placement_scenario,1030,269,0.5,-10.69,8.67,90,15,1,4.974157,1.17029,1,721,AdultFemaleAgent(Clone),9,11,1.58,1.450001,0,0,False,2,0,0
2026-03-02_21.23.17,1,Random_sign_placement_scenario,1030,269,0.5,-10.69,8.67,90,15,1,4.974157,1.17029,1,722,AdultFemaleAgent(Clone),8,10,1.58,1.450001,9.400635,2,False,2,1,0.5
2026-03-02_21.23.17,1,Random_sign_placement_scenario,1030,269,0.5,-10.69,8.67,90,15,1,4.974157,1.17029,1,723,AdultMaleAgent(Clone),11,9,1.71,1.58,0,0,False,2,0,0
2026-03-02_21.23.17,1,Random_sign_placement_scenario,1030,269,0.5,-10.69,8.67,90,15,1,4.974157,1.17029,1,724,AdultFemaleAgent(Clone),9,11,1.58,1.450001,0,0,False,2,0,0
2026-03-02_21.23.17,1,Random_sign_placement_scenario,1030,269,0.5,-10.69,8.67,90,15,1,4.974157,1.17029,1,725,WheelchairAgent(Clone),11,9,1.3,1.17,0,0,False,2,0,0
2026-03-02_21.23.17,1,Random_sign_placement_scenario,1030,269,0.5,-10.69,8.67,90,15,1,4.974157,1.17029,1,726,WheelchairAgent(Clone),8,10,1.3,1.17,10.24068,2,True,2,1,0.5
2026-03-02_21.23.17,1,Random_sign_placement_scenario,1030,269,0.5,-10.69,8.67,90,15,1,4.974157,1.17029,1,727,AdultFemaleAgent(Clone),9,11,1.58,1.450001,0,0,False,2,0,0
2026-03-02_21.23.17,1,Random_sign_placement_scenario,1030,269,0.5,-10.69,8.67,90,15,1,4.974157,1.17029,1,728,AdultMaleAgent(Clone),8,10,1.71,1.58,7.882248,2,True,2,1,0.5
2026-03-02_21.23.17,1,Random_sign_placement_scenario,1030,269,0.5,-10.69,8.67,90,15,1,4.974157,1.17029,1,729,AdultFemaleAgent(Clone),8,10,1.58,1.450001,9.587311,2,True,2,1,0.5
2026-03-02_21.23.17,1,Random_sign_placement_scenario,1030,269,0.5,-10.69,8.67,90,15,1,4.974157,1.17029,1,730,AdultFemaleAgent(Clone),9,11,1.58,1.450001,0,0,False,2,0,0
2026-03-02_21.23.17,1,Random_sign_placement_scenario,1030,269,0.5,-10.69,8.67,90,15,1,4.974157,1.17029,1,731,WheelchairAgent(Clone),10,8,1.3,1.17,6.314224,2,False,2,1,0.5
2026-03-02_21.23.17,1,Random_sign_placement_scenario,1030,269,0.5,-10.69,8.67,90,15,1,4.974157,1.17029,1,732,WheelchairAgent(Clone),11,9,1.3,1.17,0,0,False,2,0,0
2026-03-02_21.23.17,1,Random_sign_placement_scenario,1030,269,0.5,-10.69,8.67,90,15,1,4.974157,1.17029,1,733,AdultFemaleAgent(Clone),8,10,1.58,1.450001,8.215576,2,True,2,1,0.5
2026-03-02_21.23.17,1,Random_sign_placement_scenario,1030,269,0.5,-10.69,8.67,90,15,1,4.974157,1.17029,1,734,AdultMaleAgent(Clone),10,8,1.71,1.58,7,2,False,2,1,0.5
2026-03-02_21.23.17,1,Random_sign_placement_scenario,1030,269,0.5,-10.69,8.67,90,15,1,4.974157,1.17029,1,735,AdultMaleAgent(Clone),11,9,1.71,1.58,0,0,False,2,0,0
2026-03-02_21.23.17,1,Random_sign_placement_scenario,1030,269,0.5,-10.69,8.67,90,15,1,4.974157,1.17029,1,736,WheelchairAgent(Clone),11,9,1.3,1.17,0,0,False,2,0,0
2026-03-02_21.23.17,1,Random_sign_placement_scenario,1030,269,0.5,-10.69,8.67,90,15,1,4.974157,1.17029,1,737,WheelchairAgent(Clone),10,8,1.3,1.17,6.593079,2,False,2,0,0
2026-03-02_21.23.17,1,Random_sign_placement_scenario,1030,269,0.5,-10.69,8.67,90,15,1,4.974157,1.17029,1,738,AdultFemaleAgent(Clone),9,11,1.58,1.450001,0,0,False,2,0,0
2026-03-02_21.23.17,1,Random_sign_placement_scenario,1030,269,0.5,-10.69,8.67,90,15,1,4.974157,1.17029,1,739,AdultMaleAgent(Clone),10,8,1.71,1.58,7.314224,2,False,2,0,0
2026-03-02_21.23.17,1,Random_sign_placement_scenario,1030,269,0.5,-10.69,8.67,90,15,1,4.974157,1.17029,1,740,WheelchairAgent(Clone),9,11,1.3,1.17,0,0,False,2,0,0
2026-03-02_21.23.17,1,Random_sign_placement_scenario,1030,269,0.5,-10.69,8.67,90,15,1,4.974157,1.17029,1,741,AdultFemaleAgent(Clone),8,10,1.58,1.450001,9.067307,2,True,2,1,0.5
2026-03-02_21.23.17,1,Random_sign_placement_scenario,1030,269,0.5,-10.69,8.67,90,15,1,4.974157,1.17029,1,742,WheelchairAgent(Clone),8,10,1.3,1.17,9.893265,2,True,2,1,0.5
2026-03-02_21.23.17,1,Random_sign_placement_scenario,1030,269,0.5,-10.69,8.67,90,15,1,4.974157,1.17029,1,743,AdultMaleAgent(Clone),10,8,1.71,1.58,7.879471,2,True,2,1,0.5
2026-03-02_21.23.17,1,Random_sign_placement_scenario,1030,269,0.5,-10.69,8.67,90,15,1,4.974157,1.17029,1,744,AdultMaleAgent(Clone),10,8,1.71,1.58,8.117325,2,False,2,1,0.5
2026-03-02_21.23.17,1,Random_sign_placement_scenario,1030,269,0.5,-10.69,8.67,90,15,1,4.974157,1.17029,1,745,AdultMaleAgent(Clone),9,11,1.71,1.58,0.3333282,1,False,2,0,0
2026-03-02_21.23.17,1,Random_sign_placement_scenario,1030,269,0.5,-10.69,8.67,90,15,1,4.974157,1.17029,1,746,AdultMaleAgent(Clone),11,9,1.71,1.58,0,0,False,2,0,0
2026-03-02_21.23.17,1,Random_sign_placement_scenario,1030,269,0.5,-10.69,8.67,90,15,1,4.974157,1.17029,1,747,WheelchairAgent(Clone),11,9,1.3,1.17,0,0,False,2,0,0
2026-03-02_21.23.17,1,Random_sign_placement_scenario,1030,269,0.5,-10.69,8.67,90,15,1,4.974157,1.17029,1,748,AdultFemaleAgent(Clone),10,8,1.58,1.450001,5.879486,2,True,2,1,0.5
2026-03-02_21.23.17,1,Random_sign_placement_scenario,1030,269,0.5,-10.69,8.67,90,15,1,4.974157,1.17029,1,749,AdultMaleAgent(Clone),9,11,1.71,1.58,0,0,False,2,0,0
2026-03-02_21.23.17,1,Random_sign_placement_scenario,1030,269,0.5,-10.69,8.67,90,15,1,4.974157,1.17029,1,750,AdultMaleAgent(Clone),9,11,1.71,1.58,0,0,False,2,0,0
2026-03-02_21.23.17,1,Random_sign_placement_scenario,1030,269,0.5,-10.69,8.67,90,15,1,4.974157,1.17029,1,751,AdultFemaleAgent(Clone),8,10,1.58,1.450001,9.912125,2,True,2,1,0.5
2026-03-02_21.23.17,1,Random_sign_placement_scenario,1030,269,0.5,-10.69,8.67,90,15,1,4.974157,1.17029,1,752,AdultFemaleAgent(Clone),8,10,1.58,1.450001,10.54024,2,True,2,1,0.5
2026-03-02_21.23.17,1,Random_sign_placement_scenario,1030,269,0.5,-10.69,8.67,90,15,1,4.974157,1.17029,1,753,AdultMaleAgent(Clone),11,9,1.71,1.58,0,0,False,2,0,0
2026-03-02_21.23.17,1,Random_sign_placement_scenario,1030,269,0.5,-10.69,8.67,90,15,1,4.974157,1.17029,1,754,WheelchairAgent(Clone),8,10,1.3,1.17,9.873581,2,True,2,1,0.5
2026-03-02_21.23.17,1,Random_sign_placement_scenario,1030,269,0.5,-10.69,8.67,90,15,1,4.974157,1.17029,1,755,AdultMaleAgent(Clone),10,8,1.71,1.58,7.294022,2,False,2,0,0
2026-03-02_21.23.17,1,Random_sign_placement_scenario,1030,269,0.5,-10.69,8.67,90,15,1,4.974157,1.17029,1,756,WheelchairAgent(Clone),9,11,1.3,1.17,0,0,False,2,0,0
2026-03-02_21.23.17,1,Random_sign_placement_scenario,1030,269,0.5,-10.69,8.67,90,15,1,4.974157,1.17029,1,757,AdultMaleAgent(Clone),10,8,1.71,1.58,7.684555,2,False,2,1,0.5
2026-03-02_21.23.17,1,Random_sign_placement_scenario,1030,269,0.5,-10.69,8.67,90,15,1,4.974157,1.17029,1,758,WheelchairAgent(Clone),9,11,1.3,1.17,0,0,False,2,0,0
2026-03-02_21.23.17,1,Random_sign_placement_scenario,1030,269,0.5,-10.69,8.67,90,15,1,4.974157,1.17029,1,759,AdultMaleAgent(Clone),9,11,1.71,1.58,0,0,False,2,0,0
2026-03-02_21.23.17,1,Random_sign_placement_scenario,1030,269,0.5,-10.69,8.67,90,15,1,4.974157,1.17029,1,760,WheelchairAgent(Clone),11,9,1.3,1.17,0,0,False,2,0,0
2026-03-02_21.23.17,1,Random_sign_placement_scenario,1030,269,0.5,-10.69,8.67,90,15,1,4.974157,1.17029,1,761,AdultMaleAgent(Clone),10,8,1.71,1.58,7.550323,2,False,2,1,0.5
2026-03-02_21.23.17,1,Random_sign_placement_scenario,1030,269,0.5,-10.69,8.67,90,15,1,4.974157,1.17029,1,762,AdultFemaleAgent(Clone),11,9,1.58,1.450001,0,0,False,2,0,0
2026-03-02_21.23.17,1,Random_sign_placement_scenario,1030,269,0.5,-10.69,8.67,90,15,1,4.974157,1.17029,1,763,AdultFemaleAgent(Clone),8,10,1.58,1.450001,9.613281,2,True,2,1,0.5
2026-03-02_21.23.17,1,Random_sign_placement_scenario,1030,269,0.5,-10.69,8.67,90,15,1,4.974157,1.17029,1,764,WheelchairAgent(Clone),10,8,1.3,1.17,9.067307,3,False,2,1,0.5
2026-03-02_21.23.17,1,Random_sign_placement_scenario,1030,269,0.5,-10.69,8.67,90,15,1,4.974157,1.17029,1,765,AdultMaleAgent(Clone),9,11,1.71,1.58,0.3333435,1,False,2,0,0
2026-03-02_21.23.17,1,Random_sign_placement_scenario,1030,269,0.5,-10.69,8.67,90,15,1,4.974157,1.17029,1,766,WheelchairAgent(Clone),11,9,1.3,1.17,0,0,False,2,0,0
2026-03-02_21.23.17,1,Random_sign_placement_scenario,1030,269,0.5,-10.69,8.67,90,15,1,4.974157,1.17029,1,767,WheelchairAgent(Clone),10,8,1.3,1.17,7.973999,2,False,2,1,0.5
2026-03-02_21.23.17,1,Random_sign_placement_scenario,1030,269,0.5,-10.69,8.67,90,15,1,4.974157,1.17029,1,768,WheelchairAgent(Clone),10,8,1.3,1.17,7.540756,2,False,2,1,0.5
2026-03-02_21.23.17,1,Random_sign_placement_scenario,1030,269,0.5,-10.69,8.67,90,15,1,4.974157,1.17029,1,769,AdultFemaleAgent(Clone),9,11,1.58,1.450001,0.3333282,1,False,2,0,0
2026-03-02_21.23.17,1,Random_sign_placement_scenario,1030,269,0.5,-10.69,8.67,90,15,1,4.974157,1.17029,1,770,WheelchairAgent(Clone),11,9,1.3,1.17,0,0,False,2,0,0
2026-03-02_21.23.17,1,Random_sign_placement_scenario,1030,269,0.5,-10.69,8.67,90,15,1,4.974157,1.17029,1,771,AdultMaleAgent(Clone),10,8,1.71,1.58,6.698273,2,False,2,1,0.5
2026-03-02_21.23.17,1,Random_sign_placement_scenario,1030,269,0.5,-10.69,8.67,90,15,1,4.974157,1.17029,1,772,WheelchairAgent(Clone),9,11,1.3,1.17,0,0,False,2,0,0
2026-03-02_21.23.17,1,Random_sign_placement_scenario,1030,269,0.5,-10.69,8.67,90,15,1,4.974157,1.17029,1,773,AdultFemaleAgent(Clone),10,8,1.58,1.450001,7.583145,2,True,2,1,0.5
2026-03-02_21.23.17,1,Random_sign_placement_scenario,1030,269,0.5,-10.69,8.67,90,15,1,4.974157,1.17029,1,774,AdultFemaleAgent(Clone),11,9,1.58,1.450001,0,0,False,2,0,0
2026-03-02_21.23.17,1,Random_sign_placement_scenario,1030,269,0.5,-10.69,8.67,90,15,1,4.974157,1.17029,1,775,AdultFemaleAgent(Clone),8,10,1.58,1.450001,9.946609,2,True,2,1,0.5
2026-03-02_21.23.17,1,Random_sign_placement_scenario,1030,269,0.5,-10.69,8.67,90,15,1,4.974157,1.17029,1,776,AdultMaleAgent(Clone),10,8,1.71,1.58,6.259369,2,True,2,1,0.5
2026-03-02_21.23.17,1,Random_sign_placement_scenario,1030,269,0.5,-10.69,8.67,90,15,1,4.974157,1.17029,1,777,AdultMaleAgent(Clone),10,8,1.71,1.58,7.978256,2,False,2,1,0.5
2026-03-02_21.23.17,1,Random_sign_placement_scenario,1030,269,0.5,-10.69,8.67,90,15,1,4.974157,1.17029,1,778,WheelchairAgent(Clone),8,10,1.3,1.17,9.559937,2,True,2,1,0.5
2026-03-02_21.23.17,1,Random_sign_placement_scenario,1030,269,0.5,-10.69,8.67,90,15,1,4.974157,1.17029,1,779,WheelchairAgent(Clone),10,8,1.3,1.17,6.782242,2,False,2,0,0
2026-03-02_21.23.17,1,Random_sign_placement_scenario,1030,269,0.5,-10.69,8.67,90,15,1,4.974157,1.17029,1,780,AdultFemaleAgent(Clone),9,11,1.58,1.450001,0,0,False,2,0,0
2026-03-02_21.23.17,1,Random_sign_placement_scenario,1030,269,0.5,-10.69,8.67,90,15,1,4.974157,1.17029,1,781,AdultFemaleAgent(Clone),11,9,1.58,1.450001,0,0,False,2,0,0
2026-03-02_21.23.17,1,Random_sign_placement_scenario,1030,269,0.5,-10.69,8.67,90,15,1,4.974157,1.17029,1,782,AdultMaleAgent(Clone),9,11,1.71,1.58,0.6321716,2,False,2,0,0
2026-03-02_21.23.17,1,Random_sign_placement_scenario,1030,269,0.5,-10.69,8.67,90,15,1,4.974157,1.17029,1,783,AdultFemaleAgent(Clone),8,10,1.58,1.450001,10.51254,1,True,2,1,0.5
2026-03-02_21.23.17,1,Random_sign_placement_scenario,1030,269,0.5,-10.69,8.67,90,15,1,4.974157,1.17029,1,784,WheelchairAgent(Clone),10,8,1.3,1.17,7.448898,2,False,2,0,0
2026-03-02_21.23.17,1,Random_sign_placement_scenario,1030,269,0.5,-10.69,8.67,90,15,1,4.974157,1.17029,1,785,WheelchairAgent(Clone),9,11,1.3,1.17,0,0,False,2,0,0
2026-03-02_21.23.17,1,Random_sign_placement_scenario,1030,269,0.5,-10.69,8.67,90,15,1,4.974157,1.17029,1,786,AdultMaleAgent(Clone),11,9,1.71,1.58,0,0,False,2,0,0
2026-03-02_21.23.17,1,Random_sign_placement_scenario,1030,269,0.5,-10.69,8.67,90,15,1,4.974157,1.17029,1,787,WheelchairAgent(Clone),11,9,1.3,1.17,0,0,False,2,0,0
2026-03-02_21.23.17,1,Random_sign_placement_scenario,1030,269,0.5,-10.69,8.67,90,15,1,4.974157,1.17029,1,788,AdultMaleAgent(Clone),9,11,1.71,1.58,0,0,False,2,0,0
2026-03-02_21.23.17,1,Random_sign_placement_scenario,1030,269,0.5,-10.69,8.67,90,15,1,4.974157,1.17029,1,789,AdultFemaleAgent(Clone),11,9,1.58,1.450001,0,0,False,2,0,0
2026-03-02_21.23.17,1,Random_sign_placement_scenario,1030,269,0.5,-10.69,8.67,90,15,1,4.974157,1.17029,1,790,AdultFemaleAgent(Clone),8,10,1.58,1.450001,10.53932,1,True,2,1,0.5
2026-03-02_21.23.17,1,Random_sign_placement_scenario,1030,269,0.5,-10.69,8.67,90,15,1,4.974157,1.17029,1,791,AdultMaleAgent(Clone),11,9,1.71,1.58,0,0,False,2,0,0
2026-03-02_21.23.17,1,Random_sign_placement_scenario,1030,269,0.5,-10.69,8.67,90,15,1,4.974157,1.17029,1,792,WheelchairAgent(Clone),8,10,1.3,1.17,9.279938,2,True,2,1,0.5
2026-03-02_21.23.17,1,Random_sign_placement_scenario,1030,269,0.5,-10.69,8.67,90,15,1,4.974157,1.17029,1,793,AdultMaleAgent(Clone),9,11,1.71,1.58,0,0,False,2,0,0
2026-03-02_21.23.17,1,Random_sign_placement_scenario,1030,269,0.5,-10.69,8.67,90,15,1,4.974157,1.17029,1,794,WheelchairAgent(Clone),10,8,1.3,1.17,8.58313,2,True,2,1,0.5
2026-03-02_21.23.17,1,Random_sign_placement_scenario,1030,269,0.5,-10.69,8.67,90,15,1,4.974157,1.17029,1,795,WheelchairAgent(Clone),8,10,1.3,1.17,9.613281,2,True,2,1,0.5
2026-03-02_21.23.17,1,Random_sign_placement_scenario,1030,269,0.5,-10.69,8.67,90,15,1,4.974157,1.17029,1,796,WheelchairAgent(Clone),9,11,1.3,1.17,0.6666718,1,False,2,0,0
2026-03-02_21.23.17,1,Random_sign_placement_scenario,1030,269,0.5,-10.69,8.67,90,15,1,4.974157,1.17029,1,797,AdultFemaleAgent(Clone),11,9,1.58,1.450001,0,0,False,2,0,0
2026-03-02_21.23.17,1,Random_sign_placement_scenario,1030,269,0.5,-10.69,8.67,90,15,1,4.974157,1.17029,1,798,AdultMaleAgent(Clone),9,11,1.71,1.58,0,0,False,2,0,0
2026-03-02_21.23.17,1,Random_sign_placement_scenario,1030,269,0.5,-10.69,8.67,90,15,1,4.974157,1.17029,1,799,AdultFemaleAgent(Clone),9,11,1.58,1.450001,0,0,False,2,0,0
2026-03-02_21.23.17,1,Random_sign_placement_scenario,1030,269,0.5,-10.69,8.67,90,15,1,4.974157,1.17029,1,800,AdultFemaleAgent(Clone),11,9,1.58,1.450001,0,0,False,2,0,0
2026-03-02_21.23.17,1,Random_sign_placement_scenario,1030,269,0.5,-10.69,8.67,90,15,1,4.974157,1.17029,1,801,AdultMaleAgent(Clone),8,10,1.71,1.58,8.898193,1,True,2,1,0.5
2026-03-02_21.23.17,1,Random_sign_placement_scenario,1030,269,0.5,-10.69,8.67,90,15,1,4.974157,1.17029,1,802,AdultFemaleAgent(Clone),8,10,1.58,1.450001,9.259369,1,True,2,1,0.5
2026-03-02_21.23.17,1,Random_sign_placement_scenario,1030,269,0.5,-10.69,8.67,90,15,1,4.974157,1.17029,1,803,AdultFemaleAgent(Clone),10,8,1.58,1.450001,9.559921,2,True,2,1,0.5
2026-03-02_21.23.17,1,Random_sign_placement_scenario,1030,269,0.5,-10.69,8.67,90,15,1,4.974157,1.17029,1,804,AdultFemaleAgent(Clone),11,9,1.58,1.450001,0,0,False,2,0,0
2026-03-02_21.23.17,1,Random_sign_placement_scenario,1030,269,0.5,-10.69,8.67,90,15,1,4.974157,1.17029,1,805,AdultFemaleAgent(Clone),8,10,1.58,1.450001,10.55992,1,True,2,1,0.5
2026-03-02_21.23.17,1,Random_sign_placement_scenario,1030,269,0.5,-10.69,8.67,90,15,1,4.974157,1.17029,1,806,AdultFemaleAgent(Clone),8,10,1.58,1.450001,9.873566,1,True,2,1,0.5
2026-03-02_21.23.17,1,Random_sign_placement_scenario,1030,269,0.5,-10.69,8.67,90,15,1,4.974157,1.17029,1,807,AdultFemaleAgent(Clone),9,11,1.58,1.450001,0,0,False,2,0,0
2026-03-02_21.23.17,1,Random_sign_placement_scenario,1030,269,0.5,-10.69,8.67,90,15,1,4.974157,1.17029,1,808,WheelchairAgent(Clone),10,8,1.3,1.17,6.9431,2,False,2,1,0.5
2026-03-02_21.23.17,1,Random_sign_placement_scenario,1030,269,0.5,-10.69,8.67,90,15,1,4.974157,1.17029,1,809,AdultMaleAgent(Clone),8,10,1.71,1.58,9.226593,1,True,2,1,0.5
2026-03-02_21.23.17,1,Random_sign_placement_scenario,1030,269,0.5,-10.69,8.67,90,15,1,4.974157,1.17029,1,810,WheelchairAgent(Clone),9,11,1.3,1.17,0,0,False,2,0,0
2026-03-02_21.23.17,1,Random_sign_placement_scenario,1030,269,0.5,-10.69,8.67,90,15,1,4.974157,1.17029,1,811,AdultMaleAgent(Clone),10,8,1.71,1.58,7.926697,2,True,2,1,0.5
2026-03-02_21.23.17,1,Random_sign_placement_scenario,1030,269,0.5,-10.69,8.67,90,15,1,4.974157,1.17029,1,812,AdultFemaleAgent(Clone),11,9,1.58,1.450001,0,0,False,2,0,0
2026-03-02_21.23.17,1,Random_sign_placement_scenario,1030,269,0.5,-10.69,8.67,90,15,1,4.974157,1.17029,1,813,WheelchairAgent(Clone),9,11,1.3,1.17,0,0,False,2,0,0
2026-03-02_21.23.17,1,Random_sign_placement_scenario,1030,269,0.5,-10.69,8.67,90,15,1,4.974157,1.17029,1,814,AdultMaleAgent(Clone),11,9,1.71,1.58,0,0,False,2,0,0
2026-03-02_21.23.17,1,Random_sign_placement_scenario,1030,269,0.5,-10.69,8.67,90,15,1,4.974157,1.17029,1,815,WheelchairAgent(Clone),8,10,1.3,1.17,9.226593,1,True,2,1,0.5
2026-03-02_21.23.17,1,Random_sign_placement_scenario,1030,269,0.5,-10.69,8.67,90,15,1,4.974157,1.17029,1,816,AdultFemaleAgent(Clone),10,8,1.58,1.450001,6.926041,2,True,2,1,0.5
2026-03-02_21.23.17,1,Random_sign_placement_scenario,1030,269,0.5,-10.69,8.67,90,15,1,4.974157,1.17029,1,817,AdultFemaleAgent(Clone),11,9,1.58,1.450001,0,0,False,2,0,0
2026-03-02_21.23.17,1,Random_sign_placement_scenario,1030,269,0.5,-10.69,8.67,90,15,1,4.974157,1.17029,1,818,AdultFemaleAgent(Clone),8,10,1.58,1.450001,9.946609,1,True,2,1,0.5
2026-03-02_21.23.17,1,Random_sign_placement_scenario,1030,269,0.5,-10.69,8.67,90,15,1,4.974157,1.17029,1,819,WheelchairAgent(Clone),10,8,1.3,1.17,6.89325,2,False,2,0,0
2026-03-02_21.23.17,1,Random_sign_placement_scenario,1030,269,0.5,-10.69,8.67,90,15,1,4.974157,1.17029,1,820,AdultMaleAgent(Clone),11,9,1.71,1.58,0,0,False,2,0,0
2026-03-02_21.23.17,1,Random_sign_placement_scenario,1030,269,0.5,-10.69,8.67,90,15,1,4.974157,1.17029,1,821,WheelchairAgent(Clone),9,11,1.3,1.17,0,0,False,2,0,0
2026-03-02_21.23.17,1,Random_sign_placement_scenario,1030,269,0.5,-10.69,8.67,90,15,1,4.974157,1.17029,1,822,WheelchairAgent(Clone),11,9,1.3,1.17,0,0,False,2,0,0
2026-03-02_21.23.17,1,Random_sign_placement_scenario,1030,269,0.5,-10.69,8.67,90,15,1,4.974157,1.17029,1,823,WheelchairAgent(Clone),10,8,1.3,1.17,7.245453,2,False,2,1,0.5
2026-03-02_21.23.17,1,Random_sign_placement_scenario,1030,269,0.5,-10.69,8.67,90,15,1,4.974157,1.17029,1,824,AdultMaleAgent(Clone),8,10,1.71,1.58,9.235748,1,True,2,1,0.5
2026-03-02_21.23.17,1,Random_sign_placement_scenario,1030,269,0.5,-10.69,8.67,90,15,1,4.974157,1.17029,1,825,WheelchairAgent(Clone),11,9,1.3,1.17,0,0,False,2,0,0
2026-03-02_21.23.17,1,Random_sign_placement_scenario,1030,269,0.5,-10.69,8.67,90,15,1,4.974157,1.17029,1,826,AdultFemaleAgent(Clone),10,8,1.58,1.450001,6.276428,2,False,2,0,0
2026-03-02_21.23.17,1,Random_sign_placement_scenario,1030,269,0.5,-10.69,8.67,90,15,1,4.974157,1.17029,1,827,AdultMaleAgent(Clone),8,10,1.71,1.58,9.245453,1,True,2,1,0.5
2026-03-02_21.23.17,1,Random_sign_placement_scenario,1030,269,0.5,-10.69,8.67,90,15,1,4.974157,1.17029,1,828,WheelchairAgent(Clone),9,11,1.3,1.17,0.6666718,2,False,2,1,0.5
2026-03-02_21.23.17,1,Random_sign_placement_scenario,1030,269,0.5,-10.69,8.67,90,15,1,4.974157,1.17029,1,829,AdultMaleAgent(Clone),10,8,1.71,1.58,6.245453,2,False,2,1,0.5
2026-03-02_21.23.17,1,Random_sign_placement_scenario,1030,269,0.5,-10.69,8.67,90,15,1,4.974157,1.17029,1,830,WheelchairAgent(Clone),9,11,1.3,1.17,0,0,False,2,0,0
2026-03-02_21.23.17,1,Random_sign_placement_scenario,1030,269,0.5,-10.69,8.67,90,15,1,4.974157,1.17029,1,831,AdultMaleAgent(Clone),11,9,1.71,1.58,0,0,False,2,0,0
2026-03-02_21.23.17,1,Random_sign_placement_scenario,1030,269,0.5,-10.69,8.67,90,15,1,4.974157,1.17029,1,832,AdultFemaleAgent(Clone),10,8,1.58,1.450001,7.89325,2,True,2,1,0.5
2026-03-02_21.23.17,1,Random_sign_placement_scenario,1030,269,0.5,-10.69,8.67,90,15,1,4.974157,1.17029,1,833,AdultFemaleAgent(Clone),11,9,1.58,1.450001,0,0,False,2,0,0
2026-03-02_21.23.17,1,Random_sign_placement_scenario,1030,269,0.5,-10.69,8.67,90,15,1,4.974157,1.17029,1,834,AdultFemaleAgent(Clone),9,11,1.58,1.450001,0,0,False,2,0,0
2026-03-02_21.23.17,1,Random_sign_placement_scenario,1030,269,0.5,-10.69,8.67,90,15,1,4.974157,1.17029,1,835,WheelchairAgent(Clone),11,9,1.3,1.17,0,0,False,2,0,0
2026-03-02_21.23.17,1,Random_sign_placement_scenario,1030,269,0.5,-10.69,8.67,90,15,1,4.974157,1.17029,1,836,AdultFemaleAgent(Clone),9,11,1.58,1.450001,0,0,False,2,0,0
2026-03-02_21.23.17,1,Random_sign_placement_scenario,1030,269,0.5,-10.69,8.67,90,15,1,4.974157,1.17029,1,837,WheelchairAgent(Clone),11,9,1.3,1.17,0,0,False,2,0,0
2026-03-02_21.23.17,1,Random_sign_placement_scenario,1030,269,0.5,-10.69,8.67,90,15,1,4.974157,1.17029,1,838,AdultFemaleAgent(Clone),10,8,1.58,1.450001,7.613281,2,True,2,1,0.5
2026-03-02_21.23.17,1,Random_sign_placement_scenario,1030,269,0.5,-10.69,8.67,90,15,1,4.974157,1.17029,1,839,WheelchairAgent(Clone),8,10,1.3,1.17,8.946609,1,False,2,1,0.5
2026-03-02_21.23.17,1,Random_sign_placement_scenario,1030,269,0.5,-10.69,8.67,90,15,1,4.974157,1.17029,1,840,AdultMaleAgent(Clone),9,11,1.71,1.58,0,0,False,2,0,0
2026-03-02_21.23.17,1,Random_sign_placement_scenario,1030,269,0.5,-10.69,8.67,90,15,1,4.974157,1.17029,1,841,AdultFemaleAgent(Clone),9,11,1.58,1.450001,0,0,False,2,0,0
2026-03-02_21.23.17,1,Random_sign_placement_scenario,1030,269,0.5,-10.69,8.67,90,15,1,4.974157,1.17029,1,842,AdultMaleAgent(Clone),8,10,1.71,1.58,9.613281,1,True,2,1,0.5
2026-03-02_21.23.17,1,Random_sign_placement_scenario,1030,269,0.5,-10.69,8.67,90,15,1,4.974157,1.17029,1,843,AdultFemaleAgent(Clone),11,9,1.58,1.450001,0,0,False,2,0,0
2026-03-02_21.23.17,1,Random_sign_placement_scenario,1030,269,0.5,-10.69,8.67,90,15,1,4.974157,1.17029,1,844,AdultFemaleAgent(Clone),11,9,1.58,1.450001,0,0,False,2,0,0
2026-03-02_21.23.17,1,Random_sign_placement_scenario,1030,269,0.5,-10.69,8.67,90,15,1,4.974157,1.17029,1,845,WheelchairAgent(Clone),10,8,1.3,1.17,7.960693,1,False,2,1,0.5
2026-03-02_21.23.17,1,Random_sign_placement_scenario,1030,269,0.5,-10.69,8.67,90,15,1,4.974157,1.17029,1,846,AdultFemaleAgent(Clone),8,10,1.58,1.450001,9.613281,1,False,2,0,0
2026-03-02_21.23.17,1,Random_sign_placement_scenario,1030,269,0.5,-10.69,8.67,90,15,1,4.974157,1.17029,1,847,AdultFemaleAgent(Clone),10,8,1.58,1.450001,11.25398,1,True,2,1,0.5
2026-03-02_21.23.17,1,Random_sign_placement_scenario,1030,269,0.5,-10.69,8.67,90,15,1,4.974157,1.17029,1,848,WheelchairAgent(Clone),10,8,1.3,1.17,7.279953,2,True,2,1,0.5
2026-03-02_21.23.17,1,Random_sign_placement_scenario,1030,269,0.5,-10.69,8.67,90,15,1,4.974157,1.17029,1,849,WheelchairAgent(Clone),9,11,1.3,1.17,0,0,False,2,0,0
2026-03-02_21.23.17,1,Random_sign_placement_scenario,1030,269,0.5,-10.69,8.67,90,15,1,4.974157,1.17029,1,850,WheelchairAgent(Clone),9,11,1.3,1.17,0,0,False,2,0,0
2026-03-02_21.23.17,1,Random_sign_placement_scenario,1030,269,0.5,-10.69,8.67,90,15,1,4.974157,1.17029,1,851,AdultMaleAgent(Clone),10,8,1.71,1.58,8.613281,2,True,2,1,0.5
2026-03-02_21.23.17,1,Random_sign_placement_scenario,1030,269,0.5,-10.69,8.67,90,15,1,4.974157,1.17029,1,852,AdultFemaleAgent(Clone),8,10,1.58,1.450001,9.946625,1,True,2,1,0.5
2026-03-02_21.23.17,1,Random_sign_placement_scenario,1030,269,0.5,-10.69,8.67,90,15,1,4.974157,1.17029,1,853,WheelchairAgent(Clone),11,9,1.3,1.17,0,0,False,2,0,0
2026-03-02_21.23.17,1,Random_sign_placement_scenario,1030,269,0.5,-10.69,8.67,90,15,1,4.974157,1.17029,1,854,AdultMaleAgent(Clone),9,11,1.71,1.58,0,0,False,2,0,0
2026-03-02_21.23.17,1,Random_sign_placement_scenario,1030,269,0.5,-10.69,8.67,90,15,1,4.974157,1.17029,1,855,AdultFemaleAgent(Clone),8,10,1.58,1.450001,8.613281,1,False,2,0,0
2026-03-02_21.23.17,1,Random_sign_placement_scenario,1030,269,0.5,-10.69,8.67,90,15,1,4.974157,1.17029,1,856,WheelchairAgent(Clone),9,11,1.3,1.17,0,0,False,2,0,0
2026-03-02_21.23.17,1,Random_sign_placement_scenario,1030,269,0.5,-10.69,8.67,90,15,1,4.974157,1.17029,1,857,AdultFemaleAgent(Clone),11,9,1.58,1.450001,0,0,False,2,0,0
2026-03-02_21.23.17,1,Random_sign_placement_scenario,1030,269,0.5,-10.69,8.67,90,15,1,4.974157,1.17029,1,858,AdultMaleAgent(Clone),8,10,1.71,1.58,0,0,True,2,1,0.5
2026-03-02_21.23.17,1,Random_sign_placement_scenario,1030,269,0.5,-10.69,8.67,90,15,1,4.974157,1.17029,1,859,WheelchairAgent(Clone),11,9,1.3,1.17,0,0,False,2,0,0
2026-03-02_21.23.17,1,Random_sign_placement_scenario,1030,269,0.5,-10.69,8.67,90,15,1,4.974157,1.17029,1,860,AdultMaleAgent(Clone),10,8,1.71,1.58,7.346085,1,False,2,1,0.5
2026-03-02_21.23.17,1,Random_sign_placement_scenario,1030,269,0.5,-10.69,8.67,90,15,1,4.974157,1.17029,1,861,AdultFemaleAgent(Clone),9,11,1.58,1.450001,0,0,False,2,0,0
2026-03-02_21.23.17,1,Random_sign_placement_scenario,1030,269,0.5,-10.69,8.67,90,15,1,4.974157,1.17029,1,862,AdultMaleAgent(Clone),8,10,1.71,1.58,9.279953,1,True,2,1,0.5
2026-03-02_21.23.17,1,Random_sign_placement_scenario,1030,269,0.5,-10.69,8.67,90,15,1,4.974157,1.17029,1,863,AdultMaleAgent(Clone),10,8,1.71,1.58,7.613281,2,True,2,1,0.5
2026-03-02_21.23.17,1,Random_sign_placement_scenario,1030,269,0.5,-10.69,8.67,90,15,1,4.974157,1.17029,1,864,WheelchairAgent(Clone),11,9,1.3,1.17,0,0,False,2,0,0
2026-03-02_21.23.17,1,Random_sign_placement_scenario,1030,269,0.5,-10.69,8.67,90,15,1,4.974157,1.17029,1,865,AdultFemaleAgent(Clone),9,11,1.58,1.450001,0,0,False,2,0,0
2026-03-02_21.23.17,1,Random_sign_placement_scenario,1030,269,0.5,-10.69,8.67,90,15,1,4.974157,1.17029,1,866,AdultMaleAgent(Clone),8,10,1.71,1.58,0,0,True,2,1,0.5
2026-03-02_21.23.17,1,Random_sign_placement_scenario,1030,269,0.5,-10.69,8.67,90,15,1,4.974157,1.17029,1,867,AdultMaleAgent(Clone),9,11,1.71,1.58,0,0,False,2,0,0
2026-03-02_21.23.17,1,Random_sign_placement_scenario,1030,269,0.5,-10.69,8.67,90,15,1,4.974157,1.17029,1,868,AdultMaleAgent(Clone),11,9,1.71,1.58,0,0,False,2,0,0
2026-03-02_21.23.17,1,Random_sign_placement_scenario,1030,269,0.5,-10.69,8.67,90,15,1,4.974157,1.17029,1,869,WheelchairAgent(Clone),8,10,1.3,1.17,0,0,False,2,0,0
2026-03-02_21.23.17,1,Random_sign_placement_scenario,1030,269,0.5,-10.69,8.67,90,15,1,4.974157,1.17029,1,870,WheelchairAgent(Clone),11,9,1.3,1.17,0,0,False,2,0,0
2026-03-02_21.23.17,1,Random_sign_placement_scenario,1030,269,0.5,-10.69,8.67,90,15,1,4.974157,1.17029,1,871,WheelchairAgent(Clone),10,8,1.3,1.17,6.916473,1,True,2,1,0.5
2026-03-02_21.23.17,1,Random_sign_placement_scenario,1030,269,0.5,-10.69,8.67,90,15,1,4.974157,1.17029,1,872,AdultMaleAgent(Clone),11,9,1.71,1.58,0,0,False,2,0,0
2026-03-02_21.23.17,1,Random_sign_placement_scenario,1030,269,0.5,-10.69,8.67,90,15,1,4.974157,1.17029,1,873,AdultFemaleAgent(Clone),11,9,1.58,1.450001,0,0,False,2,0,0
2026-03-02_21.23.17,1,Random_sign_placement_scenario,1030,269,0.5,-10.69,8.67,90,15,1,4.974157,1.17029,1,874,WheelchairAgent(Clone),8,10,1.3,1.17,0,0,True,2,1,0.5
2026-03-02_21.23.17,1,Random_sign_placement_scenario,1030,269,0.5,-10.69,8.67,90,15,1,4.974157,1.17029,1,875,AdultFemaleAgent(Clone),8,10,1.58,1.450001,0,0,True,2,1,0.5
2026-03-02_21.23.17,1,Random_sign_placement_scenario,1030,269,0.5,-10.69,8.67,90,15,1,4.974157,1.17029,1,876,AdultMaleAgent(Clone),11,9,1.71,1.58,0,0,False,2,0,0
2026-03-02_21.23.17,1,Random_sign_placement_scenario,1030,269,0.5,-10.69,8.67,90,15,1,4.974157,1.17029,1,877,AdultFemaleAgent(Clone),10,8,1.58,1.450001,6.592697,1,True,2,1,0.5
2026-03-02_21.23.17,1,Random_sign_placement_scenario,1030,269,0.5,-10.69,8.67,90,15,1,4.974157,1.17029,1,878,AdultMaleAgent(Clone),9,11,1.71,1.58,0,0,False,2,0,0
2026-03-02_21.23.17,1,Random_sign_placement_scenario,1030,269,0.5,-10.69,8.67,90,15,1,4.974157,1.17029,1,879,AdultMaleAgent(Clone),10,8,1.71,1.58,6.926025,1,True,2,1,0.5
2026-03-02_21.23.17,1,Random_sign_placement_scenario,1030,269,0.5,-10.69,8.67,90,15,1,4.974157,1.17029,1,880,AdultMaleAgent(Clone),9,11,1.71,1.58,0,0,False,2,0,0
2026-03-02_21.23.17,1,Random_sign_placement_scenario,1030,269,0.5,-10.69,8.67,90,15,1,4.974157,1.17029,1,881,AdultMaleAgent(Clone),8,10,1.71,1.58,0,0,False,2,0,0
2026-03-02_21.23.17,1,Random_sign_placement_scenario,1030,269,0.5,-10.69,8.67,90,15,1,4.974157,1.17029,1,882,AdultMaleAgent(Clone),11,9,1.71,1.58,0,0,False,2,0,0
2026-03-02_21.23.17,1,Random_sign_placement_scenario,1030,269,0.5,-10.69,8.67,90,15,1,4.974157,1.17029,1,883,AdultMaleAgent(Clone),10,8,1.71,1.58,6.259354,1,True,2,1,0.5
2026-03-02_21.23.17,1,Random_sign_placement_scenario,1030,269,0.5,-10.69,8.67,90,15,1,4.974157,1.17029,1,884,AdultFemaleAgent(Clone),8,10,1.58,1.450001,0,0,False,2,0,0
2026-03-02_21.23.17,1,Random_sign_placement_scenario,1030,269,0.5,-10.69,8.67,90,15,1,4.974157,1.17029,1,885,AdultFemaleAgent(Clone),9,11,1.58,1.450001,0,0,False,2,0,0
2026-03-02_21.23.17,1,Random_sign_placement_scenario,1030,269,0.5,-10.69,8.67,90,15,1,4.974157,1.17029,1,886,AdultMaleAgent(Clone),8,10,1.71,1.58,0,0,False,2,0,0
2026-03-02_21.23.17,1,Random_sign_placement_scenario,1030,269,0.5,-10.69,8.67,90,15,1,4.974157,1.17029,1,887,WheelchairAgent(Clone),11,9,1.3,1.17,0,0,False,2,0,0
2026-03-02_21.23.17,1,Random_sign_placement_scenario,1030,269,0.5,-10.69,8.67,90,15,1,4.974157,1.17029,1,888,AdultFemaleAgent(Clone),8,10,1.58,1.450001,0,0,False,2,0,0
2026-03-02_21.23.17,1,Random_sign_placement_scenario,1030,269,0.5,-10.69,8.67,90,15,1,4.974157,1.17029,1,889,WheelchairAgent(Clone),9,11,1.3,1.17,0,0,False,2,0,0
2026-03-02_21.23.17,1,Random_sign_placement_scenario,1030,269,0.5,-10.69,8.67,90,15,1,4.974157,1.17029,1,890,WheelchairAgent(Clone),11,9,1.3,1.17,0,0,False,2,0,0
2026-03-02_21.23.17,1,Random_sign_placement_scenario,1030,269,0.5,-10.69,8.67,90,15,1,4.974157,1.17029,1,891,AdultFemaleAgent(Clone),11,9,1.58,1.450001,0,0,False,2,0,0
2026-03-02_21.23.17,1,Random_sign_placement_scenario,1030,269,0.5,-10.69,8.67,90,15,1,4.974157,1.17029,1,892,WheelchairAgent(Clone),10,8,1.3,1.17,7.893265,1,True,2,1,0.5
2026-03-02_21.23.17,1,Random_sign_placement_scenario,1030,269,0.5,-10.69,8.67,90,15,1,4.974157,1.17029,1,893,AdultFemaleAgent(Clone),8,10,1.58,1.450001,0,0,True,2,1,0.5
2026-03-02_21.23.17,1,Random_sign_placement_scenario,1030,269,0.5,-10.69,8.67,90,15,1,4.974157,1.17029,1,894,WheelchairAgent(Clone),10,8,1.3,1.17,5.276428,1,False,2,1,0.5
2026-03-02_21.23.17,1,Random_sign_placement_scenario,1030,269,0.5,-10.69,8.67,90,15,1,4.974157,1.17029,1,895,WheelchairAgent(Clone),8,10,1.3,1.17,0,0,False,2,0,0
2026-03-02_21.23.17,1,Random_sign_placement_scenario,1030,269,0.5,-10.69,8.67,90,15,1,4.974157,1.17029,1,896,AdultFemaleAgent(Clone),9,11,1.58,1.450001,0,0,False,2,0,0
2026-03-02_21.23.17,1,Random_sign_placement_scenario,1030,269,0.5,-10.69,8.67,90,15,1,4.974157,1.17029,1,897,WheelchairAgent(Clone),11,9,1.3,1.17,0,0,False,2,0,0
2026-03-02_21.23.17,1,Random_sign_placement_scenario,1030,269,0.5,-10.69,8.67,90,15,1,4.974157,1.17029,1,898,AdultMaleAgent(Clone),8,10,1.71,1.58,0,0,True,2,1,0.5
2026-03-02_21.23.17,1,Random_sign_placement_scenario,1030,269,0.5,-10.69,8.67,90,15,1,4.974157,1.17029,1,899,AdultMaleAgent(Clone),8,10,1.71,1.58,0,0,False,2,0,0
2026-03-02_21.23.17,1,Random_sign_placement_scenario,1030,269,0.5,-10.69,8.67,90,15,1,4.974157,1.17029,1,900,WheelchairAgent(Clone),10,8,1.3,1.17,5.613312,1,True,2,1,0.5
2026-03-02_21.23.17,1,Random_sign_placement_scenario,1030,269,0.5,-10.69,8.67,90,15,1,4.974157,1.17029,1,901,AdultMaleAgent(Clone),8,10,1.71,1.58,0,0,False,2,0,0
2026-03-02_21.23.17,1,Random_sign_placement_scenario,1030,269,0.5,-10.69,8.67,90,15,1,4.974157,1.17029,1,902,WheelchairAgent(Clone),11,9,1.3,1.17,0,0,False,2,0,0
2026-03-02_21.23.17,1,Random_sign_placement_scenario,1030,269,0.5,-10.69,8.67,90,15,1,4.974157,1.17029,1,903,WheelchairAgent(Clone),8,10,1.3,1.17,0,0,True,2,1,0.5
2026-03-02_21.23.17,1,Random_sign_placement_scenario,1030,269,0.5,-10.69,8.67,90,15,1,4.974157,1.17029,1,904,AdultMaleAgent(Clone),11,9,1.71,1.58,0,0,False,2,0,0
2026-03-02_21.23.17,1,Random_sign_placement_scenario,1030,269,0.5,-10.69,8.67,90,15,1,4.974157,1.17029,1,905,AdultMaleAgent(Clone),10,8,1.71,1.58,0.3333282,2,True,2,1,0.5
2026-03-02_21.23.17,1,Random_sign_placement_scenario,1030,269,0.5,-10.69,8.67,90,15,1,4.974157,1.17029,1,906,AdultFemaleAgent(Clone),8,10,1.58,1.450001,0,0,False,2,0,0
2026-03-02_21.23.17,1,Random_sign_placement_scenario,1030,269,0.5,-10.69,8.67,90,15,1,4.974157,1.17029,1,907,AdultMaleAgent(Clone),8,10,1.71,1.58,0,0,True,2,1,0.5
2026-03-02_21.23.17,1,Random_sign_placement_scenario,1030,269,0.5,-10.69,8.67,90,15,1,4.974157,1.17029,1,908,WheelchairAgent(Clone),11,9,1.3,1.17,0,0,False,2,0,0
2026-03-02_21.23.17,1,Random_sign_placement_scenario,1030,269,0.5,-10.69,8.67,90,15,1,4.974157,1.17029,1,909,AdultFemaleAgent(Clone),8,10,1.58,1.450001,0,0,False,2,0,0
2026-03-02_21.23.17,1,Random_sign_placement_scenario,1030,269,0.5,-10.69,8.67,90,15,1,4.974157,1.17029,1,910,AdultFemaleAgent(Clone),11,9,1.58,1.450001,0,0,False,2,0,0
2026-03-02_21.23.17,1,Random_sign_placement_scenario,1030,269,0.5,-10.69,8.67,90,15,1,4.974157,1.17029,1,911,WheelchairAgent(Clone),10,8,1.3,1.17,5.279938,1,True,2,1,0.5
2026-03-02_21.23.17,1,Random_sign_placement_scenario,1030,269,0.5,-10.69,8.67,90,15,1,4.974157,1.17029,1,912,AdultFemaleAgent(Clone),8,10,1.58,1.450001,0,0,True,2,1,0.5
2026-03-02_21.23.17,1,Random_sign_placement_scenario,1030,269,0.5,-10.69,8.67,90,15,1,4.974157,1.17029,1,913,AdultFemaleAgent(Clone),8,10,1.58,1.450001,0,0,False,2,0,0
2026-03-02_21.23.17,1,Random_sign_placement_scenario,1030,269,0.5,-10.69,8.67,90,15,1,4.974157,1.17029,1,914,AdultFemaleAgent(Clone),11,9,1.58,1.450001,0,0,False,2,0,0
2026-03-02_21.23.17,1,Random_sign_placement_scenario,1030,269,0.5,-10.69,8.67,90,15,1,4.974157,1.17029,1,915,AdultMaleAgent(Clone),10,8,1.71,1.58,5.279953,1,True,2,1,0.5
2026-03-02_21.23.17,1,Random_sign_placement_scenario,1030,269,0.5,-10.69,8.67,90,15,1,4.974157,1.17029,1,916,AdultMaleAgent(Clone),9,11,1.71,1.58,0,0,False,2,0,0
2026-03-02_21.23.17,1,Random_sign_placement_scenario,1030,269,0.5,-10.69,8.67,90,15,1,4.974157,1.17029,1,917,WheelchairAgent(Clone),11,9,1.3,1.17,0,0,False,2,0,0
2026-03-02_21.23.17,1,Random_sign_placement_scenario,1030,269,0.5,-10.69,8.67,90,15,1,4.974157,1.17029,1,918,AdultFemaleAgent(Clone),10,8,1.58,1.450001,6.946609,1,True,2,1,0.5
2026-03-02_21.23.17,1,Random_sign_placement_scenario,1030,269,0.5,-10.69,8.67,90,15,1,4.974157,1.17029,1,919,WheelchairAgent(Clone),9,11,1.3,1.17,0,0,False,2,0,0
2026-03-02_21.23.17,1,Random_sign_placement_scenario,1030,269,0.5,-10.69,8.67,90,15,1,4.974157,1.17029,1,920,WheelchairAgent(Clone),10,8,1.3,1.17,6.946609,1,True,2,1,0.5
2026-03-02_21.23.17,1,Random_sign_placement_scenario,1030,269,0.5,-10.69,8.67,90,15,1,4.974157,1.17029,1,921,AdultFemaleAgent(Clone),9,11,1.58,1.450001,0,0,False,2,0,0
2026-03-02_21.23.17,1,Random_sign_placement_scenario,1030,269,0.5,-10.69,8.67,90,15,1,4.974157,1.17029,1,922,AdultMaleAgent(Clone),11,9,1.71,1.58,0,0,False,2,0,0
2026-03-02_21.23.17,1,Random_sign_placement_scenario,1030,269,0.5,-10.69,8.67,90,15,1,4.974157,1.17029,1,923,AdultFemaleAgent(Clone),8,10,1.58,1.450001,0,0,False,2,0,0
2026-03-02_21.23.17,1,Random_sign_placement_scenario,1030,269,0.5,-10.69,8.67,90,15,1,4.974157,1.17029,1,924,AdultFemaleAgent(Clone),8,10,1.58,1.450001,0,0,False,2,0,0
2026-03-02_21.23.17,1,Random_sign_placement_scenario,1030,269,0.5,-10.69,8.67,90,15,1,4.974157,1.17029,1,925,WheelchairAgent(Clone),9,11,1.3,1.17,0,0,False,2,0,0
2026-03-02_21.23.17,1,Random_sign_placement_scenario,1030,269,0.5,-10.69,8.67,90,15,1,4.974157,1.17029,1,926,AdultMaleAgent(Clone),10,8,1.71,1.58,6.946609,1,True,2,1,0.5
2026-03-02_21.23.17,1,Random_sign_placement_scenario,1030,269,0.5,-10.69,8.67,90,15,1,4.974157,1.17029,1,927,AdultFemaleAgent(Clone),11,9,1.58,1.450001,0,0,False,2,0,0
2026-03-02_21.23.17,1,Random_sign_placement_scenario,1030,269,0.5,-10.69,8.67,90,15,1,4.974157,1.17029,1,928,AdultFemaleAgent(Clone),10,8,1.58,1.450001,6.946625,1,False,2,1,0.5
2026-03-02_21.23.17,1,Random_sign_placement_scenario,1030,269,0.5,-10.69,8.67,90,15,1,4.974157,1.17029,1,929,WheelchairAgent(Clone),9,11,1.3,1.17,0,0,False,2,0,0
2026-03-02_21.23.17,1,Random_sign_placement_scenario,1030,269,0.5,-10.69,8.67,90,15,1,4.974157,1.17029,1,930,AdultMaleAgent(Clone),8,10,1.71,1.58,0,0,False,2,0,0
2026-03-02_21.23.17,1,Random_sign_placement_scenario,1030,269,0.5,-10.69,8.67,90,15,1,4.974157,1.17029,1,931,AdultFemaleAgent(Clone),10,8,1.58,1.450001,4.613281,1,False,2,1,0.5
2026-03-02_21.23.17,1,Random_sign_placement_scenario,1030,269,0.5,-10.69,8.67,90,15,1,4.974157,1.17029,1,932,WheelchairAgent(Clone),8,10,1.3,1.17,0,0,False,2,0,0
2026-03-02_21.23.17,1,Random_sign_placement_scenario,1030,269,0.5,-10.69,8.67,90,15,1,4.974157,1.17029,1,933,WheelchairAgent(Clone),9,11,1.3,1.17,0,0,False,2,0,0
2026-03-02_21.23.17,1,Random_sign_placement_scenario,1030,269,0.5,-10.69,8.67,90,15,1,4.974157,1.17029,1,934,WheelchairAgent(Clone),11,9,1.3,1.17,0,0,False,2,0,0
2026-03-02_21.23.17,1,Random_sign_placement_scenario,1030,269,0.5,-10.69,8.67,90,15,1,4.974157,1.17029,1,935,AdultMaleAgent(Clone),11,9,1.71,1.58,0,0,False,2,0,0
2026-03-02_21.23.17,1,Random_sign_placement_scenario,1030,269,0.5,-10.69,8.67,90,15,1,4.974157,1.17029,1,936,WheelchairAgent(Clone),11,9,1.3,1.17,0,0,False,2,0,0
2026-03-02_21.23.17,1,Random_sign_placement_scenario,1030,269,0.5,-10.69,8.67,90,15,1,4.974157,1.17029,1,937,WheelchairAgent(Clone),10,8,1.3,1.17,7.279953,1,True,2,1,0.5
2026-03-02_21.23.17,1,Random_sign_placement_scenario,1030,269,0.5,-10.69,8.67,90,15,1,4.974157,1.17029,1,938,WheelchairAgent(Clone),11,9,1.3,1.17,0,0,False,2,0,0
2026-03-02_21.23.17,1,Random_sign_placement_scenario,1030,269,0.5,-10.69,8.67,90,15,1,4.974157,1.17029,1,939,AdultFemaleAgent(Clone),11,9,1.58,1.450001,0,0,False,2,0,0
2026-03-02_21.23.17,1,Random_sign_placement_scenario,1030,269,0.5,-10.69,8.67,90,15,1,4.974157,1.17029,1,940,WheelchairAgent(Clone),10,8,1.3,1.17,5.666672,1,False,2,1,0.5
2026-03-02_21.23.17,1,Random_sign_placement_scenario,1030,269,0.5,-10.69,8.67,90,15,1,4.974157,1.17029,1,941,AdultFemaleAgent(Clone),11,9,1.58,1.450001,0,0,False,2,0,0
2026-03-02_21.23.17,1,Random_sign_placement_scenario,1030,269,0.5,-10.69,8.67,90,15,1,4.974157,1.17029,1,942,AdultMaleAgent(Clone),8,10,1.71,1.58,0,0,False,2,0,0
2026-03-02_21.23.17,1,Random_sign_placement_scenario,1030,269,0.5,-10.69,8.67,90,15,1,4.974157,1.17029,1,943,AdultFemaleAgent(Clone),11,9,1.58,1.450001,0,0,False,2,0,0
2026-03-02_21.23.17,1,Random_sign_placement_scenario,1030,269,0.5,-10.69,8.67,90,15,1,4.974157,1.17029,1,944,WheelchairAgent(Clone),9,11,1.3,1.17,0,0,False,2,0,0
2026-03-02_21.23.17,1,Random_sign_placement_scenario,1030,269,0.5,-10.69,8.67,90,15,1,4.974157,1.17029,1,945,WheelchairAgent(Clone),11,9,1.3,1.17,0,0,False,2,0,0
2026-03-02_21.23.17,1,Random_sign_placement_scenario,1030,269,0.5,-10.69,8.67,90,15,1,4.974157,1.17029,1,946,WheelchairAgent(Clone),10,8,1.3,1.17,0,0,False,2,1,0.5
2026-03-02_21.23.17,1,Random_sign_placement_scenario,1030,269,0.5,-10.69,8.67,90,15,1,4.974157,1.17029,1,947,AdultMaleAgent(Clone),8,10,1.71,1.58,0,0,False,2,0,0
2026-03-02_21.23.17,1,Random_sign_placement_scenario,1030,269,0.5,-10.69,8.67,90,15,1,4.974157,1.17029,1,948,AdultMaleAgent(Clone),8,10,1.71,1.58,0,0,False,2,0,0
2026-03-02_21.23.17,1,Random_sign_placement_scenario,1030,269,0.5,-10.69,8.67,90,15,1,4.974157,1.17029,1,949,WheelchairAgent(Clone),11,9,1.3,1.17,0,0,False,2,0,0
2026-03-02_21.23.17,1,Random_sign_placement_scenario,1030,269,0.5,-10.69,8.67,90,15,1,4.974157,1.17029,1,950,WheelchairAgent(Clone),10,8,1.3,1.17,0,0,False,2,1,0.5
2026-03-02_21.23.17,1,Random_sign_placement_scenario,1030,269,0.5,-10.69,8.67,90,15,1,4.974157,1.17029,1,951,AdultFemaleAgent(Clone),11,9,1.58,1.450001,0,0,False,2,0,0
2026-03-02_21.23.17,1,Random_sign_placement_scenario,1030,269,0.5,-10.69,8.67,90,15,1,4.974157,1.17029,1,952,AdultFemaleAgent(Clone),8,10,1.58,1.450001,0,0,False,2,0,0
2026-03-02_21.23.17,1,Random_sign_placement_scenario,1030,269,0.5,-10.69,8.67,90,15,1,4.974157,1.17029,1,953,AdultMaleAgent(Clone),9,11,1.71,1.58,0.3333435,1,False,2,0,0
2026-03-02_21.23.17,1,Random_sign_placement_scenario,1030,269,0.5,-10.69,8.67,90,15,1,4.974157,1.17029,1,954,WheelchairAgent(Clone),8,10,1.3,1.17,0,0,False,2,0,0
2026-03-02_21.23.17,1,Random_sign_placement_scenario,1030,269,0.5,-10.69,8.67,90,15,1,4.974157,1.17029,1,955,AdultFemaleAgent(Clone),9,11,1.58,1.450001,0,0,False,2,0,0
2026-03-02_21.23.17,1,Random_sign_placement_scenario,1030,269,0.5,-10.69,8.67,90,15,1,4.974157,1.17029,1,956,AdultFemaleAgent(Clone),10,8,1.58,1.450001,0,0,False,2,1,0.5
2026-03-02_21.23.17,1,Random_sign_placement_scenario,1030,269,0.5,-10.69,8.67,90,15,1,4.974157,1.17029,1,957,WheelchairAgent(Clone),10,8,1.3,1.17,0,0,False,2,1,0.5
2026-03-02_21.23.17,1,Random_sign_placement_scenario,1030,269,0.5,-10.69,8.67,90,15,1,4.974157,1.17029,1,958,AdultMaleAgent(Clone),8,10,1.71,1.58,0,0,False,2,0,0
2026-03-02_21.23.17,1,Random_sign_placement_scenario,1030,269,0.5,-10.69,8.67,90,15,1,4.974157,1.17029,1,959,AdultFemaleAgent(Clone),9,11,1.58,1.450001,0,0,False,2,0,0
2026-03-02_21.23.17,1,Random_sign_placement_scenario,1030,269,0.5,-10.69,8.67,90,15,1,4.974157,1.17029,1,960,WheelchairAgent(Clone),11,9,1.3,1.17,0,0,False,2,0,0
2026-03-02_21.23.17,1,Random_sign_placement_scenario,1030,269,0.5,-10.69,8.67,90,15,1,4.974157,1.17029,1,961,AdultMaleAgent(Clone),8,10,1.71,1.58,0,0,False,2,0,0
2026-03-02_21.23.17,1,Random_sign_placement_scenario,1030,269,0.5,-10.69,8.67,90,15,1,4.974157,1.17029,1,962,AdultFemaleAgent(Clone),10,8,1.58,1.450001,0,0,False,2,1,0.5
2026-03-02_21.23.17,1,Random_sign_placement_scenario,1030,269,0.5,-10.69,8.67,90,15,1,4.974157,1.17029,1,963,WheelchairAgent(Clone),9,11,1.3,1.17,0,0,False,2,0,0
2026-03-02_21.23.17,1,Random_sign_placement_scenario,1030,269,0.5,-10.69,8.67,90,15,1,4.974157,1.17029,1,964,AdultFemaleAgent(Clone),10,8,1.58,1.450001,0,0,False,2,1,0.5
2026-03-02_21.23.17,1,Random_sign_placement_scenario,1030,269,0.5,-10.69,8.67,90,15,1,4.974157,1.17029,1,965,AdultFemaleAgent(Clone),11,9,1.58,1.450001,0,0,False,2,0,0
2026-03-02_21.23.17,1,Random_sign_placement_scenario,1030,269,0.5,-10.69,8.67,90,15,1,4.974157,1.17029,1,966,AdultMaleAgent(Clone),9,11,1.71,1.58,0,0,False,2,0,0
2026-03-02_21.23.17,1,Random_sign_placement_scenario,1030,269,0.5,-10.69,8.67,90,15,1,4.974157,1.17029,1,967,WheelchairAgent(Clone),9,11,1.3,1.17,0,0,False,2,0,0
2026-03-02_21.23.17,1,Random_sign_placement_scenario,1030,269,0.5,-10.69,8.67,90,15,1,4.974157,1.17029,1,968,WheelchairAgent(Clone),10,8,1.3,1.17,0,0,False,2,1,0.5
2026-03-02_21.23.17,1,Random_sign_placement_scenario,1030,269,0.5,-10.69,8.67,90,15,1,4.974157,1.17029,1,969,AdultMaleAgent(Clone),8,10,1.71,1.58,0,0,False,2,0,0
2026-03-02_21.23.17,1,Random_sign_placement_scenario,1030,269,0.5,-10.69,8.67,90,15,1,4.974157,1.17029,1,970,AdultMaleAgent(Clone),11,9,1.71,1.58,0,0,False,2,0,0
2026-03-02_21.23.17,1,Random_sign_placement_scenario,1030,269,0.5,-10.69,8.67,90,15,1,4.974157,1.17029,1,971,AdultFemaleAgent(Clone),11,9,1.58,1.450001,0,0,False,2,0,0
2026-03-02_21.23.17,1,Random_sign_placement_scenario,1030,269,0.5,-10.69,8.67,90,15,1,4.974157,1.17029,1,972,AdultMaleAgent(Clone),10,8,1.71,1.58,0,0,False,2,0,0
2026-03-02_21.23.17,1,Random_sign_placement_scenario,1030,269,0.5,-10.69,8.67,90,15,1,4.974157,1.17029,1,973,AdultFemaleAgent(Clone),8,10,1.58,1.450001,0,0,False,2,0,0
2026-03-02_21.23.17,1,Random_sign_placement_scenario,1030,269,0.5,-10.69,8.67,90,15,1,4.974157,1.17029,1,974,AdultFemaleAgent(Clone),10,8,1.58,1.450001,0,0,False,2,1,0.5
2026-03-02_21.23.17,1,Random_sign_placement_scenario,1030,269,0.5,-10.69,8.67,90,15,1,4.974157,1.17029,1,975,AdultMaleAgent(Clone),9,11,1.71,1.58,0,0,False,2,0,0
2026-03-02_21.23.17,1,Random_sign_placement_scenario,1030,269,0.5,-10.69,8.67,90,15,1,4.974157,1.17029,1,976,WheelchairAgent(Clone),10,8,1.3,1.17,0,0,False,2,0,0
2026-03-02_21.23.17,1,Random_sign_placement_scenario,1030,269,0.5,-10.69,8.67,90,15,1,4.974157,1.17029,1,977,AdultMaleAgent(Clone),11,9,1.71,1.58,0,0,False,2,0,0
2026-03-02_21.23.17,1,Random_sign_placement_scenario,1030,269,0.5,-10.69,8.67,90,15,1,4.974157,1.17029,1,978,AdultFemaleAgent(Clone),9,11,1.58,1.450001,0,0,False,2,0,0
2026-03-02_21.23.17,1,Random_sign_placement_scenario,1030,269,0.5,-10.69,8.67,90,15,1,4.974157,1.17029,1,979,WheelchairAgent(Clone),8,10,1.3,1.17,0,0,False,2,0,0
2026-03-02_21.23.17,1,Random_sign_placement_scenario,1030,269,0.5,-10.69,8.67,90,15,1,4.974157,1.17029,1,980,AdultMaleAgent(Clone),11,9,1.71,1.58,0,0,False,2,0,0
2026-03-02_21.23.17,1,Random_sign_placement_scenario,1030,269,0.5,-10.69,8.67,90,15,1,4.974157,1.17029,1,981,WheelchairAgent(Clone),10,8,1.3,1.17,0,0,False,2,0,0
2026-03-02_21.23.17,1,Random_sign_placement_scenario,1030,269,0.5,-10.69,8.67,90,15,1,4.974157,1.17029,1,982,WheelchairAgent(Clone),8,10,1.3,1.17,0,0,False,2,0,0
2026-03-02_21.23.17,1,Random_sign_placement_scenario,1030,269,0.5,-10.69,8.67,90,15,1,4.974157,1.17029,1,983,WheelchairAgent(Clone),11,9,1.3,1.17,0,0,False,2,0,0
2026-03-02_21.23.17,1,Random_sign_placement_scenario,1030,269,0.5,-10.69,8.67,90,15,1,4.974157,1.17029,1,984,WheelchairAgent(Clone),9,11,1.3,1.17,0,0,False,2,0,0
2026-03-02_21.23.17,1,Random_sign_placement_scenario,1030,269,0.5,-10.69,8.67,90,15,1,4.974157,1.17029,1,985,WheelchairAgent(Clone),10,8,1.3,1.17,0,0,False,2,0,0
2026-03-02_21.23.17,1,Random_sign_placement_scenario,1030,269,0.5,-10.69,8.67,90,15,1,4.974157,1.17029,1,986,WheelchairAgent(Clone),8,10,1.3,1.17,0,0,False,2,0,0
2026-03-02_21.23.17,1,Random_sign_placement_scenario,1030,269,0.5,-10.69,8.67,90,15,1,4.974157,1.17029,1,987,WheelchairAgent(Clone),10,8,1.3,1.17,0,0,False,2,0,0
2026-03-02_21.23.17,1,Random_sign_placement_scenario,1030,269,0.5,-10.69,8.67,90,15,1,4.974157,1.17029,1,988,AdultMaleAgent(Clone),11,9,1.71,1.58,0,0,False,2,0,0
2026-03-02_21.23.17,1,Random_sign_placement_scenario,1030,269,0.5,-10.69,8.67,90,15,1,4.974157,1.17029,1,989,AdultFemaleAgent(Clone),9,11,1.58,1.450001,0,0,False,2,0,0
2026-03-02_21.23.17,1,Random_sign_placement_scenario,1030,269,0.5,-10.69,8.67,90,15,1,4.974157,1.17029,1,990,AdultMaleAgent(Clone),9,11,1.71,1.58,0,0,False,2,0,0
2026-03-02_21.23.17,1,Random_sign_placement_scenario,1030,269,0.5,-10.69,8.67,90,15,1,4.974157,1.17029,1,991,WheelchairAgent(Clone),9,11,1.3,1.17,0,0,False,2,0,0
2026-03-02_21.23.17,1,Random_sign_placement_scenario,1030,269,0.5,-10.69,8.67,90,15,1,4.974157,1.17029,1,992,AdultFemaleAgent(Clone),10,8,1.58,1.450001,0,0,False,2,0,0
2026-03-02_21.23.17,1,Random_sign_placement_scenario,1030,269,0.5,-10.69,8.67,90,15,1,4.974157,1.17029,1,993,AdultMaleAgent(Clone),11,9,1.71,1.58,0,0,False,2,0,0
2026-03-02_21.23.17,1,Random_sign_placement_scenario,1030,269,0.5,-10.69,8.67,90,15,1,4.974157,1.17029,1,994,AdultMaleAgent(Clone),8,10,1.71,1.58,0,0,False,2,0,0
2026-03-02_21.23.17,1,Random_sign_placement_scenario,1030,269,0.5,-10.69,8.67,90,15,1,4.974157,1.17029,1,995,AdultFemaleAgent(Clone),10,8,1.58,1.450001,0,0,False,2,0,0
2026-03-02_21.23.17,1,Random_sign_placement_scenario,1030,269,0.5,-10.69,8.67,90,15,1,4.974157,1.17029,1,996,AdultFemaleAgent(Clone),10,8,1.58,1.450001,0,0,False,2,0,0
2026-03-02_21.23.17,1,Random_sign_placement_scenario,1030,269,0.5,-10.69,8.67,90,15,1,4.974157,1.17029,1,997,AdultFemaleAgent(Clone),8,10,1.58,1.450001,0,0,False,2,0,0
2026-03-02_21.23.17,1,Random_sign_placement_scenario,1030,269,0.5,-10.69,8.67,90,15,1,4.974157,1.17029,1,998,AdultMaleAgent(Clone),10,8,1.71,1.58,0,0,False,2,0,0
2026-03-02_21.23.17,1,Random_sign_placement_scenario,1030,269,0.5,-10.69,8.67,90,15,1,4.974157,1.17029,1,999,WheelchairAgent(Clone),11,9,1.3,1.17,0,0,False,2,0,0
2026-03-02_21.23.17,1,Random_sign_placement_scenario,1030,269,0.5,-10.69,8.67,90,15,1,4.974157,1.17029,1,1000,AdultFemaleAgent(Clone),8,10,1.58,1.450001,0,0,False,2,0,0
2026-03-02_21.23.17,1,Random_sign_placement_scenario,1030,269,0.5,-10.69,8.67,90,15,1,4.974157,1.17029,1,1001,WheelchairAgent(Clone),9,11,1.3,1.17,0,0,False,2,0,0
2026-03-02_21.23.17,1,Random_sign_placement_scenario,1030,269,0.5,-10.69,8.67,90,15,1,4.974157,1.17029,1,1002,AdultFemaleAgent(Clone),11,9,1.58,1.450001,0,0,False,2,0,0
2026-03-02_21.23.17,1,Random_sign_placement_scenario,1030,269,0.5,-10.69,8.67,90,15,1,4.974157,1.17029,1,1003,AdultFemaleAgent(Clone),10,8,1.58,1.450001,0,0,False,2,0,0
2026-03-02_21.23.17,1,Random_sign_placement_scenario,1030,269,0.5,-10.69,8.67,90,15,1,4.974157,1.17029,1,1004,WheelchairAgent(Clone),9,11,1.3,1.17,0,0,False,2,0,0
2026-03-02_21.23.17,1,Random_sign_placement_scenario,1030,269,0.5,-10.69,8.67,90,15,1,4.974157,1.17029,1,1005,WheelchairAgent(Clone),11,9,1.3,1.17,0,0,False,2,0,0
2026-03-02_21.23.17,1,Random_sign_placement_scenario,1030,269,0.5,-10.69,8.67,90,15,1,4.974157,1.17029,1,1006,AdultMaleAgent(Clone),11,9,1.71,1.58,0,0,False,2,0,0
2026-03-02_21.23.17,1,Random_sign_placement_scenario,1030,269,0.5,-10.69,8.67,90,15,1,4.974157,1.17029,1,1007,WheelchairAgent(Clone),9,11,1.3,1.17,0,0,False,2,0,0
2026-03-02_21.23.17,1,Random_sign_placement_scenario,1030,269,0.5,-10.69,8.67,90,15,1,4.974157,1.17029,1,1008,AdultMaleAgent(Clone),8,10,1.71,1.58,0,0,False,2,0,0
2026-03-02_21.23.17,1,Random_sign_placement_scenario,1030,269,0.5,-10.69,8.67,90,15,1,4.974157,1.17029,1,1009,WheelchairAgent(Clone),10,8,1.3,1.17,0,0,False,2,0,0
2026-03-02_21.23.17,1,Random_sign_placement_scenario,1030,269,0.5,-10.69,8.67,90,15,1,4.974157,1.17029,1,1010,AdultMaleAgent(Clone),10,8,1.71,1.58,0,0,False,2,0,0
2026-03-02_21.23.17,1,Random_sign_placement_scenario,1030,269,0.5,-10.69,8.67,90,15,1,4.974157,1.17029,1,1011,AdultFemaleAgent(Clone),11,9,1.58,1.450001,0,0,False,2,0,0
2026-03-02_21.23.17,1,Random_sign_placement_scenario,1030,269,0.5,-10.69,8.67,90,15,1,4.974157,1.17029,1,1012,AdultFemaleAgent(Clone),9,11,1.58,1.450001,0,0,False,2,0,0
2026-03-02_21.23.17,1,Random_sign_placement_scenario,1030,269,0.5,-10.69,8.67,90,15,1,4.974157,1.17029,1,1013,AdultFemaleAgent(Clone),8,10,1.58,1.450001,0,0,False,2,0,0
2026-03-02_21.23.17,1,Random_sign_placement_scenario,1030,269,0.5,-10.69,8.67,90,15,1,4.974157,1.17029,1,1014,WheelchairAgent(Clone),10,8,1.3,1.17,0,0,False,2,0,0
2026-03-02_21.23.17,1,Random_sign_placement_scenario,1030,269,0.5,-10.69,8.67,90,15,1,4.974157,1.17029,1,1015,AdultMaleAgent(Clone),11,9,1.71,1.58,0,0,False,2,0,0
2026-03-02_21.23.17,1,Random_sign_placement_scenario,1030,269,0.5,-10.69,8.67,90,15,1,4.974157,1.17029,1,1016,AdultFemaleAgent(Clone),8,10,1.58,1.450001,0,0,False,2,0,0
2026-03-02_21.23.17,1,Random_sign_placement_scenario,1030,269,0.5,-10.69,8.67,90,15,1,4.974157,1.17029,1,1017,AdultMaleAgent(Clone),8,10,1.71,1.58,0,0,False,2,0,0
2026-03-02_21.23.17,1,Random_sign_placement_scenario,1030,269,0.5,-10.69,8.67,90,15,1,4.974157,1.17029,1,1018,WheelchairAgent(Clone),9,11,1.3,1.17,0,0,False,2,0,0
2026-03-02_21.23.17,1,Random_sign_placement_scenario,1030,269,0.5,-10.69,8.67,90,15,1,4.974157,1.17029,1,1019,AdultMaleAgent(Clone),10,8,1.71,1.58,0,0,False,2,0,0
2026-03-02_21.23.17,1,Random_sign_placement_scenario,1030,269,0.5,-10.69,8.67,90,15,1,4.974157,1.17029,1,1020,WheelchairAgent(Clone),11,9,1.3,1.17,0,0,False,2,0,0
2026-03-02_21.23.17,1,Random_sign_placement_scenario,1030,269,0.5,-10.69,8.67,90,15,1,4.974157,1.17029,1,1021,AdultMaleAgent(Clone),8,10,1.71,1.58,0,0,False,2,0,0
2026-03-02_21.23.17,1,Random_sign_placement_scenario,1030,269,0.5,-10.69,8.67,90,15,1,4.974157,1.17029,1,1022,AdultMaleAgent(Clone),8,10,1.71,1.58,0,0,False,2,0,0
2026-03-02_21.23.17,1,Random_sign_placement_scenario,1030,269,0.5,-10.69,8.67,90,15,1,4.974157,1.17029,1,1023,AdultFemaleAgent(Clone),10,8,1.58,1.450001,0,0,False,2,0,0
2026-03-02_21.23.17,1,Random_sign_placement_scenario,1030,269,0.5,-10.69,8.67,90,15,1,4.974157,1.17029,1,1024,AdultFemaleAgent(Clone),8,10,1.58,1.450001,0,0,False,2,0,0
2026-03-02_21.23.17,1,Random_sign_placement_scenario,1030,269,0.5,-10.69,8.67,90,15,1,4.974157,1.17029,1,1025,AdultFemaleAgent(Clone),9,11,1.58,1.450001,0,0,False,2,0,0
2026-03-02_21.23.17,1,Random_sign_placement_scenario,1030,269,0.5,-10.69,8.67,90,15,1,4.974157,1.17029,1,1026,WheelchairAgent(Clone),11,9,1.3,1.17,0,0,False,2,0,0
2026-03-02_21.23.17,1,Random_sign_placement_scenario,1030,269,0.5,-10.69,8.67,90,15,1,4.974157,1.17029,1,1027,WheelchairAgent(Clone),8,10,1.3,1.17,0,0,False,2,0,0
2026-03-02_21.23.17,1,Random_sign_placement_scenario,1030,269,0.5,-10.69,8.67,90,15,1,4.974157,1.17029,1,1028,WheelchairAgent(Clone),10,8,1.3,1.17,0,0,False,2,0,0
2026-03-02_21.23.17,1,Random_sign_placement_scenario,1030,269,0.5,-10.69,8.67,90,15,1,4.974157,1.17029,1,1029,WheelchairAgent(Clone),8,10,1.3,1.17,0,0,False,2,0,0
