Timestamp,RunIndex,ScenarioID,TotalAgents,VisibleSignCount,SignHeight,SignPositionX,SignPositionZ,SignOrientation,VcaAngle,VcaDistance,SignComprehensionTime,AgentID,AgentType,StartNode,GoalNode,Height,EyeHeight,TimeInVCA,TimesInVCA,SawSign,TotalNodesNavigated,NodesWithDetection,RDEffective
2026-03-07_02.56.52,266,sign-optimization-horizontal-vertical_scenario,635,281,3,1,6,0,90,15,1,153667,WheelchairAgent(Clone),7,11,1.3,1.17,6.780273,1,False,2,0,0
2026-03-07_02.56.52,266,sign-optimization-horizontal-vertical_scenario,635,281,3,1,6,0,90,15,1,153668,AdultMaleAgent(Clone),5,10,1.71,1.58,0.09765625,1,False,2,0,0
2026-03-07_02.56.52,266,sign-optimization-horizontal-vertical_scenario,635,281,3,1,6,0,90,15,1,153669,WheelchairAgent(Clone),6,12,1.3,1.17,8.042969,2,True,2,1,0.5
2026-03-07_02.56.52,266,sign-optimization-horizontal-vertical_scenario,635,281,3,1,6,0,90,15,1,153670,WheelchairAgent(Clone),11,10,1.3,1.17,10.27246,2,True,3,1,0.3333333
2026-03-07_02.56.52,266,sign-optimization-horizontal-vertical_scenario,635,281,3,1,6,0,90,15,1,153671,AdultFemaleAgent(Clone),5,10,1.58,1.45,0.1083984,1,False,2,0,0
2026-03-07_02.56.52,266,sign-optimization-horizontal-vertical_scenario,635,281,3,1,6,0,90,15,1,153672,AdultMaleAgent(Clone),6,12,1.71,1.58,10.39355,2,True,2,1,0.5
2026-03-07_02.56.52,266,sign-optimization-horizontal-vertical_scenario,635,281,3,1,6,0,90,15,1,153673,AdultMaleAgent(Clone),6,12,1.71,1.58,9.392578,2,True,2,1,0.5
2026-03-07_02.56.52,266,sign-optimization-horizontal-vertical_scenario,635,281,3,1,6,0,90,15,1,153674,AdultMaleAgent(Clone),10,12,1.71,1.58,10.91992,2,True,3,1,0.3333333
2026-03-07_02.56.52,266,sign-optimization-horizontal-vertical_scenario,635,281,3,1,6,0,90,15,1,153675,WheelchairAgent(Clone),7,11,1.3,1.17,14.07715,1,False,2,0,0
2026-03-07_02.56.52,266,sign-optimization-horizontal-vertical_scenario,635,281,3,1,6,0,90,15,1,153676,WheelchairAgent(Clone),7,11,1.3,1.17,11.35645,1,False,2,0,0
2026-03-07_02.56.52,266,sign-optimization-horizontal-vertical_scenario,635,281,3,1,6,0,90,15,1,153677,AdultMaleAgent(Clone),11,10,1.71,1.58,9.117188,3,True,3,1,0.3333333
2026-03-07_02.56.52,266,sign-optimization-horizontal-vertical_scenario,635,281,3,1,6,0,90,15,1,153678,AdultFemaleAgent(Clone),7,11,1.58,1.450001,8.929688,1,False,2,0,0
2026-03-07_02.56.52,266,sign-optimization-horizontal-vertical_scenario,635,281,3,1,6,0,90,15,1,153679,WheelchairAgent(Clone),10,12,1.3,1.17,12.7832,2,True,3,1,0.3333333
2026-03-07_02.56.52,266,sign-optimization-horizontal-vertical_scenario,635,281,3,1,6,0,90,15,1,153680,AdultMaleAgent(Clone),11,10,1.71,1.58,11.88086,2,True,3,1,0.3333333
2026-03-07_02.56.52,266,sign-optimization-horizontal-vertical_scenario,635,281,3,1,6,0,90,15,1,153681,AdultMaleAgent(Clone),7,11,1.71,1.58,12.68652,1,False,2,0,0
2026-03-07_02.56.52,266,sign-optimization-horizontal-vertical_scenario,635,281,3,1,6,0,90,15,1,153682,AdultFemaleAgent(Clone),11,10,1.58,1.450001,11.25,2,True,3,1,0.3333333
2026-03-07_02.56.52,266,sign-optimization-horizontal-vertical_scenario,635,281,3,1,6,0,90,15,1,153683,AdultMaleAgent(Clone),7,11,1.71,1.58,10.54883,1,False,2,0,0
2026-03-07_02.56.52,266,sign-optimization-horizontal-vertical_scenario,635,281,3,1,6,0,90,15,1,153684,AdultMaleAgent(Clone),10,12,1.71,1.58,9.868164,2,True,3,1,0.3333333
2026-03-07_02.56.52,266,sign-optimization-horizontal-vertical_scenario,635,281,3,1,6,0,90,15,1,153685,AdultMaleAgent(Clone),10,12,1.71,1.58,8.493164,2,True,3,1,0.3333333
2026-03-07_02.56.52,266,sign-optimization-horizontal-vertical_scenario,635,281,3,1,6,0,90,15,1,153686,AdultFemaleAgent(Clone),6,12,1.58,1.45,7.949219,2,True,2,1,0.5
2026-03-07_02.56.52,266,sign-optimization-horizontal-vertical_scenario,635,281,3,1,6,0,90,15,1,153687,WheelchairAgent(Clone),5,10,1.3,1.17,0.07910156,1,False,2,0,0
2026-03-07_02.56.52,266,sign-optimization-horizontal-vertical_scenario,635,281,3,1,6,0,90,15,1,153688,AdultMaleAgent(Clone),11,10,1.71,1.58,11.85547,2,True,3,1,0.3333333
2026-03-07_02.56.52,266,sign-optimization-horizontal-vertical_scenario,635,281,3,1,6,0,90,15,1,153689,AdultFemaleAgent(Clone),6,12,1.58,1.45,10.17188,2,True,2,1,0.5
2026-03-07_02.56.52,266,sign-optimization-horizontal-vertical_scenario,635,281,3,1,6,0,90,15,1,153690,WheelchairAgent(Clone),10,12,1.3,1.17,16.90918,2,True,3,1,0.3333333
2026-03-07_02.56.52,266,sign-optimization-horizontal-vertical_scenario,635,281,3,1,6,0,90,15,1,153691,WheelchairAgent(Clone),10,12,1.3,1.17,8.266602,2,True,3,1,0.3333333
2026-03-07_02.56.52,266,sign-optimization-horizontal-vertical_scenario,635,281,3,1,6,0,90,15,1,153692,AdultMaleAgent(Clone),6,12,1.71,1.58,9.068359,2,True,2,1,0.5
2026-03-07_02.56.52,266,sign-optimization-horizontal-vertical_scenario,635,281,3,1,6,0,90,15,1,153693,AdultFemaleAgent(Clone),7,11,1.58,1.450001,13.17871,1,False,2,0,0
2026-03-07_02.56.52,266,sign-optimization-horizontal-vertical_scenario,635,281,3,1,6,0,90,15,1,153694,AdultFemaleAgent(Clone),6,12,1.58,1.45,8.069336,2,True,2,1,0.5
2026-03-07_02.56.52,266,sign-optimization-horizontal-vertical_scenario,635,281,3,1,6,0,90,15,1,153695,AdultMaleAgent(Clone),10,12,1.71,1.58,10.79492,2,True,3,1,0.3333333
2026-03-07_02.56.52,266,sign-optimization-horizontal-vertical_scenario,635,281,3,1,6,0,90,15,1,153696,WheelchairAgent(Clone),7,11,1.3,1.17,8.617188,1,False,2,0,0
2026-03-07_02.56.52,266,sign-optimization-horizontal-vertical_scenario,635,281,3,1,6,0,90,15,1,153697,AdultMaleAgent(Clone),11,10,1.71,1.58,10.91113,2,True,3,1,0.3333333
2026-03-07_02.56.52,266,sign-optimization-horizontal-vertical_scenario,635,281,3,1,6,0,90,15,1,153698,AdultMaleAgent(Clone),11,10,1.71,1.58,10.25195,2,True,3,1,0.3333333
2026-03-07_02.56.52,266,sign-optimization-horizontal-vertical_scenario,635,281,3,1,6,0,90,15,1,153699,AdultMaleAgent(Clone),10,12,1.71,1.58,9.086914,2,True,3,1,0.3333333
2026-03-07_02.56.52,266,sign-optimization-horizontal-vertical_scenario,635,281,3,1,6,0,90,15,1,153700,AdultFemaleAgent(Clone),6,12,1.58,1.45,8.173828,2,True,2,1,0.5
2026-03-07_02.56.52,266,sign-optimization-horizontal-vertical_scenario,635,281,3,1,6,0,90,15,1,153701,WheelchairAgent(Clone),10,12,1.3,1.17,9.177734,2,True,3,1,0.3333333
2026-03-07_02.56.52,266,sign-optimization-horizontal-vertical_scenario,635,281,3,1,6,0,90,15,1,153702,AdultFemaleAgent(Clone),11,10,1.58,1.450001,9.602539,2,True,3,1,0.3333333
2026-03-07_02.56.52,266,sign-optimization-horizontal-vertical_scenario,635,281,3,1,6,0,90,15,1,153703,AdultMaleAgent(Clone),10,12,1.71,1.58,8.693359,2,True,3,1,0.3333333
2026-03-07_02.56.52,266,sign-optimization-horizontal-vertical_scenario,635,281,3,1,6,0,90,15,1,153704,WheelchairAgent(Clone),11,10,1.3,1.17,10.34375,2,True,3,1,0.3333333
2026-03-07_02.56.52,266,sign-optimization-horizontal-vertical_scenario,635,281,3,1,6,0,90,15,1,153705,AdultMaleAgent(Clone),6,12,1.71,1.58,9.271484,2,True,2,1,0.5
2026-03-07_02.56.52,266,sign-optimization-horizontal-vertical_scenario,635,281,3,1,6,0,90,15,1,153706,AdultMaleAgent(Clone),10,12,1.71,1.58,9.213867,2,True,3,1,0.3333333
2026-03-07_02.56.52,266,sign-optimization-horizontal-vertical_scenario,635,281,3,1,6,0,90,15,1,153707,WheelchairAgent(Clone),5,10,1.3,1.17,0.6113281,2,False,2,0,0
2026-03-07_02.56.52,266,sign-optimization-horizontal-vertical_scenario,635,281,3,1,6,0,90,15,1,153708,AdultMaleAgent(Clone),5,10,1.71,1.58,0.5273438,1,False,2,0,0
2026-03-07_02.56.52,266,sign-optimization-horizontal-vertical_scenario,635,281,3,1,6,0,90,15,1,153709,WheelchairAgent(Clone),10,12,1.3,1.17,7.999023,2,True,3,1,0.3333333
2026-03-07_02.56.52,266,sign-optimization-horizontal-vertical_scenario,635,281,3,1,6,0,90,15,1,153710,AdultFemaleAgent(Clone),11,10,1.58,1.450001,11.31445,2,True,3,1,0.3333333
2026-03-07_02.56.52,266,sign-optimization-horizontal-vertical_scenario,635,281,3,1,6,0,90,15,1,153711,AdultMaleAgent(Clone),5,10,1.71,1.58,1.296875,2,False,2,0,0
2026-03-07_02.56.52,266,sign-optimization-horizontal-vertical_scenario,635,281,3,1,6,0,90,15,1,153712,AdultFemaleAgent(Clone),5,10,1.58,1.45,0.1191406,1,False,2,0,0
2026-03-07_02.56.52,266,sign-optimization-horizontal-vertical_scenario,635,281,3,1,6,0,90,15,1,153713,AdultFemaleAgent(Clone),5,10,1.58,1.45,0.1396484,1,False,2,0,0
2026-03-07_02.56.52,266,sign-optimization-horizontal-vertical_scenario,635,281,3,1,6,0,90,15,1,153714,WheelchairAgent(Clone),5,10,1.3,1.17,0.0390625,1,False,2,0,0
2026-03-07_02.56.52,266,sign-optimization-horizontal-vertical_scenario,635,281,3,1,6,0,90,15,1,153715,WheelchairAgent(Clone),10,12,1.3,1.17,10.62207,2,True,3,1,0.3333333
2026-03-07_02.56.52,266,sign-optimization-horizontal-vertical_scenario,635,281,3,1,6,0,90,15,1,153716,WheelchairAgent(Clone),10,12,1.3,1.17,9.004883,2,True,3,1,0.3333333
2026-03-07_02.56.52,266,sign-optimization-horizontal-vertical_scenario,635,281,3,1,6,0,90,15,1,153717,WheelchairAgent(Clone),7,11,1.3,1.17,6.573242,1,False,2,0,0
2026-03-07_02.56.52,266,sign-optimization-horizontal-vertical_scenario,635,281,3,1,6,0,90,15,1,153718,AdultMaleAgent(Clone),6,12,1.71,1.58,8.945313,2,True,2,1,0.5
2026-03-07_02.56.52,266,sign-optimization-horizontal-vertical_scenario,635,281,3,1,6,0,90,15,1,153719,AdultMaleAgent(Clone),6,12,1.71,1.58,8.444336,2,True,2,1,0.5
2026-03-07_02.56.52,266,sign-optimization-horizontal-vertical_scenario,635,281,3,1,6,0,90,15,1,153720,WheelchairAgent(Clone),7,11,1.3,1.17,5.947266,1,False,2,0,0
2026-03-07_02.56.52,266,sign-optimization-horizontal-vertical_scenario,635,281,3,1,6,0,90,15,1,153721,WheelchairAgent(Clone),11,10,1.3,1.17,9.429688,2,True,3,1,0.3333333
2026-03-07_02.56.52,266,sign-optimization-horizontal-vertical_scenario,635,281,3,1,6,0,90,15,1,153722,WheelchairAgent(Clone),11,10,1.3,1.17,10.54004,2,True,3,1,0.3333333
2026-03-07_02.56.52,266,sign-optimization-horizontal-vertical_scenario,635,281,3,1,6,0,90,15,1,153723,AdultFemaleAgent(Clone),6,12,1.58,1.45,7.790039,2,True,2,1,0.5
2026-03-07_02.56.52,266,sign-optimization-horizontal-vertical_scenario,635,281,3,1,6,0,90,15,1,153724,WheelchairAgent(Clone),5,10,1.3,1.17,0.04394531,1,False,2,0,0
2026-03-07_02.56.52,266,sign-optimization-horizontal-vertical_scenario,635,281,3,1,6,0,90,15,1,153725,WheelchairAgent(Clone),11,10,1.3,1.17,8.958008,2,True,3,1,0.3333333
2026-03-07_02.56.52,266,sign-optimization-horizontal-vertical_scenario,635,281,3,1,6,0,90,15,1,153726,WheelchairAgent(Clone),7,11,1.3,1.17,12.90137,1,False,2,0,0
2026-03-07_02.56.52,266,sign-optimization-horizontal-vertical_scenario,635,281,3,1,6,0,90,15,1,153727,WheelchairAgent(Clone),11,10,1.3,1.17,10.35449,2,True,3,1,0.3333333
2026-03-07_02.56.52,266,sign-optimization-horizontal-vertical_scenario,635,281,3,1,6,0,90,15,1,153728,AdultMaleAgent(Clone),11,10,1.71,1.58,11.74121,2,True,3,1,0.3333333
2026-03-07_02.56.52,266,sign-optimization-horizontal-vertical_scenario,635,281,3,1,6,0,90,15,1,153729,WheelchairAgent(Clone),7,11,1.3,1.17,3.005859,1,False,2,0,0
2026-03-07_02.56.52,266,sign-optimization-horizontal-vertical_scenario,635,281,3,1,6,0,90,15,1,153730,AdultMaleAgent(Clone),11,10,1.71,1.58,12.83691,2,True,3,1,0.3333333
2026-03-07_02.56.52,266,sign-optimization-horizontal-vertical_scenario,635,281,3,1,6,0,90,15,1,153731,WheelchairAgent(Clone),10,12,1.3,1.17,10.8418,2,True,3,1,0.3333333
2026-03-07_02.56.52,266,sign-optimization-horizontal-vertical_scenario,635,281,3,1,6,0,90,15,1,153732,WheelchairAgent(Clone),6,12,1.3,1.17,7.711914,2,True,2,1,0.5
2026-03-07_02.56.52,266,sign-optimization-horizontal-vertical_scenario,635,281,3,1,6,0,90,15,1,153733,WheelchairAgent(Clone),7,11,1.3,1.17,11.37402,1,False,2,0,0
2026-03-07_02.56.52,266,sign-optimization-horizontal-vertical_scenario,635,281,3,1,6,0,90,15,1,153734,AdultFemaleAgent(Clone),10,12,1.58,1.45,10.65625,2,True,3,1,0.3333333
2026-03-07_02.56.52,266,sign-optimization-horizontal-vertical_scenario,635,281,3,1,6,0,90,15,1,153735,AdultMaleAgent(Clone),7,11,1.71,1.58,8.086914,1,False,2,0,0
2026-03-07_02.56.52,266,sign-optimization-horizontal-vertical_scenario,635,281,3,1,6,0,90,15,1,153736,AdultFemaleAgent(Clone),10,12,1.58,1.45,8.354492,4,True,3,1,0.3333333
2026-03-07_02.56.52,266,sign-optimization-horizontal-vertical_scenario,635,281,3,1,6,0,90,15,1,153737,AdultFemaleAgent(Clone),10,12,1.58,1.45,8.775391,2,True,3,1,0.3333333
2026-03-07_02.56.52,266,sign-optimization-horizontal-vertical_scenario,635,281,3,1,6,0,90,15,1,153738,WheelchairAgent(Clone),7,11,1.3,1.17,9.341797,1,False,2,0,0
2026-03-07_02.56.52,266,sign-optimization-horizontal-vertical_scenario,635,281,3,1,6,0,90,15,1,153739,AdultFemaleAgent(Clone),11,10,1.58,1.450001,11.19043,2,True,3,1,0.3333333
2026-03-07_02.56.52,266,sign-optimization-horizontal-vertical_scenario,635,281,3,1,6,0,90,15,1,153740,AdultMaleAgent(Clone),7,11,1.71,1.58,12.50781,1,False,2,0,0
2026-03-07_02.56.52,266,sign-optimization-horizontal-vertical_scenario,635,281,3,1,6,0,90,15,1,153741,AdultFemaleAgent(Clone),11,10,1.58,1.450001,10.70313,2,True,3,1,0.3333333
2026-03-07_02.56.52,266,sign-optimization-horizontal-vertical_scenario,635,281,3,1,6,0,90,15,1,153742,WheelchairAgent(Clone),5,10,1.3,1.17,1.373047,1,False,2,0,0
2026-03-07_02.56.52,266,sign-optimization-horizontal-vertical_scenario,635,281,3,1,6,0,90,15,1,153743,AdultMaleAgent(Clone),5,10,1.71,1.58,0.1640625,1,False,2,0,0
2026-03-07_02.56.52,266,sign-optimization-horizontal-vertical_scenario,635,281,3,1,6,0,90,15,1,153744,WheelchairAgent(Clone),7,11,1.3,1.17,14.21777,1,False,2,0,0
2026-03-07_02.56.52,266,sign-optimization-horizontal-vertical_scenario,635,281,3,1,6,0,90,15,1,153745,WheelchairAgent(Clone),7,11,1.3,1.17,8.006836,1,False,2,0,0
2026-03-07_02.56.52,266,sign-optimization-horizontal-vertical_scenario,635,281,3,1,6,0,90,15,1,153746,AdultFemaleAgent(Clone),6,12,1.58,1.45,9.396484,2,True,2,1,0.5
2026-03-07_02.56.52,266,sign-optimization-horizontal-vertical_scenario,635,281,3,1,6,0,90,15,1,153747,AdultFemaleAgent(Clone),7,11,1.58,1.450001,13.97852,1,False,2,0,0
2026-03-07_02.56.52,266,sign-optimization-horizontal-vertical_scenario,635,281,3,1,6,0,90,15,1,153748,AdultMaleAgent(Clone),6,12,1.71,1.58,8.748047,2,True,2,1,0.5
2026-03-07_02.56.52,266,sign-optimization-horizontal-vertical_scenario,635,281,3,1,6,0,90,15,1,153749,WheelchairAgent(Clone),6,12,1.3,1.17,10.0957,2,True,2,1,0.5
2026-03-07_02.56.52,266,sign-optimization-horizontal-vertical_scenario,635,281,3,1,6,0,90,15,1,153750,AdultFemaleAgent(Clone),7,11,1.58,1.450001,8.81543,1,False,2,0,0
2026-03-07_02.56.52,266,sign-optimization-horizontal-vertical_scenario,635,281,3,1,6,0,90,15,1,153751,AdultFemaleAgent(Clone),6,12,1.58,1.45,8.821289,2,True,2,1,0.5
2026-03-07_02.56.52,266,sign-optimization-horizontal-vertical_scenario,635,281,3,1,6,0,90,15,1,153752,AdultFemaleAgent(Clone),11,10,1.58,1.450001,10.10352,2,True,3,1,0.3333333
2026-03-07_02.56.52,266,sign-optimization-horizontal-vertical_scenario,635,281,3,1,6,0,90,15,1,153753,WheelchairAgent(Clone),10,12,1.3,1.17,9.152344,2,True,3,1,0.3333333
2026-03-07_02.56.52,266,sign-optimization-horizontal-vertical_scenario,635,281,3,1,6,0,90,15,1,153754,AdultMaleAgent(Clone),6,12,1.71,1.58,10.33691,2,True,2,1,0.5
2026-03-07_02.56.52,266,sign-optimization-horizontal-vertical_scenario,635,281,3,1,6,0,90,15,1,153755,AdultFemaleAgent(Clone),11,10,1.58,1.450001,10.82129,2,True,3,1,0.3333333
2026-03-07_02.56.52,266,sign-optimization-horizontal-vertical_scenario,635,281,3,1,6,0,90,15,1,153756,AdultFemaleAgent(Clone),6,12,1.58,1.45,8.558594,2,True,2,1,0.5
2026-03-07_02.56.52,266,sign-optimization-horizontal-vertical_scenario,635,281,3,1,6,0,90,15,1,153757,AdultFemaleAgent(Clone),10,12,1.58,1.45,10.69434,2,True,3,1,0.3333333
2026-03-07_02.56.52,266,sign-optimization-horizontal-vertical_scenario,635,281,3,1,6,0,90,15,1,153758,AdultMaleAgent(Clone),7,11,1.71,1.58,17.4082,1,False,2,0,0
2026-03-07_02.56.52,266,sign-optimization-horizontal-vertical_scenario,635,281,3,1,6,0,90,15,1,153759,AdultFemaleAgent(Clone),5,10,1.58,1.45,0.08496094,1,False,2,0,0
2026-03-07_02.56.52,266,sign-optimization-horizontal-vertical_scenario,635,281,3,1,6,0,90,15,1,153760,AdultMaleAgent(Clone),6,12,1.71,1.58,9.000977,2,True,2,1,0.5
2026-03-07_02.56.52,266,sign-optimization-horizontal-vertical_scenario,635,281,3,1,6,0,90,15,1,153761,AdultMaleAgent(Clone),10,12,1.71,1.58,11.08691,2,True,3,1,0.3333333
2026-03-07_02.56.52,266,sign-optimization-horizontal-vertical_scenario,635,281,3,1,6,0,90,15,1,153762,WheelchairAgent(Clone),11,10,1.3,1.17,10.49902,2,True,3,1,0.3333333
2026-03-07_02.56.52,266,sign-optimization-horizontal-vertical_scenario,635,281,3,1,6,0,90,15,1,153763,AdultMaleAgent(Clone),11,10,1.71,1.58,10.92383,2,True,3,1,0.3333333
2026-03-07_02.56.52,266,sign-optimization-horizontal-vertical_scenario,635,281,3,1,6,0,90,15,1,153764,AdultMaleAgent(Clone),6,12,1.71,1.58,7.922852,2,True,2,1,0.5
2026-03-07_02.56.52,266,sign-optimization-horizontal-vertical_scenario,635,281,3,1,6,0,90,15,1,153765,WheelchairAgent(Clone),5,10,1.3,1.17,0.05371094,1,False,2,0,0
2026-03-07_02.56.52,266,sign-optimization-horizontal-vertical_scenario,635,281,3,1,6,0,90,15,1,153766,AdultMaleAgent(Clone),6,12,1.71,1.58,8.560547,2,True,2,1,0.5
2026-03-07_02.56.52,266,sign-optimization-horizontal-vertical_scenario,635,281,3,1,6,0,90,15,1,153767,WheelchairAgent(Clone),5,10,1.3,1.17,0.08398438,1,False,2,0,0
2026-03-07_02.56.52,266,sign-optimization-horizontal-vertical_scenario,635,281,3,1,6,0,90,15,1,153768,WheelchairAgent(Clone),7,11,1.3,1.17,13.91895,1,False,2,0,0
2026-03-07_02.56.52,266,sign-optimization-horizontal-vertical_scenario,635,281,3,1,6,0,90,15,1,153769,WheelchairAgent(Clone),10,12,1.3,1.17,8.726563,2,True,3,1,0.3333333
2026-03-07_02.56.52,266,sign-optimization-horizontal-vertical_scenario,635,281,3,1,6,0,90,15,1,153770,AdultMaleAgent(Clone),7,11,1.71,1.58,5.837891,1,False,2,0,0
2026-03-07_02.56.52,266,sign-optimization-horizontal-vertical_scenario,635,281,3,1,6,0,90,15,1,153771,WheelchairAgent(Clone),6,12,1.3,1.17,9.268555,2,True,2,1,0.5
2026-03-07_02.56.52,266,sign-optimization-horizontal-vertical_scenario,635,281,3,1,6,0,90,15,1,153772,AdultFemaleAgent(Clone),5,10,1.58,1.45,0.6396484,1,False,2,0,0
2026-03-07_02.56.52,266,sign-optimization-horizontal-vertical_scenario,635,281,3,1,6,0,90,15,1,153773,AdultFemaleAgent(Clone),5,10,1.58,1.45,0.1210938,1,False,2,0,0
2026-03-07_02.56.52,266,sign-optimization-horizontal-vertical_scenario,635,281,3,1,6,0,90,15,1,153774,WheelchairAgent(Clone),7,11,1.3,1.17,9.15332,1,False,2,0,0
2026-03-07_02.56.52,266,sign-optimization-horizontal-vertical_scenario,635,281,3,1,6,0,90,15,1,153775,AdultMaleAgent(Clone),10,12,1.71,1.58,10.18164,2,True,3,1,0.3333333
2026-03-07_02.56.52,266,sign-optimization-horizontal-vertical_scenario,635,281,3,1,6,0,90,15,1,153776,AdultFemaleAgent(Clone),6,12,1.58,1.45,9.669922,2,True,2,1,0.5
2026-03-07_02.56.52,266,sign-optimization-horizontal-vertical_scenario,635,281,3,1,6,0,90,15,1,153777,AdultFemaleAgent(Clone),10,12,1.58,1.45,14.38672,2,True,3,1,0.3333333
2026-03-07_02.56.52,266,sign-optimization-horizontal-vertical_scenario,635,281,3,1,6,0,90,15,1,153778,AdultFemaleAgent(Clone),10,12,1.58,1.45,13.09961,2,True,3,1,0.3333333
2026-03-07_02.56.52,266,sign-optimization-horizontal-vertical_scenario,635,281,3,1,6,0,90,15,1,153779,AdultFemaleAgent(Clone),10,12,1.58,1.45,10.57617,2,True,3,1,0.3333333
2026-03-07_02.56.52,266,sign-optimization-horizontal-vertical_scenario,635,281,3,1,6,0,90,15,1,153780,WheelchairAgent(Clone),10,12,1.3,1.17,9.453125,2,True,3,1,0.3333333
2026-03-07_02.56.52,266,sign-optimization-horizontal-vertical_scenario,635,281,3,1,6,0,90,15,1,153781,WheelchairAgent(Clone),6,12,1.3,1.17,7.963867,2,True,2,1,0.5
2026-03-07_02.56.52,266,sign-optimization-horizontal-vertical_scenario,635,281,3,1,6,0,90,15,1,153782,WheelchairAgent(Clone),5,10,1.3,1.17,0.04785156,1,False,2,0,0
2026-03-07_02.56.52,266,sign-optimization-horizontal-vertical_scenario,635,281,3,1,6,0,90,15,1,153783,AdultFemaleAgent(Clone),7,11,1.58,1.450001,12.29395,1,False,2,0,0
2026-03-07_02.56.52,266,sign-optimization-horizontal-vertical_scenario,635,281,3,1,6,0,90,15,1,153784,AdultMaleAgent(Clone),6,12,1.71,1.58,8.148438,2,True,2,1,0.5
2026-03-07_02.56.52,266,sign-optimization-horizontal-vertical_scenario,635,281,3,1,6,0,90,15,1,153785,AdultMaleAgent(Clone),10,12,1.71,1.58,9.620117,2,True,3,1,0.3333333
2026-03-07_02.56.52,266,sign-optimization-horizontal-vertical_scenario,635,281,3,1,6,0,90,15,1,153786,AdultFemaleAgent(Clone),6,12,1.58,1.45,8.458008,2,True,2,1,0.5
2026-03-07_02.56.52,266,sign-optimization-horizontal-vertical_scenario,635,281,3,1,6,0,90,15,1,153787,AdultMaleAgent(Clone),6,12,1.71,1.58,9.8125,2,True,2,1,0.5
2026-03-07_02.56.52,266,sign-optimization-horizontal-vertical_scenario,635,281,3,1,6,0,90,15,1,153788,AdultFemaleAgent(Clone),10,12,1.58,1.45,13.5,2,True,3,1,0.3333333
2026-03-07_02.56.52,266,sign-optimization-horizontal-vertical_scenario,635,281,3,1,6,0,90,15,1,153789,AdultMaleAgent(Clone),5,10,1.71,1.58,0.9941406,1,False,2,0,0
2026-03-07_02.56.52,266,sign-optimization-horizontal-vertical_scenario,635,281,3,1,6,0,90,15,1,153790,WheelchairAgent(Clone),7,11,1.3,1.17,8.560547,1,False,2,0,0
2026-03-07_02.56.52,266,sign-optimization-horizontal-vertical_scenario,635,281,3,1,6,0,90,15,1,153791,WheelchairAgent(Clone),5,10,1.3,1.17,0.08203125,1,False,2,0,0
2026-03-07_02.56.52,266,sign-optimization-horizontal-vertical_scenario,635,281,3,1,6,0,90,15,1,153792,WheelchairAgent(Clone),11,10,1.3,1.17,12.61816,2,True,3,1,0.3333333
2026-03-07_02.56.52,266,sign-optimization-horizontal-vertical_scenario,635,281,3,1,6,0,90,15,1,153793,AdultMaleAgent(Clone),7,11,1.71,1.58,12.65918,1,False,2,0,0
2026-03-07_02.56.52,266,sign-optimization-horizontal-vertical_scenario,635,281,3,1,6,0,90,15,1,153794,AdultMaleAgent(Clone),7,11,1.71,1.58,8.398438,1,False,2,0,0
2026-03-07_02.56.52,266,sign-optimization-horizontal-vertical_scenario,635,281,3,1,6,0,90,15,1,153795,WheelchairAgent(Clone),7,11,1.3,1.17,9.78418,1,False,2,0,0
2026-03-07_02.56.52,266,sign-optimization-horizontal-vertical_scenario,635,281,3,1,6,0,90,15,1,153796,AdultFemaleAgent(Clone),11,10,1.58,1.450001,11.38281,2,True,3,1,0.3333333
2026-03-07_02.56.52,266,sign-optimization-horizontal-vertical_scenario,635,281,3,1,6,0,90,15,1,153797,AdultMaleAgent(Clone),5,10,1.71,1.58,0.4296875,1,False,2,0,0
2026-03-07_02.56.52,266,sign-optimization-horizontal-vertical_scenario,635,281,3,1,6,0,90,15,1,153798,AdultFemaleAgent(Clone),6,12,1.58,1.45,9.334961,2,True,2,1,0.5
2026-03-07_02.56.52,266,sign-optimization-horizontal-vertical_scenario,635,281,3,1,6,0,90,15,1,153799,WheelchairAgent(Clone),10,12,1.3,1.17,11.5918,2,True,3,1,0.3333333
2026-03-07_02.56.52,266,sign-optimization-horizontal-vertical_scenario,635,281,3,1,6,0,90,15,1,153800,WheelchairAgent(Clone),7,11,1.3,1.17,10.7793,1,False,2,0,0
2026-03-07_02.56.52,266,sign-optimization-horizontal-vertical_scenario,635,281,3,1,6,0,90,15,1,153801,AdultFemaleAgent(Clone),11,10,1.58,1.450001,10.54102,2,True,3,1,0.3333333
2026-03-07_02.56.52,266,sign-optimization-horizontal-vertical_scenario,635,281,3,1,6,0,90,15,1,153802,AdultFemaleAgent(Clone),10,12,1.58,1.45,9.450195,2,True,3,1,0.3333333
2026-03-07_02.56.52,266,sign-optimization-horizontal-vertical_scenario,635,281,3,1,6,0,90,15,1,153803,AdultMaleAgent(Clone),10,12,1.71,1.58,10.39063,2,True,3,1,0.3333333
2026-03-07_02.56.52,266,sign-optimization-horizontal-vertical_scenario,635,281,3,1,6,0,90,15,1,153804,AdultFemaleAgent(Clone),10,12,1.58,1.45,9.755859,2,True,3,1,0.3333333
2026-03-07_02.56.52,266,sign-optimization-horizontal-vertical_scenario,635,281,3,1,6,0,90,15,1,153805,AdultMaleAgent(Clone),10,12,1.71,1.58,13.9541,2,True,3,1,0.3333333
2026-03-07_02.56.52,266,sign-optimization-horizontal-vertical_scenario,635,281,3,1,6,0,90,15,1,153806,WheelchairAgent(Clone),6,12,1.3,1.17,9.238281,2,True,2,1,0.5
2026-03-07_02.56.52,266,sign-optimization-horizontal-vertical_scenario,635,281,3,1,6,0,90,15,1,153807,AdultMaleAgent(Clone),11,10,1.71,1.58,9.583984,2,True,3,1,0.3333333
2026-03-07_02.56.52,266,sign-optimization-horizontal-vertical_scenario,635,281,3,1,6,0,90,15,1,153808,WheelchairAgent(Clone),11,10,1.3,1.17,11.51563,2,False,3,1,0.3333333
2026-03-07_02.56.52,266,sign-optimization-horizontal-vertical_scenario,635,281,3,1,6,0,90,15,1,153809,AdultMaleAgent(Clone),7,11,1.71,1.58,9.320313,1,False,2,0,0
2026-03-07_02.56.52,266,sign-optimization-horizontal-vertical_scenario,635,281,3,1,6,0,90,15,1,153810,AdultFemaleAgent(Clone),6,12,1.58,1.45,7.921875,2,True,2,1,0.5
2026-03-07_02.56.52,266,sign-optimization-horizontal-vertical_scenario,635,281,3,1,6,0,90,15,1,153811,WheelchairAgent(Clone),10,12,1.3,1.17,10.24414,2,True,3,1,0.3333333
2026-03-07_02.56.52,266,sign-optimization-horizontal-vertical_scenario,635,281,3,1,6,0,90,15,1,153812,AdultMaleAgent(Clone),11,10,1.71,1.58,0,0,False,3,0,0
2026-03-07_02.56.52,266,sign-optimization-horizontal-vertical_scenario,635,281,3,1,6,0,90,15,1,153813,AdultFemaleAgent(Clone),5,10,1.58,1.45,0.1171875,1,False,2,0,0
2026-03-07_02.56.52,266,sign-optimization-horizontal-vertical_scenario,635,281,3,1,6,0,90,15,1,153814,AdultMaleAgent(Clone),11,10,1.71,1.58,10.72461,2,True,3,1,0.3333333
2026-03-07_02.56.52,266,sign-optimization-horizontal-vertical_scenario,635,281,3,1,6,0,90,15,1,153815,WheelchairAgent(Clone),6,12,1.3,1.17,8.43457,2,True,2,1,0.5
2026-03-07_02.56.52,266,sign-optimization-horizontal-vertical_scenario,635,281,3,1,6,0,90,15,1,153816,WheelchairAgent(Clone),5,10,1.3,1.17,0.04492188,1,False,2,0,0
2026-03-07_02.56.52,266,sign-optimization-horizontal-vertical_scenario,635,281,3,1,6,0,90,15,1,153817,AdultFemaleAgent(Clone),6,12,1.58,1.45,8.995117,2,True,2,1,0.5
2026-03-07_02.56.52,266,sign-optimization-horizontal-vertical_scenario,635,281,3,1,6,0,90,15,1,153818,AdultMaleAgent(Clone),5,10,1.71,1.58,0.1621094,1,False,2,0,0
2026-03-07_02.56.52,266,sign-optimization-horizontal-vertical_scenario,635,281,3,1,6,0,90,15,1,153819,WheelchairAgent(Clone),11,10,1.3,1.17,0,0,False,3,0,0
2026-03-07_02.56.52,266,sign-optimization-horizontal-vertical_scenario,635,281,3,1,6,0,90,15,1,153820,AdultFemaleAgent(Clone),11,10,1.58,1.450001,0.3320313,1,False,3,0,0
2026-03-07_02.56.52,266,sign-optimization-horizontal-vertical_scenario,635,281,3,1,6,0,90,15,1,153821,WheelchairAgent(Clone),11,10,1.3,1.17,11.41016,2,True,3,1,0.3333333
2026-03-07_02.56.52,266,sign-optimization-horizontal-vertical_scenario,635,281,3,1,6,0,90,15,1,153822,AdultFemaleAgent(Clone),5,10,1.58,1.45,0.3125,2,False,2,0,0
2026-03-07_02.56.52,266,sign-optimization-horizontal-vertical_scenario,635,281,3,1,6,0,90,15,1,153823,WheelchairAgent(Clone),5,10,1.3,1.17,0.9511719,1,False,2,0,0
2026-03-07_02.56.52,266,sign-optimization-horizontal-vertical_scenario,635,281,3,1,6,0,90,15,1,153824,AdultFemaleAgent(Clone),7,11,1.58,1.450001,10.5625,1,False,2,0,0
2026-03-07_02.56.52,266,sign-optimization-horizontal-vertical_scenario,635,281,3,1,6,0,90,15,1,153825,WheelchairAgent(Clone),7,11,1.3,1.17,12.7998,1,False,2,0,0
2026-03-07_02.56.52,266,sign-optimization-horizontal-vertical_scenario,635,281,3,1,6,0,90,15,1,153826,WheelchairAgent(Clone),11,10,1.3,1.17,0,0,False,3,0,0
2026-03-07_02.56.52,266,sign-optimization-horizontal-vertical_scenario,635,281,3,1,6,0,90,15,1,153827,WheelchairAgent(Clone),7,11,1.3,1.17,12.60352,1,False,2,0,0
2026-03-07_02.56.52,266,sign-optimization-horizontal-vertical_scenario,635,281,3,1,6,0,90,15,1,153828,WheelchairAgent(Clone),5,10,1.3,1.17,0,0,False,2,0,0
2026-03-07_02.56.52,266,sign-optimization-horizontal-vertical_scenario,635,281,3,1,6,0,90,15,1,153829,AdultMaleAgent(Clone),7,11,1.71,1.58,15.22461,1,False,2,0,0
2026-03-07_02.56.52,266,sign-optimization-horizontal-vertical_scenario,635,281,3,1,6,0,90,15,1,153830,AdultMaleAgent(Clone),7,11,1.71,1.58,6.422852,1,False,2,0,0
2026-03-07_02.56.52,266,sign-optimization-horizontal-vertical_scenario,635,281,3,1,6,0,90,15,1,153831,AdultMaleAgent(Clone),11,10,1.71,1.58,10.52344,2,True,3,1,0.3333333
2026-03-07_02.56.52,266,sign-optimization-horizontal-vertical_scenario,635,281,3,1,6,0,90,15,1,153832,AdultMaleAgent(Clone),7,11,1.71,1.58,6.332031,1,False,2,0,0
2026-03-07_02.56.52,266,sign-optimization-horizontal-vertical_scenario,635,281,3,1,6,0,90,15,1,153833,AdultMaleAgent(Clone),10,12,1.71,1.58,9.663086,2,True,3,1,0.3333333
2026-03-07_02.56.52,266,sign-optimization-horizontal-vertical_scenario,635,281,3,1,6,0,90,15,1,153834,AdultFemaleAgent(Clone),5,10,1.58,1.45,0.7861328,1,False,2,0,0
2026-03-07_02.56.52,266,sign-optimization-horizontal-vertical_scenario,635,281,3,1,6,0,90,15,1,153835,WheelchairAgent(Clone),6,12,1.3,1.17,9.150391,2,True,2,1,0.5
2026-03-07_02.56.52,266,sign-optimization-horizontal-vertical_scenario,635,281,3,1,6,0,90,15,1,153836,WheelchairAgent(Clone),6,12,1.3,1.17,8.827148,2,True,2,1,0.5
2026-03-07_02.56.52,266,sign-optimization-horizontal-vertical_scenario,635,281,3,1,6,0,90,15,1,153837,AdultMaleAgent(Clone),11,10,1.71,1.58,10.29492,2,False,3,1,0.3333333
2026-03-07_02.56.52,266,sign-optimization-horizontal-vertical_scenario,635,281,3,1,6,0,90,15,1,153838,AdultMaleAgent(Clone),7,11,1.71,1.58,12.98535,1,False,2,0,0
2026-03-07_02.56.52,266,sign-optimization-horizontal-vertical_scenario,635,281,3,1,6,0,90,15,1,153839,AdultFemaleAgent(Clone),10,12,1.58,1.45,10.82324,2,True,3,1,0.3333333
2026-03-07_02.56.52,266,sign-optimization-horizontal-vertical_scenario,635,281,3,1,6,0,90,15,1,153840,AdultFemaleAgent(Clone),5,10,1.58,1.45,0.03613281,1,False,2,0,0
2026-03-07_02.56.52,266,sign-optimization-horizontal-vertical_scenario,635,281,3,1,6,0,90,15,1,153841,AdultMaleAgent(Clone),6,12,1.71,1.58,9.46875,2,True,2,1,0.5
2026-03-07_02.56.52,266,sign-optimization-horizontal-vertical_scenario,635,281,3,1,6,0,90,15,1,153842,AdultMaleAgent(Clone),5,10,1.71,1.58,0.1308594,1,False,2,0,0
2026-03-07_02.56.52,266,sign-optimization-horizontal-vertical_scenario,635,281,3,1,6,0,90,15,1,153843,WheelchairAgent(Clone),10,12,1.3,1.17,11.01758,2,True,3,1,0.3333333
2026-03-07_02.56.52,266,sign-optimization-horizontal-vertical_scenario,635,281,3,1,6,0,90,15,1,153844,AdultFemaleAgent(Clone),5,10,1.58,1.45,1.265625,2,False,2,0,0
2026-03-07_02.56.52,266,sign-optimization-horizontal-vertical_scenario,635,281,3,1,6,0,90,15,1,153845,AdultFemaleAgent(Clone),6,12,1.58,1.45,9.874023,2,True,2,1,0.5
2026-03-07_02.56.52,266,sign-optimization-horizontal-vertical_scenario,635,281,3,1,6,0,90,15,1,153846,AdultMaleAgent(Clone),6,12,1.71,1.58,8.40625,2,True,2,1,0.5
2026-03-07_02.56.52,266,sign-optimization-horizontal-vertical_scenario,635,281,3,1,6,0,90,15,1,153847,AdultFemaleAgent(Clone),5,10,1.58,1.45,0.03515625,1,False,2,0,0
2026-03-07_02.56.52,266,sign-optimization-horizontal-vertical_scenario,635,281,3,1,6,0,90,15,1,153848,WheelchairAgent(Clone),6,12,1.3,1.17,8.821289,2,True,2,1,0.5
2026-03-07_02.56.52,266,sign-optimization-horizontal-vertical_scenario,635,281,3,1,6,0,90,15,1,153849,WheelchairAgent(Clone),7,11,1.3,1.17,7.943359,1,False,2,0,0
2026-03-07_02.56.52,266,sign-optimization-horizontal-vertical_scenario,635,281,3,1,6,0,90,15,1,153850,WheelchairAgent(Clone),11,10,1.3,1.17,12.08984,2,True,3,1,0.3333333
2026-03-07_02.56.52,266,sign-optimization-horizontal-vertical_scenario,635,281,3,1,6,0,90,15,1,153851,AdultMaleAgent(Clone),6,12,1.71,1.58,8.980469,2,True,2,1,0.5
2026-03-07_02.56.52,266,sign-optimization-horizontal-vertical_scenario,635,281,3,1,6,0,90,15,1,153852,AdultMaleAgent(Clone),7,11,1.71,1.58,3.698242,1,False,2,0,0
2026-03-07_02.56.52,266,sign-optimization-horizontal-vertical_scenario,635,281,3,1,6,0,90,15,1,153853,AdultMaleAgent(Clone),7,11,1.71,1.58,11.65137,1,False,2,0,0
2026-03-07_02.56.52,266,sign-optimization-horizontal-vertical_scenario,635,281,3,1,6,0,90,15,1,153854,AdultFemaleAgent(Clone),10,12,1.58,1.45,9.110352,2,True,3,1,0.3333333
2026-03-07_02.56.52,266,sign-optimization-horizontal-vertical_scenario,635,281,3,1,6,0,90,15,1,153855,AdultFemaleAgent(Clone),6,12,1.58,1.45,7.991211,2,True,2,1,0.5
2026-03-07_02.56.52,266,sign-optimization-horizontal-vertical_scenario,635,281,3,1,6,0,90,15,1,153856,AdultMaleAgent(Clone),7,11,1.71,1.58,15.0957,1,False,2,0,0
2026-03-07_02.56.52,266,sign-optimization-horizontal-vertical_scenario,635,281,3,1,6,0,90,15,1,153857,WheelchairAgent(Clone),10,12,1.3,1.17,8.834961,2,True,3,1,0.3333333
2026-03-07_02.56.52,266,sign-optimization-horizontal-vertical_scenario,635,281,3,1,6,0,90,15,1,153858,AdultFemaleAgent(Clone),6,12,1.58,1.45,9.106445,2,True,2,1,0.5
2026-03-07_02.56.52,266,sign-optimization-horizontal-vertical_scenario,635,281,3,1,6,0,90,15,1,153859,AdultFemaleAgent(Clone),5,10,1.58,1.45,0.8144531,1,False,2,0,0
2026-03-07_02.56.52,266,sign-optimization-horizontal-vertical_scenario,635,281,3,1,6,0,90,15,1,153860,AdultFemaleAgent(Clone),5,10,1.58,1.45,0.125,1,False,2,0,0
2026-03-07_02.56.52,266,sign-optimization-horizontal-vertical_scenario,635,281,3,1,6,0,90,15,1,153861,WheelchairAgent(Clone),6,12,1.3,1.17,8.370117,2,True,2,1,0.5
2026-03-07_02.56.52,266,sign-optimization-horizontal-vertical_scenario,635,281,3,1,6,0,90,15,1,153862,WheelchairAgent(Clone),7,11,1.3,1.17,7.208984,1,False,2,0,0
2026-03-07_02.56.52,266,sign-optimization-horizontal-vertical_scenario,635,281,3,1,6,0,90,15,1,153863,AdultFemaleAgent(Clone),6,12,1.58,1.45,9.473633,2,True,2,1,0.5
2026-03-07_02.56.52,266,sign-optimization-horizontal-vertical_scenario,635,281,3,1,6,0,90,15,1,153864,AdultFemaleAgent(Clone),11,10,1.58,1.450001,0,0,False,3,0,0
2026-03-07_02.56.52,266,sign-optimization-horizontal-vertical_scenario,635,281,3,1,6,0,90,15,1,153865,WheelchairAgent(Clone),11,10,1.3,1.17,0,0,False,3,0,0
2026-03-07_02.56.52,266,sign-optimization-horizontal-vertical_scenario,635,281,3,1,6,0,90,15,1,153866,AdultMaleAgent(Clone),10,12,1.71,1.58,10.96094,2,True,3,1,0.3333333
2026-03-07_02.56.52,266,sign-optimization-horizontal-vertical_scenario,635,281,3,1,6,0,90,15,1,153867,WheelchairAgent(Clone),11,10,1.3,1.17,10.71094,2,True,3,1,0.3333333
2026-03-07_02.56.52,266,sign-optimization-horizontal-vertical_scenario,635,281,3,1,6,0,90,15,1,153868,AdultMaleAgent(Clone),10,12,1.71,1.58,10.31348,2,True,3,1,0.3333333
2026-03-07_02.56.52,266,sign-optimization-horizontal-vertical_scenario,635,281,3,1,6,0,90,15,1,153869,AdultMaleAgent(Clone),10,12,1.71,1.58,10.60352,2,True,3,1,0.3333333
2026-03-07_02.56.52,266,sign-optimization-horizontal-vertical_scenario,635,281,3,1,6,0,90,15,1,153870,AdultMaleAgent(Clone),10,12,1.71,1.58,12.00977,2,True,3,1,0.3333333
2026-03-07_02.56.52,266,sign-optimization-horizontal-vertical_scenario,635,281,3,1,6,0,90,15,1,153871,AdultFemaleAgent(Clone),11,10,1.58,1.450001,11.63867,2,True,3,1,0.3333333
2026-03-07_02.56.52,266,sign-optimization-horizontal-vertical_scenario,635,281,3,1,6,0,90,15,1,153872,AdultFemaleAgent(Clone),7,11,1.58,1.450001,7.505859,1,False,2,0,0
2026-03-07_02.56.52,266,sign-optimization-horizontal-vertical_scenario,635,281,3,1,6,0,90,15,1,153873,AdultFemaleAgent(Clone),5,10,1.58,1.45,0.2158203,1,False,2,0,0
2026-03-07_02.56.52,266,sign-optimization-horizontal-vertical_scenario,635,281,3,1,6,0,90,15,1,153874,WheelchairAgent(Clone),5,10,1.3,1.17,0.3222656,2,False,2,0,0
2026-03-07_02.56.52,266,sign-optimization-horizontal-vertical_scenario,635,281,3,1,6,0,90,15,1,153875,AdultMaleAgent(Clone),11,10,1.71,1.58,9.923828,2,True,3,1,0.3333333
2026-03-07_02.56.52,266,sign-optimization-horizontal-vertical_scenario,635,281,3,1,6,0,90,15,1,153876,WheelchairAgent(Clone),5,10,1.3,1.17,0.3818359,1,False,2,0,0
2026-03-07_02.56.52,266,sign-optimization-horizontal-vertical_scenario,635,281,3,1,6,0,90,15,1,153877,WheelchairAgent(Clone),11,10,1.3,1.17,10.53613,2,True,3,1,0.3333333
2026-03-07_02.56.52,266,sign-optimization-horizontal-vertical_scenario,635,281,3,1,6,0,90,15,1,153878,WheelchairAgent(Clone),7,11,1.3,1.17,12.74219,1,False,2,0,0
2026-03-07_02.56.52,266,sign-optimization-horizontal-vertical_scenario,635,281,3,1,6,0,90,15,1,153879,WheelchairAgent(Clone),11,10,1.3,1.17,0,0,False,3,0,0
2026-03-07_02.56.52,266,sign-optimization-horizontal-vertical_scenario,635,281,3,1,6,0,90,15,1,153880,AdultMaleAgent(Clone),6,12,1.71,1.58,8.68457,2,True,2,1,0.5
2026-03-07_02.56.52,266,sign-optimization-horizontal-vertical_scenario,635,281,3,1,6,0,90,15,1,153881,WheelchairAgent(Clone),11,10,1.3,1.17,0,0,False,3,0,0
2026-03-07_02.56.52,266,sign-optimization-horizontal-vertical_scenario,635,281,3,1,6,0,90,15,1,153882,WheelchairAgent(Clone),7,11,1.3,1.17,12.4043,1,False,2,0,0
2026-03-07_02.56.52,266,sign-optimization-horizontal-vertical_scenario,635,281,3,1,6,0,90,15,1,153883,AdultFemaleAgent(Clone),6,12,1.58,1.45,8.362305,2,True,2,1,0.5
2026-03-07_02.56.52,266,sign-optimization-horizontal-vertical_scenario,635,281,3,1,6,0,90,15,1,153884,AdultFemaleAgent(Clone),6,12,1.58,1.45,9.71582,2,True,2,1,0.5
2026-03-07_02.56.52,266,sign-optimization-horizontal-vertical_scenario,635,281,3,1,6,0,90,15,1,153885,AdultFemaleAgent(Clone),7,11,1.58,1.450001,10.34375,1,False,2,0,0
2026-03-07_02.56.52,266,sign-optimization-horizontal-vertical_scenario,635,281,3,1,6,0,90,15,1,153886,AdultFemaleAgent(Clone),6,12,1.58,1.45,10.17285,2,True,2,1,0.5
2026-03-07_02.56.52,266,sign-optimization-horizontal-vertical_scenario,635,281,3,1,6,0,90,15,1,153887,AdultFemaleAgent(Clone),5,10,1.58,1.45,1.139648,2,False,2,0,0
2026-03-07_02.56.52,266,sign-optimization-horizontal-vertical_scenario,635,281,3,1,6,0,90,15,1,153888,AdultMaleAgent(Clone),5,10,1.71,1.58,1.483398,2,False,2,0,0
2026-03-07_02.56.52,266,sign-optimization-horizontal-vertical_scenario,635,281,3,1,6,0,90,15,1,153889,WheelchairAgent(Clone),6,12,1.3,1.17,10.25977,2,True,2,1,0.5
2026-03-07_02.56.52,266,sign-optimization-horizontal-vertical_scenario,635,281,3,1,6,0,90,15,1,153890,WheelchairAgent(Clone),10,12,1.3,1.17,7.99707,2,True,3,1,0.3333333
2026-03-07_02.56.52,266,sign-optimization-horizontal-vertical_scenario,635,281,3,1,6,0,90,15,1,153891,WheelchairAgent(Clone),5,10,1.3,1.17,0,0,False,2,0,0
2026-03-07_02.56.52,266,sign-optimization-horizontal-vertical_scenario,635,281,3,1,6,0,90,15,1,153892,WheelchairAgent(Clone),10,12,1.3,1.17,9.199219,2,True,3,1,0.3333333
2026-03-07_02.56.52,266,sign-optimization-horizontal-vertical_scenario,635,281,3,1,6,0,90,15,1,153893,WheelchairAgent(Clone),6,12,1.3,1.17,7.431641,2,True,2,1,0.5
2026-03-07_02.56.52,266,sign-optimization-horizontal-vertical_scenario,635,281,3,1,6,0,90,15,1,153894,AdultFemaleAgent(Clone),11,10,1.58,1.450001,10.28613,2,False,3,1,0.3333333
2026-03-07_02.56.52,266,sign-optimization-horizontal-vertical_scenario,635,281,3,1,6,0,90,15,1,153895,WheelchairAgent(Clone),7,11,1.3,1.17,9.412109,1,False,2,0,0
2026-03-07_02.56.52,266,sign-optimization-horizontal-vertical_scenario,635,281,3,1,6,0,90,15,1,153896,AdultMaleAgent(Clone),6,12,1.71,1.58,9.841797,2,True,2,1,0.5
2026-03-07_02.56.52,266,sign-optimization-horizontal-vertical_scenario,635,281,3,1,6,0,90,15,1,153897,AdultMaleAgent(Clone),7,11,1.71,1.58,1.164063,2,False,2,0,0
2026-03-07_02.56.52,266,sign-optimization-horizontal-vertical_scenario,635,281,3,1,6,0,90,15,1,153898,WheelchairAgent(Clone),7,11,1.3,1.17,5.178711,1,False,2,0,0
2026-03-07_02.56.52,266,sign-optimization-horizontal-vertical_scenario,635,281,3,1,6,0,90,15,1,153899,AdultFemaleAgent(Clone),7,11,1.58,1.450001,8.828125,1,False,2,0,0
2026-03-07_02.56.52,266,sign-optimization-horizontal-vertical_scenario,635,281,3,1,6,0,90,15,1,153900,AdultMaleAgent(Clone),10,12,1.71,1.58,9.84668,2,True,3,1,0.3333333
2026-03-07_02.56.52,266,sign-optimization-horizontal-vertical_scenario,635,281,3,1,6,0,90,15,1,153901,WheelchairAgent(Clone),10,12,1.3,1.17,8.157227,2,True,3,1,0.3333333
2026-03-07_02.56.52,266,sign-optimization-horizontal-vertical_scenario,635,281,3,1,6,0,90,15,1,153902,WheelchairAgent(Clone),5,10,1.3,1.17,0.0859375,1,False,2,0,0
2026-03-07_02.56.52,266,sign-optimization-horizontal-vertical_scenario,635,281,3,1,6,0,90,15,1,153903,AdultMaleAgent(Clone),7,11,1.71,1.58,12.7373,1,False,2,0,0
2026-03-07_02.56.52,266,sign-optimization-horizontal-vertical_scenario,635,281,3,1,6,0,90,15,1,153904,AdultFemaleAgent(Clone),11,10,1.58,1.450001,9.358398,2,True,3,1,0.3333333
2026-03-07_02.56.52,266,sign-optimization-horizontal-vertical_scenario,635,281,3,1,6,0,90,15,1,153905,WheelchairAgent(Clone),7,11,1.3,1.17,9.073242,1,False,2,0,0
2026-03-07_02.56.52,266,sign-optimization-horizontal-vertical_scenario,635,281,3,1,6,0,90,15,1,153906,AdultFemaleAgent(Clone),10,12,1.58,1.45,12.61719,2,True,3,1,0.3333333
2026-03-07_02.56.52,266,sign-optimization-horizontal-vertical_scenario,635,281,3,1,6,0,90,15,1,153907,WheelchairAgent(Clone),6,12,1.3,1.17,9.887695,2,True,2,1,0.5
2026-03-07_02.56.52,266,sign-optimization-horizontal-vertical_scenario,635,281,3,1,6,0,90,15,1,153908,AdultMaleAgent(Clone),5,10,1.71,1.58,0.5126953,1,False,2,0,0
2026-03-07_02.56.52,266,sign-optimization-horizontal-vertical_scenario,635,281,3,1,6,0,90,15,1,153909,WheelchairAgent(Clone),6,12,1.3,1.17,10.5791,2,True,2,1,0.5
2026-03-07_02.56.52,266,sign-optimization-horizontal-vertical_scenario,635,281,3,1,6,0,90,15,1,153910,AdultMaleAgent(Clone),7,11,1.71,1.58,12.0752,1,False,2,0,0
2026-03-07_02.56.52,266,sign-optimization-horizontal-vertical_scenario,635,281,3,1,6,0,90,15,1,153911,AdultMaleAgent(Clone),10,12,1.71,1.58,8.022461,2,True,3,1,0.3333333
2026-03-07_02.56.52,266,sign-optimization-horizontal-vertical_scenario,635,281,3,1,6,0,90,15,1,153912,AdultFemaleAgent(Clone),11,10,1.58,1.450001,9.347656,2,True,3,1,0.3333333
2026-03-07_02.56.52,266,sign-optimization-horizontal-vertical_scenario,635,281,3,1,6,0,90,15,1,153913,AdultFemaleAgent(Clone),11,10,1.58,1.450001,0,0,False,3,0,0
2026-03-07_02.56.52,266,sign-optimization-horizontal-vertical_scenario,635,281,3,1,6,0,90,15,1,153914,AdultFemaleAgent(Clone),11,10,1.58,1.450001,10.13281,2,True,3,1,0.3333333
2026-03-07_02.56.52,266,sign-optimization-horizontal-vertical_scenario,635,281,3,1,6,0,90,15,1,153915,AdultMaleAgent(Clone),6,12,1.71,1.58,10.87109,2,True,2,1,0.5
2026-03-07_02.56.52,266,sign-optimization-horizontal-vertical_scenario,635,281,3,1,6,0,90,15,1,153916,AdultFemaleAgent(Clone),5,10,1.58,1.45,0.1152344,1,False,2,0,0
2026-03-07_02.56.52,266,sign-optimization-horizontal-vertical_scenario,635,281,3,1,6,0,90,15,1,153917,AdultFemaleAgent(Clone),10,12,1.58,1.45,14.27051,2,True,3,1,0.3333333
2026-03-07_02.56.52,266,sign-optimization-horizontal-vertical_scenario,635,281,3,1,6,0,90,15,1,153918,AdultFemaleAgent(Clone),11,10,1.58,1.450001,8.428711,1,False,3,0,0
2026-03-07_02.56.52,266,sign-optimization-horizontal-vertical_scenario,635,281,3,1,6,0,90,15,1,153919,WheelchairAgent(Clone),6,12,1.3,1.17,7.415039,2,True,2,1,0.5
2026-03-07_02.56.52,266,sign-optimization-horizontal-vertical_scenario,635,281,3,1,6,0,90,15,1,153920,WheelchairAgent(Clone),11,10,1.3,1.17,8.042969,1,False,3,0,0
2026-03-07_02.56.52,266,sign-optimization-horizontal-vertical_scenario,635,281,3,1,6,0,90,15,1,153921,AdultMaleAgent(Clone),7,11,1.71,1.58,3.828125,1,False,2,0,0
2026-03-07_02.56.52,266,sign-optimization-horizontal-vertical_scenario,635,281,3,1,6,0,90,15,1,153922,AdultFemaleAgent(Clone),5,10,1.58,1.45,0.484375,2,False,2,0,0
2026-03-07_02.56.52,266,sign-optimization-horizontal-vertical_scenario,635,281,3,1,6,0,90,15,1,153923,WheelchairAgent(Clone),7,11,1.3,1.17,12.35645,1,False,2,0,0
2026-03-07_02.56.52,266,sign-optimization-horizontal-vertical_scenario,635,281,3,1,6,0,90,15,1,153924,AdultMaleAgent(Clone),10,12,1.71,1.58,11.01563,2,True,3,1,0.3333333
2026-03-07_02.56.52,266,sign-optimization-horizontal-vertical_scenario,635,281,3,1,6,0,90,15,1,153925,WheelchairAgent(Clone),6,12,1.3,1.17,8.943359,2,True,2,1,0.5
2026-03-07_02.56.52,266,sign-optimization-horizontal-vertical_scenario,635,281,3,1,6,0,90,15,1,153926,WheelchairAgent(Clone),11,10,1.3,1.17,10.89746,2,False,3,1,0.3333333
2026-03-07_02.56.52,266,sign-optimization-horizontal-vertical_scenario,635,281,3,1,6,0,90,15,1,153927,WheelchairAgent(Clone),10,12,1.3,1.17,10.71387,2,False,3,1,0.3333333
2026-03-07_02.56.52,266,sign-optimization-horizontal-vertical_scenario,635,281,3,1,6,0,90,15,1,153928,WheelchairAgent(Clone),7,11,1.3,1.17,12.72168,1,False,2,0,0
2026-03-07_02.56.52,266,sign-optimization-horizontal-vertical_scenario,635,281,3,1,6,0,90,15,1,153929,AdultMaleAgent(Clone),7,11,1.71,1.58,13.36914,1,False,2,0,0
2026-03-07_02.56.52,266,sign-optimization-horizontal-vertical_scenario,635,281,3,1,6,0,90,15,1,153930,WheelchairAgent(Clone),11,10,1.3,1.17,0,0,False,3,0,0
2026-03-07_02.56.52,266,sign-optimization-horizontal-vertical_scenario,635,281,3,1,6,0,90,15,1,153931,WheelchairAgent(Clone),10,12,1.3,1.17,8.891602,2,True,3,1,0.3333333
2026-03-07_02.56.52,266,sign-optimization-horizontal-vertical_scenario,635,281,3,1,6,0,90,15,1,153932,WheelchairAgent(Clone),10,12,1.3,1.17,7.936523,2,True,3,1,0.3333333
2026-03-07_02.56.52,266,sign-optimization-horizontal-vertical_scenario,635,281,3,1,6,0,90,15,1,153933,AdultMaleAgent(Clone),6,12,1.71,1.58,9.667969,2,True,2,1,0.5
2026-03-07_02.56.52,266,sign-optimization-horizontal-vertical_scenario,635,281,3,1,6,0,90,15,1,153934,WheelchairAgent(Clone),5,10,1.3,1.17,0.04394531,1,False,2,0,0
2026-03-07_02.56.52,266,sign-optimization-horizontal-vertical_scenario,635,281,3,1,6,0,90,15,1,153935,AdultFemaleAgent(Clone),10,12,1.58,1.45,11.88379,2,True,3,1,0.3333333
2026-03-07_02.56.52,266,sign-optimization-horizontal-vertical_scenario,635,281,3,1,6,0,90,15,1,153936,AdultFemaleAgent(Clone),10,12,1.58,1.45,10.21191,2,True,3,1,0.3333333
2026-03-07_02.56.52,266,sign-optimization-horizontal-vertical_scenario,635,281,3,1,6,0,90,15,1,153937,AdultMaleAgent(Clone),5,10,1.71,1.58,0.1767578,1,False,2,0,0
2026-03-07_02.56.52,266,sign-optimization-horizontal-vertical_scenario,635,281,3,1,6,0,90,15,1,153938,WheelchairAgent(Clone),11,10,1.3,1.17,9.030273,2,True,3,1,0.3333333
2026-03-07_02.56.52,266,sign-optimization-horizontal-vertical_scenario,635,281,3,1,6,0,90,15,1,153939,AdultMaleAgent(Clone),7,11,1.71,1.58,8.146484,1,False,2,0,0
2026-03-07_02.56.52,266,sign-optimization-horizontal-vertical_scenario,635,281,3,1,6,0,90,15,1,153940,AdultFemaleAgent(Clone),7,11,1.58,1.450001,9.966797,1,False,2,0,0
2026-03-07_02.56.52,266,sign-optimization-horizontal-vertical_scenario,635,281,3,1,6,0,90,15,1,153941,AdultMaleAgent(Clone),7,11,1.71,1.58,8.298828,1,False,2,0,0
2026-03-07_02.56.52,266,sign-optimization-horizontal-vertical_scenario,635,281,3,1,6,0,90,15,1,153942,AdultMaleAgent(Clone),5,10,1.71,1.58,0.9501953,2,False,2,0,0
2026-03-07_02.56.52,266,sign-optimization-horizontal-vertical_scenario,635,281,3,1,6,0,90,15,1,153943,AdultMaleAgent(Clone),6,12,1.71,1.58,8.822266,2,True,2,1,0.5
2026-03-07_02.56.52,266,sign-optimization-horizontal-vertical_scenario,635,281,3,1,6,0,90,15,1,153944,AdultFemaleAgent(Clone),6,12,1.58,1.45,8.84668,2,True,2,1,0.5
2026-03-07_02.56.52,266,sign-optimization-horizontal-vertical_scenario,635,281,3,1,6,0,90,15,1,153945,AdultMaleAgent(Clone),11,10,1.71,1.58,10.07324,2,False,3,1,0.3333333
2026-03-07_02.56.52,266,sign-optimization-horizontal-vertical_scenario,635,281,3,1,6,0,90,15,1,153946,AdultMaleAgent(Clone),10,12,1.71,1.58,15.01855,2,True,3,1,0.3333333
2026-03-07_02.56.52,266,sign-optimization-horizontal-vertical_scenario,635,281,3,1,6,0,90,15,1,153947,AdultMaleAgent(Clone),6,12,1.71,1.58,8.823242,2,True,2,1,0.5
2026-03-07_02.56.52,266,sign-optimization-horizontal-vertical_scenario,635,281,3,1,6,0,90,15,1,153948,WheelchairAgent(Clone),6,12,1.3,1.17,8.711914,2,True,2,1,0.5
2026-03-07_02.56.52,266,sign-optimization-horizontal-vertical_scenario,635,281,3,1,6,0,90,15,1,153949,AdultFemaleAgent(Clone),5,10,1.58,1.45,0.2431641,2,False,2,0,0
2026-03-07_02.56.52,266,sign-optimization-horizontal-vertical_scenario,635,281,3,1,6,0,90,15,1,153950,AdultFemaleAgent(Clone),7,11,1.58,1.450001,5.564453,1,False,2,0,0
2026-03-07_02.56.52,266,sign-optimization-horizontal-vertical_scenario,635,281,3,1,6,0,90,15,1,153951,AdultMaleAgent(Clone),11,10,1.71,1.58,0.4072266,1,False,3,1,0.3333333
2026-03-07_02.56.52,266,sign-optimization-horizontal-vertical_scenario,635,281,3,1,6,0,90,15,1,153952,AdultMaleAgent(Clone),7,11,1.71,1.58,13.30176,1,False,2,0,0
2026-03-07_02.56.52,266,sign-optimization-horizontal-vertical_scenario,635,281,3,1,6,0,90,15,1,153953,AdultMaleAgent(Clone),7,11,1.71,1.58,12,1,False,2,0,0
2026-03-07_02.56.52,266,sign-optimization-horizontal-vertical_scenario,635,281,3,1,6,0,90,15,1,153954,AdultFemaleAgent(Clone),10,12,1.58,1.45,10.29199,2,True,3,1,0.3333333
2026-03-07_02.56.52,266,sign-optimization-horizontal-vertical_scenario,635,281,3,1,6,0,90,15,1,153955,AdultFemaleAgent(Clone),7,11,1.58,1.450001,11.5791,1,False,2,0,0
2026-03-07_02.56.52,266,sign-optimization-horizontal-vertical_scenario,635,281,3,1,6,0,90,15,1,153956,AdultFemaleAgent(Clone),5,10,1.58,1.45,0.07617188,1,False,2,0,0
2026-03-07_02.56.52,266,sign-optimization-horizontal-vertical_scenario,635,281,3,1,6,0,90,15,1,153957,WheelchairAgent(Clone),10,12,1.3,1.17,9.231445,2,True,3,1,0.3333333
2026-03-07_02.56.52,266,sign-optimization-horizontal-vertical_scenario,635,281,3,1,6,0,90,15,1,153958,WheelchairAgent(Clone),6,12,1.3,1.17,8.605469,2,True,2,1,0.5
2026-03-07_02.56.52,266,sign-optimization-horizontal-vertical_scenario,635,281,3,1,6,0,90,15,1,153959,AdultFemaleAgent(Clone),5,10,1.58,1.45,0.08398438,1,False,2,0,0
2026-03-07_02.56.52,266,sign-optimization-horizontal-vertical_scenario,635,281,3,1,6,0,90,15,1,153960,AdultFemaleAgent(Clone),11,10,1.58,1.450001,0,0,False,3,0,0
2026-03-07_02.56.52,266,sign-optimization-horizontal-vertical_scenario,635,281,3,1,6,0,90,15,1,153961,AdultMaleAgent(Clone),6,12,1.71,1.58,9.820313,2,True,2,1,0.5
2026-03-07_02.56.52,266,sign-optimization-horizontal-vertical_scenario,635,281,3,1,6,0,90,15,1,153962,WheelchairAgent(Clone),11,10,1.3,1.17,0,0,False,3,0,0
2026-03-07_02.56.52,266,sign-optimization-horizontal-vertical_scenario,635,281,3,1,6,0,90,15,1,153963,AdultMaleAgent(Clone),6,12,1.71,1.58,8.750977,2,True,2,1,0.5
2026-03-07_02.56.52,266,sign-optimization-horizontal-vertical_scenario,635,281,3,1,6,0,90,15,1,153964,AdultMaleAgent(Clone),5,10,1.71,1.58,0.3017578,1,False,2,0,0
2026-03-07_02.56.52,266,sign-optimization-horizontal-vertical_scenario,635,281,3,1,6,0,90,15,1,153965,AdultMaleAgent(Clone),7,11,1.71,1.58,10.51074,1,False,2,0,0
2026-03-07_02.56.52,266,sign-optimization-horizontal-vertical_scenario,635,281,3,1,6,0,90,15,1,153966,WheelchairAgent(Clone),6,12,1.3,1.17,8.748047,2,True,2,1,0.5
2026-03-07_02.56.52,266,sign-optimization-horizontal-vertical_scenario,635,281,3,1,6,0,90,15,1,153967,AdultFemaleAgent(Clone),10,12,1.58,1.45,8.518555,1,True,3,1,0.3333333
2026-03-07_02.56.52,266,sign-optimization-horizontal-vertical_scenario,635,281,3,1,6,0,90,15,1,153968,WheelchairAgent(Clone),5,10,1.3,1.17,1.180664,1,False,2,0,0
2026-03-07_02.56.52,266,sign-optimization-horizontal-vertical_scenario,635,281,3,1,6,0,90,15,1,153969,WheelchairAgent(Clone),5,10,1.3,1.17,0.04199219,1,False,2,0,0
2026-03-07_02.56.52,266,sign-optimization-horizontal-vertical_scenario,635,281,3,1,6,0,90,15,1,153970,AdultFemaleAgent(Clone),11,10,1.58,1.450001,0,0,False,3,0,0
2026-03-07_02.56.52,266,sign-optimization-horizontal-vertical_scenario,635,281,3,1,6,0,90,15,1,153971,WheelchairAgent(Clone),10,12,1.3,1.17,9.732422,2,True,3,1,0.3333333
2026-03-07_02.56.52,266,sign-optimization-horizontal-vertical_scenario,635,281,3,1,6,0,90,15,1,153972,AdultFemaleAgent(Clone),10,12,1.58,1.45,10.20801,2,True,3,1,0.3333333
2026-03-07_02.56.52,266,sign-optimization-horizontal-vertical_scenario,635,281,3,1,6,0,90,15,1,153973,AdultFemaleAgent(Clone),11,10,1.58,1.450001,0,0,False,3,0,0
2026-03-07_02.56.52,266,sign-optimization-horizontal-vertical_scenario,635,281,3,1,6,0,90,15,1,153974,AdultMaleAgent(Clone),10,12,1.71,1.58,5.764648,3,True,3,1,0.3333333
2026-03-07_02.56.52,266,sign-optimization-horizontal-vertical_scenario,635,281,3,1,6,0,90,15,1,153975,WheelchairAgent(Clone),7,11,1.3,1.17,9.40625,1,False,2,0,0
2026-03-07_02.56.52,266,sign-optimization-horizontal-vertical_scenario,635,281,3,1,6,0,90,15,1,153976,AdultMaleAgent(Clone),5,10,1.71,1.58,0.1357422,1,False,2,0,0
2026-03-07_02.56.52,266,sign-optimization-horizontal-vertical_scenario,635,281,3,1,6,0,90,15,1,153977,AdultFemaleAgent(Clone),5,10,1.58,1.45,0.3916016,1,False,2,0,0
2026-03-07_02.56.52,266,sign-optimization-horizontal-vertical_scenario,635,281,3,1,6,0,90,15,1,153978,AdultFemaleAgent(Clone),6,12,1.58,1.45,8.975586,2,True,2,1,0.5
2026-03-07_02.56.52,266,sign-optimization-horizontal-vertical_scenario,635,281,3,1,6,0,90,15,1,153979,WheelchairAgent(Clone),10,12,1.3,1.17,12.14453,2,True,3,1,0.3333333
2026-03-07_02.56.52,266,sign-optimization-horizontal-vertical_scenario,635,281,3,1,6,0,90,15,1,153980,AdultMaleAgent(Clone),5,10,1.71,1.58,0.5205078,1,False,2,0,0
2026-03-07_02.56.52,266,sign-optimization-horizontal-vertical_scenario,635,281,3,1,6,0,90,15,1,153981,WheelchairAgent(Clone),7,11,1.3,1.17,6.273438,1,False,2,0,0
2026-03-07_02.56.52,266,sign-optimization-horizontal-vertical_scenario,635,281,3,1,6,0,90,15,1,153982,WheelchairAgent(Clone),10,12,1.3,1.17,9.176758,2,True,3,1,0.3333333
2026-03-07_02.56.52,266,sign-optimization-horizontal-vertical_scenario,635,281,3,1,6,0,90,15,1,153983,AdultFemaleAgent(Clone),10,12,1.58,1.45,9.464844,2,True,3,1,0.3333333
2026-03-07_02.56.52,266,sign-optimization-horizontal-vertical_scenario,635,281,3,1,6,0,90,15,1,153984,AdultFemaleAgent(Clone),6,12,1.58,1.45,8.268555,2,True,2,1,0.5
2026-03-07_02.56.52,266,sign-optimization-horizontal-vertical_scenario,635,281,3,1,6,0,90,15,1,153985,WheelchairAgent(Clone),6,12,1.3,1.17,8.22168,2,True,2,1,0.5
2026-03-07_02.56.52,266,sign-optimization-horizontal-vertical_scenario,635,281,3,1,6,0,90,15,1,153986,WheelchairAgent(Clone),11,10,1.3,1.17,3.249023,1,True,3,1,0.3333333
2026-03-07_02.56.52,266,sign-optimization-horizontal-vertical_scenario,635,281,3,1,6,0,90,15,1,153987,WheelchairAgent(Clone),11,10,1.3,1.17,3.728516,2,True,3,1,0.3333333
2026-03-07_02.56.52,266,sign-optimization-horizontal-vertical_scenario,635,281,3,1,6,0,90,15,1,153988,AdultMaleAgent(Clone),6,12,1.71,1.58,10.43066,2,True,2,1,0.5
2026-03-07_02.56.52,266,sign-optimization-horizontal-vertical_scenario,635,281,3,1,6,0,90,15,1,153989,WheelchairAgent(Clone),5,10,1.3,1.17,0.04589844,1,False,2,0,0
2026-03-07_02.56.52,266,sign-optimization-horizontal-vertical_scenario,635,281,3,1,6,0,90,15,1,153990,AdultMaleAgent(Clone),11,10,1.71,1.58,0,0,False,3,0,0
2026-03-07_02.56.52,266,sign-optimization-horizontal-vertical_scenario,635,281,3,1,6,0,90,15,1,153991,WheelchairAgent(Clone),5,10,1.3,1.17,0,0,False,2,0,0
2026-03-07_02.56.52,266,sign-optimization-horizontal-vertical_scenario,635,281,3,1,6,0,90,15,1,153992,AdultFemaleAgent(Clone),10,12,1.58,1.45,9.067383,1,True,3,1,0.3333333
2026-03-07_02.56.52,266,sign-optimization-horizontal-vertical_scenario,635,281,3,1,6,0,90,15,1,153993,AdultMaleAgent(Clone),5,10,1.71,1.58,1.338867,1,False,2,0,0
2026-03-07_02.56.52,266,sign-optimization-horizontal-vertical_scenario,635,281,3,1,6,0,90,15,1,153994,AdultMaleAgent(Clone),6,12,1.71,1.58,8.189453,2,True,2,1,0.5
2026-03-07_02.56.52,266,sign-optimization-horizontal-vertical_scenario,635,281,3,1,6,0,90,15,1,153995,WheelchairAgent(Clone),6,12,1.3,1.17,8.166016,2,True,2,1,0.5
2026-03-07_02.56.52,266,sign-optimization-horizontal-vertical_scenario,635,281,3,1,6,0,90,15,1,153996,AdultFemaleAgent(Clone),5,10,1.58,1.45,0,0,False,2,0,0
2026-03-07_02.56.52,266,sign-optimization-horizontal-vertical_scenario,635,281,3,1,6,0,90,15,1,153997,AdultMaleAgent(Clone),6,12,1.71,1.58,9.698242,2,True,2,1,0.5
2026-03-07_02.56.52,266,sign-optimization-horizontal-vertical_scenario,635,281,3,1,6,0,90,15,1,153998,AdultMaleAgent(Clone),10,12,1.71,1.58,8.99707,1,True,3,1,0.3333333
2026-03-07_02.56.52,266,sign-optimization-horizontal-vertical_scenario,635,281,3,1,6,0,90,15,1,153999,WheelchairAgent(Clone),5,10,1.3,1.17,0.04101563,1,False,2,0,0
2026-03-07_02.56.52,266,sign-optimization-horizontal-vertical_scenario,635,281,3,1,6,0,90,15,1,154000,AdultFemaleAgent(Clone),5,10,1.58,1.45,0.08203125,2,False,2,0,0
2026-03-07_02.56.52,266,sign-optimization-horizontal-vertical_scenario,635,281,3,1,6,0,90,15,1,154001,AdultMaleAgent(Clone),6,12,1.71,1.58,10.51953,2,True,2,1,0.5
2026-03-07_02.56.52,266,sign-optimization-horizontal-vertical_scenario,635,281,3,1,6,0,90,15,1,154002,AdultMaleAgent(Clone),6,12,1.71,1.58,8.314453,2,True,2,1,0.5
2026-03-07_02.56.52,266,sign-optimization-horizontal-vertical_scenario,635,281,3,1,6,0,90,15,1,154003,AdultFemaleAgent(Clone),11,10,1.58,1.450001,0,0,False,3,0,0
2026-03-07_02.56.52,266,sign-optimization-horizontal-vertical_scenario,635,281,3,1,6,0,90,15,1,154004,AdultMaleAgent(Clone),6,12,1.71,1.58,8.668945,2,True,2,1,0.5
2026-03-07_02.56.52,266,sign-optimization-horizontal-vertical_scenario,635,281,3,1,6,0,90,15,1,154005,AdultFemaleAgent(Clone),7,11,1.58,1.450001,11.57227,1,False,2,0,0
2026-03-07_02.56.52,266,sign-optimization-horizontal-vertical_scenario,635,281,3,1,6,0,90,15,1,154006,WheelchairAgent(Clone),10,12,1.3,1.17,9.830078,1,True,3,1,0.3333333
2026-03-07_02.56.52,266,sign-optimization-horizontal-vertical_scenario,635,281,3,1,6,0,90,15,1,154007,WheelchairAgent(Clone),7,11,1.3,1.17,0,0,False,2,0,0
2026-03-07_02.56.52,266,sign-optimization-horizontal-vertical_scenario,635,281,3,1,6,0,90,15,1,154008,AdultFemaleAgent(Clone),7,11,1.58,1.450001,0,0,False,2,0,0
2026-03-07_02.56.52,266,sign-optimization-horizontal-vertical_scenario,635,281,3,1,6,0,90,15,1,154009,AdultFemaleAgent(Clone),5,10,1.58,1.45,0.3623047,2,False,2,0,0
2026-03-07_02.56.52,266,sign-optimization-horizontal-vertical_scenario,635,281,3,1,6,0,90,15,1,154010,WheelchairAgent(Clone),10,12,1.3,1.17,8.983398,1,True,3,1,0.3333333
2026-03-07_02.56.52,266,sign-optimization-horizontal-vertical_scenario,635,281,3,1,6,0,90,15,1,154011,WheelchairAgent(Clone),11,10,1.3,1.17,0,0,False,3,0,0
2026-03-07_02.56.52,266,sign-optimization-horizontal-vertical_scenario,635,281,3,1,6,0,90,15,1,154012,AdultFemaleAgent(Clone),6,12,1.58,1.45,8.532227,2,True,2,1,0.5
2026-03-07_02.56.52,266,sign-optimization-horizontal-vertical_scenario,635,281,3,1,6,0,90,15,1,154013,AdultMaleAgent(Clone),11,10,1.71,1.58,0,0,False,3,0,0
2026-03-07_02.56.52,266,sign-optimization-horizontal-vertical_scenario,635,281,3,1,6,0,90,15,1,154014,WheelchairAgent(Clone),11,10,1.3,1.17,1.901367,1,True,3,1,0.3333333
2026-03-07_02.56.52,266,sign-optimization-horizontal-vertical_scenario,635,281,3,1,6,0,90,15,1,154015,AdultMaleAgent(Clone),10,12,1.71,1.58,9.041992,2,True,3,1,0.3333333
2026-03-07_02.56.52,266,sign-optimization-horizontal-vertical_scenario,635,281,3,1,6,0,90,15,1,154016,AdultMaleAgent(Clone),6,12,1.71,1.58,7.990234,2,True,2,1,0.5
2026-03-07_02.56.52,266,sign-optimization-horizontal-vertical_scenario,635,281,3,1,6,0,90,15,1,154017,WheelchairAgent(Clone),7,11,1.3,1.17,0,0,False,2,0,0
2026-03-07_02.56.52,266,sign-optimization-horizontal-vertical_scenario,635,281,3,1,6,0,90,15,1,154018,AdultFemaleAgent(Clone),5,10,1.58,1.45,1.457031,1,False,2,0,0
2026-03-07_02.56.52,266,sign-optimization-horizontal-vertical_scenario,635,281,3,1,6,0,90,15,1,154019,AdultFemaleAgent(Clone),6,12,1.58,1.45,8.335938,2,True,2,1,0.5
2026-03-07_02.56.52,266,sign-optimization-horizontal-vertical_scenario,635,281,3,1,6,0,90,15,1,154020,AdultMaleAgent(Clone),5,10,1.71,1.58,0,0,False,2,0,0
2026-03-07_02.56.52,266,sign-optimization-horizontal-vertical_scenario,635,281,3,1,6,0,90,15,1,154021,WheelchairAgent(Clone),6,12,1.3,1.17,7.675781,2,False,2,1,0.5
2026-03-07_02.56.52,266,sign-optimization-horizontal-vertical_scenario,635,281,3,1,6,0,90,15,1,154022,WheelchairAgent(Clone),5,10,1.3,1.17,0,0,False,2,0,0
2026-03-07_02.56.52,266,sign-optimization-horizontal-vertical_scenario,635,281,3,1,6,0,90,15,1,154023,WheelchairAgent(Clone),11,10,1.3,1.17,0,0,False,3,0,0
2026-03-07_02.56.52,266,sign-optimization-horizontal-vertical_scenario,635,281,3,1,6,0,90,15,1,154024,AdultFemaleAgent(Clone),11,10,1.58,1.450001,0,0,False,3,0,0
2026-03-07_02.56.52,266,sign-optimization-horizontal-vertical_scenario,635,281,3,1,6,0,90,15,1,154025,WheelchairAgent(Clone),5,10,1.3,1.17,0,0,False,2,0,0
2026-03-07_02.56.52,266,sign-optimization-horizontal-vertical_scenario,635,281,3,1,6,0,90,15,1,154026,AdultFemaleAgent(Clone),6,12,1.58,1.45,7.359375,2,True,2,1,0.5
2026-03-07_02.56.52,266,sign-optimization-horizontal-vertical_scenario,635,281,3,1,6,0,90,15,1,154027,WheelchairAgent(Clone),7,11,1.3,1.17,0,0,False,2,0,0
2026-03-07_02.56.52,266,sign-optimization-horizontal-vertical_scenario,635,281,3,1,6,0,90,15,1,154028,AdultMaleAgent(Clone),10,12,1.71,1.58,8.268555,2,True,3,1,0.3333333
2026-03-07_02.56.52,266,sign-optimization-horizontal-vertical_scenario,635,281,3,1,6,0,90,15,1,154029,WheelchairAgent(Clone),5,10,1.3,1.17,0,0,False,2,0,0
2026-03-07_02.56.52,266,sign-optimization-horizontal-vertical_scenario,635,281,3,1,6,0,90,15,1,154030,AdultFemaleAgent(Clone),11,10,1.58,1.450001,1.922852,1,True,3,1,0.3333333
2026-03-07_02.56.52,266,sign-optimization-horizontal-vertical_scenario,635,281,3,1,6,0,90,15,1,154031,WheelchairAgent(Clone),6,12,1.3,1.17,8.529297,2,True,2,1,0.5
2026-03-07_02.56.52,266,sign-optimization-horizontal-vertical_scenario,635,281,3,1,6,0,90,15,1,154032,WheelchairAgent(Clone),11,10,1.3,1.17,0,0,False,3,0,0
2026-03-07_02.56.52,266,sign-optimization-horizontal-vertical_scenario,635,281,3,1,6,0,90,15,1,154033,AdultMaleAgent(Clone),10,12,1.71,1.58,8.896484,2,True,3,1,0.3333333
2026-03-07_02.56.52,266,sign-optimization-horizontal-vertical_scenario,635,281,3,1,6,0,90,15,1,154034,AdultFemaleAgent(Clone),11,10,1.58,1.450001,2.669922,1,True,3,1,0.3333333
2026-03-07_02.56.52,266,sign-optimization-horizontal-vertical_scenario,635,281,3,1,6,0,90,15,1,154035,AdultMaleAgent(Clone),7,11,1.71,1.58,0,0,False,2,0,0
2026-03-07_02.56.52,266,sign-optimization-horizontal-vertical_scenario,635,281,3,1,6,0,90,15,1,154036,WheelchairAgent(Clone),5,10,1.3,1.17,1.735352,1,False,2,0,0
2026-03-07_02.56.52,266,sign-optimization-horizontal-vertical_scenario,635,281,3,1,6,0,90,15,1,154037,AdultFemaleAgent(Clone),11,10,1.58,1.450001,0,0,False,3,0,0
2026-03-07_02.56.52,266,sign-optimization-horizontal-vertical_scenario,635,281,3,1,6,0,90,15,1,154038,AdultMaleAgent(Clone),7,11,1.71,1.58,0,0,False,2,0,0
2026-03-07_02.56.52,266,sign-optimization-horizontal-vertical_scenario,635,281,3,1,6,0,90,15,1,154039,AdultFemaleAgent(Clone),7,11,1.58,1.450001,0,0,False,2,0,0
2026-03-07_02.56.52,266,sign-optimization-horizontal-vertical_scenario,635,281,3,1,6,0,90,15,1,154040,AdultFemaleAgent(Clone),7,11,1.58,1.450001,7.119141,1,False,2,0,0
2026-03-07_02.56.52,266,sign-optimization-horizontal-vertical_scenario,635,281,3,1,6,0,90,15,1,154041,WheelchairAgent(Clone),5,10,1.3,1.17,0,0,False,2,0,0
2026-03-07_02.56.52,266,sign-optimization-horizontal-vertical_scenario,635,281,3,1,6,0,90,15,1,154042,WheelchairAgent(Clone),11,10,1.3,1.17,2.414063,1,True,3,1,0.3333333
2026-03-07_02.56.52,266,sign-optimization-horizontal-vertical_scenario,635,281,3,1,6,0,90,15,1,154043,AdultMaleAgent(Clone),10,12,1.71,1.58,8.532227,1,True,3,1,0.3333333
2026-03-07_02.56.52,266,sign-optimization-horizontal-vertical_scenario,635,281,3,1,6,0,90,15,1,154044,AdultFemaleAgent(Clone),7,11,1.58,1.450001,0,0,False,2,0,0
2026-03-07_02.56.52,266,sign-optimization-horizontal-vertical_scenario,635,281,3,1,6,0,90,15,1,154045,WheelchairAgent(Clone),5,10,1.3,1.17,0,0,False,2,0,0
2026-03-07_02.56.52,266,sign-optimization-horizontal-vertical_scenario,635,281,3,1,6,0,90,15,1,154046,WheelchairAgent(Clone),5,10,1.3,1.17,0,0,False,2,0,0
2026-03-07_02.56.52,266,sign-optimization-horizontal-vertical_scenario,635,281,3,1,6,0,90,15,1,154047,AdultFemaleAgent(Clone),10,12,1.58,1.45,6.771484,2,True,3,1,0.3333333
2026-03-07_02.56.52,266,sign-optimization-horizontal-vertical_scenario,635,281,3,1,6,0,90,15,1,154048,AdultFemaleAgent(Clone),6,12,1.58,1.45,9.389648,1,True,2,1,0.5
2026-03-07_02.56.52,266,sign-optimization-horizontal-vertical_scenario,635,281,3,1,6,0,90,15,1,154049,AdultMaleAgent(Clone),6,12,1.71,1.58,8.978516,1,True,2,1,0.5
2026-03-07_02.56.52,266,sign-optimization-horizontal-vertical_scenario,635,281,3,1,6,0,90,15,1,154050,AdultFemaleAgent(Clone),5,10,1.58,1.45,0,0,False,2,0,0
2026-03-07_02.56.52,266,sign-optimization-horizontal-vertical_scenario,635,281,3,1,6,0,90,15,1,154051,AdultFemaleAgent(Clone),7,11,1.58,1.450001,0,0,False,2,0,0
2026-03-07_02.56.52,266,sign-optimization-horizontal-vertical_scenario,635,281,3,1,6,0,90,15,1,154052,AdultMaleAgent(Clone),5,10,1.71,1.58,0,0,False,2,0,0
2026-03-07_02.56.52,266,sign-optimization-horizontal-vertical_scenario,635,281,3,1,6,0,90,15,1,154053,WheelchairAgent(Clone),6,12,1.3,1.17,7.947266,1,True,2,1,0.5
2026-03-07_02.56.52,266,sign-optimization-horizontal-vertical_scenario,635,281,3,1,6,0,90,15,1,154054,AdultFemaleAgent(Clone),5,10,1.58,1.45,0,0,False,2,0,0
2026-03-07_02.56.52,266,sign-optimization-horizontal-vertical_scenario,635,281,3,1,6,0,90,15,1,154055,AdultMaleAgent(Clone),6,12,1.71,1.58,9.646484,1,True,2,1,0.5
2026-03-07_02.56.52,266,sign-optimization-horizontal-vertical_scenario,635,281,3,1,6,0,90,15,1,154056,AdultMaleAgent(Clone),11,10,1.71,1.58,2.472656,1,True,3,1,0.3333333
2026-03-07_02.56.52,266,sign-optimization-horizontal-vertical_scenario,635,281,3,1,6,0,90,15,1,154057,WheelchairAgent(Clone),11,10,1.3,1.17,5.179688,3,True,3,1,0.3333333
2026-03-07_02.56.52,266,sign-optimization-horizontal-vertical_scenario,635,281,3,1,6,0,90,15,1,154058,AdultMaleAgent(Clone),6,12,1.71,1.58,9.210938,1,True,2,1,0.5
2026-03-07_02.56.52,266,sign-optimization-horizontal-vertical_scenario,635,281,3,1,6,0,90,15,1,154059,AdultMaleAgent(Clone),11,10,1.71,1.58,0,0,False,3,0,0
2026-03-07_02.56.52,266,sign-optimization-horizontal-vertical_scenario,635,281,3,1,6,0,90,15,1,154060,WheelchairAgent(Clone),6,12,1.3,1.17,9.930664,1,True,2,1,0.5
2026-03-07_02.56.52,266,sign-optimization-horizontal-vertical_scenario,635,281,3,1,6,0,90,15,1,154061,AdultMaleAgent(Clone),11,10,1.71,1.58,0,0,False,3,0,0
2026-03-07_02.56.52,266,sign-optimization-horizontal-vertical_scenario,635,281,3,1,6,0,90,15,1,154062,AdultFemaleAgent(Clone),11,10,1.58,1.450001,0,0,False,3,0,0
2026-03-07_02.56.52,266,sign-optimization-horizontal-vertical_scenario,635,281,3,1,6,0,90,15,1,154063,AdultMaleAgent(Clone),10,12,1.71,1.58,9.142578,1,True,3,1,0.3333333
2026-03-07_02.56.52,266,sign-optimization-horizontal-vertical_scenario,635,281,3,1,6,0,90,15,1,154064,WheelchairAgent(Clone),5,10,1.3,1.17,0.08398438,1,False,2,0,0
2026-03-07_02.56.52,266,sign-optimization-horizontal-vertical_scenario,635,281,3,1,6,0,90,15,1,154065,AdultFemaleAgent(Clone),10,12,1.58,1.45,9.308594,1,True,3,1,0.3333333
2026-03-07_02.56.52,266,sign-optimization-horizontal-vertical_scenario,635,281,3,1,6,0,90,15,1,154066,WheelchairAgent(Clone),11,10,1.3,1.17,1.476563,1,False,3,0,0
2026-03-07_02.56.52,266,sign-optimization-horizontal-vertical_scenario,635,281,3,1,6,0,90,15,1,154067,WheelchairAgent(Clone),6,12,1.3,1.17,8.423828,1,True,2,1,0.5
2026-03-07_02.56.52,266,sign-optimization-horizontal-vertical_scenario,635,281,3,1,6,0,90,15,1,154068,AdultMaleAgent(Clone),10,12,1.71,1.58,7.625,1,True,3,1,0.3333333
2026-03-07_02.56.52,266,sign-optimization-horizontal-vertical_scenario,635,281,3,1,6,0,90,15,1,154069,WheelchairAgent(Clone),6,12,1.3,1.17,7.388672,1,True,2,1,0.5
2026-03-07_02.56.52,266,sign-optimization-horizontal-vertical_scenario,635,281,3,1,6,0,90,15,1,154070,AdultFemaleAgent(Clone),6,12,1.58,1.45,9.658203,1,True,2,1,0.5
2026-03-07_02.56.52,266,sign-optimization-horizontal-vertical_scenario,635,281,3,1,6,0,90,15,1,154071,AdultFemaleAgent(Clone),5,10,1.58,1.45,0.2636719,1,False,2,0,0
2026-03-07_02.56.52,266,sign-optimization-horizontal-vertical_scenario,635,281,3,1,6,0,90,15,1,154072,WheelchairAgent(Clone),5,10,1.3,1.17,0.2314453,1,False,2,0,0
2026-03-07_02.56.52,266,sign-optimization-horizontal-vertical_scenario,635,281,3,1,6,0,90,15,1,154073,WheelchairAgent(Clone),7,11,1.3,1.17,0,0,False,2,0,0
2026-03-07_02.56.52,266,sign-optimization-horizontal-vertical_scenario,635,281,3,1,6,0,90,15,1,154074,WheelchairAgent(Clone),10,12,1.3,1.17,9.338867,1,True,3,1,0.3333333
2026-03-07_02.56.52,266,sign-optimization-horizontal-vertical_scenario,635,281,3,1,6,0,90,15,1,154075,WheelchairAgent(Clone),11,10,1.3,1.17,0,0,False,3,0,0
2026-03-07_02.56.52,266,sign-optimization-horizontal-vertical_scenario,635,281,3,1,6,0,90,15,1,154076,AdultFemaleAgent(Clone),11,10,1.58,1.450001,1.670898,1,False,3,1,0.3333333
2026-03-07_02.56.52,266,sign-optimization-horizontal-vertical_scenario,635,281,3,1,6,0,90,15,1,154077,AdultMaleAgent(Clone),6,12,1.71,1.58,11.03613,1,True,2,1,0.5
2026-03-07_02.56.52,266,sign-optimization-horizontal-vertical_scenario,635,281,3,1,6,0,90,15,1,154078,AdultFemaleAgent(Clone),10,12,1.58,1.45,8.206055,1,True,3,1,0.3333333
2026-03-07_02.56.52,266,sign-optimization-horizontal-vertical_scenario,635,281,3,1,6,0,90,15,1,154079,WheelchairAgent(Clone),11,10,1.3,1.17,1.68457,1,False,3,0,0
2026-03-07_02.56.52,266,sign-optimization-horizontal-vertical_scenario,635,281,3,1,6,0,90,15,1,154080,WheelchairAgent(Clone),7,11,1.3,1.17,0,0,False,2,0,0
2026-03-07_02.56.52,266,sign-optimization-horizontal-vertical_scenario,635,281,3,1,6,0,90,15,1,154081,WheelchairAgent(Clone),7,11,1.3,1.17,0,0,False,2,0,0
2026-03-07_02.56.52,266,sign-optimization-horizontal-vertical_scenario,635,281,3,1,6,0,90,15,1,154082,AdultFemaleAgent(Clone),5,10,1.58,1.45,1.118164,1,False,2,0,0
2026-03-07_02.56.52,266,sign-optimization-horizontal-vertical_scenario,635,281,3,1,6,0,90,15,1,154083,AdultMaleAgent(Clone),11,10,1.71,1.58,0,0,False,3,0,0
2026-03-07_02.56.52,266,sign-optimization-horizontal-vertical_scenario,635,281,3,1,6,0,90,15,1,154084,AdultMaleAgent(Clone),6,12,1.71,1.58,10.03613,1,True,2,1,0.5
2026-03-07_02.56.52,266,sign-optimization-horizontal-vertical_scenario,635,281,3,1,6,0,90,15,1,154085,AdultMaleAgent(Clone),5,10,1.71,1.58,0,0,False,2,0,0
2026-03-07_02.56.52,266,sign-optimization-horizontal-vertical_scenario,635,281,3,1,6,0,90,15,1,154086,AdultFemaleAgent(Clone),11,10,1.58,1.450001,2.994141,1,True,3,1,0.3333333
2026-03-07_02.56.52,266,sign-optimization-horizontal-vertical_scenario,635,281,3,1,6,0,90,15,1,154087,WheelchairAgent(Clone),6,12,1.3,1.17,10.48145,1,True,2,1,0.5
2026-03-07_02.56.52,266,sign-optimization-horizontal-vertical_scenario,635,281,3,1,6,0,90,15,1,154088,AdultMaleAgent(Clone),7,11,1.71,1.58,0,0,False,2,0,0
2026-03-07_02.56.52,266,sign-optimization-horizontal-vertical_scenario,635,281,3,1,6,0,90,15,1,154089,WheelchairAgent(Clone),5,10,1.3,1.17,0.5615234,1,False,2,0,0
2026-03-07_02.56.52,266,sign-optimization-horizontal-vertical_scenario,635,281,3,1,6,0,90,15,1,154090,WheelchairAgent(Clone),11,10,1.3,1.17,0,0,False,3,0,0
2026-03-07_02.56.52,266,sign-optimization-horizontal-vertical_scenario,635,281,3,1,6,0,90,15,1,154091,WheelchairAgent(Clone),11,10,1.3,1.17,0,0,False,3,0,0
2026-03-07_02.56.52,266,sign-optimization-horizontal-vertical_scenario,635,281,3,1,6,0,90,15,1,154092,AdultFemaleAgent(Clone),5,10,1.58,1.45,0,0,False,2,0,0
2026-03-07_02.56.52,266,sign-optimization-horizontal-vertical_scenario,635,281,3,1,6,0,90,15,1,154093,WheelchairAgent(Clone),10,12,1.3,1.17,9.108398,1,True,3,1,0.3333333
2026-03-07_02.56.52,266,sign-optimization-horizontal-vertical_scenario,635,281,3,1,6,0,90,15,1,154094,AdultFemaleAgent(Clone),11,10,1.58,1.450001,0,0,False,3,0,0
2026-03-07_02.56.52,266,sign-optimization-horizontal-vertical_scenario,635,281,3,1,6,0,90,15,1,154095,WheelchairAgent(Clone),5,10,1.3,1.17,0,0,False,2,0,0
2026-03-07_02.56.52,266,sign-optimization-horizontal-vertical_scenario,635,281,3,1,6,0,90,15,1,154096,AdultFemaleAgent(Clone),6,12,1.58,1.45,10.68359,1,True,2,1,0.5
2026-03-07_02.56.52,266,sign-optimization-horizontal-vertical_scenario,635,281,3,1,6,0,90,15,1,154097,AdultFemaleAgent(Clone),5,10,1.58,1.45,1.231445,1,False,2,0,0
2026-03-07_02.56.52,266,sign-optimization-horizontal-vertical_scenario,635,281,3,1,6,0,90,15,1,154098,AdultFemaleAgent(Clone),6,12,1.58,1.45,8.1875,1,True,2,1,0.5
2026-03-07_02.56.52,266,sign-optimization-horizontal-vertical_scenario,635,281,3,1,6,0,90,15,1,154099,AdultFemaleAgent(Clone),5,10,1.58,1.45,0,0,False,2,0,0
2026-03-07_02.56.52,266,sign-optimization-horizontal-vertical_scenario,635,281,3,1,6,0,90,15,1,154100,AdultMaleAgent(Clone),11,10,1.71,1.58,0,0,False,3,0,0
2026-03-07_02.56.52,266,sign-optimization-horizontal-vertical_scenario,635,281,3,1,6,0,90,15,1,154101,WheelchairAgent(Clone),10,12,1.3,1.17,8.963867,1,True,3,1,0.3333333
2026-03-07_02.56.52,266,sign-optimization-horizontal-vertical_scenario,635,281,3,1,6,0,90,15,1,154102,AdultMaleAgent(Clone),7,11,1.71,1.58,0,0,False,2,0,0
2026-03-07_02.56.52,266,sign-optimization-horizontal-vertical_scenario,635,281,3,1,6,0,90,15,1,154103,WheelchairAgent(Clone),11,10,1.3,1.17,4.191406,1,True,3,1,0.3333333
2026-03-07_02.56.52,266,sign-optimization-horizontal-vertical_scenario,635,281,3,1,6,0,90,15,1,154104,AdultMaleAgent(Clone),7,11,1.71,1.58,0,0,False,2,0,0
2026-03-07_02.56.52,266,sign-optimization-horizontal-vertical_scenario,635,281,3,1,6,0,90,15,1,154105,WheelchairAgent(Clone),6,12,1.3,1.17,9.726563,1,True,2,1,0.5
2026-03-07_02.56.52,266,sign-optimization-horizontal-vertical_scenario,635,281,3,1,6,0,90,15,1,154106,AdultMaleAgent(Clone),6,12,1.71,1.58,7.983398,1,True,2,1,0.5
2026-03-07_02.56.52,266,sign-optimization-horizontal-vertical_scenario,635,281,3,1,6,0,90,15,1,154107,WheelchairAgent(Clone),11,10,1.3,1.17,1.363281,1,True,3,1,0.3333333
2026-03-07_02.56.52,266,sign-optimization-horizontal-vertical_scenario,635,281,3,1,6,0,90,15,1,154108,AdultMaleAgent(Clone),10,12,1.71,1.58,8.354492,1,True,3,1,0.3333333
2026-03-07_02.56.52,266,sign-optimization-horizontal-vertical_scenario,635,281,3,1,6,0,90,15,1,154109,AdultFemaleAgent(Clone),11,10,1.58,1.450001,0,0,False,3,0,0
2026-03-07_02.56.52,266,sign-optimization-horizontal-vertical_scenario,635,281,3,1,6,0,90,15,1,154110,AdultMaleAgent(Clone),6,12,1.71,1.58,8.87793,1,True,2,1,0.5
2026-03-07_02.56.52,266,sign-optimization-horizontal-vertical_scenario,635,281,3,1,6,0,90,15,1,154111,AdultMaleAgent(Clone),6,12,1.71,1.58,9.006836,1,True,2,1,0.5
2026-03-07_02.56.52,266,sign-optimization-horizontal-vertical_scenario,635,281,3,1,6,0,90,15,1,154112,AdultFemaleAgent(Clone),5,10,1.58,1.45,0,0,False,2,0,0
2026-03-07_02.56.52,266,sign-optimization-horizontal-vertical_scenario,635,281,3,1,6,0,90,15,1,154113,AdultFemaleAgent(Clone),11,10,1.58,1.450001,0,0,False,3,0,0
2026-03-07_02.56.52,266,sign-optimization-horizontal-vertical_scenario,635,281,3,1,6,0,90,15,1,154114,AdultMaleAgent(Clone),6,12,1.71,1.58,10.04395,1,True,2,1,0.5
2026-03-07_02.56.52,266,sign-optimization-horizontal-vertical_scenario,635,281,3,1,6,0,90,15,1,154115,AdultMaleAgent(Clone),5,10,1.71,1.58,1.713867,1,False,2,0,0
2026-03-07_02.56.52,266,sign-optimization-horizontal-vertical_scenario,635,281,3,1,6,0,90,15,1,154116,WheelchairAgent(Clone),11,10,1.3,1.17,2.183594,1,True,3,1,0.3333333
2026-03-07_02.56.52,266,sign-optimization-horizontal-vertical_scenario,635,281,3,1,6,0,90,15,1,154117,AdultMaleAgent(Clone),7,11,1.71,1.58,0,0,False,2,0,0
2026-03-07_02.56.52,266,sign-optimization-horizontal-vertical_scenario,635,281,3,1,6,0,90,15,1,154118,AdultMaleAgent(Clone),5,10,1.71,1.58,0,0,False,2,0,0
2026-03-07_02.56.52,266,sign-optimization-horizontal-vertical_scenario,635,281,3,1,6,0,90,15,1,154119,AdultFemaleAgent(Clone),11,10,1.58,1.450001,0,0,False,3,0,0
2026-03-07_02.56.52,266,sign-optimization-horizontal-vertical_scenario,635,281,3,1,6,0,90,15,1,154120,AdultFemaleAgent(Clone),7,11,1.58,1.450001,0,0,False,2,0,0
2026-03-07_02.56.52,266,sign-optimization-horizontal-vertical_scenario,635,281,3,1,6,0,90,15,1,154121,AdultFemaleAgent(Clone),5,10,1.58,1.45,0,0,False,2,0,0
2026-03-07_02.56.52,266,sign-optimization-horizontal-vertical_scenario,635,281,3,1,6,0,90,15,1,154122,AdultFemaleAgent(Clone),11,10,1.58,1.450001,1.017578,1,True,3,1,0.3333333
2026-03-07_02.56.52,266,sign-optimization-horizontal-vertical_scenario,635,281,3,1,6,0,90,15,1,154123,AdultMaleAgent(Clone),7,11,1.71,1.58,0,0,False,2,0,0
2026-03-07_02.56.52,266,sign-optimization-horizontal-vertical_scenario,635,281,3,1,6,0,90,15,1,154124,AdultMaleAgent(Clone),5,10,1.71,1.58,0,0,False,2,0,0
2026-03-07_02.56.52,266,sign-optimization-horizontal-vertical_scenario,635,281,3,1,6,0,90,15,1,154125,WheelchairAgent(Clone),6,12,1.3,1.17,9.871094,1,True,2,1,0.5
2026-03-07_02.56.52,266,sign-optimization-horizontal-vertical_scenario,635,281,3,1,6,0,90,15,1,154126,AdultFemaleAgent(Clone),5,10,1.58,1.45,0.4863281,1,False,2,0,0
2026-03-07_02.56.52,266,sign-optimization-horizontal-vertical_scenario,635,281,3,1,6,0,90,15,1,154127,AdultFemaleAgent(Clone),7,11,1.58,1.450001,0,0,False,2,0,0
2026-03-07_02.56.52,266,sign-optimization-horizontal-vertical_scenario,635,281,3,1,6,0,90,15,1,154128,WheelchairAgent(Clone),10,12,1.3,1.17,8.410156,1,False,3,1,0.3333333
2026-03-07_02.56.52,266,sign-optimization-horizontal-vertical_scenario,635,281,3,1,6,0,90,15,1,154129,AdultFemaleAgent(Clone),6,12,1.58,1.45,9.726563,1,True,2,1,0.5
2026-03-07_02.56.52,266,sign-optimization-horizontal-vertical_scenario,635,281,3,1,6,0,90,15,1,154130,AdultFemaleAgent(Clone),10,12,1.58,1.45,8.867188,1,True,3,1,0.3333333
2026-03-07_02.56.52,266,sign-optimization-horizontal-vertical_scenario,635,281,3,1,6,0,90,15,1,154131,WheelchairAgent(Clone),5,10,1.3,1.17,0,0,False,2,0,0
2026-03-07_02.56.52,266,sign-optimization-horizontal-vertical_scenario,635,281,3,1,6,0,90,15,1,154132,AdultFemaleAgent(Clone),7,11,1.58,1.450001,0,0,False,2,0,0
2026-03-07_02.56.52,266,sign-optimization-horizontal-vertical_scenario,635,281,3,1,6,0,90,15,1,154133,WheelchairAgent(Clone),10,12,1.3,1.17,8.887695,1,True,3,1,0.3333333
2026-03-07_02.56.52,266,sign-optimization-horizontal-vertical_scenario,635,281,3,1,6,0,90,15,1,154134,AdultMaleAgent(Clone),6,12,1.71,1.58,9.87793,1,True,2,1,0.5
2026-03-07_02.56.52,266,sign-optimization-horizontal-vertical_scenario,635,281,3,1,6,0,90,15,1,154135,WheelchairAgent(Clone),11,10,1.3,1.17,0,0,False,3,1,0.3333333
2026-03-07_02.56.52,266,sign-optimization-horizontal-vertical_scenario,635,281,3,1,6,0,90,15,1,154136,AdultMaleAgent(Clone),7,11,1.71,1.58,0,0,False,2,0,0
2026-03-07_02.56.52,266,sign-optimization-horizontal-vertical_scenario,635,281,3,1,6,0,90,15,1,154137,WheelchairAgent(Clone),7,11,1.3,1.17,0,0,False,2,0,0
2026-03-07_02.56.52,266,sign-optimization-horizontal-vertical_scenario,635,281,3,1,6,0,90,15,1,154138,AdultFemaleAgent(Clone),10,12,1.58,1.45,8.260742,1,True,3,1,0.3333333
2026-03-07_02.56.52,266,sign-optimization-horizontal-vertical_scenario,635,281,3,1,6,0,90,15,1,154139,WheelchairAgent(Clone),5,10,1.3,1.17,0,0,False,2,0,0
2026-03-07_02.56.52,266,sign-optimization-horizontal-vertical_scenario,635,281,3,1,6,0,90,15,1,154140,WheelchairAgent(Clone),5,10,1.3,1.17,0,0,False,2,0,0
2026-03-07_02.56.52,266,sign-optimization-horizontal-vertical_scenario,635,281,3,1,6,0,90,15,1,154141,AdultMaleAgent(Clone),7,11,1.71,1.58,0,0,False,2,0,0
2026-03-07_02.56.52,266,sign-optimization-horizontal-vertical_scenario,635,281,3,1,6,0,90,15,1,154142,AdultFemaleAgent(Clone),5,10,1.58,1.45,0,0,False,2,0,0
2026-03-07_02.56.52,266,sign-optimization-horizontal-vertical_scenario,635,281,3,1,6,0,90,15,1,154143,WheelchairAgent(Clone),10,12,1.3,1.17,8.599609,1,True,3,1,0.3333333
2026-03-07_02.56.52,266,sign-optimization-horizontal-vertical_scenario,635,281,3,1,6,0,90,15,1,154144,WheelchairAgent(Clone),5,10,1.3,1.17,0,0,False,2,0,0
2026-03-07_02.56.52,266,sign-optimization-horizontal-vertical_scenario,635,281,3,1,6,0,90,15,1,154145,WheelchairAgent(Clone),10,12,1.3,1.17,9.196289,1,True,3,1,0.3333333
2026-03-07_02.56.52,266,sign-optimization-horizontal-vertical_scenario,635,281,3,1,6,0,90,15,1,154146,WheelchairAgent(Clone),6,12,1.3,1.17,0,0,True,2,1,0.5
2026-03-07_02.56.52,266,sign-optimization-horizontal-vertical_scenario,635,281,3,1,6,0,90,15,1,154147,AdultMaleAgent(Clone),7,11,1.71,1.58,0,0,False,2,0,0
2026-03-07_02.56.52,266,sign-optimization-horizontal-vertical_scenario,635,281,3,1,6,0,90,15,1,154148,WheelchairAgent(Clone),11,10,1.3,1.17,0,0,False,3,0,0
2026-03-07_02.56.52,266,sign-optimization-horizontal-vertical_scenario,635,281,3,1,6,0,90,15,1,154149,AdultMaleAgent(Clone),10,12,1.71,1.58,8.680664,1,True,3,1,0.3333333
2026-03-07_02.56.52,266,sign-optimization-horizontal-vertical_scenario,635,281,3,1,6,0,90,15,1,154150,AdultFemaleAgent(Clone),6,12,1.58,1.45,9.466797,1,True,2,1,0.5
2026-03-07_02.56.52,266,sign-optimization-horizontal-vertical_scenario,635,281,3,1,6,0,90,15,1,154151,WheelchairAgent(Clone),10,12,1.3,1.17,7.819336,1,True,3,1,0.3333333
2026-03-07_02.56.52,266,sign-optimization-horizontal-vertical_scenario,635,281,3,1,6,0,90,15,1,154152,AdultFemaleAgent(Clone),7,11,1.58,1.450001,0,0,False,2,0,0
2026-03-07_02.56.52,266,sign-optimization-horizontal-vertical_scenario,635,281,3,1,6,0,90,15,1,154153,WheelchairAgent(Clone),11,10,1.3,1.17,0,0,False,3,0,0
2026-03-07_02.56.52,266,sign-optimization-horizontal-vertical_scenario,635,281,3,1,6,0,90,15,1,154154,WheelchairAgent(Clone),5,10,1.3,1.17,0,0,False,2,0,0
2026-03-07_02.56.52,266,sign-optimization-horizontal-vertical_scenario,635,281,3,1,6,0,90,15,1,154155,AdultFemaleAgent(Clone),11,10,1.58,1.450001,0,0,False,3,0,0
2026-03-07_02.56.52,266,sign-optimization-horizontal-vertical_scenario,635,281,3,1,6,0,90,15,1,154156,AdultFemaleAgent(Clone),10,12,1.58,1.45,0,0,True,3,1,0.3333333
2026-03-07_02.56.52,266,sign-optimization-horizontal-vertical_scenario,635,281,3,1,6,0,90,15,1,154157,AdultFemaleAgent(Clone),10,12,1.58,1.45,0,0,True,3,1,0.3333333
2026-03-07_02.56.52,266,sign-optimization-horizontal-vertical_scenario,635,281,3,1,6,0,90,15,1,154158,WheelchairAgent(Clone),5,10,1.3,1.17,0,0,False,2,0,0
2026-03-07_02.56.52,266,sign-optimization-horizontal-vertical_scenario,635,281,3,1,6,0,90,15,1,154159,WheelchairAgent(Clone),11,10,1.3,1.17,0,0,False,3,1,0.3333333
2026-03-07_02.56.52,266,sign-optimization-horizontal-vertical_scenario,635,281,3,1,6,0,90,15,1,154160,AdultFemaleAgent(Clone),10,12,1.58,1.45,0,0,True,3,1,0.3333333
2026-03-07_02.56.52,266,sign-optimization-horizontal-vertical_scenario,635,281,3,1,6,0,90,15,1,154161,AdultFemaleAgent(Clone),11,10,1.58,1.450001,0,0,False,3,0,0
2026-03-07_02.56.52,266,sign-optimization-horizontal-vertical_scenario,635,281,3,1,6,0,90,15,1,154162,AdultMaleAgent(Clone),10,12,1.71,1.58,0,0,True,3,1,0.3333333
2026-03-07_02.56.52,266,sign-optimization-horizontal-vertical_scenario,635,281,3,1,6,0,90,15,1,154163,AdultFemaleAgent(Clone),10,12,1.58,1.45,8.880859,1,True,3,1,0.3333333
2026-03-07_02.56.52,266,sign-optimization-horizontal-vertical_scenario,635,281,3,1,6,0,90,15,1,154164,AdultMaleAgent(Clone),11,10,1.71,1.58,0,0,False,3,0,0
2026-03-07_02.56.52,266,sign-optimization-horizontal-vertical_scenario,635,281,3,1,6,0,90,15,1,154165,WheelchairAgent(Clone),7,11,1.3,1.17,0,0,False,2,0,0
2026-03-07_02.56.52,266,sign-optimization-horizontal-vertical_scenario,635,281,3,1,6,0,90,15,1,154166,WheelchairAgent(Clone),6,12,1.3,1.17,8.251953,1,True,2,1,0.5
2026-03-07_02.56.52,266,sign-optimization-horizontal-vertical_scenario,635,281,3,1,6,0,90,15,1,154167,WheelchairAgent(Clone),7,11,1.3,1.17,0,0,False,2,0,0
2026-03-07_02.56.52,266,sign-optimization-horizontal-vertical_scenario,635,281,3,1,6,0,90,15,1,154168,AdultMaleAgent(Clone),10,12,1.71,1.58,0,0,True,3,1,0.3333333
2026-03-07_02.56.52,266,sign-optimization-horizontal-vertical_scenario,635,281,3,1,6,0,90,15,1,154169,AdultFemaleAgent(Clone),11,10,1.58,1.450001,0,0,False,3,0,0
2026-03-07_02.56.52,266,sign-optimization-horizontal-vertical_scenario,635,281,3,1,6,0,90,15,1,154170,WheelchairAgent(Clone),11,10,1.3,1.17,0,0,False,3,0,0
2026-03-07_02.56.52,266,sign-optimization-horizontal-vertical_scenario,635,281,3,1,6,0,90,15,1,154171,AdultMaleAgent(Clone),11,10,1.71,1.58,0,0,False,3,0,0
2026-03-07_02.56.52,266,sign-optimization-horizontal-vertical_scenario,635,281,3,1,6,0,90,15,1,154172,AdultMaleAgent(Clone),6,12,1.71,1.58,0,0,True,2,1,0.5
2026-03-07_02.56.52,266,sign-optimization-horizontal-vertical_scenario,635,281,3,1,6,0,90,15,1,154173,AdultMaleAgent(Clone),11,10,1.71,1.58,0,0,False,3,0,0
2026-03-07_02.56.52,266,sign-optimization-horizontal-vertical_scenario,635,281,3,1,6,0,90,15,1,154174,AdultFemaleAgent(Clone),10,12,1.58,1.45,0,0,True,3,1,0.3333333
2026-03-07_02.56.52,266,sign-optimization-horizontal-vertical_scenario,635,281,3,1,6,0,90,15,1,154175,AdultMaleAgent(Clone),10,12,1.71,1.58,0,0,True,3,1,0.3333333
2026-03-07_02.56.52,266,sign-optimization-horizontal-vertical_scenario,635,281,3,1,6,0,90,15,1,154176,WheelchairAgent(Clone),6,12,1.3,1.17,0,0,True,2,1,0.5
2026-03-07_02.56.52,266,sign-optimization-horizontal-vertical_scenario,635,281,3,1,6,0,90,15,1,154177,AdultMaleAgent(Clone),11,10,1.71,1.58,0,0,False,3,0,0
2026-03-07_02.56.52,266,sign-optimization-horizontal-vertical_scenario,635,281,3,1,6,0,90,15,1,154178,AdultFemaleAgent(Clone),10,12,1.58,1.45,0,0,True,3,1,0.3333333
2026-03-07_02.56.52,266,sign-optimization-horizontal-vertical_scenario,635,281,3,1,6,0,90,15,1,154179,WheelchairAgent(Clone),5,10,1.3,1.17,0,0,False,2,0,0
2026-03-07_02.56.52,266,sign-optimization-horizontal-vertical_scenario,635,281,3,1,6,0,90,15,1,154180,AdultMaleAgent(Clone),6,12,1.71,1.58,0,0,True,2,1,0.5
2026-03-07_02.56.52,266,sign-optimization-horizontal-vertical_scenario,635,281,3,1,6,0,90,15,1,154181,WheelchairAgent(Clone),10,12,1.3,1.17,0,0,True,3,1,0.3333333
2026-03-07_02.56.52,266,sign-optimization-horizontal-vertical_scenario,635,281,3,1,6,0,90,15,1,154182,WheelchairAgent(Clone),5,10,1.3,1.17,0,0,False,2,0,0
2026-03-07_02.56.52,266,sign-optimization-horizontal-vertical_scenario,635,281,3,1,6,0,90,15,1,154183,AdultFemaleAgent(Clone),5,10,1.58,1.45,0,0,False,2,0,0
2026-03-07_02.56.52,266,sign-optimization-horizontal-vertical_scenario,635,281,3,1,6,0,90,15,1,154184,WheelchairAgent(Clone),6,12,1.3,1.17,0,0,True,2,1,0.5
2026-03-07_02.56.52,266,sign-optimization-horizontal-vertical_scenario,635,281,3,1,6,0,90,15,1,154185,AdultFemaleAgent(Clone),6,12,1.58,1.45,0,0,True,2,1,0.5
2026-03-07_02.56.52,266,sign-optimization-horizontal-vertical_scenario,635,281,3,1,6,0,90,15,1,154186,WheelchairAgent(Clone),7,11,1.3,1.17,0,0,False,2,0,0
2026-03-07_02.56.52,266,sign-optimization-horizontal-vertical_scenario,635,281,3,1,6,0,90,15,1,154187,AdultFemaleAgent(Clone),11,10,1.58,1.450001,0,0,False,3,0,0
2026-03-07_02.56.52,266,sign-optimization-horizontal-vertical_scenario,635,281,3,1,6,0,90,15,1,154188,AdultFemaleAgent(Clone),10,12,1.58,1.45,0,0,True,3,1,0.3333333
2026-03-07_02.56.52,266,sign-optimization-horizontal-vertical_scenario,635,281,3,1,6,0,90,15,1,154189,AdultMaleAgent(Clone),11,10,1.71,1.58,0,0,False,3,0,0
2026-03-07_02.56.52,266,sign-optimization-horizontal-vertical_scenario,635,281,3,1,6,0,90,15,1,154190,AdultFemaleAgent(Clone),5,10,1.58,1.45,0,0,False,2,0,0
2026-03-07_02.56.52,266,sign-optimization-horizontal-vertical_scenario,635,281,3,1,6,0,90,15,1,154191,AdultMaleAgent(Clone),11,10,1.71,1.58,0,0,False,3,0,0
2026-03-07_02.56.52,266,sign-optimization-horizontal-vertical_scenario,635,281,3,1,6,0,90,15,1,154192,WheelchairAgent(Clone),10,12,1.3,1.17,0,0,False,3,1,0.3333333
2026-03-07_02.56.52,266,sign-optimization-horizontal-vertical_scenario,635,281,3,1,6,0,90,15,1,154193,AdultFemaleAgent(Clone),6,12,1.58,1.45,0,0,True,2,1,0.5
2026-03-07_02.56.52,266,sign-optimization-horizontal-vertical_scenario,635,281,3,1,6,0,90,15,1,154194,AdultMaleAgent(Clone),5,10,1.71,1.58,0,0,False,2,0,0
2026-03-07_02.56.52,266,sign-optimization-horizontal-vertical_scenario,635,281,3,1,6,0,90,15,1,154195,AdultMaleAgent(Clone),5,10,1.71,1.58,0,0,False,2,0,0
2026-03-07_02.56.52,266,sign-optimization-horizontal-vertical_scenario,635,281,3,1,6,0,90,15,1,154196,AdultFemaleAgent(Clone),7,11,1.58,1.450001,0,0,False,2,0,0
2026-03-07_02.56.52,266,sign-optimization-horizontal-vertical_scenario,635,281,3,1,6,0,90,15,1,154197,WheelchairAgent(Clone),5,10,1.3,1.17,0,0,False,2,0,0
2026-03-07_02.56.52,266,sign-optimization-horizontal-vertical_scenario,635,281,3,1,6,0,90,15,1,154198,AdultFemaleAgent(Clone),11,10,1.58,1.450001,0,0,False,3,0,0
2026-03-07_02.56.52,266,sign-optimization-horizontal-vertical_scenario,635,281,3,1,6,0,90,15,1,154199,WheelchairAgent(Clone),5,10,1.3,1.17,0,0,False,2,0,0
2026-03-07_02.56.52,266,sign-optimization-horizontal-vertical_scenario,635,281,3,1,6,0,90,15,1,154200,AdultFemaleAgent(Clone),10,12,1.58,1.45,0,0,True,3,1,0.3333333
2026-03-07_02.56.52,266,sign-optimization-horizontal-vertical_scenario,635,281,3,1,6,0,90,15,1,154201,WheelchairAgent(Clone),6,12,1.3,1.17,0,0,True,2,1,0.5
2026-03-07_02.56.52,266,sign-optimization-horizontal-vertical_scenario,635,281,3,1,6,0,90,15,1,154202,AdultFemaleAgent(Clone),10,12,1.58,1.45,0,0,True,3,1,0.3333333
2026-03-07_02.56.52,266,sign-optimization-horizontal-vertical_scenario,635,281,3,1,6,0,90,15,1,154203,WheelchairAgent(Clone),5,10,1.3,1.17,0,0,False,2,0,0
2026-03-07_02.56.52,266,sign-optimization-horizontal-vertical_scenario,635,281,3,1,6,0,90,15,1,154204,AdultMaleAgent(Clone),11,10,1.71,1.58,0,0,False,3,0,0
2026-03-07_02.56.52,266,sign-optimization-horizontal-vertical_scenario,635,281,3,1,6,0,90,15,1,154205,AdultMaleAgent(Clone),11,10,1.71,1.58,0,0,False,3,0,0
2026-03-07_02.56.52,266,sign-optimization-horizontal-vertical_scenario,635,281,3,1,6,0,90,15,1,154206,WheelchairAgent(Clone),6,12,1.3,1.17,0,0,False,2,0,0
2026-03-07_02.56.52,266,sign-optimization-horizontal-vertical_scenario,635,281,3,1,6,0,90,15,1,154207,AdultMaleAgent(Clone),10,12,1.71,1.58,0,0,True,3,1,0.3333333
2026-03-07_02.56.52,266,sign-optimization-horizontal-vertical_scenario,635,281,3,1,6,0,90,15,1,154208,AdultMaleAgent(Clone),6,12,1.71,1.58,0,0,True,2,1,0.5
2026-03-07_02.56.52,266,sign-optimization-horizontal-vertical_scenario,635,281,3,1,6,0,90,15,1,154209,AdultFemaleAgent(Clone),11,10,1.58,1.450001,0,0,False,3,0,0
2026-03-07_02.56.52,266,sign-optimization-horizontal-vertical_scenario,635,281,3,1,6,0,90,15,1,154210,WheelchairAgent(Clone),11,10,1.3,1.17,0,0,False,3,0,0
2026-03-07_02.56.52,266,sign-optimization-horizontal-vertical_scenario,635,281,3,1,6,0,90,15,1,154211,AdultMaleAgent(Clone),7,11,1.71,1.58,0,0,False,2,0,0
2026-03-07_02.56.52,266,sign-optimization-horizontal-vertical_scenario,635,281,3,1,6,0,90,15,1,154212,AdultFemaleAgent(Clone),11,10,1.58,1.450001,0,0,False,3,0,0
2026-03-07_02.56.52,266,sign-optimization-horizontal-vertical_scenario,635,281,3,1,6,0,90,15,1,154213,AdultFemaleAgent(Clone),10,12,1.58,1.45,0,0,True,3,1,0.3333333
2026-03-07_02.56.52,266,sign-optimization-horizontal-vertical_scenario,635,281,3,1,6,0,90,15,1,154214,AdultFemaleAgent(Clone),7,11,1.58,1.450001,0,0,False,2,0,0
2026-03-07_02.56.52,266,sign-optimization-horizontal-vertical_scenario,635,281,3,1,6,0,90,15,1,154215,AdultMaleAgent(Clone),7,11,1.71,1.58,0,0,False,2,0,0
2026-03-07_02.56.52,266,sign-optimization-horizontal-vertical_scenario,635,281,3,1,6,0,90,15,1,154216,AdultMaleAgent(Clone),10,12,1.71,1.58,0,0,True,3,1,0.3333333
2026-03-07_02.56.52,266,sign-optimization-horizontal-vertical_scenario,635,281,3,1,6,0,90,15,1,154217,WheelchairAgent(Clone),5,10,1.3,1.17,0,0,False,2,0,0
2026-03-07_02.56.52,266,sign-optimization-horizontal-vertical_scenario,635,281,3,1,6,0,90,15,1,154218,WheelchairAgent(Clone),7,11,1.3,1.17,0,0,False,2,0,0
2026-03-07_02.56.52,266,sign-optimization-horizontal-vertical_scenario,635,281,3,1,6,0,90,15,1,154219,WheelchairAgent(Clone),7,11,1.3,1.17,0,0,False,2,0,0
2026-03-07_02.56.52,266,sign-optimization-horizontal-vertical_scenario,635,281,3,1,6,0,90,15,1,154220,WheelchairAgent(Clone),6,12,1.3,1.17,0,0,False,2,1,0.5
2026-03-07_02.56.52,266,sign-optimization-horizontal-vertical_scenario,635,281,3,1,6,0,90,15,1,154221,AdultFemaleAgent(Clone),11,10,1.58,1.450001,0,0,False,3,0,0
2026-03-07_02.56.52,266,sign-optimization-horizontal-vertical_scenario,635,281,3,1,6,0,90,15,1,154222,AdultFemaleAgent(Clone),6,12,1.58,1.45,0,0,True,2,1,0.5
2026-03-07_02.56.52,266,sign-optimization-horizontal-vertical_scenario,635,281,3,1,6,0,90,15,1,154223,AdultFemaleAgent(Clone),10,12,1.58,1.45,0,0,True,3,1,0.3333333
2026-03-07_02.56.52,266,sign-optimization-horizontal-vertical_scenario,635,281,3,1,6,0,90,15,1,154224,AdultFemaleAgent(Clone),6,12,1.58,1.45,0,0,True,2,1,0.5
2026-03-07_02.56.52,266,sign-optimization-horizontal-vertical_scenario,635,281,3,1,6,0,90,15,1,154225,AdultFemaleAgent(Clone),11,10,1.58,1.450001,0,0,False,3,0,0
2026-03-07_02.56.52,266,sign-optimization-horizontal-vertical_scenario,635,281,3,1,6,0,90,15,1,154226,AdultFemaleAgent(Clone),6,12,1.58,1.45,0,0,True,2,1,0.5
2026-03-07_02.56.52,266,sign-optimization-horizontal-vertical_scenario,635,281,3,1,6,0,90,15,1,154227,AdultMaleAgent(Clone),10,12,1.71,1.58,0,0,False,3,0,0
2026-03-07_02.56.52,266,sign-optimization-horizontal-vertical_scenario,635,281,3,1,6,0,90,15,1,154228,AdultFemaleAgent(Clone),7,11,1.58,1.450001,0,0,False,2,0,0
2026-03-07_02.56.52,266,sign-optimization-horizontal-vertical_scenario,635,281,3,1,6,0,90,15,1,154229,AdultMaleAgent(Clone),5,10,1.71,1.58,0,0,False,2,0,0
2026-03-07_02.56.52,266,sign-optimization-horizontal-vertical_scenario,635,281,3,1,6,0,90,15,1,154230,AdultFemaleAgent(Clone),6,12,1.58,1.45,0,0,True,2,1,0.5
2026-03-07_02.56.52,266,sign-optimization-horizontal-vertical_scenario,635,281,3,1,6,0,90,15,1,154231,AdultMaleAgent(Clone),6,12,1.71,1.58,0,0,True,2,1,0.5
2026-03-07_02.56.52,266,sign-optimization-horizontal-vertical_scenario,635,281,3,1,6,0,90,15,1,154232,AdultMaleAgent(Clone),5,10,1.71,1.58,0,0,False,2,0,0
2026-03-07_02.56.52,266,sign-optimization-horizontal-vertical_scenario,635,281,3,1,6,0,90,15,1,154233,AdultMaleAgent(Clone),5,10,1.71,1.58,0,0,False,2,0,0
2026-03-07_02.56.52,266,sign-optimization-horizontal-vertical_scenario,635,281,3,1,6,0,90,15,1,154234,AdultFemaleAgent(Clone),6,12,1.58,1.45,0,0,True,2,1,0.5
2026-03-07_02.56.52,266,sign-optimization-horizontal-vertical_scenario,635,281,3,1,6,0,90,15,1,154235,AdultMaleAgent(Clone),7,11,1.71,1.58,0,0,False,2,0,0
2026-03-07_02.56.52,266,sign-optimization-horizontal-vertical_scenario,635,281,3,1,6,0,90,15,1,154236,AdultMaleAgent(Clone),11,10,1.71,1.58,0,0,False,3,0,0
2026-03-07_02.56.52,266,sign-optimization-horizontal-vertical_scenario,635,281,3,1,6,0,90,15,1,154237,AdultFemaleAgent(Clone),10,12,1.58,1.45,0,0,False,3,1,0.3333333
2026-03-07_02.56.52,266,sign-optimization-horizontal-vertical_scenario,635,281,3,1,6,0,90,15,1,154238,AdultFemaleAgent(Clone),11,10,1.58,1.450001,0,0,False,3,0,0
2026-03-07_02.56.52,266,sign-optimization-horizontal-vertical_scenario,635,281,3,1,6,0,90,15,1,154239,WheelchairAgent(Clone),7,11,1.3,1.17,0,0,False,2,0,0
2026-03-07_02.56.52,266,sign-optimization-horizontal-vertical_scenario,635,281,3,1,6,0,90,15,1,154240,AdultMaleAgent(Clone),6,12,1.71,1.58,0,0,True,2,1,0.5
2026-03-07_02.56.52,266,sign-optimization-horizontal-vertical_scenario,635,281,3,1,6,0,90,15,1,154241,WheelchairAgent(Clone),5,10,1.3,1.17,0,0,False,2,0,0
2026-03-07_02.56.52,266,sign-optimization-horizontal-vertical_scenario,635,281,3,1,6,0,90,15,1,154242,AdultMaleAgent(Clone),6,12,1.71,1.58,0,0,True,2,1,0.5
2026-03-07_02.56.52,266,sign-optimization-horizontal-vertical_scenario,635,281,3,1,6,0,90,15,1,154243,AdultFemaleAgent(Clone),6,12,1.58,1.45,0,0,True,2,1,0.5
2026-03-07_02.56.52,266,sign-optimization-horizontal-vertical_scenario,635,281,3,1,6,0,90,15,1,154244,WheelchairAgent(Clone),5,10,1.3,1.17,0,0,False,2,0,0
2026-03-07_02.56.52,266,sign-optimization-horizontal-vertical_scenario,635,281,3,1,6,0,90,15,1,154245,WheelchairAgent(Clone),10,12,1.3,1.17,0,0,False,3,0,0
2026-03-07_02.56.52,266,sign-optimization-horizontal-vertical_scenario,635,281,3,1,6,0,90,15,1,154246,WheelchairAgent(Clone),5,10,1.3,1.17,0,0,False,2,0,0
2026-03-07_02.56.52,266,sign-optimization-horizontal-vertical_scenario,635,281,3,1,6,0,90,15,1,154247,AdultFemaleAgent(Clone),11,10,1.58,1.450001,0,0,False,3,0,0
2026-03-07_02.56.52,266,sign-optimization-horizontal-vertical_scenario,635,281,3,1,6,0,90,15,1,154248,AdultMaleAgent(Clone),6,12,1.71,1.58,0,0,True,2,1,0.5
2026-03-07_02.56.52,266,sign-optimization-horizontal-vertical_scenario,635,281,3,1,6,0,90,15,1,154249,WheelchairAgent(Clone),7,11,1.3,1.17,0,0,False,2,0,0
2026-03-07_02.56.52,266,sign-optimization-horizontal-vertical_scenario,635,281,3,1,6,0,90,15,1,154250,AdultFemaleAgent(Clone),5,10,1.58,1.45,0,0,False,2,0,0
2026-03-07_02.56.52,266,sign-optimization-horizontal-vertical_scenario,635,281,3,1,6,0,90,15,1,154251,AdultFemaleAgent(Clone),7,11,1.58,1.450001,0,0,False,2,0,0
2026-03-07_02.56.52,266,sign-optimization-horizontal-vertical_scenario,635,281,3,1,6,0,90,15,1,154252,AdultMaleAgent(Clone),11,10,1.71,1.58,0,0,False,3,0,0
2026-03-07_02.56.52,266,sign-optimization-horizontal-vertical_scenario,635,281,3,1,6,0,90,15,1,154253,AdultMaleAgent(Clone),10,12,1.71,1.58,0,0,False,3,0,0
2026-03-07_02.56.52,266,sign-optimization-horizontal-vertical_scenario,635,281,3,1,6,0,90,15,1,154254,WheelchairAgent(Clone),6,12,1.3,1.17,0,0,False,2,0,0
2026-03-07_02.56.52,266,sign-optimization-horizontal-vertical_scenario,635,281,3,1,6,0,90,15,1,154255,WheelchairAgent(Clone),11,10,1.3,1.17,0,0,False,3,0,0
2026-03-07_02.56.52,266,sign-optimization-horizontal-vertical_scenario,635,281,3,1,6,0,90,15,1,154256,WheelchairAgent(Clone),7,11,1.3,1.17,0,0,False,2,0,0
2026-03-07_02.56.52,266,sign-optimization-horizontal-vertical_scenario,635,281,3,1,6,0,90,15,1,154257,AdultMaleAgent(Clone),11,10,1.71,1.58,0,0,False,3,0,0
2026-03-07_02.56.52,266,sign-optimization-horizontal-vertical_scenario,635,281,3,1,6,0,90,15,1,154258,AdultMaleAgent(Clone),11,10,1.71,1.58,0,0,False,3,0,0
2026-03-07_02.56.52,266,sign-optimization-horizontal-vertical_scenario,635,281,3,1,6,0,90,15,1,154259,AdultFemaleAgent(Clone),5,10,1.58,1.45,0,0,False,2,0,0
2026-03-07_02.56.52,266,sign-optimization-horizontal-vertical_scenario,635,281,3,1,6,0,90,15,1,154260,AdultFemaleAgent(Clone),11,10,1.58,1.450001,0,0,False,3,0,0
2026-03-07_02.56.52,266,sign-optimization-horizontal-vertical_scenario,635,281,3,1,6,0,90,15,1,154261,AdultMaleAgent(Clone),7,11,1.71,1.58,0,0,False,2,0,0
2026-03-07_02.56.52,266,sign-optimization-horizontal-vertical_scenario,635,281,3,1,6,0,90,15,1,154262,AdultFemaleAgent(Clone),10,12,1.58,1.45,0,0,False,3,0,0
2026-03-07_02.56.52,266,sign-optimization-horizontal-vertical_scenario,635,281,3,1,6,0,90,15,1,154263,AdultFemaleAgent(Clone),11,10,1.58,1.450001,0,0,False,3,0,0
2026-03-07_02.56.52,266,sign-optimization-horizontal-vertical_scenario,635,281,3,1,6,0,90,15,1,154264,AdultFemaleAgent(Clone),5,10,1.58,1.45,0,0,False,2,0,0
2026-03-07_02.56.52,266,sign-optimization-horizontal-vertical_scenario,635,281,3,1,6,0,90,15,1,154265,AdultFemaleAgent(Clone),7,11,1.58,1.450001,0,0,False,2,0,0
2026-03-07_02.56.52,266,sign-optimization-horizontal-vertical_scenario,635,281,3,1,6,0,90,15,1,154266,AdultMaleAgent(Clone),10,12,1.71,1.58,0,0,False,3,0,0
2026-03-07_02.56.52,266,sign-optimization-horizontal-vertical_scenario,635,281,3,1,6,0,90,15,1,154267,AdultFemaleAgent(Clone),6,12,1.58,1.45,0,0,False,2,0,0
2026-03-07_02.56.52,266,sign-optimization-horizontal-vertical_scenario,635,281,3,1,6,0,90,15,1,154268,WheelchairAgent(Clone),7,11,1.3,1.17,0,0,False,2,0,0
2026-03-07_02.56.52,266,sign-optimization-horizontal-vertical_scenario,635,281,3,1,6,0,90,15,1,154269,AdultFemaleAgent(Clone),5,10,1.58,1.45,0,0,False,2,0,0
2026-03-07_02.56.52,266,sign-optimization-horizontal-vertical_scenario,635,281,3,1,6,0,90,15,1,154270,WheelchairAgent(Clone),11,10,1.3,1.17,0,0,False,3,0,0
2026-03-07_02.56.52,266,sign-optimization-horizontal-vertical_scenario,635,281,3,1,6,0,90,15,1,154271,AdultMaleAgent(Clone),7,11,1.71,1.58,0,0,False,2,0,0
2026-03-07_02.56.52,266,sign-optimization-horizontal-vertical_scenario,635,281,3,1,6,0,90,15,1,154272,AdultFemaleAgent(Clone),6,12,1.58,1.45,0,0,False,2,0,0
2026-03-07_02.56.52,266,sign-optimization-horizontal-vertical_scenario,635,281,3,1,6,0,90,15,1,154273,AdultMaleAgent(Clone),7,11,1.71,1.58,0,0,False,2,0,0
2026-03-07_02.56.52,266,sign-optimization-horizontal-vertical_scenario,635,281,3,1,6,0,90,15,1,154274,AdultFemaleAgent(Clone),5,10,1.58,1.45,0,0,False,2,0,0
2026-03-07_02.56.52,266,sign-optimization-horizontal-vertical_scenario,635,281,3,1,6,0,90,15,1,154275,WheelchairAgent(Clone),6,12,1.3,1.17,0,0,False,2,0,0
2026-03-07_02.56.52,266,sign-optimization-horizontal-vertical_scenario,635,281,3,1,6,0,90,15,1,154276,AdultFemaleAgent(Clone),5,10,1.58,1.45,0,0,False,2,0,0
2026-03-07_02.56.52,266,sign-optimization-horizontal-vertical_scenario,635,281,3,1,6,0,90,15,1,154277,AdultMaleAgent(Clone),11,10,1.71,1.58,0,0,False,3,0,0
2026-03-07_02.56.52,266,sign-optimization-horizontal-vertical_scenario,635,281,3,1,6,0,90,15,1,154278,AdultMaleAgent(Clone),5,10,1.71,1.58,0,0,False,2,0,0
2026-03-07_02.56.52,266,sign-optimization-horizontal-vertical_scenario,635,281,3,1,6,0,90,15,1,154279,AdultMaleAgent(Clone),6,12,1.71,1.58,0,0,False,2,0,0
2026-03-07_02.56.52,266,sign-optimization-horizontal-vertical_scenario,635,281,3,1,6,0,90,15,1,154280,AdultMaleAgent(Clone),6,12,1.71,1.58,0,0,False,2,0,0
2026-03-07_02.56.52,266,sign-optimization-horizontal-vertical_scenario,635,281,3,1,6,0,90,15,1,154281,AdultMaleAgent(Clone),5,10,1.71,1.58,0,0,False,2,0,0
2026-03-07_02.56.52,266,sign-optimization-horizontal-vertical_scenario,635,281,3,1,6,0,90,15,1,154282,AdultMaleAgent(Clone),7,11,1.71,1.58,0,0,False,2,0,0
2026-03-07_02.56.52,266,sign-optimization-horizontal-vertical_scenario,635,281,3,1,6,0,90,15,1,154283,WheelchairAgent(Clone),10,12,1.3,1.17,0,0,False,3,0,0
2026-03-07_02.56.52,266,sign-optimization-horizontal-vertical_scenario,635,281,3,1,6,0,90,15,1,154284,AdultFemaleAgent(Clone),6,12,1.58,1.45,0,0,False,2,0,0
2026-03-07_02.56.52,266,sign-optimization-horizontal-vertical_scenario,635,281,3,1,6,0,90,15,1,154285,AdultMaleAgent(Clone),7,11,1.71,1.58,0,0,False,2,0,0
2026-03-07_02.56.52,266,sign-optimization-horizontal-vertical_scenario,635,281,3,1,6,0,90,15,1,154286,AdultMaleAgent(Clone),5,10,1.71,1.58,0,0,False,2,0,0
2026-03-07_02.56.52,266,sign-optimization-horizontal-vertical_scenario,635,281,3,1,6,0,90,15,1,154287,AdultMaleAgent(Clone),11,10,1.71,1.58,0,0,False,3,0,0
2026-03-07_02.56.52,266,sign-optimization-horizontal-vertical_scenario,635,281,3,1,6,0,90,15,1,154288,AdultFemaleAgent(Clone),11,10,1.58,1.450001,0,0,False,3,0,0
2026-03-07_02.56.52,266,sign-optimization-horizontal-vertical_scenario,635,281,3,1,6,0,90,15,1,154289,AdultMaleAgent(Clone),6,12,1.71,1.58,0,0,False,2,0,0
2026-03-07_02.56.52,266,sign-optimization-horizontal-vertical_scenario,635,281,3,1,6,0,90,15,1,154290,AdultFemaleAgent(Clone),10,12,1.58,1.45,0,0,False,3,0,0
2026-03-07_02.56.52,266,sign-optimization-horizontal-vertical_scenario,635,281,3,1,6,0,90,15,1,154291,AdultMaleAgent(Clone),7,11,1.71,1.58,0,0,False,2,0,0
2026-03-07_02.56.52,266,sign-optimization-horizontal-vertical_scenario,635,281,3,1,6,0,90,15,1,154292,WheelchairAgent(Clone),6,12,1.3,1.17,0,0,False,2,0,0
2026-03-07_02.56.52,266,sign-optimization-horizontal-vertical_scenario,635,281,3,1,6,0,90,15,1,154293,AdultFemaleAgent(Clone),11,10,1.58,1.450001,0,0,False,3,0,0
2026-03-07_02.56.52,266,sign-optimization-horizontal-vertical_scenario,635,281,3,1,6,0,90,15,1,154294,AdultFemaleAgent(Clone),5,10,1.58,1.45,0,0,False,2,0,0
2026-03-07_02.56.52,266,sign-optimization-horizontal-vertical_scenario,635,281,3,1,6,0,90,15,1,154295,AdultMaleAgent(Clone),6,12,1.71,1.58,0,0,False,2,0,0
2026-03-07_02.56.52,266,sign-optimization-horizontal-vertical_scenario,635,281,3,1,6,0,90,15,1,154296,AdultFemaleAgent(Clone),11,10,1.58,1.450001,0,0,False,3,0,0
2026-03-07_02.56.52,266,sign-optimization-horizontal-vertical_scenario,635,281,3,1,6,0,90,15,1,154297,WheelchairAgent(Clone),5,10,1.3,1.17,0,0,False,2,0,0
2026-03-07_02.56.52,266,sign-optimization-horizontal-vertical_scenario,635,281,3,1,6,0,90,15,1,154298,AdultMaleAgent(Clone),10,12,1.71,1.58,0,0,False,3,0,0
2026-03-07_02.56.52,266,sign-optimization-horizontal-vertical_scenario,635,281,3,1,6,0,90,15,1,154299,AdultMaleAgent(Clone),11,10,1.71,1.58,0,0,False,3,0,0
2026-03-07_02.56.52,266,sign-optimization-horizontal-vertical_scenario,635,281,3,1,6,0,90,15,1,154300,AdultMaleAgent(Clone),11,10,1.71,1.58,0,0,False,3,0,0
2026-03-07_02.56.52,266,sign-optimization-horizontal-vertical_scenario,635,281,3,1,6,0,90,15,1,154301,WheelchairAgent(Clone),10,12,1.3,1.17,0,0,False,3,0,0
