Timestamp,RunIndex,ScenarioID,TotalAgents,VisibleSignCount,SignHeight,SignPositionX,SignPositionZ,SignOrientation,VcaAngle,VcaDistance,SignComprehensionTime,AgentID,AgentType,StartNode,GoalNode,Height,EyeHeight,TimeInVCA,TimesInVCA,SawSign,TotalNodesNavigated,NodesWithDetection,RDEffective
2026-03-07_02.03.51,213,sign-optimization-horizontal-vertical_scenario,626,315,3,2,3,0,90,15,1,122652,AdultMaleAgent(Clone),10,12,1.71,1.58,10.77148,2,True,3,1,0.3333333
2026-03-07_02.03.51,213,sign-optimization-horizontal-vertical_scenario,626,315,3,2,3,0,90,15,1,122653,WheelchairAgent(Clone),7,11,1.3,1.17,15.98242,1,True,2,1,0.5
2026-03-07_02.03.51,213,sign-optimization-horizontal-vertical_scenario,626,315,3,2,3,0,90,15,1,122654,WheelchairAgent(Clone),6,12,1.3,1.17,7.632813,2,True,2,1,0.5
2026-03-07_02.03.51,213,sign-optimization-horizontal-vertical_scenario,626,315,3,2,3,0,90,15,1,122655,AdultFemaleAgent(Clone),6,12,1.58,1.45,8.106445,2,True,2,1,0.5
2026-03-07_02.03.51,213,sign-optimization-horizontal-vertical_scenario,626,315,3,2,3,0,90,15,1,122656,AdultMaleAgent(Clone),5,10,1.71,1.58,0,0,False,2,0,0
2026-03-07_02.03.51,213,sign-optimization-horizontal-vertical_scenario,626,315,3,2,3,0,90,15,1,122657,WheelchairAgent(Clone),10,12,1.3,1.17,7.922852,2,True,3,1,0.3333333
2026-03-07_02.03.51,213,sign-optimization-horizontal-vertical_scenario,626,315,3,2,3,0,90,15,1,122658,WheelchairAgent(Clone),11,10,1.3,1.17,9.65918,1,False,3,0,0
2026-03-07_02.03.51,213,sign-optimization-horizontal-vertical_scenario,626,315,3,2,3,0,90,15,1,122659,WheelchairAgent(Clone),11,10,1.3,1.17,10.80078,1,False,3,0,0
2026-03-07_02.03.51,213,sign-optimization-horizontal-vertical_scenario,626,315,3,2,3,0,90,15,1,122660,WheelchairAgent(Clone),6,12,1.3,1.17,8.611328,2,True,2,1,0.5
2026-03-07_02.03.51,213,sign-optimization-horizontal-vertical_scenario,626,315,3,2,3,0,90,15,1,122661,AdultMaleAgent(Clone),7,11,1.71,1.58,12.31738,1,True,2,1,0.5
2026-03-07_02.03.51,213,sign-optimization-horizontal-vertical_scenario,626,315,3,2,3,0,90,15,1,122662,AdultFemaleAgent(Clone),5,10,1.58,1.45,0,0,False,2,0,0
2026-03-07_02.03.51,213,sign-optimization-horizontal-vertical_scenario,626,315,3,2,3,0,90,15,1,122663,AdultFemaleAgent(Clone),11,10,1.58,1.450001,9.663086,1,False,3,0,0
2026-03-07_02.03.51,213,sign-optimization-horizontal-vertical_scenario,626,315,3,2,3,0,90,15,1,122664,AdultFemaleAgent(Clone),5,10,1.58,1.45,0,0,False,2,0,0
2026-03-07_02.03.51,213,sign-optimization-horizontal-vertical_scenario,626,315,3,2,3,0,90,15,1,122665,AdultMaleAgent(Clone),6,12,1.71,1.58,8.039063,2,True,2,1,0.5
2026-03-07_02.03.51,213,sign-optimization-horizontal-vertical_scenario,626,315,3,2,3,0,90,15,1,122666,AdultMaleAgent(Clone),10,12,1.71,1.58,7.669922,3,True,3,1,0.3333333
2026-03-07_02.03.51,213,sign-optimization-horizontal-vertical_scenario,626,315,3,2,3,0,90,15,1,122667,AdultFemaleAgent(Clone),11,10,1.58,1.450001,11.14648,1,False,3,0,0
2026-03-07_02.03.51,213,sign-optimization-horizontal-vertical_scenario,626,315,3,2,3,0,90,15,1,122668,AdultMaleAgent(Clone),11,10,1.71,1.58,9.634766,1,False,3,0,0
2026-03-07_02.03.51,213,sign-optimization-horizontal-vertical_scenario,626,315,3,2,3,0,90,15,1,122669,WheelchairAgent(Clone),11,10,1.3,1.17,9.483398,2,True,3,1,0.3333333
2026-03-07_02.03.51,213,sign-optimization-horizontal-vertical_scenario,626,315,3,2,3,0,90,15,1,122670,AdultMaleAgent(Clone),5,10,1.71,1.58,0,0,False,2,0,0
2026-03-07_02.03.51,213,sign-optimization-horizontal-vertical_scenario,626,315,3,2,3,0,90,15,1,122671,AdultMaleAgent(Clone),10,12,1.71,1.58,7.989258,2,True,3,1,0.3333333
2026-03-07_02.03.51,213,sign-optimization-horizontal-vertical_scenario,626,315,3,2,3,0,90,15,1,122672,AdultMaleAgent(Clone),11,10,1.71,1.58,10.27344,2,True,3,1,0.3333333
2026-03-07_02.03.51,213,sign-optimization-horizontal-vertical_scenario,626,315,3,2,3,0,90,15,1,122673,AdultFemaleAgent(Clone),11,10,1.58,1.450001,10.24219,2,True,3,1,0.3333333
2026-03-07_02.03.51,213,sign-optimization-horizontal-vertical_scenario,626,315,3,2,3,0,90,15,1,122674,AdultMaleAgent(Clone),10,12,1.71,1.58,9.21582,2,True,3,1,0.3333333
2026-03-07_02.03.51,213,sign-optimization-horizontal-vertical_scenario,626,315,3,2,3,0,90,15,1,122675,AdultMaleAgent(Clone),10,12,1.71,1.58,11.35742,2,True,3,1,0.3333333
2026-03-07_02.03.51,213,sign-optimization-horizontal-vertical_scenario,626,315,3,2,3,0,90,15,1,122676,WheelchairAgent(Clone),11,10,1.3,1.17,10.37402,2,True,3,1,0.3333333
2026-03-07_02.03.51,213,sign-optimization-horizontal-vertical_scenario,626,315,3,2,3,0,90,15,1,122677,WheelchairAgent(Clone),10,12,1.3,1.17,9.623047,3,True,3,1,0.3333333
2026-03-07_02.03.51,213,sign-optimization-horizontal-vertical_scenario,626,315,3,2,3,0,90,15,1,122678,AdultMaleAgent(Clone),11,10,1.71,1.58,8.601563,1,False,3,0,0
2026-03-07_02.03.51,213,sign-optimization-horizontal-vertical_scenario,626,315,3,2,3,0,90,15,1,122679,AdultMaleAgent(Clone),7,11,1.71,1.58,14.82129,1,True,2,1,0.5
2026-03-07_02.03.51,213,sign-optimization-horizontal-vertical_scenario,626,315,3,2,3,0,90,15,1,122680,AdultFemaleAgent(Clone),5,10,1.58,1.45,0,0,False,2,0,0
2026-03-07_02.03.51,213,sign-optimization-horizontal-vertical_scenario,626,315,3,2,3,0,90,15,1,122681,AdultFemaleAgent(Clone),10,12,1.58,1.45,8.089844,2,True,3,1,0.3333333
2026-03-07_02.03.51,213,sign-optimization-horizontal-vertical_scenario,626,315,3,2,3,0,90,15,1,122682,WheelchairAgent(Clone),10,12,1.3,1.17,5.049805,4,True,3,1,0.3333333
2026-03-07_02.03.51,213,sign-optimization-horizontal-vertical_scenario,626,315,3,2,3,0,90,15,1,122683,AdultFemaleAgent(Clone),11,10,1.58,1.450001,9.606445,2,True,3,1,0.3333333
2026-03-07_02.03.51,213,sign-optimization-horizontal-vertical_scenario,626,315,3,2,3,0,90,15,1,122684,AdultFemaleAgent(Clone),5,10,1.58,1.45,0,0,False,2,0,0
2026-03-07_02.03.51,213,sign-optimization-horizontal-vertical_scenario,626,315,3,2,3,0,90,15,1,122685,WheelchairAgent(Clone),11,10,1.3,1.17,10.16602,2,True,3,1,0.3333333
2026-03-07_02.03.51,213,sign-optimization-horizontal-vertical_scenario,626,315,3,2,3,0,90,15,1,122686,WheelchairAgent(Clone),10,12,1.3,1.17,7.995117,2,True,3,1,0.3333333
2026-03-07_02.03.51,213,sign-optimization-horizontal-vertical_scenario,626,315,3,2,3,0,90,15,1,122687,AdultMaleAgent(Clone),7,11,1.71,1.58,13.53418,1,True,2,1,0.5
2026-03-07_02.03.51,213,sign-optimization-horizontal-vertical_scenario,626,315,3,2,3,0,90,15,1,122688,AdultFemaleAgent(Clone),6,12,1.58,1.45,7.853516,2,True,2,1,0.5
2026-03-07_02.03.51,213,sign-optimization-horizontal-vertical_scenario,626,315,3,2,3,0,90,15,1,122689,WheelchairAgent(Clone),10,12,1.3,1.17,7.611328,3,True,3,1,0.3333333
2026-03-07_02.03.51,213,sign-optimization-horizontal-vertical_scenario,626,315,3,2,3,0,90,15,1,122690,AdultFemaleAgent(Clone),5,10,1.58,1.45,0,0,False,2,0,0
2026-03-07_02.03.51,213,sign-optimization-horizontal-vertical_scenario,626,315,3,2,3,0,90,15,1,122691,WheelchairAgent(Clone),5,10,1.3,1.17,0,0,False,2,0,0
2026-03-07_02.03.51,213,sign-optimization-horizontal-vertical_scenario,626,315,3,2,3,0,90,15,1,122692,WheelchairAgent(Clone),7,11,1.3,1.17,14.23633,1,True,2,1,0.5
2026-03-07_02.03.51,213,sign-optimization-horizontal-vertical_scenario,626,315,3,2,3,0,90,15,1,122693,AdultMaleAgent(Clone),11,10,1.71,1.58,10.23633,2,True,3,1,0.3333333
2026-03-07_02.03.51,213,sign-optimization-horizontal-vertical_scenario,626,315,3,2,3,0,90,15,1,122694,AdultFemaleAgent(Clone),7,11,1.58,1.450001,14.49316,1,True,2,1,0.5
2026-03-07_02.03.51,213,sign-optimization-horizontal-vertical_scenario,626,315,3,2,3,0,90,15,1,122695,AdultFemaleAgent(Clone),11,10,1.58,1.450001,8.972656,2,False,3,0,0
2026-03-07_02.03.51,213,sign-optimization-horizontal-vertical_scenario,626,315,3,2,3,0,90,15,1,122696,WheelchairAgent(Clone),6,12,1.3,1.17,8.054688,2,True,2,1,0.5
2026-03-07_02.03.51,213,sign-optimization-horizontal-vertical_scenario,626,315,3,2,3,0,90,15,1,122697,AdultFemaleAgent(Clone),11,10,1.58,1.450001,10.14258,2,False,3,0,0
2026-03-07_02.03.51,213,sign-optimization-horizontal-vertical_scenario,626,315,3,2,3,0,90,15,1,122698,WheelchairAgent(Clone),11,10,1.3,1.17,9.839844,2,True,3,1,0.3333333
2026-03-07_02.03.51,213,sign-optimization-horizontal-vertical_scenario,626,315,3,2,3,0,90,15,1,122699,WheelchairAgent(Clone),10,12,1.3,1.17,9.033203,2,True,3,1,0.3333333
2026-03-07_02.03.51,213,sign-optimization-horizontal-vertical_scenario,626,315,3,2,3,0,90,15,1,122700,AdultMaleAgent(Clone),5,10,1.71,1.58,0,0,False,2,0,0
2026-03-07_02.03.51,213,sign-optimization-horizontal-vertical_scenario,626,315,3,2,3,0,90,15,1,122701,AdultFemaleAgent(Clone),10,12,1.58,1.45,8.509766,2,True,3,1,0.3333333
2026-03-07_02.03.51,213,sign-optimization-horizontal-vertical_scenario,626,315,3,2,3,0,90,15,1,122702,WheelchairAgent(Clone),10,12,1.3,1.17,7.120117,2,True,3,1,0.3333333
2026-03-07_02.03.51,213,sign-optimization-horizontal-vertical_scenario,626,315,3,2,3,0,90,15,1,122703,AdultFemaleAgent(Clone),5,10,1.58,1.45,0,0,False,2,0,0
2026-03-07_02.03.51,213,sign-optimization-horizontal-vertical_scenario,626,315,3,2,3,0,90,15,1,122704,AdultFemaleAgent(Clone),11,10,1.58,1.450001,11.00293,2,True,3,1,0.3333333
2026-03-07_02.03.51,213,sign-optimization-horizontal-vertical_scenario,626,315,3,2,3,0,90,15,1,122705,AdultFemaleAgent(Clone),5,10,1.58,1.45,0,0,False,2,0,0
2026-03-07_02.03.51,213,sign-optimization-horizontal-vertical_scenario,626,315,3,2,3,0,90,15,1,122706,AdultFemaleAgent(Clone),7,11,1.58,1.450001,29.53516,1,True,2,1,0.5
2026-03-07_02.03.51,213,sign-optimization-horizontal-vertical_scenario,626,315,3,2,3,0,90,15,1,122707,AdultFemaleAgent(Clone),10,12,1.58,1.45,7.540039,4,True,3,1,0.3333333
2026-03-07_02.03.51,213,sign-optimization-horizontal-vertical_scenario,626,315,3,2,3,0,90,15,1,122708,AdultFemaleAgent(Clone),6,12,1.58,1.45,7.511719,2,True,2,1,0.5
2026-03-07_02.03.51,213,sign-optimization-horizontal-vertical_scenario,626,315,3,2,3,0,90,15,1,122709,AdultMaleAgent(Clone),7,11,1.71,1.58,13.64844,1,True,2,1,0.5
2026-03-07_02.03.51,213,sign-optimization-horizontal-vertical_scenario,626,315,3,2,3,0,90,15,1,122710,AdultMaleAgent(Clone),10,12,1.71,1.58,8.852539,4,True,3,1,0.3333333
2026-03-07_02.03.51,213,sign-optimization-horizontal-vertical_scenario,626,315,3,2,3,0,90,15,1,122711,AdultFemaleAgent(Clone),11,10,1.58,1.450001,10.39453,2,True,3,1,0.3333333
2026-03-07_02.03.51,213,sign-optimization-horizontal-vertical_scenario,626,315,3,2,3,0,90,15,1,122712,AdultMaleAgent(Clone),7,11,1.71,1.58,13.60742,1,True,2,1,0.5
2026-03-07_02.03.51,213,sign-optimization-horizontal-vertical_scenario,626,315,3,2,3,0,90,15,1,122713,AdultFemaleAgent(Clone),7,11,1.58,1.450001,14.25195,1,True,2,1,0.5
2026-03-07_02.03.51,213,sign-optimization-horizontal-vertical_scenario,626,315,3,2,3,0,90,15,1,122714,AdultMaleAgent(Clone),11,10,1.71,1.58,10.12598,2,True,3,1,0.3333333
2026-03-07_02.03.51,213,sign-optimization-horizontal-vertical_scenario,626,315,3,2,3,0,90,15,1,122715,AdultFemaleAgent(Clone),5,10,1.58,1.45,0,0,False,2,0,0
2026-03-07_02.03.51,213,sign-optimization-horizontal-vertical_scenario,626,315,3,2,3,0,90,15,1,122716,WheelchairAgent(Clone),6,12,1.3,1.17,7.060547,2,True,2,1,0.5
2026-03-07_02.03.51,213,sign-optimization-horizontal-vertical_scenario,626,315,3,2,3,0,90,15,1,122717,AdultFemaleAgent(Clone),10,12,1.58,1.45,8.295898,2,True,3,1,0.3333333
2026-03-07_02.03.51,213,sign-optimization-horizontal-vertical_scenario,626,315,3,2,3,0,90,15,1,122718,AdultFemaleAgent(Clone),10,12,1.58,1.45,7.619141,2,True,3,1,0.3333333
2026-03-07_02.03.51,213,sign-optimization-horizontal-vertical_scenario,626,315,3,2,3,0,90,15,1,122719,AdultFemaleAgent(Clone),6,12,1.58,1.45,7.496094,2,True,2,1,0.5
2026-03-07_02.03.51,213,sign-optimization-horizontal-vertical_scenario,626,315,3,2,3,0,90,15,1,122720,AdultFemaleAgent(Clone),10,12,1.58,1.45,8.297852,2,True,3,1,0.3333333
2026-03-07_02.03.51,213,sign-optimization-horizontal-vertical_scenario,626,315,3,2,3,0,90,15,1,122721,WheelchairAgent(Clone),11,10,1.3,1.17,10.90527,2,True,3,1,0.3333333
2026-03-07_02.03.51,213,sign-optimization-horizontal-vertical_scenario,626,315,3,2,3,0,90,15,1,122722,AdultMaleAgent(Clone),10,12,1.71,1.58,8.369141,3,True,3,1,0.3333333
2026-03-07_02.03.51,213,sign-optimization-horizontal-vertical_scenario,626,315,3,2,3,0,90,15,1,122723,AdultMaleAgent(Clone),11,10,1.71,1.58,10.6377,2,True,3,1,0.3333333
2026-03-07_02.03.51,213,sign-optimization-horizontal-vertical_scenario,626,315,3,2,3,0,90,15,1,122724,AdultMaleAgent(Clone),10,12,1.71,1.58,7.727539,2,True,3,1,0.3333333
2026-03-07_02.03.51,213,sign-optimization-horizontal-vertical_scenario,626,315,3,2,3,0,90,15,1,122725,AdultMaleAgent(Clone),11,10,1.71,1.58,9.777344,2,True,3,1,0.3333333
2026-03-07_02.03.51,213,sign-optimization-horizontal-vertical_scenario,626,315,3,2,3,0,90,15,1,122726,AdultFemaleAgent(Clone),7,11,1.58,1.450001,11.41699,1,True,2,1,0.5
2026-03-07_02.03.51,213,sign-optimization-horizontal-vertical_scenario,626,315,3,2,3,0,90,15,1,122727,WheelchairAgent(Clone),10,12,1.3,1.17,8.463867,4,True,3,1,0.3333333
2026-03-07_02.03.51,213,sign-optimization-horizontal-vertical_scenario,626,315,3,2,3,0,90,15,1,122728,WheelchairAgent(Clone),6,12,1.3,1.17,7.818359,2,True,2,1,0.5
2026-03-07_02.03.51,213,sign-optimization-horizontal-vertical_scenario,626,315,3,2,3,0,90,15,1,122729,WheelchairAgent(Clone),5,10,1.3,1.17,0,0,False,2,0,0
2026-03-07_02.03.51,213,sign-optimization-horizontal-vertical_scenario,626,315,3,2,3,0,90,15,1,122730,AdultMaleAgent(Clone),7,11,1.71,1.58,11.30762,1,True,2,1,0.5
2026-03-07_02.03.51,213,sign-optimization-horizontal-vertical_scenario,626,315,3,2,3,0,90,15,1,122731,WheelchairAgent(Clone),11,10,1.3,1.17,8.827148,1,False,3,0,0
2026-03-07_02.03.51,213,sign-optimization-horizontal-vertical_scenario,626,315,3,2,3,0,90,15,1,122732,AdultMaleAgent(Clone),10,12,1.71,1.58,8.024414,2,True,3,1,0.3333333
2026-03-07_02.03.51,213,sign-optimization-horizontal-vertical_scenario,626,315,3,2,3,0,90,15,1,122733,AdultMaleAgent(Clone),7,11,1.71,1.58,9.573242,1,True,2,1,0.5
2026-03-07_02.03.51,213,sign-optimization-horizontal-vertical_scenario,626,315,3,2,3,0,90,15,1,122734,AdultMaleAgent(Clone),7,11,1.71,1.58,13.97266,1,True,2,1,0.5
2026-03-07_02.03.51,213,sign-optimization-horizontal-vertical_scenario,626,315,3,2,3,0,90,15,1,122735,WheelchairAgent(Clone),10,12,1.3,1.17,8.644531,3,True,3,1,0.3333333
2026-03-07_02.03.51,213,sign-optimization-horizontal-vertical_scenario,626,315,3,2,3,0,90,15,1,122736,AdultMaleAgent(Clone),10,12,1.71,1.58,8.15918,3,True,3,1,0.3333333
2026-03-07_02.03.51,213,sign-optimization-horizontal-vertical_scenario,626,315,3,2,3,0,90,15,1,122737,AdultFemaleAgent(Clone),6,12,1.58,1.45,8.619141,2,True,2,1,0.5
2026-03-07_02.03.51,213,sign-optimization-horizontal-vertical_scenario,626,315,3,2,3,0,90,15,1,122738,AdultFemaleAgent(Clone),11,10,1.58,1.450001,10.47461,2,True,3,1,0.3333333
2026-03-07_02.03.51,213,sign-optimization-horizontal-vertical_scenario,626,315,3,2,3,0,90,15,1,122739,WheelchairAgent(Clone),7,11,1.3,1.17,11.51953,1,True,2,1,0.5
2026-03-07_02.03.51,213,sign-optimization-horizontal-vertical_scenario,626,315,3,2,3,0,90,15,1,122740,AdultMaleAgent(Clone),11,10,1.71,1.58,11.52832,2,True,3,1,0.3333333
2026-03-07_02.03.51,213,sign-optimization-horizontal-vertical_scenario,626,315,3,2,3,0,90,15,1,122741,WheelchairAgent(Clone),6,12,1.3,1.17,8.712891,2,True,2,1,0.5
2026-03-07_02.03.51,213,sign-optimization-horizontal-vertical_scenario,626,315,3,2,3,0,90,15,1,122742,AdultFemaleAgent(Clone),11,10,1.58,1.450001,10.07324,2,True,3,1,0.3333333
2026-03-07_02.03.51,213,sign-optimization-horizontal-vertical_scenario,626,315,3,2,3,0,90,15,1,122743,AdultMaleAgent(Clone),7,11,1.71,1.58,13.59473,1,True,2,1,0.5
2026-03-07_02.03.51,213,sign-optimization-horizontal-vertical_scenario,626,315,3,2,3,0,90,15,1,122744,AdultFemaleAgent(Clone),6,12,1.58,1.45,8.401367,2,True,2,1,0.5
2026-03-07_02.03.51,213,sign-optimization-horizontal-vertical_scenario,626,315,3,2,3,0,90,15,1,122745,AdultMaleAgent(Clone),6,12,1.71,1.58,9.303711,2,True,2,1,0.5
2026-03-07_02.03.51,213,sign-optimization-horizontal-vertical_scenario,626,315,3,2,3,0,90,15,1,122746,AdultFemaleAgent(Clone),5,10,1.58,1.45,0,0,False,2,0,0
2026-03-07_02.03.51,213,sign-optimization-horizontal-vertical_scenario,626,315,3,2,3,0,90,15,1,122747,WheelchairAgent(Clone),7,11,1.3,1.17,14.6582,1,False,2,0,0
2026-03-07_02.03.51,213,sign-optimization-horizontal-vertical_scenario,626,315,3,2,3,0,90,15,1,122748,AdultFemaleAgent(Clone),11,10,1.58,1.450001,11.12402,2,True,3,1,0.3333333
2026-03-07_02.03.51,213,sign-optimization-horizontal-vertical_scenario,626,315,3,2,3,0,90,15,1,122749,AdultMaleAgent(Clone),6,12,1.71,1.58,8.922852,4,True,2,1,0.5
2026-03-07_02.03.51,213,sign-optimization-horizontal-vertical_scenario,626,315,3,2,3,0,90,15,1,122750,WheelchairAgent(Clone),10,12,1.3,1.17,9.276367,1,True,3,1,0.3333333
2026-03-07_02.03.51,213,sign-optimization-horizontal-vertical_scenario,626,315,3,2,3,0,90,15,1,122751,AdultFemaleAgent(Clone),7,11,1.58,1.450001,11.27539,1,False,2,1,0.5
2026-03-07_02.03.51,213,sign-optimization-horizontal-vertical_scenario,626,315,3,2,3,0,90,15,1,122752,AdultMaleAgent(Clone),6,12,1.71,1.58,9.25293,2,True,2,1,0.5
2026-03-07_02.03.51,213,sign-optimization-horizontal-vertical_scenario,626,315,3,2,3,0,90,15,1,122753,AdultFemaleAgent(Clone),7,11,1.58,1.450001,14.23828,1,True,2,1,0.5
2026-03-07_02.03.51,213,sign-optimization-horizontal-vertical_scenario,626,315,3,2,3,0,90,15,1,122754,AdultFemaleAgent(Clone),6,12,1.58,1.45,9.607422,2,True,2,1,0.5
2026-03-07_02.03.51,213,sign-optimization-horizontal-vertical_scenario,626,315,3,2,3,0,90,15,1,122755,AdultFemaleAgent(Clone),7,11,1.58,1.450001,12.32129,1,True,2,1,0.5
2026-03-07_02.03.51,213,sign-optimization-horizontal-vertical_scenario,626,315,3,2,3,0,90,15,1,122756,AdultMaleAgent(Clone),5,10,1.71,1.58,0,0,False,2,0,0
2026-03-07_02.03.51,213,sign-optimization-horizontal-vertical_scenario,626,315,3,2,3,0,90,15,1,122757,WheelchairAgent(Clone),11,10,1.3,1.17,8.977539,1,False,3,0,0
2026-03-07_02.03.51,213,sign-optimization-horizontal-vertical_scenario,626,315,3,2,3,0,90,15,1,122758,WheelchairAgent(Clone),7,11,1.3,1.17,13.43359,1,True,2,1,0.5
2026-03-07_02.03.51,213,sign-optimization-horizontal-vertical_scenario,626,315,3,2,3,0,90,15,1,122759,WheelchairAgent(Clone),5,10,1.3,1.17,0,0,False,2,0,0
2026-03-07_02.03.51,213,sign-optimization-horizontal-vertical_scenario,626,315,3,2,3,0,90,15,1,122760,AdultMaleAgent(Clone),6,12,1.71,1.58,8.509766,2,True,2,1,0.5
2026-03-07_02.03.51,213,sign-optimization-horizontal-vertical_scenario,626,315,3,2,3,0,90,15,1,122761,WheelchairAgent(Clone),10,12,1.3,1.17,8.582031,2,True,3,1,0.3333333
2026-03-07_02.03.51,213,sign-optimization-horizontal-vertical_scenario,626,315,3,2,3,0,90,15,1,122762,AdultFemaleAgent(Clone),11,10,1.58,1.450001,7.893555,2,False,3,0,0
2026-03-07_02.03.51,213,sign-optimization-horizontal-vertical_scenario,626,315,3,2,3,0,90,15,1,122763,AdultFemaleAgent(Clone),6,12,1.58,1.45,8.143555,2,True,2,1,0.5
2026-03-07_02.03.51,213,sign-optimization-horizontal-vertical_scenario,626,315,3,2,3,0,90,15,1,122764,WheelchairAgent(Clone),10,12,1.3,1.17,8.375977,2,False,3,0,0
2026-03-07_02.03.51,213,sign-optimization-horizontal-vertical_scenario,626,315,3,2,3,0,90,15,1,122765,AdultFemaleAgent(Clone),5,10,1.58,1.45,0,0,False,2,0,0
2026-03-07_02.03.51,213,sign-optimization-horizontal-vertical_scenario,626,315,3,2,3,0,90,15,1,122766,AdultFemaleAgent(Clone),5,10,1.58,1.45,0,0,False,2,0,0
2026-03-07_02.03.51,213,sign-optimization-horizontal-vertical_scenario,626,315,3,2,3,0,90,15,1,122767,WheelchairAgent(Clone),7,11,1.3,1.17,11.98242,1,True,2,1,0.5
2026-03-07_02.03.51,213,sign-optimization-horizontal-vertical_scenario,626,315,3,2,3,0,90,15,1,122768,AdultFemaleAgent(Clone),11,10,1.58,1.450001,9.663086,2,True,3,1,0.3333333
2026-03-07_02.03.51,213,sign-optimization-horizontal-vertical_scenario,626,315,3,2,3,0,90,15,1,122769,AdultFemaleAgent(Clone),6,12,1.58,1.45,7.933594,2,True,2,1,0.5
2026-03-07_02.03.51,213,sign-optimization-horizontal-vertical_scenario,626,315,3,2,3,0,90,15,1,122770,WheelchairAgent(Clone),11,10,1.3,1.17,9.043945,2,True,3,1,0.3333333
2026-03-07_02.03.51,213,sign-optimization-horizontal-vertical_scenario,626,315,3,2,3,0,90,15,1,122771,WheelchairAgent(Clone),6,12,1.3,1.17,8.265625,2,True,2,1,0.5
2026-03-07_02.03.51,213,sign-optimization-horizontal-vertical_scenario,626,315,3,2,3,0,90,15,1,122772,AdultMaleAgent(Clone),5,10,1.71,1.58,0,0,False,2,0,0
2026-03-07_02.03.51,213,sign-optimization-horizontal-vertical_scenario,626,315,3,2,3,0,90,15,1,122773,AdultMaleAgent(Clone),10,12,1.71,1.58,7.94043,5,True,3,1,0.3333333
2026-03-07_02.03.51,213,sign-optimization-horizontal-vertical_scenario,626,315,3,2,3,0,90,15,1,122774,AdultFemaleAgent(Clone),5,10,1.58,1.45,0,0,False,2,0,0
2026-03-07_02.03.51,213,sign-optimization-horizontal-vertical_scenario,626,315,3,2,3,0,90,15,1,122775,AdultMaleAgent(Clone),6,12,1.71,1.58,9.490234,2,True,2,1,0.5
2026-03-07_02.03.51,213,sign-optimization-horizontal-vertical_scenario,626,315,3,2,3,0,90,15,1,122776,WheelchairAgent(Clone),6,12,1.3,1.17,10.50391,2,True,2,1,0.5
2026-03-07_02.03.51,213,sign-optimization-horizontal-vertical_scenario,626,315,3,2,3,0,90,15,1,122777,AdultFemaleAgent(Clone),11,10,1.58,1.450001,8.662109,2,False,3,0,0
2026-03-07_02.03.51,213,sign-optimization-horizontal-vertical_scenario,626,315,3,2,3,0,90,15,1,122778,AdultMaleAgent(Clone),10,12,1.71,1.58,8.734375,2,True,3,1,0.3333333
2026-03-07_02.03.51,213,sign-optimization-horizontal-vertical_scenario,626,315,3,2,3,0,90,15,1,122779,AdultFemaleAgent(Clone),6,12,1.58,1.45,8.599609,2,True,2,1,0.5
2026-03-07_02.03.51,213,sign-optimization-horizontal-vertical_scenario,626,315,3,2,3,0,90,15,1,122780,AdultFemaleAgent(Clone),6,12,1.58,1.45,7.798828,2,True,2,1,0.5
2026-03-07_02.03.51,213,sign-optimization-horizontal-vertical_scenario,626,315,3,2,3,0,90,15,1,122781,AdultMaleAgent(Clone),11,10,1.71,1.58,8.780273,2,True,3,1,0.3333333
2026-03-07_02.03.51,213,sign-optimization-horizontal-vertical_scenario,626,315,3,2,3,0,90,15,1,122782,AdultFemaleAgent(Clone),7,11,1.58,1.450001,14.03125,1,True,2,1,0.5
2026-03-07_02.03.51,213,sign-optimization-horizontal-vertical_scenario,626,315,3,2,3,0,90,15,1,122783,AdultMaleAgent(Clone),10,12,1.71,1.58,1.631836,2,True,3,1,0.3333333
2026-03-07_02.03.51,213,sign-optimization-horizontal-vertical_scenario,626,315,3,2,3,0,90,15,1,122784,AdultMaleAgent(Clone),10,12,1.71,1.58,9.191406,2,True,3,1,0.3333333
2026-03-07_02.03.51,213,sign-optimization-horizontal-vertical_scenario,626,315,3,2,3,0,90,15,1,122785,WheelchairAgent(Clone),10,12,1.3,1.17,7.359375,3,True,3,1,0.3333333
2026-03-07_02.03.51,213,sign-optimization-horizontal-vertical_scenario,626,315,3,2,3,0,90,15,1,122786,AdultMaleAgent(Clone),6,12,1.71,1.58,8.755859,2,True,2,1,0.5
2026-03-07_02.03.51,213,sign-optimization-horizontal-vertical_scenario,626,315,3,2,3,0,90,15,1,122787,AdultFemaleAgent(Clone),6,12,1.58,1.45,8.016602,2,True,2,1,0.5
2026-03-07_02.03.51,213,sign-optimization-horizontal-vertical_scenario,626,315,3,2,3,0,90,15,1,122788,AdultFemaleAgent(Clone),10,12,1.58,1.45,7.039063,2,True,3,1,0.3333333
2026-03-07_02.03.51,213,sign-optimization-horizontal-vertical_scenario,626,315,3,2,3,0,90,15,1,122789,AdultFemaleAgent(Clone),10,12,1.58,1.45,8.574219,3,True,3,1,0.3333333
2026-03-07_02.03.51,213,sign-optimization-horizontal-vertical_scenario,626,315,3,2,3,0,90,15,1,122790,WheelchairAgent(Clone),11,10,1.3,1.17,6.987305,1,False,3,1,0.3333333
2026-03-07_02.03.51,213,sign-optimization-horizontal-vertical_scenario,626,315,3,2,3,0,90,15,1,122791,WheelchairAgent(Clone),10,12,1.3,1.17,8.432617,2,True,3,1,0.3333333
2026-03-07_02.03.51,213,sign-optimization-horizontal-vertical_scenario,626,315,3,2,3,0,90,15,1,122792,AdultMaleAgent(Clone),5,10,1.71,1.58,0,0,False,2,0,0
2026-03-07_02.03.51,213,sign-optimization-horizontal-vertical_scenario,626,315,3,2,3,0,90,15,1,122793,AdultFemaleAgent(Clone),10,12,1.58,1.45,14.9668,2,True,3,1,0.3333333
2026-03-07_02.03.51,213,sign-optimization-horizontal-vertical_scenario,626,315,3,2,3,0,90,15,1,122794,AdultFemaleAgent(Clone),11,10,1.58,1.450001,8.814453,2,True,3,1,0.3333333
2026-03-07_02.03.51,213,sign-optimization-horizontal-vertical_scenario,626,315,3,2,3,0,90,15,1,122795,WheelchairAgent(Clone),10,12,1.3,1.17,8.462891,2,True,3,1,0.3333333
2026-03-07_02.03.51,213,sign-optimization-horizontal-vertical_scenario,626,315,3,2,3,0,90,15,1,122796,AdultMaleAgent(Clone),5,10,1.71,1.58,0,0,False,2,0,0
2026-03-07_02.03.51,213,sign-optimization-horizontal-vertical_scenario,626,315,3,2,3,0,90,15,1,122797,AdultFemaleAgent(Clone),7,11,1.58,1.450001,13.03418,1,True,2,1,0.5
2026-03-07_02.03.51,213,sign-optimization-horizontal-vertical_scenario,626,315,3,2,3,0,90,15,1,122798,WheelchairAgent(Clone),6,12,1.3,1.17,7.169922,2,True,2,1,0.5
2026-03-07_02.03.51,213,sign-optimization-horizontal-vertical_scenario,626,315,3,2,3,0,90,15,1,122799,AdultFemaleAgent(Clone),5,10,1.58,1.45,0,0,False,2,0,0
2026-03-07_02.03.51,213,sign-optimization-horizontal-vertical_scenario,626,315,3,2,3,0,90,15,1,122800,WheelchairAgent(Clone),11,10,1.3,1.17,8.235352,2,False,3,0,0
2026-03-07_02.03.51,213,sign-optimization-horizontal-vertical_scenario,626,315,3,2,3,0,90,15,1,122801,WheelchairAgent(Clone),5,10,1.3,1.17,0,0,False,2,0,0
2026-03-07_02.03.51,213,sign-optimization-horizontal-vertical_scenario,626,315,3,2,3,0,90,15,1,122802,AdultMaleAgent(Clone),5,10,1.71,1.58,0,0,False,2,0,0
2026-03-07_02.03.51,213,sign-optimization-horizontal-vertical_scenario,626,315,3,2,3,0,90,15,1,122803,AdultFemaleAgent(Clone),11,10,1.58,1.450001,7.631836,2,True,3,1,0.3333333
2026-03-07_02.03.51,213,sign-optimization-horizontal-vertical_scenario,626,315,3,2,3,0,90,15,1,122804,AdultMaleAgent(Clone),7,11,1.71,1.58,15.54004,1,True,2,1,0.5
2026-03-07_02.03.51,213,sign-optimization-horizontal-vertical_scenario,626,315,3,2,3,0,90,15,1,122805,WheelchairAgent(Clone),7,11,1.3,1.17,11.98828,1,False,2,1,0.5
2026-03-07_02.03.51,213,sign-optimization-horizontal-vertical_scenario,626,315,3,2,3,0,90,15,1,122806,AdultFemaleAgent(Clone),6,12,1.58,1.45,8.986328,2,True,2,1,0.5
2026-03-07_02.03.51,213,sign-optimization-horizontal-vertical_scenario,626,315,3,2,3,0,90,15,1,122807,AdultFemaleAgent(Clone),5,10,1.58,1.45,0,0,False,2,0,0
2026-03-07_02.03.51,213,sign-optimization-horizontal-vertical_scenario,626,315,3,2,3,0,90,15,1,122808,WheelchairAgent(Clone),6,12,1.3,1.17,8.288086,2,True,2,1,0.5
2026-03-07_02.03.51,213,sign-optimization-horizontal-vertical_scenario,626,315,3,2,3,0,90,15,1,122809,AdultFemaleAgent(Clone),7,11,1.58,1.450001,12.03809,1,True,2,1,0.5
2026-03-07_02.03.51,213,sign-optimization-horizontal-vertical_scenario,626,315,3,2,3,0,90,15,1,122810,WheelchairAgent(Clone),6,12,1.3,1.17,8.581055,2,True,2,1,0.5
2026-03-07_02.03.51,213,sign-optimization-horizontal-vertical_scenario,626,315,3,2,3,0,90,15,1,122811,AdultMaleAgent(Clone),6,12,1.71,1.58,7.912109,2,True,2,1,0.5
2026-03-07_02.03.51,213,sign-optimization-horizontal-vertical_scenario,626,315,3,2,3,0,90,15,1,122812,AdultFemaleAgent(Clone),5,10,1.58,1.45,0,0,False,2,0,0
2026-03-07_02.03.51,213,sign-optimization-horizontal-vertical_scenario,626,315,3,2,3,0,90,15,1,122813,WheelchairAgent(Clone),7,11,1.3,1.17,13.50391,1,True,2,1,0.5
2026-03-07_02.03.51,213,sign-optimization-horizontal-vertical_scenario,626,315,3,2,3,0,90,15,1,122814,WheelchairAgent(Clone),7,11,1.3,1.17,12.62402,1,True,2,1,0.5
2026-03-07_02.03.51,213,sign-optimization-horizontal-vertical_scenario,626,315,3,2,3,0,90,15,1,122815,AdultFemaleAgent(Clone),10,12,1.58,1.45,9.039063,2,True,3,1,0.3333333
2026-03-07_02.03.51,213,sign-optimization-horizontal-vertical_scenario,626,315,3,2,3,0,90,15,1,122816,WheelchairAgent(Clone),10,12,1.3,1.17,7.939453,2,True,3,1,0.3333333
2026-03-07_02.03.51,213,sign-optimization-horizontal-vertical_scenario,626,315,3,2,3,0,90,15,1,122817,WheelchairAgent(Clone),6,12,1.3,1.17,7.791016,2,True,2,1,0.5
2026-03-07_02.03.51,213,sign-optimization-horizontal-vertical_scenario,626,315,3,2,3,0,90,15,1,122818,AdultMaleAgent(Clone),11,10,1.71,1.58,10.92871,2,False,3,1,0.3333333
2026-03-07_02.03.51,213,sign-optimization-horizontal-vertical_scenario,626,315,3,2,3,0,90,15,1,122819,AdultMaleAgent(Clone),6,12,1.71,1.58,8.362305,2,True,2,1,0.5
2026-03-07_02.03.51,213,sign-optimization-horizontal-vertical_scenario,626,315,3,2,3,0,90,15,1,122820,AdultMaleAgent(Clone),10,12,1.71,1.58,9.143555,3,True,3,1,0.3333333
2026-03-07_02.03.51,213,sign-optimization-horizontal-vertical_scenario,626,315,3,2,3,0,90,15,1,122821,AdultMaleAgent(Clone),10,12,1.71,1.58,8.212891,2,True,3,1,0.3333333
2026-03-07_02.03.51,213,sign-optimization-horizontal-vertical_scenario,626,315,3,2,3,0,90,15,1,122822,AdultFemaleAgent(Clone),11,10,1.58,1.450001,11.98828,2,False,3,0,0
2026-03-07_02.03.51,213,sign-optimization-horizontal-vertical_scenario,626,315,3,2,3,0,90,15,1,122823,AdultFemaleAgent(Clone),10,12,1.58,1.45,9.21875,3,True,3,1,0.3333333
2026-03-07_02.03.51,213,sign-optimization-horizontal-vertical_scenario,626,315,3,2,3,0,90,15,1,122824,AdultMaleAgent(Clone),10,12,1.71,1.58,5.688477,3,True,3,1,0.3333333
2026-03-07_02.03.51,213,sign-optimization-horizontal-vertical_scenario,626,315,3,2,3,0,90,15,1,122825,WheelchairAgent(Clone),7,11,1.3,1.17,11.10938,1,False,2,0,0
2026-03-07_02.03.51,213,sign-optimization-horizontal-vertical_scenario,626,315,3,2,3,0,90,15,1,122826,AdultFemaleAgent(Clone),6,12,1.58,1.45,8.061523,2,True,2,1,0.5
2026-03-07_02.03.51,213,sign-optimization-horizontal-vertical_scenario,626,315,3,2,3,0,90,15,1,122827,WheelchairAgent(Clone),5,10,1.3,1.17,0,0,False,2,0,0
2026-03-07_02.03.51,213,sign-optimization-horizontal-vertical_scenario,626,315,3,2,3,0,90,15,1,122828,AdultFemaleAgent(Clone),7,11,1.58,1.450001,10.37109,1,False,2,1,0.5
2026-03-07_02.03.51,213,sign-optimization-horizontal-vertical_scenario,626,315,3,2,3,0,90,15,1,122829,AdultMaleAgent(Clone),5,10,1.71,1.58,0,0,False,2,0,0
2026-03-07_02.03.51,213,sign-optimization-horizontal-vertical_scenario,626,315,3,2,3,0,90,15,1,122830,AdultFemaleAgent(Clone),6,12,1.58,1.45,9.360352,2,True,2,1,0.5
2026-03-07_02.03.51,213,sign-optimization-horizontal-vertical_scenario,626,315,3,2,3,0,90,15,1,122831,AdultMaleAgent(Clone),11,10,1.71,1.58,8.183594,1,False,3,0,0
2026-03-07_02.03.51,213,sign-optimization-horizontal-vertical_scenario,626,315,3,2,3,0,90,15,1,122832,WheelchairAgent(Clone),11,10,1.3,1.17,3.569336,1,False,3,0,0
2026-03-07_02.03.51,213,sign-optimization-horizontal-vertical_scenario,626,315,3,2,3,0,90,15,1,122833,AdultFemaleAgent(Clone),7,11,1.58,1.450001,14.09082,1,True,2,1,0.5
2026-03-07_02.03.51,213,sign-optimization-horizontal-vertical_scenario,626,315,3,2,3,0,90,15,1,122834,AdultFemaleAgent(Clone),7,11,1.58,1.450001,15.46484,1,True,2,1,0.5
2026-03-07_02.03.51,213,sign-optimization-horizontal-vertical_scenario,626,315,3,2,3,0,90,15,1,122835,AdultFemaleAgent(Clone),10,12,1.58,1.45,6.602539,3,True,3,1,0.3333333
2026-03-07_02.03.51,213,sign-optimization-horizontal-vertical_scenario,626,315,3,2,3,0,90,15,1,122836,AdultFemaleAgent(Clone),10,12,1.58,1.45,9.349609,2,True,3,1,0.3333333
2026-03-07_02.03.51,213,sign-optimization-horizontal-vertical_scenario,626,315,3,2,3,0,90,15,1,122837,AdultFemaleAgent(Clone),6,12,1.58,1.45,8.979492,2,True,2,1,0.5
2026-03-07_02.03.51,213,sign-optimization-horizontal-vertical_scenario,626,315,3,2,3,0,90,15,1,122838,WheelchairAgent(Clone),7,11,1.3,1.17,11.6748,1,True,2,1,0.5
2026-03-07_02.03.51,213,sign-optimization-horizontal-vertical_scenario,626,315,3,2,3,0,90,15,1,122839,AdultFemaleAgent(Clone),5,10,1.58,1.45,0,0,False,2,0,0
2026-03-07_02.03.51,213,sign-optimization-horizontal-vertical_scenario,626,315,3,2,3,0,90,15,1,122840,AdultMaleAgent(Clone),6,12,1.71,1.58,9.676758,2,True,2,1,0.5
2026-03-07_02.03.51,213,sign-optimization-horizontal-vertical_scenario,626,315,3,2,3,0,90,15,1,122841,WheelchairAgent(Clone),11,10,1.3,1.17,12.1123,2,True,3,1,0.3333333
2026-03-07_02.03.51,213,sign-optimization-horizontal-vertical_scenario,626,315,3,2,3,0,90,15,1,122842,WheelchairAgent(Clone),7,11,1.3,1.17,12.53516,1,False,2,1,0.5
2026-03-07_02.03.51,213,sign-optimization-horizontal-vertical_scenario,626,315,3,2,3,0,90,15,1,122843,AdultFemaleAgent(Clone),5,10,1.58,1.45,0,0,False,2,0,0
2026-03-07_02.03.51,213,sign-optimization-horizontal-vertical_scenario,626,315,3,2,3,0,90,15,1,122844,AdultMaleAgent(Clone),7,11,1.71,1.58,11.87207,1,True,2,1,0.5
2026-03-07_02.03.51,213,sign-optimization-horizontal-vertical_scenario,626,315,3,2,3,0,90,15,1,122845,AdultFemaleAgent(Clone),5,10,1.58,1.45,0,0,False,2,0,0
2026-03-07_02.03.51,213,sign-optimization-horizontal-vertical_scenario,626,315,3,2,3,0,90,15,1,122846,AdultMaleAgent(Clone),6,12,1.71,1.58,8.916016,2,True,2,1,0.5
2026-03-07_02.03.51,213,sign-optimization-horizontal-vertical_scenario,626,315,3,2,3,0,90,15,1,122847,AdultFemaleAgent(Clone),11,10,1.58,1.450001,5.172852,1,False,3,0,0
2026-03-07_02.03.51,213,sign-optimization-horizontal-vertical_scenario,626,315,3,2,3,0,90,15,1,122848,AdultMaleAgent(Clone),7,11,1.71,1.58,13.47168,1,True,2,1,0.5
2026-03-07_02.03.51,213,sign-optimization-horizontal-vertical_scenario,626,315,3,2,3,0,90,15,1,122849,AdultFemaleAgent(Clone),5,10,1.58,1.45,0,0,False,2,0,0
2026-03-07_02.03.51,213,sign-optimization-horizontal-vertical_scenario,626,315,3,2,3,0,90,15,1,122850,AdultMaleAgent(Clone),5,10,1.71,1.58,0,0,False,2,0,0
2026-03-07_02.03.51,213,sign-optimization-horizontal-vertical_scenario,626,315,3,2,3,0,90,15,1,122851,AdultMaleAgent(Clone),7,11,1.71,1.58,12.07324,1,True,2,1,0.5
2026-03-07_02.03.51,213,sign-optimization-horizontal-vertical_scenario,626,315,3,2,3,0,90,15,1,122852,WheelchairAgent(Clone),10,12,1.3,1.17,7.758789,2,True,3,1,0.3333333
2026-03-07_02.03.51,213,sign-optimization-horizontal-vertical_scenario,626,315,3,2,3,0,90,15,1,122853,AdultFemaleAgent(Clone),5,10,1.58,1.45,0,0,False,2,0,0
2026-03-07_02.03.51,213,sign-optimization-horizontal-vertical_scenario,626,315,3,2,3,0,90,15,1,122854,AdultFemaleAgent(Clone),7,11,1.58,1.450001,12.85254,1,False,2,1,0.5
2026-03-07_02.03.51,213,sign-optimization-horizontal-vertical_scenario,626,315,3,2,3,0,90,15,1,122855,AdultMaleAgent(Clone),7,11,1.71,1.58,11.24707,1,True,2,1,0.5
2026-03-07_02.03.51,213,sign-optimization-horizontal-vertical_scenario,626,315,3,2,3,0,90,15,1,122856,AdultFemaleAgent(Clone),6,12,1.58,1.45,7.929688,2,True,2,1,0.5
2026-03-07_02.03.51,213,sign-optimization-horizontal-vertical_scenario,626,315,3,2,3,0,90,15,1,122857,AdultMaleAgent(Clone),10,12,1.71,1.58,9.196289,4,True,3,1,0.3333333
2026-03-07_02.03.51,213,sign-optimization-horizontal-vertical_scenario,626,315,3,2,3,0,90,15,1,122858,AdultMaleAgent(Clone),10,12,1.71,1.58,9.269531,2,True,3,1,0.3333333
2026-03-07_02.03.51,213,sign-optimization-horizontal-vertical_scenario,626,315,3,2,3,0,90,15,1,122859,AdultFemaleAgent(Clone),6,12,1.58,1.45,8.5,2,True,2,1,0.5
2026-03-07_02.03.51,213,sign-optimization-horizontal-vertical_scenario,626,315,3,2,3,0,90,15,1,122860,AdultMaleAgent(Clone),10,12,1.71,1.58,8.025391,2,True,3,1,0.3333333
2026-03-07_02.03.51,213,sign-optimization-horizontal-vertical_scenario,626,315,3,2,3,0,90,15,1,122861,AdultMaleAgent(Clone),10,12,1.71,1.58,14.51563,2,True,3,1,0.3333333
2026-03-07_02.03.51,213,sign-optimization-horizontal-vertical_scenario,626,315,3,2,3,0,90,15,1,122862,WheelchairAgent(Clone),11,10,1.3,1.17,9.683594,2,False,3,0,0
2026-03-07_02.03.51,213,sign-optimization-horizontal-vertical_scenario,626,315,3,2,3,0,90,15,1,122863,WheelchairAgent(Clone),10,12,1.3,1.17,8.924805,2,True,3,1,0.3333333
2026-03-07_02.03.51,213,sign-optimization-horizontal-vertical_scenario,626,315,3,2,3,0,90,15,1,122864,AdultMaleAgent(Clone),10,12,1.71,1.58,8.880859,3,True,3,1,0.3333333
2026-03-07_02.03.51,213,sign-optimization-horizontal-vertical_scenario,626,315,3,2,3,0,90,15,1,122865,AdultFemaleAgent(Clone),11,10,1.58,1.450001,9.623047,2,False,3,0,0
2026-03-07_02.03.51,213,sign-optimization-horizontal-vertical_scenario,626,315,3,2,3,0,90,15,1,122866,AdultFemaleAgent(Clone),7,11,1.58,1.450001,11.41602,1,False,2,1,0.5
2026-03-07_02.03.51,213,sign-optimization-horizontal-vertical_scenario,626,315,3,2,3,0,90,15,1,122867,WheelchairAgent(Clone),7,11,1.3,1.17,12.33301,1,True,2,1,0.5
2026-03-07_02.03.51,213,sign-optimization-horizontal-vertical_scenario,626,315,3,2,3,0,90,15,1,122868,AdultFemaleAgent(Clone),7,11,1.58,1.450001,13.57324,1,True,2,1,0.5
2026-03-07_02.03.51,213,sign-optimization-horizontal-vertical_scenario,626,315,3,2,3,0,90,15,1,122869,WheelchairAgent(Clone),10,12,1.3,1.17,8.491211,3,True,3,1,0.3333333
2026-03-07_02.03.51,213,sign-optimization-horizontal-vertical_scenario,626,315,3,2,3,0,90,15,1,122870,WheelchairAgent(Clone),11,10,1.3,1.17,8.481445,2,False,3,0,0
2026-03-07_02.03.51,213,sign-optimization-horizontal-vertical_scenario,626,315,3,2,3,0,90,15,1,122871,WheelchairAgent(Clone),10,12,1.3,1.17,7.953125,2,True,3,1,0.3333333
2026-03-07_02.03.51,213,sign-optimization-horizontal-vertical_scenario,626,315,3,2,3,0,90,15,1,122872,AdultMaleAgent(Clone),7,11,1.71,1.58,0,0,True,2,1,0.5
2026-03-07_02.03.51,213,sign-optimization-horizontal-vertical_scenario,626,315,3,2,3,0,90,15,1,122873,WheelchairAgent(Clone),6,12,1.3,1.17,8.999023,2,True,2,1,0.5
2026-03-07_02.03.51,213,sign-optimization-horizontal-vertical_scenario,626,315,3,2,3,0,90,15,1,122874,WheelchairAgent(Clone),6,12,1.3,1.17,8.834961,2,True,2,1,0.5
2026-03-07_02.03.51,213,sign-optimization-horizontal-vertical_scenario,626,315,3,2,3,0,90,15,1,122875,AdultFemaleAgent(Clone),10,12,1.58,1.45,8.34668,2,True,3,1,0.3333333
2026-03-07_02.03.51,213,sign-optimization-horizontal-vertical_scenario,626,315,3,2,3,0,90,15,1,122876,WheelchairAgent(Clone),5,10,1.3,1.17,0,0,False,2,0,0
2026-03-07_02.03.51,213,sign-optimization-horizontal-vertical_scenario,626,315,3,2,3,0,90,15,1,122877,WheelchairAgent(Clone),7,11,1.3,1.17,12.6748,1,False,2,0,0
2026-03-07_02.03.51,213,sign-optimization-horizontal-vertical_scenario,626,315,3,2,3,0,90,15,1,122878,AdultMaleAgent(Clone),5,10,1.71,1.58,0,0,False,2,0,0
2026-03-07_02.03.51,213,sign-optimization-horizontal-vertical_scenario,626,315,3,2,3,0,90,15,1,122879,WheelchairAgent(Clone),11,10,1.3,1.17,9.19043,1,False,3,0,0
2026-03-07_02.03.51,213,sign-optimization-horizontal-vertical_scenario,626,315,3,2,3,0,90,15,1,122880,WheelchairAgent(Clone),5,10,1.3,1.17,0,0,False,2,0,0
2026-03-07_02.03.51,213,sign-optimization-horizontal-vertical_scenario,626,315,3,2,3,0,90,15,1,122881,WheelchairAgent(Clone),11,10,1.3,1.17,9.033203,1,False,3,0,0
2026-03-07_02.03.51,213,sign-optimization-horizontal-vertical_scenario,626,315,3,2,3,0,90,15,1,122882,AdultMaleAgent(Clone),5,10,1.71,1.58,0,0,False,2,0,0
2026-03-07_02.03.51,213,sign-optimization-horizontal-vertical_scenario,626,315,3,2,3,0,90,15,1,122883,AdultMaleAgent(Clone),10,12,1.71,1.58,9.869141,2,True,3,1,0.3333333
2026-03-07_02.03.51,213,sign-optimization-horizontal-vertical_scenario,626,315,3,2,3,0,90,15,1,122884,AdultFemaleAgent(Clone),10,12,1.58,1.45,8.922852,2,True,3,1,0.3333333
2026-03-07_02.03.51,213,sign-optimization-horizontal-vertical_scenario,626,315,3,2,3,0,90,15,1,122885,WheelchairAgent(Clone),7,11,1.3,1.17,11.84277,1,False,2,1,0.5
2026-03-07_02.03.51,213,sign-optimization-horizontal-vertical_scenario,626,315,3,2,3,0,90,15,1,122886,AdultFemaleAgent(Clone),11,10,1.58,1.450001,9.353516,1,False,3,0,0
2026-03-07_02.03.51,213,sign-optimization-horizontal-vertical_scenario,626,315,3,2,3,0,90,15,1,122887,AdultMaleAgent(Clone),10,12,1.71,1.58,8.823242,2,True,3,1,0.3333333
2026-03-07_02.03.51,213,sign-optimization-horizontal-vertical_scenario,626,315,3,2,3,0,90,15,1,122888,WheelchairAgent(Clone),10,12,1.3,1.17,8.508789,2,True,3,1,0.3333333
2026-03-07_02.03.51,213,sign-optimization-horizontal-vertical_scenario,626,315,3,2,3,0,90,15,1,122889,AdultFemaleAgent(Clone),5,10,1.58,1.45,0,0,False,2,0,0
2026-03-07_02.03.51,213,sign-optimization-horizontal-vertical_scenario,626,315,3,2,3,0,90,15,1,122890,AdultFemaleAgent(Clone),6,12,1.58,1.45,8.759766,2,True,2,1,0.5
2026-03-07_02.03.51,213,sign-optimization-horizontal-vertical_scenario,626,315,3,2,3,0,90,15,1,122891,WheelchairAgent(Clone),5,10,1.3,1.17,0,0,False,2,0,0
2026-03-07_02.03.51,213,sign-optimization-horizontal-vertical_scenario,626,315,3,2,3,0,90,15,1,122892,AdultFemaleAgent(Clone),6,12,1.58,1.45,10.4502,2,True,2,1,0.5
2026-03-07_02.03.51,213,sign-optimization-horizontal-vertical_scenario,626,315,3,2,3,0,90,15,1,122893,AdultFemaleAgent(Clone),11,10,1.58,1.450001,8.976563,1,False,3,0,0
2026-03-07_02.03.51,213,sign-optimization-horizontal-vertical_scenario,626,315,3,2,3,0,90,15,1,122894,AdultFemaleAgent(Clone),5,10,1.58,1.45,0,0,False,2,0,0
2026-03-07_02.03.51,213,sign-optimization-horizontal-vertical_scenario,626,315,3,2,3,0,90,15,1,122895,AdultMaleAgent(Clone),11,10,1.71,1.58,8.166992,1,False,3,0,0
2026-03-07_02.03.51,213,sign-optimization-horizontal-vertical_scenario,626,315,3,2,3,0,90,15,1,122896,AdultMaleAgent(Clone),10,12,1.71,1.58,8.273438,5,True,3,1,0.3333333
2026-03-07_02.03.51,213,sign-optimization-horizontal-vertical_scenario,626,315,3,2,3,0,90,15,1,122897,WheelchairAgent(Clone),7,11,1.3,1.17,12.47168,1,True,2,1,0.5
2026-03-07_02.03.51,213,sign-optimization-horizontal-vertical_scenario,626,315,3,2,3,0,90,15,1,122898,AdultFemaleAgent(Clone),7,11,1.58,1.450001,11.85742,1,True,2,1,0.5
2026-03-07_02.03.51,213,sign-optimization-horizontal-vertical_scenario,626,315,3,2,3,0,90,15,1,122899,AdultMaleAgent(Clone),10,12,1.71,1.58,8.700195,2,True,3,1,0.3333333
2026-03-07_02.03.51,213,sign-optimization-horizontal-vertical_scenario,626,315,3,2,3,0,90,15,1,122900,AdultMaleAgent(Clone),11,10,1.71,1.58,9.612305,2,False,3,1,0.3333333
2026-03-07_02.03.51,213,sign-optimization-horizontal-vertical_scenario,626,315,3,2,3,0,90,15,1,122901,AdultMaleAgent(Clone),5,10,1.71,1.58,0,0,False,2,0,0
2026-03-07_02.03.51,213,sign-optimization-horizontal-vertical_scenario,626,315,3,2,3,0,90,15,1,122902,AdultFemaleAgent(Clone),10,12,1.58,1.45,6.708008,3,True,3,1,0.3333333
2026-03-07_02.03.51,213,sign-optimization-horizontal-vertical_scenario,626,315,3,2,3,0,90,15,1,122903,AdultMaleAgent(Clone),7,11,1.71,1.58,13.03125,1,True,2,1,0.5
2026-03-07_02.03.51,213,sign-optimization-horizontal-vertical_scenario,626,315,3,2,3,0,90,15,1,122904,AdultFemaleAgent(Clone),5,10,1.58,1.45,0,0,False,2,0,0
2026-03-07_02.03.51,213,sign-optimization-horizontal-vertical_scenario,626,315,3,2,3,0,90,15,1,122905,WheelchairAgent(Clone),10,12,1.3,1.17,8.59082,3,True,3,1,0.3333333
2026-03-07_02.03.51,213,sign-optimization-horizontal-vertical_scenario,626,315,3,2,3,0,90,15,1,122906,AdultFemaleAgent(Clone),5,10,1.58,1.45,0,0,False,2,0,0
2026-03-07_02.03.51,213,sign-optimization-horizontal-vertical_scenario,626,315,3,2,3,0,90,15,1,122907,WheelchairAgent(Clone),7,11,1.3,1.17,14.78711,1,True,2,1,0.5
2026-03-07_02.03.51,213,sign-optimization-horizontal-vertical_scenario,626,315,3,2,3,0,90,15,1,122908,WheelchairAgent(Clone),5,10,1.3,1.17,0,0,False,2,0,0
2026-03-07_02.03.51,213,sign-optimization-horizontal-vertical_scenario,626,315,3,2,3,0,90,15,1,122909,WheelchairAgent(Clone),6,12,1.3,1.17,7.836914,2,True,2,1,0.5
2026-03-07_02.03.51,213,sign-optimization-horizontal-vertical_scenario,626,315,3,2,3,0,90,15,1,122910,AdultFemaleAgent(Clone),6,12,1.58,1.45,8.839844,2,True,2,1,0.5
2026-03-07_02.03.51,213,sign-optimization-horizontal-vertical_scenario,626,315,3,2,3,0,90,15,1,122911,WheelchairAgent(Clone),7,11,1.3,1.17,12.60156,1,False,2,1,0.5
2026-03-07_02.03.51,213,sign-optimization-horizontal-vertical_scenario,626,315,3,2,3,0,90,15,1,122912,AdultFemaleAgent(Clone),6,12,1.58,1.45,8.423828,2,True,2,1,0.5
2026-03-07_02.03.51,213,sign-optimization-horizontal-vertical_scenario,626,315,3,2,3,0,90,15,1,122913,WheelchairAgent(Clone),7,11,1.3,1.17,13.20215,1,True,2,1,0.5
2026-03-07_02.03.51,213,sign-optimization-horizontal-vertical_scenario,626,315,3,2,3,0,90,15,1,122914,AdultFemaleAgent(Clone),7,11,1.58,1.450001,12.1709,1,True,2,1,0.5
2026-03-07_02.03.51,213,sign-optimization-horizontal-vertical_scenario,626,315,3,2,3,0,90,15,1,122915,AdultFemaleAgent(Clone),11,10,1.58,1.450001,9.641602,1,False,3,0,0
2026-03-07_02.03.51,213,sign-optimization-horizontal-vertical_scenario,626,315,3,2,3,0,90,15,1,122916,AdultMaleAgent(Clone),6,12,1.71,1.58,9.733398,4,True,2,1,0.5
2026-03-07_02.03.51,213,sign-optimization-horizontal-vertical_scenario,626,315,3,2,3,0,90,15,1,122917,WheelchairAgent(Clone),5,10,1.3,1.17,0,0,False,2,0,0
2026-03-07_02.03.51,213,sign-optimization-horizontal-vertical_scenario,626,315,3,2,3,0,90,15,1,122918,AdultMaleAgent(Clone),11,10,1.71,1.58,9.5,1,False,3,0,0
2026-03-07_02.03.51,213,sign-optimization-horizontal-vertical_scenario,626,315,3,2,3,0,90,15,1,122919,AdultMaleAgent(Clone),7,11,1.71,1.58,13.46484,1,True,2,1,0.5
2026-03-07_02.03.51,213,sign-optimization-horizontal-vertical_scenario,626,315,3,2,3,0,90,15,1,122920,WheelchairAgent(Clone),5,10,1.3,1.17,0,0,False,2,0,0
2026-03-07_02.03.51,213,sign-optimization-horizontal-vertical_scenario,626,315,3,2,3,0,90,15,1,122921,AdultFemaleAgent(Clone),5,10,1.58,1.45,0,0,False,2,0,0
2026-03-07_02.03.51,213,sign-optimization-horizontal-vertical_scenario,626,315,3,2,3,0,90,15,1,122922,AdultMaleAgent(Clone),7,11,1.71,1.58,0,0,True,2,1,0.5
2026-03-07_02.03.51,213,sign-optimization-horizontal-vertical_scenario,626,315,3,2,3,0,90,15,1,122923,AdultMaleAgent(Clone),5,10,1.71,1.58,0,0,False,2,0,0
2026-03-07_02.03.51,213,sign-optimization-horizontal-vertical_scenario,626,315,3,2,3,0,90,15,1,122924,WheelchairAgent(Clone),7,11,1.3,1.17,13.18066,1,True,2,1,0.5
2026-03-07_02.03.51,213,sign-optimization-horizontal-vertical_scenario,626,315,3,2,3,0,90,15,1,122925,WheelchairAgent(Clone),10,12,1.3,1.17,8.845703,2,True,3,1,0.3333333
2026-03-07_02.03.51,213,sign-optimization-horizontal-vertical_scenario,626,315,3,2,3,0,90,15,1,122926,AdultMaleAgent(Clone),7,11,1.71,1.58,11.61914,1,True,2,1,0.5
2026-03-07_02.03.51,213,sign-optimization-horizontal-vertical_scenario,626,315,3,2,3,0,90,15,1,122927,AdultMaleAgent(Clone),6,12,1.71,1.58,8.744141,2,True,2,1,0.5
2026-03-07_02.03.51,213,sign-optimization-horizontal-vertical_scenario,626,315,3,2,3,0,90,15,1,122928,AdultFemaleAgent(Clone),7,11,1.58,1.450001,18.41309,1,False,2,1,0.5
2026-03-07_02.03.51,213,sign-optimization-horizontal-vertical_scenario,626,315,3,2,3,0,90,15,1,122929,AdultFemaleAgent(Clone),5,10,1.58,1.45,0,0,False,2,0,0
2026-03-07_02.03.51,213,sign-optimization-horizontal-vertical_scenario,626,315,3,2,3,0,90,15,1,122930,AdultFemaleAgent(Clone),5,10,1.58,1.45,0,0,False,2,0,0
2026-03-07_02.03.51,213,sign-optimization-horizontal-vertical_scenario,626,315,3,2,3,0,90,15,1,122931,WheelchairAgent(Clone),6,12,1.3,1.17,8.552734,2,True,2,1,0.5
2026-03-07_02.03.51,213,sign-optimization-horizontal-vertical_scenario,626,315,3,2,3,0,90,15,1,122932,WheelchairAgent(Clone),7,11,1.3,1.17,13.39648,1,True,2,1,0.5
2026-03-07_02.03.51,213,sign-optimization-horizontal-vertical_scenario,626,315,3,2,3,0,90,15,1,122933,WheelchairAgent(Clone),6,12,1.3,1.17,7.853516,2,True,2,1,0.5
2026-03-07_02.03.51,213,sign-optimization-horizontal-vertical_scenario,626,315,3,2,3,0,90,15,1,122934,AdultFemaleAgent(Clone),7,11,1.58,1.450001,13.30664,1,True,2,1,0.5
2026-03-07_02.03.51,213,sign-optimization-horizontal-vertical_scenario,626,315,3,2,3,0,90,15,1,122935,AdultMaleAgent(Clone),7,11,1.71,1.58,13.18164,1,True,2,1,0.5
2026-03-07_02.03.51,213,sign-optimization-horizontal-vertical_scenario,626,315,3,2,3,0,90,15,1,122936,WheelchairAgent(Clone),6,12,1.3,1.17,8.347656,2,True,2,1,0.5
2026-03-07_02.03.51,213,sign-optimization-horizontal-vertical_scenario,626,315,3,2,3,0,90,15,1,122937,WheelchairAgent(Clone),11,10,1.3,1.17,10.14453,1,False,3,0,0
2026-03-07_02.03.51,213,sign-optimization-horizontal-vertical_scenario,626,315,3,2,3,0,90,15,1,122938,AdultFemaleAgent(Clone),6,12,1.58,1.45,8.541016,2,True,2,1,0.5
2026-03-07_02.03.51,213,sign-optimization-horizontal-vertical_scenario,626,315,3,2,3,0,90,15,1,122939,WheelchairAgent(Clone),6,12,1.3,1.17,9.260742,2,True,2,1,0.5
2026-03-07_02.03.51,213,sign-optimization-horizontal-vertical_scenario,626,315,3,2,3,0,90,15,1,122940,AdultFemaleAgent(Clone),5,10,1.58,1.45,0,0,False,2,0,0
2026-03-07_02.03.51,213,sign-optimization-horizontal-vertical_scenario,626,315,3,2,3,0,90,15,1,122941,AdultMaleAgent(Clone),10,12,1.71,1.58,9.246094,3,True,3,1,0.3333333
2026-03-07_02.03.51,213,sign-optimization-horizontal-vertical_scenario,626,315,3,2,3,0,90,15,1,122942,WheelchairAgent(Clone),7,11,1.3,1.17,14.65723,1,True,2,1,0.5
2026-03-07_02.03.51,213,sign-optimization-horizontal-vertical_scenario,626,315,3,2,3,0,90,15,1,122943,AdultFemaleAgent(Clone),6,12,1.58,1.45,8.503906,2,True,2,1,0.5
2026-03-07_02.03.51,213,sign-optimization-horizontal-vertical_scenario,626,315,3,2,3,0,90,15,1,122944,AdultFemaleAgent(Clone),10,12,1.58,1.45,8.266602,2,True,3,1,0.3333333
2026-03-07_02.03.51,213,sign-optimization-horizontal-vertical_scenario,626,315,3,2,3,0,90,15,1,122945,AdultFemaleAgent(Clone),11,10,1.58,1.450001,9.25293,1,False,3,0,0
2026-03-07_02.03.51,213,sign-optimization-horizontal-vertical_scenario,626,315,3,2,3,0,90,15,1,122946,AdultFemaleAgent(Clone),7,11,1.58,1.450001,0,0,True,2,1,0.5
2026-03-07_02.03.51,213,sign-optimization-horizontal-vertical_scenario,626,315,3,2,3,0,90,15,1,122947,AdultFemaleAgent(Clone),11,10,1.58,1.450001,2.078125,1,False,3,0,0
2026-03-07_02.03.51,213,sign-optimization-horizontal-vertical_scenario,626,315,3,2,3,0,90,15,1,122948,AdultMaleAgent(Clone),5,10,1.71,1.58,0,0,False,2,0,0
2026-03-07_02.03.51,213,sign-optimization-horizontal-vertical_scenario,626,315,3,2,3,0,90,15,1,122949,AdultFemaleAgent(Clone),6,12,1.58,1.45,7.891602,2,True,2,1,0.5
2026-03-07_02.03.51,213,sign-optimization-horizontal-vertical_scenario,626,315,3,2,3,0,90,15,1,122950,AdultMaleAgent(Clone),10,12,1.71,1.58,9.387695,2,True,3,1,0.3333333
2026-03-07_02.03.51,213,sign-optimization-horizontal-vertical_scenario,626,315,3,2,3,0,90,15,1,122951,AdultMaleAgent(Clone),7,11,1.71,1.58,13.91309,1,True,2,1,0.5
2026-03-07_02.03.51,213,sign-optimization-horizontal-vertical_scenario,626,315,3,2,3,0,90,15,1,122952,AdultFemaleAgent(Clone),7,11,1.58,1.450001,12.92383,1,True,2,1,0.5
2026-03-07_02.03.51,213,sign-optimization-horizontal-vertical_scenario,626,315,3,2,3,0,90,15,1,122953,WheelchairAgent(Clone),5,10,1.3,1.17,0,0,False,2,0,0
2026-03-07_02.03.51,213,sign-optimization-horizontal-vertical_scenario,626,315,3,2,3,0,90,15,1,122954,AdultMaleAgent(Clone),10,12,1.71,1.58,8.308594,2,True,3,1,0.3333333
2026-03-07_02.03.51,213,sign-optimization-horizontal-vertical_scenario,626,315,3,2,3,0,90,15,1,122955,WheelchairAgent(Clone),10,12,1.3,1.17,9.017578,2,True,3,1,0.3333333
2026-03-07_02.03.51,213,sign-optimization-horizontal-vertical_scenario,626,315,3,2,3,0,90,15,1,122956,WheelchairAgent(Clone),6,12,1.3,1.17,9.53418,2,True,2,1,0.5
2026-03-07_02.03.51,213,sign-optimization-horizontal-vertical_scenario,626,315,3,2,3,0,90,15,1,122957,WheelchairAgent(Clone),11,10,1.3,1.17,2.119141,1,False,3,0,0
2026-03-07_02.03.51,213,sign-optimization-horizontal-vertical_scenario,626,315,3,2,3,0,90,15,1,122958,AdultMaleAgent(Clone),10,12,1.71,1.58,9.532227,2,True,3,1,0.3333333
2026-03-07_02.03.51,213,sign-optimization-horizontal-vertical_scenario,626,315,3,2,3,0,90,15,1,122959,AdultFemaleAgent(Clone),5,10,1.58,1.45,0,0,False,2,0,0
2026-03-07_02.03.51,213,sign-optimization-horizontal-vertical_scenario,626,315,3,2,3,0,90,15,1,122960,WheelchairAgent(Clone),7,11,1.3,1.17,13.33594,1,False,2,0,0
2026-03-07_02.03.51,213,sign-optimization-horizontal-vertical_scenario,626,315,3,2,3,0,90,15,1,122961,AdultMaleAgent(Clone),5,10,1.71,1.58,0,0,False,2,0,0
2026-03-07_02.03.51,213,sign-optimization-horizontal-vertical_scenario,626,315,3,2,3,0,90,15,1,122962,WheelchairAgent(Clone),7,11,1.3,1.17,11.03809,1,True,2,1,0.5
2026-03-07_02.03.51,213,sign-optimization-horizontal-vertical_scenario,626,315,3,2,3,0,90,15,1,122963,WheelchairAgent(Clone),11,10,1.3,1.17,0,0,False,3,0,0
2026-03-07_02.03.51,213,sign-optimization-horizontal-vertical_scenario,626,315,3,2,3,0,90,15,1,122964,WheelchairAgent(Clone),7,11,1.3,1.17,14.30957,1,True,2,1,0.5
2026-03-07_02.03.51,213,sign-optimization-horizontal-vertical_scenario,626,315,3,2,3,0,90,15,1,122965,AdultMaleAgent(Clone),6,12,1.71,1.58,8.606445,2,True,2,1,0.5
2026-03-07_02.03.51,213,sign-optimization-horizontal-vertical_scenario,626,315,3,2,3,0,90,15,1,122966,AdultFemaleAgent(Clone),5,10,1.58,1.45,0,0,False,2,0,0
2026-03-07_02.03.51,213,sign-optimization-horizontal-vertical_scenario,626,315,3,2,3,0,90,15,1,122967,WheelchairAgent(Clone),10,12,1.3,1.17,1.540039,2,True,3,1,0.3333333
2026-03-07_02.03.51,213,sign-optimization-horizontal-vertical_scenario,626,315,3,2,3,0,90,15,1,122968,WheelchairAgent(Clone),7,11,1.3,1.17,13.33398,1,True,2,1,0.5
2026-03-07_02.03.51,213,sign-optimization-horizontal-vertical_scenario,626,315,3,2,3,0,90,15,1,122969,AdultFemaleAgent(Clone),11,10,1.58,1.450001,0,0,False,3,0,0
2026-03-07_02.03.51,213,sign-optimization-horizontal-vertical_scenario,626,315,3,2,3,0,90,15,1,122970,AdultMaleAgent(Clone),6,12,1.71,1.58,8.794922,2,True,2,1,0.5
2026-03-07_02.03.51,213,sign-optimization-horizontal-vertical_scenario,626,315,3,2,3,0,90,15,1,122971,WheelchairAgent(Clone),7,11,1.3,1.17,0,0,True,2,1,0.5
2026-03-07_02.03.51,213,sign-optimization-horizontal-vertical_scenario,626,315,3,2,3,0,90,15,1,122972,AdultFemaleAgent(Clone),5,10,1.58,1.45,0,0,False,2,0,0
2026-03-07_02.03.51,213,sign-optimization-horizontal-vertical_scenario,626,315,3,2,3,0,90,15,1,122973,AdultMaleAgent(Clone),6,12,1.71,1.58,8.193359,2,True,2,1,0.5
2026-03-07_02.03.51,213,sign-optimization-horizontal-vertical_scenario,626,315,3,2,3,0,90,15,1,122974,AdultMaleAgent(Clone),6,12,1.71,1.58,8.646484,2,True,2,1,0.5
2026-03-07_02.03.51,213,sign-optimization-horizontal-vertical_scenario,626,315,3,2,3,0,90,15,1,122975,AdultMaleAgent(Clone),5,10,1.71,1.58,0,0,False,2,0,0
2026-03-07_02.03.51,213,sign-optimization-horizontal-vertical_scenario,626,315,3,2,3,0,90,15,1,122976,WheelchairAgent(Clone),7,11,1.3,1.17,12.94434,1,True,2,1,0.5
2026-03-07_02.03.51,213,sign-optimization-horizontal-vertical_scenario,626,315,3,2,3,0,90,15,1,122977,AdultMaleAgent(Clone),5,10,1.71,1.58,0.1347656,1,False,2,0,0
2026-03-07_02.03.51,213,sign-optimization-horizontal-vertical_scenario,626,315,3,2,3,0,90,15,1,122978,AdultFemaleAgent(Clone),10,12,1.58,1.45,9.010742,2,True,3,1,0.3333333
2026-03-07_02.03.51,213,sign-optimization-horizontal-vertical_scenario,626,315,3,2,3,0,90,15,1,122979,AdultMaleAgent(Clone),6,12,1.71,1.58,9.060547,2,True,2,1,0.5
2026-03-07_02.03.51,213,sign-optimization-horizontal-vertical_scenario,626,315,3,2,3,0,90,15,1,122980,AdultFemaleAgent(Clone),5,10,1.58,1.45,0,0,False,2,0,0
2026-03-07_02.03.51,213,sign-optimization-horizontal-vertical_scenario,626,315,3,2,3,0,90,15,1,122981,AdultMaleAgent(Clone),7,11,1.71,1.58,12.81445,1,True,2,1,0.5
2026-03-07_02.03.51,213,sign-optimization-horizontal-vertical_scenario,626,315,3,2,3,0,90,15,1,122982,WheelchairAgent(Clone),7,11,1.3,1.17,13.56445,1,True,2,1,0.5
2026-03-07_02.03.51,213,sign-optimization-horizontal-vertical_scenario,626,315,3,2,3,0,90,15,1,122983,WheelchairAgent(Clone),11,10,1.3,1.17,9.415039,1,False,3,0,0
2026-03-07_02.03.51,213,sign-optimization-horizontal-vertical_scenario,626,315,3,2,3,0,90,15,1,122984,AdultFemaleAgent(Clone),7,11,1.58,1.450001,13.23438,1,True,2,1,0.5
2026-03-07_02.03.51,213,sign-optimization-horizontal-vertical_scenario,626,315,3,2,3,0,90,15,1,122985,AdultMaleAgent(Clone),11,10,1.71,1.58,0,0,False,3,0,0
2026-03-07_02.03.51,213,sign-optimization-horizontal-vertical_scenario,626,315,3,2,3,0,90,15,1,122986,AdultFemaleAgent(Clone),10,12,1.58,1.45,0.359375,2,True,3,1,0.3333333
2026-03-07_02.03.51,213,sign-optimization-horizontal-vertical_scenario,626,315,3,2,3,0,90,15,1,122987,AdultMaleAgent(Clone),10,12,1.71,1.58,8.207031,3,True,3,1,0.3333333
2026-03-07_02.03.51,213,sign-optimization-horizontal-vertical_scenario,626,315,3,2,3,0,90,15,1,122988,AdultMaleAgent(Clone),6,12,1.71,1.58,8.708008,2,True,2,1,0.5
2026-03-07_02.03.51,213,sign-optimization-horizontal-vertical_scenario,626,315,3,2,3,0,90,15,1,122989,WheelchairAgent(Clone),5,10,1.3,1.17,0,0,False,2,0,0
2026-03-07_02.03.51,213,sign-optimization-horizontal-vertical_scenario,626,315,3,2,3,0,90,15,1,122990,AdultMaleAgent(Clone),5,10,1.71,1.58,0,0,False,2,0,0
2026-03-07_02.03.51,213,sign-optimization-horizontal-vertical_scenario,626,315,3,2,3,0,90,15,1,122991,AdultFemaleAgent(Clone),6,12,1.58,1.45,9.047852,2,True,2,1,0.5
2026-03-07_02.03.51,213,sign-optimization-horizontal-vertical_scenario,626,315,3,2,3,0,90,15,1,122992,WheelchairAgent(Clone),11,10,1.3,1.17,7.913086,1,False,3,0,0
2026-03-07_02.03.51,213,sign-optimization-horizontal-vertical_scenario,626,315,3,2,3,0,90,15,1,122993,AdultFemaleAgent(Clone),5,10,1.58,1.45,0,0,False,2,0,0
2026-03-07_02.03.51,213,sign-optimization-horizontal-vertical_scenario,626,315,3,2,3,0,90,15,1,122994,WheelchairAgent(Clone),5,10,1.3,1.17,0,0,False,2,0,0
2026-03-07_02.03.51,213,sign-optimization-horizontal-vertical_scenario,626,315,3,2,3,0,90,15,1,122995,AdultMaleAgent(Clone),7,11,1.71,1.58,12.89453,1,True,2,1,0.5
2026-03-07_02.03.51,213,sign-optimization-horizontal-vertical_scenario,626,315,3,2,3,0,90,15,1,122996,WheelchairAgent(Clone),7,11,1.3,1.17,0,0,True,2,1,0.5
2026-03-07_02.03.51,213,sign-optimization-horizontal-vertical_scenario,626,315,3,2,3,0,90,15,1,122997,AdultFemaleAgent(Clone),5,10,1.58,1.45,0,0,False,2,0,0
2026-03-07_02.03.51,213,sign-optimization-horizontal-vertical_scenario,626,315,3,2,3,0,90,15,1,122998,AdultMaleAgent(Clone),11,10,1.71,1.58,0.9833984,1,False,3,0,0
2026-03-07_02.03.51,213,sign-optimization-horizontal-vertical_scenario,626,315,3,2,3,0,90,15,1,122999,AdultFemaleAgent(Clone),6,12,1.58,1.45,10.33887,1,True,2,1,0.5
2026-03-07_02.03.51,213,sign-optimization-horizontal-vertical_scenario,626,315,3,2,3,0,90,15,1,123000,AdultFemaleAgent(Clone),11,10,1.58,1.450001,0.9873047,1,False,3,0,0
2026-03-07_02.03.51,213,sign-optimization-horizontal-vertical_scenario,626,315,3,2,3,0,90,15,1,123001,AdultFemaleAgent(Clone),10,12,1.58,1.45,1.101563,2,True,3,1,0.3333333
2026-03-07_02.03.51,213,sign-optimization-horizontal-vertical_scenario,626,315,3,2,3,0,90,15,1,123002,AdultFemaleAgent(Clone),10,12,1.58,1.45,0.08105469,2,True,3,1,0.3333333
2026-03-07_02.03.51,213,sign-optimization-horizontal-vertical_scenario,626,315,3,2,3,0,90,15,1,123003,AdultMaleAgent(Clone),10,12,1.71,1.58,1.358398,2,True,3,1,0.3333333
2026-03-07_02.03.51,213,sign-optimization-horizontal-vertical_scenario,626,315,3,2,3,0,90,15,1,123004,AdultMaleAgent(Clone),6,12,1.71,1.58,8.457031,2,True,2,1,0.5
2026-03-07_02.03.51,213,sign-optimization-horizontal-vertical_scenario,626,315,3,2,3,0,90,15,1,123005,AdultFemaleAgent(Clone),10,12,1.58,1.45,9.388672,1,True,3,1,0.3333333
2026-03-07_02.03.51,213,sign-optimization-horizontal-vertical_scenario,626,315,3,2,3,0,90,15,1,123006,AdultFemaleAgent(Clone),6,12,1.58,1.45,10.1582,1,True,2,1,0.5
2026-03-07_02.03.51,213,sign-optimization-horizontal-vertical_scenario,626,315,3,2,3,0,90,15,1,123007,AdultMaleAgent(Clone),11,10,1.71,1.58,0,0,False,3,0,0
2026-03-07_02.03.51,213,sign-optimization-horizontal-vertical_scenario,626,315,3,2,3,0,90,15,1,123008,AdultMaleAgent(Clone),5,10,1.71,1.58,0,0,False,2,0,0
2026-03-07_02.03.51,213,sign-optimization-horizontal-vertical_scenario,626,315,3,2,3,0,90,15,1,123009,AdultFemaleAgent(Clone),5,10,1.58,1.45,0,0,False,2,0,0
2026-03-07_02.03.51,213,sign-optimization-horizontal-vertical_scenario,626,315,3,2,3,0,90,15,1,123010,WheelchairAgent(Clone),7,11,1.3,1.17,10.23633,1,True,2,1,0.5
2026-03-07_02.03.51,213,sign-optimization-horizontal-vertical_scenario,626,315,3,2,3,0,90,15,1,123011,AdultMaleAgent(Clone),5,10,1.71,1.58,0,0,False,2,0,0
2026-03-07_02.03.51,213,sign-optimization-horizontal-vertical_scenario,626,315,3,2,3,0,90,15,1,123012,WheelchairAgent(Clone),5,10,1.3,1.17,0,0,False,2,0,0
2026-03-07_02.03.51,213,sign-optimization-horizontal-vertical_scenario,626,315,3,2,3,0,90,15,1,123013,WheelchairAgent(Clone),7,11,1.3,1.17,0,0,True,2,1,0.5
2026-03-07_02.03.51,213,sign-optimization-horizontal-vertical_scenario,626,315,3,2,3,0,90,15,1,123014,WheelchairAgent(Clone),6,12,1.3,1.17,9.951172,1,True,2,1,0.5
2026-03-07_02.03.51,213,sign-optimization-horizontal-vertical_scenario,626,315,3,2,3,0,90,15,1,123015,AdultMaleAgent(Clone),7,11,1.71,1.58,0,0,True,2,1,0.5
2026-03-07_02.03.51,213,sign-optimization-horizontal-vertical_scenario,626,315,3,2,3,0,90,15,1,123016,AdultFemaleAgent(Clone),11,10,1.58,1.450001,0,0,False,3,0,0
2026-03-07_02.03.51,213,sign-optimization-horizontal-vertical_scenario,626,315,3,2,3,0,90,15,1,123017,AdultFemaleAgent(Clone),7,11,1.58,1.450001,9.836914,1,True,2,1,0.5
2026-03-07_02.03.51,213,sign-optimization-horizontal-vertical_scenario,626,315,3,2,3,0,90,15,1,123018,AdultMaleAgent(Clone),10,12,1.71,1.58,9.492188,1,True,3,1,0.3333333
2026-03-07_02.03.51,213,sign-optimization-horizontal-vertical_scenario,626,315,3,2,3,0,90,15,1,123019,AdultMaleAgent(Clone),5,10,1.71,1.58,0,0,False,2,0,0
2026-03-07_02.03.51,213,sign-optimization-horizontal-vertical_scenario,626,315,3,2,3,0,90,15,1,123020,WheelchairAgent(Clone),7,11,1.3,1.17,0,0,True,2,1,0.5
2026-03-07_02.03.51,213,sign-optimization-horizontal-vertical_scenario,626,315,3,2,3,0,90,15,1,123021,AdultFemaleAgent(Clone),5,10,1.58,1.45,0,0,False,2,0,0
2026-03-07_02.03.51,213,sign-optimization-horizontal-vertical_scenario,626,315,3,2,3,0,90,15,1,123022,AdultFemaleAgent(Clone),11,10,1.58,1.450001,0,0,False,3,0,0
2026-03-07_02.03.51,213,sign-optimization-horizontal-vertical_scenario,626,315,3,2,3,0,90,15,1,123023,AdultFemaleAgent(Clone),5,10,1.58,1.45,0,0,False,2,0,0
2026-03-07_02.03.51,213,sign-optimization-horizontal-vertical_scenario,626,315,3,2,3,0,90,15,1,123024,AdultMaleAgent(Clone),7,11,1.71,1.58,0,0,True,2,1,0.5
2026-03-07_02.03.51,213,sign-optimization-horizontal-vertical_scenario,626,315,3,2,3,0,90,15,1,123025,AdultFemaleAgent(Clone),5,10,1.58,1.45,0,0,False,2,0,0
2026-03-07_02.03.51,213,sign-optimization-horizontal-vertical_scenario,626,315,3,2,3,0,90,15,1,123026,WheelchairAgent(Clone),11,10,1.3,1.17,0,0,False,3,0,0
2026-03-07_02.03.51,213,sign-optimization-horizontal-vertical_scenario,626,315,3,2,3,0,90,15,1,123027,WheelchairAgent(Clone),5,10,1.3,1.17,0,0,False,2,0,0
2026-03-07_02.03.51,213,sign-optimization-horizontal-vertical_scenario,626,315,3,2,3,0,90,15,1,123028,AdultMaleAgent(Clone),6,12,1.71,1.58,0.1699219,5,True,2,1,0.5
2026-03-07_02.03.51,213,sign-optimization-horizontal-vertical_scenario,626,315,3,2,3,0,90,15,1,123029,AdultFemaleAgent(Clone),6,12,1.58,1.45,7.632813,1,True,2,1,0.5
2026-03-07_02.03.51,213,sign-optimization-horizontal-vertical_scenario,626,315,3,2,3,0,90,15,1,123030,AdultMaleAgent(Clone),5,10,1.71,1.58,0,0,False,2,0,0
2026-03-07_02.03.51,213,sign-optimization-horizontal-vertical_scenario,626,315,3,2,3,0,90,15,1,123031,AdultFemaleAgent(Clone),6,12,1.58,1.45,10.41113,1,True,2,1,0.5
2026-03-07_02.03.51,213,sign-optimization-horizontal-vertical_scenario,626,315,3,2,3,0,90,15,1,123032,AdultMaleAgent(Clone),10,12,1.71,1.58,9.046875,1,True,3,1,0.3333333
2026-03-07_02.03.51,213,sign-optimization-horizontal-vertical_scenario,626,315,3,2,3,0,90,15,1,123033,WheelchairAgent(Clone),6,12,1.3,1.17,9.844727,1,True,2,1,0.5
2026-03-07_02.03.51,213,sign-optimization-horizontal-vertical_scenario,626,315,3,2,3,0,90,15,1,123034,WheelchairAgent(Clone),11,10,1.3,1.17,0,0,False,3,0,0
2026-03-07_02.03.51,213,sign-optimization-horizontal-vertical_scenario,626,315,3,2,3,0,90,15,1,123035,AdultFemaleAgent(Clone),7,11,1.58,1.450001,0,0,True,2,1,0.5
2026-03-07_02.03.51,213,sign-optimization-horizontal-vertical_scenario,626,315,3,2,3,0,90,15,1,123036,AdultMaleAgent(Clone),11,10,1.71,1.58,0,0,False,3,0,0
2026-03-07_02.03.51,213,sign-optimization-horizontal-vertical_scenario,626,315,3,2,3,0,90,15,1,123037,AdultFemaleAgent(Clone),7,11,1.58,1.450001,0,0,True,2,1,0.5
2026-03-07_02.03.51,213,sign-optimization-horizontal-vertical_scenario,626,315,3,2,3,0,90,15,1,123038,WheelchairAgent(Clone),5,10,1.3,1.17,0,0,False,2,0,0
2026-03-07_02.03.51,213,sign-optimization-horizontal-vertical_scenario,626,315,3,2,3,0,90,15,1,123039,AdultFemaleAgent(Clone),7,11,1.58,1.450001,0,0,True,2,1,0.5
2026-03-07_02.03.51,213,sign-optimization-horizontal-vertical_scenario,626,315,3,2,3,0,90,15,1,123040,AdultMaleAgent(Clone),6,12,1.71,1.58,8.891602,1,True,2,1,0.5
2026-03-07_02.03.51,213,sign-optimization-horizontal-vertical_scenario,626,315,3,2,3,0,90,15,1,123041,WheelchairAgent(Clone),5,10,1.3,1.17,0,0,False,2,0,0
2026-03-07_02.03.51,213,sign-optimization-horizontal-vertical_scenario,626,315,3,2,3,0,90,15,1,123042,WheelchairAgent(Clone),10,12,1.3,1.17,7.764648,1,True,3,1,0.3333333
2026-03-07_02.03.51,213,sign-optimization-horizontal-vertical_scenario,626,315,3,2,3,0,90,15,1,123043,WheelchairAgent(Clone),6,12,1.3,1.17,9.681641,1,True,2,1,0.5
2026-03-07_02.03.51,213,sign-optimization-horizontal-vertical_scenario,626,315,3,2,3,0,90,15,1,123044,AdultFemaleAgent(Clone),5,10,1.58,1.45,0,0,False,2,0,0
2026-03-07_02.03.51,213,sign-optimization-horizontal-vertical_scenario,626,315,3,2,3,0,90,15,1,123045,AdultFemaleAgent(Clone),5,10,1.58,1.45,0,0,False,2,0,0
2026-03-07_02.03.51,213,sign-optimization-horizontal-vertical_scenario,626,315,3,2,3,0,90,15,1,123046,AdultFemaleAgent(Clone),10,12,1.58,1.45,0.4482422,2,True,3,1,0.3333333
2026-03-07_02.03.51,213,sign-optimization-horizontal-vertical_scenario,626,315,3,2,3,0,90,15,1,123047,AdultFemaleAgent(Clone),6,12,1.58,1.45,10.53125,1,True,2,1,0.5
2026-03-07_02.03.51,213,sign-optimization-horizontal-vertical_scenario,626,315,3,2,3,0,90,15,1,123048,AdultMaleAgent(Clone),5,10,1.71,1.58,0,0,False,2,0,0
2026-03-07_02.03.51,213,sign-optimization-horizontal-vertical_scenario,626,315,3,2,3,0,90,15,1,123049,AdultFemaleAgent(Clone),7,11,1.58,1.450001,0,0,True,2,1,0.5
2026-03-07_02.03.51,213,sign-optimization-horizontal-vertical_scenario,626,315,3,2,3,0,90,15,1,123050,WheelchairAgent(Clone),7,11,1.3,1.17,0,0,True,2,1,0.5
2026-03-07_02.03.51,213,sign-optimization-horizontal-vertical_scenario,626,315,3,2,3,0,90,15,1,123051,AdultMaleAgent(Clone),5,10,1.71,1.58,0,0,False,2,0,0
2026-03-07_02.03.51,213,sign-optimization-horizontal-vertical_scenario,626,315,3,2,3,0,90,15,1,123052,WheelchairAgent(Clone),7,11,1.3,1.17,0,0,True,2,1,0.5
2026-03-07_02.03.51,213,sign-optimization-horizontal-vertical_scenario,626,315,3,2,3,0,90,15,1,123053,AdultMaleAgent(Clone),7,11,1.71,1.58,0,0,True,2,1,0.5
2026-03-07_02.03.51,213,sign-optimization-horizontal-vertical_scenario,626,315,3,2,3,0,90,15,1,123054,WheelchairAgent(Clone),5,10,1.3,1.17,0,0,False,2,0,0
2026-03-07_02.03.51,213,sign-optimization-horizontal-vertical_scenario,626,315,3,2,3,0,90,15,1,123055,AdultFemaleAgent(Clone),5,10,1.58,1.45,0,0,False,2,0,0
2026-03-07_02.03.51,213,sign-optimization-horizontal-vertical_scenario,626,315,3,2,3,0,90,15,1,123056,AdultFemaleAgent(Clone),6,12,1.58,1.45,9.988281,1,True,2,1,0.5
2026-03-07_02.03.51,213,sign-optimization-horizontal-vertical_scenario,626,315,3,2,3,0,90,15,1,123057,AdultMaleAgent(Clone),11,10,1.71,1.58,0,0,False,3,0,0
2026-03-07_02.03.51,213,sign-optimization-horizontal-vertical_scenario,626,315,3,2,3,0,90,15,1,123058,AdultMaleAgent(Clone),5,10,1.71,1.58,0,0,False,2,0,0
2026-03-07_02.03.51,213,sign-optimization-horizontal-vertical_scenario,626,315,3,2,3,0,90,15,1,123059,AdultMaleAgent(Clone),5,10,1.71,1.58,0,0,False,2,0,0
2026-03-07_02.03.51,213,sign-optimization-horizontal-vertical_scenario,626,315,3,2,3,0,90,15,1,123060,AdultMaleAgent(Clone),6,12,1.71,1.58,9.563477,1,True,2,1,0.5
2026-03-07_02.03.51,213,sign-optimization-horizontal-vertical_scenario,626,315,3,2,3,0,90,15,1,123061,AdultMaleAgent(Clone),6,12,1.71,1.58,10.31641,1,True,2,1,0.5
2026-03-07_02.03.51,213,sign-optimization-horizontal-vertical_scenario,626,315,3,2,3,0,90,15,1,123062,AdultFemaleAgent(Clone),10,12,1.58,1.45,0.8046875,2,True,3,1,0.3333333
2026-03-07_02.03.51,213,sign-optimization-horizontal-vertical_scenario,626,315,3,2,3,0,90,15,1,123063,AdultFemaleAgent(Clone),6,12,1.58,1.45,9.638672,1,True,2,1,0.5
2026-03-07_02.03.51,213,sign-optimization-horizontal-vertical_scenario,626,315,3,2,3,0,90,15,1,123064,AdultMaleAgent(Clone),7,11,1.71,1.58,0,0,True,2,1,0.5
2026-03-07_02.03.51,213,sign-optimization-horizontal-vertical_scenario,626,315,3,2,3,0,90,15,1,123065,AdultMaleAgent(Clone),11,10,1.71,1.58,0,0,False,3,0,0
2026-03-07_02.03.51,213,sign-optimization-horizontal-vertical_scenario,626,315,3,2,3,0,90,15,1,123066,AdultMaleAgent(Clone),5,10,1.71,1.58,0,0,False,2,0,0
2026-03-07_02.03.51,213,sign-optimization-horizontal-vertical_scenario,626,315,3,2,3,0,90,15,1,123067,AdultFemaleAgent(Clone),10,12,1.58,1.45,0.4345703,2,True,3,1,0.3333333
2026-03-07_02.03.51,213,sign-optimization-horizontal-vertical_scenario,626,315,3,2,3,0,90,15,1,123068,AdultFemaleAgent(Clone),5,10,1.58,1.45,0,0,False,2,0,0
2026-03-07_02.03.51,213,sign-optimization-horizontal-vertical_scenario,626,315,3,2,3,0,90,15,1,123069,AdultMaleAgent(Clone),5,10,1.71,1.58,0,0,False,2,0,0
2026-03-07_02.03.51,213,sign-optimization-horizontal-vertical_scenario,626,315,3,2,3,0,90,15,1,123070,AdultFemaleAgent(Clone),6,12,1.58,1.45,11.05566,1,True,2,1,0.5
2026-03-07_02.03.51,213,sign-optimization-horizontal-vertical_scenario,626,315,3,2,3,0,90,15,1,123071,WheelchairAgent(Clone),6,12,1.3,1.17,9.303711,1,False,2,1,0.5
2026-03-07_02.03.51,213,sign-optimization-horizontal-vertical_scenario,626,315,3,2,3,0,90,15,1,123072,WheelchairAgent(Clone),7,11,1.3,1.17,0,0,True,2,1,0.5
2026-03-07_02.03.51,213,sign-optimization-horizontal-vertical_scenario,626,315,3,2,3,0,90,15,1,123073,AdultFemaleAgent(Clone),11,10,1.58,1.450001,0.7041016,1,False,3,0,0
2026-03-07_02.03.51,213,sign-optimization-horizontal-vertical_scenario,626,315,3,2,3,0,90,15,1,123074,AdultFemaleAgent(Clone),6,12,1.58,1.45,9.800781,1,True,2,1,0.5
2026-03-07_02.03.51,213,sign-optimization-horizontal-vertical_scenario,626,315,3,2,3,0,90,15,1,123075,WheelchairAgent(Clone),10,12,1.3,1.17,8.431641,1,False,3,1,0.3333333
2026-03-07_02.03.51,213,sign-optimization-horizontal-vertical_scenario,626,315,3,2,3,0,90,15,1,123076,AdultFemaleAgent(Clone),10,12,1.58,1.45,9.915039,1,True,3,1,0.3333333
2026-03-07_02.03.51,213,sign-optimization-horizontal-vertical_scenario,626,315,3,2,3,0,90,15,1,123077,AdultMaleAgent(Clone),6,12,1.71,1.58,11.06152,1,True,2,1,0.5
2026-03-07_02.03.51,213,sign-optimization-horizontal-vertical_scenario,626,315,3,2,3,0,90,15,1,123078,AdultMaleAgent(Clone),5,10,1.71,1.58,0,0,False,2,0,0
2026-03-07_02.03.51,213,sign-optimization-horizontal-vertical_scenario,626,315,3,2,3,0,90,15,1,123079,AdultMaleAgent(Clone),6,12,1.71,1.58,9.978516,1,True,2,1,0.5
2026-03-07_02.03.51,213,sign-optimization-horizontal-vertical_scenario,626,315,3,2,3,0,90,15,1,123080,AdultMaleAgent(Clone),10,12,1.71,1.58,9.71875,1,True,3,1,0.3333333
2026-03-07_02.03.51,213,sign-optimization-horizontal-vertical_scenario,626,315,3,2,3,0,90,15,1,123081,AdultFemaleAgent(Clone),10,12,1.58,1.45,7.495117,1,True,3,1,0.3333333
2026-03-07_02.03.51,213,sign-optimization-horizontal-vertical_scenario,626,315,3,2,3,0,90,15,1,123082,AdultFemaleAgent(Clone),10,12,1.58,1.45,8.958984,1,True,3,1,0.3333333
2026-03-07_02.03.51,213,sign-optimization-horizontal-vertical_scenario,626,315,3,2,3,0,90,15,1,123083,AdultFemaleAgent(Clone),5,10,1.58,1.45,0,0,False,2,0,0
2026-03-07_02.03.51,213,sign-optimization-horizontal-vertical_scenario,626,315,3,2,3,0,90,15,1,123084,AdultFemaleAgent(Clone),7,11,1.58,1.450001,0,0,True,2,1,0.5
2026-03-07_02.03.51,213,sign-optimization-horizontal-vertical_scenario,626,315,3,2,3,0,90,15,1,123085,WheelchairAgent(Clone),5,10,1.3,1.17,0,0,False,2,0,0
2026-03-07_02.03.51,213,sign-optimization-horizontal-vertical_scenario,626,315,3,2,3,0,90,15,1,123086,AdultFemaleAgent(Clone),11,10,1.58,1.450001,0,0,False,3,0,0
2026-03-07_02.03.51,213,sign-optimization-horizontal-vertical_scenario,626,315,3,2,3,0,90,15,1,123087,WheelchairAgent(Clone),5,10,1.3,1.17,0,0,False,2,0,0
2026-03-07_02.03.51,213,sign-optimization-horizontal-vertical_scenario,626,315,3,2,3,0,90,15,1,123088,AdultMaleAgent(Clone),6,12,1.71,1.58,10.41699,1,True,2,1,0.5
2026-03-07_02.03.51,213,sign-optimization-horizontal-vertical_scenario,626,315,3,2,3,0,90,15,1,123089,AdultMaleAgent(Clone),11,10,1.71,1.58,0,0,False,3,0,0
2026-03-07_02.03.51,213,sign-optimization-horizontal-vertical_scenario,626,315,3,2,3,0,90,15,1,123090,AdultFemaleAgent(Clone),5,10,1.58,1.45,0,0,False,2,0,0
2026-03-07_02.03.51,213,sign-optimization-horizontal-vertical_scenario,626,315,3,2,3,0,90,15,1,123091,AdultFemaleAgent(Clone),10,12,1.58,1.45,9.194336,1,True,3,1,0.3333333
2026-03-07_02.03.51,213,sign-optimization-horizontal-vertical_scenario,626,315,3,2,3,0,90,15,1,123092,AdultMaleAgent(Clone),5,10,1.71,1.58,0,0,False,2,0,0
2026-03-07_02.03.51,213,sign-optimization-horizontal-vertical_scenario,626,315,3,2,3,0,90,15,1,123093,WheelchairAgent(Clone),7,11,1.3,1.17,0,0,True,2,1,0.5
2026-03-07_02.03.51,213,sign-optimization-horizontal-vertical_scenario,626,315,3,2,3,0,90,15,1,123094,AdultFemaleAgent(Clone),7,11,1.58,1.450001,0,0,False,2,0,0
2026-03-07_02.03.51,213,sign-optimization-horizontal-vertical_scenario,626,315,3,2,3,0,90,15,1,123095,AdultMaleAgent(Clone),7,11,1.71,1.58,0,0,False,2,1,0.5
2026-03-07_02.03.51,213,sign-optimization-horizontal-vertical_scenario,626,315,3,2,3,0,90,15,1,123096,AdultFemaleAgent(Clone),11,10,1.58,1.450001,2.93457,1,False,3,1,0.3333333
2026-03-07_02.03.51,213,sign-optimization-horizontal-vertical_scenario,626,315,3,2,3,0,90,15,1,123097,AdultMaleAgent(Clone),11,10,1.71,1.58,0,0,False,3,0,0
2026-03-07_02.03.51,213,sign-optimization-horizontal-vertical_scenario,626,315,3,2,3,0,90,15,1,123098,AdultFemaleAgent(Clone),7,11,1.58,1.450001,0,0,False,2,0,0
2026-03-07_02.03.51,213,sign-optimization-horizontal-vertical_scenario,626,315,3,2,3,0,90,15,1,123099,WheelchairAgent(Clone),5,10,1.3,1.17,0,0,False,2,0,0
2026-03-07_02.03.51,213,sign-optimization-horizontal-vertical_scenario,626,315,3,2,3,0,90,15,1,123100,AdultFemaleAgent(Clone),10,12,1.58,1.45,9.605469,1,True,3,1,0.3333333
2026-03-07_02.03.51,213,sign-optimization-horizontal-vertical_scenario,626,315,3,2,3,0,90,15,1,123101,AdultFemaleAgent(Clone),7,11,1.58,1.450001,0,0,False,2,1,0.5
2026-03-07_02.03.51,213,sign-optimization-horizontal-vertical_scenario,626,315,3,2,3,0,90,15,1,123102,AdultMaleAgent(Clone),6,12,1.71,1.58,8.957031,1,True,2,1,0.5
2026-03-07_02.03.51,213,sign-optimization-horizontal-vertical_scenario,626,315,3,2,3,0,90,15,1,123103,WheelchairAgent(Clone),7,11,1.3,1.17,0,0,False,2,0,0
2026-03-07_02.03.51,213,sign-optimization-horizontal-vertical_scenario,626,315,3,2,3,0,90,15,1,123104,WheelchairAgent(Clone),7,11,1.3,1.17,0,0,True,2,1,0.5
2026-03-07_02.03.51,213,sign-optimization-horizontal-vertical_scenario,626,315,3,2,3,0,90,15,1,123105,AdultMaleAgent(Clone),11,10,1.71,1.58,2.100586,1,False,3,0,0
2026-03-07_02.03.51,213,sign-optimization-horizontal-vertical_scenario,626,315,3,2,3,0,90,15,1,123106,AdultFemaleAgent(Clone),11,10,1.58,1.450001,0.8623047,1,False,3,0,0
2026-03-07_02.03.51,213,sign-optimization-horizontal-vertical_scenario,626,315,3,2,3,0,90,15,1,123107,AdultFemaleAgent(Clone),11,10,1.58,1.450001,0.6269531,1,False,3,0,0
2026-03-07_02.03.51,213,sign-optimization-horizontal-vertical_scenario,626,315,3,2,3,0,90,15,1,123108,WheelchairAgent(Clone),10,12,1.3,1.17,0,0,True,3,1,0.3333333
2026-03-07_02.03.51,213,sign-optimization-horizontal-vertical_scenario,626,315,3,2,3,0,90,15,1,123109,AdultFemaleAgent(Clone),7,11,1.58,1.450001,0,0,False,2,0,0
2026-03-07_02.03.51,213,sign-optimization-horizontal-vertical_scenario,626,315,3,2,3,0,90,15,1,123110,AdultFemaleAgent(Clone),5,10,1.58,1.45,0,0,False,2,0,0
2026-03-07_02.03.51,213,sign-optimization-horizontal-vertical_scenario,626,315,3,2,3,0,90,15,1,123111,AdultMaleAgent(Clone),10,12,1.71,1.58,0.2558594,2,True,3,1,0.3333333
2026-03-07_02.03.51,213,sign-optimization-horizontal-vertical_scenario,626,315,3,2,3,0,90,15,1,123112,WheelchairAgent(Clone),10,12,1.3,1.17,8.174805,1,True,3,1,0.3333333
2026-03-07_02.03.51,213,sign-optimization-horizontal-vertical_scenario,626,315,3,2,3,0,90,15,1,123113,WheelchairAgent(Clone),7,11,1.3,1.17,0,0,False,2,0,0
2026-03-07_02.03.51,213,sign-optimization-horizontal-vertical_scenario,626,315,3,2,3,0,90,15,1,123114,AdultMaleAgent(Clone),6,12,1.71,1.58,0,0,True,2,1,0.5
2026-03-07_02.03.51,213,sign-optimization-horizontal-vertical_scenario,626,315,3,2,3,0,90,15,1,123115,WheelchairAgent(Clone),7,11,1.3,1.17,0,0,False,2,0,0
2026-03-07_02.03.51,213,sign-optimization-horizontal-vertical_scenario,626,315,3,2,3,0,90,15,1,123116,AdultMaleAgent(Clone),10,12,1.71,1.58,0,0,True,3,1,0.3333333
2026-03-07_02.03.51,213,sign-optimization-horizontal-vertical_scenario,626,315,3,2,3,0,90,15,1,123117,AdultMaleAgent(Clone),6,12,1.71,1.58,0,0,True,2,1,0.5
2026-03-07_02.03.51,213,sign-optimization-horizontal-vertical_scenario,626,315,3,2,3,0,90,15,1,123118,AdultMaleAgent(Clone),11,10,1.71,1.58,0,0,False,3,0,0
2026-03-07_02.03.51,213,sign-optimization-horizontal-vertical_scenario,626,315,3,2,3,0,90,15,1,123119,AdultFemaleAgent(Clone),6,12,1.58,1.45,9.208984,1,True,2,1,0.5
2026-03-07_02.03.51,213,sign-optimization-horizontal-vertical_scenario,626,315,3,2,3,0,90,15,1,123120,WheelchairAgent(Clone),11,10,1.3,1.17,0,0,False,3,0,0
2026-03-07_02.03.51,213,sign-optimization-horizontal-vertical_scenario,626,315,3,2,3,0,90,15,1,123121,AdultMaleAgent(Clone),6,12,1.71,1.58,0,0,True,2,1,0.5
2026-03-07_02.03.51,213,sign-optimization-horizontal-vertical_scenario,626,315,3,2,3,0,90,15,1,123122,AdultMaleAgent(Clone),6,12,1.71,1.58,0,0,True,2,1,0.5
2026-03-07_02.03.51,213,sign-optimization-horizontal-vertical_scenario,626,315,3,2,3,0,90,15,1,123123,AdultMaleAgent(Clone),7,11,1.71,1.58,0,0,False,2,0,0
2026-03-07_02.03.51,213,sign-optimization-horizontal-vertical_scenario,626,315,3,2,3,0,90,15,1,123124,AdultMaleAgent(Clone),11,10,1.71,1.58,0,0,False,3,0,0
2026-03-07_02.03.51,213,sign-optimization-horizontal-vertical_scenario,626,315,3,2,3,0,90,15,1,123125,AdultFemaleAgent(Clone),6,12,1.58,1.45,0,0,True,2,1,0.5
2026-03-07_02.03.51,213,sign-optimization-horizontal-vertical_scenario,626,315,3,2,3,0,90,15,1,123126,AdultFemaleAgent(Clone),7,11,1.58,1.450001,0,0,False,2,0,0
2026-03-07_02.03.51,213,sign-optimization-horizontal-vertical_scenario,626,315,3,2,3,0,90,15,1,123127,WheelchairAgent(Clone),7,11,1.3,1.17,0,0,False,2,0,0
2026-03-07_02.03.51,213,sign-optimization-horizontal-vertical_scenario,626,315,3,2,3,0,90,15,1,123128,AdultFemaleAgent(Clone),10,12,1.58,1.45,0,0,True,3,1,0.3333333
2026-03-07_02.03.51,213,sign-optimization-horizontal-vertical_scenario,626,315,3,2,3,0,90,15,1,123129,AdultMaleAgent(Clone),7,11,1.71,1.58,0,0,False,2,0,0
2026-03-07_02.03.51,213,sign-optimization-horizontal-vertical_scenario,626,315,3,2,3,0,90,15,1,123130,AdultMaleAgent(Clone),6,12,1.71,1.58,0,0,True,2,1,0.5
2026-03-07_02.03.51,213,sign-optimization-horizontal-vertical_scenario,626,315,3,2,3,0,90,15,1,123131,AdultFemaleAgent(Clone),7,11,1.58,1.450001,0,0,False,2,0,0
2026-03-07_02.03.51,213,sign-optimization-horizontal-vertical_scenario,626,315,3,2,3,0,90,15,1,123132,AdultFemaleAgent(Clone),5,10,1.58,1.45,0,0,False,2,0,0
2026-03-07_02.03.51,213,sign-optimization-horizontal-vertical_scenario,626,315,3,2,3,0,90,15,1,123133,AdultFemaleAgent(Clone),7,11,1.58,1.450001,0,0,False,2,0,0
2026-03-07_02.03.51,213,sign-optimization-horizontal-vertical_scenario,626,315,3,2,3,0,90,15,1,123134,AdultFemaleAgent(Clone),10,12,1.58,1.45,0,0,True,3,1,0.3333333
2026-03-07_02.03.51,213,sign-optimization-horizontal-vertical_scenario,626,315,3,2,3,0,90,15,1,123135,WheelchairAgent(Clone),6,12,1.3,1.17,0,0,False,2,1,0.5
2026-03-07_02.03.51,213,sign-optimization-horizontal-vertical_scenario,626,315,3,2,3,0,90,15,1,123136,WheelchairAgent(Clone),11,10,1.3,1.17,0,0,False,3,0,0
2026-03-07_02.03.51,213,sign-optimization-horizontal-vertical_scenario,626,315,3,2,3,0,90,15,1,123137,AdultFemaleAgent(Clone),7,11,1.58,1.450001,0,0,False,2,0,0
2026-03-07_02.03.51,213,sign-optimization-horizontal-vertical_scenario,626,315,3,2,3,0,90,15,1,123138,AdultFemaleAgent(Clone),10,12,1.58,1.45,0,0,True,3,1,0.3333333
2026-03-07_02.03.51,213,sign-optimization-horizontal-vertical_scenario,626,315,3,2,3,0,90,15,1,123139,AdultMaleAgent(Clone),7,11,1.71,1.58,0,0,False,2,0,0
2026-03-07_02.03.51,213,sign-optimization-horizontal-vertical_scenario,626,315,3,2,3,0,90,15,1,123140,AdultFemaleAgent(Clone),5,10,1.58,1.45,0,0,False,2,0,0
2026-03-07_02.03.51,213,sign-optimization-horizontal-vertical_scenario,626,315,3,2,3,0,90,15,1,123141,AdultMaleAgent(Clone),10,12,1.71,1.58,0,0,True,3,1,0.3333333
2026-03-07_02.03.51,213,sign-optimization-horizontal-vertical_scenario,626,315,3,2,3,0,90,15,1,123142,AdultMaleAgent(Clone),10,12,1.71,1.58,0,0,True,3,1,0.3333333
2026-03-07_02.03.51,213,sign-optimization-horizontal-vertical_scenario,626,315,3,2,3,0,90,15,1,123143,AdultFemaleAgent(Clone),5,10,1.58,1.45,0,0,False,2,0,0
2026-03-07_02.03.51,213,sign-optimization-horizontal-vertical_scenario,626,315,3,2,3,0,90,15,1,123144,AdultFemaleAgent(Clone),5,10,1.58,1.45,0,0,False,2,0,0
2026-03-07_02.03.51,213,sign-optimization-horizontal-vertical_scenario,626,315,3,2,3,0,90,15,1,123145,AdultFemaleAgent(Clone),11,10,1.58,1.450001,0,0,False,3,0,0
2026-03-07_02.03.51,213,sign-optimization-horizontal-vertical_scenario,626,315,3,2,3,0,90,15,1,123146,AdultMaleAgent(Clone),10,12,1.71,1.58,0,0,True,3,1,0.3333333
2026-03-07_02.03.51,213,sign-optimization-horizontal-vertical_scenario,626,315,3,2,3,0,90,15,1,123147,WheelchairAgent(Clone),11,10,1.3,1.17,0,0,False,3,0,0
2026-03-07_02.03.51,213,sign-optimization-horizontal-vertical_scenario,626,315,3,2,3,0,90,15,1,123148,AdultFemaleAgent(Clone),5,10,1.58,1.45,0,0,False,2,0,0
2026-03-07_02.03.51,213,sign-optimization-horizontal-vertical_scenario,626,315,3,2,3,0,90,15,1,123149,AdultFemaleAgent(Clone),6,12,1.58,1.45,0,0,True,2,1,0.5
2026-03-07_02.03.51,213,sign-optimization-horizontal-vertical_scenario,626,315,3,2,3,0,90,15,1,123150,AdultMaleAgent(Clone),10,12,1.71,1.58,0,0,True,3,1,0.3333333
2026-03-07_02.03.51,213,sign-optimization-horizontal-vertical_scenario,626,315,3,2,3,0,90,15,1,123151,WheelchairAgent(Clone),5,10,1.3,1.17,0,0,False,2,0,0
2026-03-07_02.03.51,213,sign-optimization-horizontal-vertical_scenario,626,315,3,2,3,0,90,15,1,123152,AdultMaleAgent(Clone),7,11,1.71,1.58,0,0,False,2,0,0
2026-03-07_02.03.51,213,sign-optimization-horizontal-vertical_scenario,626,315,3,2,3,0,90,15,1,123153,AdultFemaleAgent(Clone),6,12,1.58,1.45,0,0,True,2,1,0.5
2026-03-07_02.03.51,213,sign-optimization-horizontal-vertical_scenario,626,315,3,2,3,0,90,15,1,123154,AdultMaleAgent(Clone),11,10,1.71,1.58,0,0,False,3,0,0
2026-03-07_02.03.51,213,sign-optimization-horizontal-vertical_scenario,626,315,3,2,3,0,90,15,1,123155,AdultFemaleAgent(Clone),7,11,1.58,1.450001,0,0,False,2,0,0
2026-03-07_02.03.51,213,sign-optimization-horizontal-vertical_scenario,626,315,3,2,3,0,90,15,1,123156,AdultFemaleAgent(Clone),10,12,1.58,1.45,0,0,True,3,1,0.3333333
2026-03-07_02.03.51,213,sign-optimization-horizontal-vertical_scenario,626,315,3,2,3,0,90,15,1,123157,WheelchairAgent(Clone),6,12,1.3,1.17,0,0,True,2,1,0.5
2026-03-07_02.03.51,213,sign-optimization-horizontal-vertical_scenario,626,315,3,2,3,0,90,15,1,123158,WheelchairAgent(Clone),10,12,1.3,1.17,0,0,True,3,1,0.3333333
2026-03-07_02.03.51,213,sign-optimization-horizontal-vertical_scenario,626,315,3,2,3,0,90,15,1,123159,AdultMaleAgent(Clone),7,11,1.71,1.58,0,0,False,2,0,0
2026-03-07_02.03.51,213,sign-optimization-horizontal-vertical_scenario,626,315,3,2,3,0,90,15,1,123160,AdultMaleAgent(Clone),6,12,1.71,1.58,0,0,True,2,1,0.5
2026-03-07_02.03.51,213,sign-optimization-horizontal-vertical_scenario,626,315,3,2,3,0,90,15,1,123161,AdultMaleAgent(Clone),6,12,1.71,1.58,0,0,True,2,1,0.5
2026-03-07_02.03.51,213,sign-optimization-horizontal-vertical_scenario,626,315,3,2,3,0,90,15,1,123162,AdultMaleAgent(Clone),5,10,1.71,1.58,0,0,False,2,0,0
2026-03-07_02.03.51,213,sign-optimization-horizontal-vertical_scenario,626,315,3,2,3,0,90,15,1,123163,WheelchairAgent(Clone),5,10,1.3,1.17,0,0,False,2,0,0
2026-03-07_02.03.51,213,sign-optimization-horizontal-vertical_scenario,626,315,3,2,3,0,90,15,1,123164,WheelchairAgent(Clone),5,10,1.3,1.17,0,0,False,2,0,0
2026-03-07_02.03.51,213,sign-optimization-horizontal-vertical_scenario,626,315,3,2,3,0,90,15,1,123165,AdultFemaleAgent(Clone),11,10,1.58,1.450001,0,0,False,3,0,0
2026-03-07_02.03.51,213,sign-optimization-horizontal-vertical_scenario,626,315,3,2,3,0,90,15,1,123166,AdultFemaleAgent(Clone),10,12,1.58,1.45,0,0,True,3,1,0.3333333
2026-03-07_02.03.51,213,sign-optimization-horizontal-vertical_scenario,626,315,3,2,3,0,90,15,1,123167,WheelchairAgent(Clone),7,11,1.3,1.17,0,0,False,2,0,0
2026-03-07_02.03.51,213,sign-optimization-horizontal-vertical_scenario,626,315,3,2,3,0,90,15,1,123168,WheelchairAgent(Clone),7,11,1.3,1.17,0,0,False,2,0,0
2026-03-07_02.03.51,213,sign-optimization-horizontal-vertical_scenario,626,315,3,2,3,0,90,15,1,123169,WheelchairAgent(Clone),7,11,1.3,1.17,0,0,False,2,0,0
2026-03-07_02.03.51,213,sign-optimization-horizontal-vertical_scenario,626,315,3,2,3,0,90,15,1,123170,WheelchairAgent(Clone),5,10,1.3,1.17,0,0,False,2,0,0
2026-03-07_02.03.51,213,sign-optimization-horizontal-vertical_scenario,626,315,3,2,3,0,90,15,1,123171,AdultFemaleAgent(Clone),7,11,1.58,1.450001,0,0,False,2,0,0
2026-03-07_02.03.51,213,sign-optimization-horizontal-vertical_scenario,626,315,3,2,3,0,90,15,1,123172,WheelchairAgent(Clone),5,10,1.3,1.17,0,0,False,2,0,0
2026-03-07_02.03.51,213,sign-optimization-horizontal-vertical_scenario,626,315,3,2,3,0,90,15,1,123173,AdultFemaleAgent(Clone),5,10,1.58,1.45,0,0,False,2,0,0
2026-03-07_02.03.51,213,sign-optimization-horizontal-vertical_scenario,626,315,3,2,3,0,90,15,1,123174,WheelchairAgent(Clone),5,10,1.3,1.17,0,0,False,2,0,0
2026-03-07_02.03.51,213,sign-optimization-horizontal-vertical_scenario,626,315,3,2,3,0,90,15,1,123175,AdultMaleAgent(Clone),5,10,1.71,1.58,0,0,False,2,0,0
2026-03-07_02.03.51,213,sign-optimization-horizontal-vertical_scenario,626,315,3,2,3,0,90,15,1,123176,AdultFemaleAgent(Clone),7,11,1.58,1.450001,0,0,False,2,0,0
2026-03-07_02.03.51,213,sign-optimization-horizontal-vertical_scenario,626,315,3,2,3,0,90,15,1,123177,WheelchairAgent(Clone),10,12,1.3,1.17,0,0,False,3,0,0
2026-03-07_02.03.51,213,sign-optimization-horizontal-vertical_scenario,626,315,3,2,3,0,90,15,1,123178,WheelchairAgent(Clone),6,12,1.3,1.17,0,0,True,2,1,0.5
2026-03-07_02.03.51,213,sign-optimization-horizontal-vertical_scenario,626,315,3,2,3,0,90,15,1,123179,WheelchairAgent(Clone),10,12,1.3,1.17,0,0,True,3,1,0.3333333
2026-03-07_02.03.51,213,sign-optimization-horizontal-vertical_scenario,626,315,3,2,3,0,90,15,1,123180,AdultFemaleAgent(Clone),11,10,1.58,1.450001,0,0,False,3,0,0
2026-03-07_02.03.51,213,sign-optimization-horizontal-vertical_scenario,626,315,3,2,3,0,90,15,1,123181,WheelchairAgent(Clone),5,10,1.3,1.17,0,0,False,2,0,0
2026-03-07_02.03.51,213,sign-optimization-horizontal-vertical_scenario,626,315,3,2,3,0,90,15,1,123182,AdultMaleAgent(Clone),7,11,1.71,1.58,0,0,False,2,0,0
2026-03-07_02.03.51,213,sign-optimization-horizontal-vertical_scenario,626,315,3,2,3,0,90,15,1,123183,AdultFemaleAgent(Clone),5,10,1.58,1.45,0,0,False,2,0,0
2026-03-07_02.03.51,213,sign-optimization-horizontal-vertical_scenario,626,315,3,2,3,0,90,15,1,123184,AdultFemaleAgent(Clone),10,12,1.58,1.45,0,0,False,3,1,0.3333333
2026-03-07_02.03.51,213,sign-optimization-horizontal-vertical_scenario,626,315,3,2,3,0,90,15,1,123185,WheelchairAgent(Clone),11,10,1.3,1.17,0,0,False,3,0,0
2026-03-07_02.03.51,213,sign-optimization-horizontal-vertical_scenario,626,315,3,2,3,0,90,15,1,123186,WheelchairAgent(Clone),6,12,1.3,1.17,0,0,True,2,1,0.5
2026-03-07_02.03.51,213,sign-optimization-horizontal-vertical_scenario,626,315,3,2,3,0,90,15,1,123187,AdultFemaleAgent(Clone),11,10,1.58,1.450001,0,0,False,3,0,0
2026-03-07_02.03.51,213,sign-optimization-horizontal-vertical_scenario,626,315,3,2,3,0,90,15,1,123188,AdultMaleAgent(Clone),11,10,1.71,1.58,0,0,False,3,0,0
2026-03-07_02.03.51,213,sign-optimization-horizontal-vertical_scenario,626,315,3,2,3,0,90,15,1,123189,AdultFemaleAgent(Clone),7,11,1.58,1.450001,0,0,False,2,0,0
2026-03-07_02.03.51,213,sign-optimization-horizontal-vertical_scenario,626,315,3,2,3,0,90,15,1,123190,AdultFemaleAgent(Clone),11,10,1.58,1.450001,0,0,False,3,0,0
2026-03-07_02.03.51,213,sign-optimization-horizontal-vertical_scenario,626,315,3,2,3,0,90,15,1,123191,WheelchairAgent(Clone),11,10,1.3,1.17,0,0,False,3,0,0
2026-03-07_02.03.51,213,sign-optimization-horizontal-vertical_scenario,626,315,3,2,3,0,90,15,1,123192,AdultFemaleAgent(Clone),6,12,1.58,1.45,0,0,True,2,1,0.5
2026-03-07_02.03.51,213,sign-optimization-horizontal-vertical_scenario,626,315,3,2,3,0,90,15,1,123193,WheelchairAgent(Clone),10,12,1.3,1.17,0,0,False,3,0,0
2026-03-07_02.03.51,213,sign-optimization-horizontal-vertical_scenario,626,315,3,2,3,0,90,15,1,123194,WheelchairAgent(Clone),5,10,1.3,1.17,0,0,False,2,0,0
2026-03-07_02.03.51,213,sign-optimization-horizontal-vertical_scenario,626,315,3,2,3,0,90,15,1,123195,AdultFemaleAgent(Clone),7,11,1.58,1.450001,0,0,False,2,0,0
2026-03-07_02.03.51,213,sign-optimization-horizontal-vertical_scenario,626,315,3,2,3,0,90,15,1,123196,AdultFemaleAgent(Clone),6,12,1.58,1.45,0,0,True,2,1,0.5
2026-03-07_02.03.51,213,sign-optimization-horizontal-vertical_scenario,626,315,3,2,3,0,90,15,1,123197,WheelchairAgent(Clone),10,12,1.3,1.17,0,0,True,3,1,0.3333333
2026-03-07_02.03.51,213,sign-optimization-horizontal-vertical_scenario,626,315,3,2,3,0,90,15,1,123198,WheelchairAgent(Clone),5,10,1.3,1.17,0,0,False,2,0,0
2026-03-07_02.03.51,213,sign-optimization-horizontal-vertical_scenario,626,315,3,2,3,0,90,15,1,123199,WheelchairAgent(Clone),10,12,1.3,1.17,0,0,False,3,1,0.3333333
2026-03-07_02.03.51,213,sign-optimization-horizontal-vertical_scenario,626,315,3,2,3,0,90,15,1,123200,AdultFemaleAgent(Clone),6,12,1.58,1.45,0,0,False,2,1,0.5
2026-03-07_02.03.51,213,sign-optimization-horizontal-vertical_scenario,626,315,3,2,3,0,90,15,1,123201,AdultMaleAgent(Clone),11,10,1.71,1.58,0,0,False,3,0,0
2026-03-07_02.03.51,213,sign-optimization-horizontal-vertical_scenario,626,315,3,2,3,0,90,15,1,123202,AdultFemaleAgent(Clone),11,10,1.58,1.450001,0,0,False,3,0,0
2026-03-07_02.03.51,213,sign-optimization-horizontal-vertical_scenario,626,315,3,2,3,0,90,15,1,123203,WheelchairAgent(Clone),11,10,1.3,1.17,0,0,False,3,0,0
2026-03-07_02.03.51,213,sign-optimization-horizontal-vertical_scenario,626,315,3,2,3,0,90,15,1,123204,AdultMaleAgent(Clone),6,12,1.71,1.58,0,0,True,2,1,0.5
2026-03-07_02.03.51,213,sign-optimization-horizontal-vertical_scenario,626,315,3,2,3,0,90,15,1,123205,AdultFemaleAgent(Clone),5,10,1.58,1.45,0,0,False,2,0,0
2026-03-07_02.03.51,213,sign-optimization-horizontal-vertical_scenario,626,315,3,2,3,0,90,15,1,123206,WheelchairAgent(Clone),6,12,1.3,1.17,0,0,False,2,1,0.5
2026-03-07_02.03.51,213,sign-optimization-horizontal-vertical_scenario,626,315,3,2,3,0,90,15,1,123207,WheelchairAgent(Clone),7,11,1.3,1.17,0,0,False,2,0,0
2026-03-07_02.03.51,213,sign-optimization-horizontal-vertical_scenario,626,315,3,2,3,0,90,15,1,123208,AdultMaleAgent(Clone),10,12,1.71,1.58,0,0,False,3,1,0.3333333
2026-03-07_02.03.51,213,sign-optimization-horizontal-vertical_scenario,626,315,3,2,3,0,90,15,1,123209,AdultFemaleAgent(Clone),11,10,1.58,1.450001,0,0,False,3,0,0
2026-03-07_02.03.51,213,sign-optimization-horizontal-vertical_scenario,626,315,3,2,3,0,90,15,1,123210,AdultMaleAgent(Clone),10,12,1.71,1.58,0,0,False,3,1,0.3333333
2026-03-07_02.03.51,213,sign-optimization-horizontal-vertical_scenario,626,315,3,2,3,0,90,15,1,123211,AdultMaleAgent(Clone),6,12,1.71,1.58,0,0,True,2,1,0.5
2026-03-07_02.03.51,213,sign-optimization-horizontal-vertical_scenario,626,315,3,2,3,0,90,15,1,123212,AdultFemaleAgent(Clone),10,12,1.58,1.45,0,0,False,3,0,0
2026-03-07_02.03.51,213,sign-optimization-horizontal-vertical_scenario,626,315,3,2,3,0,90,15,1,123213,AdultFemaleAgent(Clone),11,10,1.58,1.450001,0,0,False,3,0,0
2026-03-07_02.03.51,213,sign-optimization-horizontal-vertical_scenario,626,315,3,2,3,0,90,15,1,123214,AdultFemaleAgent(Clone),6,12,1.58,1.45,0,0,False,2,1,0.5
2026-03-07_02.03.51,213,sign-optimization-horizontal-vertical_scenario,626,315,3,2,3,0,90,15,1,123215,WheelchairAgent(Clone),11,10,1.3,1.17,0,0,False,3,0,0
2026-03-07_02.03.51,213,sign-optimization-horizontal-vertical_scenario,626,315,3,2,3,0,90,15,1,123216,AdultMaleAgent(Clone),10,12,1.71,1.58,0,0,False,3,0,0
2026-03-07_02.03.51,213,sign-optimization-horizontal-vertical_scenario,626,315,3,2,3,0,90,15,1,123217,AdultFemaleAgent(Clone),11,10,1.58,1.450001,0,0,False,3,0,0
2026-03-07_02.03.51,213,sign-optimization-horizontal-vertical_scenario,626,315,3,2,3,0,90,15,1,123218,AdultMaleAgent(Clone),5,10,1.71,1.58,0,0,False,2,0,0
2026-03-07_02.03.51,213,sign-optimization-horizontal-vertical_scenario,626,315,3,2,3,0,90,15,1,123219,AdultFemaleAgent(Clone),10,12,1.58,1.45,0,0,False,3,0,0
2026-03-07_02.03.51,213,sign-optimization-horizontal-vertical_scenario,626,315,3,2,3,0,90,15,1,123220,WheelchairAgent(Clone),11,10,1.3,1.17,0,0,False,3,0,0
2026-03-07_02.03.51,213,sign-optimization-horizontal-vertical_scenario,626,315,3,2,3,0,90,15,1,123221,WheelchairAgent(Clone),7,11,1.3,1.17,0,0,False,2,0,0
2026-03-07_02.03.51,213,sign-optimization-horizontal-vertical_scenario,626,315,3,2,3,0,90,15,1,123222,WheelchairAgent(Clone),6,12,1.3,1.17,0,0,False,2,0,0
2026-03-07_02.03.51,213,sign-optimization-horizontal-vertical_scenario,626,315,3,2,3,0,90,15,1,123223,AdultFemaleAgent(Clone),11,10,1.58,1.450001,0,0,False,3,0,0
2026-03-07_02.03.51,213,sign-optimization-horizontal-vertical_scenario,626,315,3,2,3,0,90,15,1,123224,AdultFemaleAgent(Clone),10,12,1.58,1.45,0,0,False,3,0,0
2026-03-07_02.03.51,213,sign-optimization-horizontal-vertical_scenario,626,315,3,2,3,0,90,15,1,123225,AdultFemaleAgent(Clone),6,12,1.58,1.45,0,0,False,2,0,0
2026-03-07_02.03.51,213,sign-optimization-horizontal-vertical_scenario,626,315,3,2,3,0,90,15,1,123226,AdultFemaleAgent(Clone),6,12,1.58,1.45,0,0,False,2,0,0
2026-03-07_02.03.51,213,sign-optimization-horizontal-vertical_scenario,626,315,3,2,3,0,90,15,1,123227,AdultMaleAgent(Clone),7,11,1.71,1.58,0,0,False,2,0,0
2026-03-07_02.03.51,213,sign-optimization-horizontal-vertical_scenario,626,315,3,2,3,0,90,15,1,123228,AdultFemaleAgent(Clone),11,10,1.58,1.450001,0,0,False,3,0,0
2026-03-07_02.03.51,213,sign-optimization-horizontal-vertical_scenario,626,315,3,2,3,0,90,15,1,123229,WheelchairAgent(Clone),6,12,1.3,1.17,0,0,False,2,0,0
2026-03-07_02.03.51,213,sign-optimization-horizontal-vertical_scenario,626,315,3,2,3,0,90,15,1,123230,WheelchairAgent(Clone),5,10,1.3,1.17,0,0,False,2,0,0
2026-03-07_02.03.51,213,sign-optimization-horizontal-vertical_scenario,626,315,3,2,3,0,90,15,1,123231,WheelchairAgent(Clone),7,11,1.3,1.17,0,0,False,2,0,0
2026-03-07_02.03.51,213,sign-optimization-horizontal-vertical_scenario,626,315,3,2,3,0,90,15,1,123232,AdultFemaleAgent(Clone),5,10,1.58,1.45,0,0,False,2,0,0
2026-03-07_02.03.51,213,sign-optimization-horizontal-vertical_scenario,626,315,3,2,3,0,90,15,1,123233,WheelchairAgent(Clone),6,12,1.3,1.17,0,0,False,2,0,0
2026-03-07_02.03.51,213,sign-optimization-horizontal-vertical_scenario,626,315,3,2,3,0,90,15,1,123234,WheelchairAgent(Clone),5,10,1.3,1.17,0,0,False,2,0,0
2026-03-07_02.03.51,213,sign-optimization-horizontal-vertical_scenario,626,315,3,2,3,0,90,15,1,123235,AdultFemaleAgent(Clone),7,11,1.58,1.450001,0,0,False,2,0,0
2026-03-07_02.03.51,213,sign-optimization-horizontal-vertical_scenario,626,315,3,2,3,0,90,15,1,123236,WheelchairAgent(Clone),10,12,1.3,1.17,0,0,False,3,0,0
2026-03-07_02.03.51,213,sign-optimization-horizontal-vertical_scenario,626,315,3,2,3,0,90,15,1,123237,AdultFemaleAgent(Clone),7,11,1.58,1.450001,0,0,False,2,0,0
2026-03-07_02.03.51,213,sign-optimization-horizontal-vertical_scenario,626,315,3,2,3,0,90,15,1,123238,AdultMaleAgent(Clone),6,12,1.71,1.58,0,0,False,2,0,0
2026-03-07_02.03.51,213,sign-optimization-horizontal-vertical_scenario,626,315,3,2,3,0,90,15,1,123239,WheelchairAgent(Clone),6,12,1.3,1.17,0,0,False,2,0,0
2026-03-07_02.03.51,213,sign-optimization-horizontal-vertical_scenario,626,315,3,2,3,0,90,15,1,123240,AdultMaleAgent(Clone),5,10,1.71,1.58,0,0,False,2,0,0
2026-03-07_02.03.51,213,sign-optimization-horizontal-vertical_scenario,626,315,3,2,3,0,90,15,1,123241,AdultFemaleAgent(Clone),7,11,1.58,1.450001,0,0,False,2,0,0
2026-03-07_02.03.51,213,sign-optimization-horizontal-vertical_scenario,626,315,3,2,3,0,90,15,1,123242,WheelchairAgent(Clone),11,10,1.3,1.17,0,0,False,3,0,0
2026-03-07_02.03.51,213,sign-optimization-horizontal-vertical_scenario,626,315,3,2,3,0,90,15,1,123243,AdultFemaleAgent(Clone),6,12,1.58,1.45,0,0,False,2,0,0
2026-03-07_02.03.51,213,sign-optimization-horizontal-vertical_scenario,626,315,3,2,3,0,90,15,1,123244,WheelchairAgent(Clone),7,11,1.3,1.17,0,0,False,2,0,0
2026-03-07_02.03.51,213,sign-optimization-horizontal-vertical_scenario,626,315,3,2,3,0,90,15,1,123245,WheelchairAgent(Clone),5,10,1.3,1.17,0,0,False,2,0,0
2026-03-07_02.03.51,213,sign-optimization-horizontal-vertical_scenario,626,315,3,2,3,0,90,15,1,123246,AdultMaleAgent(Clone),5,10,1.71,1.58,0,0,False,2,0,0
2026-03-07_02.03.51,213,sign-optimization-horizontal-vertical_scenario,626,315,3,2,3,0,90,15,1,123247,WheelchairAgent(Clone),11,10,1.3,1.17,0,0,False,3,0,0
2026-03-07_02.03.51,213,sign-optimization-horizontal-vertical_scenario,626,315,3,2,3,0,90,15,1,123248,AdultFemaleAgent(Clone),10,12,1.58,1.45,0,0,False,3,0,0
2026-03-07_02.03.51,213,sign-optimization-horizontal-vertical_scenario,626,315,3,2,3,0,90,15,1,123249,AdultFemaleAgent(Clone),11,10,1.58,1.450001,0,0,False,3,0,0
2026-03-07_02.03.51,213,sign-optimization-horizontal-vertical_scenario,626,315,3,2,3,0,90,15,1,123250,WheelchairAgent(Clone),5,10,1.3,1.17,0,0,False,2,0,0
2026-03-07_02.03.51,213,sign-optimization-horizontal-vertical_scenario,626,315,3,2,3,0,90,15,1,123251,AdultFemaleAgent(Clone),10,12,1.58,1.45,0,0,False,3,0,0
2026-03-07_02.03.51,213,sign-optimization-horizontal-vertical_scenario,626,315,3,2,3,0,90,15,1,123252,AdultFemaleAgent(Clone),11,10,1.58,1.450001,0,0,False,3,0,0
2026-03-07_02.03.51,213,sign-optimization-horizontal-vertical_scenario,626,315,3,2,3,0,90,15,1,123253,AdultFemaleAgent(Clone),6,12,1.58,1.45,0,0,False,2,0,0
2026-03-07_02.03.51,213,sign-optimization-horizontal-vertical_scenario,626,315,3,2,3,0,90,15,1,123254,AdultMaleAgent(Clone),6,12,1.71,1.58,0,0,False,2,0,0
2026-03-07_02.03.51,213,sign-optimization-horizontal-vertical_scenario,626,315,3,2,3,0,90,15,1,123255,WheelchairAgent(Clone),11,10,1.3,1.17,0,0,False,3,0,0
2026-03-07_02.03.51,213,sign-optimization-horizontal-vertical_scenario,626,315,3,2,3,0,90,15,1,123256,AdultMaleAgent(Clone),11,10,1.71,1.58,0,0,False,3,0,0
2026-03-07_02.03.51,213,sign-optimization-horizontal-vertical_scenario,626,315,3,2,3,0,90,15,1,123257,AdultFemaleAgent(Clone),11,10,1.58,1.450001,0,0,False,3,0,0
2026-03-07_02.03.51,213,sign-optimization-horizontal-vertical_scenario,626,315,3,2,3,0,90,15,1,123258,WheelchairAgent(Clone),6,12,1.3,1.17,0,0,False,2,0,0
2026-03-07_02.03.51,213,sign-optimization-horizontal-vertical_scenario,626,315,3,2,3,0,90,15,1,123259,WheelchairAgent(Clone),11,10,1.3,1.17,0,0,False,3,0,0
2026-03-07_02.03.51,213,sign-optimization-horizontal-vertical_scenario,626,315,3,2,3,0,90,15,1,123260,WheelchairAgent(Clone),6,12,1.3,1.17,0,0,False,2,0,0
2026-03-07_02.03.51,213,sign-optimization-horizontal-vertical_scenario,626,315,3,2,3,0,90,15,1,123261,AdultFemaleAgent(Clone),5,10,1.58,1.45,0,0,False,2,0,0
2026-03-07_02.03.51,213,sign-optimization-horizontal-vertical_scenario,626,315,3,2,3,0,90,15,1,123262,WheelchairAgent(Clone),10,12,1.3,1.17,0,0,False,3,0,0
2026-03-07_02.03.51,213,sign-optimization-horizontal-vertical_scenario,626,315,3,2,3,0,90,15,1,123263,AdultFemaleAgent(Clone),10,12,1.58,1.45,0,0,False,3,0,0
2026-03-07_02.03.51,213,sign-optimization-horizontal-vertical_scenario,626,315,3,2,3,0,90,15,1,123264,AdultMaleAgent(Clone),6,12,1.71,1.58,0,0,False,2,0,0
2026-03-07_02.03.51,213,sign-optimization-horizontal-vertical_scenario,626,315,3,2,3,0,90,15,1,123265,AdultFemaleAgent(Clone),5,10,1.58,1.45,0,0,False,2,0,0
2026-03-07_02.03.51,213,sign-optimization-horizontal-vertical_scenario,626,315,3,2,3,0,90,15,1,123266,WheelchairAgent(Clone),6,12,1.3,1.17,0,0,False,2,0,0
2026-03-07_02.03.51,213,sign-optimization-horizontal-vertical_scenario,626,315,3,2,3,0,90,15,1,123267,AdultFemaleAgent(Clone),5,10,1.58,1.45,0,0,False,2,0,0
2026-03-07_02.03.51,213,sign-optimization-horizontal-vertical_scenario,626,315,3,2,3,0,90,15,1,123268,WheelchairAgent(Clone),11,10,1.3,1.17,0,0,False,3,0,0
2026-03-07_02.03.51,213,sign-optimization-horizontal-vertical_scenario,626,315,3,2,3,0,90,15,1,123269,AdultFemaleAgent(Clone),5,10,1.58,1.45,0,0,False,2,0,0
2026-03-07_02.03.51,213,sign-optimization-horizontal-vertical_scenario,626,315,3,2,3,0,90,15,1,123270,AdultFemaleAgent(Clone),11,10,1.58,1.450001,0,0,False,3,0,0
2026-03-07_02.03.51,213,sign-optimization-horizontal-vertical_scenario,626,315,3,2,3,0,90,15,1,123271,WheelchairAgent(Clone),7,11,1.3,1.17,0,0,False,2,0,0
2026-03-07_02.03.51,213,sign-optimization-horizontal-vertical_scenario,626,315,3,2,3,0,90,15,1,123272,AdultFemaleAgent(Clone),10,12,1.58,1.45,0,0,False,3,0,0
2026-03-07_02.03.51,213,sign-optimization-horizontal-vertical_scenario,626,315,3,2,3,0,90,15,1,123273,AdultMaleAgent(Clone),6,12,1.71,1.58,0,0,False,2,0,0
2026-03-07_02.03.51,213,sign-optimization-horizontal-vertical_scenario,626,315,3,2,3,0,90,15,1,123274,WheelchairAgent(Clone),6,12,1.3,1.17,0,0,False,2,0,0
2026-03-07_02.03.51,213,sign-optimization-horizontal-vertical_scenario,626,315,3,2,3,0,90,15,1,123275,AdultFemaleAgent(Clone),5,10,1.58,1.45,0,0,False,2,0,0
2026-03-07_02.03.51,213,sign-optimization-horizontal-vertical_scenario,626,315,3,2,3,0,90,15,1,123276,WheelchairAgent(Clone),5,10,1.3,1.17,0,0,False,2,0,0
2026-03-07_02.03.51,213,sign-optimization-horizontal-vertical_scenario,626,315,3,2,3,0,90,15,1,123277,AdultFemaleAgent(Clone),10,12,1.58,1.45,0,0,False,3,0,0
