Timestamp,RunIndex,ScenarioID,TotalAgents,VisibleSignCount,SignHeight,SignPositionX,SignPositionZ,SignOrientation,VcaAngle,VcaDistance,SignComprehensionTime,AgentID,AgentType,StartNode,GoalNode,Height,EyeHeight,TimeInVCA,TimesInVCA,SawSign,TotalNodesNavigated,NodesWithDetection,RDEffective
2026-03-06_20.53.01,213,sign-optimization-horizontal-vertical_scenario,613,160,3,2,3,90,90,15,1,122851,AdultMaleAgent(Clone),7,11,1.71,1.58,0,0,False,2,0,0
2026-03-06_20.53.01,213,sign-optimization-horizontal-vertical_scenario,613,160,3,2,3,90,90,15,1,122852,AdultFemaleAgent(Clone),11,10,1.58,1.450001,1.573242,2,True,3,2,0.6666667
2026-03-06_20.53.01,213,sign-optimization-horizontal-vertical_scenario,613,160,3,2,3,90,90,15,1,122853,AdultMaleAgent(Clone),10,12,1.71,1.58,0,0,False,3,0,0
2026-03-06_20.53.01,213,sign-optimization-horizontal-vertical_scenario,613,160,3,2,3,90,90,15,1,122854,AdultFemaleAgent(Clone),7,11,1.58,1.450001,0.4365234,1,False,2,1,0.5
2026-03-06_20.53.01,213,sign-optimization-horizontal-vertical_scenario,613,160,3,2,3,90,90,15,1,122855,WheelchairAgent(Clone),6,12,1.3,1.17,0,0,False,2,0,0
2026-03-06_20.53.01,213,sign-optimization-horizontal-vertical_scenario,613,160,3,2,3,90,90,15,1,122856,AdultFemaleAgent(Clone),10,12,1.58,1.45,1.407227,2,False,3,1,0.3333333
2026-03-06_20.53.01,213,sign-optimization-horizontal-vertical_scenario,613,160,3,2,3,90,90,15,1,122857,WheelchairAgent(Clone),5,10,1.3,1.17,11.50684,1,True,2,1,0.5
2026-03-06_20.53.01,213,sign-optimization-horizontal-vertical_scenario,613,160,3,2,3,90,90,15,1,122858,AdultMaleAgent(Clone),5,10,1.71,1.58,11.10254,1,False,2,1,0.5
2026-03-06_20.53.01,213,sign-optimization-horizontal-vertical_scenario,613,160,3,2,3,90,90,15,1,122859,AdultFemaleAgent(Clone),11,10,1.58,1.450001,2.424805,2,True,3,1,0.3333333
2026-03-06_20.53.01,213,sign-optimization-horizontal-vertical_scenario,613,160,3,2,3,90,90,15,1,122860,AdultFemaleAgent(Clone),11,10,1.58,1.450001,2.829102,1,True,3,1,0.3333333
2026-03-06_20.53.01,213,sign-optimization-horizontal-vertical_scenario,613,160,3,2,3,90,90,15,1,122861,AdultMaleAgent(Clone),11,10,1.71,1.58,2.508789,2,True,3,2,0.6666667
2026-03-06_20.53.01,213,sign-optimization-horizontal-vertical_scenario,613,160,3,2,3,90,90,15,1,122862,WheelchairAgent(Clone),11,10,1.3,1.17,2.137695,2,True,3,1,0.3333333
2026-03-06_20.53.01,213,sign-optimization-horizontal-vertical_scenario,613,160,3,2,3,90,90,15,1,122863,AdultFemaleAgent(Clone),7,11,1.58,1.450001,0.8828125,2,False,2,1,0.5
2026-03-06_20.53.01,213,sign-optimization-horizontal-vertical_scenario,613,160,3,2,3,90,90,15,1,122864,WheelchairAgent(Clone),11,10,1.3,1.17,2.709961,2,False,3,2,0.6666667
2026-03-06_20.53.01,213,sign-optimization-horizontal-vertical_scenario,613,160,3,2,3,90,90,15,1,122865,WheelchairAgent(Clone),5,10,1.3,1.17,11.50684,1,False,2,1,0.5
2026-03-06_20.53.01,213,sign-optimization-horizontal-vertical_scenario,613,160,3,2,3,90,90,15,1,122866,AdultFemaleAgent(Clone),5,10,1.58,1.45,8.871094,1,False,2,0,0
2026-03-06_20.53.01,213,sign-optimization-horizontal-vertical_scenario,613,160,3,2,3,90,90,15,1,122867,WheelchairAgent(Clone),7,11,1.3,1.17,5.012695,2,False,2,1,0.5
2026-03-06_20.53.01,213,sign-optimization-horizontal-vertical_scenario,613,160,3,2,3,90,90,15,1,122868,AdultFemaleAgent(Clone),6,12,1.58,1.45,0,0,False,2,0,0
2026-03-06_20.53.01,213,sign-optimization-horizontal-vertical_scenario,613,160,3,2,3,90,90,15,1,122869,AdultFemaleAgent(Clone),7,11,1.58,1.450001,1.113281,2,False,2,1,0.5
2026-03-06_20.53.01,213,sign-optimization-horizontal-vertical_scenario,613,160,3,2,3,90,90,15,1,122870,AdultFemaleAgent(Clone),5,10,1.58,1.45,13.10352,1,True,2,1,0.5
2026-03-06_20.53.01,213,sign-optimization-horizontal-vertical_scenario,613,160,3,2,3,90,90,15,1,122871,AdultFemaleAgent(Clone),11,10,1.58,1.450001,4.140625,2,True,3,1,0.3333333
2026-03-06_20.53.01,213,sign-optimization-horizontal-vertical_scenario,613,160,3,2,3,90,90,15,1,122872,AdultMaleAgent(Clone),6,12,1.71,1.58,0,0,False,2,0,0
2026-03-06_20.53.01,213,sign-optimization-horizontal-vertical_scenario,613,160,3,2,3,90,90,15,1,122873,AdultMaleAgent(Clone),10,12,1.71,1.58,0,0,False,3,0,0
2026-03-06_20.53.01,213,sign-optimization-horizontal-vertical_scenario,613,160,3,2,3,90,90,15,1,122874,AdultMaleAgent(Clone),6,12,1.71,1.58,3.385742,1,False,2,0,0
2026-03-06_20.53.01,213,sign-optimization-horizontal-vertical_scenario,613,160,3,2,3,90,90,15,1,122875,AdultMaleAgent(Clone),11,10,1.71,1.58,1.15625,2,True,3,2,0.6666667
2026-03-06_20.53.01,213,sign-optimization-horizontal-vertical_scenario,613,160,3,2,3,90,90,15,1,122876,AdultFemaleAgent(Clone),5,10,1.58,1.45,13.90625,1,False,2,1,0.5
2026-03-06_20.53.01,213,sign-optimization-horizontal-vertical_scenario,613,160,3,2,3,90,90,15,1,122877,AdultMaleAgent(Clone),11,10,1.71,1.58,4.701172,2,True,3,2,0.6666667
2026-03-06_20.53.01,213,sign-optimization-horizontal-vertical_scenario,613,160,3,2,3,90,90,15,1,122878,WheelchairAgent(Clone),6,12,1.3,1.17,0,0,False,2,0,0
2026-03-06_20.53.01,213,sign-optimization-horizontal-vertical_scenario,613,160,3,2,3,90,90,15,1,122879,AdultMaleAgent(Clone),6,12,1.71,1.58,0,0,False,2,0,0
2026-03-06_20.53.01,213,sign-optimization-horizontal-vertical_scenario,613,160,3,2,3,90,90,15,1,122880,WheelchairAgent(Clone),6,12,1.3,1.17,0,0,False,2,0,0
2026-03-06_20.53.01,213,sign-optimization-horizontal-vertical_scenario,613,160,3,2,3,90,90,15,1,122881,WheelchairAgent(Clone),11,10,1.3,1.17,4.301758,2,True,3,1,0.3333333
2026-03-06_20.53.01,213,sign-optimization-horizontal-vertical_scenario,613,160,3,2,3,90,90,15,1,122882,AdultMaleAgent(Clone),7,11,1.71,1.58,0.6787109,1,False,2,1,0.5
2026-03-06_20.53.01,213,sign-optimization-horizontal-vertical_scenario,613,160,3,2,3,90,90,15,1,122883,AdultMaleAgent(Clone),10,12,1.71,1.58,0,0,False,3,0,0
2026-03-06_20.53.01,213,sign-optimization-horizontal-vertical_scenario,613,160,3,2,3,90,90,15,1,122884,WheelchairAgent(Clone),11,10,1.3,1.17,4.548828,2,True,3,1,0.3333333
2026-03-06_20.53.01,213,sign-optimization-horizontal-vertical_scenario,613,160,3,2,3,90,90,15,1,122885,WheelchairAgent(Clone),10,12,1.3,1.17,0,0,False,3,0,0
2026-03-06_20.53.01,213,sign-optimization-horizontal-vertical_scenario,613,160,3,2,3,90,90,15,1,122886,AdultFemaleAgent(Clone),11,10,1.58,1.450001,4.921875,2,True,3,2,0.6666667
2026-03-06_20.53.01,213,sign-optimization-horizontal-vertical_scenario,613,160,3,2,3,90,90,15,1,122887,WheelchairAgent(Clone),5,10,1.3,1.17,12.27539,1,False,2,0,0
2026-03-06_20.53.01,213,sign-optimization-horizontal-vertical_scenario,613,160,3,2,3,90,90,15,1,122888,AdultMaleAgent(Clone),6,12,1.71,1.58,0,0,False,2,0,0
2026-03-06_20.53.01,213,sign-optimization-horizontal-vertical_scenario,613,160,3,2,3,90,90,15,1,122889,AdultFemaleAgent(Clone),6,12,1.58,1.45,0,0,False,2,0,0
2026-03-06_20.53.01,213,sign-optimization-horizontal-vertical_scenario,613,160,3,2,3,90,90,15,1,122890,WheelchairAgent(Clone),6,12,1.3,1.17,0,0,False,2,0,0
2026-03-06_20.53.01,213,sign-optimization-horizontal-vertical_scenario,613,160,3,2,3,90,90,15,1,122891,WheelchairAgent(Clone),5,10,1.3,1.17,14.8252,1,True,2,1,0.5
2026-03-06_20.53.01,213,sign-optimization-horizontal-vertical_scenario,613,160,3,2,3,90,90,15,1,122892,AdultFemaleAgent(Clone),5,10,1.58,1.45,9.282227,1,False,2,1,0.5
2026-03-06_20.53.01,213,sign-optimization-horizontal-vertical_scenario,613,160,3,2,3,90,90,15,1,122893,WheelchairAgent(Clone),5,10,1.3,1.17,8.521484,1,False,2,0,0
2026-03-06_20.53.01,213,sign-optimization-horizontal-vertical_scenario,613,160,3,2,3,90,90,15,1,122894,AdultMaleAgent(Clone),6,12,1.71,1.58,0,0,False,2,0,0
2026-03-06_20.53.01,213,sign-optimization-horizontal-vertical_scenario,613,160,3,2,3,90,90,15,1,122895,AdultMaleAgent(Clone),5,10,1.71,1.58,11.19238,1,False,2,1,0.5
2026-03-06_20.53.01,213,sign-optimization-horizontal-vertical_scenario,613,160,3,2,3,90,90,15,1,122896,AdultMaleAgent(Clone),6,12,1.71,1.58,0,0,False,2,0,0
2026-03-06_20.53.01,213,sign-optimization-horizontal-vertical_scenario,613,160,3,2,3,90,90,15,1,122897,AdultFemaleAgent(Clone),7,11,1.58,1.450001,4.125,2,False,2,1,0.5
2026-03-06_20.53.01,213,sign-optimization-horizontal-vertical_scenario,613,160,3,2,3,90,90,15,1,122898,AdultMaleAgent(Clone),10,12,1.71,1.58,18.43945,1,False,3,0,0
2026-03-06_20.53.01,213,sign-optimization-horizontal-vertical_scenario,613,160,3,2,3,90,90,15,1,122899,AdultFemaleAgent(Clone),6,12,1.58,1.45,0.3310547,1,False,2,0,0
2026-03-06_20.53.01,213,sign-optimization-horizontal-vertical_scenario,613,160,3,2,3,90,90,15,1,122900,AdultFemaleAgent(Clone),11,10,1.58,1.450001,5.169922,2,True,3,2,0.6666667
2026-03-06_20.53.01,213,sign-optimization-horizontal-vertical_scenario,613,160,3,2,3,90,90,15,1,122901,WheelchairAgent(Clone),6,12,1.3,1.17,0,0,False,2,0,0
2026-03-06_20.53.01,213,sign-optimization-horizontal-vertical_scenario,613,160,3,2,3,90,90,15,1,122902,AdultFemaleAgent(Clone),11,10,1.58,1.450001,3.993164,2,True,3,2,0.6666667
2026-03-06_20.53.01,213,sign-optimization-horizontal-vertical_scenario,613,160,3,2,3,90,90,15,1,122903,AdultMaleAgent(Clone),5,10,1.71,1.58,9.954102,1,False,2,1,0.5
2026-03-06_20.53.01,213,sign-optimization-horizontal-vertical_scenario,613,160,3,2,3,90,90,15,1,122904,WheelchairAgent(Clone),5,10,1.3,1.17,12.3623,1,True,2,1,0.5
2026-03-06_20.53.01,213,sign-optimization-horizontal-vertical_scenario,613,160,3,2,3,90,90,15,1,122905,AdultMaleAgent(Clone),6,12,1.71,1.58,0,0,False,2,0,0
2026-03-06_20.53.01,213,sign-optimization-horizontal-vertical_scenario,613,160,3,2,3,90,90,15,1,122906,AdultFemaleAgent(Clone),11,10,1.58,1.450001,7.253906,2,True,3,1,0.3333333
2026-03-06_20.53.01,213,sign-optimization-horizontal-vertical_scenario,613,160,3,2,3,90,90,15,1,122907,AdultMaleAgent(Clone),6,12,1.71,1.58,0,0,False,2,0,0
2026-03-06_20.53.01,213,sign-optimization-horizontal-vertical_scenario,613,160,3,2,3,90,90,15,1,122908,AdultMaleAgent(Clone),6,12,1.71,1.58,0,0,False,2,0,0
2026-03-06_20.53.01,213,sign-optimization-horizontal-vertical_scenario,613,160,3,2,3,90,90,15,1,122909,AdultMaleAgent(Clone),7,11,1.71,1.58,0.5517578,2,False,2,1,0.5
2026-03-06_20.53.01,213,sign-optimization-horizontal-vertical_scenario,613,160,3,2,3,90,90,15,1,122910,WheelchairAgent(Clone),11,10,1.3,1.17,5.833984,2,True,3,1,0.3333333
2026-03-06_20.53.01,213,sign-optimization-horizontal-vertical_scenario,613,160,3,2,3,90,90,15,1,122911,AdultMaleAgent(Clone),10,12,1.71,1.58,15.03516,1,False,3,1,0.3333333
2026-03-06_20.53.01,213,sign-optimization-horizontal-vertical_scenario,613,160,3,2,3,90,90,15,1,122912,AdultFemaleAgent(Clone),6,12,1.58,1.45,0,0,False,2,0,0
2026-03-06_20.53.01,213,sign-optimization-horizontal-vertical_scenario,613,160,3,2,3,90,90,15,1,122913,AdultMaleAgent(Clone),5,10,1.71,1.58,8.404297,1,False,2,0,0
2026-03-06_20.53.01,213,sign-optimization-horizontal-vertical_scenario,613,160,3,2,3,90,90,15,1,122914,AdultFemaleAgent(Clone),5,10,1.58,1.45,11.2666,1,True,2,1,0.5
2026-03-06_20.53.01,213,sign-optimization-horizontal-vertical_scenario,613,160,3,2,3,90,90,15,1,122915,AdultFemaleAgent(Clone),10,12,1.58,1.45,0,0,False,3,0,0
2026-03-06_20.53.01,213,sign-optimization-horizontal-vertical_scenario,613,160,3,2,3,90,90,15,1,122916,AdultFemaleAgent(Clone),10,12,1.58,1.45,0,0,False,3,0,0
2026-03-06_20.53.01,213,sign-optimization-horizontal-vertical_scenario,613,160,3,2,3,90,90,15,1,122917,AdultFemaleAgent(Clone),7,11,1.58,1.450001,4.773438,2,False,2,1,0.5
2026-03-06_20.53.01,213,sign-optimization-horizontal-vertical_scenario,613,160,3,2,3,90,90,15,1,122918,AdultMaleAgent(Clone),10,12,1.71,1.58,0,0,False,3,0,0
2026-03-06_20.53.01,213,sign-optimization-horizontal-vertical_scenario,613,160,3,2,3,90,90,15,1,122919,AdultFemaleAgent(Clone),11,10,1.58,1.450001,7.099609,2,True,3,2,0.6666667
2026-03-06_20.53.01,213,sign-optimization-horizontal-vertical_scenario,613,160,3,2,3,90,90,15,1,122920,WheelchairAgent(Clone),11,10,1.3,1.17,7.541992,2,True,3,1,0.3333333
2026-03-06_20.53.01,213,sign-optimization-horizontal-vertical_scenario,613,160,3,2,3,90,90,15,1,122921,AdultMaleAgent(Clone),7,11,1.71,1.58,5.708984,2,True,2,1,0.5
2026-03-06_20.53.01,213,sign-optimization-horizontal-vertical_scenario,613,160,3,2,3,90,90,15,1,122922,AdultFemaleAgent(Clone),6,12,1.58,1.45,0,0,False,2,0,0
2026-03-06_20.53.01,213,sign-optimization-horizontal-vertical_scenario,613,160,3,2,3,90,90,15,1,122923,AdultFemaleAgent(Clone),10,12,1.58,1.45,0,0,False,3,0,0
2026-03-06_20.53.01,213,sign-optimization-horizontal-vertical_scenario,613,160,3,2,3,90,90,15,1,122924,AdultMaleAgent(Clone),7,11,1.71,1.58,1.251953,1,False,2,1,0.5
2026-03-06_20.53.01,213,sign-optimization-horizontal-vertical_scenario,613,160,3,2,3,90,90,15,1,122925,WheelchairAgent(Clone),5,10,1.3,1.17,10.7832,1,False,2,1,0.5
2026-03-06_20.53.01,213,sign-optimization-horizontal-vertical_scenario,613,160,3,2,3,90,90,15,1,122926,WheelchairAgent(Clone),5,10,1.3,1.17,8.927734,1,False,2,0,0
2026-03-06_20.53.01,213,sign-optimization-horizontal-vertical_scenario,613,160,3,2,3,90,90,15,1,122927,AdultFemaleAgent(Clone),7,11,1.58,1.450001,0.8974609,2,False,2,1,0.5
2026-03-06_20.53.01,213,sign-optimization-horizontal-vertical_scenario,613,160,3,2,3,90,90,15,1,122928,WheelchairAgent(Clone),6,12,1.3,1.17,0,0,False,2,0,0
2026-03-06_20.53.01,213,sign-optimization-horizontal-vertical_scenario,613,160,3,2,3,90,90,15,1,122929,AdultFemaleAgent(Clone),10,12,1.58,1.45,0,0,False,3,0,0
2026-03-06_20.53.01,213,sign-optimization-horizontal-vertical_scenario,613,160,3,2,3,90,90,15,1,122930,WheelchairAgent(Clone),7,11,1.3,1.17,2.045898,2,True,2,1,0.5
2026-03-06_20.53.01,213,sign-optimization-horizontal-vertical_scenario,613,160,3,2,3,90,90,15,1,122931,WheelchairAgent(Clone),11,10,1.3,1.17,3.854492,2,True,3,1,0.3333333
2026-03-06_20.53.01,213,sign-optimization-horizontal-vertical_scenario,613,160,3,2,3,90,90,15,1,122932,AdultMaleAgent(Clone),10,12,1.71,1.58,0,0,False,3,0,0
2026-03-06_20.53.01,213,sign-optimization-horizontal-vertical_scenario,613,160,3,2,3,90,90,15,1,122933,AdultFemaleAgent(Clone),7,11,1.58,1.450001,1.585938,2,False,2,1,0.5
2026-03-06_20.53.01,213,sign-optimization-horizontal-vertical_scenario,613,160,3,2,3,90,90,15,1,122934,WheelchairAgent(Clone),11,10,1.3,1.17,8.134766,2,True,3,1,0.3333333
2026-03-06_20.53.01,213,sign-optimization-horizontal-vertical_scenario,613,160,3,2,3,90,90,15,1,122935,AdultFemaleAgent(Clone),5,10,1.58,1.45,12.01465,1,True,2,1,0.5
2026-03-06_20.53.01,213,sign-optimization-horizontal-vertical_scenario,613,160,3,2,3,90,90,15,1,122936,AdultFemaleAgent(Clone),6,12,1.58,1.45,0,0,False,2,0,0
2026-03-06_20.53.01,213,sign-optimization-horizontal-vertical_scenario,613,160,3,2,3,90,90,15,1,122937,AdultFemaleAgent(Clone),7,11,1.58,1.450001,0.03222656,1,False,2,1,0.5
2026-03-06_20.53.01,213,sign-optimization-horizontal-vertical_scenario,613,160,3,2,3,90,90,15,1,122938,AdultMaleAgent(Clone),5,10,1.71,1.58,8.520508,1,False,2,0,0
2026-03-06_20.53.01,213,sign-optimization-horizontal-vertical_scenario,613,160,3,2,3,90,90,15,1,122939,AdultFemaleAgent(Clone),11,10,1.58,1.450001,10.62793,1,True,3,1,0.3333333
2026-03-06_20.53.01,213,sign-optimization-horizontal-vertical_scenario,613,160,3,2,3,90,90,15,1,122940,WheelchairAgent(Clone),11,10,1.3,1.17,7.210938,2,True,3,1,0.3333333
2026-03-06_20.53.01,213,sign-optimization-horizontal-vertical_scenario,613,160,3,2,3,90,90,15,1,122941,AdultFemaleAgent(Clone),11,10,1.58,1.450001,2.990234,2,True,3,2,0.6666667
2026-03-06_20.53.01,213,sign-optimization-horizontal-vertical_scenario,613,160,3,2,3,90,90,15,1,122942,AdultMaleAgent(Clone),6,12,1.71,1.58,3.09082,1,False,2,0,0
2026-03-06_20.53.01,213,sign-optimization-horizontal-vertical_scenario,613,160,3,2,3,90,90,15,1,122943,AdultMaleAgent(Clone),11,10,1.71,1.58,6.530273,2,True,3,2,0.6666667
2026-03-06_20.53.01,213,sign-optimization-horizontal-vertical_scenario,613,160,3,2,3,90,90,15,1,122944,AdultFemaleAgent(Clone),10,12,1.58,1.45,0,0,False,3,0,0
2026-03-06_20.53.01,213,sign-optimization-horizontal-vertical_scenario,613,160,3,2,3,90,90,15,1,122945,WheelchairAgent(Clone),6,12,1.3,1.17,0,0,False,2,0,0
2026-03-06_20.53.01,213,sign-optimization-horizontal-vertical_scenario,613,160,3,2,3,90,90,15,1,122946,AdultFemaleAgent(Clone),5,10,1.58,1.45,10.48242,1,True,2,1,0.5
2026-03-06_20.53.01,213,sign-optimization-horizontal-vertical_scenario,613,160,3,2,3,90,90,15,1,122947,WheelchairAgent(Clone),10,12,1.3,1.17,0,0,False,3,0,0
2026-03-06_20.53.01,213,sign-optimization-horizontal-vertical_scenario,613,160,3,2,3,90,90,15,1,122948,WheelchairAgent(Clone),7,11,1.3,1.17,0.1591797,2,False,2,1,0.5
2026-03-06_20.53.01,213,sign-optimization-horizontal-vertical_scenario,613,160,3,2,3,90,90,15,1,122949,AdultFemaleAgent(Clone),10,12,1.58,1.45,0,0,False,3,0,0
2026-03-06_20.53.01,213,sign-optimization-horizontal-vertical_scenario,613,160,3,2,3,90,90,15,1,122950,WheelchairAgent(Clone),7,11,1.3,1.17,1.349609,2,False,2,1,0.5
2026-03-06_20.53.01,213,sign-optimization-horizontal-vertical_scenario,613,160,3,2,3,90,90,15,1,122951,WheelchairAgent(Clone),6,12,1.3,1.17,0,0,False,2,0,0
2026-03-06_20.53.01,213,sign-optimization-horizontal-vertical_scenario,613,160,3,2,3,90,90,15,1,122952,WheelchairAgent(Clone),6,12,1.3,1.17,0,0,False,2,0,0
2026-03-06_20.53.01,213,sign-optimization-horizontal-vertical_scenario,613,160,3,2,3,90,90,15,1,122953,AdultFemaleAgent(Clone),7,11,1.58,1.450001,4.761719,2,False,2,1,0.5
2026-03-06_20.53.01,213,sign-optimization-horizontal-vertical_scenario,613,160,3,2,3,90,90,15,1,122954,WheelchairAgent(Clone),11,10,1.3,1.17,4.297852,2,True,3,2,0.6666667
2026-03-06_20.53.01,213,sign-optimization-horizontal-vertical_scenario,613,160,3,2,3,90,90,15,1,122955,WheelchairAgent(Clone),10,12,1.3,1.17,0,0,False,3,0,0
2026-03-06_20.53.01,213,sign-optimization-horizontal-vertical_scenario,613,160,3,2,3,90,90,15,1,122956,AdultMaleAgent(Clone),10,12,1.71,1.58,0,0,False,3,0,0
2026-03-06_20.53.01,213,sign-optimization-horizontal-vertical_scenario,613,160,3,2,3,90,90,15,1,122957,WheelchairAgent(Clone),5,10,1.3,1.17,10.375,1,False,2,1,0.5
2026-03-06_20.53.01,213,sign-optimization-horizontal-vertical_scenario,613,160,3,2,3,90,90,15,1,122958,WheelchairAgent(Clone),5,10,1.3,1.17,13.06348,1,True,2,1,0.5
2026-03-06_20.53.01,213,sign-optimization-horizontal-vertical_scenario,613,160,3,2,3,90,90,15,1,122959,WheelchairAgent(Clone),7,11,1.3,1.17,2.376953,1,False,2,1,0.5
2026-03-06_20.53.01,213,sign-optimization-horizontal-vertical_scenario,613,160,3,2,3,90,90,15,1,122960,AdultMaleAgent(Clone),5,10,1.71,1.58,13.11035,1,True,2,1,0.5
2026-03-06_20.53.01,213,sign-optimization-horizontal-vertical_scenario,613,160,3,2,3,90,90,15,1,122961,AdultFemaleAgent(Clone),10,12,1.58,1.45,0,0,False,3,0,0
2026-03-06_20.53.01,213,sign-optimization-horizontal-vertical_scenario,613,160,3,2,3,90,90,15,1,122962,AdultMaleAgent(Clone),10,12,1.71,1.58,3.306641,1,False,3,1,0.3333333
2026-03-06_20.53.01,213,sign-optimization-horizontal-vertical_scenario,613,160,3,2,3,90,90,15,1,122963,AdultFemaleAgent(Clone),5,10,1.58,1.45,14.07031,1,False,2,1,0.5
2026-03-06_20.53.01,213,sign-optimization-horizontal-vertical_scenario,613,160,3,2,3,90,90,15,1,122964,AdultFemaleAgent(Clone),11,10,1.58,1.450001,4.786133,2,True,3,1,0.3333333
2026-03-06_20.53.01,213,sign-optimization-horizontal-vertical_scenario,613,160,3,2,3,90,90,15,1,122965,AdultMaleAgent(Clone),10,12,1.71,1.58,0,0,False,3,0,0
2026-03-06_20.53.01,213,sign-optimization-horizontal-vertical_scenario,613,160,3,2,3,90,90,15,1,122966,AdultMaleAgent(Clone),6,12,1.71,1.58,0,0,False,2,0,0
2026-03-06_20.53.01,213,sign-optimization-horizontal-vertical_scenario,613,160,3,2,3,90,90,15,1,122967,AdultMaleAgent(Clone),10,12,1.71,1.58,0,0,False,3,0,0
2026-03-06_20.53.01,213,sign-optimization-horizontal-vertical_scenario,613,160,3,2,3,90,90,15,1,122968,AdultMaleAgent(Clone),6,12,1.71,1.58,0,0,False,2,0,0
2026-03-06_20.53.01,213,sign-optimization-horizontal-vertical_scenario,613,160,3,2,3,90,90,15,1,122969,AdultMaleAgent(Clone),5,10,1.71,1.58,13.51855,1,False,2,1,0.5
2026-03-06_20.53.01,213,sign-optimization-horizontal-vertical_scenario,613,160,3,2,3,90,90,15,1,122970,AdultFemaleAgent(Clone),7,11,1.58,1.450001,0.9335938,2,False,2,1,0.5
2026-03-06_20.53.01,213,sign-optimization-horizontal-vertical_scenario,613,160,3,2,3,90,90,15,1,122971,AdultFemaleAgent(Clone),11,10,1.58,1.450001,5.302734,2,True,3,2,0.6666667
2026-03-06_20.53.01,213,sign-optimization-horizontal-vertical_scenario,613,160,3,2,3,90,90,15,1,122972,WheelchairAgent(Clone),7,11,1.3,1.17,1.775391,2,False,2,1,0.5
2026-03-06_20.53.01,213,sign-optimization-horizontal-vertical_scenario,613,160,3,2,3,90,90,15,1,122973,WheelchairAgent(Clone),5,10,1.3,1.17,10.03223,1,False,2,1,0.5
2026-03-06_20.53.01,213,sign-optimization-horizontal-vertical_scenario,613,160,3,2,3,90,90,15,1,122974,AdultFemaleAgent(Clone),10,12,1.58,1.45,0,0,False,3,0,0
2026-03-06_20.53.01,213,sign-optimization-horizontal-vertical_scenario,613,160,3,2,3,90,90,15,1,122975,AdultFemaleAgent(Clone),10,12,1.58,1.45,1.02832,1,False,3,0,0
2026-03-06_20.53.01,213,sign-optimization-horizontal-vertical_scenario,613,160,3,2,3,90,90,15,1,122976,AdultMaleAgent(Clone),11,10,1.71,1.58,3.563477,2,True,3,2,0.6666667
2026-03-06_20.53.01,213,sign-optimization-horizontal-vertical_scenario,613,160,3,2,3,90,90,15,1,122977,WheelchairAgent(Clone),7,11,1.3,1.17,0.5712891,1,False,2,1,0.5
2026-03-06_20.53.01,213,sign-optimization-horizontal-vertical_scenario,613,160,3,2,3,90,90,15,1,122978,AdultMaleAgent(Clone),5,10,1.71,1.58,11.56152,1,False,2,1,0.5
2026-03-06_20.53.01,213,sign-optimization-horizontal-vertical_scenario,613,160,3,2,3,90,90,15,1,122979,AdultMaleAgent(Clone),7,11,1.71,1.58,1.347656,1,False,2,1,0.5
2026-03-06_20.53.01,213,sign-optimization-horizontal-vertical_scenario,613,160,3,2,3,90,90,15,1,122980,WheelchairAgent(Clone),6,12,1.3,1.17,0,0,False,2,0,0
2026-03-06_20.53.01,213,sign-optimization-horizontal-vertical_scenario,613,160,3,2,3,90,90,15,1,122981,AdultMaleAgent(Clone),5,10,1.71,1.58,15.23242,1,False,2,1,0.5
2026-03-06_20.53.01,213,sign-optimization-horizontal-vertical_scenario,613,160,3,2,3,90,90,15,1,122982,AdultFemaleAgent(Clone),10,12,1.58,1.45,0,0,False,3,0,0
2026-03-06_20.53.01,213,sign-optimization-horizontal-vertical_scenario,613,160,3,2,3,90,90,15,1,122983,AdultMaleAgent(Clone),11,10,1.71,1.58,6.375977,2,True,3,1,0.3333333
2026-03-06_20.53.01,213,sign-optimization-horizontal-vertical_scenario,613,160,3,2,3,90,90,15,1,122984,WheelchairAgent(Clone),6,12,1.3,1.17,0,0,False,2,0,0
2026-03-06_20.53.01,213,sign-optimization-horizontal-vertical_scenario,613,160,3,2,3,90,90,15,1,122985,AdultMaleAgent(Clone),5,10,1.71,1.58,11.15625,1,True,2,1,0.5
2026-03-06_20.53.01,213,sign-optimization-horizontal-vertical_scenario,613,160,3,2,3,90,90,15,1,122986,WheelchairAgent(Clone),11,10,1.3,1.17,7.076172,2,True,3,1,0.3333333
2026-03-06_20.53.01,213,sign-optimization-horizontal-vertical_scenario,613,160,3,2,3,90,90,15,1,122987,AdultMaleAgent(Clone),6,12,1.71,1.58,0,0,False,2,0,0
2026-03-06_20.53.01,213,sign-optimization-horizontal-vertical_scenario,613,160,3,2,3,90,90,15,1,122988,WheelchairAgent(Clone),7,11,1.3,1.17,0,0,False,2,0,0
2026-03-06_20.53.01,213,sign-optimization-horizontal-vertical_scenario,613,160,3,2,3,90,90,15,1,122989,AdultMaleAgent(Clone),11,10,1.71,1.58,10.57617,1,True,3,2,0.6666667
2026-03-06_20.53.01,213,sign-optimization-horizontal-vertical_scenario,613,160,3,2,3,90,90,15,1,122990,AdultFemaleAgent(Clone),10,12,1.58,1.45,0,0,False,3,0,0
2026-03-06_20.53.01,213,sign-optimization-horizontal-vertical_scenario,613,160,3,2,3,90,90,15,1,122991,WheelchairAgent(Clone),10,12,1.3,1.17,0,0,False,3,0,0
2026-03-06_20.53.01,213,sign-optimization-horizontal-vertical_scenario,613,160,3,2,3,90,90,15,1,122992,AdultMaleAgent(Clone),6,12,1.71,1.58,0,0,False,2,0,0
2026-03-06_20.53.01,213,sign-optimization-horizontal-vertical_scenario,613,160,3,2,3,90,90,15,1,122993,WheelchairAgent(Clone),7,11,1.3,1.17,2.02832,2,False,2,1,0.5
2026-03-06_20.53.01,213,sign-optimization-horizontal-vertical_scenario,613,160,3,2,3,90,90,15,1,122994,AdultMaleAgent(Clone),5,10,1.71,1.58,11.08984,1,False,2,1,0.5
2026-03-06_20.53.01,213,sign-optimization-horizontal-vertical_scenario,613,160,3,2,3,90,90,15,1,122995,AdultFemaleAgent(Clone),10,12,1.58,1.45,0,0,False,3,0,0
2026-03-06_20.53.01,213,sign-optimization-horizontal-vertical_scenario,613,160,3,2,3,90,90,15,1,122996,AdultMaleAgent(Clone),6,12,1.71,1.58,3.195313,1,False,2,0,0
2026-03-06_20.53.01,213,sign-optimization-horizontal-vertical_scenario,613,160,3,2,3,90,90,15,1,122997,WheelchairAgent(Clone),11,10,1.3,1.17,7.311523,2,True,3,1,0.3333333
2026-03-06_20.53.01,213,sign-optimization-horizontal-vertical_scenario,613,160,3,2,3,90,90,15,1,122998,AdultMaleAgent(Clone),5,10,1.71,1.58,8.224609,1,False,2,0,0
2026-03-06_20.53.01,213,sign-optimization-horizontal-vertical_scenario,613,160,3,2,3,90,90,15,1,122999,AdultMaleAgent(Clone),5,10,1.71,1.58,12.0293,1,True,2,1,0.5
2026-03-06_20.53.01,213,sign-optimization-horizontal-vertical_scenario,613,160,3,2,3,90,90,15,1,123000,WheelchairAgent(Clone),7,11,1.3,1.17,0.7363281,1,False,2,1,0.5
2026-03-06_20.53.01,213,sign-optimization-horizontal-vertical_scenario,613,160,3,2,3,90,90,15,1,123001,AdultMaleAgent(Clone),7,11,1.71,1.58,0,0,False,2,0,0
2026-03-06_20.53.01,213,sign-optimization-horizontal-vertical_scenario,613,160,3,2,3,90,90,15,1,123002,WheelchairAgent(Clone),10,12,1.3,1.17,0,0,False,3,0,0
2026-03-06_20.53.01,213,sign-optimization-horizontal-vertical_scenario,613,160,3,2,3,90,90,15,1,123003,WheelchairAgent(Clone),6,12,1.3,1.17,0,0,False,2,0,0
2026-03-06_20.53.01,213,sign-optimization-horizontal-vertical_scenario,613,160,3,2,3,90,90,15,1,123004,AdultFemaleAgent(Clone),6,12,1.58,1.45,0.4189453,1,False,2,0,0
2026-03-06_20.53.01,213,sign-optimization-horizontal-vertical_scenario,613,160,3,2,3,90,90,15,1,123005,AdultFemaleAgent(Clone),11,10,1.58,1.450001,6.669922,2,True,3,2,0.6666667
2026-03-06_20.53.01,213,sign-optimization-horizontal-vertical_scenario,613,160,3,2,3,90,90,15,1,123006,AdultMaleAgent(Clone),6,12,1.71,1.58,0.7070313,1,False,2,0,0
2026-03-06_20.53.01,213,sign-optimization-horizontal-vertical_scenario,613,160,3,2,3,90,90,15,1,123007,AdultFemaleAgent(Clone),6,12,1.58,1.45,0,0,False,2,0,0
2026-03-06_20.53.01,213,sign-optimization-horizontal-vertical_scenario,613,160,3,2,3,90,90,15,1,123008,AdultMaleAgent(Clone),11,10,1.71,1.58,11.75,1,True,3,2,0.6666667
2026-03-06_20.53.01,213,sign-optimization-horizontal-vertical_scenario,613,160,3,2,3,90,90,15,1,123009,AdultMaleAgent(Clone),10,12,1.71,1.58,0,0,False,3,0,0
2026-03-06_20.53.01,213,sign-optimization-horizontal-vertical_scenario,613,160,3,2,3,90,90,15,1,123010,WheelchairAgent(Clone),11,10,1.3,1.17,8.576172,2,True,3,2,0.6666667
2026-03-06_20.53.01,213,sign-optimization-horizontal-vertical_scenario,613,160,3,2,3,90,90,15,1,123011,AdultFemaleAgent(Clone),6,12,1.58,1.45,2.949219,1,False,2,0,0
2026-03-06_20.53.01,213,sign-optimization-horizontal-vertical_scenario,613,160,3,2,3,90,90,15,1,123012,WheelchairAgent(Clone),11,10,1.3,1.17,8.505859,2,True,3,1,0.3333333
2026-03-06_20.53.01,213,sign-optimization-horizontal-vertical_scenario,613,160,3,2,3,90,90,15,1,123013,AdultFemaleAgent(Clone),11,10,1.58,1.450001,13.25293,1,True,3,1,0.3333333
2026-03-06_20.53.01,213,sign-optimization-horizontal-vertical_scenario,613,160,3,2,3,90,90,15,1,123014,WheelchairAgent(Clone),5,10,1.3,1.17,12.52832,1,True,2,1,0.5
2026-03-06_20.53.01,213,sign-optimization-horizontal-vertical_scenario,613,160,3,2,3,90,90,15,1,123015,WheelchairAgent(Clone),5,10,1.3,1.17,13.4248,1,False,2,1,0.5
2026-03-06_20.53.01,213,sign-optimization-horizontal-vertical_scenario,613,160,3,2,3,90,90,15,1,123016,WheelchairAgent(Clone),5,10,1.3,1.17,11.78906,1,True,2,1,0.5
2026-03-06_20.53.01,213,sign-optimization-horizontal-vertical_scenario,613,160,3,2,3,90,90,15,1,123017,WheelchairAgent(Clone),10,12,1.3,1.17,0,0,False,3,0,0
2026-03-06_20.53.01,213,sign-optimization-horizontal-vertical_scenario,613,160,3,2,3,90,90,15,1,123018,AdultMaleAgent(Clone),5,10,1.71,1.58,12.2793,1,True,2,1,0.5
2026-03-06_20.53.01,213,sign-optimization-horizontal-vertical_scenario,613,160,3,2,3,90,90,15,1,123019,AdultFemaleAgent(Clone),6,12,1.58,1.45,0.4804688,1,False,2,0,0
2026-03-06_20.53.01,213,sign-optimization-horizontal-vertical_scenario,613,160,3,2,3,90,90,15,1,123020,WheelchairAgent(Clone),10,12,1.3,1.17,0,0,False,3,0,0
2026-03-06_20.53.01,213,sign-optimization-horizontal-vertical_scenario,613,160,3,2,3,90,90,15,1,123021,AdultMaleAgent(Clone),11,10,1.71,1.58,8.09668,2,True,3,1,0.3333333
2026-03-06_20.53.01,213,sign-optimization-horizontal-vertical_scenario,613,160,3,2,3,90,90,15,1,123022,AdultFemaleAgent(Clone),7,11,1.58,1.450001,7.569336,2,False,2,1,0.5
2026-03-06_20.53.01,213,sign-optimization-horizontal-vertical_scenario,613,160,3,2,3,90,90,15,1,123023,AdultMaleAgent(Clone),10,12,1.71,1.58,0,0,False,3,0,0
2026-03-06_20.53.01,213,sign-optimization-horizontal-vertical_scenario,613,160,3,2,3,90,90,15,1,123024,AdultMaleAgent(Clone),6,12,1.71,1.58,0,0,False,2,0,0
2026-03-06_20.53.01,213,sign-optimization-horizontal-vertical_scenario,613,160,3,2,3,90,90,15,1,123025,AdultFemaleAgent(Clone),7,11,1.58,1.450001,0.2724609,1,False,2,1,0.5
2026-03-06_20.53.01,213,sign-optimization-horizontal-vertical_scenario,613,160,3,2,3,90,90,15,1,123026,AdultFemaleAgent(Clone),11,10,1.58,1.450001,3.642578,1,True,3,1,0.3333333
2026-03-06_20.53.01,213,sign-optimization-horizontal-vertical_scenario,613,160,3,2,3,90,90,15,1,123027,AdultMaleAgent(Clone),5,10,1.71,1.58,10.64648,1,False,2,1,0.5
2026-03-06_20.53.01,213,sign-optimization-horizontal-vertical_scenario,613,160,3,2,3,90,90,15,1,123028,AdultFemaleAgent(Clone),5,10,1.58,1.45,12.27344,1,True,2,1,0.5
2026-03-06_20.53.01,213,sign-optimization-horizontal-vertical_scenario,613,160,3,2,3,90,90,15,1,123029,WheelchairAgent(Clone),7,11,1.3,1.17,0.7275391,2,False,2,1,0.5
2026-03-06_20.53.01,213,sign-optimization-horizontal-vertical_scenario,613,160,3,2,3,90,90,15,1,123030,WheelchairAgent(Clone),5,10,1.3,1.17,8.464844,1,False,2,0,0
2026-03-06_20.53.01,213,sign-optimization-horizontal-vertical_scenario,613,160,3,2,3,90,90,15,1,123031,AdultFemaleAgent(Clone),6,12,1.58,1.45,0,0,False,2,0,0
2026-03-06_20.53.01,213,sign-optimization-horizontal-vertical_scenario,613,160,3,2,3,90,90,15,1,123032,AdultFemaleAgent(Clone),11,10,1.58,1.450001,4.047852,2,True,3,1,0.3333333
2026-03-06_20.53.01,213,sign-optimization-horizontal-vertical_scenario,613,160,3,2,3,90,90,15,1,123033,WheelchairAgent(Clone),11,10,1.3,1.17,2.095703,1,False,3,0,0
2026-03-06_20.53.01,213,sign-optimization-horizontal-vertical_scenario,613,160,3,2,3,90,90,15,1,123034,AdultMaleAgent(Clone),5,10,1.71,1.58,12.77539,1,True,2,1,0.5
2026-03-06_20.53.01,213,sign-optimization-horizontal-vertical_scenario,613,160,3,2,3,90,90,15,1,123035,AdultFemaleAgent(Clone),11,10,1.58,1.450001,2.141602,1,True,3,2,0.6666667
2026-03-06_20.53.01,213,sign-optimization-horizontal-vertical_scenario,613,160,3,2,3,90,90,15,1,123036,AdultMaleAgent(Clone),11,10,1.71,1.58,7.736328,2,True,3,1,0.3333333
2026-03-06_20.53.01,213,sign-optimization-horizontal-vertical_scenario,613,160,3,2,3,90,90,15,1,123037,AdultMaleAgent(Clone),6,12,1.71,1.58,0.3203125,1,False,2,0,0
2026-03-06_20.53.01,213,sign-optimization-horizontal-vertical_scenario,613,160,3,2,3,90,90,15,1,123038,AdultFemaleAgent(Clone),7,11,1.58,1.450001,1.265625,1,False,2,1,0.5
2026-03-06_20.53.01,213,sign-optimization-horizontal-vertical_scenario,613,160,3,2,3,90,90,15,1,123039,AdultFemaleAgent(Clone),11,10,1.58,1.450001,10.77832,1,True,3,2,0.6666667
2026-03-06_20.53.01,213,sign-optimization-horizontal-vertical_scenario,613,160,3,2,3,90,90,15,1,123040,WheelchairAgent(Clone),5,10,1.3,1.17,11.91992,1,True,2,1,0.5
2026-03-06_20.53.01,213,sign-optimization-horizontal-vertical_scenario,613,160,3,2,3,90,90,15,1,123041,AdultMaleAgent(Clone),7,11,1.71,1.58,1.472656,2,True,2,1,0.5
2026-03-06_20.53.01,213,sign-optimization-horizontal-vertical_scenario,613,160,3,2,3,90,90,15,1,123042,WheelchairAgent(Clone),6,12,1.3,1.17,3.03125,1,False,2,0,0
2026-03-06_20.53.01,213,sign-optimization-horizontal-vertical_scenario,613,160,3,2,3,90,90,15,1,123043,AdultFemaleAgent(Clone),6,12,1.58,1.45,0,0,False,2,0,0
2026-03-06_20.53.01,213,sign-optimization-horizontal-vertical_scenario,613,160,3,2,3,90,90,15,1,123044,AdultMaleAgent(Clone),5,10,1.71,1.58,6.368164,1,False,2,0,0
2026-03-06_20.53.01,213,sign-optimization-horizontal-vertical_scenario,613,160,3,2,3,90,90,15,1,123045,AdultMaleAgent(Clone),6,12,1.71,1.58,2.805664,1,False,2,0,0
2026-03-06_20.53.01,213,sign-optimization-horizontal-vertical_scenario,613,160,3,2,3,90,90,15,1,123046,WheelchairAgent(Clone),5,10,1.3,1.17,10.41992,1,False,2,1,0.5
2026-03-06_20.53.01,213,sign-optimization-horizontal-vertical_scenario,613,160,3,2,3,90,90,15,1,123047,AdultFemaleAgent(Clone),5,10,1.58,1.45,11.25586,1,True,2,1,0.5
2026-03-06_20.53.01,213,sign-optimization-horizontal-vertical_scenario,613,160,3,2,3,90,90,15,1,123048,AdultMaleAgent(Clone),7,11,1.71,1.58,0.9755859,1,False,2,1,0.5
2026-03-06_20.53.01,213,sign-optimization-horizontal-vertical_scenario,613,160,3,2,3,90,90,15,1,123049,AdultFemaleAgent(Clone),11,10,1.58,1.450001,10.67871,1,True,3,2,0.6666667
2026-03-06_20.53.01,213,sign-optimization-horizontal-vertical_scenario,613,160,3,2,3,90,90,15,1,123050,WheelchairAgent(Clone),6,12,1.3,1.17,0,0,False,2,0,0
2026-03-06_20.53.01,213,sign-optimization-horizontal-vertical_scenario,613,160,3,2,3,90,90,15,1,123051,AdultMaleAgent(Clone),6,12,1.71,1.58,0,0,False,2,0,0
2026-03-06_20.53.01,213,sign-optimization-horizontal-vertical_scenario,613,160,3,2,3,90,90,15,1,123052,AdultFemaleAgent(Clone),7,11,1.58,1.450001,0.53125,2,False,2,0,0
2026-03-06_20.53.01,213,sign-optimization-horizontal-vertical_scenario,613,160,3,2,3,90,90,15,1,123053,AdultMaleAgent(Clone),11,10,1.71,1.58,6.835938,2,True,3,2,0.6666667
2026-03-06_20.53.01,213,sign-optimization-horizontal-vertical_scenario,613,160,3,2,3,90,90,15,1,123054,AdultMaleAgent(Clone),5,10,1.71,1.58,5.547852,1,False,2,0,0
2026-03-06_20.53.01,213,sign-optimization-horizontal-vertical_scenario,613,160,3,2,3,90,90,15,1,123055,AdultMaleAgent(Clone),11,10,1.71,1.58,13.58691,1,True,3,1,0.3333333
2026-03-06_20.53.01,213,sign-optimization-horizontal-vertical_scenario,613,160,3,2,3,90,90,15,1,123056,WheelchairAgent(Clone),11,10,1.3,1.17,4.223633,2,True,3,1,0.3333333
2026-03-06_20.53.01,213,sign-optimization-horizontal-vertical_scenario,613,160,3,2,3,90,90,15,1,123057,AdultFemaleAgent(Clone),5,10,1.58,1.45,12.22754,1,True,2,1,0.5
2026-03-06_20.53.01,213,sign-optimization-horizontal-vertical_scenario,613,160,3,2,3,90,90,15,1,123058,AdultMaleAgent(Clone),11,10,1.71,1.58,2.519531,1,True,3,2,0.6666667
2026-03-06_20.53.01,213,sign-optimization-horizontal-vertical_scenario,613,160,3,2,3,90,90,15,1,123059,AdultMaleAgent(Clone),10,12,1.71,1.58,0,0,False,3,0,0
2026-03-06_20.53.01,213,sign-optimization-horizontal-vertical_scenario,613,160,3,2,3,90,90,15,1,123060,WheelchairAgent(Clone),7,11,1.3,1.17,1.083984,2,True,2,1,0.5
2026-03-06_20.53.01,213,sign-optimization-horizontal-vertical_scenario,613,160,3,2,3,90,90,15,1,123061,WheelchairAgent(Clone),10,12,1.3,1.17,0,0,False,3,0,0
2026-03-06_20.53.01,213,sign-optimization-horizontal-vertical_scenario,613,160,3,2,3,90,90,15,1,123062,AdultMaleAgent(Clone),11,10,1.71,1.58,11.97852,1,True,3,2,0.6666667
2026-03-06_20.53.01,213,sign-optimization-horizontal-vertical_scenario,613,160,3,2,3,90,90,15,1,123063,AdultFemaleAgent(Clone),11,10,1.58,1.450001,6.535156,2,True,3,2,0.6666667
2026-03-06_20.53.01,213,sign-optimization-horizontal-vertical_scenario,613,160,3,2,3,90,90,15,1,123064,AdultFemaleAgent(Clone),10,12,1.58,1.45,0,0,False,3,0,0
2026-03-06_20.53.01,213,sign-optimization-horizontal-vertical_scenario,613,160,3,2,3,90,90,15,1,123065,WheelchairAgent(Clone),11,10,1.3,1.17,6.946289,2,True,3,2,0.6666667
2026-03-06_20.53.01,213,sign-optimization-horizontal-vertical_scenario,613,160,3,2,3,90,90,15,1,123066,AdultFemaleAgent(Clone),7,11,1.58,1.450001,0.2070313,2,False,2,1,0.5
2026-03-06_20.53.01,213,sign-optimization-horizontal-vertical_scenario,613,160,3,2,3,90,90,15,1,123067,AdultFemaleAgent(Clone),10,12,1.58,1.45,0,0,False,3,0,0
2026-03-06_20.53.01,213,sign-optimization-horizontal-vertical_scenario,613,160,3,2,3,90,90,15,1,123068,AdultFemaleAgent(Clone),11,10,1.58,1.450001,7.400391,2,True,3,1,0.3333333
2026-03-06_20.53.01,213,sign-optimization-horizontal-vertical_scenario,613,160,3,2,3,90,90,15,1,123069,WheelchairAgent(Clone),5,10,1.3,1.17,11.98828,1,True,2,1,0.5
2026-03-06_20.53.01,213,sign-optimization-horizontal-vertical_scenario,613,160,3,2,3,90,90,15,1,123070,WheelchairAgent(Clone),7,11,1.3,1.17,6.503906,2,False,2,1,0.5
2026-03-06_20.53.01,213,sign-optimization-horizontal-vertical_scenario,613,160,3,2,3,90,90,15,1,123071,WheelchairAgent(Clone),5,10,1.3,1.17,8.103516,1,False,2,0,0
2026-03-06_20.53.01,213,sign-optimization-horizontal-vertical_scenario,613,160,3,2,3,90,90,15,1,123072,WheelchairAgent(Clone),6,12,1.3,1.17,0,0,False,2,0,0
2026-03-06_20.53.01,213,sign-optimization-horizontal-vertical_scenario,613,160,3,2,3,90,90,15,1,123073,AdultFemaleAgent(Clone),10,12,1.58,1.45,0,0,False,3,0,0
2026-03-06_20.53.01,213,sign-optimization-horizontal-vertical_scenario,613,160,3,2,3,90,90,15,1,123074,WheelchairAgent(Clone),7,11,1.3,1.17,2.805664,1,False,2,1,0.5
2026-03-06_20.53.01,213,sign-optimization-horizontal-vertical_scenario,613,160,3,2,3,90,90,15,1,123075,AdultFemaleAgent(Clone),11,10,1.58,1.450001,2.34375,1,False,3,0,0
2026-03-06_20.53.01,213,sign-optimization-horizontal-vertical_scenario,613,160,3,2,3,90,90,15,1,123076,AdultMaleAgent(Clone),10,12,1.71,1.58,0,0,False,3,0,0
2026-03-06_20.53.01,213,sign-optimization-horizontal-vertical_scenario,613,160,3,2,3,90,90,15,1,123077,WheelchairAgent(Clone),11,10,1.3,1.17,7.135742,2,True,3,1,0.3333333
2026-03-06_20.53.01,213,sign-optimization-horizontal-vertical_scenario,613,160,3,2,3,90,90,15,1,123078,AdultFemaleAgent(Clone),7,11,1.58,1.450001,0.3476563,1,False,2,1,0.5
2026-03-06_20.53.01,213,sign-optimization-horizontal-vertical_scenario,613,160,3,2,3,90,90,15,1,123079,WheelchairAgent(Clone),7,11,1.3,1.17,0.5917969,2,False,2,1,0.5
2026-03-06_20.53.01,213,sign-optimization-horizontal-vertical_scenario,613,160,3,2,3,90,90,15,1,123080,AdultMaleAgent(Clone),11,10,1.71,1.58,7.511719,2,True,3,1,0.3333333
2026-03-06_20.53.01,213,sign-optimization-horizontal-vertical_scenario,613,160,3,2,3,90,90,15,1,123081,AdultFemaleAgent(Clone),10,12,1.58,1.45,0,0,False,3,0,0
2026-03-06_20.53.01,213,sign-optimization-horizontal-vertical_scenario,613,160,3,2,3,90,90,15,1,123082,AdultFemaleAgent(Clone),6,12,1.58,1.45,0,0,False,2,0,0
2026-03-06_20.53.01,213,sign-optimization-horizontal-vertical_scenario,613,160,3,2,3,90,90,15,1,123083,AdultMaleAgent(Clone),11,10,1.71,1.58,6.430664,2,True,3,1,0.3333333
2026-03-06_20.53.01,213,sign-optimization-horizontal-vertical_scenario,613,160,3,2,3,90,90,15,1,123084,WheelchairAgent(Clone),5,10,1.3,1.17,11.89063,1,False,2,1,0.5
2026-03-06_20.53.01,213,sign-optimization-horizontal-vertical_scenario,613,160,3,2,3,90,90,15,1,123085,AdultMaleAgent(Clone),11,10,1.71,1.58,6.59668,2,True,3,1,0.3333333
2026-03-06_20.53.01,213,sign-optimization-horizontal-vertical_scenario,613,160,3,2,3,90,90,15,1,123086,WheelchairAgent(Clone),5,10,1.3,1.17,10.46191,1,False,2,1,0.5
2026-03-06_20.53.01,213,sign-optimization-horizontal-vertical_scenario,613,160,3,2,3,90,90,15,1,123087,AdultFemaleAgent(Clone),6,12,1.58,1.45,0,0,False,2,0,0
2026-03-06_20.53.01,213,sign-optimization-horizontal-vertical_scenario,613,160,3,2,3,90,90,15,1,123088,WheelchairAgent(Clone),10,12,1.3,1.17,0,0,False,3,0,0
2026-03-06_20.53.01,213,sign-optimization-horizontal-vertical_scenario,613,160,3,2,3,90,90,15,1,123089,AdultFemaleAgent(Clone),6,12,1.58,1.45,0,0,False,2,0,0
2026-03-06_20.53.01,213,sign-optimization-horizontal-vertical_scenario,613,160,3,2,3,90,90,15,1,123090,WheelchairAgent(Clone),6,12,1.3,1.17,2.686523,1,False,2,0,0
2026-03-06_20.53.01,213,sign-optimization-horizontal-vertical_scenario,613,160,3,2,3,90,90,15,1,123091,AdultFemaleAgent(Clone),5,10,1.58,1.45,11.84668,1,True,2,1,0.5
2026-03-06_20.53.01,213,sign-optimization-horizontal-vertical_scenario,613,160,3,2,3,90,90,15,1,123092,WheelchairAgent(Clone),11,10,1.3,1.17,0.1611328,2,False,3,1,0.3333333
2026-03-06_20.53.01,213,sign-optimization-horizontal-vertical_scenario,613,160,3,2,3,90,90,15,1,123093,WheelchairAgent(Clone),11,10,1.3,1.17,5.84082,2,True,3,1,0.3333333
2026-03-06_20.53.01,213,sign-optimization-horizontal-vertical_scenario,613,160,3,2,3,90,90,15,1,123094,AdultMaleAgent(Clone),11,10,1.71,1.58,0.5683594,2,True,3,2,0.6666667
2026-03-06_20.53.01,213,sign-optimization-horizontal-vertical_scenario,613,160,3,2,3,90,90,15,1,123095,AdultMaleAgent(Clone),5,10,1.71,1.58,11.50195,1,False,2,1,0.5
2026-03-06_20.53.01,213,sign-optimization-horizontal-vertical_scenario,613,160,3,2,3,90,90,15,1,123096,WheelchairAgent(Clone),5,10,1.3,1.17,11.16797,1,False,2,1,0.5
2026-03-06_20.53.01,213,sign-optimization-horizontal-vertical_scenario,613,160,3,2,3,90,90,15,1,123097,AdultFemaleAgent(Clone),6,12,1.58,1.45,0,0,False,2,0,0
2026-03-06_20.53.01,213,sign-optimization-horizontal-vertical_scenario,613,160,3,2,3,90,90,15,1,123098,AdultMaleAgent(Clone),11,10,1.71,1.58,7.750977,2,True,3,1,0.3333333
2026-03-06_20.53.01,213,sign-optimization-horizontal-vertical_scenario,613,160,3,2,3,90,90,15,1,123099,AdultFemaleAgent(Clone),6,12,1.58,1.45,0,0,False,2,0,0
2026-03-06_20.53.01,213,sign-optimization-horizontal-vertical_scenario,613,160,3,2,3,90,90,15,1,123100,WheelchairAgent(Clone),10,12,1.3,1.17,7.928711,1,True,3,1,0.3333333
2026-03-06_20.53.01,213,sign-optimization-horizontal-vertical_scenario,613,160,3,2,3,90,90,15,1,123101,AdultMaleAgent(Clone),10,12,1.71,1.58,0,0,False,3,0,0
2026-03-06_20.53.01,213,sign-optimization-horizontal-vertical_scenario,613,160,3,2,3,90,90,15,1,123102,AdultFemaleAgent(Clone),5,10,1.58,1.45,10.78613,1,True,2,1,0.5
2026-03-06_20.53.01,213,sign-optimization-horizontal-vertical_scenario,613,160,3,2,3,90,90,15,1,123103,WheelchairAgent(Clone),10,12,1.3,1.17,0,0,False,3,0,0
2026-03-06_20.53.01,213,sign-optimization-horizontal-vertical_scenario,613,160,3,2,3,90,90,15,1,123104,WheelchairAgent(Clone),6,12,1.3,1.17,0,0,False,2,0,0
2026-03-06_20.53.01,213,sign-optimization-horizontal-vertical_scenario,613,160,3,2,3,90,90,15,1,123105,WheelchairAgent(Clone),11,10,1.3,1.17,12.46973,1,True,3,1,0.3333333
2026-03-06_20.53.01,213,sign-optimization-horizontal-vertical_scenario,613,160,3,2,3,90,90,15,1,123106,WheelchairAgent(Clone),5,10,1.3,1.17,12.25586,1,False,2,1,0.5
2026-03-06_20.53.01,213,sign-optimization-horizontal-vertical_scenario,613,160,3,2,3,90,90,15,1,123107,AdultMaleAgent(Clone),11,10,1.71,1.58,1.40625,2,True,3,1,0.3333333
2026-03-06_20.53.01,213,sign-optimization-horizontal-vertical_scenario,613,160,3,2,3,90,90,15,1,123108,AdultMaleAgent(Clone),10,12,1.71,1.58,0,0,False,3,0,0
2026-03-06_20.53.01,213,sign-optimization-horizontal-vertical_scenario,613,160,3,2,3,90,90,15,1,123109,AdultMaleAgent(Clone),5,10,1.71,1.58,12.62891,1,False,2,1,0.5
2026-03-06_20.53.01,213,sign-optimization-horizontal-vertical_scenario,613,160,3,2,3,90,90,15,1,123110,AdultFemaleAgent(Clone),5,10,1.58,1.45,8.551758,1,False,2,0,0
2026-03-06_20.53.01,213,sign-optimization-horizontal-vertical_scenario,613,160,3,2,3,90,90,15,1,123111,WheelchairAgent(Clone),7,11,1.3,1.17,0.7158203,2,False,2,1,0.5
2026-03-06_20.53.01,213,sign-optimization-horizontal-vertical_scenario,613,160,3,2,3,90,90,15,1,123112,AdultFemaleAgent(Clone),11,10,1.58,1.450001,13,1,True,3,2,0.6666667
2026-03-06_20.53.01,213,sign-optimization-horizontal-vertical_scenario,613,160,3,2,3,90,90,15,1,123113,AdultFemaleAgent(Clone),10,12,1.58,1.45,0,0,False,3,0,0
2026-03-06_20.53.01,213,sign-optimization-horizontal-vertical_scenario,613,160,3,2,3,90,90,15,1,123114,AdultMaleAgent(Clone),6,12,1.71,1.58,0,0,False,2,0,0
2026-03-06_20.53.01,213,sign-optimization-horizontal-vertical_scenario,613,160,3,2,3,90,90,15,1,123115,WheelchairAgent(Clone),10,12,1.3,1.17,0,0,False,3,0,0
2026-03-06_20.53.01,213,sign-optimization-horizontal-vertical_scenario,613,160,3,2,3,90,90,15,1,123116,AdultFemaleAgent(Clone),10,12,1.58,1.45,0.7373047,1,False,3,0,0
2026-03-06_20.53.01,213,sign-optimization-horizontal-vertical_scenario,613,160,3,2,3,90,90,15,1,123117,AdultFemaleAgent(Clone),5,10,1.58,1.45,12.82617,1,True,2,1,0.5
2026-03-06_20.53.01,213,sign-optimization-horizontal-vertical_scenario,613,160,3,2,3,90,90,15,1,123118,WheelchairAgent(Clone),11,10,1.3,1.17,8.055664,2,True,3,1,0.3333333
2026-03-06_20.53.01,213,sign-optimization-horizontal-vertical_scenario,613,160,3,2,3,90,90,15,1,123119,AdultMaleAgent(Clone),10,12,1.71,1.58,0,0,False,3,0,0
2026-03-06_20.53.01,213,sign-optimization-horizontal-vertical_scenario,613,160,3,2,3,90,90,15,1,123120,AdultMaleAgent(Clone),6,12,1.71,1.58,0,0,False,2,0,0
2026-03-06_20.53.01,213,sign-optimization-horizontal-vertical_scenario,613,160,3,2,3,90,90,15,1,123121,AdultMaleAgent(Clone),7,11,1.71,1.58,0.3691406,1,False,2,1,0.5
2026-03-06_20.53.01,213,sign-optimization-horizontal-vertical_scenario,613,160,3,2,3,90,90,15,1,123122,AdultMaleAgent(Clone),7,11,1.71,1.58,0,0,False,2,0,0
2026-03-06_20.53.01,213,sign-optimization-horizontal-vertical_scenario,613,160,3,2,3,90,90,15,1,123123,WheelchairAgent(Clone),5,10,1.3,1.17,11.85742,1,False,2,1,0.5
2026-03-06_20.53.01,213,sign-optimization-horizontal-vertical_scenario,613,160,3,2,3,90,90,15,1,123124,AdultFemaleAgent(Clone),5,10,1.58,1.45,9.651367,1,False,2,1,0.5
2026-03-06_20.53.01,213,sign-optimization-horizontal-vertical_scenario,613,160,3,2,3,90,90,15,1,123125,AdultFemaleAgent(Clone),10,12,1.58,1.45,0,0,False,3,0,0
2026-03-06_20.53.01,213,sign-optimization-horizontal-vertical_scenario,613,160,3,2,3,90,90,15,1,123126,AdultMaleAgent(Clone),7,11,1.71,1.58,3.369141,1,True,2,1,0.5
2026-03-06_20.53.01,213,sign-optimization-horizontal-vertical_scenario,613,160,3,2,3,90,90,15,1,123127,AdultFemaleAgent(Clone),6,12,1.58,1.45,3.396484,1,False,2,0,0
2026-03-06_20.53.01,213,sign-optimization-horizontal-vertical_scenario,613,160,3,2,3,90,90,15,1,123128,WheelchairAgent(Clone),7,11,1.3,1.17,0.9130859,1,False,2,1,0.5
2026-03-06_20.53.01,213,sign-optimization-horizontal-vertical_scenario,613,160,3,2,3,90,90,15,1,123129,WheelchairAgent(Clone),6,12,1.3,1.17,0,0,False,2,0,0
2026-03-06_20.53.01,213,sign-optimization-horizontal-vertical_scenario,613,160,3,2,3,90,90,15,1,123130,AdultMaleAgent(Clone),11,10,1.71,1.58,7.985352,2,True,3,1,0.3333333
2026-03-06_20.53.01,213,sign-optimization-horizontal-vertical_scenario,613,160,3,2,3,90,90,15,1,123131,WheelchairAgent(Clone),5,10,1.3,1.17,12.63867,1,False,2,1,0.5
2026-03-06_20.53.01,213,sign-optimization-horizontal-vertical_scenario,613,160,3,2,3,90,90,15,1,123132,AdultFemaleAgent(Clone),5,10,1.58,1.45,12.5918,1,False,2,1,0.5
2026-03-06_20.53.01,213,sign-optimization-horizontal-vertical_scenario,613,160,3,2,3,90,90,15,1,123133,WheelchairAgent(Clone),5,10,1.3,1.17,12.89648,1,False,2,1,0.5
2026-03-06_20.53.01,213,sign-optimization-horizontal-vertical_scenario,613,160,3,2,3,90,90,15,1,123134,AdultFemaleAgent(Clone),7,11,1.58,1.450001,4.232422,1,True,2,1,0.5
2026-03-06_20.53.01,213,sign-optimization-horizontal-vertical_scenario,613,160,3,2,3,90,90,15,1,123135,AdultFemaleAgent(Clone),5,10,1.58,1.45,9.020508,1,False,2,0,0
2026-03-06_20.53.01,213,sign-optimization-horizontal-vertical_scenario,613,160,3,2,3,90,90,15,1,123136,AdultMaleAgent(Clone),11,10,1.71,1.58,2.662109,1,True,3,2,0.6666667
2026-03-06_20.53.01,213,sign-optimization-horizontal-vertical_scenario,613,160,3,2,3,90,90,15,1,123137,AdultFemaleAgent(Clone),11,10,1.58,1.450001,8.023438,2,True,3,1,0.3333333
2026-03-06_20.53.01,213,sign-optimization-horizontal-vertical_scenario,613,160,3,2,3,90,90,15,1,123138,AdultFemaleAgent(Clone),7,11,1.58,1.450001,1.032227,1,False,2,1,0.5
2026-03-06_20.53.01,213,sign-optimization-horizontal-vertical_scenario,613,160,3,2,3,90,90,15,1,123139,AdultFemaleAgent(Clone),10,12,1.58,1.45,0,0,False,3,0,0
2026-03-06_20.53.01,213,sign-optimization-horizontal-vertical_scenario,613,160,3,2,3,90,90,15,1,123140,WheelchairAgent(Clone),6,12,1.3,1.17,0,0,False,2,0,0
2026-03-06_20.53.01,213,sign-optimization-horizontal-vertical_scenario,613,160,3,2,3,90,90,15,1,123141,WheelchairAgent(Clone),6,12,1.3,1.17,0,0,False,2,0,0
2026-03-06_20.53.01,213,sign-optimization-horizontal-vertical_scenario,613,160,3,2,3,90,90,15,1,123142,AdultMaleAgent(Clone),6,12,1.71,1.58,0,0,False,2,0,0
2026-03-06_20.53.01,213,sign-optimization-horizontal-vertical_scenario,613,160,3,2,3,90,90,15,1,123143,WheelchairAgent(Clone),5,10,1.3,1.17,12.05566,1,True,2,1,0.5
2026-03-06_20.53.01,213,sign-optimization-horizontal-vertical_scenario,613,160,3,2,3,90,90,15,1,123144,AdultFemaleAgent(Clone),11,10,1.58,1.450001,10.20703,2,True,3,2,0.6666667
2026-03-06_20.53.01,213,sign-optimization-horizontal-vertical_scenario,613,160,3,2,3,90,90,15,1,123145,AdultMaleAgent(Clone),10,12,1.71,1.58,0,0,False,3,0,0
2026-03-06_20.53.01,213,sign-optimization-horizontal-vertical_scenario,613,160,3,2,3,90,90,15,1,123146,WheelchairAgent(Clone),11,10,1.3,1.17,4.089844,1,True,3,1,0.3333333
2026-03-06_20.53.01,213,sign-optimization-horizontal-vertical_scenario,613,160,3,2,3,90,90,15,1,123147,AdultFemaleAgent(Clone),7,11,1.58,1.450001,2.845703,1,False,2,1,0.5
2026-03-06_20.53.01,213,sign-optimization-horizontal-vertical_scenario,613,160,3,2,3,90,90,15,1,123148,WheelchairAgent(Clone),7,11,1.3,1.17,0.2226563,1,False,2,1,0.5
2026-03-06_20.53.01,213,sign-optimization-horizontal-vertical_scenario,613,160,3,2,3,90,90,15,1,123149,AdultFemaleAgent(Clone),10,12,1.58,1.45,0,0,False,3,0,0
2026-03-06_20.53.01,213,sign-optimization-horizontal-vertical_scenario,613,160,3,2,3,90,90,15,1,123150,AdultMaleAgent(Clone),11,10,1.71,1.58,4.341797,1,True,3,1,0.3333333
2026-03-06_20.53.01,213,sign-optimization-horizontal-vertical_scenario,613,160,3,2,3,90,90,15,1,123151,WheelchairAgent(Clone),11,10,1.3,1.17,8.02832,2,True,3,2,0.6666667
2026-03-06_20.53.01,213,sign-optimization-horizontal-vertical_scenario,613,160,3,2,3,90,90,15,1,123152,AdultFemaleAgent(Clone),7,11,1.58,1.450001,4.838867,1,True,2,1,0.5
2026-03-06_20.53.01,213,sign-optimization-horizontal-vertical_scenario,613,160,3,2,3,90,90,15,1,123153,AdultFemaleAgent(Clone),11,10,1.58,1.450001,3.335938,1,True,3,1,0.3333333
2026-03-06_20.53.01,213,sign-optimization-horizontal-vertical_scenario,613,160,3,2,3,90,90,15,1,123154,AdultMaleAgent(Clone),6,12,1.71,1.58,0,0,False,2,0,0
2026-03-06_20.53.01,213,sign-optimization-horizontal-vertical_scenario,613,160,3,2,3,90,90,15,1,123155,AdultFemaleAgent(Clone),11,10,1.58,1.450001,2.810547,1,True,3,1,0.3333333
2026-03-06_20.53.01,213,sign-optimization-horizontal-vertical_scenario,613,160,3,2,3,90,90,15,1,123156,WheelchairAgent(Clone),10,12,1.3,1.17,0,0,False,3,0,0
2026-03-06_20.53.01,213,sign-optimization-horizontal-vertical_scenario,613,160,3,2,3,90,90,15,1,123157,WheelchairAgent(Clone),5,10,1.3,1.17,13.02539,1,False,2,1,0.5
2026-03-06_20.53.01,213,sign-optimization-horizontal-vertical_scenario,613,160,3,2,3,90,90,15,1,123158,AdultFemaleAgent(Clone),5,10,1.58,1.45,10.43066,1,False,2,1,0.5
2026-03-06_20.53.01,213,sign-optimization-horizontal-vertical_scenario,613,160,3,2,3,90,90,15,1,123159,AdultMaleAgent(Clone),5,10,1.71,1.58,12.61523,1,True,2,1,0.5
2026-03-06_20.53.01,213,sign-optimization-horizontal-vertical_scenario,613,160,3,2,3,90,90,15,1,123160,AdultMaleAgent(Clone),11,10,1.71,1.58,2.779297,1,True,3,2,0.6666667
2026-03-06_20.53.01,213,sign-optimization-horizontal-vertical_scenario,613,160,3,2,3,90,90,15,1,123161,AdultFemaleAgent(Clone),6,12,1.58,1.45,3.006836,1,False,2,0,0
2026-03-06_20.53.01,213,sign-optimization-horizontal-vertical_scenario,613,160,3,2,3,90,90,15,1,123162,AdultMaleAgent(Clone),6,12,1.71,1.58,1.103516,1,False,2,0,0
2026-03-06_20.53.01,213,sign-optimization-horizontal-vertical_scenario,613,160,3,2,3,90,90,15,1,123163,WheelchairAgent(Clone),7,11,1.3,1.17,0.6572266,1,False,2,1,0.5
2026-03-06_20.53.01,213,sign-optimization-horizontal-vertical_scenario,613,160,3,2,3,90,90,15,1,123164,WheelchairAgent(Clone),5,10,1.3,1.17,12.96387,1,False,2,1,0.5
2026-03-06_20.53.01,213,sign-optimization-horizontal-vertical_scenario,613,160,3,2,3,90,90,15,1,123165,AdultFemaleAgent(Clone),10,12,1.58,1.45,3.475586,1,True,3,1,0.3333333
2026-03-06_20.53.01,213,sign-optimization-horizontal-vertical_scenario,613,160,3,2,3,90,90,15,1,123166,AdultFemaleAgent(Clone),5,10,1.58,1.45,8.870117,1,False,2,0,0
2026-03-06_20.53.01,213,sign-optimization-horizontal-vertical_scenario,613,160,3,2,3,90,90,15,1,123167,AdultMaleAgent(Clone),6,12,1.71,1.58,0,0,False,2,0,0
2026-03-06_20.53.01,213,sign-optimization-horizontal-vertical_scenario,613,160,3,2,3,90,90,15,1,123168,WheelchairAgent(Clone),5,10,1.3,1.17,12.83301,1,True,2,1,0.5
2026-03-06_20.53.01,213,sign-optimization-horizontal-vertical_scenario,613,160,3,2,3,90,90,15,1,123169,AdultFemaleAgent(Clone),7,11,1.58,1.450001,2.868164,1,False,2,1,0.5
2026-03-06_20.53.01,213,sign-optimization-horizontal-vertical_scenario,613,160,3,2,3,90,90,15,1,123170,WheelchairAgent(Clone),6,12,1.3,1.17,0,0,False,2,0,0
2026-03-06_20.53.01,213,sign-optimization-horizontal-vertical_scenario,613,160,3,2,3,90,90,15,1,123171,AdultFemaleAgent(Clone),7,11,1.58,1.450001,1.231445,1,False,2,1,0.5
2026-03-06_20.53.01,213,sign-optimization-horizontal-vertical_scenario,613,160,3,2,3,90,90,15,1,123172,AdultMaleAgent(Clone),11,10,1.71,1.58,4.067383,1,True,3,1,0.3333333
2026-03-06_20.53.01,213,sign-optimization-horizontal-vertical_scenario,613,160,3,2,3,90,90,15,1,123173,AdultFemaleAgent(Clone),10,12,1.58,1.45,0,0,False,3,0,0
2026-03-06_20.53.01,213,sign-optimization-horizontal-vertical_scenario,613,160,3,2,3,90,90,15,1,123174,WheelchairAgent(Clone),5,10,1.3,1.17,10.5166,1,False,2,0,0
2026-03-06_20.53.01,213,sign-optimization-horizontal-vertical_scenario,613,160,3,2,3,90,90,15,1,123175,AdultFemaleAgent(Clone),10,12,1.58,1.45,0,0,False,3,0,0
2026-03-06_20.53.01,213,sign-optimization-horizontal-vertical_scenario,613,160,3,2,3,90,90,15,1,123176,AdultFemaleAgent(Clone),11,10,1.58,1.450001,4.625977,1,True,3,2,0.6666667
2026-03-06_20.53.01,213,sign-optimization-horizontal-vertical_scenario,613,160,3,2,3,90,90,15,1,123177,AdultFemaleAgent(Clone),7,11,1.58,1.450001,0,0,False,2,0,0
2026-03-06_20.53.01,213,sign-optimization-horizontal-vertical_scenario,613,160,3,2,3,90,90,15,1,123178,AdultFemaleAgent(Clone),6,12,1.58,1.45,3.59082,1,False,2,0,0
2026-03-06_20.53.01,213,sign-optimization-horizontal-vertical_scenario,613,160,3,2,3,90,90,15,1,123179,AdultFemaleAgent(Clone),5,10,1.58,1.45,10.02734,1,False,2,1,0.5
2026-03-06_20.53.01,213,sign-optimization-horizontal-vertical_scenario,613,160,3,2,3,90,90,15,1,123180,WheelchairAgent(Clone),11,10,1.3,1.17,10.0459,1,True,3,1,0.3333333
2026-03-06_20.53.01,213,sign-optimization-horizontal-vertical_scenario,613,160,3,2,3,90,90,15,1,123181,AdultFemaleAgent(Clone),5,10,1.58,1.45,12.33105,1,True,2,1,0.5
2026-03-06_20.53.01,213,sign-optimization-horizontal-vertical_scenario,613,160,3,2,3,90,90,15,1,123182,AdultFemaleAgent(Clone),6,12,1.58,1.45,0,0,False,2,0,0
2026-03-06_20.53.01,213,sign-optimization-horizontal-vertical_scenario,613,160,3,2,3,90,90,15,1,123183,AdultFemaleAgent(Clone),6,12,1.58,1.45,0,0,False,2,0,0
2026-03-06_20.53.01,213,sign-optimization-horizontal-vertical_scenario,613,160,3,2,3,90,90,15,1,123184,AdultMaleAgent(Clone),7,11,1.71,1.58,2.076172,1,False,2,1,0.5
2026-03-06_20.53.01,213,sign-optimization-horizontal-vertical_scenario,613,160,3,2,3,90,90,15,1,123185,WheelchairAgent(Clone),7,11,1.3,1.17,2.850586,1,False,2,1,0.5
2026-03-06_20.53.01,213,sign-optimization-horizontal-vertical_scenario,613,160,3,2,3,90,90,15,1,123186,WheelchairAgent(Clone),5,10,1.3,1.17,12.64844,1,True,2,1,0.5
2026-03-06_20.53.01,213,sign-optimization-horizontal-vertical_scenario,613,160,3,2,3,90,90,15,1,123187,WheelchairAgent(Clone),10,12,1.3,1.17,0,0,False,3,0,0
2026-03-06_20.53.01,213,sign-optimization-horizontal-vertical_scenario,613,160,3,2,3,90,90,15,1,123188,AdultFemaleAgent(Clone),5,10,1.58,1.45,11.06641,1,True,2,1,0.5
2026-03-06_20.53.01,213,sign-optimization-horizontal-vertical_scenario,613,160,3,2,3,90,90,15,1,123189,WheelchairAgent(Clone),7,11,1.3,1.17,0.8310547,1,False,2,0,0
2026-03-06_20.53.01,213,sign-optimization-horizontal-vertical_scenario,613,160,3,2,3,90,90,15,1,123190,WheelchairAgent(Clone),6,12,1.3,1.17,0,0,False,2,0,0
2026-03-06_20.53.01,213,sign-optimization-horizontal-vertical_scenario,613,160,3,2,3,90,90,15,1,123191,AdultFemaleAgent(Clone),7,11,1.58,1.450001,0,0,False,2,0,0
2026-03-06_20.53.01,213,sign-optimization-horizontal-vertical_scenario,613,160,3,2,3,90,90,15,1,123192,WheelchairAgent(Clone),7,11,1.3,1.17,0,0,False,2,0,0
2026-03-06_20.53.01,213,sign-optimization-horizontal-vertical_scenario,613,160,3,2,3,90,90,15,1,123193,AdultMaleAgent(Clone),11,10,1.71,1.58,10.86914,1,True,3,1,0.3333333
2026-03-06_20.53.01,213,sign-optimization-horizontal-vertical_scenario,613,160,3,2,3,90,90,15,1,123194,WheelchairAgent(Clone),10,12,1.3,1.17,0,0,False,3,0,0
2026-03-06_20.53.01,213,sign-optimization-horizontal-vertical_scenario,613,160,3,2,3,90,90,15,1,123195,AdultFemaleAgent(Clone),5,10,1.58,1.45,12.40234,1,True,2,1,0.5
2026-03-06_20.53.01,213,sign-optimization-horizontal-vertical_scenario,613,160,3,2,3,90,90,15,1,123196,AdultFemaleAgent(Clone),11,10,1.58,1.450001,11.0791,1,True,3,1,0.3333333
2026-03-06_20.53.01,213,sign-optimization-horizontal-vertical_scenario,613,160,3,2,3,90,90,15,1,123197,AdultMaleAgent(Clone),11,10,1.71,1.58,12.22852,1,True,3,1,0.3333333
2026-03-06_20.53.01,213,sign-optimization-horizontal-vertical_scenario,613,160,3,2,3,90,90,15,1,123198,WheelchairAgent(Clone),5,10,1.3,1.17,10.65039,1,True,2,1,0.5
2026-03-06_20.53.01,213,sign-optimization-horizontal-vertical_scenario,613,160,3,2,3,90,90,15,1,123199,WheelchairAgent(Clone),6,12,1.3,1.17,0,0,False,2,0,0
2026-03-06_20.53.01,213,sign-optimization-horizontal-vertical_scenario,613,160,3,2,3,90,90,15,1,123200,WheelchairAgent(Clone),7,11,1.3,1.17,0.375,1,False,2,1,0.5
2026-03-06_20.53.01,213,sign-optimization-horizontal-vertical_scenario,613,160,3,2,3,90,90,15,1,123201,WheelchairAgent(Clone),6,12,1.3,1.17,0,0,False,2,0,0
2026-03-06_20.53.01,213,sign-optimization-horizontal-vertical_scenario,613,160,3,2,3,90,90,15,1,123202,WheelchairAgent(Clone),7,11,1.3,1.17,0.4902344,1,False,2,1,0.5
2026-03-06_20.53.01,213,sign-optimization-horizontal-vertical_scenario,613,160,3,2,3,90,90,15,1,123203,AdultMaleAgent(Clone),11,10,1.71,1.58,10.93652,1,True,3,2,0.6666667
2026-03-06_20.53.01,213,sign-optimization-horizontal-vertical_scenario,613,160,3,2,3,90,90,15,1,123204,AdultMaleAgent(Clone),5,10,1.71,1.58,0,0,True,2,1,0.5
2026-03-06_20.53.01,213,sign-optimization-horizontal-vertical_scenario,613,160,3,2,3,90,90,15,1,123205,AdultMaleAgent(Clone),11,10,1.71,1.58,5.051758,1,True,3,2,0.6666667
2026-03-06_20.53.01,213,sign-optimization-horizontal-vertical_scenario,613,160,3,2,3,90,90,15,1,123206,AdultFemaleAgent(Clone),5,10,1.58,1.45,0,0,False,2,1,0.5
2026-03-06_20.53.01,213,sign-optimization-horizontal-vertical_scenario,613,160,3,2,3,90,90,15,1,123207,WheelchairAgent(Clone),10,12,1.3,1.17,0,0,False,3,0,0
2026-03-06_20.53.01,213,sign-optimization-horizontal-vertical_scenario,613,160,3,2,3,90,90,15,1,123208,AdultMaleAgent(Clone),11,10,1.71,1.58,0.1708984,2,True,3,1,0.3333333
2026-03-06_20.53.01,213,sign-optimization-horizontal-vertical_scenario,613,160,3,2,3,90,90,15,1,123209,AdultMaleAgent(Clone),11,10,1.71,1.58,4.138672,1,True,3,1,0.3333333
2026-03-06_20.53.01,213,sign-optimization-horizontal-vertical_scenario,613,160,3,2,3,90,90,15,1,123210,AdultMaleAgent(Clone),10,12,1.71,1.58,0,0,False,3,0,0
2026-03-06_20.53.01,213,sign-optimization-horizontal-vertical_scenario,613,160,3,2,3,90,90,15,1,123211,AdultMaleAgent(Clone),6,12,1.71,1.58,0.90625,1,False,2,0,0
2026-03-06_20.53.01,213,sign-optimization-horizontal-vertical_scenario,613,160,3,2,3,90,90,15,1,123212,AdultFemaleAgent(Clone),7,11,1.58,1.450001,5.041016,1,True,2,1,0.5
2026-03-06_20.53.01,213,sign-optimization-horizontal-vertical_scenario,613,160,3,2,3,90,90,15,1,123213,WheelchairAgent(Clone),11,10,1.3,1.17,4.008789,1,True,3,1,0.3333333
2026-03-06_20.53.01,213,sign-optimization-horizontal-vertical_scenario,613,160,3,2,3,90,90,15,1,123214,AdultMaleAgent(Clone),10,12,1.71,1.58,0,0,False,3,0,0
2026-03-06_20.53.01,213,sign-optimization-horizontal-vertical_scenario,613,160,3,2,3,90,90,15,1,123215,WheelchairAgent(Clone),6,12,1.3,1.17,0,0,False,2,0,0
2026-03-06_20.53.01,213,sign-optimization-horizontal-vertical_scenario,613,160,3,2,3,90,90,15,1,123216,AdultMaleAgent(Clone),10,12,1.71,1.58,1.443359,1,False,3,0,0
2026-03-06_20.53.01,213,sign-optimization-horizontal-vertical_scenario,613,160,3,2,3,90,90,15,1,123217,AdultMaleAgent(Clone),10,12,1.71,1.58,0,0,False,3,0,0
2026-03-06_20.53.01,213,sign-optimization-horizontal-vertical_scenario,613,160,3,2,3,90,90,15,1,123218,WheelchairAgent(Clone),10,12,1.3,1.17,0,0,False,3,0,0
2026-03-06_20.53.01,213,sign-optimization-horizontal-vertical_scenario,613,160,3,2,3,90,90,15,1,123219,AdultFemaleAgent(Clone),5,10,1.58,1.45,0,0,True,2,1,0.5
2026-03-06_20.53.01,213,sign-optimization-horizontal-vertical_scenario,613,160,3,2,3,90,90,15,1,123220,WheelchairAgent(Clone),6,12,1.3,1.17,3.267578,1,False,2,0,0
2026-03-06_20.53.01,213,sign-optimization-horizontal-vertical_scenario,613,160,3,2,3,90,90,15,1,123221,AdultMaleAgent(Clone),6,12,1.71,1.58,0,0,False,2,0,0
2026-03-06_20.53.01,213,sign-optimization-horizontal-vertical_scenario,613,160,3,2,3,90,90,15,1,123222,AdultMaleAgent(Clone),5,10,1.71,1.58,12.47461,1,False,2,1,0.5
2026-03-06_20.53.01,213,sign-optimization-horizontal-vertical_scenario,613,160,3,2,3,90,90,15,1,123223,AdultMaleAgent(Clone),11,10,1.71,1.58,2.972656,1,False,3,2,0.6666667
2026-03-06_20.53.01,213,sign-optimization-horizontal-vertical_scenario,613,160,3,2,3,90,90,15,1,123224,AdultMaleAgent(Clone),7,11,1.71,1.58,3.235352,1,True,2,1,0.5
2026-03-06_20.53.01,213,sign-optimization-horizontal-vertical_scenario,613,160,3,2,3,90,90,15,1,123225,AdultMaleAgent(Clone),10,12,1.71,1.58,0,0,False,3,0,0
2026-03-06_20.53.01,213,sign-optimization-horizontal-vertical_scenario,613,160,3,2,3,90,90,15,1,123226,WheelchairAgent(Clone),7,11,1.3,1.17,1.564453,1,False,2,1,0.5
2026-03-06_20.53.01,213,sign-optimization-horizontal-vertical_scenario,613,160,3,2,3,90,90,15,1,123227,AdultFemaleAgent(Clone),11,10,1.58,1.450001,4.085938,1,False,3,1,0.3333333
2026-03-06_20.53.01,213,sign-optimization-horizontal-vertical_scenario,613,160,3,2,3,90,90,15,1,123228,WheelchairAgent(Clone),5,10,1.3,1.17,0,0,False,2,1,0.5
2026-03-06_20.53.01,213,sign-optimization-horizontal-vertical_scenario,613,160,3,2,3,90,90,15,1,123229,WheelchairAgent(Clone),10,12,1.3,1.17,0,0,False,3,0,0
2026-03-06_20.53.01,213,sign-optimization-horizontal-vertical_scenario,613,160,3,2,3,90,90,15,1,123230,AdultFemaleAgent(Clone),5,10,1.58,1.45,0,0,False,2,0,0
2026-03-06_20.53.01,213,sign-optimization-horizontal-vertical_scenario,613,160,3,2,3,90,90,15,1,123231,AdultFemaleAgent(Clone),5,10,1.58,1.45,12.58789,1,False,2,1,0.5
2026-03-06_20.53.01,213,sign-optimization-horizontal-vertical_scenario,613,160,3,2,3,90,90,15,1,123232,AdultMaleAgent(Clone),11,10,1.71,1.58,4.695313,1,True,3,1,0.3333333
2026-03-06_20.53.01,213,sign-optimization-horizontal-vertical_scenario,613,160,3,2,3,90,90,15,1,123233,AdultMaleAgent(Clone),7,11,1.71,1.58,1.96582,1,False,2,1,0.5
2026-03-06_20.53.01,213,sign-optimization-horizontal-vertical_scenario,613,160,3,2,3,90,90,15,1,123234,WheelchairAgent(Clone),7,11,1.3,1.17,0,0,False,2,0,0
2026-03-06_20.53.01,213,sign-optimization-horizontal-vertical_scenario,613,160,3,2,3,90,90,15,1,123235,AdultFemaleAgent(Clone),6,12,1.58,1.45,0,0,False,2,0,0
2026-03-06_20.53.01,213,sign-optimization-horizontal-vertical_scenario,613,160,3,2,3,90,90,15,1,123236,AdultFemaleAgent(Clone),7,11,1.58,1.450001,0.9667969,1,False,2,1,0.5
2026-03-06_20.53.01,213,sign-optimization-horizontal-vertical_scenario,613,160,3,2,3,90,90,15,1,123237,AdultFemaleAgent(Clone),10,12,1.58,1.45,0,0,False,3,0,0
2026-03-06_20.53.01,213,sign-optimization-horizontal-vertical_scenario,613,160,3,2,3,90,90,15,1,123238,AdultMaleAgent(Clone),5,10,1.71,1.58,0,0,True,2,1,0.5
2026-03-06_20.53.01,213,sign-optimization-horizontal-vertical_scenario,613,160,3,2,3,90,90,15,1,123239,AdultMaleAgent(Clone),11,10,1.71,1.58,4.137695,1,True,3,1,0.3333333
2026-03-06_20.53.01,213,sign-optimization-horizontal-vertical_scenario,613,160,3,2,3,90,90,15,1,123240,AdultFemaleAgent(Clone),7,11,1.58,1.450001,0.7216797,1,False,2,1,0.5
2026-03-06_20.53.01,213,sign-optimization-horizontal-vertical_scenario,613,160,3,2,3,90,90,15,1,123241,AdultFemaleAgent(Clone),11,10,1.58,1.450001,3.588867,1,True,3,1,0.3333333
2026-03-06_20.53.01,213,sign-optimization-horizontal-vertical_scenario,613,160,3,2,3,90,90,15,1,123242,AdultFemaleAgent(Clone),11,10,1.58,1.450001,2.911133,1,False,3,1,0.3333333
2026-03-06_20.53.01,213,sign-optimization-horizontal-vertical_scenario,613,160,3,2,3,90,90,15,1,123243,WheelchairAgent(Clone),6,12,1.3,1.17,3.347656,1,False,2,0,0
2026-03-06_20.53.01,213,sign-optimization-horizontal-vertical_scenario,613,160,3,2,3,90,90,15,1,123244,AdultFemaleAgent(Clone),11,10,1.58,1.450001,0.6845703,2,True,3,1,0.3333333
2026-03-06_20.53.01,213,sign-optimization-horizontal-vertical_scenario,613,160,3,2,3,90,90,15,1,123245,WheelchairAgent(Clone),6,12,1.3,1.17,0,0,False,2,0,0
2026-03-06_20.53.01,213,sign-optimization-horizontal-vertical_scenario,613,160,3,2,3,90,90,15,1,123246,AdultMaleAgent(Clone),6,12,1.71,1.58,0,0,False,2,0,0
2026-03-06_20.53.01,213,sign-optimization-horizontal-vertical_scenario,613,160,3,2,3,90,90,15,1,123247,WheelchairAgent(Clone),5,10,1.3,1.17,0,0,False,2,1,0.5
2026-03-06_20.53.01,213,sign-optimization-horizontal-vertical_scenario,613,160,3,2,3,90,90,15,1,123248,AdultMaleAgent(Clone),6,12,1.71,1.58,0.6894531,1,False,2,0,0
2026-03-06_20.53.01,213,sign-optimization-horizontal-vertical_scenario,613,160,3,2,3,90,90,15,1,123249,AdultFemaleAgent(Clone),11,10,1.58,1.450001,0.9111328,2,True,3,1,0.3333333
2026-03-06_20.53.01,213,sign-optimization-horizontal-vertical_scenario,613,160,3,2,3,90,90,15,1,123250,AdultMaleAgent(Clone),10,12,1.71,1.58,0,0,False,3,0,0
2026-03-06_20.53.01,213,sign-optimization-horizontal-vertical_scenario,613,160,3,2,3,90,90,15,1,123251,WheelchairAgent(Clone),6,12,1.3,1.17,0,0,False,2,0,0
2026-03-06_20.53.01,213,sign-optimization-horizontal-vertical_scenario,613,160,3,2,3,90,90,15,1,123252,WheelchairAgent(Clone),5,10,1.3,1.17,0,0,True,2,1,0.5
2026-03-06_20.53.01,213,sign-optimization-horizontal-vertical_scenario,613,160,3,2,3,90,90,15,1,123253,AdultMaleAgent(Clone),7,11,1.71,1.58,1.445313,1,False,2,1,0.5
2026-03-06_20.53.01,213,sign-optimization-horizontal-vertical_scenario,613,160,3,2,3,90,90,15,1,123254,WheelchairAgent(Clone),7,11,1.3,1.17,2.791016,1,False,2,1,0.5
2026-03-06_20.53.01,213,sign-optimization-horizontal-vertical_scenario,613,160,3,2,3,90,90,15,1,123255,WheelchairAgent(Clone),6,12,1.3,1.17,2.605469,1,False,2,0,0
2026-03-06_20.53.01,213,sign-optimization-horizontal-vertical_scenario,613,160,3,2,3,90,90,15,1,123256,AdultMaleAgent(Clone),7,11,1.71,1.58,1.725586,1,False,2,1,0.5
2026-03-06_20.53.01,213,sign-optimization-horizontal-vertical_scenario,613,160,3,2,3,90,90,15,1,123257,AdultMaleAgent(Clone),7,11,1.71,1.58,0,0,False,2,0,0
2026-03-06_20.53.01,213,sign-optimization-horizontal-vertical_scenario,613,160,3,2,3,90,90,15,1,123258,AdultFemaleAgent(Clone),5,10,1.58,1.45,0,0,False,2,1,0.5
2026-03-06_20.53.01,213,sign-optimization-horizontal-vertical_scenario,613,160,3,2,3,90,90,15,1,123259,AdultMaleAgent(Clone),6,12,1.71,1.58,3.667969,1,False,2,0,0
2026-03-06_20.53.01,213,sign-optimization-horizontal-vertical_scenario,613,160,3,2,3,90,90,15,1,123260,AdultMaleAgent(Clone),7,11,1.71,1.58,2.488281,1,False,2,1,0.5
2026-03-06_20.53.01,213,sign-optimization-horizontal-vertical_scenario,613,160,3,2,3,90,90,15,1,123261,AdultMaleAgent(Clone),11,10,1.71,1.58,1.931641,2,True,3,2,0.6666667
2026-03-06_20.53.01,213,sign-optimization-horizontal-vertical_scenario,613,160,3,2,3,90,90,15,1,123262,WheelchairAgent(Clone),11,10,1.3,1.17,3.193359,1,True,3,2,0.6666667
2026-03-06_20.53.01,213,sign-optimization-horizontal-vertical_scenario,613,160,3,2,3,90,90,15,1,123263,AdultFemaleAgent(Clone),5,10,1.58,1.45,0,0,False,2,0,0
2026-03-06_20.53.01,213,sign-optimization-horizontal-vertical_scenario,613,160,3,2,3,90,90,15,1,123264,AdultMaleAgent(Clone),11,10,1.71,1.58,3.301758,1,True,3,2,0.6666667
2026-03-06_20.53.01,213,sign-optimization-horizontal-vertical_scenario,613,160,3,2,3,90,90,15,1,123265,WheelchairAgent(Clone),10,12,1.3,1.17,0,0,False,3,0,0
2026-03-06_20.53.01,213,sign-optimization-horizontal-vertical_scenario,613,160,3,2,3,90,90,15,1,123266,WheelchairAgent(Clone),6,12,1.3,1.17,3.771484,1,False,2,0,0
2026-03-06_20.53.01,213,sign-optimization-horizontal-vertical_scenario,613,160,3,2,3,90,90,15,1,123267,AdultMaleAgent(Clone),6,12,1.71,1.58,0,0,False,2,0,0
2026-03-06_20.53.01,213,sign-optimization-horizontal-vertical_scenario,613,160,3,2,3,90,90,15,1,123268,AdultMaleAgent(Clone),11,10,1.71,1.58,3.844727,1,True,3,1,0.3333333
2026-03-06_20.53.01,213,sign-optimization-horizontal-vertical_scenario,613,160,3,2,3,90,90,15,1,123269,AdultMaleAgent(Clone),11,10,1.71,1.58,4.805664,1,True,3,1,0.3333333
2026-03-06_20.53.01,213,sign-optimization-horizontal-vertical_scenario,613,160,3,2,3,90,90,15,1,123270,WheelchairAgent(Clone),6,12,1.3,1.17,0,0,False,2,0,0
2026-03-06_20.53.01,213,sign-optimization-horizontal-vertical_scenario,613,160,3,2,3,90,90,15,1,123271,AdultMaleAgent(Clone),10,12,1.71,1.58,0,0,False,3,0,0
2026-03-06_20.53.01,213,sign-optimization-horizontal-vertical_scenario,613,160,3,2,3,90,90,15,1,123272,WheelchairAgent(Clone),7,11,1.3,1.17,0.08789063,1,False,2,1,0.5
2026-03-06_20.53.01,213,sign-optimization-horizontal-vertical_scenario,613,160,3,2,3,90,90,15,1,123273,WheelchairAgent(Clone),7,11,1.3,1.17,3.480469,1,False,2,1,0.5
2026-03-06_20.53.01,213,sign-optimization-horizontal-vertical_scenario,613,160,3,2,3,90,90,15,1,123274,WheelchairAgent(Clone),11,10,1.3,1.17,0,0,True,3,2,0.6666667
2026-03-06_20.53.01,213,sign-optimization-horizontal-vertical_scenario,613,160,3,2,3,90,90,15,1,123275,AdultMaleAgent(Clone),5,10,1.71,1.58,0,0,False,2,1,0.5
2026-03-06_20.53.01,213,sign-optimization-horizontal-vertical_scenario,613,160,3,2,3,90,90,15,1,123276,AdultMaleAgent(Clone),7,11,1.71,1.58,1.486328,1,False,2,1,0.5
2026-03-06_20.53.01,213,sign-optimization-horizontal-vertical_scenario,613,160,3,2,3,90,90,15,1,123277,AdultFemaleAgent(Clone),11,10,1.58,1.450001,2.176758,2,True,3,1,0.3333333
2026-03-06_20.53.01,213,sign-optimization-horizontal-vertical_scenario,613,160,3,2,3,90,90,15,1,123278,AdultMaleAgent(Clone),6,12,1.71,1.58,0,0,False,2,0,0
2026-03-06_20.53.01,213,sign-optimization-horizontal-vertical_scenario,613,160,3,2,3,90,90,15,1,123279,AdultMaleAgent(Clone),10,12,1.71,1.58,0,0,False,3,0,0
2026-03-06_20.53.01,213,sign-optimization-horizontal-vertical_scenario,613,160,3,2,3,90,90,15,1,123280,AdultFemaleAgent(Clone),6,12,1.58,1.45,0,0,False,2,0,0
2026-03-06_20.53.01,213,sign-optimization-horizontal-vertical_scenario,613,160,3,2,3,90,90,15,1,123281,AdultFemaleAgent(Clone),7,11,1.58,1.450001,0,0,False,2,0,0
2026-03-06_20.53.01,213,sign-optimization-horizontal-vertical_scenario,613,160,3,2,3,90,90,15,1,123282,AdultFemaleAgent(Clone),5,10,1.58,1.45,0,0,False,2,1,0.5
2026-03-06_20.53.01,213,sign-optimization-horizontal-vertical_scenario,613,160,3,2,3,90,90,15,1,123283,WheelchairAgent(Clone),11,10,1.3,1.17,4.980469,1,False,3,2,0.6666667
2026-03-06_20.53.01,213,sign-optimization-horizontal-vertical_scenario,613,160,3,2,3,90,90,15,1,123284,WheelchairAgent(Clone),5,10,1.3,1.17,0,0,False,2,1,0.5
2026-03-06_20.53.01,213,sign-optimization-horizontal-vertical_scenario,613,160,3,2,3,90,90,15,1,123285,WheelchairAgent(Clone),5,10,1.3,1.17,0,0,False,2,1,0.5
2026-03-06_20.53.01,213,sign-optimization-horizontal-vertical_scenario,613,160,3,2,3,90,90,15,1,123286,AdultMaleAgent(Clone),6,12,1.71,1.58,0,0,False,2,0,0
2026-03-06_20.53.01,213,sign-optimization-horizontal-vertical_scenario,613,160,3,2,3,90,90,15,1,123287,AdultMaleAgent(Clone),7,11,1.71,1.58,2.539063,1,False,2,1,0.5
2026-03-06_20.53.01,213,sign-optimization-horizontal-vertical_scenario,613,160,3,2,3,90,90,15,1,123288,AdultMaleAgent(Clone),10,12,1.71,1.58,0,0,False,3,0,0
2026-03-06_20.53.01,213,sign-optimization-horizontal-vertical_scenario,613,160,3,2,3,90,90,15,1,123289,WheelchairAgent(Clone),11,10,1.3,1.17,4.623047,1,True,3,1,0.3333333
2026-03-06_20.53.01,213,sign-optimization-horizontal-vertical_scenario,613,160,3,2,3,90,90,15,1,123290,WheelchairAgent(Clone),10,12,1.3,1.17,0,0,False,3,0,0
2026-03-06_20.53.01,213,sign-optimization-horizontal-vertical_scenario,613,160,3,2,3,90,90,15,1,123291,AdultFemaleAgent(Clone),6,12,1.58,1.45,0,0,False,2,0,0
2026-03-06_20.53.01,213,sign-optimization-horizontal-vertical_scenario,613,160,3,2,3,90,90,15,1,123292,AdultMaleAgent(Clone),6,12,1.71,1.58,0,0,False,2,0,0
2026-03-06_20.53.01,213,sign-optimization-horizontal-vertical_scenario,613,160,3,2,3,90,90,15,1,123293,AdultMaleAgent(Clone),10,12,1.71,1.58,0,0,False,3,0,0
2026-03-06_20.53.01,213,sign-optimization-horizontal-vertical_scenario,613,160,3,2,3,90,90,15,1,123294,AdultMaleAgent(Clone),11,10,1.71,1.58,0.2636719,2,True,3,1,0.3333333
2026-03-06_20.53.01,213,sign-optimization-horizontal-vertical_scenario,613,160,3,2,3,90,90,15,1,123295,AdultMaleAgent(Clone),11,10,1.71,1.58,3.425781,1,True,3,2,0.6666667
2026-03-06_20.53.01,213,sign-optimization-horizontal-vertical_scenario,613,160,3,2,3,90,90,15,1,123296,AdultMaleAgent(Clone),10,12,1.71,1.58,0,0,False,3,0,0
2026-03-06_20.53.01,213,sign-optimization-horizontal-vertical_scenario,613,160,3,2,3,90,90,15,1,123297,WheelchairAgent(Clone),11,10,1.3,1.17,0.828125,2,True,3,1,0.3333333
2026-03-06_20.53.01,213,sign-optimization-horizontal-vertical_scenario,613,160,3,2,3,90,90,15,1,123298,AdultFemaleAgent(Clone),10,12,1.58,1.45,0,0,False,3,0,0
2026-03-06_20.53.01,213,sign-optimization-horizontal-vertical_scenario,613,160,3,2,3,90,90,15,1,123299,AdultMaleAgent(Clone),6,12,1.71,1.58,0,0,False,2,0,0
2026-03-06_20.53.01,213,sign-optimization-horizontal-vertical_scenario,613,160,3,2,3,90,90,15,1,123300,AdultFemaleAgent(Clone),6,12,1.58,1.45,0,0,False,2,0,0
2026-03-06_20.53.01,213,sign-optimization-horizontal-vertical_scenario,613,160,3,2,3,90,90,15,1,123301,AdultFemaleAgent(Clone),11,10,1.58,1.450001,4.493164,1,True,3,2,0.6666667
2026-03-06_20.53.01,213,sign-optimization-horizontal-vertical_scenario,613,160,3,2,3,90,90,15,1,123302,WheelchairAgent(Clone),7,11,1.3,1.17,0,0,False,2,0,0
2026-03-06_20.53.01,213,sign-optimization-horizontal-vertical_scenario,613,160,3,2,3,90,90,15,1,123303,AdultMaleAgent(Clone),10,12,1.71,1.58,0,0,False,3,0,0
2026-03-06_20.53.01,213,sign-optimization-horizontal-vertical_scenario,613,160,3,2,3,90,90,15,1,123304,WheelchairAgent(Clone),7,11,1.3,1.17,0.2412109,1,False,2,0,0
2026-03-06_20.53.01,213,sign-optimization-horizontal-vertical_scenario,613,160,3,2,3,90,90,15,1,123305,AdultMaleAgent(Clone),11,10,1.71,1.58,4.212891,1,True,3,1,0.3333333
2026-03-06_20.53.01,213,sign-optimization-horizontal-vertical_scenario,613,160,3,2,3,90,90,15,1,123306,AdultMaleAgent(Clone),11,10,1.71,1.58,1.338867,2,True,3,1,0.3333333
2026-03-06_20.53.01,213,sign-optimization-horizontal-vertical_scenario,613,160,3,2,3,90,90,15,1,123307,AdultMaleAgent(Clone),11,10,1.71,1.58,3.493164,1,True,3,1,0.3333333
2026-03-06_20.53.01,213,sign-optimization-horizontal-vertical_scenario,613,160,3,2,3,90,90,15,1,123308,AdultFemaleAgent(Clone),7,11,1.58,1.450001,0.1171875,1,False,2,1,0.5
2026-03-06_20.53.01,213,sign-optimization-horizontal-vertical_scenario,613,160,3,2,3,90,90,15,1,123309,AdultMaleAgent(Clone),5,10,1.71,1.58,0,0,True,2,1,0.5
2026-03-06_20.53.01,213,sign-optimization-horizontal-vertical_scenario,613,160,3,2,3,90,90,15,1,123310,AdultMaleAgent(Clone),11,10,1.71,1.58,4.344727,1,True,3,1,0.3333333
2026-03-06_20.53.01,213,sign-optimization-horizontal-vertical_scenario,613,160,3,2,3,90,90,15,1,123311,AdultFemaleAgent(Clone),11,10,1.58,1.450001,4.492188,1,True,3,1,0.3333333
2026-03-06_20.53.01,213,sign-optimization-horizontal-vertical_scenario,613,160,3,2,3,90,90,15,1,123312,AdultFemaleAgent(Clone),10,12,1.58,1.45,0,0,False,3,0,0
2026-03-06_20.53.01,213,sign-optimization-horizontal-vertical_scenario,613,160,3,2,3,90,90,15,1,123313,AdultFemaleAgent(Clone),10,12,1.58,1.45,0,0,False,3,0,0
2026-03-06_20.53.01,213,sign-optimization-horizontal-vertical_scenario,613,160,3,2,3,90,90,15,1,123314,AdultFemaleAgent(Clone),7,11,1.58,1.450001,0.6494141,1,False,2,1,0.5
2026-03-06_20.53.01,213,sign-optimization-horizontal-vertical_scenario,613,160,3,2,3,90,90,15,1,123315,WheelchairAgent(Clone),5,10,1.3,1.17,0,0,False,2,0,0
2026-03-06_20.53.01,213,sign-optimization-horizontal-vertical_scenario,613,160,3,2,3,90,90,15,1,123316,AdultFemaleAgent(Clone),5,10,1.58,1.45,0,0,False,2,1,0.5
2026-03-06_20.53.01,213,sign-optimization-horizontal-vertical_scenario,613,160,3,2,3,90,90,15,1,123317,WheelchairAgent(Clone),7,11,1.3,1.17,0,0,False,2,0,0
2026-03-06_20.53.01,213,sign-optimization-horizontal-vertical_scenario,613,160,3,2,3,90,90,15,1,123318,AdultMaleAgent(Clone),5,10,1.71,1.58,0,0,False,2,0,0
2026-03-06_20.53.01,213,sign-optimization-horizontal-vertical_scenario,613,160,3,2,3,90,90,15,1,123319,WheelchairAgent(Clone),7,11,1.3,1.17,0,0,False,2,0,0
2026-03-06_20.53.01,213,sign-optimization-horizontal-vertical_scenario,613,160,3,2,3,90,90,15,1,123320,WheelchairAgent(Clone),11,10,1.3,1.17,3.313477,1,False,3,2,0.6666667
2026-03-06_20.53.01,213,sign-optimization-horizontal-vertical_scenario,613,160,3,2,3,90,90,15,1,123321,AdultFemaleAgent(Clone),10,12,1.58,1.45,0,0,False,3,0,0
2026-03-06_20.53.01,213,sign-optimization-horizontal-vertical_scenario,613,160,3,2,3,90,90,15,1,123322,WheelchairAgent(Clone),5,10,1.3,1.17,0,0,False,2,0,0
2026-03-06_20.53.01,213,sign-optimization-horizontal-vertical_scenario,613,160,3,2,3,90,90,15,1,123323,AdultFemaleAgent(Clone),5,10,1.58,1.45,0,0,False,2,1,0.5
2026-03-06_20.53.01,213,sign-optimization-horizontal-vertical_scenario,613,160,3,2,3,90,90,15,1,123324,AdultFemaleAgent(Clone),7,11,1.58,1.450001,0,0,False,2,0,0
2026-03-06_20.53.01,213,sign-optimization-horizontal-vertical_scenario,613,160,3,2,3,90,90,15,1,123325,WheelchairAgent(Clone),7,11,1.3,1.17,0,0,False,2,1,0.5
2026-03-06_20.53.01,213,sign-optimization-horizontal-vertical_scenario,613,160,3,2,3,90,90,15,1,123326,AdultFemaleAgent(Clone),7,11,1.58,1.450001,0,0,False,2,0,0
2026-03-06_20.53.01,213,sign-optimization-horizontal-vertical_scenario,613,160,3,2,3,90,90,15,1,123327,AdultMaleAgent(Clone),11,10,1.71,1.58,3.963867,1,True,3,1,0.3333333
2026-03-06_20.53.01,213,sign-optimization-horizontal-vertical_scenario,613,160,3,2,3,90,90,15,1,123328,AdultFemaleAgent(Clone),10,12,1.58,1.45,0,0,False,3,0,0
2026-03-06_20.53.01,213,sign-optimization-horizontal-vertical_scenario,613,160,3,2,3,90,90,15,1,123329,WheelchairAgent(Clone),7,11,1.3,1.17,0,0,False,2,1,0.5
2026-03-06_20.53.01,213,sign-optimization-horizontal-vertical_scenario,613,160,3,2,3,90,90,15,1,123330,WheelchairAgent(Clone),11,10,1.3,1.17,0,0,True,3,1,0.3333333
2026-03-06_20.53.01,213,sign-optimization-horizontal-vertical_scenario,613,160,3,2,3,90,90,15,1,123331,AdultMaleAgent(Clone),7,11,1.71,1.58,0,0,False,2,0,0
2026-03-06_20.53.01,213,sign-optimization-horizontal-vertical_scenario,613,160,3,2,3,90,90,15,1,123332,WheelchairAgent(Clone),11,10,1.3,1.17,3.005859,1,True,3,1,0.3333333
2026-03-06_20.53.01,213,sign-optimization-horizontal-vertical_scenario,613,160,3,2,3,90,90,15,1,123333,AdultFemaleAgent(Clone),11,10,1.58,1.450001,0,0,True,3,1,0.3333333
2026-03-06_20.53.01,213,sign-optimization-horizontal-vertical_scenario,613,160,3,2,3,90,90,15,1,123334,AdultMaleAgent(Clone),11,10,1.71,1.58,4.182617,1,True,3,1,0.3333333
2026-03-06_20.53.01,213,sign-optimization-horizontal-vertical_scenario,613,160,3,2,3,90,90,15,1,123335,AdultFemaleAgent(Clone),5,10,1.58,1.45,0,0,False,2,0,0
2026-03-06_20.53.01,213,sign-optimization-horizontal-vertical_scenario,613,160,3,2,3,90,90,15,1,123336,WheelchairAgent(Clone),7,11,1.3,1.17,0,0,False,2,0,0
2026-03-06_20.53.01,213,sign-optimization-horizontal-vertical_scenario,613,160,3,2,3,90,90,15,1,123337,WheelchairAgent(Clone),10,12,1.3,1.17,0,0,False,3,0,0
2026-03-06_20.53.01,213,sign-optimization-horizontal-vertical_scenario,613,160,3,2,3,90,90,15,1,123338,AdultMaleAgent(Clone),5,10,1.71,1.58,0,0,False,2,0,0
2026-03-06_20.53.01,213,sign-optimization-horizontal-vertical_scenario,613,160,3,2,3,90,90,15,1,123339,WheelchairAgent(Clone),6,12,1.3,1.17,0,0,False,2,0,0
2026-03-06_20.53.01,213,sign-optimization-horizontal-vertical_scenario,613,160,3,2,3,90,90,15,1,123340,AdultFemaleAgent(Clone),5,10,1.58,1.45,0,0,False,2,0,0
2026-03-06_20.53.01,213,sign-optimization-horizontal-vertical_scenario,613,160,3,2,3,90,90,15,1,123341,WheelchairAgent(Clone),11,10,1.3,1.17,0,0,False,3,1,0.3333333
2026-03-06_20.53.01,213,sign-optimization-horizontal-vertical_scenario,613,160,3,2,3,90,90,15,1,123342,WheelchairAgent(Clone),10,12,1.3,1.17,0,0,False,3,0,0
2026-03-06_20.53.01,213,sign-optimization-horizontal-vertical_scenario,613,160,3,2,3,90,90,15,1,123343,AdultMaleAgent(Clone),7,11,1.71,1.58,0,0,False,2,0,0
2026-03-06_20.53.01,213,sign-optimization-horizontal-vertical_scenario,613,160,3,2,3,90,90,15,1,123344,AdultMaleAgent(Clone),7,11,1.71,1.58,0,0,False,2,0,0
2026-03-06_20.53.01,213,sign-optimization-horizontal-vertical_scenario,613,160,3,2,3,90,90,15,1,123345,AdultMaleAgent(Clone),11,10,1.71,1.58,0,0,True,3,1,0.3333333
2026-03-06_20.53.01,213,sign-optimization-horizontal-vertical_scenario,613,160,3,2,3,90,90,15,1,123346,AdultMaleAgent(Clone),5,10,1.71,1.58,0,0,False,2,0,0
2026-03-06_20.53.01,213,sign-optimization-horizontal-vertical_scenario,613,160,3,2,3,90,90,15,1,123347,AdultFemaleAgent(Clone),10,12,1.58,1.45,0,0,False,3,0,0
2026-03-06_20.53.01,213,sign-optimization-horizontal-vertical_scenario,613,160,3,2,3,90,90,15,1,123348,AdultFemaleAgent(Clone),7,11,1.58,1.450001,0,0,False,2,0,0
2026-03-06_20.53.01,213,sign-optimization-horizontal-vertical_scenario,613,160,3,2,3,90,90,15,1,123349,WheelchairAgent(Clone),11,10,1.3,1.17,0,0,False,3,0,0
2026-03-06_20.53.01,213,sign-optimization-horizontal-vertical_scenario,613,160,3,2,3,90,90,15,1,123350,AdultMaleAgent(Clone),11,10,1.71,1.58,0,0,True,3,1,0.3333333
2026-03-06_20.53.01,213,sign-optimization-horizontal-vertical_scenario,613,160,3,2,3,90,90,15,1,123351,AdultFemaleAgent(Clone),5,10,1.58,1.45,0,0,False,2,0,0
2026-03-06_20.53.01,213,sign-optimization-horizontal-vertical_scenario,613,160,3,2,3,90,90,15,1,123352,AdultFemaleAgent(Clone),5,10,1.58,1.45,0,0,False,2,0,0
2026-03-06_20.53.01,213,sign-optimization-horizontal-vertical_scenario,613,160,3,2,3,90,90,15,1,123353,WheelchairAgent(Clone),10,12,1.3,1.17,0,0,False,3,0,0
2026-03-06_20.53.01,213,sign-optimization-horizontal-vertical_scenario,613,160,3,2,3,90,90,15,1,123354,WheelchairAgent(Clone),5,10,1.3,1.17,0,0,False,2,0,0
2026-03-06_20.53.01,213,sign-optimization-horizontal-vertical_scenario,613,160,3,2,3,90,90,15,1,123355,AdultFemaleAgent(Clone),5,10,1.58,1.45,0,0,False,2,0,0
2026-03-06_20.53.01,213,sign-optimization-horizontal-vertical_scenario,613,160,3,2,3,90,90,15,1,123356,AdultFemaleAgent(Clone),11,10,1.58,1.450001,0,0,True,3,1,0.3333333
2026-03-06_20.53.01,213,sign-optimization-horizontal-vertical_scenario,613,160,3,2,3,90,90,15,1,123357,AdultFemaleAgent(Clone),11,10,1.58,1.450001,0,0,False,3,0,0
2026-03-06_20.53.01,213,sign-optimization-horizontal-vertical_scenario,613,160,3,2,3,90,90,15,1,123358,AdultMaleAgent(Clone),10,12,1.71,1.58,0,0,False,3,0,0
2026-03-06_20.53.01,213,sign-optimization-horizontal-vertical_scenario,613,160,3,2,3,90,90,15,1,123359,AdultFemaleAgent(Clone),5,10,1.58,1.45,0,0,False,2,0,0
2026-03-06_20.53.01,213,sign-optimization-horizontal-vertical_scenario,613,160,3,2,3,90,90,15,1,123360,AdultFemaleAgent(Clone),7,11,1.58,1.450001,0,0,False,2,0,0
2026-03-06_20.53.01,213,sign-optimization-horizontal-vertical_scenario,613,160,3,2,3,90,90,15,1,123361,AdultMaleAgent(Clone),5,10,1.71,1.58,0,0,False,2,0,0
2026-03-06_20.53.01,213,sign-optimization-horizontal-vertical_scenario,613,160,3,2,3,90,90,15,1,123362,AdultMaleAgent(Clone),11,10,1.71,1.58,0,0,False,3,0,0
2026-03-06_20.53.01,213,sign-optimization-horizontal-vertical_scenario,613,160,3,2,3,90,90,15,1,123363,AdultMaleAgent(Clone),5,10,1.71,1.58,0,0,False,2,0,0
2026-03-06_20.53.01,213,sign-optimization-horizontal-vertical_scenario,613,160,3,2,3,90,90,15,1,123364,WheelchairAgent(Clone),10,12,1.3,1.17,0,0,False,3,0,0
2026-03-06_20.53.01,213,sign-optimization-horizontal-vertical_scenario,613,160,3,2,3,90,90,15,1,123365,WheelchairAgent(Clone),11,10,1.3,1.17,0,0,False,3,1,0.3333333
2026-03-06_20.53.01,213,sign-optimization-horizontal-vertical_scenario,613,160,3,2,3,90,90,15,1,123366,WheelchairAgent(Clone),10,12,1.3,1.17,0,0,False,3,0,0
2026-03-06_20.53.01,213,sign-optimization-horizontal-vertical_scenario,613,160,3,2,3,90,90,15,1,123367,AdultMaleAgent(Clone),6,12,1.71,1.58,0,0,False,2,0,0
2026-03-06_20.53.01,213,sign-optimization-horizontal-vertical_scenario,613,160,3,2,3,90,90,15,1,123368,AdultMaleAgent(Clone),11,10,1.71,1.58,0,0,False,3,1,0.3333333
2026-03-06_20.53.01,213,sign-optimization-horizontal-vertical_scenario,613,160,3,2,3,90,90,15,1,123369,AdultMaleAgent(Clone),6,12,1.71,1.58,0,0,False,2,0,0
2026-03-06_20.53.01,213,sign-optimization-horizontal-vertical_scenario,613,160,3,2,3,90,90,15,1,123370,WheelchairAgent(Clone),6,12,1.3,1.17,0,0,False,2,0,0
2026-03-06_20.53.01,213,sign-optimization-horizontal-vertical_scenario,613,160,3,2,3,90,90,15,1,123371,WheelchairAgent(Clone),11,10,1.3,1.17,0,0,False,3,1,0.3333333
2026-03-06_20.53.01,213,sign-optimization-horizontal-vertical_scenario,613,160,3,2,3,90,90,15,1,123372,AdultFemaleAgent(Clone),11,10,1.58,1.450001,0,0,False,3,0,0
2026-03-06_20.53.01,213,sign-optimization-horizontal-vertical_scenario,613,160,3,2,3,90,90,15,1,123373,AdultFemaleAgent(Clone),10,12,1.58,1.45,0,0,False,3,0,0
2026-03-06_20.53.01,213,sign-optimization-horizontal-vertical_scenario,613,160,3,2,3,90,90,15,1,123374,AdultMaleAgent(Clone),7,11,1.71,1.58,0,0,False,2,0,0
2026-03-06_20.53.01,213,sign-optimization-horizontal-vertical_scenario,613,160,3,2,3,90,90,15,1,123375,WheelchairAgent(Clone),5,10,1.3,1.17,0,0,False,2,0,0
2026-03-06_20.53.01,213,sign-optimization-horizontal-vertical_scenario,613,160,3,2,3,90,90,15,1,123376,WheelchairAgent(Clone),10,12,1.3,1.17,0,0,False,3,0,0
2026-03-06_20.53.01,213,sign-optimization-horizontal-vertical_scenario,613,160,3,2,3,90,90,15,1,123377,AdultFemaleAgent(Clone),6,12,1.58,1.45,0,0,False,2,0,0
2026-03-06_20.53.01,213,sign-optimization-horizontal-vertical_scenario,613,160,3,2,3,90,90,15,1,123378,WheelchairAgent(Clone),11,10,1.3,1.17,0,0,False,3,0,0
2026-03-06_20.53.01,213,sign-optimization-horizontal-vertical_scenario,613,160,3,2,3,90,90,15,1,123379,AdultFemaleAgent(Clone),10,12,1.58,1.45,0,0,False,3,0,0
2026-03-06_20.53.01,213,sign-optimization-horizontal-vertical_scenario,613,160,3,2,3,90,90,15,1,123380,WheelchairAgent(Clone),6,12,1.3,1.17,0,0,False,2,0,0
2026-03-06_20.53.01,213,sign-optimization-horizontal-vertical_scenario,613,160,3,2,3,90,90,15,1,123381,WheelchairAgent(Clone),5,10,1.3,1.17,0,0,False,2,0,0
2026-03-06_20.53.01,213,sign-optimization-horizontal-vertical_scenario,613,160,3,2,3,90,90,15,1,123382,AdultMaleAgent(Clone),5,10,1.71,1.58,0,0,False,2,0,0
2026-03-06_20.53.01,213,sign-optimization-horizontal-vertical_scenario,613,160,3,2,3,90,90,15,1,123383,AdultMaleAgent(Clone),5,10,1.71,1.58,0,0,False,2,0,0
2026-03-06_20.53.01,213,sign-optimization-horizontal-vertical_scenario,613,160,3,2,3,90,90,15,1,123384,WheelchairAgent(Clone),10,12,1.3,1.17,0,0,False,3,0,0
2026-03-06_20.53.01,213,sign-optimization-horizontal-vertical_scenario,613,160,3,2,3,90,90,15,1,123385,AdultFemaleAgent(Clone),5,10,1.58,1.45,0,0,False,2,0,0
2026-03-06_20.53.01,213,sign-optimization-horizontal-vertical_scenario,613,160,3,2,3,90,90,15,1,123386,AdultMaleAgent(Clone),6,12,1.71,1.58,0,0,False,2,0,0
2026-03-06_20.53.01,213,sign-optimization-horizontal-vertical_scenario,613,160,3,2,3,90,90,15,1,123387,AdultMaleAgent(Clone),5,10,1.71,1.58,0,0,False,2,0,0
2026-03-06_20.53.01,213,sign-optimization-horizontal-vertical_scenario,613,160,3,2,3,90,90,15,1,123388,AdultMaleAgent(Clone),7,11,1.71,1.58,0,0,False,2,0,0
2026-03-06_20.53.01,213,sign-optimization-horizontal-vertical_scenario,613,160,3,2,3,90,90,15,1,123389,WheelchairAgent(Clone),10,12,1.3,1.17,0,0,False,3,0,0
2026-03-06_20.53.01,213,sign-optimization-horizontal-vertical_scenario,613,160,3,2,3,90,90,15,1,123390,WheelchairAgent(Clone),10,12,1.3,1.17,0,0,False,3,0,0
2026-03-06_20.53.01,213,sign-optimization-horizontal-vertical_scenario,613,160,3,2,3,90,90,15,1,123391,AdultFemaleAgent(Clone),6,12,1.58,1.45,0,0,False,2,0,0
2026-03-06_20.53.01,213,sign-optimization-horizontal-vertical_scenario,613,160,3,2,3,90,90,15,1,123392,AdultMaleAgent(Clone),5,10,1.71,1.58,0,0,False,2,0,0
2026-03-06_20.53.01,213,sign-optimization-horizontal-vertical_scenario,613,160,3,2,3,90,90,15,1,123393,WheelchairAgent(Clone),7,11,1.3,1.17,0,0,False,2,0,0
2026-03-06_20.53.01,213,sign-optimization-horizontal-vertical_scenario,613,160,3,2,3,90,90,15,1,123394,AdultMaleAgent(Clone),5,10,1.71,1.58,0,0,False,2,0,0
2026-03-06_20.53.01,213,sign-optimization-horizontal-vertical_scenario,613,160,3,2,3,90,90,15,1,123395,WheelchairAgent(Clone),10,12,1.3,1.17,0,0,False,3,0,0
2026-03-06_20.53.01,213,sign-optimization-horizontal-vertical_scenario,613,160,3,2,3,90,90,15,1,123396,AdultMaleAgent(Clone),10,12,1.71,1.58,0,0,False,3,0,0
2026-03-06_20.53.01,213,sign-optimization-horizontal-vertical_scenario,613,160,3,2,3,90,90,15,1,123397,WheelchairAgent(Clone),7,11,1.3,1.17,0,0,False,2,0,0
2026-03-06_20.53.01,213,sign-optimization-horizontal-vertical_scenario,613,160,3,2,3,90,90,15,1,123398,WheelchairAgent(Clone),5,10,1.3,1.17,0,0,False,2,0,0
2026-03-06_20.53.01,213,sign-optimization-horizontal-vertical_scenario,613,160,3,2,3,90,90,15,1,123399,AdultFemaleAgent(Clone),10,12,1.58,1.45,0,0,False,3,0,0
2026-03-06_20.53.01,213,sign-optimization-horizontal-vertical_scenario,613,160,3,2,3,90,90,15,1,123400,AdultMaleAgent(Clone),6,12,1.71,1.58,0,0,False,2,0,0
2026-03-06_20.53.01,213,sign-optimization-horizontal-vertical_scenario,613,160,3,2,3,90,90,15,1,123401,AdultFemaleAgent(Clone),11,10,1.58,1.450001,0,0,False,3,0,0
2026-03-06_20.53.01,213,sign-optimization-horizontal-vertical_scenario,613,160,3,2,3,90,90,15,1,123402,AdultFemaleAgent(Clone),10,12,1.58,1.45,0,0,False,3,0,0
2026-03-06_20.53.01,213,sign-optimization-horizontal-vertical_scenario,613,160,3,2,3,90,90,15,1,123403,WheelchairAgent(Clone),6,12,1.3,1.17,0,0,False,2,0,0
2026-03-06_20.53.01,213,sign-optimization-horizontal-vertical_scenario,613,160,3,2,3,90,90,15,1,123404,WheelchairAgent(Clone),10,12,1.3,1.17,0,0,False,3,0,0
2026-03-06_20.53.01,213,sign-optimization-horizontal-vertical_scenario,613,160,3,2,3,90,90,15,1,123405,AdultMaleAgent(Clone),7,11,1.71,1.58,0,0,False,2,0,0
2026-03-06_20.53.01,213,sign-optimization-horizontal-vertical_scenario,613,160,3,2,3,90,90,15,1,123406,AdultFemaleAgent(Clone),5,10,1.58,1.45,0,0,False,2,0,0
2026-03-06_20.53.01,213,sign-optimization-horizontal-vertical_scenario,613,160,3,2,3,90,90,15,1,123407,AdultFemaleAgent(Clone),11,10,1.58,1.450001,0,0,False,3,0,0
2026-03-06_20.53.01,213,sign-optimization-horizontal-vertical_scenario,613,160,3,2,3,90,90,15,1,123408,AdultMaleAgent(Clone),5,10,1.71,1.58,0,0,False,2,0,0
2026-03-06_20.53.01,213,sign-optimization-horizontal-vertical_scenario,613,160,3,2,3,90,90,15,1,123409,AdultMaleAgent(Clone),7,11,1.71,1.58,0,0,False,2,0,0
2026-03-06_20.53.01,213,sign-optimization-horizontal-vertical_scenario,613,160,3,2,3,90,90,15,1,123410,AdultMaleAgent(Clone),10,12,1.71,1.58,0,0,False,3,0,0
2026-03-06_20.53.01,213,sign-optimization-horizontal-vertical_scenario,613,160,3,2,3,90,90,15,1,123411,AdultMaleAgent(Clone),7,11,1.71,1.58,0,0,False,2,0,0
2026-03-06_20.53.01,213,sign-optimization-horizontal-vertical_scenario,613,160,3,2,3,90,90,15,1,123412,AdultFemaleAgent(Clone),10,12,1.58,1.45,0,0,False,3,0,0
2026-03-06_20.53.01,213,sign-optimization-horizontal-vertical_scenario,613,160,3,2,3,90,90,15,1,123413,WheelchairAgent(Clone),5,10,1.3,1.17,0,0,False,2,0,0
2026-03-06_20.53.01,213,sign-optimization-horizontal-vertical_scenario,613,160,3,2,3,90,90,15,1,123414,WheelchairAgent(Clone),5,10,1.3,1.17,0,0,False,2,0,0
2026-03-06_20.53.01,213,sign-optimization-horizontal-vertical_scenario,613,160,3,2,3,90,90,15,1,123415,AdultFemaleAgent(Clone),10,12,1.58,1.45,0,0,False,3,0,0
2026-03-06_20.53.01,213,sign-optimization-horizontal-vertical_scenario,613,160,3,2,3,90,90,15,1,123416,AdultMaleAgent(Clone),6,12,1.71,1.58,0,0,False,2,0,0
2026-03-06_20.53.01,213,sign-optimization-horizontal-vertical_scenario,613,160,3,2,3,90,90,15,1,123417,AdultMaleAgent(Clone),7,11,1.71,1.58,0,0,False,2,0,0
2026-03-06_20.53.01,213,sign-optimization-horizontal-vertical_scenario,613,160,3,2,3,90,90,15,1,123418,AdultFemaleAgent(Clone),11,10,1.58,1.450001,0,0,False,3,0,0
2026-03-06_20.53.01,213,sign-optimization-horizontal-vertical_scenario,613,160,3,2,3,90,90,15,1,123419,AdultMaleAgent(Clone),5,10,1.71,1.58,0,0,False,2,0,0
2026-03-06_20.53.01,213,sign-optimization-horizontal-vertical_scenario,613,160,3,2,3,90,90,15,1,123420,AdultFemaleAgent(Clone),6,12,1.58,1.45,0,0,False,2,0,0
2026-03-06_20.53.01,213,sign-optimization-horizontal-vertical_scenario,613,160,3,2,3,90,90,15,1,123421,WheelchairAgent(Clone),11,10,1.3,1.17,0,0,False,3,0,0
2026-03-06_20.53.01,213,sign-optimization-horizontal-vertical_scenario,613,160,3,2,3,90,90,15,1,123422,AdultMaleAgent(Clone),5,10,1.71,1.58,0,0,False,2,0,0
2026-03-06_20.53.01,213,sign-optimization-horizontal-vertical_scenario,613,160,3,2,3,90,90,15,1,123423,WheelchairAgent(Clone),11,10,1.3,1.17,0,0,False,3,0,0
2026-03-06_20.53.01,213,sign-optimization-horizontal-vertical_scenario,613,160,3,2,3,90,90,15,1,123424,AdultFemaleAgent(Clone),6,12,1.58,1.45,0,0,False,2,0,0
2026-03-06_20.53.01,213,sign-optimization-horizontal-vertical_scenario,613,160,3,2,3,90,90,15,1,123425,AdultFemaleAgent(Clone),5,10,1.58,1.45,0,0,False,2,0,0
2026-03-06_20.53.01,213,sign-optimization-horizontal-vertical_scenario,613,160,3,2,3,90,90,15,1,123426,AdultMaleAgent(Clone),7,11,1.71,1.58,0,0,False,2,0,0
2026-03-06_20.53.01,213,sign-optimization-horizontal-vertical_scenario,613,160,3,2,3,90,90,15,1,123427,WheelchairAgent(Clone),11,10,1.3,1.17,0,0,False,3,0,0
2026-03-06_20.53.01,213,sign-optimization-horizontal-vertical_scenario,613,160,3,2,3,90,90,15,1,123428,AdultFemaleAgent(Clone),5,10,1.58,1.45,0,0,False,2,0,0
2026-03-06_20.53.01,213,sign-optimization-horizontal-vertical_scenario,613,160,3,2,3,90,90,15,1,123429,AdultFemaleAgent(Clone),10,12,1.58,1.45,0,0,False,3,0,0
2026-03-06_20.53.01,213,sign-optimization-horizontal-vertical_scenario,613,160,3,2,3,90,90,15,1,123430,WheelchairAgent(Clone),6,12,1.3,1.17,0,0,False,2,0,0
2026-03-06_20.53.01,213,sign-optimization-horizontal-vertical_scenario,613,160,3,2,3,90,90,15,1,123431,WheelchairAgent(Clone),10,12,1.3,1.17,0,0,False,3,0,0
2026-03-06_20.53.01,213,sign-optimization-horizontal-vertical_scenario,613,160,3,2,3,90,90,15,1,123432,AdultFemaleAgent(Clone),6,12,1.58,1.45,0,0,False,2,0,0
2026-03-06_20.53.01,213,sign-optimization-horizontal-vertical_scenario,613,160,3,2,3,90,90,15,1,123433,AdultFemaleAgent(Clone),10,12,1.58,1.45,0,0,False,3,0,0
2026-03-06_20.53.01,213,sign-optimization-horizontal-vertical_scenario,613,160,3,2,3,90,90,15,1,123434,AdultFemaleAgent(Clone),7,11,1.58,1.450001,0,0,False,2,0,0
2026-03-06_20.53.01,213,sign-optimization-horizontal-vertical_scenario,613,160,3,2,3,90,90,15,1,123435,AdultFemaleAgent(Clone),5,10,1.58,1.45,0,0,False,2,0,0
2026-03-06_20.53.01,213,sign-optimization-horizontal-vertical_scenario,613,160,3,2,3,90,90,15,1,123436,AdultFemaleAgent(Clone),6,12,1.58,1.45,0,0,False,2,0,0
2026-03-06_20.53.01,213,sign-optimization-horizontal-vertical_scenario,613,160,3,2,3,90,90,15,1,123437,AdultFemaleAgent(Clone),7,11,1.58,1.450001,0,0,False,2,0,0
2026-03-06_20.53.01,213,sign-optimization-horizontal-vertical_scenario,613,160,3,2,3,90,90,15,1,123438,WheelchairAgent(Clone),10,12,1.3,1.17,0,0,False,3,0,0
2026-03-06_20.53.01,213,sign-optimization-horizontal-vertical_scenario,613,160,3,2,3,90,90,15,1,123439,AdultMaleAgent(Clone),6,12,1.71,1.58,0,0,False,2,0,0
2026-03-06_20.53.01,213,sign-optimization-horizontal-vertical_scenario,613,160,3,2,3,90,90,15,1,123440,WheelchairAgent(Clone),10,12,1.3,1.17,0,0,False,3,0,0
2026-03-06_20.53.01,213,sign-optimization-horizontal-vertical_scenario,613,160,3,2,3,90,90,15,1,123441,WheelchairAgent(Clone),6,12,1.3,1.17,0,0,False,2,0,0
2026-03-06_20.53.01,213,sign-optimization-horizontal-vertical_scenario,613,160,3,2,3,90,90,15,1,123442,WheelchairAgent(Clone),5,10,1.3,1.17,0,0,False,2,0,0
2026-03-06_20.53.01,213,sign-optimization-horizontal-vertical_scenario,613,160,3,2,3,90,90,15,1,123443,WheelchairAgent(Clone),11,10,1.3,1.17,0,0,False,3,0,0
2026-03-06_20.53.01,213,sign-optimization-horizontal-vertical_scenario,613,160,3,2,3,90,90,15,1,123444,AdultFemaleAgent(Clone),7,11,1.58,1.450001,0,0,False,2,0,0
2026-03-06_20.53.01,213,sign-optimization-horizontal-vertical_scenario,613,160,3,2,3,90,90,15,1,123445,AdultFemaleAgent(Clone),10,12,1.58,1.45,0,0,False,3,0,0
2026-03-06_20.53.01,213,sign-optimization-horizontal-vertical_scenario,613,160,3,2,3,90,90,15,1,123446,WheelchairAgent(Clone),7,11,1.3,1.17,0,0,False,2,0,0
2026-03-06_20.53.01,213,sign-optimization-horizontal-vertical_scenario,613,160,3,2,3,90,90,15,1,123447,AdultMaleAgent(Clone),5,10,1.71,1.58,0,0,False,2,0,0
2026-03-06_20.53.01,213,sign-optimization-horizontal-vertical_scenario,613,160,3,2,3,90,90,15,1,123448,AdultMaleAgent(Clone),5,10,1.71,1.58,0,0,False,2,0,0
2026-03-06_20.53.01,213,sign-optimization-horizontal-vertical_scenario,613,160,3,2,3,90,90,15,1,123449,AdultFemaleAgent(Clone),11,10,1.58,1.450001,0,0,False,3,0,0
2026-03-06_20.53.01,213,sign-optimization-horizontal-vertical_scenario,613,160,3,2,3,90,90,15,1,123450,AdultFemaleAgent(Clone),5,10,1.58,1.45,0,0,False,2,0,0
2026-03-06_20.53.01,213,sign-optimization-horizontal-vertical_scenario,613,160,3,2,3,90,90,15,1,123451,AdultMaleAgent(Clone),7,11,1.71,1.58,0,0,False,2,0,0
2026-03-06_20.53.01,213,sign-optimization-horizontal-vertical_scenario,613,160,3,2,3,90,90,15,1,123452,AdultMaleAgent(Clone),5,10,1.71,1.58,0,0,False,2,0,0
2026-03-06_20.53.01,213,sign-optimization-horizontal-vertical_scenario,613,160,3,2,3,90,90,15,1,123453,AdultFemaleAgent(Clone),11,10,1.58,1.450001,0,0,False,3,0,0
2026-03-06_20.53.01,213,sign-optimization-horizontal-vertical_scenario,613,160,3,2,3,90,90,15,1,123454,AdultFemaleAgent(Clone),6,12,1.58,1.45,0,0,False,2,0,0
2026-03-06_20.53.01,213,sign-optimization-horizontal-vertical_scenario,613,160,3,2,3,90,90,15,1,123455,AdultMaleAgent(Clone),10,12,1.71,1.58,0,0,False,3,0,0
2026-03-06_20.53.01,213,sign-optimization-horizontal-vertical_scenario,613,160,3,2,3,90,90,15,1,123456,AdultMaleAgent(Clone),6,12,1.71,1.58,0,0,False,2,0,0
2026-03-06_20.53.01,213,sign-optimization-horizontal-vertical_scenario,613,160,3,2,3,90,90,15,1,123457,AdultFemaleAgent(Clone),6,12,1.58,1.45,0,0,False,2,0,0
2026-03-06_20.53.01,213,sign-optimization-horizontal-vertical_scenario,613,160,3,2,3,90,90,15,1,123458,WheelchairAgent(Clone),5,10,1.3,1.17,0,0,False,2,0,0
2026-03-06_20.53.01,213,sign-optimization-horizontal-vertical_scenario,613,160,3,2,3,90,90,15,1,123459,WheelchairAgent(Clone),11,10,1.3,1.17,0,0,False,3,0,0
2026-03-06_20.53.01,213,sign-optimization-horizontal-vertical_scenario,613,160,3,2,3,90,90,15,1,123460,AdultFemaleAgent(Clone),7,11,1.58,1.450001,0,0,False,2,0,0
2026-03-06_20.53.01,213,sign-optimization-horizontal-vertical_scenario,613,160,3,2,3,90,90,15,1,123461,WheelchairAgent(Clone),7,11,1.3,1.17,0,0,False,2,0,0
2026-03-06_20.53.01,213,sign-optimization-horizontal-vertical_scenario,613,160,3,2,3,90,90,15,1,123462,AdultFemaleAgent(Clone),7,11,1.58,1.450001,0,0,False,2,0,0
2026-03-06_20.53.01,213,sign-optimization-horizontal-vertical_scenario,613,160,3,2,3,90,90,15,1,123463,AdultFemaleAgent(Clone),5,10,1.58,1.45,0,0,False,2,0,0
