Timestamp,RunIndex,ScenarioID,TotalAgents,VisibleSignCount,SignHeight,SignPositionX,SignPositionZ,SignOrientation,VcaAngle,VcaDistance,SignComprehensionTime,AgentID,AgentType,StartNode,GoalNode,Height,EyeHeight,TimeInVCA,TimesInVCA,SawSign,TotalNodesNavigated,NodesWithDetection,RDEffective
2026-03-07_02.22.51,232,sign-optimization-horizontal-vertical_scenario,627,354,3,3,4,0,90,15,1,133905,AdultMaleAgent(Clone),5,10,1.71,1.58,0,0,False,2,0,0
2026-03-07_02.22.51,232,sign-optimization-horizontal-vertical_scenario,627,354,3,3,4,0,90,15,1,133906,AdultMaleAgent(Clone),5,10,1.71,1.58,0,0,False,2,0,0
2026-03-07_02.22.51,232,sign-optimization-horizontal-vertical_scenario,627,354,3,3,4,0,90,15,1,133907,WheelchairAgent(Clone),11,10,1.3,1.17,10.49316,2,True,3,2,0.6666667
2026-03-07_02.22.51,232,sign-optimization-horizontal-vertical_scenario,627,354,3,3,4,0,90,15,1,133908,WheelchairAgent(Clone),7,11,1.3,1.17,10.91602,1,True,2,1,0.5
2026-03-07_02.22.51,232,sign-optimization-horizontal-vertical_scenario,627,354,3,3,4,0,90,15,1,133909,WheelchairAgent(Clone),6,12,1.3,1.17,8.490234,2,True,2,1,0.5
2026-03-07_02.22.51,232,sign-optimization-horizontal-vertical_scenario,627,354,3,3,4,0,90,15,1,133910,WheelchairAgent(Clone),7,11,1.3,1.17,16.37305,1,True,2,1,0.5
2026-03-07_02.22.51,232,sign-optimization-horizontal-vertical_scenario,627,354,3,3,4,0,90,15,1,133911,AdultFemaleAgent(Clone),5,10,1.58,1.45,0,0,False,2,0,0
2026-03-07_02.22.51,232,sign-optimization-horizontal-vertical_scenario,627,354,3,3,4,0,90,15,1,133912,AdultFemaleAgent(Clone),6,12,1.58,1.45,7.742188,2,True,2,1,0.5
2026-03-07_02.22.51,232,sign-optimization-horizontal-vertical_scenario,627,354,3,3,4,0,90,15,1,133913,AdultFemaleAgent(Clone),6,12,1.58,1.45,8.986328,2,True,2,1,0.5
2026-03-07_02.22.51,232,sign-optimization-horizontal-vertical_scenario,627,354,3,3,4,0,90,15,1,133914,WheelchairAgent(Clone),7,11,1.3,1.17,12.9248,1,True,2,1,0.5
2026-03-07_02.22.51,232,sign-optimization-horizontal-vertical_scenario,627,354,3,3,4,0,90,15,1,133915,AdultFemaleAgent(Clone),5,10,1.58,1.45,0,0,False,2,0,0
2026-03-07_02.22.51,232,sign-optimization-horizontal-vertical_scenario,627,354,3,3,4,0,90,15,1,133916,WheelchairAgent(Clone),11,10,1.3,1.17,10.78613,2,True,3,2,0.6666667
2026-03-07_02.22.51,232,sign-optimization-horizontal-vertical_scenario,627,354,3,3,4,0,90,15,1,133917,AdultMaleAgent(Clone),7,11,1.71,1.58,13.92578,1,True,2,1,0.5
2026-03-07_02.22.51,232,sign-optimization-horizontal-vertical_scenario,627,354,3,3,4,0,90,15,1,133918,AdultFemaleAgent(Clone),10,12,1.58,1.45,9.480469,2,True,3,1,0.3333333
2026-03-07_02.22.51,232,sign-optimization-horizontal-vertical_scenario,627,354,3,3,4,0,90,15,1,133919,AdultFemaleAgent(Clone),11,10,1.58,1.450001,10.79492,2,True,3,2,0.6666667
2026-03-07_02.22.51,232,sign-optimization-horizontal-vertical_scenario,627,354,3,3,4,0,90,15,1,133920,WheelchairAgent(Clone),6,12,1.3,1.17,7.063477,2,True,2,1,0.5
2026-03-07_02.22.51,232,sign-optimization-horizontal-vertical_scenario,627,354,3,3,4,0,90,15,1,133921,AdultMaleAgent(Clone),6,12,1.71,1.58,8.848633,2,True,2,1,0.5
2026-03-07_02.22.51,232,sign-optimization-horizontal-vertical_scenario,627,354,3,3,4,0,90,15,1,133922,WheelchairAgent(Clone),10,12,1.3,1.17,10.12793,2,True,3,1,0.3333333
2026-03-07_02.22.51,232,sign-optimization-horizontal-vertical_scenario,627,354,3,3,4,0,90,15,1,133923,AdultMaleAgent(Clone),7,11,1.71,1.58,13.96191,1,True,2,1,0.5
2026-03-07_02.22.51,232,sign-optimization-horizontal-vertical_scenario,627,354,3,3,4,0,90,15,1,133924,AdultFemaleAgent(Clone),11,10,1.58,1.450001,12.93359,2,True,3,2,0.6666667
2026-03-07_02.22.51,232,sign-optimization-horizontal-vertical_scenario,627,354,3,3,4,0,90,15,1,133925,AdultMaleAgent(Clone),6,12,1.71,1.58,8.629883,2,True,2,1,0.5
2026-03-07_02.22.51,232,sign-optimization-horizontal-vertical_scenario,627,354,3,3,4,0,90,15,1,133926,AdultMaleAgent(Clone),10,12,1.71,1.58,10.92969,2,True,3,1,0.3333333
2026-03-07_02.22.51,232,sign-optimization-horizontal-vertical_scenario,627,354,3,3,4,0,90,15,1,133927,AdultMaleAgent(Clone),11,10,1.71,1.58,10.70801,2,True,3,2,0.6666667
2026-03-07_02.22.51,232,sign-optimization-horizontal-vertical_scenario,627,354,3,3,4,0,90,15,1,133928,WheelchairAgent(Clone),6,12,1.3,1.17,8.563477,2,True,2,1,0.5
2026-03-07_02.22.51,232,sign-optimization-horizontal-vertical_scenario,627,354,3,3,4,0,90,15,1,133929,AdultFemaleAgent(Clone),11,10,1.58,1.450001,12.95117,2,True,3,1,0.3333333
2026-03-07_02.22.51,232,sign-optimization-horizontal-vertical_scenario,627,354,3,3,4,0,90,15,1,133930,WheelchairAgent(Clone),10,12,1.3,1.17,10.05762,2,True,3,1,0.3333333
2026-03-07_02.22.51,232,sign-optimization-horizontal-vertical_scenario,627,354,3,3,4,0,90,15,1,133931,AdultMaleAgent(Clone),5,10,1.71,1.58,0,0,False,2,0,0
2026-03-07_02.22.51,232,sign-optimization-horizontal-vertical_scenario,627,354,3,3,4,0,90,15,1,133932,AdultFemaleAgent(Clone),7,11,1.58,1.450001,12.40137,1,True,2,1,0.5
2026-03-07_02.22.51,232,sign-optimization-horizontal-vertical_scenario,627,354,3,3,4,0,90,15,1,133933,WheelchairAgent(Clone),11,10,1.3,1.17,9.890625,2,True,3,1,0.3333333
2026-03-07_02.22.51,232,sign-optimization-horizontal-vertical_scenario,627,354,3,3,4,0,90,15,1,133934,AdultFemaleAgent(Clone),11,10,1.58,1.450001,11.12695,2,True,3,2,0.6666667
2026-03-07_02.22.51,232,sign-optimization-horizontal-vertical_scenario,627,354,3,3,4,0,90,15,1,133935,AdultFemaleAgent(Clone),11,10,1.58,1.450001,13.77344,2,True,3,2,0.6666667
2026-03-07_02.22.51,232,sign-optimization-horizontal-vertical_scenario,627,354,3,3,4,0,90,15,1,133936,WheelchairAgent(Clone),6,12,1.3,1.17,8.564453,2,True,2,1,0.5
2026-03-07_02.22.51,232,sign-optimization-horizontal-vertical_scenario,627,354,3,3,4,0,90,15,1,133937,AdultFemaleAgent(Clone),7,11,1.58,1.450001,11.51758,1,True,2,1,0.5
2026-03-07_02.22.51,232,sign-optimization-horizontal-vertical_scenario,627,354,3,3,4,0,90,15,1,133938,AdultMaleAgent(Clone),11,10,1.71,1.58,11.41602,2,True,3,1,0.3333333
2026-03-07_02.22.51,232,sign-optimization-horizontal-vertical_scenario,627,354,3,3,4,0,90,15,1,133939,AdultFemaleAgent(Clone),6,12,1.58,1.45,8.397461,2,True,2,1,0.5
2026-03-07_02.22.51,232,sign-optimization-horizontal-vertical_scenario,627,354,3,3,4,0,90,15,1,133940,AdultMaleAgent(Clone),10,12,1.71,1.58,10.22559,2,True,3,1,0.3333333
2026-03-07_02.22.51,232,sign-optimization-horizontal-vertical_scenario,627,354,3,3,4,0,90,15,1,133941,AdultFemaleAgent(Clone),5,10,1.58,1.45,0,0,False,2,0,0
2026-03-07_02.22.51,232,sign-optimization-horizontal-vertical_scenario,627,354,3,3,4,0,90,15,1,133942,AdultFemaleAgent(Clone),6,12,1.58,1.45,7.336914,2,True,2,1,0.5
2026-03-07_02.22.51,232,sign-optimization-horizontal-vertical_scenario,627,354,3,3,4,0,90,15,1,133943,AdultMaleAgent(Clone),6,12,1.71,1.58,9.500977,2,True,2,1,0.5
2026-03-07_02.22.51,232,sign-optimization-horizontal-vertical_scenario,627,354,3,3,4,0,90,15,1,133944,AdultFemaleAgent(Clone),7,11,1.58,1.450001,13.16113,1,True,2,1,0.5
2026-03-07_02.22.51,232,sign-optimization-horizontal-vertical_scenario,627,354,3,3,4,0,90,15,1,133945,WheelchairAgent(Clone),6,12,1.3,1.17,7.643555,2,True,2,1,0.5
2026-03-07_02.22.51,232,sign-optimization-horizontal-vertical_scenario,627,354,3,3,4,0,90,15,1,133946,AdultFemaleAgent(Clone),7,11,1.58,1.450001,13.00391,1,False,2,1,0.5
2026-03-07_02.22.51,232,sign-optimization-horizontal-vertical_scenario,627,354,3,3,4,0,90,15,1,133947,AdultMaleAgent(Clone),6,12,1.71,1.58,9.475586,2,True,2,1,0.5
2026-03-07_02.22.51,232,sign-optimization-horizontal-vertical_scenario,627,354,3,3,4,0,90,15,1,133948,WheelchairAgent(Clone),6,12,1.3,1.17,9.083008,2,True,2,1,0.5
2026-03-07_02.22.51,232,sign-optimization-horizontal-vertical_scenario,627,354,3,3,4,0,90,15,1,133949,AdultFemaleAgent(Clone),10,12,1.58,1.45,10.40723,2,True,3,1,0.3333333
2026-03-07_02.22.51,232,sign-optimization-horizontal-vertical_scenario,627,354,3,3,4,0,90,15,1,133950,AdultFemaleAgent(Clone),5,10,1.58,1.45,0,0,False,2,0,0
2026-03-07_02.22.51,232,sign-optimization-horizontal-vertical_scenario,627,354,3,3,4,0,90,15,1,133951,AdultMaleAgent(Clone),11,10,1.71,1.58,10.29004,2,True,3,2,0.6666667
2026-03-07_02.22.51,232,sign-optimization-horizontal-vertical_scenario,627,354,3,3,4,0,90,15,1,133952,WheelchairAgent(Clone),11,10,1.3,1.17,10.51855,2,True,3,2,0.6666667
2026-03-07_02.22.51,232,sign-optimization-horizontal-vertical_scenario,627,354,3,3,4,0,90,15,1,133953,AdultFemaleAgent(Clone),6,12,1.58,1.45,8.618164,2,True,2,1,0.5
2026-03-07_02.22.51,232,sign-optimization-horizontal-vertical_scenario,627,354,3,3,4,0,90,15,1,133954,AdultMaleAgent(Clone),10,12,1.71,1.58,17.55957,2,True,3,1,0.3333333
2026-03-07_02.22.51,232,sign-optimization-horizontal-vertical_scenario,627,354,3,3,4,0,90,15,1,133955,WheelchairAgent(Clone),5,10,1.3,1.17,0,0,False,2,0,0
2026-03-07_02.22.51,232,sign-optimization-horizontal-vertical_scenario,627,354,3,3,4,0,90,15,1,133956,AdultMaleAgent(Clone),10,12,1.71,1.58,8.826172,2,True,3,1,0.3333333
2026-03-07_02.22.51,232,sign-optimization-horizontal-vertical_scenario,627,354,3,3,4,0,90,15,1,133957,AdultMaleAgent(Clone),5,10,1.71,1.58,0,0,False,2,0,0
2026-03-07_02.22.51,232,sign-optimization-horizontal-vertical_scenario,627,354,3,3,4,0,90,15,1,133958,AdultMaleAgent(Clone),7,11,1.71,1.58,10.13672,1,False,2,1,0.5
2026-03-07_02.22.51,232,sign-optimization-horizontal-vertical_scenario,627,354,3,3,4,0,90,15,1,133959,AdultFemaleAgent(Clone),10,12,1.58,1.45,10.85742,2,True,3,1,0.3333333
2026-03-07_02.22.51,232,sign-optimization-horizontal-vertical_scenario,627,354,3,3,4,0,90,15,1,133960,AdultMaleAgent(Clone),7,11,1.71,1.58,13.16504,1,True,2,1,0.5
2026-03-07_02.22.51,232,sign-optimization-horizontal-vertical_scenario,627,354,3,3,4,0,90,15,1,133961,AdultFemaleAgent(Clone),11,10,1.58,1.450001,10.50684,2,True,3,1,0.3333333
2026-03-07_02.22.51,232,sign-optimization-horizontal-vertical_scenario,627,354,3,3,4,0,90,15,1,133962,AdultMaleAgent(Clone),5,10,1.71,1.58,0,0,False,2,0,0
2026-03-07_02.22.51,232,sign-optimization-horizontal-vertical_scenario,627,354,3,3,4,0,90,15,1,133963,AdultMaleAgent(Clone),7,11,1.71,1.58,15.43359,1,True,2,1,0.5
2026-03-07_02.22.51,232,sign-optimization-horizontal-vertical_scenario,627,354,3,3,4,0,90,15,1,133964,WheelchairAgent(Clone),6,12,1.3,1.17,8.470703,2,True,2,1,0.5
2026-03-07_02.22.51,232,sign-optimization-horizontal-vertical_scenario,627,354,3,3,4,0,90,15,1,133965,AdultFemaleAgent(Clone),7,11,1.58,1.450001,15.13477,1,True,2,1,0.5
2026-03-07_02.22.51,232,sign-optimization-horizontal-vertical_scenario,627,354,3,3,4,0,90,15,1,133966,AdultMaleAgent(Clone),11,10,1.71,1.58,11.43457,2,True,3,2,0.6666667
2026-03-07_02.22.51,232,sign-optimization-horizontal-vertical_scenario,627,354,3,3,4,0,90,15,1,133967,AdultMaleAgent(Clone),10,12,1.71,1.58,8.97168,4,True,3,1,0.3333333
2026-03-07_02.22.51,232,sign-optimization-horizontal-vertical_scenario,627,354,3,3,4,0,90,15,1,133968,WheelchairAgent(Clone),10,12,1.3,1.17,3.957031,2,True,3,1,0.3333333
2026-03-07_02.22.51,232,sign-optimization-horizontal-vertical_scenario,627,354,3,3,4,0,90,15,1,133969,WheelchairAgent(Clone),10,12,1.3,1.17,11.02637,2,True,3,1,0.3333333
2026-03-07_02.22.51,232,sign-optimization-horizontal-vertical_scenario,627,354,3,3,4,0,90,15,1,133970,WheelchairAgent(Clone),11,10,1.3,1.17,9.169922,2,True,3,2,0.6666667
2026-03-07_02.22.51,232,sign-optimization-horizontal-vertical_scenario,627,354,3,3,4,0,90,15,1,133971,WheelchairAgent(Clone),10,12,1.3,1.17,8.838867,2,True,3,1,0.3333333
2026-03-07_02.22.51,232,sign-optimization-horizontal-vertical_scenario,627,354,3,3,4,0,90,15,1,133972,WheelchairAgent(Clone),5,10,1.3,1.17,0,0,False,2,0,0
2026-03-07_02.22.51,232,sign-optimization-horizontal-vertical_scenario,627,354,3,3,4,0,90,15,1,133973,AdultMaleAgent(Clone),6,12,1.71,1.58,7.981445,2,True,2,1,0.5
2026-03-07_02.22.51,232,sign-optimization-horizontal-vertical_scenario,627,354,3,3,4,0,90,15,1,133974,WheelchairAgent(Clone),5,10,1.3,1.17,0,0,False,2,0,0
2026-03-07_02.22.51,232,sign-optimization-horizontal-vertical_scenario,627,354,3,3,4,0,90,15,1,133975,AdultFemaleAgent(Clone),5,10,1.58,1.45,0,0,False,2,0,0
2026-03-07_02.22.51,232,sign-optimization-horizontal-vertical_scenario,627,354,3,3,4,0,90,15,1,133976,AdultMaleAgent(Clone),5,10,1.71,1.58,0,0,False,2,0,0
2026-03-07_02.22.51,232,sign-optimization-horizontal-vertical_scenario,627,354,3,3,4,0,90,15,1,133977,AdultMaleAgent(Clone),7,11,1.71,1.58,12.76074,1,True,2,1,0.5
2026-03-07_02.22.51,232,sign-optimization-horizontal-vertical_scenario,627,354,3,3,4,0,90,15,1,133978,AdultFemaleAgent(Clone),6,12,1.58,1.45,9.060547,2,True,2,1,0.5
2026-03-07_02.22.51,232,sign-optimization-horizontal-vertical_scenario,627,354,3,3,4,0,90,15,1,133979,AdultMaleAgent(Clone),11,10,1.71,1.58,9.317383,2,True,3,2,0.6666667
2026-03-07_02.22.51,232,sign-optimization-horizontal-vertical_scenario,627,354,3,3,4,0,90,15,1,133980,AdultMaleAgent(Clone),10,12,1.71,1.58,8.868164,2,True,3,1,0.3333333
2026-03-07_02.22.51,232,sign-optimization-horizontal-vertical_scenario,627,354,3,3,4,0,90,15,1,133981,AdultFemaleAgent(Clone),6,12,1.58,1.45,7.397461,2,True,2,1,0.5
2026-03-07_02.22.51,232,sign-optimization-horizontal-vertical_scenario,627,354,3,3,4,0,90,15,1,133982,WheelchairAgent(Clone),10,12,1.3,1.17,7.537109,4,True,3,1,0.3333333
2026-03-07_02.22.51,232,sign-optimization-horizontal-vertical_scenario,627,354,3,3,4,0,90,15,1,133983,AdultMaleAgent(Clone),11,10,1.71,1.58,10.55176,2,True,3,2,0.6666667
2026-03-07_02.22.51,232,sign-optimization-horizontal-vertical_scenario,627,354,3,3,4,0,90,15,1,133984,AdultMaleAgent(Clone),11,10,1.71,1.58,9.71582,2,True,3,2,0.6666667
2026-03-07_02.22.51,232,sign-optimization-horizontal-vertical_scenario,627,354,3,3,4,0,90,15,1,133985,WheelchairAgent(Clone),10,12,1.3,1.17,9.958984,2,True,3,1,0.3333333
2026-03-07_02.22.51,232,sign-optimization-horizontal-vertical_scenario,627,354,3,3,4,0,90,15,1,133986,WheelchairAgent(Clone),6,12,1.3,1.17,8.185547,2,True,2,1,0.5
2026-03-07_02.22.51,232,sign-optimization-horizontal-vertical_scenario,627,354,3,3,4,0,90,15,1,133987,AdultFemaleAgent(Clone),5,10,1.58,1.45,0,0,False,2,0,0
2026-03-07_02.22.51,232,sign-optimization-horizontal-vertical_scenario,627,354,3,3,4,0,90,15,1,133988,AdultFemaleAgent(Clone),5,10,1.58,1.45,0,0,False,2,0,0
2026-03-07_02.22.51,232,sign-optimization-horizontal-vertical_scenario,627,354,3,3,4,0,90,15,1,133989,AdultMaleAgent(Clone),7,11,1.71,1.58,14.04883,1,True,2,1,0.5
2026-03-07_02.22.51,232,sign-optimization-horizontal-vertical_scenario,627,354,3,3,4,0,90,15,1,133990,AdultFemaleAgent(Clone),7,11,1.58,1.450001,11.19727,1,False,2,1,0.5
2026-03-07_02.22.51,232,sign-optimization-horizontal-vertical_scenario,627,354,3,3,4,0,90,15,1,133991,WheelchairAgent(Clone),11,10,1.3,1.17,9.676758,2,True,3,1,0.3333333
2026-03-07_02.22.51,232,sign-optimization-horizontal-vertical_scenario,627,354,3,3,4,0,90,15,1,133992,AdultMaleAgent(Clone),11,10,1.71,1.58,9.085938,2,True,3,2,0.6666667
2026-03-07_02.22.51,232,sign-optimization-horizontal-vertical_scenario,627,354,3,3,4,0,90,15,1,133993,AdultFemaleAgent(Clone),7,11,1.58,1.450001,11.875,1,True,2,1,0.5
2026-03-07_02.22.51,232,sign-optimization-horizontal-vertical_scenario,627,354,3,3,4,0,90,15,1,133994,WheelchairAgent(Clone),5,10,1.3,1.17,0,0,False,2,0,0
2026-03-07_02.22.51,232,sign-optimization-horizontal-vertical_scenario,627,354,3,3,4,0,90,15,1,133995,AdultMaleAgent(Clone),11,10,1.71,1.58,10.48145,2,True,3,1,0.3333333
2026-03-07_02.22.51,232,sign-optimization-horizontal-vertical_scenario,627,354,3,3,4,0,90,15,1,133996,AdultFemaleAgent(Clone),11,10,1.58,1.450001,10.2334,2,True,3,2,0.6666667
2026-03-07_02.22.51,232,sign-optimization-horizontal-vertical_scenario,627,354,3,3,4,0,90,15,1,133997,AdultMaleAgent(Clone),11,10,1.71,1.58,8.893555,2,True,3,2,0.6666667
2026-03-07_02.22.51,232,sign-optimization-horizontal-vertical_scenario,627,354,3,3,4,0,90,15,1,133998,WheelchairAgent(Clone),6,12,1.3,1.17,8.935547,2,True,2,1,0.5
2026-03-07_02.22.51,232,sign-optimization-horizontal-vertical_scenario,627,354,3,3,4,0,90,15,1,133999,AdultMaleAgent(Clone),7,11,1.71,1.58,14.91309,1,True,2,1,0.5
2026-03-07_02.22.51,232,sign-optimization-horizontal-vertical_scenario,627,354,3,3,4,0,90,15,1,134000,AdultFemaleAgent(Clone),11,10,1.58,1.450001,16.84961,2,True,3,1,0.3333333
2026-03-07_02.22.51,232,sign-optimization-horizontal-vertical_scenario,627,354,3,3,4,0,90,15,1,134001,AdultFemaleAgent(Clone),5,10,1.58,1.45,0,0,False,2,0,0
2026-03-07_02.22.51,232,sign-optimization-horizontal-vertical_scenario,627,354,3,3,4,0,90,15,1,134002,AdultMaleAgent(Clone),11,10,1.71,1.58,9.916016,2,True,3,2,0.6666667
2026-03-07_02.22.51,232,sign-optimization-horizontal-vertical_scenario,627,354,3,3,4,0,90,15,1,134003,AdultMaleAgent(Clone),5,10,1.71,1.58,0,0,False,2,0,0
2026-03-07_02.22.51,232,sign-optimization-horizontal-vertical_scenario,627,354,3,3,4,0,90,15,1,134004,WheelchairAgent(Clone),10,12,1.3,1.17,9.741211,2,True,3,1,0.3333333
2026-03-07_02.22.51,232,sign-optimization-horizontal-vertical_scenario,627,354,3,3,4,0,90,15,1,134005,AdultFemaleAgent(Clone),5,10,1.58,1.45,0,0,False,2,0,0
2026-03-07_02.22.51,232,sign-optimization-horizontal-vertical_scenario,627,354,3,3,4,0,90,15,1,134006,AdultMaleAgent(Clone),11,10,1.71,1.58,8.757813,2,True,3,2,0.6666667
2026-03-07_02.22.51,232,sign-optimization-horizontal-vertical_scenario,627,354,3,3,4,0,90,15,1,134007,AdultMaleAgent(Clone),6,12,1.71,1.58,9.172852,2,True,2,1,0.5
2026-03-07_02.22.51,232,sign-optimization-horizontal-vertical_scenario,627,354,3,3,4,0,90,15,1,134008,AdultFemaleAgent(Clone),11,10,1.58,1.450001,9.081055,2,True,3,1,0.3333333
2026-03-07_02.22.51,232,sign-optimization-horizontal-vertical_scenario,627,354,3,3,4,0,90,15,1,134009,AdultMaleAgent(Clone),5,10,1.71,1.58,0,0,False,2,0,0
2026-03-07_02.22.51,232,sign-optimization-horizontal-vertical_scenario,627,354,3,3,4,0,90,15,1,134010,AdultFemaleAgent(Clone),6,12,1.58,1.45,7.998047,2,True,2,1,0.5
2026-03-07_02.22.51,232,sign-optimization-horizontal-vertical_scenario,627,354,3,3,4,0,90,15,1,134011,AdultMaleAgent(Clone),6,12,1.71,1.58,7.369141,2,True,2,1,0.5
2026-03-07_02.22.51,232,sign-optimization-horizontal-vertical_scenario,627,354,3,3,4,0,90,15,1,134012,AdultMaleAgent(Clone),5,10,1.71,1.58,0,0,False,2,0,0
2026-03-07_02.22.51,232,sign-optimization-horizontal-vertical_scenario,627,354,3,3,4,0,90,15,1,134013,AdultFemaleAgent(Clone),6,12,1.58,1.45,7.87793,2,True,2,1,0.5
2026-03-07_02.22.51,232,sign-optimization-horizontal-vertical_scenario,627,354,3,3,4,0,90,15,1,134014,WheelchairAgent(Clone),11,10,1.3,1.17,10.78125,2,True,3,1,0.3333333
2026-03-07_02.22.51,232,sign-optimization-horizontal-vertical_scenario,627,354,3,3,4,0,90,15,1,134015,WheelchairAgent(Clone),7,11,1.3,1.17,14.84668,1,True,2,1,0.5
2026-03-07_02.22.51,232,sign-optimization-horizontal-vertical_scenario,627,354,3,3,4,0,90,15,1,134016,AdultFemaleAgent(Clone),11,10,1.58,1.450001,12.28613,2,True,3,2,0.6666667
2026-03-07_02.22.51,232,sign-optimization-horizontal-vertical_scenario,627,354,3,3,4,0,90,15,1,134017,AdultFemaleAgent(Clone),10,12,1.58,1.45,9.978516,2,True,3,1,0.3333333
2026-03-07_02.22.51,232,sign-optimization-horizontal-vertical_scenario,627,354,3,3,4,0,90,15,1,134018,WheelchairAgent(Clone),5,10,1.3,1.17,0,0,False,2,0,0
2026-03-07_02.22.51,232,sign-optimization-horizontal-vertical_scenario,627,354,3,3,4,0,90,15,1,134019,AdultFemaleAgent(Clone),7,11,1.58,1.450001,12.82422,1,True,2,1,0.5
2026-03-07_02.22.51,232,sign-optimization-horizontal-vertical_scenario,627,354,3,3,4,0,90,15,1,134020,AdultMaleAgent(Clone),7,11,1.71,1.58,13.69824,1,True,2,1,0.5
2026-03-07_02.22.51,232,sign-optimization-horizontal-vertical_scenario,627,354,3,3,4,0,90,15,1,134021,AdultFemaleAgent(Clone),6,12,1.58,1.45,10.04688,2,True,2,1,0.5
2026-03-07_02.22.51,232,sign-optimization-horizontal-vertical_scenario,627,354,3,3,4,0,90,15,1,134022,WheelchairAgent(Clone),5,10,1.3,1.17,0,0,False,2,0,0
2026-03-07_02.22.51,232,sign-optimization-horizontal-vertical_scenario,627,354,3,3,4,0,90,15,1,134023,AdultFemaleAgent(Clone),5,10,1.58,1.45,0,0,False,2,0,0
2026-03-07_02.22.51,232,sign-optimization-horizontal-vertical_scenario,627,354,3,3,4,0,90,15,1,134024,AdultFemaleAgent(Clone),10,12,1.58,1.45,11.27441,2,True,3,1,0.3333333
2026-03-07_02.22.51,232,sign-optimization-horizontal-vertical_scenario,627,354,3,3,4,0,90,15,1,134025,AdultMaleAgent(Clone),11,10,1.71,1.58,10.90527,2,True,3,1,0.3333333
2026-03-07_02.22.51,232,sign-optimization-horizontal-vertical_scenario,627,354,3,3,4,0,90,15,1,134026,AdultMaleAgent(Clone),11,10,1.71,1.58,8.881836,2,True,3,2,0.6666667
2026-03-07_02.22.51,232,sign-optimization-horizontal-vertical_scenario,627,354,3,3,4,0,90,15,1,134027,WheelchairAgent(Clone),7,11,1.3,1.17,11.03809,1,False,2,0,0
2026-03-07_02.22.51,232,sign-optimization-horizontal-vertical_scenario,627,354,3,3,4,0,90,15,1,134028,AdultFemaleAgent(Clone),6,12,1.58,1.45,8.176758,2,True,2,1,0.5
2026-03-07_02.22.51,232,sign-optimization-horizontal-vertical_scenario,627,354,3,3,4,0,90,15,1,134029,AdultMaleAgent(Clone),7,11,1.71,1.58,12.86816,1,True,2,1,0.5
2026-03-07_02.22.51,232,sign-optimization-horizontal-vertical_scenario,627,354,3,3,4,0,90,15,1,134030,WheelchairAgent(Clone),5,10,1.3,1.17,0,0,False,2,0,0
2026-03-07_02.22.51,232,sign-optimization-horizontal-vertical_scenario,627,354,3,3,4,0,90,15,1,134031,AdultMaleAgent(Clone),10,12,1.71,1.58,11.12891,2,True,3,1,0.3333333
2026-03-07_02.22.51,232,sign-optimization-horizontal-vertical_scenario,627,354,3,3,4,0,90,15,1,134032,AdultMaleAgent(Clone),7,11,1.71,1.58,13.24121,1,True,2,1,0.5
2026-03-07_02.22.51,232,sign-optimization-horizontal-vertical_scenario,627,354,3,3,4,0,90,15,1,134033,WheelchairAgent(Clone),7,11,1.3,1.17,13.8291,1,True,2,1,0.5
2026-03-07_02.22.51,232,sign-optimization-horizontal-vertical_scenario,627,354,3,3,4,0,90,15,1,134034,WheelchairAgent(Clone),5,10,1.3,1.17,0,0,False,2,0,0
2026-03-07_02.22.51,232,sign-optimization-horizontal-vertical_scenario,627,354,3,3,4,0,90,15,1,134035,WheelchairAgent(Clone),11,10,1.3,1.17,10.77148,2,True,3,2,0.6666667
2026-03-07_02.22.51,232,sign-optimization-horizontal-vertical_scenario,627,354,3,3,4,0,90,15,1,134036,AdultMaleAgent(Clone),11,10,1.71,1.58,11.18066,2,True,3,2,0.6666667
2026-03-07_02.22.51,232,sign-optimization-horizontal-vertical_scenario,627,354,3,3,4,0,90,15,1,134037,AdultMaleAgent(Clone),6,12,1.71,1.58,7.463867,2,True,2,1,0.5
2026-03-07_02.22.51,232,sign-optimization-horizontal-vertical_scenario,627,354,3,3,4,0,90,15,1,134038,AdultFemaleAgent(Clone),6,12,1.58,1.45,9.5625,2,True,2,1,0.5
2026-03-07_02.22.51,232,sign-optimization-horizontal-vertical_scenario,627,354,3,3,4,0,90,15,1,134039,AdultFemaleAgent(Clone),7,11,1.58,1.450001,22.83887,1,True,2,1,0.5
2026-03-07_02.22.51,232,sign-optimization-horizontal-vertical_scenario,627,354,3,3,4,0,90,15,1,134040,WheelchairAgent(Clone),5,10,1.3,1.17,0,0,False,2,0,0
2026-03-07_02.22.51,232,sign-optimization-horizontal-vertical_scenario,627,354,3,3,4,0,90,15,1,134041,AdultFemaleAgent(Clone),6,12,1.58,1.45,7.985352,2,True,2,1,0.5
2026-03-07_02.22.51,232,sign-optimization-horizontal-vertical_scenario,627,354,3,3,4,0,90,15,1,134042,AdultMaleAgent(Clone),10,12,1.71,1.58,9.819336,2,True,3,1,0.3333333
2026-03-07_02.22.51,232,sign-optimization-horizontal-vertical_scenario,627,354,3,3,4,0,90,15,1,134043,AdultMaleAgent(Clone),6,12,1.71,1.58,7.641602,2,True,2,1,0.5
2026-03-07_02.22.51,232,sign-optimization-horizontal-vertical_scenario,627,354,3,3,4,0,90,15,1,134044,AdultFemaleAgent(Clone),6,12,1.58,1.45,9.599609,2,True,2,1,0.5
2026-03-07_02.22.51,232,sign-optimization-horizontal-vertical_scenario,627,354,3,3,4,0,90,15,1,134045,WheelchairAgent(Clone),11,10,1.3,1.17,9.010742,2,True,3,2,0.6666667
2026-03-07_02.22.51,232,sign-optimization-horizontal-vertical_scenario,627,354,3,3,4,0,90,15,1,134046,WheelchairAgent(Clone),11,10,1.3,1.17,9.714844,2,True,3,2,0.6666667
2026-03-07_02.22.51,232,sign-optimization-horizontal-vertical_scenario,627,354,3,3,4,0,90,15,1,134047,AdultFemaleAgent(Clone),5,10,1.58,1.45,0,0,False,2,0,0
2026-03-07_02.22.51,232,sign-optimization-horizontal-vertical_scenario,627,354,3,3,4,0,90,15,1,134048,WheelchairAgent(Clone),6,12,1.3,1.17,7.462891,2,True,2,1,0.5
2026-03-07_02.22.51,232,sign-optimization-horizontal-vertical_scenario,627,354,3,3,4,0,90,15,1,134049,WheelchairAgent(Clone),7,11,1.3,1.17,13.04688,1,True,2,1,0.5
2026-03-07_02.22.51,232,sign-optimization-horizontal-vertical_scenario,627,354,3,3,4,0,90,15,1,134050,AdultFemaleAgent(Clone),6,12,1.58,1.45,8.404297,2,True,2,1,0.5
2026-03-07_02.22.51,232,sign-optimization-horizontal-vertical_scenario,627,354,3,3,4,0,90,15,1,134051,AdultFemaleAgent(Clone),11,10,1.58,1.450001,11.15625,2,True,3,1,0.3333333
2026-03-07_02.22.51,232,sign-optimization-horizontal-vertical_scenario,627,354,3,3,4,0,90,15,1,134052,AdultFemaleAgent(Clone),10,12,1.58,1.45,10.0127,2,True,3,1,0.3333333
2026-03-07_02.22.51,232,sign-optimization-horizontal-vertical_scenario,627,354,3,3,4,0,90,15,1,134053,WheelchairAgent(Clone),7,11,1.3,1.17,13.76563,1,True,2,1,0.5
2026-03-07_02.22.51,232,sign-optimization-horizontal-vertical_scenario,627,354,3,3,4,0,90,15,1,134054,WheelchairAgent(Clone),6,12,1.3,1.17,7.90332,2,True,2,1,0.5
2026-03-07_02.22.51,232,sign-optimization-horizontal-vertical_scenario,627,354,3,3,4,0,90,15,1,134055,WheelchairAgent(Clone),6,12,1.3,1.17,7.571289,2,True,2,1,0.5
2026-03-07_02.22.51,232,sign-optimization-horizontal-vertical_scenario,627,354,3,3,4,0,90,15,1,134056,AdultMaleAgent(Clone),7,11,1.71,1.58,12.51563,1,False,2,1,0.5
2026-03-07_02.22.51,232,sign-optimization-horizontal-vertical_scenario,627,354,3,3,4,0,90,15,1,134057,WheelchairAgent(Clone),5,10,1.3,1.17,0,0,False,2,0,0
2026-03-07_02.22.51,232,sign-optimization-horizontal-vertical_scenario,627,354,3,3,4,0,90,15,1,134058,WheelchairAgent(Clone),11,10,1.3,1.17,10.875,2,False,3,2,0.6666667
2026-03-07_02.22.51,232,sign-optimization-horizontal-vertical_scenario,627,354,3,3,4,0,90,15,1,134059,WheelchairAgent(Clone),10,12,1.3,1.17,9.238281,2,True,3,1,0.3333333
2026-03-07_02.22.51,232,sign-optimization-horizontal-vertical_scenario,627,354,3,3,4,0,90,15,1,134060,AdultFemaleAgent(Clone),7,11,1.58,1.450001,13.16016,1,True,2,1,0.5
2026-03-07_02.22.51,232,sign-optimization-horizontal-vertical_scenario,627,354,3,3,4,0,90,15,1,134061,AdultMaleAgent(Clone),6,12,1.71,1.58,8.272461,2,True,2,1,0.5
2026-03-07_02.22.51,232,sign-optimization-horizontal-vertical_scenario,627,354,3,3,4,0,90,15,1,134062,AdultFemaleAgent(Clone),6,12,1.58,1.45,9.37793,2,True,2,1,0.5
2026-03-07_02.22.51,232,sign-optimization-horizontal-vertical_scenario,627,354,3,3,4,0,90,15,1,134063,AdultFemaleAgent(Clone),11,10,1.58,1.450001,11.87207,2,True,3,2,0.6666667
2026-03-07_02.22.51,232,sign-optimization-horizontal-vertical_scenario,627,354,3,3,4,0,90,15,1,134064,WheelchairAgent(Clone),5,10,1.3,1.17,0,0,False,2,0,0
2026-03-07_02.22.51,232,sign-optimization-horizontal-vertical_scenario,627,354,3,3,4,0,90,15,1,134065,WheelchairAgent(Clone),7,11,1.3,1.17,15.125,1,True,2,1,0.5
2026-03-07_02.22.51,232,sign-optimization-horizontal-vertical_scenario,627,354,3,3,4,0,90,15,1,134066,WheelchairAgent(Clone),10,12,1.3,1.17,9.173828,2,True,3,1,0.3333333
2026-03-07_02.22.51,232,sign-optimization-horizontal-vertical_scenario,627,354,3,3,4,0,90,15,1,134067,AdultMaleAgent(Clone),6,12,1.71,1.58,9.662109,2,True,2,1,0.5
2026-03-07_02.22.51,232,sign-optimization-horizontal-vertical_scenario,627,354,3,3,4,0,90,15,1,134068,AdultFemaleAgent(Clone),5,10,1.58,1.45,0,0,False,2,0,0
2026-03-07_02.22.51,232,sign-optimization-horizontal-vertical_scenario,627,354,3,3,4,0,90,15,1,134069,WheelchairAgent(Clone),6,12,1.3,1.17,7.764648,2,True,2,1,0.5
2026-03-07_02.22.51,232,sign-optimization-horizontal-vertical_scenario,627,354,3,3,4,0,90,15,1,134070,AdultMaleAgent(Clone),7,11,1.71,1.58,11.69043,1,True,2,1,0.5
2026-03-07_02.22.51,232,sign-optimization-horizontal-vertical_scenario,627,354,3,3,4,0,90,15,1,134071,AdultFemaleAgent(Clone),5,10,1.58,1.45,0,0,False,2,0,0
2026-03-07_02.22.51,232,sign-optimization-horizontal-vertical_scenario,627,354,3,3,4,0,90,15,1,134072,WheelchairAgent(Clone),6,12,1.3,1.17,9.180664,2,True,2,1,0.5
2026-03-07_02.22.51,232,sign-optimization-horizontal-vertical_scenario,627,354,3,3,4,0,90,15,1,134073,AdultMaleAgent(Clone),11,10,1.71,1.58,8.618164,2,True,3,1,0.3333333
2026-03-07_02.22.51,232,sign-optimization-horizontal-vertical_scenario,627,354,3,3,4,0,90,15,1,134074,AdultFemaleAgent(Clone),7,11,1.58,1.450001,9.956055,1,False,2,1,0.5
2026-03-07_02.22.51,232,sign-optimization-horizontal-vertical_scenario,627,354,3,3,4,0,90,15,1,134075,WheelchairAgent(Clone),10,12,1.3,1.17,9.292969,2,True,3,1,0.3333333
2026-03-07_02.22.51,232,sign-optimization-horizontal-vertical_scenario,627,354,3,3,4,0,90,15,1,134076,AdultMaleAgent(Clone),6,12,1.71,1.58,8.337891,2,True,2,1,0.5
2026-03-07_02.22.51,232,sign-optimization-horizontal-vertical_scenario,627,354,3,3,4,0,90,15,1,134077,WheelchairAgent(Clone),10,12,1.3,1.17,9.338867,2,True,3,1,0.3333333
2026-03-07_02.22.51,232,sign-optimization-horizontal-vertical_scenario,627,354,3,3,4,0,90,15,1,134078,WheelchairAgent(Clone),5,10,1.3,1.17,0,0,False,2,0,0
2026-03-07_02.22.51,232,sign-optimization-horizontal-vertical_scenario,627,354,3,3,4,0,90,15,1,134079,WheelchairAgent(Clone),6,12,1.3,1.17,8.452148,2,True,2,1,0.5
2026-03-07_02.22.51,232,sign-optimization-horizontal-vertical_scenario,627,354,3,3,4,0,90,15,1,134080,AdultMaleAgent(Clone),6,12,1.71,1.58,8.025391,2,True,2,1,0.5
2026-03-07_02.22.51,232,sign-optimization-horizontal-vertical_scenario,627,354,3,3,4,0,90,15,1,134081,AdultFemaleAgent(Clone),6,12,1.58,1.45,8.973633,2,True,2,1,0.5
2026-03-07_02.22.51,232,sign-optimization-horizontal-vertical_scenario,627,354,3,3,4,0,90,15,1,134082,AdultMaleAgent(Clone),6,12,1.71,1.58,8.896484,2,True,2,1,0.5
2026-03-07_02.22.51,232,sign-optimization-horizontal-vertical_scenario,627,354,3,3,4,0,90,15,1,134083,WheelchairAgent(Clone),6,12,1.3,1.17,8.496094,2,False,2,1,0.5
2026-03-07_02.22.51,232,sign-optimization-horizontal-vertical_scenario,627,354,3,3,4,0,90,15,1,134084,AdultMaleAgent(Clone),7,11,1.71,1.58,16.06348,1,True,2,1,0.5
2026-03-07_02.22.51,232,sign-optimization-horizontal-vertical_scenario,627,354,3,3,4,0,90,15,1,134085,AdultMaleAgent(Clone),6,12,1.71,1.58,9.016602,2,True,2,1,0.5
2026-03-07_02.22.51,232,sign-optimization-horizontal-vertical_scenario,627,354,3,3,4,0,90,15,1,134086,AdultMaleAgent(Clone),10,12,1.71,1.58,9.305664,2,True,3,1,0.3333333
2026-03-07_02.22.51,232,sign-optimization-horizontal-vertical_scenario,627,354,3,3,4,0,90,15,1,134087,WheelchairAgent(Clone),5,10,1.3,1.17,0,0,False,2,0,0
2026-03-07_02.22.51,232,sign-optimization-horizontal-vertical_scenario,627,354,3,3,4,0,90,15,1,134088,WheelchairAgent(Clone),7,11,1.3,1.17,12.86816,1,True,2,1,0.5
2026-03-07_02.22.51,232,sign-optimization-horizontal-vertical_scenario,627,354,3,3,4,0,90,15,1,134089,AdultMaleAgent(Clone),5,10,1.71,1.58,0,0,False,2,0,0
2026-03-07_02.22.51,232,sign-optimization-horizontal-vertical_scenario,627,354,3,3,4,0,90,15,1,134090,AdultFemaleAgent(Clone),10,12,1.58,1.45,12.95508,2,True,3,1,0.3333333
2026-03-07_02.22.51,232,sign-optimization-horizontal-vertical_scenario,627,354,3,3,4,0,90,15,1,134091,WheelchairAgent(Clone),11,10,1.3,1.17,9.138672,2,False,3,2,0.6666667
2026-03-07_02.22.51,232,sign-optimization-horizontal-vertical_scenario,627,354,3,3,4,0,90,15,1,134092,AdultFemaleAgent(Clone),11,10,1.58,1.450001,3.31543,1,True,3,2,0.6666667
2026-03-07_02.22.51,232,sign-optimization-horizontal-vertical_scenario,627,354,3,3,4,0,90,15,1,134093,AdultMaleAgent(Clone),10,12,1.71,1.58,9.836914,2,True,3,1,0.3333333
2026-03-07_02.22.51,232,sign-optimization-horizontal-vertical_scenario,627,354,3,3,4,0,90,15,1,134094,AdultMaleAgent(Clone),6,12,1.71,1.58,7.694336,2,True,2,1,0.5
2026-03-07_02.22.51,232,sign-optimization-horizontal-vertical_scenario,627,354,3,3,4,0,90,15,1,134095,AdultFemaleAgent(Clone),6,12,1.58,1.45,9.950195,2,True,2,1,0.5
2026-03-07_02.22.51,232,sign-optimization-horizontal-vertical_scenario,627,354,3,3,4,0,90,15,1,134096,AdultFemaleAgent(Clone),11,10,1.58,1.450001,8.355469,2,True,3,1,0.3333333
2026-03-07_02.22.51,232,sign-optimization-horizontal-vertical_scenario,627,354,3,3,4,0,90,15,1,134097,WheelchairAgent(Clone),5,10,1.3,1.17,0,0,False,2,0,0
2026-03-07_02.22.51,232,sign-optimization-horizontal-vertical_scenario,627,354,3,3,4,0,90,15,1,134098,AdultFemaleAgent(Clone),6,12,1.58,1.45,8.22168,2,True,2,1,0.5
2026-03-07_02.22.51,232,sign-optimization-horizontal-vertical_scenario,627,354,3,3,4,0,90,15,1,134099,AdultMaleAgent(Clone),7,11,1.71,1.58,15.41602,1,True,2,1,0.5
2026-03-07_02.22.51,232,sign-optimization-horizontal-vertical_scenario,627,354,3,3,4,0,90,15,1,134100,WheelchairAgent(Clone),6,12,1.3,1.17,9.179688,2,True,2,1,0.5
2026-03-07_02.22.51,232,sign-optimization-horizontal-vertical_scenario,627,354,3,3,4,0,90,15,1,134101,AdultFemaleAgent(Clone),6,12,1.58,1.45,7.681641,2,False,2,0,0
2026-03-07_02.22.51,232,sign-optimization-horizontal-vertical_scenario,627,354,3,3,4,0,90,15,1,134102,AdultMaleAgent(Clone),6,12,1.71,1.58,9.672852,2,True,2,1,0.5
2026-03-07_02.22.51,232,sign-optimization-horizontal-vertical_scenario,627,354,3,3,4,0,90,15,1,134103,AdultMaleAgent(Clone),7,11,1.71,1.58,15.79688,1,True,2,1,0.5
2026-03-07_02.22.51,232,sign-optimization-horizontal-vertical_scenario,627,354,3,3,4,0,90,15,1,134104,WheelchairAgent(Clone),10,12,1.3,1.17,11.29102,2,False,3,1,0.3333333
2026-03-07_02.22.51,232,sign-optimization-horizontal-vertical_scenario,627,354,3,3,4,0,90,15,1,134105,AdultMaleAgent(Clone),10,12,1.71,1.58,8.858398,2,True,3,1,0.3333333
2026-03-07_02.22.51,232,sign-optimization-horizontal-vertical_scenario,627,354,3,3,4,0,90,15,1,134106,AdultFemaleAgent(Clone),7,11,1.58,1.450001,12.35352,1,True,2,1,0.5
2026-03-07_02.22.51,232,sign-optimization-horizontal-vertical_scenario,627,354,3,3,4,0,90,15,1,134107,WheelchairAgent(Clone),10,12,1.3,1.17,8.368164,2,True,3,1,0.3333333
2026-03-07_02.22.51,232,sign-optimization-horizontal-vertical_scenario,627,354,3,3,4,0,90,15,1,134108,AdultFemaleAgent(Clone),5,10,1.58,1.45,0,0,False,2,0,0
2026-03-07_02.22.51,232,sign-optimization-horizontal-vertical_scenario,627,354,3,3,4,0,90,15,1,134109,AdultFemaleAgent(Clone),10,12,1.58,1.45,9.208008,2,True,3,1,0.3333333
2026-03-07_02.22.51,232,sign-optimization-horizontal-vertical_scenario,627,354,3,3,4,0,90,15,1,134110,AdultMaleAgent(Clone),7,11,1.71,1.58,0,0,True,2,1,0.5
2026-03-07_02.22.51,232,sign-optimization-horizontal-vertical_scenario,627,354,3,3,4,0,90,15,1,134111,WheelchairAgent(Clone),5,10,1.3,1.17,0,0,False,2,0,0
2026-03-07_02.22.51,232,sign-optimization-horizontal-vertical_scenario,627,354,3,3,4,0,90,15,1,134112,AdultFemaleAgent(Clone),11,10,1.58,1.450001,8.523438,2,False,3,2,0.6666667
2026-03-07_02.22.51,232,sign-optimization-horizontal-vertical_scenario,627,354,3,3,4,0,90,15,1,134113,AdultFemaleAgent(Clone),10,12,1.58,1.45,13.7793,2,True,3,1,0.3333333
2026-03-07_02.22.51,232,sign-optimization-horizontal-vertical_scenario,627,354,3,3,4,0,90,15,1,134114,AdultFemaleAgent(Clone),6,12,1.58,1.45,9.384766,2,True,2,1,0.5
2026-03-07_02.22.51,232,sign-optimization-horizontal-vertical_scenario,627,354,3,3,4,0,90,15,1,134115,AdultFemaleAgent(Clone),10,12,1.58,1.45,17.95898,2,True,3,1,0.3333333
2026-03-07_02.22.51,232,sign-optimization-horizontal-vertical_scenario,627,354,3,3,4,0,90,15,1,134116,AdultFemaleAgent(Clone),7,11,1.58,1.450001,13.96094,1,True,2,1,0.5
2026-03-07_02.22.51,232,sign-optimization-horizontal-vertical_scenario,627,354,3,3,4,0,90,15,1,134117,AdultFemaleAgent(Clone),6,12,1.58,1.45,8.138672,2,True,2,1,0.5
2026-03-07_02.22.51,232,sign-optimization-horizontal-vertical_scenario,627,354,3,3,4,0,90,15,1,134118,AdultFemaleAgent(Clone),11,10,1.58,1.450001,9.916016,2,False,3,2,0.6666667
2026-03-07_02.22.51,232,sign-optimization-horizontal-vertical_scenario,627,354,3,3,4,0,90,15,1,134119,WheelchairAgent(Clone),11,10,1.3,1.17,9.456055,3,False,3,2,0.6666667
2026-03-07_02.22.51,232,sign-optimization-horizontal-vertical_scenario,627,354,3,3,4,0,90,15,1,134120,AdultFemaleAgent(Clone),6,12,1.58,1.45,8.27832,2,True,2,1,0.5
2026-03-07_02.22.51,232,sign-optimization-horizontal-vertical_scenario,627,354,3,3,4,0,90,15,1,134121,AdultFemaleAgent(Clone),5,10,1.58,1.45,0,0,False,2,0,0
2026-03-07_02.22.51,232,sign-optimization-horizontal-vertical_scenario,627,354,3,3,4,0,90,15,1,134122,AdultFemaleAgent(Clone),11,10,1.58,1.450001,10.10938,2,True,3,1,0.3333333
2026-03-07_02.22.51,232,sign-optimization-horizontal-vertical_scenario,627,354,3,3,4,0,90,15,1,134123,AdultMaleAgent(Clone),6,12,1.71,1.58,8.754883,2,True,2,1,0.5
2026-03-07_02.22.51,232,sign-optimization-horizontal-vertical_scenario,627,354,3,3,4,0,90,15,1,134124,AdultMaleAgent(Clone),6,12,1.71,1.58,9.438477,2,True,2,1,0.5
2026-03-07_02.22.51,232,sign-optimization-horizontal-vertical_scenario,627,354,3,3,4,0,90,15,1,134125,AdultFemaleAgent(Clone),7,11,1.58,1.450001,14.12109,1,True,2,1,0.5
2026-03-07_02.22.51,232,sign-optimization-horizontal-vertical_scenario,627,354,3,3,4,0,90,15,1,134126,AdultMaleAgent(Clone),11,10,1.71,1.58,9.436523,2,False,3,2,0.6666667
2026-03-07_02.22.51,232,sign-optimization-horizontal-vertical_scenario,627,354,3,3,4,0,90,15,1,134127,AdultFemaleAgent(Clone),6,12,1.58,1.45,11.15332,2,True,2,1,0.5
2026-03-07_02.22.51,232,sign-optimization-horizontal-vertical_scenario,627,354,3,3,4,0,90,15,1,134128,AdultMaleAgent(Clone),10,12,1.71,1.58,8.976563,2,True,3,1,0.3333333
2026-03-07_02.22.51,232,sign-optimization-horizontal-vertical_scenario,627,354,3,3,4,0,90,15,1,134129,AdultFemaleAgent(Clone),11,10,1.58,1.450001,8.411133,3,False,3,2,0.6666667
2026-03-07_02.22.51,232,sign-optimization-horizontal-vertical_scenario,627,354,3,3,4,0,90,15,1,134130,AdultMaleAgent(Clone),5,10,1.71,1.58,0,0,False,2,0,0
2026-03-07_02.22.51,232,sign-optimization-horizontal-vertical_scenario,627,354,3,3,4,0,90,15,1,134131,AdultMaleAgent(Clone),11,10,1.71,1.58,9.855469,2,True,3,1,0.3333333
2026-03-07_02.22.51,232,sign-optimization-horizontal-vertical_scenario,627,354,3,3,4,0,90,15,1,134132,WheelchairAgent(Clone),7,11,1.3,1.17,14.03125,1,True,2,1,0.5
2026-03-07_02.22.51,232,sign-optimization-horizontal-vertical_scenario,627,354,3,3,4,0,90,15,1,134133,WheelchairAgent(Clone),6,12,1.3,1.17,8.632813,2,False,2,1,0.5
2026-03-07_02.22.51,232,sign-optimization-horizontal-vertical_scenario,627,354,3,3,4,0,90,15,1,134134,AdultFemaleAgent(Clone),6,12,1.58,1.45,8.426758,2,True,2,1,0.5
2026-03-07_02.22.51,232,sign-optimization-horizontal-vertical_scenario,627,354,3,3,4,0,90,15,1,134135,WheelchairAgent(Clone),10,12,1.3,1.17,10.20605,2,True,3,1,0.3333333
2026-03-07_02.22.51,232,sign-optimization-horizontal-vertical_scenario,627,354,3,3,4,0,90,15,1,134136,WheelchairAgent(Clone),7,11,1.3,1.17,14.73926,1,True,2,1,0.5
2026-03-07_02.22.51,232,sign-optimization-horizontal-vertical_scenario,627,354,3,3,4,0,90,15,1,134137,WheelchairAgent(Clone),10,12,1.3,1.17,9.092773,2,True,3,1,0.3333333
2026-03-07_02.22.51,232,sign-optimization-horizontal-vertical_scenario,627,354,3,3,4,0,90,15,1,134138,WheelchairAgent(Clone),6,12,1.3,1.17,8.348633,2,True,2,1,0.5
2026-03-07_02.22.51,232,sign-optimization-horizontal-vertical_scenario,627,354,3,3,4,0,90,15,1,134139,AdultMaleAgent(Clone),7,11,1.71,1.58,14.41406,1,True,2,1,0.5
2026-03-07_02.22.51,232,sign-optimization-horizontal-vertical_scenario,627,354,3,3,4,0,90,15,1,134140,AdultMaleAgent(Clone),5,10,1.71,1.58,0,0,False,2,0,0
2026-03-07_02.22.51,232,sign-optimization-horizontal-vertical_scenario,627,354,3,3,4,0,90,15,1,134141,WheelchairAgent(Clone),7,11,1.3,1.17,15.19434,1,False,2,1,0.5
2026-03-07_02.22.51,232,sign-optimization-horizontal-vertical_scenario,627,354,3,3,4,0,90,15,1,134142,AdultMaleAgent(Clone),5,10,1.71,1.58,0,0,False,2,0,0
2026-03-07_02.22.51,232,sign-optimization-horizontal-vertical_scenario,627,354,3,3,4,0,90,15,1,134143,AdultMaleAgent(Clone),5,10,1.71,1.58,0,0,False,2,0,0
2026-03-07_02.22.51,232,sign-optimization-horizontal-vertical_scenario,627,354,3,3,4,0,90,15,1,134144,AdultFemaleAgent(Clone),7,11,1.58,1.450001,12.5498,1,True,2,1,0.5
2026-03-07_02.22.51,232,sign-optimization-horizontal-vertical_scenario,627,354,3,3,4,0,90,15,1,134145,AdultMaleAgent(Clone),7,11,1.71,1.58,14.07324,1,True,2,1,0.5
2026-03-07_02.22.51,232,sign-optimization-horizontal-vertical_scenario,627,354,3,3,4,0,90,15,1,134146,WheelchairAgent(Clone),11,10,1.3,1.17,9.902344,2,True,3,1,0.3333333
2026-03-07_02.22.51,232,sign-optimization-horizontal-vertical_scenario,627,354,3,3,4,0,90,15,1,134147,WheelchairAgent(Clone),7,11,1.3,1.17,13.1377,1,True,2,1,0.5
2026-03-07_02.22.51,232,sign-optimization-horizontal-vertical_scenario,627,354,3,3,4,0,90,15,1,134148,AdultFemaleAgent(Clone),11,10,1.58,1.450001,9.265625,2,True,3,2,0.6666667
2026-03-07_02.22.51,232,sign-optimization-horizontal-vertical_scenario,627,354,3,3,4,0,90,15,1,134149,WheelchairAgent(Clone),10,12,1.3,1.17,9.136719,2,True,3,1,0.3333333
2026-03-07_02.22.51,232,sign-optimization-horizontal-vertical_scenario,627,354,3,3,4,0,90,15,1,134150,AdultMaleAgent(Clone),6,12,1.71,1.58,8.756836,2,True,2,1,0.5
2026-03-07_02.22.51,232,sign-optimization-horizontal-vertical_scenario,627,354,3,3,4,0,90,15,1,134151,AdultMaleAgent(Clone),11,10,1.71,1.58,9.50293,2,True,3,2,0.6666667
2026-03-07_02.22.51,232,sign-optimization-horizontal-vertical_scenario,627,354,3,3,4,0,90,15,1,134152,AdultFemaleAgent(Clone),7,11,1.58,1.450001,14.98242,1,True,2,1,0.5
2026-03-07_02.22.51,232,sign-optimization-horizontal-vertical_scenario,627,354,3,3,4,0,90,15,1,134153,AdultFemaleAgent(Clone),11,10,1.58,1.450001,3.702148,1,False,3,0,0
2026-03-07_02.22.51,232,sign-optimization-horizontal-vertical_scenario,627,354,3,3,4,0,90,15,1,134154,AdultMaleAgent(Clone),7,11,1.71,1.58,13.89844,1,True,2,1,0.5
2026-03-07_02.22.51,232,sign-optimization-horizontal-vertical_scenario,627,354,3,3,4,0,90,15,1,134155,AdultMaleAgent(Clone),7,11,1.71,1.58,18.2832,1,True,2,1,0.5
2026-03-07_02.22.51,232,sign-optimization-horizontal-vertical_scenario,627,354,3,3,4,0,90,15,1,134156,AdultMaleAgent(Clone),6,12,1.71,1.58,10.15723,2,True,2,1,0.5
2026-03-07_02.22.51,232,sign-optimization-horizontal-vertical_scenario,627,354,3,3,4,0,90,15,1,134157,AdultMaleAgent(Clone),10,12,1.71,1.58,12.21094,2,True,3,1,0.3333333
2026-03-07_02.22.51,232,sign-optimization-horizontal-vertical_scenario,627,354,3,3,4,0,90,15,1,134158,AdultMaleAgent(Clone),5,10,1.71,1.58,0,0,False,2,0,0
2026-03-07_02.22.51,232,sign-optimization-horizontal-vertical_scenario,627,354,3,3,4,0,90,15,1,134159,AdultFemaleAgent(Clone),6,12,1.58,1.45,8.960938,2,True,2,1,0.5
2026-03-07_02.22.51,232,sign-optimization-horizontal-vertical_scenario,627,354,3,3,4,0,90,15,1,134160,WheelchairAgent(Clone),11,10,1.3,1.17,9.671875,2,False,3,2,0.6666667
2026-03-07_02.22.51,232,sign-optimization-horizontal-vertical_scenario,627,354,3,3,4,0,90,15,1,134161,AdultFemaleAgent(Clone),6,12,1.58,1.45,9.620117,2,True,2,1,0.5
2026-03-07_02.22.51,232,sign-optimization-horizontal-vertical_scenario,627,354,3,3,4,0,90,15,1,134162,AdultFemaleAgent(Clone),10,12,1.58,1.45,8.547852,2,True,3,1,0.3333333
2026-03-07_02.22.51,232,sign-optimization-horizontal-vertical_scenario,627,354,3,3,4,0,90,15,1,134163,AdultFemaleAgent(Clone),11,10,1.58,1.450001,3.962891,1,False,3,2,0.6666667
2026-03-07_02.22.51,232,sign-optimization-horizontal-vertical_scenario,627,354,3,3,4,0,90,15,1,134164,WheelchairAgent(Clone),10,12,1.3,1.17,8.84082,2,True,3,1,0.3333333
2026-03-07_02.22.51,232,sign-optimization-horizontal-vertical_scenario,627,354,3,3,4,0,90,15,1,134165,AdultFemaleAgent(Clone),11,10,1.58,1.450001,10.09668,2,True,3,2,0.6666667
2026-03-07_02.22.51,232,sign-optimization-horizontal-vertical_scenario,627,354,3,3,4,0,90,15,1,134166,AdultMaleAgent(Clone),6,12,1.71,1.58,9.759766,2,True,2,1,0.5
2026-03-07_02.22.51,232,sign-optimization-horizontal-vertical_scenario,627,354,3,3,4,0,90,15,1,134167,AdultFemaleAgent(Clone),5,10,1.58,1.45,0,0,False,2,0,0
2026-03-07_02.22.51,232,sign-optimization-horizontal-vertical_scenario,627,354,3,3,4,0,90,15,1,134168,AdultFemaleAgent(Clone),10,12,1.58,1.45,8.65332,2,True,3,1,0.3333333
2026-03-07_02.22.51,232,sign-optimization-horizontal-vertical_scenario,627,354,3,3,4,0,90,15,1,134169,WheelchairAgent(Clone),10,12,1.3,1.17,10.38477,2,True,3,1,0.3333333
2026-03-07_02.22.51,232,sign-optimization-horizontal-vertical_scenario,627,354,3,3,4,0,90,15,1,134170,AdultFemaleAgent(Clone),5,10,1.58,1.45,0,0,False,2,0,0
2026-03-07_02.22.51,232,sign-optimization-horizontal-vertical_scenario,627,354,3,3,4,0,90,15,1,134171,AdultMaleAgent(Clone),11,10,1.71,1.58,16.40625,1,True,3,1,0.3333333
2026-03-07_02.22.51,232,sign-optimization-horizontal-vertical_scenario,627,354,3,3,4,0,90,15,1,134172,AdultFemaleAgent(Clone),6,12,1.58,1.45,9.22168,2,True,2,1,0.5
2026-03-07_02.22.51,232,sign-optimization-horizontal-vertical_scenario,627,354,3,3,4,0,90,15,1,134173,WheelchairAgent(Clone),5,10,1.3,1.17,0,0,False,2,0,0
2026-03-07_02.22.51,232,sign-optimization-horizontal-vertical_scenario,627,354,3,3,4,0,90,15,1,134174,WheelchairAgent(Clone),7,11,1.3,1.17,14.69531,1,True,2,1,0.5
2026-03-07_02.22.51,232,sign-optimization-horizontal-vertical_scenario,627,354,3,3,4,0,90,15,1,134175,WheelchairAgent(Clone),11,10,1.3,1.17,7.575195,1,False,3,0,0
2026-03-07_02.22.51,232,sign-optimization-horizontal-vertical_scenario,627,354,3,3,4,0,90,15,1,134176,AdultMaleAgent(Clone),11,10,1.71,1.58,2.916992,1,False,3,0,0
2026-03-07_02.22.51,232,sign-optimization-horizontal-vertical_scenario,627,354,3,3,4,0,90,15,1,134177,WheelchairAgent(Clone),10,12,1.3,1.17,9.78418,2,True,3,1,0.3333333
2026-03-07_02.22.51,232,sign-optimization-horizontal-vertical_scenario,627,354,3,3,4,0,90,15,1,134178,AdultFemaleAgent(Clone),10,12,1.58,1.45,8.90625,2,True,3,1,0.3333333
2026-03-07_02.22.51,232,sign-optimization-horizontal-vertical_scenario,627,354,3,3,4,0,90,15,1,134179,AdultFemaleAgent(Clone),11,10,1.58,1.450001,9.93457,2,True,3,1,0.3333333
2026-03-07_02.22.51,232,sign-optimization-horizontal-vertical_scenario,627,354,3,3,4,0,90,15,1,134180,WheelchairAgent(Clone),10,12,1.3,1.17,7.455078,3,True,3,1,0.3333333
2026-03-07_02.22.51,232,sign-optimization-horizontal-vertical_scenario,627,354,3,3,4,0,90,15,1,134181,AdultFemaleAgent(Clone),5,10,1.58,1.45,0,0,False,2,0,0
2026-03-07_02.22.51,232,sign-optimization-horizontal-vertical_scenario,627,354,3,3,4,0,90,15,1,134182,AdultFemaleAgent(Clone),11,10,1.58,1.450001,10.86328,1,True,3,1,0.3333333
2026-03-07_02.22.51,232,sign-optimization-horizontal-vertical_scenario,627,354,3,3,4,0,90,15,1,134183,WheelchairAgent(Clone),10,12,1.3,1.17,9.092773,2,True,3,1,0.3333333
2026-03-07_02.22.51,232,sign-optimization-horizontal-vertical_scenario,627,354,3,3,4,0,90,15,1,134184,WheelchairAgent(Clone),5,10,1.3,1.17,0,0,False,2,0,0
2026-03-07_02.22.51,232,sign-optimization-horizontal-vertical_scenario,627,354,3,3,4,0,90,15,1,134185,AdultMaleAgent(Clone),5,10,1.71,1.58,0,0,False,2,0,0
2026-03-07_02.22.51,232,sign-optimization-horizontal-vertical_scenario,627,354,3,3,4,0,90,15,1,134186,AdultMaleAgent(Clone),11,10,1.71,1.58,3.479492,1,False,3,1,0.3333333
2026-03-07_02.22.51,232,sign-optimization-horizontal-vertical_scenario,627,354,3,3,4,0,90,15,1,134187,AdultFemaleAgent(Clone),10,12,1.58,1.45,10.49609,2,True,3,1,0.3333333
2026-03-07_02.22.51,232,sign-optimization-horizontal-vertical_scenario,627,354,3,3,4,0,90,15,1,134188,AdultMaleAgent(Clone),11,10,1.71,1.58,4.491211,1,True,3,1,0.3333333
2026-03-07_02.22.51,232,sign-optimization-horizontal-vertical_scenario,627,354,3,3,4,0,90,15,1,134189,AdultFemaleAgent(Clone),11,10,1.58,1.450001,3.336914,1,False,3,0,0
2026-03-07_02.22.51,232,sign-optimization-horizontal-vertical_scenario,627,354,3,3,4,0,90,15,1,134190,AdultMaleAgent(Clone),5,10,1.71,1.58,0,0,False,2,0,0
2026-03-07_02.22.51,232,sign-optimization-horizontal-vertical_scenario,627,354,3,3,4,0,90,15,1,134191,AdultMaleAgent(Clone),11,10,1.71,1.58,10.0791,2,True,3,1,0.3333333
2026-03-07_02.22.51,232,sign-optimization-horizontal-vertical_scenario,627,354,3,3,4,0,90,15,1,134192,AdultMaleAgent(Clone),5,10,1.71,1.58,0,0,False,2,0,0
2026-03-07_02.22.51,232,sign-optimization-horizontal-vertical_scenario,627,354,3,3,4,0,90,15,1,134193,AdultMaleAgent(Clone),11,10,1.71,1.58,10.14941,2,True,3,1,0.3333333
2026-03-07_02.22.51,232,sign-optimization-horizontal-vertical_scenario,627,354,3,3,4,0,90,15,1,134194,WheelchairAgent(Clone),10,12,1.3,1.17,6.602539,1,True,3,1,0.3333333
2026-03-07_02.22.51,232,sign-optimization-horizontal-vertical_scenario,627,354,3,3,4,0,90,15,1,134195,AdultMaleAgent(Clone),5,10,1.71,1.58,0,0,False,2,0,0
2026-03-07_02.22.51,232,sign-optimization-horizontal-vertical_scenario,627,354,3,3,4,0,90,15,1,134196,WheelchairAgent(Clone),6,12,1.3,1.17,9.154297,2,True,2,1,0.5
2026-03-07_02.22.51,232,sign-optimization-horizontal-vertical_scenario,627,354,3,3,4,0,90,15,1,134197,AdultFemaleAgent(Clone),6,12,1.58,1.45,8.796875,2,True,2,1,0.5
2026-03-07_02.22.51,232,sign-optimization-horizontal-vertical_scenario,627,354,3,3,4,0,90,15,1,134198,AdultFemaleAgent(Clone),10,12,1.58,1.45,9.391602,2,True,3,1,0.3333333
2026-03-07_02.22.51,232,sign-optimization-horizontal-vertical_scenario,627,354,3,3,4,0,90,15,1,134199,AdultMaleAgent(Clone),10,12,1.71,1.58,10.91797,2,True,3,1,0.3333333
2026-03-07_02.22.51,232,sign-optimization-horizontal-vertical_scenario,627,354,3,3,4,0,90,15,1,134200,AdultMaleAgent(Clone),5,10,1.71,1.58,0,0,False,2,0,0
2026-03-07_02.22.51,232,sign-optimization-horizontal-vertical_scenario,627,354,3,3,4,0,90,15,1,134201,WheelchairAgent(Clone),6,12,1.3,1.17,7.638672,2,False,2,1,0.5
2026-03-07_02.22.51,232,sign-optimization-horizontal-vertical_scenario,627,354,3,3,4,0,90,15,1,134202,AdultFemaleAgent(Clone),7,11,1.58,1.450001,11.65039,1,True,2,1,0.5
2026-03-07_02.22.51,232,sign-optimization-horizontal-vertical_scenario,627,354,3,3,4,0,90,15,1,134203,AdultFemaleAgent(Clone),5,10,1.58,1.45,0,0,False,2,0,0
2026-03-07_02.22.51,232,sign-optimization-horizontal-vertical_scenario,627,354,3,3,4,0,90,15,1,134204,AdultFemaleAgent(Clone),6,12,1.58,1.45,9.179688,2,True,2,1,0.5
2026-03-07_02.22.51,232,sign-optimization-horizontal-vertical_scenario,627,354,3,3,4,0,90,15,1,134205,AdultFemaleAgent(Clone),5,10,1.58,1.45,0,0,False,2,0,0
2026-03-07_02.22.51,232,sign-optimization-horizontal-vertical_scenario,627,354,3,3,4,0,90,15,1,134206,AdultMaleAgent(Clone),11,10,1.71,1.58,6.557617,1,True,3,1,0.3333333
2026-03-07_02.22.51,232,sign-optimization-horizontal-vertical_scenario,627,354,3,3,4,0,90,15,1,134207,AdultMaleAgent(Clone),11,10,1.71,1.58,3.688477,1,False,3,1,0.3333333
2026-03-07_02.22.51,232,sign-optimization-horizontal-vertical_scenario,627,354,3,3,4,0,90,15,1,134208,WheelchairAgent(Clone),6,12,1.3,1.17,8.524414,2,True,2,1,0.5
2026-03-07_02.22.51,232,sign-optimization-horizontal-vertical_scenario,627,354,3,3,4,0,90,15,1,134209,WheelchairAgent(Clone),7,11,1.3,1.17,0,0,True,2,1,0.5
2026-03-07_02.22.51,232,sign-optimization-horizontal-vertical_scenario,627,354,3,3,4,0,90,15,1,134210,AdultFemaleAgent(Clone),6,12,1.58,1.45,7.9375,2,True,2,1,0.5
2026-03-07_02.22.51,232,sign-optimization-horizontal-vertical_scenario,627,354,3,3,4,0,90,15,1,134211,AdultFemaleAgent(Clone),7,11,1.58,1.450001,13.01367,1,True,2,1,0.5
2026-03-07_02.22.51,232,sign-optimization-horizontal-vertical_scenario,627,354,3,3,4,0,90,15,1,134212,WheelchairAgent(Clone),11,10,1.3,1.17,2.327148,1,False,3,0,0
2026-03-07_02.22.51,232,sign-optimization-horizontal-vertical_scenario,627,354,3,3,4,0,90,15,1,134213,WheelchairAgent(Clone),7,11,1.3,1.17,13.9082,1,True,2,1,0.5
2026-03-07_02.22.51,232,sign-optimization-horizontal-vertical_scenario,627,354,3,3,4,0,90,15,1,134214,WheelchairAgent(Clone),11,10,1.3,1.17,3.474609,1,False,3,1,0.3333333
2026-03-07_02.22.51,232,sign-optimization-horizontal-vertical_scenario,627,354,3,3,4,0,90,15,1,134215,AdultMaleAgent(Clone),10,12,1.71,1.58,10.15332,2,True,3,1,0.3333333
2026-03-07_02.22.51,232,sign-optimization-horizontal-vertical_scenario,627,354,3,3,4,0,90,15,1,134216,AdultFemaleAgent(Clone),7,11,1.58,1.450001,13.45508,1,True,2,1,0.5
2026-03-07_02.22.51,232,sign-optimization-horizontal-vertical_scenario,627,354,3,3,4,0,90,15,1,134217,WheelchairAgent(Clone),11,10,1.3,1.17,13.04492,1,True,3,1,0.3333333
2026-03-07_02.22.51,232,sign-optimization-horizontal-vertical_scenario,627,354,3,3,4,0,90,15,1,134218,AdultFemaleAgent(Clone),6,12,1.58,1.45,9.149414,2,True,2,1,0.5
2026-03-07_02.22.51,232,sign-optimization-horizontal-vertical_scenario,627,354,3,3,4,0,90,15,1,134219,AdultMaleAgent(Clone),7,11,1.71,1.58,0,0,True,2,1,0.5
2026-03-07_02.22.51,232,sign-optimization-horizontal-vertical_scenario,627,354,3,3,4,0,90,15,1,134220,WheelchairAgent(Clone),7,11,1.3,1.17,0,0,True,2,1,0.5
2026-03-07_02.22.51,232,sign-optimization-horizontal-vertical_scenario,627,354,3,3,4,0,90,15,1,134221,AdultFemaleAgent(Clone),6,12,1.58,1.45,8.819336,2,True,2,1,0.5
2026-03-07_02.22.51,232,sign-optimization-horizontal-vertical_scenario,627,354,3,3,4,0,90,15,1,134222,WheelchairAgent(Clone),5,10,1.3,1.17,0,0,False,2,0,0
2026-03-07_02.22.51,232,sign-optimization-horizontal-vertical_scenario,627,354,3,3,4,0,90,15,1,134223,AdultMaleAgent(Clone),5,10,1.71,1.58,0,0,False,2,0,0
2026-03-07_02.22.51,232,sign-optimization-horizontal-vertical_scenario,627,354,3,3,4,0,90,15,1,134224,WheelchairAgent(Clone),6,12,1.3,1.17,9.317383,2,True,2,1,0.5
2026-03-07_02.22.51,232,sign-optimization-horizontal-vertical_scenario,627,354,3,3,4,0,90,15,1,134225,AdultMaleAgent(Clone),5,10,1.71,1.58,0,0,False,2,0,0
2026-03-07_02.22.51,232,sign-optimization-horizontal-vertical_scenario,627,354,3,3,4,0,90,15,1,134226,AdultMaleAgent(Clone),10,12,1.71,1.58,8.054688,1,True,3,1,0.3333333
2026-03-07_02.22.51,232,sign-optimization-horizontal-vertical_scenario,627,354,3,3,4,0,90,15,1,134227,WheelchairAgent(Clone),6,12,1.3,1.17,6.945313,2,False,2,1,0.5
2026-03-07_02.22.51,232,sign-optimization-horizontal-vertical_scenario,627,354,3,3,4,0,90,15,1,134228,AdultFemaleAgent(Clone),11,10,1.58,1.450001,3.043945,1,False,3,0,0
2026-03-07_02.22.51,232,sign-optimization-horizontal-vertical_scenario,627,354,3,3,4,0,90,15,1,134229,WheelchairAgent(Clone),10,12,1.3,1.17,7.4375,1,False,3,1,0.3333333
2026-03-07_02.22.51,232,sign-optimization-horizontal-vertical_scenario,627,354,3,3,4,0,90,15,1,134230,AdultFemaleAgent(Clone),5,10,1.58,1.45,0,0,False,2,0,0
2026-03-07_02.22.51,232,sign-optimization-horizontal-vertical_scenario,627,354,3,3,4,0,90,15,1,134231,AdultMaleAgent(Clone),6,12,1.71,1.58,9.317383,2,True,2,1,0.5
2026-03-07_02.22.51,232,sign-optimization-horizontal-vertical_scenario,627,354,3,3,4,0,90,15,1,134232,AdultMaleAgent(Clone),7,11,1.71,1.58,0,0,True,2,1,0.5
2026-03-07_02.22.51,232,sign-optimization-horizontal-vertical_scenario,627,354,3,3,4,0,90,15,1,134233,AdultFemaleAgent(Clone),5,10,1.58,1.45,0,0,False,2,0,0
2026-03-07_02.22.51,232,sign-optimization-horizontal-vertical_scenario,627,354,3,3,4,0,90,15,1,134234,AdultFemaleAgent(Clone),10,12,1.58,1.45,7.520508,1,True,3,1,0.3333333
2026-03-07_02.22.51,232,sign-optimization-horizontal-vertical_scenario,627,354,3,3,4,0,90,15,1,134235,WheelchairAgent(Clone),11,10,1.3,1.17,7.858398,1,True,3,1,0.3333333
2026-03-07_02.22.51,232,sign-optimization-horizontal-vertical_scenario,627,354,3,3,4,0,90,15,1,134236,WheelchairAgent(Clone),7,11,1.3,1.17,0,0,False,2,1,0.5
2026-03-07_02.22.51,232,sign-optimization-horizontal-vertical_scenario,627,354,3,3,4,0,90,15,1,134237,AdultMaleAgent(Clone),10,12,1.71,1.58,8.568359,1,True,3,1,0.3333333
2026-03-07_02.22.51,232,sign-optimization-horizontal-vertical_scenario,627,354,3,3,4,0,90,15,1,134238,AdultMaleAgent(Clone),6,12,1.71,1.58,8.663086,2,True,2,1,0.5
2026-03-07_02.22.51,232,sign-optimization-horizontal-vertical_scenario,627,354,3,3,4,0,90,15,1,134239,WheelchairAgent(Clone),10,12,1.3,1.17,8.447266,2,True,3,1,0.3333333
2026-03-07_02.22.51,232,sign-optimization-horizontal-vertical_scenario,627,354,3,3,4,0,90,15,1,134240,AdultFemaleAgent(Clone),11,10,1.58,1.450001,2.882813,1,False,3,1,0.3333333
2026-03-07_02.22.51,232,sign-optimization-horizontal-vertical_scenario,627,354,3,3,4,0,90,15,1,134241,WheelchairAgent(Clone),11,10,1.3,1.17,9.266602,1,False,3,1,0.3333333
2026-03-07_02.22.51,232,sign-optimization-horizontal-vertical_scenario,627,354,3,3,4,0,90,15,1,134242,AdultFemaleAgent(Clone),5,10,1.58,1.45,0,0,False,2,0,0
2026-03-07_02.22.51,232,sign-optimization-horizontal-vertical_scenario,627,354,3,3,4,0,90,15,1,134243,AdultFemaleAgent(Clone),6,12,1.58,1.45,9.956055,1,True,2,1,0.5
2026-03-07_02.22.51,232,sign-optimization-horizontal-vertical_scenario,627,354,3,3,4,0,90,15,1,134244,WheelchairAgent(Clone),7,11,1.3,1.17,0,0,True,2,1,0.5
2026-03-07_02.22.51,232,sign-optimization-horizontal-vertical_scenario,627,354,3,3,4,0,90,15,1,134245,AdultMaleAgent(Clone),7,11,1.71,1.58,0,0,True,2,1,0.5
2026-03-07_02.22.51,232,sign-optimization-horizontal-vertical_scenario,627,354,3,3,4,0,90,15,1,134246,AdultMaleAgent(Clone),10,12,1.71,1.58,8.649414,2,True,3,1,0.3333333
2026-03-07_02.22.51,232,sign-optimization-horizontal-vertical_scenario,627,354,3,3,4,0,90,15,1,134247,AdultFemaleAgent(Clone),6,12,1.58,1.45,9.224609,2,True,2,1,0.5
2026-03-07_02.22.51,232,sign-optimization-horizontal-vertical_scenario,627,354,3,3,4,0,90,15,1,134248,AdultFemaleAgent(Clone),11,10,1.58,1.450001,5.927734,1,True,3,2,0.6666667
2026-03-07_02.22.51,232,sign-optimization-horizontal-vertical_scenario,627,354,3,3,4,0,90,15,1,134249,AdultMaleAgent(Clone),7,11,1.71,1.58,11.83398,1,True,2,1,0.5
2026-03-07_02.22.51,232,sign-optimization-horizontal-vertical_scenario,627,354,3,3,4,0,90,15,1,134250,WheelchairAgent(Clone),6,12,1.3,1.17,8.892578,2,True,2,1,0.5
2026-03-07_02.22.51,232,sign-optimization-horizontal-vertical_scenario,627,354,3,3,4,0,90,15,1,134251,AdultMaleAgent(Clone),10,12,1.71,1.58,5.827148,1,True,3,1,0.3333333
2026-03-07_02.22.51,232,sign-optimization-horizontal-vertical_scenario,627,354,3,3,4,0,90,15,1,134252,AdultFemaleAgent(Clone),7,11,1.58,1.450001,0,0,True,2,1,0.5
2026-03-07_02.22.51,232,sign-optimization-horizontal-vertical_scenario,627,354,3,3,4,0,90,15,1,134253,WheelchairAgent(Clone),5,10,1.3,1.17,0,0,False,2,0,0
2026-03-07_02.22.51,232,sign-optimization-horizontal-vertical_scenario,627,354,3,3,4,0,90,15,1,134254,AdultMaleAgent(Clone),6,12,1.71,1.58,10.29395,1,True,2,1,0.5
2026-03-07_02.22.51,232,sign-optimization-horizontal-vertical_scenario,627,354,3,3,4,0,90,15,1,134255,WheelchairAgent(Clone),10,12,1.3,1.17,6.429688,1,True,3,1,0.3333333
2026-03-07_02.22.51,232,sign-optimization-horizontal-vertical_scenario,627,354,3,3,4,0,90,15,1,134256,AdultMaleAgent(Clone),7,11,1.71,1.58,0,0,True,2,1,0.5
2026-03-07_02.22.51,232,sign-optimization-horizontal-vertical_scenario,627,354,3,3,4,0,90,15,1,134257,AdultFemaleAgent(Clone),5,10,1.58,1.45,0,0,False,2,0,0
2026-03-07_02.22.51,232,sign-optimization-horizontal-vertical_scenario,627,354,3,3,4,0,90,15,1,134258,WheelchairAgent(Clone),6,12,1.3,1.17,6.725586,1,False,2,1,0.5
2026-03-07_02.22.51,232,sign-optimization-horizontal-vertical_scenario,627,354,3,3,4,0,90,15,1,134259,WheelchairAgent(Clone),10,12,1.3,1.17,7.807617,1,True,3,1,0.3333333
2026-03-07_02.22.51,232,sign-optimization-horizontal-vertical_scenario,627,354,3,3,4,0,90,15,1,134260,AdultFemaleAgent(Clone),10,12,1.58,1.45,3.624023,2,True,3,1,0.3333333
2026-03-07_02.22.51,232,sign-optimization-horizontal-vertical_scenario,627,354,3,3,4,0,90,15,1,134261,AdultFemaleAgent(Clone),5,10,1.58,1.45,0,0,False,2,0,0
2026-03-07_02.22.51,232,sign-optimization-horizontal-vertical_scenario,627,354,3,3,4,0,90,15,1,134262,AdultFemaleAgent(Clone),10,12,1.58,1.45,9.191406,1,True,3,1,0.3333333
2026-03-07_02.22.51,232,sign-optimization-horizontal-vertical_scenario,627,354,3,3,4,0,90,15,1,134263,AdultFemaleAgent(Clone),5,10,1.58,1.45,0,0,False,2,0,0
2026-03-07_02.22.51,232,sign-optimization-horizontal-vertical_scenario,627,354,3,3,4,0,90,15,1,134264,WheelchairAgent(Clone),7,11,1.3,1.17,0,0,True,2,1,0.5
2026-03-07_02.22.51,232,sign-optimization-horizontal-vertical_scenario,627,354,3,3,4,0,90,15,1,134265,AdultMaleAgent(Clone),5,10,1.71,1.58,0,0,False,2,0,0
2026-03-07_02.22.51,232,sign-optimization-horizontal-vertical_scenario,627,354,3,3,4,0,90,15,1,134266,AdultFemaleAgent(Clone),11,10,1.58,1.450001,3.336914,1,True,3,2,0.6666667
2026-03-07_02.22.51,232,sign-optimization-horizontal-vertical_scenario,627,354,3,3,4,0,90,15,1,134267,AdultFemaleAgent(Clone),7,11,1.58,1.450001,0,0,True,2,1,0.5
2026-03-07_02.22.51,232,sign-optimization-horizontal-vertical_scenario,627,354,3,3,4,0,90,15,1,134268,WheelchairAgent(Clone),5,10,1.3,1.17,0,0,False,2,0,0
2026-03-07_02.22.51,232,sign-optimization-horizontal-vertical_scenario,627,354,3,3,4,0,90,15,1,134269,WheelchairAgent(Clone),11,10,1.3,1.17,6.170898,1,True,3,2,0.6666667
2026-03-07_02.22.51,232,sign-optimization-horizontal-vertical_scenario,627,354,3,3,4,0,90,15,1,134270,WheelchairAgent(Clone),10,12,1.3,1.17,6.234375,1,True,3,1,0.3333333
2026-03-07_02.22.51,232,sign-optimization-horizontal-vertical_scenario,627,354,3,3,4,0,90,15,1,134271,WheelchairAgent(Clone),10,12,1.3,1.17,9.078125,1,False,3,1,0.3333333
2026-03-07_02.22.51,232,sign-optimization-horizontal-vertical_scenario,627,354,3,3,4,0,90,15,1,134272,AdultMaleAgent(Clone),7,11,1.71,1.58,0,0,True,2,1,0.5
2026-03-07_02.22.51,232,sign-optimization-horizontal-vertical_scenario,627,354,3,3,4,0,90,15,1,134273,AdultMaleAgent(Clone),6,12,1.71,1.58,7.793945,2,True,2,1,0.5
2026-03-07_02.22.51,232,sign-optimization-horizontal-vertical_scenario,627,354,3,3,4,0,90,15,1,134274,AdultMaleAgent(Clone),10,12,1.71,1.58,8.326172,1,True,3,1,0.3333333
2026-03-07_02.22.51,232,sign-optimization-horizontal-vertical_scenario,627,354,3,3,4,0,90,15,1,134275,AdultFemaleAgent(Clone),10,12,1.58,1.45,7.59082,1,True,3,1,0.3333333
2026-03-07_02.22.51,232,sign-optimization-horizontal-vertical_scenario,627,354,3,3,4,0,90,15,1,134276,AdultFemaleAgent(Clone),5,10,1.58,1.45,0,0,False,2,0,0
2026-03-07_02.22.51,232,sign-optimization-horizontal-vertical_scenario,627,354,3,3,4,0,90,15,1,134277,AdultFemaleAgent(Clone),5,10,1.58,1.45,0,0,False,2,0,0
2026-03-07_02.22.51,232,sign-optimization-horizontal-vertical_scenario,627,354,3,3,4,0,90,15,1,134278,AdultMaleAgent(Clone),5,10,1.71,1.58,0,0,False,2,0,0
2026-03-07_02.22.51,232,sign-optimization-horizontal-vertical_scenario,627,354,3,3,4,0,90,15,1,134279,AdultMaleAgent(Clone),10,12,1.71,1.58,6.335938,1,True,3,1,0.3333333
2026-03-07_02.22.51,232,sign-optimization-horizontal-vertical_scenario,627,354,3,3,4,0,90,15,1,134280,WheelchairAgent(Clone),5,10,1.3,1.17,0,0,False,2,0,0
2026-03-07_02.22.51,232,sign-optimization-horizontal-vertical_scenario,627,354,3,3,4,0,90,15,1,134281,AdultFemaleAgent(Clone),10,12,1.58,1.45,9.308594,1,True,3,1,0.3333333
2026-03-07_02.22.51,232,sign-optimization-horizontal-vertical_scenario,627,354,3,3,4,0,90,15,1,134282,WheelchairAgent(Clone),11,10,1.3,1.17,9.106445,1,True,3,1,0.3333333
2026-03-07_02.22.51,232,sign-optimization-horizontal-vertical_scenario,627,354,3,3,4,0,90,15,1,134283,AdultMaleAgent(Clone),5,10,1.71,1.58,0,0,False,2,0,0
2026-03-07_02.22.51,232,sign-optimization-horizontal-vertical_scenario,627,354,3,3,4,0,90,15,1,134284,WheelchairAgent(Clone),6,12,1.3,1.17,8.132813,1,True,2,1,0.5
2026-03-07_02.22.51,232,sign-optimization-horizontal-vertical_scenario,627,354,3,3,4,0,90,15,1,134285,AdultMaleAgent(Clone),10,12,1.71,1.58,7.681641,1,True,3,1,0.3333333
2026-03-07_02.22.51,232,sign-optimization-horizontal-vertical_scenario,627,354,3,3,4,0,90,15,1,134286,AdultFemaleAgent(Clone),6,12,1.58,1.45,8.824219,1,True,2,1,0.5
2026-03-07_02.22.51,232,sign-optimization-horizontal-vertical_scenario,627,354,3,3,4,0,90,15,1,134287,AdultFemaleAgent(Clone),11,10,1.58,1.450001,4.785156,1,True,3,2,0.6666667
2026-03-07_02.22.51,232,sign-optimization-horizontal-vertical_scenario,627,354,3,3,4,0,90,15,1,134288,WheelchairAgent(Clone),10,12,1.3,1.17,9.180664,1,True,3,1,0.3333333
2026-03-07_02.22.51,232,sign-optimization-horizontal-vertical_scenario,627,354,3,3,4,0,90,15,1,134289,WheelchairAgent(Clone),10,12,1.3,1.17,6.583984,1,False,3,0,0
2026-03-07_02.22.51,232,sign-optimization-horizontal-vertical_scenario,627,354,3,3,4,0,90,15,1,134290,AdultFemaleAgent(Clone),11,10,1.58,1.450001,6.823242,1,True,3,1,0.3333333
2026-03-07_02.22.51,232,sign-optimization-horizontal-vertical_scenario,627,354,3,3,4,0,90,15,1,134291,WheelchairAgent(Clone),6,12,1.3,1.17,10.64453,1,True,2,1,0.5
2026-03-07_02.22.51,232,sign-optimization-horizontal-vertical_scenario,627,354,3,3,4,0,90,15,1,134292,AdultFemaleAgent(Clone),10,12,1.58,1.45,7.410156,1,True,3,1,0.3333333
2026-03-07_02.22.51,232,sign-optimization-horizontal-vertical_scenario,627,354,3,3,4,0,90,15,1,134293,AdultFemaleAgent(Clone),7,11,1.58,1.450001,0,0,True,2,1,0.5
2026-03-07_02.22.51,232,sign-optimization-horizontal-vertical_scenario,627,354,3,3,4,0,90,15,1,134294,AdultMaleAgent(Clone),6,12,1.71,1.58,10.7627,1,True,2,1,0.5
2026-03-07_02.22.51,232,sign-optimization-horizontal-vertical_scenario,627,354,3,3,4,0,90,15,1,134295,AdultFemaleAgent(Clone),11,10,1.58,1.450001,6.061523,1,True,3,1,0.3333333
2026-03-07_02.22.51,232,sign-optimization-horizontal-vertical_scenario,627,354,3,3,4,0,90,15,1,134296,AdultMaleAgent(Clone),11,10,1.71,1.58,4.40918,1,True,3,1,0.3333333
2026-03-07_02.22.51,232,sign-optimization-horizontal-vertical_scenario,627,354,3,3,4,0,90,15,1,134297,AdultFemaleAgent(Clone),5,10,1.58,1.45,0,0,False,2,0,0
2026-03-07_02.22.51,232,sign-optimization-horizontal-vertical_scenario,627,354,3,3,4,0,90,15,1,134298,AdultFemaleAgent(Clone),5,10,1.58,1.45,0,0,False,2,0,0
2026-03-07_02.22.51,232,sign-optimization-horizontal-vertical_scenario,627,354,3,3,4,0,90,15,1,134299,AdultFemaleAgent(Clone),6,12,1.58,1.45,9.137695,1,True,2,1,0.5
2026-03-07_02.22.51,232,sign-optimization-horizontal-vertical_scenario,627,354,3,3,4,0,90,15,1,134300,WheelchairAgent(Clone),10,12,1.3,1.17,8.270508,1,True,3,1,0.3333333
2026-03-07_02.22.51,232,sign-optimization-horizontal-vertical_scenario,627,354,3,3,4,0,90,15,1,134301,AdultFemaleAgent(Clone),7,11,1.58,1.450001,0,0,True,2,1,0.5
2026-03-07_02.22.51,232,sign-optimization-horizontal-vertical_scenario,627,354,3,3,4,0,90,15,1,134302,AdultFemaleAgent(Clone),11,10,1.58,1.450001,3.993164,1,True,3,2,0.6666667
2026-03-07_02.22.51,232,sign-optimization-horizontal-vertical_scenario,627,354,3,3,4,0,90,15,1,134303,AdultFemaleAgent(Clone),7,11,1.58,1.450001,0,0,True,2,1,0.5
2026-03-07_02.22.51,232,sign-optimization-horizontal-vertical_scenario,627,354,3,3,4,0,90,15,1,134304,AdultMaleAgent(Clone),10,12,1.71,1.58,6.945313,1,True,3,1,0.3333333
2026-03-07_02.22.51,232,sign-optimization-horizontal-vertical_scenario,627,354,3,3,4,0,90,15,1,134305,WheelchairAgent(Clone),10,12,1.3,1.17,7.399414,1,True,3,1,0.3333333
2026-03-07_02.22.51,232,sign-optimization-horizontal-vertical_scenario,627,354,3,3,4,0,90,15,1,134306,WheelchairAgent(Clone),7,11,1.3,1.17,0,0,True,2,1,0.5
2026-03-07_02.22.51,232,sign-optimization-horizontal-vertical_scenario,627,354,3,3,4,0,90,15,1,134307,AdultMaleAgent(Clone),11,10,1.71,1.58,5.674805,1,True,3,1,0.3333333
2026-03-07_02.22.51,232,sign-optimization-horizontal-vertical_scenario,627,354,3,3,4,0,90,15,1,134308,AdultFemaleAgent(Clone),10,12,1.58,1.45,6.932617,1,True,3,1,0.3333333
2026-03-07_02.22.51,232,sign-optimization-horizontal-vertical_scenario,627,354,3,3,4,0,90,15,1,134309,AdultMaleAgent(Clone),10,12,1.71,1.58,9.24707,1,True,3,1,0.3333333
2026-03-07_02.22.51,232,sign-optimization-horizontal-vertical_scenario,627,354,3,3,4,0,90,15,1,134310,AdultMaleAgent(Clone),11,10,1.71,1.58,5.169922,1,False,3,0,0
2026-03-07_02.22.51,232,sign-optimization-horizontal-vertical_scenario,627,354,3,3,4,0,90,15,1,134311,WheelchairAgent(Clone),5,10,1.3,1.17,0,0,False,2,0,0
2026-03-07_02.22.51,232,sign-optimization-horizontal-vertical_scenario,627,354,3,3,4,0,90,15,1,134312,AdultFemaleAgent(Clone),10,12,1.58,1.45,8.354492,1,True,3,1,0.3333333
2026-03-07_02.22.51,232,sign-optimization-horizontal-vertical_scenario,627,354,3,3,4,0,90,15,1,134313,WheelchairAgent(Clone),7,11,1.3,1.17,0,0,True,2,1,0.5
2026-03-07_02.22.51,232,sign-optimization-horizontal-vertical_scenario,627,354,3,3,4,0,90,15,1,134314,AdultFemaleAgent(Clone),7,11,1.58,1.450001,0,0,True,2,1,0.5
2026-03-07_02.22.51,232,sign-optimization-horizontal-vertical_scenario,627,354,3,3,4,0,90,15,1,134315,WheelchairAgent(Clone),5,10,1.3,1.17,0,0,False,2,0,0
2026-03-07_02.22.51,232,sign-optimization-horizontal-vertical_scenario,627,354,3,3,4,0,90,15,1,134316,AdultMaleAgent(Clone),6,12,1.71,1.58,8.375977,1,True,2,1,0.5
2026-03-07_02.22.51,232,sign-optimization-horizontal-vertical_scenario,627,354,3,3,4,0,90,15,1,134317,AdultFemaleAgent(Clone),5,10,1.58,1.45,0,0,False,2,0,0
2026-03-07_02.22.51,232,sign-optimization-horizontal-vertical_scenario,627,354,3,3,4,0,90,15,1,134318,AdultMaleAgent(Clone),10,12,1.71,1.58,8.345703,1,True,3,1,0.3333333
2026-03-07_02.22.51,232,sign-optimization-horizontal-vertical_scenario,627,354,3,3,4,0,90,15,1,134319,AdultMaleAgent(Clone),5,10,1.71,1.58,0,0,False,2,0,0
2026-03-07_02.22.51,232,sign-optimization-horizontal-vertical_scenario,627,354,3,3,4,0,90,15,1,134320,AdultFemaleAgent(Clone),5,10,1.58,1.45,0,0,False,2,0,0
2026-03-07_02.22.51,232,sign-optimization-horizontal-vertical_scenario,627,354,3,3,4,0,90,15,1,134321,AdultMaleAgent(Clone),10,12,1.71,1.58,7.543945,1,True,3,1,0.3333333
2026-03-07_02.22.51,232,sign-optimization-horizontal-vertical_scenario,627,354,3,3,4,0,90,15,1,134322,WheelchairAgent(Clone),11,10,1.3,1.17,2.266602,1,False,3,0,0
2026-03-07_02.22.51,232,sign-optimization-horizontal-vertical_scenario,627,354,3,3,4,0,90,15,1,134323,WheelchairAgent(Clone),7,11,1.3,1.17,0,0,True,2,1,0.5
2026-03-07_02.22.51,232,sign-optimization-horizontal-vertical_scenario,627,354,3,3,4,0,90,15,1,134324,AdultFemaleAgent(Clone),10,12,1.58,1.45,7.273438,1,True,3,1,0.3333333
2026-03-07_02.22.51,232,sign-optimization-horizontal-vertical_scenario,627,354,3,3,4,0,90,15,1,134325,WheelchairAgent(Clone),7,11,1.3,1.17,0,0,False,2,1,0.5
2026-03-07_02.22.51,232,sign-optimization-horizontal-vertical_scenario,627,354,3,3,4,0,90,15,1,134326,AdultFemaleAgent(Clone),7,11,1.58,1.450001,0,0,True,2,1,0.5
2026-03-07_02.22.51,232,sign-optimization-horizontal-vertical_scenario,627,354,3,3,4,0,90,15,1,134327,AdultMaleAgent(Clone),6,12,1.71,1.58,10.61816,1,True,2,1,0.5
2026-03-07_02.22.51,232,sign-optimization-horizontal-vertical_scenario,627,354,3,3,4,0,90,15,1,134328,WheelchairAgent(Clone),10,12,1.3,1.17,7.119141,1,False,3,1,0.3333333
2026-03-07_02.22.51,232,sign-optimization-horizontal-vertical_scenario,627,354,3,3,4,0,90,15,1,134329,AdultFemaleAgent(Clone),11,10,1.58,1.450001,3.737305,1,False,3,0,0
2026-03-07_02.22.51,232,sign-optimization-horizontal-vertical_scenario,627,354,3,3,4,0,90,15,1,134330,AdultFemaleAgent(Clone),6,12,1.58,1.45,8.277344,1,True,2,1,0.5
2026-03-07_02.22.51,232,sign-optimization-horizontal-vertical_scenario,627,354,3,3,4,0,90,15,1,134331,WheelchairAgent(Clone),7,11,1.3,1.17,0,0,True,2,1,0.5
2026-03-07_02.22.51,232,sign-optimization-horizontal-vertical_scenario,627,354,3,3,4,0,90,15,1,134332,WheelchairAgent(Clone),5,10,1.3,1.17,0,0,False,2,0,0
2026-03-07_02.22.51,232,sign-optimization-horizontal-vertical_scenario,627,354,3,3,4,0,90,15,1,134333,WheelchairAgent(Clone),11,10,1.3,1.17,2.333984,1,False,3,1,0.3333333
2026-03-07_02.22.51,232,sign-optimization-horizontal-vertical_scenario,627,354,3,3,4,0,90,15,1,134334,WheelchairAgent(Clone),6,12,1.3,1.17,8.660156,1,True,2,1,0.5
2026-03-07_02.22.51,232,sign-optimization-horizontal-vertical_scenario,627,354,3,3,4,0,90,15,1,134335,AdultMaleAgent(Clone),6,12,1.71,1.58,8.320313,1,True,2,1,0.5
2026-03-07_02.22.51,232,sign-optimization-horizontal-vertical_scenario,627,354,3,3,4,0,90,15,1,134336,WheelchairAgent(Clone),11,10,1.3,1.17,1.868164,1,False,3,0,0
2026-03-07_02.22.51,232,sign-optimization-horizontal-vertical_scenario,627,354,3,3,4,0,90,15,1,134337,AdultMaleAgent(Clone),10,12,1.71,1.58,8.510742,1,True,3,1,0.3333333
2026-03-07_02.22.51,232,sign-optimization-horizontal-vertical_scenario,627,354,3,3,4,0,90,15,1,134338,WheelchairAgent(Clone),11,10,1.3,1.17,2.463867,1,True,3,2,0.6666667
2026-03-07_02.22.51,232,sign-optimization-horizontal-vertical_scenario,627,354,3,3,4,0,90,15,1,134339,WheelchairAgent(Clone),11,10,1.3,1.17,2.751953,1,False,3,0,0
2026-03-07_02.22.51,232,sign-optimization-horizontal-vertical_scenario,627,354,3,3,4,0,90,15,1,134340,WheelchairAgent(Clone),6,12,1.3,1.17,11.20703,1,True,2,1,0.5
2026-03-07_02.22.51,232,sign-optimization-horizontal-vertical_scenario,627,354,3,3,4,0,90,15,1,134341,AdultMaleAgent(Clone),5,10,1.71,1.58,0,0,False,2,0,0
2026-03-07_02.22.51,232,sign-optimization-horizontal-vertical_scenario,627,354,3,3,4,0,90,15,1,134342,WheelchairAgent(Clone),10,12,1.3,1.17,9.009766,1,True,3,1,0.3333333
2026-03-07_02.22.51,232,sign-optimization-horizontal-vertical_scenario,627,354,3,3,4,0,90,15,1,134343,WheelchairAgent(Clone),11,10,1.3,1.17,2.09082,1,False,3,0,0
2026-03-07_02.22.51,232,sign-optimization-horizontal-vertical_scenario,627,354,3,3,4,0,90,15,1,134344,AdultFemaleAgent(Clone),5,10,1.58,1.45,0,0,False,2,0,0
2026-03-07_02.22.51,232,sign-optimization-horizontal-vertical_scenario,627,354,3,3,4,0,90,15,1,134345,AdultFemaleAgent(Clone),5,10,1.58,1.45,0,0,False,2,0,0
2026-03-07_02.22.51,232,sign-optimization-horizontal-vertical_scenario,627,354,3,3,4,0,90,15,1,134346,AdultFemaleAgent(Clone),5,10,1.58,1.45,0,0,False,2,0,0
2026-03-07_02.22.51,232,sign-optimization-horizontal-vertical_scenario,627,354,3,3,4,0,90,15,1,134347,WheelchairAgent(Clone),5,10,1.3,1.17,0,0,False,2,0,0
2026-03-07_02.22.51,232,sign-optimization-horizontal-vertical_scenario,627,354,3,3,4,0,90,15,1,134348,WheelchairAgent(Clone),7,11,1.3,1.17,0,0,False,2,1,0.5
2026-03-07_02.22.51,232,sign-optimization-horizontal-vertical_scenario,627,354,3,3,4,0,90,15,1,134349,AdultFemaleAgent(Clone),6,12,1.58,1.45,8.698242,1,True,2,1,0.5
2026-03-07_02.22.51,232,sign-optimization-horizontal-vertical_scenario,627,354,3,3,4,0,90,15,1,134350,WheelchairAgent(Clone),11,10,1.3,1.17,2.173828,1,False,3,1,0.3333333
2026-03-07_02.22.51,232,sign-optimization-horizontal-vertical_scenario,627,354,3,3,4,0,90,15,1,134351,WheelchairAgent(Clone),10,12,1.3,1.17,8.294922,1,True,3,1,0.3333333
2026-03-07_02.22.51,232,sign-optimization-horizontal-vertical_scenario,627,354,3,3,4,0,90,15,1,134352,AdultMaleAgent(Clone),6,12,1.71,1.58,10.4043,1,True,2,1,0.5
2026-03-07_02.22.51,232,sign-optimization-horizontal-vertical_scenario,627,354,3,3,4,0,90,15,1,134353,AdultMaleAgent(Clone),7,11,1.71,1.58,0,0,True,2,1,0.5
2026-03-07_02.22.51,232,sign-optimization-horizontal-vertical_scenario,627,354,3,3,4,0,90,15,1,134354,AdultMaleAgent(Clone),6,12,1.71,1.58,8.935547,1,True,2,1,0.5
2026-03-07_02.22.51,232,sign-optimization-horizontal-vertical_scenario,627,354,3,3,4,0,90,15,1,134355,AdultMaleAgent(Clone),11,10,1.71,1.58,2.21875,1,False,3,1,0.3333333
2026-03-07_02.22.51,232,sign-optimization-horizontal-vertical_scenario,627,354,3,3,4,0,90,15,1,134356,WheelchairAgent(Clone),7,11,1.3,1.17,0,0,True,2,1,0.5
2026-03-07_02.22.51,232,sign-optimization-horizontal-vertical_scenario,627,354,3,3,4,0,90,15,1,134357,AdultMaleAgent(Clone),11,10,1.71,1.58,2.360352,1,True,3,2,0.6666667
2026-03-07_02.22.51,232,sign-optimization-horizontal-vertical_scenario,627,354,3,3,4,0,90,15,1,134358,AdultFemaleAgent(Clone),10,12,1.58,1.45,9.772461,1,True,3,1,0.3333333
2026-03-07_02.22.51,232,sign-optimization-horizontal-vertical_scenario,627,354,3,3,4,0,90,15,1,134359,WheelchairAgent(Clone),7,11,1.3,1.17,0,0,False,2,1,0.5
2026-03-07_02.22.51,232,sign-optimization-horizontal-vertical_scenario,627,354,3,3,4,0,90,15,1,134360,WheelchairAgent(Clone),5,10,1.3,1.17,0,0,False,2,0,0
2026-03-07_02.22.51,232,sign-optimization-horizontal-vertical_scenario,627,354,3,3,4,0,90,15,1,134361,AdultMaleAgent(Clone),10,12,1.71,1.58,8.681641,1,True,3,1,0.3333333
2026-03-07_02.22.51,232,sign-optimization-horizontal-vertical_scenario,627,354,3,3,4,0,90,15,1,134362,WheelchairAgent(Clone),7,11,1.3,1.17,0,0,True,2,1,0.5
2026-03-07_02.22.51,232,sign-optimization-horizontal-vertical_scenario,627,354,3,3,4,0,90,15,1,134363,AdultFemaleAgent(Clone),6,12,1.58,1.45,8.44043,1,True,2,1,0.5
2026-03-07_02.22.51,232,sign-optimization-horizontal-vertical_scenario,627,354,3,3,4,0,90,15,1,134364,WheelchairAgent(Clone),10,12,1.3,1.17,7.117188,1,True,3,1,0.3333333
2026-03-07_02.22.51,232,sign-optimization-horizontal-vertical_scenario,627,354,3,3,4,0,90,15,1,134365,AdultMaleAgent(Clone),10,12,1.71,1.58,7.208984,1,True,3,1,0.3333333
2026-03-07_02.22.51,232,sign-optimization-horizontal-vertical_scenario,627,354,3,3,4,0,90,15,1,134366,WheelchairAgent(Clone),6,12,1.3,1.17,10.10938,1,True,2,1,0.5
2026-03-07_02.22.51,232,sign-optimization-horizontal-vertical_scenario,627,354,3,3,4,0,90,15,1,134367,AdultMaleAgent(Clone),10,12,1.71,1.58,8.897461,1,True,3,1,0.3333333
2026-03-07_02.22.51,232,sign-optimization-horizontal-vertical_scenario,627,354,3,3,4,0,90,15,1,134368,WheelchairAgent(Clone),7,11,1.3,1.17,0,0,True,2,1,0.5
2026-03-07_02.22.51,232,sign-optimization-horizontal-vertical_scenario,627,354,3,3,4,0,90,15,1,134369,AdultMaleAgent(Clone),6,12,1.71,1.58,10.55273,1,True,2,1,0.5
2026-03-07_02.22.51,232,sign-optimization-horizontal-vertical_scenario,627,354,3,3,4,0,90,15,1,134370,WheelchairAgent(Clone),5,10,1.3,1.17,0,0,False,2,0,0
2026-03-07_02.22.51,232,sign-optimization-horizontal-vertical_scenario,627,354,3,3,4,0,90,15,1,134371,AdultFemaleAgent(Clone),5,10,1.58,1.45,0,0,False,2,0,0
2026-03-07_02.22.51,232,sign-optimization-horizontal-vertical_scenario,627,354,3,3,4,0,90,15,1,134372,AdultFemaleAgent(Clone),7,11,1.58,1.450001,0,0,True,2,1,0.5
2026-03-07_02.22.51,232,sign-optimization-horizontal-vertical_scenario,627,354,3,3,4,0,90,15,1,134373,AdultMaleAgent(Clone),11,10,1.71,1.58,1.996094,1,False,3,1,0.3333333
2026-03-07_02.22.51,232,sign-optimization-horizontal-vertical_scenario,627,354,3,3,4,0,90,15,1,134374,AdultMaleAgent(Clone),6,12,1.71,1.58,0,0,True,2,1,0.5
2026-03-07_02.22.51,232,sign-optimization-horizontal-vertical_scenario,627,354,3,3,4,0,90,15,1,134375,AdultMaleAgent(Clone),7,11,1.71,1.58,0,0,False,2,0,0
2026-03-07_02.22.51,232,sign-optimization-horizontal-vertical_scenario,627,354,3,3,4,0,90,15,1,134376,WheelchairAgent(Clone),10,12,1.3,1.17,7.173828,1,True,3,1,0.3333333
2026-03-07_02.22.51,232,sign-optimization-horizontal-vertical_scenario,627,354,3,3,4,0,90,15,1,134377,WheelchairAgent(Clone),5,10,1.3,1.17,0,0,False,2,0,0
2026-03-07_02.22.51,232,sign-optimization-horizontal-vertical_scenario,627,354,3,3,4,0,90,15,1,134378,AdultMaleAgent(Clone),11,10,1.71,1.58,4.040039,1,False,3,1,0.3333333
2026-03-07_02.22.51,232,sign-optimization-horizontal-vertical_scenario,627,354,3,3,4,0,90,15,1,134379,AdultMaleAgent(Clone),5,10,1.71,1.58,0,0,False,2,0,0
2026-03-07_02.22.51,232,sign-optimization-horizontal-vertical_scenario,627,354,3,3,4,0,90,15,1,134380,WheelchairAgent(Clone),6,12,1.3,1.17,0,0,True,2,1,0.5
2026-03-07_02.22.51,232,sign-optimization-horizontal-vertical_scenario,627,354,3,3,4,0,90,15,1,134381,WheelchairAgent(Clone),5,10,1.3,1.17,0,0,False,2,0,0
2026-03-07_02.22.51,232,sign-optimization-horizontal-vertical_scenario,627,354,3,3,4,0,90,15,1,134382,AdultMaleAgent(Clone),10,12,1.71,1.58,7.396484,1,True,3,1,0.3333333
2026-03-07_02.22.51,232,sign-optimization-horizontal-vertical_scenario,627,354,3,3,4,0,90,15,1,134383,WheelchairAgent(Clone),5,10,1.3,1.17,0,0,False,2,0,0
2026-03-07_02.22.51,232,sign-optimization-horizontal-vertical_scenario,627,354,3,3,4,0,90,15,1,134384,AdultMaleAgent(Clone),5,10,1.71,1.58,0,0,False,2,0,0
2026-03-07_02.22.51,232,sign-optimization-horizontal-vertical_scenario,627,354,3,3,4,0,90,15,1,134385,AdultMaleAgent(Clone),10,12,1.71,1.58,0,0,True,3,1,0.3333333
2026-03-07_02.22.51,232,sign-optimization-horizontal-vertical_scenario,627,354,3,3,4,0,90,15,1,134386,AdultMaleAgent(Clone),10,12,1.71,1.58,5.913086,1,True,3,1,0.3333333
2026-03-07_02.22.51,232,sign-optimization-horizontal-vertical_scenario,627,354,3,3,4,0,90,15,1,134387,AdultFemaleAgent(Clone),7,11,1.58,1.450001,0,0,False,2,0,0
2026-03-07_02.22.51,232,sign-optimization-horizontal-vertical_scenario,627,354,3,3,4,0,90,15,1,134388,AdultMaleAgent(Clone),5,10,1.71,1.58,0,0,False,2,0,0
2026-03-07_02.22.51,232,sign-optimization-horizontal-vertical_scenario,627,354,3,3,4,0,90,15,1,134389,AdultMaleAgent(Clone),11,10,1.71,1.58,2.425781,1,False,3,1,0.3333333
2026-03-07_02.22.51,232,sign-optimization-horizontal-vertical_scenario,627,354,3,3,4,0,90,15,1,134390,AdultFemaleAgent(Clone),6,12,1.58,1.45,0,0,True,2,1,0.5
2026-03-07_02.22.51,232,sign-optimization-horizontal-vertical_scenario,627,354,3,3,4,0,90,15,1,134391,AdultFemaleAgent(Clone),11,10,1.58,1.450001,0,0,True,3,2,0.6666667
2026-03-07_02.22.51,232,sign-optimization-horizontal-vertical_scenario,627,354,3,3,4,0,90,15,1,134392,WheelchairAgent(Clone),5,10,1.3,1.17,0,0,False,2,0,0
2026-03-07_02.22.51,232,sign-optimization-horizontal-vertical_scenario,627,354,3,3,4,0,90,15,1,134393,AdultMaleAgent(Clone),7,11,1.71,1.58,0,0,False,2,0,0
2026-03-07_02.22.51,232,sign-optimization-horizontal-vertical_scenario,627,354,3,3,4,0,90,15,1,134394,AdultMaleAgent(Clone),10,12,1.71,1.58,0,0,True,3,1,0.3333333
2026-03-07_02.22.51,232,sign-optimization-horizontal-vertical_scenario,627,354,3,3,4,0,90,15,1,134395,WheelchairAgent(Clone),7,11,1.3,1.17,0,0,False,2,0,0
2026-03-07_02.22.51,232,sign-optimization-horizontal-vertical_scenario,627,354,3,3,4,0,90,15,1,134396,WheelchairAgent(Clone),5,10,1.3,1.17,0,0,False,2,0,0
2026-03-07_02.22.51,232,sign-optimization-horizontal-vertical_scenario,627,354,3,3,4,0,90,15,1,134397,AdultMaleAgent(Clone),5,10,1.71,1.58,0,0,False,2,0,0
2026-03-07_02.22.51,232,sign-optimization-horizontal-vertical_scenario,627,354,3,3,4,0,90,15,1,134398,WheelchairAgent(Clone),6,12,1.3,1.17,0,0,True,2,1,0.5
2026-03-07_02.22.51,232,sign-optimization-horizontal-vertical_scenario,627,354,3,3,4,0,90,15,1,134399,AdultMaleAgent(Clone),5,10,1.71,1.58,0,0,False,2,0,0
2026-03-07_02.22.51,232,sign-optimization-horizontal-vertical_scenario,627,354,3,3,4,0,90,15,1,134400,AdultMaleAgent(Clone),11,10,1.71,1.58,1.566406,1,False,3,1,0.3333333
2026-03-07_02.22.51,232,sign-optimization-horizontal-vertical_scenario,627,354,3,3,4,0,90,15,1,134401,AdultMaleAgent(Clone),7,11,1.71,1.58,0,0,False,2,0,0
2026-03-07_02.22.51,232,sign-optimization-horizontal-vertical_scenario,627,354,3,3,4,0,90,15,1,134402,AdultMaleAgent(Clone),5,10,1.71,1.58,0,0,False,2,0,0
2026-03-07_02.22.51,232,sign-optimization-horizontal-vertical_scenario,627,354,3,3,4,0,90,15,1,134403,AdultFemaleAgent(Clone),7,11,1.58,1.450001,0,0,False,2,0,0
2026-03-07_02.22.51,232,sign-optimization-horizontal-vertical_scenario,627,354,3,3,4,0,90,15,1,134404,WheelchairAgent(Clone),7,11,1.3,1.17,0,0,False,2,0,0
2026-03-07_02.22.51,232,sign-optimization-horizontal-vertical_scenario,627,354,3,3,4,0,90,15,1,134405,AdultFemaleAgent(Clone),10,12,1.58,1.45,0,0,True,3,1,0.3333333
2026-03-07_02.22.51,232,sign-optimization-horizontal-vertical_scenario,627,354,3,3,4,0,90,15,1,134406,WheelchairAgent(Clone),6,12,1.3,1.17,0,0,True,2,1,0.5
2026-03-07_02.22.51,232,sign-optimization-horizontal-vertical_scenario,627,354,3,3,4,0,90,15,1,134407,AdultFemaleAgent(Clone),11,10,1.58,1.450001,0,0,False,3,0,0
2026-03-07_02.22.51,232,sign-optimization-horizontal-vertical_scenario,627,354,3,3,4,0,90,15,1,134408,WheelchairAgent(Clone),11,10,1.3,1.17,0,0,False,3,0,0
2026-03-07_02.22.51,232,sign-optimization-horizontal-vertical_scenario,627,354,3,3,4,0,90,15,1,134409,AdultFemaleAgent(Clone),6,12,1.58,1.45,0,0,True,2,1,0.5
2026-03-07_02.22.51,232,sign-optimization-horizontal-vertical_scenario,627,354,3,3,4,0,90,15,1,134410,AdultMaleAgent(Clone),10,12,1.71,1.58,0,0,True,3,1,0.3333333
2026-03-07_02.22.51,232,sign-optimization-horizontal-vertical_scenario,627,354,3,3,4,0,90,15,1,134411,WheelchairAgent(Clone),5,10,1.3,1.17,0,0,False,2,0,0
2026-03-07_02.22.51,232,sign-optimization-horizontal-vertical_scenario,627,354,3,3,4,0,90,15,1,134412,WheelchairAgent(Clone),7,11,1.3,1.17,0,0,False,2,0,0
2026-03-07_02.22.51,232,sign-optimization-horizontal-vertical_scenario,627,354,3,3,4,0,90,15,1,134413,AdultFemaleAgent(Clone),11,10,1.58,1.450001,0.1738281,1,False,3,0,0
2026-03-07_02.22.51,232,sign-optimization-horizontal-vertical_scenario,627,354,3,3,4,0,90,15,1,134414,AdultFemaleAgent(Clone),5,10,1.58,1.45,0,0,False,2,0,0
2026-03-07_02.22.51,232,sign-optimization-horizontal-vertical_scenario,627,354,3,3,4,0,90,15,1,134415,WheelchairAgent(Clone),6,12,1.3,1.17,0,0,True,2,1,0.5
2026-03-07_02.22.51,232,sign-optimization-horizontal-vertical_scenario,627,354,3,3,4,0,90,15,1,134416,AdultMaleAgent(Clone),5,10,1.71,1.58,0,0,False,2,0,0
2026-03-07_02.22.51,232,sign-optimization-horizontal-vertical_scenario,627,354,3,3,4,0,90,15,1,134417,AdultMaleAgent(Clone),11,10,1.71,1.58,0,0,False,3,0,0
2026-03-07_02.22.51,232,sign-optimization-horizontal-vertical_scenario,627,354,3,3,4,0,90,15,1,134418,WheelchairAgent(Clone),11,10,1.3,1.17,0,0,False,3,0,0
2026-03-07_02.22.51,232,sign-optimization-horizontal-vertical_scenario,627,354,3,3,4,0,90,15,1,134419,AdultFemaleAgent(Clone),5,10,1.58,1.45,0,0,False,2,0,0
2026-03-07_02.22.51,232,sign-optimization-horizontal-vertical_scenario,627,354,3,3,4,0,90,15,1,134420,AdultMaleAgent(Clone),11,10,1.71,1.58,0,0,False,3,0,0
2026-03-07_02.22.51,232,sign-optimization-horizontal-vertical_scenario,627,354,3,3,4,0,90,15,1,134421,AdultMaleAgent(Clone),10,12,1.71,1.58,0,0,True,3,1,0.3333333
2026-03-07_02.22.51,232,sign-optimization-horizontal-vertical_scenario,627,354,3,3,4,0,90,15,1,134422,AdultMaleAgent(Clone),7,11,1.71,1.58,0,0,False,2,0,0
2026-03-07_02.22.51,232,sign-optimization-horizontal-vertical_scenario,627,354,3,3,4,0,90,15,1,134423,WheelchairAgent(Clone),11,10,1.3,1.17,0,0,False,3,0,0
2026-03-07_02.22.51,232,sign-optimization-horizontal-vertical_scenario,627,354,3,3,4,0,90,15,1,134424,AdultMaleAgent(Clone),10,12,1.71,1.58,0,0,True,3,1,0.3333333
2026-03-07_02.22.51,232,sign-optimization-horizontal-vertical_scenario,627,354,3,3,4,0,90,15,1,134425,AdultFemaleAgent(Clone),6,12,1.58,1.45,0,0,True,2,1,0.5
2026-03-07_02.22.51,232,sign-optimization-horizontal-vertical_scenario,627,354,3,3,4,0,90,15,1,134426,AdultFemaleAgent(Clone),10,12,1.58,1.45,0,0,True,3,1,0.3333333
2026-03-07_02.22.51,232,sign-optimization-horizontal-vertical_scenario,627,354,3,3,4,0,90,15,1,134427,AdultFemaleAgent(Clone),6,12,1.58,1.45,0,0,True,2,1,0.5
2026-03-07_02.22.51,232,sign-optimization-horizontal-vertical_scenario,627,354,3,3,4,0,90,15,1,134428,AdultMaleAgent(Clone),7,11,1.71,1.58,0,0,False,2,0,0
2026-03-07_02.22.51,232,sign-optimization-horizontal-vertical_scenario,627,354,3,3,4,0,90,15,1,134429,WheelchairAgent(Clone),10,12,1.3,1.17,0,0,True,3,1,0.3333333
2026-03-07_02.22.51,232,sign-optimization-horizontal-vertical_scenario,627,354,3,3,4,0,90,15,1,134430,AdultFemaleAgent(Clone),6,12,1.58,1.45,0,0,True,2,1,0.5
2026-03-07_02.22.51,232,sign-optimization-horizontal-vertical_scenario,627,354,3,3,4,0,90,15,1,134431,WheelchairAgent(Clone),11,10,1.3,1.17,0,0,False,3,0,0
2026-03-07_02.22.51,232,sign-optimization-horizontal-vertical_scenario,627,354,3,3,4,0,90,15,1,134432,WheelchairAgent(Clone),7,11,1.3,1.17,0,0,False,2,0,0
2026-03-07_02.22.51,232,sign-optimization-horizontal-vertical_scenario,627,354,3,3,4,0,90,15,1,134433,AdultFemaleAgent(Clone),6,12,1.58,1.45,0,0,True,2,1,0.5
2026-03-07_02.22.51,232,sign-optimization-horizontal-vertical_scenario,627,354,3,3,4,0,90,15,1,134434,WheelchairAgent(Clone),6,12,1.3,1.17,0,0,True,2,1,0.5
2026-03-07_02.22.51,232,sign-optimization-horizontal-vertical_scenario,627,354,3,3,4,0,90,15,1,134435,AdultFemaleAgent(Clone),5,10,1.58,1.45,0,0,False,2,0,0
2026-03-07_02.22.51,232,sign-optimization-horizontal-vertical_scenario,627,354,3,3,4,0,90,15,1,134436,WheelchairAgent(Clone),6,12,1.3,1.17,0,0,False,2,0,0
2026-03-07_02.22.51,232,sign-optimization-horizontal-vertical_scenario,627,354,3,3,4,0,90,15,1,134437,AdultMaleAgent(Clone),10,12,1.71,1.58,0,0,False,3,1,0.3333333
2026-03-07_02.22.51,232,sign-optimization-horizontal-vertical_scenario,627,354,3,3,4,0,90,15,1,134438,AdultFemaleAgent(Clone),11,10,1.58,1.450001,0,0,False,3,0,0
2026-03-07_02.22.51,232,sign-optimization-horizontal-vertical_scenario,627,354,3,3,4,0,90,15,1,134439,WheelchairAgent(Clone),5,10,1.3,1.17,0,0,False,2,0,0
2026-03-07_02.22.51,232,sign-optimization-horizontal-vertical_scenario,627,354,3,3,4,0,90,15,1,134440,WheelchairAgent(Clone),5,10,1.3,1.17,0,0,False,2,0,0
2026-03-07_02.22.51,232,sign-optimization-horizontal-vertical_scenario,627,354,3,3,4,0,90,15,1,134441,WheelchairAgent(Clone),11,10,1.3,1.17,0,0,False,3,0,0
2026-03-07_02.22.51,232,sign-optimization-horizontal-vertical_scenario,627,354,3,3,4,0,90,15,1,134442,AdultFemaleAgent(Clone),6,12,1.58,1.45,0,0,True,2,1,0.5
2026-03-07_02.22.51,232,sign-optimization-horizontal-vertical_scenario,627,354,3,3,4,0,90,15,1,134443,AdultFemaleAgent(Clone),6,12,1.58,1.45,0,0,True,2,1,0.5
2026-03-07_02.22.51,232,sign-optimization-horizontal-vertical_scenario,627,354,3,3,4,0,90,15,1,134444,AdultMaleAgent(Clone),6,12,1.71,1.58,0,0,True,2,1,0.5
2026-03-07_02.22.51,232,sign-optimization-horizontal-vertical_scenario,627,354,3,3,4,0,90,15,1,134445,WheelchairAgent(Clone),7,11,1.3,1.17,0,0,False,2,0,0
2026-03-07_02.22.51,232,sign-optimization-horizontal-vertical_scenario,627,354,3,3,4,0,90,15,1,134446,AdultFemaleAgent(Clone),10,12,1.58,1.45,0,0,False,3,0,0
2026-03-07_02.22.51,232,sign-optimization-horizontal-vertical_scenario,627,354,3,3,4,0,90,15,1,134447,AdultFemaleAgent(Clone),7,11,1.58,1.450001,0,0,False,2,0,0
2026-03-07_02.22.51,232,sign-optimization-horizontal-vertical_scenario,627,354,3,3,4,0,90,15,1,134448,AdultFemaleAgent(Clone),11,10,1.58,1.450001,0,0,False,3,0,0
2026-03-07_02.22.51,232,sign-optimization-horizontal-vertical_scenario,627,354,3,3,4,0,90,15,1,134449,AdultFemaleAgent(Clone),6,12,1.58,1.45,0,0,False,2,1,0.5
2026-03-07_02.22.51,232,sign-optimization-horizontal-vertical_scenario,627,354,3,3,4,0,90,15,1,134450,AdultFemaleAgent(Clone),5,10,1.58,1.45,0,0,False,2,0,0
2026-03-07_02.22.51,232,sign-optimization-horizontal-vertical_scenario,627,354,3,3,4,0,90,15,1,134451,WheelchairAgent(Clone),10,12,1.3,1.17,0,0,False,3,0,0
2026-03-07_02.22.51,232,sign-optimization-horizontal-vertical_scenario,627,354,3,3,4,0,90,15,1,134452,AdultFemaleAgent(Clone),6,12,1.58,1.45,0,0,False,2,0,0
2026-03-07_02.22.51,232,sign-optimization-horizontal-vertical_scenario,627,354,3,3,4,0,90,15,1,134453,AdultFemaleAgent(Clone),5,10,1.58,1.45,0,0,False,2,0,0
2026-03-07_02.22.51,232,sign-optimization-horizontal-vertical_scenario,627,354,3,3,4,0,90,15,1,134454,AdultFemaleAgent(Clone),7,11,1.58,1.450001,0,0,False,2,0,0
2026-03-07_02.22.51,232,sign-optimization-horizontal-vertical_scenario,627,354,3,3,4,0,90,15,1,134455,AdultMaleAgent(Clone),11,10,1.71,1.58,0,0,False,3,0,0
2026-03-07_02.22.51,232,sign-optimization-horizontal-vertical_scenario,627,354,3,3,4,0,90,15,1,134456,WheelchairAgent(Clone),10,12,1.3,1.17,0,0,False,3,0,0
2026-03-07_02.22.51,232,sign-optimization-horizontal-vertical_scenario,627,354,3,3,4,0,90,15,1,134457,WheelchairAgent(Clone),7,11,1.3,1.17,0,0,False,2,0,0
2026-03-07_02.22.51,232,sign-optimization-horizontal-vertical_scenario,627,354,3,3,4,0,90,15,1,134458,AdultFemaleAgent(Clone),6,12,1.58,1.45,0,0,False,2,1,0.5
2026-03-07_02.22.51,232,sign-optimization-horizontal-vertical_scenario,627,354,3,3,4,0,90,15,1,134459,AdultMaleAgent(Clone),10,12,1.71,1.58,0,0,False,3,0,0
2026-03-07_02.22.51,232,sign-optimization-horizontal-vertical_scenario,627,354,3,3,4,0,90,15,1,134460,AdultFemaleAgent(Clone),5,10,1.58,1.45,0,0,False,2,0,0
2026-03-07_02.22.51,232,sign-optimization-horizontal-vertical_scenario,627,354,3,3,4,0,90,15,1,134461,AdultMaleAgent(Clone),11,10,1.71,1.58,0,0,False,3,0,0
2026-03-07_02.22.51,232,sign-optimization-horizontal-vertical_scenario,627,354,3,3,4,0,90,15,1,134462,AdultMaleAgent(Clone),6,12,1.71,1.58,0,0,False,2,1,0.5
2026-03-07_02.22.51,232,sign-optimization-horizontal-vertical_scenario,627,354,3,3,4,0,90,15,1,134463,WheelchairAgent(Clone),7,11,1.3,1.17,0,0,False,2,0,0
2026-03-07_02.22.51,232,sign-optimization-horizontal-vertical_scenario,627,354,3,3,4,0,90,15,1,134464,AdultFemaleAgent(Clone),10,12,1.58,1.45,0,0,False,3,0,0
2026-03-07_02.22.51,232,sign-optimization-horizontal-vertical_scenario,627,354,3,3,4,0,90,15,1,134465,AdultFemaleAgent(Clone),10,12,1.58,1.45,0,0,False,3,0,0
2026-03-07_02.22.51,232,sign-optimization-horizontal-vertical_scenario,627,354,3,3,4,0,90,15,1,134466,WheelchairAgent(Clone),7,11,1.3,1.17,0,0,False,2,0,0
2026-03-07_02.22.51,232,sign-optimization-horizontal-vertical_scenario,627,354,3,3,4,0,90,15,1,134467,AdultFemaleAgent(Clone),5,10,1.58,1.45,0,0,False,2,0,0
2026-03-07_02.22.51,232,sign-optimization-horizontal-vertical_scenario,627,354,3,3,4,0,90,15,1,134468,WheelchairAgent(Clone),7,11,1.3,1.17,0,0,False,2,0,0
2026-03-07_02.22.51,232,sign-optimization-horizontal-vertical_scenario,627,354,3,3,4,0,90,15,1,134469,WheelchairAgent(Clone),11,10,1.3,1.17,0,0,False,3,0,0
2026-03-07_02.22.51,232,sign-optimization-horizontal-vertical_scenario,627,354,3,3,4,0,90,15,1,134470,WheelchairAgent(Clone),5,10,1.3,1.17,0,0,False,2,0,0
2026-03-07_02.22.51,232,sign-optimization-horizontal-vertical_scenario,627,354,3,3,4,0,90,15,1,134471,AdultMaleAgent(Clone),10,12,1.71,1.58,0,0,False,3,0,0
2026-03-07_02.22.51,232,sign-optimization-horizontal-vertical_scenario,627,354,3,3,4,0,90,15,1,134472,AdultMaleAgent(Clone),10,12,1.71,1.58,0,0,False,3,0,0
2026-03-07_02.22.51,232,sign-optimization-horizontal-vertical_scenario,627,354,3,3,4,0,90,15,1,134473,WheelchairAgent(Clone),6,12,1.3,1.17,0,0,False,2,0,0
2026-03-07_02.22.51,232,sign-optimization-horizontal-vertical_scenario,627,354,3,3,4,0,90,15,1,134474,AdultFemaleAgent(Clone),5,10,1.58,1.45,0,0,False,2,0,0
2026-03-07_02.22.51,232,sign-optimization-horizontal-vertical_scenario,627,354,3,3,4,0,90,15,1,134475,WheelchairAgent(Clone),7,11,1.3,1.17,0,0,False,2,0,0
2026-03-07_02.22.51,232,sign-optimization-horizontal-vertical_scenario,627,354,3,3,4,0,90,15,1,134476,AdultMaleAgent(Clone),11,10,1.71,1.58,0,0,False,3,0,0
2026-03-07_02.22.51,232,sign-optimization-horizontal-vertical_scenario,627,354,3,3,4,0,90,15,1,134477,AdultFemaleAgent(Clone),7,11,1.58,1.450001,0,0,False,2,0,0
2026-03-07_02.22.51,232,sign-optimization-horizontal-vertical_scenario,627,354,3,3,4,0,90,15,1,134478,AdultFemaleAgent(Clone),5,10,1.58,1.45,0,0,False,2,0,0
2026-03-07_02.22.51,232,sign-optimization-horizontal-vertical_scenario,627,354,3,3,4,0,90,15,1,134479,WheelchairAgent(Clone),10,12,1.3,1.17,0,0,False,3,0,0
2026-03-07_02.22.51,232,sign-optimization-horizontal-vertical_scenario,627,354,3,3,4,0,90,15,1,134480,AdultMaleAgent(Clone),5,10,1.71,1.58,0,0,False,2,0,0
2026-03-07_02.22.51,232,sign-optimization-horizontal-vertical_scenario,627,354,3,3,4,0,90,15,1,134481,AdultMaleAgent(Clone),6,12,1.71,1.58,0,0,False,2,1,0.5
2026-03-07_02.22.51,232,sign-optimization-horizontal-vertical_scenario,627,354,3,3,4,0,90,15,1,134482,AdultFemaleAgent(Clone),5,10,1.58,1.45,0,0,False,2,0,0
2026-03-07_02.22.51,232,sign-optimization-horizontal-vertical_scenario,627,354,3,3,4,0,90,15,1,134483,WheelchairAgent(Clone),7,11,1.3,1.17,0,0,False,2,0,0
2026-03-07_02.22.51,232,sign-optimization-horizontal-vertical_scenario,627,354,3,3,4,0,90,15,1,134484,AdultFemaleAgent(Clone),7,11,1.58,1.450001,0,0,False,2,0,0
2026-03-07_02.22.51,232,sign-optimization-horizontal-vertical_scenario,627,354,3,3,4,0,90,15,1,134485,AdultFemaleAgent(Clone),5,10,1.58,1.45,0,0,False,2,0,0
2026-03-07_02.22.51,232,sign-optimization-horizontal-vertical_scenario,627,354,3,3,4,0,90,15,1,134486,WheelchairAgent(Clone),7,11,1.3,1.17,0,0,False,2,0,0
2026-03-07_02.22.51,232,sign-optimization-horizontal-vertical_scenario,627,354,3,3,4,0,90,15,1,134487,AdultFemaleAgent(Clone),11,10,1.58,1.450001,0,0,False,3,0,0
2026-03-07_02.22.51,232,sign-optimization-horizontal-vertical_scenario,627,354,3,3,4,0,90,15,1,134488,AdultFemaleAgent(Clone),11,10,1.58,1.450001,0,0,False,3,0,0
2026-03-07_02.22.51,232,sign-optimization-horizontal-vertical_scenario,627,354,3,3,4,0,90,15,1,134489,AdultFemaleAgent(Clone),5,10,1.58,1.45,0,0,False,2,0,0
2026-03-07_02.22.51,232,sign-optimization-horizontal-vertical_scenario,627,354,3,3,4,0,90,15,1,134490,AdultFemaleAgent(Clone),6,12,1.58,1.45,0,0,False,2,0,0
2026-03-07_02.22.51,232,sign-optimization-horizontal-vertical_scenario,627,354,3,3,4,0,90,15,1,134491,AdultFemaleAgent(Clone),11,10,1.58,1.450001,0,0,False,3,0,0
2026-03-07_02.22.51,232,sign-optimization-horizontal-vertical_scenario,627,354,3,3,4,0,90,15,1,134492,AdultMaleAgent(Clone),7,11,1.71,1.58,0,0,False,2,0,0
2026-03-07_02.22.51,232,sign-optimization-horizontal-vertical_scenario,627,354,3,3,4,0,90,15,1,134493,AdultFemaleAgent(Clone),7,11,1.58,1.450001,0,0,False,2,0,0
2026-03-07_02.22.51,232,sign-optimization-horizontal-vertical_scenario,627,354,3,3,4,0,90,15,1,134494,AdultFemaleAgent(Clone),5,10,1.58,1.45,0,0,False,2,0,0
2026-03-07_02.22.51,232,sign-optimization-horizontal-vertical_scenario,627,354,3,3,4,0,90,15,1,134495,WheelchairAgent(Clone),5,10,1.3,1.17,0,0,False,2,0,0
2026-03-07_02.22.51,232,sign-optimization-horizontal-vertical_scenario,627,354,3,3,4,0,90,15,1,134496,AdultMaleAgent(Clone),10,12,1.71,1.58,0,0,False,3,0,0
2026-03-07_02.22.51,232,sign-optimization-horizontal-vertical_scenario,627,354,3,3,4,0,90,15,1,134497,AdultMaleAgent(Clone),7,11,1.71,1.58,0,0,False,2,0,0
2026-03-07_02.22.51,232,sign-optimization-horizontal-vertical_scenario,627,354,3,3,4,0,90,15,1,134498,WheelchairAgent(Clone),11,10,1.3,1.17,0,0,False,3,0,0
2026-03-07_02.22.51,232,sign-optimization-horizontal-vertical_scenario,627,354,3,3,4,0,90,15,1,134499,WheelchairAgent(Clone),5,10,1.3,1.17,0,0,False,2,0,0
2026-03-07_02.22.51,232,sign-optimization-horizontal-vertical_scenario,627,354,3,3,4,0,90,15,1,134500,WheelchairAgent(Clone),5,10,1.3,1.17,0,0,False,2,0,0
2026-03-07_02.22.51,232,sign-optimization-horizontal-vertical_scenario,627,354,3,3,4,0,90,15,1,134501,AdultFemaleAgent(Clone),7,11,1.58,1.450001,0,0,False,2,0,0
2026-03-07_02.22.51,232,sign-optimization-horizontal-vertical_scenario,627,354,3,3,4,0,90,15,1,134502,WheelchairAgent(Clone),6,12,1.3,1.17,0,0,False,2,0,0
2026-03-07_02.22.51,232,sign-optimization-horizontal-vertical_scenario,627,354,3,3,4,0,90,15,1,134503,WheelchairAgent(Clone),6,12,1.3,1.17,0,0,False,2,0,0
2026-03-07_02.22.51,232,sign-optimization-horizontal-vertical_scenario,627,354,3,3,4,0,90,15,1,134504,WheelchairAgent(Clone),10,12,1.3,1.17,0,0,False,3,0,0
2026-03-07_02.22.51,232,sign-optimization-horizontal-vertical_scenario,627,354,3,3,4,0,90,15,1,134505,WheelchairAgent(Clone),10,12,1.3,1.17,0,0,False,3,0,0
2026-03-07_02.22.51,232,sign-optimization-horizontal-vertical_scenario,627,354,3,3,4,0,90,15,1,134506,WheelchairAgent(Clone),5,10,1.3,1.17,0,0,False,2,0,0
2026-03-07_02.22.51,232,sign-optimization-horizontal-vertical_scenario,627,354,3,3,4,0,90,15,1,134507,AdultFemaleAgent(Clone),11,10,1.58,1.450001,0,0,False,3,0,0
2026-03-07_02.22.51,232,sign-optimization-horizontal-vertical_scenario,627,354,3,3,4,0,90,15,1,134508,AdultFemaleAgent(Clone),10,12,1.58,1.45,0,0,False,3,0,0
2026-03-07_02.22.51,232,sign-optimization-horizontal-vertical_scenario,627,354,3,3,4,0,90,15,1,134509,AdultMaleAgent(Clone),6,12,1.71,1.58,0,0,False,2,0,0
2026-03-07_02.22.51,232,sign-optimization-horizontal-vertical_scenario,627,354,3,3,4,0,90,15,1,134510,WheelchairAgent(Clone),7,11,1.3,1.17,0,0,False,2,0,0
2026-03-07_02.22.51,232,sign-optimization-horizontal-vertical_scenario,627,354,3,3,4,0,90,15,1,134511,AdultFemaleAgent(Clone),11,10,1.58,1.450001,0,0,False,3,0,0
2026-03-07_02.22.51,232,sign-optimization-horizontal-vertical_scenario,627,354,3,3,4,0,90,15,1,134512,AdultMaleAgent(Clone),11,10,1.71,1.58,0,0,False,3,0,0
2026-03-07_02.22.51,232,sign-optimization-horizontal-vertical_scenario,627,354,3,3,4,0,90,15,1,134513,AdultMaleAgent(Clone),7,11,1.71,1.58,0,0,False,2,0,0
2026-03-07_02.22.51,232,sign-optimization-horizontal-vertical_scenario,627,354,3,3,4,0,90,15,1,134514,AdultMaleAgent(Clone),6,12,1.71,1.58,0,0,False,2,0,0
2026-03-07_02.22.51,232,sign-optimization-horizontal-vertical_scenario,627,354,3,3,4,0,90,15,1,134515,AdultFemaleAgent(Clone),7,11,1.58,1.450001,0,0,False,2,0,0
2026-03-07_02.22.51,232,sign-optimization-horizontal-vertical_scenario,627,354,3,3,4,0,90,15,1,134516,AdultFemaleAgent(Clone),7,11,1.58,1.450001,0,0,False,2,0,0
2026-03-07_02.22.51,232,sign-optimization-horizontal-vertical_scenario,627,354,3,3,4,0,90,15,1,134517,WheelchairAgent(Clone),10,12,1.3,1.17,0,0,False,3,0,0
2026-03-07_02.22.51,232,sign-optimization-horizontal-vertical_scenario,627,354,3,3,4,0,90,15,1,134518,AdultFemaleAgent(Clone),11,10,1.58,1.450001,0,0,False,3,0,0
2026-03-07_02.22.51,232,sign-optimization-horizontal-vertical_scenario,627,354,3,3,4,0,90,15,1,134519,AdultMaleAgent(Clone),7,11,1.71,1.58,0,0,False,2,0,0
2026-03-07_02.22.51,232,sign-optimization-horizontal-vertical_scenario,627,354,3,3,4,0,90,15,1,134520,AdultFemaleAgent(Clone),6,12,1.58,1.45,0,0,False,2,0,0
2026-03-07_02.22.51,232,sign-optimization-horizontal-vertical_scenario,627,354,3,3,4,0,90,15,1,134521,AdultMaleAgent(Clone),10,12,1.71,1.58,0,0,False,3,0,0
2026-03-07_02.22.51,232,sign-optimization-horizontal-vertical_scenario,627,354,3,3,4,0,90,15,1,134522,AdultFemaleAgent(Clone),5,10,1.58,1.45,0,0,False,2,0,0
2026-03-07_02.22.51,232,sign-optimization-horizontal-vertical_scenario,627,354,3,3,4,0,90,15,1,134523,AdultFemaleAgent(Clone),11,10,1.58,1.450001,0,0,False,3,0,0
2026-03-07_02.22.51,232,sign-optimization-horizontal-vertical_scenario,627,354,3,3,4,0,90,15,1,134524,AdultMaleAgent(Clone),10,12,1.71,1.58,0,0,False,3,0,0
2026-03-07_02.22.51,232,sign-optimization-horizontal-vertical_scenario,627,354,3,3,4,0,90,15,1,134525,WheelchairAgent(Clone),5,10,1.3,1.17,0,0,False,2,0,0
2026-03-07_02.22.51,232,sign-optimization-horizontal-vertical_scenario,627,354,3,3,4,0,90,15,1,134526,WheelchairAgent(Clone),6,12,1.3,1.17,0,0,False,2,0,0
2026-03-07_02.22.51,232,sign-optimization-horizontal-vertical_scenario,627,354,3,3,4,0,90,15,1,134527,AdultMaleAgent(Clone),7,11,1.71,1.58,0,0,False,2,0,0
2026-03-07_02.22.51,232,sign-optimization-horizontal-vertical_scenario,627,354,3,3,4,0,90,15,1,134528,AdultMaleAgent(Clone),11,10,1.71,1.58,0,0,False,3,0,0
2026-03-07_02.22.51,232,sign-optimization-horizontal-vertical_scenario,627,354,3,3,4,0,90,15,1,134529,AdultMaleAgent(Clone),11,10,1.71,1.58,0,0,False,3,0,0
2026-03-07_02.22.51,232,sign-optimization-horizontal-vertical_scenario,627,354,3,3,4,0,90,15,1,134530,AdultFemaleAgent(Clone),7,11,1.58,1.450001,0,0,False,2,0,0
2026-03-07_02.22.51,232,sign-optimization-horizontal-vertical_scenario,627,354,3,3,4,0,90,15,1,134531,AdultFemaleAgent(Clone),11,10,1.58,1.450001,0,0,False,3,0,0
