Timestamp,RunIndex,ScenarioID,TotalAgents,VisibleSignCount,SignHeight,SignPositionX,SignPositionZ,SignOrientation,VcaAngle,VcaDistance,SignComprehensionTime,AgentID,AgentType,StartNode,GoalNode,Height,EyeHeight,TimeInVCA,TimesInVCA,SawSign,TotalNodesNavigated,NodesWithDetection,RDEffective
2026-03-07_01.51.50,201,sign-optimization-horizontal-vertical_scenario,614,226,3,-10,3,0,90,15,1,115769,AdultMaleAgent(Clone),7,11,1.71,1.58,14.56543,1,False,2,1,0.5
2026-03-07_01.51.50,201,sign-optimization-horizontal-vertical_scenario,614,226,3,-10,3,0,90,15,1,115770,AdultFemaleAgent(Clone),7,11,1.58,1.450001,13.86133,1,False,2,1,0.5
2026-03-07_01.51.50,201,sign-optimization-horizontal-vertical_scenario,614,226,3,-10,3,0,90,15,1,115771,AdultFemaleAgent(Clone),6,12,1.58,1.45,0,0,False,2,0,0
2026-03-07_01.51.50,201,sign-optimization-horizontal-vertical_scenario,614,226,3,-10,3,0,90,15,1,115772,WheelchairAgent(Clone),10,12,1.3,1.17,3.285156,1,True,3,1,0.3333333
2026-03-07_01.51.50,201,sign-optimization-horizontal-vertical_scenario,614,226,3,-10,3,0,90,15,1,115773,AdultFemaleAgent(Clone),6,12,1.58,1.45,0,0,False,2,0,0
2026-03-07_01.51.50,201,sign-optimization-horizontal-vertical_scenario,614,226,3,-10,3,0,90,15,1,115774,AdultMaleAgent(Clone),7,11,1.71,1.58,9.949219,1,False,2,1,0.5
2026-03-07_01.51.50,201,sign-optimization-horizontal-vertical_scenario,614,226,3,-10,3,0,90,15,1,115775,WheelchairAgent(Clone),10,12,1.3,1.17,1.854492,1,True,3,1,0.3333333
2026-03-07_01.51.50,201,sign-optimization-horizontal-vertical_scenario,614,226,3,-10,3,0,90,15,1,115776,WheelchairAgent(Clone),7,11,1.3,1.17,12.93848,1,False,2,1,0.5
2026-03-07_01.51.50,201,sign-optimization-horizontal-vertical_scenario,614,226,3,-10,3,0,90,15,1,115777,WheelchairAgent(Clone),7,11,1.3,1.17,12.18652,1,False,2,1,0.5
2026-03-07_01.51.50,201,sign-optimization-horizontal-vertical_scenario,614,226,3,-10,3,0,90,15,1,115778,AdultMaleAgent(Clone),5,10,1.71,1.58,8.97168,2,True,2,1,0.5
2026-03-07_01.51.50,201,sign-optimization-horizontal-vertical_scenario,614,226,3,-10,3,0,90,15,1,115779,WheelchairAgent(Clone),10,12,1.3,1.17,1.436523,1,True,3,1,0.3333333
2026-03-07_01.51.50,201,sign-optimization-horizontal-vertical_scenario,614,226,3,-10,3,0,90,15,1,115780,AdultFemaleAgent(Clone),10,12,1.58,1.45,1.235352,1,True,3,1,0.3333333
2026-03-07_01.51.50,201,sign-optimization-horizontal-vertical_scenario,614,226,3,-10,3,0,90,15,1,115781,AdultFemaleAgent(Clone),10,12,1.58,1.45,2.960938,1,True,3,1,0.3333333
2026-03-07_01.51.50,201,sign-optimization-horizontal-vertical_scenario,614,226,3,-10,3,0,90,15,1,115782,AdultMaleAgent(Clone),10,12,1.71,1.58,2.742188,1,True,3,1,0.3333333
2026-03-07_01.51.50,201,sign-optimization-horizontal-vertical_scenario,614,226,3,-10,3,0,90,15,1,115783,AdultFemaleAgent(Clone),11,10,1.58,1.450001,0,0,False,3,0,0
2026-03-07_01.51.50,201,sign-optimization-horizontal-vertical_scenario,614,226,3,-10,3,0,90,15,1,115784,AdultFemaleAgent(Clone),6,12,1.58,1.45,0.6972656,1,False,2,1,0.5
2026-03-07_01.51.50,201,sign-optimization-horizontal-vertical_scenario,614,226,3,-10,3,0,90,15,1,115785,AdultFemaleAgent(Clone),10,12,1.58,1.45,4.734375,1,True,3,1,0.3333333
2026-03-07_01.51.50,201,sign-optimization-horizontal-vertical_scenario,614,226,3,-10,3,0,90,15,1,115786,AdultFemaleAgent(Clone),6,12,1.58,1.45,0,0,False,2,0,0
2026-03-07_01.51.50,201,sign-optimization-horizontal-vertical_scenario,614,226,3,-10,3,0,90,15,1,115787,WheelchairAgent(Clone),6,12,1.3,1.17,0,0,False,2,0,0
2026-03-07_01.51.50,201,sign-optimization-horizontal-vertical_scenario,614,226,3,-10,3,0,90,15,1,115788,AdultFemaleAgent(Clone),11,10,1.58,1.450001,0,0,False,3,0,0
2026-03-07_01.51.50,201,sign-optimization-horizontal-vertical_scenario,614,226,3,-10,3,0,90,15,1,115789,WheelchairAgent(Clone),7,11,1.3,1.17,15.2666,1,True,2,1,0.5
2026-03-07_01.51.50,201,sign-optimization-horizontal-vertical_scenario,614,226,3,-10,3,0,90,15,1,115790,AdultFemaleAgent(Clone),10,12,1.58,1.45,3.856445,1,True,3,1,0.3333333
2026-03-07_01.51.50,201,sign-optimization-horizontal-vertical_scenario,614,226,3,-10,3,0,90,15,1,115791,AdultFemaleAgent(Clone),6,12,1.58,1.45,0,0,False,2,0,0
2026-03-07_01.51.50,201,sign-optimization-horizontal-vertical_scenario,614,226,3,-10,3,0,90,15,1,115792,WheelchairAgent(Clone),5,10,1.3,1.17,8.865234,2,True,2,1,0.5
2026-03-07_01.51.50,201,sign-optimization-horizontal-vertical_scenario,614,226,3,-10,3,0,90,15,1,115793,AdultMaleAgent(Clone),7,11,1.71,1.58,16.06543,1,False,2,1,0.5
2026-03-07_01.51.50,201,sign-optimization-horizontal-vertical_scenario,614,226,3,-10,3,0,90,15,1,115794,WheelchairAgent(Clone),10,12,1.3,1.17,4.517578,1,False,3,1,0.3333333
2026-03-07_01.51.50,201,sign-optimization-horizontal-vertical_scenario,614,226,3,-10,3,0,90,15,1,115795,AdultFemaleAgent(Clone),11,10,1.58,1.450001,0.7255859,1,False,3,0,0
2026-03-07_01.51.50,201,sign-optimization-horizontal-vertical_scenario,614,226,3,-10,3,0,90,15,1,115796,AdultMaleAgent(Clone),6,12,1.71,1.58,0,0,False,2,0,0
2026-03-07_01.51.50,201,sign-optimization-horizontal-vertical_scenario,614,226,3,-10,3,0,90,15,1,115797,AdultFemaleAgent(Clone),10,12,1.58,1.45,4.461914,1,True,3,1,0.3333333
2026-03-07_01.51.50,201,sign-optimization-horizontal-vertical_scenario,614,226,3,-10,3,0,90,15,1,115798,AdultFemaleAgent(Clone),10,12,1.58,1.45,1.504883,1,False,3,1,0.3333333
2026-03-07_01.51.50,201,sign-optimization-horizontal-vertical_scenario,614,226,3,-10,3,0,90,15,1,115799,WheelchairAgent(Clone),11,10,1.3,1.17,1.870117,1,False,3,0,0
2026-03-07_01.51.50,201,sign-optimization-horizontal-vertical_scenario,614,226,3,-10,3,0,90,15,1,115800,WheelchairAgent(Clone),6,12,1.3,1.17,0,0,False,2,0,0
2026-03-07_01.51.50,201,sign-optimization-horizontal-vertical_scenario,614,226,3,-10,3,0,90,15,1,115801,AdultMaleAgent(Clone),11,10,1.71,1.58,0,0,False,3,0,0
2026-03-07_01.51.50,201,sign-optimization-horizontal-vertical_scenario,614,226,3,-10,3,0,90,15,1,115802,AdultFemaleAgent(Clone),7,11,1.58,1.450001,12.57422,1,False,2,1,0.5
2026-03-07_01.51.50,201,sign-optimization-horizontal-vertical_scenario,614,226,3,-10,3,0,90,15,1,115803,AdultMaleAgent(Clone),11,10,1.71,1.58,1.143555,1,False,3,0,0
2026-03-07_01.51.50,201,sign-optimization-horizontal-vertical_scenario,614,226,3,-10,3,0,90,15,1,115804,WheelchairAgent(Clone),7,11,1.3,1.17,10.89746,1,False,2,1,0.5
2026-03-07_01.51.50,201,sign-optimization-horizontal-vertical_scenario,614,226,3,-10,3,0,90,15,1,115805,WheelchairAgent(Clone),11,10,1.3,1.17,0,0,False,3,0,0
2026-03-07_01.51.50,201,sign-optimization-horizontal-vertical_scenario,614,226,3,-10,3,0,90,15,1,115806,AdultFemaleAgent(Clone),7,11,1.58,1.450001,11.15137,1,False,2,1,0.5
2026-03-07_01.51.50,201,sign-optimization-horizontal-vertical_scenario,614,226,3,-10,3,0,90,15,1,115807,AdultFemaleAgent(Clone),5,10,1.58,1.45,8.228516,2,True,2,1,0.5
2026-03-07_01.51.50,201,sign-optimization-horizontal-vertical_scenario,614,226,3,-10,3,0,90,15,1,115808,AdultMaleAgent(Clone),10,12,1.71,1.58,1.267578,1,True,3,1,0.3333333
2026-03-07_01.51.50,201,sign-optimization-horizontal-vertical_scenario,614,226,3,-10,3,0,90,15,1,115809,AdultMaleAgent(Clone),10,12,1.71,1.58,1.630859,2,True,3,1,0.3333333
2026-03-07_01.51.50,201,sign-optimization-horizontal-vertical_scenario,614,226,3,-10,3,0,90,15,1,115810,AdultFemaleAgent(Clone),10,12,1.58,1.45,4.155273,1,True,3,1,0.3333333
2026-03-07_01.51.50,201,sign-optimization-horizontal-vertical_scenario,614,226,3,-10,3,0,90,15,1,115811,WheelchairAgent(Clone),6,12,1.3,1.17,0,0,False,2,0,0
2026-03-07_01.51.50,201,sign-optimization-horizontal-vertical_scenario,614,226,3,-10,3,0,90,15,1,115812,WheelchairAgent(Clone),11,10,1.3,1.17,0.6982422,1,False,3,0,0
2026-03-07_01.51.50,201,sign-optimization-horizontal-vertical_scenario,614,226,3,-10,3,0,90,15,1,115813,AdultFemaleAgent(Clone),5,10,1.58,1.45,9.544922,2,True,2,1,0.5
2026-03-07_01.51.50,201,sign-optimization-horizontal-vertical_scenario,614,226,3,-10,3,0,90,15,1,115814,AdultFemaleAgent(Clone),6,12,1.58,1.45,1.352539,1,True,2,1,0.5
2026-03-07_01.51.50,201,sign-optimization-horizontal-vertical_scenario,614,226,3,-10,3,0,90,15,1,115815,AdultFemaleAgent(Clone),11,10,1.58,1.450001,0,0,False,3,0,0
2026-03-07_01.51.50,201,sign-optimization-horizontal-vertical_scenario,614,226,3,-10,3,0,90,15,1,115816,AdultMaleAgent(Clone),5,10,1.71,1.58,8.854492,2,True,2,1,0.5
2026-03-07_01.51.50,201,sign-optimization-horizontal-vertical_scenario,614,226,3,-10,3,0,90,15,1,115817,AdultMaleAgent(Clone),7,11,1.71,1.58,16.48145,1,True,2,1,0.5
2026-03-07_01.51.50,201,sign-optimization-horizontal-vertical_scenario,614,226,3,-10,3,0,90,15,1,115818,WheelchairAgent(Clone),6,12,1.3,1.17,0,0,False,2,0,0
2026-03-07_01.51.50,201,sign-optimization-horizontal-vertical_scenario,614,226,3,-10,3,0,90,15,1,115819,AdultMaleAgent(Clone),5,10,1.71,1.58,9.175781,2,True,2,1,0.5
2026-03-07_01.51.50,201,sign-optimization-horizontal-vertical_scenario,614,226,3,-10,3,0,90,15,1,115820,WheelchairAgent(Clone),5,10,1.3,1.17,8.027344,2,True,2,1,0.5
2026-03-07_01.51.50,201,sign-optimization-horizontal-vertical_scenario,614,226,3,-10,3,0,90,15,1,115821,WheelchairAgent(Clone),7,11,1.3,1.17,10.28223,1,False,2,1,0.5
2026-03-07_01.51.50,201,sign-optimization-horizontal-vertical_scenario,614,226,3,-10,3,0,90,15,1,115822,AdultMaleAgent(Clone),10,12,1.71,1.58,1.509766,1,True,3,1,0.3333333
2026-03-07_01.51.50,201,sign-optimization-horizontal-vertical_scenario,614,226,3,-10,3,0,90,15,1,115823,AdultFemaleAgent(Clone),5,10,1.58,1.45,9.333984,2,True,2,1,0.5
2026-03-07_01.51.50,201,sign-optimization-horizontal-vertical_scenario,614,226,3,-10,3,0,90,15,1,115824,AdultMaleAgent(Clone),11,10,1.71,1.58,0,0,False,3,0,0
2026-03-07_01.51.50,201,sign-optimization-horizontal-vertical_scenario,614,226,3,-10,3,0,90,15,1,115825,AdultFemaleAgent(Clone),7,11,1.58,1.450001,12.10059,1,False,2,1,0.5
2026-03-07_01.51.50,201,sign-optimization-horizontal-vertical_scenario,614,226,3,-10,3,0,90,15,1,115826,AdultMaleAgent(Clone),10,12,1.71,1.58,2.681641,1,True,3,1,0.3333333
2026-03-07_01.51.50,201,sign-optimization-horizontal-vertical_scenario,614,226,3,-10,3,0,90,15,1,115827,AdultMaleAgent(Clone),10,12,1.71,1.58,3.231445,1,True,3,1,0.3333333
2026-03-07_01.51.50,201,sign-optimization-horizontal-vertical_scenario,614,226,3,-10,3,0,90,15,1,115828,WheelchairAgent(Clone),10,12,1.3,1.17,3.405273,1,True,3,1,0.3333333
2026-03-07_01.51.50,201,sign-optimization-horizontal-vertical_scenario,614,226,3,-10,3,0,90,15,1,115829,AdultFemaleAgent(Clone),6,12,1.58,1.45,0,0,False,2,0,0
2026-03-07_01.51.50,201,sign-optimization-horizontal-vertical_scenario,614,226,3,-10,3,0,90,15,1,115830,AdultFemaleAgent(Clone),10,12,1.58,1.45,3.633789,1,True,3,1,0.3333333
2026-03-07_01.51.50,201,sign-optimization-horizontal-vertical_scenario,614,226,3,-10,3,0,90,15,1,115831,AdultFemaleAgent(Clone),11,10,1.58,1.450001,0,0,False,3,0,0
2026-03-07_01.51.50,201,sign-optimization-horizontal-vertical_scenario,614,226,3,-10,3,0,90,15,1,115832,AdultFemaleAgent(Clone),5,10,1.58,1.45,9.009766,2,True,2,1,0.5
2026-03-07_01.51.50,201,sign-optimization-horizontal-vertical_scenario,614,226,3,-10,3,0,90,15,1,115833,WheelchairAgent(Clone),10,12,1.3,1.17,2.019531,1,True,3,1,0.3333333
2026-03-07_01.51.50,201,sign-optimization-horizontal-vertical_scenario,614,226,3,-10,3,0,90,15,1,115834,AdultMaleAgent(Clone),11,10,1.71,1.58,0.9814453,1,False,3,0,0
2026-03-07_01.51.50,201,sign-optimization-horizontal-vertical_scenario,614,226,3,-10,3,0,90,15,1,115835,AdultFemaleAgent(Clone),11,10,1.58,1.450001,0,0,False,3,0,0
2026-03-07_01.51.50,201,sign-optimization-horizontal-vertical_scenario,614,226,3,-10,3,0,90,15,1,115836,WheelchairAgent(Clone),10,12,1.3,1.17,0.9189453,1,False,3,1,0.3333333
2026-03-07_01.51.50,201,sign-optimization-horizontal-vertical_scenario,614,226,3,-10,3,0,90,15,1,115837,WheelchairAgent(Clone),5,10,1.3,1.17,9.427734,2,True,2,1,0.5
2026-03-07_01.51.50,201,sign-optimization-horizontal-vertical_scenario,614,226,3,-10,3,0,90,15,1,115838,AdultFemaleAgent(Clone),10,12,1.58,1.45,2.832031,1,True,3,1,0.3333333
2026-03-07_01.51.50,201,sign-optimization-horizontal-vertical_scenario,614,226,3,-10,3,0,90,15,1,115839,WheelchairAgent(Clone),11,10,1.3,1.17,0,0,False,3,0,0
2026-03-07_01.51.50,201,sign-optimization-horizontal-vertical_scenario,614,226,3,-10,3,0,90,15,1,115840,WheelchairAgent(Clone),11,10,1.3,1.17,0,0,False,3,0,0
2026-03-07_01.51.50,201,sign-optimization-horizontal-vertical_scenario,614,226,3,-10,3,0,90,15,1,115841,WheelchairAgent(Clone),10,12,1.3,1.17,1.814453,1,False,3,0,0
2026-03-07_01.51.50,201,sign-optimization-horizontal-vertical_scenario,614,226,3,-10,3,0,90,15,1,115842,WheelchairAgent(Clone),10,12,1.3,1.17,3.477539,1,True,3,1,0.3333333
2026-03-07_01.51.50,201,sign-optimization-horizontal-vertical_scenario,614,226,3,-10,3,0,90,15,1,115843,AdultFemaleAgent(Clone),7,11,1.58,1.450001,15.27441,1,True,2,1,0.5
2026-03-07_01.51.50,201,sign-optimization-horizontal-vertical_scenario,614,226,3,-10,3,0,90,15,1,115844,WheelchairAgent(Clone),6,12,1.3,1.17,0.8007813,1,False,2,1,0.5
2026-03-07_01.51.50,201,sign-optimization-horizontal-vertical_scenario,614,226,3,-10,3,0,90,15,1,115845,AdultMaleAgent(Clone),10,12,1.71,1.58,2.618164,1,True,3,1,0.3333333
2026-03-07_01.51.50,201,sign-optimization-horizontal-vertical_scenario,614,226,3,-10,3,0,90,15,1,115846,WheelchairAgent(Clone),11,10,1.3,1.17,1.094727,1,False,3,0,0
2026-03-07_01.51.50,201,sign-optimization-horizontal-vertical_scenario,614,226,3,-10,3,0,90,15,1,115847,AdultFemaleAgent(Clone),11,10,1.58,1.450001,0,0,False,3,0,0
2026-03-07_01.51.50,201,sign-optimization-horizontal-vertical_scenario,614,226,3,-10,3,0,90,15,1,115848,AdultMaleAgent(Clone),5,10,1.71,1.58,8.799805,2,True,2,1,0.5
2026-03-07_01.51.50,201,sign-optimization-horizontal-vertical_scenario,614,226,3,-10,3,0,90,15,1,115849,AdultFemaleAgent(Clone),10,12,1.58,1.45,2.793945,1,True,3,1,0.3333333
2026-03-07_01.51.50,201,sign-optimization-horizontal-vertical_scenario,614,226,3,-10,3,0,90,15,1,115850,AdultFemaleAgent(Clone),11,10,1.58,1.450001,0,0,False,3,0,0
2026-03-07_01.51.50,201,sign-optimization-horizontal-vertical_scenario,614,226,3,-10,3,0,90,15,1,115851,AdultMaleAgent(Clone),11,10,1.71,1.58,0,0,False,3,0,0
2026-03-07_01.51.50,201,sign-optimization-horizontal-vertical_scenario,614,226,3,-10,3,0,90,15,1,115852,AdultMaleAgent(Clone),5,10,1.71,1.58,8.352539,2,True,2,1,0.5
2026-03-07_01.51.50,201,sign-optimization-horizontal-vertical_scenario,614,226,3,-10,3,0,90,15,1,115853,AdultFemaleAgent(Clone),7,11,1.58,1.450001,12.17578,1,False,2,1,0.5
2026-03-07_01.51.50,201,sign-optimization-horizontal-vertical_scenario,614,226,3,-10,3,0,90,15,1,115854,WheelchairAgent(Clone),5,10,1.3,1.17,9.585938,2,True,2,1,0.5
2026-03-07_01.51.50,201,sign-optimization-horizontal-vertical_scenario,614,226,3,-10,3,0,90,15,1,115855,WheelchairAgent(Clone),6,12,1.3,1.17,1.461914,1,True,2,1,0.5
2026-03-07_01.51.50,201,sign-optimization-horizontal-vertical_scenario,614,226,3,-10,3,0,90,15,1,115856,AdultFemaleAgent(Clone),6,12,1.58,1.45,0,0,False,2,0,0
2026-03-07_01.51.50,201,sign-optimization-horizontal-vertical_scenario,614,226,3,-10,3,0,90,15,1,115857,WheelchairAgent(Clone),11,10,1.3,1.17,0,0,False,3,0,0
2026-03-07_01.51.50,201,sign-optimization-horizontal-vertical_scenario,614,226,3,-10,3,0,90,15,1,115858,AdultFemaleAgent(Clone),10,12,1.58,1.45,1.341797,1,False,3,0,0
2026-03-07_01.51.50,201,sign-optimization-horizontal-vertical_scenario,614,226,3,-10,3,0,90,15,1,115859,WheelchairAgent(Clone),10,12,1.3,1.17,3.395508,1,True,3,1,0.3333333
2026-03-07_01.51.50,201,sign-optimization-horizontal-vertical_scenario,614,226,3,-10,3,0,90,15,1,115860,WheelchairAgent(Clone),6,12,1.3,1.17,0,0,False,2,0,0
2026-03-07_01.51.50,201,sign-optimization-horizontal-vertical_scenario,614,226,3,-10,3,0,90,15,1,115861,AdultMaleAgent(Clone),7,11,1.71,1.58,13.51758,1,True,2,1,0.5
2026-03-07_01.51.50,201,sign-optimization-horizontal-vertical_scenario,614,226,3,-10,3,0,90,15,1,115862,WheelchairAgent(Clone),10,12,1.3,1.17,3.233398,1,True,3,1,0.3333333
2026-03-07_01.51.50,201,sign-optimization-horizontal-vertical_scenario,614,226,3,-10,3,0,90,15,1,115863,AdultFemaleAgent(Clone),11,10,1.58,1.450001,0,0,False,3,0,0
2026-03-07_01.51.50,201,sign-optimization-horizontal-vertical_scenario,614,226,3,-10,3,0,90,15,1,115864,WheelchairAgent(Clone),7,11,1.3,1.17,15.08398,1,True,2,1,0.5
2026-03-07_01.51.50,201,sign-optimization-horizontal-vertical_scenario,614,226,3,-10,3,0,90,15,1,115865,AdultFemaleAgent(Clone),6,12,1.58,1.45,0.2753906,1,False,2,1,0.5
2026-03-07_01.51.50,201,sign-optimization-horizontal-vertical_scenario,614,226,3,-10,3,0,90,15,1,115866,AdultMaleAgent(Clone),5,10,1.71,1.58,9.116211,2,True,2,1,0.5
2026-03-07_01.51.50,201,sign-optimization-horizontal-vertical_scenario,614,226,3,-10,3,0,90,15,1,115867,WheelchairAgent(Clone),11,10,1.3,1.17,1.007813,1,False,3,0,0
2026-03-07_01.51.50,201,sign-optimization-horizontal-vertical_scenario,614,226,3,-10,3,0,90,15,1,115868,AdultMaleAgent(Clone),7,11,1.71,1.58,11.95605,1,False,2,1,0.5
2026-03-07_01.51.50,201,sign-optimization-horizontal-vertical_scenario,614,226,3,-10,3,0,90,15,1,115869,AdultFemaleAgent(Clone),5,10,1.58,1.45,9.074219,2,True,2,1,0.5
2026-03-07_01.51.50,201,sign-optimization-horizontal-vertical_scenario,614,226,3,-10,3,0,90,15,1,115870,WheelchairAgent(Clone),10,12,1.3,1.17,3.451172,1,True,3,1,0.3333333
2026-03-07_01.51.50,201,sign-optimization-horizontal-vertical_scenario,614,226,3,-10,3,0,90,15,1,115871,WheelchairAgent(Clone),5,10,1.3,1.17,8.895508,2,True,2,1,0.5
2026-03-07_01.51.50,201,sign-optimization-horizontal-vertical_scenario,614,226,3,-10,3,0,90,15,1,115872,AdultMaleAgent(Clone),5,10,1.71,1.58,9.240234,2,True,2,1,0.5
2026-03-07_01.51.50,201,sign-optimization-horizontal-vertical_scenario,614,226,3,-10,3,0,90,15,1,115873,WheelchairAgent(Clone),6,12,1.3,1.17,0,0,False,2,0,0
2026-03-07_01.51.50,201,sign-optimization-horizontal-vertical_scenario,614,226,3,-10,3,0,90,15,1,115874,WheelchairAgent(Clone),5,10,1.3,1.17,8.037109,2,True,2,1,0.5
2026-03-07_01.51.50,201,sign-optimization-horizontal-vertical_scenario,614,226,3,-10,3,0,90,15,1,115875,WheelchairAgent(Clone),7,11,1.3,1.17,12.64551,1,False,2,1,0.5
2026-03-07_01.51.50,201,sign-optimization-horizontal-vertical_scenario,614,226,3,-10,3,0,90,15,1,115876,WheelchairAgent(Clone),5,10,1.3,1.17,9.029297,2,True,2,1,0.5
2026-03-07_01.51.50,201,sign-optimization-horizontal-vertical_scenario,614,226,3,-10,3,0,90,15,1,115877,WheelchairAgent(Clone),5,10,1.3,1.17,8.036133,2,True,2,1,0.5
2026-03-07_01.51.50,201,sign-optimization-horizontal-vertical_scenario,614,226,3,-10,3,0,90,15,1,115878,AdultFemaleAgent(Clone),10,12,1.58,1.45,2.986328,1,True,3,1,0.3333333
2026-03-07_01.51.50,201,sign-optimization-horizontal-vertical_scenario,614,226,3,-10,3,0,90,15,1,115879,AdultFemaleAgent(Clone),6,12,1.58,1.45,1.126953,1,True,2,1,0.5
2026-03-07_01.51.50,201,sign-optimization-horizontal-vertical_scenario,614,226,3,-10,3,0,90,15,1,115880,AdultFemaleAgent(Clone),7,11,1.58,1.450001,12.32129,1,False,2,1,0.5
2026-03-07_01.51.50,201,sign-optimization-horizontal-vertical_scenario,614,226,3,-10,3,0,90,15,1,115881,AdultFemaleAgent(Clone),6,12,1.58,1.45,0,0,False,2,0,0
2026-03-07_01.51.50,201,sign-optimization-horizontal-vertical_scenario,614,226,3,-10,3,0,90,15,1,115882,AdultFemaleAgent(Clone),10,12,1.58,1.45,1.954102,1,True,3,1,0.3333333
2026-03-07_01.51.50,201,sign-optimization-horizontal-vertical_scenario,614,226,3,-10,3,0,90,15,1,115883,WheelchairAgent(Clone),11,10,1.3,1.17,0,0,False,3,0,0
2026-03-07_01.51.50,201,sign-optimization-horizontal-vertical_scenario,614,226,3,-10,3,0,90,15,1,115884,AdultFemaleAgent(Clone),6,12,1.58,1.45,0,0,False,2,0,0
2026-03-07_01.51.50,201,sign-optimization-horizontal-vertical_scenario,614,226,3,-10,3,0,90,15,1,115885,AdultMaleAgent(Clone),10,12,1.71,1.58,1.405273,1,True,3,1,0.3333333
2026-03-07_01.51.50,201,sign-optimization-horizontal-vertical_scenario,614,226,3,-10,3,0,90,15,1,115886,WheelchairAgent(Clone),7,11,1.3,1.17,14.0459,1,True,2,1,0.5
2026-03-07_01.51.50,201,sign-optimization-horizontal-vertical_scenario,614,226,3,-10,3,0,90,15,1,115887,WheelchairAgent(Clone),7,11,1.3,1.17,12.73828,1,False,2,1,0.5
2026-03-07_01.51.50,201,sign-optimization-horizontal-vertical_scenario,614,226,3,-10,3,0,90,15,1,115888,AdultFemaleAgent(Clone),7,11,1.58,1.450001,14.11426,1,True,2,1,0.5
2026-03-07_01.51.50,201,sign-optimization-horizontal-vertical_scenario,614,226,3,-10,3,0,90,15,1,115889,AdultMaleAgent(Clone),7,11,1.71,1.58,13.10352,1,True,2,1,0.5
2026-03-07_01.51.50,201,sign-optimization-horizontal-vertical_scenario,614,226,3,-10,3,0,90,15,1,115890,AdultFemaleAgent(Clone),6,12,1.58,1.45,0,0,False,2,0,0
2026-03-07_01.51.50,201,sign-optimization-horizontal-vertical_scenario,614,226,3,-10,3,0,90,15,1,115891,AdultMaleAgent(Clone),10,12,1.71,1.58,2.391602,1,True,3,1,0.3333333
2026-03-07_01.51.50,201,sign-optimization-horizontal-vertical_scenario,614,226,3,-10,3,0,90,15,1,115892,AdultMaleAgent(Clone),5,10,1.71,1.58,8.743164,2,True,2,1,0.5
2026-03-07_01.51.50,201,sign-optimization-horizontal-vertical_scenario,614,226,3,-10,3,0,90,15,1,115893,AdultMaleAgent(Clone),11,10,1.71,1.58,0,0,False,3,0,0
2026-03-07_01.51.50,201,sign-optimization-horizontal-vertical_scenario,614,226,3,-10,3,0,90,15,1,115894,AdultMaleAgent(Clone),10,12,1.71,1.58,1.333008,1,False,3,1,0.3333333
2026-03-07_01.51.50,201,sign-optimization-horizontal-vertical_scenario,614,226,3,-10,3,0,90,15,1,115895,WheelchairAgent(Clone),6,12,1.3,1.17,1.4375,1,False,2,1,0.5
2026-03-07_01.51.50,201,sign-optimization-horizontal-vertical_scenario,614,226,3,-10,3,0,90,15,1,115896,AdultMaleAgent(Clone),6,12,1.71,1.58,0.4238281,1,False,2,1,0.5
2026-03-07_01.51.50,201,sign-optimization-horizontal-vertical_scenario,614,226,3,-10,3,0,90,15,1,115897,WheelchairAgent(Clone),7,11,1.3,1.17,13.6543,1,False,2,1,0.5
2026-03-07_01.51.50,201,sign-optimization-horizontal-vertical_scenario,614,226,3,-10,3,0,90,15,1,115898,AdultFemaleAgent(Clone),7,11,1.58,1.450001,12.88281,1,False,2,1,0.5
2026-03-07_01.51.50,201,sign-optimization-horizontal-vertical_scenario,614,226,3,-10,3,0,90,15,1,115899,AdultFemaleAgent(Clone),11,10,1.58,1.450001,0,0,False,3,0,0
2026-03-07_01.51.50,201,sign-optimization-horizontal-vertical_scenario,614,226,3,-10,3,0,90,15,1,115900,WheelchairAgent(Clone),10,12,1.3,1.17,2.270508,1,True,3,1,0.3333333
2026-03-07_01.51.50,201,sign-optimization-horizontal-vertical_scenario,614,226,3,-10,3,0,90,15,1,115901,AdultMaleAgent(Clone),6,12,1.71,1.58,0,0,False,2,0,0
2026-03-07_01.51.50,201,sign-optimization-horizontal-vertical_scenario,614,226,3,-10,3,0,90,15,1,115902,WheelchairAgent(Clone),5,10,1.3,1.17,7.614258,2,True,2,1,0.5
2026-03-07_01.51.50,201,sign-optimization-horizontal-vertical_scenario,614,226,3,-10,3,0,90,15,1,115903,AdultMaleAgent(Clone),11,10,1.71,1.58,0,0,False,3,0,0
2026-03-07_01.51.50,201,sign-optimization-horizontal-vertical_scenario,614,226,3,-10,3,0,90,15,1,115904,AdultMaleAgent(Clone),6,12,1.71,1.58,0,0,False,2,0,0
2026-03-07_01.51.50,201,sign-optimization-horizontal-vertical_scenario,614,226,3,-10,3,0,90,15,1,115905,AdultMaleAgent(Clone),10,12,1.71,1.58,1.164063,1,False,3,0,0
2026-03-07_01.51.50,201,sign-optimization-horizontal-vertical_scenario,614,226,3,-10,3,0,90,15,1,115906,AdultFemaleAgent(Clone),11,10,1.58,1.450001,0,0,False,3,0,0
2026-03-07_01.51.50,201,sign-optimization-horizontal-vertical_scenario,614,226,3,-10,3,0,90,15,1,115907,WheelchairAgent(Clone),11,10,1.3,1.17,0,0,False,3,0,0
2026-03-07_01.51.50,201,sign-optimization-horizontal-vertical_scenario,614,226,3,-10,3,0,90,15,1,115908,AdultMaleAgent(Clone),5,10,1.71,1.58,9.501953,2,True,2,1,0.5
2026-03-07_01.51.50,201,sign-optimization-horizontal-vertical_scenario,614,226,3,-10,3,0,90,15,1,115909,AdultMaleAgent(Clone),7,11,1.71,1.58,12.00586,1,False,2,1,0.5
2026-03-07_01.51.50,201,sign-optimization-horizontal-vertical_scenario,614,226,3,-10,3,0,90,15,1,115910,AdultMaleAgent(Clone),10,12,1.71,1.58,2.288086,1,True,3,1,0.3333333
2026-03-07_01.51.50,201,sign-optimization-horizontal-vertical_scenario,614,226,3,-10,3,0,90,15,1,115911,AdultMaleAgent(Clone),6,12,1.71,1.58,0.9541016,1,False,2,1,0.5
2026-03-07_01.51.50,201,sign-optimization-horizontal-vertical_scenario,614,226,3,-10,3,0,90,15,1,115912,WheelchairAgent(Clone),10,12,1.3,1.17,2.676758,1,True,3,1,0.3333333
2026-03-07_01.51.50,201,sign-optimization-horizontal-vertical_scenario,614,226,3,-10,3,0,90,15,1,115913,AdultMaleAgent(Clone),10,12,1.71,1.58,2.623047,1,True,3,1,0.3333333
2026-03-07_01.51.50,201,sign-optimization-horizontal-vertical_scenario,614,226,3,-10,3,0,90,15,1,115914,AdultFemaleAgent(Clone),10,12,1.58,1.45,4.163086,1,True,3,1,0.3333333
2026-03-07_01.51.50,201,sign-optimization-horizontal-vertical_scenario,614,226,3,-10,3,0,90,15,1,115915,WheelchairAgent(Clone),5,10,1.3,1.17,8.350586,2,True,2,1,0.5
2026-03-07_01.51.50,201,sign-optimization-horizontal-vertical_scenario,614,226,3,-10,3,0,90,15,1,115916,AdultFemaleAgent(Clone),11,10,1.58,1.450001,1.112305,1,False,3,0,0
2026-03-07_01.51.50,201,sign-optimization-horizontal-vertical_scenario,614,226,3,-10,3,0,90,15,1,115917,AdultMaleAgent(Clone),7,11,1.71,1.58,12.91113,1,False,2,1,0.5
2026-03-07_01.51.50,201,sign-optimization-horizontal-vertical_scenario,614,226,3,-10,3,0,90,15,1,115918,WheelchairAgent(Clone),7,11,1.3,1.17,12.83691,1,False,2,1,0.5
2026-03-07_01.51.50,201,sign-optimization-horizontal-vertical_scenario,614,226,3,-10,3,0,90,15,1,115919,AdultMaleAgent(Clone),7,11,1.71,1.58,15.3125,1,True,2,1,0.5
2026-03-07_01.51.50,201,sign-optimization-horizontal-vertical_scenario,614,226,3,-10,3,0,90,15,1,115920,WheelchairAgent(Clone),10,12,1.3,1.17,2.983398,1,True,3,1,0.3333333
2026-03-07_01.51.50,201,sign-optimization-horizontal-vertical_scenario,614,226,3,-10,3,0,90,15,1,115921,WheelchairAgent(Clone),7,11,1.3,1.17,11.90039,1,False,2,0,0
2026-03-07_01.51.50,201,sign-optimization-horizontal-vertical_scenario,614,226,3,-10,3,0,90,15,1,115922,WheelchairAgent(Clone),6,12,1.3,1.17,1.143555,2,True,2,1,0.5
2026-03-07_01.51.50,201,sign-optimization-horizontal-vertical_scenario,614,226,3,-10,3,0,90,15,1,115923,AdultFemaleAgent(Clone),11,10,1.58,1.450001,0,0,False,3,0,0
2026-03-07_01.51.50,201,sign-optimization-horizontal-vertical_scenario,614,226,3,-10,3,0,90,15,1,115924,AdultFemaleAgent(Clone),6,12,1.58,1.45,0,0,False,2,0,0
2026-03-07_01.51.50,201,sign-optimization-horizontal-vertical_scenario,614,226,3,-10,3,0,90,15,1,115925,WheelchairAgent(Clone),5,10,1.3,1.17,8.37793,2,True,2,1,0.5
2026-03-07_01.51.50,201,sign-optimization-horizontal-vertical_scenario,614,226,3,-10,3,0,90,15,1,115926,AdultMaleAgent(Clone),10,12,1.71,1.58,2.651367,1,True,3,1,0.3333333
2026-03-07_01.51.50,201,sign-optimization-horizontal-vertical_scenario,614,226,3,-10,3,0,90,15,1,115927,AdultMaleAgent(Clone),7,11,1.71,1.58,11.52637,1,False,2,1,0.5
2026-03-07_01.51.50,201,sign-optimization-horizontal-vertical_scenario,614,226,3,-10,3,0,90,15,1,115928,AdultMaleAgent(Clone),5,10,1.71,1.58,8.500977,2,True,2,1,0.5
2026-03-07_01.51.50,201,sign-optimization-horizontal-vertical_scenario,614,226,3,-10,3,0,90,15,1,115929,AdultFemaleAgent(Clone),11,10,1.58,1.450001,0,0,False,3,0,0
2026-03-07_01.51.50,201,sign-optimization-horizontal-vertical_scenario,614,226,3,-10,3,0,90,15,1,115930,WheelchairAgent(Clone),11,10,1.3,1.17,0,0,False,3,0,0
2026-03-07_01.51.50,201,sign-optimization-horizontal-vertical_scenario,614,226,3,-10,3,0,90,15,1,115931,AdultFemaleAgent(Clone),5,10,1.58,1.45,9.43457,2,True,2,1,0.5
2026-03-07_01.51.50,201,sign-optimization-horizontal-vertical_scenario,614,226,3,-10,3,0,90,15,1,115932,AdultFemaleAgent(Clone),11,10,1.58,1.450001,0,0,False,3,0,0
2026-03-07_01.51.50,201,sign-optimization-horizontal-vertical_scenario,614,226,3,-10,3,0,90,15,1,115933,WheelchairAgent(Clone),10,12,1.3,1.17,3.344727,1,True,3,1,0.3333333
2026-03-07_01.51.50,201,sign-optimization-horizontal-vertical_scenario,614,226,3,-10,3,0,90,15,1,115934,WheelchairAgent(Clone),6,12,1.3,1.17,0,0,False,2,0,0
2026-03-07_01.51.50,201,sign-optimization-horizontal-vertical_scenario,614,226,3,-10,3,0,90,15,1,115935,AdultFemaleAgent(Clone),10,12,1.58,1.45,1.977539,1,True,3,1,0.3333333
2026-03-07_01.51.50,201,sign-optimization-horizontal-vertical_scenario,614,226,3,-10,3,0,90,15,1,115936,WheelchairAgent(Clone),6,12,1.3,1.17,0,0,False,2,0,0
2026-03-07_01.51.50,201,sign-optimization-horizontal-vertical_scenario,614,226,3,-10,3,0,90,15,1,115937,AdultFemaleAgent(Clone),11,10,1.58,1.450001,0,0,False,3,0,0
2026-03-07_01.51.50,201,sign-optimization-horizontal-vertical_scenario,614,226,3,-10,3,0,90,15,1,115938,AdultMaleAgent(Clone),6,12,1.71,1.58,0.6210938,1,False,2,1,0.5
2026-03-07_01.51.50,201,sign-optimization-horizontal-vertical_scenario,614,226,3,-10,3,0,90,15,1,115939,AdultMaleAgent(Clone),6,12,1.71,1.58,0,0,False,2,0,0
2026-03-07_01.51.50,201,sign-optimization-horizontal-vertical_scenario,614,226,3,-10,3,0,90,15,1,115940,WheelchairAgent(Clone),5,10,1.3,1.17,8.689453,2,True,2,1,0.5
2026-03-07_01.51.50,201,sign-optimization-horizontal-vertical_scenario,614,226,3,-10,3,0,90,15,1,115941,WheelchairAgent(Clone),7,11,1.3,1.17,11.59863,1,False,2,0,0
2026-03-07_01.51.50,201,sign-optimization-horizontal-vertical_scenario,614,226,3,-10,3,0,90,15,1,115942,AdultMaleAgent(Clone),6,12,1.71,1.58,0.08789063,1,False,2,1,0.5
2026-03-07_01.51.50,201,sign-optimization-horizontal-vertical_scenario,614,226,3,-10,3,0,90,15,1,115943,WheelchairAgent(Clone),10,12,1.3,1.17,3.211914,1,True,3,1,0.3333333
2026-03-07_01.51.50,201,sign-optimization-horizontal-vertical_scenario,614,226,3,-10,3,0,90,15,1,115944,AdultMaleAgent(Clone),11,10,1.71,1.58,0,0,False,3,0,0
2026-03-07_01.51.50,201,sign-optimization-horizontal-vertical_scenario,614,226,3,-10,3,0,90,15,1,115945,AdultFemaleAgent(Clone),7,11,1.58,1.450001,13.74414,1,True,2,1,0.5
2026-03-07_01.51.50,201,sign-optimization-horizontal-vertical_scenario,614,226,3,-10,3,0,90,15,1,115946,AdultFemaleAgent(Clone),7,11,1.58,1.450001,12.96191,1,False,2,1,0.5
2026-03-07_01.51.50,201,sign-optimization-horizontal-vertical_scenario,614,226,3,-10,3,0,90,15,1,115947,AdultFemaleAgent(Clone),6,12,1.58,1.45,0.1201172,1,False,2,1,0.5
2026-03-07_01.51.50,201,sign-optimization-horizontal-vertical_scenario,614,226,3,-10,3,0,90,15,1,115948,WheelchairAgent(Clone),11,10,1.3,1.17,0,0,False,3,0,0
2026-03-07_01.51.50,201,sign-optimization-horizontal-vertical_scenario,614,226,3,-10,3,0,90,15,1,115949,AdultMaleAgent(Clone),5,10,1.71,1.58,9.509766,2,True,2,1,0.5
2026-03-07_01.51.50,201,sign-optimization-horizontal-vertical_scenario,614,226,3,-10,3,0,90,15,1,115950,WheelchairAgent(Clone),10,12,1.3,1.17,3.15625,1,True,3,1,0.3333333
2026-03-07_01.51.50,201,sign-optimization-horizontal-vertical_scenario,614,226,3,-10,3,0,90,15,1,115951,AdultMaleAgent(Clone),7,11,1.71,1.58,13.36328,1,False,2,1,0.5
2026-03-07_01.51.50,201,sign-optimization-horizontal-vertical_scenario,614,226,3,-10,3,0,90,15,1,115952,AdultMaleAgent(Clone),5,10,1.71,1.58,8.380859,2,True,2,1,0.5
2026-03-07_01.51.50,201,sign-optimization-horizontal-vertical_scenario,614,226,3,-10,3,0,90,15,1,115953,AdultMaleAgent(Clone),10,12,1.71,1.58,3.012695,1,True,3,1,0.3333333
2026-03-07_01.51.50,201,sign-optimization-horizontal-vertical_scenario,614,226,3,-10,3,0,90,15,1,115954,WheelchairAgent(Clone),7,11,1.3,1.17,13.42578,1,False,2,1,0.5
2026-03-07_01.51.50,201,sign-optimization-horizontal-vertical_scenario,614,226,3,-10,3,0,90,15,1,115955,WheelchairAgent(Clone),6,12,1.3,1.17,0,0,False,2,0,0
2026-03-07_01.51.50,201,sign-optimization-horizontal-vertical_scenario,614,226,3,-10,3,0,90,15,1,115956,WheelchairAgent(Clone),11,10,1.3,1.17,0,0,False,3,0,0
2026-03-07_01.51.50,201,sign-optimization-horizontal-vertical_scenario,614,226,3,-10,3,0,90,15,1,115957,AdultMaleAgent(Clone),6,12,1.71,1.58,0,0,False,2,0,0
2026-03-07_01.51.50,201,sign-optimization-horizontal-vertical_scenario,614,226,3,-10,3,0,90,15,1,115958,AdultFemaleAgent(Clone),10,12,1.58,1.45,3.75,1,True,3,1,0.3333333
2026-03-07_01.51.50,201,sign-optimization-horizontal-vertical_scenario,614,226,3,-10,3,0,90,15,1,115959,AdultFemaleAgent(Clone),6,12,1.58,1.45,1.141602,1,True,2,1,0.5
2026-03-07_01.51.50,201,sign-optimization-horizontal-vertical_scenario,614,226,3,-10,3,0,90,15,1,115960,AdultFemaleAgent(Clone),11,10,1.58,1.450001,0,0,False,3,0,0
2026-03-07_01.51.50,201,sign-optimization-horizontal-vertical_scenario,614,226,3,-10,3,0,90,15,1,115961,WheelchairAgent(Clone),5,10,1.3,1.17,9.029297,2,True,2,1,0.5
2026-03-07_01.51.50,201,sign-optimization-horizontal-vertical_scenario,614,226,3,-10,3,0,90,15,1,115962,WheelchairAgent(Clone),6,12,1.3,1.17,0,0,False,2,0,0
2026-03-07_01.51.50,201,sign-optimization-horizontal-vertical_scenario,614,226,3,-10,3,0,90,15,1,115963,WheelchairAgent(Clone),5,10,1.3,1.17,9.329102,2,True,2,1,0.5
2026-03-07_01.51.50,201,sign-optimization-horizontal-vertical_scenario,614,226,3,-10,3,0,90,15,1,115964,AdultMaleAgent(Clone),10,12,1.71,1.58,3.77832,1,True,3,1,0.3333333
2026-03-07_01.51.50,201,sign-optimization-horizontal-vertical_scenario,614,226,3,-10,3,0,90,15,1,115965,AdultFemaleAgent(Clone),7,11,1.58,1.450001,14.03613,1,True,2,1,0.5
2026-03-07_01.51.50,201,sign-optimization-horizontal-vertical_scenario,614,226,3,-10,3,0,90,15,1,115966,WheelchairAgent(Clone),5,10,1.3,1.17,8.067383,2,True,2,1,0.5
2026-03-07_01.51.50,201,sign-optimization-horizontal-vertical_scenario,614,226,3,-10,3,0,90,15,1,115967,AdultFemaleAgent(Clone),6,12,1.58,1.45,1.587891,2,False,2,1,0.5
2026-03-07_01.51.50,201,sign-optimization-horizontal-vertical_scenario,614,226,3,-10,3,0,90,15,1,115968,AdultFemaleAgent(Clone),6,12,1.58,1.45,0,0,False,2,0,0
2026-03-07_01.51.50,201,sign-optimization-horizontal-vertical_scenario,614,226,3,-10,3,0,90,15,1,115969,AdultFemaleAgent(Clone),11,10,1.58,1.450001,0,0,False,3,0,0
2026-03-07_01.51.50,201,sign-optimization-horizontal-vertical_scenario,614,226,3,-10,3,0,90,15,1,115970,AdultMaleAgent(Clone),10,12,1.71,1.58,3.638672,1,True,3,1,0.3333333
2026-03-07_01.51.50,201,sign-optimization-horizontal-vertical_scenario,614,226,3,-10,3,0,90,15,1,115971,WheelchairAgent(Clone),5,10,1.3,1.17,8.322266,2,True,2,1,0.5
2026-03-07_01.51.50,201,sign-optimization-horizontal-vertical_scenario,614,226,3,-10,3,0,90,15,1,115972,AdultMaleAgent(Clone),7,11,1.71,1.58,12.08691,1,False,2,1,0.5
2026-03-07_01.51.50,201,sign-optimization-horizontal-vertical_scenario,614,226,3,-10,3,0,90,15,1,115973,WheelchairAgent(Clone),5,10,1.3,1.17,8.238281,2,True,2,1,0.5
2026-03-07_01.51.50,201,sign-optimization-horizontal-vertical_scenario,614,226,3,-10,3,0,90,15,1,115974,AdultFemaleAgent(Clone),11,10,1.58,1.450001,0,0,False,3,0,0
2026-03-07_01.51.50,201,sign-optimization-horizontal-vertical_scenario,614,226,3,-10,3,0,90,15,1,115975,AdultMaleAgent(Clone),5,10,1.71,1.58,8.495117,2,True,2,1,0.5
2026-03-07_01.51.50,201,sign-optimization-horizontal-vertical_scenario,614,226,3,-10,3,0,90,15,1,115976,AdultFemaleAgent(Clone),7,11,1.58,1.450001,12.82324,1,False,2,1,0.5
2026-03-07_01.51.50,201,sign-optimization-horizontal-vertical_scenario,614,226,3,-10,3,0,90,15,1,115977,WheelchairAgent(Clone),7,11,1.3,1.17,13.25391,1,False,2,1,0.5
2026-03-07_01.51.50,201,sign-optimization-horizontal-vertical_scenario,614,226,3,-10,3,0,90,15,1,115978,WheelchairAgent(Clone),5,10,1.3,1.17,9.263672,2,True,2,1,0.5
2026-03-07_01.51.50,201,sign-optimization-horizontal-vertical_scenario,614,226,3,-10,3,0,90,15,1,115979,AdultFemaleAgent(Clone),10,12,1.58,1.45,3.742188,1,True,3,1,0.3333333
2026-03-07_01.51.50,201,sign-optimization-horizontal-vertical_scenario,614,226,3,-10,3,0,90,15,1,115980,WheelchairAgent(Clone),7,11,1.3,1.17,13.92188,1,False,2,1,0.5
2026-03-07_01.51.50,201,sign-optimization-horizontal-vertical_scenario,614,226,3,-10,3,0,90,15,1,115981,AdultFemaleAgent(Clone),11,10,1.58,1.450001,0,0,False,3,0,0
2026-03-07_01.51.50,201,sign-optimization-horizontal-vertical_scenario,614,226,3,-10,3,0,90,15,1,115982,AdultMaleAgent(Clone),11,10,1.71,1.58,2.214844,1,False,3,0,0
2026-03-07_01.51.50,201,sign-optimization-horizontal-vertical_scenario,614,226,3,-10,3,0,90,15,1,115983,WheelchairAgent(Clone),5,10,1.3,1.17,8.429688,2,True,2,1,0.5
2026-03-07_01.51.50,201,sign-optimization-horizontal-vertical_scenario,614,226,3,-10,3,0,90,15,1,115984,WheelchairAgent(Clone),7,11,1.3,1.17,12.96387,1,False,2,1,0.5
2026-03-07_01.51.50,201,sign-optimization-horizontal-vertical_scenario,614,226,3,-10,3,0,90,15,1,115985,AdultMaleAgent(Clone),5,10,1.71,1.58,9.640625,2,True,2,1,0.5
2026-03-07_01.51.50,201,sign-optimization-horizontal-vertical_scenario,614,226,3,-10,3,0,90,15,1,115986,WheelchairAgent(Clone),11,10,1.3,1.17,0,0,False,3,0,0
2026-03-07_01.51.50,201,sign-optimization-horizontal-vertical_scenario,614,226,3,-10,3,0,90,15,1,115987,AdultMaleAgent(Clone),6,12,1.71,1.58,1.486328,1,True,2,1,0.5
2026-03-07_01.51.50,201,sign-optimization-horizontal-vertical_scenario,614,226,3,-10,3,0,90,15,1,115988,AdultMaleAgent(Clone),6,12,1.71,1.58,0,0,False,2,0,0
2026-03-07_01.51.50,201,sign-optimization-horizontal-vertical_scenario,614,226,3,-10,3,0,90,15,1,115989,WheelchairAgent(Clone),6,12,1.3,1.17,1.672852,2,True,2,1,0.5
2026-03-07_01.51.50,201,sign-optimization-horizontal-vertical_scenario,614,226,3,-10,3,0,90,15,1,115990,WheelchairAgent(Clone),7,11,1.3,1.17,11.75684,1,False,2,1,0.5
2026-03-07_01.51.50,201,sign-optimization-horizontal-vertical_scenario,614,226,3,-10,3,0,90,15,1,115991,AdultFemaleAgent(Clone),11,10,1.58,1.450001,0,0,False,3,0,0
2026-03-07_01.51.50,201,sign-optimization-horizontal-vertical_scenario,614,226,3,-10,3,0,90,15,1,115992,WheelchairAgent(Clone),7,11,1.3,1.17,11.23047,1,False,2,1,0.5
2026-03-07_01.51.50,201,sign-optimization-horizontal-vertical_scenario,614,226,3,-10,3,0,90,15,1,115993,AdultFemaleAgent(Clone),11,10,1.58,1.450001,0,0,False,3,0,0
2026-03-07_01.51.50,201,sign-optimization-horizontal-vertical_scenario,614,226,3,-10,3,0,90,15,1,115994,AdultFemaleAgent(Clone),6,12,1.58,1.45,0,0,False,2,0,0
2026-03-07_01.51.50,201,sign-optimization-horizontal-vertical_scenario,614,226,3,-10,3,0,90,15,1,115995,WheelchairAgent(Clone),7,11,1.3,1.17,12.58594,1,False,2,1,0.5
2026-03-07_01.51.50,201,sign-optimization-horizontal-vertical_scenario,614,226,3,-10,3,0,90,15,1,115996,WheelchairAgent(Clone),5,10,1.3,1.17,8.905273,2,True,2,1,0.5
2026-03-07_01.51.50,201,sign-optimization-horizontal-vertical_scenario,614,226,3,-10,3,0,90,15,1,115997,AdultMaleAgent(Clone),11,10,1.71,1.58,0,0,False,3,0,0
2026-03-07_01.51.50,201,sign-optimization-horizontal-vertical_scenario,614,226,3,-10,3,0,90,15,1,115998,AdultFemaleAgent(Clone),6,12,1.58,1.45,0.5400391,2,True,2,1,0.5
2026-03-07_01.51.50,201,sign-optimization-horizontal-vertical_scenario,614,226,3,-10,3,0,90,15,1,115999,WheelchairAgent(Clone),5,10,1.3,1.17,9.016602,2,True,2,1,0.5
2026-03-07_01.51.50,201,sign-optimization-horizontal-vertical_scenario,614,226,3,-10,3,0,90,15,1,116000,WheelchairAgent(Clone),11,10,1.3,1.17,0,0,False,3,0,0
2026-03-07_01.51.50,201,sign-optimization-horizontal-vertical_scenario,614,226,3,-10,3,0,90,15,1,116001,AdultMaleAgent(Clone),5,10,1.71,1.58,8.758789,2,True,2,1,0.5
2026-03-07_01.51.50,201,sign-optimization-horizontal-vertical_scenario,614,226,3,-10,3,0,90,15,1,116002,AdultFemaleAgent(Clone),6,12,1.58,1.45,0,0,False,2,0,0
2026-03-07_01.51.50,201,sign-optimization-horizontal-vertical_scenario,614,226,3,-10,3,0,90,15,1,116003,AdultFemaleAgent(Clone),6,12,1.58,1.45,2.824219,1,True,2,1,0.5
2026-03-07_01.51.50,201,sign-optimization-horizontal-vertical_scenario,614,226,3,-10,3,0,90,15,1,116004,WheelchairAgent(Clone),7,11,1.3,1.17,11.19141,1,False,2,1,0.5
2026-03-07_01.51.50,201,sign-optimization-horizontal-vertical_scenario,614,226,3,-10,3,0,90,15,1,116005,AdultFemaleAgent(Clone),7,11,1.58,1.450001,15.26074,1,False,2,1,0.5
2026-03-07_01.51.50,201,sign-optimization-horizontal-vertical_scenario,614,226,3,-10,3,0,90,15,1,116006,WheelchairAgent(Clone),5,10,1.3,1.17,7.725586,2,True,2,1,0.5
2026-03-07_01.51.50,201,sign-optimization-horizontal-vertical_scenario,614,226,3,-10,3,0,90,15,1,116007,AdultMaleAgent(Clone),5,10,1.71,1.58,8.385742,2,True,2,1,0.5
2026-03-07_01.51.50,201,sign-optimization-horizontal-vertical_scenario,614,226,3,-10,3,0,90,15,1,116008,WheelchairAgent(Clone),5,10,1.3,1.17,8.888672,2,True,2,1,0.5
2026-03-07_01.51.50,201,sign-optimization-horizontal-vertical_scenario,614,226,3,-10,3,0,90,15,1,116009,AdultFemaleAgent(Clone),5,10,1.58,1.45,8.737305,2,True,2,1,0.5
2026-03-07_01.51.50,201,sign-optimization-horizontal-vertical_scenario,614,226,3,-10,3,0,90,15,1,116010,AdultMaleAgent(Clone),5,10,1.71,1.58,8.536133,2,True,2,1,0.5
2026-03-07_01.51.50,201,sign-optimization-horizontal-vertical_scenario,614,226,3,-10,3,0,90,15,1,116011,AdultMaleAgent(Clone),7,11,1.71,1.58,14.55664,1,True,2,1,0.5
2026-03-07_01.51.50,201,sign-optimization-horizontal-vertical_scenario,614,226,3,-10,3,0,90,15,1,116012,AdultMaleAgent(Clone),11,10,1.71,1.58,0,0,False,3,0,0
2026-03-07_01.51.50,201,sign-optimization-horizontal-vertical_scenario,614,226,3,-10,3,0,90,15,1,116013,AdultMaleAgent(Clone),10,12,1.71,1.58,3.696289,1,True,3,1,0.3333333
2026-03-07_01.51.50,201,sign-optimization-horizontal-vertical_scenario,614,226,3,-10,3,0,90,15,1,116014,WheelchairAgent(Clone),11,10,1.3,1.17,0,0,False,3,0,0
2026-03-07_01.51.50,201,sign-optimization-horizontal-vertical_scenario,614,226,3,-10,3,0,90,15,1,116015,AdultMaleAgent(Clone),5,10,1.71,1.58,9.27832,2,True,2,1,0.5
2026-03-07_01.51.50,201,sign-optimization-horizontal-vertical_scenario,614,226,3,-10,3,0,90,15,1,116016,AdultFemaleAgent(Clone),10,12,1.58,1.45,2.652344,1,True,3,1,0.3333333
2026-03-07_01.51.50,201,sign-optimization-horizontal-vertical_scenario,614,226,3,-10,3,0,90,15,1,116017,AdultMaleAgent(Clone),11,10,1.71,1.58,0,0,False,3,0,0
2026-03-07_01.51.50,201,sign-optimization-horizontal-vertical_scenario,614,226,3,-10,3,0,90,15,1,116018,AdultMaleAgent(Clone),7,11,1.71,1.58,14.99414,1,True,2,1,0.5
2026-03-07_01.51.50,201,sign-optimization-horizontal-vertical_scenario,614,226,3,-10,3,0,90,15,1,116019,AdultFemaleAgent(Clone),11,10,1.58,1.450001,0,0,False,3,0,0
2026-03-07_01.51.50,201,sign-optimization-horizontal-vertical_scenario,614,226,3,-10,3,0,90,15,1,116020,AdultMaleAgent(Clone),10,12,1.71,1.58,3.822266,1,True,3,1,0.3333333
2026-03-07_01.51.50,201,sign-optimization-horizontal-vertical_scenario,614,226,3,-10,3,0,90,15,1,116021,AdultMaleAgent(Clone),11,10,1.71,1.58,0,0,False,3,0,0
2026-03-07_01.51.50,201,sign-optimization-horizontal-vertical_scenario,614,226,3,-10,3,0,90,15,1,116022,AdultFemaleAgent(Clone),10,12,1.58,1.45,1.957031,1,True,3,1,0.3333333
2026-03-07_01.51.50,201,sign-optimization-horizontal-vertical_scenario,614,226,3,-10,3,0,90,15,1,116023,AdultMaleAgent(Clone),5,10,1.71,1.58,9.064453,2,True,2,1,0.5
2026-03-07_01.51.50,201,sign-optimization-horizontal-vertical_scenario,614,226,3,-10,3,0,90,15,1,116024,WheelchairAgent(Clone),11,10,1.3,1.17,0,0,False,3,0,0
2026-03-07_01.51.50,201,sign-optimization-horizontal-vertical_scenario,614,226,3,-10,3,0,90,15,1,116025,AdultFemaleAgent(Clone),6,12,1.58,1.45,0,0,False,2,0,0
2026-03-07_01.51.50,201,sign-optimization-horizontal-vertical_scenario,614,226,3,-10,3,0,90,15,1,116026,AdultMaleAgent(Clone),10,12,1.71,1.58,4.316406,1,True,3,1,0.3333333
2026-03-07_01.51.50,201,sign-optimization-horizontal-vertical_scenario,614,226,3,-10,3,0,90,15,1,116027,WheelchairAgent(Clone),5,10,1.3,1.17,9.166016,2,True,2,1,0.5
2026-03-07_01.51.50,201,sign-optimization-horizontal-vertical_scenario,614,226,3,-10,3,0,90,15,1,116028,AdultMaleAgent(Clone),7,11,1.71,1.58,12.76855,1,True,2,1,0.5
2026-03-07_01.51.50,201,sign-optimization-horizontal-vertical_scenario,614,226,3,-10,3,0,90,15,1,116029,WheelchairAgent(Clone),11,10,1.3,1.17,0,0,False,3,0,0
2026-03-07_01.51.50,201,sign-optimization-horizontal-vertical_scenario,614,226,3,-10,3,0,90,15,1,116030,WheelchairAgent(Clone),5,10,1.3,1.17,9.068359,2,True,2,1,0.5
2026-03-07_01.51.50,201,sign-optimization-horizontal-vertical_scenario,614,226,3,-10,3,0,90,15,1,116031,AdultFemaleAgent(Clone),5,10,1.58,1.45,9.137695,2,True,2,1,0.5
2026-03-07_01.51.50,201,sign-optimization-horizontal-vertical_scenario,614,226,3,-10,3,0,90,15,1,116032,AdultMaleAgent(Clone),6,12,1.71,1.58,1.773438,2,True,2,1,0.5
2026-03-07_01.51.50,201,sign-optimization-horizontal-vertical_scenario,614,226,3,-10,3,0,90,15,1,116033,AdultMaleAgent(Clone),11,10,1.71,1.58,0,0,False,3,0,0
2026-03-07_01.51.50,201,sign-optimization-horizontal-vertical_scenario,614,226,3,-10,3,0,90,15,1,116034,AdultMaleAgent(Clone),10,12,1.71,1.58,2.959961,1,True,3,1,0.3333333
2026-03-07_01.51.50,201,sign-optimization-horizontal-vertical_scenario,614,226,3,-10,3,0,90,15,1,116035,AdultFemaleAgent(Clone),7,11,1.58,1.450001,12.76074,1,False,2,1,0.5
2026-03-07_01.51.50,201,sign-optimization-horizontal-vertical_scenario,614,226,3,-10,3,0,90,15,1,116036,AdultFemaleAgent(Clone),7,11,1.58,1.450001,13.95801,1,True,2,1,0.5
2026-03-07_01.51.50,201,sign-optimization-horizontal-vertical_scenario,614,226,3,-10,3,0,90,15,1,116037,WheelchairAgent(Clone),10,12,1.3,1.17,2.3125,1,True,3,1,0.3333333
2026-03-07_01.51.50,201,sign-optimization-horizontal-vertical_scenario,614,226,3,-10,3,0,90,15,1,116038,AdultMaleAgent(Clone),10,12,1.71,1.58,3.688477,1,False,3,1,0.3333333
2026-03-07_01.51.50,201,sign-optimization-horizontal-vertical_scenario,614,226,3,-10,3,0,90,15,1,116039,AdultFemaleAgent(Clone),6,12,1.58,1.45,1.985352,1,True,2,1,0.5
2026-03-07_01.51.50,201,sign-optimization-horizontal-vertical_scenario,614,226,3,-10,3,0,90,15,1,116040,AdultMaleAgent(Clone),6,12,1.71,1.58,0,0,False,2,0,0
2026-03-07_01.51.50,201,sign-optimization-horizontal-vertical_scenario,614,226,3,-10,3,0,90,15,1,116041,WheelchairAgent(Clone),5,10,1.3,1.17,8.439453,2,True,2,1,0.5
2026-03-07_01.51.50,201,sign-optimization-horizontal-vertical_scenario,614,226,3,-10,3,0,90,15,1,116042,AdultMaleAgent(Clone),6,12,1.71,1.58,0,0,False,2,0,0
2026-03-07_01.51.50,201,sign-optimization-horizontal-vertical_scenario,614,226,3,-10,3,0,90,15,1,116043,AdultMaleAgent(Clone),5,10,1.71,1.58,8.643555,2,True,2,1,0.5
2026-03-07_01.51.50,201,sign-optimization-horizontal-vertical_scenario,614,226,3,-10,3,0,90,15,1,116044,AdultFemaleAgent(Clone),6,12,1.58,1.45,0.6416016,2,False,2,1,0.5
2026-03-07_01.51.50,201,sign-optimization-horizontal-vertical_scenario,614,226,3,-10,3,0,90,15,1,116045,WheelchairAgent(Clone),11,10,1.3,1.17,0,0,False,3,0,0
2026-03-07_01.51.50,201,sign-optimization-horizontal-vertical_scenario,614,226,3,-10,3,0,90,15,1,116046,WheelchairAgent(Clone),11,10,1.3,1.17,0,0,False,3,0,0
2026-03-07_01.51.50,201,sign-optimization-horizontal-vertical_scenario,614,226,3,-10,3,0,90,15,1,116047,AdultMaleAgent(Clone),6,12,1.71,1.58,0,0,False,2,0,0
2026-03-07_01.51.50,201,sign-optimization-horizontal-vertical_scenario,614,226,3,-10,3,0,90,15,1,116048,WheelchairAgent(Clone),5,10,1.3,1.17,9.700195,1,True,2,1,0.5
2026-03-07_01.51.50,201,sign-optimization-horizontal-vertical_scenario,614,226,3,-10,3,0,90,15,1,116049,AdultMaleAgent(Clone),11,10,1.71,1.58,0,0,False,3,0,0
2026-03-07_01.51.50,201,sign-optimization-horizontal-vertical_scenario,614,226,3,-10,3,0,90,15,1,116050,WheelchairAgent(Clone),7,11,1.3,1.17,11.49121,1,False,2,1,0.5
2026-03-07_01.51.50,201,sign-optimization-horizontal-vertical_scenario,614,226,3,-10,3,0,90,15,1,116051,AdultMaleAgent(Clone),10,12,1.71,1.58,3.344727,1,True,3,1,0.3333333
2026-03-07_01.51.50,201,sign-optimization-horizontal-vertical_scenario,614,226,3,-10,3,0,90,15,1,116052,AdultFemaleAgent(Clone),6,12,1.58,1.45,0,0,False,2,0,0
2026-03-07_01.51.50,201,sign-optimization-horizontal-vertical_scenario,614,226,3,-10,3,0,90,15,1,116053,AdultMaleAgent(Clone),5,10,1.71,1.58,8.999023,2,True,2,1,0.5
2026-03-07_01.51.50,201,sign-optimization-horizontal-vertical_scenario,614,226,3,-10,3,0,90,15,1,116054,AdultFemaleAgent(Clone),10,12,1.58,1.45,3.314453,1,True,3,1,0.3333333
2026-03-07_01.51.50,201,sign-optimization-horizontal-vertical_scenario,614,226,3,-10,3,0,90,15,1,116055,WheelchairAgent(Clone),11,10,1.3,1.17,0,0,False,3,0,0
2026-03-07_01.51.50,201,sign-optimization-horizontal-vertical_scenario,614,226,3,-10,3,0,90,15,1,116056,AdultMaleAgent(Clone),7,11,1.71,1.58,13.08691,1,False,2,1,0.5
2026-03-07_01.51.50,201,sign-optimization-horizontal-vertical_scenario,614,226,3,-10,3,0,90,15,1,116057,WheelchairAgent(Clone),7,11,1.3,1.17,10.90039,1,False,2,1,0.5
2026-03-07_01.51.50,201,sign-optimization-horizontal-vertical_scenario,614,226,3,-10,3,0,90,15,1,116058,AdultFemaleAgent(Clone),6,12,1.58,1.45,0,0,False,2,0,0
2026-03-07_01.51.50,201,sign-optimization-horizontal-vertical_scenario,614,226,3,-10,3,0,90,15,1,116059,AdultMaleAgent(Clone),10,12,1.71,1.58,2.889648,1,True,3,1,0.3333333
2026-03-07_01.51.50,201,sign-optimization-horizontal-vertical_scenario,614,226,3,-10,3,0,90,15,1,116060,AdultMaleAgent(Clone),11,10,1.71,1.58,0,0,False,3,0,0
2026-03-07_01.51.50,201,sign-optimization-horizontal-vertical_scenario,614,226,3,-10,3,0,90,15,1,116061,AdultMaleAgent(Clone),7,11,1.71,1.58,13.87891,1,False,2,1,0.5
2026-03-07_01.51.50,201,sign-optimization-horizontal-vertical_scenario,614,226,3,-10,3,0,90,15,1,116062,WheelchairAgent(Clone),11,10,1.3,1.17,0,0,False,3,0,0
2026-03-07_01.51.50,201,sign-optimization-horizontal-vertical_scenario,614,226,3,-10,3,0,90,15,1,116063,AdultMaleAgent(Clone),6,12,1.71,1.58,0,0,False,2,0,0
2026-03-07_01.51.50,201,sign-optimization-horizontal-vertical_scenario,614,226,3,-10,3,0,90,15,1,116064,WheelchairAgent(Clone),6,12,1.3,1.17,0,0,False,2,0,0
2026-03-07_01.51.50,201,sign-optimization-horizontal-vertical_scenario,614,226,3,-10,3,0,90,15,1,116065,WheelchairAgent(Clone),5,10,1.3,1.17,7.558594,2,True,2,1,0.5
2026-03-07_01.51.50,201,sign-optimization-horizontal-vertical_scenario,614,226,3,-10,3,0,90,15,1,116066,AdultFemaleAgent(Clone),11,10,1.58,1.450001,0,0,False,3,0,0
2026-03-07_01.51.50,201,sign-optimization-horizontal-vertical_scenario,614,226,3,-10,3,0,90,15,1,116067,WheelchairAgent(Clone),6,12,1.3,1.17,0.6054688,2,True,2,1,0.5
2026-03-07_01.51.50,201,sign-optimization-horizontal-vertical_scenario,614,226,3,-10,3,0,90,15,1,116068,AdultFemaleAgent(Clone),6,12,1.58,1.45,0,0,False,2,0,0
2026-03-07_01.51.50,201,sign-optimization-horizontal-vertical_scenario,614,226,3,-10,3,0,90,15,1,116069,AdultFemaleAgent(Clone),7,11,1.58,1.450001,13.70215,1,False,2,0,0
2026-03-07_01.51.50,201,sign-optimization-horizontal-vertical_scenario,614,226,3,-10,3,0,90,15,1,116070,AdultMaleAgent(Clone),10,12,1.71,1.58,3.349609,1,True,3,1,0.3333333
2026-03-07_01.51.50,201,sign-optimization-horizontal-vertical_scenario,614,226,3,-10,3,0,90,15,1,116071,WheelchairAgent(Clone),6,12,1.3,1.17,0,0,False,2,0,0
2026-03-07_01.51.50,201,sign-optimization-horizontal-vertical_scenario,614,226,3,-10,3,0,90,15,1,116072,AdultMaleAgent(Clone),5,10,1.71,1.58,9.742188,1,True,2,1,0.5
2026-03-07_01.51.50,201,sign-optimization-horizontal-vertical_scenario,614,226,3,-10,3,0,90,15,1,116073,AdultFemaleAgent(Clone),7,11,1.58,1.450001,12.43066,1,False,2,1,0.5
2026-03-07_01.51.50,201,sign-optimization-horizontal-vertical_scenario,614,226,3,-10,3,0,90,15,1,116074,WheelchairAgent(Clone),7,11,1.3,1.17,14.40332,1,True,2,1,0.5
2026-03-07_01.51.50,201,sign-optimization-horizontal-vertical_scenario,614,226,3,-10,3,0,90,15,1,116075,AdultMaleAgent(Clone),6,12,1.71,1.58,0,0,False,2,0,0
2026-03-07_01.51.50,201,sign-optimization-horizontal-vertical_scenario,614,226,3,-10,3,0,90,15,1,116076,AdultMaleAgent(Clone),10,12,1.71,1.58,3.811523,1,True,3,1,0.3333333
2026-03-07_01.51.50,201,sign-optimization-horizontal-vertical_scenario,614,226,3,-10,3,0,90,15,1,116077,AdultFemaleAgent(Clone),7,11,1.58,1.450001,14.32813,1,True,2,1,0.5
2026-03-07_01.51.50,201,sign-optimization-horizontal-vertical_scenario,614,226,3,-10,3,0,90,15,1,116078,WheelchairAgent(Clone),10,12,1.3,1.17,3.990234,1,True,3,1,0.3333333
2026-03-07_01.51.50,201,sign-optimization-horizontal-vertical_scenario,614,226,3,-10,3,0,90,15,1,116079,WheelchairAgent(Clone),7,11,1.3,1.17,11.51465,1,False,2,1,0.5
2026-03-07_01.51.50,201,sign-optimization-horizontal-vertical_scenario,614,226,3,-10,3,0,90,15,1,116080,AdultMaleAgent(Clone),6,12,1.71,1.58,0,0,False,2,0,0
2026-03-07_01.51.50,201,sign-optimization-horizontal-vertical_scenario,614,226,3,-10,3,0,90,15,1,116081,WheelchairAgent(Clone),6,12,1.3,1.17,2.636719,1,True,2,1,0.5
2026-03-07_01.51.50,201,sign-optimization-horizontal-vertical_scenario,614,226,3,-10,3,0,90,15,1,116082,AdultFemaleAgent(Clone),10,12,1.58,1.45,4.654297,1,True,3,1,0.3333333
2026-03-07_01.51.50,201,sign-optimization-horizontal-vertical_scenario,614,226,3,-10,3,0,90,15,1,116083,AdultFemaleAgent(Clone),5,10,1.58,1.45,10.07324,1,True,2,1,0.5
2026-03-07_01.51.50,201,sign-optimization-horizontal-vertical_scenario,614,226,3,-10,3,0,90,15,1,116084,AdultFemaleAgent(Clone),5,10,1.58,1.45,8.073242,2,True,2,1,0.5
2026-03-07_01.51.50,201,sign-optimization-horizontal-vertical_scenario,614,226,3,-10,3,0,90,15,1,116085,WheelchairAgent(Clone),10,12,1.3,1.17,2.625,1,True,3,1,0.3333333
2026-03-07_01.51.50,201,sign-optimization-horizontal-vertical_scenario,614,226,3,-10,3,0,90,15,1,116086,AdultMaleAgent(Clone),7,11,1.71,1.58,11.91699,1,False,2,1,0.5
2026-03-07_01.51.50,201,sign-optimization-horizontal-vertical_scenario,614,226,3,-10,3,0,90,15,1,116087,WheelchairAgent(Clone),7,11,1.3,1.17,14.79883,1,False,2,1,0.5
2026-03-07_01.51.50,201,sign-optimization-horizontal-vertical_scenario,614,226,3,-10,3,0,90,15,1,116088,AdultMaleAgent(Clone),11,10,1.71,1.58,0,0,False,3,0,0
2026-03-07_01.51.50,201,sign-optimization-horizontal-vertical_scenario,614,226,3,-10,3,0,90,15,1,116089,AdultFemaleAgent(Clone),5,10,1.58,1.45,9.165039,1,True,2,1,0.5
2026-03-07_01.51.50,201,sign-optimization-horizontal-vertical_scenario,614,226,3,-10,3,0,90,15,1,116090,AdultFemaleAgent(Clone),11,10,1.58,1.450001,0,0,False,3,0,0
2026-03-07_01.51.50,201,sign-optimization-horizontal-vertical_scenario,614,226,3,-10,3,0,90,15,1,116091,WheelchairAgent(Clone),10,12,1.3,1.17,2.109375,1,False,3,0,0
2026-03-07_01.51.50,201,sign-optimization-horizontal-vertical_scenario,614,226,3,-10,3,0,90,15,1,116092,AdultFemaleAgent(Clone),7,11,1.58,1.450001,13.26074,1,True,2,1,0.5
2026-03-07_01.51.50,201,sign-optimization-horizontal-vertical_scenario,614,226,3,-10,3,0,90,15,1,116093,AdultFemaleAgent(Clone),11,10,1.58,1.450001,0,0,False,3,0,0
2026-03-07_01.51.50,201,sign-optimization-horizontal-vertical_scenario,614,226,3,-10,3,0,90,15,1,116094,WheelchairAgent(Clone),6,12,1.3,1.17,0.1699219,1,False,2,0,0
2026-03-07_01.51.50,201,sign-optimization-horizontal-vertical_scenario,614,226,3,-10,3,0,90,15,1,116095,AdultFemaleAgent(Clone),11,10,1.58,1.450001,0,0,False,3,0,0
2026-03-07_01.51.50,201,sign-optimization-horizontal-vertical_scenario,614,226,3,-10,3,0,90,15,1,116096,WheelchairAgent(Clone),10,12,1.3,1.17,3.174805,1,True,3,1,0.3333333
2026-03-07_01.51.50,201,sign-optimization-horizontal-vertical_scenario,614,226,3,-10,3,0,90,15,1,116097,WheelchairAgent(Clone),5,10,1.3,1.17,8.121094,2,True,2,1,0.5
2026-03-07_01.51.50,201,sign-optimization-horizontal-vertical_scenario,614,226,3,-10,3,0,90,15,1,116098,AdultFemaleAgent(Clone),5,10,1.58,1.45,9.817383,1,True,2,1,0.5
2026-03-07_01.51.50,201,sign-optimization-horizontal-vertical_scenario,614,226,3,-10,3,0,90,15,1,116099,AdultMaleAgent(Clone),7,11,1.71,1.58,12.30859,1,False,2,1,0.5
2026-03-07_01.51.50,201,sign-optimization-horizontal-vertical_scenario,614,226,3,-10,3,0,90,15,1,116100,AdultFemaleAgent(Clone),6,12,1.58,1.45,0,0,False,2,0,0
2026-03-07_01.51.50,201,sign-optimization-horizontal-vertical_scenario,614,226,3,-10,3,0,90,15,1,116101,AdultMaleAgent(Clone),11,10,1.71,1.58,0,0,False,3,0,0
2026-03-07_01.51.50,201,sign-optimization-horizontal-vertical_scenario,614,226,3,-10,3,0,90,15,1,116102,AdultFemaleAgent(Clone),7,11,1.58,1.450001,13.66699,1,True,2,1,0.5
2026-03-07_01.51.50,201,sign-optimization-horizontal-vertical_scenario,614,226,3,-10,3,0,90,15,1,116103,AdultMaleAgent(Clone),5,10,1.71,1.58,7.741211,2,True,2,1,0.5
2026-03-07_01.51.50,201,sign-optimization-horizontal-vertical_scenario,614,226,3,-10,3,0,90,15,1,116104,WheelchairAgent(Clone),7,11,1.3,1.17,14.84863,1,False,2,1,0.5
2026-03-07_01.51.50,201,sign-optimization-horizontal-vertical_scenario,614,226,3,-10,3,0,90,15,1,116105,AdultFemaleAgent(Clone),6,12,1.58,1.45,0,0,False,2,0,0
2026-03-07_01.51.50,201,sign-optimization-horizontal-vertical_scenario,614,226,3,-10,3,0,90,15,1,116106,AdultFemaleAgent(Clone),6,12,1.58,1.45,0,0,False,2,0,0
2026-03-07_01.51.50,201,sign-optimization-horizontal-vertical_scenario,614,226,3,-10,3,0,90,15,1,116107,WheelchairAgent(Clone),10,12,1.3,1.17,3.280273,1,True,3,1,0.3333333
2026-03-07_01.51.50,201,sign-optimization-horizontal-vertical_scenario,614,226,3,-10,3,0,90,15,1,116108,AdultMaleAgent(Clone),7,11,1.71,1.58,11.96777,1,False,2,1,0.5
2026-03-07_01.51.50,201,sign-optimization-horizontal-vertical_scenario,614,226,3,-10,3,0,90,15,1,116109,AdultFemaleAgent(Clone),5,10,1.58,1.45,9.820313,1,True,2,1,0.5
2026-03-07_01.51.50,201,sign-optimization-horizontal-vertical_scenario,614,226,3,-10,3,0,90,15,1,116110,AdultFemaleAgent(Clone),6,12,1.58,1.45,0.6230469,1,False,2,1,0.5
2026-03-07_01.51.50,201,sign-optimization-horizontal-vertical_scenario,614,226,3,-10,3,0,90,15,1,116111,AdultMaleAgent(Clone),6,12,1.71,1.58,0,0,False,2,0,0
2026-03-07_01.51.50,201,sign-optimization-horizontal-vertical_scenario,614,226,3,-10,3,0,90,15,1,116112,WheelchairAgent(Clone),7,11,1.3,1.17,14.48535,1,False,2,1,0.5
2026-03-07_01.51.50,201,sign-optimization-horizontal-vertical_scenario,614,226,3,-10,3,0,90,15,1,116113,AdultMaleAgent(Clone),11,10,1.71,1.58,0,0,False,3,0,0
2026-03-07_01.51.50,201,sign-optimization-horizontal-vertical_scenario,614,226,3,-10,3,0,90,15,1,116114,AdultMaleAgent(Clone),5,10,1.71,1.58,9.933594,1,True,2,1,0.5
2026-03-07_01.51.50,201,sign-optimization-horizontal-vertical_scenario,614,226,3,-10,3,0,90,15,1,116115,WheelchairAgent(Clone),11,10,1.3,1.17,0,0,False,3,0,0
2026-03-07_01.51.50,201,sign-optimization-horizontal-vertical_scenario,614,226,3,-10,3,0,90,15,1,116116,WheelchairAgent(Clone),10,12,1.3,1.17,4.168945,1,True,3,1,0.3333333
2026-03-07_01.51.50,201,sign-optimization-horizontal-vertical_scenario,614,226,3,-10,3,0,90,15,1,116117,AdultMaleAgent(Clone),11,10,1.71,1.58,0,0,False,3,0,0
2026-03-07_01.51.50,201,sign-optimization-horizontal-vertical_scenario,614,226,3,-10,3,0,90,15,1,116118,WheelchairAgent(Clone),10,12,1.3,1.17,2.011719,1,False,3,1,0.3333333
2026-03-07_01.51.50,201,sign-optimization-horizontal-vertical_scenario,614,226,3,-10,3,0,90,15,1,116119,WheelchairAgent(Clone),7,11,1.3,1.17,14.05371,1,True,2,1,0.5
2026-03-07_01.51.50,201,sign-optimization-horizontal-vertical_scenario,614,226,3,-10,3,0,90,15,1,116120,WheelchairAgent(Clone),6,12,1.3,1.17,0,0,False,2,0,0
2026-03-07_01.51.50,201,sign-optimization-horizontal-vertical_scenario,614,226,3,-10,3,0,90,15,1,116121,AdultFemaleAgent(Clone),7,11,1.58,1.450001,13.1123,1,False,2,1,0.5
2026-03-07_01.51.50,201,sign-optimization-horizontal-vertical_scenario,614,226,3,-10,3,0,90,15,1,116122,AdultMaleAgent(Clone),6,12,1.71,1.58,0,0,False,2,0,0
2026-03-07_01.51.50,201,sign-optimization-horizontal-vertical_scenario,614,226,3,-10,3,0,90,15,1,116123,AdultFemaleAgent(Clone),10,12,1.58,1.45,2.651367,1,True,3,1,0.3333333
2026-03-07_01.51.50,201,sign-optimization-horizontal-vertical_scenario,614,226,3,-10,3,0,90,15,1,116124,AdultFemaleAgent(Clone),10,12,1.58,1.45,3.794922,1,True,3,1,0.3333333
2026-03-07_01.51.50,201,sign-optimization-horizontal-vertical_scenario,614,226,3,-10,3,0,90,15,1,116125,AdultFemaleAgent(Clone),6,12,1.58,1.45,0,0,False,2,0,0
2026-03-07_01.51.50,201,sign-optimization-horizontal-vertical_scenario,614,226,3,-10,3,0,90,15,1,116126,WheelchairAgent(Clone),6,12,1.3,1.17,0.2919922,1,False,2,1,0.5
2026-03-07_01.51.50,201,sign-optimization-horizontal-vertical_scenario,614,226,3,-10,3,0,90,15,1,116127,AdultFemaleAgent(Clone),7,11,1.58,1.450001,12.88086,1,False,2,1,0.5
2026-03-07_01.51.50,201,sign-optimization-horizontal-vertical_scenario,614,226,3,-10,3,0,90,15,1,116128,AdultMaleAgent(Clone),7,11,1.71,1.58,11.54004,1,False,2,1,0.5
2026-03-07_01.51.50,201,sign-optimization-horizontal-vertical_scenario,614,226,3,-10,3,0,90,15,1,116129,AdultFemaleAgent(Clone),6,12,1.58,1.45,1.799805,1,True,2,1,0.5
2026-03-07_01.51.50,201,sign-optimization-horizontal-vertical_scenario,614,226,3,-10,3,0,90,15,1,116130,AdultFemaleAgent(Clone),10,12,1.58,1.45,2.917969,1,True,3,1,0.3333333
2026-03-07_01.51.50,201,sign-optimization-horizontal-vertical_scenario,614,226,3,-10,3,0,90,15,1,116131,AdultMaleAgent(Clone),5,10,1.71,1.58,8.447266,1,True,2,1,0.5
2026-03-07_01.51.50,201,sign-optimization-horizontal-vertical_scenario,614,226,3,-10,3,0,90,15,1,116132,AdultMaleAgent(Clone),6,12,1.71,1.58,0.859375,1,False,2,1,0.5
2026-03-07_01.51.50,201,sign-optimization-horizontal-vertical_scenario,614,226,3,-10,3,0,90,15,1,116133,AdultFemaleAgent(Clone),7,11,1.58,1.450001,13.97559,1,False,2,1,0.5
2026-03-07_01.51.50,201,sign-optimization-horizontal-vertical_scenario,614,226,3,-10,3,0,90,15,1,116134,AdultFemaleAgent(Clone),10,12,1.58,1.45,3.039063,1,True,3,1,0.3333333
2026-03-07_01.51.50,201,sign-optimization-horizontal-vertical_scenario,614,226,3,-10,3,0,90,15,1,116135,AdultMaleAgent(Clone),7,11,1.71,1.58,12.58984,1,False,2,1,0.5
2026-03-07_01.51.50,201,sign-optimization-horizontal-vertical_scenario,614,226,3,-10,3,0,90,15,1,116136,WheelchairAgent(Clone),5,10,1.3,1.17,10.22266,1,True,2,1,0.5
2026-03-07_01.51.50,201,sign-optimization-horizontal-vertical_scenario,614,226,3,-10,3,0,90,15,1,116137,AdultMaleAgent(Clone),11,10,1.71,1.58,0,0,False,3,0,0
2026-03-07_01.51.50,201,sign-optimization-horizontal-vertical_scenario,614,226,3,-10,3,0,90,15,1,116138,WheelchairAgent(Clone),6,12,1.3,1.17,0,0,False,2,0,0
2026-03-07_01.51.50,201,sign-optimization-horizontal-vertical_scenario,614,226,3,-10,3,0,90,15,1,116139,AdultMaleAgent(Clone),10,12,1.71,1.58,3.575195,1,True,3,1,0.3333333
2026-03-07_01.51.50,201,sign-optimization-horizontal-vertical_scenario,614,226,3,-10,3,0,90,15,1,116140,WheelchairAgent(Clone),7,11,1.3,1.17,12.64453,1,False,2,1,0.5
2026-03-07_01.51.50,201,sign-optimization-horizontal-vertical_scenario,614,226,3,-10,3,0,90,15,1,116141,AdultFemaleAgent(Clone),11,10,1.58,1.450001,0,0,False,3,0,0
2026-03-07_01.51.50,201,sign-optimization-horizontal-vertical_scenario,614,226,3,-10,3,0,90,15,1,116142,WheelchairAgent(Clone),11,10,1.3,1.17,0,0,False,3,0,0
2026-03-07_01.51.50,201,sign-optimization-horizontal-vertical_scenario,614,226,3,-10,3,0,90,15,1,116143,WheelchairAgent(Clone),10,12,1.3,1.17,2.413086,1,True,3,1,0.3333333
2026-03-07_01.51.50,201,sign-optimization-horizontal-vertical_scenario,614,226,3,-10,3,0,90,15,1,116144,AdultMaleAgent(Clone),6,12,1.71,1.58,0,0,False,2,0,0
2026-03-07_01.51.50,201,sign-optimization-horizontal-vertical_scenario,614,226,3,-10,3,0,90,15,1,116145,AdultMaleAgent(Clone),5,10,1.71,1.58,10.07129,1,True,2,1,0.5
2026-03-07_01.51.50,201,sign-optimization-horizontal-vertical_scenario,614,226,3,-10,3,0,90,15,1,116146,WheelchairAgent(Clone),7,11,1.3,1.17,12.51172,1,False,2,1,0.5
2026-03-07_01.51.50,201,sign-optimization-horizontal-vertical_scenario,614,226,3,-10,3,0,90,15,1,116147,WheelchairAgent(Clone),7,11,1.3,1.17,12.60254,1,False,2,1,0.5
2026-03-07_01.51.50,201,sign-optimization-horizontal-vertical_scenario,614,226,3,-10,3,0,90,15,1,116148,AdultFemaleAgent(Clone),11,10,1.58,1.450001,0,0,False,3,0,0
2026-03-07_01.51.50,201,sign-optimization-horizontal-vertical_scenario,614,226,3,-10,3,0,90,15,1,116149,AdultFemaleAgent(Clone),11,10,1.58,1.450001,0,0,False,3,0,0
2026-03-07_01.51.50,201,sign-optimization-horizontal-vertical_scenario,614,226,3,-10,3,0,90,15,1,116150,AdultMaleAgent(Clone),11,10,1.71,1.58,0,0,False,3,0,0
2026-03-07_01.51.50,201,sign-optimization-horizontal-vertical_scenario,614,226,3,-10,3,0,90,15,1,116151,AdultFemaleAgent(Clone),5,10,1.58,1.45,9.788086,1,True,2,1,0.5
2026-03-07_01.51.50,201,sign-optimization-horizontal-vertical_scenario,614,226,3,-10,3,0,90,15,1,116152,AdultMaleAgent(Clone),11,10,1.71,1.58,0,0,False,3,0,0
2026-03-07_01.51.50,201,sign-optimization-horizontal-vertical_scenario,614,226,3,-10,3,0,90,15,1,116153,AdultMaleAgent(Clone),7,11,1.71,1.58,12.52051,1,False,2,1,0.5
2026-03-07_01.51.50,201,sign-optimization-horizontal-vertical_scenario,614,226,3,-10,3,0,90,15,1,116154,AdultMaleAgent(Clone),10,12,1.71,1.58,2.255859,1,True,3,1,0.3333333
2026-03-07_01.51.50,201,sign-optimization-horizontal-vertical_scenario,614,226,3,-10,3,0,90,15,1,116155,AdultFemaleAgent(Clone),5,10,1.58,1.45,8.324219,1,True,2,1,0.5
2026-03-07_01.51.50,201,sign-optimization-horizontal-vertical_scenario,614,226,3,-10,3,0,90,15,1,116156,WheelchairAgent(Clone),5,10,1.3,1.17,8.104492,1,True,2,1,0.5
2026-03-07_01.51.50,201,sign-optimization-horizontal-vertical_scenario,614,226,3,-10,3,0,90,15,1,116157,AdultFemaleAgent(Clone),10,12,1.58,1.45,2.910156,1,True,3,1,0.3333333
2026-03-07_01.51.50,201,sign-optimization-horizontal-vertical_scenario,614,226,3,-10,3,0,90,15,1,116158,WheelchairAgent(Clone),11,10,1.3,1.17,0,0,False,3,0,0
2026-03-07_01.51.50,201,sign-optimization-horizontal-vertical_scenario,614,226,3,-10,3,0,90,15,1,116159,AdultMaleAgent(Clone),11,10,1.71,1.58,0,0,False,3,0,0
2026-03-07_01.51.50,201,sign-optimization-horizontal-vertical_scenario,614,226,3,-10,3,0,90,15,1,116160,WheelchairAgent(Clone),10,12,1.3,1.17,2.688477,1,False,3,1,0.3333333
2026-03-07_01.51.50,201,sign-optimization-horizontal-vertical_scenario,614,226,3,-10,3,0,90,15,1,116161,AdultMaleAgent(Clone),10,12,1.71,1.58,3.418945,1,True,3,1,0.3333333
2026-03-07_01.51.50,201,sign-optimization-horizontal-vertical_scenario,614,226,3,-10,3,0,90,15,1,116162,AdultMaleAgent(Clone),10,12,1.71,1.58,2.817383,1,True,3,1,0.3333333
2026-03-07_01.51.50,201,sign-optimization-horizontal-vertical_scenario,614,226,3,-10,3,0,90,15,1,116163,AdultFemaleAgent(Clone),11,10,1.58,1.450001,0,0,False,3,0,0
2026-03-07_01.51.50,201,sign-optimization-horizontal-vertical_scenario,614,226,3,-10,3,0,90,15,1,116164,AdultFemaleAgent(Clone),10,12,1.58,1.45,3.897461,1,True,3,1,0.3333333
2026-03-07_01.51.50,201,sign-optimization-horizontal-vertical_scenario,614,226,3,-10,3,0,90,15,1,116165,AdultFemaleAgent(Clone),6,12,1.58,1.45,0,0,False,2,0,0
2026-03-07_01.51.50,201,sign-optimization-horizontal-vertical_scenario,614,226,3,-10,3,0,90,15,1,116166,WheelchairAgent(Clone),11,10,1.3,1.17,0,0,False,3,0,0
2026-03-07_01.51.50,201,sign-optimization-horizontal-vertical_scenario,614,226,3,-10,3,0,90,15,1,116167,AdultMaleAgent(Clone),5,10,1.71,1.58,9.311523,1,True,2,1,0.5
2026-03-07_01.51.50,201,sign-optimization-horizontal-vertical_scenario,614,226,3,-10,3,0,90,15,1,116168,WheelchairAgent(Clone),6,12,1.3,1.17,0,0,False,2,0,0
2026-03-07_01.51.50,201,sign-optimization-horizontal-vertical_scenario,614,226,3,-10,3,0,90,15,1,116169,WheelchairAgent(Clone),11,10,1.3,1.17,0,0,False,3,0,0
2026-03-07_01.51.50,201,sign-optimization-horizontal-vertical_scenario,614,226,3,-10,3,0,90,15,1,116170,WheelchairAgent(Clone),10,12,1.3,1.17,1.742188,1,False,3,1,0.3333333
2026-03-07_01.51.50,201,sign-optimization-horizontal-vertical_scenario,614,226,3,-10,3,0,90,15,1,116171,WheelchairAgent(Clone),6,12,1.3,1.17,0.234375,1,False,2,0,0
2026-03-07_01.51.50,201,sign-optimization-horizontal-vertical_scenario,614,226,3,-10,3,0,90,15,1,116172,WheelchairAgent(Clone),11,10,1.3,1.17,0,0,False,3,0,0
2026-03-07_01.51.50,201,sign-optimization-horizontal-vertical_scenario,614,226,3,-10,3,0,90,15,1,116173,WheelchairAgent(Clone),5,10,1.3,1.17,8.978516,1,True,2,1,0.5
2026-03-07_01.51.50,201,sign-optimization-horizontal-vertical_scenario,614,226,3,-10,3,0,90,15,1,116174,AdultFemaleAgent(Clone),11,10,1.58,1.450001,0,0,False,3,0,0
2026-03-07_01.51.50,201,sign-optimization-horizontal-vertical_scenario,614,226,3,-10,3,0,90,15,1,116175,AdultFemaleAgent(Clone),10,12,1.58,1.45,1.890625,1,False,3,0,0
2026-03-07_01.51.50,201,sign-optimization-horizontal-vertical_scenario,614,226,3,-10,3,0,90,15,1,116176,WheelchairAgent(Clone),5,10,1.3,1.17,0,0,True,2,1,0.5
2026-03-07_01.51.50,201,sign-optimization-horizontal-vertical_scenario,614,226,3,-10,3,0,90,15,1,116177,AdultFemaleAgent(Clone),10,12,1.58,1.45,3.05957,1,True,3,1,0.3333333
2026-03-07_01.51.50,201,sign-optimization-horizontal-vertical_scenario,614,226,3,-10,3,0,90,15,1,116178,AdultMaleAgent(Clone),10,12,1.71,1.58,3.686523,1,True,3,1,0.3333333
2026-03-07_01.51.50,201,sign-optimization-horizontal-vertical_scenario,614,226,3,-10,3,0,90,15,1,116179,AdultMaleAgent(Clone),5,10,1.71,1.58,0,0,True,2,1,0.5
2026-03-07_01.51.50,201,sign-optimization-horizontal-vertical_scenario,614,226,3,-10,3,0,90,15,1,116180,WheelchairAgent(Clone),7,11,1.3,1.17,0,0,False,2,1,0.5
2026-03-07_01.51.50,201,sign-optimization-horizontal-vertical_scenario,614,226,3,-10,3,0,90,15,1,116181,AdultMaleAgent(Clone),6,12,1.71,1.58,0,0,False,2,0,0
2026-03-07_01.51.50,201,sign-optimization-horizontal-vertical_scenario,614,226,3,-10,3,0,90,15,1,116182,AdultMaleAgent(Clone),7,11,1.71,1.58,0,0,False,2,1,0.5
2026-03-07_01.51.50,201,sign-optimization-horizontal-vertical_scenario,614,226,3,-10,3,0,90,15,1,116183,AdultFemaleAgent(Clone),5,10,1.58,1.45,0,0,True,2,1,0.5
2026-03-07_01.51.50,201,sign-optimization-horizontal-vertical_scenario,614,226,3,-10,3,0,90,15,1,116184,WheelchairAgent(Clone),10,12,1.3,1.17,2.03125,1,False,3,0,0
2026-03-07_01.51.50,201,sign-optimization-horizontal-vertical_scenario,614,226,3,-10,3,0,90,15,1,116185,WheelchairAgent(Clone),7,11,1.3,1.17,0,0,False,2,1,0.5
2026-03-07_01.51.50,201,sign-optimization-horizontal-vertical_scenario,614,226,3,-10,3,0,90,15,1,116186,AdultFemaleAgent(Clone),10,12,1.58,1.45,3.762695,1,True,3,1,0.3333333
2026-03-07_01.51.50,201,sign-optimization-horizontal-vertical_scenario,614,226,3,-10,3,0,90,15,1,116187,AdultFemaleAgent(Clone),5,10,1.58,1.45,0,0,True,2,1,0.5
2026-03-07_01.51.50,201,sign-optimization-horizontal-vertical_scenario,614,226,3,-10,3,0,90,15,1,116188,WheelchairAgent(Clone),11,10,1.3,1.17,0,0,False,3,0,0
2026-03-07_01.51.50,201,sign-optimization-horizontal-vertical_scenario,614,226,3,-10,3,0,90,15,1,116189,WheelchairAgent(Clone),10,12,1.3,1.17,2.782227,1,False,3,1,0.3333333
2026-03-07_01.51.50,201,sign-optimization-horizontal-vertical_scenario,614,226,3,-10,3,0,90,15,1,116190,WheelchairAgent(Clone),6,12,1.3,1.17,0,0,False,2,0,0
2026-03-07_01.51.50,201,sign-optimization-horizontal-vertical_scenario,614,226,3,-10,3,0,90,15,1,116191,WheelchairAgent(Clone),7,11,1.3,1.17,0,0,False,2,1,0.5
2026-03-07_01.51.50,201,sign-optimization-horizontal-vertical_scenario,614,226,3,-10,3,0,90,15,1,116192,AdultFemaleAgent(Clone),7,11,1.58,1.450001,10.65137,1,False,2,1,0.5
2026-03-07_01.51.50,201,sign-optimization-horizontal-vertical_scenario,614,226,3,-10,3,0,90,15,1,116193,WheelchairAgent(Clone),10,12,1.3,1.17,2.917969,1,True,3,1,0.3333333
2026-03-07_01.51.50,201,sign-optimization-horizontal-vertical_scenario,614,226,3,-10,3,0,90,15,1,116194,WheelchairAgent(Clone),10,12,1.3,1.17,2.262695,1,False,3,1,0.3333333
2026-03-07_01.51.50,201,sign-optimization-horizontal-vertical_scenario,614,226,3,-10,3,0,90,15,1,116195,AdultMaleAgent(Clone),11,10,1.71,1.58,0,0,False,3,0,0
2026-03-07_01.51.50,201,sign-optimization-horizontal-vertical_scenario,614,226,3,-10,3,0,90,15,1,116196,AdultMaleAgent(Clone),7,11,1.71,1.58,0,0,False,2,1,0.5
2026-03-07_01.51.50,201,sign-optimization-horizontal-vertical_scenario,614,226,3,-10,3,0,90,15,1,116197,WheelchairAgent(Clone),10,12,1.3,1.17,3.379883,1,True,3,1,0.3333333
2026-03-07_01.51.50,201,sign-optimization-horizontal-vertical_scenario,614,226,3,-10,3,0,90,15,1,116198,AdultFemaleAgent(Clone),10,12,1.58,1.45,3.634766,1,True,3,1,0.3333333
2026-03-07_01.51.50,201,sign-optimization-horizontal-vertical_scenario,614,226,3,-10,3,0,90,15,1,116199,AdultMaleAgent(Clone),11,10,1.71,1.58,0,0,False,3,0,0
2026-03-07_01.51.50,201,sign-optimization-horizontal-vertical_scenario,614,226,3,-10,3,0,90,15,1,116200,AdultMaleAgent(Clone),11,10,1.71,1.58,0,0,False,3,0,0
2026-03-07_01.51.50,201,sign-optimization-horizontal-vertical_scenario,614,226,3,-10,3,0,90,15,1,116201,WheelchairAgent(Clone),6,12,1.3,1.17,0.6503906,1,False,2,1,0.5
2026-03-07_01.51.50,201,sign-optimization-horizontal-vertical_scenario,614,226,3,-10,3,0,90,15,1,116202,WheelchairAgent(Clone),10,12,1.3,1.17,3.770508,1,True,3,1,0.3333333
2026-03-07_01.51.50,201,sign-optimization-horizontal-vertical_scenario,614,226,3,-10,3,0,90,15,1,116203,AdultMaleAgent(Clone),7,11,1.71,1.58,0,0,True,2,1,0.5
2026-03-07_01.51.50,201,sign-optimization-horizontal-vertical_scenario,614,226,3,-10,3,0,90,15,1,116204,AdultMaleAgent(Clone),5,10,1.71,1.58,0,0,True,2,1,0.5
2026-03-07_01.51.50,201,sign-optimization-horizontal-vertical_scenario,614,226,3,-10,3,0,90,15,1,116205,WheelchairAgent(Clone),7,11,1.3,1.17,0,0,False,2,1,0.5
2026-03-07_01.51.50,201,sign-optimization-horizontal-vertical_scenario,614,226,3,-10,3,0,90,15,1,116206,AdultMaleAgent(Clone),5,10,1.71,1.58,0,0,True,2,1,0.5
2026-03-07_01.51.50,201,sign-optimization-horizontal-vertical_scenario,614,226,3,-10,3,0,90,15,1,116207,AdultFemaleAgent(Clone),10,12,1.58,1.45,2.730469,1,True,3,1,0.3333333
2026-03-07_01.51.50,201,sign-optimization-horizontal-vertical_scenario,614,226,3,-10,3,0,90,15,1,116208,AdultMaleAgent(Clone),7,11,1.71,1.58,0,0,False,2,1,0.5
2026-03-07_01.51.50,201,sign-optimization-horizontal-vertical_scenario,614,226,3,-10,3,0,90,15,1,116209,WheelchairAgent(Clone),5,10,1.3,1.17,0,0,True,2,1,0.5
2026-03-07_01.51.50,201,sign-optimization-horizontal-vertical_scenario,614,226,3,-10,3,0,90,15,1,116210,AdultFemaleAgent(Clone),5,10,1.58,1.45,0,0,True,2,1,0.5
2026-03-07_01.51.50,201,sign-optimization-horizontal-vertical_scenario,614,226,3,-10,3,0,90,15,1,116211,AdultFemaleAgent(Clone),6,12,1.58,1.45,0.6699219,1,False,2,1,0.5
2026-03-07_01.51.50,201,sign-optimization-horizontal-vertical_scenario,614,226,3,-10,3,0,90,15,1,116212,AdultMaleAgent(Clone),6,12,1.71,1.58,0,0,False,2,0,0
2026-03-07_01.51.50,201,sign-optimization-horizontal-vertical_scenario,614,226,3,-10,3,0,90,15,1,116213,AdultMaleAgent(Clone),11,10,1.71,1.58,0,0,False,3,0,0
2026-03-07_01.51.50,201,sign-optimization-horizontal-vertical_scenario,614,226,3,-10,3,0,90,15,1,116214,WheelchairAgent(Clone),10,12,1.3,1.17,3.222656,1,True,3,1,0.3333333
2026-03-07_01.51.50,201,sign-optimization-horizontal-vertical_scenario,614,226,3,-10,3,0,90,15,1,116215,AdultMaleAgent(Clone),6,12,1.71,1.58,1.199219,1,True,2,1,0.5
2026-03-07_01.51.50,201,sign-optimization-horizontal-vertical_scenario,614,226,3,-10,3,0,90,15,1,116216,AdultFemaleAgent(Clone),6,12,1.58,1.45,1.051758,1,True,2,1,0.5
2026-03-07_01.51.50,201,sign-optimization-horizontal-vertical_scenario,614,226,3,-10,3,0,90,15,1,116217,WheelchairAgent(Clone),10,12,1.3,1.17,2.398438,1,True,3,1,0.3333333
2026-03-07_01.51.50,201,sign-optimization-horizontal-vertical_scenario,614,226,3,-10,3,0,90,15,1,116218,AdultFemaleAgent(Clone),11,10,1.58,1.450001,0,0,False,3,0,0
2026-03-07_01.51.50,201,sign-optimization-horizontal-vertical_scenario,614,226,3,-10,3,0,90,15,1,116219,AdultFemaleAgent(Clone),7,11,1.58,1.450001,0,0,False,2,1,0.5
2026-03-07_01.51.50,201,sign-optimization-horizontal-vertical_scenario,614,226,3,-10,3,0,90,15,1,116220,AdultFemaleAgent(Clone),11,10,1.58,1.450001,0,0,False,3,0,0
2026-03-07_01.51.50,201,sign-optimization-horizontal-vertical_scenario,614,226,3,-10,3,0,90,15,1,116221,AdultMaleAgent(Clone),5,10,1.71,1.58,0,0,True,2,1,0.5
2026-03-07_01.51.50,201,sign-optimization-horizontal-vertical_scenario,614,226,3,-10,3,0,90,15,1,116222,WheelchairAgent(Clone),11,10,1.3,1.17,0,0,False,3,0,0
2026-03-07_01.51.50,201,sign-optimization-horizontal-vertical_scenario,614,226,3,-10,3,0,90,15,1,116223,WheelchairAgent(Clone),11,10,1.3,1.17,0,0,False,3,0,0
2026-03-07_01.51.50,201,sign-optimization-horizontal-vertical_scenario,614,226,3,-10,3,0,90,15,1,116224,WheelchairAgent(Clone),11,10,1.3,1.17,0,0,False,3,0,0
2026-03-07_01.51.50,201,sign-optimization-horizontal-vertical_scenario,614,226,3,-10,3,0,90,15,1,116225,AdultFemaleAgent(Clone),11,10,1.58,1.450001,0,0,False,3,0,0
2026-03-07_01.51.50,201,sign-optimization-horizontal-vertical_scenario,614,226,3,-10,3,0,90,15,1,116226,AdultMaleAgent(Clone),10,12,1.71,1.58,2.587891,1,True,3,1,0.3333333
2026-03-07_01.51.50,201,sign-optimization-horizontal-vertical_scenario,614,226,3,-10,3,0,90,15,1,116227,AdultFemaleAgent(Clone),7,11,1.58,1.450001,0,0,False,2,1,0.5
2026-03-07_01.51.50,201,sign-optimization-horizontal-vertical_scenario,614,226,3,-10,3,0,90,15,1,116228,AdultMaleAgent(Clone),10,12,1.71,1.58,2.876953,1,True,3,1,0.3333333
2026-03-07_01.51.50,201,sign-optimization-horizontal-vertical_scenario,614,226,3,-10,3,0,90,15,1,116229,AdultFemaleAgent(Clone),11,10,1.58,1.450001,0,0,False,3,0,0
2026-03-07_01.51.50,201,sign-optimization-horizontal-vertical_scenario,614,226,3,-10,3,0,90,15,1,116230,AdultFemaleAgent(Clone),11,10,1.58,1.450001,0,0,False,3,0,0
2026-03-07_01.51.50,201,sign-optimization-horizontal-vertical_scenario,614,226,3,-10,3,0,90,15,1,116231,WheelchairAgent(Clone),11,10,1.3,1.17,0,0,False,3,0,0
2026-03-07_01.51.50,201,sign-optimization-horizontal-vertical_scenario,614,226,3,-10,3,0,90,15,1,116232,WheelchairAgent(Clone),10,12,1.3,1.17,2.55957,1,False,3,1,0.3333333
2026-03-07_01.51.50,201,sign-optimization-horizontal-vertical_scenario,614,226,3,-10,3,0,90,15,1,116233,WheelchairAgent(Clone),6,12,1.3,1.17,0,0,False,2,0,0
2026-03-07_01.51.50,201,sign-optimization-horizontal-vertical_scenario,614,226,3,-10,3,0,90,15,1,116234,AdultFemaleAgent(Clone),5,10,1.58,1.45,0,0,True,2,1,0.5
2026-03-07_01.51.50,201,sign-optimization-horizontal-vertical_scenario,614,226,3,-10,3,0,90,15,1,116235,AdultFemaleAgent(Clone),7,11,1.58,1.450001,0,0,False,2,1,0.5
2026-03-07_01.51.50,201,sign-optimization-horizontal-vertical_scenario,614,226,3,-10,3,0,90,15,1,116236,AdultFemaleAgent(Clone),11,10,1.58,1.450001,0,0,False,3,0,0
2026-03-07_01.51.50,201,sign-optimization-horizontal-vertical_scenario,614,226,3,-10,3,0,90,15,1,116237,AdultMaleAgent(Clone),10,12,1.71,1.58,3.5,1,True,3,1,0.3333333
2026-03-07_01.51.50,201,sign-optimization-horizontal-vertical_scenario,614,226,3,-10,3,0,90,15,1,116238,AdultMaleAgent(Clone),11,10,1.71,1.58,0,0,False,3,0,0
2026-03-07_01.51.50,201,sign-optimization-horizontal-vertical_scenario,614,226,3,-10,3,0,90,15,1,116239,WheelchairAgent(Clone),11,10,1.3,1.17,0,0,False,3,0,0
2026-03-07_01.51.50,201,sign-optimization-horizontal-vertical_scenario,614,226,3,-10,3,0,90,15,1,116240,AdultMaleAgent(Clone),6,12,1.71,1.58,0,0,False,2,0,0
2026-03-07_01.51.50,201,sign-optimization-horizontal-vertical_scenario,614,226,3,-10,3,0,90,15,1,116241,AdultFemaleAgent(Clone),5,10,1.58,1.45,0,0,True,2,1,0.5
2026-03-07_01.51.50,201,sign-optimization-horizontal-vertical_scenario,614,226,3,-10,3,0,90,15,1,116242,AdultFemaleAgent(Clone),6,12,1.58,1.45,0,0,False,2,0,0
2026-03-07_01.51.50,201,sign-optimization-horizontal-vertical_scenario,614,226,3,-10,3,0,90,15,1,116243,AdultFemaleAgent(Clone),7,11,1.58,1.450001,0,0,True,2,1,0.5
2026-03-07_01.51.50,201,sign-optimization-horizontal-vertical_scenario,614,226,3,-10,3,0,90,15,1,116244,AdultMaleAgent(Clone),11,10,1.71,1.58,0,0,False,3,0,0
2026-03-07_01.51.50,201,sign-optimization-horizontal-vertical_scenario,614,226,3,-10,3,0,90,15,1,116245,WheelchairAgent(Clone),7,11,1.3,1.17,0,0,False,2,1,0.5
2026-03-07_01.51.50,201,sign-optimization-horizontal-vertical_scenario,614,226,3,-10,3,0,90,15,1,116246,WheelchairAgent(Clone),6,12,1.3,1.17,1.037109,1,True,2,1,0.5
2026-03-07_01.51.50,201,sign-optimization-horizontal-vertical_scenario,614,226,3,-10,3,0,90,15,1,116247,AdultMaleAgent(Clone),10,12,1.71,1.58,2.696289,1,True,3,1,0.3333333
2026-03-07_01.51.50,201,sign-optimization-horizontal-vertical_scenario,614,226,3,-10,3,0,90,15,1,116248,WheelchairAgent(Clone),5,10,1.3,1.17,0,0,False,2,0,0
2026-03-07_01.51.50,201,sign-optimization-horizontal-vertical_scenario,614,226,3,-10,3,0,90,15,1,116249,WheelchairAgent(Clone),10,12,1.3,1.17,2.594727,1,True,3,1,0.3333333
2026-03-07_01.51.50,201,sign-optimization-horizontal-vertical_scenario,614,226,3,-10,3,0,90,15,1,116250,AdultMaleAgent(Clone),11,10,1.71,1.58,0,0,False,3,0,0
2026-03-07_01.51.50,201,sign-optimization-horizontal-vertical_scenario,614,226,3,-10,3,0,90,15,1,116251,AdultMaleAgent(Clone),5,10,1.71,1.58,0,0,True,2,1,0.5
2026-03-07_01.51.50,201,sign-optimization-horizontal-vertical_scenario,614,226,3,-10,3,0,90,15,1,116252,WheelchairAgent(Clone),5,10,1.3,1.17,0,0,False,2,1,0.5
2026-03-07_01.51.50,201,sign-optimization-horizontal-vertical_scenario,614,226,3,-10,3,0,90,15,1,116253,AdultMaleAgent(Clone),6,12,1.71,1.58,1.267578,1,True,2,1,0.5
2026-03-07_01.51.50,201,sign-optimization-horizontal-vertical_scenario,614,226,3,-10,3,0,90,15,1,116254,AdultFemaleAgent(Clone),11,10,1.58,1.450001,0,0,False,3,0,0
2026-03-07_01.51.50,201,sign-optimization-horizontal-vertical_scenario,614,226,3,-10,3,0,90,15,1,116255,AdultMaleAgent(Clone),7,11,1.71,1.58,0,0,False,2,1,0.5
2026-03-07_01.51.50,201,sign-optimization-horizontal-vertical_scenario,614,226,3,-10,3,0,90,15,1,116256,WheelchairAgent(Clone),11,10,1.3,1.17,0,0,False,3,0,0
2026-03-07_01.51.50,201,sign-optimization-horizontal-vertical_scenario,614,226,3,-10,3,0,90,15,1,116257,WheelchairAgent(Clone),10,12,1.3,1.17,0,0,True,3,1,0.3333333
2026-03-07_01.51.50,201,sign-optimization-horizontal-vertical_scenario,614,226,3,-10,3,0,90,15,1,116258,AdultFemaleAgent(Clone),7,11,1.58,1.450001,0,0,False,2,1,0.5
2026-03-07_01.51.50,201,sign-optimization-horizontal-vertical_scenario,614,226,3,-10,3,0,90,15,1,116259,AdultMaleAgent(Clone),7,11,1.71,1.58,0,0,False,2,1,0.5
2026-03-07_01.51.50,201,sign-optimization-horizontal-vertical_scenario,614,226,3,-10,3,0,90,15,1,116260,AdultMaleAgent(Clone),10,12,1.71,1.58,2.462891,1,True,3,1,0.3333333
2026-03-07_01.51.50,201,sign-optimization-horizontal-vertical_scenario,614,226,3,-10,3,0,90,15,1,116261,WheelchairAgent(Clone),7,11,1.3,1.17,0,0,False,2,1,0.5
2026-03-07_01.51.50,201,sign-optimization-horizontal-vertical_scenario,614,226,3,-10,3,0,90,15,1,116262,WheelchairAgent(Clone),7,11,1.3,1.17,0,0,False,2,1,0.5
2026-03-07_01.51.50,201,sign-optimization-horizontal-vertical_scenario,614,226,3,-10,3,0,90,15,1,116263,WheelchairAgent(Clone),6,12,1.3,1.17,0,0,False,2,0,0
2026-03-07_01.51.50,201,sign-optimization-horizontal-vertical_scenario,614,226,3,-10,3,0,90,15,1,116264,AdultMaleAgent(Clone),6,12,1.71,1.58,0,0,False,2,0,0
2026-03-07_01.51.50,201,sign-optimization-horizontal-vertical_scenario,614,226,3,-10,3,0,90,15,1,116265,WheelchairAgent(Clone),11,10,1.3,1.17,0,0,False,3,0,0
2026-03-07_01.51.50,201,sign-optimization-horizontal-vertical_scenario,614,226,3,-10,3,0,90,15,1,116266,AdultMaleAgent(Clone),6,12,1.71,1.58,0,0,False,2,0,0
2026-03-07_01.51.50,201,sign-optimization-horizontal-vertical_scenario,614,226,3,-10,3,0,90,15,1,116267,WheelchairAgent(Clone),11,10,1.3,1.17,0,0,False,3,0,0
2026-03-07_01.51.50,201,sign-optimization-horizontal-vertical_scenario,614,226,3,-10,3,0,90,15,1,116268,AdultMaleAgent(Clone),7,11,1.71,1.58,0,0,True,2,1,0.5
2026-03-07_01.51.50,201,sign-optimization-horizontal-vertical_scenario,614,226,3,-10,3,0,90,15,1,116269,AdultMaleAgent(Clone),7,11,1.71,1.58,0,0,False,2,1,0.5
2026-03-07_01.51.50,201,sign-optimization-horizontal-vertical_scenario,614,226,3,-10,3,0,90,15,1,116270,AdultMaleAgent(Clone),6,12,1.71,1.58,0,0,False,2,0,0
2026-03-07_01.51.50,201,sign-optimization-horizontal-vertical_scenario,614,226,3,-10,3,0,90,15,1,116271,WheelchairAgent(Clone),11,10,1.3,1.17,0,0,False,3,0,0
2026-03-07_01.51.50,201,sign-optimization-horizontal-vertical_scenario,614,226,3,-10,3,0,90,15,1,116272,AdultFemaleAgent(Clone),7,11,1.58,1.450001,0,0,False,2,1,0.5
2026-03-07_01.51.50,201,sign-optimization-horizontal-vertical_scenario,614,226,3,-10,3,0,90,15,1,116273,WheelchairAgent(Clone),10,12,1.3,1.17,0,0,True,3,1,0.3333333
2026-03-07_01.51.50,201,sign-optimization-horizontal-vertical_scenario,614,226,3,-10,3,0,90,15,1,116274,AdultFemaleAgent(Clone),7,11,1.58,1.450001,0,0,True,2,1,0.5
2026-03-07_01.51.50,201,sign-optimization-horizontal-vertical_scenario,614,226,3,-10,3,0,90,15,1,116275,WheelchairAgent(Clone),7,11,1.3,1.17,0,0,True,2,1,0.5
2026-03-07_01.51.50,201,sign-optimization-horizontal-vertical_scenario,614,226,3,-10,3,0,90,15,1,116276,WheelchairAgent(Clone),11,10,1.3,1.17,0,0,False,3,0,0
2026-03-07_01.51.50,201,sign-optimization-horizontal-vertical_scenario,614,226,3,-10,3,0,90,15,1,116277,WheelchairAgent(Clone),10,12,1.3,1.17,2.716797,1,True,3,1,0.3333333
2026-03-07_01.51.50,201,sign-optimization-horizontal-vertical_scenario,614,226,3,-10,3,0,90,15,1,116278,AdultMaleAgent(Clone),11,10,1.71,1.58,0,0,False,3,0,0
2026-03-07_01.51.50,201,sign-optimization-horizontal-vertical_scenario,614,226,3,-10,3,0,90,15,1,116279,AdultMaleAgent(Clone),11,10,1.71,1.58,0,0,False,3,0,0
2026-03-07_01.51.50,201,sign-optimization-horizontal-vertical_scenario,614,226,3,-10,3,0,90,15,1,116280,AdultFemaleAgent(Clone),5,10,1.58,1.45,0,0,True,2,1,0.5
2026-03-07_01.51.50,201,sign-optimization-horizontal-vertical_scenario,614,226,3,-10,3,0,90,15,1,116281,AdultMaleAgent(Clone),11,10,1.71,1.58,0,0,False,3,0,0
2026-03-07_01.51.50,201,sign-optimization-horizontal-vertical_scenario,614,226,3,-10,3,0,90,15,1,116282,WheelchairAgent(Clone),5,10,1.3,1.17,0,0,False,2,0,0
2026-03-07_01.51.50,201,sign-optimization-horizontal-vertical_scenario,614,226,3,-10,3,0,90,15,1,116283,AdultMaleAgent(Clone),10,12,1.71,1.58,0,0,True,3,1,0.3333333
2026-03-07_01.51.50,201,sign-optimization-horizontal-vertical_scenario,614,226,3,-10,3,0,90,15,1,116284,WheelchairAgent(Clone),11,10,1.3,1.17,0,0,False,3,0,0
2026-03-07_01.51.50,201,sign-optimization-horizontal-vertical_scenario,614,226,3,-10,3,0,90,15,1,116285,AdultMaleAgent(Clone),6,12,1.71,1.58,0,0,False,2,0,0
2026-03-07_01.51.50,201,sign-optimization-horizontal-vertical_scenario,614,226,3,-10,3,0,90,15,1,116286,AdultMaleAgent(Clone),6,12,1.71,1.58,0,0,False,2,0,0
2026-03-07_01.51.50,201,sign-optimization-horizontal-vertical_scenario,614,226,3,-10,3,0,90,15,1,116287,AdultFemaleAgent(Clone),10,12,1.58,1.45,0,0,True,3,1,0.3333333
2026-03-07_01.51.50,201,sign-optimization-horizontal-vertical_scenario,614,226,3,-10,3,0,90,15,1,116288,WheelchairAgent(Clone),10,12,1.3,1.17,0,0,False,3,0,0
2026-03-07_01.51.50,201,sign-optimization-horizontal-vertical_scenario,614,226,3,-10,3,0,90,15,1,116289,WheelchairAgent(Clone),10,12,1.3,1.17,0,0,True,3,1,0.3333333
2026-03-07_01.51.50,201,sign-optimization-horizontal-vertical_scenario,614,226,3,-10,3,0,90,15,1,116290,AdultMaleAgent(Clone),10,12,1.71,1.58,0,0,False,3,1,0.3333333
2026-03-07_01.51.50,201,sign-optimization-horizontal-vertical_scenario,614,226,3,-10,3,0,90,15,1,116291,WheelchairAgent(Clone),7,11,1.3,1.17,0,0,False,2,1,0.5
2026-03-07_01.51.50,201,sign-optimization-horizontal-vertical_scenario,614,226,3,-10,3,0,90,15,1,116292,AdultFemaleAgent(Clone),7,11,1.58,1.450001,0,0,False,2,1,0.5
2026-03-07_01.51.50,201,sign-optimization-horizontal-vertical_scenario,614,226,3,-10,3,0,90,15,1,116293,WheelchairAgent(Clone),5,10,1.3,1.17,0,0,False,2,0,0
2026-03-07_01.51.50,201,sign-optimization-horizontal-vertical_scenario,614,226,3,-10,3,0,90,15,1,116294,AdultFemaleAgent(Clone),11,10,1.58,1.450001,0,0,False,3,0,0
2026-03-07_01.51.50,201,sign-optimization-horizontal-vertical_scenario,614,226,3,-10,3,0,90,15,1,116295,WheelchairAgent(Clone),11,10,1.3,1.17,0,0,False,3,0,0
2026-03-07_01.51.50,201,sign-optimization-horizontal-vertical_scenario,614,226,3,-10,3,0,90,15,1,116296,AdultFemaleAgent(Clone),6,12,1.58,1.45,0,0,False,2,0,0
2026-03-07_01.51.50,201,sign-optimization-horizontal-vertical_scenario,614,226,3,-10,3,0,90,15,1,116297,AdultFemaleAgent(Clone),5,10,1.58,1.45,0,0,False,2,0,0
2026-03-07_01.51.50,201,sign-optimization-horizontal-vertical_scenario,614,226,3,-10,3,0,90,15,1,116298,AdultFemaleAgent(Clone),5,10,1.58,1.45,0,0,False,2,0,0
2026-03-07_01.51.50,201,sign-optimization-horizontal-vertical_scenario,614,226,3,-10,3,0,90,15,1,116299,WheelchairAgent(Clone),5,10,1.3,1.17,0,0,False,2,0,0
2026-03-07_01.51.50,201,sign-optimization-horizontal-vertical_scenario,614,226,3,-10,3,0,90,15,1,116300,AdultFemaleAgent(Clone),10,12,1.58,1.45,0,0,False,3,0,0
2026-03-07_01.51.50,201,sign-optimization-horizontal-vertical_scenario,614,226,3,-10,3,0,90,15,1,116301,WheelchairAgent(Clone),10,12,1.3,1.17,0,0,False,3,0,0
2026-03-07_01.51.50,201,sign-optimization-horizontal-vertical_scenario,614,226,3,-10,3,0,90,15,1,116302,WheelchairAgent(Clone),11,10,1.3,1.17,0,0,False,3,0,0
2026-03-07_01.51.50,201,sign-optimization-horizontal-vertical_scenario,614,226,3,-10,3,0,90,15,1,116303,WheelchairAgent(Clone),10,12,1.3,1.17,0,0,False,3,0,0
2026-03-07_01.51.50,201,sign-optimization-horizontal-vertical_scenario,614,226,3,-10,3,0,90,15,1,116304,WheelchairAgent(Clone),6,12,1.3,1.17,0,0,False,2,0,0
2026-03-07_01.51.50,201,sign-optimization-horizontal-vertical_scenario,614,226,3,-10,3,0,90,15,1,116305,AdultMaleAgent(Clone),5,10,1.71,1.58,0,0,False,2,0,0
2026-03-07_01.51.50,201,sign-optimization-horizontal-vertical_scenario,614,226,3,-10,3,0,90,15,1,116306,AdultFemaleAgent(Clone),6,12,1.58,1.45,0,0,False,2,0,0
2026-03-07_01.51.50,201,sign-optimization-horizontal-vertical_scenario,614,226,3,-10,3,0,90,15,1,116307,AdultMaleAgent(Clone),11,10,1.71,1.58,0,0,False,3,0,0
2026-03-07_01.51.50,201,sign-optimization-horizontal-vertical_scenario,614,226,3,-10,3,0,90,15,1,116308,AdultFemaleAgent(Clone),5,10,1.58,1.45,0,0,False,2,0,0
2026-03-07_01.51.50,201,sign-optimization-horizontal-vertical_scenario,614,226,3,-10,3,0,90,15,1,116309,AdultFemaleAgent(Clone),10,12,1.58,1.45,0,0,False,3,0,0
2026-03-07_01.51.50,201,sign-optimization-horizontal-vertical_scenario,614,226,3,-10,3,0,90,15,1,116310,AdultFemaleAgent(Clone),7,11,1.58,1.450001,0,0,False,2,0,0
2026-03-07_01.51.50,201,sign-optimization-horizontal-vertical_scenario,614,226,3,-10,3,0,90,15,1,116311,AdultFemaleAgent(Clone),6,12,1.58,1.45,0,0,False,2,0,0
2026-03-07_01.51.50,201,sign-optimization-horizontal-vertical_scenario,614,226,3,-10,3,0,90,15,1,116312,AdultMaleAgent(Clone),11,10,1.71,1.58,0,0,False,3,0,0
2026-03-07_01.51.50,201,sign-optimization-horizontal-vertical_scenario,614,226,3,-10,3,0,90,15,1,116313,AdultFemaleAgent(Clone),5,10,1.58,1.45,0,0,False,2,0,0
2026-03-07_01.51.50,201,sign-optimization-horizontal-vertical_scenario,614,226,3,-10,3,0,90,15,1,116314,AdultMaleAgent(Clone),10,12,1.71,1.58,0,0,False,3,0,0
2026-03-07_01.51.50,201,sign-optimization-horizontal-vertical_scenario,614,226,3,-10,3,0,90,15,1,116315,AdultMaleAgent(Clone),11,10,1.71,1.58,0,0,False,3,0,0
2026-03-07_01.51.50,201,sign-optimization-horizontal-vertical_scenario,614,226,3,-10,3,0,90,15,1,116316,WheelchairAgent(Clone),5,10,1.3,1.17,0,0,False,2,0,0
2026-03-07_01.51.50,201,sign-optimization-horizontal-vertical_scenario,614,226,3,-10,3,0,90,15,1,116317,AdultFemaleAgent(Clone),7,11,1.58,1.450001,0,0,False,2,0,0
2026-03-07_01.51.50,201,sign-optimization-horizontal-vertical_scenario,614,226,3,-10,3,0,90,15,1,116318,AdultMaleAgent(Clone),10,12,1.71,1.58,0,0,False,3,0,0
2026-03-07_01.51.50,201,sign-optimization-horizontal-vertical_scenario,614,226,3,-10,3,0,90,15,1,116319,AdultMaleAgent(Clone),6,12,1.71,1.58,0,0,False,2,0,0
2026-03-07_01.51.50,201,sign-optimization-horizontal-vertical_scenario,614,226,3,-10,3,0,90,15,1,116320,AdultFemaleAgent(Clone),5,10,1.58,1.45,0,0,False,2,0,0
2026-03-07_01.51.50,201,sign-optimization-horizontal-vertical_scenario,614,226,3,-10,3,0,90,15,1,116321,AdultMaleAgent(Clone),6,12,1.71,1.58,0,0,False,2,0,0
2026-03-07_01.51.50,201,sign-optimization-horizontal-vertical_scenario,614,226,3,-10,3,0,90,15,1,116322,AdultFemaleAgent(Clone),7,11,1.58,1.450001,0,0,False,2,0,0
2026-03-07_01.51.50,201,sign-optimization-horizontal-vertical_scenario,614,226,3,-10,3,0,90,15,1,116323,WheelchairAgent(Clone),7,11,1.3,1.17,0,0,False,2,0,0
2026-03-07_01.51.50,201,sign-optimization-horizontal-vertical_scenario,614,226,3,-10,3,0,90,15,1,116324,AdultMaleAgent(Clone),7,11,1.71,1.58,0,0,False,2,0,0
2026-03-07_01.51.50,201,sign-optimization-horizontal-vertical_scenario,614,226,3,-10,3,0,90,15,1,116325,WheelchairAgent(Clone),11,10,1.3,1.17,0,0,False,3,0,0
2026-03-07_01.51.50,201,sign-optimization-horizontal-vertical_scenario,614,226,3,-10,3,0,90,15,1,116326,AdultFemaleAgent(Clone),10,12,1.58,1.45,0,0,False,3,0,0
2026-03-07_01.51.50,201,sign-optimization-horizontal-vertical_scenario,614,226,3,-10,3,0,90,15,1,116327,AdultMaleAgent(Clone),6,12,1.71,1.58,0,0,False,2,0,0
2026-03-07_01.51.50,201,sign-optimization-horizontal-vertical_scenario,614,226,3,-10,3,0,90,15,1,116328,AdultMaleAgent(Clone),11,10,1.71,1.58,0,0,False,3,0,0
2026-03-07_01.51.50,201,sign-optimization-horizontal-vertical_scenario,614,226,3,-10,3,0,90,15,1,116329,AdultFemaleAgent(Clone),5,10,1.58,1.45,0,0,False,2,0,0
2026-03-07_01.51.50,201,sign-optimization-horizontal-vertical_scenario,614,226,3,-10,3,0,90,15,1,116330,WheelchairAgent(Clone),10,12,1.3,1.17,0,0,False,3,0,0
2026-03-07_01.51.50,201,sign-optimization-horizontal-vertical_scenario,614,226,3,-10,3,0,90,15,1,116331,AdultFemaleAgent(Clone),6,12,1.58,1.45,0,0,False,2,0,0
2026-03-07_01.51.50,201,sign-optimization-horizontal-vertical_scenario,614,226,3,-10,3,0,90,15,1,116332,AdultFemaleAgent(Clone),7,11,1.58,1.450001,0,0,False,2,0,0
2026-03-07_01.51.50,201,sign-optimization-horizontal-vertical_scenario,614,226,3,-10,3,0,90,15,1,116333,WheelchairAgent(Clone),6,12,1.3,1.17,0,0,False,2,0,0
2026-03-07_01.51.50,201,sign-optimization-horizontal-vertical_scenario,614,226,3,-10,3,0,90,15,1,116334,AdultMaleAgent(Clone),10,12,1.71,1.58,0,0,False,3,0,0
2026-03-07_01.51.50,201,sign-optimization-horizontal-vertical_scenario,614,226,3,-10,3,0,90,15,1,116335,WheelchairAgent(Clone),11,10,1.3,1.17,0,0,False,3,0,0
2026-03-07_01.51.50,201,sign-optimization-horizontal-vertical_scenario,614,226,3,-10,3,0,90,15,1,116336,AdultMaleAgent(Clone),11,10,1.71,1.58,0,0,False,3,0,0
2026-03-07_01.51.50,201,sign-optimization-horizontal-vertical_scenario,614,226,3,-10,3,0,90,15,1,116337,WheelchairAgent(Clone),11,10,1.3,1.17,0,0,False,3,0,0
2026-03-07_01.51.50,201,sign-optimization-horizontal-vertical_scenario,614,226,3,-10,3,0,90,15,1,116338,WheelchairAgent(Clone),10,12,1.3,1.17,0,0,False,3,0,0
2026-03-07_01.51.50,201,sign-optimization-horizontal-vertical_scenario,614,226,3,-10,3,0,90,15,1,116339,AdultFemaleAgent(Clone),11,10,1.58,1.450001,0,0,False,3,0,0
2026-03-07_01.51.50,201,sign-optimization-horizontal-vertical_scenario,614,226,3,-10,3,0,90,15,1,116340,AdultMaleAgent(Clone),10,12,1.71,1.58,0,0,False,3,0,0
2026-03-07_01.51.50,201,sign-optimization-horizontal-vertical_scenario,614,226,3,-10,3,0,90,15,1,116341,AdultMaleAgent(Clone),11,10,1.71,1.58,0,0,False,3,0,0
2026-03-07_01.51.50,201,sign-optimization-horizontal-vertical_scenario,614,226,3,-10,3,0,90,15,1,116342,AdultFemaleAgent(Clone),11,10,1.58,1.450001,0,0,False,3,0,0
2026-03-07_01.51.50,201,sign-optimization-horizontal-vertical_scenario,614,226,3,-10,3,0,90,15,1,116343,AdultFemaleAgent(Clone),6,12,1.58,1.45,0,0,False,2,0,0
2026-03-07_01.51.50,201,sign-optimization-horizontal-vertical_scenario,614,226,3,-10,3,0,90,15,1,116344,WheelchairAgent(Clone),5,10,1.3,1.17,0,0,False,2,0,0
2026-03-07_01.51.50,201,sign-optimization-horizontal-vertical_scenario,614,226,3,-10,3,0,90,15,1,116345,AdultFemaleAgent(Clone),10,12,1.58,1.45,0,0,False,3,0,0
2026-03-07_01.51.50,201,sign-optimization-horizontal-vertical_scenario,614,226,3,-10,3,0,90,15,1,116346,WheelchairAgent(Clone),7,11,1.3,1.17,0,0,False,2,0,0
2026-03-07_01.51.50,201,sign-optimization-horizontal-vertical_scenario,614,226,3,-10,3,0,90,15,1,116347,AdultFemaleAgent(Clone),5,10,1.58,1.45,0,0,False,2,0,0
2026-03-07_01.51.50,201,sign-optimization-horizontal-vertical_scenario,614,226,3,-10,3,0,90,15,1,116348,WheelchairAgent(Clone),11,10,1.3,1.17,0,0,False,3,0,0
2026-03-07_01.51.50,201,sign-optimization-horizontal-vertical_scenario,614,226,3,-10,3,0,90,15,1,116349,AdultMaleAgent(Clone),10,12,1.71,1.58,0,0,False,3,0,0
2026-03-07_01.51.50,201,sign-optimization-horizontal-vertical_scenario,614,226,3,-10,3,0,90,15,1,116350,AdultFemaleAgent(Clone),7,11,1.58,1.450001,0,0,False,2,0,0
2026-03-07_01.51.50,201,sign-optimization-horizontal-vertical_scenario,614,226,3,-10,3,0,90,15,1,116351,AdultMaleAgent(Clone),10,12,1.71,1.58,0,0,False,3,0,0
2026-03-07_01.51.50,201,sign-optimization-horizontal-vertical_scenario,614,226,3,-10,3,0,90,15,1,116352,WheelchairAgent(Clone),11,10,1.3,1.17,0,0,False,3,0,0
2026-03-07_01.51.50,201,sign-optimization-horizontal-vertical_scenario,614,226,3,-10,3,0,90,15,1,116353,AdultMaleAgent(Clone),11,10,1.71,1.58,0,0,False,3,0,0
2026-03-07_01.51.50,201,sign-optimization-horizontal-vertical_scenario,614,226,3,-10,3,0,90,15,1,116354,WheelchairAgent(Clone),5,10,1.3,1.17,0,0,False,2,0,0
2026-03-07_01.51.50,201,sign-optimization-horizontal-vertical_scenario,614,226,3,-10,3,0,90,15,1,116355,AdultMaleAgent(Clone),6,12,1.71,1.58,0,0,False,2,0,0
2026-03-07_01.51.50,201,sign-optimization-horizontal-vertical_scenario,614,226,3,-10,3,0,90,15,1,116356,WheelchairAgent(Clone),7,11,1.3,1.17,0,0,False,2,0,0
2026-03-07_01.51.50,201,sign-optimization-horizontal-vertical_scenario,614,226,3,-10,3,0,90,15,1,116357,WheelchairAgent(Clone),7,11,1.3,1.17,0,0,False,2,0,0
2026-03-07_01.51.50,201,sign-optimization-horizontal-vertical_scenario,614,226,3,-10,3,0,90,15,1,116358,AdultMaleAgent(Clone),7,11,1.71,1.58,0,0,False,2,0,0
2026-03-07_01.51.50,201,sign-optimization-horizontal-vertical_scenario,614,226,3,-10,3,0,90,15,1,116359,WheelchairAgent(Clone),6,12,1.3,1.17,0,0,False,2,0,0
2026-03-07_01.51.50,201,sign-optimization-horizontal-vertical_scenario,614,226,3,-10,3,0,90,15,1,116360,WheelchairAgent(Clone),6,12,1.3,1.17,0,0,False,2,0,0
2026-03-07_01.51.50,201,sign-optimization-horizontal-vertical_scenario,614,226,3,-10,3,0,90,15,1,116361,AdultFemaleAgent(Clone),11,10,1.58,1.450001,0,0,False,3,0,0
2026-03-07_01.51.50,201,sign-optimization-horizontal-vertical_scenario,614,226,3,-10,3,0,90,15,1,116362,AdultMaleAgent(Clone),6,12,1.71,1.58,0,0,False,2,0,0
2026-03-07_01.51.50,201,sign-optimization-horizontal-vertical_scenario,614,226,3,-10,3,0,90,15,1,116363,AdultFemaleAgent(Clone),7,11,1.58,1.450001,0,0,False,2,0,0
2026-03-07_01.51.50,201,sign-optimization-horizontal-vertical_scenario,614,226,3,-10,3,0,90,15,1,116364,WheelchairAgent(Clone),6,12,1.3,1.17,0,0,False,2,0,0
2026-03-07_01.51.50,201,sign-optimization-horizontal-vertical_scenario,614,226,3,-10,3,0,90,15,1,116365,AdultFemaleAgent(Clone),10,12,1.58,1.45,0,0,False,3,0,0
2026-03-07_01.51.50,201,sign-optimization-horizontal-vertical_scenario,614,226,3,-10,3,0,90,15,1,116366,WheelchairAgent(Clone),10,12,1.3,1.17,0,0,False,3,0,0
2026-03-07_01.51.50,201,sign-optimization-horizontal-vertical_scenario,614,226,3,-10,3,0,90,15,1,116367,AdultFemaleAgent(Clone),7,11,1.58,1.450001,0,0,False,2,0,0
2026-03-07_01.51.50,201,sign-optimization-horizontal-vertical_scenario,614,226,3,-10,3,0,90,15,1,116368,AdultMaleAgent(Clone),10,12,1.71,1.58,0,0,False,3,0,0
2026-03-07_01.51.50,201,sign-optimization-horizontal-vertical_scenario,614,226,3,-10,3,0,90,15,1,116369,AdultFemaleAgent(Clone),6,12,1.58,1.45,0,0,False,2,0,0
2026-03-07_01.51.50,201,sign-optimization-horizontal-vertical_scenario,614,226,3,-10,3,0,90,15,1,116370,AdultMaleAgent(Clone),11,10,1.71,1.58,0,0,False,3,0,0
2026-03-07_01.51.50,201,sign-optimization-horizontal-vertical_scenario,614,226,3,-10,3,0,90,15,1,116371,WheelchairAgent(Clone),6,12,1.3,1.17,0,0,False,2,0,0
2026-03-07_01.51.50,201,sign-optimization-horizontal-vertical_scenario,614,226,3,-10,3,0,90,15,1,116372,AdultMaleAgent(Clone),10,12,1.71,1.58,0,0,False,3,0,0
2026-03-07_01.51.50,201,sign-optimization-horizontal-vertical_scenario,614,226,3,-10,3,0,90,15,1,116373,AdultMaleAgent(Clone),11,10,1.71,1.58,0,0,False,3,0,0
2026-03-07_01.51.50,201,sign-optimization-horizontal-vertical_scenario,614,226,3,-10,3,0,90,15,1,116374,WheelchairAgent(Clone),11,10,1.3,1.17,0,0,False,3,0,0
2026-03-07_01.51.50,201,sign-optimization-horizontal-vertical_scenario,614,226,3,-10,3,0,90,15,1,116375,AdultMaleAgent(Clone),6,12,1.71,1.58,0,0,False,2,0,0
2026-03-07_01.51.50,201,sign-optimization-horizontal-vertical_scenario,614,226,3,-10,3,0,90,15,1,116376,AdultMaleAgent(Clone),7,11,1.71,1.58,0,0,False,2,0,0
2026-03-07_01.51.50,201,sign-optimization-horizontal-vertical_scenario,614,226,3,-10,3,0,90,15,1,116377,WheelchairAgent(Clone),5,10,1.3,1.17,0,0,False,2,0,0
2026-03-07_01.51.50,201,sign-optimization-horizontal-vertical_scenario,614,226,3,-10,3,0,90,15,1,116378,AdultMaleAgent(Clone),11,10,1.71,1.58,0,0,False,3,0,0
2026-03-07_01.51.50,201,sign-optimization-horizontal-vertical_scenario,614,226,3,-10,3,0,90,15,1,116379,AdultFemaleAgent(Clone),10,12,1.58,1.45,0,0,False,3,0,0
2026-03-07_01.51.50,201,sign-optimization-horizontal-vertical_scenario,614,226,3,-10,3,0,90,15,1,116380,WheelchairAgent(Clone),11,10,1.3,1.17,0,0,False,3,0,0
2026-03-07_01.51.50,201,sign-optimization-horizontal-vertical_scenario,614,226,3,-10,3,0,90,15,1,116381,AdultMaleAgent(Clone),11,10,1.71,1.58,0,0,False,3,0,0
2026-03-07_01.51.50,201,sign-optimization-horizontal-vertical_scenario,614,226,3,-10,3,0,90,15,1,116382,AdultFemaleAgent(Clone),6,12,1.58,1.45,0,0,False,2,0,0
