Timestamp,RunIndex,ScenarioID,TotalAgents,VisibleSignCount,SignHeight,SignPositionX,SignPositionZ,SignOrientation,VcaAngle,VcaDistance,SignComprehensionTime,AgentID,AgentType,StartNode,GoalNode,Height,EyeHeight,TimeInVCA,TimesInVCA,SawSign,TotalNodesNavigated,NodesWithDetection,RDEffective
2026-03-06_21.07.01,227,sign-optimization-horizontal-vertical_scenario,614,190,3,-2,4,90,90,15,1,130985,AdultMaleAgent(Clone),11,10,1.71,1.58,11.92969,1,True,3,1,0.3333333
2026-03-06_21.07.01,227,sign-optimization-horizontal-vertical_scenario,614,190,3,-2,4,90,90,15,1,130986,AdultFemaleAgent(Clone),11,10,1.58,1.450001,10.23438,1,True,3,1,0.3333333
2026-03-06_21.07.01,227,sign-optimization-horizontal-vertical_scenario,614,190,3,-2,4,90,90,15,1,130987,AdultMaleAgent(Clone),5,10,1.71,1.58,9.572266,1,True,2,1,0.5
2026-03-06_21.07.01,227,sign-optimization-horizontal-vertical_scenario,614,190,3,-2,4,90,90,15,1,130988,AdultFemaleAgent(Clone),7,11,1.58,1.450001,3.628906,2,True,2,1,0.5
2026-03-06_21.07.01,227,sign-optimization-horizontal-vertical_scenario,614,190,3,-2,4,90,90,15,1,130989,WheelchairAgent(Clone),5,10,1.3,1.17,8.773438,1,True,2,1,0.5
2026-03-06_21.07.01,227,sign-optimization-horizontal-vertical_scenario,614,190,3,-2,4,90,90,15,1,130990,AdultFemaleAgent(Clone),6,12,1.58,1.45,6.854492,1,False,2,1,0.5
2026-03-06_21.07.01,227,sign-optimization-horizontal-vertical_scenario,614,190,3,-2,4,90,90,15,1,130991,AdultMaleAgent(Clone),10,12,1.71,1.58,5.603516,1,False,3,0,0
2026-03-06_21.07.01,227,sign-optimization-horizontal-vertical_scenario,614,190,3,-2,4,90,90,15,1,130992,WheelchairAgent(Clone),10,12,1.3,1.17,7.244141,1,False,3,0,0
2026-03-06_21.07.01,227,sign-optimization-horizontal-vertical_scenario,614,190,3,-2,4,90,90,15,1,130993,AdultMaleAgent(Clone),5,10,1.71,1.58,12.36719,1,True,2,1,0.5
2026-03-06_21.07.01,227,sign-optimization-horizontal-vertical_scenario,614,190,3,-2,4,90,90,15,1,130994,WheelchairAgent(Clone),7,11,1.3,1.17,0.1689453,1,False,2,0,0
2026-03-06_21.07.01,227,sign-optimization-horizontal-vertical_scenario,614,190,3,-2,4,90,90,15,1,130995,AdultMaleAgent(Clone),10,12,1.71,1.58,7.155273,1,False,3,0,0
2026-03-06_21.07.01,227,sign-optimization-horizontal-vertical_scenario,614,190,3,-2,4,90,90,15,1,130996,AdultMaleAgent(Clone),5,10,1.71,1.58,9.243164,1,True,2,1,0.5
2026-03-06_21.07.01,227,sign-optimization-horizontal-vertical_scenario,614,190,3,-2,4,90,90,15,1,130997,WheelchairAgent(Clone),10,12,1.3,1.17,6.808594,1,False,3,0,0
2026-03-06_21.07.01,227,sign-optimization-horizontal-vertical_scenario,614,190,3,-2,4,90,90,15,1,130998,WheelchairAgent(Clone),11,10,1.3,1.17,11.35449,1,True,3,1,0.3333333
2026-03-06_21.07.01,227,sign-optimization-horizontal-vertical_scenario,614,190,3,-2,4,90,90,15,1,130999,AdultMaleAgent(Clone),10,12,1.71,1.58,9.458008,1,False,3,1,0.3333333
2026-03-06_21.07.01,227,sign-optimization-horizontal-vertical_scenario,614,190,3,-2,4,90,90,15,1,131000,WheelchairAgent(Clone),11,10,1.3,1.17,8.410156,2,True,3,1,0.3333333
2026-03-06_21.07.01,227,sign-optimization-horizontal-vertical_scenario,614,190,3,-2,4,90,90,15,1,131001,WheelchairAgent(Clone),11,10,1.3,1.17,9.772461,2,True,3,1,0.3333333
2026-03-06_21.07.01,227,sign-optimization-horizontal-vertical_scenario,614,190,3,-2,4,90,90,15,1,131002,AdultFemaleAgent(Clone),10,12,1.58,1.45,6.010742,1,False,3,0,0
2026-03-06_21.07.01,227,sign-optimization-horizontal-vertical_scenario,614,190,3,-2,4,90,90,15,1,131003,AdultMaleAgent(Clone),11,10,1.71,1.58,9.69043,2,True,3,1,0.3333333
2026-03-06_21.07.01,227,sign-optimization-horizontal-vertical_scenario,614,190,3,-2,4,90,90,15,1,131004,AdultFemaleAgent(Clone),11,10,1.58,1.450001,8.743164,1,True,3,1,0.3333333
2026-03-06_21.07.01,227,sign-optimization-horizontal-vertical_scenario,614,190,3,-2,4,90,90,15,1,131005,AdultFemaleAgent(Clone),10,12,1.58,1.45,5.93457,1,False,3,0,0
2026-03-06_21.07.01,227,sign-optimization-horizontal-vertical_scenario,614,190,3,-2,4,90,90,15,1,131006,WheelchairAgent(Clone),6,12,1.3,1.17,8.478516,1,False,2,1,0.5
2026-03-06_21.07.01,227,sign-optimization-horizontal-vertical_scenario,614,190,3,-2,4,90,90,15,1,131007,AdultFemaleAgent(Clone),7,11,1.58,1.450001,0,0,False,2,0,0
2026-03-06_21.07.01,227,sign-optimization-horizontal-vertical_scenario,614,190,3,-2,4,90,90,15,1,131008,AdultFemaleAgent(Clone),10,12,1.58,1.45,7.363281,1,False,3,0,0
2026-03-06_21.07.01,227,sign-optimization-horizontal-vertical_scenario,614,190,3,-2,4,90,90,15,1,131009,AdultMaleAgent(Clone),11,10,1.71,1.58,11.38477,1,True,3,1,0.3333333
2026-03-06_21.07.01,227,sign-optimization-horizontal-vertical_scenario,614,190,3,-2,4,90,90,15,1,131010,AdultMaleAgent(Clone),7,11,1.71,1.58,0,0,False,2,0,0
2026-03-06_21.07.01,227,sign-optimization-horizontal-vertical_scenario,614,190,3,-2,4,90,90,15,1,131011,AdultFemaleAgent(Clone),6,12,1.58,1.45,7.337891,1,False,2,1,0.5
2026-03-06_21.07.01,227,sign-optimization-horizontal-vertical_scenario,614,190,3,-2,4,90,90,15,1,131012,AdultFemaleAgent(Clone),11,10,1.58,1.450001,11.05273,2,True,3,1,0.3333333
2026-03-06_21.07.01,227,sign-optimization-horizontal-vertical_scenario,614,190,3,-2,4,90,90,15,1,131013,WheelchairAgent(Clone),7,11,1.3,1.17,1,2,True,2,1,0.5
2026-03-06_21.07.01,227,sign-optimization-horizontal-vertical_scenario,614,190,3,-2,4,90,90,15,1,131014,AdultFemaleAgent(Clone),10,12,1.58,1.45,7.734375,1,False,3,0,0
2026-03-06_21.07.01,227,sign-optimization-horizontal-vertical_scenario,614,190,3,-2,4,90,90,15,1,131015,AdultMaleAgent(Clone),7,11,1.71,1.58,1.204102,2,True,2,1,0.5
2026-03-06_21.07.01,227,sign-optimization-horizontal-vertical_scenario,614,190,3,-2,4,90,90,15,1,131016,WheelchairAgent(Clone),7,11,1.3,1.17,0,0,False,2,0,0
2026-03-06_21.07.01,227,sign-optimization-horizontal-vertical_scenario,614,190,3,-2,4,90,90,15,1,131017,AdultFemaleAgent(Clone),5,10,1.58,1.45,8.894531,1,True,2,1,0.5
2026-03-06_21.07.01,227,sign-optimization-horizontal-vertical_scenario,614,190,3,-2,4,90,90,15,1,131018,AdultMaleAgent(Clone),7,11,1.71,1.58,0.2197266,2,False,2,1,0.5
2026-03-06_21.07.01,227,sign-optimization-horizontal-vertical_scenario,614,190,3,-2,4,90,90,15,1,131019,AdultMaleAgent(Clone),6,12,1.71,1.58,8.564453,1,False,2,1,0.5
2026-03-06_21.07.01,227,sign-optimization-horizontal-vertical_scenario,614,190,3,-2,4,90,90,15,1,131020,WheelchairAgent(Clone),11,10,1.3,1.17,11.08203,1,True,3,1,0.3333333
2026-03-06_21.07.01,227,sign-optimization-horizontal-vertical_scenario,614,190,3,-2,4,90,90,15,1,131021,WheelchairAgent(Clone),5,10,1.3,1.17,9.282227,1,True,2,1,0.5
2026-03-06_21.07.01,227,sign-optimization-horizontal-vertical_scenario,614,190,3,-2,4,90,90,15,1,131022,AdultFemaleAgent(Clone),10,12,1.58,1.45,10.59277,1,False,3,0,0
2026-03-06_21.07.01,227,sign-optimization-horizontal-vertical_scenario,614,190,3,-2,4,90,90,15,1,131023,WheelchairAgent(Clone),7,11,1.3,1.17,0,0,False,2,0,0
2026-03-06_21.07.01,227,sign-optimization-horizontal-vertical_scenario,614,190,3,-2,4,90,90,15,1,131024,AdultMaleAgent(Clone),5,10,1.71,1.58,10.81055,1,True,2,1,0.5
2026-03-06_21.07.01,227,sign-optimization-horizontal-vertical_scenario,614,190,3,-2,4,90,90,15,1,131025,WheelchairAgent(Clone),6,12,1.3,1.17,7.944336,1,False,2,1,0.5
2026-03-06_21.07.01,227,sign-optimization-horizontal-vertical_scenario,614,190,3,-2,4,90,90,15,1,131026,AdultMaleAgent(Clone),6,12,1.71,1.58,6.953125,1,False,2,1,0.5
2026-03-06_21.07.01,227,sign-optimization-horizontal-vertical_scenario,614,190,3,-2,4,90,90,15,1,131027,AdultMaleAgent(Clone),10,12,1.71,1.58,6.385742,1,False,3,0,0
2026-03-06_21.07.01,227,sign-optimization-horizontal-vertical_scenario,614,190,3,-2,4,90,90,15,1,131028,AdultFemaleAgent(Clone),5,10,1.58,1.45,12.72852,1,True,2,1,0.5
2026-03-06_21.07.01,227,sign-optimization-horizontal-vertical_scenario,614,190,3,-2,4,90,90,15,1,131029,AdultFemaleAgent(Clone),6,12,1.58,1.45,4.166016,1,False,2,1,0.5
2026-03-06_21.07.01,227,sign-optimization-horizontal-vertical_scenario,614,190,3,-2,4,90,90,15,1,131030,AdultFemaleAgent(Clone),7,11,1.58,1.450001,0,0,False,2,0,0
2026-03-06_21.07.01,227,sign-optimization-horizontal-vertical_scenario,614,190,3,-2,4,90,90,15,1,131031,AdultMaleAgent(Clone),6,12,1.71,1.58,5.530273,1,False,2,1,0.5
2026-03-06_21.07.01,227,sign-optimization-horizontal-vertical_scenario,614,190,3,-2,4,90,90,15,1,131032,AdultMaleAgent(Clone),10,12,1.71,1.58,6.186523,1,False,3,0,0
2026-03-06_21.07.01,227,sign-optimization-horizontal-vertical_scenario,614,190,3,-2,4,90,90,15,1,131033,AdultMaleAgent(Clone),5,10,1.71,1.58,12.25781,1,True,2,1,0.5
2026-03-06_21.07.01,227,sign-optimization-horizontal-vertical_scenario,614,190,3,-2,4,90,90,15,1,131034,AdultFemaleAgent(Clone),10,12,1.58,1.45,14.38574,1,True,3,1,0.3333333
2026-03-06_21.07.01,227,sign-optimization-horizontal-vertical_scenario,614,190,3,-2,4,90,90,15,1,131035,WheelchairAgent(Clone),11,10,1.3,1.17,10.69531,1,True,3,1,0.3333333
2026-03-06_21.07.01,227,sign-optimization-horizontal-vertical_scenario,614,190,3,-2,4,90,90,15,1,131036,WheelchairAgent(Clone),6,12,1.3,1.17,6.350586,1,False,2,0,0
2026-03-06_21.07.01,227,sign-optimization-horizontal-vertical_scenario,614,190,3,-2,4,90,90,15,1,131037,WheelchairAgent(Clone),7,11,1.3,1.17,0.1455078,2,False,2,1,0.5
2026-03-06_21.07.01,227,sign-optimization-horizontal-vertical_scenario,614,190,3,-2,4,90,90,15,1,131038,AdultMaleAgent(Clone),7,11,1.71,1.58,0.7265625,1,False,2,0,0
2026-03-06_21.07.01,227,sign-optimization-horizontal-vertical_scenario,614,190,3,-2,4,90,90,15,1,131039,WheelchairAgent(Clone),10,12,1.3,1.17,6.348633,1,False,3,0,0
2026-03-06_21.07.01,227,sign-optimization-horizontal-vertical_scenario,614,190,3,-2,4,90,90,15,1,131040,AdultFemaleAgent(Clone),10,12,1.58,1.45,7.400391,1,False,3,0,0
2026-03-06_21.07.01,227,sign-optimization-horizontal-vertical_scenario,614,190,3,-2,4,90,90,15,1,131041,AdultMaleAgent(Clone),7,11,1.71,1.58,0,0,False,2,0,0
2026-03-06_21.07.01,227,sign-optimization-horizontal-vertical_scenario,614,190,3,-2,4,90,90,15,1,131042,WheelchairAgent(Clone),7,11,1.3,1.17,1.147461,1,False,2,1,0.5
2026-03-06_21.07.01,227,sign-optimization-horizontal-vertical_scenario,614,190,3,-2,4,90,90,15,1,131043,WheelchairAgent(Clone),11,10,1.3,1.17,8.950195,1,False,3,1,0.3333333
2026-03-06_21.07.01,227,sign-optimization-horizontal-vertical_scenario,614,190,3,-2,4,90,90,15,1,131044,WheelchairAgent(Clone),6,12,1.3,1.17,7.918945,1,False,2,1,0.5
2026-03-06_21.07.01,227,sign-optimization-horizontal-vertical_scenario,614,190,3,-2,4,90,90,15,1,131045,WheelchairAgent(Clone),11,10,1.3,1.17,10.7373,1,True,3,1,0.3333333
2026-03-06_21.07.01,227,sign-optimization-horizontal-vertical_scenario,614,190,3,-2,4,90,90,15,1,131046,AdultFemaleAgent(Clone),7,11,1.58,1.450001,1.483398,2,True,2,1,0.5
2026-03-06_21.07.01,227,sign-optimization-horizontal-vertical_scenario,614,190,3,-2,4,90,90,15,1,131047,WheelchairAgent(Clone),7,11,1.3,1.17,0,0,False,2,0,0
2026-03-06_21.07.01,227,sign-optimization-horizontal-vertical_scenario,614,190,3,-2,4,90,90,15,1,131048,AdultFemaleAgent(Clone),11,10,1.58,1.450001,10.05078,1,True,3,1,0.3333333
2026-03-06_21.07.01,227,sign-optimization-horizontal-vertical_scenario,614,190,3,-2,4,90,90,15,1,131049,WheelchairAgent(Clone),10,12,1.3,1.17,8.290039,1,False,3,0,0
2026-03-06_21.07.01,227,sign-optimization-horizontal-vertical_scenario,614,190,3,-2,4,90,90,15,1,131050,WheelchairAgent(Clone),10,12,1.3,1.17,6.396484,1,False,3,0,0
2026-03-06_21.07.01,227,sign-optimization-horizontal-vertical_scenario,614,190,3,-2,4,90,90,15,1,131051,AdultMaleAgent(Clone),10,12,1.71,1.58,6.176758,2,False,3,1,0.3333333
2026-03-06_21.07.01,227,sign-optimization-horizontal-vertical_scenario,614,190,3,-2,4,90,90,15,1,131052,AdultFemaleAgent(Clone),5,10,1.58,1.45,9.986328,1,True,2,1,0.5
2026-03-06_21.07.01,227,sign-optimization-horizontal-vertical_scenario,614,190,3,-2,4,90,90,15,1,131053,AdultMaleAgent(Clone),5,10,1.71,1.58,11.41309,1,True,2,1,0.5
2026-03-06_21.07.01,227,sign-optimization-horizontal-vertical_scenario,614,190,3,-2,4,90,90,15,1,131054,WheelchairAgent(Clone),11,10,1.3,1.17,8.408203,1,False,3,1,0.3333333
2026-03-06_21.07.01,227,sign-optimization-horizontal-vertical_scenario,614,190,3,-2,4,90,90,15,1,131055,WheelchairAgent(Clone),6,12,1.3,1.17,8.958008,1,False,2,1,0.5
2026-03-06_21.07.01,227,sign-optimization-horizontal-vertical_scenario,614,190,3,-2,4,90,90,15,1,131056,WheelchairAgent(Clone),10,12,1.3,1.17,6.084961,1,False,3,0,0
2026-03-06_21.07.01,227,sign-optimization-horizontal-vertical_scenario,614,190,3,-2,4,90,90,15,1,131057,WheelchairAgent(Clone),5,10,1.3,1.17,10.9873,1,True,2,1,0.5
2026-03-06_21.07.01,227,sign-optimization-horizontal-vertical_scenario,614,190,3,-2,4,90,90,15,1,131058,AdultFemaleAgent(Clone),10,12,1.58,1.45,7.258789,1,False,3,0,0
2026-03-06_21.07.01,227,sign-optimization-horizontal-vertical_scenario,614,190,3,-2,4,90,90,15,1,131059,AdultFemaleAgent(Clone),5,10,1.58,1.45,8.665039,1,True,2,1,0.5
2026-03-06_21.07.01,227,sign-optimization-horizontal-vertical_scenario,614,190,3,-2,4,90,90,15,1,131060,AdultFemaleAgent(Clone),6,12,1.58,1.45,5.355469,1,False,2,1,0.5
2026-03-06_21.07.01,227,sign-optimization-horizontal-vertical_scenario,614,190,3,-2,4,90,90,15,1,131061,WheelchairAgent(Clone),6,12,1.3,1.17,2.222656,1,False,2,0,0
2026-03-06_21.07.01,227,sign-optimization-horizontal-vertical_scenario,614,190,3,-2,4,90,90,15,1,131062,WheelchairAgent(Clone),6,12,1.3,1.17,4.583008,1,False,2,1,0.5
2026-03-06_21.07.01,227,sign-optimization-horizontal-vertical_scenario,614,190,3,-2,4,90,90,15,1,131063,AdultMaleAgent(Clone),10,12,1.71,1.58,7.010742,1,False,3,0,0
2026-03-06_21.07.01,227,sign-optimization-horizontal-vertical_scenario,614,190,3,-2,4,90,90,15,1,131064,WheelchairAgent(Clone),5,10,1.3,1.17,12.37305,1,True,2,1,0.5
2026-03-06_21.07.01,227,sign-optimization-horizontal-vertical_scenario,614,190,3,-2,4,90,90,15,1,131065,AdultMaleAgent(Clone),6,12,1.71,1.58,8.59082,1,False,2,1,0.5
2026-03-06_21.07.01,227,sign-optimization-horizontal-vertical_scenario,614,190,3,-2,4,90,90,15,1,131066,AdultFemaleAgent(Clone),5,10,1.58,1.45,9.738281,1,True,2,1,0.5
2026-03-06_21.07.01,227,sign-optimization-horizontal-vertical_scenario,614,190,3,-2,4,90,90,15,1,131067,AdultMaleAgent(Clone),10,12,1.71,1.58,6.22168,1,False,3,0,0
2026-03-06_21.07.01,227,sign-optimization-horizontal-vertical_scenario,614,190,3,-2,4,90,90,15,1,131068,AdultMaleAgent(Clone),11,10,1.71,1.58,10.43652,2,True,3,1,0.3333333
2026-03-06_21.07.01,227,sign-optimization-horizontal-vertical_scenario,614,190,3,-2,4,90,90,15,1,131069,AdultMaleAgent(Clone),7,11,1.71,1.58,0,0,False,2,0,0
2026-03-06_21.07.01,227,sign-optimization-horizontal-vertical_scenario,614,190,3,-2,4,90,90,15,1,131070,AdultMaleAgent(Clone),6,12,1.71,1.58,4.292969,1,False,2,1,0.5
2026-03-06_21.07.01,227,sign-optimization-horizontal-vertical_scenario,614,190,3,-2,4,90,90,15,1,131071,AdultFemaleAgent(Clone),5,10,1.58,1.45,9.555664,1,True,2,1,0.5
2026-03-06_21.07.01,227,sign-optimization-horizontal-vertical_scenario,614,190,3,-2,4,90,90,15,1,131072,AdultFemaleAgent(Clone),7,11,1.58,1.450001,2.030273,2,True,2,1,0.5
2026-03-06_21.07.01,227,sign-optimization-horizontal-vertical_scenario,614,190,3,-2,4,90,90,15,1,131073,AdultFemaleAgent(Clone),5,10,1.58,1.45,8.993164,1,True,2,1,0.5
2026-03-06_21.07.01,227,sign-optimization-horizontal-vertical_scenario,614,190,3,-2,4,90,90,15,1,131074,WheelchairAgent(Clone),5,10,1.3,1.17,12.50391,1,True,2,1,0.5
2026-03-06_21.07.01,227,sign-optimization-horizontal-vertical_scenario,614,190,3,-2,4,90,90,15,1,131075,AdultFemaleAgent(Clone),11,10,1.58,1.450001,9.711914,1,True,3,1,0.3333333
2026-03-06_21.07.01,227,sign-optimization-horizontal-vertical_scenario,614,190,3,-2,4,90,90,15,1,131076,WheelchairAgent(Clone),7,11,1.3,1.17,0.8300781,1,False,2,1,0.5
2026-03-06_21.07.01,227,sign-optimization-horizontal-vertical_scenario,614,190,3,-2,4,90,90,15,1,131077,AdultFemaleAgent(Clone),7,11,1.58,1.450001,2.18457,2,True,2,1,0.5
2026-03-06_21.07.01,227,sign-optimization-horizontal-vertical_scenario,614,190,3,-2,4,90,90,15,1,131078,WheelchairAgent(Clone),10,12,1.3,1.17,6.379883,2,False,3,1,0.3333333
2026-03-06_21.07.01,227,sign-optimization-horizontal-vertical_scenario,614,190,3,-2,4,90,90,15,1,131079,WheelchairAgent(Clone),7,11,1.3,1.17,0,0,False,2,0,0
2026-03-06_21.07.01,227,sign-optimization-horizontal-vertical_scenario,614,190,3,-2,4,90,90,15,1,131080,WheelchairAgent(Clone),7,11,1.3,1.17,1.540039,2,False,2,1,0.5
2026-03-06_21.07.01,227,sign-optimization-horizontal-vertical_scenario,614,190,3,-2,4,90,90,15,1,131081,WheelchairAgent(Clone),10,12,1.3,1.17,8.551758,1,False,3,0,0
2026-03-06_21.07.01,227,sign-optimization-horizontal-vertical_scenario,614,190,3,-2,4,90,90,15,1,131082,AdultFemaleAgent(Clone),6,12,1.58,1.45,8.604492,1,True,2,1,0.5
2026-03-06_21.07.01,227,sign-optimization-horizontal-vertical_scenario,614,190,3,-2,4,90,90,15,1,131083,WheelchairAgent(Clone),11,10,1.3,1.17,11.44043,1,True,3,1,0.3333333
2026-03-06_21.07.01,227,sign-optimization-horizontal-vertical_scenario,614,190,3,-2,4,90,90,15,1,131084,WheelchairAgent(Clone),5,10,1.3,1.17,9.329102,1,True,2,1,0.5
2026-03-06_21.07.01,227,sign-optimization-horizontal-vertical_scenario,614,190,3,-2,4,90,90,15,1,131085,AdultMaleAgent(Clone),5,10,1.71,1.58,10.76563,1,True,2,1,0.5
2026-03-06_21.07.01,227,sign-optimization-horizontal-vertical_scenario,614,190,3,-2,4,90,90,15,1,131086,AdultFemaleAgent(Clone),10,12,1.58,1.45,4.481445,2,False,3,1,0.3333333
2026-03-06_21.07.01,227,sign-optimization-horizontal-vertical_scenario,614,190,3,-2,4,90,90,15,1,131087,AdultMaleAgent(Clone),6,12,1.71,1.58,4.899414,1,False,2,1,0.5
2026-03-06_21.07.01,227,sign-optimization-horizontal-vertical_scenario,614,190,3,-2,4,90,90,15,1,131088,WheelchairAgent(Clone),11,10,1.3,1.17,11.1748,2,False,3,1,0.3333333
2026-03-06_21.07.01,227,sign-optimization-horizontal-vertical_scenario,614,190,3,-2,4,90,90,15,1,131089,WheelchairAgent(Clone),11,10,1.3,1.17,13.86328,1,True,3,1,0.3333333
2026-03-06_21.07.01,227,sign-optimization-horizontal-vertical_scenario,614,190,3,-2,4,90,90,15,1,131090,AdultFemaleAgent(Clone),5,10,1.58,1.45,10.26953,1,True,2,1,0.5
2026-03-06_21.07.01,227,sign-optimization-horizontal-vertical_scenario,614,190,3,-2,4,90,90,15,1,131091,AdultMaleAgent(Clone),7,11,1.71,1.58,0.03515625,1,False,2,1,0.5
2026-03-06_21.07.01,227,sign-optimization-horizontal-vertical_scenario,614,190,3,-2,4,90,90,15,1,131092,AdultFemaleAgent(Clone),5,10,1.58,1.45,9.756836,1,True,2,1,0.5
2026-03-06_21.07.01,227,sign-optimization-horizontal-vertical_scenario,614,190,3,-2,4,90,90,15,1,131093,AdultMaleAgent(Clone),6,12,1.71,1.58,8.357422,1,False,2,1,0.5
2026-03-06_21.07.01,227,sign-optimization-horizontal-vertical_scenario,614,190,3,-2,4,90,90,15,1,131094,AdultMaleAgent(Clone),6,12,1.71,1.58,4.951172,1,False,2,1,0.5
2026-03-06_21.07.01,227,sign-optimization-horizontal-vertical_scenario,614,190,3,-2,4,90,90,15,1,131095,AdultMaleAgent(Clone),7,11,1.71,1.58,0,0,False,2,0,0
2026-03-06_21.07.01,227,sign-optimization-horizontal-vertical_scenario,614,190,3,-2,4,90,90,15,1,131096,AdultMaleAgent(Clone),10,12,1.71,1.58,6.634766,1,False,3,0,0
2026-03-06_21.07.01,227,sign-optimization-horizontal-vertical_scenario,614,190,3,-2,4,90,90,15,1,131097,AdultFemaleAgent(Clone),11,10,1.58,1.450001,8.926758,1,False,3,1,0.3333333
2026-03-06_21.07.01,227,sign-optimization-horizontal-vertical_scenario,614,190,3,-2,4,90,90,15,1,131098,AdultMaleAgent(Clone),11,10,1.71,1.58,9.161133,1,True,3,1,0.3333333
2026-03-06_21.07.01,227,sign-optimization-horizontal-vertical_scenario,614,190,3,-2,4,90,90,15,1,131099,WheelchairAgent(Clone),7,11,1.3,1.17,0,0,False,2,0,0
2026-03-06_21.07.01,227,sign-optimization-horizontal-vertical_scenario,614,190,3,-2,4,90,90,15,1,131100,WheelchairAgent(Clone),5,10,1.3,1.17,8.503906,1,True,2,1,0.5
2026-03-06_21.07.01,227,sign-optimization-horizontal-vertical_scenario,614,190,3,-2,4,90,90,15,1,131101,AdultMaleAgent(Clone),6,12,1.71,1.58,2.90918,1,False,2,1,0.5
2026-03-06_21.07.01,227,sign-optimization-horizontal-vertical_scenario,614,190,3,-2,4,90,90,15,1,131102,WheelchairAgent(Clone),5,10,1.3,1.17,10.68652,1,True,2,1,0.5
2026-03-06_21.07.01,227,sign-optimization-horizontal-vertical_scenario,614,190,3,-2,4,90,90,15,1,131103,WheelchairAgent(Clone),6,12,1.3,1.17,7.083984,1,False,2,1,0.5
2026-03-06_21.07.01,227,sign-optimization-horizontal-vertical_scenario,614,190,3,-2,4,90,90,15,1,131104,AdultFemaleAgent(Clone),11,10,1.58,1.450001,10.33105,1,True,3,1,0.3333333
2026-03-06_21.07.01,227,sign-optimization-horizontal-vertical_scenario,614,190,3,-2,4,90,90,15,1,131105,AdultFemaleAgent(Clone),11,10,1.58,1.450001,9.977539,2,True,3,1,0.3333333
2026-03-06_21.07.01,227,sign-optimization-horizontal-vertical_scenario,614,190,3,-2,4,90,90,15,1,131106,WheelchairAgent(Clone),10,12,1.3,1.17,12.27539,1,False,3,1,0.3333333
2026-03-06_21.07.01,227,sign-optimization-horizontal-vertical_scenario,614,190,3,-2,4,90,90,15,1,131107,AdultFemaleAgent(Clone),10,12,1.58,1.45,8.274414,1,False,3,0,0
2026-03-06_21.07.01,227,sign-optimization-horizontal-vertical_scenario,614,190,3,-2,4,90,90,15,1,131108,AdultMaleAgent(Clone),10,12,1.71,1.58,12.78906,1,False,3,1,0.3333333
2026-03-06_21.07.01,227,sign-optimization-horizontal-vertical_scenario,614,190,3,-2,4,90,90,15,1,131109,WheelchairAgent(Clone),5,10,1.3,1.17,11.09961,1,True,2,1,0.5
2026-03-06_21.07.01,227,sign-optimization-horizontal-vertical_scenario,614,190,3,-2,4,90,90,15,1,131110,AdultMaleAgent(Clone),7,11,1.71,1.58,0,0,False,2,0,0
2026-03-06_21.07.01,227,sign-optimization-horizontal-vertical_scenario,614,190,3,-2,4,90,90,15,1,131111,AdultMaleAgent(Clone),10,12,1.71,1.58,6.173828,1,False,3,0,0
2026-03-06_21.07.01,227,sign-optimization-horizontal-vertical_scenario,614,190,3,-2,4,90,90,15,1,131112,AdultFemaleAgent(Clone),6,12,1.58,1.45,8.594727,1,False,2,1,0.5
2026-03-06_21.07.01,227,sign-optimization-horizontal-vertical_scenario,614,190,3,-2,4,90,90,15,1,131113,AdultMaleAgent(Clone),10,12,1.71,1.58,6.506836,1,False,3,0,0
2026-03-06_21.07.01,227,sign-optimization-horizontal-vertical_scenario,614,190,3,-2,4,90,90,15,1,131114,AdultMaleAgent(Clone),6,12,1.71,1.58,6.829102,1,False,2,1,0.5
2026-03-06_21.07.01,227,sign-optimization-horizontal-vertical_scenario,614,190,3,-2,4,90,90,15,1,131115,AdultMaleAgent(Clone),11,10,1.71,1.58,12.13965,1,True,3,1,0.3333333
2026-03-06_21.07.01,227,sign-optimization-horizontal-vertical_scenario,614,190,3,-2,4,90,90,15,1,131116,WheelchairAgent(Clone),11,10,1.3,1.17,10.79004,1,True,3,1,0.3333333
2026-03-06_21.07.01,227,sign-optimization-horizontal-vertical_scenario,614,190,3,-2,4,90,90,15,1,131117,AdultFemaleAgent(Clone),7,11,1.58,1.450001,1.194336,2,False,2,1,0.5
2026-03-06_21.07.01,227,sign-optimization-horizontal-vertical_scenario,614,190,3,-2,4,90,90,15,1,131118,WheelchairAgent(Clone),10,12,1.3,1.17,6.194336,1,False,3,0,0
2026-03-06_21.07.01,227,sign-optimization-horizontal-vertical_scenario,614,190,3,-2,4,90,90,15,1,131119,WheelchairAgent(Clone),7,11,1.3,1.17,0,0,False,2,0,0
2026-03-06_21.07.01,227,sign-optimization-horizontal-vertical_scenario,614,190,3,-2,4,90,90,15,1,131120,AdultFemaleAgent(Clone),5,10,1.58,1.45,9.776367,1,True,2,1,0.5
2026-03-06_21.07.01,227,sign-optimization-horizontal-vertical_scenario,614,190,3,-2,4,90,90,15,1,131121,AdultFemaleAgent(Clone),5,10,1.58,1.45,10.51953,1,True,2,1,0.5
2026-03-06_21.07.01,227,sign-optimization-horizontal-vertical_scenario,614,190,3,-2,4,90,90,15,1,131122,AdultMaleAgent(Clone),11,10,1.71,1.58,0,0,False,3,0,0
2026-03-06_21.07.01,227,sign-optimization-horizontal-vertical_scenario,614,190,3,-2,4,90,90,15,1,131123,AdultMaleAgent(Clone),6,12,1.71,1.58,4.273438,1,False,2,1,0.5
2026-03-06_21.07.01,227,sign-optimization-horizontal-vertical_scenario,614,190,3,-2,4,90,90,15,1,131124,AdultMaleAgent(Clone),5,10,1.71,1.58,12.71484,1,True,2,1,0.5
2026-03-06_21.07.01,227,sign-optimization-horizontal-vertical_scenario,614,190,3,-2,4,90,90,15,1,131125,AdultMaleAgent(Clone),7,11,1.71,1.58,0,0,False,2,0,0
2026-03-06_21.07.01,227,sign-optimization-horizontal-vertical_scenario,614,190,3,-2,4,90,90,15,1,131126,AdultFemaleAgent(Clone),7,11,1.58,1.450001,0,0,False,2,0,0
2026-03-06_21.07.01,227,sign-optimization-horizontal-vertical_scenario,614,190,3,-2,4,90,90,15,1,131127,AdultMaleAgent(Clone),10,12,1.71,1.58,7.024414,1,False,3,0,0
2026-03-06_21.07.01,227,sign-optimization-horizontal-vertical_scenario,614,190,3,-2,4,90,90,15,1,131128,AdultMaleAgent(Clone),7,11,1.71,1.58,1.28418,2,True,2,1,0.5
2026-03-06_21.07.01,227,sign-optimization-horizontal-vertical_scenario,614,190,3,-2,4,90,90,15,1,131129,AdultMaleAgent(Clone),6,12,1.71,1.58,7.383789,1,False,2,1,0.5
2026-03-06_21.07.01,227,sign-optimization-horizontal-vertical_scenario,614,190,3,-2,4,90,90,15,1,131130,AdultFemaleAgent(Clone),11,10,1.58,1.450001,12.5625,1,True,3,1,0.3333333
2026-03-06_21.07.01,227,sign-optimization-horizontal-vertical_scenario,614,190,3,-2,4,90,90,15,1,131131,AdultMaleAgent(Clone),11,10,1.71,1.58,11.71973,1,True,3,1,0.3333333
2026-03-06_21.07.01,227,sign-optimization-horizontal-vertical_scenario,614,190,3,-2,4,90,90,15,1,131132,AdultMaleAgent(Clone),6,12,1.71,1.58,7.508789,1,False,2,1,0.5
2026-03-06_21.07.01,227,sign-optimization-horizontal-vertical_scenario,614,190,3,-2,4,90,90,15,1,131133,AdultFemaleAgent(Clone),10,12,1.58,1.45,9.365234,1,False,3,0,0
2026-03-06_21.07.01,227,sign-optimization-horizontal-vertical_scenario,614,190,3,-2,4,90,90,15,1,131134,AdultMaleAgent(Clone),7,11,1.71,1.58,0,0,False,2,0,0
2026-03-06_21.07.01,227,sign-optimization-horizontal-vertical_scenario,614,190,3,-2,4,90,90,15,1,131135,WheelchairAgent(Clone),7,11,1.3,1.17,0.2285156,2,False,2,1,0.5
2026-03-06_21.07.01,227,sign-optimization-horizontal-vertical_scenario,614,190,3,-2,4,90,90,15,1,131136,WheelchairAgent(Clone),7,11,1.3,1.17,0,0,False,2,0,0
2026-03-06_21.07.01,227,sign-optimization-horizontal-vertical_scenario,614,190,3,-2,4,90,90,15,1,131137,AdultFemaleAgent(Clone),5,10,1.58,1.45,8.289063,1,True,2,1,0.5
2026-03-06_21.07.01,227,sign-optimization-horizontal-vertical_scenario,614,190,3,-2,4,90,90,15,1,131138,AdultMaleAgent(Clone),5,10,1.71,1.58,12.13281,1,True,2,1,0.5
2026-03-06_21.07.01,227,sign-optimization-horizontal-vertical_scenario,614,190,3,-2,4,90,90,15,1,131139,AdultFemaleAgent(Clone),10,12,1.58,1.45,7.731445,1,False,3,0,0
2026-03-06_21.07.01,227,sign-optimization-horizontal-vertical_scenario,614,190,3,-2,4,90,90,15,1,131140,AdultFemaleAgent(Clone),11,10,1.58,1.450001,11.7168,1,True,3,1,0.3333333
2026-03-06_21.07.01,227,sign-optimization-horizontal-vertical_scenario,614,190,3,-2,4,90,90,15,1,131141,WheelchairAgent(Clone),6,12,1.3,1.17,4.588867,1,False,2,1,0.5
2026-03-06_21.07.01,227,sign-optimization-horizontal-vertical_scenario,614,190,3,-2,4,90,90,15,1,131142,AdultFemaleAgent(Clone),5,10,1.58,1.45,10.41406,1,False,2,0,0
2026-03-06_21.07.01,227,sign-optimization-horizontal-vertical_scenario,614,190,3,-2,4,90,90,15,1,131143,WheelchairAgent(Clone),6,12,1.3,1.17,7.717773,1,False,2,0,0
2026-03-06_21.07.01,227,sign-optimization-horizontal-vertical_scenario,614,190,3,-2,4,90,90,15,1,131144,AdultMaleAgent(Clone),10,12,1.71,1.58,7.43457,1,False,3,0,0
2026-03-06_21.07.01,227,sign-optimization-horizontal-vertical_scenario,614,190,3,-2,4,90,90,15,1,131145,WheelchairAgent(Clone),10,12,1.3,1.17,11.61719,1,True,3,1,0.3333333
2026-03-06_21.07.01,227,sign-optimization-horizontal-vertical_scenario,614,190,3,-2,4,90,90,15,1,131146,AdultMaleAgent(Clone),5,10,1.71,1.58,11.08008,1,True,2,1,0.5
2026-03-06_21.07.01,227,sign-optimization-horizontal-vertical_scenario,614,190,3,-2,4,90,90,15,1,131147,WheelchairAgent(Clone),5,10,1.3,1.17,8.699219,1,True,2,1,0.5
2026-03-06_21.07.01,227,sign-optimization-horizontal-vertical_scenario,614,190,3,-2,4,90,90,15,1,131148,AdultMaleAgent(Clone),10,12,1.71,1.58,10.86328,1,False,3,0,0
2026-03-06_21.07.01,227,sign-optimization-horizontal-vertical_scenario,614,190,3,-2,4,90,90,15,1,131149,AdultMaleAgent(Clone),5,10,1.71,1.58,9.595703,1,True,2,1,0.5
2026-03-06_21.07.01,227,sign-optimization-horizontal-vertical_scenario,614,190,3,-2,4,90,90,15,1,131150,WheelchairAgent(Clone),6,12,1.3,1.17,10.40723,1,False,2,1,0.5
2026-03-06_21.07.01,227,sign-optimization-horizontal-vertical_scenario,614,190,3,-2,4,90,90,15,1,131151,WheelchairAgent(Clone),7,11,1.3,1.17,0,0,False,2,0,0
2026-03-06_21.07.01,227,sign-optimization-horizontal-vertical_scenario,614,190,3,-2,4,90,90,15,1,131152,AdultMaleAgent(Clone),11,10,1.71,1.58,10.50781,1,True,3,1,0.3333333
2026-03-06_21.07.01,227,sign-optimization-horizontal-vertical_scenario,614,190,3,-2,4,90,90,15,1,131153,AdultMaleAgent(Clone),6,12,1.71,1.58,7.168945,1,False,2,1,0.5
2026-03-06_21.07.01,227,sign-optimization-horizontal-vertical_scenario,614,190,3,-2,4,90,90,15,1,131154,AdultMaleAgent(Clone),7,11,1.71,1.58,0.5341797,2,True,2,1,0.5
2026-03-06_21.07.01,227,sign-optimization-horizontal-vertical_scenario,614,190,3,-2,4,90,90,15,1,131155,WheelchairAgent(Clone),7,11,1.3,1.17,0,0,False,2,0,0
2026-03-06_21.07.01,227,sign-optimization-horizontal-vertical_scenario,614,190,3,-2,4,90,90,15,1,131156,AdultFemaleAgent(Clone),11,10,1.58,1.450001,11.0625,1,True,3,1,0.3333333
2026-03-06_21.07.01,227,sign-optimization-horizontal-vertical_scenario,614,190,3,-2,4,90,90,15,1,131157,AdultFemaleAgent(Clone),6,12,1.58,1.45,6.755859,1,False,2,1,0.5
2026-03-06_21.07.01,227,sign-optimization-horizontal-vertical_scenario,614,190,3,-2,4,90,90,15,1,131158,AdultFemaleAgent(Clone),6,12,1.58,1.45,8.499023,1,True,2,1,0.5
2026-03-06_21.07.01,227,sign-optimization-horizontal-vertical_scenario,614,190,3,-2,4,90,90,15,1,131159,WheelchairAgent(Clone),11,10,1.3,1.17,10.76758,1,True,3,1,0.3333333
2026-03-06_21.07.01,227,sign-optimization-horizontal-vertical_scenario,614,190,3,-2,4,90,90,15,1,131160,AdultMaleAgent(Clone),5,10,1.71,1.58,12.29297,1,True,2,1,0.5
2026-03-06_21.07.01,227,sign-optimization-horizontal-vertical_scenario,614,190,3,-2,4,90,90,15,1,131161,AdultMaleAgent(Clone),7,11,1.71,1.58,0,0,False,2,0,0
2026-03-06_21.07.01,227,sign-optimization-horizontal-vertical_scenario,614,190,3,-2,4,90,90,15,1,131162,WheelchairAgent(Clone),5,10,1.3,1.17,13.24023,1,True,2,1,0.5
2026-03-06_21.07.01,227,sign-optimization-horizontal-vertical_scenario,614,190,3,-2,4,90,90,15,1,131163,WheelchairAgent(Clone),6,12,1.3,1.17,8.852539,1,False,2,1,0.5
2026-03-06_21.07.01,227,sign-optimization-horizontal-vertical_scenario,614,190,3,-2,4,90,90,15,1,131164,AdultFemaleAgent(Clone),10,12,1.58,1.45,12.41406,1,False,3,1,0.3333333
2026-03-06_21.07.01,227,sign-optimization-horizontal-vertical_scenario,614,190,3,-2,4,90,90,15,1,131165,AdultMaleAgent(Clone),6,12,1.71,1.58,2.966797,1,False,2,1,0.5
2026-03-06_21.07.01,227,sign-optimization-horizontal-vertical_scenario,614,190,3,-2,4,90,90,15,1,131166,WheelchairAgent(Clone),5,10,1.3,1.17,9.342773,1,True,2,1,0.5
2026-03-06_21.07.01,227,sign-optimization-horizontal-vertical_scenario,614,190,3,-2,4,90,90,15,1,131167,WheelchairAgent(Clone),11,10,1.3,1.17,10.41504,1,True,3,1,0.3333333
2026-03-06_21.07.01,227,sign-optimization-horizontal-vertical_scenario,614,190,3,-2,4,90,90,15,1,131168,AdultFemaleAgent(Clone),5,10,1.58,1.45,9.041016,1,True,2,1,0.5
2026-03-06_21.07.01,227,sign-optimization-horizontal-vertical_scenario,614,190,3,-2,4,90,90,15,1,131169,AdultMaleAgent(Clone),5,10,1.71,1.58,10.60059,1,True,2,1,0.5
2026-03-06_21.07.01,227,sign-optimization-horizontal-vertical_scenario,614,190,3,-2,4,90,90,15,1,131170,AdultFemaleAgent(Clone),11,10,1.58,1.450001,8.766602,1,True,3,1,0.3333333
2026-03-06_21.07.01,227,sign-optimization-horizontal-vertical_scenario,614,190,3,-2,4,90,90,15,1,131171,AdultFemaleAgent(Clone),7,11,1.58,1.450001,0.6103516,1,False,2,0,0
2026-03-06_21.07.01,227,sign-optimization-horizontal-vertical_scenario,614,190,3,-2,4,90,90,15,1,131172,WheelchairAgent(Clone),7,11,1.3,1.17,0.1865234,2,False,2,1,0.5
2026-03-06_21.07.01,227,sign-optimization-horizontal-vertical_scenario,614,190,3,-2,4,90,90,15,1,131173,AdultFemaleAgent(Clone),6,12,1.58,1.45,3.645508,1,False,2,1,0.5
2026-03-06_21.07.01,227,sign-optimization-horizontal-vertical_scenario,614,190,3,-2,4,90,90,15,1,131174,WheelchairAgent(Clone),11,10,1.3,1.17,10.08594,1,True,3,1,0.3333333
2026-03-06_21.07.01,227,sign-optimization-horizontal-vertical_scenario,614,190,3,-2,4,90,90,15,1,131175,AdultMaleAgent(Clone),5,10,1.71,1.58,11.05273,1,True,2,1,0.5
2026-03-06_21.07.01,227,sign-optimization-horizontal-vertical_scenario,614,190,3,-2,4,90,90,15,1,131176,AdultMaleAgent(Clone),10,12,1.71,1.58,6.237305,1,False,3,0,0
2026-03-06_21.07.01,227,sign-optimization-horizontal-vertical_scenario,614,190,3,-2,4,90,90,15,1,131177,AdultFemaleAgent(Clone),5,10,1.58,1.45,12.78223,1,True,2,1,0.5
2026-03-06_21.07.01,227,sign-optimization-horizontal-vertical_scenario,614,190,3,-2,4,90,90,15,1,131178,AdultMaleAgent(Clone),11,10,1.71,1.58,9.419922,1,True,3,1,0.3333333
2026-03-06_21.07.01,227,sign-optimization-horizontal-vertical_scenario,614,190,3,-2,4,90,90,15,1,131179,WheelchairAgent(Clone),11,10,1.3,1.17,9.542969,1,True,3,1,0.3333333
2026-03-06_21.07.01,227,sign-optimization-horizontal-vertical_scenario,614,190,3,-2,4,90,90,15,1,131180,WheelchairAgent(Clone),7,11,1.3,1.17,2.571289,2,True,2,1,0.5
2026-03-06_21.07.01,227,sign-optimization-horizontal-vertical_scenario,614,190,3,-2,4,90,90,15,1,131181,AdultMaleAgent(Clone),10,12,1.71,1.58,7.219727,1,False,3,0,0
2026-03-06_21.07.01,227,sign-optimization-horizontal-vertical_scenario,614,190,3,-2,4,90,90,15,1,131182,AdultFemaleAgent(Clone),11,10,1.58,1.450001,10.71875,1,True,3,1,0.3333333
2026-03-06_21.07.01,227,sign-optimization-horizontal-vertical_scenario,614,190,3,-2,4,90,90,15,1,131183,AdultMaleAgent(Clone),10,12,1.71,1.58,8.0625,1,False,3,0,0
2026-03-06_21.07.01,227,sign-optimization-horizontal-vertical_scenario,614,190,3,-2,4,90,90,15,1,131184,AdultFemaleAgent(Clone),6,12,1.58,1.45,2.862305,1,False,2,0,0
2026-03-06_21.07.01,227,sign-optimization-horizontal-vertical_scenario,614,190,3,-2,4,90,90,15,1,131185,WheelchairAgent(Clone),5,10,1.3,1.17,10.59961,1,True,2,1,0.5
2026-03-06_21.07.01,227,sign-optimization-horizontal-vertical_scenario,614,190,3,-2,4,90,90,15,1,131186,AdultFemaleAgent(Clone),11,10,1.58,1.450001,10.05664,1,True,3,1,0.3333333
2026-03-06_21.07.01,227,sign-optimization-horizontal-vertical_scenario,614,190,3,-2,4,90,90,15,1,131187,WheelchairAgent(Clone),7,11,1.3,1.17,1.323242,2,False,2,1,0.5
2026-03-06_21.07.01,227,sign-optimization-horizontal-vertical_scenario,614,190,3,-2,4,90,90,15,1,131188,AdultFemaleAgent(Clone),5,10,1.58,1.45,10.96777,1,True,2,1,0.5
2026-03-06_21.07.01,227,sign-optimization-horizontal-vertical_scenario,614,190,3,-2,4,90,90,15,1,131189,AdultFemaleAgent(Clone),6,12,1.58,1.45,3.640625,1,False,2,1,0.5
2026-03-06_21.07.01,227,sign-optimization-horizontal-vertical_scenario,614,190,3,-2,4,90,90,15,1,131190,AdultFemaleAgent(Clone),5,10,1.58,1.45,13.37695,1,True,2,1,0.5
2026-03-06_21.07.01,227,sign-optimization-horizontal-vertical_scenario,614,190,3,-2,4,90,90,15,1,131191,AdultMaleAgent(Clone),10,12,1.71,1.58,5.993164,1,False,3,0,0
2026-03-06_21.07.01,227,sign-optimization-horizontal-vertical_scenario,614,190,3,-2,4,90,90,15,1,131192,AdultMaleAgent(Clone),11,10,1.71,1.58,0,0,False,3,0,0
2026-03-06_21.07.01,227,sign-optimization-horizontal-vertical_scenario,614,190,3,-2,4,90,90,15,1,131193,AdultFemaleAgent(Clone),6,12,1.58,1.45,6.290039,1,False,2,1,0.5
2026-03-06_21.07.01,227,sign-optimization-horizontal-vertical_scenario,614,190,3,-2,4,90,90,15,1,131194,AdultMaleAgent(Clone),6,12,1.71,1.58,2.640625,1,False,2,0,0
2026-03-06_21.07.01,227,sign-optimization-horizontal-vertical_scenario,614,190,3,-2,4,90,90,15,1,131195,WheelchairAgent(Clone),11,10,1.3,1.17,10.93555,1,True,3,1,0.3333333
2026-03-06_21.07.01,227,sign-optimization-horizontal-vertical_scenario,614,190,3,-2,4,90,90,15,1,131196,WheelchairAgent(Clone),10,12,1.3,1.17,6.704102,1,False,3,0,0
2026-03-06_21.07.01,227,sign-optimization-horizontal-vertical_scenario,614,190,3,-2,4,90,90,15,1,131197,AdultMaleAgent(Clone),6,12,1.71,1.58,6.079102,1,True,2,1,0.5
2026-03-06_21.07.01,227,sign-optimization-horizontal-vertical_scenario,614,190,3,-2,4,90,90,15,1,131198,AdultMaleAgent(Clone),6,12,1.71,1.58,0,0,False,2,0,0
2026-03-06_21.07.01,227,sign-optimization-horizontal-vertical_scenario,614,190,3,-2,4,90,90,15,1,131199,AdultFemaleAgent(Clone),11,10,1.58,1.450001,10.10059,1,True,3,1,0.3333333
2026-03-06_21.07.01,227,sign-optimization-horizontal-vertical_scenario,614,190,3,-2,4,90,90,15,1,131200,AdultMaleAgent(Clone),5,10,1.71,1.58,11.04102,1,True,2,1,0.5
2026-03-06_21.07.01,227,sign-optimization-horizontal-vertical_scenario,614,190,3,-2,4,90,90,15,1,131201,WheelchairAgent(Clone),6,12,1.3,1.17,0,0,False,2,0,0
2026-03-06_21.07.01,227,sign-optimization-horizontal-vertical_scenario,614,190,3,-2,4,90,90,15,1,131202,WheelchairAgent(Clone),6,12,1.3,1.17,8.564453,1,False,2,1,0.5
2026-03-06_21.07.01,227,sign-optimization-horizontal-vertical_scenario,614,190,3,-2,4,90,90,15,1,131203,WheelchairAgent(Clone),5,10,1.3,1.17,12.1748,1,True,2,1,0.5
2026-03-06_21.07.01,227,sign-optimization-horizontal-vertical_scenario,614,190,3,-2,4,90,90,15,1,131204,WheelchairAgent(Clone),7,11,1.3,1.17,0,0,False,2,0,0
2026-03-06_21.07.01,227,sign-optimization-horizontal-vertical_scenario,614,190,3,-2,4,90,90,15,1,131205,AdultFemaleAgent(Clone),7,11,1.58,1.450001,0,0,False,2,0,0
2026-03-06_21.07.01,227,sign-optimization-horizontal-vertical_scenario,614,190,3,-2,4,90,90,15,1,131206,WheelchairAgent(Clone),11,10,1.3,1.17,0,0,False,3,0,0
2026-03-06_21.07.01,227,sign-optimization-horizontal-vertical_scenario,614,190,3,-2,4,90,90,15,1,131207,WheelchairAgent(Clone),11,10,1.3,1.17,8.431641,1,True,3,1,0.3333333
2026-03-06_21.07.01,227,sign-optimization-horizontal-vertical_scenario,614,190,3,-2,4,90,90,15,1,131208,WheelchairAgent(Clone),5,10,1.3,1.17,10.15918,1,False,2,0,0
2026-03-06_21.07.01,227,sign-optimization-horizontal-vertical_scenario,614,190,3,-2,4,90,90,15,1,131209,WheelchairAgent(Clone),11,10,1.3,1.17,14.30273,1,True,3,1,0.3333333
2026-03-06_21.07.01,227,sign-optimization-horizontal-vertical_scenario,614,190,3,-2,4,90,90,15,1,131210,WheelchairAgent(Clone),10,12,1.3,1.17,6.06543,1,False,3,0,0
2026-03-06_21.07.01,227,sign-optimization-horizontal-vertical_scenario,614,190,3,-2,4,90,90,15,1,131211,WheelchairAgent(Clone),7,11,1.3,1.17,1.266602,1,False,2,1,0.5
2026-03-06_21.07.01,227,sign-optimization-horizontal-vertical_scenario,614,190,3,-2,4,90,90,15,1,131212,AdultMaleAgent(Clone),6,12,1.71,1.58,3.861328,1,False,2,1,0.5
2026-03-06_21.07.01,227,sign-optimization-horizontal-vertical_scenario,614,190,3,-2,4,90,90,15,1,131213,AdultFemaleAgent(Clone),6,12,1.58,1.45,8.09082,1,False,2,1,0.5
2026-03-06_21.07.01,227,sign-optimization-horizontal-vertical_scenario,614,190,3,-2,4,90,90,15,1,131214,WheelchairAgent(Clone),10,12,1.3,1.17,7.269531,1,False,3,0,0
2026-03-06_21.07.01,227,sign-optimization-horizontal-vertical_scenario,614,190,3,-2,4,90,90,15,1,131215,WheelchairAgent(Clone),5,10,1.3,1.17,7.220703,1,True,2,1,0.5
2026-03-06_21.07.01,227,sign-optimization-horizontal-vertical_scenario,614,190,3,-2,4,90,90,15,1,131216,WheelchairAgent(Clone),7,11,1.3,1.17,1.648438,2,False,2,1,0.5
2026-03-06_21.07.01,227,sign-optimization-horizontal-vertical_scenario,614,190,3,-2,4,90,90,15,1,131217,AdultFemaleAgent(Clone),11,10,1.58,1.450001,11.45703,1,True,3,1,0.3333333
2026-03-06_21.07.01,227,sign-optimization-horizontal-vertical_scenario,614,190,3,-2,4,90,90,15,1,131218,AdultFemaleAgent(Clone),10,12,1.58,1.45,11.52051,1,False,3,1,0.3333333
2026-03-06_21.07.01,227,sign-optimization-horizontal-vertical_scenario,614,190,3,-2,4,90,90,15,1,131219,AdultMaleAgent(Clone),11,10,1.71,1.58,9.102539,1,True,3,1,0.3333333
2026-03-06_21.07.01,227,sign-optimization-horizontal-vertical_scenario,614,190,3,-2,4,90,90,15,1,131220,AdultMaleAgent(Clone),11,10,1.71,1.58,9.667969,1,True,3,1,0.3333333
2026-03-06_21.07.01,227,sign-optimization-horizontal-vertical_scenario,614,190,3,-2,4,90,90,15,1,131221,AdultMaleAgent(Clone),7,11,1.71,1.58,0,0,False,2,0,0
2026-03-06_21.07.01,227,sign-optimization-horizontal-vertical_scenario,614,190,3,-2,4,90,90,15,1,131222,AdultMaleAgent(Clone),5,10,1.71,1.58,8.598633,1,True,2,1,0.5
2026-03-06_21.07.01,227,sign-optimization-horizontal-vertical_scenario,614,190,3,-2,4,90,90,15,1,131223,WheelchairAgent(Clone),6,12,1.3,1.17,5.233398,1,False,2,1,0.5
2026-03-06_21.07.01,227,sign-optimization-horizontal-vertical_scenario,614,190,3,-2,4,90,90,15,1,131224,WheelchairAgent(Clone),11,10,1.3,1.17,9.207031,1,True,3,1,0.3333333
2026-03-06_21.07.01,227,sign-optimization-horizontal-vertical_scenario,614,190,3,-2,4,90,90,15,1,131225,WheelchairAgent(Clone),6,12,1.3,1.17,0,0,False,2,0,0
2026-03-06_21.07.01,227,sign-optimization-horizontal-vertical_scenario,614,190,3,-2,4,90,90,15,1,131226,AdultFemaleAgent(Clone),10,12,1.58,1.45,7.696289,1,False,3,0,0
2026-03-06_21.07.01,227,sign-optimization-horizontal-vertical_scenario,614,190,3,-2,4,90,90,15,1,131227,AdultMaleAgent(Clone),6,12,1.71,1.58,8.387695,1,True,2,1,0.5
2026-03-06_21.07.01,227,sign-optimization-horizontal-vertical_scenario,614,190,3,-2,4,90,90,15,1,131228,WheelchairAgent(Clone),5,10,1.3,1.17,7.816406,1,True,2,1,0.5
2026-03-06_21.07.01,227,sign-optimization-horizontal-vertical_scenario,614,190,3,-2,4,90,90,15,1,131229,AdultMaleAgent(Clone),11,10,1.71,1.58,10.3291,1,True,3,1,0.3333333
2026-03-06_21.07.01,227,sign-optimization-horizontal-vertical_scenario,614,190,3,-2,4,90,90,15,1,131230,AdultFemaleAgent(Clone),5,10,1.58,1.45,8.825195,1,True,2,1,0.5
2026-03-06_21.07.01,227,sign-optimization-horizontal-vertical_scenario,614,190,3,-2,4,90,90,15,1,131231,AdultMaleAgent(Clone),5,10,1.71,1.58,11.24512,1,True,2,1,0.5
2026-03-06_21.07.01,227,sign-optimization-horizontal-vertical_scenario,614,190,3,-2,4,90,90,15,1,131232,AdultMaleAgent(Clone),11,10,1.71,1.58,10.47559,1,True,3,1,0.3333333
2026-03-06_21.07.01,227,sign-optimization-horizontal-vertical_scenario,614,190,3,-2,4,90,90,15,1,131233,AdultMaleAgent(Clone),7,11,1.71,1.58,0,0,False,2,0,0
2026-03-06_21.07.01,227,sign-optimization-horizontal-vertical_scenario,614,190,3,-2,4,90,90,15,1,131234,AdultMaleAgent(Clone),5,10,1.71,1.58,10.75586,1,True,2,1,0.5
2026-03-06_21.07.01,227,sign-optimization-horizontal-vertical_scenario,614,190,3,-2,4,90,90,15,1,131235,AdultMaleAgent(Clone),10,12,1.71,1.58,6.352539,1,False,3,0,0
2026-03-06_21.07.01,227,sign-optimization-horizontal-vertical_scenario,614,190,3,-2,4,90,90,15,1,131236,WheelchairAgent(Clone),11,10,1.3,1.17,9.931641,1,True,3,1,0.3333333
2026-03-06_21.07.01,227,sign-optimization-horizontal-vertical_scenario,614,190,3,-2,4,90,90,15,1,131237,WheelchairAgent(Clone),7,11,1.3,1.17,1.523438,2,False,2,1,0.5
2026-03-06_21.07.01,227,sign-optimization-horizontal-vertical_scenario,614,190,3,-2,4,90,90,15,1,131238,WheelchairAgent(Clone),7,11,1.3,1.17,0.5595703,1,False,2,0,0
2026-03-06_21.07.01,227,sign-optimization-horizontal-vertical_scenario,614,190,3,-2,4,90,90,15,1,131239,AdultMaleAgent(Clone),6,12,1.71,1.58,11.82227,1,False,2,1,0.5
2026-03-06_21.07.01,227,sign-optimization-horizontal-vertical_scenario,614,190,3,-2,4,90,90,15,1,131240,AdultFemaleAgent(Clone),7,11,1.58,1.450001,1.298828,1,True,2,1,0.5
2026-03-06_21.07.01,227,sign-optimization-horizontal-vertical_scenario,614,190,3,-2,4,90,90,15,1,131241,AdultFemaleAgent(Clone),10,12,1.58,1.45,5.536133,1,False,3,0,0
2026-03-06_21.07.01,227,sign-optimization-horizontal-vertical_scenario,614,190,3,-2,4,90,90,15,1,131242,AdultFemaleAgent(Clone),6,12,1.58,1.45,8.776367,1,False,2,1,0.5
2026-03-06_21.07.01,227,sign-optimization-horizontal-vertical_scenario,614,190,3,-2,4,90,90,15,1,131243,AdultFemaleAgent(Clone),5,10,1.58,1.45,8.671875,1,True,2,1,0.5
2026-03-06_21.07.01,227,sign-optimization-horizontal-vertical_scenario,614,190,3,-2,4,90,90,15,1,131244,AdultMaleAgent(Clone),11,10,1.71,1.58,0,0,False,3,0,0
2026-03-06_21.07.01,227,sign-optimization-horizontal-vertical_scenario,614,190,3,-2,4,90,90,15,1,131245,AdultFemaleAgent(Clone),7,11,1.58,1.450001,0,0,False,2,0,0
2026-03-06_21.07.01,227,sign-optimization-horizontal-vertical_scenario,614,190,3,-2,4,90,90,15,1,131246,AdultMaleAgent(Clone),7,11,1.71,1.58,0,0,False,2,0,0
2026-03-06_21.07.01,227,sign-optimization-horizontal-vertical_scenario,614,190,3,-2,4,90,90,15,1,131247,AdultFemaleAgent(Clone),10,12,1.58,1.45,6.578125,1,False,3,0,0
2026-03-06_21.07.01,227,sign-optimization-horizontal-vertical_scenario,614,190,3,-2,4,90,90,15,1,131248,AdultFemaleAgent(Clone),11,10,1.58,1.450001,10.15039,1,True,3,1,0.3333333
2026-03-06_21.07.01,227,sign-optimization-horizontal-vertical_scenario,614,190,3,-2,4,90,90,15,1,131249,AdultMaleAgent(Clone),5,10,1.71,1.58,10.2373,1,True,2,1,0.5
2026-03-06_21.07.01,227,sign-optimization-horizontal-vertical_scenario,614,190,3,-2,4,90,90,15,1,131250,WheelchairAgent(Clone),7,11,1.3,1.17,0,0,False,2,0,0
2026-03-06_21.07.01,227,sign-optimization-horizontal-vertical_scenario,614,190,3,-2,4,90,90,15,1,131251,WheelchairAgent(Clone),6,12,1.3,1.17,5.818359,1,False,2,1,0.5
2026-03-06_21.07.01,227,sign-optimization-horizontal-vertical_scenario,614,190,3,-2,4,90,90,15,1,131252,WheelchairAgent(Clone),10,12,1.3,1.17,7.788086,1,False,3,0,0
2026-03-06_21.07.01,227,sign-optimization-horizontal-vertical_scenario,614,190,3,-2,4,90,90,15,1,131253,AdultFemaleAgent(Clone),11,10,1.58,1.450001,8.728516,1,True,3,1,0.3333333
2026-03-06_21.07.01,227,sign-optimization-horizontal-vertical_scenario,614,190,3,-2,4,90,90,15,1,131254,WheelchairAgent(Clone),6,12,1.3,1.17,3.59082,1,False,2,1,0.5
2026-03-06_21.07.01,227,sign-optimization-horizontal-vertical_scenario,614,190,3,-2,4,90,90,15,1,131255,AdultMaleAgent(Clone),10,12,1.71,1.58,7.838867,1,False,3,0,0
2026-03-06_21.07.01,227,sign-optimization-horizontal-vertical_scenario,614,190,3,-2,4,90,90,15,1,131256,WheelchairAgent(Clone),7,11,1.3,1.17,0,0,False,2,0,0
2026-03-06_21.07.01,227,sign-optimization-horizontal-vertical_scenario,614,190,3,-2,4,90,90,15,1,131257,WheelchairAgent(Clone),11,10,1.3,1.17,10.47949,1,True,3,1,0.3333333
2026-03-06_21.07.01,227,sign-optimization-horizontal-vertical_scenario,614,190,3,-2,4,90,90,15,1,131258,AdultMaleAgent(Clone),11,10,1.71,1.58,9.756836,1,True,3,1,0.3333333
2026-03-06_21.07.01,227,sign-optimization-horizontal-vertical_scenario,614,190,3,-2,4,90,90,15,1,131259,AdultFemaleAgent(Clone),6,12,1.58,1.45,5.100586,1,False,2,1,0.5
2026-03-06_21.07.01,227,sign-optimization-horizontal-vertical_scenario,614,190,3,-2,4,90,90,15,1,131260,AdultFemaleAgent(Clone),7,11,1.58,1.450001,0,0,False,2,0,0
2026-03-06_21.07.01,227,sign-optimization-horizontal-vertical_scenario,614,190,3,-2,4,90,90,15,1,131261,AdultFemaleAgent(Clone),10,12,1.58,1.45,6.325195,1,False,3,0,0
2026-03-06_21.07.01,227,sign-optimization-horizontal-vertical_scenario,614,190,3,-2,4,90,90,15,1,131262,AdultMaleAgent(Clone),7,11,1.71,1.58,1.488281,2,True,2,1,0.5
2026-03-06_21.07.01,227,sign-optimization-horizontal-vertical_scenario,614,190,3,-2,4,90,90,15,1,131263,AdultMaleAgent(Clone),11,10,1.71,1.58,9.291992,1,True,3,1,0.3333333
2026-03-06_21.07.01,227,sign-optimization-horizontal-vertical_scenario,614,190,3,-2,4,90,90,15,1,131264,AdultFemaleAgent(Clone),5,10,1.58,1.45,8.504883,1,True,2,1,0.5
2026-03-06_21.07.01,227,sign-optimization-horizontal-vertical_scenario,614,190,3,-2,4,90,90,15,1,131265,AdultMaleAgent(Clone),7,11,1.71,1.58,4.290039,2,True,2,1,0.5
2026-03-06_21.07.01,227,sign-optimization-horizontal-vertical_scenario,614,190,3,-2,4,90,90,15,1,131266,AdultMaleAgent(Clone),5,10,1.71,1.58,8.432617,1,True,2,1,0.5
2026-03-06_21.07.01,227,sign-optimization-horizontal-vertical_scenario,614,190,3,-2,4,90,90,15,1,131267,WheelchairAgent(Clone),5,10,1.3,1.17,10.14063,1,True,2,1,0.5
2026-03-06_21.07.01,227,sign-optimization-horizontal-vertical_scenario,614,190,3,-2,4,90,90,15,1,131268,WheelchairAgent(Clone),6,12,1.3,1.17,4.411133,1,False,2,1,0.5
2026-03-06_21.07.01,227,sign-optimization-horizontal-vertical_scenario,614,190,3,-2,4,90,90,15,1,131269,WheelchairAgent(Clone),7,11,1.3,1.17,0.08398438,2,False,2,0,0
2026-03-06_21.07.01,227,sign-optimization-horizontal-vertical_scenario,614,190,3,-2,4,90,90,15,1,131270,AdultMaleAgent(Clone),7,11,1.71,1.58,1.719727,2,True,2,1,0.5
2026-03-06_21.07.01,227,sign-optimization-horizontal-vertical_scenario,614,190,3,-2,4,90,90,15,1,131271,WheelchairAgent(Clone),5,10,1.3,1.17,11.6377,1,True,2,1,0.5
2026-03-06_21.07.01,227,sign-optimization-horizontal-vertical_scenario,614,190,3,-2,4,90,90,15,1,131272,WheelchairAgent(Clone),6,12,1.3,1.17,7.677734,1,False,2,1,0.5
2026-03-06_21.07.01,227,sign-optimization-horizontal-vertical_scenario,614,190,3,-2,4,90,90,15,1,131273,WheelchairAgent(Clone),10,12,1.3,1.17,18.11426,1,True,3,1,0.3333333
2026-03-06_21.07.01,227,sign-optimization-horizontal-vertical_scenario,614,190,3,-2,4,90,90,15,1,131274,WheelchairAgent(Clone),7,11,1.3,1.17,0.5917969,2,False,2,1,0.5
2026-03-06_21.07.01,227,sign-optimization-horizontal-vertical_scenario,614,190,3,-2,4,90,90,15,1,131275,WheelchairAgent(Clone),11,10,1.3,1.17,10.19434,1,True,3,1,0.3333333
2026-03-06_21.07.01,227,sign-optimization-horizontal-vertical_scenario,614,190,3,-2,4,90,90,15,1,131276,AdultFemaleAgent(Clone),7,11,1.58,1.450001,0,0,False,2,0,0
2026-03-06_21.07.01,227,sign-optimization-horizontal-vertical_scenario,614,190,3,-2,4,90,90,15,1,131277,AdultFemaleAgent(Clone),11,10,1.58,1.450001,9.677734,1,True,3,1,0.3333333
2026-03-06_21.07.01,227,sign-optimization-horizontal-vertical_scenario,614,190,3,-2,4,90,90,15,1,131278,WheelchairAgent(Clone),10,12,1.3,1.17,8.331055,1,False,3,1,0.3333333
2026-03-06_21.07.01,227,sign-optimization-horizontal-vertical_scenario,614,190,3,-2,4,90,90,15,1,131279,AdultFemaleAgent(Clone),5,10,1.58,1.45,12.75,1,True,2,1,0.5
2026-03-06_21.07.01,227,sign-optimization-horizontal-vertical_scenario,614,190,3,-2,4,90,90,15,1,131280,WheelchairAgent(Clone),7,11,1.3,1.17,0,0,False,2,0,0
2026-03-06_21.07.01,227,sign-optimization-horizontal-vertical_scenario,614,190,3,-2,4,90,90,15,1,131281,WheelchairAgent(Clone),5,10,1.3,1.17,9.99707,1,False,2,1,0.5
2026-03-06_21.07.01,227,sign-optimization-horizontal-vertical_scenario,614,190,3,-2,4,90,90,15,1,131282,WheelchairAgent(Clone),5,10,1.3,1.17,9.6875,1,True,2,1,0.5
2026-03-06_21.07.01,227,sign-optimization-horizontal-vertical_scenario,614,190,3,-2,4,90,90,15,1,131283,WheelchairAgent(Clone),6,12,1.3,1.17,4.831055,1,False,2,1,0.5
2026-03-06_21.07.01,227,sign-optimization-horizontal-vertical_scenario,614,190,3,-2,4,90,90,15,1,131284,WheelchairAgent(Clone),10,12,1.3,1.17,7.645508,1,False,3,1,0.3333333
2026-03-06_21.07.01,227,sign-optimization-horizontal-vertical_scenario,614,190,3,-2,4,90,90,15,1,131285,WheelchairAgent(Clone),5,10,1.3,1.17,12.03027,1,True,2,1,0.5
2026-03-06_21.07.01,227,sign-optimization-horizontal-vertical_scenario,614,190,3,-2,4,90,90,15,1,131286,WheelchairAgent(Clone),6,12,1.3,1.17,2.568359,1,False,2,0,0
2026-03-06_21.07.01,227,sign-optimization-horizontal-vertical_scenario,614,190,3,-2,4,90,90,15,1,131287,AdultFemaleAgent(Clone),11,10,1.58,1.450001,9.087891,1,True,3,1,0.3333333
2026-03-06_21.07.01,227,sign-optimization-horizontal-vertical_scenario,614,190,3,-2,4,90,90,15,1,131288,WheelchairAgent(Clone),11,10,1.3,1.17,10.78809,1,True,3,1,0.3333333
2026-03-06_21.07.01,227,sign-optimization-horizontal-vertical_scenario,614,190,3,-2,4,90,90,15,1,131289,WheelchairAgent(Clone),6,12,1.3,1.17,1.857422,1,False,2,0,0
2026-03-06_21.07.01,227,sign-optimization-horizontal-vertical_scenario,614,190,3,-2,4,90,90,15,1,131290,AdultFemaleAgent(Clone),10,12,1.58,1.45,6.326172,1,False,3,1,0.3333333
2026-03-06_21.07.01,227,sign-optimization-horizontal-vertical_scenario,614,190,3,-2,4,90,90,15,1,131291,AdultMaleAgent(Clone),11,10,1.71,1.58,11.34863,1,True,3,1,0.3333333
2026-03-06_21.07.01,227,sign-optimization-horizontal-vertical_scenario,614,190,3,-2,4,90,90,15,1,131292,AdultMaleAgent(Clone),6,12,1.71,1.58,4.4375,1,False,2,1,0.5
2026-03-06_21.07.01,227,sign-optimization-horizontal-vertical_scenario,614,190,3,-2,4,90,90,15,1,131293,AdultFemaleAgent(Clone),11,10,1.58,1.450001,10.12207,1,True,3,1,0.3333333
2026-03-06_21.07.01,227,sign-optimization-horizontal-vertical_scenario,614,190,3,-2,4,90,90,15,1,131294,AdultMaleAgent(Clone),6,12,1.71,1.58,2.773438,1,False,2,1,0.5
2026-03-06_21.07.01,227,sign-optimization-horizontal-vertical_scenario,614,190,3,-2,4,90,90,15,1,131295,AdultMaleAgent(Clone),6,12,1.71,1.58,5.693359,1,False,2,1,0.5
2026-03-06_21.07.01,227,sign-optimization-horizontal-vertical_scenario,614,190,3,-2,4,90,90,15,1,131296,WheelchairAgent(Clone),7,11,1.3,1.17,0,0,False,2,0,0
2026-03-06_21.07.01,227,sign-optimization-horizontal-vertical_scenario,614,190,3,-2,4,90,90,15,1,131297,AdultMaleAgent(Clone),6,12,1.71,1.58,7.867188,1,False,2,1,0.5
2026-03-06_21.07.01,227,sign-optimization-horizontal-vertical_scenario,614,190,3,-2,4,90,90,15,1,131298,AdultMaleAgent(Clone),7,11,1.71,1.58,1.613281,2,True,2,1,0.5
2026-03-06_21.07.01,227,sign-optimization-horizontal-vertical_scenario,614,190,3,-2,4,90,90,15,1,131299,WheelchairAgent(Clone),6,12,1.3,1.17,3.950195,1,False,2,1,0.5
2026-03-06_21.07.01,227,sign-optimization-horizontal-vertical_scenario,614,190,3,-2,4,90,90,15,1,131300,WheelchairAgent(Clone),10,12,1.3,1.17,4.325195,1,False,3,1,0.3333333
2026-03-06_21.07.01,227,sign-optimization-horizontal-vertical_scenario,614,190,3,-2,4,90,90,15,1,131301,AdultMaleAgent(Clone),10,12,1.71,1.58,6.339844,1,False,3,0,0
2026-03-06_21.07.01,227,sign-optimization-horizontal-vertical_scenario,614,190,3,-2,4,90,90,15,1,131302,AdultFemaleAgent(Clone),11,10,1.58,1.450001,0,0,True,3,1,0.3333333
2026-03-06_21.07.01,227,sign-optimization-horizontal-vertical_scenario,614,190,3,-2,4,90,90,15,1,131303,AdultFemaleAgent(Clone),7,11,1.58,1.450001,0.9208984,2,False,2,1,0.5
2026-03-06_21.07.01,227,sign-optimization-horizontal-vertical_scenario,614,190,3,-2,4,90,90,15,1,131304,WheelchairAgent(Clone),11,10,1.3,1.17,0,0,True,3,1,0.3333333
2026-03-06_21.07.01,227,sign-optimization-horizontal-vertical_scenario,614,190,3,-2,4,90,90,15,1,131305,AdultMaleAgent(Clone),5,10,1.71,1.58,10.24609,1,True,2,1,0.5
2026-03-06_21.07.01,227,sign-optimization-horizontal-vertical_scenario,614,190,3,-2,4,90,90,15,1,131306,AdultFemaleAgent(Clone),6,12,1.58,1.45,7.001953,1,False,2,1,0.5
2026-03-06_21.07.01,227,sign-optimization-horizontal-vertical_scenario,614,190,3,-2,4,90,90,15,1,131307,AdultFemaleAgent(Clone),11,10,1.58,1.450001,11.29785,1,True,3,1,0.3333333
2026-03-06_21.07.01,227,sign-optimization-horizontal-vertical_scenario,614,190,3,-2,4,90,90,15,1,131308,WheelchairAgent(Clone),5,10,1.3,1.17,9.699219,1,True,2,1,0.5
2026-03-06_21.07.01,227,sign-optimization-horizontal-vertical_scenario,614,190,3,-2,4,90,90,15,1,131309,AdultMaleAgent(Clone),6,12,1.71,1.58,9.360352,1,False,2,1,0.5
2026-03-06_21.07.01,227,sign-optimization-horizontal-vertical_scenario,614,190,3,-2,4,90,90,15,1,131310,WheelchairAgent(Clone),6,12,1.3,1.17,3.192383,1,False,2,1,0.5
2026-03-06_21.07.01,227,sign-optimization-horizontal-vertical_scenario,614,190,3,-2,4,90,90,15,1,131311,WheelchairAgent(Clone),5,10,1.3,1.17,10.24707,1,True,2,1,0.5
2026-03-06_21.07.01,227,sign-optimization-horizontal-vertical_scenario,614,190,3,-2,4,90,90,15,1,131312,WheelchairAgent(Clone),10,12,1.3,1.17,7.671875,1,False,3,0,0
2026-03-06_21.07.01,227,sign-optimization-horizontal-vertical_scenario,614,190,3,-2,4,90,90,15,1,131313,AdultFemaleAgent(Clone),6,12,1.58,1.45,5.496094,1,False,2,1,0.5
2026-03-06_21.07.01,227,sign-optimization-horizontal-vertical_scenario,614,190,3,-2,4,90,90,15,1,131314,AdultFemaleAgent(Clone),5,10,1.58,1.45,11.18652,1,True,2,1,0.5
2026-03-06_21.07.01,227,sign-optimization-horizontal-vertical_scenario,614,190,3,-2,4,90,90,15,1,131315,AdultMaleAgent(Clone),7,11,1.71,1.58,0,0,False,2,0,0
2026-03-06_21.07.01,227,sign-optimization-horizontal-vertical_scenario,614,190,3,-2,4,90,90,15,1,131316,AdultFemaleAgent(Clone),6,12,1.58,1.45,6.746094,1,False,2,1,0.5
2026-03-06_21.07.01,227,sign-optimization-horizontal-vertical_scenario,614,190,3,-2,4,90,90,15,1,131317,AdultFemaleAgent(Clone),11,10,1.58,1.450001,9.432617,1,False,3,1,0.3333333
2026-03-06_21.07.01,227,sign-optimization-horizontal-vertical_scenario,614,190,3,-2,4,90,90,15,1,131318,AdultMaleAgent(Clone),10,12,1.71,1.58,11.47852,1,False,3,1,0.3333333
2026-03-06_21.07.01,227,sign-optimization-horizontal-vertical_scenario,614,190,3,-2,4,90,90,15,1,131319,AdultFemaleAgent(Clone),6,12,1.58,1.45,4.230469,1,False,2,1,0.5
2026-03-06_21.07.01,227,sign-optimization-horizontal-vertical_scenario,614,190,3,-2,4,90,90,15,1,131320,AdultMaleAgent(Clone),10,12,1.71,1.58,7.654297,1,False,3,0,0
2026-03-06_21.07.01,227,sign-optimization-horizontal-vertical_scenario,614,190,3,-2,4,90,90,15,1,131321,WheelchairAgent(Clone),10,12,1.3,1.17,6.430664,1,False,3,0,0
2026-03-06_21.07.01,227,sign-optimization-horizontal-vertical_scenario,614,190,3,-2,4,90,90,15,1,131322,AdultMaleAgent(Clone),11,10,1.71,1.58,11.59668,1,True,3,1,0.3333333
2026-03-06_21.07.01,227,sign-optimization-horizontal-vertical_scenario,614,190,3,-2,4,90,90,15,1,131323,AdultFemaleAgent(Clone),7,11,1.58,1.450001,0,0,False,2,0,0
2026-03-06_21.07.01,227,sign-optimization-horizontal-vertical_scenario,614,190,3,-2,4,90,90,15,1,131324,AdultFemaleAgent(Clone),11,10,1.58,1.450001,0,0,False,3,0,0
2026-03-06_21.07.01,227,sign-optimization-horizontal-vertical_scenario,614,190,3,-2,4,90,90,15,1,131325,WheelchairAgent(Clone),6,12,1.3,1.17,2.46875,1,False,2,0,0
2026-03-06_21.07.01,227,sign-optimization-horizontal-vertical_scenario,614,190,3,-2,4,90,90,15,1,131326,AdultFemaleAgent(Clone),5,10,1.58,1.45,10.4082,1,True,2,1,0.5
2026-03-06_21.07.01,227,sign-optimization-horizontal-vertical_scenario,614,190,3,-2,4,90,90,15,1,131327,WheelchairAgent(Clone),7,11,1.3,1.17,1.216797,1,False,2,1,0.5
2026-03-06_21.07.01,227,sign-optimization-horizontal-vertical_scenario,614,190,3,-2,4,90,90,15,1,131328,WheelchairAgent(Clone),11,10,1.3,1.17,0,0,False,3,0,0
2026-03-06_21.07.01,227,sign-optimization-horizontal-vertical_scenario,614,190,3,-2,4,90,90,15,1,131329,WheelchairAgent(Clone),6,12,1.3,1.17,4.634766,1,False,2,1,0.5
2026-03-06_21.07.01,227,sign-optimization-horizontal-vertical_scenario,614,190,3,-2,4,90,90,15,1,131330,WheelchairAgent(Clone),5,10,1.3,1.17,10.6875,1,True,2,1,0.5
2026-03-06_21.07.01,227,sign-optimization-horizontal-vertical_scenario,614,190,3,-2,4,90,90,15,1,131331,AdultFemaleAgent(Clone),10,12,1.58,1.45,8.839844,1,False,3,0,0
2026-03-06_21.07.01,227,sign-optimization-horizontal-vertical_scenario,614,190,3,-2,4,90,90,15,1,131332,AdultFemaleAgent(Clone),7,11,1.58,1.450001,0.7646484,2,True,2,1,0.5
2026-03-06_21.07.01,227,sign-optimization-horizontal-vertical_scenario,614,190,3,-2,4,90,90,15,1,131333,WheelchairAgent(Clone),10,12,1.3,1.17,5.643555,1,False,3,0,0
2026-03-06_21.07.01,227,sign-optimization-horizontal-vertical_scenario,614,190,3,-2,4,90,90,15,1,131334,AdultFemaleAgent(Clone),11,10,1.58,1.450001,0,0,True,3,1,0.3333333
2026-03-06_21.07.01,227,sign-optimization-horizontal-vertical_scenario,614,190,3,-2,4,90,90,15,1,131335,AdultMaleAgent(Clone),6,12,1.71,1.58,8.921875,1,False,2,1,0.5
2026-03-06_21.07.01,227,sign-optimization-horizontal-vertical_scenario,614,190,3,-2,4,90,90,15,1,131336,AdultFemaleAgent(Clone),11,10,1.58,1.450001,8.921875,1,True,3,1,0.3333333
2026-03-06_21.07.01,227,sign-optimization-horizontal-vertical_scenario,614,190,3,-2,4,90,90,15,1,131337,AdultMaleAgent(Clone),7,11,1.71,1.58,0,0,False,2,0,0
2026-03-06_21.07.01,227,sign-optimization-horizontal-vertical_scenario,614,190,3,-2,4,90,90,15,1,131338,WheelchairAgent(Clone),10,12,1.3,1.17,9.108398,1,False,3,0,0
2026-03-06_21.07.01,227,sign-optimization-horizontal-vertical_scenario,614,190,3,-2,4,90,90,15,1,131339,AdultMaleAgent(Clone),11,10,1.71,1.58,0,0,True,3,1,0.3333333
2026-03-06_21.07.01,227,sign-optimization-horizontal-vertical_scenario,614,190,3,-2,4,90,90,15,1,131340,WheelchairAgent(Clone),6,12,1.3,1.17,4.675781,1,False,2,1,0.5
2026-03-06_21.07.01,227,sign-optimization-horizontal-vertical_scenario,614,190,3,-2,4,90,90,15,1,131341,AdultFemaleAgent(Clone),10,12,1.58,1.45,8.667969,1,False,3,0,0
2026-03-06_21.07.01,227,sign-optimization-horizontal-vertical_scenario,614,190,3,-2,4,90,90,15,1,131342,AdultFemaleAgent(Clone),7,11,1.58,1.450001,0.1425781,1,False,2,1,0.5
2026-03-06_21.07.01,227,sign-optimization-horizontal-vertical_scenario,614,190,3,-2,4,90,90,15,1,131343,WheelchairAgent(Clone),6,12,1.3,1.17,7.175781,1,False,2,1,0.5
2026-03-06_21.07.01,227,sign-optimization-horizontal-vertical_scenario,614,190,3,-2,4,90,90,15,1,131344,AdultMaleAgent(Clone),7,11,1.71,1.58,0.8378906,1,False,2,1,0.5
2026-03-06_21.07.01,227,sign-optimization-horizontal-vertical_scenario,614,190,3,-2,4,90,90,15,1,131345,AdultMaleAgent(Clone),10,12,1.71,1.58,7.030273,1,False,3,0,0
2026-03-06_21.07.01,227,sign-optimization-horizontal-vertical_scenario,614,190,3,-2,4,90,90,15,1,131346,WheelchairAgent(Clone),7,11,1.3,1.17,2.101563,1,True,2,1,0.5
2026-03-06_21.07.01,227,sign-optimization-horizontal-vertical_scenario,614,190,3,-2,4,90,90,15,1,131347,AdultFemaleAgent(Clone),7,11,1.58,1.450001,0,0,False,2,0,0
2026-03-06_21.07.01,227,sign-optimization-horizontal-vertical_scenario,614,190,3,-2,4,90,90,15,1,131348,WheelchairAgent(Clone),7,11,1.3,1.17,1.336914,1,False,2,0,0
2026-03-06_21.07.01,227,sign-optimization-horizontal-vertical_scenario,614,190,3,-2,4,90,90,15,1,131349,AdultFemaleAgent(Clone),6,12,1.58,1.45,2.568359,3,False,2,0,0
2026-03-06_21.07.01,227,sign-optimization-horizontal-vertical_scenario,614,190,3,-2,4,90,90,15,1,131350,AdultMaleAgent(Clone),7,11,1.71,1.58,2.461914,1,True,2,1,0.5
2026-03-06_21.07.01,227,sign-optimization-horizontal-vertical_scenario,614,190,3,-2,4,90,90,15,1,131351,WheelchairAgent(Clone),6,12,1.3,1.17,3.464844,1,False,2,1,0.5
2026-03-06_21.07.01,227,sign-optimization-horizontal-vertical_scenario,614,190,3,-2,4,90,90,15,1,131352,AdultFemaleAgent(Clone),11,10,1.58,1.450001,8.668945,1,True,3,1,0.3333333
2026-03-06_21.07.01,227,sign-optimization-horizontal-vertical_scenario,614,190,3,-2,4,90,90,15,1,131353,WheelchairAgent(Clone),11,10,1.3,1.17,0,0,False,3,0,0
2026-03-06_21.07.01,227,sign-optimization-horizontal-vertical_scenario,614,190,3,-2,4,90,90,15,1,131354,AdultMaleAgent(Clone),6,12,1.71,1.58,0,0,False,2,0,0
2026-03-06_21.07.01,227,sign-optimization-horizontal-vertical_scenario,614,190,3,-2,4,90,90,15,1,131355,AdultMaleAgent(Clone),10,12,1.71,1.58,6.709961,1,False,3,0,0
2026-03-06_21.07.01,227,sign-optimization-horizontal-vertical_scenario,614,190,3,-2,4,90,90,15,1,131356,WheelchairAgent(Clone),10,12,1.3,1.17,6.674805,1,False,3,0,0
2026-03-06_21.07.01,227,sign-optimization-horizontal-vertical_scenario,614,190,3,-2,4,90,90,15,1,131357,AdultFemaleAgent(Clone),11,10,1.58,1.450001,0,0,False,3,0,0
2026-03-06_21.07.01,227,sign-optimization-horizontal-vertical_scenario,614,190,3,-2,4,90,90,15,1,131358,WheelchairAgent(Clone),5,10,1.3,1.17,7.610352,1,True,2,1,0.5
2026-03-06_21.07.01,227,sign-optimization-horizontal-vertical_scenario,614,190,3,-2,4,90,90,15,1,131359,WheelchairAgent(Clone),11,10,1.3,1.17,0,0,False,3,0,0
2026-03-06_21.07.01,227,sign-optimization-horizontal-vertical_scenario,614,190,3,-2,4,90,90,15,1,131360,AdultMaleAgent(Clone),7,11,1.71,1.58,0,0,False,2,0,0
2026-03-06_21.07.01,227,sign-optimization-horizontal-vertical_scenario,614,190,3,-2,4,90,90,15,1,131361,AdultFemaleAgent(Clone),5,10,1.58,1.45,9.943359,1,True,2,1,0.5
2026-03-06_21.07.01,227,sign-optimization-horizontal-vertical_scenario,614,190,3,-2,4,90,90,15,1,131362,WheelchairAgent(Clone),11,10,1.3,1.17,9.771484,1,True,3,1,0.3333333
2026-03-06_21.07.01,227,sign-optimization-horizontal-vertical_scenario,614,190,3,-2,4,90,90,15,1,131363,AdultFemaleAgent(Clone),10,12,1.58,1.45,0,0,False,3,1,0.3333333
2026-03-06_21.07.01,227,sign-optimization-horizontal-vertical_scenario,614,190,3,-2,4,90,90,15,1,131364,AdultMaleAgent(Clone),11,10,1.71,1.58,0,0,True,3,1,0.3333333
2026-03-06_21.07.01,227,sign-optimization-horizontal-vertical_scenario,614,190,3,-2,4,90,90,15,1,131365,AdultFemaleAgent(Clone),6,12,1.58,1.45,4.549805,1,False,2,1,0.5
2026-03-06_21.07.01,227,sign-optimization-horizontal-vertical_scenario,614,190,3,-2,4,90,90,15,1,131366,WheelchairAgent(Clone),7,11,1.3,1.17,0,0,False,2,0,0
2026-03-06_21.07.01,227,sign-optimization-horizontal-vertical_scenario,614,190,3,-2,4,90,90,15,1,131367,AdultMaleAgent(Clone),7,11,1.71,1.58,0,0,False,2,0,0
2026-03-06_21.07.01,227,sign-optimization-horizontal-vertical_scenario,614,190,3,-2,4,90,90,15,1,131368,AdultMaleAgent(Clone),5,10,1.71,1.58,8.955078,1,True,2,1,0.5
2026-03-06_21.07.01,227,sign-optimization-horizontal-vertical_scenario,614,190,3,-2,4,90,90,15,1,131369,AdultFemaleAgent(Clone),10,12,1.58,1.45,6.405273,1,False,3,0,0
2026-03-06_21.07.01,227,sign-optimization-horizontal-vertical_scenario,614,190,3,-2,4,90,90,15,1,131370,WheelchairAgent(Clone),7,11,1.3,1.17,0.140625,1,False,2,1,0.5
2026-03-06_21.07.01,227,sign-optimization-horizontal-vertical_scenario,614,190,3,-2,4,90,90,15,1,131371,AdultFemaleAgent(Clone),5,10,1.58,1.45,0,0,True,2,1,0.5
2026-03-06_21.07.01,227,sign-optimization-horizontal-vertical_scenario,614,190,3,-2,4,90,90,15,1,131372,WheelchairAgent(Clone),10,12,1.3,1.17,6.654297,1,False,3,0,0
2026-03-06_21.07.01,227,sign-optimization-horizontal-vertical_scenario,614,190,3,-2,4,90,90,15,1,131373,WheelchairAgent(Clone),5,10,1.3,1.17,9.65332,1,True,2,1,0.5
2026-03-06_21.07.01,227,sign-optimization-horizontal-vertical_scenario,614,190,3,-2,4,90,90,15,1,131374,AdultMaleAgent(Clone),5,10,1.71,1.58,9.986328,1,True,2,1,0.5
2026-03-06_21.07.01,227,sign-optimization-horizontal-vertical_scenario,614,190,3,-2,4,90,90,15,1,131375,WheelchairAgent(Clone),5,10,1.3,1.17,0,0,True,2,1,0.5
2026-03-06_21.07.01,227,sign-optimization-horizontal-vertical_scenario,614,190,3,-2,4,90,90,15,1,131376,AdultFemaleAgent(Clone),6,12,1.58,1.45,4.816406,1,False,2,1,0.5
2026-03-06_21.07.01,227,sign-optimization-horizontal-vertical_scenario,614,190,3,-2,4,90,90,15,1,131377,AdultMaleAgent(Clone),6,12,1.71,1.58,4.594727,1,False,2,1,0.5
2026-03-06_21.07.01,227,sign-optimization-horizontal-vertical_scenario,614,190,3,-2,4,90,90,15,1,131378,WheelchairAgent(Clone),5,10,1.3,1.17,10.89746,1,True,2,1,0.5
2026-03-06_21.07.01,227,sign-optimization-horizontal-vertical_scenario,614,190,3,-2,4,90,90,15,1,131379,AdultMaleAgent(Clone),10,12,1.71,1.58,6.407227,1,False,3,0,0
2026-03-06_21.07.01,227,sign-optimization-horizontal-vertical_scenario,614,190,3,-2,4,90,90,15,1,131380,AdultMaleAgent(Clone),7,11,1.71,1.58,0,0,False,2,0,0
2026-03-06_21.07.01,227,sign-optimization-horizontal-vertical_scenario,614,190,3,-2,4,90,90,15,1,131381,WheelchairAgent(Clone),6,12,1.3,1.17,5.816406,1,False,2,1,0.5
2026-03-06_21.07.01,227,sign-optimization-horizontal-vertical_scenario,614,190,3,-2,4,90,90,15,1,131382,AdultFemaleAgent(Clone),11,10,1.58,1.450001,0,0,False,3,0,0
2026-03-06_21.07.01,227,sign-optimization-horizontal-vertical_scenario,614,190,3,-2,4,90,90,15,1,131383,WheelchairAgent(Clone),10,12,1.3,1.17,5.560547,1,False,3,0,0
2026-03-06_21.07.01,227,sign-optimization-horizontal-vertical_scenario,614,190,3,-2,4,90,90,15,1,131384,WheelchairAgent(Clone),7,11,1.3,1.17,0.7724609,1,False,2,1,0.5
2026-03-06_21.07.01,227,sign-optimization-horizontal-vertical_scenario,614,190,3,-2,4,90,90,15,1,131385,WheelchairAgent(Clone),6,12,1.3,1.17,5.256836,1,False,2,0,0
2026-03-06_21.07.01,227,sign-optimization-horizontal-vertical_scenario,614,190,3,-2,4,90,90,15,1,131386,AdultFemaleAgent(Clone),5,10,1.58,1.45,0,0,True,2,1,0.5
2026-03-06_21.07.01,227,sign-optimization-horizontal-vertical_scenario,614,190,3,-2,4,90,90,15,1,131387,AdultFemaleAgent(Clone),6,12,1.58,1.45,4.339844,1,False,2,1,0.5
2026-03-06_21.07.01,227,sign-optimization-horizontal-vertical_scenario,614,190,3,-2,4,90,90,15,1,131388,WheelchairAgent(Clone),5,10,1.3,1.17,10.21191,1,True,2,1,0.5
2026-03-06_21.07.01,227,sign-optimization-horizontal-vertical_scenario,614,190,3,-2,4,90,90,15,1,131389,AdultMaleAgent(Clone),11,10,1.71,1.58,0,0,False,3,0,0
2026-03-06_21.07.01,227,sign-optimization-horizontal-vertical_scenario,614,190,3,-2,4,90,90,15,1,131390,AdultFemaleAgent(Clone),5,10,1.58,1.45,0,0,True,2,1,0.5
2026-03-06_21.07.01,227,sign-optimization-horizontal-vertical_scenario,614,190,3,-2,4,90,90,15,1,131391,AdultFemaleAgent(Clone),10,12,1.58,1.45,7.667969,1,False,3,0,0
2026-03-06_21.07.01,227,sign-optimization-horizontal-vertical_scenario,614,190,3,-2,4,90,90,15,1,131392,AdultMaleAgent(Clone),5,10,1.71,1.58,9.554688,1,True,2,1,0.5
2026-03-06_21.07.01,227,sign-optimization-horizontal-vertical_scenario,614,190,3,-2,4,90,90,15,1,131393,WheelchairAgent(Clone),7,11,1.3,1.17,1.416992,1,False,2,1,0.5
2026-03-06_21.07.01,227,sign-optimization-horizontal-vertical_scenario,614,190,3,-2,4,90,90,15,1,131394,AdultMaleAgent(Clone),11,10,1.71,1.58,0,0,False,3,0,0
2026-03-06_21.07.01,227,sign-optimization-horizontal-vertical_scenario,614,190,3,-2,4,90,90,15,1,131395,AdultMaleAgent(Clone),5,10,1.71,1.58,0,0,True,2,1,0.5
2026-03-06_21.07.01,227,sign-optimization-horizontal-vertical_scenario,614,190,3,-2,4,90,90,15,1,131396,AdultMaleAgent(Clone),11,10,1.71,1.58,9.100586,1,True,3,1,0.3333333
2026-03-06_21.07.01,227,sign-optimization-horizontal-vertical_scenario,614,190,3,-2,4,90,90,15,1,131397,AdultMaleAgent(Clone),6,12,1.71,1.58,5.827148,1,False,2,1,0.5
2026-03-06_21.07.01,227,sign-optimization-horizontal-vertical_scenario,614,190,3,-2,4,90,90,15,1,131398,WheelchairAgent(Clone),5,10,1.3,1.17,0,0,True,2,1,0.5
2026-03-06_21.07.01,227,sign-optimization-horizontal-vertical_scenario,614,190,3,-2,4,90,90,15,1,131399,WheelchairAgent(Clone),6,12,1.3,1.17,6.338867,1,False,2,1,0.5
2026-03-06_21.07.01,227,sign-optimization-horizontal-vertical_scenario,614,190,3,-2,4,90,90,15,1,131400,WheelchairAgent(Clone),5,10,1.3,1.17,8.871094,1,True,2,1,0.5
2026-03-06_21.07.01,227,sign-optimization-horizontal-vertical_scenario,614,190,3,-2,4,90,90,15,1,131401,WheelchairAgent(Clone),11,10,1.3,1.17,0,0,False,3,0,0
2026-03-06_21.07.01,227,sign-optimization-horizontal-vertical_scenario,614,190,3,-2,4,90,90,15,1,131402,AdultMaleAgent(Clone),6,12,1.71,1.58,2.839844,1,False,2,1,0.5
2026-03-06_21.07.01,227,sign-optimization-horizontal-vertical_scenario,614,190,3,-2,4,90,90,15,1,131403,AdultFemaleAgent(Clone),6,12,1.58,1.45,5.615234,1,False,2,1,0.5
2026-03-06_21.07.01,227,sign-optimization-horizontal-vertical_scenario,614,190,3,-2,4,90,90,15,1,131404,AdultFemaleAgent(Clone),7,11,1.58,1.450001,0,0,False,2,0,0
2026-03-06_21.07.01,227,sign-optimization-horizontal-vertical_scenario,614,190,3,-2,4,90,90,15,1,131405,AdultFemaleAgent(Clone),11,10,1.58,1.450001,0,0,True,3,1,0.3333333
2026-03-06_21.07.01,227,sign-optimization-horizontal-vertical_scenario,614,190,3,-2,4,90,90,15,1,131406,AdultMaleAgent(Clone),6,12,1.71,1.58,7.326172,1,False,2,1,0.5
2026-03-06_21.07.01,227,sign-optimization-horizontal-vertical_scenario,614,190,3,-2,4,90,90,15,1,131407,WheelchairAgent(Clone),6,12,1.3,1.17,2.615234,1,False,2,0,0
2026-03-06_21.07.01,227,sign-optimization-horizontal-vertical_scenario,614,190,3,-2,4,90,90,15,1,131408,WheelchairAgent(Clone),5,10,1.3,1.17,0,0,True,2,1,0.5
2026-03-06_21.07.01,227,sign-optimization-horizontal-vertical_scenario,614,190,3,-2,4,90,90,15,1,131409,AdultFemaleAgent(Clone),6,12,1.58,1.45,0,0,False,2,0,0
2026-03-06_21.07.01,227,sign-optimization-horizontal-vertical_scenario,614,190,3,-2,4,90,90,15,1,131410,AdultMaleAgent(Clone),7,11,1.71,1.58,0,0,False,2,0,0
2026-03-06_21.07.01,227,sign-optimization-horizontal-vertical_scenario,614,190,3,-2,4,90,90,15,1,131411,AdultMaleAgent(Clone),7,11,1.71,1.58,0,0,False,2,0,0
2026-03-06_21.07.01,227,sign-optimization-horizontal-vertical_scenario,614,190,3,-2,4,90,90,15,1,131412,AdultFemaleAgent(Clone),6,12,1.58,1.45,4.388672,1,False,2,1,0.5
2026-03-06_21.07.01,227,sign-optimization-horizontal-vertical_scenario,614,190,3,-2,4,90,90,15,1,131413,AdultMaleAgent(Clone),6,12,1.71,1.58,2.750977,1,False,2,1,0.5
2026-03-06_21.07.01,227,sign-optimization-horizontal-vertical_scenario,614,190,3,-2,4,90,90,15,1,131414,AdultFemaleAgent(Clone),11,10,1.58,1.450001,0,0,False,3,1,0.3333333
2026-03-06_21.07.01,227,sign-optimization-horizontal-vertical_scenario,614,190,3,-2,4,90,90,15,1,131415,AdultFemaleAgent(Clone),10,12,1.58,1.45,0,0,False,3,0,0
2026-03-06_21.07.01,227,sign-optimization-horizontal-vertical_scenario,614,190,3,-2,4,90,90,15,1,131416,WheelchairAgent(Clone),6,12,1.3,1.17,3.753906,1,False,2,1,0.5
2026-03-06_21.07.01,227,sign-optimization-horizontal-vertical_scenario,614,190,3,-2,4,90,90,15,1,131417,AdultMaleAgent(Clone),11,10,1.71,1.58,0,0,False,3,0,0
2026-03-06_21.07.01,227,sign-optimization-horizontal-vertical_scenario,614,190,3,-2,4,90,90,15,1,131418,AdultFemaleAgent(Clone),10,12,1.58,1.45,6.029297,1,False,3,0,0
2026-03-06_21.07.01,227,sign-optimization-horizontal-vertical_scenario,614,190,3,-2,4,90,90,15,1,131419,AdultFemaleAgent(Clone),5,10,1.58,1.45,0,0,True,2,1,0.5
2026-03-06_21.07.01,227,sign-optimization-horizontal-vertical_scenario,614,190,3,-2,4,90,90,15,1,131420,AdultMaleAgent(Clone),10,12,1.71,1.58,0,0,False,3,0,0
2026-03-06_21.07.01,227,sign-optimization-horizontal-vertical_scenario,614,190,3,-2,4,90,90,15,1,131421,AdultMaleAgent(Clone),7,11,1.71,1.58,0,0,False,2,0,0
2026-03-06_21.07.01,227,sign-optimization-horizontal-vertical_scenario,614,190,3,-2,4,90,90,15,1,131422,WheelchairAgent(Clone),6,12,1.3,1.17,6.675781,1,False,2,1,0.5
2026-03-06_21.07.01,227,sign-optimization-horizontal-vertical_scenario,614,190,3,-2,4,90,90,15,1,131423,AdultFemaleAgent(Clone),11,10,1.58,1.450001,0,0,True,3,1,0.3333333
2026-03-06_21.07.01,227,sign-optimization-horizontal-vertical_scenario,614,190,3,-2,4,90,90,15,1,131424,AdultMaleAgent(Clone),5,10,1.71,1.58,0,0,True,2,1,0.5
2026-03-06_21.07.01,227,sign-optimization-horizontal-vertical_scenario,614,190,3,-2,4,90,90,15,1,131425,AdultFemaleAgent(Clone),7,11,1.58,1.450001,1.339844,1,False,2,1,0.5
2026-03-06_21.07.01,227,sign-optimization-horizontal-vertical_scenario,614,190,3,-2,4,90,90,15,1,131426,AdultFemaleAgent(Clone),5,10,1.58,1.45,0,0,True,2,1,0.5
2026-03-06_21.07.01,227,sign-optimization-horizontal-vertical_scenario,614,190,3,-2,4,90,90,15,1,131427,AdultFemaleAgent(Clone),5,10,1.58,1.45,0,0,True,2,1,0.5
2026-03-06_21.07.01,227,sign-optimization-horizontal-vertical_scenario,614,190,3,-2,4,90,90,15,1,131428,AdultMaleAgent(Clone),6,12,1.71,1.58,0,0,False,2,0,0
2026-03-06_21.07.01,227,sign-optimization-horizontal-vertical_scenario,614,190,3,-2,4,90,90,15,1,131429,AdultFemaleAgent(Clone),11,10,1.58,1.450001,0,0,False,3,0,0
2026-03-06_21.07.01,227,sign-optimization-horizontal-vertical_scenario,614,190,3,-2,4,90,90,15,1,131430,AdultMaleAgent(Clone),6,12,1.71,1.58,3.160156,1,False,2,1,0.5
2026-03-06_21.07.01,227,sign-optimization-horizontal-vertical_scenario,614,190,3,-2,4,90,90,15,1,131431,AdultMaleAgent(Clone),7,11,1.71,1.58,0,0,False,2,0,0
2026-03-06_21.07.01,227,sign-optimization-horizontal-vertical_scenario,614,190,3,-2,4,90,90,15,1,131432,WheelchairAgent(Clone),11,10,1.3,1.17,0,0,False,3,0,0
2026-03-06_21.07.01,227,sign-optimization-horizontal-vertical_scenario,614,190,3,-2,4,90,90,15,1,131433,AdultMaleAgent(Clone),5,10,1.71,1.58,0,0,True,2,1,0.5
2026-03-06_21.07.01,227,sign-optimization-horizontal-vertical_scenario,614,190,3,-2,4,90,90,15,1,131434,AdultFemaleAgent(Clone),6,12,1.58,1.45,0,0,False,2,0,0
2026-03-06_21.07.01,227,sign-optimization-horizontal-vertical_scenario,614,190,3,-2,4,90,90,15,1,131435,WheelchairAgent(Clone),7,11,1.3,1.17,0,0,False,2,0,0
2026-03-06_21.07.01,227,sign-optimization-horizontal-vertical_scenario,614,190,3,-2,4,90,90,15,1,131436,AdultFemaleAgent(Clone),6,12,1.58,1.45,0,0,False,2,1,0.5
2026-03-06_21.07.01,227,sign-optimization-horizontal-vertical_scenario,614,190,3,-2,4,90,90,15,1,131437,AdultMaleAgent(Clone),10,12,1.71,1.58,0,0,False,3,0,0
2026-03-06_21.07.01,227,sign-optimization-horizontal-vertical_scenario,614,190,3,-2,4,90,90,15,1,131438,WheelchairAgent(Clone),11,10,1.3,1.17,0,0,False,3,0,0
2026-03-06_21.07.01,227,sign-optimization-horizontal-vertical_scenario,614,190,3,-2,4,90,90,15,1,131439,WheelchairAgent(Clone),6,12,1.3,1.17,4.426758,1,False,2,1,0.5
2026-03-06_21.07.01,227,sign-optimization-horizontal-vertical_scenario,614,190,3,-2,4,90,90,15,1,131440,WheelchairAgent(Clone),5,10,1.3,1.17,0,0,True,2,1,0.5
2026-03-06_21.07.01,227,sign-optimization-horizontal-vertical_scenario,614,190,3,-2,4,90,90,15,1,131441,AdultMaleAgent(Clone),10,12,1.71,1.58,0,0,False,3,0,0
2026-03-06_21.07.01,227,sign-optimization-horizontal-vertical_scenario,614,190,3,-2,4,90,90,15,1,131442,WheelchairAgent(Clone),6,12,1.3,1.17,2.681641,1,False,2,0,0
2026-03-06_21.07.01,227,sign-optimization-horizontal-vertical_scenario,614,190,3,-2,4,90,90,15,1,131443,WheelchairAgent(Clone),5,10,1.3,1.17,0,0,True,2,1,0.5
2026-03-06_21.07.01,227,sign-optimization-horizontal-vertical_scenario,614,190,3,-2,4,90,90,15,1,131444,WheelchairAgent(Clone),11,10,1.3,1.17,0,0,False,3,1,0.3333333
2026-03-06_21.07.01,227,sign-optimization-horizontal-vertical_scenario,614,190,3,-2,4,90,90,15,1,131445,WheelchairAgent(Clone),6,12,1.3,1.17,0,0,False,2,0,0
2026-03-06_21.07.01,227,sign-optimization-horizontal-vertical_scenario,614,190,3,-2,4,90,90,15,1,131446,WheelchairAgent(Clone),11,10,1.3,1.17,0,0,False,3,0,0
2026-03-06_21.07.01,227,sign-optimization-horizontal-vertical_scenario,614,190,3,-2,4,90,90,15,1,131447,AdultMaleAgent(Clone),10,12,1.71,1.58,0,0,False,3,0,0
2026-03-06_21.07.01,227,sign-optimization-horizontal-vertical_scenario,614,190,3,-2,4,90,90,15,1,131448,WheelchairAgent(Clone),5,10,1.3,1.17,0,0,True,2,1,0.5
2026-03-06_21.07.01,227,sign-optimization-horizontal-vertical_scenario,614,190,3,-2,4,90,90,15,1,131449,AdultMaleAgent(Clone),7,11,1.71,1.58,0,0,False,2,0,0
2026-03-06_21.07.01,227,sign-optimization-horizontal-vertical_scenario,614,190,3,-2,4,90,90,15,1,131450,AdultMaleAgent(Clone),7,11,1.71,1.58,0,0,False,2,0,0
2026-03-06_21.07.01,227,sign-optimization-horizontal-vertical_scenario,614,190,3,-2,4,90,90,15,1,131451,AdultFemaleAgent(Clone),10,12,1.58,1.45,0,0,False,3,0,0
2026-03-06_21.07.01,227,sign-optimization-horizontal-vertical_scenario,614,190,3,-2,4,90,90,15,1,131452,AdultMaleAgent(Clone),5,10,1.71,1.58,0,0,True,2,1,0.5
2026-03-06_21.07.01,227,sign-optimization-horizontal-vertical_scenario,614,190,3,-2,4,90,90,15,1,131453,WheelchairAgent(Clone),11,10,1.3,1.17,0,0,True,3,1,0.3333333
2026-03-06_21.07.01,227,sign-optimization-horizontal-vertical_scenario,614,190,3,-2,4,90,90,15,1,131454,WheelchairAgent(Clone),10,12,1.3,1.17,0,0,False,3,0,0
2026-03-06_21.07.01,227,sign-optimization-horizontal-vertical_scenario,614,190,3,-2,4,90,90,15,1,131455,WheelchairAgent(Clone),11,10,1.3,1.17,0,0,False,3,0,0
2026-03-06_21.07.01,227,sign-optimization-horizontal-vertical_scenario,614,190,3,-2,4,90,90,15,1,131456,WheelchairAgent(Clone),10,12,1.3,1.17,0,0,False,3,0,0
2026-03-06_21.07.01,227,sign-optimization-horizontal-vertical_scenario,614,190,3,-2,4,90,90,15,1,131457,AdultMaleAgent(Clone),10,12,1.71,1.58,0,0,False,3,0,0
2026-03-06_21.07.01,227,sign-optimization-horizontal-vertical_scenario,614,190,3,-2,4,90,90,15,1,131458,AdultMaleAgent(Clone),5,10,1.71,1.58,0,0,True,2,1,0.5
2026-03-06_21.07.01,227,sign-optimization-horizontal-vertical_scenario,614,190,3,-2,4,90,90,15,1,131459,AdultFemaleAgent(Clone),10,12,1.58,1.45,0,0,False,3,0,0
2026-03-06_21.07.01,227,sign-optimization-horizontal-vertical_scenario,614,190,3,-2,4,90,90,15,1,131460,AdultMaleAgent(Clone),10,12,1.71,1.58,0,0,False,3,0,0
2026-03-06_21.07.01,227,sign-optimization-horizontal-vertical_scenario,614,190,3,-2,4,90,90,15,1,131461,WheelchairAgent(Clone),11,10,1.3,1.17,0,0,False,3,1,0.3333333
2026-03-06_21.07.01,227,sign-optimization-horizontal-vertical_scenario,614,190,3,-2,4,90,90,15,1,131462,AdultMaleAgent(Clone),10,12,1.71,1.58,0,0,False,3,0,0
2026-03-06_21.07.01,227,sign-optimization-horizontal-vertical_scenario,614,190,3,-2,4,90,90,15,1,131463,AdultFemaleAgent(Clone),11,10,1.58,1.450001,0,0,False,3,0,0
2026-03-06_21.07.01,227,sign-optimization-horizontal-vertical_scenario,614,190,3,-2,4,90,90,15,1,131464,AdultMaleAgent(Clone),7,11,1.71,1.58,0,0,False,2,0,0
2026-03-06_21.07.01,227,sign-optimization-horizontal-vertical_scenario,614,190,3,-2,4,90,90,15,1,131465,AdultMaleAgent(Clone),6,12,1.71,1.58,0,0,False,2,1,0.5
2026-03-06_21.07.01,227,sign-optimization-horizontal-vertical_scenario,614,190,3,-2,4,90,90,15,1,131466,WheelchairAgent(Clone),11,10,1.3,1.17,0,0,True,3,1,0.3333333
2026-03-06_21.07.01,227,sign-optimization-horizontal-vertical_scenario,614,190,3,-2,4,90,90,15,1,131467,WheelchairAgent(Clone),5,10,1.3,1.17,0,0,True,2,1,0.5
2026-03-06_21.07.01,227,sign-optimization-horizontal-vertical_scenario,614,190,3,-2,4,90,90,15,1,131468,AdultMaleAgent(Clone),5,10,1.71,1.58,0,0,True,2,1,0.5
2026-03-06_21.07.01,227,sign-optimization-horizontal-vertical_scenario,614,190,3,-2,4,90,90,15,1,131469,WheelchairAgent(Clone),11,10,1.3,1.17,0,0,False,3,1,0.3333333
2026-03-06_21.07.01,227,sign-optimization-horizontal-vertical_scenario,614,190,3,-2,4,90,90,15,1,131470,AdultMaleAgent(Clone),7,11,1.71,1.58,0,0,False,2,0,0
2026-03-06_21.07.01,227,sign-optimization-horizontal-vertical_scenario,614,190,3,-2,4,90,90,15,1,131471,AdultMaleAgent(Clone),11,10,1.71,1.58,0,0,False,3,1,0.3333333
2026-03-06_21.07.01,227,sign-optimization-horizontal-vertical_scenario,614,190,3,-2,4,90,90,15,1,131472,AdultMaleAgent(Clone),7,11,1.71,1.58,0,0,False,2,0,0
2026-03-06_21.07.01,227,sign-optimization-horizontal-vertical_scenario,614,190,3,-2,4,90,90,15,1,131473,AdultFemaleAgent(Clone),5,10,1.58,1.45,0,0,False,2,1,0.5
2026-03-06_21.07.01,227,sign-optimization-horizontal-vertical_scenario,614,190,3,-2,4,90,90,15,1,131474,AdultMaleAgent(Clone),11,10,1.71,1.58,0,0,False,3,0,0
2026-03-06_21.07.01,227,sign-optimization-horizontal-vertical_scenario,614,190,3,-2,4,90,90,15,1,131475,AdultFemaleAgent(Clone),5,10,1.58,1.45,0,0,False,2,0,0
2026-03-06_21.07.01,227,sign-optimization-horizontal-vertical_scenario,614,190,3,-2,4,90,90,15,1,131476,AdultFemaleAgent(Clone),7,11,1.58,1.450001,0,0,False,2,0,0
2026-03-06_21.07.01,227,sign-optimization-horizontal-vertical_scenario,614,190,3,-2,4,90,90,15,1,131477,AdultMaleAgent(Clone),10,12,1.71,1.58,0,0,False,3,0,0
2026-03-06_21.07.01,227,sign-optimization-horizontal-vertical_scenario,614,190,3,-2,4,90,90,15,1,131478,AdultFemaleAgent(Clone),10,12,1.58,1.45,0,0,False,3,0,0
2026-03-06_21.07.01,227,sign-optimization-horizontal-vertical_scenario,614,190,3,-2,4,90,90,15,1,131479,AdultMaleAgent(Clone),7,11,1.71,1.58,0,0,False,2,0,0
2026-03-06_21.07.01,227,sign-optimization-horizontal-vertical_scenario,614,190,3,-2,4,90,90,15,1,131480,AdultMaleAgent(Clone),11,10,1.71,1.58,0,0,False,3,0,0
2026-03-06_21.07.01,227,sign-optimization-horizontal-vertical_scenario,614,190,3,-2,4,90,90,15,1,131481,AdultMaleAgent(Clone),11,10,1.71,1.58,0,0,False,3,0,0
2026-03-06_21.07.01,227,sign-optimization-horizontal-vertical_scenario,614,190,3,-2,4,90,90,15,1,131482,AdultFemaleAgent(Clone),10,12,1.58,1.45,0,0,False,3,0,0
2026-03-06_21.07.01,227,sign-optimization-horizontal-vertical_scenario,614,190,3,-2,4,90,90,15,1,131483,WheelchairAgent(Clone),6,12,1.3,1.17,0,0,False,2,0,0
2026-03-06_21.07.01,227,sign-optimization-horizontal-vertical_scenario,614,190,3,-2,4,90,90,15,1,131484,WheelchairAgent(Clone),11,10,1.3,1.17,0,0,False,3,0,0
2026-03-06_21.07.01,227,sign-optimization-horizontal-vertical_scenario,614,190,3,-2,4,90,90,15,1,131485,AdultFemaleAgent(Clone),6,12,1.58,1.45,0,0,False,2,0,0
2026-03-06_21.07.01,227,sign-optimization-horizontal-vertical_scenario,614,190,3,-2,4,90,90,15,1,131486,WheelchairAgent(Clone),7,11,1.3,1.17,0,0,False,2,0,0
2026-03-06_21.07.01,227,sign-optimization-horizontal-vertical_scenario,614,190,3,-2,4,90,90,15,1,131487,AdultMaleAgent(Clone),7,11,1.71,1.58,1.255859,1,False,2,1,0.5
2026-03-06_21.07.01,227,sign-optimization-horizontal-vertical_scenario,614,190,3,-2,4,90,90,15,1,131488,AdultFemaleAgent(Clone),7,11,1.58,1.450001,0,0,False,2,0,0
2026-03-06_21.07.01,227,sign-optimization-horizontal-vertical_scenario,614,190,3,-2,4,90,90,15,1,131489,AdultFemaleAgent(Clone),11,10,1.58,1.450001,0,0,False,3,0,0
2026-03-06_21.07.01,227,sign-optimization-horizontal-vertical_scenario,614,190,3,-2,4,90,90,15,1,131490,AdultMaleAgent(Clone),11,10,1.71,1.58,0,0,False,3,0,0
2026-03-06_21.07.01,227,sign-optimization-horizontal-vertical_scenario,614,190,3,-2,4,90,90,15,1,131491,AdultFemaleAgent(Clone),10,12,1.58,1.45,0,0,False,3,0,0
2026-03-06_21.07.01,227,sign-optimization-horizontal-vertical_scenario,614,190,3,-2,4,90,90,15,1,131492,AdultFemaleAgent(Clone),5,10,1.58,1.45,0,0,False,2,0,0
2026-03-06_21.07.01,227,sign-optimization-horizontal-vertical_scenario,614,190,3,-2,4,90,90,15,1,131493,WheelchairAgent(Clone),6,12,1.3,1.17,0,0,False,2,0,0
2026-03-06_21.07.01,227,sign-optimization-horizontal-vertical_scenario,614,190,3,-2,4,90,90,15,1,131494,AdultFemaleAgent(Clone),5,10,1.58,1.45,0,0,False,2,0,0
2026-03-06_21.07.01,227,sign-optimization-horizontal-vertical_scenario,614,190,3,-2,4,90,90,15,1,131495,WheelchairAgent(Clone),7,11,1.3,1.17,1.137695,1,False,2,1,0.5
2026-03-06_21.07.01,227,sign-optimization-horizontal-vertical_scenario,614,190,3,-2,4,90,90,15,1,131496,AdultMaleAgent(Clone),5,10,1.71,1.58,0,0,False,2,0,0
2026-03-06_21.07.01,227,sign-optimization-horizontal-vertical_scenario,614,190,3,-2,4,90,90,15,1,131497,WheelchairAgent(Clone),10,12,1.3,1.17,0,0,False,3,0,0
2026-03-06_21.07.01,227,sign-optimization-horizontal-vertical_scenario,614,190,3,-2,4,90,90,15,1,131498,WheelchairAgent(Clone),5,10,1.3,1.17,0,0,False,2,0,0
2026-03-06_21.07.01,227,sign-optimization-horizontal-vertical_scenario,614,190,3,-2,4,90,90,15,1,131499,AdultMaleAgent(Clone),11,10,1.71,1.58,0,0,False,3,0,0
2026-03-06_21.07.01,227,sign-optimization-horizontal-vertical_scenario,614,190,3,-2,4,90,90,15,1,131500,AdultMaleAgent(Clone),11,10,1.71,1.58,0,0,False,3,0,0
2026-03-06_21.07.01,227,sign-optimization-horizontal-vertical_scenario,614,190,3,-2,4,90,90,15,1,131501,AdultMaleAgent(Clone),7,11,1.71,1.58,0,0,False,2,0,0
2026-03-06_21.07.01,227,sign-optimization-horizontal-vertical_scenario,614,190,3,-2,4,90,90,15,1,131502,WheelchairAgent(Clone),7,11,1.3,1.17,0,0,False,2,0,0
2026-03-06_21.07.01,227,sign-optimization-horizontal-vertical_scenario,614,190,3,-2,4,90,90,15,1,131503,AdultMaleAgent(Clone),5,10,1.71,1.58,0,0,False,2,0,0
2026-03-06_21.07.01,227,sign-optimization-horizontal-vertical_scenario,614,190,3,-2,4,90,90,15,1,131504,WheelchairAgent(Clone),10,12,1.3,1.17,0,0,False,3,0,0
2026-03-06_21.07.01,227,sign-optimization-horizontal-vertical_scenario,614,190,3,-2,4,90,90,15,1,131505,WheelchairAgent(Clone),5,10,1.3,1.17,0,0,False,2,0,0
2026-03-06_21.07.01,227,sign-optimization-horizontal-vertical_scenario,614,190,3,-2,4,90,90,15,1,131506,AdultFemaleAgent(Clone),11,10,1.58,1.450001,0,0,False,3,0,0
2026-03-06_21.07.01,227,sign-optimization-horizontal-vertical_scenario,614,190,3,-2,4,90,90,15,1,131507,WheelchairAgent(Clone),6,12,1.3,1.17,0,0,False,2,0,0
2026-03-06_21.07.01,227,sign-optimization-horizontal-vertical_scenario,614,190,3,-2,4,90,90,15,1,131508,WheelchairAgent(Clone),6,12,1.3,1.17,0,0,False,2,0,0
2026-03-06_21.07.01,227,sign-optimization-horizontal-vertical_scenario,614,190,3,-2,4,90,90,15,1,131509,WheelchairAgent(Clone),5,10,1.3,1.17,0,0,False,2,0,0
2026-03-06_21.07.01,227,sign-optimization-horizontal-vertical_scenario,614,190,3,-2,4,90,90,15,1,131510,AdultFemaleAgent(Clone),6,12,1.58,1.45,0,0,False,2,0,0
2026-03-06_21.07.01,227,sign-optimization-horizontal-vertical_scenario,614,190,3,-2,4,90,90,15,1,131511,AdultFemaleAgent(Clone),6,12,1.58,1.45,0,0,False,2,0,0
2026-03-06_21.07.01,227,sign-optimization-horizontal-vertical_scenario,614,190,3,-2,4,90,90,15,1,131512,AdultMaleAgent(Clone),5,10,1.71,1.58,0,0,False,2,0,0
2026-03-06_21.07.01,227,sign-optimization-horizontal-vertical_scenario,614,190,3,-2,4,90,90,15,1,131513,AdultFemaleAgent(Clone),11,10,1.58,1.450001,0,0,False,3,0,0
2026-03-06_21.07.01,227,sign-optimization-horizontal-vertical_scenario,614,190,3,-2,4,90,90,15,1,131514,AdultFemaleAgent(Clone),6,12,1.58,1.45,0,0,False,2,0,0
2026-03-06_21.07.01,227,sign-optimization-horizontal-vertical_scenario,614,190,3,-2,4,90,90,15,1,131515,WheelchairAgent(Clone),7,11,1.3,1.17,0,0,False,2,0,0
2026-03-06_21.07.01,227,sign-optimization-horizontal-vertical_scenario,614,190,3,-2,4,90,90,15,1,131516,AdultMaleAgent(Clone),11,10,1.71,1.58,0,0,False,3,0,0
2026-03-06_21.07.01,227,sign-optimization-horizontal-vertical_scenario,614,190,3,-2,4,90,90,15,1,131517,AdultMaleAgent(Clone),11,10,1.71,1.58,0,0,False,3,0,0
2026-03-06_21.07.01,227,sign-optimization-horizontal-vertical_scenario,614,190,3,-2,4,90,90,15,1,131518,WheelchairAgent(Clone),5,10,1.3,1.17,0,0,False,2,0,0
2026-03-06_21.07.01,227,sign-optimization-horizontal-vertical_scenario,614,190,3,-2,4,90,90,15,1,131519,AdultFemaleAgent(Clone),11,10,1.58,1.450001,0,0,False,3,0,0
2026-03-06_21.07.01,227,sign-optimization-horizontal-vertical_scenario,614,190,3,-2,4,90,90,15,1,131520,AdultMaleAgent(Clone),7,11,1.71,1.58,0,0,False,2,0,0
2026-03-06_21.07.01,227,sign-optimization-horizontal-vertical_scenario,614,190,3,-2,4,90,90,15,1,131521,AdultFemaleAgent(Clone),5,10,1.58,1.45,0,0,False,2,0,0
2026-03-06_21.07.01,227,sign-optimization-horizontal-vertical_scenario,614,190,3,-2,4,90,90,15,1,131522,WheelchairAgent(Clone),7,11,1.3,1.17,0,0,False,2,0,0
2026-03-06_21.07.01,227,sign-optimization-horizontal-vertical_scenario,614,190,3,-2,4,90,90,15,1,131523,AdultMaleAgent(Clone),10,12,1.71,1.58,0,0,False,3,0,0
2026-03-06_21.07.01,227,sign-optimization-horizontal-vertical_scenario,614,190,3,-2,4,90,90,15,1,131524,AdultMaleAgent(Clone),6,12,1.71,1.58,0,0,False,2,0,0
2026-03-06_21.07.01,227,sign-optimization-horizontal-vertical_scenario,614,190,3,-2,4,90,90,15,1,131525,WheelchairAgent(Clone),7,11,1.3,1.17,0,0,False,2,0,0
2026-03-06_21.07.01,227,sign-optimization-horizontal-vertical_scenario,614,190,3,-2,4,90,90,15,1,131526,WheelchairAgent(Clone),10,12,1.3,1.17,0,0,False,3,0,0
2026-03-06_21.07.01,227,sign-optimization-horizontal-vertical_scenario,614,190,3,-2,4,90,90,15,1,131527,AdultMaleAgent(Clone),6,12,1.71,1.58,0,0,False,2,0,0
2026-03-06_21.07.01,227,sign-optimization-horizontal-vertical_scenario,614,190,3,-2,4,90,90,15,1,131528,AdultFemaleAgent(Clone),7,11,1.58,1.450001,0,0,False,2,0,0
2026-03-06_21.07.01,227,sign-optimization-horizontal-vertical_scenario,614,190,3,-2,4,90,90,15,1,131529,AdultFemaleAgent(Clone),10,12,1.58,1.45,0,0,False,3,0,0
2026-03-06_21.07.01,227,sign-optimization-horizontal-vertical_scenario,614,190,3,-2,4,90,90,15,1,131530,AdultMaleAgent(Clone),10,12,1.71,1.58,0,0,False,3,0,0
2026-03-06_21.07.01,227,sign-optimization-horizontal-vertical_scenario,614,190,3,-2,4,90,90,15,1,131531,AdultFemaleAgent(Clone),11,10,1.58,1.450001,0,0,False,3,0,0
2026-03-06_21.07.01,227,sign-optimization-horizontal-vertical_scenario,614,190,3,-2,4,90,90,15,1,131532,AdultFemaleAgent(Clone),6,12,1.58,1.45,0,0,False,2,0,0
2026-03-06_21.07.01,227,sign-optimization-horizontal-vertical_scenario,614,190,3,-2,4,90,90,15,1,131533,AdultMaleAgent(Clone),6,12,1.71,1.58,0,0,False,2,0,0
2026-03-06_21.07.01,227,sign-optimization-horizontal-vertical_scenario,614,190,3,-2,4,90,90,15,1,131534,AdultMaleAgent(Clone),10,12,1.71,1.58,0,0,False,3,0,0
2026-03-06_21.07.01,227,sign-optimization-horizontal-vertical_scenario,614,190,3,-2,4,90,90,15,1,131535,WheelchairAgent(Clone),5,10,1.3,1.17,0,0,False,2,0,0
2026-03-06_21.07.01,227,sign-optimization-horizontal-vertical_scenario,614,190,3,-2,4,90,90,15,1,131536,WheelchairAgent(Clone),5,10,1.3,1.17,0,0,False,2,0,0
2026-03-06_21.07.01,227,sign-optimization-horizontal-vertical_scenario,614,190,3,-2,4,90,90,15,1,131537,AdultFemaleAgent(Clone),10,12,1.58,1.45,0,0,False,3,0,0
2026-03-06_21.07.01,227,sign-optimization-horizontal-vertical_scenario,614,190,3,-2,4,90,90,15,1,131538,WheelchairAgent(Clone),5,10,1.3,1.17,0,0,False,2,0,0
2026-03-06_21.07.01,227,sign-optimization-horizontal-vertical_scenario,614,190,3,-2,4,90,90,15,1,131539,AdultFemaleAgent(Clone),6,12,1.58,1.45,0,0,False,2,0,0
2026-03-06_21.07.01,227,sign-optimization-horizontal-vertical_scenario,614,190,3,-2,4,90,90,15,1,131540,AdultMaleAgent(Clone),5,10,1.71,1.58,0,0,False,2,0,0
2026-03-06_21.07.01,227,sign-optimization-horizontal-vertical_scenario,614,190,3,-2,4,90,90,15,1,131541,WheelchairAgent(Clone),10,12,1.3,1.17,0,0,False,3,0,0
2026-03-06_21.07.01,227,sign-optimization-horizontal-vertical_scenario,614,190,3,-2,4,90,90,15,1,131542,AdultFemaleAgent(Clone),5,10,1.58,1.45,0,0,False,2,0,0
2026-03-06_21.07.01,227,sign-optimization-horizontal-vertical_scenario,614,190,3,-2,4,90,90,15,1,131543,AdultFemaleAgent(Clone),11,10,1.58,1.450001,0,0,False,3,0,0
2026-03-06_21.07.01,227,sign-optimization-horizontal-vertical_scenario,614,190,3,-2,4,90,90,15,1,131544,AdultMaleAgent(Clone),6,12,1.71,1.58,0,0,False,2,0,0
2026-03-06_21.07.01,227,sign-optimization-horizontal-vertical_scenario,614,190,3,-2,4,90,90,15,1,131545,AdultFemaleAgent(Clone),7,11,1.58,1.450001,0,0,False,2,0,0
2026-03-06_21.07.01,227,sign-optimization-horizontal-vertical_scenario,614,190,3,-2,4,90,90,15,1,131546,AdultMaleAgent(Clone),5,10,1.71,1.58,0,0,False,2,0,0
2026-03-06_21.07.01,227,sign-optimization-horizontal-vertical_scenario,614,190,3,-2,4,90,90,15,1,131547,WheelchairAgent(Clone),6,12,1.3,1.17,0,0,False,2,0,0
2026-03-06_21.07.01,227,sign-optimization-horizontal-vertical_scenario,614,190,3,-2,4,90,90,15,1,131548,WheelchairAgent(Clone),7,11,1.3,1.17,0,0,False,2,0,0
2026-03-06_21.07.01,227,sign-optimization-horizontal-vertical_scenario,614,190,3,-2,4,90,90,15,1,131549,AdultFemaleAgent(Clone),6,12,1.58,1.45,0,0,False,2,0,0
2026-03-06_21.07.01,227,sign-optimization-horizontal-vertical_scenario,614,190,3,-2,4,90,90,15,1,131550,WheelchairAgent(Clone),11,10,1.3,1.17,0,0,False,3,0,0
2026-03-06_21.07.01,227,sign-optimization-horizontal-vertical_scenario,614,190,3,-2,4,90,90,15,1,131551,AdultMaleAgent(Clone),7,11,1.71,1.58,0,0,False,2,0,0
2026-03-06_21.07.01,227,sign-optimization-horizontal-vertical_scenario,614,190,3,-2,4,90,90,15,1,131552,AdultMaleAgent(Clone),11,10,1.71,1.58,0,0,False,3,0,0
2026-03-06_21.07.01,227,sign-optimization-horizontal-vertical_scenario,614,190,3,-2,4,90,90,15,1,131553,WheelchairAgent(Clone),11,10,1.3,1.17,0,0,False,3,0,0
2026-03-06_21.07.01,227,sign-optimization-horizontal-vertical_scenario,614,190,3,-2,4,90,90,15,1,131554,AdultMaleAgent(Clone),11,10,1.71,1.58,0,0,False,3,0,0
2026-03-06_21.07.01,227,sign-optimization-horizontal-vertical_scenario,614,190,3,-2,4,90,90,15,1,131555,AdultFemaleAgent(Clone),11,10,1.58,1.450001,0,0,False,3,0,0
2026-03-06_21.07.01,227,sign-optimization-horizontal-vertical_scenario,614,190,3,-2,4,90,90,15,1,131556,AdultFemaleAgent(Clone),10,12,1.58,1.45,0,0,False,3,0,0
2026-03-06_21.07.01,227,sign-optimization-horizontal-vertical_scenario,614,190,3,-2,4,90,90,15,1,131557,AdultFemaleAgent(Clone),5,10,1.58,1.45,0,0,False,2,0,0
2026-03-06_21.07.01,227,sign-optimization-horizontal-vertical_scenario,614,190,3,-2,4,90,90,15,1,131558,AdultMaleAgent(Clone),6,12,1.71,1.58,0,0,False,2,0,0
2026-03-06_21.07.01,227,sign-optimization-horizontal-vertical_scenario,614,190,3,-2,4,90,90,15,1,131559,AdultMaleAgent(Clone),6,12,1.71,1.58,0,0,False,2,0,0
2026-03-06_21.07.01,227,sign-optimization-horizontal-vertical_scenario,614,190,3,-2,4,90,90,15,1,131560,AdultFemaleAgent(Clone),10,12,1.58,1.45,0,0,False,3,0,0
2026-03-06_21.07.01,227,sign-optimization-horizontal-vertical_scenario,614,190,3,-2,4,90,90,15,1,131561,AdultMaleAgent(Clone),7,11,1.71,1.58,0,0,False,2,0,0
2026-03-06_21.07.01,227,sign-optimization-horizontal-vertical_scenario,614,190,3,-2,4,90,90,15,1,131562,WheelchairAgent(Clone),6,12,1.3,1.17,0,0,False,2,0,0
2026-03-06_21.07.01,227,sign-optimization-horizontal-vertical_scenario,614,190,3,-2,4,90,90,15,1,131563,AdultFemaleAgent(Clone),7,11,1.58,1.450001,0,0,False,2,0,0
2026-03-06_21.07.01,227,sign-optimization-horizontal-vertical_scenario,614,190,3,-2,4,90,90,15,1,131564,AdultFemaleAgent(Clone),11,10,1.58,1.450001,0,0,False,3,0,0
2026-03-06_21.07.01,227,sign-optimization-horizontal-vertical_scenario,614,190,3,-2,4,90,90,15,1,131565,AdultFemaleAgent(Clone),11,10,1.58,1.450001,0,0,False,3,0,0
2026-03-06_21.07.01,227,sign-optimization-horizontal-vertical_scenario,614,190,3,-2,4,90,90,15,1,131566,WheelchairAgent(Clone),5,10,1.3,1.17,0,0,False,2,0,0
2026-03-06_21.07.01,227,sign-optimization-horizontal-vertical_scenario,614,190,3,-2,4,90,90,15,1,131567,WheelchairAgent(Clone),11,10,1.3,1.17,0,0,False,3,0,0
2026-03-06_21.07.01,227,sign-optimization-horizontal-vertical_scenario,614,190,3,-2,4,90,90,15,1,131568,AdultFemaleAgent(Clone),10,12,1.58,1.45,0,0,False,3,0,0
2026-03-06_21.07.01,227,sign-optimization-horizontal-vertical_scenario,614,190,3,-2,4,90,90,15,1,131569,AdultMaleAgent(Clone),11,10,1.71,1.58,0,0,False,3,0,0
2026-03-06_21.07.01,227,sign-optimization-horizontal-vertical_scenario,614,190,3,-2,4,90,90,15,1,131570,AdultFemaleAgent(Clone),10,12,1.58,1.45,0,0,False,3,0,0
2026-03-06_21.07.01,227,sign-optimization-horizontal-vertical_scenario,614,190,3,-2,4,90,90,15,1,131571,WheelchairAgent(Clone),6,12,1.3,1.17,0,0,False,2,0,0
2026-03-06_21.07.01,227,sign-optimization-horizontal-vertical_scenario,614,190,3,-2,4,90,90,15,1,131572,AdultMaleAgent(Clone),5,10,1.71,1.58,0,0,False,2,0,0
2026-03-06_21.07.01,227,sign-optimization-horizontal-vertical_scenario,614,190,3,-2,4,90,90,15,1,131573,AdultFemaleAgent(Clone),7,11,1.58,1.450001,0,0,False,2,0,0
2026-03-06_21.07.01,227,sign-optimization-horizontal-vertical_scenario,614,190,3,-2,4,90,90,15,1,131574,AdultFemaleAgent(Clone),11,10,1.58,1.450001,0,0,False,3,0,0
2026-03-06_21.07.01,227,sign-optimization-horizontal-vertical_scenario,614,190,3,-2,4,90,90,15,1,131575,WheelchairAgent(Clone),11,10,1.3,1.17,0,0,False,3,0,0
2026-03-06_21.07.01,227,sign-optimization-horizontal-vertical_scenario,614,190,3,-2,4,90,90,15,1,131576,AdultFemaleAgent(Clone),5,10,1.58,1.45,0,0,False,2,0,0
2026-03-06_21.07.01,227,sign-optimization-horizontal-vertical_scenario,614,190,3,-2,4,90,90,15,1,131577,AdultMaleAgent(Clone),5,10,1.71,1.58,0,0,False,2,0,0
2026-03-06_21.07.01,227,sign-optimization-horizontal-vertical_scenario,614,190,3,-2,4,90,90,15,1,131578,AdultFemaleAgent(Clone),6,12,1.58,1.45,0,0,False,2,0,0
2026-03-06_21.07.01,227,sign-optimization-horizontal-vertical_scenario,614,190,3,-2,4,90,90,15,1,131579,AdultFemaleAgent(Clone),11,10,1.58,1.450001,0,0,False,3,0,0
2026-03-06_21.07.01,227,sign-optimization-horizontal-vertical_scenario,614,190,3,-2,4,90,90,15,1,131580,AdultFemaleAgent(Clone),7,11,1.58,1.450001,0,0,False,2,0,0
2026-03-06_21.07.01,227,sign-optimization-horizontal-vertical_scenario,614,190,3,-2,4,90,90,15,1,131581,AdultMaleAgent(Clone),6,12,1.71,1.58,0,0,False,2,0,0
2026-03-06_21.07.01,227,sign-optimization-horizontal-vertical_scenario,614,190,3,-2,4,90,90,15,1,131582,WheelchairAgent(Clone),10,12,1.3,1.17,0,0,False,3,0,0
2026-03-06_21.07.01,227,sign-optimization-horizontal-vertical_scenario,614,190,3,-2,4,90,90,15,1,131583,AdultMaleAgent(Clone),11,10,1.71,1.58,0,0,False,3,0,0
2026-03-06_21.07.01,227,sign-optimization-horizontal-vertical_scenario,614,190,3,-2,4,90,90,15,1,131584,AdultMaleAgent(Clone),10,12,1.71,1.58,0,0,False,3,0,0
2026-03-06_21.07.01,227,sign-optimization-horizontal-vertical_scenario,614,190,3,-2,4,90,90,15,1,131585,AdultMaleAgent(Clone),11,10,1.71,1.58,0,0,False,3,0,0
2026-03-06_21.07.01,227,sign-optimization-horizontal-vertical_scenario,614,190,3,-2,4,90,90,15,1,131586,WheelchairAgent(Clone),6,12,1.3,1.17,0,0,False,2,0,0
2026-03-06_21.07.01,227,sign-optimization-horizontal-vertical_scenario,614,190,3,-2,4,90,90,15,1,131587,AdultMaleAgent(Clone),5,10,1.71,1.58,0,0,False,2,0,0
2026-03-06_21.07.01,227,sign-optimization-horizontal-vertical_scenario,614,190,3,-2,4,90,90,15,1,131588,WheelchairAgent(Clone),5,10,1.3,1.17,0,0,False,2,0,0
2026-03-06_21.07.01,227,sign-optimization-horizontal-vertical_scenario,614,190,3,-2,4,90,90,15,1,131589,AdultFemaleAgent(Clone),10,12,1.58,1.45,0,0,False,3,0,0
2026-03-06_21.07.01,227,sign-optimization-horizontal-vertical_scenario,614,190,3,-2,4,90,90,15,1,131590,AdultMaleAgent(Clone),11,10,1.71,1.58,0,0,False,3,0,0
2026-03-06_21.07.01,227,sign-optimization-horizontal-vertical_scenario,614,190,3,-2,4,90,90,15,1,131591,AdultFemaleAgent(Clone),5,10,1.58,1.45,0,0,False,2,0,0
2026-03-06_21.07.01,227,sign-optimization-horizontal-vertical_scenario,614,190,3,-2,4,90,90,15,1,131592,WheelchairAgent(Clone),10,12,1.3,1.17,0,0,False,3,0,0
2026-03-06_21.07.01,227,sign-optimization-horizontal-vertical_scenario,614,190,3,-2,4,90,90,15,1,131593,AdultFemaleAgent(Clone),6,12,1.58,1.45,0,0,False,2,0,0
2026-03-06_21.07.01,227,sign-optimization-horizontal-vertical_scenario,614,190,3,-2,4,90,90,15,1,131594,AdultMaleAgent(Clone),7,11,1.71,1.58,0,0,False,2,0,0
2026-03-06_21.07.01,227,sign-optimization-horizontal-vertical_scenario,614,190,3,-2,4,90,90,15,1,131595,WheelchairAgent(Clone),7,11,1.3,1.17,0,0,False,2,0,0
2026-03-06_21.07.01,227,sign-optimization-horizontal-vertical_scenario,614,190,3,-2,4,90,90,15,1,131596,AdultFemaleAgent(Clone),5,10,1.58,1.45,0,0,False,2,0,0
2026-03-06_21.07.01,227,sign-optimization-horizontal-vertical_scenario,614,190,3,-2,4,90,90,15,1,131597,AdultFemaleAgent(Clone),7,11,1.58,1.450001,0,0,False,2,0,0
2026-03-06_21.07.01,227,sign-optimization-horizontal-vertical_scenario,614,190,3,-2,4,90,90,15,1,131598,WheelchairAgent(Clone),10,12,1.3,1.17,0,0,False,3,0,0
