Timestamp,RunIndex,ScenarioID,TotalAgents,VisibleSignCount,SignHeight,SignPositionX,SignPositionZ,SignOrientation,VcaAngle,VcaDistance,SignComprehensionTime,AgentID,AgentType,StartNode,GoalNode,Height,EyeHeight,TimeInVCA,TimesInVCA,SawSign,TotalNodesNavigated,NodesWithDetection,RDEffective
2026-03-07_02.59.52,269,sign-optimization-horizontal-vertical_scenario,611,307,3,4,6,0,90,15,1,155499,AdultFemaleAgent(Clone),6,12,1.58,1.45,7.426758,2,True,2,1,0.5
2026-03-07_02.59.52,269,sign-optimization-horizontal-vertical_scenario,611,307,3,4,6,0,90,15,1,155500,WheelchairAgent(Clone),6,12,1.3,1.17,7.87793,2,True,2,1,0.5
2026-03-07_02.59.52,269,sign-optimization-horizontal-vertical_scenario,611,307,3,4,6,0,90,15,1,155501,AdultFemaleAgent(Clone),7,11,1.58,1.450001,11.18652,1,False,2,1,0.5
2026-03-07_02.59.52,269,sign-optimization-horizontal-vertical_scenario,611,307,3,4,6,0,90,15,1,155502,WheelchairAgent(Clone),5,10,1.3,1.17,0,0,False,2,0,0
2026-03-07_02.59.52,269,sign-optimization-horizontal-vertical_scenario,611,307,3,4,6,0,90,15,1,155503,WheelchairAgent(Clone),7,11,1.3,1.17,9.769531,1,False,2,0,0
2026-03-07_02.59.52,269,sign-optimization-horizontal-vertical_scenario,611,307,3,4,6,0,90,15,1,155504,AdultFemaleAgent(Clone),6,12,1.58,1.45,8.151367,2,True,2,1,0.5
2026-03-07_02.59.52,269,sign-optimization-horizontal-vertical_scenario,611,307,3,4,6,0,90,15,1,155505,AdultFemaleAgent(Clone),7,11,1.58,1.450001,14.97852,1,True,2,1,0.5
2026-03-07_02.59.52,269,sign-optimization-horizontal-vertical_scenario,611,307,3,4,6,0,90,15,1,155506,AdultFemaleAgent(Clone),7,11,1.58,1.450001,2.058594,1,False,2,0,0
2026-03-07_02.59.52,269,sign-optimization-horizontal-vertical_scenario,611,307,3,4,6,0,90,15,1,155507,AdultFemaleAgent(Clone),7,11,1.58,1.450001,13.30957,1,True,2,1,0.5
2026-03-07_02.59.52,269,sign-optimization-horizontal-vertical_scenario,611,307,3,4,6,0,90,15,1,155508,WheelchairAgent(Clone),6,12,1.3,1.17,8.421875,2,True,2,1,0.5
2026-03-07_02.59.52,269,sign-optimization-horizontal-vertical_scenario,611,307,3,4,6,0,90,15,1,155509,WheelchairAgent(Clone),11,10,1.3,1.17,11.15918,2,True,3,2,0.6666667
2026-03-07_02.59.52,269,sign-optimization-horizontal-vertical_scenario,611,307,3,4,6,0,90,15,1,155510,AdultFemaleAgent(Clone),10,12,1.58,1.45,9.025391,2,True,3,1,0.3333333
2026-03-07_02.59.52,269,sign-optimization-horizontal-vertical_scenario,611,307,3,4,6,0,90,15,1,155511,AdultMaleAgent(Clone),10,12,1.71,1.58,8.782227,2,True,3,1,0.3333333
2026-03-07_02.59.52,269,sign-optimization-horizontal-vertical_scenario,611,307,3,4,6,0,90,15,1,155512,AdultFemaleAgent(Clone),7,11,1.58,1.450001,10.97754,1,False,2,1,0.5
2026-03-07_02.59.52,269,sign-optimization-horizontal-vertical_scenario,611,307,3,4,6,0,90,15,1,155513,AdultFemaleAgent(Clone),7,11,1.58,1.450001,13.83691,1,True,2,1,0.5
2026-03-07_02.59.52,269,sign-optimization-horizontal-vertical_scenario,611,307,3,4,6,0,90,15,1,155514,AdultFemaleAgent(Clone),7,11,1.58,1.450001,14.63574,1,True,2,1,0.5
2026-03-07_02.59.52,269,sign-optimization-horizontal-vertical_scenario,611,307,3,4,6,0,90,15,1,155515,AdultMaleAgent(Clone),11,10,1.71,1.58,9.574219,2,True,3,2,0.6666667
2026-03-07_02.59.52,269,sign-optimization-horizontal-vertical_scenario,611,307,3,4,6,0,90,15,1,155516,AdultFemaleAgent(Clone),5,10,1.58,1.45,0,0,False,2,0,0
2026-03-07_02.59.52,269,sign-optimization-horizontal-vertical_scenario,611,307,3,4,6,0,90,15,1,155517,AdultMaleAgent(Clone),10,12,1.71,1.58,10.29199,2,True,3,1,0.3333333
2026-03-07_02.59.52,269,sign-optimization-horizontal-vertical_scenario,611,307,3,4,6,0,90,15,1,155518,AdultFemaleAgent(Clone),6,12,1.58,1.45,8.513672,2,True,2,1,0.5
2026-03-07_02.59.52,269,sign-optimization-horizontal-vertical_scenario,611,307,3,4,6,0,90,15,1,155519,WheelchairAgent(Clone),11,10,1.3,1.17,9.298828,2,True,3,2,0.6666667
2026-03-07_02.59.52,269,sign-optimization-horizontal-vertical_scenario,611,307,3,4,6,0,90,15,1,155520,AdultFemaleAgent(Clone),7,11,1.58,1.450001,2.319336,1,False,2,0,0
2026-03-07_02.59.52,269,sign-optimization-horizontal-vertical_scenario,611,307,3,4,6,0,90,15,1,155521,AdultFemaleAgent(Clone),11,10,1.58,1.450001,8.076172,2,True,3,2,0.6666667
2026-03-07_02.59.52,269,sign-optimization-horizontal-vertical_scenario,611,307,3,4,6,0,90,15,1,155522,AdultMaleAgent(Clone),5,10,1.71,1.58,0,0,False,2,0,0
2026-03-07_02.59.52,269,sign-optimization-horizontal-vertical_scenario,611,307,3,4,6,0,90,15,1,155523,WheelchairAgent(Clone),10,12,1.3,1.17,8.939453,2,True,3,1,0.3333333
2026-03-07_02.59.52,269,sign-optimization-horizontal-vertical_scenario,611,307,3,4,6,0,90,15,1,155524,AdultFemaleAgent(Clone),11,10,1.58,1.450001,9.283203,2,True,3,2,0.6666667
2026-03-07_02.59.52,269,sign-optimization-horizontal-vertical_scenario,611,307,3,4,6,0,90,15,1,155525,AdultFemaleAgent(Clone),11,10,1.58,1.450001,8.975586,2,True,3,2,0.6666667
2026-03-07_02.59.52,269,sign-optimization-horizontal-vertical_scenario,611,307,3,4,6,0,90,15,1,155526,WheelchairAgent(Clone),5,10,1.3,1.17,0,0,False,2,0,0
2026-03-07_02.59.52,269,sign-optimization-horizontal-vertical_scenario,611,307,3,4,6,0,90,15,1,155527,AdultFemaleAgent(Clone),7,11,1.58,1.450001,12.60059,1,True,2,1,0.5
2026-03-07_02.59.52,269,sign-optimization-horizontal-vertical_scenario,611,307,3,4,6,0,90,15,1,155528,WheelchairAgent(Clone),7,11,1.3,1.17,9.925781,1,False,2,1,0.5
2026-03-07_02.59.52,269,sign-optimization-horizontal-vertical_scenario,611,307,3,4,6,0,90,15,1,155529,WheelchairAgent(Clone),7,11,1.3,1.17,7.132813,1,False,2,0,0
2026-03-07_02.59.52,269,sign-optimization-horizontal-vertical_scenario,611,307,3,4,6,0,90,15,1,155530,AdultFemaleAgent(Clone),6,12,1.58,1.45,7.736328,2,True,2,1,0.5
2026-03-07_02.59.52,269,sign-optimization-horizontal-vertical_scenario,611,307,3,4,6,0,90,15,1,155531,WheelchairAgent(Clone),11,10,1.3,1.17,8.364258,2,True,3,2,0.6666667
2026-03-07_02.59.52,269,sign-optimization-horizontal-vertical_scenario,611,307,3,4,6,0,90,15,1,155532,AdultFemaleAgent(Clone),10,12,1.58,1.45,9.907227,2,True,3,1,0.3333333
2026-03-07_02.59.52,269,sign-optimization-horizontal-vertical_scenario,611,307,3,4,6,0,90,15,1,155533,AdultFemaleAgent(Clone),7,11,1.58,1.450001,10.49707,1,False,2,1,0.5
2026-03-07_02.59.52,269,sign-optimization-horizontal-vertical_scenario,611,307,3,4,6,0,90,15,1,155534,WheelchairAgent(Clone),7,11,1.3,1.17,13.98242,1,True,2,1,0.5
2026-03-07_02.59.52,269,sign-optimization-horizontal-vertical_scenario,611,307,3,4,6,0,90,15,1,155535,AdultMaleAgent(Clone),5,10,1.71,1.58,0,0,False,2,0,0
2026-03-07_02.59.52,269,sign-optimization-horizontal-vertical_scenario,611,307,3,4,6,0,90,15,1,155536,AdultFemaleAgent(Clone),10,12,1.58,1.45,9.458984,2,True,3,1,0.3333333
2026-03-07_02.59.52,269,sign-optimization-horizontal-vertical_scenario,611,307,3,4,6,0,90,15,1,155537,WheelchairAgent(Clone),10,12,1.3,1.17,9.609375,3,True,3,1,0.3333333
2026-03-07_02.59.52,269,sign-optimization-horizontal-vertical_scenario,611,307,3,4,6,0,90,15,1,155538,AdultMaleAgent(Clone),5,10,1.71,1.58,0,0,False,2,0,0
2026-03-07_02.59.52,269,sign-optimization-horizontal-vertical_scenario,611,307,3,4,6,0,90,15,1,155539,AdultFemaleAgent(Clone),10,12,1.58,1.45,6.711914,3,True,3,1,0.3333333
2026-03-07_02.59.52,269,sign-optimization-horizontal-vertical_scenario,611,307,3,4,6,0,90,15,1,155540,AdultFemaleAgent(Clone),7,11,1.58,1.450001,8.449219,1,False,2,0,0
2026-03-07_02.59.52,269,sign-optimization-horizontal-vertical_scenario,611,307,3,4,6,0,90,15,1,155541,AdultFemaleAgent(Clone),6,12,1.58,1.45,10.06836,2,True,2,1,0.5
2026-03-07_02.59.52,269,sign-optimization-horizontal-vertical_scenario,611,307,3,4,6,0,90,15,1,155542,WheelchairAgent(Clone),6,12,1.3,1.17,8.898438,2,True,2,1,0.5
2026-03-07_02.59.52,269,sign-optimization-horizontal-vertical_scenario,611,307,3,4,6,0,90,15,1,155543,WheelchairAgent(Clone),11,10,1.3,1.17,10.18164,2,True,3,2,0.6666667
2026-03-07_02.59.52,269,sign-optimization-horizontal-vertical_scenario,611,307,3,4,6,0,90,15,1,155544,WheelchairAgent(Clone),6,12,1.3,1.17,9.154297,2,True,2,1,0.5
2026-03-07_02.59.52,269,sign-optimization-horizontal-vertical_scenario,611,307,3,4,6,0,90,15,1,155545,WheelchairAgent(Clone),6,12,1.3,1.17,8.407227,2,True,2,1,0.5
2026-03-07_02.59.52,269,sign-optimization-horizontal-vertical_scenario,611,307,3,4,6,0,90,15,1,155546,WheelchairAgent(Clone),7,11,1.3,1.17,6.742188,1,False,2,0,0
2026-03-07_02.59.52,269,sign-optimization-horizontal-vertical_scenario,611,307,3,4,6,0,90,15,1,155547,AdultMaleAgent(Clone),10,12,1.71,1.58,4.514648,3,True,3,1,0.3333333
2026-03-07_02.59.52,269,sign-optimization-horizontal-vertical_scenario,611,307,3,4,6,0,90,15,1,155548,WheelchairAgent(Clone),11,10,1.3,1.17,9.287109,2,True,3,2,0.6666667
2026-03-07_02.59.52,269,sign-optimization-horizontal-vertical_scenario,611,307,3,4,6,0,90,15,1,155549,AdultFemaleAgent(Clone),5,10,1.58,1.45,0,0,False,2,0,0
2026-03-07_02.59.52,269,sign-optimization-horizontal-vertical_scenario,611,307,3,4,6,0,90,15,1,155550,WheelchairAgent(Clone),11,10,1.3,1.17,8.338867,2,True,3,2,0.6666667
2026-03-07_02.59.52,269,sign-optimization-horizontal-vertical_scenario,611,307,3,4,6,0,90,15,1,155551,AdultMaleAgent(Clone),11,10,1.71,1.58,10.19434,2,True,3,2,0.6666667
2026-03-07_02.59.52,269,sign-optimization-horizontal-vertical_scenario,611,307,3,4,6,0,90,15,1,155552,AdultMaleAgent(Clone),6,12,1.71,1.58,8.34375,2,True,2,1,0.5
2026-03-07_02.59.52,269,sign-optimization-horizontal-vertical_scenario,611,307,3,4,6,0,90,15,1,155553,WheelchairAgent(Clone),10,12,1.3,1.17,11.19531,2,True,3,1,0.3333333
2026-03-07_02.59.52,269,sign-optimization-horizontal-vertical_scenario,611,307,3,4,6,0,90,15,1,155554,AdultFemaleAgent(Clone),6,12,1.58,1.45,8.598633,2,True,2,1,0.5
2026-03-07_02.59.52,269,sign-optimization-horizontal-vertical_scenario,611,307,3,4,6,0,90,15,1,155555,AdultMaleAgent(Clone),5,10,1.71,1.58,0,0,False,2,0,0
2026-03-07_02.59.52,269,sign-optimization-horizontal-vertical_scenario,611,307,3,4,6,0,90,15,1,155556,AdultFemaleAgent(Clone),11,10,1.58,1.450001,9.517578,2,True,3,2,0.6666667
2026-03-07_02.59.52,269,sign-optimization-horizontal-vertical_scenario,611,307,3,4,6,0,90,15,1,155557,AdultMaleAgent(Clone),10,12,1.71,1.58,9.178711,2,True,3,1,0.3333333
2026-03-07_02.59.52,269,sign-optimization-horizontal-vertical_scenario,611,307,3,4,6,0,90,15,1,155558,AdultFemaleAgent(Clone),7,11,1.58,1.450001,14.70801,1,True,2,1,0.5
2026-03-07_02.59.52,269,sign-optimization-horizontal-vertical_scenario,611,307,3,4,6,0,90,15,1,155559,WheelchairAgent(Clone),5,10,1.3,1.17,0,0,False,2,0,0
2026-03-07_02.59.52,269,sign-optimization-horizontal-vertical_scenario,611,307,3,4,6,0,90,15,1,155560,AdultFemaleAgent(Clone),7,11,1.58,1.450001,9.803711,1,False,2,1,0.5
2026-03-07_02.59.52,269,sign-optimization-horizontal-vertical_scenario,611,307,3,4,6,0,90,15,1,155561,AdultMaleAgent(Clone),11,10,1.71,1.58,8.772461,2,True,3,2,0.6666667
2026-03-07_02.59.52,269,sign-optimization-horizontal-vertical_scenario,611,307,3,4,6,0,90,15,1,155562,AdultFemaleAgent(Clone),6,12,1.58,1.45,10.79883,2,True,2,1,0.5
2026-03-07_02.59.52,269,sign-optimization-horizontal-vertical_scenario,611,307,3,4,6,0,90,15,1,155563,AdultMaleAgent(Clone),11,10,1.71,1.58,8.987305,2,True,3,2,0.6666667
2026-03-07_02.59.52,269,sign-optimization-horizontal-vertical_scenario,611,307,3,4,6,0,90,15,1,155564,AdultMaleAgent(Clone),10,12,1.71,1.58,12.33008,2,True,3,1,0.3333333
2026-03-07_02.59.52,269,sign-optimization-horizontal-vertical_scenario,611,307,3,4,6,0,90,15,1,155565,AdultMaleAgent(Clone),6,12,1.71,1.58,9.473633,2,True,2,1,0.5
2026-03-07_02.59.52,269,sign-optimization-horizontal-vertical_scenario,611,307,3,4,6,0,90,15,1,155566,WheelchairAgent(Clone),5,10,1.3,1.17,0,0,False,2,0,0
2026-03-07_02.59.52,269,sign-optimization-horizontal-vertical_scenario,611,307,3,4,6,0,90,15,1,155567,AdultFemaleAgent(Clone),6,12,1.58,1.45,10.26074,2,True,2,1,0.5
2026-03-07_02.59.52,269,sign-optimization-horizontal-vertical_scenario,611,307,3,4,6,0,90,15,1,155568,AdultFemaleAgent(Clone),7,11,1.58,1.450001,12.62012,1,True,2,1,0.5
2026-03-07_02.59.52,269,sign-optimization-horizontal-vertical_scenario,611,307,3,4,6,0,90,15,1,155569,AdultFemaleAgent(Clone),7,11,1.58,1.450001,7.433594,1,False,2,0,0
2026-03-07_02.59.52,269,sign-optimization-horizontal-vertical_scenario,611,307,3,4,6,0,90,15,1,155570,AdultFemaleAgent(Clone),10,12,1.58,1.45,8.604492,2,True,3,1,0.3333333
2026-03-07_02.59.52,269,sign-optimization-horizontal-vertical_scenario,611,307,3,4,6,0,90,15,1,155571,WheelchairAgent(Clone),5,10,1.3,1.17,0,0,False,2,0,0
2026-03-07_02.59.52,269,sign-optimization-horizontal-vertical_scenario,611,307,3,4,6,0,90,15,1,155572,WheelchairAgent(Clone),5,10,1.3,1.17,0,0,False,2,0,0
2026-03-07_02.59.52,269,sign-optimization-horizontal-vertical_scenario,611,307,3,4,6,0,90,15,1,155573,WheelchairAgent(Clone),11,10,1.3,1.17,8.65918,2,True,3,2,0.6666667
2026-03-07_02.59.52,269,sign-optimization-horizontal-vertical_scenario,611,307,3,4,6,0,90,15,1,155574,WheelchairAgent(Clone),11,10,1.3,1.17,8.631836,2,True,3,2,0.6666667
2026-03-07_02.59.52,269,sign-optimization-horizontal-vertical_scenario,611,307,3,4,6,0,90,15,1,155575,AdultMaleAgent(Clone),11,10,1.71,1.58,9.65332,2,True,3,2,0.6666667
2026-03-07_02.59.52,269,sign-optimization-horizontal-vertical_scenario,611,307,3,4,6,0,90,15,1,155576,AdultMaleAgent(Clone),11,10,1.71,1.58,9.30957,2,True,3,2,0.6666667
2026-03-07_02.59.52,269,sign-optimization-horizontal-vertical_scenario,611,307,3,4,6,0,90,15,1,155577,AdultMaleAgent(Clone),7,11,1.71,1.58,11.9834,1,True,2,1,0.5
2026-03-07_02.59.52,269,sign-optimization-horizontal-vertical_scenario,611,307,3,4,6,0,90,15,1,155578,WheelchairAgent(Clone),11,10,1.3,1.17,9.530273,2,True,3,2,0.6666667
2026-03-07_02.59.52,269,sign-optimization-horizontal-vertical_scenario,611,307,3,4,6,0,90,15,1,155579,WheelchairAgent(Clone),7,11,1.3,1.17,9.620117,1,False,2,1,0.5
2026-03-07_02.59.52,269,sign-optimization-horizontal-vertical_scenario,611,307,3,4,6,0,90,15,1,155580,AdultFemaleAgent(Clone),11,10,1.58,1.450001,9.425781,2,True,3,1,0.3333333
2026-03-07_02.59.52,269,sign-optimization-horizontal-vertical_scenario,611,307,3,4,6,0,90,15,1,155581,AdultFemaleAgent(Clone),5,10,1.58,1.45,0,0,False,2,0,0
2026-03-07_02.59.52,269,sign-optimization-horizontal-vertical_scenario,611,307,3,4,6,0,90,15,1,155582,AdultFemaleAgent(Clone),7,11,1.58,1.450001,10.25977,1,False,2,1,0.5
2026-03-07_02.59.52,269,sign-optimization-horizontal-vertical_scenario,611,307,3,4,6,0,90,15,1,155583,AdultMaleAgent(Clone),6,12,1.71,1.58,10.35938,2,True,2,1,0.5
2026-03-07_02.59.52,269,sign-optimization-horizontal-vertical_scenario,611,307,3,4,6,0,90,15,1,155584,AdultFemaleAgent(Clone),11,10,1.58,1.450001,10.11523,2,True,3,2,0.6666667
2026-03-07_02.59.52,269,sign-optimization-horizontal-vertical_scenario,611,307,3,4,6,0,90,15,1,155585,WheelchairAgent(Clone),7,11,1.3,1.17,12.85352,1,False,2,1,0.5
2026-03-07_02.59.52,269,sign-optimization-horizontal-vertical_scenario,611,307,3,4,6,0,90,15,1,155586,AdultFemaleAgent(Clone),11,10,1.58,1.450001,9.432617,2,True,3,1,0.3333333
2026-03-07_02.59.52,269,sign-optimization-horizontal-vertical_scenario,611,307,3,4,6,0,90,15,1,155587,AdultMaleAgent(Clone),5,10,1.71,1.58,0,0,False,2,0,0
2026-03-07_02.59.52,269,sign-optimization-horizontal-vertical_scenario,611,307,3,4,6,0,90,15,1,155588,AdultFemaleAgent(Clone),6,12,1.58,1.45,10.32715,2,True,2,1,0.5
2026-03-07_02.59.52,269,sign-optimization-horizontal-vertical_scenario,611,307,3,4,6,0,90,15,1,155589,AdultFemaleAgent(Clone),5,10,1.58,1.45,0,0,False,2,0,0
2026-03-07_02.59.52,269,sign-optimization-horizontal-vertical_scenario,611,307,3,4,6,0,90,15,1,155590,AdultFemaleAgent(Clone),7,11,1.58,1.450001,13.82227,1,True,2,1,0.5
2026-03-07_02.59.52,269,sign-optimization-horizontal-vertical_scenario,611,307,3,4,6,0,90,15,1,155591,WheelchairAgent(Clone),11,10,1.3,1.17,9.439453,2,True,3,1,0.3333333
2026-03-07_02.59.52,269,sign-optimization-horizontal-vertical_scenario,611,307,3,4,6,0,90,15,1,155592,WheelchairAgent(Clone),7,11,1.3,1.17,6.954102,1,False,2,0,0
2026-03-07_02.59.52,269,sign-optimization-horizontal-vertical_scenario,611,307,3,4,6,0,90,15,1,155593,AdultFemaleAgent(Clone),5,10,1.58,1.45,0,0,False,2,0,0
2026-03-07_02.59.52,269,sign-optimization-horizontal-vertical_scenario,611,307,3,4,6,0,90,15,1,155594,WheelchairAgent(Clone),6,12,1.3,1.17,6.5625,2,True,2,1,0.5
2026-03-07_02.59.52,269,sign-optimization-horizontal-vertical_scenario,611,307,3,4,6,0,90,15,1,155595,AdultFemaleAgent(Clone),11,10,1.58,1.450001,9.466797,2,True,3,2,0.6666667
2026-03-07_02.59.52,269,sign-optimization-horizontal-vertical_scenario,611,307,3,4,6,0,90,15,1,155596,WheelchairAgent(Clone),5,10,1.3,1.17,0,0,False,2,0,0
2026-03-07_02.59.52,269,sign-optimization-horizontal-vertical_scenario,611,307,3,4,6,0,90,15,1,155597,AdultMaleAgent(Clone),5,10,1.71,1.58,0,0,False,2,0,0
2026-03-07_02.59.52,269,sign-optimization-horizontal-vertical_scenario,611,307,3,4,6,0,90,15,1,155598,AdultFemaleAgent(Clone),6,12,1.58,1.45,7.78125,2,True,2,1,0.5
2026-03-07_02.59.52,269,sign-optimization-horizontal-vertical_scenario,611,307,3,4,6,0,90,15,1,155599,WheelchairAgent(Clone),10,12,1.3,1.17,9.538086,2,True,3,1,0.3333333
2026-03-07_02.59.52,269,sign-optimization-horizontal-vertical_scenario,611,307,3,4,6,0,90,15,1,155600,WheelchairAgent(Clone),7,11,1.3,1.17,0.7333984,2,False,2,0,0
2026-03-07_02.59.52,269,sign-optimization-horizontal-vertical_scenario,611,307,3,4,6,0,90,15,1,155601,AdultFemaleAgent(Clone),11,10,1.58,1.450001,10.19141,2,True,3,2,0.6666667
2026-03-07_02.59.52,269,sign-optimization-horizontal-vertical_scenario,611,307,3,4,6,0,90,15,1,155602,WheelchairAgent(Clone),11,10,1.3,1.17,9.741211,2,True,3,2,0.6666667
2026-03-07_02.59.52,269,sign-optimization-horizontal-vertical_scenario,611,307,3,4,6,0,90,15,1,155603,WheelchairAgent(Clone),11,10,1.3,1.17,10.41797,3,True,3,1,0.3333333
2026-03-07_02.59.52,269,sign-optimization-horizontal-vertical_scenario,611,307,3,4,6,0,90,15,1,155604,WheelchairAgent(Clone),11,10,1.3,1.17,8.683594,3,True,3,1,0.3333333
2026-03-07_02.59.52,269,sign-optimization-horizontal-vertical_scenario,611,307,3,4,6,0,90,15,1,155605,WheelchairAgent(Clone),10,12,1.3,1.17,9.859375,2,True,3,1,0.3333333
2026-03-07_02.59.52,269,sign-optimization-horizontal-vertical_scenario,611,307,3,4,6,0,90,15,1,155606,AdultFemaleAgent(Clone),7,11,1.58,1.450001,0.2412109,2,True,2,1,0.5
2026-03-07_02.59.52,269,sign-optimization-horizontal-vertical_scenario,611,307,3,4,6,0,90,15,1,155607,WheelchairAgent(Clone),7,11,1.3,1.17,4.276367,1,False,2,0,0
2026-03-07_02.59.52,269,sign-optimization-horizontal-vertical_scenario,611,307,3,4,6,0,90,15,1,155608,WheelchairAgent(Clone),7,11,1.3,1.17,12.74023,1,True,2,1,0.5
2026-03-07_02.59.52,269,sign-optimization-horizontal-vertical_scenario,611,307,3,4,6,0,90,15,1,155609,AdultMaleAgent(Clone),6,12,1.71,1.58,8.061523,2,True,2,1,0.5
2026-03-07_02.59.52,269,sign-optimization-horizontal-vertical_scenario,611,307,3,4,6,0,90,15,1,155610,AdultFemaleAgent(Clone),7,11,1.58,1.450001,8.602539,1,False,2,0,0
2026-03-07_02.59.52,269,sign-optimization-horizontal-vertical_scenario,611,307,3,4,6,0,90,15,1,155611,AdultMaleAgent(Clone),10,12,1.71,1.58,9.279297,2,True,3,1,0.3333333
2026-03-07_02.59.52,269,sign-optimization-horizontal-vertical_scenario,611,307,3,4,6,0,90,15,1,155612,AdultFemaleAgent(Clone),7,11,1.58,1.450001,10.79492,1,False,2,1,0.5
2026-03-07_02.59.52,269,sign-optimization-horizontal-vertical_scenario,611,307,3,4,6,0,90,15,1,155613,WheelchairAgent(Clone),7,11,1.3,1.17,11.75,1,True,2,1,0.5
2026-03-07_02.59.52,269,sign-optimization-horizontal-vertical_scenario,611,307,3,4,6,0,90,15,1,155614,AdultFemaleAgent(Clone),5,10,1.58,1.45,0,0,False,2,0,0
2026-03-07_02.59.52,269,sign-optimization-horizontal-vertical_scenario,611,307,3,4,6,0,90,15,1,155615,AdultFemaleAgent(Clone),6,12,1.58,1.45,8.34375,2,True,2,1,0.5
2026-03-07_02.59.52,269,sign-optimization-horizontal-vertical_scenario,611,307,3,4,6,0,90,15,1,155616,AdultMaleAgent(Clone),10,12,1.71,1.58,10.28809,2,True,3,1,0.3333333
2026-03-07_02.59.52,269,sign-optimization-horizontal-vertical_scenario,611,307,3,4,6,0,90,15,1,155617,AdultMaleAgent(Clone),11,10,1.71,1.58,10.35742,2,True,3,1,0.3333333
2026-03-07_02.59.52,269,sign-optimization-horizontal-vertical_scenario,611,307,3,4,6,0,90,15,1,155618,WheelchairAgent(Clone),11,10,1.3,1.17,10.74316,2,True,3,2,0.6666667
2026-03-07_02.59.52,269,sign-optimization-horizontal-vertical_scenario,611,307,3,4,6,0,90,15,1,155619,AdultMaleAgent(Clone),5,10,1.71,1.58,0,0,False,2,0,0
2026-03-07_02.59.52,269,sign-optimization-horizontal-vertical_scenario,611,307,3,4,6,0,90,15,1,155620,AdultFemaleAgent(Clone),5,10,1.58,1.45,0,0,False,2,0,0
2026-03-07_02.59.52,269,sign-optimization-horizontal-vertical_scenario,611,307,3,4,6,0,90,15,1,155621,AdultFemaleAgent(Clone),6,12,1.58,1.45,8.810547,2,True,2,1,0.5
2026-03-07_02.59.52,269,sign-optimization-horizontal-vertical_scenario,611,307,3,4,6,0,90,15,1,155622,AdultFemaleAgent(Clone),10,12,1.58,1.45,10.47266,2,True,3,1,0.3333333
2026-03-07_02.59.52,269,sign-optimization-horizontal-vertical_scenario,611,307,3,4,6,0,90,15,1,155623,WheelchairAgent(Clone),5,10,1.3,1.17,0,0,False,2,0,0
2026-03-07_02.59.52,269,sign-optimization-horizontal-vertical_scenario,611,307,3,4,6,0,90,15,1,155624,AdultFemaleAgent(Clone),10,12,1.58,1.45,8.600586,2,True,3,1,0.3333333
2026-03-07_02.59.52,269,sign-optimization-horizontal-vertical_scenario,611,307,3,4,6,0,90,15,1,155625,AdultMaleAgent(Clone),5,10,1.71,1.58,0,0,False,2,0,0
2026-03-07_02.59.52,269,sign-optimization-horizontal-vertical_scenario,611,307,3,4,6,0,90,15,1,155626,WheelchairAgent(Clone),5,10,1.3,1.17,0,0,False,2,0,0
2026-03-07_02.59.52,269,sign-optimization-horizontal-vertical_scenario,611,307,3,4,6,0,90,15,1,155627,WheelchairAgent(Clone),11,10,1.3,1.17,10.55469,2,True,3,2,0.6666667
2026-03-07_02.59.52,269,sign-optimization-horizontal-vertical_scenario,611,307,3,4,6,0,90,15,1,155628,AdultFemaleAgent(Clone),10,12,1.58,1.45,11.69141,2,True,3,1,0.3333333
2026-03-07_02.59.52,269,sign-optimization-horizontal-vertical_scenario,611,307,3,4,6,0,90,15,1,155629,AdultFemaleAgent(Clone),5,10,1.58,1.45,0,0,False,2,0,0
2026-03-07_02.59.52,269,sign-optimization-horizontal-vertical_scenario,611,307,3,4,6,0,90,15,1,155630,AdultMaleAgent(Clone),10,12,1.71,1.58,9.00293,2,True,3,1,0.3333333
2026-03-07_02.59.52,269,sign-optimization-horizontal-vertical_scenario,611,307,3,4,6,0,90,15,1,155631,AdultFemaleAgent(Clone),7,11,1.58,1.450001,10.54004,1,False,2,1,0.5
2026-03-07_02.59.52,269,sign-optimization-horizontal-vertical_scenario,611,307,3,4,6,0,90,15,1,155632,WheelchairAgent(Clone),5,10,1.3,1.17,0,0,False,2,0,0
2026-03-07_02.59.52,269,sign-optimization-horizontal-vertical_scenario,611,307,3,4,6,0,90,15,1,155633,AdultFemaleAgent(Clone),6,12,1.58,1.45,6.444336,2,True,2,1,0.5
2026-03-07_02.59.52,269,sign-optimization-horizontal-vertical_scenario,611,307,3,4,6,0,90,15,1,155634,AdultMaleAgent(Clone),5,10,1.71,1.58,0,0,False,2,0,0
2026-03-07_02.59.52,269,sign-optimization-horizontal-vertical_scenario,611,307,3,4,6,0,90,15,1,155635,AdultMaleAgent(Clone),6,12,1.71,1.58,9.338867,2,True,2,1,0.5
2026-03-07_02.59.52,269,sign-optimization-horizontal-vertical_scenario,611,307,3,4,6,0,90,15,1,155636,AdultMaleAgent(Clone),6,12,1.71,1.58,9.191406,2,True,2,1,0.5
2026-03-07_02.59.52,269,sign-optimization-horizontal-vertical_scenario,611,307,3,4,6,0,90,15,1,155637,AdultFemaleAgent(Clone),5,10,1.58,1.45,0,0,False,2,0,0
2026-03-07_02.59.52,269,sign-optimization-horizontal-vertical_scenario,611,307,3,4,6,0,90,15,1,155638,AdultFemaleAgent(Clone),5,10,1.58,1.45,0,0,False,2,0,0
2026-03-07_02.59.52,269,sign-optimization-horizontal-vertical_scenario,611,307,3,4,6,0,90,15,1,155639,WheelchairAgent(Clone),7,11,1.3,1.17,7.608398,1,False,2,0,0
2026-03-07_02.59.52,269,sign-optimization-horizontal-vertical_scenario,611,307,3,4,6,0,90,15,1,155640,AdultFemaleAgent(Clone),10,12,1.58,1.45,8.503906,2,True,3,1,0.3333333
2026-03-07_02.59.52,269,sign-optimization-horizontal-vertical_scenario,611,307,3,4,6,0,90,15,1,155641,AdultFemaleAgent(Clone),11,10,1.58,1.450001,2.458984,1,False,3,1,0.3333333
2026-03-07_02.59.52,269,sign-optimization-horizontal-vertical_scenario,611,307,3,4,6,0,90,15,1,155642,AdultFemaleAgent(Clone),6,12,1.58,1.45,8.053711,2,True,2,1,0.5
2026-03-07_02.59.52,269,sign-optimization-horizontal-vertical_scenario,611,307,3,4,6,0,90,15,1,155643,AdultFemaleAgent(Clone),7,11,1.58,1.450001,12.66797,1,True,2,1,0.5
2026-03-07_02.59.52,269,sign-optimization-horizontal-vertical_scenario,611,307,3,4,6,0,90,15,1,155644,AdultMaleAgent(Clone),11,10,1.71,1.58,10.49414,2,True,3,2,0.6666667
2026-03-07_02.59.52,269,sign-optimization-horizontal-vertical_scenario,611,307,3,4,6,0,90,15,1,155645,AdultMaleAgent(Clone),6,12,1.71,1.58,8.142578,2,True,2,1,0.5
2026-03-07_02.59.52,269,sign-optimization-horizontal-vertical_scenario,611,307,3,4,6,0,90,15,1,155646,AdultFemaleAgent(Clone),6,12,1.58,1.45,7.792969,2,True,2,1,0.5
2026-03-07_02.59.52,269,sign-optimization-horizontal-vertical_scenario,611,307,3,4,6,0,90,15,1,155647,AdultMaleAgent(Clone),5,10,1.71,1.58,0,0,False,2,0,0
2026-03-07_02.59.52,269,sign-optimization-horizontal-vertical_scenario,611,307,3,4,6,0,90,15,1,155648,AdultFemaleAgent(Clone),7,11,1.58,1.450001,15.75879,1,True,2,1,0.5
2026-03-07_02.59.52,269,sign-optimization-horizontal-vertical_scenario,611,307,3,4,6,0,90,15,1,155649,WheelchairAgent(Clone),7,11,1.3,1.17,1.063477,3,False,2,0,0
2026-03-07_02.59.52,269,sign-optimization-horizontal-vertical_scenario,611,307,3,4,6,0,90,15,1,155650,AdultFemaleAgent(Clone),6,12,1.58,1.45,9.368164,2,True,2,1,0.5
2026-03-07_02.59.52,269,sign-optimization-horizontal-vertical_scenario,611,307,3,4,6,0,90,15,1,155651,WheelchairAgent(Clone),6,12,1.3,1.17,8.6875,2,True,2,1,0.5
2026-03-07_02.59.52,269,sign-optimization-horizontal-vertical_scenario,611,307,3,4,6,0,90,15,1,155652,AdultMaleAgent(Clone),7,11,1.71,1.58,9.019531,1,False,2,0,0
2026-03-07_02.59.52,269,sign-optimization-horizontal-vertical_scenario,611,307,3,4,6,0,90,15,1,155653,AdultFemaleAgent(Clone),6,12,1.58,1.45,8.844727,2,True,2,1,0.5
2026-03-07_02.59.52,269,sign-optimization-horizontal-vertical_scenario,611,307,3,4,6,0,90,15,1,155654,AdultMaleAgent(Clone),11,10,1.71,1.58,0.8076172,2,False,3,2,0.6666667
2026-03-07_02.59.52,269,sign-optimization-horizontal-vertical_scenario,611,307,3,4,6,0,90,15,1,155655,AdultMaleAgent(Clone),11,10,1.71,1.58,10.57324,2,True,3,2,0.6666667
2026-03-07_02.59.52,269,sign-optimization-horizontal-vertical_scenario,611,307,3,4,6,0,90,15,1,155656,WheelchairAgent(Clone),5,10,1.3,1.17,0,0,False,2,0,0
2026-03-07_02.59.52,269,sign-optimization-horizontal-vertical_scenario,611,307,3,4,6,0,90,15,1,155657,AdultMaleAgent(Clone),6,12,1.71,1.58,9.856445,2,True,2,1,0.5
2026-03-07_02.59.52,269,sign-optimization-horizontal-vertical_scenario,611,307,3,4,6,0,90,15,1,155658,AdultFemaleAgent(Clone),10,12,1.58,1.45,9.200195,2,True,3,1,0.3333333
2026-03-07_02.59.52,269,sign-optimization-horizontal-vertical_scenario,611,307,3,4,6,0,90,15,1,155659,AdultFemaleAgent(Clone),5,10,1.58,1.45,0,0,False,2,0,0
2026-03-07_02.59.52,269,sign-optimization-horizontal-vertical_scenario,611,307,3,4,6,0,90,15,1,155660,AdultMaleAgent(Clone),10,12,1.71,1.58,9.245117,2,True,3,1,0.3333333
2026-03-07_02.59.52,269,sign-optimization-horizontal-vertical_scenario,611,307,3,4,6,0,90,15,1,155661,AdultMaleAgent(Clone),10,12,1.71,1.58,8.597656,2,True,3,1,0.3333333
2026-03-07_02.59.52,269,sign-optimization-horizontal-vertical_scenario,611,307,3,4,6,0,90,15,1,155662,AdultMaleAgent(Clone),6,12,1.71,1.58,9.958008,2,True,2,1,0.5
2026-03-07_02.59.52,269,sign-optimization-horizontal-vertical_scenario,611,307,3,4,6,0,90,15,1,155663,AdultFemaleAgent(Clone),7,11,1.58,1.450001,11.69824,1,True,2,1,0.5
2026-03-07_02.59.52,269,sign-optimization-horizontal-vertical_scenario,611,307,3,4,6,0,90,15,1,155664,AdultFemaleAgent(Clone),7,11,1.58,1.450001,10.20801,1,False,2,1,0.5
2026-03-07_02.59.52,269,sign-optimization-horizontal-vertical_scenario,611,307,3,4,6,0,90,15,1,155665,AdultMaleAgent(Clone),7,11,1.71,1.58,9.40625,1,False,2,0,0
2026-03-07_02.59.52,269,sign-optimization-horizontal-vertical_scenario,611,307,3,4,6,0,90,15,1,155666,AdultFemaleAgent(Clone),5,10,1.58,1.45,0,0,False,2,0,0
2026-03-07_02.59.52,269,sign-optimization-horizontal-vertical_scenario,611,307,3,4,6,0,90,15,1,155667,WheelchairAgent(Clone),11,10,1.3,1.17,9.392578,2,False,3,2,0.6666667
2026-03-07_02.59.52,269,sign-optimization-horizontal-vertical_scenario,611,307,3,4,6,0,90,15,1,155668,AdultMaleAgent(Clone),7,11,1.71,1.58,11.24805,1,True,2,1,0.5
2026-03-07_02.59.52,269,sign-optimization-horizontal-vertical_scenario,611,307,3,4,6,0,90,15,1,155669,AdultMaleAgent(Clone),10,12,1.71,1.58,9.467773,2,True,3,1,0.3333333
2026-03-07_02.59.52,269,sign-optimization-horizontal-vertical_scenario,611,307,3,4,6,0,90,15,1,155670,WheelchairAgent(Clone),7,11,1.3,1.17,15.64355,1,True,2,1,0.5
2026-03-07_02.59.52,269,sign-optimization-horizontal-vertical_scenario,611,307,3,4,6,0,90,15,1,155671,WheelchairAgent(Clone),10,12,1.3,1.17,9.849609,2,True,3,1,0.3333333
2026-03-07_02.59.52,269,sign-optimization-horizontal-vertical_scenario,611,307,3,4,6,0,90,15,1,155672,AdultFemaleAgent(Clone),7,11,1.58,1.450001,9.681641,1,False,2,0,0
2026-03-07_02.59.52,269,sign-optimization-horizontal-vertical_scenario,611,307,3,4,6,0,90,15,1,155673,WheelchairAgent(Clone),7,11,1.3,1.17,11.28223,1,True,2,1,0.5
2026-03-07_02.59.52,269,sign-optimization-horizontal-vertical_scenario,611,307,3,4,6,0,90,15,1,155674,AdultMaleAgent(Clone),10,12,1.71,1.58,9.750977,2,True,3,1,0.3333333
2026-03-07_02.59.52,269,sign-optimization-horizontal-vertical_scenario,611,307,3,4,6,0,90,15,1,155675,AdultFemaleAgent(Clone),10,12,1.58,1.45,9.925781,2,True,3,1,0.3333333
2026-03-07_02.59.52,269,sign-optimization-horizontal-vertical_scenario,611,307,3,4,6,0,90,15,1,155676,AdultFemaleAgent(Clone),5,10,1.58,1.45,0,0,False,2,0,0
2026-03-07_02.59.52,269,sign-optimization-horizontal-vertical_scenario,611,307,3,4,6,0,90,15,1,155677,AdultFemaleAgent(Clone),7,11,1.58,1.450001,9.231445,1,False,2,1,0.5
2026-03-07_02.59.52,269,sign-optimization-horizontal-vertical_scenario,611,307,3,4,6,0,90,15,1,155678,AdultMaleAgent(Clone),5,10,1.71,1.58,0,0,False,2,0,0
2026-03-07_02.59.52,269,sign-optimization-horizontal-vertical_scenario,611,307,3,4,6,0,90,15,1,155679,WheelchairAgent(Clone),5,10,1.3,1.17,0,0,False,2,0,0
2026-03-07_02.59.52,269,sign-optimization-horizontal-vertical_scenario,611,307,3,4,6,0,90,15,1,155680,WheelchairAgent(Clone),7,11,1.3,1.17,13.29785,1,True,2,1,0.5
2026-03-07_02.59.52,269,sign-optimization-horizontal-vertical_scenario,611,307,3,4,6,0,90,15,1,155681,AdultMaleAgent(Clone),11,10,1.71,1.58,10.26758,2,True,3,1,0.3333333
2026-03-07_02.59.52,269,sign-optimization-horizontal-vertical_scenario,611,307,3,4,6,0,90,15,1,155682,AdultFemaleAgent(Clone),7,11,1.58,1.450001,10.78809,1,True,2,1,0.5
2026-03-07_02.59.52,269,sign-optimization-horizontal-vertical_scenario,611,307,3,4,6,0,90,15,1,155683,WheelchairAgent(Clone),11,10,1.3,1.17,9.762695,3,False,3,2,0.6666667
2026-03-07_02.59.52,269,sign-optimization-horizontal-vertical_scenario,611,307,3,4,6,0,90,15,1,155684,AdultFemaleAgent(Clone),7,11,1.58,1.450001,2.333984,1,False,2,0,0
2026-03-07_02.59.52,269,sign-optimization-horizontal-vertical_scenario,611,307,3,4,6,0,90,15,1,155685,AdultFemaleAgent(Clone),5,10,1.58,1.45,0,0,False,2,0,0
2026-03-07_02.59.52,269,sign-optimization-horizontal-vertical_scenario,611,307,3,4,6,0,90,15,1,155686,AdultFemaleAgent(Clone),7,11,1.58,1.450001,12.23926,1,True,2,1,0.5
2026-03-07_02.59.52,269,sign-optimization-horizontal-vertical_scenario,611,307,3,4,6,0,90,15,1,155687,AdultMaleAgent(Clone),5,10,1.71,1.58,0,0,False,2,0,0
2026-03-07_02.59.52,269,sign-optimization-horizontal-vertical_scenario,611,307,3,4,6,0,90,15,1,155688,AdultFemaleAgent(Clone),10,12,1.58,1.45,12.18652,2,True,3,1,0.3333333
2026-03-07_02.59.52,269,sign-optimization-horizontal-vertical_scenario,611,307,3,4,6,0,90,15,1,155689,AdultMaleAgent(Clone),5,10,1.71,1.58,0.1826172,1,False,2,1,0.5
2026-03-07_02.59.52,269,sign-optimization-horizontal-vertical_scenario,611,307,3,4,6,0,90,15,1,155690,WheelchairAgent(Clone),11,10,1.3,1.17,9.582031,2,True,3,1,0.3333333
2026-03-07_02.59.52,269,sign-optimization-horizontal-vertical_scenario,611,307,3,4,6,0,90,15,1,155691,AdultFemaleAgent(Clone),7,11,1.58,1.450001,11.09766,1,False,2,1,0.5
2026-03-07_02.59.52,269,sign-optimization-horizontal-vertical_scenario,611,307,3,4,6,0,90,15,1,155692,AdultMaleAgent(Clone),7,11,1.71,1.58,13.31934,1,True,2,1,0.5
2026-03-07_02.59.52,269,sign-optimization-horizontal-vertical_scenario,611,307,3,4,6,0,90,15,1,155693,AdultFemaleAgent(Clone),6,12,1.58,1.45,9.071289,2,True,2,1,0.5
2026-03-07_02.59.52,269,sign-optimization-horizontal-vertical_scenario,611,307,3,4,6,0,90,15,1,155694,AdultFemaleAgent(Clone),6,12,1.58,1.45,9.741211,2,True,2,1,0.5
2026-03-07_02.59.52,269,sign-optimization-horizontal-vertical_scenario,611,307,3,4,6,0,90,15,1,155695,AdultFemaleAgent(Clone),6,12,1.58,1.45,8.381836,2,True,2,1,0.5
2026-03-07_02.59.52,269,sign-optimization-horizontal-vertical_scenario,611,307,3,4,6,0,90,15,1,155696,AdultFemaleAgent(Clone),11,10,1.58,1.450001,11.28809,2,True,3,2,0.6666667
2026-03-07_02.59.52,269,sign-optimization-horizontal-vertical_scenario,611,307,3,4,6,0,90,15,1,155697,WheelchairAgent(Clone),11,10,1.3,1.17,10.85938,2,True,3,1,0.3333333
2026-03-07_02.59.52,269,sign-optimization-horizontal-vertical_scenario,611,307,3,4,6,0,90,15,1,155698,AdultFemaleAgent(Clone),11,10,1.58,1.450001,11.00488,2,True,3,2,0.6666667
2026-03-07_02.59.52,269,sign-optimization-horizontal-vertical_scenario,611,307,3,4,6,0,90,15,1,155699,WheelchairAgent(Clone),10,12,1.3,1.17,8.670898,2,True,3,1,0.3333333
2026-03-07_02.59.52,269,sign-optimization-horizontal-vertical_scenario,611,307,3,4,6,0,90,15,1,155700,WheelchairAgent(Clone),7,11,1.3,1.17,0.8554688,2,False,2,0,0
2026-03-07_02.59.52,269,sign-optimization-horizontal-vertical_scenario,611,307,3,4,6,0,90,15,1,155701,WheelchairAgent(Clone),10,12,1.3,1.17,9.980469,2,True,3,1,0.3333333
2026-03-07_02.59.52,269,sign-optimization-horizontal-vertical_scenario,611,307,3,4,6,0,90,15,1,155702,AdultMaleAgent(Clone),5,10,1.71,1.58,0,0,False,2,0,0
2026-03-07_02.59.52,269,sign-optimization-horizontal-vertical_scenario,611,307,3,4,6,0,90,15,1,155703,WheelchairAgent(Clone),5,10,1.3,1.17,0,0,False,2,0,0
2026-03-07_02.59.52,269,sign-optimization-horizontal-vertical_scenario,611,307,3,4,6,0,90,15,1,155704,AdultMaleAgent(Clone),5,10,1.71,1.58,0,0,False,2,0,0
2026-03-07_02.59.52,269,sign-optimization-horizontal-vertical_scenario,611,307,3,4,6,0,90,15,1,155705,WheelchairAgent(Clone),6,12,1.3,1.17,7.78125,2,True,2,1,0.5
2026-03-07_02.59.52,269,sign-optimization-horizontal-vertical_scenario,611,307,3,4,6,0,90,15,1,155706,AdultMaleAgent(Clone),11,10,1.71,1.58,9.40332,3,True,3,2,0.6666667
2026-03-07_02.59.52,269,sign-optimization-horizontal-vertical_scenario,611,307,3,4,6,0,90,15,1,155707,WheelchairAgent(Clone),5,10,1.3,1.17,0,0,False,2,0,0
2026-03-07_02.59.52,269,sign-optimization-horizontal-vertical_scenario,611,307,3,4,6,0,90,15,1,155708,AdultMaleAgent(Clone),7,11,1.71,1.58,1.279297,2,False,2,0,0
2026-03-07_02.59.52,269,sign-optimization-horizontal-vertical_scenario,611,307,3,4,6,0,90,15,1,155709,AdultFemaleAgent(Clone),7,11,1.58,1.450001,16.35449,1,True,2,1,0.5
2026-03-07_02.59.52,269,sign-optimization-horizontal-vertical_scenario,611,307,3,4,6,0,90,15,1,155710,WheelchairAgent(Clone),6,12,1.3,1.17,9.950195,2,True,2,1,0.5
2026-03-07_02.59.52,269,sign-optimization-horizontal-vertical_scenario,611,307,3,4,6,0,90,15,1,155711,AdultMaleAgent(Clone),7,11,1.71,1.58,11.21484,1,False,2,1,0.5
2026-03-07_02.59.52,269,sign-optimization-horizontal-vertical_scenario,611,307,3,4,6,0,90,15,1,155712,AdultMaleAgent(Clone),5,10,1.71,1.58,0,0,False,2,0,0
2026-03-07_02.59.52,269,sign-optimization-horizontal-vertical_scenario,611,307,3,4,6,0,90,15,1,155713,AdultFemaleAgent(Clone),10,12,1.58,1.45,9.082031,2,True,3,1,0.3333333
2026-03-07_02.59.52,269,sign-optimization-horizontal-vertical_scenario,611,307,3,4,6,0,90,15,1,155714,AdultFemaleAgent(Clone),6,12,1.58,1.45,9.532227,2,True,2,1,0.5
2026-03-07_02.59.52,269,sign-optimization-horizontal-vertical_scenario,611,307,3,4,6,0,90,15,1,155715,WheelchairAgent(Clone),7,11,1.3,1.17,15.07715,1,True,2,1,0.5
2026-03-07_02.59.52,269,sign-optimization-horizontal-vertical_scenario,611,307,3,4,6,0,90,15,1,155716,WheelchairAgent(Clone),7,11,1.3,1.17,13.79688,1,True,2,1,0.5
2026-03-07_02.59.52,269,sign-optimization-horizontal-vertical_scenario,611,307,3,4,6,0,90,15,1,155717,AdultMaleAgent(Clone),10,12,1.71,1.58,9.953125,2,True,3,1,0.3333333
2026-03-07_02.59.52,269,sign-optimization-horizontal-vertical_scenario,611,307,3,4,6,0,90,15,1,155718,WheelchairAgent(Clone),7,11,1.3,1.17,1.410156,2,False,2,0,0
2026-03-07_02.59.52,269,sign-optimization-horizontal-vertical_scenario,611,307,3,4,6,0,90,15,1,155719,AdultMaleAgent(Clone),10,12,1.71,1.58,9.283203,2,True,3,1,0.3333333
2026-03-07_02.59.52,269,sign-optimization-horizontal-vertical_scenario,611,307,3,4,6,0,90,15,1,155720,AdultFemaleAgent(Clone),11,10,1.58,1.450001,11.88867,2,True,3,1,0.3333333
2026-03-07_02.59.52,269,sign-optimization-horizontal-vertical_scenario,611,307,3,4,6,0,90,15,1,155721,AdultFemaleAgent(Clone),5,10,1.58,1.45,0,0,False,2,0,0
2026-03-07_02.59.52,269,sign-optimization-horizontal-vertical_scenario,611,307,3,4,6,0,90,15,1,155722,WheelchairAgent(Clone),10,12,1.3,1.17,8.540039,2,False,3,1,0.3333333
2026-03-07_02.59.52,269,sign-optimization-horizontal-vertical_scenario,611,307,3,4,6,0,90,15,1,155723,AdultMaleAgent(Clone),10,12,1.71,1.58,9.65918,2,True,3,1,0.3333333
2026-03-07_02.59.52,269,sign-optimization-horizontal-vertical_scenario,611,307,3,4,6,0,90,15,1,155724,WheelchairAgent(Clone),5,10,1.3,1.17,0,0,False,2,0,0
2026-03-07_02.59.52,269,sign-optimization-horizontal-vertical_scenario,611,307,3,4,6,0,90,15,1,155725,AdultFemaleAgent(Clone),5,10,1.58,1.45,0,0,False,2,0,0
2026-03-07_02.59.52,269,sign-optimization-horizontal-vertical_scenario,611,307,3,4,6,0,90,15,1,155726,WheelchairAgent(Clone),6,12,1.3,1.17,9.619141,2,True,2,1,0.5
2026-03-07_02.59.52,269,sign-optimization-horizontal-vertical_scenario,611,307,3,4,6,0,90,15,1,155727,AdultMaleAgent(Clone),7,11,1.71,1.58,10.14355,1,False,2,1,0.5
2026-03-07_02.59.52,269,sign-optimization-horizontal-vertical_scenario,611,307,3,4,6,0,90,15,1,155728,WheelchairAgent(Clone),5,10,1.3,1.17,0,0,False,2,0,0
2026-03-07_02.59.52,269,sign-optimization-horizontal-vertical_scenario,611,307,3,4,6,0,90,15,1,155729,AdultMaleAgent(Clone),7,11,1.71,1.58,11.53711,1,True,2,1,0.5
2026-03-07_02.59.52,269,sign-optimization-horizontal-vertical_scenario,611,307,3,4,6,0,90,15,1,155730,AdultFemaleAgent(Clone),11,10,1.58,1.450001,0.5380859,2,True,3,1,0.3333333
2026-03-07_02.59.52,269,sign-optimization-horizontal-vertical_scenario,611,307,3,4,6,0,90,15,1,155731,WheelchairAgent(Clone),10,12,1.3,1.17,14.49805,2,True,3,1,0.3333333
2026-03-07_02.59.52,269,sign-optimization-horizontal-vertical_scenario,611,307,3,4,6,0,90,15,1,155732,AdultMaleAgent(Clone),11,10,1.71,1.58,9.951172,2,True,3,2,0.6666667
2026-03-07_02.59.52,269,sign-optimization-horizontal-vertical_scenario,611,307,3,4,6,0,90,15,1,155733,AdultMaleAgent(Clone),10,12,1.71,1.58,8.849609,2,True,3,1,0.3333333
2026-03-07_02.59.52,269,sign-optimization-horizontal-vertical_scenario,611,307,3,4,6,0,90,15,1,155734,WheelchairAgent(Clone),7,11,1.3,1.17,11.4873,1,False,2,1,0.5
2026-03-07_02.59.52,269,sign-optimization-horizontal-vertical_scenario,611,307,3,4,6,0,90,15,1,155735,AdultMaleAgent(Clone),5,10,1.71,1.58,0,0,False,2,0,0
2026-03-07_02.59.52,269,sign-optimization-horizontal-vertical_scenario,611,307,3,4,6,0,90,15,1,155736,AdultMaleAgent(Clone),11,10,1.71,1.58,13.36621,1,True,3,2,0.6666667
2026-03-07_02.59.52,269,sign-optimization-horizontal-vertical_scenario,611,307,3,4,6,0,90,15,1,155737,WheelchairAgent(Clone),11,10,1.3,1.17,0.7236328,2,False,3,1,0.3333333
2026-03-07_02.59.52,269,sign-optimization-horizontal-vertical_scenario,611,307,3,4,6,0,90,15,1,155738,AdultFemaleAgent(Clone),5,10,1.58,1.45,0,0,False,2,0,0
2026-03-07_02.59.52,269,sign-optimization-horizontal-vertical_scenario,611,307,3,4,6,0,90,15,1,155739,AdultFemaleAgent(Clone),11,10,1.58,1.450001,3.466797,2,True,3,2,0.6666667
2026-03-07_02.59.52,269,sign-optimization-horizontal-vertical_scenario,611,307,3,4,6,0,90,15,1,155740,WheelchairAgent(Clone),10,12,1.3,1.17,9.608398,2,True,3,1,0.3333333
2026-03-07_02.59.52,269,sign-optimization-horizontal-vertical_scenario,611,307,3,4,6,0,90,15,1,155741,AdultFemaleAgent(Clone),6,12,1.58,1.45,8.639648,2,True,2,1,0.5
2026-03-07_02.59.52,269,sign-optimization-horizontal-vertical_scenario,611,307,3,4,6,0,90,15,1,155742,AdultMaleAgent(Clone),11,10,1.71,1.58,10.71777,2,True,3,2,0.6666667
2026-03-07_02.59.52,269,sign-optimization-horizontal-vertical_scenario,611,307,3,4,6,0,90,15,1,155743,AdultMaleAgent(Clone),7,11,1.71,1.58,9.160156,1,False,2,0,0
2026-03-07_02.59.52,269,sign-optimization-horizontal-vertical_scenario,611,307,3,4,6,0,90,15,1,155744,AdultMaleAgent(Clone),11,10,1.71,1.58,2.256836,1,True,3,1,0.3333333
2026-03-07_02.59.52,269,sign-optimization-horizontal-vertical_scenario,611,307,3,4,6,0,90,15,1,155745,AdultFemaleAgent(Clone),6,12,1.58,1.45,8.595703,2,True,2,1,0.5
2026-03-07_02.59.52,269,sign-optimization-horizontal-vertical_scenario,611,307,3,4,6,0,90,15,1,155746,AdultMaleAgent(Clone),10,12,1.71,1.58,9.53418,2,True,3,1,0.3333333
2026-03-07_02.59.52,269,sign-optimization-horizontal-vertical_scenario,611,307,3,4,6,0,90,15,1,155747,AdultMaleAgent(Clone),10,12,1.71,1.58,12.29688,2,True,3,1,0.3333333
2026-03-07_02.59.52,269,sign-optimization-horizontal-vertical_scenario,611,307,3,4,6,0,90,15,1,155748,AdultFemaleAgent(Clone),11,10,1.58,1.450001,0.7890625,3,False,3,2,0.6666667
2026-03-07_02.59.52,269,sign-optimization-horizontal-vertical_scenario,611,307,3,4,6,0,90,15,1,155749,AdultMaleAgent(Clone),5,10,1.71,1.58,0,0,False,2,0,0
2026-03-07_02.59.52,269,sign-optimization-horizontal-vertical_scenario,611,307,3,4,6,0,90,15,1,155750,AdultMaleAgent(Clone),11,10,1.71,1.58,0.07421875,2,False,3,1,0.3333333
2026-03-07_02.59.52,269,sign-optimization-horizontal-vertical_scenario,611,307,3,4,6,0,90,15,1,155751,AdultMaleAgent(Clone),7,11,1.71,1.58,11.46973,1,True,2,1,0.5
2026-03-07_02.59.52,269,sign-optimization-horizontal-vertical_scenario,611,307,3,4,6,0,90,15,1,155752,AdultFemaleAgent(Clone),6,12,1.58,1.45,9.660156,2,True,2,1,0.5
2026-03-07_02.59.52,269,sign-optimization-horizontal-vertical_scenario,611,307,3,4,6,0,90,15,1,155753,AdultMaleAgent(Clone),7,11,1.71,1.58,2.795898,1,False,2,0,0
2026-03-07_02.59.52,269,sign-optimization-horizontal-vertical_scenario,611,307,3,4,6,0,90,15,1,155754,AdultFemaleAgent(Clone),5,10,1.58,1.45,0,0,False,2,0,0
2026-03-07_02.59.52,269,sign-optimization-horizontal-vertical_scenario,611,307,3,4,6,0,90,15,1,155755,AdultFemaleAgent(Clone),7,11,1.58,1.450001,10.58398,1,False,2,1,0.5
2026-03-07_02.59.52,269,sign-optimization-horizontal-vertical_scenario,611,307,3,4,6,0,90,15,1,155756,WheelchairAgent(Clone),11,10,1.3,1.17,8.393555,3,False,3,1,0.3333333
2026-03-07_02.59.52,269,sign-optimization-horizontal-vertical_scenario,611,307,3,4,6,0,90,15,1,155757,AdultFemaleAgent(Clone),7,11,1.58,1.450001,4.945313,1,False,2,0,0
2026-03-07_02.59.52,269,sign-optimization-horizontal-vertical_scenario,611,307,3,4,6,0,90,15,1,155758,WheelchairAgent(Clone),5,10,1.3,1.17,0,0,False,2,0,0
2026-03-07_02.59.52,269,sign-optimization-horizontal-vertical_scenario,611,307,3,4,6,0,90,15,1,155759,WheelchairAgent(Clone),10,12,1.3,1.17,12.51074,2,True,3,1,0.3333333
2026-03-07_02.59.52,269,sign-optimization-horizontal-vertical_scenario,611,307,3,4,6,0,90,15,1,155760,WheelchairAgent(Clone),6,12,1.3,1.17,9.871094,2,True,2,1,0.5
2026-03-07_02.59.52,269,sign-optimization-horizontal-vertical_scenario,611,307,3,4,6,0,90,15,1,155761,AdultFemaleAgent(Clone),11,10,1.58,1.450001,9.386719,3,True,3,1,0.3333333
2026-03-07_02.59.52,269,sign-optimization-horizontal-vertical_scenario,611,307,3,4,6,0,90,15,1,155762,AdultMaleAgent(Clone),7,11,1.71,1.58,13.36328,1,True,2,1,0.5
2026-03-07_02.59.52,269,sign-optimization-horizontal-vertical_scenario,611,307,3,4,6,0,90,15,1,155763,AdultMaleAgent(Clone),10,12,1.71,1.58,9.52832,2,True,3,1,0.3333333
2026-03-07_02.59.52,269,sign-optimization-horizontal-vertical_scenario,611,307,3,4,6,0,90,15,1,155764,AdultFemaleAgent(Clone),6,12,1.58,1.45,8.387695,2,True,2,1,0.5
2026-03-07_02.59.52,269,sign-optimization-horizontal-vertical_scenario,611,307,3,4,6,0,90,15,1,155765,WheelchairAgent(Clone),5,10,1.3,1.17,0,0,False,2,0,0
2026-03-07_02.59.52,269,sign-optimization-horizontal-vertical_scenario,611,307,3,4,6,0,90,15,1,155766,AdultFemaleAgent(Clone),6,12,1.58,1.45,9.173828,2,True,2,1,0.5
2026-03-07_02.59.52,269,sign-optimization-horizontal-vertical_scenario,611,307,3,4,6,0,90,15,1,155767,AdultFemaleAgent(Clone),11,10,1.58,1.450001,9.648438,2,True,3,1,0.3333333
2026-03-07_02.59.52,269,sign-optimization-horizontal-vertical_scenario,611,307,3,4,6,0,90,15,1,155768,AdultMaleAgent(Clone),5,10,1.71,1.58,0,0,False,2,0,0
2026-03-07_02.59.52,269,sign-optimization-horizontal-vertical_scenario,611,307,3,4,6,0,90,15,1,155769,AdultMaleAgent(Clone),6,12,1.71,1.58,8.107422,2,True,2,1,0.5
2026-03-07_02.59.52,269,sign-optimization-horizontal-vertical_scenario,611,307,3,4,6,0,90,15,1,155770,AdultMaleAgent(Clone),11,10,1.71,1.58,0.8457031,2,False,3,2,0.6666667
2026-03-07_02.59.52,269,sign-optimization-horizontal-vertical_scenario,611,307,3,4,6,0,90,15,1,155771,AdultMaleAgent(Clone),10,12,1.71,1.58,8.482422,2,True,3,1,0.3333333
2026-03-07_02.59.52,269,sign-optimization-horizontal-vertical_scenario,611,307,3,4,6,0,90,15,1,155772,AdultFemaleAgent(Clone),11,10,1.58,1.450001,10.18555,2,True,3,2,0.6666667
2026-03-07_02.59.52,269,sign-optimization-horizontal-vertical_scenario,611,307,3,4,6,0,90,15,1,155773,AdultMaleAgent(Clone),6,12,1.71,1.58,7.307617,2,True,2,1,0.5
2026-03-07_02.59.52,269,sign-optimization-horizontal-vertical_scenario,611,307,3,4,6,0,90,15,1,155774,AdultFemaleAgent(Clone),6,12,1.58,1.45,9.708984,2,True,2,1,0.5
2026-03-07_02.59.52,269,sign-optimization-horizontal-vertical_scenario,611,307,3,4,6,0,90,15,1,155775,AdultFemaleAgent(Clone),5,10,1.58,1.45,0,0,False,2,0,0
2026-03-07_02.59.52,269,sign-optimization-horizontal-vertical_scenario,611,307,3,4,6,0,90,15,1,155776,AdultMaleAgent(Clone),6,12,1.71,1.58,10.2793,2,True,2,1,0.5
2026-03-07_02.59.52,269,sign-optimization-horizontal-vertical_scenario,611,307,3,4,6,0,90,15,1,155777,AdultFemaleAgent(Clone),10,12,1.58,1.45,8.750977,2,True,3,1,0.3333333
2026-03-07_02.59.52,269,sign-optimization-horizontal-vertical_scenario,611,307,3,4,6,0,90,15,1,155778,AdultFemaleAgent(Clone),7,11,1.58,1.450001,9.980469,1,False,2,1,0.5
2026-03-07_02.59.52,269,sign-optimization-horizontal-vertical_scenario,611,307,3,4,6,0,90,15,1,155779,AdultMaleAgent(Clone),7,11,1.71,1.58,2.375,2,False,2,0,0
2026-03-07_02.59.52,269,sign-optimization-horizontal-vertical_scenario,611,307,3,4,6,0,90,15,1,155780,AdultFemaleAgent(Clone),11,10,1.58,1.450001,3.804688,2,True,3,2,0.6666667
2026-03-07_02.59.52,269,sign-optimization-horizontal-vertical_scenario,611,307,3,4,6,0,90,15,1,155781,AdultMaleAgent(Clone),7,11,1.71,1.58,14.7002,1,True,2,1,0.5
2026-03-07_02.59.52,269,sign-optimization-horizontal-vertical_scenario,611,307,3,4,6,0,90,15,1,155782,AdultMaleAgent(Clone),7,11,1.71,1.58,12.65039,1,True,2,1,0.5
2026-03-07_02.59.52,269,sign-optimization-horizontal-vertical_scenario,611,307,3,4,6,0,90,15,1,155783,AdultFemaleAgent(Clone),7,11,1.58,1.450001,9.417969,1,False,2,0,0
2026-03-07_02.59.52,269,sign-optimization-horizontal-vertical_scenario,611,307,3,4,6,0,90,15,1,155784,AdultFemaleAgent(Clone),11,10,1.58,1.450001,11.31055,1,True,3,1,0.3333333
2026-03-07_02.59.52,269,sign-optimization-horizontal-vertical_scenario,611,307,3,4,6,0,90,15,1,155785,WheelchairAgent(Clone),6,12,1.3,1.17,9.714844,2,True,2,1,0.5
2026-03-07_02.59.52,269,sign-optimization-horizontal-vertical_scenario,611,307,3,4,6,0,90,15,1,155786,AdultFemaleAgent(Clone),11,10,1.58,1.450001,0.6855469,2,False,3,2,0.6666667
2026-03-07_02.59.52,269,sign-optimization-horizontal-vertical_scenario,611,307,3,4,6,0,90,15,1,155787,AdultMaleAgent(Clone),6,12,1.71,1.58,8.00293,2,True,2,1,0.5
2026-03-07_02.59.52,269,sign-optimization-horizontal-vertical_scenario,611,307,3,4,6,0,90,15,1,155788,AdultFemaleAgent(Clone),6,12,1.58,1.45,8.399414,2,True,2,1,0.5
2026-03-07_02.59.52,269,sign-optimization-horizontal-vertical_scenario,611,307,3,4,6,0,90,15,1,155789,AdultMaleAgent(Clone),11,10,1.71,1.58,5.017578,1,False,3,1,0.3333333
2026-03-07_02.59.52,269,sign-optimization-horizontal-vertical_scenario,611,307,3,4,6,0,90,15,1,155790,WheelchairAgent(Clone),11,10,1.3,1.17,0.8203125,2,False,3,2,0.6666667
2026-03-07_02.59.52,269,sign-optimization-horizontal-vertical_scenario,611,307,3,4,6,0,90,15,1,155791,AdultMaleAgent(Clone),5,10,1.71,1.58,0,0,False,2,0,0
2026-03-07_02.59.52,269,sign-optimization-horizontal-vertical_scenario,611,307,3,4,6,0,90,15,1,155792,AdultMaleAgent(Clone),6,12,1.71,1.58,8.414063,2,True,2,1,0.5
2026-03-07_02.59.52,269,sign-optimization-horizontal-vertical_scenario,611,307,3,4,6,0,90,15,1,155793,AdultFemaleAgent(Clone),7,11,1.58,1.450001,3.831055,1,False,2,0,0
2026-03-07_02.59.52,269,sign-optimization-horizontal-vertical_scenario,611,307,3,4,6,0,90,15,1,155794,AdultMaleAgent(Clone),10,12,1.71,1.58,11.21094,2,True,3,1,0.3333333
2026-03-07_02.59.52,269,sign-optimization-horizontal-vertical_scenario,611,307,3,4,6,0,90,15,1,155795,WheelchairAgent(Clone),11,10,1.3,1.17,9.37207,1,True,3,2,0.6666667
2026-03-07_02.59.52,269,sign-optimization-horizontal-vertical_scenario,611,307,3,4,6,0,90,15,1,155796,WheelchairAgent(Clone),11,10,1.3,1.17,0.8642578,3,False,3,1,0.3333333
2026-03-07_02.59.52,269,sign-optimization-horizontal-vertical_scenario,611,307,3,4,6,0,90,15,1,155797,AdultFemaleAgent(Clone),10,12,1.58,1.45,6.633789,1,True,3,1,0.3333333
2026-03-07_02.59.52,269,sign-optimization-horizontal-vertical_scenario,611,307,3,4,6,0,90,15,1,155798,AdultMaleAgent(Clone),11,10,1.71,1.58,11.85449,1,True,3,1,0.3333333
2026-03-07_02.59.52,269,sign-optimization-horizontal-vertical_scenario,611,307,3,4,6,0,90,15,1,155799,AdultMaleAgent(Clone),5,10,1.71,1.58,0,0,False,2,0,0
2026-03-07_02.59.52,269,sign-optimization-horizontal-vertical_scenario,611,307,3,4,6,0,90,15,1,155800,AdultMaleAgent(Clone),5,10,1.71,1.58,0,0,False,2,0,0
2026-03-07_02.59.52,269,sign-optimization-horizontal-vertical_scenario,611,307,3,4,6,0,90,15,1,155801,AdultMaleAgent(Clone),5,10,1.71,1.58,0,0,False,2,0,0
2026-03-07_02.59.52,269,sign-optimization-horizontal-vertical_scenario,611,307,3,4,6,0,90,15,1,155802,AdultFemaleAgent(Clone),7,11,1.58,1.450001,14.99902,1,True,2,1,0.5
2026-03-07_02.59.52,269,sign-optimization-horizontal-vertical_scenario,611,307,3,4,6,0,90,15,1,155803,AdultFemaleAgent(Clone),11,10,1.58,1.450001,0.6699219,2,True,3,2,0.6666667
2026-03-07_02.59.52,269,sign-optimization-horizontal-vertical_scenario,611,307,3,4,6,0,90,15,1,155804,AdultFemaleAgent(Clone),11,10,1.58,1.450001,0.6757813,2,False,3,2,0.6666667
2026-03-07_02.59.52,269,sign-optimization-horizontal-vertical_scenario,611,307,3,4,6,0,90,15,1,155805,AdultFemaleAgent(Clone),10,12,1.58,1.45,10.47168,2,True,3,1,0.3333333
2026-03-07_02.59.52,269,sign-optimization-horizontal-vertical_scenario,611,307,3,4,6,0,90,15,1,155806,WheelchairAgent(Clone),6,12,1.3,1.17,7.834961,2,True,2,1,0.5
2026-03-07_02.59.52,269,sign-optimization-horizontal-vertical_scenario,611,307,3,4,6,0,90,15,1,155807,AdultFemaleAgent(Clone),11,10,1.58,1.450001,8.642578,1,True,3,2,0.6666667
2026-03-07_02.59.52,269,sign-optimization-horizontal-vertical_scenario,611,307,3,4,6,0,90,15,1,155808,AdultFemaleAgent(Clone),11,10,1.58,1.450001,0.6220703,2,False,3,2,0.6666667
2026-03-07_02.59.52,269,sign-optimization-horizontal-vertical_scenario,611,307,3,4,6,0,90,15,1,155809,AdultFemaleAgent(Clone),7,11,1.58,1.450001,7.999023,1,False,2,0,0
2026-03-07_02.59.52,269,sign-optimization-horizontal-vertical_scenario,611,307,3,4,6,0,90,15,1,155810,AdultFemaleAgent(Clone),11,10,1.58,1.450001,4.634766,1,False,3,1,0.3333333
2026-03-07_02.59.52,269,sign-optimization-horizontal-vertical_scenario,611,307,3,4,6,0,90,15,1,155811,AdultFemaleAgent(Clone),11,10,1.58,1.450001,0.7705078,2,False,3,2,0.6666667
2026-03-07_02.59.52,269,sign-optimization-horizontal-vertical_scenario,611,307,3,4,6,0,90,15,1,155812,WheelchairAgent(Clone),11,10,1.3,1.17,9.738281,1,False,3,1,0.3333333
2026-03-07_02.59.52,269,sign-optimization-horizontal-vertical_scenario,611,307,3,4,6,0,90,15,1,155813,AdultMaleAgent(Clone),5,10,1.71,1.58,0,0,False,2,0,0
2026-03-07_02.59.52,269,sign-optimization-horizontal-vertical_scenario,611,307,3,4,6,0,90,15,1,155814,AdultFemaleAgent(Clone),11,10,1.58,1.450001,5.722656,1,False,3,0,0
2026-03-07_02.59.52,269,sign-optimization-horizontal-vertical_scenario,611,307,3,4,6,0,90,15,1,155815,WheelchairAgent(Clone),10,12,1.3,1.17,8.342773,2,True,3,1,0.3333333
2026-03-07_02.59.52,269,sign-optimization-horizontal-vertical_scenario,611,307,3,4,6,0,90,15,1,155816,AdultMaleAgent(Clone),11,10,1.71,1.58,8.548828,1,True,3,1,0.3333333
2026-03-07_02.59.52,269,sign-optimization-horizontal-vertical_scenario,611,307,3,4,6,0,90,15,1,155817,AdultFemaleAgent(Clone),6,12,1.58,1.45,8.051758,2,True,2,1,0.5
2026-03-07_02.59.52,269,sign-optimization-horizontal-vertical_scenario,611,307,3,4,6,0,90,15,1,155818,AdultMaleAgent(Clone),11,10,1.71,1.58,1.05957,2,True,3,2,0.6666667
2026-03-07_02.59.52,269,sign-optimization-horizontal-vertical_scenario,611,307,3,4,6,0,90,15,1,155819,AdultFemaleAgent(Clone),11,10,1.58,1.450001,12.31738,1,True,3,1,0.3333333
2026-03-07_02.59.52,269,sign-optimization-horizontal-vertical_scenario,611,307,3,4,6,0,90,15,1,155820,WheelchairAgent(Clone),5,10,1.3,1.17,0,0,False,2,0,0
2026-03-07_02.59.52,269,sign-optimization-horizontal-vertical_scenario,611,307,3,4,6,0,90,15,1,155821,AdultMaleAgent(Clone),5,10,1.71,1.58,0,0,False,2,0,0
2026-03-07_02.59.52,269,sign-optimization-horizontal-vertical_scenario,611,307,3,4,6,0,90,15,1,155822,AdultFemaleAgent(Clone),6,12,1.58,1.45,8.553711,2,True,2,1,0.5
2026-03-07_02.59.52,269,sign-optimization-horizontal-vertical_scenario,611,307,3,4,6,0,90,15,1,155823,AdultMaleAgent(Clone),11,10,1.71,1.58,12.2207,1,True,3,2,0.6666667
2026-03-07_02.59.52,269,sign-optimization-horizontal-vertical_scenario,611,307,3,4,6,0,90,15,1,155824,AdultFemaleAgent(Clone),5,10,1.58,1.45,0,0,False,2,0,0
2026-03-07_02.59.52,269,sign-optimization-horizontal-vertical_scenario,611,307,3,4,6,0,90,15,1,155825,AdultMaleAgent(Clone),10,12,1.71,1.58,9.459961,2,True,3,1,0.3333333
2026-03-07_02.59.52,269,sign-optimization-horizontal-vertical_scenario,611,307,3,4,6,0,90,15,1,155826,AdultFemaleAgent(Clone),10,12,1.58,1.45,4.007813,1,True,3,1,0.3333333
2026-03-07_02.59.52,269,sign-optimization-horizontal-vertical_scenario,611,307,3,4,6,0,90,15,1,155827,AdultMaleAgent(Clone),10,12,1.71,1.58,9.198242,2,True,3,1,0.3333333
2026-03-07_02.59.52,269,sign-optimization-horizontal-vertical_scenario,611,307,3,4,6,0,90,15,1,155828,WheelchairAgent(Clone),10,12,1.3,1.17,8.616211,2,True,3,1,0.3333333
2026-03-07_02.59.52,269,sign-optimization-horizontal-vertical_scenario,611,307,3,4,6,0,90,15,1,155829,AdultMaleAgent(Clone),7,11,1.71,1.58,1.675781,2,False,2,0,0
2026-03-07_02.59.52,269,sign-optimization-horizontal-vertical_scenario,611,307,3,4,6,0,90,15,1,155830,AdultMaleAgent(Clone),5,10,1.71,1.58,0,0,False,2,0,0
2026-03-07_02.59.52,269,sign-optimization-horizontal-vertical_scenario,611,307,3,4,6,0,90,15,1,155831,AdultMaleAgent(Clone),11,10,1.71,1.58,0.2695313,2,False,3,0,0
2026-03-07_02.59.52,269,sign-optimization-horizontal-vertical_scenario,611,307,3,4,6,0,90,15,1,155832,WheelchairAgent(Clone),11,10,1.3,1.17,8.791016,1,True,3,1,0.3333333
2026-03-07_02.59.52,269,sign-optimization-horizontal-vertical_scenario,611,307,3,4,6,0,90,15,1,155833,WheelchairAgent(Clone),6,12,1.3,1.17,9.100586,2,True,2,1,0.5
2026-03-07_02.59.52,269,sign-optimization-horizontal-vertical_scenario,611,307,3,4,6,0,90,15,1,155834,WheelchairAgent(Clone),5,10,1.3,1.17,0,0,False,2,0,0
2026-03-07_02.59.52,269,sign-optimization-horizontal-vertical_scenario,611,307,3,4,6,0,90,15,1,155835,AdultFemaleAgent(Clone),6,12,1.58,1.45,9.616211,1,True,2,1,0.5
2026-03-07_02.59.52,269,sign-optimization-horizontal-vertical_scenario,611,307,3,4,6,0,90,15,1,155836,AdultFemaleAgent(Clone),7,11,1.58,1.450001,10.61133,1,False,2,1,0.5
2026-03-07_02.59.52,269,sign-optimization-horizontal-vertical_scenario,611,307,3,4,6,0,90,15,1,155837,AdultMaleAgent(Clone),11,10,1.71,1.58,9.186523,1,True,3,2,0.6666667
2026-03-07_02.59.52,269,sign-optimization-horizontal-vertical_scenario,611,307,3,4,6,0,90,15,1,155838,WheelchairAgent(Clone),7,11,1.3,1.17,0,0,True,2,1,0.5
2026-03-07_02.59.52,269,sign-optimization-horizontal-vertical_scenario,611,307,3,4,6,0,90,15,1,155839,WheelchairAgent(Clone),5,10,1.3,1.17,0,0,False,2,0,0
2026-03-07_02.59.52,269,sign-optimization-horizontal-vertical_scenario,611,307,3,4,6,0,90,15,1,155840,AdultFemaleAgent(Clone),11,10,1.58,1.450001,3.274414,3,True,3,2,0.6666667
2026-03-07_02.59.52,269,sign-optimization-horizontal-vertical_scenario,611,307,3,4,6,0,90,15,1,155841,AdultFemaleAgent(Clone),7,11,1.58,1.450001,11.79004,1,True,2,1,0.5
2026-03-07_02.59.52,269,sign-optimization-horizontal-vertical_scenario,611,307,3,4,6,0,90,15,1,155842,AdultFemaleAgent(Clone),7,11,1.58,1.450001,9.449219,1,False,2,0,0
2026-03-07_02.59.52,269,sign-optimization-horizontal-vertical_scenario,611,307,3,4,6,0,90,15,1,155843,AdultMaleAgent(Clone),6,12,1.71,1.58,6.50293,2,True,2,1,0.5
2026-03-07_02.59.52,269,sign-optimization-horizontal-vertical_scenario,611,307,3,4,6,0,90,15,1,155844,AdultMaleAgent(Clone),6,12,1.71,1.58,7.044922,2,True,2,1,0.5
2026-03-07_02.59.52,269,sign-optimization-horizontal-vertical_scenario,611,307,3,4,6,0,90,15,1,155845,WheelchairAgent(Clone),5,10,1.3,1.17,0,0,False,2,0,0
2026-03-07_02.59.52,269,sign-optimization-horizontal-vertical_scenario,611,307,3,4,6,0,90,15,1,155846,AdultMaleAgent(Clone),5,10,1.71,1.58,0,0,False,2,0,0
2026-03-07_02.59.52,269,sign-optimization-horizontal-vertical_scenario,611,307,3,4,6,0,90,15,1,155847,AdultFemaleAgent(Clone),10,12,1.58,1.45,6.976563,1,True,3,1,0.3333333
2026-03-07_02.59.52,269,sign-optimization-horizontal-vertical_scenario,611,307,3,4,6,0,90,15,1,155848,AdultFemaleAgent(Clone),5,10,1.58,1.45,0,0,False,2,0,0
2026-03-07_02.59.52,269,sign-optimization-horizontal-vertical_scenario,611,307,3,4,6,0,90,15,1,155849,AdultFemaleAgent(Clone),5,10,1.58,1.45,0,0,False,2,0,0
2026-03-07_02.59.52,269,sign-optimization-horizontal-vertical_scenario,611,307,3,4,6,0,90,15,1,155850,AdultMaleAgent(Clone),6,12,1.71,1.58,9.950195,1,True,2,1,0.5
2026-03-07_02.59.52,269,sign-optimization-horizontal-vertical_scenario,611,307,3,4,6,0,90,15,1,155851,AdultFemaleAgent(Clone),10,12,1.58,1.45,7.514648,2,True,3,1,0.3333333
2026-03-07_02.59.52,269,sign-optimization-horizontal-vertical_scenario,611,307,3,4,6,0,90,15,1,155852,AdultFemaleAgent(Clone),5,10,1.58,1.45,0,0,False,2,0,0
2026-03-07_02.59.52,269,sign-optimization-horizontal-vertical_scenario,611,307,3,4,6,0,90,15,1,155853,AdultMaleAgent(Clone),11,10,1.71,1.58,10.11816,1,True,3,2,0.6666667
2026-03-07_02.59.52,269,sign-optimization-horizontal-vertical_scenario,611,307,3,4,6,0,90,15,1,155854,AdultFemaleAgent(Clone),6,12,1.58,1.45,8.817383,1,True,2,1,0.5
2026-03-07_02.59.52,269,sign-optimization-horizontal-vertical_scenario,611,307,3,4,6,0,90,15,1,155855,AdultFemaleAgent(Clone),7,11,1.58,1.450001,10.73926,1,True,2,1,0.5
2026-03-07_02.59.52,269,sign-optimization-horizontal-vertical_scenario,611,307,3,4,6,0,90,15,1,155856,WheelchairAgent(Clone),11,10,1.3,1.17,11.78027,1,True,3,2,0.6666667
2026-03-07_02.59.52,269,sign-optimization-horizontal-vertical_scenario,611,307,3,4,6,0,90,15,1,155857,WheelchairAgent(Clone),10,12,1.3,1.17,8.469727,2,False,3,1,0.3333333
2026-03-07_02.59.52,269,sign-optimization-horizontal-vertical_scenario,611,307,3,4,6,0,90,15,1,155858,WheelchairAgent(Clone),10,12,1.3,1.17,4.927734,1,True,3,1,0.3333333
2026-03-07_02.59.52,269,sign-optimization-horizontal-vertical_scenario,611,307,3,4,6,0,90,15,1,155859,AdultMaleAgent(Clone),10,12,1.71,1.58,4.943359,1,True,3,1,0.3333333
2026-03-07_02.59.52,269,sign-optimization-horizontal-vertical_scenario,611,307,3,4,6,0,90,15,1,155860,AdultFemaleAgent(Clone),11,10,1.58,1.450001,4.768555,2,True,3,2,0.6666667
2026-03-07_02.59.52,269,sign-optimization-horizontal-vertical_scenario,611,307,3,4,6,0,90,15,1,155861,WheelchairAgent(Clone),11,10,1.3,1.17,10.95703,1,True,3,1,0.3333333
2026-03-07_02.59.52,269,sign-optimization-horizontal-vertical_scenario,611,307,3,4,6,0,90,15,1,155862,AdultFemaleAgent(Clone),5,10,1.58,1.45,0,0,False,2,0,0
2026-03-07_02.59.52,269,sign-optimization-horizontal-vertical_scenario,611,307,3,4,6,0,90,15,1,155863,AdultFemaleAgent(Clone),11,10,1.58,1.450001,10.31641,1,True,3,1,0.3333333
2026-03-07_02.59.52,269,sign-optimization-horizontal-vertical_scenario,611,307,3,4,6,0,90,15,1,155864,WheelchairAgent(Clone),10,12,1.3,1.17,4.759766,1,True,3,1,0.3333333
2026-03-07_02.59.52,269,sign-optimization-horizontal-vertical_scenario,611,307,3,4,6,0,90,15,1,155865,AdultFemaleAgent(Clone),5,10,1.58,1.45,0,0,False,2,0,0
2026-03-07_02.59.52,269,sign-optimization-horizontal-vertical_scenario,611,307,3,4,6,0,90,15,1,155866,AdultFemaleAgent(Clone),6,12,1.58,1.45,9.289063,1,True,2,1,0.5
2026-03-07_02.59.52,269,sign-optimization-horizontal-vertical_scenario,611,307,3,4,6,0,90,15,1,155867,WheelchairAgent(Clone),6,12,1.3,1.17,7.323242,2,True,2,1,0.5
2026-03-07_02.59.52,269,sign-optimization-horizontal-vertical_scenario,611,307,3,4,6,0,90,15,1,155868,AdultMaleAgent(Clone),10,12,1.71,1.58,6.757813,1,True,3,1,0.3333333
2026-03-07_02.59.52,269,sign-optimization-horizontal-vertical_scenario,611,307,3,4,6,0,90,15,1,155869,WheelchairAgent(Clone),11,10,1.3,1.17,2.417969,2,True,3,2,0.6666667
2026-03-07_02.59.52,269,sign-optimization-horizontal-vertical_scenario,611,307,3,4,6,0,90,15,1,155870,WheelchairAgent(Clone),5,10,1.3,1.17,0,0,False,2,0,0
2026-03-07_02.59.52,269,sign-optimization-horizontal-vertical_scenario,611,307,3,4,6,0,90,15,1,155871,WheelchairAgent(Clone),10,12,1.3,1.17,5.944336,1,True,3,1,0.3333333
2026-03-07_02.59.52,269,sign-optimization-horizontal-vertical_scenario,611,307,3,4,6,0,90,15,1,155872,AdultFemaleAgent(Clone),6,12,1.58,1.45,8.420898,2,True,2,1,0.5
2026-03-07_02.59.52,269,sign-optimization-horizontal-vertical_scenario,611,307,3,4,6,0,90,15,1,155873,WheelchairAgent(Clone),10,12,1.3,1.17,5.945313,1,True,3,1,0.3333333
2026-03-07_02.59.52,269,sign-optimization-horizontal-vertical_scenario,611,307,3,4,6,0,90,15,1,155874,WheelchairAgent(Clone),7,11,1.3,1.17,0,0,True,2,1,0.5
2026-03-07_02.59.52,269,sign-optimization-horizontal-vertical_scenario,611,307,3,4,6,0,90,15,1,155875,WheelchairAgent(Clone),7,11,1.3,1.17,0,0,False,2,1,0.5
2026-03-07_02.59.52,269,sign-optimization-horizontal-vertical_scenario,611,307,3,4,6,0,90,15,1,155876,AdultMaleAgent(Clone),7,11,1.71,1.58,0,0,False,2,0,0
2026-03-07_02.59.52,269,sign-optimization-horizontal-vertical_scenario,611,307,3,4,6,0,90,15,1,155877,AdultFemaleAgent(Clone),7,11,1.58,1.450001,2.424805,1,False,2,0,0
2026-03-07_02.59.52,269,sign-optimization-horizontal-vertical_scenario,611,307,3,4,6,0,90,15,1,155878,AdultMaleAgent(Clone),5,10,1.71,1.58,0,0,False,2,0,0
2026-03-07_02.59.52,269,sign-optimization-horizontal-vertical_scenario,611,307,3,4,6,0,90,15,1,155879,WheelchairAgent(Clone),11,10,1.3,1.17,7.78125,1,False,3,1,0.3333333
2026-03-07_02.59.52,269,sign-optimization-horizontal-vertical_scenario,611,307,3,4,6,0,90,15,1,155880,WheelchairAgent(Clone),7,11,1.3,1.17,0,0,False,2,0,0
2026-03-07_02.59.52,269,sign-optimization-horizontal-vertical_scenario,611,307,3,4,6,0,90,15,1,155881,AdultMaleAgent(Clone),10,12,1.71,1.58,5,1,True,3,1,0.3333333
2026-03-07_02.59.52,269,sign-optimization-horizontal-vertical_scenario,611,307,3,4,6,0,90,15,1,155882,AdultMaleAgent(Clone),10,12,1.71,1.58,6.837891,1,True,3,1,0.3333333
2026-03-07_02.59.52,269,sign-optimization-horizontal-vertical_scenario,611,307,3,4,6,0,90,15,1,155883,AdultMaleAgent(Clone),6,12,1.71,1.58,9.908203,1,True,2,1,0.5
2026-03-07_02.59.52,269,sign-optimization-horizontal-vertical_scenario,611,307,3,4,6,0,90,15,1,155884,WheelchairAgent(Clone),10,12,1.3,1.17,4.094727,1,True,3,1,0.3333333
2026-03-07_02.59.52,269,sign-optimization-horizontal-vertical_scenario,611,307,3,4,6,0,90,15,1,155885,AdultMaleAgent(Clone),10,12,1.71,1.58,6.768555,1,True,3,1,0.3333333
2026-03-07_02.59.52,269,sign-optimization-horizontal-vertical_scenario,611,307,3,4,6,0,90,15,1,155886,AdultFemaleAgent(Clone),10,12,1.58,1.45,5.516602,2,True,3,1,0.3333333
2026-03-07_02.59.52,269,sign-optimization-horizontal-vertical_scenario,611,307,3,4,6,0,90,15,1,155887,WheelchairAgent(Clone),11,10,1.3,1.17,3.944336,1,False,3,1,0.3333333
2026-03-07_02.59.52,269,sign-optimization-horizontal-vertical_scenario,611,307,3,4,6,0,90,15,1,155888,AdultMaleAgent(Clone),5,10,1.71,1.58,0,0,False,2,0,0
2026-03-07_02.59.52,269,sign-optimization-horizontal-vertical_scenario,611,307,3,4,6,0,90,15,1,155889,AdultMaleAgent(Clone),11,10,1.71,1.58,0.9580078,2,True,3,1,0.3333333
2026-03-07_02.59.52,269,sign-optimization-horizontal-vertical_scenario,611,307,3,4,6,0,90,15,1,155890,AdultFemaleAgent(Clone),10,12,1.58,1.45,5.65332,1,True,3,1,0.3333333
2026-03-07_02.59.52,269,sign-optimization-horizontal-vertical_scenario,611,307,3,4,6,0,90,15,1,155891,AdultMaleAgent(Clone),10,12,1.71,1.58,4.150391,1,True,3,1,0.3333333
2026-03-07_02.59.52,269,sign-optimization-horizontal-vertical_scenario,611,307,3,4,6,0,90,15,1,155892,AdultFemaleAgent(Clone),5,10,1.58,1.45,0,0,False,2,0,0
2026-03-07_02.59.52,269,sign-optimization-horizontal-vertical_scenario,611,307,3,4,6,0,90,15,1,155893,AdultFemaleAgent(Clone),10,12,1.58,1.45,3.444336,1,True,3,1,0.3333333
2026-03-07_02.59.52,269,sign-optimization-horizontal-vertical_scenario,611,307,3,4,6,0,90,15,1,155894,AdultMaleAgent(Clone),10,12,1.71,1.58,5.770508,1,True,3,1,0.3333333
2026-03-07_02.59.52,269,sign-optimization-horizontal-vertical_scenario,611,307,3,4,6,0,90,15,1,155895,AdultFemaleAgent(Clone),5,10,1.58,1.45,0,0,False,2,0,0
2026-03-07_02.59.52,269,sign-optimization-horizontal-vertical_scenario,611,307,3,4,6,0,90,15,1,155896,AdultMaleAgent(Clone),10,12,1.71,1.58,5.251953,1,True,3,1,0.3333333
2026-03-07_02.59.52,269,sign-optimization-horizontal-vertical_scenario,611,307,3,4,6,0,90,15,1,155897,AdultFemaleAgent(Clone),6,12,1.58,1.45,9.786133,1,True,2,1,0.5
2026-03-07_02.59.52,269,sign-optimization-horizontal-vertical_scenario,611,307,3,4,6,0,90,15,1,155898,AdultFemaleAgent(Clone),5,10,1.58,1.45,0,0,False,2,0,0
2026-03-07_02.59.52,269,sign-optimization-horizontal-vertical_scenario,611,307,3,4,6,0,90,15,1,155899,AdultMaleAgent(Clone),7,11,1.71,1.58,0,0,True,2,1,0.5
2026-03-07_02.59.52,269,sign-optimization-horizontal-vertical_scenario,611,307,3,4,6,0,90,15,1,155900,WheelchairAgent(Clone),11,10,1.3,1.17,7.556641,1,True,3,1,0.3333333
2026-03-07_02.59.52,269,sign-optimization-horizontal-vertical_scenario,611,307,3,4,6,0,90,15,1,155901,WheelchairAgent(Clone),5,10,1.3,1.17,0,0,False,2,0,0
2026-03-07_02.59.52,269,sign-optimization-horizontal-vertical_scenario,611,307,3,4,6,0,90,15,1,155902,WheelchairAgent(Clone),7,11,1.3,1.17,0,0,True,2,1,0.5
2026-03-07_02.59.52,269,sign-optimization-horizontal-vertical_scenario,611,307,3,4,6,0,90,15,1,155903,AdultFemaleAgent(Clone),11,10,1.58,1.450001,6.501953,1,False,3,0,0
2026-03-07_02.59.52,269,sign-optimization-horizontal-vertical_scenario,611,307,3,4,6,0,90,15,1,155904,AdultMaleAgent(Clone),11,10,1.71,1.58,8.969727,1,True,3,1,0.3333333
2026-03-07_02.59.52,269,sign-optimization-horizontal-vertical_scenario,611,307,3,4,6,0,90,15,1,155905,WheelchairAgent(Clone),10,12,1.3,1.17,6.1875,1,True,3,1,0.3333333
2026-03-07_02.59.52,269,sign-optimization-horizontal-vertical_scenario,611,307,3,4,6,0,90,15,1,155906,WheelchairAgent(Clone),5,10,1.3,1.17,0,0,False,2,0,0
2026-03-07_02.59.52,269,sign-optimization-horizontal-vertical_scenario,611,307,3,4,6,0,90,15,1,155907,AdultMaleAgent(Clone),10,12,1.71,1.58,6.21582,1,True,3,1,0.3333333
2026-03-07_02.59.52,269,sign-optimization-horizontal-vertical_scenario,611,307,3,4,6,0,90,15,1,155908,AdultMaleAgent(Clone),6,12,1.71,1.58,8.015625,1,True,2,1,0.5
2026-03-07_02.59.52,269,sign-optimization-horizontal-vertical_scenario,611,307,3,4,6,0,90,15,1,155909,AdultFemaleAgent(Clone),5,10,1.58,1.45,0,0,False,2,0,0
2026-03-07_02.59.52,269,sign-optimization-horizontal-vertical_scenario,611,307,3,4,6,0,90,15,1,155910,AdultFemaleAgent(Clone),10,12,1.58,1.45,4.125,1,True,3,1,0.3333333
2026-03-07_02.59.52,269,sign-optimization-horizontal-vertical_scenario,611,307,3,4,6,0,90,15,1,155911,WheelchairAgent(Clone),5,10,1.3,1.17,0,0,False,2,0,0
2026-03-07_02.59.52,269,sign-optimization-horizontal-vertical_scenario,611,307,3,4,6,0,90,15,1,155912,AdultMaleAgent(Clone),10,12,1.71,1.58,5.015625,1,True,3,1,0.3333333
2026-03-07_02.59.52,269,sign-optimization-horizontal-vertical_scenario,611,307,3,4,6,0,90,15,1,155913,AdultMaleAgent(Clone),11,10,1.71,1.58,4.476563,1,False,3,1,0.3333333
2026-03-07_02.59.52,269,sign-optimization-horizontal-vertical_scenario,611,307,3,4,6,0,90,15,1,155914,WheelchairAgent(Clone),6,12,1.3,1.17,9.106445,1,True,2,1,0.5
2026-03-07_02.59.52,269,sign-optimization-horizontal-vertical_scenario,611,307,3,4,6,0,90,15,1,155915,AdultFemaleAgent(Clone),11,10,1.58,1.450001,3.291992,1,False,3,0,0
2026-03-07_02.59.52,269,sign-optimization-horizontal-vertical_scenario,611,307,3,4,6,0,90,15,1,155916,WheelchairAgent(Clone),10,12,1.3,1.17,4.636719,1,True,3,1,0.3333333
2026-03-07_02.59.52,269,sign-optimization-horizontal-vertical_scenario,611,307,3,4,6,0,90,15,1,155917,WheelchairAgent(Clone),6,12,1.3,1.17,8.151367,1,True,2,1,0.5
2026-03-07_02.59.52,269,sign-optimization-horizontal-vertical_scenario,611,307,3,4,6,0,90,15,1,155918,AdultMaleAgent(Clone),11,10,1.71,1.58,6.558594,1,False,3,1,0.3333333
2026-03-07_02.59.52,269,sign-optimization-horizontal-vertical_scenario,611,307,3,4,6,0,90,15,1,155919,AdultFemaleAgent(Clone),5,10,1.58,1.45,0,0,False,2,0,0
2026-03-07_02.59.52,269,sign-optimization-horizontal-vertical_scenario,611,307,3,4,6,0,90,15,1,155920,AdultFemaleAgent(Clone),7,11,1.58,1.450001,0,0,True,2,1,0.5
2026-03-07_02.59.52,269,sign-optimization-horizontal-vertical_scenario,611,307,3,4,6,0,90,15,1,155921,AdultMaleAgent(Clone),5,10,1.71,1.58,0,0,False,2,0,0
2026-03-07_02.59.52,269,sign-optimization-horizontal-vertical_scenario,611,307,3,4,6,0,90,15,1,155922,AdultMaleAgent(Clone),6,12,1.71,1.58,8.863281,1,True,2,1,0.5
2026-03-07_02.59.52,269,sign-optimization-horizontal-vertical_scenario,611,307,3,4,6,0,90,15,1,155923,AdultMaleAgent(Clone),5,10,1.71,1.58,0,0,False,2,0,0
2026-03-07_02.59.52,269,sign-optimization-horizontal-vertical_scenario,611,307,3,4,6,0,90,15,1,155924,AdultFemaleAgent(Clone),7,11,1.58,1.450001,0,0,True,2,1,0.5
2026-03-07_02.59.52,269,sign-optimization-horizontal-vertical_scenario,611,307,3,4,6,0,90,15,1,155925,WheelchairAgent(Clone),6,12,1.3,1.17,7.152344,1,True,2,1,0.5
2026-03-07_02.59.52,269,sign-optimization-horizontal-vertical_scenario,611,307,3,4,6,0,90,15,1,155926,WheelchairAgent(Clone),5,10,1.3,1.17,0,0,False,2,0,0
2026-03-07_02.59.52,269,sign-optimization-horizontal-vertical_scenario,611,307,3,4,6,0,90,15,1,155927,WheelchairAgent(Clone),5,10,1.3,1.17,0,0,False,2,0,0
2026-03-07_02.59.52,269,sign-optimization-horizontal-vertical_scenario,611,307,3,4,6,0,90,15,1,155928,WheelchairAgent(Clone),6,12,1.3,1.17,8.90625,1,True,2,1,0.5
2026-03-07_02.59.52,269,sign-optimization-horizontal-vertical_scenario,611,307,3,4,6,0,90,15,1,155929,WheelchairAgent(Clone),7,11,1.3,1.17,0,0,True,2,1,0.5
2026-03-07_02.59.52,269,sign-optimization-horizontal-vertical_scenario,611,307,3,4,6,0,90,15,1,155930,AdultMaleAgent(Clone),11,10,1.71,1.58,4.486328,1,False,3,2,0.6666667
2026-03-07_02.59.52,269,sign-optimization-horizontal-vertical_scenario,611,307,3,4,6,0,90,15,1,155931,AdultMaleAgent(Clone),7,11,1.71,1.58,0,0,False,2,1,0.5
2026-03-07_02.59.52,269,sign-optimization-horizontal-vertical_scenario,611,307,3,4,6,0,90,15,1,155932,AdultFemaleAgent(Clone),5,10,1.58,1.45,0,0,False,2,0,0
2026-03-07_02.59.52,269,sign-optimization-horizontal-vertical_scenario,611,307,3,4,6,0,90,15,1,155933,WheelchairAgent(Clone),10,12,1.3,1.17,5.720703,1,True,3,1,0.3333333
2026-03-07_02.59.52,269,sign-optimization-horizontal-vertical_scenario,611,307,3,4,6,0,90,15,1,155934,AdultFemaleAgent(Clone),6,12,1.58,1.45,7.84082,1,True,2,1,0.5
2026-03-07_02.59.52,269,sign-optimization-horizontal-vertical_scenario,611,307,3,4,6,0,90,15,1,155935,AdultMaleAgent(Clone),7,11,1.71,1.58,0,0,False,2,1,0.5
2026-03-07_02.59.52,269,sign-optimization-horizontal-vertical_scenario,611,307,3,4,6,0,90,15,1,155936,AdultMaleAgent(Clone),6,12,1.71,1.58,8.170898,1,True,2,1,0.5
2026-03-07_02.59.52,269,sign-optimization-horizontal-vertical_scenario,611,307,3,4,6,0,90,15,1,155937,AdultMaleAgent(Clone),11,10,1.71,1.58,0,0,True,3,2,0.6666667
2026-03-07_02.59.52,269,sign-optimization-horizontal-vertical_scenario,611,307,3,4,6,0,90,15,1,155938,AdultMaleAgent(Clone),5,10,1.71,1.58,0,0,False,2,0,0
2026-03-07_02.59.52,269,sign-optimization-horizontal-vertical_scenario,611,307,3,4,6,0,90,15,1,155939,AdultFemaleAgent(Clone),7,11,1.58,1.450001,0,0,False,2,1,0.5
2026-03-07_02.59.52,269,sign-optimization-horizontal-vertical_scenario,611,307,3,4,6,0,90,15,1,155940,AdultFemaleAgent(Clone),6,12,1.58,1.45,8.200195,1,True,2,1,0.5
2026-03-07_02.59.52,269,sign-optimization-horizontal-vertical_scenario,611,307,3,4,6,0,90,15,1,155941,AdultFemaleAgent(Clone),10,12,1.58,1.45,6.735352,1,True,3,1,0.3333333
2026-03-07_02.59.52,269,sign-optimization-horizontal-vertical_scenario,611,307,3,4,6,0,90,15,1,155942,WheelchairAgent(Clone),11,10,1.3,1.17,3.463867,1,False,3,1,0.3333333
2026-03-07_02.59.52,269,sign-optimization-horizontal-vertical_scenario,611,307,3,4,6,0,90,15,1,155943,AdultFemaleAgent(Clone),7,11,1.58,1.450001,0,0,False,2,0,0
2026-03-07_02.59.52,269,sign-optimization-horizontal-vertical_scenario,611,307,3,4,6,0,90,15,1,155944,WheelchairAgent(Clone),11,10,1.3,1.17,0,0,True,3,2,0.6666667
2026-03-07_02.59.52,269,sign-optimization-horizontal-vertical_scenario,611,307,3,4,6,0,90,15,1,155945,WheelchairAgent(Clone),11,10,1.3,1.17,5.71875,1,False,3,0,0
2026-03-07_02.59.52,269,sign-optimization-horizontal-vertical_scenario,611,307,3,4,6,0,90,15,1,155946,AdultFemaleAgent(Clone),7,11,1.58,1.450001,0,0,False,2,0,0
2026-03-07_02.59.52,269,sign-optimization-horizontal-vertical_scenario,611,307,3,4,6,0,90,15,1,155947,AdultFemaleAgent(Clone),7,11,1.58,1.450001,0,0,False,2,0,0
2026-03-07_02.59.52,269,sign-optimization-horizontal-vertical_scenario,611,307,3,4,6,0,90,15,1,155948,AdultMaleAgent(Clone),10,12,1.71,1.58,4.970703,1,True,3,1,0.3333333
2026-03-07_02.59.52,269,sign-optimization-horizontal-vertical_scenario,611,307,3,4,6,0,90,15,1,155949,WheelchairAgent(Clone),7,11,1.3,1.17,0,0,False,2,0,0
2026-03-07_02.59.52,269,sign-optimization-horizontal-vertical_scenario,611,307,3,4,6,0,90,15,1,155950,WheelchairAgent(Clone),11,10,1.3,1.17,3.768555,1,False,3,1,0.3333333
2026-03-07_02.59.52,269,sign-optimization-horizontal-vertical_scenario,611,307,3,4,6,0,90,15,1,155951,AdultMaleAgent(Clone),7,11,1.71,1.58,0,0,False,2,0,0
2026-03-07_02.59.52,269,sign-optimization-horizontal-vertical_scenario,611,307,3,4,6,0,90,15,1,155952,AdultFemaleAgent(Clone),5,10,1.58,1.45,0,0,False,2,0,0
2026-03-07_02.59.52,269,sign-optimization-horizontal-vertical_scenario,611,307,3,4,6,0,90,15,1,155953,WheelchairAgent(Clone),5,10,1.3,1.17,0,0,False,2,0,0
2026-03-07_02.59.52,269,sign-optimization-horizontal-vertical_scenario,611,307,3,4,6,0,90,15,1,155954,AdultMaleAgent(Clone),5,10,1.71,1.58,0,0,False,2,0,0
2026-03-07_02.59.52,269,sign-optimization-horizontal-vertical_scenario,611,307,3,4,6,0,90,15,1,155955,AdultFemaleAgent(Clone),11,10,1.58,1.450001,0,0,True,3,2,0.6666667
2026-03-07_02.59.52,269,sign-optimization-horizontal-vertical_scenario,611,307,3,4,6,0,90,15,1,155956,WheelchairAgent(Clone),10,12,1.3,1.17,5.928711,1,False,3,0,0
2026-03-07_02.59.52,269,sign-optimization-horizontal-vertical_scenario,611,307,3,4,6,0,90,15,1,155957,WheelchairAgent(Clone),5,10,1.3,1.17,0,0,False,2,0,0
2026-03-07_02.59.52,269,sign-optimization-horizontal-vertical_scenario,611,307,3,4,6,0,90,15,1,155958,WheelchairAgent(Clone),7,11,1.3,1.17,0,0,False,2,0,0
2026-03-07_02.59.52,269,sign-optimization-horizontal-vertical_scenario,611,307,3,4,6,0,90,15,1,155959,AdultMaleAgent(Clone),10,12,1.71,1.58,5.833008,1,True,3,1,0.3333333
2026-03-07_02.59.52,269,sign-optimization-horizontal-vertical_scenario,611,307,3,4,6,0,90,15,1,155960,AdultFemaleAgent(Clone),11,10,1.58,1.450001,0,0,True,3,2,0.6666667
2026-03-07_02.59.52,269,sign-optimization-horizontal-vertical_scenario,611,307,3,4,6,0,90,15,1,155961,AdultMaleAgent(Clone),5,10,1.71,1.58,0,0,False,2,0,0
2026-03-07_02.59.52,269,sign-optimization-horizontal-vertical_scenario,611,307,3,4,6,0,90,15,1,155962,AdultMaleAgent(Clone),10,12,1.71,1.58,5.865234,1,True,3,1,0.3333333
2026-03-07_02.59.52,269,sign-optimization-horizontal-vertical_scenario,611,307,3,4,6,0,90,15,1,155963,WheelchairAgent(Clone),7,11,1.3,1.17,0,0,False,2,0,0
2026-03-07_02.59.52,269,sign-optimization-horizontal-vertical_scenario,611,307,3,4,6,0,90,15,1,155964,WheelchairAgent(Clone),7,11,1.3,1.17,0,0,False,2,0,0
2026-03-07_02.59.52,269,sign-optimization-horizontal-vertical_scenario,611,307,3,4,6,0,90,15,1,155965,AdultFemaleAgent(Clone),7,11,1.58,1.450001,0,0,False,2,0,0
2026-03-07_02.59.52,269,sign-optimization-horizontal-vertical_scenario,611,307,3,4,6,0,90,15,1,155966,AdultFemaleAgent(Clone),6,12,1.58,1.45,7.78125,1,True,2,1,0.5
2026-03-07_02.59.52,269,sign-optimization-horizontal-vertical_scenario,611,307,3,4,6,0,90,15,1,155967,AdultMaleAgent(Clone),10,12,1.71,1.58,4.063477,1,True,3,1,0.3333333
2026-03-07_02.59.52,269,sign-optimization-horizontal-vertical_scenario,611,307,3,4,6,0,90,15,1,155968,WheelchairAgent(Clone),6,12,1.3,1.17,7.21875,1,True,2,1,0.5
2026-03-07_02.59.52,269,sign-optimization-horizontal-vertical_scenario,611,307,3,4,6,0,90,15,1,155969,AdultFemaleAgent(Clone),6,12,1.58,1.45,7.295898,1,True,2,1,0.5
2026-03-07_02.59.52,269,sign-optimization-horizontal-vertical_scenario,611,307,3,4,6,0,90,15,1,155970,AdultMaleAgent(Clone),11,10,1.71,1.58,0,0,False,3,2,0.6666667
2026-03-07_02.59.52,269,sign-optimization-horizontal-vertical_scenario,611,307,3,4,6,0,90,15,1,155971,AdultMaleAgent(Clone),10,12,1.71,1.58,3.993164,1,True,3,1,0.3333333
2026-03-07_02.59.52,269,sign-optimization-horizontal-vertical_scenario,611,307,3,4,6,0,90,15,1,155972,AdultFemaleAgent(Clone),10,12,1.58,1.45,5.427734,1,True,3,1,0.3333333
2026-03-07_02.59.52,269,sign-optimization-horizontal-vertical_scenario,611,307,3,4,6,0,90,15,1,155973,AdultMaleAgent(Clone),7,11,1.71,1.58,0,0,False,2,0,0
2026-03-07_02.59.52,269,sign-optimization-horizontal-vertical_scenario,611,307,3,4,6,0,90,15,1,155974,AdultMaleAgent(Clone),10,12,1.71,1.58,5.09668,1,True,3,1,0.3333333
2026-03-07_02.59.52,269,sign-optimization-horizontal-vertical_scenario,611,307,3,4,6,0,90,15,1,155975,AdultMaleAgent(Clone),7,11,1.71,1.58,0,0,False,2,0,0
2026-03-07_02.59.52,269,sign-optimization-horizontal-vertical_scenario,611,307,3,4,6,0,90,15,1,155976,AdultMaleAgent(Clone),6,12,1.71,1.58,8.069336,1,True,2,1,0.5
2026-03-07_02.59.52,269,sign-optimization-horizontal-vertical_scenario,611,307,3,4,6,0,90,15,1,155977,WheelchairAgent(Clone),6,12,1.3,1.17,7.229492,1,False,2,1,0.5
2026-03-07_02.59.52,269,sign-optimization-horizontal-vertical_scenario,611,307,3,4,6,0,90,15,1,155978,AdultFemaleAgent(Clone),5,10,1.58,1.45,0,0,False,2,0,0
2026-03-07_02.59.52,269,sign-optimization-horizontal-vertical_scenario,611,307,3,4,6,0,90,15,1,155979,WheelchairAgent(Clone),7,11,1.3,1.17,0,0,False,2,0,0
2026-03-07_02.59.52,269,sign-optimization-horizontal-vertical_scenario,611,307,3,4,6,0,90,15,1,155980,WheelchairAgent(Clone),7,11,1.3,1.17,0,0,False,2,0,0
2026-03-07_02.59.52,269,sign-optimization-horizontal-vertical_scenario,611,307,3,4,6,0,90,15,1,155981,WheelchairAgent(Clone),11,10,1.3,1.17,0,0,False,3,1,0.3333333
2026-03-07_02.59.52,269,sign-optimization-horizontal-vertical_scenario,611,307,3,4,6,0,90,15,1,155982,AdultMaleAgent(Clone),10,12,1.71,1.58,5.555664,1,True,3,1,0.3333333
2026-03-07_02.59.52,269,sign-optimization-horizontal-vertical_scenario,611,307,3,4,6,0,90,15,1,155983,AdultMaleAgent(Clone),5,10,1.71,1.58,0,0,False,2,0,0
2026-03-07_02.59.52,269,sign-optimization-horizontal-vertical_scenario,611,307,3,4,6,0,90,15,1,155984,AdultFemaleAgent(Clone),11,10,1.58,1.450001,0,0,False,3,1,0.3333333
2026-03-07_02.59.52,269,sign-optimization-horizontal-vertical_scenario,611,307,3,4,6,0,90,15,1,155985,AdultFemaleAgent(Clone),6,12,1.58,1.45,7.216797,1,True,2,1,0.5
2026-03-07_02.59.52,269,sign-optimization-horizontal-vertical_scenario,611,307,3,4,6,0,90,15,1,155986,AdultFemaleAgent(Clone),7,11,1.58,1.450001,0,0,False,2,0,0
2026-03-07_02.59.52,269,sign-optimization-horizontal-vertical_scenario,611,307,3,4,6,0,90,15,1,155987,WheelchairAgent(Clone),11,10,1.3,1.17,2.774414,1,False,3,1,0.3333333
2026-03-07_02.59.52,269,sign-optimization-horizontal-vertical_scenario,611,307,3,4,6,0,90,15,1,155988,AdultMaleAgent(Clone),5,10,1.71,1.58,0,0,False,2,0,0
2026-03-07_02.59.52,269,sign-optimization-horizontal-vertical_scenario,611,307,3,4,6,0,90,15,1,155989,AdultFemaleAgent(Clone),5,10,1.58,1.45,0,0,False,2,0,0
2026-03-07_02.59.52,269,sign-optimization-horizontal-vertical_scenario,611,307,3,4,6,0,90,15,1,155990,WheelchairAgent(Clone),10,12,1.3,1.17,5.606445,1,True,3,1,0.3333333
2026-03-07_02.59.52,269,sign-optimization-horizontal-vertical_scenario,611,307,3,4,6,0,90,15,1,155991,WheelchairAgent(Clone),5,10,1.3,1.17,0,0,False,2,0,0
2026-03-07_02.59.52,269,sign-optimization-horizontal-vertical_scenario,611,307,3,4,6,0,90,15,1,155992,AdultMaleAgent(Clone),7,11,1.71,1.58,0,0,False,2,0,0
2026-03-07_02.59.52,269,sign-optimization-horizontal-vertical_scenario,611,307,3,4,6,0,90,15,1,155993,AdultMaleAgent(Clone),7,11,1.71,1.58,0,0,False,2,0,0
2026-03-07_02.59.52,269,sign-optimization-horizontal-vertical_scenario,611,307,3,4,6,0,90,15,1,155994,WheelchairAgent(Clone),7,11,1.3,1.17,0,0,False,2,0,0
2026-03-07_02.59.52,269,sign-optimization-horizontal-vertical_scenario,611,307,3,4,6,0,90,15,1,155995,AdultFemaleAgent(Clone),6,12,1.58,1.45,0,0,True,2,1,0.5
2026-03-07_02.59.52,269,sign-optimization-horizontal-vertical_scenario,611,307,3,4,6,0,90,15,1,155996,AdultFemaleAgent(Clone),10,12,1.58,1.45,4.602539,1,True,3,1,0.3333333
2026-03-07_02.59.52,269,sign-optimization-horizontal-vertical_scenario,611,307,3,4,6,0,90,15,1,155997,WheelchairAgent(Clone),7,11,1.3,1.17,0,0,False,2,0,0
2026-03-07_02.59.52,269,sign-optimization-horizontal-vertical_scenario,611,307,3,4,6,0,90,15,1,155998,WheelchairAgent(Clone),10,12,1.3,1.17,0,0,True,3,1,0.3333333
2026-03-07_02.59.52,269,sign-optimization-horizontal-vertical_scenario,611,307,3,4,6,0,90,15,1,155999,WheelchairAgent(Clone),7,11,1.3,1.17,0,0,False,2,0,0
2026-03-07_02.59.52,269,sign-optimization-horizontal-vertical_scenario,611,307,3,4,6,0,90,15,1,156000,WheelchairAgent(Clone),7,11,1.3,1.17,0,0,False,2,0,0
2026-03-07_02.59.52,269,sign-optimization-horizontal-vertical_scenario,611,307,3,4,6,0,90,15,1,156001,AdultFemaleAgent(Clone),10,12,1.58,1.45,0,0,True,3,1,0.3333333
2026-03-07_02.59.52,269,sign-optimization-horizontal-vertical_scenario,611,307,3,4,6,0,90,15,1,156002,AdultMaleAgent(Clone),6,12,1.71,1.58,0,0,True,2,1,0.5
2026-03-07_02.59.52,269,sign-optimization-horizontal-vertical_scenario,611,307,3,4,6,0,90,15,1,156003,AdultMaleAgent(Clone),5,10,1.71,1.58,0,0,False,2,0,0
2026-03-07_02.59.52,269,sign-optimization-horizontal-vertical_scenario,611,307,3,4,6,0,90,15,1,156004,AdultMaleAgent(Clone),10,12,1.71,1.58,4.888672,1,True,3,1,0.3333333
2026-03-07_02.59.52,269,sign-optimization-horizontal-vertical_scenario,611,307,3,4,6,0,90,15,1,156005,AdultMaleAgent(Clone),11,10,1.71,1.58,0,0,True,3,1,0.3333333
2026-03-07_02.59.52,269,sign-optimization-horizontal-vertical_scenario,611,307,3,4,6,0,90,15,1,156006,AdultMaleAgent(Clone),5,10,1.71,1.58,0,0,False,2,0,0
2026-03-07_02.59.52,269,sign-optimization-horizontal-vertical_scenario,611,307,3,4,6,0,90,15,1,156007,AdultFemaleAgent(Clone),6,12,1.58,1.45,0,0,True,2,1,0.5
2026-03-07_02.59.52,269,sign-optimization-horizontal-vertical_scenario,611,307,3,4,6,0,90,15,1,156008,AdultFemaleAgent(Clone),7,11,1.58,1.450001,0,0,False,2,0,0
2026-03-07_02.59.52,269,sign-optimization-horizontal-vertical_scenario,611,307,3,4,6,0,90,15,1,156009,AdultMaleAgent(Clone),7,11,1.71,1.58,0,0,False,2,0,0
2026-03-07_02.59.52,269,sign-optimization-horizontal-vertical_scenario,611,307,3,4,6,0,90,15,1,156010,AdultMaleAgent(Clone),10,12,1.71,1.58,0,0,True,3,1,0.3333333
2026-03-07_02.59.52,269,sign-optimization-horizontal-vertical_scenario,611,307,3,4,6,0,90,15,1,156011,AdultMaleAgent(Clone),5,10,1.71,1.58,0,0,False,2,0,0
2026-03-07_02.59.52,269,sign-optimization-horizontal-vertical_scenario,611,307,3,4,6,0,90,15,1,156012,AdultMaleAgent(Clone),11,10,1.71,1.58,0,0,False,3,1,0.3333333
2026-03-07_02.59.52,269,sign-optimization-horizontal-vertical_scenario,611,307,3,4,6,0,90,15,1,156013,WheelchairAgent(Clone),10,12,1.3,1.17,0,0,False,3,1,0.3333333
2026-03-07_02.59.52,269,sign-optimization-horizontal-vertical_scenario,611,307,3,4,6,0,90,15,1,156014,WheelchairAgent(Clone),10,12,1.3,1.17,0,0,True,3,1,0.3333333
2026-03-07_02.59.52,269,sign-optimization-horizontal-vertical_scenario,611,307,3,4,6,0,90,15,1,156015,AdultFemaleAgent(Clone),7,11,1.58,1.450001,0,0,False,2,0,0
2026-03-07_02.59.52,269,sign-optimization-horizontal-vertical_scenario,611,307,3,4,6,0,90,15,1,156016,AdultFemaleAgent(Clone),7,11,1.58,1.450001,0,0,False,2,0,0
2026-03-07_02.59.52,269,sign-optimization-horizontal-vertical_scenario,611,307,3,4,6,0,90,15,1,156017,WheelchairAgent(Clone),10,12,1.3,1.17,0,0,True,3,1,0.3333333
2026-03-07_02.59.52,269,sign-optimization-horizontal-vertical_scenario,611,307,3,4,6,0,90,15,1,156018,WheelchairAgent(Clone),5,10,1.3,1.17,0,0,False,2,0,0
2026-03-07_02.59.52,269,sign-optimization-horizontal-vertical_scenario,611,307,3,4,6,0,90,15,1,156019,AdultFemaleAgent(Clone),6,12,1.58,1.45,0,0,True,2,1,0.5
2026-03-07_02.59.52,269,sign-optimization-horizontal-vertical_scenario,611,307,3,4,6,0,90,15,1,156020,AdultMaleAgent(Clone),10,12,1.71,1.58,0,0,True,3,1,0.3333333
2026-03-07_02.59.52,269,sign-optimization-horizontal-vertical_scenario,611,307,3,4,6,0,90,15,1,156021,AdultMaleAgent(Clone),5,10,1.71,1.58,0,0,False,2,0,0
2026-03-07_02.59.52,269,sign-optimization-horizontal-vertical_scenario,611,307,3,4,6,0,90,15,1,156022,WheelchairAgent(Clone),7,11,1.3,1.17,0,0,False,2,0,0
2026-03-07_02.59.52,269,sign-optimization-horizontal-vertical_scenario,611,307,3,4,6,0,90,15,1,156023,AdultFemaleAgent(Clone),10,12,1.58,1.45,0,0,False,3,1,0.3333333
2026-03-07_02.59.52,269,sign-optimization-horizontal-vertical_scenario,611,307,3,4,6,0,90,15,1,156024,AdultMaleAgent(Clone),5,10,1.71,1.58,0,0,False,2,0,0
2026-03-07_02.59.52,269,sign-optimization-horizontal-vertical_scenario,611,307,3,4,6,0,90,15,1,156025,WheelchairAgent(Clone),6,12,1.3,1.17,0,0,True,2,1,0.5
2026-03-07_02.59.52,269,sign-optimization-horizontal-vertical_scenario,611,307,3,4,6,0,90,15,1,156026,AdultMaleAgent(Clone),10,12,1.71,1.58,0,0,True,3,1,0.3333333
2026-03-07_02.59.52,269,sign-optimization-horizontal-vertical_scenario,611,307,3,4,6,0,90,15,1,156027,AdultMaleAgent(Clone),6,12,1.71,1.58,0,0,True,2,1,0.5
2026-03-07_02.59.52,269,sign-optimization-horizontal-vertical_scenario,611,307,3,4,6,0,90,15,1,156028,AdultMaleAgent(Clone),5,10,1.71,1.58,0,0,False,2,0,0
2026-03-07_02.59.52,269,sign-optimization-horizontal-vertical_scenario,611,307,3,4,6,0,90,15,1,156029,WheelchairAgent(Clone),7,11,1.3,1.17,0,0,False,2,0,0
2026-03-07_02.59.52,269,sign-optimization-horizontal-vertical_scenario,611,307,3,4,6,0,90,15,1,156030,AdultFemaleAgent(Clone),6,12,1.58,1.45,0,0,True,2,1,0.5
2026-03-07_02.59.52,269,sign-optimization-horizontal-vertical_scenario,611,307,3,4,6,0,90,15,1,156031,WheelchairAgent(Clone),11,10,1.3,1.17,0,0,False,3,1,0.3333333
2026-03-07_02.59.52,269,sign-optimization-horizontal-vertical_scenario,611,307,3,4,6,0,90,15,1,156032,WheelchairAgent(Clone),5,10,1.3,1.17,0,0,False,2,0,0
2026-03-07_02.59.52,269,sign-optimization-horizontal-vertical_scenario,611,307,3,4,6,0,90,15,1,156033,WheelchairAgent(Clone),11,10,1.3,1.17,0,0,False,3,0,0
2026-03-07_02.59.52,269,sign-optimization-horizontal-vertical_scenario,611,307,3,4,6,0,90,15,1,156034,AdultFemaleAgent(Clone),11,10,1.58,1.450001,0,0,False,3,0,0
2026-03-07_02.59.52,269,sign-optimization-horizontal-vertical_scenario,611,307,3,4,6,0,90,15,1,156035,AdultMaleAgent(Clone),10,12,1.71,1.58,0,0,True,3,1,0.3333333
2026-03-07_02.59.52,269,sign-optimization-horizontal-vertical_scenario,611,307,3,4,6,0,90,15,1,156036,AdultMaleAgent(Clone),7,11,1.71,1.58,0,0,False,2,0,0
2026-03-07_02.59.52,269,sign-optimization-horizontal-vertical_scenario,611,307,3,4,6,0,90,15,1,156037,AdultMaleAgent(Clone),10,12,1.71,1.58,0,0,True,3,1,0.3333333
2026-03-07_02.59.52,269,sign-optimization-horizontal-vertical_scenario,611,307,3,4,6,0,90,15,1,156038,AdultFemaleAgent(Clone),7,11,1.58,1.450001,0,0,False,2,0,0
2026-03-07_02.59.52,269,sign-optimization-horizontal-vertical_scenario,611,307,3,4,6,0,90,15,1,156039,AdultFemaleAgent(Clone),6,12,1.58,1.45,0,0,True,2,1,0.5
2026-03-07_02.59.52,269,sign-optimization-horizontal-vertical_scenario,611,307,3,4,6,0,90,15,1,156040,AdultFemaleAgent(Clone),11,10,1.58,1.450001,0,0,False,3,0,0
2026-03-07_02.59.52,269,sign-optimization-horizontal-vertical_scenario,611,307,3,4,6,0,90,15,1,156041,WheelchairAgent(Clone),11,10,1.3,1.17,0,0,False,3,0,0
2026-03-07_02.59.52,269,sign-optimization-horizontal-vertical_scenario,611,307,3,4,6,0,90,15,1,156042,AdultMaleAgent(Clone),5,10,1.71,1.58,0,0,False,2,0,0
2026-03-07_02.59.52,269,sign-optimization-horizontal-vertical_scenario,611,307,3,4,6,0,90,15,1,156043,WheelchairAgent(Clone),7,11,1.3,1.17,0,0,False,2,0,0
2026-03-07_02.59.52,269,sign-optimization-horizontal-vertical_scenario,611,307,3,4,6,0,90,15,1,156044,AdultFemaleAgent(Clone),10,12,1.58,1.45,0,0,False,3,0,0
2026-03-07_02.59.52,269,sign-optimization-horizontal-vertical_scenario,611,307,3,4,6,0,90,15,1,156045,AdultFemaleAgent(Clone),5,10,1.58,1.45,0,0,False,2,0,0
2026-03-07_02.59.52,269,sign-optimization-horizontal-vertical_scenario,611,307,3,4,6,0,90,15,1,156046,AdultFemaleAgent(Clone),6,12,1.58,1.45,0,0,True,2,1,0.5
2026-03-07_02.59.52,269,sign-optimization-horizontal-vertical_scenario,611,307,3,4,6,0,90,15,1,156047,WheelchairAgent(Clone),11,10,1.3,1.17,0,0,False,3,0,0
2026-03-07_02.59.52,269,sign-optimization-horizontal-vertical_scenario,611,307,3,4,6,0,90,15,1,156048,WheelchairAgent(Clone),7,11,1.3,1.17,0,0,False,2,0,0
2026-03-07_02.59.52,269,sign-optimization-horizontal-vertical_scenario,611,307,3,4,6,0,90,15,1,156049,AdultMaleAgent(Clone),10,12,1.71,1.58,0,0,False,3,0,0
2026-03-07_02.59.52,269,sign-optimization-horizontal-vertical_scenario,611,307,3,4,6,0,90,15,1,156050,AdultFemaleAgent(Clone),11,10,1.58,1.450001,0,0,False,3,0,0
2026-03-07_02.59.52,269,sign-optimization-horizontal-vertical_scenario,611,307,3,4,6,0,90,15,1,156051,WheelchairAgent(Clone),6,12,1.3,1.17,0,0,True,2,1,0.5
2026-03-07_02.59.52,269,sign-optimization-horizontal-vertical_scenario,611,307,3,4,6,0,90,15,1,156052,WheelchairAgent(Clone),7,11,1.3,1.17,0,0,False,2,0,0
2026-03-07_02.59.52,269,sign-optimization-horizontal-vertical_scenario,611,307,3,4,6,0,90,15,1,156053,AdultMaleAgent(Clone),11,10,1.71,1.58,0,0,False,3,0,0
2026-03-07_02.59.52,269,sign-optimization-horizontal-vertical_scenario,611,307,3,4,6,0,90,15,1,156054,AdultMaleAgent(Clone),11,10,1.71,1.58,0,0,False,3,0,0
2026-03-07_02.59.52,269,sign-optimization-horizontal-vertical_scenario,611,307,3,4,6,0,90,15,1,156055,AdultFemaleAgent(Clone),7,11,1.58,1.450001,0,0,False,2,0,0
2026-03-07_02.59.52,269,sign-optimization-horizontal-vertical_scenario,611,307,3,4,6,0,90,15,1,156056,WheelchairAgent(Clone),11,10,1.3,1.17,0,0,False,3,0,0
2026-03-07_02.59.52,269,sign-optimization-horizontal-vertical_scenario,611,307,3,4,6,0,90,15,1,156057,WheelchairAgent(Clone),5,10,1.3,1.17,0,0,False,2,0,0
2026-03-07_02.59.52,269,sign-optimization-horizontal-vertical_scenario,611,307,3,4,6,0,90,15,1,156058,WheelchairAgent(Clone),7,11,1.3,1.17,0,0,False,2,0,0
2026-03-07_02.59.52,269,sign-optimization-horizontal-vertical_scenario,611,307,3,4,6,0,90,15,1,156059,WheelchairAgent(Clone),6,12,1.3,1.17,0,0,False,2,1,0.5
2026-03-07_02.59.52,269,sign-optimization-horizontal-vertical_scenario,611,307,3,4,6,0,90,15,1,156060,WheelchairAgent(Clone),6,12,1.3,1.17,0,0,False,2,1,0.5
2026-03-07_02.59.52,269,sign-optimization-horizontal-vertical_scenario,611,307,3,4,6,0,90,15,1,156061,AdultMaleAgent(Clone),10,12,1.71,1.58,0,0,False,3,0,0
2026-03-07_02.59.52,269,sign-optimization-horizontal-vertical_scenario,611,307,3,4,6,0,90,15,1,156062,AdultFemaleAgent(Clone),10,12,1.58,1.45,0,0,False,3,0,0
2026-03-07_02.59.52,269,sign-optimization-horizontal-vertical_scenario,611,307,3,4,6,0,90,15,1,156063,WheelchairAgent(Clone),5,10,1.3,1.17,0,0,False,2,0,0
2026-03-07_02.59.52,269,sign-optimization-horizontal-vertical_scenario,611,307,3,4,6,0,90,15,1,156064,AdultFemaleAgent(Clone),10,12,1.58,1.45,0,0,False,3,0,0
2026-03-07_02.59.52,269,sign-optimization-horizontal-vertical_scenario,611,307,3,4,6,0,90,15,1,156065,AdultFemaleAgent(Clone),7,11,1.58,1.450001,0,0,False,2,0,0
2026-03-07_02.59.52,269,sign-optimization-horizontal-vertical_scenario,611,307,3,4,6,0,90,15,1,156066,WheelchairAgent(Clone),10,12,1.3,1.17,0,0,False,3,0,0
2026-03-07_02.59.52,269,sign-optimization-horizontal-vertical_scenario,611,307,3,4,6,0,90,15,1,156067,AdultMaleAgent(Clone),11,10,1.71,1.58,0,0,False,3,0,0
2026-03-07_02.59.52,269,sign-optimization-horizontal-vertical_scenario,611,307,3,4,6,0,90,15,1,156068,AdultFemaleAgent(Clone),5,10,1.58,1.45,0,0,False,2,0,0
2026-03-07_02.59.52,269,sign-optimization-horizontal-vertical_scenario,611,307,3,4,6,0,90,15,1,156069,AdultFemaleAgent(Clone),10,12,1.58,1.45,0,0,False,3,0,0
2026-03-07_02.59.52,269,sign-optimization-horizontal-vertical_scenario,611,307,3,4,6,0,90,15,1,156070,AdultFemaleAgent(Clone),10,12,1.58,1.45,0,0,False,3,0,0
2026-03-07_02.59.52,269,sign-optimization-horizontal-vertical_scenario,611,307,3,4,6,0,90,15,1,156071,AdultMaleAgent(Clone),11,10,1.71,1.58,0,0,False,3,0,0
2026-03-07_02.59.52,269,sign-optimization-horizontal-vertical_scenario,611,307,3,4,6,0,90,15,1,156072,WheelchairAgent(Clone),10,12,1.3,1.17,0,0,False,3,0,0
2026-03-07_02.59.52,269,sign-optimization-horizontal-vertical_scenario,611,307,3,4,6,0,90,15,1,156073,WheelchairAgent(Clone),5,10,1.3,1.17,0,0,False,2,0,0
2026-03-07_02.59.52,269,sign-optimization-horizontal-vertical_scenario,611,307,3,4,6,0,90,15,1,156074,AdultFemaleAgent(Clone),10,12,1.58,1.45,0,0,False,3,0,0
2026-03-07_02.59.52,269,sign-optimization-horizontal-vertical_scenario,611,307,3,4,6,0,90,15,1,156075,AdultFemaleAgent(Clone),6,12,1.58,1.45,0,0,False,2,0,0
2026-03-07_02.59.52,269,sign-optimization-horizontal-vertical_scenario,611,307,3,4,6,0,90,15,1,156076,AdultMaleAgent(Clone),10,12,1.71,1.58,0,0,False,3,0,0
2026-03-07_02.59.52,269,sign-optimization-horizontal-vertical_scenario,611,307,3,4,6,0,90,15,1,156077,AdultFemaleAgent(Clone),11,10,1.58,1.450001,0,0,False,3,0,0
2026-03-07_02.59.52,269,sign-optimization-horizontal-vertical_scenario,611,307,3,4,6,0,90,15,1,156078,WheelchairAgent(Clone),11,10,1.3,1.17,0,0,False,3,0,0
2026-03-07_02.59.52,269,sign-optimization-horizontal-vertical_scenario,611,307,3,4,6,0,90,15,1,156079,AdultMaleAgent(Clone),6,12,1.71,1.58,0,0,False,2,0,0
2026-03-07_02.59.52,269,sign-optimization-horizontal-vertical_scenario,611,307,3,4,6,0,90,15,1,156080,WheelchairAgent(Clone),7,11,1.3,1.17,0,0,False,2,0,0
2026-03-07_02.59.52,269,sign-optimization-horizontal-vertical_scenario,611,307,3,4,6,0,90,15,1,156081,AdultFemaleAgent(Clone),7,11,1.58,1.450001,0,0,False,2,0,0
2026-03-07_02.59.52,269,sign-optimization-horizontal-vertical_scenario,611,307,3,4,6,0,90,15,1,156082,WheelchairAgent(Clone),5,10,1.3,1.17,0,0,False,2,0,0
2026-03-07_02.59.52,269,sign-optimization-horizontal-vertical_scenario,611,307,3,4,6,0,90,15,1,156083,AdultMaleAgent(Clone),7,11,1.71,1.58,0,0,False,2,0,0
2026-03-07_02.59.52,269,sign-optimization-horizontal-vertical_scenario,611,307,3,4,6,0,90,15,1,156084,WheelchairAgent(Clone),7,11,1.3,1.17,0,0,False,2,0,0
2026-03-07_02.59.52,269,sign-optimization-horizontal-vertical_scenario,611,307,3,4,6,0,90,15,1,156085,AdultMaleAgent(Clone),11,10,1.71,1.58,0,0,False,3,0,0
2026-03-07_02.59.52,269,sign-optimization-horizontal-vertical_scenario,611,307,3,4,6,0,90,15,1,156086,AdultFemaleAgent(Clone),7,11,1.58,1.450001,0,0,False,2,0,0
2026-03-07_02.59.52,269,sign-optimization-horizontal-vertical_scenario,611,307,3,4,6,0,90,15,1,156087,WheelchairAgent(Clone),11,10,1.3,1.17,0,0,False,3,0,0
2026-03-07_02.59.52,269,sign-optimization-horizontal-vertical_scenario,611,307,3,4,6,0,90,15,1,156088,WheelchairAgent(Clone),5,10,1.3,1.17,0,0,False,2,0,0
2026-03-07_02.59.52,269,sign-optimization-horizontal-vertical_scenario,611,307,3,4,6,0,90,15,1,156089,AdultMaleAgent(Clone),7,11,1.71,1.58,0,0,False,2,0,0
2026-03-07_02.59.52,269,sign-optimization-horizontal-vertical_scenario,611,307,3,4,6,0,90,15,1,156090,AdultMaleAgent(Clone),5,10,1.71,1.58,0,0,False,2,0,0
2026-03-07_02.59.52,269,sign-optimization-horizontal-vertical_scenario,611,307,3,4,6,0,90,15,1,156091,AdultFemaleAgent(Clone),5,10,1.58,1.45,0,0,False,2,0,0
2026-03-07_02.59.52,269,sign-optimization-horizontal-vertical_scenario,611,307,3,4,6,0,90,15,1,156092,WheelchairAgent(Clone),7,11,1.3,1.17,0,0,False,2,0,0
2026-03-07_02.59.52,269,sign-optimization-horizontal-vertical_scenario,611,307,3,4,6,0,90,15,1,156093,AdultMaleAgent(Clone),10,12,1.71,1.58,0,0,False,3,0,0
2026-03-07_02.59.52,269,sign-optimization-horizontal-vertical_scenario,611,307,3,4,6,0,90,15,1,156094,WheelchairAgent(Clone),10,12,1.3,1.17,0,0,False,3,0,0
2026-03-07_02.59.52,269,sign-optimization-horizontal-vertical_scenario,611,307,3,4,6,0,90,15,1,156095,AdultFemaleAgent(Clone),10,12,1.58,1.45,0,0,False,3,0,0
2026-03-07_02.59.52,269,sign-optimization-horizontal-vertical_scenario,611,307,3,4,6,0,90,15,1,156096,AdultFemaleAgent(Clone),10,12,1.58,1.45,0,0,False,3,0,0
2026-03-07_02.59.52,269,sign-optimization-horizontal-vertical_scenario,611,307,3,4,6,0,90,15,1,156097,AdultMaleAgent(Clone),11,10,1.71,1.58,0,0,False,3,0,0
2026-03-07_02.59.52,269,sign-optimization-horizontal-vertical_scenario,611,307,3,4,6,0,90,15,1,156098,WheelchairAgent(Clone),11,10,1.3,1.17,0,0,False,3,0,0
2026-03-07_02.59.52,269,sign-optimization-horizontal-vertical_scenario,611,307,3,4,6,0,90,15,1,156099,AdultFemaleAgent(Clone),10,12,1.58,1.45,0,0,False,3,0,0
2026-03-07_02.59.52,269,sign-optimization-horizontal-vertical_scenario,611,307,3,4,6,0,90,15,1,156100,AdultMaleAgent(Clone),11,10,1.71,1.58,0,0,False,3,0,0
2026-03-07_02.59.52,269,sign-optimization-horizontal-vertical_scenario,611,307,3,4,6,0,90,15,1,156101,AdultMaleAgent(Clone),6,12,1.71,1.58,0,0,False,2,0,0
2026-03-07_02.59.52,269,sign-optimization-horizontal-vertical_scenario,611,307,3,4,6,0,90,15,1,156102,AdultMaleAgent(Clone),5,10,1.71,1.58,0,0,False,2,0,0
2026-03-07_02.59.52,269,sign-optimization-horizontal-vertical_scenario,611,307,3,4,6,0,90,15,1,156103,WheelchairAgent(Clone),7,11,1.3,1.17,0,0,False,2,0,0
2026-03-07_02.59.52,269,sign-optimization-horizontal-vertical_scenario,611,307,3,4,6,0,90,15,1,156104,AdultMaleAgent(Clone),7,11,1.71,1.58,0,0,False,2,0,0
2026-03-07_02.59.52,269,sign-optimization-horizontal-vertical_scenario,611,307,3,4,6,0,90,15,1,156105,AdultMaleAgent(Clone),11,10,1.71,1.58,0,0,False,3,0,0
2026-03-07_02.59.52,269,sign-optimization-horizontal-vertical_scenario,611,307,3,4,6,0,90,15,1,156106,WheelchairAgent(Clone),10,12,1.3,1.17,0,0,False,3,0,0
2026-03-07_02.59.52,269,sign-optimization-horizontal-vertical_scenario,611,307,3,4,6,0,90,15,1,156107,AdultFemaleAgent(Clone),10,12,1.58,1.45,0,0,False,3,0,0
2026-03-07_02.59.52,269,sign-optimization-horizontal-vertical_scenario,611,307,3,4,6,0,90,15,1,156108,AdultMaleAgent(Clone),10,12,1.71,1.58,0,0,False,3,0,0
2026-03-07_02.59.52,269,sign-optimization-horizontal-vertical_scenario,611,307,3,4,6,0,90,15,1,156109,AdultFemaleAgent(Clone),10,12,1.58,1.45,0,0,False,3,0,0
