Timestamp,RunIndex,ScenarioID,TotalAgents,VisibleSignCount,SignHeight,SignPositionX,SignPositionZ,SignOrientation,VcaAngle,VcaDistance,SignComprehensionTime,AgentID,AgentType,StartNode,GoalNode,Height,EyeHeight,TimeInVCA,TimesInVCA,SawSign,TotalNodesNavigated,NodesWithDetection,RDEffective
2026-03-07_03.04.52,274,sign-optimization-horizontal-vertical_scenario,643,247,3,-9,7,0,90,15,1,158379,AdultMaleAgent(Clone),6,12,1.71,1.58,3.039063,2,True,2,1,0.5
2026-03-07_03.04.52,274,sign-optimization-horizontal-vertical_scenario,643,247,3,-9,7,0,90,15,1,158380,AdultMaleAgent(Clone),7,11,1.71,1.58,7.417969,1,False,2,0,0
2026-03-07_03.04.52,274,sign-optimization-horizontal-vertical_scenario,643,247,3,-9,7,0,90,15,1,158381,AdultFemaleAgent(Clone),10,12,1.58,1.45,5.056641,1,True,3,1,0.3333333
2026-03-07_03.04.52,274,sign-optimization-horizontal-vertical_scenario,643,247,3,-9,7,0,90,15,1,158382,WheelchairAgent(Clone),6,12,1.3,1.17,0,0,False,2,0,0
2026-03-07_03.04.52,274,sign-optimization-horizontal-vertical_scenario,643,247,3,-9,7,0,90,15,1,158383,AdultMaleAgent(Clone),6,12,1.71,1.58,0.5039063,1,False,2,1,0.5
2026-03-07_03.04.52,274,sign-optimization-horizontal-vertical_scenario,643,247,3,-9,7,0,90,15,1,158384,AdultFemaleAgent(Clone),6,12,1.58,1.45,3.267578,2,True,2,1,0.5
2026-03-07_03.04.52,274,sign-optimization-horizontal-vertical_scenario,643,247,3,-9,7,0,90,15,1,158385,AdultMaleAgent(Clone),6,12,1.71,1.58,0.953125,2,True,2,1,0.5
2026-03-07_03.04.52,274,sign-optimization-horizontal-vertical_scenario,643,247,3,-9,7,0,90,15,1,158386,AdultMaleAgent(Clone),10,12,1.71,1.58,4.523438,1,True,3,1,0.3333333
2026-03-07_03.04.52,274,sign-optimization-horizontal-vertical_scenario,643,247,3,-9,7,0,90,15,1,158387,WheelchairAgent(Clone),5,10,1.3,1.17,7.466797,2,True,2,1,0.5
2026-03-07_03.04.52,274,sign-optimization-horizontal-vertical_scenario,643,247,3,-9,7,0,90,15,1,158388,WheelchairAgent(Clone),10,12,1.3,1.17,2.976563,1,True,3,1,0.3333333
2026-03-07_03.04.52,274,sign-optimization-horizontal-vertical_scenario,643,247,3,-9,7,0,90,15,1,158389,WheelchairAgent(Clone),7,11,1.3,1.17,8.666016,1,False,2,0,0
2026-03-07_03.04.52,274,sign-optimization-horizontal-vertical_scenario,643,247,3,-9,7,0,90,15,1,158390,WheelchairAgent(Clone),7,11,1.3,1.17,9.248047,1,False,2,0,0
2026-03-07_03.04.52,274,sign-optimization-horizontal-vertical_scenario,643,247,3,-9,7,0,90,15,1,158391,AdultFemaleAgent(Clone),11,10,1.58,1.450001,4.267578,1,False,3,0,0
2026-03-07_03.04.52,274,sign-optimization-horizontal-vertical_scenario,643,247,3,-9,7,0,90,15,1,158392,WheelchairAgent(Clone),10,12,1.3,1.17,4.570313,1,True,3,1,0.3333333
2026-03-07_03.04.52,274,sign-optimization-horizontal-vertical_scenario,643,247,3,-9,7,0,90,15,1,158393,WheelchairAgent(Clone),11,10,1.3,1.17,2.953125,1,False,3,0,0
2026-03-07_03.04.52,274,sign-optimization-horizontal-vertical_scenario,643,247,3,-9,7,0,90,15,1,158394,AdultMaleAgent(Clone),11,10,1.71,1.58,4.324219,1,False,3,0,0
2026-03-07_03.04.52,274,sign-optimization-horizontal-vertical_scenario,643,247,3,-9,7,0,90,15,1,158395,AdultMaleAgent(Clone),11,10,1.71,1.58,4.408203,1,False,3,0,0
2026-03-07_03.04.52,274,sign-optimization-horizontal-vertical_scenario,643,247,3,-9,7,0,90,15,1,158396,WheelchairAgent(Clone),5,10,1.3,1.17,8.650391,2,True,2,1,0.5
2026-03-07_03.04.52,274,sign-optimization-horizontal-vertical_scenario,643,247,3,-9,7,0,90,15,1,158397,AdultMaleAgent(Clone),6,12,1.71,1.58,0,0,False,2,0,0
2026-03-07_03.04.52,274,sign-optimization-horizontal-vertical_scenario,643,247,3,-9,7,0,90,15,1,158398,WheelchairAgent(Clone),5,10,1.3,1.17,7.863281,2,True,2,1,0.5
2026-03-07_03.04.52,274,sign-optimization-horizontal-vertical_scenario,643,247,3,-9,7,0,90,15,1,158399,WheelchairAgent(Clone),5,10,1.3,1.17,8.806641,2,True,2,1,0.5
2026-03-07_03.04.52,274,sign-optimization-horizontal-vertical_scenario,643,247,3,-9,7,0,90,15,1,158400,AdultMaleAgent(Clone),5,10,1.71,1.58,8.376953,2,True,2,1,0.5
2026-03-07_03.04.52,274,sign-optimization-horizontal-vertical_scenario,643,247,3,-9,7,0,90,15,1,158401,AdultFemaleAgent(Clone),6,12,1.58,1.45,0.2753906,1,False,2,1,0.5
2026-03-07_03.04.52,274,sign-optimization-horizontal-vertical_scenario,643,247,3,-9,7,0,90,15,1,158402,AdultFemaleAgent(Clone),11,10,1.58,1.450001,4.929688,1,False,3,0,0
2026-03-07_03.04.52,274,sign-optimization-horizontal-vertical_scenario,643,247,3,-9,7,0,90,15,1,158403,AdultFemaleAgent(Clone),7,11,1.58,1.450001,9.835938,1,False,2,0,0
2026-03-07_03.04.52,274,sign-optimization-horizontal-vertical_scenario,643,247,3,-9,7,0,90,15,1,158404,WheelchairAgent(Clone),7,11,1.3,1.17,4.722656,1,False,2,0,0
2026-03-07_03.04.52,274,sign-optimization-horizontal-vertical_scenario,643,247,3,-9,7,0,90,15,1,158405,AdultFemaleAgent(Clone),10,12,1.58,1.45,4.34375,1,True,3,1,0.3333333
2026-03-07_03.04.52,274,sign-optimization-horizontal-vertical_scenario,643,247,3,-9,7,0,90,15,1,158406,AdultFemaleAgent(Clone),5,10,1.58,1.45,7.958984,2,True,2,1,0.5
2026-03-07_03.04.52,274,sign-optimization-horizontal-vertical_scenario,643,247,3,-9,7,0,90,15,1,158407,AdultMaleAgent(Clone),11,10,1.71,1.58,4.658203,1,False,3,0,0
2026-03-07_03.04.52,274,sign-optimization-horizontal-vertical_scenario,643,247,3,-9,7,0,90,15,1,158408,AdultFemaleAgent(Clone),10,12,1.58,1.45,4.28125,1,True,3,1,0.3333333
2026-03-07_03.04.52,274,sign-optimization-horizontal-vertical_scenario,643,247,3,-9,7,0,90,15,1,158409,WheelchairAgent(Clone),10,12,1.3,1.17,5.179688,1,True,3,1,0.3333333
2026-03-07_03.04.52,274,sign-optimization-horizontal-vertical_scenario,643,247,3,-9,7,0,90,15,1,158410,AdultFemaleAgent(Clone),10,12,1.58,1.45,5.791016,1,True,3,1,0.3333333
2026-03-07_03.04.52,274,sign-optimization-horizontal-vertical_scenario,643,247,3,-9,7,0,90,15,1,158411,AdultFemaleAgent(Clone),5,10,1.58,1.45,9.193359,2,True,2,1,0.5
2026-03-07_03.04.52,274,sign-optimization-horizontal-vertical_scenario,643,247,3,-9,7,0,90,15,1,158412,AdultMaleAgent(Clone),6,12,1.71,1.58,1.009766,2,True,2,1,0.5
2026-03-07_03.04.52,274,sign-optimization-horizontal-vertical_scenario,643,247,3,-9,7,0,90,15,1,158413,AdultFemaleAgent(Clone),7,11,1.58,1.450001,9.957031,1,False,2,0,0
2026-03-07_03.04.52,274,sign-optimization-horizontal-vertical_scenario,643,247,3,-9,7,0,90,15,1,158414,WheelchairAgent(Clone),7,11,1.3,1.17,5.992188,1,False,2,0,0
2026-03-07_03.04.52,274,sign-optimization-horizontal-vertical_scenario,643,247,3,-9,7,0,90,15,1,158415,AdultFemaleAgent(Clone),10,12,1.58,1.45,4.882813,1,True,3,1,0.3333333
2026-03-07_03.04.52,274,sign-optimization-horizontal-vertical_scenario,643,247,3,-9,7,0,90,15,1,158416,AdultMaleAgent(Clone),5,10,1.71,1.58,9.277344,2,True,2,1,0.5
2026-03-07_03.04.52,274,sign-optimization-horizontal-vertical_scenario,643,247,3,-9,7,0,90,15,1,158417,AdultMaleAgent(Clone),6,12,1.71,1.58,3.115234,2,True,2,1,0.5
2026-03-07_03.04.52,274,sign-optimization-horizontal-vertical_scenario,643,247,3,-9,7,0,90,15,1,158418,AdultFemaleAgent(Clone),5,10,1.58,1.45,9.488281,2,True,2,1,0.5
2026-03-07_03.04.52,274,sign-optimization-horizontal-vertical_scenario,643,247,3,-9,7,0,90,15,1,158419,AdultFemaleAgent(Clone),11,10,1.58,1.450001,4.115234,1,False,3,0,0
2026-03-07_03.04.52,274,sign-optimization-horizontal-vertical_scenario,643,247,3,-9,7,0,90,15,1,158420,AdultMaleAgent(Clone),10,12,1.71,1.58,5.964844,1,True,3,1,0.3333333
2026-03-07_03.04.52,274,sign-optimization-horizontal-vertical_scenario,643,247,3,-9,7,0,90,15,1,158421,AdultMaleAgent(Clone),7,11,1.71,1.58,11.76172,1,False,2,0,0
2026-03-07_03.04.52,274,sign-optimization-horizontal-vertical_scenario,643,247,3,-9,7,0,90,15,1,158422,AdultFemaleAgent(Clone),6,12,1.58,1.45,0.7070313,1,False,2,1,0.5
2026-03-07_03.04.52,274,sign-optimization-horizontal-vertical_scenario,643,247,3,-9,7,0,90,15,1,158423,AdultFemaleAgent(Clone),6,12,1.58,1.45,0,0,False,2,0,0
2026-03-07_03.04.52,274,sign-optimization-horizontal-vertical_scenario,643,247,3,-9,7,0,90,15,1,158424,AdultMaleAgent(Clone),11,10,1.71,1.58,4.71875,1,False,3,0,0
2026-03-07_03.04.52,274,sign-optimization-horizontal-vertical_scenario,643,247,3,-9,7,0,90,15,1,158425,WheelchairAgent(Clone),10,12,1.3,1.17,5.169922,1,True,3,1,0.3333333
2026-03-07_03.04.52,274,sign-optimization-horizontal-vertical_scenario,643,247,3,-9,7,0,90,15,1,158426,AdultFemaleAgent(Clone),7,11,1.58,1.450001,7.423828,1,False,2,0,0
2026-03-07_03.04.52,274,sign-optimization-horizontal-vertical_scenario,643,247,3,-9,7,0,90,15,1,158427,AdultMaleAgent(Clone),6,12,1.71,1.58,0,0,False,2,0,0
2026-03-07_03.04.52,274,sign-optimization-horizontal-vertical_scenario,643,247,3,-9,7,0,90,15,1,158428,AdultMaleAgent(Clone),7,11,1.71,1.58,11.4707,1,False,2,1,0.5
2026-03-07_03.04.52,274,sign-optimization-horizontal-vertical_scenario,643,247,3,-9,7,0,90,15,1,158429,AdultMaleAgent(Clone),11,10,1.71,1.58,5.037109,1,False,3,0,0
2026-03-07_03.04.52,274,sign-optimization-horizontal-vertical_scenario,643,247,3,-9,7,0,90,15,1,158430,WheelchairAgent(Clone),7,11,1.3,1.17,1.138672,1,False,2,0,0
2026-03-07_03.04.52,274,sign-optimization-horizontal-vertical_scenario,643,247,3,-9,7,0,90,15,1,158431,AdultFemaleAgent(Clone),5,10,1.58,1.45,9.080078,2,True,2,1,0.5
2026-03-07_03.04.52,274,sign-optimization-horizontal-vertical_scenario,643,247,3,-9,7,0,90,15,1,158432,AdultMaleAgent(Clone),7,11,1.71,1.58,9.322266,1,False,2,0,0
2026-03-07_03.04.52,274,sign-optimization-horizontal-vertical_scenario,643,247,3,-9,7,0,90,15,1,158433,WheelchairAgent(Clone),11,10,1.3,1.17,4.583984,1,False,3,0,0
2026-03-07_03.04.52,274,sign-optimization-horizontal-vertical_scenario,643,247,3,-9,7,0,90,15,1,158434,WheelchairAgent(Clone),7,11,1.3,1.17,8.712891,1,False,2,0,0
2026-03-07_03.04.52,274,sign-optimization-horizontal-vertical_scenario,643,247,3,-9,7,0,90,15,1,158435,AdultFemaleAgent(Clone),10,12,1.58,1.45,3.425781,1,True,3,1,0.3333333
2026-03-07_03.04.52,274,sign-optimization-horizontal-vertical_scenario,643,247,3,-9,7,0,90,15,1,158436,WheelchairAgent(Clone),10,12,1.3,1.17,4.181641,1,True,3,1,0.3333333
2026-03-07_03.04.52,274,sign-optimization-horizontal-vertical_scenario,643,247,3,-9,7,0,90,15,1,158437,AdultFemaleAgent(Clone),7,11,1.58,1.450001,6.039063,1,False,2,0,0
2026-03-07_03.04.52,274,sign-optimization-horizontal-vertical_scenario,643,247,3,-9,7,0,90,15,1,158438,WheelchairAgent(Clone),11,10,1.3,1.17,4.580078,1,False,3,0,0
2026-03-07_03.04.52,274,sign-optimization-horizontal-vertical_scenario,643,247,3,-9,7,0,90,15,1,158439,WheelchairAgent(Clone),5,10,1.3,1.17,7.890625,2,True,2,1,0.5
2026-03-07_03.04.52,274,sign-optimization-horizontal-vertical_scenario,643,247,3,-9,7,0,90,15,1,158440,AdultMaleAgent(Clone),11,10,1.71,1.58,4.328125,1,False,3,0,0
2026-03-07_03.04.52,274,sign-optimization-horizontal-vertical_scenario,643,247,3,-9,7,0,90,15,1,158441,AdultFemaleAgent(Clone),11,10,1.58,1.450001,4.916016,1,False,3,0,0
2026-03-07_03.04.52,274,sign-optimization-horizontal-vertical_scenario,643,247,3,-9,7,0,90,15,1,158442,WheelchairAgent(Clone),5,10,1.3,1.17,7.585938,2,True,2,1,0.5
2026-03-07_03.04.52,274,sign-optimization-horizontal-vertical_scenario,643,247,3,-9,7,0,90,15,1,158443,AdultMaleAgent(Clone),6,12,1.71,1.58,0.08789063,2,True,2,1,0.5
2026-03-07_03.04.52,274,sign-optimization-horizontal-vertical_scenario,643,247,3,-9,7,0,90,15,1,158444,AdultMaleAgent(Clone),10,12,1.71,1.58,4.804688,1,True,3,1,0.3333333
2026-03-07_03.04.52,274,sign-optimization-horizontal-vertical_scenario,643,247,3,-9,7,0,90,15,1,158445,AdultFemaleAgent(Clone),5,10,1.58,1.45,9.447266,2,True,2,1,0.5
2026-03-07_03.04.52,274,sign-optimization-horizontal-vertical_scenario,643,247,3,-9,7,0,90,15,1,158446,AdultFemaleAgent(Clone),10,12,1.58,1.45,5.011719,1,True,3,1,0.3333333
2026-03-07_03.04.52,274,sign-optimization-horizontal-vertical_scenario,643,247,3,-9,7,0,90,15,1,158447,AdultFemaleAgent(Clone),7,11,1.58,1.450001,7.125,1,False,2,0,0
2026-03-07_03.04.52,274,sign-optimization-horizontal-vertical_scenario,643,247,3,-9,7,0,90,15,1,158448,AdultMaleAgent(Clone),11,10,1.71,1.58,5.144531,1,False,3,0,0
2026-03-07_03.04.52,274,sign-optimization-horizontal-vertical_scenario,643,247,3,-9,7,0,90,15,1,158449,AdultFemaleAgent(Clone),7,11,1.58,1.450001,12.76953,1,False,2,0,0
2026-03-07_03.04.52,274,sign-optimization-horizontal-vertical_scenario,643,247,3,-9,7,0,90,15,1,158450,WheelchairAgent(Clone),11,10,1.3,1.17,5.029297,1,False,3,0,0
2026-03-07_03.04.52,274,sign-optimization-horizontal-vertical_scenario,643,247,3,-9,7,0,90,15,1,158451,WheelchairAgent(Clone),11,10,1.3,1.17,4.949219,1,False,3,0,0
2026-03-07_03.04.52,274,sign-optimization-horizontal-vertical_scenario,643,247,3,-9,7,0,90,15,1,158452,WheelchairAgent(Clone),7,11,1.3,1.17,13.75977,1,False,2,1,0.5
2026-03-07_03.04.52,274,sign-optimization-horizontal-vertical_scenario,643,247,3,-9,7,0,90,15,1,158453,WheelchairAgent(Clone),6,12,1.3,1.17,0,0,False,2,0,0
2026-03-07_03.04.52,274,sign-optimization-horizontal-vertical_scenario,643,247,3,-9,7,0,90,15,1,158454,AdultMaleAgent(Clone),11,10,1.71,1.58,4.033203,1,False,3,0,0
2026-03-07_03.04.52,274,sign-optimization-horizontal-vertical_scenario,643,247,3,-9,7,0,90,15,1,158455,WheelchairAgent(Clone),6,12,1.3,1.17,1.970703,1,True,2,1,0.5
2026-03-07_03.04.52,274,sign-optimization-horizontal-vertical_scenario,643,247,3,-9,7,0,90,15,1,158456,WheelchairAgent(Clone),5,10,1.3,1.17,8.849609,2,True,2,1,0.5
2026-03-07_03.04.52,274,sign-optimization-horizontal-vertical_scenario,643,247,3,-9,7,0,90,15,1,158457,AdultMaleAgent(Clone),5,10,1.71,1.58,8.890625,2,True,2,1,0.5
2026-03-07_03.04.52,274,sign-optimization-horizontal-vertical_scenario,643,247,3,-9,7,0,90,15,1,158458,AdultFemaleAgent(Clone),10,12,1.58,1.45,4.800781,1,True,3,1,0.3333333
2026-03-07_03.04.52,274,sign-optimization-horizontal-vertical_scenario,643,247,3,-9,7,0,90,15,1,158459,AdultFemaleAgent(Clone),5,10,1.58,1.45,9.205078,2,True,2,1,0.5
2026-03-07_03.04.52,274,sign-optimization-horizontal-vertical_scenario,643,247,3,-9,7,0,90,15,1,158460,AdultFemaleAgent(Clone),5,10,1.58,1.45,8.175781,2,True,2,1,0.5
2026-03-07_03.04.52,274,sign-optimization-horizontal-vertical_scenario,643,247,3,-9,7,0,90,15,1,158461,AdultFemaleAgent(Clone),7,11,1.58,1.450001,8.865234,1,False,2,0,0
2026-03-07_03.04.52,274,sign-optimization-horizontal-vertical_scenario,643,247,3,-9,7,0,90,15,1,158462,AdultMaleAgent(Clone),11,10,1.71,1.58,4.691406,1,False,3,0,0
2026-03-07_03.04.52,274,sign-optimization-horizontal-vertical_scenario,643,247,3,-9,7,0,90,15,1,158463,AdultFemaleAgent(Clone),11,10,1.58,1.450001,4.150391,1,False,3,0,0
2026-03-07_03.04.52,274,sign-optimization-horizontal-vertical_scenario,643,247,3,-9,7,0,90,15,1,158464,AdultFemaleAgent(Clone),10,12,1.58,1.45,5.833984,1,True,3,1,0.3333333
2026-03-07_03.04.52,274,sign-optimization-horizontal-vertical_scenario,643,247,3,-9,7,0,90,15,1,158465,AdultFemaleAgent(Clone),10,12,1.58,1.45,5.654297,1,True,3,1,0.3333333
2026-03-07_03.04.52,274,sign-optimization-horizontal-vertical_scenario,643,247,3,-9,7,0,90,15,1,158466,AdultFemaleAgent(Clone),10,12,1.58,1.45,6.515625,1,True,3,1,0.3333333
2026-03-07_03.04.52,274,sign-optimization-horizontal-vertical_scenario,643,247,3,-9,7,0,90,15,1,158467,WheelchairAgent(Clone),10,12,1.3,1.17,3.667969,1,True,3,1,0.3333333
2026-03-07_03.04.52,274,sign-optimization-horizontal-vertical_scenario,643,247,3,-9,7,0,90,15,1,158468,AdultFemaleAgent(Clone),5,10,1.58,1.45,9.296875,2,True,2,1,0.5
2026-03-07_03.04.52,274,sign-optimization-horizontal-vertical_scenario,643,247,3,-9,7,0,90,15,1,158469,WheelchairAgent(Clone),11,10,1.3,1.17,3.695313,1,False,3,0,0
2026-03-07_03.04.52,274,sign-optimization-horizontal-vertical_scenario,643,247,3,-9,7,0,90,15,1,158470,WheelchairAgent(Clone),10,12,1.3,1.17,4.25,1,True,3,1,0.3333333
2026-03-07_03.04.52,274,sign-optimization-horizontal-vertical_scenario,643,247,3,-9,7,0,90,15,1,158471,WheelchairAgent(Clone),6,12,1.3,1.17,1.244141,2,True,2,1,0.5
2026-03-07_03.04.52,274,sign-optimization-horizontal-vertical_scenario,643,247,3,-9,7,0,90,15,1,158472,WheelchairAgent(Clone),10,12,1.3,1.17,4.322266,1,True,3,1,0.3333333
2026-03-07_03.04.52,274,sign-optimization-horizontal-vertical_scenario,643,247,3,-9,7,0,90,15,1,158473,WheelchairAgent(Clone),6,12,1.3,1.17,0,0,False,2,0,0
2026-03-07_03.04.52,274,sign-optimization-horizontal-vertical_scenario,643,247,3,-9,7,0,90,15,1,158474,AdultFemaleAgent(Clone),5,10,1.58,1.45,8.972656,2,True,2,1,0.5
2026-03-07_03.04.52,274,sign-optimization-horizontal-vertical_scenario,643,247,3,-9,7,0,90,15,1,158475,WheelchairAgent(Clone),11,10,1.3,1.17,4.044922,1,False,3,0,0
2026-03-07_03.04.52,274,sign-optimization-horizontal-vertical_scenario,643,247,3,-9,7,0,90,15,1,158476,AdultFemaleAgent(Clone),5,10,1.58,1.45,8.873047,2,True,2,1,0.5
2026-03-07_03.04.52,274,sign-optimization-horizontal-vertical_scenario,643,247,3,-9,7,0,90,15,1,158477,AdultMaleAgent(Clone),7,11,1.71,1.58,7.357422,1,False,2,0,0
2026-03-07_03.04.52,274,sign-optimization-horizontal-vertical_scenario,643,247,3,-9,7,0,90,15,1,158478,AdultFemaleAgent(Clone),5,10,1.58,1.45,8.728516,2,True,2,1,0.5
2026-03-07_03.04.52,274,sign-optimization-horizontal-vertical_scenario,643,247,3,-9,7,0,90,15,1,158479,AdultMaleAgent(Clone),10,12,1.71,1.58,5.169922,1,True,3,1,0.3333333
2026-03-07_03.04.52,274,sign-optimization-horizontal-vertical_scenario,643,247,3,-9,7,0,90,15,1,158480,WheelchairAgent(Clone),7,11,1.3,1.17,10.38672,1,False,2,0,0
2026-03-07_03.04.52,274,sign-optimization-horizontal-vertical_scenario,643,247,3,-9,7,0,90,15,1,158481,AdultMaleAgent(Clone),6,12,1.71,1.58,0,0,False,2,0,0
2026-03-07_03.04.52,274,sign-optimization-horizontal-vertical_scenario,643,247,3,-9,7,0,90,15,1,158482,AdultFemaleAgent(Clone),7,11,1.58,1.450001,3.310547,1,False,2,0,0
2026-03-07_03.04.52,274,sign-optimization-horizontal-vertical_scenario,643,247,3,-9,7,0,90,15,1,158483,AdultFemaleAgent(Clone),10,12,1.58,1.45,6.642578,1,True,3,1,0.3333333
2026-03-07_03.04.52,274,sign-optimization-horizontal-vertical_scenario,643,247,3,-9,7,0,90,15,1,158484,WheelchairAgent(Clone),7,11,1.3,1.17,7.824219,1,False,2,0,0
2026-03-07_03.04.52,274,sign-optimization-horizontal-vertical_scenario,643,247,3,-9,7,0,90,15,1,158485,AdultFemaleAgent(Clone),11,10,1.58,1.450001,3.298828,1,False,3,0,0
2026-03-07_03.04.52,274,sign-optimization-horizontal-vertical_scenario,643,247,3,-9,7,0,90,15,1,158486,AdultFemaleAgent(Clone),5,10,1.58,1.45,8.152344,2,True,2,1,0.5
2026-03-07_03.04.52,274,sign-optimization-horizontal-vertical_scenario,643,247,3,-9,7,0,90,15,1,158487,AdultFemaleAgent(Clone),7,11,1.58,1.450001,7.986328,1,False,2,0,0
2026-03-07_03.04.52,274,sign-optimization-horizontal-vertical_scenario,643,247,3,-9,7,0,90,15,1,158488,AdultFemaleAgent(Clone),5,10,1.58,1.45,7.628906,2,True,2,1,0.5
2026-03-07_03.04.52,274,sign-optimization-horizontal-vertical_scenario,643,247,3,-9,7,0,90,15,1,158489,AdultFemaleAgent(Clone),6,12,1.58,1.45,0,0,False,2,0,0
2026-03-07_03.04.52,274,sign-optimization-horizontal-vertical_scenario,643,247,3,-9,7,0,90,15,1,158490,AdultFemaleAgent(Clone),11,10,1.58,1.450001,2.041016,1,False,3,0,0
2026-03-07_03.04.52,274,sign-optimization-horizontal-vertical_scenario,643,247,3,-9,7,0,90,15,1,158491,AdultFemaleAgent(Clone),10,12,1.58,1.45,7.015625,1,True,3,1,0.3333333
2026-03-07_03.04.52,274,sign-optimization-horizontal-vertical_scenario,643,247,3,-9,7,0,90,15,1,158492,AdultFemaleAgent(Clone),6,12,1.58,1.45,0,0,False,2,0,0
2026-03-07_03.04.52,274,sign-optimization-horizontal-vertical_scenario,643,247,3,-9,7,0,90,15,1,158493,WheelchairAgent(Clone),10,12,1.3,1.17,4.089844,1,True,3,1,0.3333333
2026-03-07_03.04.52,274,sign-optimization-horizontal-vertical_scenario,643,247,3,-9,7,0,90,15,1,158494,WheelchairAgent(Clone),10,12,1.3,1.17,5.287109,1,True,3,1,0.3333333
2026-03-07_03.04.52,274,sign-optimization-horizontal-vertical_scenario,643,247,3,-9,7,0,90,15,1,158495,AdultMaleAgent(Clone),11,10,1.71,1.58,3.994141,1,False,3,0,0
2026-03-07_03.04.52,274,sign-optimization-horizontal-vertical_scenario,643,247,3,-9,7,0,90,15,1,158496,AdultFemaleAgent(Clone),11,10,1.58,1.450001,3.792969,1,False,3,0,0
2026-03-07_03.04.52,274,sign-optimization-horizontal-vertical_scenario,643,247,3,-9,7,0,90,15,1,158497,WheelchairAgent(Clone),5,10,1.3,1.17,8.964844,2,True,2,1,0.5
2026-03-07_03.04.52,274,sign-optimization-horizontal-vertical_scenario,643,247,3,-9,7,0,90,15,1,158498,AdultMaleAgent(Clone),7,11,1.71,1.58,11.88281,1,False,2,0,0
2026-03-07_03.04.52,274,sign-optimization-horizontal-vertical_scenario,643,247,3,-9,7,0,90,15,1,158499,AdultFemaleAgent(Clone),6,12,1.58,1.45,0,0,False,2,0,0
2026-03-07_03.04.52,274,sign-optimization-horizontal-vertical_scenario,643,247,3,-9,7,0,90,15,1,158500,AdultMaleAgent(Clone),6,12,1.71,1.58,0.8125,2,True,2,1,0.5
2026-03-07_03.04.52,274,sign-optimization-horizontal-vertical_scenario,643,247,3,-9,7,0,90,15,1,158501,AdultMaleAgent(Clone),7,11,1.71,1.58,9.738281,1,False,2,0,0
2026-03-07_03.04.52,274,sign-optimization-horizontal-vertical_scenario,643,247,3,-9,7,0,90,15,1,158502,AdultMaleAgent(Clone),6,12,1.71,1.58,0,0,False,2,0,0
2026-03-07_03.04.52,274,sign-optimization-horizontal-vertical_scenario,643,247,3,-9,7,0,90,15,1,158503,AdultFemaleAgent(Clone),10,12,1.58,1.45,5.376953,1,True,3,1,0.3333333
2026-03-07_03.04.52,274,sign-optimization-horizontal-vertical_scenario,643,247,3,-9,7,0,90,15,1,158504,AdultFemaleAgent(Clone),5,10,1.58,1.45,8.71875,2,True,2,1,0.5
2026-03-07_03.04.52,274,sign-optimization-horizontal-vertical_scenario,643,247,3,-9,7,0,90,15,1,158505,AdultFemaleAgent(Clone),6,12,1.58,1.45,0,0,False,2,0,0
2026-03-07_03.04.52,274,sign-optimization-horizontal-vertical_scenario,643,247,3,-9,7,0,90,15,1,158506,WheelchairAgent(Clone),11,10,1.3,1.17,3.736328,1,False,3,0,0
2026-03-07_03.04.52,274,sign-optimization-horizontal-vertical_scenario,643,247,3,-9,7,0,90,15,1,158507,AdultMaleAgent(Clone),5,10,1.71,1.58,9.228516,2,True,2,1,0.5
2026-03-07_03.04.52,274,sign-optimization-horizontal-vertical_scenario,643,247,3,-9,7,0,90,15,1,158508,WheelchairAgent(Clone),10,12,1.3,1.17,3.810547,1,True,3,1,0.3333333
2026-03-07_03.04.52,274,sign-optimization-horizontal-vertical_scenario,643,247,3,-9,7,0,90,15,1,158509,WheelchairAgent(Clone),5,10,1.3,1.17,8.681641,2,True,2,1,0.5
2026-03-07_03.04.52,274,sign-optimization-horizontal-vertical_scenario,643,247,3,-9,7,0,90,15,1,158510,AdultMaleAgent(Clone),5,10,1.71,1.58,8.689453,2,True,2,1,0.5
2026-03-07_03.04.52,274,sign-optimization-horizontal-vertical_scenario,643,247,3,-9,7,0,90,15,1,158511,WheelchairAgent(Clone),5,10,1.3,1.17,8.738281,2,True,2,1,0.5
2026-03-07_03.04.52,274,sign-optimization-horizontal-vertical_scenario,643,247,3,-9,7,0,90,15,1,158512,AdultFemaleAgent(Clone),5,10,1.58,1.45,9.375,2,True,2,1,0.5
2026-03-07_03.04.52,274,sign-optimization-horizontal-vertical_scenario,643,247,3,-9,7,0,90,15,1,158513,WheelchairAgent(Clone),10,12,1.3,1.17,6.082031,1,True,3,1,0.3333333
2026-03-07_03.04.52,274,sign-optimization-horizontal-vertical_scenario,643,247,3,-9,7,0,90,15,1,158514,WheelchairAgent(Clone),6,12,1.3,1.17,0,0,False,2,0,0
2026-03-07_03.04.52,274,sign-optimization-horizontal-vertical_scenario,643,247,3,-9,7,0,90,15,1,158515,WheelchairAgent(Clone),10,12,1.3,1.17,5.435547,1,False,3,0,0
2026-03-07_03.04.52,274,sign-optimization-horizontal-vertical_scenario,643,247,3,-9,7,0,90,15,1,158516,WheelchairAgent(Clone),11,10,1.3,1.17,3.787109,1,False,3,0,0
2026-03-07_03.04.52,274,sign-optimization-horizontal-vertical_scenario,643,247,3,-9,7,0,90,15,1,158517,WheelchairAgent(Clone),7,11,1.3,1.17,2.4375,1,False,2,0,0
2026-03-07_03.04.52,274,sign-optimization-horizontal-vertical_scenario,643,247,3,-9,7,0,90,15,1,158518,AdultFemaleAgent(Clone),5,10,1.58,1.45,8.791016,2,True,2,1,0.5
2026-03-07_03.04.52,274,sign-optimization-horizontal-vertical_scenario,643,247,3,-9,7,0,90,15,1,158519,AdultMaleAgent(Clone),7,11,1.71,1.58,7.974609,1,False,2,0,0
2026-03-07_03.04.52,274,sign-optimization-horizontal-vertical_scenario,643,247,3,-9,7,0,90,15,1,158520,WheelchairAgent(Clone),5,10,1.3,1.17,8.572266,2,True,2,1,0.5
2026-03-07_03.04.52,274,sign-optimization-horizontal-vertical_scenario,643,247,3,-9,7,0,90,15,1,158521,AdultMaleAgent(Clone),10,12,1.71,1.58,5.240234,1,True,3,1,0.3333333
2026-03-07_03.04.52,274,sign-optimization-horizontal-vertical_scenario,643,247,3,-9,7,0,90,15,1,158522,AdultFemaleAgent(Clone),7,11,1.58,1.450001,13.40234,1,False,2,1,0.5
2026-03-07_03.04.52,274,sign-optimization-horizontal-vertical_scenario,643,247,3,-9,7,0,90,15,1,158523,AdultMaleAgent(Clone),7,11,1.71,1.58,6.363281,1,False,2,0,0
2026-03-07_03.04.52,274,sign-optimization-horizontal-vertical_scenario,643,247,3,-9,7,0,90,15,1,158524,WheelchairAgent(Clone),11,10,1.3,1.17,3.601563,1,False,3,0,0
2026-03-07_03.04.52,274,sign-optimization-horizontal-vertical_scenario,643,247,3,-9,7,0,90,15,1,158525,AdultFemaleAgent(Clone),5,10,1.58,1.45,8.669922,2,True,2,1,0.5
2026-03-07_03.04.52,274,sign-optimization-horizontal-vertical_scenario,643,247,3,-9,7,0,90,15,1,158526,AdultMaleAgent(Clone),11,10,1.71,1.58,0,0,False,3,0,0
2026-03-07_03.04.52,274,sign-optimization-horizontal-vertical_scenario,643,247,3,-9,7,0,90,15,1,158527,AdultFemaleAgent(Clone),11,10,1.58,1.450001,1.701172,1,False,3,0,0
2026-03-07_03.04.52,274,sign-optimization-horizontal-vertical_scenario,643,247,3,-9,7,0,90,15,1,158528,AdultFemaleAgent(Clone),5,10,1.58,1.45,8.523438,2,True,2,1,0.5
2026-03-07_03.04.52,274,sign-optimization-horizontal-vertical_scenario,643,247,3,-9,7,0,90,15,1,158529,AdultFemaleAgent(Clone),5,10,1.58,1.45,9.117188,2,True,2,1,0.5
2026-03-07_03.04.52,274,sign-optimization-horizontal-vertical_scenario,643,247,3,-9,7,0,90,15,1,158530,WheelchairAgent(Clone),6,12,1.3,1.17,0,0,False,2,0,0
2026-03-07_03.04.52,274,sign-optimization-horizontal-vertical_scenario,643,247,3,-9,7,0,90,15,1,158531,AdultFemaleAgent(Clone),7,11,1.58,1.450001,8.384766,1,False,2,0,0
2026-03-07_03.04.52,274,sign-optimization-horizontal-vertical_scenario,643,247,3,-9,7,0,90,15,1,158532,AdultMaleAgent(Clone),6,12,1.71,1.58,0,0,False,2,0,0
2026-03-07_03.04.52,274,sign-optimization-horizontal-vertical_scenario,643,247,3,-9,7,0,90,15,1,158533,WheelchairAgent(Clone),6,12,1.3,1.17,0,0,False,2,0,0
2026-03-07_03.04.52,274,sign-optimization-horizontal-vertical_scenario,643,247,3,-9,7,0,90,15,1,158534,AdultFemaleAgent(Clone),6,12,1.58,1.45,0.359375,1,False,2,1,0.5
2026-03-07_03.04.52,274,sign-optimization-horizontal-vertical_scenario,643,247,3,-9,7,0,90,15,1,158535,WheelchairAgent(Clone),11,10,1.3,1.17,1.890625,1,False,3,0,0
2026-03-07_03.04.52,274,sign-optimization-horizontal-vertical_scenario,643,247,3,-9,7,0,90,15,1,158536,WheelchairAgent(Clone),7,11,1.3,1.17,9.527344,1,False,2,0,0
2026-03-07_03.04.52,274,sign-optimization-horizontal-vertical_scenario,643,247,3,-9,7,0,90,15,1,158537,AdultFemaleAgent(Clone),7,11,1.58,1.450001,12.33008,1,False,2,0,0
2026-03-07_03.04.52,274,sign-optimization-horizontal-vertical_scenario,643,247,3,-9,7,0,90,15,1,158538,WheelchairAgent(Clone),11,10,1.3,1.17,2.507813,1,False,3,0,0
2026-03-07_03.04.52,274,sign-optimization-horizontal-vertical_scenario,643,247,3,-9,7,0,90,15,1,158539,WheelchairAgent(Clone),11,10,1.3,1.17,4.664063,1,False,3,0,0
2026-03-07_03.04.52,274,sign-optimization-horizontal-vertical_scenario,643,247,3,-9,7,0,90,15,1,158540,WheelchairAgent(Clone),6,12,1.3,1.17,0,0,False,2,0,0
2026-03-07_03.04.52,274,sign-optimization-horizontal-vertical_scenario,643,247,3,-9,7,0,90,15,1,158541,AdultMaleAgent(Clone),5,10,1.71,1.58,9.091797,2,True,2,1,0.5
2026-03-07_03.04.52,274,sign-optimization-horizontal-vertical_scenario,643,247,3,-9,7,0,90,15,1,158542,WheelchairAgent(Clone),10,12,1.3,1.17,4.902344,1,True,3,1,0.3333333
2026-03-07_03.04.52,274,sign-optimization-horizontal-vertical_scenario,643,247,3,-9,7,0,90,15,1,158543,AdultMaleAgent(Clone),6,12,1.71,1.58,1.167969,2,True,2,1,0.5
2026-03-07_03.04.52,274,sign-optimization-horizontal-vertical_scenario,643,247,3,-9,7,0,90,15,1,158544,WheelchairAgent(Clone),7,11,1.3,1.17,2.226563,1,False,2,0,0
2026-03-07_03.04.52,274,sign-optimization-horizontal-vertical_scenario,643,247,3,-9,7,0,90,15,1,158545,AdultFemaleAgent(Clone),10,12,1.58,1.45,5.724609,1,True,3,1,0.3333333
2026-03-07_03.04.52,274,sign-optimization-horizontal-vertical_scenario,643,247,3,-9,7,0,90,15,1,158546,AdultMaleAgent(Clone),10,12,1.71,1.58,6.017578,1,True,3,1,0.3333333
2026-03-07_03.04.52,274,sign-optimization-horizontal-vertical_scenario,643,247,3,-9,7,0,90,15,1,158547,WheelchairAgent(Clone),5,10,1.3,1.17,9.144531,2,True,2,1,0.5
2026-03-07_03.04.52,274,sign-optimization-horizontal-vertical_scenario,643,247,3,-9,7,0,90,15,1,158548,AdultMaleAgent(Clone),7,11,1.71,1.58,6.679688,1,False,2,0,0
2026-03-07_03.04.52,274,sign-optimization-horizontal-vertical_scenario,643,247,3,-9,7,0,90,15,1,158549,AdultFemaleAgent(Clone),10,12,1.58,1.45,4.095703,1,True,3,1,0.3333333
2026-03-07_03.04.52,274,sign-optimization-horizontal-vertical_scenario,643,247,3,-9,7,0,90,15,1,158550,AdultMaleAgent(Clone),6,12,1.71,1.58,0,0,False,2,0,0
2026-03-07_03.04.52,274,sign-optimization-horizontal-vertical_scenario,643,247,3,-9,7,0,90,15,1,158551,WheelchairAgent(Clone),6,12,1.3,1.17,0.5039063,1,False,2,1,0.5
2026-03-07_03.04.52,274,sign-optimization-horizontal-vertical_scenario,643,247,3,-9,7,0,90,15,1,158552,AdultMaleAgent(Clone),10,12,1.71,1.58,4.994141,1,True,3,1,0.3333333
2026-03-07_03.04.52,274,sign-optimization-horizontal-vertical_scenario,643,247,3,-9,7,0,90,15,1,158553,WheelchairAgent(Clone),10,12,1.3,1.17,5.519531,1,True,3,1,0.3333333
2026-03-07_03.04.52,274,sign-optimization-horizontal-vertical_scenario,643,247,3,-9,7,0,90,15,1,158554,AdultFemaleAgent(Clone),7,11,1.58,1.450001,10.34961,1,False,2,0,0
2026-03-07_03.04.52,274,sign-optimization-horizontal-vertical_scenario,643,247,3,-9,7,0,90,15,1,158555,AdultMaleAgent(Clone),11,10,1.71,1.58,3.632813,1,False,3,0,0
2026-03-07_03.04.52,274,sign-optimization-horizontal-vertical_scenario,643,247,3,-9,7,0,90,15,1,158556,WheelchairAgent(Clone),7,11,1.3,1.17,12.1543,1,False,2,0,0
2026-03-07_03.04.52,274,sign-optimization-horizontal-vertical_scenario,643,247,3,-9,7,0,90,15,1,158557,WheelchairAgent(Clone),5,10,1.3,1.17,8.835938,2,True,2,1,0.5
2026-03-07_03.04.52,274,sign-optimization-horizontal-vertical_scenario,643,247,3,-9,7,0,90,15,1,158558,WheelchairAgent(Clone),5,10,1.3,1.17,8.666016,2,True,2,1,0.5
2026-03-07_03.04.52,274,sign-optimization-horizontal-vertical_scenario,643,247,3,-9,7,0,90,15,1,158559,AdultMaleAgent(Clone),11,10,1.71,1.58,2.609375,1,False,3,0,0
2026-03-07_03.04.52,274,sign-optimization-horizontal-vertical_scenario,643,247,3,-9,7,0,90,15,1,158560,WheelchairAgent(Clone),5,10,1.3,1.17,8.591797,2,True,2,1,0.5
2026-03-07_03.04.52,274,sign-optimization-horizontal-vertical_scenario,643,247,3,-9,7,0,90,15,1,158561,WheelchairAgent(Clone),10,12,1.3,1.17,3.613281,1,True,3,1,0.3333333
2026-03-07_03.04.52,274,sign-optimization-horizontal-vertical_scenario,643,247,3,-9,7,0,90,15,1,158562,AdultFemaleAgent(Clone),11,10,1.58,1.450001,0,0,False,3,0,0
2026-03-07_03.04.52,274,sign-optimization-horizontal-vertical_scenario,643,247,3,-9,7,0,90,15,1,158563,AdultFemaleAgent(Clone),5,10,1.58,1.45,8.859375,2,True,2,1,0.5
2026-03-07_03.04.52,274,sign-optimization-horizontal-vertical_scenario,643,247,3,-9,7,0,90,15,1,158564,AdultFemaleAgent(Clone),11,10,1.58,1.450001,1.304688,1,False,3,0,0
2026-03-07_03.04.52,274,sign-optimization-horizontal-vertical_scenario,643,247,3,-9,7,0,90,15,1,158565,WheelchairAgent(Clone),10,12,1.3,1.17,6.900391,1,True,3,1,0.3333333
2026-03-07_03.04.52,274,sign-optimization-horizontal-vertical_scenario,643,247,3,-9,7,0,90,15,1,158566,AdultMaleAgent(Clone),10,12,1.71,1.58,3.648438,1,True,3,1,0.3333333
2026-03-07_03.04.52,274,sign-optimization-horizontal-vertical_scenario,643,247,3,-9,7,0,90,15,1,158567,AdultFemaleAgent(Clone),6,12,1.58,1.45,0,0,False,2,0,0
2026-03-07_03.04.52,274,sign-optimization-horizontal-vertical_scenario,643,247,3,-9,7,0,90,15,1,158568,AdultFemaleAgent(Clone),11,10,1.58,1.450001,3.839844,1,False,3,0,0
2026-03-07_03.04.52,274,sign-optimization-horizontal-vertical_scenario,643,247,3,-9,7,0,90,15,1,158569,WheelchairAgent(Clone),5,10,1.3,1.17,8.455078,2,True,2,1,0.5
2026-03-07_03.04.52,274,sign-optimization-horizontal-vertical_scenario,643,247,3,-9,7,0,90,15,1,158570,WheelchairAgent(Clone),6,12,1.3,1.17,0.3242188,1,False,2,1,0.5
2026-03-07_03.04.52,274,sign-optimization-horizontal-vertical_scenario,643,247,3,-9,7,0,90,15,1,158571,AdultMaleAgent(Clone),5,10,1.71,1.58,9.431641,2,True,2,1,0.5
2026-03-07_03.04.52,274,sign-optimization-horizontal-vertical_scenario,643,247,3,-9,7,0,90,15,1,158572,AdultMaleAgent(Clone),11,10,1.71,1.58,1.740234,1,False,3,0,0
2026-03-07_03.04.52,274,sign-optimization-horizontal-vertical_scenario,643,247,3,-9,7,0,90,15,1,158573,AdultMaleAgent(Clone),5,10,1.71,1.58,9.066406,2,True,2,1,0.5
2026-03-07_03.04.52,274,sign-optimization-horizontal-vertical_scenario,643,247,3,-9,7,0,90,15,1,158574,AdultFemaleAgent(Clone),7,11,1.58,1.450001,8.996094,1,False,2,0,0
2026-03-07_03.04.52,274,sign-optimization-horizontal-vertical_scenario,643,247,3,-9,7,0,90,15,1,158575,AdultFemaleAgent(Clone),11,10,1.58,1.450001,3.945313,1,False,3,0,0
2026-03-07_03.04.52,274,sign-optimization-horizontal-vertical_scenario,643,247,3,-9,7,0,90,15,1,158576,AdultFemaleAgent(Clone),11,10,1.58,1.450001,2.871094,1,False,3,0,0
2026-03-07_03.04.52,274,sign-optimization-horizontal-vertical_scenario,643,247,3,-9,7,0,90,15,1,158577,WheelchairAgent(Clone),6,12,1.3,1.17,1.076172,2,False,2,1,0.5
2026-03-07_03.04.52,274,sign-optimization-horizontal-vertical_scenario,643,247,3,-9,7,0,90,15,1,158578,AdultMaleAgent(Clone),5,10,1.71,1.58,8.748047,2,True,2,1,0.5
2026-03-07_03.04.52,274,sign-optimization-horizontal-vertical_scenario,643,247,3,-9,7,0,90,15,1,158579,WheelchairAgent(Clone),10,12,1.3,1.17,4.542969,1,True,3,1,0.3333333
2026-03-07_03.04.52,274,sign-optimization-horizontal-vertical_scenario,643,247,3,-9,7,0,90,15,1,158580,WheelchairAgent(Clone),5,10,1.3,1.17,9.125,2,True,2,1,0.5
2026-03-07_03.04.52,274,sign-optimization-horizontal-vertical_scenario,643,247,3,-9,7,0,90,15,1,158581,WheelchairAgent(Clone),6,12,1.3,1.17,0,0,False,2,0,0
2026-03-07_03.04.52,274,sign-optimization-horizontal-vertical_scenario,643,247,3,-9,7,0,90,15,1,158582,AdultFemaleAgent(Clone),10,12,1.58,1.45,4.689453,1,True,3,1,0.3333333
2026-03-07_03.04.52,274,sign-optimization-horizontal-vertical_scenario,643,247,3,-9,7,0,90,15,1,158583,AdultMaleAgent(Clone),10,12,1.71,1.58,5.328125,1,True,3,1,0.3333333
2026-03-07_03.04.52,274,sign-optimization-horizontal-vertical_scenario,643,247,3,-9,7,0,90,15,1,158584,WheelchairAgent(Clone),7,11,1.3,1.17,11.19531,1,False,2,1,0.5
2026-03-07_03.04.52,274,sign-optimization-horizontal-vertical_scenario,643,247,3,-9,7,0,90,15,1,158585,WheelchairAgent(Clone),7,11,1.3,1.17,0.1914063,1,False,2,0,0
2026-03-07_03.04.52,274,sign-optimization-horizontal-vertical_scenario,643,247,3,-9,7,0,90,15,1,158586,AdultMaleAgent(Clone),6,12,1.71,1.58,1.976563,1,True,2,1,0.5
2026-03-07_03.04.52,274,sign-optimization-horizontal-vertical_scenario,643,247,3,-9,7,0,90,15,1,158587,AdultMaleAgent(Clone),5,10,1.71,1.58,8.40625,2,True,2,1,0.5
2026-03-07_03.04.52,274,sign-optimization-horizontal-vertical_scenario,643,247,3,-9,7,0,90,15,1,158588,WheelchairAgent(Clone),11,10,1.3,1.17,0,0,False,3,0,0
2026-03-07_03.04.52,274,sign-optimization-horizontal-vertical_scenario,643,247,3,-9,7,0,90,15,1,158589,WheelchairAgent(Clone),10,12,1.3,1.17,5.998047,1,True,3,1,0.3333333
2026-03-07_03.04.52,274,sign-optimization-horizontal-vertical_scenario,643,247,3,-9,7,0,90,15,1,158590,AdultMaleAgent(Clone),6,12,1.71,1.58,3.572266,2,True,2,1,0.5
2026-03-07_03.04.52,274,sign-optimization-horizontal-vertical_scenario,643,247,3,-9,7,0,90,15,1,158591,AdultFemaleAgent(Clone),7,11,1.58,1.450001,11.71875,1,False,2,0,0
2026-03-07_03.04.52,274,sign-optimization-horizontal-vertical_scenario,643,247,3,-9,7,0,90,15,1,158592,AdultMaleAgent(Clone),6,12,1.71,1.58,0.7578125,2,False,2,1,0.5
2026-03-07_03.04.52,274,sign-optimization-horizontal-vertical_scenario,643,247,3,-9,7,0,90,15,1,158593,WheelchairAgent(Clone),5,10,1.3,1.17,8.423828,2,True,2,1,0.5
2026-03-07_03.04.52,274,sign-optimization-horizontal-vertical_scenario,643,247,3,-9,7,0,90,15,1,158594,AdultMaleAgent(Clone),11,10,1.71,1.58,0,0,False,3,0,0
2026-03-07_03.04.52,274,sign-optimization-horizontal-vertical_scenario,643,247,3,-9,7,0,90,15,1,158595,WheelchairAgent(Clone),5,10,1.3,1.17,8.902344,2,True,2,1,0.5
2026-03-07_03.04.52,274,sign-optimization-horizontal-vertical_scenario,643,247,3,-9,7,0,90,15,1,158596,AdultFemaleAgent(Clone),10,12,1.58,1.45,5.451172,1,True,3,1,0.3333333
2026-03-07_03.04.52,274,sign-optimization-horizontal-vertical_scenario,643,247,3,-9,7,0,90,15,1,158597,AdultFemaleAgent(Clone),7,11,1.58,1.450001,11.99609,1,False,2,0,0
2026-03-07_03.04.52,274,sign-optimization-horizontal-vertical_scenario,643,247,3,-9,7,0,90,15,1,158598,AdultMaleAgent(Clone),7,11,1.71,1.58,2.785156,1,False,2,0,0
2026-03-07_03.04.52,274,sign-optimization-horizontal-vertical_scenario,643,247,3,-9,7,0,90,15,1,158599,AdultFemaleAgent(Clone),11,10,1.58,1.450001,3.886719,1,False,3,0,0
2026-03-07_03.04.52,274,sign-optimization-horizontal-vertical_scenario,643,247,3,-9,7,0,90,15,1,158600,AdultMaleAgent(Clone),10,12,1.71,1.58,4.837891,1,True,3,1,0.3333333
2026-03-07_03.04.52,274,sign-optimization-horizontal-vertical_scenario,643,247,3,-9,7,0,90,15,1,158601,AdultMaleAgent(Clone),7,11,1.71,1.58,8.101563,1,False,2,0,0
2026-03-07_03.04.52,274,sign-optimization-horizontal-vertical_scenario,643,247,3,-9,7,0,90,15,1,158602,AdultMaleAgent(Clone),6,12,1.71,1.58,0.5214844,1,False,2,1,0.5
2026-03-07_03.04.52,274,sign-optimization-horizontal-vertical_scenario,643,247,3,-9,7,0,90,15,1,158603,WheelchairAgent(Clone),5,10,1.3,1.17,8.330078,2,True,2,1,0.5
2026-03-07_03.04.52,274,sign-optimization-horizontal-vertical_scenario,643,247,3,-9,7,0,90,15,1,158604,AdultMaleAgent(Clone),11,10,1.71,1.58,0,0,False,3,0,0
2026-03-07_03.04.52,274,sign-optimization-horizontal-vertical_scenario,643,247,3,-9,7,0,90,15,1,158605,AdultMaleAgent(Clone),5,10,1.71,1.58,8.947266,2,True,2,1,0.5
2026-03-07_03.04.52,274,sign-optimization-horizontal-vertical_scenario,643,247,3,-9,7,0,90,15,1,158606,WheelchairAgent(Clone),5,10,1.3,1.17,8.314453,2,True,2,1,0.5
2026-03-07_03.04.52,274,sign-optimization-horizontal-vertical_scenario,643,247,3,-9,7,0,90,15,1,158607,AdultFemaleAgent(Clone),10,12,1.58,1.45,3.609375,1,True,3,1,0.3333333
2026-03-07_03.04.52,274,sign-optimization-horizontal-vertical_scenario,643,247,3,-9,7,0,90,15,1,158608,WheelchairAgent(Clone),6,12,1.3,1.17,0,0,False,2,0,0
2026-03-07_03.04.52,274,sign-optimization-horizontal-vertical_scenario,643,247,3,-9,7,0,90,15,1,158609,AdultFemaleAgent(Clone),10,12,1.58,1.45,4.537109,1,True,3,1,0.3333333
2026-03-07_03.04.52,274,sign-optimization-horizontal-vertical_scenario,643,247,3,-9,7,0,90,15,1,158610,WheelchairAgent(Clone),7,11,1.3,1.17,14.64648,1,False,2,0,0
2026-03-07_03.04.52,274,sign-optimization-horizontal-vertical_scenario,643,247,3,-9,7,0,90,15,1,158611,AdultFemaleAgent(Clone),5,10,1.58,1.45,8.810547,2,True,2,1,0.5
2026-03-07_03.04.52,274,sign-optimization-horizontal-vertical_scenario,643,247,3,-9,7,0,90,15,1,158612,AdultMaleAgent(Clone),10,12,1.71,1.58,4.964844,1,True,3,1,0.3333333
2026-03-07_03.04.52,274,sign-optimization-horizontal-vertical_scenario,643,247,3,-9,7,0,90,15,1,158613,WheelchairAgent(Clone),7,11,1.3,1.17,9.650391,1,False,2,0,0
2026-03-07_03.04.52,274,sign-optimization-horizontal-vertical_scenario,643,247,3,-9,7,0,90,15,1,158614,AdultFemaleAgent(Clone),6,12,1.58,1.45,0,0,False,2,0,0
2026-03-07_03.04.52,274,sign-optimization-horizontal-vertical_scenario,643,247,3,-9,7,0,90,15,1,158615,WheelchairAgent(Clone),11,10,1.3,1.17,0,0,False,3,0,0
2026-03-07_03.04.52,274,sign-optimization-horizontal-vertical_scenario,643,247,3,-9,7,0,90,15,1,158616,WheelchairAgent(Clone),10,12,1.3,1.17,4.132813,1,True,3,1,0.3333333
2026-03-07_03.04.52,274,sign-optimization-horizontal-vertical_scenario,643,247,3,-9,7,0,90,15,1,158617,AdultMaleAgent(Clone),10,12,1.71,1.58,3.324219,1,True,3,1,0.3333333
2026-03-07_03.04.52,274,sign-optimization-horizontal-vertical_scenario,643,247,3,-9,7,0,90,15,1,158618,AdultMaleAgent(Clone),7,11,1.71,1.58,12.41992,1,False,2,1,0.5
2026-03-07_03.04.52,274,sign-optimization-horizontal-vertical_scenario,643,247,3,-9,7,0,90,15,1,158619,WheelchairAgent(Clone),5,10,1.3,1.17,7.933594,2,True,2,1,0.5
2026-03-07_03.04.52,274,sign-optimization-horizontal-vertical_scenario,643,247,3,-9,7,0,90,15,1,158620,AdultMaleAgent(Clone),11,10,1.71,1.58,2.240234,1,False,3,0,0
2026-03-07_03.04.52,274,sign-optimization-horizontal-vertical_scenario,643,247,3,-9,7,0,90,15,1,158621,AdultMaleAgent(Clone),5,10,1.71,1.58,8.146484,2,True,2,1,0.5
2026-03-07_03.04.52,274,sign-optimization-horizontal-vertical_scenario,643,247,3,-9,7,0,90,15,1,158622,AdultFemaleAgent(Clone),10,12,1.58,1.45,4.943359,1,True,3,1,0.3333333
2026-03-07_03.04.52,274,sign-optimization-horizontal-vertical_scenario,643,247,3,-9,7,0,90,15,1,158623,AdultMaleAgent(Clone),5,10,1.71,1.58,8.466797,2,True,2,1,0.5
2026-03-07_03.04.52,274,sign-optimization-horizontal-vertical_scenario,643,247,3,-9,7,0,90,15,1,158624,AdultMaleAgent(Clone),11,10,1.71,1.58,2.427734,1,False,3,0,0
2026-03-07_03.04.52,274,sign-optimization-horizontal-vertical_scenario,643,247,3,-9,7,0,90,15,1,158625,WheelchairAgent(Clone),6,12,1.3,1.17,0,0,False,2,0,0
2026-03-07_03.04.52,274,sign-optimization-horizontal-vertical_scenario,643,247,3,-9,7,0,90,15,1,158626,AdultMaleAgent(Clone),10,12,1.71,1.58,5.324219,1,True,3,1,0.3333333
2026-03-07_03.04.52,274,sign-optimization-horizontal-vertical_scenario,643,247,3,-9,7,0,90,15,1,158627,AdultMaleAgent(Clone),5,10,1.71,1.58,8.318359,2,True,2,1,0.5
2026-03-07_03.04.52,274,sign-optimization-horizontal-vertical_scenario,643,247,3,-9,7,0,90,15,1,158628,WheelchairAgent(Clone),11,10,1.3,1.17,2.474609,1,False,3,0,0
2026-03-07_03.04.52,274,sign-optimization-horizontal-vertical_scenario,643,247,3,-9,7,0,90,15,1,158629,WheelchairAgent(Clone),10,12,1.3,1.17,5.248047,1,True,3,1,0.3333333
2026-03-07_03.04.52,274,sign-optimization-horizontal-vertical_scenario,643,247,3,-9,7,0,90,15,1,158630,WheelchairAgent(Clone),7,11,1.3,1.17,13.73438,1,False,2,1,0.5
2026-03-07_03.04.52,274,sign-optimization-horizontal-vertical_scenario,643,247,3,-9,7,0,90,15,1,158631,AdultFemaleAgent(Clone),11,10,1.58,1.450001,4.248047,1,False,3,0,0
2026-03-07_03.04.52,274,sign-optimization-horizontal-vertical_scenario,643,247,3,-9,7,0,90,15,1,158632,AdultFemaleAgent(Clone),10,12,1.58,1.45,4.734375,1,True,3,1,0.3333333
2026-03-07_03.04.52,274,sign-optimization-horizontal-vertical_scenario,643,247,3,-9,7,0,90,15,1,158633,AdultFemaleAgent(Clone),11,10,1.58,1.450001,3.791016,1,False,3,0,0
2026-03-07_03.04.52,274,sign-optimization-horizontal-vertical_scenario,643,247,3,-9,7,0,90,15,1,158634,AdultFemaleAgent(Clone),7,11,1.58,1.450001,11.5625,1,False,2,0,0
2026-03-07_03.04.52,274,sign-optimization-horizontal-vertical_scenario,643,247,3,-9,7,0,90,15,1,158635,AdultFemaleAgent(Clone),6,12,1.58,1.45,0,0,False,2,0,0
2026-03-07_03.04.52,274,sign-optimization-horizontal-vertical_scenario,643,247,3,-9,7,0,90,15,1,158636,WheelchairAgent(Clone),6,12,1.3,1.17,0.8730469,2,False,2,1,0.5
2026-03-07_03.04.52,274,sign-optimization-horizontal-vertical_scenario,643,247,3,-9,7,0,90,15,1,158637,AdultMaleAgent(Clone),7,11,1.71,1.58,10.5332,1,False,2,0,0
2026-03-07_03.04.52,274,sign-optimization-horizontal-vertical_scenario,643,247,3,-9,7,0,90,15,1,158638,WheelchairAgent(Clone),11,10,1.3,1.17,2.373047,1,False,3,0,0
2026-03-07_03.04.52,274,sign-optimization-horizontal-vertical_scenario,643,247,3,-9,7,0,90,15,1,158639,WheelchairAgent(Clone),5,10,1.3,1.17,8.419922,2,True,2,1,0.5
2026-03-07_03.04.52,274,sign-optimization-horizontal-vertical_scenario,643,247,3,-9,7,0,90,15,1,158640,AdultMaleAgent(Clone),11,10,1.71,1.58,0,0,False,3,0,0
2026-03-07_03.04.52,274,sign-optimization-horizontal-vertical_scenario,643,247,3,-9,7,0,90,15,1,158641,AdultMaleAgent(Clone),10,12,1.71,1.58,6.740234,1,True,3,1,0.3333333
2026-03-07_03.04.52,274,sign-optimization-horizontal-vertical_scenario,643,247,3,-9,7,0,90,15,1,158642,AdultFemaleAgent(Clone),6,12,1.58,1.45,2.677734,2,True,2,1,0.5
2026-03-07_03.04.52,274,sign-optimization-horizontal-vertical_scenario,643,247,3,-9,7,0,90,15,1,158643,AdultFemaleAgent(Clone),6,12,1.58,1.45,0,0,False,2,0,0
2026-03-07_03.04.52,274,sign-optimization-horizontal-vertical_scenario,643,247,3,-9,7,0,90,15,1,158644,WheelchairAgent(Clone),11,10,1.3,1.17,0,0,False,3,0,0
2026-03-07_03.04.52,274,sign-optimization-horizontal-vertical_scenario,643,247,3,-9,7,0,90,15,1,158645,AdultMaleAgent(Clone),5,10,1.71,1.58,8.248047,2,True,2,1,0.5
2026-03-07_03.04.52,274,sign-optimization-horizontal-vertical_scenario,643,247,3,-9,7,0,90,15,1,158646,WheelchairAgent(Clone),11,10,1.3,1.17,3.117188,1,False,3,0,0
2026-03-07_03.04.52,274,sign-optimization-horizontal-vertical_scenario,643,247,3,-9,7,0,90,15,1,158647,WheelchairAgent(Clone),11,10,1.3,1.17,3.847656,1,False,3,0,0
2026-03-07_03.04.52,274,sign-optimization-horizontal-vertical_scenario,643,247,3,-9,7,0,90,15,1,158648,WheelchairAgent(Clone),5,10,1.3,1.17,8.820313,2,True,2,1,0.5
2026-03-07_03.04.52,274,sign-optimization-horizontal-vertical_scenario,643,247,3,-9,7,0,90,15,1,158649,WheelchairAgent(Clone),10,12,1.3,1.17,4.220703,1,True,3,1,0.3333333
2026-03-07_03.04.52,274,sign-optimization-horizontal-vertical_scenario,643,247,3,-9,7,0,90,15,1,158650,WheelchairAgent(Clone),5,10,1.3,1.17,8.183594,2,True,2,1,0.5
2026-03-07_03.04.52,274,sign-optimization-horizontal-vertical_scenario,643,247,3,-9,7,0,90,15,1,158651,AdultMaleAgent(Clone),6,12,1.71,1.58,0.5175781,1,False,2,1,0.5
2026-03-07_03.04.52,274,sign-optimization-horizontal-vertical_scenario,643,247,3,-9,7,0,90,15,1,158652,WheelchairAgent(Clone),10,12,1.3,1.17,6.962891,1,True,3,1,0.3333333
2026-03-07_03.04.52,274,sign-optimization-horizontal-vertical_scenario,643,247,3,-9,7,0,90,15,1,158653,WheelchairAgent(Clone),5,10,1.3,1.17,8.945313,2,True,2,1,0.5
2026-03-07_03.04.52,274,sign-optimization-horizontal-vertical_scenario,643,247,3,-9,7,0,90,15,1,158654,AdultFemaleAgent(Clone),5,10,1.58,1.45,8.480469,2,True,2,1,0.5
2026-03-07_03.04.52,274,sign-optimization-horizontal-vertical_scenario,643,247,3,-9,7,0,90,15,1,158655,WheelchairAgent(Clone),7,11,1.3,1.17,12.19922,1,False,2,0,0
2026-03-07_03.04.52,274,sign-optimization-horizontal-vertical_scenario,643,247,3,-9,7,0,90,15,1,158656,AdultFemaleAgent(Clone),11,10,1.58,1.450001,2.681641,1,False,3,0,0
2026-03-07_03.04.52,274,sign-optimization-horizontal-vertical_scenario,643,247,3,-9,7,0,90,15,1,158657,AdultFemaleAgent(Clone),11,10,1.58,1.450001,0,0,False,3,0,0
2026-03-07_03.04.52,274,sign-optimization-horizontal-vertical_scenario,643,247,3,-9,7,0,90,15,1,158658,AdultMaleAgent(Clone),10,12,1.71,1.58,6.636719,1,True,3,1,0.3333333
2026-03-07_03.04.52,274,sign-optimization-horizontal-vertical_scenario,643,247,3,-9,7,0,90,15,1,158659,AdultFemaleAgent(Clone),10,12,1.58,1.45,5.072266,1,True,3,1,0.3333333
2026-03-07_03.04.52,274,sign-optimization-horizontal-vertical_scenario,643,247,3,-9,7,0,90,15,1,158660,WheelchairAgent(Clone),7,11,1.3,1.17,6.566406,1,False,2,0,0
2026-03-07_03.04.52,274,sign-optimization-horizontal-vertical_scenario,643,247,3,-9,7,0,90,15,1,158661,AdultFemaleAgent(Clone),6,12,1.58,1.45,0,0,False,2,0,0
2026-03-07_03.04.52,274,sign-optimization-horizontal-vertical_scenario,643,247,3,-9,7,0,90,15,1,158662,WheelchairAgent(Clone),11,10,1.3,1.17,0,0,False,3,0,0
2026-03-07_03.04.52,274,sign-optimization-horizontal-vertical_scenario,643,247,3,-9,7,0,90,15,1,158663,WheelchairAgent(Clone),6,12,1.3,1.17,0.4296875,2,False,2,0,0
2026-03-07_03.04.52,274,sign-optimization-horizontal-vertical_scenario,643,247,3,-9,7,0,90,15,1,158664,AdultFemaleAgent(Clone),6,12,1.58,1.45,0.7695313,2,False,2,1,0.5
2026-03-07_03.04.52,274,sign-optimization-horizontal-vertical_scenario,643,247,3,-9,7,0,90,15,1,158665,WheelchairAgent(Clone),10,12,1.3,1.17,5.058594,1,True,3,1,0.3333333
2026-03-07_03.04.52,274,sign-optimization-horizontal-vertical_scenario,643,247,3,-9,7,0,90,15,1,158666,WheelchairAgent(Clone),11,10,1.3,1.17,0,0,False,3,0,0
2026-03-07_03.04.52,274,sign-optimization-horizontal-vertical_scenario,643,247,3,-9,7,0,90,15,1,158667,AdultFemaleAgent(Clone),7,11,1.58,1.450001,13.02344,1,False,2,1,0.5
2026-03-07_03.04.52,274,sign-optimization-horizontal-vertical_scenario,643,247,3,-9,7,0,90,15,1,158668,AdultFemaleAgent(Clone),5,10,1.58,1.45,8.189453,2,True,2,1,0.5
2026-03-07_03.04.52,274,sign-optimization-horizontal-vertical_scenario,643,247,3,-9,7,0,90,15,1,158669,AdultFemaleAgent(Clone),10,12,1.58,1.45,6.648438,1,True,3,1,0.3333333
2026-03-07_03.04.52,274,sign-optimization-horizontal-vertical_scenario,643,247,3,-9,7,0,90,15,1,158670,AdultMaleAgent(Clone),6,12,1.71,1.58,3.03125,2,True,2,1,0.5
2026-03-07_03.04.52,274,sign-optimization-horizontal-vertical_scenario,643,247,3,-9,7,0,90,15,1,158671,WheelchairAgent(Clone),7,11,1.3,1.17,6.521484,1,False,2,0,0
2026-03-07_03.04.52,274,sign-optimization-horizontal-vertical_scenario,643,247,3,-9,7,0,90,15,1,158672,AdultFemaleAgent(Clone),5,10,1.58,1.45,8.507813,2,True,2,1,0.5
2026-03-07_03.04.52,274,sign-optimization-horizontal-vertical_scenario,643,247,3,-9,7,0,90,15,1,158673,AdultMaleAgent(Clone),6,12,1.71,1.58,0.2597656,1,False,2,1,0.5
2026-03-07_03.04.52,274,sign-optimization-horizontal-vertical_scenario,643,247,3,-9,7,0,90,15,1,158674,WheelchairAgent(Clone),7,11,1.3,1.17,0,0,False,2,0,0
2026-03-07_03.04.52,274,sign-optimization-horizontal-vertical_scenario,643,247,3,-9,7,0,90,15,1,158675,AdultFemaleAgent(Clone),6,12,1.58,1.45,1.544922,2,False,2,1,0.5
2026-03-07_03.04.52,274,sign-optimization-horizontal-vertical_scenario,643,247,3,-9,7,0,90,15,1,158676,AdultFemaleAgent(Clone),7,11,1.58,1.450001,8.902344,1,False,2,0,0
2026-03-07_03.04.52,274,sign-optimization-horizontal-vertical_scenario,643,247,3,-9,7,0,90,15,1,158677,WheelchairAgent(Clone),11,10,1.3,1.17,0,0,False,3,0,0
2026-03-07_03.04.52,274,sign-optimization-horizontal-vertical_scenario,643,247,3,-9,7,0,90,15,1,158678,AdultFemaleAgent(Clone),6,12,1.58,1.45,1.882813,2,False,2,1,0.5
2026-03-07_03.04.52,274,sign-optimization-horizontal-vertical_scenario,643,247,3,-9,7,0,90,15,1,158679,AdultMaleAgent(Clone),7,11,1.71,1.58,10.22461,1,False,2,0,0
2026-03-07_03.04.52,274,sign-optimization-horizontal-vertical_scenario,643,247,3,-9,7,0,90,15,1,158680,AdultFemaleAgent(Clone),5,10,1.58,1.45,9.128906,1,True,2,1,0.5
2026-03-07_03.04.52,274,sign-optimization-horizontal-vertical_scenario,643,247,3,-9,7,0,90,15,1,158681,AdultMaleAgent(Clone),6,12,1.71,1.58,1.199219,2,False,2,1,0.5
2026-03-07_03.04.52,274,sign-optimization-horizontal-vertical_scenario,643,247,3,-9,7,0,90,15,1,158682,AdultMaleAgent(Clone),5,10,1.71,1.58,9.894531,1,True,2,1,0.5
2026-03-07_03.04.52,274,sign-optimization-horizontal-vertical_scenario,643,247,3,-9,7,0,90,15,1,158683,AdultMaleAgent(Clone),11,10,1.71,1.58,0,0,False,3,0,0
2026-03-07_03.04.52,274,sign-optimization-horizontal-vertical_scenario,643,247,3,-9,7,0,90,15,1,158684,AdultMaleAgent(Clone),6,12,1.71,1.58,0,0,False,2,0,0
2026-03-07_03.04.52,274,sign-optimization-horizontal-vertical_scenario,643,247,3,-9,7,0,90,15,1,158685,WheelchairAgent(Clone),10,12,1.3,1.17,6.433594,1,True,3,1,0.3333333
2026-03-07_03.04.52,274,sign-optimization-horizontal-vertical_scenario,643,247,3,-9,7,0,90,15,1,158686,AdultMaleAgent(Clone),6,12,1.71,1.58,0,0,False,2,0,0
2026-03-07_03.04.52,274,sign-optimization-horizontal-vertical_scenario,643,247,3,-9,7,0,90,15,1,158687,AdultFemaleAgent(Clone),6,12,1.58,1.45,0,0,False,2,0,0
2026-03-07_03.04.52,274,sign-optimization-horizontal-vertical_scenario,643,247,3,-9,7,0,90,15,1,158688,AdultMaleAgent(Clone),6,12,1.71,1.58,3.355469,2,True,2,1,0.5
2026-03-07_03.04.52,274,sign-optimization-horizontal-vertical_scenario,643,247,3,-9,7,0,90,15,1,158689,WheelchairAgent(Clone),7,11,1.3,1.17,8.101563,1,False,2,0,0
2026-03-07_03.04.52,274,sign-optimization-horizontal-vertical_scenario,643,247,3,-9,7,0,90,15,1,158690,WheelchairAgent(Clone),5,10,1.3,1.17,8.710938,1,True,2,1,0.5
2026-03-07_03.04.52,274,sign-optimization-horizontal-vertical_scenario,643,247,3,-9,7,0,90,15,1,158691,AdultMaleAgent(Clone),5,10,1.71,1.58,8.822266,1,True,2,1,0.5
2026-03-07_03.04.52,274,sign-optimization-horizontal-vertical_scenario,643,247,3,-9,7,0,90,15,1,158692,WheelchairAgent(Clone),6,12,1.3,1.17,1.494141,2,False,2,1,0.5
2026-03-07_03.04.52,274,sign-optimization-horizontal-vertical_scenario,643,247,3,-9,7,0,90,15,1,158693,AdultMaleAgent(Clone),6,12,1.71,1.58,1.371094,1,True,2,1,0.5
2026-03-07_03.04.52,274,sign-optimization-horizontal-vertical_scenario,643,247,3,-9,7,0,90,15,1,158694,AdultMaleAgent(Clone),10,12,1.71,1.58,4.970703,1,True,3,1,0.3333333
2026-03-07_03.04.52,274,sign-optimization-horizontal-vertical_scenario,643,247,3,-9,7,0,90,15,1,158695,AdultMaleAgent(Clone),7,11,1.71,1.58,3.238281,1,False,2,0,0
2026-03-07_03.04.52,274,sign-optimization-horizontal-vertical_scenario,643,247,3,-9,7,0,90,15,1,158696,WheelchairAgent(Clone),11,10,1.3,1.17,0,0,False,3,0,0
2026-03-07_03.04.52,274,sign-optimization-horizontal-vertical_scenario,643,247,3,-9,7,0,90,15,1,158697,AdultFemaleAgent(Clone),7,11,1.58,1.450001,8.984375,1,False,2,0,0
2026-03-07_03.04.52,274,sign-optimization-horizontal-vertical_scenario,643,247,3,-9,7,0,90,15,1,158698,WheelchairAgent(Clone),7,11,1.3,1.17,10.92578,1,False,2,0,0
2026-03-07_03.04.52,274,sign-optimization-horizontal-vertical_scenario,643,247,3,-9,7,0,90,15,1,158699,AdultMaleAgent(Clone),5,10,1.71,1.58,8.664063,1,True,2,1,0.5
2026-03-07_03.04.52,274,sign-optimization-horizontal-vertical_scenario,643,247,3,-9,7,0,90,15,1,158700,AdultMaleAgent(Clone),6,12,1.71,1.58,3.035156,2,True,2,1,0.5
2026-03-07_03.04.52,274,sign-optimization-horizontal-vertical_scenario,643,247,3,-9,7,0,90,15,1,158701,AdultMaleAgent(Clone),5,10,1.71,1.58,8.572266,1,True,2,1,0.5
2026-03-07_03.04.52,274,sign-optimization-horizontal-vertical_scenario,643,247,3,-9,7,0,90,15,1,158702,AdultFemaleAgent(Clone),10,12,1.58,1.45,4.521484,1,True,3,1,0.3333333
2026-03-07_03.04.52,274,sign-optimization-horizontal-vertical_scenario,643,247,3,-9,7,0,90,15,1,158703,AdultMaleAgent(Clone),7,11,1.71,1.58,3.039063,1,False,2,0,0
2026-03-07_03.04.52,274,sign-optimization-horizontal-vertical_scenario,643,247,3,-9,7,0,90,15,1,158704,AdultFemaleAgent(Clone),11,10,1.58,1.450001,0,0,False,3,0,0
2026-03-07_03.04.52,274,sign-optimization-horizontal-vertical_scenario,643,247,3,-9,7,0,90,15,1,158705,AdultFemaleAgent(Clone),5,10,1.58,1.45,9.248047,1,True,2,1,0.5
2026-03-07_03.04.52,274,sign-optimization-horizontal-vertical_scenario,643,247,3,-9,7,0,90,15,1,158706,WheelchairAgent(Clone),6,12,1.3,1.17,0.6035156,2,False,2,1,0.5
2026-03-07_03.04.52,274,sign-optimization-horizontal-vertical_scenario,643,247,3,-9,7,0,90,15,1,158707,WheelchairAgent(Clone),10,12,1.3,1.17,5.035156,1,True,3,1,0.3333333
2026-03-07_03.04.52,274,sign-optimization-horizontal-vertical_scenario,643,247,3,-9,7,0,90,15,1,158708,AdultFemaleAgent(Clone),7,11,1.58,1.450001,8.185547,1,False,2,0,0
2026-03-07_03.04.52,274,sign-optimization-horizontal-vertical_scenario,643,247,3,-9,7,0,90,15,1,158709,WheelchairAgent(Clone),11,10,1.3,1.17,0,0,False,3,0,0
2026-03-07_03.04.52,274,sign-optimization-horizontal-vertical_scenario,643,247,3,-9,7,0,90,15,1,158710,AdultMaleAgent(Clone),5,10,1.71,1.58,9.335938,1,True,2,1,0.5
2026-03-07_03.04.52,274,sign-optimization-horizontal-vertical_scenario,643,247,3,-9,7,0,90,15,1,158711,AdultFemaleAgent(Clone),10,12,1.58,1.45,6.152344,1,True,3,1,0.3333333
2026-03-07_03.04.52,274,sign-optimization-horizontal-vertical_scenario,643,247,3,-9,7,0,90,15,1,158712,AdultMaleAgent(Clone),10,12,1.71,1.58,4.705078,1,True,3,1,0.3333333
2026-03-07_03.04.52,274,sign-optimization-horizontal-vertical_scenario,643,247,3,-9,7,0,90,15,1,158713,AdultMaleAgent(Clone),6,12,1.71,1.58,0.04101563,2,False,2,1,0.5
2026-03-07_03.04.52,274,sign-optimization-horizontal-vertical_scenario,643,247,3,-9,7,0,90,15,1,158714,AdultMaleAgent(Clone),7,11,1.71,1.58,0,0,False,2,0,0
2026-03-07_03.04.52,274,sign-optimization-horizontal-vertical_scenario,643,247,3,-9,7,0,90,15,1,158715,AdultMaleAgent(Clone),6,12,1.71,1.58,0.5019531,1,False,2,1,0.5
2026-03-07_03.04.52,274,sign-optimization-horizontal-vertical_scenario,643,247,3,-9,7,0,90,15,1,158716,WheelchairAgent(Clone),10,12,1.3,1.17,5.623047,1,True,3,1,0.3333333
2026-03-07_03.04.52,274,sign-optimization-horizontal-vertical_scenario,643,247,3,-9,7,0,90,15,1,158717,WheelchairAgent(Clone),5,10,1.3,1.17,8.441406,1,True,2,1,0.5
2026-03-07_03.04.52,274,sign-optimization-horizontal-vertical_scenario,643,247,3,-9,7,0,90,15,1,158718,AdultFemaleAgent(Clone),10,12,1.58,1.45,5.556641,1,True,3,1,0.3333333
2026-03-07_03.04.52,274,sign-optimization-horizontal-vertical_scenario,643,247,3,-9,7,0,90,15,1,158719,AdultFemaleAgent(Clone),6,12,1.58,1.45,0.9492188,1,False,2,0,0
2026-03-07_03.04.52,274,sign-optimization-horizontal-vertical_scenario,643,247,3,-9,7,0,90,15,1,158720,AdultFemaleAgent(Clone),10,12,1.58,1.45,5.103516,1,True,3,1,0.3333333
2026-03-07_03.04.52,274,sign-optimization-horizontal-vertical_scenario,643,247,3,-9,7,0,90,15,1,158721,AdultMaleAgent(Clone),5,10,1.71,1.58,9.539063,1,True,2,1,0.5
2026-03-07_03.04.52,274,sign-optimization-horizontal-vertical_scenario,643,247,3,-9,7,0,90,15,1,158722,WheelchairAgent(Clone),11,10,1.3,1.17,0,0,False,3,0,0
2026-03-07_03.04.52,274,sign-optimization-horizontal-vertical_scenario,643,247,3,-9,7,0,90,15,1,158723,AdultFemaleAgent(Clone),6,12,1.58,1.45,2.669922,1,False,2,1,0.5
2026-03-07_03.04.52,274,sign-optimization-horizontal-vertical_scenario,643,247,3,-9,7,0,90,15,1,158724,AdultMaleAgent(Clone),11,10,1.71,1.58,0,0,False,3,0,0
2026-03-07_03.04.52,274,sign-optimization-horizontal-vertical_scenario,643,247,3,-9,7,0,90,15,1,158725,AdultFemaleAgent(Clone),7,11,1.58,1.450001,8.289063,1,False,2,0,0
2026-03-07_03.04.52,274,sign-optimization-horizontal-vertical_scenario,643,247,3,-9,7,0,90,15,1,158726,AdultMaleAgent(Clone),6,12,1.71,1.58,1.935547,1,True,2,1,0.5
2026-03-07_03.04.52,274,sign-optimization-horizontal-vertical_scenario,643,247,3,-9,7,0,90,15,1,158727,WheelchairAgent(Clone),10,12,1.3,1.17,5.189453,1,True,3,1,0.3333333
2026-03-07_03.04.52,274,sign-optimization-horizontal-vertical_scenario,643,247,3,-9,7,0,90,15,1,158728,AdultMaleAgent(Clone),11,10,1.71,1.58,0,0,False,3,0,0
2026-03-07_03.04.52,274,sign-optimization-horizontal-vertical_scenario,643,247,3,-9,7,0,90,15,1,158729,AdultFemaleAgent(Clone),10,12,1.58,1.45,6.238281,1,True,3,1,0.3333333
2026-03-07_03.04.52,274,sign-optimization-horizontal-vertical_scenario,643,247,3,-9,7,0,90,15,1,158730,AdultMaleAgent(Clone),7,11,1.71,1.58,9.833984,1,False,2,0,0
2026-03-07_03.04.52,274,sign-optimization-horizontal-vertical_scenario,643,247,3,-9,7,0,90,15,1,158731,AdultMaleAgent(Clone),6,12,1.71,1.58,0,0,False,2,0,0
2026-03-07_03.04.52,274,sign-optimization-horizontal-vertical_scenario,643,247,3,-9,7,0,90,15,1,158732,WheelchairAgent(Clone),11,10,1.3,1.17,0,0,False,3,0,0
2026-03-07_03.04.52,274,sign-optimization-horizontal-vertical_scenario,643,247,3,-9,7,0,90,15,1,158733,WheelchairAgent(Clone),11,10,1.3,1.17,0,0,False,3,0,0
2026-03-07_03.04.52,274,sign-optimization-horizontal-vertical_scenario,643,247,3,-9,7,0,90,15,1,158734,AdultMaleAgent(Clone),6,12,1.71,1.58,0.3925781,2,True,2,1,0.5
2026-03-07_03.04.52,274,sign-optimization-horizontal-vertical_scenario,643,247,3,-9,7,0,90,15,1,158735,AdultFemaleAgent(Clone),7,11,1.58,1.450001,12.53516,1,False,2,1,0.5
2026-03-07_03.04.52,274,sign-optimization-horizontal-vertical_scenario,643,247,3,-9,7,0,90,15,1,158736,AdultMaleAgent(Clone),6,12,1.71,1.58,1.666016,2,True,2,1,0.5
2026-03-07_03.04.52,274,sign-optimization-horizontal-vertical_scenario,643,247,3,-9,7,0,90,15,1,158737,WheelchairAgent(Clone),5,10,1.3,1.17,7.990234,1,True,2,1,0.5
2026-03-07_03.04.52,274,sign-optimization-horizontal-vertical_scenario,643,247,3,-9,7,0,90,15,1,158738,WheelchairAgent(Clone),6,12,1.3,1.17,0,0,False,2,0,0
2026-03-07_03.04.52,274,sign-optimization-horizontal-vertical_scenario,643,247,3,-9,7,0,90,15,1,158739,AdultFemaleAgent(Clone),11,10,1.58,1.450001,0,0,False,3,0,0
2026-03-07_03.04.52,274,sign-optimization-horizontal-vertical_scenario,643,247,3,-9,7,0,90,15,1,158740,AdultFemaleAgent(Clone),7,11,1.58,1.450001,0,0,False,2,0,0
2026-03-07_03.04.52,274,sign-optimization-horizontal-vertical_scenario,643,247,3,-9,7,0,90,15,1,158741,AdultMaleAgent(Clone),11,10,1.71,1.58,0,0,False,3,0,0
2026-03-07_03.04.52,274,sign-optimization-horizontal-vertical_scenario,643,247,3,-9,7,0,90,15,1,158742,WheelchairAgent(Clone),7,11,1.3,1.17,9.796875,1,False,2,0,0
2026-03-07_03.04.52,274,sign-optimization-horizontal-vertical_scenario,643,247,3,-9,7,0,90,15,1,158743,WheelchairAgent(Clone),6,12,1.3,1.17,0,0,False,2,0,0
2026-03-07_03.04.52,274,sign-optimization-horizontal-vertical_scenario,643,247,3,-9,7,0,90,15,1,158744,AdultFemaleAgent(Clone),5,10,1.58,1.45,8.541016,1,True,2,1,0.5
2026-03-07_03.04.52,274,sign-optimization-horizontal-vertical_scenario,643,247,3,-9,7,0,90,15,1,158745,WheelchairAgent(Clone),6,12,1.3,1.17,1.173828,1,False,2,0,0
2026-03-07_03.04.52,274,sign-optimization-horizontal-vertical_scenario,643,247,3,-9,7,0,90,15,1,158746,AdultMaleAgent(Clone),7,11,1.71,1.58,10.22656,1,False,2,0,0
2026-03-07_03.04.52,274,sign-optimization-horizontal-vertical_scenario,643,247,3,-9,7,0,90,15,1,158747,WheelchairAgent(Clone),6,12,1.3,1.17,0,0,False,2,0,0
2026-03-07_03.04.52,274,sign-optimization-horizontal-vertical_scenario,643,247,3,-9,7,0,90,15,1,158748,AdultMaleAgent(Clone),7,11,1.71,1.58,12.91992,1,False,2,1,0.5
2026-03-07_03.04.52,274,sign-optimization-horizontal-vertical_scenario,643,247,3,-9,7,0,90,15,1,158749,AdultFemaleAgent(Clone),11,10,1.58,1.450001,0,0,False,3,0,0
2026-03-07_03.04.52,274,sign-optimization-horizontal-vertical_scenario,643,247,3,-9,7,0,90,15,1,158750,AdultFemaleAgent(Clone),7,11,1.58,1.450001,5.53125,1,False,2,0,0
2026-03-07_03.04.52,274,sign-optimization-horizontal-vertical_scenario,643,247,3,-9,7,0,90,15,1,158751,AdultMaleAgent(Clone),5,10,1.71,1.58,7.953125,1,True,2,1,0.5
2026-03-07_03.04.52,274,sign-optimization-horizontal-vertical_scenario,643,247,3,-9,7,0,90,15,1,158752,WheelchairAgent(Clone),7,11,1.3,1.17,7.6875,1,False,2,0,0
2026-03-07_03.04.52,274,sign-optimization-horizontal-vertical_scenario,643,247,3,-9,7,0,90,15,1,158753,WheelchairAgent(Clone),7,11,1.3,1.17,9.429688,1,False,2,0,0
2026-03-07_03.04.52,274,sign-optimization-horizontal-vertical_scenario,643,247,3,-9,7,0,90,15,1,158754,WheelchairAgent(Clone),10,12,1.3,1.17,6.007813,1,True,3,1,0.3333333
2026-03-07_03.04.52,274,sign-optimization-horizontal-vertical_scenario,643,247,3,-9,7,0,90,15,1,158755,AdultFemaleAgent(Clone),7,11,1.58,1.450001,11.89453,1,False,2,0,0
2026-03-07_03.04.52,274,sign-optimization-horizontal-vertical_scenario,643,247,3,-9,7,0,90,15,1,158756,AdultFemaleAgent(Clone),10,12,1.58,1.45,6.818359,1,True,3,1,0.3333333
2026-03-07_03.04.52,274,sign-optimization-horizontal-vertical_scenario,643,247,3,-9,7,0,90,15,1,158757,AdultFemaleAgent(Clone),6,12,1.58,1.45,0,0,False,2,0,0
2026-03-07_03.04.52,274,sign-optimization-horizontal-vertical_scenario,643,247,3,-9,7,0,90,15,1,158758,AdultMaleAgent(Clone),6,12,1.71,1.58,0.265625,2,True,2,1,0.5
2026-03-07_03.04.52,274,sign-optimization-horizontal-vertical_scenario,643,247,3,-9,7,0,90,15,1,158759,AdultMaleAgent(Clone),6,12,1.71,1.58,0,0,False,2,0,0
2026-03-07_03.04.52,274,sign-optimization-horizontal-vertical_scenario,643,247,3,-9,7,0,90,15,1,158760,AdultFemaleAgent(Clone),7,11,1.58,1.450001,10.77734,1,False,2,0,0
2026-03-07_03.04.52,274,sign-optimization-horizontal-vertical_scenario,643,247,3,-9,7,0,90,15,1,158761,WheelchairAgent(Clone),6,12,1.3,1.17,4.255859,1,True,2,1,0.5
2026-03-07_03.04.52,274,sign-optimization-horizontal-vertical_scenario,643,247,3,-9,7,0,90,15,1,158762,AdultMaleAgent(Clone),6,12,1.71,1.58,0.1894531,1,False,2,1,0.5
2026-03-07_03.04.52,274,sign-optimization-horizontal-vertical_scenario,643,247,3,-9,7,0,90,15,1,158763,AdultMaleAgent(Clone),5,10,1.71,1.58,8.373047,1,True,2,1,0.5
2026-03-07_03.04.52,274,sign-optimization-horizontal-vertical_scenario,643,247,3,-9,7,0,90,15,1,158764,AdultFemaleAgent(Clone),11,10,1.58,1.450001,0,0,False,3,0,0
2026-03-07_03.04.52,274,sign-optimization-horizontal-vertical_scenario,643,247,3,-9,7,0,90,15,1,158765,AdultFemaleAgent(Clone),7,11,1.58,1.450001,3.78125,2,False,2,0,0
2026-03-07_03.04.52,274,sign-optimization-horizontal-vertical_scenario,643,247,3,-9,7,0,90,15,1,158766,WheelchairAgent(Clone),10,12,1.3,1.17,5.876953,1,True,3,1,0.3333333
2026-03-07_03.04.52,274,sign-optimization-horizontal-vertical_scenario,643,247,3,-9,7,0,90,15,1,158767,WheelchairAgent(Clone),7,11,1.3,1.17,6.085938,1,False,2,0,0
2026-03-07_03.04.52,274,sign-optimization-horizontal-vertical_scenario,643,247,3,-9,7,0,90,15,1,158768,AdultFemaleAgent(Clone),7,11,1.58,1.450001,4.283203,1,False,2,0,0
2026-03-07_03.04.52,274,sign-optimization-horizontal-vertical_scenario,643,247,3,-9,7,0,90,15,1,158769,AdultMaleAgent(Clone),10,12,1.71,1.58,7.220703,1,True,3,1,0.3333333
2026-03-07_03.04.52,274,sign-optimization-horizontal-vertical_scenario,643,247,3,-9,7,0,90,15,1,158770,AdultMaleAgent(Clone),11,10,1.71,1.58,0,0,False,3,0,0
2026-03-07_03.04.52,274,sign-optimization-horizontal-vertical_scenario,643,247,3,-9,7,0,90,15,1,158771,AdultMaleAgent(Clone),11,10,1.71,1.58,0,0,False,3,0,0
2026-03-07_03.04.52,274,sign-optimization-horizontal-vertical_scenario,643,247,3,-9,7,0,90,15,1,158772,AdultMaleAgent(Clone),6,12,1.71,1.58,0.984375,1,False,2,0,0
2026-03-07_03.04.52,274,sign-optimization-horizontal-vertical_scenario,643,247,3,-9,7,0,90,15,1,158773,WheelchairAgent(Clone),5,10,1.3,1.17,9.273438,1,True,2,1,0.5
2026-03-07_03.04.52,274,sign-optimization-horizontal-vertical_scenario,643,247,3,-9,7,0,90,15,1,158774,WheelchairAgent(Clone),11,10,1.3,1.17,0,0,False,3,0,0
2026-03-07_03.04.52,274,sign-optimization-horizontal-vertical_scenario,643,247,3,-9,7,0,90,15,1,158775,WheelchairAgent(Clone),5,10,1.3,1.17,9.748047,1,True,2,1,0.5
2026-03-07_03.04.52,274,sign-optimization-horizontal-vertical_scenario,643,247,3,-9,7,0,90,15,1,158776,AdultMaleAgent(Clone),7,11,1.71,1.58,5.720703,1,False,2,0,0
2026-03-07_03.04.52,274,sign-optimization-horizontal-vertical_scenario,643,247,3,-9,7,0,90,15,1,158777,AdultFemaleAgent(Clone),6,12,1.58,1.45,0.4726563,2,False,2,1,0.5
2026-03-07_03.04.52,274,sign-optimization-horizontal-vertical_scenario,643,247,3,-9,7,0,90,15,1,158778,WheelchairAgent(Clone),5,10,1.3,1.17,9.242188,1,True,2,1,0.5
2026-03-07_03.04.52,274,sign-optimization-horizontal-vertical_scenario,643,247,3,-9,7,0,90,15,1,158779,AdultMaleAgent(Clone),5,10,1.71,1.58,8.371094,1,True,2,1,0.5
2026-03-07_03.04.52,274,sign-optimization-horizontal-vertical_scenario,643,247,3,-9,7,0,90,15,1,158780,AdultFemaleAgent(Clone),7,11,1.58,1.450001,10.44141,1,False,2,0,0
2026-03-07_03.04.52,274,sign-optimization-horizontal-vertical_scenario,643,247,3,-9,7,0,90,15,1,158781,AdultMaleAgent(Clone),5,10,1.71,1.58,8.007813,1,True,2,1,0.5
2026-03-07_03.04.52,274,sign-optimization-horizontal-vertical_scenario,643,247,3,-9,7,0,90,15,1,158782,AdultMaleAgent(Clone),10,12,1.71,1.58,6.65625,1,True,3,1,0.3333333
2026-03-07_03.04.52,274,sign-optimization-horizontal-vertical_scenario,643,247,3,-9,7,0,90,15,1,158783,AdultFemaleAgent(Clone),11,10,1.58,1.450001,0,0,False,3,0,0
2026-03-07_03.04.52,274,sign-optimization-horizontal-vertical_scenario,643,247,3,-9,7,0,90,15,1,158784,AdultFemaleAgent(Clone),10,12,1.58,1.45,6.984375,1,True,3,1,0.3333333
2026-03-07_03.04.52,274,sign-optimization-horizontal-vertical_scenario,643,247,3,-9,7,0,90,15,1,158785,AdultFemaleAgent(Clone),11,10,1.58,1.450001,0,0,False,3,0,0
2026-03-07_03.04.52,274,sign-optimization-horizontal-vertical_scenario,643,247,3,-9,7,0,90,15,1,158786,WheelchairAgent(Clone),10,12,1.3,1.17,5.949219,1,True,3,1,0.3333333
2026-03-07_03.04.52,274,sign-optimization-horizontal-vertical_scenario,643,247,3,-9,7,0,90,15,1,158787,AdultFemaleAgent(Clone),5,10,1.58,1.45,9.201172,1,True,2,1,0.5
2026-03-07_03.04.52,274,sign-optimization-horizontal-vertical_scenario,643,247,3,-9,7,0,90,15,1,158788,WheelchairAgent(Clone),11,10,1.3,1.17,0,0,False,3,0,0
2026-03-07_03.04.52,274,sign-optimization-horizontal-vertical_scenario,643,247,3,-9,7,0,90,15,1,158789,AdultFemaleAgent(Clone),5,10,1.58,1.45,0,0,True,2,1,0.5
2026-03-07_03.04.52,274,sign-optimization-horizontal-vertical_scenario,643,247,3,-9,7,0,90,15,1,158790,AdultMaleAgent(Clone),6,12,1.71,1.58,0.7109375,1,False,2,1,0.5
2026-03-07_03.04.52,274,sign-optimization-horizontal-vertical_scenario,643,247,3,-9,7,0,90,15,1,158791,WheelchairAgent(Clone),7,11,1.3,1.17,8.783203,1,False,2,0,0
2026-03-07_03.04.52,274,sign-optimization-horizontal-vertical_scenario,643,247,3,-9,7,0,90,15,1,158792,AdultMaleAgent(Clone),10,12,1.71,1.58,5.707031,1,True,3,1,0.3333333
2026-03-07_03.04.52,274,sign-optimization-horizontal-vertical_scenario,643,247,3,-9,7,0,90,15,1,158793,WheelchairAgent(Clone),10,12,1.3,1.17,5.966797,1,True,3,1,0.3333333
2026-03-07_03.04.52,274,sign-optimization-horizontal-vertical_scenario,643,247,3,-9,7,0,90,15,1,158794,AdultFemaleAgent(Clone),5,10,1.58,1.45,7.986328,1,True,2,1,0.5
2026-03-07_03.04.52,274,sign-optimization-horizontal-vertical_scenario,643,247,3,-9,7,0,90,15,1,158795,AdultFemaleAgent(Clone),10,12,1.58,1.45,6.636719,1,True,3,1,0.3333333
2026-03-07_03.04.52,274,sign-optimization-horizontal-vertical_scenario,643,247,3,-9,7,0,90,15,1,158796,WheelchairAgent(Clone),6,12,1.3,1.17,3.707031,1,False,2,1,0.5
2026-03-07_03.04.52,274,sign-optimization-horizontal-vertical_scenario,643,247,3,-9,7,0,90,15,1,158797,WheelchairAgent(Clone),11,10,1.3,1.17,0,0,False,3,0,0
2026-03-07_03.04.52,274,sign-optimization-horizontal-vertical_scenario,643,247,3,-9,7,0,90,15,1,158798,AdultMaleAgent(Clone),6,12,1.71,1.58,0,0,False,2,0,0
2026-03-07_03.04.52,274,sign-optimization-horizontal-vertical_scenario,643,247,3,-9,7,0,90,15,1,158799,AdultFemaleAgent(Clone),7,11,1.58,1.450001,13.76172,1,False,2,0,0
2026-03-07_03.04.52,274,sign-optimization-horizontal-vertical_scenario,643,247,3,-9,7,0,90,15,1,158800,WheelchairAgent(Clone),5,10,1.3,1.17,8.556641,1,True,2,1,0.5
2026-03-07_03.04.52,274,sign-optimization-horizontal-vertical_scenario,643,247,3,-9,7,0,90,15,1,158801,AdultMaleAgent(Clone),6,12,1.71,1.58,0,0,False,2,0,0
2026-03-07_03.04.52,274,sign-optimization-horizontal-vertical_scenario,643,247,3,-9,7,0,90,15,1,158802,AdultMaleAgent(Clone),11,10,1.71,1.58,0,0,False,3,0,0
2026-03-07_03.04.52,274,sign-optimization-horizontal-vertical_scenario,643,247,3,-9,7,0,90,15,1,158803,WheelchairAgent(Clone),6,12,1.3,1.17,3.832031,1,False,2,1,0.5
2026-03-07_03.04.52,274,sign-optimization-horizontal-vertical_scenario,643,247,3,-9,7,0,90,15,1,158804,AdultMaleAgent(Clone),11,10,1.71,1.58,0,0,False,3,0,0
2026-03-07_03.04.52,274,sign-optimization-horizontal-vertical_scenario,643,247,3,-9,7,0,90,15,1,158805,AdultMaleAgent(Clone),5,10,1.71,1.58,8.041016,1,True,2,1,0.5
2026-03-07_03.04.52,274,sign-optimization-horizontal-vertical_scenario,643,247,3,-9,7,0,90,15,1,158806,WheelchairAgent(Clone),7,11,1.3,1.17,6.134766,1,False,2,0,0
2026-03-07_03.04.52,274,sign-optimization-horizontal-vertical_scenario,643,247,3,-9,7,0,90,15,1,158807,WheelchairAgent(Clone),7,11,1.3,1.17,0,0,False,2,0,0
2026-03-07_03.04.52,274,sign-optimization-horizontal-vertical_scenario,643,247,3,-9,7,0,90,15,1,158808,AdultMaleAgent(Clone),7,11,1.71,1.58,4.123047,1,False,2,0,0
2026-03-07_03.04.52,274,sign-optimization-horizontal-vertical_scenario,643,247,3,-9,7,0,90,15,1,158809,AdultMaleAgent(Clone),5,10,1.71,1.58,0,0,True,2,1,0.5
2026-03-07_03.04.52,274,sign-optimization-horizontal-vertical_scenario,643,247,3,-9,7,0,90,15,1,158810,AdultMaleAgent(Clone),11,10,1.71,1.58,0,0,False,3,0,0
2026-03-07_03.04.52,274,sign-optimization-horizontal-vertical_scenario,643,247,3,-9,7,0,90,15,1,158811,AdultFemaleAgent(Clone),7,11,1.58,1.450001,2.560547,1,False,2,0,0
2026-03-07_03.04.52,274,sign-optimization-horizontal-vertical_scenario,643,247,3,-9,7,0,90,15,1,158812,AdultFemaleAgent(Clone),11,10,1.58,1.450001,0,0,False,3,0,0
2026-03-07_03.04.52,274,sign-optimization-horizontal-vertical_scenario,643,247,3,-9,7,0,90,15,1,158813,AdultFemaleAgent(Clone),5,10,1.58,1.45,8.099609,1,True,2,1,0.5
2026-03-07_03.04.52,274,sign-optimization-horizontal-vertical_scenario,643,247,3,-9,7,0,90,15,1,158814,AdultMaleAgent(Clone),10,12,1.71,1.58,6.361328,1,True,3,1,0.3333333
2026-03-07_03.04.52,274,sign-optimization-horizontal-vertical_scenario,643,247,3,-9,7,0,90,15,1,158815,WheelchairAgent(Clone),10,12,1.3,1.17,5.552734,1,True,3,1,0.3333333
2026-03-07_03.04.52,274,sign-optimization-horizontal-vertical_scenario,643,247,3,-9,7,0,90,15,1,158816,WheelchairAgent(Clone),7,11,1.3,1.17,0,0,False,2,1,0.5
2026-03-07_03.04.52,274,sign-optimization-horizontal-vertical_scenario,643,247,3,-9,7,0,90,15,1,158817,AdultFemaleAgent(Clone),11,10,1.58,1.450001,0,0,False,3,0,0
2026-03-07_03.04.52,274,sign-optimization-horizontal-vertical_scenario,643,247,3,-9,7,0,90,15,1,158818,AdultFemaleAgent(Clone),10,12,1.58,1.45,6.318359,1,True,3,1,0.3333333
2026-03-07_03.04.52,274,sign-optimization-horizontal-vertical_scenario,643,247,3,-9,7,0,90,15,1,158819,AdultFemaleAgent(Clone),6,12,1.58,1.45,0,0,False,2,0,0
2026-03-07_03.04.52,274,sign-optimization-horizontal-vertical_scenario,643,247,3,-9,7,0,90,15,1,158820,AdultMaleAgent(Clone),10,12,1.71,1.58,5.189453,1,True,3,1,0.3333333
2026-03-07_03.04.52,274,sign-optimization-horizontal-vertical_scenario,643,247,3,-9,7,0,90,15,1,158821,AdultMaleAgent(Clone),11,10,1.71,1.58,0,0,False,3,0,0
2026-03-07_03.04.52,274,sign-optimization-horizontal-vertical_scenario,643,247,3,-9,7,0,90,15,1,158822,AdultFemaleAgent(Clone),11,10,1.58,1.450001,0,0,False,3,0,0
2026-03-07_03.04.52,274,sign-optimization-horizontal-vertical_scenario,643,247,3,-9,7,0,90,15,1,158823,WheelchairAgent(Clone),7,11,1.3,1.17,9.128906,1,False,2,0,0
2026-03-07_03.04.52,274,sign-optimization-horizontal-vertical_scenario,643,247,3,-9,7,0,90,15,1,158824,WheelchairAgent(Clone),6,12,1.3,1.17,0,0,False,2,0,0
2026-03-07_03.04.52,274,sign-optimization-horizontal-vertical_scenario,643,247,3,-9,7,0,90,15,1,158825,AdultFemaleAgent(Clone),5,10,1.58,1.45,0,0,True,2,1,0.5
2026-03-07_03.04.52,274,sign-optimization-horizontal-vertical_scenario,643,247,3,-9,7,0,90,15,1,158826,AdultMaleAgent(Clone),6,12,1.71,1.58,0,0,False,2,0,0
2026-03-07_03.04.52,274,sign-optimization-horizontal-vertical_scenario,643,247,3,-9,7,0,90,15,1,158827,AdultMaleAgent(Clone),10,12,1.71,1.58,6.273438,1,True,3,1,0.3333333
2026-03-07_03.04.52,274,sign-optimization-horizontal-vertical_scenario,643,247,3,-9,7,0,90,15,1,158828,WheelchairAgent(Clone),11,10,1.3,1.17,0,0,False,3,0,0
2026-03-07_03.04.52,274,sign-optimization-horizontal-vertical_scenario,643,247,3,-9,7,0,90,15,1,158829,AdultFemaleAgent(Clone),10,12,1.58,1.45,5.091797,1,True,3,1,0.3333333
2026-03-07_03.04.52,274,sign-optimization-horizontal-vertical_scenario,643,247,3,-9,7,0,90,15,1,158830,AdultFemaleAgent(Clone),7,11,1.58,1.450001,10.74609,1,False,2,0,0
2026-03-07_03.04.52,274,sign-optimization-horizontal-vertical_scenario,643,247,3,-9,7,0,90,15,1,158831,AdultFemaleAgent(Clone),10,12,1.58,1.45,4.691406,1,True,3,1,0.3333333
2026-03-07_03.04.52,274,sign-optimization-horizontal-vertical_scenario,643,247,3,-9,7,0,90,15,1,158832,AdultMaleAgent(Clone),7,11,1.71,1.58,6.585938,1,False,2,0,0
2026-03-07_03.04.52,274,sign-optimization-horizontal-vertical_scenario,643,247,3,-9,7,0,90,15,1,158833,AdultFemaleAgent(Clone),11,10,1.58,1.450001,0,0,False,3,0,0
2026-03-07_03.04.52,274,sign-optimization-horizontal-vertical_scenario,643,247,3,-9,7,0,90,15,1,158834,WheelchairAgent(Clone),5,10,1.3,1.17,0,0,True,2,1,0.5
2026-03-07_03.04.52,274,sign-optimization-horizontal-vertical_scenario,643,247,3,-9,7,0,90,15,1,158835,WheelchairAgent(Clone),5,10,1.3,1.17,0,0,True,2,1,0.5
2026-03-07_03.04.52,274,sign-optimization-horizontal-vertical_scenario,643,247,3,-9,7,0,90,15,1,158836,WheelchairAgent(Clone),5,10,1.3,1.17,0,0,True,2,1,0.5
2026-03-07_03.04.52,274,sign-optimization-horizontal-vertical_scenario,643,247,3,-9,7,0,90,15,1,158837,AdultMaleAgent(Clone),11,10,1.71,1.58,0,0,False,3,0,0
2026-03-07_03.04.52,274,sign-optimization-horizontal-vertical_scenario,643,247,3,-9,7,0,90,15,1,158838,WheelchairAgent(Clone),7,11,1.3,1.17,0,0,False,2,0,0
2026-03-07_03.04.52,274,sign-optimization-horizontal-vertical_scenario,643,247,3,-9,7,0,90,15,1,158839,WheelchairAgent(Clone),5,10,1.3,1.17,0,0,True,2,1,0.5
2026-03-07_03.04.52,274,sign-optimization-horizontal-vertical_scenario,643,247,3,-9,7,0,90,15,1,158840,AdultFemaleAgent(Clone),11,10,1.58,1.450001,0,0,False,3,0,0
2026-03-07_03.04.52,274,sign-optimization-horizontal-vertical_scenario,643,247,3,-9,7,0,90,15,1,158841,WheelchairAgent(Clone),11,10,1.3,1.17,0,0,False,3,0,0
2026-03-07_03.04.52,274,sign-optimization-horizontal-vertical_scenario,643,247,3,-9,7,0,90,15,1,158842,AdultFemaleAgent(Clone),11,10,1.58,1.450001,0,0,False,3,0,0
2026-03-07_03.04.52,274,sign-optimization-horizontal-vertical_scenario,643,247,3,-9,7,0,90,15,1,158843,AdultMaleAgent(Clone),6,12,1.71,1.58,0.6699219,1,False,2,1,0.5
2026-03-07_03.04.52,274,sign-optimization-horizontal-vertical_scenario,643,247,3,-9,7,0,90,15,1,158844,AdultMaleAgent(Clone),5,10,1.71,1.58,0,0,True,2,1,0.5
2026-03-07_03.04.52,274,sign-optimization-horizontal-vertical_scenario,643,247,3,-9,7,0,90,15,1,158845,AdultFemaleAgent(Clone),10,12,1.58,1.45,4.660156,1,False,3,0,0
2026-03-07_03.04.52,274,sign-optimization-horizontal-vertical_scenario,643,247,3,-9,7,0,90,15,1,158846,WheelchairAgent(Clone),5,10,1.3,1.17,0,0,True,2,1,0.5
2026-03-07_03.04.52,274,sign-optimization-horizontal-vertical_scenario,643,247,3,-9,7,0,90,15,1,158847,WheelchairAgent(Clone),6,12,1.3,1.17,2.556641,1,False,2,1,0.5
2026-03-07_03.04.52,274,sign-optimization-horizontal-vertical_scenario,643,247,3,-9,7,0,90,15,1,158848,AdultFemaleAgent(Clone),10,12,1.58,1.45,6.199219,1,True,3,1,0.3333333
2026-03-07_03.04.52,274,sign-optimization-horizontal-vertical_scenario,643,247,3,-9,7,0,90,15,1,158849,AdultMaleAgent(Clone),5,10,1.71,1.58,0,0,True,2,1,0.5
2026-03-07_03.04.52,274,sign-optimization-horizontal-vertical_scenario,643,247,3,-9,7,0,90,15,1,158850,AdultFemaleAgent(Clone),7,11,1.58,1.450001,0,0,False,2,0,0
2026-03-07_03.04.52,274,sign-optimization-horizontal-vertical_scenario,643,247,3,-9,7,0,90,15,1,158851,WheelchairAgent(Clone),10,12,1.3,1.17,5.324219,1,True,3,1,0.3333333
2026-03-07_03.04.52,274,sign-optimization-horizontal-vertical_scenario,643,247,3,-9,7,0,90,15,1,158852,AdultMaleAgent(Clone),5,10,1.71,1.58,0,0,True,2,1,0.5
2026-03-07_03.04.52,274,sign-optimization-horizontal-vertical_scenario,643,247,3,-9,7,0,90,15,1,158853,WheelchairAgent(Clone),7,11,1.3,1.17,7.101563,1,False,2,0,0
2026-03-07_03.04.52,274,sign-optimization-horizontal-vertical_scenario,643,247,3,-9,7,0,90,15,1,158854,WheelchairAgent(Clone),5,10,1.3,1.17,0,0,False,2,1,0.5
2026-03-07_03.04.52,274,sign-optimization-horizontal-vertical_scenario,643,247,3,-9,7,0,90,15,1,158855,AdultMaleAgent(Clone),10,12,1.71,1.58,4.865234,1,True,3,1,0.3333333
2026-03-07_03.04.52,274,sign-optimization-horizontal-vertical_scenario,643,247,3,-9,7,0,90,15,1,158856,WheelchairAgent(Clone),5,10,1.3,1.17,0,0,False,2,1,0.5
2026-03-07_03.04.52,274,sign-optimization-horizontal-vertical_scenario,643,247,3,-9,7,0,90,15,1,158857,AdultMaleAgent(Clone),11,10,1.71,1.58,0,0,False,3,0,0
2026-03-07_03.04.52,274,sign-optimization-horizontal-vertical_scenario,643,247,3,-9,7,0,90,15,1,158858,WheelchairAgent(Clone),5,10,1.3,1.17,0,0,True,2,1,0.5
2026-03-07_03.04.52,274,sign-optimization-horizontal-vertical_scenario,643,247,3,-9,7,0,90,15,1,158859,AdultMaleAgent(Clone),11,10,1.71,1.58,0,0,False,3,0,0
2026-03-07_03.04.52,274,sign-optimization-horizontal-vertical_scenario,643,247,3,-9,7,0,90,15,1,158860,WheelchairAgent(Clone),5,10,1.3,1.17,0,0,True,2,1,0.5
2026-03-07_03.04.52,274,sign-optimization-horizontal-vertical_scenario,643,247,3,-9,7,0,90,15,1,158861,WheelchairAgent(Clone),10,12,1.3,1.17,6.054688,1,True,3,1,0.3333333
2026-03-07_03.04.52,274,sign-optimization-horizontal-vertical_scenario,643,247,3,-9,7,0,90,15,1,158862,WheelchairAgent(Clone),7,11,1.3,1.17,0,0,False,2,0,0
2026-03-07_03.04.52,274,sign-optimization-horizontal-vertical_scenario,643,247,3,-9,7,0,90,15,1,158863,WheelchairAgent(Clone),10,12,1.3,1.17,5.222656,1,True,3,1,0.3333333
2026-03-07_03.04.52,274,sign-optimization-horizontal-vertical_scenario,643,247,3,-9,7,0,90,15,1,158864,AdultFemaleAgent(Clone),7,11,1.58,1.450001,0,0,False,2,0,0
2026-03-07_03.04.52,274,sign-optimization-horizontal-vertical_scenario,643,247,3,-9,7,0,90,15,1,158865,AdultFemaleAgent(Clone),7,11,1.58,1.450001,0,0,False,2,0,0
2026-03-07_03.04.52,274,sign-optimization-horizontal-vertical_scenario,643,247,3,-9,7,0,90,15,1,158866,AdultFemaleAgent(Clone),7,11,1.58,1.450001,0,0,False,2,0,0
2026-03-07_03.04.52,274,sign-optimization-horizontal-vertical_scenario,643,247,3,-9,7,0,90,15,1,158867,AdultMaleAgent(Clone),5,10,1.71,1.58,0,0,True,2,1,0.5
2026-03-07_03.04.52,274,sign-optimization-horizontal-vertical_scenario,643,247,3,-9,7,0,90,15,1,158868,AdultMaleAgent(Clone),10,12,1.71,1.58,5.90625,1,True,3,1,0.3333333
2026-03-07_03.04.52,274,sign-optimization-horizontal-vertical_scenario,643,247,3,-9,7,0,90,15,1,158869,AdultFemaleAgent(Clone),7,11,1.58,1.450001,0,0,False,2,0,0
2026-03-07_03.04.52,274,sign-optimization-horizontal-vertical_scenario,643,247,3,-9,7,0,90,15,1,158870,WheelchairAgent(Clone),7,11,1.3,1.17,0,0,False,2,0,0
2026-03-07_03.04.52,274,sign-optimization-horizontal-vertical_scenario,643,247,3,-9,7,0,90,15,1,158871,AdultMaleAgent(Clone),7,11,1.71,1.58,0,0,False,2,0,0
2026-03-07_03.04.52,274,sign-optimization-horizontal-vertical_scenario,643,247,3,-9,7,0,90,15,1,158872,AdultFemaleAgent(Clone),7,11,1.58,1.450001,0,0,False,2,0,0
2026-03-07_03.04.52,274,sign-optimization-horizontal-vertical_scenario,643,247,3,-9,7,0,90,15,1,158873,AdultMaleAgent(Clone),6,12,1.71,1.58,0,0,False,2,0,0
2026-03-07_03.04.52,274,sign-optimization-horizontal-vertical_scenario,643,247,3,-9,7,0,90,15,1,158874,WheelchairAgent(Clone),7,11,1.3,1.17,0,0,False,2,1,0.5
2026-03-07_03.04.52,274,sign-optimization-horizontal-vertical_scenario,643,247,3,-9,7,0,90,15,1,158875,WheelchairAgent(Clone),6,12,1.3,1.17,0,0,False,2,0,0
2026-03-07_03.04.52,274,sign-optimization-horizontal-vertical_scenario,643,247,3,-9,7,0,90,15,1,158876,AdultMaleAgent(Clone),5,10,1.71,1.58,0,0,True,2,1,0.5
2026-03-07_03.04.52,274,sign-optimization-horizontal-vertical_scenario,643,247,3,-9,7,0,90,15,1,158877,AdultFemaleAgent(Clone),6,12,1.58,1.45,1.927734,1,True,2,1,0.5
2026-03-07_03.04.52,274,sign-optimization-horizontal-vertical_scenario,643,247,3,-9,7,0,90,15,1,158878,AdultFemaleAgent(Clone),11,10,1.58,1.450001,0,0,False,3,0,0
2026-03-07_03.04.52,274,sign-optimization-horizontal-vertical_scenario,643,247,3,-9,7,0,90,15,1,158879,AdultFemaleAgent(Clone),11,10,1.58,1.450001,0,0,False,3,0,0
2026-03-07_03.04.52,274,sign-optimization-horizontal-vertical_scenario,643,247,3,-9,7,0,90,15,1,158880,AdultFemaleAgent(Clone),11,10,1.58,1.450001,0,0,False,3,0,0
2026-03-07_03.04.52,274,sign-optimization-horizontal-vertical_scenario,643,247,3,-9,7,0,90,15,1,158881,AdultMaleAgent(Clone),7,11,1.71,1.58,0,0,False,2,0,0
2026-03-07_03.04.52,274,sign-optimization-horizontal-vertical_scenario,643,247,3,-9,7,0,90,15,1,158882,AdultFemaleAgent(Clone),5,10,1.58,1.45,0,0,True,2,1,0.5
2026-03-07_03.04.52,274,sign-optimization-horizontal-vertical_scenario,643,247,3,-9,7,0,90,15,1,158883,WheelchairAgent(Clone),5,10,1.3,1.17,0,0,False,2,1,0.5
2026-03-07_03.04.52,274,sign-optimization-horizontal-vertical_scenario,643,247,3,-9,7,0,90,15,1,158884,WheelchairAgent(Clone),11,10,1.3,1.17,0,0,False,3,0,0
2026-03-07_03.04.52,274,sign-optimization-horizontal-vertical_scenario,643,247,3,-9,7,0,90,15,1,158885,AdultMaleAgent(Clone),6,12,1.71,1.58,3.033203,1,True,2,1,0.5
2026-03-07_03.04.52,274,sign-optimization-horizontal-vertical_scenario,643,247,3,-9,7,0,90,15,1,158886,AdultFemaleAgent(Clone),5,10,1.58,1.45,0,0,False,2,1,0.5
2026-03-07_03.04.52,274,sign-optimization-horizontal-vertical_scenario,643,247,3,-9,7,0,90,15,1,158887,AdultFemaleAgent(Clone),6,12,1.58,1.45,0,0,False,2,0,0
2026-03-07_03.04.52,274,sign-optimization-horizontal-vertical_scenario,643,247,3,-9,7,0,90,15,1,158888,AdultFemaleAgent(Clone),10,12,1.58,1.45,4.103516,1,True,3,1,0.3333333
2026-03-07_03.04.52,274,sign-optimization-horizontal-vertical_scenario,643,247,3,-9,7,0,90,15,1,158889,AdultFemaleAgent(Clone),11,10,1.58,1.450001,0,0,False,3,0,0
2026-03-07_03.04.52,274,sign-optimization-horizontal-vertical_scenario,643,247,3,-9,7,0,90,15,1,158890,AdultFemaleAgent(Clone),11,10,1.58,1.450001,0,0,False,3,0,0
2026-03-07_03.04.52,274,sign-optimization-horizontal-vertical_scenario,643,247,3,-9,7,0,90,15,1,158891,WheelchairAgent(Clone),6,12,1.3,1.17,0,0,False,2,0,0
2026-03-07_03.04.52,274,sign-optimization-horizontal-vertical_scenario,643,247,3,-9,7,0,90,15,1,158892,WheelchairAgent(Clone),7,11,1.3,1.17,0,0,False,2,1,0.5
2026-03-07_03.04.52,274,sign-optimization-horizontal-vertical_scenario,643,247,3,-9,7,0,90,15,1,158893,AdultFemaleAgent(Clone),6,12,1.58,1.45,0,0,False,2,0,0
2026-03-07_03.04.52,274,sign-optimization-horizontal-vertical_scenario,643,247,3,-9,7,0,90,15,1,158894,AdultFemaleAgent(Clone),5,10,1.58,1.45,0,0,False,2,1,0.5
2026-03-07_03.04.52,274,sign-optimization-horizontal-vertical_scenario,643,247,3,-9,7,0,90,15,1,158895,WheelchairAgent(Clone),11,10,1.3,1.17,0,0,False,3,0,0
2026-03-07_03.04.52,274,sign-optimization-horizontal-vertical_scenario,643,247,3,-9,7,0,90,15,1,158896,AdultFemaleAgent(Clone),7,11,1.58,1.450001,0,0,False,2,0,0
2026-03-07_03.04.52,274,sign-optimization-horizontal-vertical_scenario,643,247,3,-9,7,0,90,15,1,158897,WheelchairAgent(Clone),10,12,1.3,1.17,4.662109,1,True,3,1,0.3333333
2026-03-07_03.04.52,274,sign-optimization-horizontal-vertical_scenario,643,247,3,-9,7,0,90,15,1,158898,AdultFemaleAgent(Clone),10,12,1.58,1.45,5.03125,1,True,3,1,0.3333333
2026-03-07_03.04.52,274,sign-optimization-horizontal-vertical_scenario,643,247,3,-9,7,0,90,15,1,158899,WheelchairAgent(Clone),10,12,1.3,1.17,5.666016,1,True,3,1,0.3333333
2026-03-07_03.04.52,274,sign-optimization-horizontal-vertical_scenario,643,247,3,-9,7,0,90,15,1,158900,AdultMaleAgent(Clone),6,12,1.71,1.58,0,0,False,2,0,0
2026-03-07_03.04.52,274,sign-optimization-horizontal-vertical_scenario,643,247,3,-9,7,0,90,15,1,158901,WheelchairAgent(Clone),5,10,1.3,1.17,0,0,False,2,0,0
2026-03-07_03.04.52,274,sign-optimization-horizontal-vertical_scenario,643,247,3,-9,7,0,90,15,1,158902,AdultFemaleAgent(Clone),7,11,1.58,1.450001,0,0,False,2,0,0
2026-03-07_03.04.52,274,sign-optimization-horizontal-vertical_scenario,643,247,3,-9,7,0,90,15,1,158903,AdultMaleAgent(Clone),11,10,1.71,1.58,0,0,False,3,0,0
2026-03-07_03.04.52,274,sign-optimization-horizontal-vertical_scenario,643,247,3,-9,7,0,90,15,1,158904,AdultFemaleAgent(Clone),5,10,1.58,1.45,0,0,False,2,1,0.5
2026-03-07_03.04.52,274,sign-optimization-horizontal-vertical_scenario,643,247,3,-9,7,0,90,15,1,158905,AdultFemaleAgent(Clone),6,12,1.58,1.45,3.246094,1,True,2,1,0.5
2026-03-07_03.04.52,274,sign-optimization-horizontal-vertical_scenario,643,247,3,-9,7,0,90,15,1,158906,WheelchairAgent(Clone),5,10,1.3,1.17,0,0,False,2,0,0
2026-03-07_03.04.52,274,sign-optimization-horizontal-vertical_scenario,643,247,3,-9,7,0,90,15,1,158907,AdultMaleAgent(Clone),7,11,1.71,1.58,0,0,False,2,0,0
2026-03-07_03.04.52,274,sign-optimization-horizontal-vertical_scenario,643,247,3,-9,7,0,90,15,1,158908,AdultFemaleAgent(Clone),7,11,1.58,1.450001,0,0,False,2,1,0.5
2026-03-07_03.04.52,274,sign-optimization-horizontal-vertical_scenario,643,247,3,-9,7,0,90,15,1,158909,AdultFemaleAgent(Clone),11,10,1.58,1.450001,0,0,False,3,0,0
2026-03-07_03.04.52,274,sign-optimization-horizontal-vertical_scenario,643,247,3,-9,7,0,90,15,1,158910,AdultMaleAgent(Clone),11,10,1.71,1.58,0,0,False,3,0,0
2026-03-07_03.04.52,274,sign-optimization-horizontal-vertical_scenario,643,247,3,-9,7,0,90,15,1,158911,AdultFemaleAgent(Clone),10,12,1.58,1.45,4.71875,1,True,3,1,0.3333333
2026-03-07_03.04.52,274,sign-optimization-horizontal-vertical_scenario,643,247,3,-9,7,0,90,15,1,158912,AdultFemaleAgent(Clone),5,10,1.58,1.45,0,0,False,2,0,0
2026-03-07_03.04.52,274,sign-optimization-horizontal-vertical_scenario,643,247,3,-9,7,0,90,15,1,158913,AdultMaleAgent(Clone),10,12,1.71,1.58,5.236328,1,True,3,1,0.3333333
2026-03-07_03.04.52,274,sign-optimization-horizontal-vertical_scenario,643,247,3,-9,7,0,90,15,1,158914,WheelchairAgent(Clone),6,12,1.3,1.17,0.6210938,1,False,2,1,0.5
2026-03-07_03.04.52,274,sign-optimization-horizontal-vertical_scenario,643,247,3,-9,7,0,90,15,1,158915,AdultFemaleAgent(Clone),10,12,1.58,1.45,4.404297,1,True,3,1,0.3333333
2026-03-07_03.04.52,274,sign-optimization-horizontal-vertical_scenario,643,247,3,-9,7,0,90,15,1,158916,AdultFemaleAgent(Clone),10,12,1.58,1.45,5.785156,1,True,3,1,0.3333333
2026-03-07_03.04.52,274,sign-optimization-horizontal-vertical_scenario,643,247,3,-9,7,0,90,15,1,158917,AdultFemaleAgent(Clone),5,10,1.58,1.45,0,0,False,2,0,0
2026-03-07_03.04.52,274,sign-optimization-horizontal-vertical_scenario,643,247,3,-9,7,0,90,15,1,158918,AdultMaleAgent(Clone),11,10,1.71,1.58,0,0,False,3,0,0
2026-03-07_03.04.52,274,sign-optimization-horizontal-vertical_scenario,643,247,3,-9,7,0,90,15,1,158919,WheelchairAgent(Clone),5,10,1.3,1.17,0,0,False,2,0,0
2026-03-07_03.04.52,274,sign-optimization-horizontal-vertical_scenario,643,247,3,-9,7,0,90,15,1,158920,WheelchairAgent(Clone),5,10,1.3,1.17,0,0,False,2,0,0
2026-03-07_03.04.52,274,sign-optimization-horizontal-vertical_scenario,643,247,3,-9,7,0,90,15,1,158921,AdultFemaleAgent(Clone),10,12,1.58,1.45,0,0,True,3,1,0.3333333
2026-03-07_03.04.52,274,sign-optimization-horizontal-vertical_scenario,643,247,3,-9,7,0,90,15,1,158922,WheelchairAgent(Clone),6,12,1.3,1.17,0,0,False,2,0,0
2026-03-07_03.04.52,274,sign-optimization-horizontal-vertical_scenario,643,247,3,-9,7,0,90,15,1,158923,AdultFemaleAgent(Clone),6,12,1.58,1.45,0.96875,1,False,2,1,0.5
2026-03-07_03.04.52,274,sign-optimization-horizontal-vertical_scenario,643,247,3,-9,7,0,90,15,1,158924,WheelchairAgent(Clone),7,11,1.3,1.17,0,0,False,2,0,0
2026-03-07_03.04.52,274,sign-optimization-horizontal-vertical_scenario,643,247,3,-9,7,0,90,15,1,158925,WheelchairAgent(Clone),7,11,1.3,1.17,0,0,False,2,0,0
2026-03-07_03.04.52,274,sign-optimization-horizontal-vertical_scenario,643,247,3,-9,7,0,90,15,1,158926,AdultMaleAgent(Clone),6,12,1.71,1.58,0,0,False,2,0,0
2026-03-07_03.04.52,274,sign-optimization-horizontal-vertical_scenario,643,247,3,-9,7,0,90,15,1,158927,AdultMaleAgent(Clone),10,12,1.71,1.58,0,0,True,3,1,0.3333333
2026-03-07_03.04.52,274,sign-optimization-horizontal-vertical_scenario,643,247,3,-9,7,0,90,15,1,158928,AdultFemaleAgent(Clone),5,10,1.58,1.45,0,0,False,2,0,0
2026-03-07_03.04.52,274,sign-optimization-horizontal-vertical_scenario,643,247,3,-9,7,0,90,15,1,158929,WheelchairAgent(Clone),10,12,1.3,1.17,0,0,True,3,1,0.3333333
2026-03-07_03.04.52,274,sign-optimization-horizontal-vertical_scenario,643,247,3,-9,7,0,90,15,1,158930,AdultFemaleAgent(Clone),5,10,1.58,1.45,0,0,False,2,0,0
2026-03-07_03.04.52,274,sign-optimization-horizontal-vertical_scenario,643,247,3,-9,7,0,90,15,1,158931,WheelchairAgent(Clone),7,11,1.3,1.17,0,0,False,2,0,0
2026-03-07_03.04.52,274,sign-optimization-horizontal-vertical_scenario,643,247,3,-9,7,0,90,15,1,158932,WheelchairAgent(Clone),5,10,1.3,1.17,0,0,False,2,0,0
2026-03-07_03.04.52,274,sign-optimization-horizontal-vertical_scenario,643,247,3,-9,7,0,90,15,1,158933,AdultFemaleAgent(Clone),5,10,1.58,1.45,0,0,False,2,0,0
2026-03-07_03.04.52,274,sign-optimization-horizontal-vertical_scenario,643,247,3,-9,7,0,90,15,1,158934,AdultFemaleAgent(Clone),10,12,1.58,1.45,5.060547,1,True,3,1,0.3333333
2026-03-07_03.04.52,274,sign-optimization-horizontal-vertical_scenario,643,247,3,-9,7,0,90,15,1,158935,WheelchairAgent(Clone),5,10,1.3,1.17,0,0,False,2,0,0
2026-03-07_03.04.52,274,sign-optimization-horizontal-vertical_scenario,643,247,3,-9,7,0,90,15,1,158936,AdultFemaleAgent(Clone),6,12,1.58,1.45,0.8066406,1,False,2,1,0.5
2026-03-07_03.04.52,274,sign-optimization-horizontal-vertical_scenario,643,247,3,-9,7,0,90,15,1,158937,AdultMaleAgent(Clone),6,12,1.71,1.58,0,0,False,2,0,0
2026-03-07_03.04.52,274,sign-optimization-horizontal-vertical_scenario,643,247,3,-9,7,0,90,15,1,158938,AdultMaleAgent(Clone),6,12,1.71,1.58,1.599609,1,True,2,1,0.5
2026-03-07_03.04.52,274,sign-optimization-horizontal-vertical_scenario,643,247,3,-9,7,0,90,15,1,158939,WheelchairAgent(Clone),5,10,1.3,1.17,0,0,False,2,0,0
2026-03-07_03.04.52,274,sign-optimization-horizontal-vertical_scenario,643,247,3,-9,7,0,90,15,1,158940,AdultMaleAgent(Clone),10,12,1.71,1.58,4.40625,1,True,3,1,0.3333333
2026-03-07_03.04.52,274,sign-optimization-horizontal-vertical_scenario,643,247,3,-9,7,0,90,15,1,158941,WheelchairAgent(Clone),11,10,1.3,1.17,0,0,False,3,0,0
2026-03-07_03.04.52,274,sign-optimization-horizontal-vertical_scenario,643,247,3,-9,7,0,90,15,1,158942,WheelchairAgent(Clone),5,10,1.3,1.17,0,0,False,2,0,0
2026-03-07_03.04.52,274,sign-optimization-horizontal-vertical_scenario,643,247,3,-9,7,0,90,15,1,158943,AdultMaleAgent(Clone),6,12,1.71,1.58,1.525391,1,True,2,1,0.5
2026-03-07_03.04.52,274,sign-optimization-horizontal-vertical_scenario,643,247,3,-9,7,0,90,15,1,158944,AdultMaleAgent(Clone),6,12,1.71,1.58,0,0,False,2,0,0
2026-03-07_03.04.52,274,sign-optimization-horizontal-vertical_scenario,643,247,3,-9,7,0,90,15,1,158945,WheelchairAgent(Clone),5,10,1.3,1.17,0,0,False,2,0,0
2026-03-07_03.04.52,274,sign-optimization-horizontal-vertical_scenario,643,247,3,-9,7,0,90,15,1,158946,AdultMaleAgent(Clone),11,10,1.71,1.58,0,0,False,3,0,0
2026-03-07_03.04.52,274,sign-optimization-horizontal-vertical_scenario,643,247,3,-9,7,0,90,15,1,158947,WheelchairAgent(Clone),11,10,1.3,1.17,0,0,False,3,0,0
2026-03-07_03.04.52,274,sign-optimization-horizontal-vertical_scenario,643,247,3,-9,7,0,90,15,1,158948,AdultFemaleAgent(Clone),6,12,1.58,1.45,1.746094,1,False,2,1,0.5
2026-03-07_03.04.52,274,sign-optimization-horizontal-vertical_scenario,643,247,3,-9,7,0,90,15,1,158949,AdultFemaleAgent(Clone),7,11,1.58,1.450001,0,0,False,2,0,0
2026-03-07_03.04.52,274,sign-optimization-horizontal-vertical_scenario,643,247,3,-9,7,0,90,15,1,158950,AdultFemaleAgent(Clone),11,10,1.58,1.450001,0,0,False,3,0,0
2026-03-07_03.04.52,274,sign-optimization-horizontal-vertical_scenario,643,247,3,-9,7,0,90,15,1,158951,AdultMaleAgent(Clone),11,10,1.71,1.58,0,0,False,3,0,0
2026-03-07_03.04.52,274,sign-optimization-horizontal-vertical_scenario,643,247,3,-9,7,0,90,15,1,158952,WheelchairAgent(Clone),11,10,1.3,1.17,0,0,False,3,0,0
2026-03-07_03.04.52,274,sign-optimization-horizontal-vertical_scenario,643,247,3,-9,7,0,90,15,1,158953,AdultMaleAgent(Clone),10,12,1.71,1.58,0,0,True,3,1,0.3333333
2026-03-07_03.04.52,274,sign-optimization-horizontal-vertical_scenario,643,247,3,-9,7,0,90,15,1,158954,AdultMaleAgent(Clone),7,11,1.71,1.58,0,0,False,2,0,0
2026-03-07_03.04.52,274,sign-optimization-horizontal-vertical_scenario,643,247,3,-9,7,0,90,15,1,158955,AdultMaleAgent(Clone),10,12,1.71,1.58,0,0,True,3,1,0.3333333
2026-03-07_03.04.52,274,sign-optimization-horizontal-vertical_scenario,643,247,3,-9,7,0,90,15,1,158956,WheelchairAgent(Clone),6,12,1.3,1.17,0,0,False,2,0,0
2026-03-07_03.04.52,274,sign-optimization-horizontal-vertical_scenario,643,247,3,-9,7,0,90,15,1,158957,AdultFemaleAgent(Clone),10,12,1.58,1.45,0,0,True,3,1,0.3333333
2026-03-07_03.04.52,274,sign-optimization-horizontal-vertical_scenario,643,247,3,-9,7,0,90,15,1,158958,AdultMaleAgent(Clone),10,12,1.71,1.58,0,0,True,3,1,0.3333333
2026-03-07_03.04.52,274,sign-optimization-horizontal-vertical_scenario,643,247,3,-9,7,0,90,15,1,158959,AdultFemaleAgent(Clone),10,12,1.58,1.45,0,0,False,3,1,0.3333333
2026-03-07_03.04.52,274,sign-optimization-horizontal-vertical_scenario,643,247,3,-9,7,0,90,15,1,158960,AdultMaleAgent(Clone),7,11,1.71,1.58,0,0,False,2,0,0
2026-03-07_03.04.52,274,sign-optimization-horizontal-vertical_scenario,643,247,3,-9,7,0,90,15,1,158961,AdultFemaleAgent(Clone),10,12,1.58,1.45,0,0,True,3,1,0.3333333
2026-03-07_03.04.52,274,sign-optimization-horizontal-vertical_scenario,643,247,3,-9,7,0,90,15,1,158962,WheelchairAgent(Clone),10,12,1.3,1.17,0,0,True,3,1,0.3333333
2026-03-07_03.04.52,274,sign-optimization-horizontal-vertical_scenario,643,247,3,-9,7,0,90,15,1,158963,AdultFemaleAgent(Clone),5,10,1.58,1.45,0,0,False,2,0,0
2026-03-07_03.04.52,274,sign-optimization-horizontal-vertical_scenario,643,247,3,-9,7,0,90,15,1,158964,WheelchairAgent(Clone),11,10,1.3,1.17,0,0,False,3,0,0
2026-03-07_03.04.52,274,sign-optimization-horizontal-vertical_scenario,643,247,3,-9,7,0,90,15,1,158965,AdultMaleAgent(Clone),11,10,1.71,1.58,0,0,False,3,0,0
2026-03-07_03.04.52,274,sign-optimization-horizontal-vertical_scenario,643,247,3,-9,7,0,90,15,1,158966,WheelchairAgent(Clone),11,10,1.3,1.17,0,0,False,3,0,0
2026-03-07_03.04.52,274,sign-optimization-horizontal-vertical_scenario,643,247,3,-9,7,0,90,15,1,158967,WheelchairAgent(Clone),6,12,1.3,1.17,0,0,False,2,0,0
2026-03-07_03.04.52,274,sign-optimization-horizontal-vertical_scenario,643,247,3,-9,7,0,90,15,1,158968,AdultMaleAgent(Clone),5,10,1.71,1.58,0,0,False,2,0,0
2026-03-07_03.04.52,274,sign-optimization-horizontal-vertical_scenario,643,247,3,-9,7,0,90,15,1,158969,WheelchairAgent(Clone),11,10,1.3,1.17,0,0,False,3,0,0
2026-03-07_03.04.52,274,sign-optimization-horizontal-vertical_scenario,643,247,3,-9,7,0,90,15,1,158970,AdultMaleAgent(Clone),5,10,1.71,1.58,0,0,False,2,0,0
2026-03-07_03.04.52,274,sign-optimization-horizontal-vertical_scenario,643,247,3,-9,7,0,90,15,1,158971,AdultMaleAgent(Clone),5,10,1.71,1.58,0,0,False,2,0,0
2026-03-07_03.04.52,274,sign-optimization-horizontal-vertical_scenario,643,247,3,-9,7,0,90,15,1,158972,WheelchairAgent(Clone),7,11,1.3,1.17,0,0,False,2,0,0
2026-03-07_03.04.52,274,sign-optimization-horizontal-vertical_scenario,643,247,3,-9,7,0,90,15,1,158973,AdultMaleAgent(Clone),11,10,1.71,1.58,0,0,False,3,0,0
2026-03-07_03.04.52,274,sign-optimization-horizontal-vertical_scenario,643,247,3,-9,7,0,90,15,1,158974,WheelchairAgent(Clone),10,12,1.3,1.17,0,0,False,3,0,0
2026-03-07_03.04.52,274,sign-optimization-horizontal-vertical_scenario,643,247,3,-9,7,0,90,15,1,158975,AdultFemaleAgent(Clone),11,10,1.58,1.450001,0,0,False,3,0,0
2026-03-07_03.04.52,274,sign-optimization-horizontal-vertical_scenario,643,247,3,-9,7,0,90,15,1,158976,AdultMaleAgent(Clone),5,10,1.71,1.58,0,0,False,2,0,0
2026-03-07_03.04.52,274,sign-optimization-horizontal-vertical_scenario,643,247,3,-9,7,0,90,15,1,158977,WheelchairAgent(Clone),11,10,1.3,1.17,0,0,False,3,0,0
2026-03-07_03.04.52,274,sign-optimization-horizontal-vertical_scenario,643,247,3,-9,7,0,90,15,1,158978,AdultFemaleAgent(Clone),11,10,1.58,1.450001,0,0,False,3,0,0
2026-03-07_03.04.52,274,sign-optimization-horizontal-vertical_scenario,643,247,3,-9,7,0,90,15,1,158979,AdultFemaleAgent(Clone),6,12,1.58,1.45,0,0,False,2,0,0
2026-03-07_03.04.52,274,sign-optimization-horizontal-vertical_scenario,643,247,3,-9,7,0,90,15,1,158980,AdultFemaleAgent(Clone),6,12,1.58,1.45,0,0,False,2,0,0
2026-03-07_03.04.52,274,sign-optimization-horizontal-vertical_scenario,643,247,3,-9,7,0,90,15,1,158981,AdultMaleAgent(Clone),7,11,1.71,1.58,0,0,False,2,0,0
2026-03-07_03.04.52,274,sign-optimization-horizontal-vertical_scenario,643,247,3,-9,7,0,90,15,1,158982,AdultMaleAgent(Clone),5,10,1.71,1.58,0,0,False,2,0,0
2026-03-07_03.04.52,274,sign-optimization-horizontal-vertical_scenario,643,247,3,-9,7,0,90,15,1,158983,WheelchairAgent(Clone),7,11,1.3,1.17,0,0,False,2,0,0
2026-03-07_03.04.52,274,sign-optimization-horizontal-vertical_scenario,643,247,3,-9,7,0,90,15,1,158984,AdultMaleAgent(Clone),7,11,1.71,1.58,0,0,False,2,0,0
2026-03-07_03.04.52,274,sign-optimization-horizontal-vertical_scenario,643,247,3,-9,7,0,90,15,1,158985,AdultFemaleAgent(Clone),6,12,1.58,1.45,0,0,False,2,0,0
2026-03-07_03.04.52,274,sign-optimization-horizontal-vertical_scenario,643,247,3,-9,7,0,90,15,1,158986,WheelchairAgent(Clone),5,10,1.3,1.17,0,0,False,2,0,0
2026-03-07_03.04.52,274,sign-optimization-horizontal-vertical_scenario,643,247,3,-9,7,0,90,15,1,158987,WheelchairAgent(Clone),5,10,1.3,1.17,0,0,False,2,0,0
2026-03-07_03.04.52,274,sign-optimization-horizontal-vertical_scenario,643,247,3,-9,7,0,90,15,1,158988,WheelchairAgent(Clone),7,11,1.3,1.17,0,0,False,2,0,0
2026-03-07_03.04.52,274,sign-optimization-horizontal-vertical_scenario,643,247,3,-9,7,0,90,15,1,158989,WheelchairAgent(Clone),11,10,1.3,1.17,0,0,False,3,0,0
2026-03-07_03.04.52,274,sign-optimization-horizontal-vertical_scenario,643,247,3,-9,7,0,90,15,1,158990,WheelchairAgent(Clone),11,10,1.3,1.17,0,0,False,3,0,0
2026-03-07_03.04.52,274,sign-optimization-horizontal-vertical_scenario,643,247,3,-9,7,0,90,15,1,158991,AdultMaleAgent(Clone),5,10,1.71,1.58,0,0,False,2,0,0
2026-03-07_03.04.52,274,sign-optimization-horizontal-vertical_scenario,643,247,3,-9,7,0,90,15,1,158992,WheelchairAgent(Clone),5,10,1.3,1.17,0,0,False,2,0,0
2026-03-07_03.04.52,274,sign-optimization-horizontal-vertical_scenario,643,247,3,-9,7,0,90,15,1,158993,AdultMaleAgent(Clone),5,10,1.71,1.58,0,0,False,2,0,0
2026-03-07_03.04.52,274,sign-optimization-horizontal-vertical_scenario,643,247,3,-9,7,0,90,15,1,158994,WheelchairAgent(Clone),7,11,1.3,1.17,0,0,False,2,0,0
2026-03-07_03.04.52,274,sign-optimization-horizontal-vertical_scenario,643,247,3,-9,7,0,90,15,1,158995,AdultFemaleAgent(Clone),6,12,1.58,1.45,0,0,False,2,0,0
2026-03-07_03.04.52,274,sign-optimization-horizontal-vertical_scenario,643,247,3,-9,7,0,90,15,1,158996,AdultFemaleAgent(Clone),6,12,1.58,1.45,0,0,False,2,0,0
2026-03-07_03.04.52,274,sign-optimization-horizontal-vertical_scenario,643,247,3,-9,7,0,90,15,1,158997,AdultFemaleAgent(Clone),7,11,1.58,1.450001,0,0,False,2,0,0
2026-03-07_03.04.52,274,sign-optimization-horizontal-vertical_scenario,643,247,3,-9,7,0,90,15,1,158998,AdultMaleAgent(Clone),11,10,1.71,1.58,0,0,False,3,0,0
2026-03-07_03.04.52,274,sign-optimization-horizontal-vertical_scenario,643,247,3,-9,7,0,90,15,1,158999,WheelchairAgent(Clone),7,11,1.3,1.17,0,0,False,2,0,0
2026-03-07_03.04.52,274,sign-optimization-horizontal-vertical_scenario,643,247,3,-9,7,0,90,15,1,159000,AdultMaleAgent(Clone),5,10,1.71,1.58,0,0,False,2,0,0
2026-03-07_03.04.52,274,sign-optimization-horizontal-vertical_scenario,643,247,3,-9,7,0,90,15,1,159001,AdultMaleAgent(Clone),6,12,1.71,1.58,0,0,False,2,0,0
2026-03-07_03.04.52,274,sign-optimization-horizontal-vertical_scenario,643,247,3,-9,7,0,90,15,1,159002,WheelchairAgent(Clone),6,12,1.3,1.17,0,0,False,2,0,0
2026-03-07_03.04.52,274,sign-optimization-horizontal-vertical_scenario,643,247,3,-9,7,0,90,15,1,159003,AdultFemaleAgent(Clone),5,10,1.58,1.45,0,0,False,2,0,0
2026-03-07_03.04.52,274,sign-optimization-horizontal-vertical_scenario,643,247,3,-9,7,0,90,15,1,159004,AdultMaleAgent(Clone),7,11,1.71,1.58,0,0,False,2,0,0
2026-03-07_03.04.52,274,sign-optimization-horizontal-vertical_scenario,643,247,3,-9,7,0,90,15,1,159005,AdultFemaleAgent(Clone),11,10,1.58,1.450001,0,0,False,3,0,0
2026-03-07_03.04.52,274,sign-optimization-horizontal-vertical_scenario,643,247,3,-9,7,0,90,15,1,159006,WheelchairAgent(Clone),10,12,1.3,1.17,0,0,False,3,0,0
2026-03-07_03.04.52,274,sign-optimization-horizontal-vertical_scenario,643,247,3,-9,7,0,90,15,1,159007,AdultMaleAgent(Clone),5,10,1.71,1.58,0,0,False,2,0,0
2026-03-07_03.04.52,274,sign-optimization-horizontal-vertical_scenario,643,247,3,-9,7,0,90,15,1,159008,AdultMaleAgent(Clone),7,11,1.71,1.58,0,0,False,2,0,0
2026-03-07_03.04.52,274,sign-optimization-horizontal-vertical_scenario,643,247,3,-9,7,0,90,15,1,159009,AdultFemaleAgent(Clone),5,10,1.58,1.45,0,0,False,2,0,0
2026-03-07_03.04.52,274,sign-optimization-horizontal-vertical_scenario,643,247,3,-9,7,0,90,15,1,159010,AdultMaleAgent(Clone),7,11,1.71,1.58,0,0,False,2,0,0
2026-03-07_03.04.52,274,sign-optimization-horizontal-vertical_scenario,643,247,3,-9,7,0,90,15,1,159011,WheelchairAgent(Clone),11,10,1.3,1.17,0,0,False,3,0,0
2026-03-07_03.04.52,274,sign-optimization-horizontal-vertical_scenario,643,247,3,-9,7,0,90,15,1,159012,AdultMaleAgent(Clone),5,10,1.71,1.58,0,0,False,2,0,0
2026-03-07_03.04.52,274,sign-optimization-horizontal-vertical_scenario,643,247,3,-9,7,0,90,15,1,159013,WheelchairAgent(Clone),10,12,1.3,1.17,0,0,False,3,0,0
2026-03-07_03.04.52,274,sign-optimization-horizontal-vertical_scenario,643,247,3,-9,7,0,90,15,1,159014,AdultFemaleAgent(Clone),7,11,1.58,1.450001,0,0,False,2,0,0
2026-03-07_03.04.52,274,sign-optimization-horizontal-vertical_scenario,643,247,3,-9,7,0,90,15,1,159015,WheelchairAgent(Clone),6,12,1.3,1.17,0,0,False,2,0,0
2026-03-07_03.04.52,274,sign-optimization-horizontal-vertical_scenario,643,247,3,-9,7,0,90,15,1,159016,WheelchairAgent(Clone),5,10,1.3,1.17,0,0,False,2,0,0
2026-03-07_03.04.52,274,sign-optimization-horizontal-vertical_scenario,643,247,3,-9,7,0,90,15,1,159017,WheelchairAgent(Clone),11,10,1.3,1.17,0,0,False,3,0,0
2026-03-07_03.04.52,274,sign-optimization-horizontal-vertical_scenario,643,247,3,-9,7,0,90,15,1,159018,AdultFemaleAgent(Clone),6,12,1.58,1.45,0,0,False,2,0,0
2026-03-07_03.04.52,274,sign-optimization-horizontal-vertical_scenario,643,247,3,-9,7,0,90,15,1,159019,AdultMaleAgent(Clone),5,10,1.71,1.58,0,0,False,2,0,0
2026-03-07_03.04.52,274,sign-optimization-horizontal-vertical_scenario,643,247,3,-9,7,0,90,15,1,159020,WheelchairAgent(Clone),10,12,1.3,1.17,0,0,False,3,0,0
2026-03-07_03.04.52,274,sign-optimization-horizontal-vertical_scenario,643,247,3,-9,7,0,90,15,1,159021,AdultMaleAgent(Clone),7,11,1.71,1.58,0,0,False,2,0,0
