Timestamp,RunIndex,ScenarioID,TotalAgents,VisibleSignCount,SignHeight,SignPositionX,SignPositionZ,SignOrientation,VcaAngle,VcaDistance,SignComprehensionTime,AgentID,AgentType,StartNode,GoalNode,Height,EyeHeight,TimeInVCA,TimesInVCA,SawSign,TotalNodesNavigated,NodesWithDetection,RDEffective
2026-03-06_20.33.00,193,sign-optimization-horizontal-vertical_scenario,631,172,3,0,2,90,90,15,1,111197,WheelchairAgent(Clone),5,10,1.3,1.17,11.04883,1,True,2,1,0.5
2026-03-06_20.33.00,193,sign-optimization-horizontal-vertical_scenario,631,172,3,0,2,90,90,15,1,111198,AdultFemaleAgent(Clone),6,12,1.58,1.45,0,0,False,2,0,0
2026-03-06_20.33.00,193,sign-optimization-horizontal-vertical_scenario,631,172,3,0,2,90,90,15,1,111199,WheelchairAgent(Clone),10,12,1.3,1.17,3.574219,1,False,3,0,0
2026-03-06_20.33.00,193,sign-optimization-horizontal-vertical_scenario,631,172,3,0,2,90,90,15,1,111200,WheelchairAgent(Clone),7,11,1.3,1.17,1.125,2,False,2,0,0
2026-03-06_20.33.00,193,sign-optimization-horizontal-vertical_scenario,631,172,3,0,2,90,90,15,1,111201,WheelchairAgent(Clone),5,10,1.3,1.17,12.4082,1,True,2,1,0.5
2026-03-06_20.33.00,193,sign-optimization-horizontal-vertical_scenario,631,172,3,0,2,90,90,15,1,111202,AdultMaleAgent(Clone),7,11,1.71,1.58,4.166016,2,True,2,1,0.5
2026-03-06_20.33.00,193,sign-optimization-horizontal-vertical_scenario,631,172,3,0,2,90,90,15,1,111203,AdultMaleAgent(Clone),10,12,1.71,1.58,3.140625,1,False,3,0,0
2026-03-06_20.33.00,193,sign-optimization-horizontal-vertical_scenario,631,172,3,0,2,90,90,15,1,111204,AdultMaleAgent(Clone),6,12,1.71,1.58,2.961914,1,False,2,1,0.5
2026-03-06_20.33.00,193,sign-optimization-horizontal-vertical_scenario,631,172,3,0,2,90,90,15,1,111205,AdultMaleAgent(Clone),10,12,1.71,1.58,3.229492,1,False,3,0,0
2026-03-06_20.33.00,193,sign-optimization-horizontal-vertical_scenario,631,172,3,0,2,90,90,15,1,111206,AdultMaleAgent(Clone),7,11,1.71,1.58,1.995117,2,False,2,1,0.5
2026-03-06_20.33.00,193,sign-optimization-horizontal-vertical_scenario,631,172,3,0,2,90,90,15,1,111207,AdultMaleAgent(Clone),5,10,1.71,1.58,13.13574,1,True,2,1,0.5
2026-03-06_20.33.00,193,sign-optimization-horizontal-vertical_scenario,631,172,3,0,2,90,90,15,1,111208,WheelchairAgent(Clone),6,12,1.3,1.17,0,0,False,2,0,0
2026-03-06_20.33.00,193,sign-optimization-horizontal-vertical_scenario,631,172,3,0,2,90,90,15,1,111209,WheelchairAgent(Clone),6,12,1.3,1.17,0,0,False,2,0,0
2026-03-06_20.33.00,193,sign-optimization-horizontal-vertical_scenario,631,172,3,0,2,90,90,15,1,111210,WheelchairAgent(Clone),6,12,1.3,1.17,0,0,False,2,0,0
2026-03-06_20.33.00,193,sign-optimization-horizontal-vertical_scenario,631,172,3,0,2,90,90,15,1,111211,AdultMaleAgent(Clone),7,11,1.71,1.58,5.599609,2,True,2,1,0.5
2026-03-06_20.33.00,193,sign-optimization-horizontal-vertical_scenario,631,172,3,0,2,90,90,15,1,111212,AdultMaleAgent(Clone),7,11,1.71,1.58,2.314453,2,False,2,1,0.5
2026-03-06_20.33.00,193,sign-optimization-horizontal-vertical_scenario,631,172,3,0,2,90,90,15,1,111213,WheelchairAgent(Clone),6,12,1.3,1.17,0,0,False,2,0,0
2026-03-06_20.33.00,193,sign-optimization-horizontal-vertical_scenario,631,172,3,0,2,90,90,15,1,111214,WheelchairAgent(Clone),10,12,1.3,1.17,3.660156,1,False,3,0,0
2026-03-06_20.33.00,193,sign-optimization-horizontal-vertical_scenario,631,172,3,0,2,90,90,15,1,111215,WheelchairAgent(Clone),11,10,1.3,1.17,11.44824,1,True,3,2,0.6666667
2026-03-06_20.33.00,193,sign-optimization-horizontal-vertical_scenario,631,172,3,0,2,90,90,15,1,111216,AdultFemaleAgent(Clone),6,12,1.58,1.45,0,0,False,2,0,0
2026-03-06_20.33.00,193,sign-optimization-horizontal-vertical_scenario,631,172,3,0,2,90,90,15,1,111217,AdultMaleAgent(Clone),6,12,1.71,1.58,1.441406,1,False,2,0,0
2026-03-06_20.33.00,193,sign-optimization-horizontal-vertical_scenario,631,172,3,0,2,90,90,15,1,111218,AdultFemaleAgent(Clone),5,10,1.58,1.45,12.70215,1,True,2,1,0.5
2026-03-06_20.33.00,193,sign-optimization-horizontal-vertical_scenario,631,172,3,0,2,90,90,15,1,111219,AdultFemaleAgent(Clone),10,12,1.58,1.45,6.47168,1,False,3,1,0.3333333
2026-03-06_20.33.00,193,sign-optimization-horizontal-vertical_scenario,631,172,3,0,2,90,90,15,1,111220,AdultFemaleAgent(Clone),10,12,1.58,1.45,3.473633,1,False,3,0,0
2026-03-06_20.33.00,193,sign-optimization-horizontal-vertical_scenario,631,172,3,0,2,90,90,15,1,111221,WheelchairAgent(Clone),10,12,1.3,1.17,3.456055,1,False,3,0,0
2026-03-06_20.33.00,193,sign-optimization-horizontal-vertical_scenario,631,172,3,0,2,90,90,15,1,111222,AdultFemaleAgent(Clone),5,10,1.58,1.45,13.07031,1,True,2,1,0.5
2026-03-06_20.33.00,193,sign-optimization-horizontal-vertical_scenario,631,172,3,0,2,90,90,15,1,111223,AdultMaleAgent(Clone),11,10,1.71,1.58,12.76465,1,True,3,2,0.6666667
2026-03-06_20.33.00,193,sign-optimization-horizontal-vertical_scenario,631,172,3,0,2,90,90,15,1,111224,AdultMaleAgent(Clone),5,10,1.71,1.58,12.70508,1,True,2,1,0.5
2026-03-06_20.33.00,193,sign-optimization-horizontal-vertical_scenario,631,172,3,0,2,90,90,15,1,111225,AdultMaleAgent(Clone),11,10,1.71,1.58,8.118164,2,True,3,2,0.6666667
2026-03-06_20.33.00,193,sign-optimization-horizontal-vertical_scenario,631,172,3,0,2,90,90,15,1,111226,AdultMaleAgent(Clone),10,12,1.71,1.58,5.717773,1,False,3,1,0.3333333
2026-03-06_20.33.00,193,sign-optimization-horizontal-vertical_scenario,631,172,3,0,2,90,90,15,1,111227,AdultFemaleAgent(Clone),7,11,1.58,1.450001,0.06152344,2,False,2,0,0
2026-03-06_20.33.00,193,sign-optimization-horizontal-vertical_scenario,631,172,3,0,2,90,90,15,1,111228,AdultMaleAgent(Clone),11,10,1.71,1.58,7.373047,2,True,3,2,0.6666667
2026-03-06_20.33.00,193,sign-optimization-horizontal-vertical_scenario,631,172,3,0,2,90,90,15,1,111229,WheelchairAgent(Clone),10,12,1.3,1.17,2.555664,1,False,3,0,0
2026-03-06_20.33.00,193,sign-optimization-horizontal-vertical_scenario,631,172,3,0,2,90,90,15,1,111230,AdultFemaleAgent(Clone),6,12,1.58,1.45,1.595703,1,False,2,0,0
2026-03-06_20.33.00,193,sign-optimization-horizontal-vertical_scenario,631,172,3,0,2,90,90,15,1,111231,AdultMaleAgent(Clone),11,10,1.71,1.58,8.706055,2,True,3,2,0.6666667
2026-03-06_20.33.00,193,sign-optimization-horizontal-vertical_scenario,631,172,3,0,2,90,90,15,1,111232,WheelchairAgent(Clone),5,10,1.3,1.17,14.6416,1,True,2,1,0.5
2026-03-06_20.33.00,193,sign-optimization-horizontal-vertical_scenario,631,172,3,0,2,90,90,15,1,111233,WheelchairAgent(Clone),6,12,1.3,1.17,3.757813,1,False,2,0,0
2026-03-06_20.33.00,193,sign-optimization-horizontal-vertical_scenario,631,172,3,0,2,90,90,15,1,111234,WheelchairAgent(Clone),10,12,1.3,1.17,2.99707,1,False,3,0,0
2026-03-06_20.33.00,193,sign-optimization-horizontal-vertical_scenario,631,172,3,0,2,90,90,15,1,111235,AdultMaleAgent(Clone),11,10,1.71,1.58,7.063477,2,True,3,2,0.6666667
2026-03-06_20.33.00,193,sign-optimization-horizontal-vertical_scenario,631,172,3,0,2,90,90,15,1,111236,AdultFemaleAgent(Clone),6,12,1.58,1.45,5.811523,1,False,2,1,0.5
2026-03-06_20.33.00,193,sign-optimization-horizontal-vertical_scenario,631,172,3,0,2,90,90,15,1,111237,WheelchairAgent(Clone),11,10,1.3,1.17,7.310547,2,True,3,2,0.6666667
2026-03-06_20.33.00,193,sign-optimization-horizontal-vertical_scenario,631,172,3,0,2,90,90,15,1,111238,WheelchairAgent(Clone),7,11,1.3,1.17,0.1240234,2,False,2,0,0
2026-03-06_20.33.00,193,sign-optimization-horizontal-vertical_scenario,631,172,3,0,2,90,90,15,1,111239,AdultFemaleAgent(Clone),6,12,1.58,1.45,5.756836,1,False,2,1,0.5
2026-03-06_20.33.00,193,sign-optimization-horizontal-vertical_scenario,631,172,3,0,2,90,90,15,1,111240,AdultFemaleAgent(Clone),10,12,1.58,1.45,5.951172,1,False,3,0,0
2026-03-06_20.33.00,193,sign-optimization-horizontal-vertical_scenario,631,172,3,0,2,90,90,15,1,111241,AdultFemaleAgent(Clone),6,12,1.58,1.45,0.2705078,1,False,2,0,0
2026-03-06_20.33.00,193,sign-optimization-horizontal-vertical_scenario,631,172,3,0,2,90,90,15,1,111242,AdultFemaleAgent(Clone),7,11,1.58,1.450001,0.6611328,2,False,2,0,0
2026-03-06_20.33.00,193,sign-optimization-horizontal-vertical_scenario,631,172,3,0,2,90,90,15,1,111243,AdultFemaleAgent(Clone),7,11,1.58,1.450001,2.705078,2,False,2,1,0.5
2026-03-06_20.33.00,193,sign-optimization-horizontal-vertical_scenario,631,172,3,0,2,90,90,15,1,111244,WheelchairAgent(Clone),7,11,1.3,1.17,1.069336,1,False,2,0,0
2026-03-06_20.33.00,193,sign-optimization-horizontal-vertical_scenario,631,172,3,0,2,90,90,15,1,111245,WheelchairAgent(Clone),6,12,1.3,1.17,3.067383,1,False,2,0,0
2026-03-06_20.33.00,193,sign-optimization-horizontal-vertical_scenario,631,172,3,0,2,90,90,15,1,111246,AdultFemaleAgent(Clone),10,12,1.58,1.45,23.92383,1,True,3,1,0.3333333
2026-03-06_20.33.00,193,sign-optimization-horizontal-vertical_scenario,631,172,3,0,2,90,90,15,1,111247,AdultMaleAgent(Clone),7,11,1.71,1.58,0.9453125,2,False,2,1,0.5
2026-03-06_20.33.00,193,sign-optimization-horizontal-vertical_scenario,631,172,3,0,2,90,90,15,1,111248,AdultMaleAgent(Clone),6,12,1.71,1.58,3.492188,1,False,2,1,0.5
2026-03-06_20.33.00,193,sign-optimization-horizontal-vertical_scenario,631,172,3,0,2,90,90,15,1,111249,AdultMaleAgent(Clone),10,12,1.71,1.58,7.704102,1,False,3,0,0
2026-03-06_20.33.00,193,sign-optimization-horizontal-vertical_scenario,631,172,3,0,2,90,90,15,1,111250,WheelchairAgent(Clone),6,12,1.3,1.17,5.145508,1,False,2,1,0.5
2026-03-06_20.33.00,193,sign-optimization-horizontal-vertical_scenario,631,172,3,0,2,90,90,15,1,111251,AdultFemaleAgent(Clone),7,11,1.58,1.450001,0.5371094,2,False,2,0,0
2026-03-06_20.33.00,193,sign-optimization-horizontal-vertical_scenario,631,172,3,0,2,90,90,15,1,111252,WheelchairAgent(Clone),5,10,1.3,1.17,12.06934,1,True,2,1,0.5
2026-03-06_20.33.00,193,sign-optimization-horizontal-vertical_scenario,631,172,3,0,2,90,90,15,1,111253,WheelchairAgent(Clone),10,12,1.3,1.17,4.96582,1,False,3,0,0
2026-03-06_20.33.00,193,sign-optimization-horizontal-vertical_scenario,631,172,3,0,2,90,90,15,1,111254,WheelchairAgent(Clone),11,10,1.3,1.17,11.42773,1,True,3,2,0.6666667
2026-03-06_20.33.00,193,sign-optimization-horizontal-vertical_scenario,631,172,3,0,2,90,90,15,1,111255,WheelchairAgent(Clone),6,12,1.3,1.17,4.289063,1,False,2,0,0
2026-03-06_20.33.00,193,sign-optimization-horizontal-vertical_scenario,631,172,3,0,2,90,90,15,1,111256,AdultMaleAgent(Clone),7,11,1.71,1.58,3.470703,2,True,2,1,0.5
2026-03-06_20.33.00,193,sign-optimization-horizontal-vertical_scenario,631,172,3,0,2,90,90,15,1,111257,WheelchairAgent(Clone),6,12,1.3,1.17,4.160156,1,False,2,0,0
2026-03-06_20.33.00,193,sign-optimization-horizontal-vertical_scenario,631,172,3,0,2,90,90,15,1,111258,WheelchairAgent(Clone),10,12,1.3,1.17,6.677734,1,False,3,0,0
2026-03-06_20.33.00,193,sign-optimization-horizontal-vertical_scenario,631,172,3,0,2,90,90,15,1,111259,WheelchairAgent(Clone),5,10,1.3,1.17,13.64844,1,True,2,1,0.5
2026-03-06_20.33.00,193,sign-optimization-horizontal-vertical_scenario,631,172,3,0,2,90,90,15,1,111260,AdultFemaleAgent(Clone),6,12,1.58,1.45,5.867188,1,False,2,1,0.5
2026-03-06_20.33.00,193,sign-optimization-horizontal-vertical_scenario,631,172,3,0,2,90,90,15,1,111261,WheelchairAgent(Clone),5,10,1.3,1.17,13.93066,1,True,2,1,0.5
2026-03-06_20.33.00,193,sign-optimization-horizontal-vertical_scenario,631,172,3,0,2,90,90,15,1,111262,AdultFemaleAgent(Clone),7,11,1.58,1.450001,2.259766,1,False,2,0,0
2026-03-06_20.33.00,193,sign-optimization-horizontal-vertical_scenario,631,172,3,0,2,90,90,15,1,111263,AdultFemaleAgent(Clone),6,12,1.58,1.45,0,0,False,2,0,0
2026-03-06_20.33.00,193,sign-optimization-horizontal-vertical_scenario,631,172,3,0,2,90,90,15,1,111264,AdultFemaleAgent(Clone),11,10,1.58,1.450001,10.08887,2,True,3,2,0.6666667
2026-03-06_20.33.00,193,sign-optimization-horizontal-vertical_scenario,631,172,3,0,2,90,90,15,1,111265,AdultMaleAgent(Clone),10,12,1.71,1.58,4.669922,1,False,3,0,0
2026-03-06_20.33.00,193,sign-optimization-horizontal-vertical_scenario,631,172,3,0,2,90,90,15,1,111266,AdultFemaleAgent(Clone),7,11,1.58,1.450001,0.04199219,2,False,2,1,0.5
2026-03-06_20.33.00,193,sign-optimization-horizontal-vertical_scenario,631,172,3,0,2,90,90,15,1,111267,AdultMaleAgent(Clone),5,10,1.71,1.58,13.28613,1,True,2,1,0.5
2026-03-06_20.33.00,193,sign-optimization-horizontal-vertical_scenario,631,172,3,0,2,90,90,15,1,111268,AdultFemaleAgent(Clone),6,12,1.58,1.45,0,0,False,2,0,0
2026-03-06_20.33.00,193,sign-optimization-horizontal-vertical_scenario,631,172,3,0,2,90,90,15,1,111269,WheelchairAgent(Clone),10,12,1.3,1.17,4.069336,1,False,3,0,0
2026-03-06_20.33.00,193,sign-optimization-horizontal-vertical_scenario,631,172,3,0,2,90,90,15,1,111270,WheelchairAgent(Clone),5,10,1.3,1.17,11.91992,1,True,2,1,0.5
2026-03-06_20.33.00,193,sign-optimization-horizontal-vertical_scenario,631,172,3,0,2,90,90,15,1,111271,AdultMaleAgent(Clone),5,10,1.71,1.58,12.34082,1,True,2,1,0.5
2026-03-06_20.33.00,193,sign-optimization-horizontal-vertical_scenario,631,172,3,0,2,90,90,15,1,111272,AdultFemaleAgent(Clone),7,11,1.58,1.450001,0.7197266,1,False,2,1,0.5
2026-03-06_20.33.00,193,sign-optimization-horizontal-vertical_scenario,631,172,3,0,2,90,90,15,1,111273,AdultFemaleAgent(Clone),11,10,1.58,1.450001,10.4834,1,True,3,2,0.6666667
2026-03-06_20.33.00,193,sign-optimization-horizontal-vertical_scenario,631,172,3,0,2,90,90,15,1,111274,AdultFemaleAgent(Clone),6,12,1.58,1.45,0,0,False,2,0,0
2026-03-06_20.33.00,193,sign-optimization-horizontal-vertical_scenario,631,172,3,0,2,90,90,15,1,111275,AdultFemaleAgent(Clone),5,10,1.58,1.45,14.57129,1,False,2,1,0.5
2026-03-06_20.33.00,193,sign-optimization-horizontal-vertical_scenario,631,172,3,0,2,90,90,15,1,111276,AdultMaleAgent(Clone),10,12,1.71,1.58,3.544922,1,False,3,0,0
2026-03-06_20.33.00,193,sign-optimization-horizontal-vertical_scenario,631,172,3,0,2,90,90,15,1,111277,WheelchairAgent(Clone),6,12,1.3,1.17,4.826172,1,False,2,1,0.5
2026-03-06_20.33.00,193,sign-optimization-horizontal-vertical_scenario,631,172,3,0,2,90,90,15,1,111278,AdultFemaleAgent(Clone),6,12,1.58,1.45,1.604492,1,False,2,1,0.5
2026-03-06_20.33.00,193,sign-optimization-horizontal-vertical_scenario,631,172,3,0,2,90,90,15,1,111279,AdultMaleAgent(Clone),7,11,1.71,1.58,2.150391,2,False,2,1,0.5
2026-03-06_20.33.00,193,sign-optimization-horizontal-vertical_scenario,631,172,3,0,2,90,90,15,1,111280,AdultMaleAgent(Clone),5,10,1.71,1.58,13.50391,1,True,2,1,0.5
2026-03-06_20.33.00,193,sign-optimization-horizontal-vertical_scenario,631,172,3,0,2,90,90,15,1,111281,WheelchairAgent(Clone),7,11,1.3,1.17,1.172852,1,False,2,0,0
2026-03-06_20.33.00,193,sign-optimization-horizontal-vertical_scenario,631,172,3,0,2,90,90,15,1,111282,AdultMaleAgent(Clone),10,12,1.71,1.58,3.712891,1,False,3,0,0
2026-03-06_20.33.00,193,sign-optimization-horizontal-vertical_scenario,631,172,3,0,2,90,90,15,1,111283,AdultFemaleAgent(Clone),6,12,1.58,1.45,0,0,False,2,0,0
2026-03-06_20.33.00,193,sign-optimization-horizontal-vertical_scenario,631,172,3,0,2,90,90,15,1,111284,AdultFemaleAgent(Clone),7,11,1.58,1.450001,4.954102,2,True,2,1,0.5
2026-03-06_20.33.00,193,sign-optimization-horizontal-vertical_scenario,631,172,3,0,2,90,90,15,1,111285,AdultFemaleAgent(Clone),7,11,1.58,1.450001,3.879883,2,True,2,1,0.5
2026-03-06_20.33.00,193,sign-optimization-horizontal-vertical_scenario,631,172,3,0,2,90,90,15,1,111286,WheelchairAgent(Clone),7,11,1.3,1.17,2.330078,2,False,2,1,0.5
2026-03-06_20.33.00,193,sign-optimization-horizontal-vertical_scenario,631,172,3,0,2,90,90,15,1,111287,AdultFemaleAgent(Clone),5,10,1.58,1.45,13.13184,1,False,2,1,0.5
2026-03-06_20.33.00,193,sign-optimization-horizontal-vertical_scenario,631,172,3,0,2,90,90,15,1,111288,AdultMaleAgent(Clone),6,12,1.71,1.58,0,0,False,2,0,0
2026-03-06_20.33.00,193,sign-optimization-horizontal-vertical_scenario,631,172,3,0,2,90,90,15,1,111289,AdultMaleAgent(Clone),5,10,1.71,1.58,11.93164,1,True,2,1,0.5
2026-03-06_20.33.00,193,sign-optimization-horizontal-vertical_scenario,631,172,3,0,2,90,90,15,1,111290,AdultMaleAgent(Clone),6,12,1.71,1.58,1.188477,1,False,2,0,0
2026-03-06_20.33.00,193,sign-optimization-horizontal-vertical_scenario,631,172,3,0,2,90,90,15,1,111291,AdultMaleAgent(Clone),6,12,1.71,1.58,0,0,False,2,0,0
2026-03-06_20.33.00,193,sign-optimization-horizontal-vertical_scenario,631,172,3,0,2,90,90,15,1,111292,AdultMaleAgent(Clone),7,11,1.71,1.58,6.824219,2,True,2,1,0.5
2026-03-06_20.33.00,193,sign-optimization-horizontal-vertical_scenario,631,172,3,0,2,90,90,15,1,111293,WheelchairAgent(Clone),7,11,1.3,1.17,4.71875,2,False,2,1,0.5
2026-03-06_20.33.00,193,sign-optimization-horizontal-vertical_scenario,631,172,3,0,2,90,90,15,1,111294,WheelchairAgent(Clone),7,11,1.3,1.17,4.217773,2,True,2,1,0.5
2026-03-06_20.33.00,193,sign-optimization-horizontal-vertical_scenario,631,172,3,0,2,90,90,15,1,111295,WheelchairAgent(Clone),5,10,1.3,1.17,12.77246,1,False,2,1,0.5
2026-03-06_20.33.00,193,sign-optimization-horizontal-vertical_scenario,631,172,3,0,2,90,90,15,1,111296,WheelchairAgent(Clone),7,11,1.3,1.17,4.507813,2,True,2,1,0.5
2026-03-06_20.33.00,193,sign-optimization-horizontal-vertical_scenario,631,172,3,0,2,90,90,15,1,111297,AdultFemaleAgent(Clone),10,12,1.58,1.45,3.52832,1,False,3,0,0
2026-03-06_20.33.00,193,sign-optimization-horizontal-vertical_scenario,631,172,3,0,2,90,90,15,1,111298,WheelchairAgent(Clone),6,12,1.3,1.17,0,0,False,2,0,0
2026-03-06_20.33.00,193,sign-optimization-horizontal-vertical_scenario,631,172,3,0,2,90,90,15,1,111299,AdultMaleAgent(Clone),10,12,1.71,1.58,3.338867,1,False,3,0,0
2026-03-06_20.33.00,193,sign-optimization-horizontal-vertical_scenario,631,172,3,0,2,90,90,15,1,111300,AdultMaleAgent(Clone),5,10,1.71,1.58,12.72461,1,False,2,1,0.5
2026-03-06_20.33.00,193,sign-optimization-horizontal-vertical_scenario,631,172,3,0,2,90,90,15,1,111301,AdultMaleAgent(Clone),7,11,1.71,1.58,0.2871094,2,False,2,0,0
2026-03-06_20.33.00,193,sign-optimization-horizontal-vertical_scenario,631,172,3,0,2,90,90,15,1,111302,WheelchairAgent(Clone),7,11,1.3,1.17,0.953125,2,False,2,0,0
2026-03-06_20.33.00,193,sign-optimization-horizontal-vertical_scenario,631,172,3,0,2,90,90,15,1,111303,WheelchairAgent(Clone),11,10,1.3,1.17,11.32129,1,True,3,2,0.6666667
2026-03-06_20.33.00,193,sign-optimization-horizontal-vertical_scenario,631,172,3,0,2,90,90,15,1,111304,AdultFemaleAgent(Clone),7,11,1.58,1.450001,6.291016,2,True,2,1,0.5
2026-03-06_20.33.00,193,sign-optimization-horizontal-vertical_scenario,631,172,3,0,2,90,90,15,1,111305,AdultMaleAgent(Clone),7,11,1.71,1.58,1.913086,2,True,2,1,0.5
2026-03-06_20.33.00,193,sign-optimization-horizontal-vertical_scenario,631,172,3,0,2,90,90,15,1,111306,WheelchairAgent(Clone),5,10,1.3,1.17,13.9502,1,False,2,1,0.5
2026-03-06_20.33.00,193,sign-optimization-horizontal-vertical_scenario,631,172,3,0,2,90,90,15,1,111307,WheelchairAgent(Clone),5,10,1.3,1.17,12.41797,1,False,2,1,0.5
2026-03-06_20.33.00,193,sign-optimization-horizontal-vertical_scenario,631,172,3,0,2,90,90,15,1,111308,WheelchairAgent(Clone),6,12,1.3,1.17,0,0,False,2,0,0
2026-03-06_20.33.00,193,sign-optimization-horizontal-vertical_scenario,631,172,3,0,2,90,90,15,1,111309,AdultMaleAgent(Clone),10,12,1.71,1.58,4.046875,1,False,3,0,0
2026-03-06_20.33.00,193,sign-optimization-horizontal-vertical_scenario,631,172,3,0,2,90,90,15,1,111310,AdultFemaleAgent(Clone),5,10,1.58,1.45,11.40918,1,False,2,1,0.5
2026-03-06_20.33.00,193,sign-optimization-horizontal-vertical_scenario,631,172,3,0,2,90,90,15,1,111311,WheelchairAgent(Clone),5,10,1.3,1.17,12.90137,1,False,2,1,0.5
2026-03-06_20.33.00,193,sign-optimization-horizontal-vertical_scenario,631,172,3,0,2,90,90,15,1,111312,AdultFemaleAgent(Clone),7,11,1.58,1.450001,1.178711,2,False,2,1,0.5
2026-03-06_20.33.00,193,sign-optimization-horizontal-vertical_scenario,631,172,3,0,2,90,90,15,1,111313,AdultMaleAgent(Clone),5,10,1.71,1.58,11.88965,1,True,2,1,0.5
2026-03-06_20.33.00,193,sign-optimization-horizontal-vertical_scenario,631,172,3,0,2,90,90,15,1,111314,AdultMaleAgent(Clone),7,11,1.71,1.58,2.617188,2,True,2,1,0.5
2026-03-06_20.33.00,193,sign-optimization-horizontal-vertical_scenario,631,172,3,0,2,90,90,15,1,111315,WheelchairAgent(Clone),10,12,1.3,1.17,6.65332,1,False,3,1,0.3333333
2026-03-06_20.33.00,193,sign-optimization-horizontal-vertical_scenario,631,172,3,0,2,90,90,15,1,111316,AdultFemaleAgent(Clone),6,12,1.58,1.45,0,0,False,2,0,0
2026-03-06_20.33.00,193,sign-optimization-horizontal-vertical_scenario,631,172,3,0,2,90,90,15,1,111317,WheelchairAgent(Clone),6,12,1.3,1.17,1.095703,1,False,2,0,0
2026-03-06_20.33.00,193,sign-optimization-horizontal-vertical_scenario,631,172,3,0,2,90,90,15,1,111318,AdultFemaleAgent(Clone),7,11,1.58,1.450001,4.117188,2,True,2,1,0.5
2026-03-06_20.33.00,193,sign-optimization-horizontal-vertical_scenario,631,172,3,0,2,90,90,15,1,111319,AdultFemaleAgent(Clone),7,11,1.58,1.450001,2.370117,2,True,2,1,0.5
2026-03-06_20.33.00,193,sign-optimization-horizontal-vertical_scenario,631,172,3,0,2,90,90,15,1,111320,WheelchairAgent(Clone),5,10,1.3,1.17,13.38965,1,True,2,1,0.5
2026-03-06_20.33.00,193,sign-optimization-horizontal-vertical_scenario,631,172,3,0,2,90,90,15,1,111321,WheelchairAgent(Clone),6,12,1.3,1.17,0,0,False,2,0,0
2026-03-06_20.33.00,193,sign-optimization-horizontal-vertical_scenario,631,172,3,0,2,90,90,15,1,111322,AdultMaleAgent(Clone),6,12,1.71,1.58,0,0,False,2,0,0
2026-03-06_20.33.00,193,sign-optimization-horizontal-vertical_scenario,631,172,3,0,2,90,90,15,1,111323,AdultMaleAgent(Clone),10,12,1.71,1.58,8.963867,1,False,3,0,0
2026-03-06_20.33.00,193,sign-optimization-horizontal-vertical_scenario,631,172,3,0,2,90,90,15,1,111324,AdultMaleAgent(Clone),10,12,1.71,1.58,3.460938,1,False,3,0,0
2026-03-06_20.33.00,193,sign-optimization-horizontal-vertical_scenario,631,172,3,0,2,90,90,15,1,111325,AdultMaleAgent(Clone),5,10,1.71,1.58,12.65918,1,True,2,1,0.5
2026-03-06_20.33.00,193,sign-optimization-horizontal-vertical_scenario,631,172,3,0,2,90,90,15,1,111326,AdultFemaleAgent(Clone),10,12,1.58,1.45,5.033203,1,False,3,0,0
2026-03-06_20.33.00,193,sign-optimization-horizontal-vertical_scenario,631,172,3,0,2,90,90,15,1,111327,WheelchairAgent(Clone),10,12,1.3,1.17,2.650391,1,False,3,0,0
2026-03-06_20.33.00,193,sign-optimization-horizontal-vertical_scenario,631,172,3,0,2,90,90,15,1,111328,WheelchairAgent(Clone),10,12,1.3,1.17,4.262695,1,False,3,0,0
2026-03-06_20.33.00,193,sign-optimization-horizontal-vertical_scenario,631,172,3,0,2,90,90,15,1,111329,AdultMaleAgent(Clone),11,10,1.71,1.58,11.00977,1,True,3,2,0.6666667
2026-03-06_20.33.00,193,sign-optimization-horizontal-vertical_scenario,631,172,3,0,2,90,90,15,1,111330,WheelchairAgent(Clone),6,12,1.3,1.17,0.9257813,1,False,2,0,0
2026-03-06_20.33.00,193,sign-optimization-horizontal-vertical_scenario,631,172,3,0,2,90,90,15,1,111331,AdultFemaleAgent(Clone),7,11,1.58,1.450001,1.160156,1,False,2,0,0
2026-03-06_20.33.00,193,sign-optimization-horizontal-vertical_scenario,631,172,3,0,2,90,90,15,1,111332,AdultFemaleAgent(Clone),5,10,1.58,1.45,14.39355,1,True,2,1,0.5
2026-03-06_20.33.00,193,sign-optimization-horizontal-vertical_scenario,631,172,3,0,2,90,90,15,1,111333,AdultFemaleAgent(Clone),10,12,1.58,1.45,4.794922,1,False,3,0,0
2026-03-06_20.33.00,193,sign-optimization-horizontal-vertical_scenario,631,172,3,0,2,90,90,15,1,111334,WheelchairAgent(Clone),10,12,1.3,1.17,4.3125,1,False,3,0,0
2026-03-06_20.33.00,193,sign-optimization-horizontal-vertical_scenario,631,172,3,0,2,90,90,15,1,111335,AdultMaleAgent(Clone),6,12,1.71,1.58,3.22168,1,False,2,1,0.5
2026-03-06_20.33.00,193,sign-optimization-horizontal-vertical_scenario,631,172,3,0,2,90,90,15,1,111336,AdultMaleAgent(Clone),6,12,1.71,1.58,3.041992,1,False,2,1,0.5
2026-03-06_20.33.00,193,sign-optimization-horizontal-vertical_scenario,631,172,3,0,2,90,90,15,1,111337,WheelchairAgent(Clone),11,10,1.3,1.17,13.52051,1,True,3,1,0.3333333
2026-03-06_20.33.00,193,sign-optimization-horizontal-vertical_scenario,631,172,3,0,2,90,90,15,1,111338,AdultFemaleAgent(Clone),10,12,1.58,1.45,5.878906,1,False,3,0,0
2026-03-06_20.33.00,193,sign-optimization-horizontal-vertical_scenario,631,172,3,0,2,90,90,15,1,111339,AdultMaleAgent(Clone),6,12,1.71,1.58,2.262695,1,False,2,1,0.5
2026-03-06_20.33.00,193,sign-optimization-horizontal-vertical_scenario,631,172,3,0,2,90,90,15,1,111340,WheelchairAgent(Clone),11,10,1.3,1.17,10.38281,1,True,3,2,0.6666667
2026-03-06_20.33.00,193,sign-optimization-horizontal-vertical_scenario,631,172,3,0,2,90,90,15,1,111341,WheelchairAgent(Clone),11,10,1.3,1.17,11.01367,1,True,3,2,0.6666667
2026-03-06_20.33.00,193,sign-optimization-horizontal-vertical_scenario,631,172,3,0,2,90,90,15,1,111342,AdultMaleAgent(Clone),6,12,1.71,1.58,4.285156,1,False,2,1,0.5
2026-03-06_20.33.00,193,sign-optimization-horizontal-vertical_scenario,631,172,3,0,2,90,90,15,1,111343,WheelchairAgent(Clone),11,10,1.3,1.17,11.5293,1,True,3,2,0.6666667
2026-03-06_20.33.00,193,sign-optimization-horizontal-vertical_scenario,631,172,3,0,2,90,90,15,1,111344,AdultFemaleAgent(Clone),10,12,1.58,1.45,4.166016,1,False,3,0,0
2026-03-06_20.33.00,193,sign-optimization-horizontal-vertical_scenario,631,172,3,0,2,90,90,15,1,111345,AdultFemaleAgent(Clone),7,11,1.58,1.450001,2.669922,2,True,2,1,0.5
2026-03-06_20.33.00,193,sign-optimization-horizontal-vertical_scenario,631,172,3,0,2,90,90,15,1,111346,AdultFemaleAgent(Clone),7,11,1.58,1.450001,0.6542969,2,False,2,0,0
2026-03-06_20.33.00,193,sign-optimization-horizontal-vertical_scenario,631,172,3,0,2,90,90,15,1,111347,WheelchairAgent(Clone),5,10,1.3,1.17,12.12305,1,True,2,1,0.5
2026-03-06_20.33.00,193,sign-optimization-horizontal-vertical_scenario,631,172,3,0,2,90,90,15,1,111348,AdultFemaleAgent(Clone),10,12,1.58,1.45,3.977539,1,False,3,0,0
2026-03-06_20.33.00,193,sign-optimization-horizontal-vertical_scenario,631,172,3,0,2,90,90,15,1,111349,AdultFemaleAgent(Clone),7,11,1.58,1.450001,0.6816406,2,False,2,1,0.5
2026-03-06_20.33.00,193,sign-optimization-horizontal-vertical_scenario,631,172,3,0,2,90,90,15,1,111350,WheelchairAgent(Clone),5,10,1.3,1.17,13.49707,1,True,2,1,0.5
2026-03-06_20.33.00,193,sign-optimization-horizontal-vertical_scenario,631,172,3,0,2,90,90,15,1,111351,WheelchairAgent(Clone),5,10,1.3,1.17,12.49219,1,False,2,0,0
2026-03-06_20.33.00,193,sign-optimization-horizontal-vertical_scenario,631,172,3,0,2,90,90,15,1,111352,WheelchairAgent(Clone),11,10,1.3,1.17,10.13281,1,True,3,2,0.6666667
2026-03-06_20.33.00,193,sign-optimization-horizontal-vertical_scenario,631,172,3,0,2,90,90,15,1,111353,WheelchairAgent(Clone),7,11,1.3,1.17,0.7333984,2,False,2,0,0
2026-03-06_20.33.00,193,sign-optimization-horizontal-vertical_scenario,631,172,3,0,2,90,90,15,1,111354,WheelchairAgent(Clone),10,12,1.3,1.17,5.161133,1,False,3,0,0
2026-03-06_20.33.00,193,sign-optimization-horizontal-vertical_scenario,631,172,3,0,2,90,90,15,1,111355,AdultFemaleAgent(Clone),10,12,1.58,1.45,4.910156,1,False,3,0,0
2026-03-06_20.33.00,193,sign-optimization-horizontal-vertical_scenario,631,172,3,0,2,90,90,15,1,111356,AdultFemaleAgent(Clone),10,12,1.58,1.45,6.643555,1,False,3,0,0
2026-03-06_20.33.00,193,sign-optimization-horizontal-vertical_scenario,631,172,3,0,2,90,90,15,1,111357,AdultFemaleAgent(Clone),5,10,1.58,1.45,13.40234,1,True,2,1,0.5
2026-03-06_20.33.00,193,sign-optimization-horizontal-vertical_scenario,631,172,3,0,2,90,90,15,1,111358,WheelchairAgent(Clone),10,12,1.3,1.17,5.610352,1,False,3,0,0
2026-03-06_20.33.00,193,sign-optimization-horizontal-vertical_scenario,631,172,3,0,2,90,90,15,1,111359,AdultMaleAgent(Clone),6,12,1.71,1.58,5.65332,1,False,2,1,0.5
2026-03-06_20.33.00,193,sign-optimization-horizontal-vertical_scenario,631,172,3,0,2,90,90,15,1,111360,WheelchairAgent(Clone),10,12,1.3,1.17,3.217773,1,False,3,0,0
2026-03-06_20.33.00,193,sign-optimization-horizontal-vertical_scenario,631,172,3,0,2,90,90,15,1,111361,AdultMaleAgent(Clone),5,10,1.71,1.58,14.2207,1,True,2,1,0.5
2026-03-06_20.33.00,193,sign-optimization-horizontal-vertical_scenario,631,172,3,0,2,90,90,15,1,111362,WheelchairAgent(Clone),10,12,1.3,1.17,3.453125,1,False,3,0,0
2026-03-06_20.33.00,193,sign-optimization-horizontal-vertical_scenario,631,172,3,0,2,90,90,15,1,111363,AdultFemaleAgent(Clone),5,10,1.58,1.45,12.05371,1,True,2,1,0.5
2026-03-06_20.33.00,193,sign-optimization-horizontal-vertical_scenario,631,172,3,0,2,90,90,15,1,111364,WheelchairAgent(Clone),6,12,1.3,1.17,5.000977,1,False,2,1,0.5
2026-03-06_20.33.00,193,sign-optimization-horizontal-vertical_scenario,631,172,3,0,2,90,90,15,1,111365,AdultMaleAgent(Clone),7,11,1.71,1.58,5.304688,2,True,2,1,0.5
2026-03-06_20.33.00,193,sign-optimization-horizontal-vertical_scenario,631,172,3,0,2,90,90,15,1,111366,AdultMaleAgent(Clone),6,12,1.71,1.58,0,0,False,2,0,0
2026-03-06_20.33.00,193,sign-optimization-horizontal-vertical_scenario,631,172,3,0,2,90,90,15,1,111367,AdultFemaleAgent(Clone),7,11,1.58,1.450001,0.7695313,1,False,2,0,0
2026-03-06_20.33.00,193,sign-optimization-horizontal-vertical_scenario,631,172,3,0,2,90,90,15,1,111368,AdultMaleAgent(Clone),6,12,1.71,1.58,5.137695,1,False,2,1,0.5
2026-03-06_20.33.00,193,sign-optimization-horizontal-vertical_scenario,631,172,3,0,2,90,90,15,1,111369,AdultMaleAgent(Clone),11,10,1.71,1.58,11.31152,1,True,3,2,0.6666667
2026-03-06_20.33.00,193,sign-optimization-horizontal-vertical_scenario,631,172,3,0,2,90,90,15,1,111370,AdultMaleAgent(Clone),5,10,1.71,1.58,11.9668,1,True,2,1,0.5
2026-03-06_20.33.00,193,sign-optimization-horizontal-vertical_scenario,631,172,3,0,2,90,90,15,1,111371,AdultMaleAgent(Clone),7,11,1.71,1.58,5.136719,2,True,2,1,0.5
2026-03-06_20.33.00,193,sign-optimization-horizontal-vertical_scenario,631,172,3,0,2,90,90,15,1,111372,WheelchairAgent(Clone),10,12,1.3,1.17,5.625,1,False,3,0,0
2026-03-06_20.33.00,193,sign-optimization-horizontal-vertical_scenario,631,172,3,0,2,90,90,15,1,111373,AdultMaleAgent(Clone),10,12,1.71,1.58,3.984375,1,False,3,0,0
2026-03-06_20.33.00,193,sign-optimization-horizontal-vertical_scenario,631,172,3,0,2,90,90,15,1,111374,AdultMaleAgent(Clone),5,10,1.71,1.58,11.78809,1,False,2,1,0.5
2026-03-06_20.33.00,193,sign-optimization-horizontal-vertical_scenario,631,172,3,0,2,90,90,15,1,111375,AdultFemaleAgent(Clone),5,10,1.58,1.45,12.3457,1,True,2,1,0.5
2026-03-06_20.33.00,193,sign-optimization-horizontal-vertical_scenario,631,172,3,0,2,90,90,15,1,111376,AdultMaleAgent(Clone),7,11,1.71,1.58,0.04101563,2,False,2,1,0.5
2026-03-06_20.33.00,193,sign-optimization-horizontal-vertical_scenario,631,172,3,0,2,90,90,15,1,111377,WheelchairAgent(Clone),7,11,1.3,1.17,1.899414,2,False,2,0,0
2026-03-06_20.33.00,193,sign-optimization-horizontal-vertical_scenario,631,172,3,0,2,90,90,15,1,111378,AdultFemaleAgent(Clone),7,11,1.58,1.450001,6.291016,1,True,2,1,0.5
2026-03-06_20.33.00,193,sign-optimization-horizontal-vertical_scenario,631,172,3,0,2,90,90,15,1,111379,AdultFemaleAgent(Clone),7,11,1.58,1.450001,0.4248047,1,False,2,0,0
2026-03-06_20.33.00,193,sign-optimization-horizontal-vertical_scenario,631,172,3,0,2,90,90,15,1,111380,AdultMaleAgent(Clone),11,10,1.71,1.58,10.5625,1,True,3,1,0.3333333
2026-03-06_20.33.00,193,sign-optimization-horizontal-vertical_scenario,631,172,3,0,2,90,90,15,1,111381,WheelchairAgent(Clone),7,11,1.3,1.17,5.227539,2,False,2,1,0.5
2026-03-06_20.33.00,193,sign-optimization-horizontal-vertical_scenario,631,172,3,0,2,90,90,15,1,111382,AdultFemaleAgent(Clone),5,10,1.58,1.45,13.78027,1,True,2,1,0.5
2026-03-06_20.33.00,193,sign-optimization-horizontal-vertical_scenario,631,172,3,0,2,90,90,15,1,111383,AdultMaleAgent(Clone),5,10,1.71,1.58,13.06055,1,True,2,1,0.5
2026-03-06_20.33.00,193,sign-optimization-horizontal-vertical_scenario,631,172,3,0,2,90,90,15,1,111384,AdultMaleAgent(Clone),6,12,1.71,1.58,4.561523,1,False,2,1,0.5
2026-03-06_20.33.00,193,sign-optimization-horizontal-vertical_scenario,631,172,3,0,2,90,90,15,1,111385,AdultMaleAgent(Clone),11,10,1.71,1.58,11.11719,1,True,3,2,0.6666667
2026-03-06_20.33.00,193,sign-optimization-horizontal-vertical_scenario,631,172,3,0,2,90,90,15,1,111386,WheelchairAgent(Clone),5,10,1.3,1.17,13.45801,1,False,2,1,0.5
2026-03-06_20.33.00,193,sign-optimization-horizontal-vertical_scenario,631,172,3,0,2,90,90,15,1,111387,WheelchairAgent(Clone),11,10,1.3,1.17,10.67188,1,True,3,2,0.6666667
2026-03-06_20.33.00,193,sign-optimization-horizontal-vertical_scenario,631,172,3,0,2,90,90,15,1,111388,AdultMaleAgent(Clone),7,11,1.71,1.58,3.849609,2,True,2,1,0.5
2026-03-06_20.33.00,193,sign-optimization-horizontal-vertical_scenario,631,172,3,0,2,90,90,15,1,111389,AdultFemaleAgent(Clone),10,12,1.58,1.45,4.56543,1,False,3,0,0
2026-03-06_20.33.00,193,sign-optimization-horizontal-vertical_scenario,631,172,3,0,2,90,90,15,1,111390,AdultMaleAgent(Clone),7,11,1.71,1.58,6.530273,2,True,2,1,0.5
2026-03-06_20.33.00,193,sign-optimization-horizontal-vertical_scenario,631,172,3,0,2,90,90,15,1,111391,WheelchairAgent(Clone),5,10,1.3,1.17,13.68555,1,False,2,1,0.5
2026-03-06_20.33.00,193,sign-optimization-horizontal-vertical_scenario,631,172,3,0,2,90,90,15,1,111392,AdultMaleAgent(Clone),11,10,1.71,1.58,2.229492,1,True,3,2,0.6666667
2026-03-06_20.33.00,193,sign-optimization-horizontal-vertical_scenario,631,172,3,0,2,90,90,15,1,111393,AdultFemaleAgent(Clone),7,11,1.58,1.450001,5.072266,2,False,2,1,0.5
2026-03-06_20.33.00,193,sign-optimization-horizontal-vertical_scenario,631,172,3,0,2,90,90,15,1,111394,AdultMaleAgent(Clone),7,11,1.71,1.58,1.03418,2,False,2,1,0.5
2026-03-06_20.33.00,193,sign-optimization-horizontal-vertical_scenario,631,172,3,0,2,90,90,15,1,111395,AdultFemaleAgent(Clone),7,11,1.58,1.450001,0.4736328,2,False,2,0,0
2026-03-06_20.33.00,193,sign-optimization-horizontal-vertical_scenario,631,172,3,0,2,90,90,15,1,111396,WheelchairAgent(Clone),7,11,1.3,1.17,2.455078,2,False,2,1,0.5
2026-03-06_20.33.00,193,sign-optimization-horizontal-vertical_scenario,631,172,3,0,2,90,90,15,1,111397,AdultMaleAgent(Clone),11,10,1.71,1.58,4.453125,1,True,3,2,0.6666667
2026-03-06_20.33.00,193,sign-optimization-horizontal-vertical_scenario,631,172,3,0,2,90,90,15,1,111398,AdultMaleAgent(Clone),5,10,1.71,1.58,13.50684,1,True,2,1,0.5
2026-03-06_20.33.00,193,sign-optimization-horizontal-vertical_scenario,631,172,3,0,2,90,90,15,1,111399,AdultMaleAgent(Clone),11,10,1.71,1.58,11.91016,1,True,3,2,0.6666667
2026-03-06_20.33.00,193,sign-optimization-horizontal-vertical_scenario,631,172,3,0,2,90,90,15,1,111400,AdultMaleAgent(Clone),5,10,1.71,1.58,12.96094,1,True,2,1,0.5
2026-03-06_20.33.00,193,sign-optimization-horizontal-vertical_scenario,631,172,3,0,2,90,90,15,1,111401,WheelchairAgent(Clone),5,10,1.3,1.17,12.37891,1,True,2,1,0.5
2026-03-06_20.33.00,193,sign-optimization-horizontal-vertical_scenario,631,172,3,0,2,90,90,15,1,111402,WheelchairAgent(Clone),11,10,1.3,1.17,2.379883,1,False,3,1,0.3333333
2026-03-06_20.33.00,193,sign-optimization-horizontal-vertical_scenario,631,172,3,0,2,90,90,15,1,111403,WheelchairAgent(Clone),10,12,1.3,1.17,6.267578,1,False,3,1,0.3333333
2026-03-06_20.33.00,193,sign-optimization-horizontal-vertical_scenario,631,172,3,0,2,90,90,15,1,111404,WheelchairAgent(Clone),10,12,1.3,1.17,4.652344,1,False,3,0,0
2026-03-06_20.33.00,193,sign-optimization-horizontal-vertical_scenario,631,172,3,0,2,90,90,15,1,111405,AdultMaleAgent(Clone),11,10,1.71,1.58,3.739258,1,True,3,1,0.3333333
2026-03-06_20.33.00,193,sign-optimization-horizontal-vertical_scenario,631,172,3,0,2,90,90,15,1,111406,WheelchairAgent(Clone),5,10,1.3,1.17,15.51563,1,False,2,0,0
2026-03-06_20.33.00,193,sign-optimization-horizontal-vertical_scenario,631,172,3,0,2,90,90,15,1,111407,AdultMaleAgent(Clone),6,12,1.71,1.58,4.137695,1,False,2,1,0.5
2026-03-06_20.33.00,193,sign-optimization-horizontal-vertical_scenario,631,172,3,0,2,90,90,15,1,111408,AdultMaleAgent(Clone),10,12,1.71,1.58,3.428711,1,False,3,0,0
2026-03-06_20.33.00,193,sign-optimization-horizontal-vertical_scenario,631,172,3,0,2,90,90,15,1,111409,AdultFemaleAgent(Clone),5,10,1.58,1.45,12.47656,1,True,2,1,0.5
2026-03-06_20.33.00,193,sign-optimization-horizontal-vertical_scenario,631,172,3,0,2,90,90,15,1,111410,AdultFemaleAgent(Clone),6,12,1.58,1.45,0.8730469,1,False,2,0,0
2026-03-06_20.33.00,193,sign-optimization-horizontal-vertical_scenario,631,172,3,0,2,90,90,15,1,111411,AdultFemaleAgent(Clone),7,11,1.58,1.450001,2.091797,2,False,2,0,0
2026-03-06_20.33.00,193,sign-optimization-horizontal-vertical_scenario,631,172,3,0,2,90,90,15,1,111412,WheelchairAgent(Clone),10,12,1.3,1.17,4.921875,1,False,3,0,0
2026-03-06_20.33.00,193,sign-optimization-horizontal-vertical_scenario,631,172,3,0,2,90,90,15,1,111413,AdultMaleAgent(Clone),10,12,1.71,1.58,3.779297,1,False,3,0,0
2026-03-06_20.33.00,193,sign-optimization-horizontal-vertical_scenario,631,172,3,0,2,90,90,15,1,111414,WheelchairAgent(Clone),7,11,1.3,1.17,4.730469,2,False,2,0,0
2026-03-06_20.33.00,193,sign-optimization-horizontal-vertical_scenario,631,172,3,0,2,90,90,15,1,111415,WheelchairAgent(Clone),11,10,1.3,1.17,10.11523,2,True,3,2,0.6666667
2026-03-06_20.33.00,193,sign-optimization-horizontal-vertical_scenario,631,172,3,0,2,90,90,15,1,111416,AdultFemaleAgent(Clone),5,10,1.58,1.45,13.33398,1,True,2,1,0.5
2026-03-06_20.33.00,193,sign-optimization-horizontal-vertical_scenario,631,172,3,0,2,90,90,15,1,111417,WheelchairAgent(Clone),7,11,1.3,1.17,3.572266,2,False,2,1,0.5
2026-03-06_20.33.00,193,sign-optimization-horizontal-vertical_scenario,631,172,3,0,2,90,90,15,1,111418,AdultMaleAgent(Clone),11,10,1.71,1.58,3.147461,1,True,3,1,0.3333333
2026-03-06_20.33.00,193,sign-optimization-horizontal-vertical_scenario,631,172,3,0,2,90,90,15,1,111419,AdultMaleAgent(Clone),7,11,1.71,1.58,1.197266,2,False,2,1,0.5
2026-03-06_20.33.00,193,sign-optimization-horizontal-vertical_scenario,631,172,3,0,2,90,90,15,1,111420,AdultMaleAgent(Clone),11,10,1.71,1.58,10.81152,2,True,3,1,0.3333333
2026-03-06_20.33.00,193,sign-optimization-horizontal-vertical_scenario,631,172,3,0,2,90,90,15,1,111421,WheelchairAgent(Clone),6,12,1.3,1.17,1.756836,1,False,2,0,0
2026-03-06_20.33.00,193,sign-optimization-horizontal-vertical_scenario,631,172,3,0,2,90,90,15,1,111422,AdultFemaleAgent(Clone),6,12,1.58,1.45,1.042969,1,False,2,0,0
2026-03-06_20.33.00,193,sign-optimization-horizontal-vertical_scenario,631,172,3,0,2,90,90,15,1,111423,AdultFemaleAgent(Clone),10,12,1.58,1.45,3.143555,1,False,3,0,0
2026-03-06_20.33.00,193,sign-optimization-horizontal-vertical_scenario,631,172,3,0,2,90,90,15,1,111424,AdultFemaleAgent(Clone),5,10,1.58,1.45,11.79492,1,True,2,1,0.5
2026-03-06_20.33.00,193,sign-optimization-horizontal-vertical_scenario,631,172,3,0,2,90,90,15,1,111425,AdultMaleAgent(Clone),5,10,1.71,1.58,13.79785,1,True,2,1,0.5
2026-03-06_20.33.00,193,sign-optimization-horizontal-vertical_scenario,631,172,3,0,2,90,90,15,1,111426,AdultMaleAgent(Clone),7,11,1.71,1.58,2.882813,2,True,2,1,0.5
2026-03-06_20.33.00,193,sign-optimization-horizontal-vertical_scenario,631,172,3,0,2,90,90,15,1,111427,AdultFemaleAgent(Clone),10,12,1.58,1.45,2.946289,1,False,3,0,0
2026-03-06_20.33.00,193,sign-optimization-horizontal-vertical_scenario,631,172,3,0,2,90,90,15,1,111428,WheelchairAgent(Clone),5,10,1.3,1.17,13.59766,1,False,2,1,0.5
2026-03-06_20.33.00,193,sign-optimization-horizontal-vertical_scenario,631,172,3,0,2,90,90,15,1,111429,WheelchairAgent(Clone),11,10,1.3,1.17,3.303711,1,True,3,2,0.6666667
2026-03-06_20.33.00,193,sign-optimization-horizontal-vertical_scenario,631,172,3,0,2,90,90,15,1,111430,AdultMaleAgent(Clone),6,12,1.71,1.58,4.369141,1,False,2,1,0.5
2026-03-06_20.33.00,193,sign-optimization-horizontal-vertical_scenario,631,172,3,0,2,90,90,15,1,111431,AdultFemaleAgent(Clone),10,12,1.58,1.45,3.794922,1,False,3,0,0
2026-03-06_20.33.00,193,sign-optimization-horizontal-vertical_scenario,631,172,3,0,2,90,90,15,1,111432,AdultMaleAgent(Clone),6,12,1.71,1.58,0,0,False,2,0,0
2026-03-06_20.33.00,193,sign-optimization-horizontal-vertical_scenario,631,172,3,0,2,90,90,15,1,111433,AdultFemaleAgent(Clone),7,11,1.58,1.450001,0.9736328,2,False,2,0,0
2026-03-06_20.33.00,193,sign-optimization-horizontal-vertical_scenario,631,172,3,0,2,90,90,15,1,111434,AdultFemaleAgent(Clone),5,10,1.58,1.45,13.86914,1,True,2,1,0.5
2026-03-06_20.33.00,193,sign-optimization-horizontal-vertical_scenario,631,172,3,0,2,90,90,15,1,111435,AdultMaleAgent(Clone),11,10,1.71,1.58,4.132813,1,False,3,1,0.3333333
2026-03-06_20.33.00,193,sign-optimization-horizontal-vertical_scenario,631,172,3,0,2,90,90,15,1,111436,AdultFemaleAgent(Clone),6,12,1.58,1.45,5.299805,1,False,2,1,0.5
2026-03-06_20.33.00,193,sign-optimization-horizontal-vertical_scenario,631,172,3,0,2,90,90,15,1,111437,WheelchairAgent(Clone),5,10,1.3,1.17,12.2832,1,True,2,1,0.5
2026-03-06_20.33.00,193,sign-optimization-horizontal-vertical_scenario,631,172,3,0,2,90,90,15,1,111438,WheelchairAgent(Clone),11,10,1.3,1.17,9.982422,2,True,3,2,0.6666667
2026-03-06_20.33.00,193,sign-optimization-horizontal-vertical_scenario,631,172,3,0,2,90,90,15,1,111439,AdultFemaleAgent(Clone),10,12,1.58,1.45,19.10938,1,True,3,1,0.3333333
2026-03-06_20.33.00,193,sign-optimization-horizontal-vertical_scenario,631,172,3,0,2,90,90,15,1,111440,AdultMaleAgent(Clone),11,10,1.71,1.58,10.56543,2,True,3,2,0.6666667
2026-03-06_20.33.00,193,sign-optimization-horizontal-vertical_scenario,631,172,3,0,2,90,90,15,1,111441,WheelchairAgent(Clone),10,12,1.3,1.17,6.271484,1,False,3,0,0
2026-03-06_20.33.00,193,sign-optimization-horizontal-vertical_scenario,631,172,3,0,2,90,90,15,1,111442,AdultMaleAgent(Clone),5,10,1.71,1.58,13.24316,1,True,2,1,0.5
2026-03-06_20.33.00,193,sign-optimization-horizontal-vertical_scenario,631,172,3,0,2,90,90,15,1,111443,AdultMaleAgent(Clone),11,10,1.71,1.58,9.429688,2,True,3,2,0.6666667
2026-03-06_20.33.00,193,sign-optimization-horizontal-vertical_scenario,631,172,3,0,2,90,90,15,1,111444,AdultMaleAgent(Clone),6,12,1.71,1.58,3.25,1,False,2,1,0.5
2026-03-06_20.33.00,193,sign-optimization-horizontal-vertical_scenario,631,172,3,0,2,90,90,15,1,111445,AdultMaleAgent(Clone),10,12,1.71,1.58,4.932617,1,False,3,0,0
2026-03-06_20.33.00,193,sign-optimization-horizontal-vertical_scenario,631,172,3,0,2,90,90,15,1,111446,WheelchairAgent(Clone),6,12,1.3,1.17,3.500977,1,False,2,0,0
2026-03-06_20.33.00,193,sign-optimization-horizontal-vertical_scenario,631,172,3,0,2,90,90,15,1,111447,WheelchairAgent(Clone),7,11,1.3,1.17,1.232422,3,True,2,1,0.5
2026-03-06_20.33.00,193,sign-optimization-horizontal-vertical_scenario,631,172,3,0,2,90,90,15,1,111448,AdultFemaleAgent(Clone),6,12,1.58,1.45,1.307617,1,False,2,0,0
2026-03-06_20.33.00,193,sign-optimization-horizontal-vertical_scenario,631,172,3,0,2,90,90,15,1,111449,AdultMaleAgent(Clone),6,12,1.71,1.58,0,0,False,2,0,0
2026-03-06_20.33.00,193,sign-optimization-horizontal-vertical_scenario,631,172,3,0,2,90,90,15,1,111450,WheelchairAgent(Clone),5,10,1.3,1.17,15.37402,1,False,2,1,0.5
2026-03-06_20.33.00,193,sign-optimization-horizontal-vertical_scenario,631,172,3,0,2,90,90,15,1,111451,AdultFemaleAgent(Clone),7,11,1.58,1.450001,2.277344,1,False,2,0,0
2026-03-06_20.33.00,193,sign-optimization-horizontal-vertical_scenario,631,172,3,0,2,90,90,15,1,111452,WheelchairAgent(Clone),6,12,1.3,1.17,0,0,False,2,0,0
2026-03-06_20.33.00,193,sign-optimization-horizontal-vertical_scenario,631,172,3,0,2,90,90,15,1,111453,AdultMaleAgent(Clone),11,10,1.71,1.58,10.0957,2,True,3,1,0.3333333
2026-03-06_20.33.00,193,sign-optimization-horizontal-vertical_scenario,631,172,3,0,2,90,90,15,1,111454,AdultFemaleAgent(Clone),11,10,1.58,1.450001,3.248047,1,True,3,2,0.6666667
2026-03-06_20.33.00,193,sign-optimization-horizontal-vertical_scenario,631,172,3,0,2,90,90,15,1,111455,WheelchairAgent(Clone),11,10,1.3,1.17,11.87988,1,True,3,2,0.6666667
2026-03-06_20.33.00,193,sign-optimization-horizontal-vertical_scenario,631,172,3,0,2,90,90,15,1,111456,AdultFemaleAgent(Clone),7,11,1.58,1.450001,2.242188,2,False,2,1,0.5
2026-03-06_20.33.00,193,sign-optimization-horizontal-vertical_scenario,631,172,3,0,2,90,90,15,1,111457,WheelchairAgent(Clone),6,12,1.3,1.17,0,0,False,2,0,0
2026-03-06_20.33.00,193,sign-optimization-horizontal-vertical_scenario,631,172,3,0,2,90,90,15,1,111458,AdultFemaleAgent(Clone),6,12,1.58,1.45,0,0,False,2,0,0
2026-03-06_20.33.00,193,sign-optimization-horizontal-vertical_scenario,631,172,3,0,2,90,90,15,1,111459,AdultFemaleAgent(Clone),6,12,1.58,1.45,3.727539,1,False,2,1,0.5
2026-03-06_20.33.00,193,sign-optimization-horizontal-vertical_scenario,631,172,3,0,2,90,90,15,1,111460,WheelchairAgent(Clone),5,10,1.3,1.17,12.25,1,False,2,1,0.5
2026-03-06_20.33.00,193,sign-optimization-horizontal-vertical_scenario,631,172,3,0,2,90,90,15,1,111461,AdultMaleAgent(Clone),11,10,1.71,1.58,9.893555,2,True,3,2,0.6666667
2026-03-06_20.33.00,193,sign-optimization-horizontal-vertical_scenario,631,172,3,0,2,90,90,15,1,111462,AdultFemaleAgent(Clone),6,12,1.58,1.45,1.415039,1,False,2,0,0
2026-03-06_20.33.00,193,sign-optimization-horizontal-vertical_scenario,631,172,3,0,2,90,90,15,1,111463,AdultFemaleAgent(Clone),10,12,1.58,1.45,4.404297,1,False,3,0,0
2026-03-06_20.33.00,193,sign-optimization-horizontal-vertical_scenario,631,172,3,0,2,90,90,15,1,111464,AdultFemaleAgent(Clone),10,12,1.58,1.45,11.86523,1,False,3,0,0
2026-03-06_20.33.00,193,sign-optimization-horizontal-vertical_scenario,631,172,3,0,2,90,90,15,1,111465,AdultMaleAgent(Clone),10,12,1.71,1.58,3.708008,1,False,3,0,0
2026-03-06_20.33.00,193,sign-optimization-horizontal-vertical_scenario,631,172,3,0,2,90,90,15,1,111466,AdultMaleAgent(Clone),6,12,1.71,1.58,0,0,False,2,0,0
2026-03-06_20.33.00,193,sign-optimization-horizontal-vertical_scenario,631,172,3,0,2,90,90,15,1,111467,AdultMaleAgent(Clone),6,12,1.71,1.58,2.469727,1,False,2,1,0.5
2026-03-06_20.33.00,193,sign-optimization-horizontal-vertical_scenario,631,172,3,0,2,90,90,15,1,111468,WheelchairAgent(Clone),6,12,1.3,1.17,0,0,False,2,0,0
2026-03-06_20.33.00,193,sign-optimization-horizontal-vertical_scenario,631,172,3,0,2,90,90,15,1,111469,AdultFemaleAgent(Clone),11,10,1.58,1.450001,5.379883,1,False,3,1,0.3333333
2026-03-06_20.33.00,193,sign-optimization-horizontal-vertical_scenario,631,172,3,0,2,90,90,15,1,111470,AdultMaleAgent(Clone),6,12,1.71,1.58,5.380859,1,False,2,1,0.5
2026-03-06_20.33.00,193,sign-optimization-horizontal-vertical_scenario,631,172,3,0,2,90,90,15,1,111471,AdultMaleAgent(Clone),5,10,1.71,1.58,12.51367,1,True,2,1,0.5
2026-03-06_20.33.00,193,sign-optimization-horizontal-vertical_scenario,631,172,3,0,2,90,90,15,1,111472,AdultFemaleAgent(Clone),10,12,1.58,1.45,4.59668,1,False,3,1,0.3333333
2026-03-06_20.33.00,193,sign-optimization-horizontal-vertical_scenario,631,172,3,0,2,90,90,15,1,111473,WheelchairAgent(Clone),10,12,1.3,1.17,5.43457,1,False,3,0,0
2026-03-06_20.33.00,193,sign-optimization-horizontal-vertical_scenario,631,172,3,0,2,90,90,15,1,111474,AdultMaleAgent(Clone),5,10,1.71,1.58,11.84668,1,True,2,1,0.5
2026-03-06_20.33.00,193,sign-optimization-horizontal-vertical_scenario,631,172,3,0,2,90,90,15,1,111475,AdultFemaleAgent(Clone),6,12,1.58,1.45,0,0,False,2,0,0
2026-03-06_20.33.00,193,sign-optimization-horizontal-vertical_scenario,631,172,3,0,2,90,90,15,1,111476,AdultMaleAgent(Clone),11,10,1.71,1.58,4.053711,1,True,3,1,0.3333333
2026-03-06_20.33.00,193,sign-optimization-horizontal-vertical_scenario,631,172,3,0,2,90,90,15,1,111477,WheelchairAgent(Clone),10,12,1.3,1.17,4.139648,1,False,3,0,0
2026-03-06_20.33.00,193,sign-optimization-horizontal-vertical_scenario,631,172,3,0,2,90,90,15,1,111478,AdultFemaleAgent(Clone),10,12,1.58,1.45,4.203125,1,False,3,0,0
2026-03-06_20.33.00,193,sign-optimization-horizontal-vertical_scenario,631,172,3,0,2,90,90,15,1,111479,AdultFemaleAgent(Clone),10,12,1.58,1.45,3.514648,1,False,3,0,0
2026-03-06_20.33.00,193,sign-optimization-horizontal-vertical_scenario,631,172,3,0,2,90,90,15,1,111480,AdultMaleAgent(Clone),5,10,1.71,1.58,14.75488,1,True,2,1,0.5
2026-03-06_20.33.00,193,sign-optimization-horizontal-vertical_scenario,631,172,3,0,2,90,90,15,1,111481,AdultMaleAgent(Clone),11,10,1.71,1.58,5.175781,1,True,3,1,0.3333333
2026-03-06_20.33.00,193,sign-optimization-horizontal-vertical_scenario,631,172,3,0,2,90,90,15,1,111482,AdultMaleAgent(Clone),7,11,1.71,1.58,0.1298828,1,False,2,1,0.5
2026-03-06_20.33.00,193,sign-optimization-horizontal-vertical_scenario,631,172,3,0,2,90,90,15,1,111483,WheelchairAgent(Clone),6,12,1.3,1.17,5.193359,1,False,2,0,0
2026-03-06_20.33.00,193,sign-optimization-horizontal-vertical_scenario,631,172,3,0,2,90,90,15,1,111484,AdultMaleAgent(Clone),6,12,1.71,1.58,2.626953,1,False,2,1,0.5
2026-03-06_20.33.00,193,sign-optimization-horizontal-vertical_scenario,631,172,3,0,2,90,90,15,1,111485,AdultMaleAgent(Clone),6,12,1.71,1.58,0,0,False,2,0,0
2026-03-06_20.33.00,193,sign-optimization-horizontal-vertical_scenario,631,172,3,0,2,90,90,15,1,111486,AdultFemaleAgent(Clone),5,10,1.58,1.45,13.41211,1,True,2,1,0.5
2026-03-06_20.33.00,193,sign-optimization-horizontal-vertical_scenario,631,172,3,0,2,90,90,15,1,111487,AdultFemaleAgent(Clone),6,12,1.58,1.45,0,0,False,2,0,0
2026-03-06_20.33.00,193,sign-optimization-horizontal-vertical_scenario,631,172,3,0,2,90,90,15,1,111488,AdultFemaleAgent(Clone),5,10,1.58,1.45,13.52539,1,True,2,1,0.5
2026-03-06_20.33.00,193,sign-optimization-horizontal-vertical_scenario,631,172,3,0,2,90,90,15,1,111489,AdultFemaleAgent(Clone),10,12,1.58,1.45,5.308594,1,False,3,0,0
2026-03-06_20.33.00,193,sign-optimization-horizontal-vertical_scenario,631,172,3,0,2,90,90,15,1,111490,AdultFemaleAgent(Clone),7,11,1.58,1.450001,3.866211,1,True,2,1,0.5
2026-03-06_20.33.00,193,sign-optimization-horizontal-vertical_scenario,631,172,3,0,2,90,90,15,1,111491,AdultFemaleAgent(Clone),11,10,1.58,1.450001,2.475586,1,True,3,1,0.3333333
2026-03-06_20.33.00,193,sign-optimization-horizontal-vertical_scenario,631,172,3,0,2,90,90,15,1,111492,WheelchairAgent(Clone),6,12,1.3,1.17,2.585938,1,False,2,0,0
2026-03-06_20.33.00,193,sign-optimization-horizontal-vertical_scenario,631,172,3,0,2,90,90,15,1,111493,WheelchairAgent(Clone),11,10,1.3,1.17,3.981445,1,True,3,1,0.3333333
2026-03-06_20.33.00,193,sign-optimization-horizontal-vertical_scenario,631,172,3,0,2,90,90,15,1,111494,WheelchairAgent(Clone),10,12,1.3,1.17,4.833984,1,False,3,0,0
2026-03-06_20.33.00,193,sign-optimization-horizontal-vertical_scenario,631,172,3,0,2,90,90,15,1,111495,AdultMaleAgent(Clone),11,10,1.71,1.58,5.803711,1,True,3,2,0.6666667
2026-03-06_20.33.00,193,sign-optimization-horizontal-vertical_scenario,631,172,3,0,2,90,90,15,1,111496,WheelchairAgent(Clone),11,10,1.3,1.17,3.625,1,True,3,2,0.6666667
2026-03-06_20.33.00,193,sign-optimization-horizontal-vertical_scenario,631,172,3,0,2,90,90,15,1,111497,AdultFemaleAgent(Clone),10,12,1.58,1.45,4.682617,1,False,3,0,0
2026-03-06_20.33.00,193,sign-optimization-horizontal-vertical_scenario,631,172,3,0,2,90,90,15,1,111498,WheelchairAgent(Clone),10,12,1.3,1.17,2.820313,1,False,3,0,0
2026-03-06_20.33.00,193,sign-optimization-horizontal-vertical_scenario,631,172,3,0,2,90,90,15,1,111499,WheelchairAgent(Clone),5,10,1.3,1.17,12.41992,1,True,2,1,0.5
2026-03-06_20.33.00,193,sign-optimization-horizontal-vertical_scenario,631,172,3,0,2,90,90,15,1,111500,AdultFemaleAgent(Clone),7,11,1.58,1.450001,4.308594,1,True,2,1,0.5
2026-03-06_20.33.00,193,sign-optimization-horizontal-vertical_scenario,631,172,3,0,2,90,90,15,1,111501,WheelchairAgent(Clone),11,10,1.3,1.17,12.62402,1,True,3,2,0.6666667
2026-03-06_20.33.00,193,sign-optimization-horizontal-vertical_scenario,631,172,3,0,2,90,90,15,1,111502,AdultMaleAgent(Clone),11,10,1.71,1.58,3.671875,1,True,3,2,0.6666667
2026-03-06_20.33.00,193,sign-optimization-horizontal-vertical_scenario,631,172,3,0,2,90,90,15,1,111503,WheelchairAgent(Clone),5,10,1.3,1.17,12.70215,1,True,2,1,0.5
2026-03-06_20.33.00,193,sign-optimization-horizontal-vertical_scenario,631,172,3,0,2,90,90,15,1,111504,AdultFemaleAgent(Clone),11,10,1.58,1.450001,17.58398,1,True,3,2,0.6666667
2026-03-06_20.33.00,193,sign-optimization-horizontal-vertical_scenario,631,172,3,0,2,90,90,15,1,111505,AdultFemaleAgent(Clone),5,10,1.58,1.45,13.95703,1,True,2,1,0.5
2026-03-06_20.33.00,193,sign-optimization-horizontal-vertical_scenario,631,172,3,0,2,90,90,15,1,111506,WheelchairAgent(Clone),5,10,1.3,1.17,14.5752,1,True,2,1,0.5
2026-03-06_20.33.00,193,sign-optimization-horizontal-vertical_scenario,631,172,3,0,2,90,90,15,1,111507,AdultMaleAgent(Clone),6,12,1.71,1.58,5.416016,1,False,2,1,0.5
2026-03-06_20.33.00,193,sign-optimization-horizontal-vertical_scenario,631,172,3,0,2,90,90,15,1,111508,AdultFemaleAgent(Clone),10,12,1.58,1.45,2.889648,1,False,3,0,0
2026-03-06_20.33.00,193,sign-optimization-horizontal-vertical_scenario,631,172,3,0,2,90,90,15,1,111509,WheelchairAgent(Clone),11,10,1.3,1.17,1.932617,1,False,3,1,0.3333333
2026-03-06_20.33.00,193,sign-optimization-horizontal-vertical_scenario,631,172,3,0,2,90,90,15,1,111510,AdultFemaleAgent(Clone),10,12,1.58,1.45,4.644531,1,False,3,0,0
2026-03-06_20.33.00,193,sign-optimization-horizontal-vertical_scenario,631,172,3,0,2,90,90,15,1,111511,WheelchairAgent(Clone),5,10,1.3,1.17,13.57129,1,True,2,1,0.5
2026-03-06_20.33.00,193,sign-optimization-horizontal-vertical_scenario,631,172,3,0,2,90,90,15,1,111512,WheelchairAgent(Clone),10,12,1.3,1.17,4.402344,1,False,3,0,0
2026-03-06_20.33.00,193,sign-optimization-horizontal-vertical_scenario,631,172,3,0,2,90,90,15,1,111513,AdultFemaleAgent(Clone),5,10,1.58,1.45,14.27246,1,True,2,1,0.5
2026-03-06_20.33.00,193,sign-optimization-horizontal-vertical_scenario,631,172,3,0,2,90,90,15,1,111514,AdultFemaleAgent(Clone),7,11,1.58,1.450001,0.8681641,1,False,2,0,0
2026-03-06_20.33.00,193,sign-optimization-horizontal-vertical_scenario,631,172,3,0,2,90,90,15,1,111515,AdultMaleAgent(Clone),10,12,1.71,1.58,4.183594,1,False,3,0,0
2026-03-06_20.33.00,193,sign-optimization-horizontal-vertical_scenario,631,172,3,0,2,90,90,15,1,111516,WheelchairAgent(Clone),11,10,1.3,1.17,2.34668,1,False,3,0,0
2026-03-06_20.33.00,193,sign-optimization-horizontal-vertical_scenario,631,172,3,0,2,90,90,15,1,111517,AdultFemaleAgent(Clone),11,10,1.58,1.450001,8.817383,2,True,3,1,0.3333333
2026-03-06_20.33.00,193,sign-optimization-horizontal-vertical_scenario,631,172,3,0,2,90,90,15,1,111518,WheelchairAgent(Clone),7,11,1.3,1.17,2.34668,1,False,2,1,0.5
2026-03-06_20.33.00,193,sign-optimization-horizontal-vertical_scenario,631,172,3,0,2,90,90,15,1,111519,AdultMaleAgent(Clone),5,10,1.71,1.58,13.39258,1,True,2,1,0.5
2026-03-06_20.33.00,193,sign-optimization-horizontal-vertical_scenario,631,172,3,0,2,90,90,15,1,111520,WheelchairAgent(Clone),10,12,1.3,1.17,3.816406,1,False,3,1,0.3333333
2026-03-06_20.33.00,193,sign-optimization-horizontal-vertical_scenario,631,172,3,0,2,90,90,15,1,111521,WheelchairAgent(Clone),10,12,1.3,1.17,6.325195,1,False,3,0,0
2026-03-06_20.33.00,193,sign-optimization-horizontal-vertical_scenario,631,172,3,0,2,90,90,15,1,111522,AdultFemaleAgent(Clone),7,11,1.58,1.450001,1.464844,1,False,2,0,0
2026-03-06_20.33.00,193,sign-optimization-horizontal-vertical_scenario,631,172,3,0,2,90,90,15,1,111523,AdultFemaleAgent(Clone),10,12,1.58,1.45,3.40625,1,False,3,0,0
2026-03-06_20.33.00,193,sign-optimization-horizontal-vertical_scenario,631,172,3,0,2,90,90,15,1,111524,AdultMaleAgent(Clone),7,11,1.71,1.58,2.296875,1,False,2,1,0.5
2026-03-06_20.33.00,193,sign-optimization-horizontal-vertical_scenario,631,172,3,0,2,90,90,15,1,111525,AdultMaleAgent(Clone),6,12,1.71,1.58,5.362305,1,False,2,1,0.5
2026-03-06_20.33.00,193,sign-optimization-horizontal-vertical_scenario,631,172,3,0,2,90,90,15,1,111526,AdultMaleAgent(Clone),7,11,1.71,1.58,3.086914,1,False,2,1,0.5
2026-03-06_20.33.00,193,sign-optimization-horizontal-vertical_scenario,631,172,3,0,2,90,90,15,1,111527,WheelchairAgent(Clone),6,12,1.3,1.17,1.53125,1,False,2,0,0
2026-03-06_20.33.00,193,sign-optimization-horizontal-vertical_scenario,631,172,3,0,2,90,90,15,1,111528,AdultFemaleAgent(Clone),10,12,1.58,1.45,4.162109,1,False,3,0,0
2026-03-06_20.33.00,193,sign-optimization-horizontal-vertical_scenario,631,172,3,0,2,90,90,15,1,111529,WheelchairAgent(Clone),7,11,1.3,1.17,3.674805,1,False,2,0,0
2026-03-06_20.33.00,193,sign-optimization-horizontal-vertical_scenario,631,172,3,0,2,90,90,15,1,111530,WheelchairAgent(Clone),11,10,1.3,1.17,14.29395,1,True,3,2,0.6666667
2026-03-06_20.33.00,193,sign-optimization-horizontal-vertical_scenario,631,172,3,0,2,90,90,15,1,111531,WheelchairAgent(Clone),6,12,1.3,1.17,1.834961,1,False,2,0,0
2026-03-06_20.33.00,193,sign-optimization-horizontal-vertical_scenario,631,172,3,0,2,90,90,15,1,111532,AdultFemaleAgent(Clone),7,11,1.58,1.450001,5.610352,1,True,2,1,0.5
2026-03-06_20.33.00,193,sign-optimization-horizontal-vertical_scenario,631,172,3,0,2,90,90,15,1,111533,AdultFemaleAgent(Clone),7,11,1.58,1.450001,4.260742,1,True,2,1,0.5
2026-03-06_20.33.00,193,sign-optimization-horizontal-vertical_scenario,631,172,3,0,2,90,90,15,1,111534,AdultMaleAgent(Clone),7,11,1.71,1.58,3.783203,1,True,2,1,0.5
2026-03-06_20.33.00,193,sign-optimization-horizontal-vertical_scenario,631,172,3,0,2,90,90,15,1,111535,AdultMaleAgent(Clone),7,11,1.71,1.58,1.758789,1,False,2,0,0
2026-03-06_20.33.00,193,sign-optimization-horizontal-vertical_scenario,631,172,3,0,2,90,90,15,1,111536,AdultFemaleAgent(Clone),10,12,1.58,1.45,5.832031,1,False,3,0,0
2026-03-06_20.33.00,193,sign-optimization-horizontal-vertical_scenario,631,172,3,0,2,90,90,15,1,111537,AdultMaleAgent(Clone),6,12,1.71,1.58,2.4375,1,False,2,1,0.5
2026-03-06_20.33.00,193,sign-optimization-horizontal-vertical_scenario,631,172,3,0,2,90,90,15,1,111538,WheelchairAgent(Clone),11,10,1.3,1.17,12.29102,1,True,3,1,0.3333333
2026-03-06_20.33.00,193,sign-optimization-horizontal-vertical_scenario,631,172,3,0,2,90,90,15,1,111539,AdultMaleAgent(Clone),6,12,1.71,1.58,2.618164,1,False,2,1,0.5
2026-03-06_20.33.00,193,sign-optimization-horizontal-vertical_scenario,631,172,3,0,2,90,90,15,1,111540,AdultFemaleAgent(Clone),11,10,1.58,1.450001,2.010742,1,True,3,1,0.3333333
2026-03-06_20.33.00,193,sign-optimization-horizontal-vertical_scenario,631,172,3,0,2,90,90,15,1,111541,AdultFemaleAgent(Clone),11,10,1.58,1.450001,11.02441,1,True,3,1,0.3333333
2026-03-06_20.33.00,193,sign-optimization-horizontal-vertical_scenario,631,172,3,0,2,90,90,15,1,111542,AdultFemaleAgent(Clone),5,10,1.58,1.45,0,0,True,2,1,0.5
2026-03-06_20.33.00,193,sign-optimization-horizontal-vertical_scenario,631,172,3,0,2,90,90,15,1,111543,AdultMaleAgent(Clone),10,12,1.71,1.58,4.132813,1,False,3,0,0
2026-03-06_20.33.00,193,sign-optimization-horizontal-vertical_scenario,631,172,3,0,2,90,90,15,1,111544,AdultMaleAgent(Clone),11,10,1.71,1.58,4.026367,1,True,3,1,0.3333333
2026-03-06_20.33.00,193,sign-optimization-horizontal-vertical_scenario,631,172,3,0,2,90,90,15,1,111545,AdultFemaleAgent(Clone),7,11,1.58,1.450001,5.427734,1,True,2,1,0.5
2026-03-06_20.33.00,193,sign-optimization-horizontal-vertical_scenario,631,172,3,0,2,90,90,15,1,111546,WheelchairAgent(Clone),7,11,1.3,1.17,0.08300781,1,False,2,0,0
2026-03-06_20.33.00,193,sign-optimization-horizontal-vertical_scenario,631,172,3,0,2,90,90,15,1,111547,AdultMaleAgent(Clone),10,12,1.71,1.58,4.438477,1,False,3,0,0
2026-03-06_20.33.00,193,sign-optimization-horizontal-vertical_scenario,631,172,3,0,2,90,90,15,1,111548,AdultMaleAgent(Clone),5,10,1.71,1.58,0,0,True,2,1,0.5
2026-03-06_20.33.00,193,sign-optimization-horizontal-vertical_scenario,631,172,3,0,2,90,90,15,1,111549,AdultFemaleAgent(Clone),5,10,1.58,1.45,11.95703,1,False,2,1,0.5
2026-03-06_20.33.00,193,sign-optimization-horizontal-vertical_scenario,631,172,3,0,2,90,90,15,1,111550,WheelchairAgent(Clone),10,12,1.3,1.17,2.746094,1,False,3,0,0
2026-03-06_20.33.00,193,sign-optimization-horizontal-vertical_scenario,631,172,3,0,2,90,90,15,1,111551,WheelchairAgent(Clone),10,12,1.3,1.17,5.126953,1,False,3,1,0.3333333
2026-03-06_20.33.00,193,sign-optimization-horizontal-vertical_scenario,631,172,3,0,2,90,90,15,1,111552,WheelchairAgent(Clone),6,12,1.3,1.17,4.303711,1,False,2,0,0
2026-03-06_20.33.00,193,sign-optimization-horizontal-vertical_scenario,631,172,3,0,2,90,90,15,1,111553,WheelchairAgent(Clone),7,11,1.3,1.17,3.189453,1,False,2,1,0.5
2026-03-06_20.33.00,193,sign-optimization-horizontal-vertical_scenario,631,172,3,0,2,90,90,15,1,111554,AdultFemaleAgent(Clone),10,12,1.58,1.45,4.0625,1,False,3,0,0
2026-03-06_20.33.00,193,sign-optimization-horizontal-vertical_scenario,631,172,3,0,2,90,90,15,1,111555,AdultFemaleAgent(Clone),7,11,1.58,1.450001,4.053711,1,True,2,1,0.5
2026-03-06_20.33.00,193,sign-optimization-horizontal-vertical_scenario,631,172,3,0,2,90,90,15,1,111556,WheelchairAgent(Clone),11,10,1.3,1.17,12.25293,1,True,3,1,0.3333333
2026-03-06_20.33.00,193,sign-optimization-horizontal-vertical_scenario,631,172,3,0,2,90,90,15,1,111557,AdultMaleAgent(Clone),10,12,1.71,1.58,5.308594,1,False,3,0,0
2026-03-06_20.33.00,193,sign-optimization-horizontal-vertical_scenario,631,172,3,0,2,90,90,15,1,111558,AdultFemaleAgent(Clone),11,10,1.58,1.450001,4.31543,1,True,3,1,0.3333333
2026-03-06_20.33.00,193,sign-optimization-horizontal-vertical_scenario,631,172,3,0,2,90,90,15,1,111559,AdultFemaleAgent(Clone),5,10,1.58,1.45,12.85352,1,True,2,1,0.5
2026-03-06_20.33.00,193,sign-optimization-horizontal-vertical_scenario,631,172,3,0,2,90,90,15,1,111560,WheelchairAgent(Clone),6,12,1.3,1.17,0,0,False,2,0,0
2026-03-06_20.33.00,193,sign-optimization-horizontal-vertical_scenario,631,172,3,0,2,90,90,15,1,111561,AdultFemaleAgent(Clone),5,10,1.58,1.45,11.47656,1,True,2,1,0.5
2026-03-06_20.33.00,193,sign-optimization-horizontal-vertical_scenario,631,172,3,0,2,90,90,15,1,111562,AdultFemaleAgent(Clone),5,10,1.58,1.45,0,0,True,2,1,0.5
2026-03-06_20.33.00,193,sign-optimization-horizontal-vertical_scenario,631,172,3,0,2,90,90,15,1,111563,WheelchairAgent(Clone),6,12,1.3,1.17,0,0,False,2,0,0
2026-03-06_20.33.00,193,sign-optimization-horizontal-vertical_scenario,631,172,3,0,2,90,90,15,1,111564,AdultFemaleAgent(Clone),11,10,1.58,1.450001,10.83008,1,True,3,2,0.6666667
2026-03-06_20.33.00,193,sign-optimization-horizontal-vertical_scenario,631,172,3,0,2,90,90,15,1,111565,WheelchairAgent(Clone),10,12,1.3,1.17,4.454102,1,False,3,1,0.3333333
2026-03-06_20.33.00,193,sign-optimization-horizontal-vertical_scenario,631,172,3,0,2,90,90,15,1,111566,AdultMaleAgent(Clone),11,10,1.71,1.58,11.87402,1,True,3,2,0.6666667
2026-03-06_20.33.00,193,sign-optimization-horizontal-vertical_scenario,631,172,3,0,2,90,90,15,1,111567,WheelchairAgent(Clone),10,12,1.3,1.17,4.630859,1,False,3,0,0
2026-03-06_20.33.00,193,sign-optimization-horizontal-vertical_scenario,631,172,3,0,2,90,90,15,1,111568,AdultMaleAgent(Clone),6,12,1.71,1.58,1.416992,1,False,2,0,0
2026-03-06_20.33.00,193,sign-optimization-horizontal-vertical_scenario,631,172,3,0,2,90,90,15,1,111569,WheelchairAgent(Clone),7,11,1.3,1.17,2.448242,1,False,2,0,0
2026-03-06_20.33.00,193,sign-optimization-horizontal-vertical_scenario,631,172,3,0,2,90,90,15,1,111570,AdultMaleAgent(Clone),6,12,1.71,1.58,0,0,False,2,0,0
2026-03-06_20.33.00,193,sign-optimization-horizontal-vertical_scenario,631,172,3,0,2,90,90,15,1,111571,AdultMaleAgent(Clone),7,11,1.71,1.58,2.810547,1,False,2,1,0.5
2026-03-06_20.33.00,193,sign-optimization-horizontal-vertical_scenario,631,172,3,0,2,90,90,15,1,111572,AdultFemaleAgent(Clone),7,11,1.58,1.450001,3.868164,1,False,2,1,0.5
2026-03-06_20.33.00,193,sign-optimization-horizontal-vertical_scenario,631,172,3,0,2,90,90,15,1,111573,WheelchairAgent(Clone),5,10,1.3,1.17,11.12598,1,False,2,1,0.5
2026-03-06_20.33.00,193,sign-optimization-horizontal-vertical_scenario,631,172,3,0,2,90,90,15,1,111574,WheelchairAgent(Clone),11,10,1.3,1.17,4.203125,1,False,3,1,0.3333333
2026-03-06_20.33.00,193,sign-optimization-horizontal-vertical_scenario,631,172,3,0,2,90,90,15,1,111575,AdultMaleAgent(Clone),5,10,1.71,1.58,0,0,True,2,1,0.5
2026-03-06_20.33.00,193,sign-optimization-horizontal-vertical_scenario,631,172,3,0,2,90,90,15,1,111576,AdultMaleAgent(Clone),7,11,1.71,1.58,5.914063,1,True,2,1,0.5
2026-03-06_20.33.00,193,sign-optimization-horizontal-vertical_scenario,631,172,3,0,2,90,90,15,1,111577,AdultMaleAgent(Clone),11,10,1.71,1.58,2.835938,1,False,3,2,0.6666667
2026-03-06_20.33.00,193,sign-optimization-horizontal-vertical_scenario,631,172,3,0,2,90,90,15,1,111578,AdultFemaleAgent(Clone),5,10,1.58,1.45,0,0,True,2,1,0.5
2026-03-06_20.33.00,193,sign-optimization-horizontal-vertical_scenario,631,172,3,0,2,90,90,15,1,111579,AdultFemaleAgent(Clone),5,10,1.58,1.45,11.2002,1,False,2,1,0.5
2026-03-06_20.33.00,193,sign-optimization-horizontal-vertical_scenario,631,172,3,0,2,90,90,15,1,111580,WheelchairAgent(Clone),5,10,1.3,1.17,0,0,True,2,1,0.5
2026-03-06_20.33.00,193,sign-optimization-horizontal-vertical_scenario,631,172,3,0,2,90,90,15,1,111581,WheelchairAgent(Clone),6,12,1.3,1.17,1.598633,1,False,2,0,0
2026-03-06_20.33.00,193,sign-optimization-horizontal-vertical_scenario,631,172,3,0,2,90,90,15,1,111582,AdultFemaleAgent(Clone),6,12,1.58,1.45,3.823242,1,False,2,1,0.5
2026-03-06_20.33.00,193,sign-optimization-horizontal-vertical_scenario,631,172,3,0,2,90,90,15,1,111583,AdultFemaleAgent(Clone),7,11,1.58,1.450001,2.475586,1,False,2,1,0.5
2026-03-06_20.33.00,193,sign-optimization-horizontal-vertical_scenario,631,172,3,0,2,90,90,15,1,111584,AdultFemaleAgent(Clone),10,12,1.58,1.45,0,0,False,3,0,0
2026-03-06_20.33.00,193,sign-optimization-horizontal-vertical_scenario,631,172,3,0,2,90,90,15,1,111585,AdultFemaleAgent(Clone),5,10,1.58,1.45,11.13574,1,False,2,1,0.5
2026-03-06_20.33.00,193,sign-optimization-horizontal-vertical_scenario,631,172,3,0,2,90,90,15,1,111586,AdultFemaleAgent(Clone),10,12,1.58,1.45,3.423828,1,False,3,0,0
2026-03-06_20.33.00,193,sign-optimization-horizontal-vertical_scenario,631,172,3,0,2,90,90,15,1,111587,AdultMaleAgent(Clone),11,10,1.71,1.58,3.234375,1,True,3,2,0.6666667
2026-03-06_20.33.00,193,sign-optimization-horizontal-vertical_scenario,631,172,3,0,2,90,90,15,1,111588,WheelchairAgent(Clone),5,10,1.3,1.17,0,0,False,2,1,0.5
2026-03-06_20.33.00,193,sign-optimization-horizontal-vertical_scenario,631,172,3,0,2,90,90,15,1,111589,AdultFemaleAgent(Clone),5,10,1.58,1.45,0,0,True,2,1,0.5
2026-03-06_20.33.00,193,sign-optimization-horizontal-vertical_scenario,631,172,3,0,2,90,90,15,1,111590,AdultMaleAgent(Clone),6,12,1.71,1.58,0,0,False,2,0,0
2026-03-06_20.33.00,193,sign-optimization-horizontal-vertical_scenario,631,172,3,0,2,90,90,15,1,111591,AdultMaleAgent(Clone),7,11,1.71,1.58,4.145508,1,True,2,1,0.5
2026-03-06_20.33.00,193,sign-optimization-horizontal-vertical_scenario,631,172,3,0,2,90,90,15,1,111592,AdultMaleAgent(Clone),6,12,1.71,1.58,4.49707,1,False,2,1,0.5
2026-03-06_20.33.00,193,sign-optimization-horizontal-vertical_scenario,631,172,3,0,2,90,90,15,1,111593,AdultFemaleAgent(Clone),6,12,1.58,1.45,0,0,False,2,0,0
2026-03-06_20.33.00,193,sign-optimization-horizontal-vertical_scenario,631,172,3,0,2,90,90,15,1,111594,AdultFemaleAgent(Clone),11,10,1.58,1.450001,0,0,True,3,2,0.6666667
2026-03-06_20.33.00,193,sign-optimization-horizontal-vertical_scenario,631,172,3,0,2,90,90,15,1,111595,AdultMaleAgent(Clone),6,12,1.71,1.58,0,0,False,2,1,0.5
2026-03-06_20.33.00,193,sign-optimization-horizontal-vertical_scenario,631,172,3,0,2,90,90,15,1,111596,AdultMaleAgent(Clone),11,10,1.71,1.58,2.424805,1,True,3,2,0.6666667
2026-03-06_20.33.00,193,sign-optimization-horizontal-vertical_scenario,631,172,3,0,2,90,90,15,1,111597,AdultFemaleAgent(Clone),6,12,1.58,1.45,0,0,False,2,0,0
2026-03-06_20.33.00,193,sign-optimization-horizontal-vertical_scenario,631,172,3,0,2,90,90,15,1,111598,WheelchairAgent(Clone),7,11,1.3,1.17,3.371094,1,False,2,1,0.5
2026-03-06_20.33.00,193,sign-optimization-horizontal-vertical_scenario,631,172,3,0,2,90,90,15,1,111599,WheelchairAgent(Clone),6,12,1.3,1.17,3.949219,1,False,2,1,0.5
2026-03-06_20.33.00,193,sign-optimization-horizontal-vertical_scenario,631,172,3,0,2,90,90,15,1,111600,AdultFemaleAgent(Clone),10,12,1.58,1.45,0,0,False,3,0,0
2026-03-06_20.33.00,193,sign-optimization-horizontal-vertical_scenario,631,172,3,0,2,90,90,15,1,111601,AdultMaleAgent(Clone),6,12,1.71,1.58,1.548828,1,False,2,1,0.5
2026-03-06_20.33.00,193,sign-optimization-horizontal-vertical_scenario,631,172,3,0,2,90,90,15,1,111602,AdultFemaleAgent(Clone),10,12,1.58,1.45,0,0,False,3,0,0
2026-03-06_20.33.00,193,sign-optimization-horizontal-vertical_scenario,631,172,3,0,2,90,90,15,1,111603,AdultFemaleAgent(Clone),5,10,1.58,1.45,0,0,True,2,1,0.5
2026-03-06_20.33.00,193,sign-optimization-horizontal-vertical_scenario,631,172,3,0,2,90,90,15,1,111604,AdultFemaleAgent(Clone),11,10,1.58,1.450001,5.049805,1,False,3,1,0.3333333
2026-03-06_20.33.00,193,sign-optimization-horizontal-vertical_scenario,631,172,3,0,2,90,90,15,1,111605,WheelchairAgent(Clone),10,12,1.3,1.17,0,0,False,3,0,0
2026-03-06_20.33.00,193,sign-optimization-horizontal-vertical_scenario,631,172,3,0,2,90,90,15,1,111606,AdultFemaleAgent(Clone),6,12,1.58,1.45,3.055664,1,False,2,1,0.5
2026-03-06_20.33.00,193,sign-optimization-horizontal-vertical_scenario,631,172,3,0,2,90,90,15,1,111607,AdultMaleAgent(Clone),7,11,1.71,1.58,2.936523,1,False,2,1,0.5
2026-03-06_20.33.00,193,sign-optimization-horizontal-vertical_scenario,631,172,3,0,2,90,90,15,1,111608,AdultMaleAgent(Clone),6,12,1.71,1.58,0,0,False,2,0,0
2026-03-06_20.33.00,193,sign-optimization-horizontal-vertical_scenario,631,172,3,0,2,90,90,15,1,111609,AdultMaleAgent(Clone),7,11,1.71,1.58,3.066406,1,True,2,1,0.5
2026-03-06_20.33.00,193,sign-optimization-horizontal-vertical_scenario,631,172,3,0,2,90,90,15,1,111610,AdultFemaleAgent(Clone),11,10,1.58,1.450001,3.886719,1,True,3,2,0.6666667
2026-03-06_20.33.00,193,sign-optimization-horizontal-vertical_scenario,631,172,3,0,2,90,90,15,1,111611,WheelchairAgent(Clone),7,11,1.3,1.17,1.631836,1,False,2,0,0
2026-03-06_20.33.00,193,sign-optimization-horizontal-vertical_scenario,631,172,3,0,2,90,90,15,1,111612,AdultFemaleAgent(Clone),6,12,1.58,1.45,0.7666016,1,False,2,0,0
2026-03-06_20.33.00,193,sign-optimization-horizontal-vertical_scenario,631,172,3,0,2,90,90,15,1,111613,WheelchairAgent(Clone),10,12,1.3,1.17,0,0,False,3,0,0
2026-03-06_20.33.00,193,sign-optimization-horizontal-vertical_scenario,631,172,3,0,2,90,90,15,1,111614,AdultFemaleAgent(Clone),5,10,1.58,1.45,0,0,True,2,1,0.5
2026-03-06_20.33.00,193,sign-optimization-horizontal-vertical_scenario,631,172,3,0,2,90,90,15,1,111615,WheelchairAgent(Clone),5,10,1.3,1.17,0,0,True,2,1,0.5
2026-03-06_20.33.00,193,sign-optimization-horizontal-vertical_scenario,631,172,3,0,2,90,90,15,1,111616,AdultFemaleAgent(Clone),6,12,1.58,1.45,0,0,False,2,0,0
2026-03-06_20.33.00,193,sign-optimization-horizontal-vertical_scenario,631,172,3,0,2,90,90,15,1,111617,WheelchairAgent(Clone),11,10,1.3,1.17,0,0,True,3,1,0.3333333
2026-03-06_20.33.00,193,sign-optimization-horizontal-vertical_scenario,631,172,3,0,2,90,90,15,1,111618,AdultMaleAgent(Clone),10,12,1.71,1.58,0,0,False,3,0,0
2026-03-06_20.33.00,193,sign-optimization-horizontal-vertical_scenario,631,172,3,0,2,90,90,15,1,111619,WheelchairAgent(Clone),7,11,1.3,1.17,1.673828,1,False,2,0,0
2026-03-06_20.33.00,193,sign-optimization-horizontal-vertical_scenario,631,172,3,0,2,90,90,15,1,111620,AdultFemaleAgent(Clone),5,10,1.58,1.45,0,0,True,2,1,0.5
2026-03-06_20.33.00,193,sign-optimization-horizontal-vertical_scenario,631,172,3,0,2,90,90,15,1,111621,AdultMaleAgent(Clone),5,10,1.71,1.58,0,0,False,2,1,0.5
2026-03-06_20.33.00,193,sign-optimization-horizontal-vertical_scenario,631,172,3,0,2,90,90,15,1,111622,WheelchairAgent(Clone),10,12,1.3,1.17,0,0,False,3,0,0
2026-03-06_20.33.00,193,sign-optimization-horizontal-vertical_scenario,631,172,3,0,2,90,90,15,1,111623,WheelchairAgent(Clone),7,11,1.3,1.17,0.5820313,1,False,2,0,0
2026-03-06_20.33.00,193,sign-optimization-horizontal-vertical_scenario,631,172,3,0,2,90,90,15,1,111624,AdultFemaleAgent(Clone),11,10,1.58,1.450001,0,0,True,3,1,0.3333333
2026-03-06_20.33.00,193,sign-optimization-horizontal-vertical_scenario,631,172,3,0,2,90,90,15,1,111625,WheelchairAgent(Clone),6,12,1.3,1.17,0,0,False,2,0,0
2026-03-06_20.33.00,193,sign-optimization-horizontal-vertical_scenario,631,172,3,0,2,90,90,15,1,111626,WheelchairAgent(Clone),10,12,1.3,1.17,0,0,False,3,0,0
2026-03-06_20.33.00,193,sign-optimization-horizontal-vertical_scenario,631,172,3,0,2,90,90,15,1,111627,WheelchairAgent(Clone),11,10,1.3,1.17,0,0,True,3,2,0.6666667
2026-03-06_20.33.00,193,sign-optimization-horizontal-vertical_scenario,631,172,3,0,2,90,90,15,1,111628,AdultFemaleAgent(Clone),7,11,1.58,1.450001,2.619141,1,False,2,1,0.5
2026-03-06_20.33.00,193,sign-optimization-horizontal-vertical_scenario,631,172,3,0,2,90,90,15,1,111629,AdultMaleAgent(Clone),6,12,1.71,1.58,2.625,1,False,2,1,0.5
2026-03-06_20.33.00,193,sign-optimization-horizontal-vertical_scenario,631,172,3,0,2,90,90,15,1,111630,WheelchairAgent(Clone),5,10,1.3,1.17,0,0,True,2,1,0.5
2026-03-06_20.33.00,193,sign-optimization-horizontal-vertical_scenario,631,172,3,0,2,90,90,15,1,111631,WheelchairAgent(Clone),7,11,1.3,1.17,1.351563,1,False,2,0,0
2026-03-06_20.33.00,193,sign-optimization-horizontal-vertical_scenario,631,172,3,0,2,90,90,15,1,111632,AdultFemaleAgent(Clone),10,12,1.58,1.45,0,0,False,3,0,0
2026-03-06_20.33.00,193,sign-optimization-horizontal-vertical_scenario,631,172,3,0,2,90,90,15,1,111633,AdultFemaleAgent(Clone),10,12,1.58,1.45,0,0,False,3,0,0
2026-03-06_20.33.00,193,sign-optimization-horizontal-vertical_scenario,631,172,3,0,2,90,90,15,1,111634,AdultFemaleAgent(Clone),7,11,1.58,1.450001,3.894531,1,True,2,1,0.5
2026-03-06_20.33.00,193,sign-optimization-horizontal-vertical_scenario,631,172,3,0,2,90,90,15,1,111635,WheelchairAgent(Clone),11,10,1.3,1.17,0,0,False,3,2,0.6666667
2026-03-06_20.33.00,193,sign-optimization-horizontal-vertical_scenario,631,172,3,0,2,90,90,15,1,111636,WheelchairAgent(Clone),10,12,1.3,1.17,0,0,False,3,0,0
2026-03-06_20.33.00,193,sign-optimization-horizontal-vertical_scenario,631,172,3,0,2,90,90,15,1,111637,AdultFemaleAgent(Clone),5,10,1.58,1.45,0,0,True,2,1,0.5
2026-03-06_20.33.00,193,sign-optimization-horizontal-vertical_scenario,631,172,3,0,2,90,90,15,1,111638,AdultMaleAgent(Clone),5,10,1.71,1.58,0,0,True,2,1,0.5
2026-03-06_20.33.00,193,sign-optimization-horizontal-vertical_scenario,631,172,3,0,2,90,90,15,1,111639,WheelchairAgent(Clone),6,12,1.3,1.17,0,0,False,2,0,0
2026-03-06_20.33.00,193,sign-optimization-horizontal-vertical_scenario,631,172,3,0,2,90,90,15,1,111640,AdultFemaleAgent(Clone),11,10,1.58,1.450001,3.834961,1,True,3,2,0.6666667
2026-03-06_20.33.00,193,sign-optimization-horizontal-vertical_scenario,631,172,3,0,2,90,90,15,1,111641,AdultFemaleAgent(Clone),11,10,1.58,1.450001,0,0,False,3,2,0.6666667
2026-03-06_20.33.00,193,sign-optimization-horizontal-vertical_scenario,631,172,3,0,2,90,90,15,1,111642,AdultFemaleAgent(Clone),7,11,1.58,1.450001,4.19043,1,True,2,1,0.5
2026-03-06_20.33.00,193,sign-optimization-horizontal-vertical_scenario,631,172,3,0,2,90,90,15,1,111643,AdultMaleAgent(Clone),6,12,1.71,1.58,0,0,False,2,1,0.5
2026-03-06_20.33.00,193,sign-optimization-horizontal-vertical_scenario,631,172,3,0,2,90,90,15,1,111644,AdultFemaleAgent(Clone),11,10,1.58,1.450001,2.828125,1,False,3,2,0.6666667
2026-03-06_20.33.00,193,sign-optimization-horizontal-vertical_scenario,631,172,3,0,2,90,90,15,1,111645,AdultMaleAgent(Clone),5,10,1.71,1.58,0,0,True,2,1,0.5
2026-03-06_20.33.00,193,sign-optimization-horizontal-vertical_scenario,631,172,3,0,2,90,90,15,1,111646,AdultFemaleAgent(Clone),6,12,1.58,1.45,0,0,False,2,1,0.5
2026-03-06_20.33.00,193,sign-optimization-horizontal-vertical_scenario,631,172,3,0,2,90,90,15,1,111647,WheelchairAgent(Clone),7,11,1.3,1.17,1.708984,1,False,2,0,0
2026-03-06_20.33.00,193,sign-optimization-horizontal-vertical_scenario,631,172,3,0,2,90,90,15,1,111648,AdultMaleAgent(Clone),6,12,1.71,1.58,0,0,False,2,0,0
2026-03-06_20.33.00,193,sign-optimization-horizontal-vertical_scenario,631,172,3,0,2,90,90,15,1,111649,AdultFemaleAgent(Clone),11,10,1.58,1.450001,0,0,True,3,1,0.3333333
2026-03-06_20.33.00,193,sign-optimization-horizontal-vertical_scenario,631,172,3,0,2,90,90,15,1,111650,WheelchairAgent(Clone),11,10,1.3,1.17,3.264648,1,True,3,2,0.6666667
2026-03-06_20.33.00,193,sign-optimization-horizontal-vertical_scenario,631,172,3,0,2,90,90,15,1,111651,AdultMaleAgent(Clone),5,10,1.71,1.58,0,0,True,2,1,0.5
2026-03-06_20.33.00,193,sign-optimization-horizontal-vertical_scenario,631,172,3,0,2,90,90,15,1,111652,AdultMaleAgent(Clone),10,12,1.71,1.58,0,0,False,3,0,0
2026-03-06_20.33.00,193,sign-optimization-horizontal-vertical_scenario,631,172,3,0,2,90,90,15,1,111653,AdultFemaleAgent(Clone),6,12,1.58,1.45,0,0,False,2,0,0
2026-03-06_20.33.00,193,sign-optimization-horizontal-vertical_scenario,631,172,3,0,2,90,90,15,1,111654,WheelchairAgent(Clone),7,11,1.3,1.17,0,0,False,2,1,0.5
2026-03-06_20.33.00,193,sign-optimization-horizontal-vertical_scenario,631,172,3,0,2,90,90,15,1,111655,AdultFemaleAgent(Clone),5,10,1.58,1.45,0,0,False,2,1,0.5
2026-03-06_20.33.00,193,sign-optimization-horizontal-vertical_scenario,631,172,3,0,2,90,90,15,1,111656,WheelchairAgent(Clone),10,12,1.3,1.17,0,0,False,3,0,0
2026-03-06_20.33.00,193,sign-optimization-horizontal-vertical_scenario,631,172,3,0,2,90,90,15,1,111657,AdultFemaleAgent(Clone),6,12,1.58,1.45,0,0,False,2,0,0
2026-03-06_20.33.00,193,sign-optimization-horizontal-vertical_scenario,631,172,3,0,2,90,90,15,1,111658,AdultMaleAgent(Clone),7,11,1.71,1.58,1.609375,1,False,2,0,0
2026-03-06_20.33.00,193,sign-optimization-horizontal-vertical_scenario,631,172,3,0,2,90,90,15,1,111659,AdultMaleAgent(Clone),6,12,1.71,1.58,0,0,False,2,0,0
2026-03-06_20.33.00,193,sign-optimization-horizontal-vertical_scenario,631,172,3,0,2,90,90,15,1,111660,AdultFemaleAgent(Clone),6,12,1.58,1.45,0,0,False,2,0,0
2026-03-06_20.33.00,193,sign-optimization-horizontal-vertical_scenario,631,172,3,0,2,90,90,15,1,111661,WheelchairAgent(Clone),6,12,1.3,1.17,0,0,False,2,0,0
2026-03-06_20.33.00,193,sign-optimization-horizontal-vertical_scenario,631,172,3,0,2,90,90,15,1,111662,WheelchairAgent(Clone),7,11,1.3,1.17,0,0,False,2,1,0.5
2026-03-06_20.33.00,193,sign-optimization-horizontal-vertical_scenario,631,172,3,0,2,90,90,15,1,111663,AdultMaleAgent(Clone),10,12,1.71,1.58,0,0,False,3,0,0
2026-03-06_20.33.00,193,sign-optimization-horizontal-vertical_scenario,631,172,3,0,2,90,90,15,1,111664,WheelchairAgent(Clone),11,10,1.3,1.17,0,0,False,3,1,0.3333333
2026-03-06_20.33.00,193,sign-optimization-horizontal-vertical_scenario,631,172,3,0,2,90,90,15,1,111665,AdultFemaleAgent(Clone),10,12,1.58,1.45,0,0,False,3,0,0
2026-03-06_20.33.00,193,sign-optimization-horizontal-vertical_scenario,631,172,3,0,2,90,90,15,1,111666,AdultMaleAgent(Clone),6,12,1.71,1.58,0,0,False,2,0,0
2026-03-06_20.33.00,193,sign-optimization-horizontal-vertical_scenario,631,172,3,0,2,90,90,15,1,111667,WheelchairAgent(Clone),6,12,1.3,1.17,0,0,False,2,0,0
2026-03-06_20.33.00,193,sign-optimization-horizontal-vertical_scenario,631,172,3,0,2,90,90,15,1,111668,AdultFemaleAgent(Clone),7,11,1.58,1.450001,1.783203,1,False,2,0,0
2026-03-06_20.33.00,193,sign-optimization-horizontal-vertical_scenario,631,172,3,0,2,90,90,15,1,111669,AdultFemaleAgent(Clone),10,12,1.58,1.45,0,0,False,3,0,0
2026-03-06_20.33.00,193,sign-optimization-horizontal-vertical_scenario,631,172,3,0,2,90,90,15,1,111670,WheelchairAgent(Clone),5,10,1.3,1.17,0,0,False,2,0,0
2026-03-06_20.33.00,193,sign-optimization-horizontal-vertical_scenario,631,172,3,0,2,90,90,15,1,111671,AdultMaleAgent(Clone),6,12,1.71,1.58,0,0,False,2,0,0
2026-03-06_20.33.00,193,sign-optimization-horizontal-vertical_scenario,631,172,3,0,2,90,90,15,1,111672,WheelchairAgent(Clone),10,12,1.3,1.17,0,0,False,3,0,0
2026-03-06_20.33.00,193,sign-optimization-horizontal-vertical_scenario,631,172,3,0,2,90,90,15,1,111673,AdultMaleAgent(Clone),11,10,1.71,1.58,0,0,True,3,1,0.3333333
2026-03-06_20.33.00,193,sign-optimization-horizontal-vertical_scenario,631,172,3,0,2,90,90,15,1,111674,AdultMaleAgent(Clone),11,10,1.71,1.58,0,0,True,3,1,0.3333333
2026-03-06_20.33.00,193,sign-optimization-horizontal-vertical_scenario,631,172,3,0,2,90,90,15,1,111675,AdultFemaleAgent(Clone),10,12,1.58,1.45,0,0,False,3,0,0
2026-03-06_20.33.00,193,sign-optimization-horizontal-vertical_scenario,631,172,3,0,2,90,90,15,1,111676,AdultFemaleAgent(Clone),6,12,1.58,1.45,0,0,False,2,0,0
2026-03-06_20.33.00,193,sign-optimization-horizontal-vertical_scenario,631,172,3,0,2,90,90,15,1,111677,WheelchairAgent(Clone),11,10,1.3,1.17,0,0,False,3,1,0.3333333
2026-03-06_20.33.00,193,sign-optimization-horizontal-vertical_scenario,631,172,3,0,2,90,90,15,1,111678,WheelchairAgent(Clone),5,10,1.3,1.17,0,0,False,2,0,0
2026-03-06_20.33.00,193,sign-optimization-horizontal-vertical_scenario,631,172,3,0,2,90,90,15,1,111679,AdultMaleAgent(Clone),10,12,1.71,1.58,0,0,False,3,0,0
2026-03-06_20.33.00,193,sign-optimization-horizontal-vertical_scenario,631,172,3,0,2,90,90,15,1,111680,AdultFemaleAgent(Clone),6,12,1.58,1.45,0,0,False,2,0,0
2026-03-06_20.33.00,193,sign-optimization-horizontal-vertical_scenario,631,172,3,0,2,90,90,15,1,111681,AdultFemaleAgent(Clone),10,12,1.58,1.45,0,0,False,3,0,0
2026-03-06_20.33.00,193,sign-optimization-horizontal-vertical_scenario,631,172,3,0,2,90,90,15,1,111682,WheelchairAgent(Clone),6,12,1.3,1.17,0,0,False,2,0,0
2026-03-06_20.33.00,193,sign-optimization-horizontal-vertical_scenario,631,172,3,0,2,90,90,15,1,111683,AdultMaleAgent(Clone),7,11,1.71,1.58,0,0,False,2,0,0
2026-03-06_20.33.00,193,sign-optimization-horizontal-vertical_scenario,631,172,3,0,2,90,90,15,1,111684,WheelchairAgent(Clone),11,10,1.3,1.17,0,0,False,3,1,0.3333333
2026-03-06_20.33.00,193,sign-optimization-horizontal-vertical_scenario,631,172,3,0,2,90,90,15,1,111685,AdultMaleAgent(Clone),11,10,1.71,1.58,0,0,True,3,2,0.6666667
2026-03-06_20.33.00,193,sign-optimization-horizontal-vertical_scenario,631,172,3,0,2,90,90,15,1,111686,AdultMaleAgent(Clone),6,12,1.71,1.58,0,0,False,2,0,0
2026-03-06_20.33.00,193,sign-optimization-horizontal-vertical_scenario,631,172,3,0,2,90,90,15,1,111687,AdultMaleAgent(Clone),10,12,1.71,1.58,0,0,False,3,0,0
2026-03-06_20.33.00,193,sign-optimization-horizontal-vertical_scenario,631,172,3,0,2,90,90,15,1,111688,AdultMaleAgent(Clone),7,11,1.71,1.58,0,0,False,2,0,0
2026-03-06_20.33.00,193,sign-optimization-horizontal-vertical_scenario,631,172,3,0,2,90,90,15,1,111689,AdultFemaleAgent(Clone),6,12,1.58,1.45,0,0,False,2,0,0
2026-03-06_20.33.00,193,sign-optimization-horizontal-vertical_scenario,631,172,3,0,2,90,90,15,1,111690,WheelchairAgent(Clone),6,12,1.3,1.17,0,0,False,2,0,0
2026-03-06_20.33.00,193,sign-optimization-horizontal-vertical_scenario,631,172,3,0,2,90,90,15,1,111691,AdultMaleAgent(Clone),11,10,1.71,1.58,0,0,True,3,1,0.3333333
2026-03-06_20.33.00,193,sign-optimization-horizontal-vertical_scenario,631,172,3,0,2,90,90,15,1,111692,WheelchairAgent(Clone),11,10,1.3,1.17,0,0,False,3,0,0
2026-03-06_20.33.00,193,sign-optimization-horizontal-vertical_scenario,631,172,3,0,2,90,90,15,1,111693,WheelchairAgent(Clone),6,12,1.3,1.17,0,0,False,2,0,0
2026-03-06_20.33.00,193,sign-optimization-horizontal-vertical_scenario,631,172,3,0,2,90,90,15,1,111694,WheelchairAgent(Clone),6,12,1.3,1.17,0,0,False,2,0,0
2026-03-06_20.33.00,193,sign-optimization-horizontal-vertical_scenario,631,172,3,0,2,90,90,15,1,111695,AdultFemaleAgent(Clone),11,10,1.58,1.450001,0,0,False,3,0,0
2026-03-06_20.33.00,193,sign-optimization-horizontal-vertical_scenario,631,172,3,0,2,90,90,15,1,111696,AdultFemaleAgent(Clone),10,12,1.58,1.45,0,0,False,3,0,0
2026-03-06_20.33.00,193,sign-optimization-horizontal-vertical_scenario,631,172,3,0,2,90,90,15,1,111697,WheelchairAgent(Clone),10,12,1.3,1.17,0,0,False,3,0,0
2026-03-06_20.33.00,193,sign-optimization-horizontal-vertical_scenario,631,172,3,0,2,90,90,15,1,111698,AdultFemaleAgent(Clone),11,10,1.58,1.450001,0,0,False,3,0,0
2026-03-06_20.33.00,193,sign-optimization-horizontal-vertical_scenario,631,172,3,0,2,90,90,15,1,111699,AdultFemaleAgent(Clone),10,12,1.58,1.45,0,0,False,3,0,0
2026-03-06_20.33.00,193,sign-optimization-horizontal-vertical_scenario,631,172,3,0,2,90,90,15,1,111700,AdultFemaleAgent(Clone),6,12,1.58,1.45,0,0,False,2,0,0
2026-03-06_20.33.00,193,sign-optimization-horizontal-vertical_scenario,631,172,3,0,2,90,90,15,1,111701,WheelchairAgent(Clone),11,10,1.3,1.17,0,0,False,3,1,0.3333333
2026-03-06_20.33.00,193,sign-optimization-horizontal-vertical_scenario,631,172,3,0,2,90,90,15,1,111702,AdultMaleAgent(Clone),6,12,1.71,1.58,0,0,False,2,0,0
2026-03-06_20.33.00,193,sign-optimization-horizontal-vertical_scenario,631,172,3,0,2,90,90,15,1,111703,WheelchairAgent(Clone),10,12,1.3,1.17,0,0,False,3,0,0
2026-03-06_20.33.00,193,sign-optimization-horizontal-vertical_scenario,631,172,3,0,2,90,90,15,1,111704,AdultFemaleAgent(Clone),6,12,1.58,1.45,0,0,False,2,0,0
2026-03-06_20.33.00,193,sign-optimization-horizontal-vertical_scenario,631,172,3,0,2,90,90,15,1,111705,AdultMaleAgent(Clone),10,12,1.71,1.58,0,0,False,3,0,0
2026-03-06_20.33.00,193,sign-optimization-horizontal-vertical_scenario,631,172,3,0,2,90,90,15,1,111706,AdultMaleAgent(Clone),5,10,1.71,1.58,0,0,False,2,0,0
2026-03-06_20.33.00,193,sign-optimization-horizontal-vertical_scenario,631,172,3,0,2,90,90,15,1,111707,WheelchairAgent(Clone),7,11,1.3,1.17,0,0,False,2,0,0
2026-03-06_20.33.00,193,sign-optimization-horizontal-vertical_scenario,631,172,3,0,2,90,90,15,1,111708,WheelchairAgent(Clone),11,10,1.3,1.17,0,0,False,3,0,0
2026-03-06_20.33.00,193,sign-optimization-horizontal-vertical_scenario,631,172,3,0,2,90,90,15,1,111709,WheelchairAgent(Clone),11,10,1.3,1.17,0,0,False,3,1,0.3333333
2026-03-06_20.33.00,193,sign-optimization-horizontal-vertical_scenario,631,172,3,0,2,90,90,15,1,111710,WheelchairAgent(Clone),5,10,1.3,1.17,0,0,False,2,0,0
2026-03-06_20.33.00,193,sign-optimization-horizontal-vertical_scenario,631,172,3,0,2,90,90,15,1,111711,AdultMaleAgent(Clone),7,11,1.71,1.58,0,0,False,2,0,0
2026-03-06_20.33.00,193,sign-optimization-horizontal-vertical_scenario,631,172,3,0,2,90,90,15,1,111712,AdultMaleAgent(Clone),11,10,1.71,1.58,0,0,False,3,0,0
2026-03-06_20.33.00,193,sign-optimization-horizontal-vertical_scenario,631,172,3,0,2,90,90,15,1,111713,WheelchairAgent(Clone),11,10,1.3,1.17,0,0,False,3,0,0
2026-03-06_20.33.00,193,sign-optimization-horizontal-vertical_scenario,631,172,3,0,2,90,90,15,1,111714,AdultMaleAgent(Clone),10,12,1.71,1.58,0,0,False,3,0,0
2026-03-06_20.33.00,193,sign-optimization-horizontal-vertical_scenario,631,172,3,0,2,90,90,15,1,111715,WheelchairAgent(Clone),6,12,1.3,1.17,0,0,False,2,0,0
2026-03-06_20.33.00,193,sign-optimization-horizontal-vertical_scenario,631,172,3,0,2,90,90,15,1,111716,AdultFemaleAgent(Clone),7,11,1.58,1.450001,0,0,False,2,0,0
2026-03-06_20.33.00,193,sign-optimization-horizontal-vertical_scenario,631,172,3,0,2,90,90,15,1,111717,AdultFemaleAgent(Clone),6,12,1.58,1.45,0,0,False,2,0,0
2026-03-06_20.33.00,193,sign-optimization-horizontal-vertical_scenario,631,172,3,0,2,90,90,15,1,111718,AdultFemaleAgent(Clone),6,12,1.58,1.45,0,0,False,2,0,0
2026-03-06_20.33.00,193,sign-optimization-horizontal-vertical_scenario,631,172,3,0,2,90,90,15,1,111719,AdultMaleAgent(Clone),10,12,1.71,1.58,0,0,False,3,0,0
2026-03-06_20.33.00,193,sign-optimization-horizontal-vertical_scenario,631,172,3,0,2,90,90,15,1,111720,AdultMaleAgent(Clone),11,10,1.71,1.58,0,0,False,3,0,0
2026-03-06_20.33.00,193,sign-optimization-horizontal-vertical_scenario,631,172,3,0,2,90,90,15,1,111721,WheelchairAgent(Clone),6,12,1.3,1.17,0,0,False,2,0,0
2026-03-06_20.33.00,193,sign-optimization-horizontal-vertical_scenario,631,172,3,0,2,90,90,15,1,111722,WheelchairAgent(Clone),6,12,1.3,1.17,0,0,False,2,0,0
2026-03-06_20.33.00,193,sign-optimization-horizontal-vertical_scenario,631,172,3,0,2,90,90,15,1,111723,WheelchairAgent(Clone),6,12,1.3,1.17,0,0,False,2,0,0
2026-03-06_20.33.00,193,sign-optimization-horizontal-vertical_scenario,631,172,3,0,2,90,90,15,1,111724,AdultMaleAgent(Clone),6,12,1.71,1.58,0,0,False,2,0,0
2026-03-06_20.33.00,193,sign-optimization-horizontal-vertical_scenario,631,172,3,0,2,90,90,15,1,111725,AdultFemaleAgent(Clone),11,10,1.58,1.450001,0,0,False,3,0,0
2026-03-06_20.33.00,193,sign-optimization-horizontal-vertical_scenario,631,172,3,0,2,90,90,15,1,111726,WheelchairAgent(Clone),7,11,1.3,1.17,0,0,False,2,0,0
2026-03-06_20.33.00,193,sign-optimization-horizontal-vertical_scenario,631,172,3,0,2,90,90,15,1,111727,AdultMaleAgent(Clone),5,10,1.71,1.58,0,0,False,2,0,0
2026-03-06_20.33.00,193,sign-optimization-horizontal-vertical_scenario,631,172,3,0,2,90,90,15,1,111728,AdultMaleAgent(Clone),10,12,1.71,1.58,0,0,False,3,0,0
2026-03-06_20.33.00,193,sign-optimization-horizontal-vertical_scenario,631,172,3,0,2,90,90,15,1,111729,AdultFemaleAgent(Clone),5,10,1.58,1.45,0,0,False,2,0,0
2026-03-06_20.33.00,193,sign-optimization-horizontal-vertical_scenario,631,172,3,0,2,90,90,15,1,111730,AdultFemaleAgent(Clone),7,11,1.58,1.450001,0,0,False,2,0,0
2026-03-06_20.33.00,193,sign-optimization-horizontal-vertical_scenario,631,172,3,0,2,90,90,15,1,111731,WheelchairAgent(Clone),5,10,1.3,1.17,0,0,False,2,0,0
2026-03-06_20.33.00,193,sign-optimization-horizontal-vertical_scenario,631,172,3,0,2,90,90,15,1,111732,AdultMaleAgent(Clone),10,12,1.71,1.58,0,0,False,3,0,0
2026-03-06_20.33.00,193,sign-optimization-horizontal-vertical_scenario,631,172,3,0,2,90,90,15,1,111733,AdultFemaleAgent(Clone),11,10,1.58,1.450001,0,0,False,3,0,0
2026-03-06_20.33.00,193,sign-optimization-horizontal-vertical_scenario,631,172,3,0,2,90,90,15,1,111734,AdultFemaleAgent(Clone),6,12,1.58,1.45,0,0,False,2,0,0
2026-03-06_20.33.00,193,sign-optimization-horizontal-vertical_scenario,631,172,3,0,2,90,90,15,1,111735,AdultFemaleAgent(Clone),11,10,1.58,1.450001,0,0,False,3,0,0
2026-03-06_20.33.00,193,sign-optimization-horizontal-vertical_scenario,631,172,3,0,2,90,90,15,1,111736,AdultMaleAgent(Clone),6,12,1.71,1.58,0,0,False,2,0,0
2026-03-06_20.33.00,193,sign-optimization-horizontal-vertical_scenario,631,172,3,0,2,90,90,15,1,111737,AdultFemaleAgent(Clone),5,10,1.58,1.45,0,0,False,2,0,0
2026-03-06_20.33.00,193,sign-optimization-horizontal-vertical_scenario,631,172,3,0,2,90,90,15,1,111738,WheelchairAgent(Clone),6,12,1.3,1.17,0,0,False,2,0,0
2026-03-06_20.33.00,193,sign-optimization-horizontal-vertical_scenario,631,172,3,0,2,90,90,15,1,111739,WheelchairAgent(Clone),10,12,1.3,1.17,0,0,False,3,0,0
2026-03-06_20.33.00,193,sign-optimization-horizontal-vertical_scenario,631,172,3,0,2,90,90,15,1,111740,WheelchairAgent(Clone),5,10,1.3,1.17,0,0,False,2,0,0
2026-03-06_20.33.00,193,sign-optimization-horizontal-vertical_scenario,631,172,3,0,2,90,90,15,1,111741,AdultMaleAgent(Clone),11,10,1.71,1.58,0,0,False,3,0,0
2026-03-06_20.33.00,193,sign-optimization-horizontal-vertical_scenario,631,172,3,0,2,90,90,15,1,111742,AdultMaleAgent(Clone),7,11,1.71,1.58,0,0,False,2,0,0
2026-03-06_20.33.00,193,sign-optimization-horizontal-vertical_scenario,631,172,3,0,2,90,90,15,1,111743,AdultMaleAgent(Clone),7,11,1.71,1.58,0,0,False,2,0,0
2026-03-06_20.33.00,193,sign-optimization-horizontal-vertical_scenario,631,172,3,0,2,90,90,15,1,111744,AdultFemaleAgent(Clone),6,12,1.58,1.45,0,0,False,2,0,0
2026-03-06_20.33.00,193,sign-optimization-horizontal-vertical_scenario,631,172,3,0,2,90,90,15,1,111745,AdultMaleAgent(Clone),5,10,1.71,1.58,0,0,False,2,0,0
2026-03-06_20.33.00,193,sign-optimization-horizontal-vertical_scenario,631,172,3,0,2,90,90,15,1,111746,WheelchairAgent(Clone),5,10,1.3,1.17,0,0,False,2,0,0
2026-03-06_20.33.00,193,sign-optimization-horizontal-vertical_scenario,631,172,3,0,2,90,90,15,1,111747,WheelchairAgent(Clone),7,11,1.3,1.17,0,0,False,2,0,0
2026-03-06_20.33.00,193,sign-optimization-horizontal-vertical_scenario,631,172,3,0,2,90,90,15,1,111748,WheelchairAgent(Clone),6,12,1.3,1.17,0,0,False,2,0,0
2026-03-06_20.33.00,193,sign-optimization-horizontal-vertical_scenario,631,172,3,0,2,90,90,15,1,111749,AdultMaleAgent(Clone),10,12,1.71,1.58,0,0,False,3,0,0
2026-03-06_20.33.00,193,sign-optimization-horizontal-vertical_scenario,631,172,3,0,2,90,90,15,1,111750,AdultMaleAgent(Clone),10,12,1.71,1.58,0,0,False,3,0,0
2026-03-06_20.33.00,193,sign-optimization-horizontal-vertical_scenario,631,172,3,0,2,90,90,15,1,111751,WheelchairAgent(Clone),5,10,1.3,1.17,0,0,False,2,0,0
2026-03-06_20.33.00,193,sign-optimization-horizontal-vertical_scenario,631,172,3,0,2,90,90,15,1,111752,WheelchairAgent(Clone),5,10,1.3,1.17,0,0,False,2,0,0
2026-03-06_20.33.00,193,sign-optimization-horizontal-vertical_scenario,631,172,3,0,2,90,90,15,1,111753,AdultMaleAgent(Clone),5,10,1.71,1.58,0,0,False,2,0,0
2026-03-06_20.33.00,193,sign-optimization-horizontal-vertical_scenario,631,172,3,0,2,90,90,15,1,111754,AdultFemaleAgent(Clone),6,12,1.58,1.45,0,0,False,2,0,0
2026-03-06_20.33.00,193,sign-optimization-horizontal-vertical_scenario,631,172,3,0,2,90,90,15,1,111755,AdultFemaleAgent(Clone),11,10,1.58,1.450001,0,0,False,3,0,0
2026-03-06_20.33.00,193,sign-optimization-horizontal-vertical_scenario,631,172,3,0,2,90,90,15,1,111756,AdultFemaleAgent(Clone),11,10,1.58,1.450001,0,0,False,3,0,0
2026-03-06_20.33.00,193,sign-optimization-horizontal-vertical_scenario,631,172,3,0,2,90,90,15,1,111757,AdultMaleAgent(Clone),7,11,1.71,1.58,0,0,False,2,0,0
2026-03-06_20.33.00,193,sign-optimization-horizontal-vertical_scenario,631,172,3,0,2,90,90,15,1,111758,AdultMaleAgent(Clone),11,10,1.71,1.58,0,0,False,3,0,0
2026-03-06_20.33.00,193,sign-optimization-horizontal-vertical_scenario,631,172,3,0,2,90,90,15,1,111759,AdultMaleAgent(Clone),7,11,1.71,1.58,0,0,False,2,0,0
2026-03-06_20.33.00,193,sign-optimization-horizontal-vertical_scenario,631,172,3,0,2,90,90,15,1,111760,AdultMaleAgent(Clone),11,10,1.71,1.58,0,0,False,3,0,0
2026-03-06_20.33.00,193,sign-optimization-horizontal-vertical_scenario,631,172,3,0,2,90,90,15,1,111761,AdultFemaleAgent(Clone),7,11,1.58,1.450001,0,0,False,2,0,0
2026-03-06_20.33.00,193,sign-optimization-horizontal-vertical_scenario,631,172,3,0,2,90,90,15,1,111762,AdultFemaleAgent(Clone),5,10,1.58,1.45,0,0,False,2,0,0
2026-03-06_20.33.00,193,sign-optimization-horizontal-vertical_scenario,631,172,3,0,2,90,90,15,1,111763,AdultMaleAgent(Clone),5,10,1.71,1.58,0,0,False,2,0,0
2026-03-06_20.33.00,193,sign-optimization-horizontal-vertical_scenario,631,172,3,0,2,90,90,15,1,111764,WheelchairAgent(Clone),6,12,1.3,1.17,0,0,False,2,0,0
2026-03-06_20.33.00,193,sign-optimization-horizontal-vertical_scenario,631,172,3,0,2,90,90,15,1,111765,WheelchairAgent(Clone),7,11,1.3,1.17,0,0,False,2,0,0
2026-03-06_20.33.00,193,sign-optimization-horizontal-vertical_scenario,631,172,3,0,2,90,90,15,1,111766,WheelchairAgent(Clone),5,10,1.3,1.17,0,0,False,2,0,0
2026-03-06_20.33.00,193,sign-optimization-horizontal-vertical_scenario,631,172,3,0,2,90,90,15,1,111767,AdultFemaleAgent(Clone),6,12,1.58,1.45,0,0,False,2,0,0
2026-03-06_20.33.00,193,sign-optimization-horizontal-vertical_scenario,631,172,3,0,2,90,90,15,1,111768,AdultMaleAgent(Clone),5,10,1.71,1.58,0,0,False,2,0,0
2026-03-06_20.33.00,193,sign-optimization-horizontal-vertical_scenario,631,172,3,0,2,90,90,15,1,111769,AdultMaleAgent(Clone),5,10,1.71,1.58,0,0,False,2,0,0
2026-03-06_20.33.00,193,sign-optimization-horizontal-vertical_scenario,631,172,3,0,2,90,90,15,1,111770,AdultFemaleAgent(Clone),6,12,1.58,1.45,0,0,False,2,0,0
2026-03-06_20.33.00,193,sign-optimization-horizontal-vertical_scenario,631,172,3,0,2,90,90,15,1,111771,WheelchairAgent(Clone),10,12,1.3,1.17,0,0,False,3,0,0
2026-03-06_20.33.00,193,sign-optimization-horizontal-vertical_scenario,631,172,3,0,2,90,90,15,1,111772,AdultMaleAgent(Clone),6,12,1.71,1.58,0,0,False,2,0,0
2026-03-06_20.33.00,193,sign-optimization-horizontal-vertical_scenario,631,172,3,0,2,90,90,15,1,111773,WheelchairAgent(Clone),11,10,1.3,1.17,0,0,False,3,0,0
2026-03-06_20.33.00,193,sign-optimization-horizontal-vertical_scenario,631,172,3,0,2,90,90,15,1,111774,AdultFemaleAgent(Clone),6,12,1.58,1.45,0,0,False,2,0,0
2026-03-06_20.33.00,193,sign-optimization-horizontal-vertical_scenario,631,172,3,0,2,90,90,15,1,111775,AdultFemaleAgent(Clone),5,10,1.58,1.45,0,0,False,2,0,0
2026-03-06_20.33.00,193,sign-optimization-horizontal-vertical_scenario,631,172,3,0,2,90,90,15,1,111776,AdultFemaleAgent(Clone),11,10,1.58,1.450001,0,0,False,3,0,0
2026-03-06_20.33.00,193,sign-optimization-horizontal-vertical_scenario,631,172,3,0,2,90,90,15,1,111777,WheelchairAgent(Clone),6,12,1.3,1.17,0,0,False,2,0,0
2026-03-06_20.33.00,193,sign-optimization-horizontal-vertical_scenario,631,172,3,0,2,90,90,15,1,111778,AdultMaleAgent(Clone),7,11,1.71,1.58,0,0,False,2,0,0
2026-03-06_20.33.00,193,sign-optimization-horizontal-vertical_scenario,631,172,3,0,2,90,90,15,1,111779,AdultFemaleAgent(Clone),5,10,1.58,1.45,0,0,False,2,0,0
2026-03-06_20.33.00,193,sign-optimization-horizontal-vertical_scenario,631,172,3,0,2,90,90,15,1,111780,AdultMaleAgent(Clone),5,10,1.71,1.58,0,0,False,2,0,0
2026-03-06_20.33.00,193,sign-optimization-horizontal-vertical_scenario,631,172,3,0,2,90,90,15,1,111781,AdultFemaleAgent(Clone),5,10,1.58,1.45,0,0,False,2,0,0
2026-03-06_20.33.00,193,sign-optimization-horizontal-vertical_scenario,631,172,3,0,2,90,90,15,1,111782,AdultFemaleAgent(Clone),5,10,1.58,1.45,0,0,False,2,0,0
2026-03-06_20.33.00,193,sign-optimization-horizontal-vertical_scenario,631,172,3,0,2,90,90,15,1,111783,AdultMaleAgent(Clone),7,11,1.71,1.58,0,0,False,2,0,0
2026-03-06_20.33.00,193,sign-optimization-horizontal-vertical_scenario,631,172,3,0,2,90,90,15,1,111784,WheelchairAgent(Clone),11,10,1.3,1.17,0,0,False,3,0,0
2026-03-06_20.33.00,193,sign-optimization-horizontal-vertical_scenario,631,172,3,0,2,90,90,15,1,111785,WheelchairAgent(Clone),6,12,1.3,1.17,0,0,False,2,0,0
2026-03-06_20.33.00,193,sign-optimization-horizontal-vertical_scenario,631,172,3,0,2,90,90,15,1,111786,AdultMaleAgent(Clone),11,10,1.71,1.58,0,0,False,3,0,0
2026-03-06_20.33.00,193,sign-optimization-horizontal-vertical_scenario,631,172,3,0,2,90,90,15,1,111787,WheelchairAgent(Clone),6,12,1.3,1.17,0,0,False,2,0,0
2026-03-06_20.33.00,193,sign-optimization-horizontal-vertical_scenario,631,172,3,0,2,90,90,15,1,111788,AdultFemaleAgent(Clone),5,10,1.58,1.45,0,0,False,2,0,0
2026-03-06_20.33.00,193,sign-optimization-horizontal-vertical_scenario,631,172,3,0,2,90,90,15,1,111789,WheelchairAgent(Clone),10,12,1.3,1.17,0,0,False,3,0,0
2026-03-06_20.33.00,193,sign-optimization-horizontal-vertical_scenario,631,172,3,0,2,90,90,15,1,111790,AdultMaleAgent(Clone),6,12,1.71,1.58,0,0,False,2,0,0
2026-03-06_20.33.00,193,sign-optimization-horizontal-vertical_scenario,631,172,3,0,2,90,90,15,1,111791,AdultMaleAgent(Clone),6,12,1.71,1.58,0,0,False,2,0,0
2026-03-06_20.33.00,193,sign-optimization-horizontal-vertical_scenario,631,172,3,0,2,90,90,15,1,111792,AdultFemaleAgent(Clone),5,10,1.58,1.45,0,0,False,2,0,0
2026-03-06_20.33.00,193,sign-optimization-horizontal-vertical_scenario,631,172,3,0,2,90,90,15,1,111793,WheelchairAgent(Clone),10,12,1.3,1.17,0,0,False,3,0,0
2026-03-06_20.33.00,193,sign-optimization-horizontal-vertical_scenario,631,172,3,0,2,90,90,15,1,111794,AdultMaleAgent(Clone),11,10,1.71,1.58,0,0,False,3,0,0
2026-03-06_20.33.00,193,sign-optimization-horizontal-vertical_scenario,631,172,3,0,2,90,90,15,1,111795,AdultFemaleAgent(Clone),6,12,1.58,1.45,0,0,False,2,0,0
2026-03-06_20.33.00,193,sign-optimization-horizontal-vertical_scenario,631,172,3,0,2,90,90,15,1,111796,AdultFemaleAgent(Clone),11,10,1.58,1.450001,0,0,False,3,0,0
2026-03-06_20.33.00,193,sign-optimization-horizontal-vertical_scenario,631,172,3,0,2,90,90,15,1,111797,AdultMaleAgent(Clone),6,12,1.71,1.58,0,0,False,2,0,0
2026-03-06_20.33.00,193,sign-optimization-horizontal-vertical_scenario,631,172,3,0,2,90,90,15,1,111798,WheelchairAgent(Clone),6,12,1.3,1.17,0,0,False,2,0,0
2026-03-06_20.33.00,193,sign-optimization-horizontal-vertical_scenario,631,172,3,0,2,90,90,15,1,111799,WheelchairAgent(Clone),11,10,1.3,1.17,0,0,False,3,0,0
2026-03-06_20.33.00,193,sign-optimization-horizontal-vertical_scenario,631,172,3,0,2,90,90,15,1,111800,AdultMaleAgent(Clone),7,11,1.71,1.58,0,0,False,2,0,0
2026-03-06_20.33.00,193,sign-optimization-horizontal-vertical_scenario,631,172,3,0,2,90,90,15,1,111801,AdultFemaleAgent(Clone),11,10,1.58,1.450001,0,0,False,3,0,0
2026-03-06_20.33.00,193,sign-optimization-horizontal-vertical_scenario,631,172,3,0,2,90,90,15,1,111802,WheelchairAgent(Clone),7,11,1.3,1.17,0,0,False,2,0,0
2026-03-06_20.33.00,193,sign-optimization-horizontal-vertical_scenario,631,172,3,0,2,90,90,15,1,111803,AdultMaleAgent(Clone),10,12,1.71,1.58,0,0,False,3,0,0
2026-03-06_20.33.00,193,sign-optimization-horizontal-vertical_scenario,631,172,3,0,2,90,90,15,1,111804,WheelchairAgent(Clone),5,10,1.3,1.17,0,0,False,2,0,0
2026-03-06_20.33.00,193,sign-optimization-horizontal-vertical_scenario,631,172,3,0,2,90,90,15,1,111805,WheelchairAgent(Clone),11,10,1.3,1.17,0,0,False,3,0,0
2026-03-06_20.33.00,193,sign-optimization-horizontal-vertical_scenario,631,172,3,0,2,90,90,15,1,111806,AdultMaleAgent(Clone),6,12,1.71,1.58,0,0,False,2,0,0
2026-03-06_20.33.00,193,sign-optimization-horizontal-vertical_scenario,631,172,3,0,2,90,90,15,1,111807,AdultMaleAgent(Clone),10,12,1.71,1.58,0,0,False,3,0,0
2026-03-06_20.33.00,193,sign-optimization-horizontal-vertical_scenario,631,172,3,0,2,90,90,15,1,111808,AdultFemaleAgent(Clone),7,11,1.58,1.450001,0,0,False,2,0,0
2026-03-06_20.33.00,193,sign-optimization-horizontal-vertical_scenario,631,172,3,0,2,90,90,15,1,111809,AdultMaleAgent(Clone),10,12,1.71,1.58,0,0,False,3,0,0
2026-03-06_20.33.00,193,sign-optimization-horizontal-vertical_scenario,631,172,3,0,2,90,90,15,1,111810,AdultMaleAgent(Clone),7,11,1.71,1.58,0,0,False,2,0,0
2026-03-06_20.33.00,193,sign-optimization-horizontal-vertical_scenario,631,172,3,0,2,90,90,15,1,111811,AdultFemaleAgent(Clone),11,10,1.58,1.450001,0,0,False,3,0,0
2026-03-06_20.33.00,193,sign-optimization-horizontal-vertical_scenario,631,172,3,0,2,90,90,15,1,111812,AdultMaleAgent(Clone),6,12,1.71,1.58,0,0,False,2,0,0
2026-03-06_20.33.00,193,sign-optimization-horizontal-vertical_scenario,631,172,3,0,2,90,90,15,1,111813,AdultMaleAgent(Clone),11,10,1.71,1.58,0,0,False,3,0,0
2026-03-06_20.33.00,193,sign-optimization-horizontal-vertical_scenario,631,172,3,0,2,90,90,15,1,111814,WheelchairAgent(Clone),7,11,1.3,1.17,0,0,False,2,0,0
2026-03-06_20.33.00,193,sign-optimization-horizontal-vertical_scenario,631,172,3,0,2,90,90,15,1,111815,WheelchairAgent(Clone),6,12,1.3,1.17,0,0,False,2,0,0
2026-03-06_20.33.00,193,sign-optimization-horizontal-vertical_scenario,631,172,3,0,2,90,90,15,1,111816,AdultMaleAgent(Clone),6,12,1.71,1.58,0,0,False,2,0,0
2026-03-06_20.33.00,193,sign-optimization-horizontal-vertical_scenario,631,172,3,0,2,90,90,15,1,111817,AdultMaleAgent(Clone),10,12,1.71,1.58,0,0,False,3,0,0
2026-03-06_20.33.00,193,sign-optimization-horizontal-vertical_scenario,631,172,3,0,2,90,90,15,1,111818,AdultMaleAgent(Clone),6,12,1.71,1.58,0,0,False,2,0,0
2026-03-06_20.33.00,193,sign-optimization-horizontal-vertical_scenario,631,172,3,0,2,90,90,15,1,111819,AdultMaleAgent(Clone),7,11,1.71,1.58,0,0,False,2,0,0
2026-03-06_20.33.00,193,sign-optimization-horizontal-vertical_scenario,631,172,3,0,2,90,90,15,1,111820,WheelchairAgent(Clone),6,12,1.3,1.17,0,0,False,2,0,0
2026-03-06_20.33.00,193,sign-optimization-horizontal-vertical_scenario,631,172,3,0,2,90,90,15,1,111821,AdultFemaleAgent(Clone),11,10,1.58,1.450001,0,0,False,3,0,0
2026-03-06_20.33.00,193,sign-optimization-horizontal-vertical_scenario,631,172,3,0,2,90,90,15,1,111822,AdultMaleAgent(Clone),6,12,1.71,1.58,0,0,False,2,0,0
2026-03-06_20.33.00,193,sign-optimization-horizontal-vertical_scenario,631,172,3,0,2,90,90,15,1,111823,AdultFemaleAgent(Clone),11,10,1.58,1.450001,0,0,False,3,0,0
2026-03-06_20.33.00,193,sign-optimization-horizontal-vertical_scenario,631,172,3,0,2,90,90,15,1,111824,WheelchairAgent(Clone),6,12,1.3,1.17,0,0,False,2,0,0
2026-03-06_20.33.00,193,sign-optimization-horizontal-vertical_scenario,631,172,3,0,2,90,90,15,1,111825,AdultFemaleAgent(Clone),5,10,1.58,1.45,0,0,False,2,0,0
2026-03-06_20.33.00,193,sign-optimization-horizontal-vertical_scenario,631,172,3,0,2,90,90,15,1,111826,AdultFemaleAgent(Clone),7,11,1.58,1.450001,0,0,False,2,0,0
2026-03-06_20.33.00,193,sign-optimization-horizontal-vertical_scenario,631,172,3,0,2,90,90,15,1,111827,WheelchairAgent(Clone),6,12,1.3,1.17,0,0,False,2,0,0
