Timestamp,RunIndex,ScenarioID,TotalAgents,VisibleSignCount,SignHeight,SignPositionX,SignPositionZ,SignOrientation,VcaAngle,VcaDistance,SignComprehensionTime,AgentID,AgentType,StartNode,GoalNode,Height,EyeHeight,TimeInVCA,TimesInVCA,SawSign,TotalNodesNavigated,NodesWithDetection,RDEffective
2026-03-07_01.24.50,174,sign-optimization-horizontal-vertical_scenario,610,292,3,-1,1,0,90,15,1,100258,AdultMaleAgent(Clone),11,10,1.71,1.58,9.925781,1,False,3,0,0
2026-03-07_01.24.50,174,sign-optimization-horizontal-vertical_scenario,610,292,3,-1,1,0,90,15,1,100259,WheelchairAgent(Clone),5,10,1.3,1.17,1.817383,2,False,2,1,0.5
2026-03-07_01.24.50,174,sign-optimization-horizontal-vertical_scenario,610,292,3,-1,1,0,90,15,1,100260,WheelchairAgent(Clone),6,12,1.3,1.17,6.796875,2,True,2,1,0.5
2026-03-07_01.24.50,174,sign-optimization-horizontal-vertical_scenario,610,292,3,-1,1,0,90,15,1,100261,AdultFemaleAgent(Clone),5,10,1.58,1.45,1.149414,1,False,2,0,0
2026-03-07_01.24.50,174,sign-optimization-horizontal-vertical_scenario,610,292,3,-1,1,0,90,15,1,100262,AdultFemaleAgent(Clone),11,10,1.58,1.450001,8.442383,1,False,3,0,0
2026-03-07_01.24.50,174,sign-optimization-horizontal-vertical_scenario,610,292,3,-1,1,0,90,15,1,100263,AdultMaleAgent(Clone),6,12,1.71,1.58,8.191406,2,True,2,1,0.5
2026-03-07_01.24.50,174,sign-optimization-horizontal-vertical_scenario,610,292,3,-1,1,0,90,15,1,100264,AdultMaleAgent(Clone),7,11,1.71,1.58,9.296875,1,True,2,1,0.5
2026-03-07_01.24.50,174,sign-optimization-horizontal-vertical_scenario,610,292,3,-1,1,0,90,15,1,100265,WheelchairAgent(Clone),10,12,1.3,1.17,6.53125,2,True,3,1,0.3333333
2026-03-07_01.24.50,174,sign-optimization-horizontal-vertical_scenario,610,292,3,-1,1,0,90,15,1,100266,AdultMaleAgent(Clone),11,10,1.71,1.58,7.973633,1,False,3,0,0
2026-03-07_01.24.50,174,sign-optimization-horizontal-vertical_scenario,610,292,3,-1,1,0,90,15,1,100267,AdultFemaleAgent(Clone),11,10,1.58,1.450001,7.78125,1,False,3,0,0
2026-03-07_01.24.50,174,sign-optimization-horizontal-vertical_scenario,610,292,3,-1,1,0,90,15,1,100268,AdultMaleAgent(Clone),6,12,1.71,1.58,8.701172,2,True,2,1,0.5
2026-03-07_01.24.50,174,sign-optimization-horizontal-vertical_scenario,610,292,3,-1,1,0,90,15,1,100269,WheelchairAgent(Clone),5,10,1.3,1.17,2.072266,2,True,2,1,0.5
2026-03-07_01.24.50,174,sign-optimization-horizontal-vertical_scenario,610,292,3,-1,1,0,90,15,1,100270,AdultMaleAgent(Clone),11,10,1.71,1.58,8.610352,1,False,3,0,0
2026-03-07_01.24.50,174,sign-optimization-horizontal-vertical_scenario,610,292,3,-1,1,0,90,15,1,100271,AdultFemaleAgent(Clone),5,10,1.58,1.45,1.763672,1,False,2,0,0
2026-03-07_01.24.50,174,sign-optimization-horizontal-vertical_scenario,610,292,3,-1,1,0,90,15,1,100272,AdultMaleAgent(Clone),6,12,1.71,1.58,8.939453,2,True,2,1,0.5
2026-03-07_01.24.50,174,sign-optimization-horizontal-vertical_scenario,610,292,3,-1,1,0,90,15,1,100273,AdultFemaleAgent(Clone),6,12,1.58,1.45,16.13574,2,True,2,1,0.5
2026-03-07_01.24.50,174,sign-optimization-horizontal-vertical_scenario,610,292,3,-1,1,0,90,15,1,100274,WheelchairAgent(Clone),5,10,1.3,1.17,1.336914,1,False,2,0,0
2026-03-07_01.24.50,174,sign-optimization-horizontal-vertical_scenario,610,292,3,-1,1,0,90,15,1,100275,AdultMaleAgent(Clone),7,11,1.71,1.58,10.44238,1,True,2,1,0.5
2026-03-07_01.24.50,174,sign-optimization-horizontal-vertical_scenario,610,292,3,-1,1,0,90,15,1,100276,AdultMaleAgent(Clone),10,12,1.71,1.58,6.666016,2,True,3,1,0.3333333
2026-03-07_01.24.50,174,sign-optimization-horizontal-vertical_scenario,610,292,3,-1,1,0,90,15,1,100277,AdultFemaleAgent(Clone),7,11,1.58,1.450001,8.285156,1,True,2,1,0.5
2026-03-07_01.24.50,174,sign-optimization-horizontal-vertical_scenario,610,292,3,-1,1,0,90,15,1,100278,AdultFemaleAgent(Clone),5,10,1.58,1.45,1.288086,1,False,2,0,0
2026-03-07_01.24.50,174,sign-optimization-horizontal-vertical_scenario,610,292,3,-1,1,0,90,15,1,100279,AdultMaleAgent(Clone),11,10,1.71,1.58,8.161133,1,False,3,0,0
2026-03-07_01.24.50,174,sign-optimization-horizontal-vertical_scenario,610,292,3,-1,1,0,90,15,1,100280,WheelchairAgent(Clone),7,11,1.3,1.17,8.012695,1,True,2,1,0.5
2026-03-07_01.24.50,174,sign-optimization-horizontal-vertical_scenario,610,292,3,-1,1,0,90,15,1,100281,AdultFemaleAgent(Clone),7,11,1.58,1.450001,9.216797,1,True,2,1,0.5
2026-03-07_01.24.50,174,sign-optimization-horizontal-vertical_scenario,610,292,3,-1,1,0,90,15,1,100282,AdultFemaleAgent(Clone),5,10,1.58,1.45,1.761719,1,False,2,0,0
2026-03-07_01.24.50,174,sign-optimization-horizontal-vertical_scenario,610,292,3,-1,1,0,90,15,1,100283,AdultFemaleAgent(Clone),5,10,1.58,1.45,2.194336,2,False,2,1,0.5
2026-03-07_01.24.50,174,sign-optimization-horizontal-vertical_scenario,610,292,3,-1,1,0,90,15,1,100284,AdultMaleAgent(Clone),10,12,1.71,1.58,7.105469,2,True,3,1,0.3333333
2026-03-07_01.24.50,174,sign-optimization-horizontal-vertical_scenario,610,292,3,-1,1,0,90,15,1,100285,WheelchairAgent(Clone),6,12,1.3,1.17,7.941406,2,True,2,1,0.5
2026-03-07_01.24.50,174,sign-optimization-horizontal-vertical_scenario,610,292,3,-1,1,0,90,15,1,100286,AdultFemaleAgent(Clone),6,12,1.58,1.45,8.776367,2,True,2,1,0.5
2026-03-07_01.24.50,174,sign-optimization-horizontal-vertical_scenario,610,292,3,-1,1,0,90,15,1,100287,WheelchairAgent(Clone),10,12,1.3,1.17,6.310547,2,True,3,1,0.3333333
2026-03-07_01.24.50,174,sign-optimization-horizontal-vertical_scenario,610,292,3,-1,1,0,90,15,1,100288,WheelchairAgent(Clone),6,12,1.3,1.17,7.416016,2,True,2,1,0.5
2026-03-07_01.24.50,174,sign-optimization-horizontal-vertical_scenario,610,292,3,-1,1,0,90,15,1,100289,WheelchairAgent(Clone),10,12,1.3,1.17,6.205078,2,True,3,1,0.3333333
2026-03-07_01.24.50,174,sign-optimization-horizontal-vertical_scenario,610,292,3,-1,1,0,90,15,1,100290,AdultMaleAgent(Clone),5,10,1.71,1.58,2.564453,2,True,2,1,0.5
2026-03-07_01.24.50,174,sign-optimization-horizontal-vertical_scenario,610,292,3,-1,1,0,90,15,1,100291,AdultFemaleAgent(Clone),6,12,1.58,1.45,7.199219,2,True,2,1,0.5
2026-03-07_01.24.50,174,sign-optimization-horizontal-vertical_scenario,610,292,3,-1,1,0,90,15,1,100292,AdultFemaleAgent(Clone),7,11,1.58,1.450001,8.223633,1,True,2,1,0.5
2026-03-07_01.24.50,174,sign-optimization-horizontal-vertical_scenario,610,292,3,-1,1,0,90,15,1,100293,AdultFemaleAgent(Clone),10,12,1.58,1.45,5.287109,3,True,3,1,0.3333333
2026-03-07_01.24.50,174,sign-optimization-horizontal-vertical_scenario,610,292,3,-1,1,0,90,15,1,100294,AdultFemaleAgent(Clone),6,12,1.58,1.45,6.805664,2,True,2,1,0.5
2026-03-07_01.24.50,174,sign-optimization-horizontal-vertical_scenario,610,292,3,-1,1,0,90,15,1,100295,AdultMaleAgent(Clone),5,10,1.71,1.58,1.762695,1,False,2,0,0
2026-03-07_01.24.50,174,sign-optimization-horizontal-vertical_scenario,610,292,3,-1,1,0,90,15,1,100296,WheelchairAgent(Clone),7,11,1.3,1.17,12.35059,1,True,2,1,0.5
2026-03-07_01.24.50,174,sign-optimization-horizontal-vertical_scenario,610,292,3,-1,1,0,90,15,1,100297,WheelchairAgent(Clone),11,10,1.3,1.17,6.888672,1,False,3,0,0
2026-03-07_01.24.50,174,sign-optimization-horizontal-vertical_scenario,610,292,3,-1,1,0,90,15,1,100298,AdultFemaleAgent(Clone),11,10,1.58,1.450001,9.020508,1,False,3,0,0
2026-03-07_01.24.50,174,sign-optimization-horizontal-vertical_scenario,610,292,3,-1,1,0,90,15,1,100299,AdultFemaleAgent(Clone),10,12,1.58,1.45,3.510742,2,True,3,1,0.3333333
2026-03-07_01.24.50,174,sign-optimization-horizontal-vertical_scenario,610,292,3,-1,1,0,90,15,1,100300,WheelchairAgent(Clone),11,10,1.3,1.17,6.977539,1,False,3,0,0
2026-03-07_01.24.50,174,sign-optimization-horizontal-vertical_scenario,610,292,3,-1,1,0,90,15,1,100301,AdultMaleAgent(Clone),11,10,1.71,1.58,8.286133,1,False,3,0,0
2026-03-07_01.24.50,174,sign-optimization-horizontal-vertical_scenario,610,292,3,-1,1,0,90,15,1,100302,AdultMaleAgent(Clone),11,10,1.71,1.58,8.151367,1,False,3,0,0
2026-03-07_01.24.50,174,sign-optimization-horizontal-vertical_scenario,610,292,3,-1,1,0,90,15,1,100303,WheelchairAgent(Clone),5,10,1.3,1.17,2.751953,2,True,2,1,0.5
2026-03-07_01.24.50,174,sign-optimization-horizontal-vertical_scenario,610,292,3,-1,1,0,90,15,1,100304,WheelchairAgent(Clone),5,10,1.3,1.17,1.332031,1,False,2,0,0
2026-03-07_01.24.50,174,sign-optimization-horizontal-vertical_scenario,610,292,3,-1,1,0,90,15,1,100305,AdultFemaleAgent(Clone),5,10,1.58,1.45,2.666016,2,True,2,1,0.5
2026-03-07_01.24.50,174,sign-optimization-horizontal-vertical_scenario,610,292,3,-1,1,0,90,15,1,100306,WheelchairAgent(Clone),6,12,1.3,1.17,8.300781,2,False,2,1,0.5
2026-03-07_01.24.50,174,sign-optimization-horizontal-vertical_scenario,610,292,3,-1,1,0,90,15,1,100307,WheelchairAgent(Clone),5,10,1.3,1.17,2.245117,2,False,2,1,0.5
2026-03-07_01.24.50,174,sign-optimization-horizontal-vertical_scenario,610,292,3,-1,1,0,90,15,1,100308,AdultFemaleAgent(Clone),11,10,1.58,1.450001,7.581055,1,False,3,0,0
2026-03-07_01.24.50,174,sign-optimization-horizontal-vertical_scenario,610,292,3,-1,1,0,90,15,1,100309,WheelchairAgent(Clone),7,11,1.3,1.17,10.01465,1,True,2,1,0.5
2026-03-07_01.24.50,174,sign-optimization-horizontal-vertical_scenario,610,292,3,-1,1,0,90,15,1,100310,WheelchairAgent(Clone),11,10,1.3,1.17,8.273438,1,False,3,0,0
2026-03-07_01.24.50,174,sign-optimization-horizontal-vertical_scenario,610,292,3,-1,1,0,90,15,1,100311,AdultMaleAgent(Clone),11,10,1.71,1.58,7,1,False,3,0,0
2026-03-07_01.24.50,174,sign-optimization-horizontal-vertical_scenario,610,292,3,-1,1,0,90,15,1,100312,WheelchairAgent(Clone),7,11,1.3,1.17,11.14648,1,True,2,1,0.5
2026-03-07_01.24.50,174,sign-optimization-horizontal-vertical_scenario,610,292,3,-1,1,0,90,15,1,100313,AdultMaleAgent(Clone),10,12,1.71,1.58,6.649414,2,True,3,1,0.3333333
2026-03-07_01.24.50,174,sign-optimization-horizontal-vertical_scenario,610,292,3,-1,1,0,90,15,1,100314,AdultMaleAgent(Clone),5,10,1.71,1.58,2.123047,2,False,2,1,0.5
2026-03-07_01.24.50,174,sign-optimization-horizontal-vertical_scenario,610,292,3,-1,1,0,90,15,1,100315,AdultMaleAgent(Clone),7,11,1.71,1.58,10.08887,1,True,2,1,0.5
2026-03-07_01.24.50,174,sign-optimization-horizontal-vertical_scenario,610,292,3,-1,1,0,90,15,1,100316,WheelchairAgent(Clone),11,10,1.3,1.17,7.575195,1,False,3,0,0
2026-03-07_01.24.50,174,sign-optimization-horizontal-vertical_scenario,610,292,3,-1,1,0,90,15,1,100317,AdultMaleAgent(Clone),7,11,1.71,1.58,9.643555,1,True,2,1,0.5
2026-03-07_01.24.50,174,sign-optimization-horizontal-vertical_scenario,610,292,3,-1,1,0,90,15,1,100318,AdultFemaleAgent(Clone),7,11,1.58,1.450001,12.7002,1,True,2,1,0.5
2026-03-07_01.24.50,174,sign-optimization-horizontal-vertical_scenario,610,292,3,-1,1,0,90,15,1,100319,WheelchairAgent(Clone),7,11,1.3,1.17,11.43164,1,True,2,1,0.5
2026-03-07_01.24.50,174,sign-optimization-horizontal-vertical_scenario,610,292,3,-1,1,0,90,15,1,100320,WheelchairAgent(Clone),7,11,1.3,1.17,8.332031,1,False,2,1,0.5
2026-03-07_01.24.50,174,sign-optimization-horizontal-vertical_scenario,610,292,3,-1,1,0,90,15,1,100321,AdultMaleAgent(Clone),5,10,1.71,1.58,3.779297,2,True,2,1,0.5
2026-03-07_01.24.50,174,sign-optimization-horizontal-vertical_scenario,610,292,3,-1,1,0,90,15,1,100322,AdultMaleAgent(Clone),10,12,1.71,1.58,6.619141,2,True,3,1,0.3333333
2026-03-07_01.24.50,174,sign-optimization-horizontal-vertical_scenario,610,292,3,-1,1,0,90,15,1,100323,AdultMaleAgent(Clone),5,10,1.71,1.58,1.384766,1,False,2,0,0
2026-03-07_01.24.50,174,sign-optimization-horizontal-vertical_scenario,610,292,3,-1,1,0,90,15,1,100324,AdultFemaleAgent(Clone),10,12,1.58,1.45,6.074219,2,True,3,1,0.3333333
2026-03-07_01.24.50,174,sign-optimization-horizontal-vertical_scenario,610,292,3,-1,1,0,90,15,1,100325,AdultFemaleAgent(Clone),6,12,1.58,1.45,7.408203,2,True,2,1,0.5
2026-03-07_01.24.50,174,sign-optimization-horizontal-vertical_scenario,610,292,3,-1,1,0,90,15,1,100326,AdultMaleAgent(Clone),11,10,1.71,1.58,7.606445,1,False,3,0,0
2026-03-07_01.24.50,174,sign-optimization-horizontal-vertical_scenario,610,292,3,-1,1,0,90,15,1,100327,WheelchairAgent(Clone),10,12,1.3,1.17,6.660156,2,True,3,1,0.3333333
2026-03-07_01.24.50,174,sign-optimization-horizontal-vertical_scenario,610,292,3,-1,1,0,90,15,1,100328,AdultFemaleAgent(Clone),11,10,1.58,1.450001,7.634766,1,False,3,0,0
2026-03-07_01.24.50,174,sign-optimization-horizontal-vertical_scenario,610,292,3,-1,1,0,90,15,1,100329,WheelchairAgent(Clone),10,12,1.3,1.17,6.439453,2,True,3,1,0.3333333
2026-03-07_01.24.50,174,sign-optimization-horizontal-vertical_scenario,610,292,3,-1,1,0,90,15,1,100330,AdultMaleAgent(Clone),5,10,1.71,1.58,1.912109,1,False,2,0,0
2026-03-07_01.24.50,174,sign-optimization-horizontal-vertical_scenario,610,292,3,-1,1,0,90,15,1,100331,AdultMaleAgent(Clone),7,11,1.71,1.58,9.365234,1,True,2,1,0.5
2026-03-07_01.24.50,174,sign-optimization-horizontal-vertical_scenario,610,292,3,-1,1,0,90,15,1,100332,WheelchairAgent(Clone),5,10,1.3,1.17,1.899414,2,False,2,1,0.5
2026-03-07_01.24.50,174,sign-optimization-horizontal-vertical_scenario,610,292,3,-1,1,0,90,15,1,100333,WheelchairAgent(Clone),6,12,1.3,1.17,7.938477,2,True,2,1,0.5
2026-03-07_01.24.50,174,sign-optimization-horizontal-vertical_scenario,610,292,3,-1,1,0,90,15,1,100334,AdultFemaleAgent(Clone),5,10,1.58,1.45,1.494141,1,False,2,0,0
2026-03-07_01.24.50,174,sign-optimization-horizontal-vertical_scenario,610,292,3,-1,1,0,90,15,1,100335,AdultMaleAgent(Clone),5,10,1.71,1.58,2.535156,2,False,2,1,0.5
2026-03-07_01.24.50,174,sign-optimization-horizontal-vertical_scenario,610,292,3,-1,1,0,90,15,1,100336,WheelchairAgent(Clone),11,10,1.3,1.17,7.939453,1,False,3,0,0
2026-03-07_01.24.50,174,sign-optimization-horizontal-vertical_scenario,610,292,3,-1,1,0,90,15,1,100337,AdultFemaleAgent(Clone),10,12,1.58,1.45,6.203125,2,True,3,1,0.3333333
2026-03-07_01.24.50,174,sign-optimization-horizontal-vertical_scenario,610,292,3,-1,1,0,90,15,1,100338,AdultFemaleAgent(Clone),11,10,1.58,1.450001,8.326172,1,False,3,0,0
2026-03-07_01.24.50,174,sign-optimization-horizontal-vertical_scenario,610,292,3,-1,1,0,90,15,1,100339,WheelchairAgent(Clone),5,10,1.3,1.17,2.331055,2,True,2,1,0.5
2026-03-07_01.24.50,174,sign-optimization-horizontal-vertical_scenario,610,292,3,-1,1,0,90,15,1,100340,AdultMaleAgent(Clone),6,12,1.71,1.58,7.109375,2,True,2,1,0.5
2026-03-07_01.24.50,174,sign-optimization-horizontal-vertical_scenario,610,292,3,-1,1,0,90,15,1,100341,WheelchairAgent(Clone),11,10,1.3,1.17,9.432617,1,False,3,0,0
2026-03-07_01.24.50,174,sign-optimization-horizontal-vertical_scenario,610,292,3,-1,1,0,90,15,1,100342,WheelchairAgent(Clone),10,12,1.3,1.17,5.316406,2,True,3,1,0.3333333
2026-03-07_01.24.50,174,sign-optimization-horizontal-vertical_scenario,610,292,3,-1,1,0,90,15,1,100343,WheelchairAgent(Clone),5,10,1.3,1.17,1.385742,1,False,2,0,0
2026-03-07_01.24.50,174,sign-optimization-horizontal-vertical_scenario,610,292,3,-1,1,0,90,15,1,100344,AdultFemaleAgent(Clone),11,10,1.58,1.450001,7.80957,1,False,3,0,0
2026-03-07_01.24.50,174,sign-optimization-horizontal-vertical_scenario,610,292,3,-1,1,0,90,15,1,100345,AdultMaleAgent(Clone),5,10,1.71,1.58,2.691406,2,False,2,1,0.5
2026-03-07_01.24.50,174,sign-optimization-horizontal-vertical_scenario,610,292,3,-1,1,0,90,15,1,100346,AdultFemaleAgent(Clone),6,12,1.58,1.45,8.479492,2,True,2,1,0.5
2026-03-07_01.24.50,174,sign-optimization-horizontal-vertical_scenario,610,292,3,-1,1,0,90,15,1,100347,AdultMaleAgent(Clone),7,11,1.71,1.58,12.30371,1,True,2,1,0.5
2026-03-07_01.24.50,174,sign-optimization-horizontal-vertical_scenario,610,292,3,-1,1,0,90,15,1,100348,WheelchairAgent(Clone),11,10,1.3,1.17,8.071289,1,False,3,0,0
2026-03-07_01.24.50,174,sign-optimization-horizontal-vertical_scenario,610,292,3,-1,1,0,90,15,1,100349,AdultMaleAgent(Clone),11,10,1.71,1.58,9.408203,1,False,3,0,0
2026-03-07_01.24.50,174,sign-optimization-horizontal-vertical_scenario,610,292,3,-1,1,0,90,15,1,100350,WheelchairAgent(Clone),10,12,1.3,1.17,6.78125,3,True,3,1,0.3333333
2026-03-07_01.24.50,174,sign-optimization-horizontal-vertical_scenario,610,292,3,-1,1,0,90,15,1,100351,AdultMaleAgent(Clone),10,12,1.71,1.58,5.803711,2,True,3,1,0.3333333
2026-03-07_01.24.50,174,sign-optimization-horizontal-vertical_scenario,610,292,3,-1,1,0,90,15,1,100352,AdultFemaleAgent(Clone),5,10,1.58,1.45,3.454102,2,True,2,1,0.5
2026-03-07_01.24.50,174,sign-optimization-horizontal-vertical_scenario,610,292,3,-1,1,0,90,15,1,100353,WheelchairAgent(Clone),6,12,1.3,1.17,8.030273,2,True,2,1,0.5
2026-03-07_01.24.50,174,sign-optimization-horizontal-vertical_scenario,610,292,3,-1,1,0,90,15,1,100354,WheelchairAgent(Clone),11,10,1.3,1.17,7.5,1,False,3,0,0
2026-03-07_01.24.50,174,sign-optimization-horizontal-vertical_scenario,610,292,3,-1,1,0,90,15,1,100355,AdultFemaleAgent(Clone),7,11,1.58,1.450001,9.513672,1,True,2,1,0.5
2026-03-07_01.24.50,174,sign-optimization-horizontal-vertical_scenario,610,292,3,-1,1,0,90,15,1,100356,AdultFemaleAgent(Clone),6,12,1.58,1.45,5.788086,2,True,2,1,0.5
2026-03-07_01.24.50,174,sign-optimization-horizontal-vertical_scenario,610,292,3,-1,1,0,90,15,1,100357,AdultFemaleAgent(Clone),6,12,1.58,1.45,5.93457,2,True,2,1,0.5
2026-03-07_01.24.50,174,sign-optimization-horizontal-vertical_scenario,610,292,3,-1,1,0,90,15,1,100358,AdultMaleAgent(Clone),6,12,1.71,1.58,7.830078,2,True,2,1,0.5
2026-03-07_01.24.50,174,sign-optimization-horizontal-vertical_scenario,610,292,3,-1,1,0,90,15,1,100359,AdultMaleAgent(Clone),11,10,1.71,1.58,9.990234,1,False,3,0,0
2026-03-07_01.24.50,174,sign-optimization-horizontal-vertical_scenario,610,292,3,-1,1,0,90,15,1,100360,WheelchairAgent(Clone),10,12,1.3,1.17,6.572266,2,True,3,1,0.3333333
2026-03-07_01.24.50,174,sign-optimization-horizontal-vertical_scenario,610,292,3,-1,1,0,90,15,1,100361,AdultMaleAgent(Clone),11,10,1.71,1.58,7.097656,1,False,3,0,0
2026-03-07_01.24.50,174,sign-optimization-horizontal-vertical_scenario,610,292,3,-1,1,0,90,15,1,100362,WheelchairAgent(Clone),11,10,1.3,1.17,7.617188,1,False,3,0,0
2026-03-07_01.24.50,174,sign-optimization-horizontal-vertical_scenario,610,292,3,-1,1,0,90,15,1,100363,WheelchairAgent(Clone),10,12,1.3,1.17,7.037109,2,True,3,1,0.3333333
2026-03-07_01.24.50,174,sign-optimization-horizontal-vertical_scenario,610,292,3,-1,1,0,90,15,1,100364,WheelchairAgent(Clone),7,11,1.3,1.17,9.383789,1,True,2,1,0.5
2026-03-07_01.24.50,174,sign-optimization-horizontal-vertical_scenario,610,292,3,-1,1,0,90,15,1,100365,AdultFemaleAgent(Clone),6,12,1.58,1.45,8.325195,2,True,2,1,0.5
2026-03-07_01.24.50,174,sign-optimization-horizontal-vertical_scenario,610,292,3,-1,1,0,90,15,1,100366,AdultMaleAgent(Clone),10,12,1.71,1.58,6.605469,2,True,3,1,0.3333333
2026-03-07_01.24.50,174,sign-optimization-horizontal-vertical_scenario,610,292,3,-1,1,0,90,15,1,100367,WheelchairAgent(Clone),11,10,1.3,1.17,9.384766,1,False,3,0,0
2026-03-07_01.24.50,174,sign-optimization-horizontal-vertical_scenario,610,292,3,-1,1,0,90,15,1,100368,AdultFemaleAgent(Clone),7,11,1.58,1.450001,10.13086,1,True,2,1,0.5
2026-03-07_01.24.50,174,sign-optimization-horizontal-vertical_scenario,610,292,3,-1,1,0,90,15,1,100369,WheelchairAgent(Clone),6,12,1.3,1.17,9.03125,2,True,2,1,0.5
2026-03-07_01.24.50,174,sign-optimization-horizontal-vertical_scenario,610,292,3,-1,1,0,90,15,1,100370,AdultMaleAgent(Clone),5,10,1.71,1.58,0.5498047,1,False,2,0,0
2026-03-07_01.24.50,174,sign-optimization-horizontal-vertical_scenario,610,292,3,-1,1,0,90,15,1,100371,WheelchairAgent(Clone),6,12,1.3,1.17,8.977539,2,True,2,1,0.5
2026-03-07_01.24.50,174,sign-optimization-horizontal-vertical_scenario,610,292,3,-1,1,0,90,15,1,100372,AdultFemaleAgent(Clone),5,10,1.58,1.45,0.84375,1,False,2,0,0
2026-03-07_01.24.50,174,sign-optimization-horizontal-vertical_scenario,610,292,3,-1,1,0,90,15,1,100373,AdultMaleAgent(Clone),7,11,1.71,1.58,11.1084,1,True,2,1,0.5
2026-03-07_01.24.50,174,sign-optimization-horizontal-vertical_scenario,610,292,3,-1,1,0,90,15,1,100374,AdultFemaleAgent(Clone),5,10,1.58,1.45,2.006836,1,False,2,0,0
2026-03-07_01.24.50,174,sign-optimization-horizontal-vertical_scenario,610,292,3,-1,1,0,90,15,1,100375,AdultFemaleAgent(Clone),5,10,1.58,1.45,1.929688,2,False,2,1,0.5
2026-03-07_01.24.50,174,sign-optimization-horizontal-vertical_scenario,610,292,3,-1,1,0,90,15,1,100376,AdultMaleAgent(Clone),5,10,1.71,1.58,1.060547,1,False,2,0,0
2026-03-07_01.24.50,174,sign-optimization-horizontal-vertical_scenario,610,292,3,-1,1,0,90,15,1,100377,WheelchairAgent(Clone),6,12,1.3,1.17,6.59082,2,False,2,1,0.5
2026-03-07_01.24.50,174,sign-optimization-horizontal-vertical_scenario,610,292,3,-1,1,0,90,15,1,100378,AdultFemaleAgent(Clone),5,10,1.58,1.45,2.859375,2,True,2,1,0.5
2026-03-07_01.24.50,174,sign-optimization-horizontal-vertical_scenario,610,292,3,-1,1,0,90,15,1,100379,WheelchairAgent(Clone),11,10,1.3,1.17,6.655273,1,False,3,0,0
2026-03-07_01.24.50,174,sign-optimization-horizontal-vertical_scenario,610,292,3,-1,1,0,90,15,1,100380,AdultFemaleAgent(Clone),10,12,1.58,1.45,6.904297,2,True,3,1,0.3333333
2026-03-07_01.24.50,174,sign-optimization-horizontal-vertical_scenario,610,292,3,-1,1,0,90,15,1,100381,AdultFemaleAgent(Clone),7,11,1.58,1.450001,10.37988,1,True,2,1,0.5
2026-03-07_01.24.50,174,sign-optimization-horizontal-vertical_scenario,610,292,3,-1,1,0,90,15,1,100382,WheelchairAgent(Clone),6,12,1.3,1.17,8.477539,2,True,2,1,0.5
2026-03-07_01.24.50,174,sign-optimization-horizontal-vertical_scenario,610,292,3,-1,1,0,90,15,1,100383,AdultMaleAgent(Clone),7,11,1.71,1.58,12.44824,1,True,2,1,0.5
2026-03-07_01.24.50,174,sign-optimization-horizontal-vertical_scenario,610,292,3,-1,1,0,90,15,1,100384,WheelchairAgent(Clone),11,10,1.3,1.17,6.296875,1,False,3,0,0
2026-03-07_01.24.50,174,sign-optimization-horizontal-vertical_scenario,610,292,3,-1,1,0,90,15,1,100385,WheelchairAgent(Clone),6,12,1.3,1.17,10.30273,2,True,2,1,0.5
2026-03-07_01.24.50,174,sign-optimization-horizontal-vertical_scenario,610,292,3,-1,1,0,90,15,1,100386,WheelchairAgent(Clone),6,12,1.3,1.17,8.451172,2,True,2,1,0.5
2026-03-07_01.24.50,174,sign-optimization-horizontal-vertical_scenario,610,292,3,-1,1,0,90,15,1,100387,AdultMaleAgent(Clone),6,12,1.71,1.58,7.478516,2,True,2,1,0.5
2026-03-07_01.24.50,174,sign-optimization-horizontal-vertical_scenario,610,292,3,-1,1,0,90,15,1,100388,AdultMaleAgent(Clone),10,12,1.71,1.58,3.03418,2,True,3,1,0.3333333
2026-03-07_01.24.50,174,sign-optimization-horizontal-vertical_scenario,610,292,3,-1,1,0,90,15,1,100389,AdultFemaleAgent(Clone),11,10,1.58,1.450001,6.967773,1,False,3,0,0
2026-03-07_01.24.50,174,sign-optimization-horizontal-vertical_scenario,610,292,3,-1,1,0,90,15,1,100390,WheelchairAgent(Clone),7,11,1.3,1.17,12.23242,1,True,2,1,0.5
2026-03-07_01.24.50,174,sign-optimization-horizontal-vertical_scenario,610,292,3,-1,1,0,90,15,1,100391,AdultMaleAgent(Clone),6,12,1.71,1.58,5.773438,2,True,2,1,0.5
2026-03-07_01.24.50,174,sign-optimization-horizontal-vertical_scenario,610,292,3,-1,1,0,90,15,1,100392,AdultMaleAgent(Clone),11,10,1.71,1.58,9.019531,1,False,3,0,0
2026-03-07_01.24.50,174,sign-optimization-horizontal-vertical_scenario,610,292,3,-1,1,0,90,15,1,100393,WheelchairAgent(Clone),5,10,1.3,1.17,3.040039,2,True,2,1,0.5
2026-03-07_01.24.50,174,sign-optimization-horizontal-vertical_scenario,610,292,3,-1,1,0,90,15,1,100394,WheelchairAgent(Clone),10,12,1.3,1.17,5.149414,2,True,3,1,0.3333333
2026-03-07_01.24.50,174,sign-optimization-horizontal-vertical_scenario,610,292,3,-1,1,0,90,15,1,100395,AdultMaleAgent(Clone),5,10,1.71,1.58,1.142578,1,False,2,0,0
2026-03-07_01.24.50,174,sign-optimization-horizontal-vertical_scenario,610,292,3,-1,1,0,90,15,1,100396,AdultFemaleAgent(Clone),6,12,1.58,1.45,8.360352,2,True,2,1,0.5
2026-03-07_01.24.50,174,sign-optimization-horizontal-vertical_scenario,610,292,3,-1,1,0,90,15,1,100397,WheelchairAgent(Clone),7,11,1.3,1.17,9.240234,1,True,2,1,0.5
2026-03-07_01.24.50,174,sign-optimization-horizontal-vertical_scenario,610,292,3,-1,1,0,90,15,1,100398,WheelchairAgent(Clone),7,11,1.3,1.17,11.66504,1,True,2,1,0.5
2026-03-07_01.24.50,174,sign-optimization-horizontal-vertical_scenario,610,292,3,-1,1,0,90,15,1,100399,AdultFemaleAgent(Clone),7,11,1.58,1.450001,8.742188,1,True,2,1,0.5
2026-03-07_01.24.50,174,sign-optimization-horizontal-vertical_scenario,610,292,3,-1,1,0,90,15,1,100400,WheelchairAgent(Clone),6,12,1.3,1.17,8.135742,2,True,2,1,0.5
2026-03-07_01.24.50,174,sign-optimization-horizontal-vertical_scenario,610,292,3,-1,1,0,90,15,1,100401,WheelchairAgent(Clone),5,10,1.3,1.17,2.730469,1,False,2,0,0
2026-03-07_01.24.50,174,sign-optimization-horizontal-vertical_scenario,610,292,3,-1,1,0,90,15,1,100402,WheelchairAgent(Clone),5,10,1.3,1.17,1.333008,1,False,2,0,0
2026-03-07_01.24.50,174,sign-optimization-horizontal-vertical_scenario,610,292,3,-1,1,0,90,15,1,100403,AdultMaleAgent(Clone),10,12,1.71,1.58,7.075195,2,True,3,1,0.3333333
2026-03-07_01.24.50,174,sign-optimization-horizontal-vertical_scenario,610,292,3,-1,1,0,90,15,1,100404,WheelchairAgent(Clone),5,10,1.3,1.17,2.383789,2,False,2,1,0.5
2026-03-07_01.24.50,174,sign-optimization-horizontal-vertical_scenario,610,292,3,-1,1,0,90,15,1,100405,AdultFemaleAgent(Clone),10,12,1.58,1.45,6.68457,2,True,3,1,0.3333333
2026-03-07_01.24.50,174,sign-optimization-horizontal-vertical_scenario,610,292,3,-1,1,0,90,15,1,100406,AdultFemaleAgent(Clone),5,10,1.58,1.45,2.000977,1,False,2,0,0
2026-03-07_01.24.50,174,sign-optimization-horizontal-vertical_scenario,610,292,3,-1,1,0,90,15,1,100407,AdultFemaleAgent(Clone),7,11,1.58,1.450001,9.597656,1,True,2,1,0.5
2026-03-07_01.24.50,174,sign-optimization-horizontal-vertical_scenario,610,292,3,-1,1,0,90,15,1,100408,WheelchairAgent(Clone),11,10,1.3,1.17,0,0,False,3,0,0
2026-03-07_01.24.50,174,sign-optimization-horizontal-vertical_scenario,610,292,3,-1,1,0,90,15,1,100409,AdultFemaleAgent(Clone),7,11,1.58,1.450001,0,0,True,2,1,0.5
2026-03-07_01.24.50,174,sign-optimization-horizontal-vertical_scenario,610,292,3,-1,1,0,90,15,1,100410,WheelchairAgent(Clone),10,12,1.3,1.17,5.893555,2,True,3,1,0.3333333
2026-03-07_01.24.50,174,sign-optimization-horizontal-vertical_scenario,610,292,3,-1,1,0,90,15,1,100411,AdultFemaleAgent(Clone),6,12,1.58,1.45,6.469727,2,True,2,1,0.5
2026-03-07_01.24.50,174,sign-optimization-horizontal-vertical_scenario,610,292,3,-1,1,0,90,15,1,100412,AdultFemaleAgent(Clone),11,10,1.58,1.450001,7.106445,1,False,3,0,0
2026-03-07_01.24.50,174,sign-optimization-horizontal-vertical_scenario,610,292,3,-1,1,0,90,15,1,100413,AdultMaleAgent(Clone),7,11,1.71,1.58,7.755859,1,False,2,1,0.5
2026-03-07_01.24.50,174,sign-optimization-horizontal-vertical_scenario,610,292,3,-1,1,0,90,15,1,100414,AdultMaleAgent(Clone),11,10,1.71,1.58,6.449219,1,False,3,0,0
2026-03-07_01.24.50,174,sign-optimization-horizontal-vertical_scenario,610,292,3,-1,1,0,90,15,1,100415,AdultMaleAgent(Clone),10,12,1.71,1.58,7.742188,2,True,3,1,0.3333333
2026-03-07_01.24.50,174,sign-optimization-horizontal-vertical_scenario,610,292,3,-1,1,0,90,15,1,100416,AdultMaleAgent(Clone),7,11,1.71,1.58,15.78418,1,True,2,1,0.5
2026-03-07_01.24.50,174,sign-optimization-horizontal-vertical_scenario,610,292,3,-1,1,0,90,15,1,100417,AdultFemaleAgent(Clone),6,12,1.58,1.45,8.72168,2,True,2,1,0.5
2026-03-07_01.24.50,174,sign-optimization-horizontal-vertical_scenario,610,292,3,-1,1,0,90,15,1,100418,WheelchairAgent(Clone),11,10,1.3,1.17,8.509766,1,False,3,0,0
2026-03-07_01.24.50,174,sign-optimization-horizontal-vertical_scenario,610,292,3,-1,1,0,90,15,1,100419,AdultMaleAgent(Clone),6,12,1.71,1.58,6.991211,2,True,2,1,0.5
2026-03-07_01.24.50,174,sign-optimization-horizontal-vertical_scenario,610,292,3,-1,1,0,90,15,1,100420,WheelchairAgent(Clone),11,10,1.3,1.17,0,0,False,3,0,0
2026-03-07_01.24.50,174,sign-optimization-horizontal-vertical_scenario,610,292,3,-1,1,0,90,15,1,100421,AdultFemaleAgent(Clone),7,11,1.58,1.450001,12.38281,1,True,2,1,0.5
2026-03-07_01.24.50,174,sign-optimization-horizontal-vertical_scenario,610,292,3,-1,1,0,90,15,1,100422,AdultFemaleAgent(Clone),11,10,1.58,1.450001,6.915039,1,False,3,0,0
2026-03-07_01.24.50,174,sign-optimization-horizontal-vertical_scenario,610,292,3,-1,1,0,90,15,1,100423,AdultMaleAgent(Clone),11,10,1.71,1.58,7.032227,1,False,3,0,0
2026-03-07_01.24.50,174,sign-optimization-horizontal-vertical_scenario,610,292,3,-1,1,0,90,15,1,100424,AdultFemaleAgent(Clone),5,10,1.58,1.45,2.918945,2,True,2,1,0.5
2026-03-07_01.24.50,174,sign-optimization-horizontal-vertical_scenario,610,292,3,-1,1,0,90,15,1,100425,WheelchairAgent(Clone),11,10,1.3,1.17,5.694336,1,False,3,0,0
2026-03-07_01.24.50,174,sign-optimization-horizontal-vertical_scenario,610,292,3,-1,1,0,90,15,1,100426,AdultMaleAgent(Clone),10,12,1.71,1.58,5.470703,2,True,3,1,0.3333333
2026-03-07_01.24.50,174,sign-optimization-horizontal-vertical_scenario,610,292,3,-1,1,0,90,15,1,100427,AdultFemaleAgent(Clone),5,10,1.58,1.45,2.077148,1,False,2,0,0
2026-03-07_01.24.50,174,sign-optimization-horizontal-vertical_scenario,610,292,3,-1,1,0,90,15,1,100428,WheelchairAgent(Clone),6,12,1.3,1.17,6.408203,2,True,2,1,0.5
2026-03-07_01.24.50,174,sign-optimization-horizontal-vertical_scenario,610,292,3,-1,1,0,90,15,1,100429,WheelchairAgent(Clone),10,12,1.3,1.17,4.838867,2,True,3,1,0.3333333
2026-03-07_01.24.50,174,sign-optimization-horizontal-vertical_scenario,610,292,3,-1,1,0,90,15,1,100430,AdultFemaleAgent(Clone),5,10,1.58,1.45,2.134766,2,False,2,1,0.5
2026-03-07_01.24.50,174,sign-optimization-horizontal-vertical_scenario,610,292,3,-1,1,0,90,15,1,100431,WheelchairAgent(Clone),11,10,1.3,1.17,5.137695,1,False,3,0,0
2026-03-07_01.24.50,174,sign-optimization-horizontal-vertical_scenario,610,292,3,-1,1,0,90,15,1,100432,WheelchairAgent(Clone),10,12,1.3,1.17,6.073242,2,True,3,1,0.3333333
2026-03-07_01.24.50,174,sign-optimization-horizontal-vertical_scenario,610,292,3,-1,1,0,90,15,1,100433,WheelchairAgent(Clone),11,10,1.3,1.17,0,0,False,3,0,0
2026-03-07_01.24.50,174,sign-optimization-horizontal-vertical_scenario,610,292,3,-1,1,0,90,15,1,100434,AdultFemaleAgent(Clone),7,11,1.58,1.450001,11.14355,1,True,2,1,0.5
2026-03-07_01.24.50,174,sign-optimization-horizontal-vertical_scenario,610,292,3,-1,1,0,90,15,1,100435,WheelchairAgent(Clone),11,10,1.3,1.17,7.59082,1,False,3,0,0
2026-03-07_01.24.50,174,sign-optimization-horizontal-vertical_scenario,610,292,3,-1,1,0,90,15,1,100436,AdultMaleAgent(Clone),5,10,1.71,1.58,1.720703,1,False,2,0,0
2026-03-07_01.24.50,174,sign-optimization-horizontal-vertical_scenario,610,292,3,-1,1,0,90,15,1,100437,AdultFemaleAgent(Clone),10,12,1.58,1.45,6.192383,2,True,3,1,0.3333333
2026-03-07_01.24.50,174,sign-optimization-horizontal-vertical_scenario,610,292,3,-1,1,0,90,15,1,100438,AdultFemaleAgent(Clone),5,10,1.58,1.45,2.179688,1,False,2,0,0
2026-03-07_01.24.50,174,sign-optimization-horizontal-vertical_scenario,610,292,3,-1,1,0,90,15,1,100439,AdultFemaleAgent(Clone),7,11,1.58,1.450001,8.861328,1,True,2,1,0.5
2026-03-07_01.24.50,174,sign-optimization-horizontal-vertical_scenario,610,292,3,-1,1,0,90,15,1,100440,WheelchairAgent(Clone),11,10,1.3,1.17,5.600586,1,False,3,0,0
2026-03-07_01.24.50,174,sign-optimization-horizontal-vertical_scenario,610,292,3,-1,1,0,90,15,1,100441,AdultFemaleAgent(Clone),10,12,1.58,1.45,6.226563,2,False,3,1,0.3333333
2026-03-07_01.24.50,174,sign-optimization-horizontal-vertical_scenario,610,292,3,-1,1,0,90,15,1,100442,AdultMaleAgent(Clone),11,10,1.71,1.58,7.801758,1,False,3,0,0
2026-03-07_01.24.50,174,sign-optimization-horizontal-vertical_scenario,610,292,3,-1,1,0,90,15,1,100443,WheelchairAgent(Clone),10,12,1.3,1.17,6.296875,2,False,3,1,0.3333333
2026-03-07_01.24.50,174,sign-optimization-horizontal-vertical_scenario,610,292,3,-1,1,0,90,15,1,100444,AdultFemaleAgent(Clone),11,10,1.58,1.450001,7.894531,1,False,3,0,0
2026-03-07_01.24.50,174,sign-optimization-horizontal-vertical_scenario,610,292,3,-1,1,0,90,15,1,100445,AdultMaleAgent(Clone),11,10,1.71,1.58,10.11816,1,False,3,0,0
2026-03-07_01.24.50,174,sign-optimization-horizontal-vertical_scenario,610,292,3,-1,1,0,90,15,1,100446,AdultMaleAgent(Clone),11,10,1.71,1.58,7.226563,1,False,3,0,0
2026-03-07_01.24.50,174,sign-optimization-horizontal-vertical_scenario,610,292,3,-1,1,0,90,15,1,100447,AdultMaleAgent(Clone),7,11,1.71,1.58,11.35352,1,True,2,1,0.5
2026-03-07_01.24.50,174,sign-optimization-horizontal-vertical_scenario,610,292,3,-1,1,0,90,15,1,100448,WheelchairAgent(Clone),10,12,1.3,1.17,6.359375,2,True,3,1,0.3333333
2026-03-07_01.24.50,174,sign-optimization-horizontal-vertical_scenario,610,292,3,-1,1,0,90,15,1,100449,WheelchairAgent(Clone),6,12,1.3,1.17,7.68457,2,True,2,1,0.5
2026-03-07_01.24.50,174,sign-optimization-horizontal-vertical_scenario,610,292,3,-1,1,0,90,15,1,100450,AdultFemaleAgent(Clone),7,11,1.58,1.450001,10.59277,1,True,2,1,0.5
2026-03-07_01.24.50,174,sign-optimization-horizontal-vertical_scenario,610,292,3,-1,1,0,90,15,1,100451,AdultMaleAgent(Clone),5,10,1.71,1.58,1.742188,1,False,2,0,0
2026-03-07_01.24.50,174,sign-optimization-horizontal-vertical_scenario,610,292,3,-1,1,0,90,15,1,100452,AdultFemaleAgent(Clone),5,10,1.58,1.45,2.587891,2,True,2,1,0.5
2026-03-07_01.24.50,174,sign-optimization-horizontal-vertical_scenario,610,292,3,-1,1,0,90,15,1,100453,AdultFemaleAgent(Clone),11,10,1.58,1.450001,5.460938,1,False,3,0,0
2026-03-07_01.24.50,174,sign-optimization-horizontal-vertical_scenario,610,292,3,-1,1,0,90,15,1,100454,WheelchairAgent(Clone),6,12,1.3,1.17,6.841797,2,True,2,1,0.5
2026-03-07_01.24.50,174,sign-optimization-horizontal-vertical_scenario,610,292,3,-1,1,0,90,15,1,100455,WheelchairAgent(Clone),10,12,1.3,1.17,5.794922,3,True,3,1,0.3333333
2026-03-07_01.24.50,174,sign-optimization-horizontal-vertical_scenario,610,292,3,-1,1,0,90,15,1,100456,AdultMaleAgent(Clone),7,11,1.71,1.58,10.54883,1,True,2,1,0.5
2026-03-07_01.24.50,174,sign-optimization-horizontal-vertical_scenario,610,292,3,-1,1,0,90,15,1,100457,AdultMaleAgent(Clone),10,12,1.71,1.58,5.181641,2,True,3,1,0.3333333
2026-03-07_01.24.50,174,sign-optimization-horizontal-vertical_scenario,610,292,3,-1,1,0,90,15,1,100458,AdultMaleAgent(Clone),10,12,1.71,1.58,6.591797,2,True,3,1,0.3333333
2026-03-07_01.24.50,174,sign-optimization-horizontal-vertical_scenario,610,292,3,-1,1,0,90,15,1,100459,AdultMaleAgent(Clone),10,12,1.71,1.58,5.571289,2,True,3,1,0.3333333
2026-03-07_01.24.50,174,sign-optimization-horizontal-vertical_scenario,610,292,3,-1,1,0,90,15,1,100460,AdultFemaleAgent(Clone),11,10,1.58,1.450001,0,0,False,3,0,0
2026-03-07_01.24.50,174,sign-optimization-horizontal-vertical_scenario,610,292,3,-1,1,0,90,15,1,100461,WheelchairAgent(Clone),10,12,1.3,1.17,5.503906,2,False,3,1,0.3333333
2026-03-07_01.24.50,174,sign-optimization-horizontal-vertical_scenario,610,292,3,-1,1,0,90,15,1,100462,AdultMaleAgent(Clone),5,10,1.71,1.58,3.104492,2,True,2,1,0.5
2026-03-07_01.24.50,174,sign-optimization-horizontal-vertical_scenario,610,292,3,-1,1,0,90,15,1,100463,AdultMaleAgent(Clone),10,12,1.71,1.58,6.272461,2,True,3,1,0.3333333
2026-03-07_01.24.50,174,sign-optimization-horizontal-vertical_scenario,610,292,3,-1,1,0,90,15,1,100464,AdultFemaleAgent(Clone),7,11,1.58,1.450001,8.699219,1,True,2,1,0.5
2026-03-07_01.24.50,174,sign-optimization-horizontal-vertical_scenario,610,292,3,-1,1,0,90,15,1,100465,AdultFemaleAgent(Clone),10,12,1.58,1.45,5.18457,2,True,3,1,0.3333333
2026-03-07_01.24.50,174,sign-optimization-horizontal-vertical_scenario,610,292,3,-1,1,0,90,15,1,100466,WheelchairAgent(Clone),11,10,1.3,1.17,9.514648,1,False,3,0,0
2026-03-07_01.24.50,174,sign-optimization-horizontal-vertical_scenario,610,292,3,-1,1,0,90,15,1,100467,WheelchairAgent(Clone),11,10,1.3,1.17,6.9375,1,False,3,0,0
2026-03-07_01.24.50,174,sign-optimization-horizontal-vertical_scenario,610,292,3,-1,1,0,90,15,1,100468,AdultMaleAgent(Clone),10,12,1.71,1.58,6.373047,2,True,3,1,0.3333333
2026-03-07_01.24.50,174,sign-optimization-horizontal-vertical_scenario,610,292,3,-1,1,0,90,15,1,100469,WheelchairAgent(Clone),5,10,1.3,1.17,1.399414,1,False,2,0,0
2026-03-07_01.24.50,174,sign-optimization-horizontal-vertical_scenario,610,292,3,-1,1,0,90,15,1,100470,AdultMaleAgent(Clone),7,11,1.71,1.58,7.851563,1,True,2,1,0.5
2026-03-07_01.24.50,174,sign-optimization-horizontal-vertical_scenario,610,292,3,-1,1,0,90,15,1,100471,WheelchairAgent(Clone),11,10,1.3,1.17,5.905273,1,False,3,0,0
2026-03-07_01.24.50,174,sign-optimization-horizontal-vertical_scenario,610,292,3,-1,1,0,90,15,1,100472,WheelchairAgent(Clone),7,11,1.3,1.17,9.438477,1,True,2,1,0.5
2026-03-07_01.24.50,174,sign-optimization-horizontal-vertical_scenario,610,292,3,-1,1,0,90,15,1,100473,AdultFemaleAgent(Clone),6,12,1.58,1.45,7.033203,2,True,2,1,0.5
2026-03-07_01.24.50,174,sign-optimization-horizontal-vertical_scenario,610,292,3,-1,1,0,90,15,1,100474,AdultMaleAgent(Clone),5,10,1.71,1.58,3.165039,2,True,2,1,0.5
2026-03-07_01.24.50,174,sign-optimization-horizontal-vertical_scenario,610,292,3,-1,1,0,90,15,1,100475,WheelchairAgent(Clone),5,10,1.3,1.17,1.6875,2,False,2,0,0
2026-03-07_01.24.50,174,sign-optimization-horizontal-vertical_scenario,610,292,3,-1,1,0,90,15,1,100476,AdultFemaleAgent(Clone),6,12,1.58,1.45,7.125,2,True,2,1,0.5
2026-03-07_01.24.50,174,sign-optimization-horizontal-vertical_scenario,610,292,3,-1,1,0,90,15,1,100477,AdultMaleAgent(Clone),7,11,1.71,1.58,12.93555,1,True,2,1,0.5
2026-03-07_01.24.50,174,sign-optimization-horizontal-vertical_scenario,610,292,3,-1,1,0,90,15,1,100478,AdultMaleAgent(Clone),6,12,1.71,1.58,6.138672,2,True,2,1,0.5
2026-03-07_01.24.50,174,sign-optimization-horizontal-vertical_scenario,610,292,3,-1,1,0,90,15,1,100479,WheelchairAgent(Clone),11,10,1.3,1.17,5.69043,1,False,3,0,0
2026-03-07_01.24.50,174,sign-optimization-horizontal-vertical_scenario,610,292,3,-1,1,0,90,15,1,100480,AdultFemaleAgent(Clone),10,12,1.58,1.45,4.662109,2,True,3,1,0.3333333
2026-03-07_01.24.50,174,sign-optimization-horizontal-vertical_scenario,610,292,3,-1,1,0,90,15,1,100481,AdultMaleAgent(Clone),6,12,1.71,1.58,5.350586,2,True,2,1,0.5
2026-03-07_01.24.50,174,sign-optimization-horizontal-vertical_scenario,610,292,3,-1,1,0,90,15,1,100482,AdultMaleAgent(Clone),7,11,1.71,1.58,9.280273,1,True,2,1,0.5
2026-03-07_01.24.50,174,sign-optimization-horizontal-vertical_scenario,610,292,3,-1,1,0,90,15,1,100483,WheelchairAgent(Clone),10,12,1.3,1.17,9.432617,1,True,3,1,0.3333333
2026-03-07_01.24.50,174,sign-optimization-horizontal-vertical_scenario,610,292,3,-1,1,0,90,15,1,100484,AdultMaleAgent(Clone),6,12,1.71,1.58,9.899414,2,True,2,1,0.5
2026-03-07_01.24.50,174,sign-optimization-horizontal-vertical_scenario,610,292,3,-1,1,0,90,15,1,100485,AdultMaleAgent(Clone),5,10,1.71,1.58,2.725586,2,True,2,1,0.5
2026-03-07_01.24.50,174,sign-optimization-horizontal-vertical_scenario,610,292,3,-1,1,0,90,15,1,100486,WheelchairAgent(Clone),7,11,1.3,1.17,12.33691,1,True,2,1,0.5
2026-03-07_01.24.50,174,sign-optimization-horizontal-vertical_scenario,610,292,3,-1,1,0,90,15,1,100487,AdultFemaleAgent(Clone),10,12,1.58,1.45,6.5625,2,True,3,1,0.3333333
2026-03-07_01.24.50,174,sign-optimization-horizontal-vertical_scenario,610,292,3,-1,1,0,90,15,1,100488,AdultFemaleAgent(Clone),11,10,1.58,1.450001,5.520508,1,False,3,0,0
2026-03-07_01.24.50,174,sign-optimization-horizontal-vertical_scenario,610,292,3,-1,1,0,90,15,1,100489,WheelchairAgent(Clone),5,10,1.3,1.17,1.108398,1,False,2,0,0
2026-03-07_01.24.50,174,sign-optimization-horizontal-vertical_scenario,610,292,3,-1,1,0,90,15,1,100490,AdultMaleAgent(Clone),10,12,1.71,1.58,5.907227,2,True,3,1,0.3333333
2026-03-07_01.24.50,174,sign-optimization-horizontal-vertical_scenario,610,292,3,-1,1,0,90,15,1,100491,AdultFemaleAgent(Clone),11,10,1.58,1.450001,9.073242,1,False,3,0,0
2026-03-07_01.24.50,174,sign-optimization-horizontal-vertical_scenario,610,292,3,-1,1,0,90,15,1,100492,AdultMaleAgent(Clone),6,12,1.71,1.58,7.607422,2,True,2,1,0.5
2026-03-07_01.24.50,174,sign-optimization-horizontal-vertical_scenario,610,292,3,-1,1,0,90,15,1,100493,WheelchairAgent(Clone),6,12,1.3,1.17,6.913086,2,True,2,1,0.5
2026-03-07_01.24.50,174,sign-optimization-horizontal-vertical_scenario,610,292,3,-1,1,0,90,15,1,100494,AdultMaleAgent(Clone),10,12,1.71,1.58,10.18164,1,True,3,1,0.3333333
2026-03-07_01.24.50,174,sign-optimization-horizontal-vertical_scenario,610,292,3,-1,1,0,90,15,1,100495,WheelchairAgent(Clone),11,10,1.3,1.17,6.300781,1,False,3,0,0
2026-03-07_01.24.50,174,sign-optimization-horizontal-vertical_scenario,610,292,3,-1,1,0,90,15,1,100496,AdultMaleAgent(Clone),5,10,1.71,1.58,2.825195,2,True,2,1,0.5
2026-03-07_01.24.50,174,sign-optimization-horizontal-vertical_scenario,610,292,3,-1,1,0,90,15,1,100497,WheelchairAgent(Clone),5,10,1.3,1.17,1.420898,1,False,2,0,0
2026-03-07_01.24.50,174,sign-optimization-horizontal-vertical_scenario,610,292,3,-1,1,0,90,15,1,100498,WheelchairAgent(Clone),7,11,1.3,1.17,9.599609,1,True,2,1,0.5
2026-03-07_01.24.50,174,sign-optimization-horizontal-vertical_scenario,610,292,3,-1,1,0,90,15,1,100499,WheelchairAgent(Clone),6,12,1.3,1.17,5.106445,2,True,2,1,0.5
2026-03-07_01.24.50,174,sign-optimization-horizontal-vertical_scenario,610,292,3,-1,1,0,90,15,1,100500,AdultMaleAgent(Clone),10,12,1.71,1.58,5.805664,2,True,3,1,0.3333333
2026-03-07_01.24.50,174,sign-optimization-horizontal-vertical_scenario,610,292,3,-1,1,0,90,15,1,100501,AdultMaleAgent(Clone),6,12,1.71,1.58,8.648438,2,True,2,1,0.5
2026-03-07_01.24.50,174,sign-optimization-horizontal-vertical_scenario,610,292,3,-1,1,0,90,15,1,100502,AdultFemaleAgent(Clone),6,12,1.58,1.45,6.319336,2,False,2,1,0.5
2026-03-07_01.24.50,174,sign-optimization-horizontal-vertical_scenario,610,292,3,-1,1,0,90,15,1,100503,WheelchairAgent(Clone),10,12,1.3,1.17,5.081055,2,True,3,1,0.3333333
2026-03-07_01.24.50,174,sign-optimization-horizontal-vertical_scenario,610,292,3,-1,1,0,90,15,1,100504,AdultFemaleAgent(Clone),7,11,1.58,1.450001,9.399414,1,True,2,1,0.5
2026-03-07_01.24.50,174,sign-optimization-horizontal-vertical_scenario,610,292,3,-1,1,0,90,15,1,100505,AdultMaleAgent(Clone),10,12,1.71,1.58,7.066406,2,True,3,1,0.3333333
2026-03-07_01.24.50,174,sign-optimization-horizontal-vertical_scenario,610,292,3,-1,1,0,90,15,1,100506,AdultMaleAgent(Clone),10,12,1.71,1.58,4.618164,2,True,3,1,0.3333333
2026-03-07_01.24.50,174,sign-optimization-horizontal-vertical_scenario,610,292,3,-1,1,0,90,15,1,100507,WheelchairAgent(Clone),5,10,1.3,1.17,2.400391,2,True,2,1,0.5
2026-03-07_01.24.50,174,sign-optimization-horizontal-vertical_scenario,610,292,3,-1,1,0,90,15,1,100508,AdultFemaleAgent(Clone),10,12,1.58,1.45,5.023438,2,True,3,1,0.3333333
2026-03-07_01.24.50,174,sign-optimization-horizontal-vertical_scenario,610,292,3,-1,1,0,90,15,1,100509,AdultFemaleAgent(Clone),5,10,1.58,1.45,1.980469,1,False,2,0,0
2026-03-07_01.24.50,174,sign-optimization-horizontal-vertical_scenario,610,292,3,-1,1,0,90,15,1,100510,AdultMaleAgent(Clone),5,10,1.71,1.58,1.151367,1,False,2,0,0
2026-03-07_01.24.50,174,sign-optimization-horizontal-vertical_scenario,610,292,3,-1,1,0,90,15,1,100511,WheelchairAgent(Clone),5,10,1.3,1.17,0.1464844,1,False,2,0,0
2026-03-07_01.24.50,174,sign-optimization-horizontal-vertical_scenario,610,292,3,-1,1,0,90,15,1,100512,AdultFemaleAgent(Clone),11,10,1.58,1.450001,0,0,False,3,0,0
2026-03-07_01.24.50,174,sign-optimization-horizontal-vertical_scenario,610,292,3,-1,1,0,90,15,1,100513,AdultFemaleAgent(Clone),10,12,1.58,1.45,7.022461,2,True,3,1,0.3333333
2026-03-07_01.24.50,174,sign-optimization-horizontal-vertical_scenario,610,292,3,-1,1,0,90,15,1,100514,AdultFemaleAgent(Clone),10,12,1.58,1.45,6.347656,2,True,3,1,0.3333333
2026-03-07_01.24.50,174,sign-optimization-horizontal-vertical_scenario,610,292,3,-1,1,0,90,15,1,100515,AdultFemaleAgent(Clone),11,10,1.58,1.450001,0,0,False,3,0,0
2026-03-07_01.24.50,174,sign-optimization-horizontal-vertical_scenario,610,292,3,-1,1,0,90,15,1,100516,AdultFemaleAgent(Clone),11,10,1.58,1.450001,7.28418,1,False,3,0,0
2026-03-07_01.24.50,174,sign-optimization-horizontal-vertical_scenario,610,292,3,-1,1,0,90,15,1,100517,AdultMaleAgent(Clone),10,12,1.71,1.58,6.095703,2,True,3,1,0.3333333
2026-03-07_01.24.50,174,sign-optimization-horizontal-vertical_scenario,610,292,3,-1,1,0,90,15,1,100518,AdultFemaleAgent(Clone),7,11,1.58,1.450001,10.66406,1,True,2,1,0.5
2026-03-07_01.24.50,174,sign-optimization-horizontal-vertical_scenario,610,292,3,-1,1,0,90,15,1,100519,WheelchairAgent(Clone),10,12,1.3,1.17,4.695313,2,True,3,1,0.3333333
2026-03-07_01.24.50,174,sign-optimization-horizontal-vertical_scenario,610,292,3,-1,1,0,90,15,1,100520,AdultFemaleAgent(Clone),6,12,1.58,1.45,6.171875,2,True,2,1,0.5
2026-03-07_01.24.50,174,sign-optimization-horizontal-vertical_scenario,610,292,3,-1,1,0,90,15,1,100521,WheelchairAgent(Clone),7,11,1.3,1.17,13.51855,1,True,2,1,0.5
2026-03-07_01.24.50,174,sign-optimization-horizontal-vertical_scenario,610,292,3,-1,1,0,90,15,1,100522,AdultFemaleAgent(Clone),5,10,1.58,1.45,2.210938,2,False,2,1,0.5
2026-03-07_01.24.50,174,sign-optimization-horizontal-vertical_scenario,610,292,3,-1,1,0,90,15,1,100523,AdultMaleAgent(Clone),7,11,1.71,1.58,6.339844,1,False,2,1,0.5
2026-03-07_01.24.50,174,sign-optimization-horizontal-vertical_scenario,610,292,3,-1,1,0,90,15,1,100524,AdultMaleAgent(Clone),6,12,1.71,1.58,5.086914,2,True,2,1,0.5
2026-03-07_01.24.50,174,sign-optimization-horizontal-vertical_scenario,610,292,3,-1,1,0,90,15,1,100525,AdultFemaleAgent(Clone),7,11,1.58,1.450001,20.70996,1,True,2,1,0.5
2026-03-07_01.24.50,174,sign-optimization-horizontal-vertical_scenario,610,292,3,-1,1,0,90,15,1,100526,WheelchairAgent(Clone),5,10,1.3,1.17,2.214844,1,False,2,0,0
2026-03-07_01.24.50,174,sign-optimization-horizontal-vertical_scenario,610,292,3,-1,1,0,90,15,1,100527,WheelchairAgent(Clone),11,10,1.3,1.17,0,0,False,3,0,0
2026-03-07_01.24.50,174,sign-optimization-horizontal-vertical_scenario,610,292,3,-1,1,0,90,15,1,100528,AdultMaleAgent(Clone),10,12,1.71,1.58,4.073242,2,True,3,1,0.3333333
2026-03-07_01.24.50,174,sign-optimization-horizontal-vertical_scenario,610,292,3,-1,1,0,90,15,1,100529,AdultMaleAgent(Clone),5,10,1.71,1.58,2.838867,2,True,2,1,0.5
2026-03-07_01.24.50,174,sign-optimization-horizontal-vertical_scenario,610,292,3,-1,1,0,90,15,1,100530,AdultMaleAgent(Clone),6,12,1.71,1.58,6.288086,2,True,2,1,0.5
2026-03-07_01.24.50,174,sign-optimization-horizontal-vertical_scenario,610,292,3,-1,1,0,90,15,1,100531,AdultFemaleAgent(Clone),7,11,1.58,1.450001,12.28711,1,True,2,1,0.5
2026-03-07_01.24.50,174,sign-optimization-horizontal-vertical_scenario,610,292,3,-1,1,0,90,15,1,100532,AdultMaleAgent(Clone),11,10,1.71,1.58,6.453125,1,False,3,0,0
2026-03-07_01.24.50,174,sign-optimization-horizontal-vertical_scenario,610,292,3,-1,1,0,90,15,1,100533,AdultMaleAgent(Clone),6,12,1.71,1.58,5.935547,2,True,2,1,0.5
2026-03-07_01.24.50,174,sign-optimization-horizontal-vertical_scenario,610,292,3,-1,1,0,90,15,1,100534,WheelchairAgent(Clone),11,10,1.3,1.17,6.113281,1,False,3,0,0
2026-03-07_01.24.50,174,sign-optimization-horizontal-vertical_scenario,610,292,3,-1,1,0,90,15,1,100535,AdultFemaleAgent(Clone),10,12,1.58,1.45,7.039063,2,True,3,1,0.3333333
2026-03-07_01.24.50,174,sign-optimization-horizontal-vertical_scenario,610,292,3,-1,1,0,90,15,1,100536,AdultMaleAgent(Clone),10,12,1.71,1.58,5.743164,2,True,3,1,0.3333333
2026-03-07_01.24.50,174,sign-optimization-horizontal-vertical_scenario,610,292,3,-1,1,0,90,15,1,100537,AdultMaleAgent(Clone),11,10,1.71,1.58,5.253906,1,False,3,0,0
2026-03-07_01.24.50,174,sign-optimization-horizontal-vertical_scenario,610,292,3,-1,1,0,90,15,1,100538,AdultMaleAgent(Clone),6,12,1.71,1.58,6.5,2,True,2,1,0.5
2026-03-07_01.24.50,174,sign-optimization-horizontal-vertical_scenario,610,292,3,-1,1,0,90,15,1,100539,AdultFemaleAgent(Clone),10,12,1.58,1.45,4.981445,2,True,3,1,0.3333333
2026-03-07_01.24.50,174,sign-optimization-horizontal-vertical_scenario,610,292,3,-1,1,0,90,15,1,100540,WheelchairAgent(Clone),11,10,1.3,1.17,0,0,False,3,0,0
2026-03-07_01.24.50,174,sign-optimization-horizontal-vertical_scenario,610,292,3,-1,1,0,90,15,1,100541,AdultMaleAgent(Clone),5,10,1.71,1.58,0.7011719,1,False,2,0,0
2026-03-07_01.24.50,174,sign-optimization-horizontal-vertical_scenario,610,292,3,-1,1,0,90,15,1,100542,AdultFemaleAgent(Clone),10,12,1.58,1.45,5.175781,2,True,3,1,0.3333333
2026-03-07_01.24.50,174,sign-optimization-horizontal-vertical_scenario,610,292,3,-1,1,0,90,15,1,100543,AdultMaleAgent(Clone),10,12,1.71,1.58,5.814453,2,True,3,1,0.3333333
2026-03-07_01.24.50,174,sign-optimization-horizontal-vertical_scenario,610,292,3,-1,1,0,90,15,1,100544,AdultMaleAgent(Clone),6,12,1.71,1.58,9.652344,2,True,2,1,0.5
2026-03-07_01.24.50,174,sign-optimization-horizontal-vertical_scenario,610,292,3,-1,1,0,90,15,1,100545,WheelchairAgent(Clone),6,12,1.3,1.17,8.166016,2,True,2,1,0.5
2026-03-07_01.24.50,174,sign-optimization-horizontal-vertical_scenario,610,292,3,-1,1,0,90,15,1,100546,AdultFemaleAgent(Clone),6,12,1.58,1.45,9.554688,2,True,2,1,0.5
2026-03-07_01.24.50,174,sign-optimization-horizontal-vertical_scenario,610,292,3,-1,1,0,90,15,1,100547,WheelchairAgent(Clone),10,12,1.3,1.17,6.257813,2,False,3,1,0.3333333
2026-03-07_01.24.50,174,sign-optimization-horizontal-vertical_scenario,610,292,3,-1,1,0,90,15,1,100548,AdultFemaleAgent(Clone),5,10,1.58,1.45,2.662109,2,True,2,1,0.5
2026-03-07_01.24.50,174,sign-optimization-horizontal-vertical_scenario,610,292,3,-1,1,0,90,15,1,100549,AdultFemaleAgent(Clone),11,10,1.58,1.450001,6.674805,1,False,3,0,0
2026-03-07_01.24.50,174,sign-optimization-horizontal-vertical_scenario,610,292,3,-1,1,0,90,15,1,100550,AdultFemaleAgent(Clone),7,11,1.58,1.450001,0,0,True,2,1,0.5
2026-03-07_01.24.50,174,sign-optimization-horizontal-vertical_scenario,610,292,3,-1,1,0,90,15,1,100551,AdultMaleAgent(Clone),5,10,1.71,1.58,2.623047,2,True,2,1,0.5
2026-03-07_01.24.50,174,sign-optimization-horizontal-vertical_scenario,610,292,3,-1,1,0,90,15,1,100552,AdultMaleAgent(Clone),7,11,1.71,1.58,9.102539,1,True,2,1,0.5
2026-03-07_01.24.50,174,sign-optimization-horizontal-vertical_scenario,610,292,3,-1,1,0,90,15,1,100553,AdultFemaleAgent(Clone),7,11,1.58,1.450001,9.163086,1,True,2,1,0.5
2026-03-07_01.24.50,174,sign-optimization-horizontal-vertical_scenario,610,292,3,-1,1,0,90,15,1,100554,AdultFemaleAgent(Clone),10,12,1.58,1.45,6.082031,2,True,3,1,0.3333333
2026-03-07_01.24.50,174,sign-optimization-horizontal-vertical_scenario,610,292,3,-1,1,0,90,15,1,100555,WheelchairAgent(Clone),7,11,1.3,1.17,10.24023,1,False,2,1,0.5
2026-03-07_01.24.50,174,sign-optimization-horizontal-vertical_scenario,610,292,3,-1,1,0,90,15,1,100556,WheelchairAgent(Clone),5,10,1.3,1.17,1.638672,1,False,2,0,0
2026-03-07_01.24.50,174,sign-optimization-horizontal-vertical_scenario,610,292,3,-1,1,0,90,15,1,100557,AdultMaleAgent(Clone),11,10,1.71,1.58,7.44043,1,False,3,0,0
2026-03-07_01.24.50,174,sign-optimization-horizontal-vertical_scenario,610,292,3,-1,1,0,90,15,1,100558,WheelchairAgent(Clone),5,10,1.3,1.17,0.5498047,1,False,2,0,0
2026-03-07_01.24.50,174,sign-optimization-horizontal-vertical_scenario,610,292,3,-1,1,0,90,15,1,100559,AdultMaleAgent(Clone),10,12,1.71,1.58,5.050781,2,True,3,1,0.3333333
2026-03-07_01.24.50,174,sign-optimization-horizontal-vertical_scenario,610,292,3,-1,1,0,90,15,1,100560,AdultMaleAgent(Clone),11,10,1.71,1.58,7.172852,1,False,3,0,0
2026-03-07_01.24.50,174,sign-optimization-horizontal-vertical_scenario,610,292,3,-1,1,0,90,15,1,100561,AdultMaleAgent(Clone),6,12,1.71,1.58,5.62793,2,True,2,1,0.5
2026-03-07_01.24.50,174,sign-optimization-horizontal-vertical_scenario,610,292,3,-1,1,0,90,15,1,100562,WheelchairAgent(Clone),5,10,1.3,1.17,1.379883,1,False,2,0,0
2026-03-07_01.24.50,174,sign-optimization-horizontal-vertical_scenario,610,292,3,-1,1,0,90,15,1,100563,AdultMaleAgent(Clone),10,12,1.71,1.58,3.082031,2,True,3,1,0.3333333
2026-03-07_01.24.50,174,sign-optimization-horizontal-vertical_scenario,610,292,3,-1,1,0,90,15,1,100564,AdultMaleAgent(Clone),5,10,1.71,1.58,2.050781,2,False,2,1,0.5
2026-03-07_01.24.50,174,sign-optimization-horizontal-vertical_scenario,610,292,3,-1,1,0,90,15,1,100565,AdultMaleAgent(Clone),5,10,1.71,1.58,1.138672,1,False,2,0,0
2026-03-07_01.24.50,174,sign-optimization-horizontal-vertical_scenario,610,292,3,-1,1,0,90,15,1,100566,AdultFemaleAgent(Clone),11,10,1.58,1.450001,7.577148,1,False,3,0,0
2026-03-07_01.24.50,174,sign-optimization-horizontal-vertical_scenario,610,292,3,-1,1,0,90,15,1,100567,AdultFemaleAgent(Clone),11,10,1.58,1.450001,7.402344,1,False,3,0,0
2026-03-07_01.24.50,174,sign-optimization-horizontal-vertical_scenario,610,292,3,-1,1,0,90,15,1,100568,WheelchairAgent(Clone),7,11,1.3,1.17,11.14063,1,True,2,1,0.5
2026-03-07_01.24.50,174,sign-optimization-horizontal-vertical_scenario,610,292,3,-1,1,0,90,15,1,100569,AdultMaleAgent(Clone),6,12,1.71,1.58,9.905273,1,True,2,1,0.5
2026-03-07_01.24.50,174,sign-optimization-horizontal-vertical_scenario,610,292,3,-1,1,0,90,15,1,100570,WheelchairAgent(Clone),10,12,1.3,1.17,8.90332,1,True,3,1,0.3333333
2026-03-07_01.24.50,174,sign-optimization-horizontal-vertical_scenario,610,292,3,-1,1,0,90,15,1,100571,AdultFemaleAgent(Clone),5,10,1.58,1.45,2.158203,1,False,2,0,0
2026-03-07_01.24.50,174,sign-optimization-horizontal-vertical_scenario,610,292,3,-1,1,0,90,15,1,100572,AdultFemaleAgent(Clone),6,12,1.58,1.45,7.500977,2,True,2,1,0.5
2026-03-07_01.24.50,174,sign-optimization-horizontal-vertical_scenario,610,292,3,-1,1,0,90,15,1,100573,AdultFemaleAgent(Clone),10,12,1.58,1.45,3.624023,2,True,3,1,0.3333333
2026-03-07_01.24.50,174,sign-optimization-horizontal-vertical_scenario,610,292,3,-1,1,0,90,15,1,100574,WheelchairAgent(Clone),7,11,1.3,1.17,11.88965,1,True,2,1,0.5
2026-03-07_01.24.50,174,sign-optimization-horizontal-vertical_scenario,610,292,3,-1,1,0,90,15,1,100575,AdultMaleAgent(Clone),10,12,1.71,1.58,10.18555,1,True,3,1,0.3333333
2026-03-07_01.24.50,174,sign-optimization-horizontal-vertical_scenario,610,292,3,-1,1,0,90,15,1,100576,AdultFemaleAgent(Clone),7,11,1.58,1.450001,0,0,True,2,1,0.5
2026-03-07_01.24.50,174,sign-optimization-horizontal-vertical_scenario,610,292,3,-1,1,0,90,15,1,100577,WheelchairAgent(Clone),6,12,1.3,1.17,8.761719,1,True,2,1,0.5
2026-03-07_01.24.50,174,sign-optimization-horizontal-vertical_scenario,610,292,3,-1,1,0,90,15,1,100578,WheelchairAgent(Clone),6,12,1.3,1.17,8.191406,2,True,2,1,0.5
2026-03-07_01.24.50,174,sign-optimization-horizontal-vertical_scenario,610,292,3,-1,1,0,90,15,1,100579,WheelchairAgent(Clone),7,11,1.3,1.17,7.376953,1,False,2,1,0.5
2026-03-07_01.24.50,174,sign-optimization-horizontal-vertical_scenario,610,292,3,-1,1,0,90,15,1,100580,WheelchairAgent(Clone),11,10,1.3,1.17,7.793945,1,False,3,0,0
2026-03-07_01.24.50,174,sign-optimization-horizontal-vertical_scenario,610,292,3,-1,1,0,90,15,1,100581,AdultMaleAgent(Clone),5,10,1.71,1.58,3.162109,2,True,2,1,0.5
2026-03-07_01.24.50,174,sign-optimization-horizontal-vertical_scenario,610,292,3,-1,1,0,90,15,1,100582,AdultMaleAgent(Clone),7,11,1.71,1.58,10.9541,1,True,2,1,0.5
2026-03-07_01.24.50,174,sign-optimization-horizontal-vertical_scenario,610,292,3,-1,1,0,90,15,1,100583,AdultMaleAgent(Clone),10,12,1.71,1.58,9.925781,1,True,3,1,0.3333333
2026-03-07_01.24.50,174,sign-optimization-horizontal-vertical_scenario,610,292,3,-1,1,0,90,15,1,100584,WheelchairAgent(Clone),5,10,1.3,1.17,2.564453,2,False,2,1,0.5
2026-03-07_01.24.50,174,sign-optimization-horizontal-vertical_scenario,610,292,3,-1,1,0,90,15,1,100585,WheelchairAgent(Clone),7,11,1.3,1.17,0,0,False,2,1,0.5
2026-03-07_01.24.50,174,sign-optimization-horizontal-vertical_scenario,610,292,3,-1,1,0,90,15,1,100586,WheelchairAgent(Clone),11,10,1.3,1.17,0,0,False,3,0,0
2026-03-07_01.24.50,174,sign-optimization-horizontal-vertical_scenario,610,292,3,-1,1,0,90,15,1,100587,AdultMaleAgent(Clone),5,10,1.71,1.58,2.523438,2,True,2,1,0.5
2026-03-07_01.24.50,174,sign-optimization-horizontal-vertical_scenario,610,292,3,-1,1,0,90,15,1,100588,AdultMaleAgent(Clone),5,10,1.71,1.58,2.094727,1,False,2,0,0
2026-03-07_01.24.50,174,sign-optimization-horizontal-vertical_scenario,610,292,3,-1,1,0,90,15,1,100589,AdultFemaleAgent(Clone),10,12,1.58,1.45,10.58984,1,True,3,1,0.3333333
2026-03-07_01.24.50,174,sign-optimization-horizontal-vertical_scenario,610,292,3,-1,1,0,90,15,1,100590,AdultMaleAgent(Clone),7,11,1.71,1.58,12.34863,1,True,2,1,0.5
2026-03-07_01.24.50,174,sign-optimization-horizontal-vertical_scenario,610,292,3,-1,1,0,90,15,1,100591,AdultMaleAgent(Clone),5,10,1.71,1.58,0.84375,1,False,2,0,0
2026-03-07_01.24.50,174,sign-optimization-horizontal-vertical_scenario,610,292,3,-1,1,0,90,15,1,100592,AdultFemaleAgent(Clone),10,12,1.58,1.45,8.832031,1,True,3,1,0.3333333
2026-03-07_01.24.50,174,sign-optimization-horizontal-vertical_scenario,610,292,3,-1,1,0,90,15,1,100593,WheelchairAgent(Clone),11,10,1.3,1.17,0,0,False,3,0,0
2026-03-07_01.24.50,174,sign-optimization-horizontal-vertical_scenario,610,292,3,-1,1,0,90,15,1,100594,WheelchairAgent(Clone),7,11,1.3,1.17,12.35938,1,True,2,1,0.5
2026-03-07_01.24.50,174,sign-optimization-horizontal-vertical_scenario,610,292,3,-1,1,0,90,15,1,100595,AdultMaleAgent(Clone),7,11,1.71,1.58,10.40137,1,True,2,1,0.5
2026-03-07_01.24.50,174,sign-optimization-horizontal-vertical_scenario,610,292,3,-1,1,0,90,15,1,100596,AdultFemaleAgent(Clone),11,10,1.58,1.450001,0,0,False,3,0,0
2026-03-07_01.24.50,174,sign-optimization-horizontal-vertical_scenario,610,292,3,-1,1,0,90,15,1,100597,AdultMaleAgent(Clone),5,10,1.71,1.58,0,0,False,2,0,0
2026-03-07_01.24.50,174,sign-optimization-horizontal-vertical_scenario,610,292,3,-1,1,0,90,15,1,100598,AdultMaleAgent(Clone),10,12,1.71,1.58,8.421875,1,True,3,1,0.3333333
2026-03-07_01.24.50,174,sign-optimization-horizontal-vertical_scenario,610,292,3,-1,1,0,90,15,1,100599,WheelchairAgent(Clone),11,10,1.3,1.17,0,0,False,3,0,0
2026-03-07_01.24.50,174,sign-optimization-horizontal-vertical_scenario,610,292,3,-1,1,0,90,15,1,100600,WheelchairAgent(Clone),6,12,1.3,1.17,6.96875,2,True,2,1,0.5
2026-03-07_01.24.50,174,sign-optimization-horizontal-vertical_scenario,610,292,3,-1,1,0,90,15,1,100601,WheelchairAgent(Clone),11,10,1.3,1.17,0,0,False,3,0,0
2026-03-07_01.24.50,174,sign-optimization-horizontal-vertical_scenario,610,292,3,-1,1,0,90,15,1,100602,WheelchairAgent(Clone),10,12,1.3,1.17,8.821289,1,True,3,1,0.3333333
2026-03-07_01.24.50,174,sign-optimization-horizontal-vertical_scenario,610,292,3,-1,1,0,90,15,1,100603,AdultMaleAgent(Clone),10,12,1.71,1.58,9.286133,1,True,3,1,0.3333333
2026-03-07_01.24.50,174,sign-optimization-horizontal-vertical_scenario,610,292,3,-1,1,0,90,15,1,100604,AdultFemaleAgent(Clone),10,12,1.58,1.45,9.138672,1,True,3,1,0.3333333
2026-03-07_01.24.50,174,sign-optimization-horizontal-vertical_scenario,610,292,3,-1,1,0,90,15,1,100605,AdultFemaleAgent(Clone),11,10,1.58,1.450001,0,0,False,3,0,0
2026-03-07_01.24.50,174,sign-optimization-horizontal-vertical_scenario,610,292,3,-1,1,0,90,15,1,100606,WheelchairAgent(Clone),11,10,1.3,1.17,0,0,False,3,0,0
2026-03-07_01.24.50,174,sign-optimization-horizontal-vertical_scenario,610,292,3,-1,1,0,90,15,1,100607,WheelchairAgent(Clone),7,11,1.3,1.17,0,0,False,2,1,0.5
2026-03-07_01.24.50,174,sign-optimization-horizontal-vertical_scenario,610,292,3,-1,1,0,90,15,1,100608,AdultMaleAgent(Clone),10,12,1.71,1.58,8.599609,1,True,3,1,0.3333333
2026-03-07_01.24.50,174,sign-optimization-horizontal-vertical_scenario,610,292,3,-1,1,0,90,15,1,100609,AdultMaleAgent(Clone),6,12,1.71,1.58,6.274414,2,True,2,1,0.5
2026-03-07_01.24.50,174,sign-optimization-horizontal-vertical_scenario,610,292,3,-1,1,0,90,15,1,100610,AdultFemaleAgent(Clone),7,11,1.58,1.450001,0,0,True,2,1,0.5
2026-03-07_01.24.50,174,sign-optimization-horizontal-vertical_scenario,610,292,3,-1,1,0,90,15,1,100611,WheelchairAgent(Clone),11,10,1.3,1.17,0,0,False,3,0,0
2026-03-07_01.24.50,174,sign-optimization-horizontal-vertical_scenario,610,292,3,-1,1,0,90,15,1,100612,AdultMaleAgent(Clone),6,12,1.71,1.58,7.480469,1,True,2,1,0.5
2026-03-07_01.24.50,174,sign-optimization-horizontal-vertical_scenario,610,292,3,-1,1,0,90,15,1,100613,AdultMaleAgent(Clone),5,10,1.71,1.58,0.8740234,1,False,2,0,0
2026-03-07_01.24.50,174,sign-optimization-horizontal-vertical_scenario,610,292,3,-1,1,0,90,15,1,100614,WheelchairAgent(Clone),11,10,1.3,1.17,0,0,False,3,0,0
2026-03-07_01.24.50,174,sign-optimization-horizontal-vertical_scenario,610,292,3,-1,1,0,90,15,1,100615,AdultFemaleAgent(Clone),7,11,1.58,1.450001,0,0,True,2,1,0.5
2026-03-07_01.24.50,174,sign-optimization-horizontal-vertical_scenario,610,292,3,-1,1,0,90,15,1,100616,WheelchairAgent(Clone),10,12,1.3,1.17,8.791992,1,False,3,1,0.3333333
2026-03-07_01.24.50,174,sign-optimization-horizontal-vertical_scenario,610,292,3,-1,1,0,90,15,1,100617,WheelchairAgent(Clone),7,11,1.3,1.17,8.53418,1,True,2,1,0.5
2026-03-07_01.24.50,174,sign-optimization-horizontal-vertical_scenario,610,292,3,-1,1,0,90,15,1,100618,AdultFemaleAgent(Clone),5,10,1.58,1.45,0,0,False,2,0,0
2026-03-07_01.24.50,174,sign-optimization-horizontal-vertical_scenario,610,292,3,-1,1,0,90,15,1,100619,WheelchairAgent(Clone),6,12,1.3,1.17,9.451172,1,True,2,1,0.5
2026-03-07_01.24.50,174,sign-optimization-horizontal-vertical_scenario,610,292,3,-1,1,0,90,15,1,100620,AdultFemaleAgent(Clone),7,11,1.58,1.450001,0,0,True,2,1,0.5
2026-03-07_01.24.50,174,sign-optimization-horizontal-vertical_scenario,610,292,3,-1,1,0,90,15,1,100621,AdultMaleAgent(Clone),5,10,1.71,1.58,1.055664,1,True,2,1,0.5
2026-03-07_01.24.50,174,sign-optimization-horizontal-vertical_scenario,610,292,3,-1,1,0,90,15,1,100622,AdultMaleAgent(Clone),11,10,1.71,1.58,0,0,False,3,0,0
2026-03-07_01.24.50,174,sign-optimization-horizontal-vertical_scenario,610,292,3,-1,1,0,90,15,1,100623,AdultMaleAgent(Clone),10,12,1.71,1.58,8.771484,1,True,3,1,0.3333333
2026-03-07_01.24.50,174,sign-optimization-horizontal-vertical_scenario,610,292,3,-1,1,0,90,15,1,100624,WheelchairAgent(Clone),7,11,1.3,1.17,8.970703,1,True,2,1,0.5
2026-03-07_01.24.50,174,sign-optimization-horizontal-vertical_scenario,610,292,3,-1,1,0,90,15,1,100625,AdultMaleAgent(Clone),11,10,1.71,1.58,0,0,False,3,0,0
2026-03-07_01.24.50,174,sign-optimization-horizontal-vertical_scenario,610,292,3,-1,1,0,90,15,1,100626,AdultMaleAgent(Clone),6,12,1.71,1.58,9.091797,1,True,2,1,0.5
2026-03-07_01.24.50,174,sign-optimization-horizontal-vertical_scenario,610,292,3,-1,1,0,90,15,1,100627,WheelchairAgent(Clone),6,12,1.3,1.17,6.977539,1,False,2,1,0.5
2026-03-07_01.24.50,174,sign-optimization-horizontal-vertical_scenario,610,292,3,-1,1,0,90,15,1,100628,WheelchairAgent(Clone),10,12,1.3,1.17,9.620117,1,True,3,1,0.3333333
2026-03-07_01.24.50,174,sign-optimization-horizontal-vertical_scenario,610,292,3,-1,1,0,90,15,1,100629,AdultMaleAgent(Clone),7,11,1.71,1.58,0,0,True,2,1,0.5
2026-03-07_01.24.50,174,sign-optimization-horizontal-vertical_scenario,610,292,3,-1,1,0,90,15,1,100630,AdultFemaleAgent(Clone),10,12,1.58,1.45,9.542969,1,True,3,1,0.3333333
2026-03-07_01.24.50,174,sign-optimization-horizontal-vertical_scenario,610,292,3,-1,1,0,90,15,1,100631,AdultMaleAgent(Clone),7,11,1.71,1.58,9.950195,1,True,2,1,0.5
2026-03-07_01.24.50,174,sign-optimization-horizontal-vertical_scenario,610,292,3,-1,1,0,90,15,1,100632,AdultMaleAgent(Clone),5,10,1.71,1.58,2.791992,1,False,2,0,0
2026-03-07_01.24.50,174,sign-optimization-horizontal-vertical_scenario,610,292,3,-1,1,0,90,15,1,100633,AdultFemaleAgent(Clone),6,12,1.58,1.45,9.078125,1,True,2,1,0.5
2026-03-07_01.24.50,174,sign-optimization-horizontal-vertical_scenario,610,292,3,-1,1,0,90,15,1,100634,AdultFemaleAgent(Clone),10,12,1.58,1.45,8.322266,1,True,3,1,0.3333333
2026-03-07_01.24.50,174,sign-optimization-horizontal-vertical_scenario,610,292,3,-1,1,0,90,15,1,100635,AdultFemaleAgent(Clone),6,12,1.58,1.45,8.079102,1,True,2,1,0.5
2026-03-07_01.24.50,174,sign-optimization-horizontal-vertical_scenario,610,292,3,-1,1,0,90,15,1,100636,AdultMaleAgent(Clone),5,10,1.71,1.58,0,0,False,2,0,0
2026-03-07_01.24.50,174,sign-optimization-horizontal-vertical_scenario,610,292,3,-1,1,0,90,15,1,100637,WheelchairAgent(Clone),6,12,1.3,1.17,8.94043,1,True,2,1,0.5
2026-03-07_01.24.50,174,sign-optimization-horizontal-vertical_scenario,610,292,3,-1,1,0,90,15,1,100638,AdultFemaleAgent(Clone),5,10,1.58,1.45,2.154297,1,True,2,1,0.5
2026-03-07_01.24.50,174,sign-optimization-horizontal-vertical_scenario,610,292,3,-1,1,0,90,15,1,100639,AdultMaleAgent(Clone),5,10,1.71,1.58,2.669922,1,True,2,1,0.5
2026-03-07_01.24.50,174,sign-optimization-horizontal-vertical_scenario,610,292,3,-1,1,0,90,15,1,100640,WheelchairAgent(Clone),10,12,1.3,1.17,9.173828,1,True,3,1,0.3333333
2026-03-07_01.24.50,174,sign-optimization-horizontal-vertical_scenario,610,292,3,-1,1,0,90,15,1,100641,AdultMaleAgent(Clone),5,10,1.71,1.58,2.110352,1,True,2,1,0.5
2026-03-07_01.24.50,174,sign-optimization-horizontal-vertical_scenario,610,292,3,-1,1,0,90,15,1,100642,AdultFemaleAgent(Clone),10,12,1.58,1.45,8.166016,1,True,3,1,0.3333333
2026-03-07_01.24.50,174,sign-optimization-horizontal-vertical_scenario,610,292,3,-1,1,0,90,15,1,100643,AdultFemaleAgent(Clone),11,10,1.58,1.450001,0,0,False,3,0,0
2026-03-07_01.24.50,174,sign-optimization-horizontal-vertical_scenario,610,292,3,-1,1,0,90,15,1,100644,AdultFemaleAgent(Clone),7,11,1.58,1.450001,0,0,True,2,1,0.5
2026-03-07_01.24.50,174,sign-optimization-horizontal-vertical_scenario,610,292,3,-1,1,0,90,15,1,100645,WheelchairAgent(Clone),7,11,1.3,1.17,0,0,True,2,1,0.5
2026-03-07_01.24.50,174,sign-optimization-horizontal-vertical_scenario,610,292,3,-1,1,0,90,15,1,100646,WheelchairAgent(Clone),5,10,1.3,1.17,0.7128906,1,False,2,1,0.5
2026-03-07_01.24.50,174,sign-optimization-horizontal-vertical_scenario,610,292,3,-1,1,0,90,15,1,100647,AdultMaleAgent(Clone),10,12,1.71,1.58,8.03125,1,True,3,1,0.3333333
2026-03-07_01.24.50,174,sign-optimization-horizontal-vertical_scenario,610,292,3,-1,1,0,90,15,1,100648,WheelchairAgent(Clone),7,11,1.3,1.17,0,0,True,2,1,0.5
2026-03-07_01.24.50,174,sign-optimization-horizontal-vertical_scenario,610,292,3,-1,1,0,90,15,1,100649,WheelchairAgent(Clone),10,12,1.3,1.17,8.389648,1,True,3,1,0.3333333
2026-03-07_01.24.50,174,sign-optimization-horizontal-vertical_scenario,610,292,3,-1,1,0,90,15,1,100650,AdultFemaleAgent(Clone),5,10,1.58,1.45,0,0,False,2,0,0
2026-03-07_01.24.50,174,sign-optimization-horizontal-vertical_scenario,610,292,3,-1,1,0,90,15,1,100651,WheelchairAgent(Clone),10,12,1.3,1.17,9.285156,1,True,3,1,0.3333333
2026-03-07_01.24.50,174,sign-optimization-horizontal-vertical_scenario,610,292,3,-1,1,0,90,15,1,100652,AdultMaleAgent(Clone),7,11,1.71,1.58,0,0,True,2,1,0.5
2026-03-07_01.24.50,174,sign-optimization-horizontal-vertical_scenario,610,292,3,-1,1,0,90,15,1,100653,AdultFemaleAgent(Clone),6,12,1.58,1.45,8.856445,1,True,2,1,0.5
2026-03-07_01.24.50,174,sign-optimization-horizontal-vertical_scenario,610,292,3,-1,1,0,90,15,1,100654,AdultFemaleAgent(Clone),11,10,1.58,1.450001,0,0,False,3,0,0
2026-03-07_01.24.50,174,sign-optimization-horizontal-vertical_scenario,610,292,3,-1,1,0,90,15,1,100655,AdultFemaleAgent(Clone),11,10,1.58,1.450001,0,0,False,3,0,0
2026-03-07_01.24.50,174,sign-optimization-horizontal-vertical_scenario,610,292,3,-1,1,0,90,15,1,100656,WheelchairAgent(Clone),6,12,1.3,1.17,8.433594,1,True,2,1,0.5
2026-03-07_01.24.50,174,sign-optimization-horizontal-vertical_scenario,610,292,3,-1,1,0,90,15,1,100657,AdultMaleAgent(Clone),11,10,1.71,1.58,0,0,False,3,0,0
2026-03-07_01.24.50,174,sign-optimization-horizontal-vertical_scenario,610,292,3,-1,1,0,90,15,1,100658,AdultMaleAgent(Clone),5,10,1.71,1.58,1.992188,1,False,2,1,0.5
2026-03-07_01.24.50,174,sign-optimization-horizontal-vertical_scenario,610,292,3,-1,1,0,90,15,1,100659,AdultMaleAgent(Clone),6,12,1.71,1.58,8.755859,1,True,2,1,0.5
2026-03-07_01.24.50,174,sign-optimization-horizontal-vertical_scenario,610,292,3,-1,1,0,90,15,1,100660,WheelchairAgent(Clone),6,12,1.3,1.17,8.336914,1,True,2,1,0.5
2026-03-07_01.24.50,174,sign-optimization-horizontal-vertical_scenario,610,292,3,-1,1,0,90,15,1,100661,AdultMaleAgent(Clone),5,10,1.71,1.58,1.630859,1,True,2,1,0.5
2026-03-07_01.24.50,174,sign-optimization-horizontal-vertical_scenario,610,292,3,-1,1,0,90,15,1,100662,AdultFemaleAgent(Clone),11,10,1.58,1.450001,0,0,False,3,0,0
2026-03-07_01.24.50,174,sign-optimization-horizontal-vertical_scenario,610,292,3,-1,1,0,90,15,1,100663,WheelchairAgent(Clone),10,12,1.3,1.17,8.84082,1,True,3,1,0.3333333
2026-03-07_01.24.50,174,sign-optimization-horizontal-vertical_scenario,610,292,3,-1,1,0,90,15,1,100664,AdultMaleAgent(Clone),10,12,1.71,1.58,9.499023,1,True,3,1,0.3333333
2026-03-07_01.24.50,174,sign-optimization-horizontal-vertical_scenario,610,292,3,-1,1,0,90,15,1,100665,AdultFemaleAgent(Clone),7,11,1.58,1.450001,0,0,True,2,1,0.5
2026-03-07_01.24.50,174,sign-optimization-horizontal-vertical_scenario,610,292,3,-1,1,0,90,15,1,100666,AdultFemaleAgent(Clone),10,12,1.58,1.45,9.077148,1,True,3,1,0.3333333
2026-03-07_01.24.50,174,sign-optimization-horizontal-vertical_scenario,610,292,3,-1,1,0,90,15,1,100667,AdultFemaleAgent(Clone),11,10,1.58,1.450001,0,0,False,3,0,0
2026-03-07_01.24.50,174,sign-optimization-horizontal-vertical_scenario,610,292,3,-1,1,0,90,15,1,100668,WheelchairAgent(Clone),6,12,1.3,1.17,9.125977,1,True,2,1,0.5
2026-03-07_01.24.50,174,sign-optimization-horizontal-vertical_scenario,610,292,3,-1,1,0,90,15,1,100669,WheelchairAgent(Clone),7,11,1.3,1.17,0,0,True,2,1,0.5
2026-03-07_01.24.50,174,sign-optimization-horizontal-vertical_scenario,610,292,3,-1,1,0,90,15,1,100670,AdultFemaleAgent(Clone),11,10,1.58,1.450001,0,0,False,3,0,0
2026-03-07_01.24.50,174,sign-optimization-horizontal-vertical_scenario,610,292,3,-1,1,0,90,15,1,100671,WheelchairAgent(Clone),5,10,1.3,1.17,0.6806641,1,False,2,1,0.5
2026-03-07_01.24.50,174,sign-optimization-horizontal-vertical_scenario,610,292,3,-1,1,0,90,15,1,100672,AdultFemaleAgent(Clone),6,12,1.58,1.45,8.905273,1,True,2,1,0.5
2026-03-07_01.24.50,174,sign-optimization-horizontal-vertical_scenario,610,292,3,-1,1,0,90,15,1,100673,WheelchairAgent(Clone),10,12,1.3,1.17,9.358398,1,True,3,1,0.3333333
2026-03-07_01.24.50,174,sign-optimization-horizontal-vertical_scenario,610,292,3,-1,1,0,90,15,1,100674,WheelchairAgent(Clone),10,12,1.3,1.17,9.024414,1,True,3,1,0.3333333
2026-03-07_01.24.50,174,sign-optimization-horizontal-vertical_scenario,610,292,3,-1,1,0,90,15,1,100675,WheelchairAgent(Clone),5,10,1.3,1.17,2.524414,1,False,2,1,0.5
2026-03-07_01.24.50,174,sign-optimization-horizontal-vertical_scenario,610,292,3,-1,1,0,90,15,1,100676,AdultFemaleAgent(Clone),7,11,1.58,1.450001,0,0,True,2,1,0.5
2026-03-07_01.24.50,174,sign-optimization-horizontal-vertical_scenario,610,292,3,-1,1,0,90,15,1,100677,WheelchairAgent(Clone),10,12,1.3,1.17,9.40918,1,True,3,1,0.3333333
2026-03-07_01.24.50,174,sign-optimization-horizontal-vertical_scenario,610,292,3,-1,1,0,90,15,1,100678,AdultMaleAgent(Clone),5,10,1.71,1.58,1.169922,1,True,2,1,0.5
2026-03-07_01.24.50,174,sign-optimization-horizontal-vertical_scenario,610,292,3,-1,1,0,90,15,1,100679,AdultFemaleAgent(Clone),10,12,1.58,1.45,9.371094,1,True,3,1,0.3333333
2026-03-07_01.24.50,174,sign-optimization-horizontal-vertical_scenario,610,292,3,-1,1,0,90,15,1,100680,AdultFemaleAgent(Clone),5,10,1.58,1.45,0,0,False,2,0,0
2026-03-07_01.24.50,174,sign-optimization-horizontal-vertical_scenario,610,292,3,-1,1,0,90,15,1,100681,AdultFemaleAgent(Clone),6,12,1.58,1.45,9.482422,1,True,2,1,0.5
2026-03-07_01.24.50,174,sign-optimization-horizontal-vertical_scenario,610,292,3,-1,1,0,90,15,1,100682,AdultMaleAgent(Clone),10,12,1.71,1.58,9.652344,1,True,3,1,0.3333333
2026-03-07_01.24.50,174,sign-optimization-horizontal-vertical_scenario,610,292,3,-1,1,0,90,15,1,100683,AdultFemaleAgent(Clone),5,10,1.58,1.45,0,0,False,2,0,0
2026-03-07_01.24.50,174,sign-optimization-horizontal-vertical_scenario,610,292,3,-1,1,0,90,15,1,100684,AdultFemaleAgent(Clone),7,11,1.58,1.450001,0,0,True,2,1,0.5
2026-03-07_01.24.50,174,sign-optimization-horizontal-vertical_scenario,610,292,3,-1,1,0,90,15,1,100685,WheelchairAgent(Clone),11,10,1.3,1.17,0,0,False,3,0,0
2026-03-07_01.24.50,174,sign-optimization-horizontal-vertical_scenario,610,292,3,-1,1,0,90,15,1,100686,AdultMaleAgent(Clone),5,10,1.71,1.58,0,0,False,2,0,0
2026-03-07_01.24.50,174,sign-optimization-horizontal-vertical_scenario,610,292,3,-1,1,0,90,15,1,100687,AdultFemaleAgent(Clone),5,10,1.58,1.45,0,0,False,2,0,0
2026-03-07_01.24.50,174,sign-optimization-horizontal-vertical_scenario,610,292,3,-1,1,0,90,15,1,100688,AdultFemaleAgent(Clone),10,12,1.58,1.45,9.998047,1,True,3,1,0.3333333
2026-03-07_01.24.50,174,sign-optimization-horizontal-vertical_scenario,610,292,3,-1,1,0,90,15,1,100689,AdultFemaleAgent(Clone),11,10,1.58,1.450001,0,0,False,3,0,0
2026-03-07_01.24.50,174,sign-optimization-horizontal-vertical_scenario,610,292,3,-1,1,0,90,15,1,100690,AdultMaleAgent(Clone),6,12,1.71,1.58,9.682617,1,True,2,1,0.5
2026-03-07_01.24.50,174,sign-optimization-horizontal-vertical_scenario,610,292,3,-1,1,0,90,15,1,100691,AdultFemaleAgent(Clone),11,10,1.58,1.450001,0,0,False,3,0,0
2026-03-07_01.24.50,174,sign-optimization-horizontal-vertical_scenario,610,292,3,-1,1,0,90,15,1,100692,WheelchairAgent(Clone),11,10,1.3,1.17,0,0,False,3,0,0
2026-03-07_01.24.50,174,sign-optimization-horizontal-vertical_scenario,610,292,3,-1,1,0,90,15,1,100693,AdultFemaleAgent(Clone),5,10,1.58,1.45,0.6689453,1,False,2,1,0.5
2026-03-07_01.24.50,174,sign-optimization-horizontal-vertical_scenario,610,292,3,-1,1,0,90,15,1,100694,AdultFemaleAgent(Clone),6,12,1.58,1.45,8.883789,1,True,2,1,0.5
2026-03-07_01.24.50,174,sign-optimization-horizontal-vertical_scenario,610,292,3,-1,1,0,90,15,1,100695,WheelchairAgent(Clone),6,12,1.3,1.17,9.294922,1,False,2,1,0.5
2026-03-07_01.24.50,174,sign-optimization-horizontal-vertical_scenario,610,292,3,-1,1,0,90,15,1,100696,AdultFemaleAgent(Clone),10,12,1.58,1.45,8.782227,1,True,3,1,0.3333333
2026-03-07_01.24.50,174,sign-optimization-horizontal-vertical_scenario,610,292,3,-1,1,0,90,15,1,100697,AdultMaleAgent(Clone),6,12,1.71,1.58,9.389648,1,True,2,1,0.5
2026-03-07_01.24.50,174,sign-optimization-horizontal-vertical_scenario,610,292,3,-1,1,0,90,15,1,100698,AdultFemaleAgent(Clone),6,12,1.58,1.45,0,0,True,2,1,0.5
2026-03-07_01.24.50,174,sign-optimization-horizontal-vertical_scenario,610,292,3,-1,1,0,90,15,1,100699,AdultFemaleAgent(Clone),6,12,1.58,1.45,9.549805,1,False,2,1,0.5
2026-03-07_01.24.50,174,sign-optimization-horizontal-vertical_scenario,610,292,3,-1,1,0,90,15,1,100700,AdultMaleAgent(Clone),11,10,1.71,1.58,0,0,False,3,0,0
2026-03-07_01.24.50,174,sign-optimization-horizontal-vertical_scenario,610,292,3,-1,1,0,90,15,1,100701,AdultFemaleAgent(Clone),10,12,1.58,1.45,0,0,True,3,1,0.3333333
2026-03-07_01.24.50,174,sign-optimization-horizontal-vertical_scenario,610,292,3,-1,1,0,90,15,1,100702,WheelchairAgent(Clone),10,12,1.3,1.17,0,0,True,3,1,0.3333333
2026-03-07_01.24.50,174,sign-optimization-horizontal-vertical_scenario,610,292,3,-1,1,0,90,15,1,100703,AdultFemaleAgent(Clone),5,10,1.58,1.45,2.112305,1,True,2,1,0.5
2026-03-07_01.24.50,174,sign-optimization-horizontal-vertical_scenario,610,292,3,-1,1,0,90,15,1,100704,AdultFemaleAgent(Clone),11,10,1.58,1.450001,0,0,False,3,0,0
2026-03-07_01.24.50,174,sign-optimization-horizontal-vertical_scenario,610,292,3,-1,1,0,90,15,1,100705,WheelchairAgent(Clone),5,10,1.3,1.17,1.738281,1,True,2,1,0.5
2026-03-07_01.24.50,174,sign-optimization-horizontal-vertical_scenario,610,292,3,-1,1,0,90,15,1,100706,AdultFemaleAgent(Clone),7,11,1.58,1.450001,0,0,True,2,1,0.5
2026-03-07_01.24.50,174,sign-optimization-horizontal-vertical_scenario,610,292,3,-1,1,0,90,15,1,100707,WheelchairAgent(Clone),6,12,1.3,1.17,9.03125,1,True,2,1,0.5
2026-03-07_01.24.50,174,sign-optimization-horizontal-vertical_scenario,610,292,3,-1,1,0,90,15,1,100708,WheelchairAgent(Clone),5,10,1.3,1.17,0.1953125,1,False,2,0,0
2026-03-07_01.24.50,174,sign-optimization-horizontal-vertical_scenario,610,292,3,-1,1,0,90,15,1,100709,AdultMaleAgent(Clone),5,10,1.71,1.58,0.3828125,1,False,2,1,0.5
2026-03-07_01.24.50,174,sign-optimization-horizontal-vertical_scenario,610,292,3,-1,1,0,90,15,1,100710,WheelchairAgent(Clone),7,11,1.3,1.17,0,0,False,2,0,0
2026-03-07_01.24.50,174,sign-optimization-horizontal-vertical_scenario,610,292,3,-1,1,0,90,15,1,100711,AdultFemaleAgent(Clone),10,12,1.58,1.45,0,0,True,3,1,0.3333333
2026-03-07_01.24.50,174,sign-optimization-horizontal-vertical_scenario,610,292,3,-1,1,0,90,15,1,100712,AdultMaleAgent(Clone),11,10,1.71,1.58,0,0,False,3,0,0
2026-03-07_01.24.50,174,sign-optimization-horizontal-vertical_scenario,610,292,3,-1,1,0,90,15,1,100713,WheelchairAgent(Clone),11,10,1.3,1.17,0,0,False,3,0,0
2026-03-07_01.24.50,174,sign-optimization-horizontal-vertical_scenario,610,292,3,-1,1,0,90,15,1,100714,AdultMaleAgent(Clone),5,10,1.71,1.58,0,0,False,2,0,0
2026-03-07_01.24.50,174,sign-optimization-horizontal-vertical_scenario,610,292,3,-1,1,0,90,15,1,100715,AdultMaleAgent(Clone),7,11,1.71,1.58,0,0,False,2,1,0.5
2026-03-07_01.24.50,174,sign-optimization-horizontal-vertical_scenario,610,292,3,-1,1,0,90,15,1,100716,AdultMaleAgent(Clone),6,12,1.71,1.58,0,0,False,2,1,0.5
2026-03-07_01.24.50,174,sign-optimization-horizontal-vertical_scenario,610,292,3,-1,1,0,90,15,1,100717,WheelchairAgent(Clone),11,10,1.3,1.17,0,0,False,3,0,0
2026-03-07_01.24.50,174,sign-optimization-horizontal-vertical_scenario,610,292,3,-1,1,0,90,15,1,100718,AdultFemaleAgent(Clone),11,10,1.58,1.450001,0,0,False,3,0,0
2026-03-07_01.24.50,174,sign-optimization-horizontal-vertical_scenario,610,292,3,-1,1,0,90,15,1,100719,WheelchairAgent(Clone),5,10,1.3,1.17,2.508789,1,False,2,1,0.5
2026-03-07_01.24.50,174,sign-optimization-horizontal-vertical_scenario,610,292,3,-1,1,0,90,15,1,100720,AdultMaleAgent(Clone),10,12,1.71,1.58,0,0,True,3,1,0.3333333
2026-03-07_01.24.50,174,sign-optimization-horizontal-vertical_scenario,610,292,3,-1,1,0,90,15,1,100721,AdultFemaleAgent(Clone),10,12,1.58,1.45,0,0,True,3,1,0.3333333
2026-03-07_01.24.50,174,sign-optimization-horizontal-vertical_scenario,610,292,3,-1,1,0,90,15,1,100722,WheelchairAgent(Clone),6,12,1.3,1.17,0,0,True,2,1,0.5
2026-03-07_01.24.50,174,sign-optimization-horizontal-vertical_scenario,610,292,3,-1,1,0,90,15,1,100723,AdultFemaleAgent(Clone),10,12,1.58,1.45,0,0,True,3,1,0.3333333
2026-03-07_01.24.50,174,sign-optimization-horizontal-vertical_scenario,610,292,3,-1,1,0,90,15,1,100724,WheelchairAgent(Clone),10,12,1.3,1.17,0,0,True,3,1,0.3333333
2026-03-07_01.24.50,174,sign-optimization-horizontal-vertical_scenario,610,292,3,-1,1,0,90,15,1,100725,AdultFemaleAgent(Clone),5,10,1.58,1.45,0.8447266,1,False,2,1,0.5
2026-03-07_01.24.50,174,sign-optimization-horizontal-vertical_scenario,610,292,3,-1,1,0,90,15,1,100726,WheelchairAgent(Clone),11,10,1.3,1.17,0,0,False,3,0,0
2026-03-07_01.24.50,174,sign-optimization-horizontal-vertical_scenario,610,292,3,-1,1,0,90,15,1,100727,AdultFemaleAgent(Clone),11,10,1.58,1.450001,0,0,False,3,0,0
2026-03-07_01.24.50,174,sign-optimization-horizontal-vertical_scenario,610,292,3,-1,1,0,90,15,1,100728,WheelchairAgent(Clone),10,12,1.3,1.17,0,0,True,3,1,0.3333333
2026-03-07_01.24.50,174,sign-optimization-horizontal-vertical_scenario,610,292,3,-1,1,0,90,15,1,100729,AdultFemaleAgent(Clone),10,12,1.58,1.45,0,0,True,3,1,0.3333333
2026-03-07_01.24.50,174,sign-optimization-horizontal-vertical_scenario,610,292,3,-1,1,0,90,15,1,100730,AdultFemaleAgent(Clone),5,10,1.58,1.45,0,0,False,2,0,0
2026-03-07_01.24.50,174,sign-optimization-horizontal-vertical_scenario,610,292,3,-1,1,0,90,15,1,100731,AdultFemaleAgent(Clone),10,12,1.58,1.45,0,0,True,3,1,0.3333333
2026-03-07_01.24.50,174,sign-optimization-horizontal-vertical_scenario,610,292,3,-1,1,0,90,15,1,100732,AdultFemaleAgent(Clone),5,10,1.58,1.45,2.826172,1,True,2,1,0.5
2026-03-07_01.24.50,174,sign-optimization-horizontal-vertical_scenario,610,292,3,-1,1,0,90,15,1,100733,WheelchairAgent(Clone),11,10,1.3,1.17,0,0,False,3,0,0
2026-03-07_01.24.50,174,sign-optimization-horizontal-vertical_scenario,610,292,3,-1,1,0,90,15,1,100734,AdultFemaleAgent(Clone),10,12,1.58,1.45,0,0,True,3,1,0.3333333
2026-03-07_01.24.50,174,sign-optimization-horizontal-vertical_scenario,610,292,3,-1,1,0,90,15,1,100735,AdultFemaleAgent(Clone),11,10,1.58,1.450001,0,0,False,3,0,0
2026-03-07_01.24.50,174,sign-optimization-horizontal-vertical_scenario,610,292,3,-1,1,0,90,15,1,100736,AdultMaleAgent(Clone),11,10,1.71,1.58,0,0,False,3,0,0
2026-03-07_01.24.50,174,sign-optimization-horizontal-vertical_scenario,610,292,3,-1,1,0,90,15,1,100737,WheelchairAgent(Clone),7,11,1.3,1.17,0,0,False,2,0,0
2026-03-07_01.24.50,174,sign-optimization-horizontal-vertical_scenario,610,292,3,-1,1,0,90,15,1,100738,AdultFemaleAgent(Clone),7,11,1.58,1.450001,0,0,False,2,0,0
2026-03-07_01.24.50,174,sign-optimization-horizontal-vertical_scenario,610,292,3,-1,1,0,90,15,1,100739,WheelchairAgent(Clone),7,11,1.3,1.17,0,0,False,2,0,0
2026-03-07_01.24.50,174,sign-optimization-horizontal-vertical_scenario,610,292,3,-1,1,0,90,15,1,100740,AdultFemaleAgent(Clone),5,10,1.58,1.45,0,0,False,2,0,0
2026-03-07_01.24.50,174,sign-optimization-horizontal-vertical_scenario,610,292,3,-1,1,0,90,15,1,100741,AdultMaleAgent(Clone),5,10,1.71,1.58,0.6240234,1,False,2,1,0.5
2026-03-07_01.24.50,174,sign-optimization-horizontal-vertical_scenario,610,292,3,-1,1,0,90,15,1,100742,AdultMaleAgent(Clone),10,12,1.71,1.58,0,0,True,3,1,0.3333333
2026-03-07_01.24.50,174,sign-optimization-horizontal-vertical_scenario,610,292,3,-1,1,0,90,15,1,100743,AdultMaleAgent(Clone),6,12,1.71,1.58,0,0,False,2,1,0.5
2026-03-07_01.24.50,174,sign-optimization-horizontal-vertical_scenario,610,292,3,-1,1,0,90,15,1,100744,AdultMaleAgent(Clone),5,10,1.71,1.58,0.9375,1,False,2,1,0.5
2026-03-07_01.24.50,174,sign-optimization-horizontal-vertical_scenario,610,292,3,-1,1,0,90,15,1,100745,WheelchairAgent(Clone),10,12,1.3,1.17,0,0,True,3,1,0.3333333
2026-03-07_01.24.50,174,sign-optimization-horizontal-vertical_scenario,610,292,3,-1,1,0,90,15,1,100746,AdultFemaleAgent(Clone),10,12,1.58,1.45,0,0,True,3,1,0.3333333
2026-03-07_01.24.50,174,sign-optimization-horizontal-vertical_scenario,610,292,3,-1,1,0,90,15,1,100747,WheelchairAgent(Clone),11,10,1.3,1.17,0,0,False,3,0,0
2026-03-07_01.24.50,174,sign-optimization-horizontal-vertical_scenario,610,292,3,-1,1,0,90,15,1,100748,AdultMaleAgent(Clone),5,10,1.71,1.58,2.097656,1,True,2,1,0.5
2026-03-07_01.24.50,174,sign-optimization-horizontal-vertical_scenario,610,292,3,-1,1,0,90,15,1,100749,AdultFemaleAgent(Clone),6,12,1.58,1.45,0,0,False,2,0,0
2026-03-07_01.24.50,174,sign-optimization-horizontal-vertical_scenario,610,292,3,-1,1,0,90,15,1,100750,WheelchairAgent(Clone),5,10,1.3,1.17,1.446289,1,True,2,1,0.5
2026-03-07_01.24.50,174,sign-optimization-horizontal-vertical_scenario,610,292,3,-1,1,0,90,15,1,100751,AdultMaleAgent(Clone),5,10,1.71,1.58,0,0,False,2,0,0
2026-03-07_01.24.50,174,sign-optimization-horizontal-vertical_scenario,610,292,3,-1,1,0,90,15,1,100752,WheelchairAgent(Clone),5,10,1.3,1.17,0,0,False,2,0,0
2026-03-07_01.24.50,174,sign-optimization-horizontal-vertical_scenario,610,292,3,-1,1,0,90,15,1,100753,AdultFemaleAgent(Clone),7,11,1.58,1.450001,0,0,False,2,0,0
2026-03-07_01.24.50,174,sign-optimization-horizontal-vertical_scenario,610,292,3,-1,1,0,90,15,1,100754,AdultFemaleAgent(Clone),10,12,1.58,1.45,0,0,True,3,1,0.3333333
2026-03-07_01.24.50,174,sign-optimization-horizontal-vertical_scenario,610,292,3,-1,1,0,90,15,1,100755,WheelchairAgent(Clone),6,12,1.3,1.17,0,0,False,2,1,0.5
2026-03-07_01.24.50,174,sign-optimization-horizontal-vertical_scenario,610,292,3,-1,1,0,90,15,1,100756,AdultMaleAgent(Clone),7,11,1.71,1.58,0,0,False,2,0,0
2026-03-07_01.24.50,174,sign-optimization-horizontal-vertical_scenario,610,292,3,-1,1,0,90,15,1,100757,AdultMaleAgent(Clone),11,10,1.71,1.58,0,0,False,3,0,0
2026-03-07_01.24.50,174,sign-optimization-horizontal-vertical_scenario,610,292,3,-1,1,0,90,15,1,100758,WheelchairAgent(Clone),11,10,1.3,1.17,0,0,False,3,0,0
2026-03-07_01.24.50,174,sign-optimization-horizontal-vertical_scenario,610,292,3,-1,1,0,90,15,1,100759,AdultMaleAgent(Clone),10,12,1.71,1.58,0,0,True,3,1,0.3333333
2026-03-07_01.24.50,174,sign-optimization-horizontal-vertical_scenario,610,292,3,-1,1,0,90,15,1,100760,AdultFemaleAgent(Clone),7,11,1.58,1.450001,0,0,False,2,0,0
2026-03-07_01.24.50,174,sign-optimization-horizontal-vertical_scenario,610,292,3,-1,1,0,90,15,1,100761,WheelchairAgent(Clone),10,12,1.3,1.17,0,0,True,3,1,0.3333333
2026-03-07_01.24.50,174,sign-optimization-horizontal-vertical_scenario,610,292,3,-1,1,0,90,15,1,100762,WheelchairAgent(Clone),6,12,1.3,1.17,0,0,False,2,0,0
2026-03-07_01.24.50,174,sign-optimization-horizontal-vertical_scenario,610,292,3,-1,1,0,90,15,1,100763,AdultFemaleAgent(Clone),7,11,1.58,1.450001,0,0,False,2,0,0
2026-03-07_01.24.50,174,sign-optimization-horizontal-vertical_scenario,610,292,3,-1,1,0,90,15,1,100764,AdultMaleAgent(Clone),6,12,1.71,1.58,0,0,False,2,1,0.5
2026-03-07_01.24.50,174,sign-optimization-horizontal-vertical_scenario,610,292,3,-1,1,0,90,15,1,100765,WheelchairAgent(Clone),7,11,1.3,1.17,0,0,False,2,0,0
2026-03-07_01.24.50,174,sign-optimization-horizontal-vertical_scenario,610,292,3,-1,1,0,90,15,1,100766,AdultMaleAgent(Clone),11,10,1.71,1.58,0,0,False,3,0,0
2026-03-07_01.24.50,174,sign-optimization-horizontal-vertical_scenario,610,292,3,-1,1,0,90,15,1,100767,AdultFemaleAgent(Clone),5,10,1.58,1.45,0,0,False,2,0,0
2026-03-07_01.24.50,174,sign-optimization-horizontal-vertical_scenario,610,292,3,-1,1,0,90,15,1,100768,AdultMaleAgent(Clone),7,11,1.71,1.58,0,0,False,2,0,0
2026-03-07_01.24.50,174,sign-optimization-horizontal-vertical_scenario,610,292,3,-1,1,0,90,15,1,100769,WheelchairAgent(Clone),7,11,1.3,1.17,0,0,False,2,0,0
2026-03-07_01.24.50,174,sign-optimization-horizontal-vertical_scenario,610,292,3,-1,1,0,90,15,1,100770,WheelchairAgent(Clone),5,10,1.3,1.17,0,0,False,2,0,0
2026-03-07_01.24.50,174,sign-optimization-horizontal-vertical_scenario,610,292,3,-1,1,0,90,15,1,100771,WheelchairAgent(Clone),10,12,1.3,1.17,0,0,True,3,1,0.3333333
2026-03-07_01.24.50,174,sign-optimization-horizontal-vertical_scenario,610,292,3,-1,1,0,90,15,1,100772,AdultFemaleAgent(Clone),5,10,1.58,1.45,0,0,False,2,0,0
2026-03-07_01.24.50,174,sign-optimization-horizontal-vertical_scenario,610,292,3,-1,1,0,90,15,1,100773,AdultMaleAgent(Clone),10,12,1.71,1.58,0,0,True,3,1,0.3333333
2026-03-07_01.24.50,174,sign-optimization-horizontal-vertical_scenario,610,292,3,-1,1,0,90,15,1,100774,WheelchairAgent(Clone),7,11,1.3,1.17,0,0,False,2,0,0
2026-03-07_01.24.50,174,sign-optimization-horizontal-vertical_scenario,610,292,3,-1,1,0,90,15,1,100775,WheelchairAgent(Clone),10,12,1.3,1.17,0,0,True,3,1,0.3333333
2026-03-07_01.24.50,174,sign-optimization-horizontal-vertical_scenario,610,292,3,-1,1,0,90,15,1,100776,WheelchairAgent(Clone),6,12,1.3,1.17,0,0,False,2,0,0
2026-03-07_01.24.50,174,sign-optimization-horizontal-vertical_scenario,610,292,3,-1,1,0,90,15,1,100777,WheelchairAgent(Clone),5,10,1.3,1.17,0,0,False,2,0,0
2026-03-07_01.24.50,174,sign-optimization-horizontal-vertical_scenario,610,292,3,-1,1,0,90,15,1,100778,AdultFemaleAgent(Clone),6,12,1.58,1.45,0,0,False,2,0,0
2026-03-07_01.24.50,174,sign-optimization-horizontal-vertical_scenario,610,292,3,-1,1,0,90,15,1,100779,AdultMaleAgent(Clone),11,10,1.71,1.58,0,0,False,3,0,0
2026-03-07_01.24.50,174,sign-optimization-horizontal-vertical_scenario,610,292,3,-1,1,0,90,15,1,100780,AdultMaleAgent(Clone),5,10,1.71,1.58,0,0,False,2,0,0
2026-03-07_01.24.50,174,sign-optimization-horizontal-vertical_scenario,610,292,3,-1,1,0,90,15,1,100781,AdultMaleAgent(Clone),6,12,1.71,1.58,0,0,False,2,0,0
2026-03-07_01.24.50,174,sign-optimization-horizontal-vertical_scenario,610,292,3,-1,1,0,90,15,1,100782,WheelchairAgent(Clone),7,11,1.3,1.17,0,0,False,2,0,0
2026-03-07_01.24.50,174,sign-optimization-horizontal-vertical_scenario,610,292,3,-1,1,0,90,15,1,100783,WheelchairAgent(Clone),5,10,1.3,1.17,0,0,False,2,0,0
2026-03-07_01.24.50,174,sign-optimization-horizontal-vertical_scenario,610,292,3,-1,1,0,90,15,1,100784,WheelchairAgent(Clone),6,12,1.3,1.17,0,0,False,2,0,0
2026-03-07_01.24.50,174,sign-optimization-horizontal-vertical_scenario,610,292,3,-1,1,0,90,15,1,100785,AdultFemaleAgent(Clone),11,10,1.58,1.450001,0,0,False,3,0,0
2026-03-07_01.24.50,174,sign-optimization-horizontal-vertical_scenario,610,292,3,-1,1,0,90,15,1,100786,AdultMaleAgent(Clone),7,11,1.71,1.58,0,0,False,2,0,0
2026-03-07_01.24.50,174,sign-optimization-horizontal-vertical_scenario,610,292,3,-1,1,0,90,15,1,100787,WheelchairAgent(Clone),10,12,1.3,1.17,0,0,False,3,1,0.3333333
2026-03-07_01.24.50,174,sign-optimization-horizontal-vertical_scenario,610,292,3,-1,1,0,90,15,1,100788,WheelchairAgent(Clone),11,10,1.3,1.17,0,0,False,3,0,0
2026-03-07_01.24.50,174,sign-optimization-horizontal-vertical_scenario,610,292,3,-1,1,0,90,15,1,100789,AdultFemaleAgent(Clone),7,11,1.58,1.450001,0,0,False,2,0,0
2026-03-07_01.24.50,174,sign-optimization-horizontal-vertical_scenario,610,292,3,-1,1,0,90,15,1,100790,WheelchairAgent(Clone),11,10,1.3,1.17,0,0,False,3,0,0
2026-03-07_01.24.50,174,sign-optimization-horizontal-vertical_scenario,610,292,3,-1,1,0,90,15,1,100791,WheelchairAgent(Clone),5,10,1.3,1.17,0,0,False,2,0,0
2026-03-07_01.24.50,174,sign-optimization-horizontal-vertical_scenario,610,292,3,-1,1,0,90,15,1,100792,AdultFemaleAgent(Clone),11,10,1.58,1.450001,0,0,False,3,0,0
2026-03-07_01.24.50,174,sign-optimization-horizontal-vertical_scenario,610,292,3,-1,1,0,90,15,1,100793,AdultMaleAgent(Clone),5,10,1.71,1.58,0,0,False,2,0,0
2026-03-07_01.24.50,174,sign-optimization-horizontal-vertical_scenario,610,292,3,-1,1,0,90,15,1,100794,WheelchairAgent(Clone),5,10,1.3,1.17,0,0,False,2,0,0
2026-03-07_01.24.50,174,sign-optimization-horizontal-vertical_scenario,610,292,3,-1,1,0,90,15,1,100795,AdultFemaleAgent(Clone),7,11,1.58,1.450001,0,0,False,2,0,0
2026-03-07_01.24.50,174,sign-optimization-horizontal-vertical_scenario,610,292,3,-1,1,0,90,15,1,100796,AdultMaleAgent(Clone),10,12,1.71,1.58,0,0,False,3,0,0
2026-03-07_01.24.50,174,sign-optimization-horizontal-vertical_scenario,610,292,3,-1,1,0,90,15,1,100797,WheelchairAgent(Clone),7,11,1.3,1.17,0,0,False,2,0,0
2026-03-07_01.24.50,174,sign-optimization-horizontal-vertical_scenario,610,292,3,-1,1,0,90,15,1,100798,WheelchairAgent(Clone),5,10,1.3,1.17,0,0,False,2,0,0
2026-03-07_01.24.50,174,sign-optimization-horizontal-vertical_scenario,610,292,3,-1,1,0,90,15,1,100799,WheelchairAgent(Clone),5,10,1.3,1.17,0,0,False,2,0,0
2026-03-07_01.24.50,174,sign-optimization-horizontal-vertical_scenario,610,292,3,-1,1,0,90,15,1,100800,WheelchairAgent(Clone),7,11,1.3,1.17,0,0,False,2,0,0
2026-03-07_01.24.50,174,sign-optimization-horizontal-vertical_scenario,610,292,3,-1,1,0,90,15,1,100801,WheelchairAgent(Clone),7,11,1.3,1.17,0,0,False,2,0,0
2026-03-07_01.24.50,174,sign-optimization-horizontal-vertical_scenario,610,292,3,-1,1,0,90,15,1,100802,AdultMaleAgent(Clone),11,10,1.71,1.58,0,0,False,3,0,0
2026-03-07_01.24.50,174,sign-optimization-horizontal-vertical_scenario,610,292,3,-1,1,0,90,15,1,100803,WheelchairAgent(Clone),5,10,1.3,1.17,0,0,False,2,0,0
2026-03-07_01.24.50,174,sign-optimization-horizontal-vertical_scenario,610,292,3,-1,1,0,90,15,1,100804,WheelchairAgent(Clone),6,12,1.3,1.17,0,0,False,2,0,0
2026-03-07_01.24.50,174,sign-optimization-horizontal-vertical_scenario,610,292,3,-1,1,0,90,15,1,100805,AdultMaleAgent(Clone),7,11,1.71,1.58,0,0,False,2,0,0
2026-03-07_01.24.50,174,sign-optimization-horizontal-vertical_scenario,610,292,3,-1,1,0,90,15,1,100806,AdultMaleAgent(Clone),10,12,1.71,1.58,0,0,False,3,0,0
2026-03-07_01.24.50,174,sign-optimization-horizontal-vertical_scenario,610,292,3,-1,1,0,90,15,1,100807,AdultFemaleAgent(Clone),11,10,1.58,1.450001,0,0,False,3,0,0
2026-03-07_01.24.50,174,sign-optimization-horizontal-vertical_scenario,610,292,3,-1,1,0,90,15,1,100808,AdultMaleAgent(Clone),6,12,1.71,1.58,0,0,False,2,0,0
2026-03-07_01.24.50,174,sign-optimization-horizontal-vertical_scenario,610,292,3,-1,1,0,90,15,1,100809,WheelchairAgent(Clone),6,12,1.3,1.17,0,0,False,2,0,0
2026-03-07_01.24.50,174,sign-optimization-horizontal-vertical_scenario,610,292,3,-1,1,0,90,15,1,100810,AdultMaleAgent(Clone),10,12,1.71,1.58,0,0,False,3,0,0
2026-03-07_01.24.50,174,sign-optimization-horizontal-vertical_scenario,610,292,3,-1,1,0,90,15,1,100811,AdultMaleAgent(Clone),11,10,1.71,1.58,0,0,False,3,0,0
2026-03-07_01.24.50,174,sign-optimization-horizontal-vertical_scenario,610,292,3,-1,1,0,90,15,1,100812,AdultMaleAgent(Clone),11,10,1.71,1.58,0,0,False,3,0,0
2026-03-07_01.24.50,174,sign-optimization-horizontal-vertical_scenario,610,292,3,-1,1,0,90,15,1,100813,AdultMaleAgent(Clone),10,12,1.71,1.58,0,0,False,3,0,0
2026-03-07_01.24.50,174,sign-optimization-horizontal-vertical_scenario,610,292,3,-1,1,0,90,15,1,100814,AdultFemaleAgent(Clone),6,12,1.58,1.45,0,0,False,2,0,0
2026-03-07_01.24.50,174,sign-optimization-horizontal-vertical_scenario,610,292,3,-1,1,0,90,15,1,100815,AdultMaleAgent(Clone),6,12,1.71,1.58,0,0,False,2,0,0
2026-03-07_01.24.50,174,sign-optimization-horizontal-vertical_scenario,610,292,3,-1,1,0,90,15,1,100816,WheelchairAgent(Clone),6,12,1.3,1.17,0,0,False,2,0,0
2026-03-07_01.24.50,174,sign-optimization-horizontal-vertical_scenario,610,292,3,-1,1,0,90,15,1,100817,WheelchairAgent(Clone),6,12,1.3,1.17,0,0,False,2,0,0
2026-03-07_01.24.50,174,sign-optimization-horizontal-vertical_scenario,610,292,3,-1,1,0,90,15,1,100818,AdultFemaleAgent(Clone),6,12,1.58,1.45,0,0,False,2,0,0
2026-03-07_01.24.50,174,sign-optimization-horizontal-vertical_scenario,610,292,3,-1,1,0,90,15,1,100819,AdultFemaleAgent(Clone),10,12,1.58,1.45,0,0,False,3,0,0
2026-03-07_01.24.50,174,sign-optimization-horizontal-vertical_scenario,610,292,3,-1,1,0,90,15,1,100820,WheelchairAgent(Clone),6,12,1.3,1.17,0,0,False,2,0,0
2026-03-07_01.24.50,174,sign-optimization-horizontal-vertical_scenario,610,292,3,-1,1,0,90,15,1,100821,AdultFemaleAgent(Clone),5,10,1.58,1.45,0,0,False,2,0,0
2026-03-07_01.24.50,174,sign-optimization-horizontal-vertical_scenario,610,292,3,-1,1,0,90,15,1,100822,AdultMaleAgent(Clone),7,11,1.71,1.58,0,0,False,2,0,0
2026-03-07_01.24.50,174,sign-optimization-horizontal-vertical_scenario,610,292,3,-1,1,0,90,15,1,100823,AdultFemaleAgent(Clone),6,12,1.58,1.45,0,0,False,2,0,0
2026-03-07_01.24.50,174,sign-optimization-horizontal-vertical_scenario,610,292,3,-1,1,0,90,15,1,100824,AdultFemaleAgent(Clone),6,12,1.58,1.45,0,0,False,2,0,0
2026-03-07_01.24.50,174,sign-optimization-horizontal-vertical_scenario,610,292,3,-1,1,0,90,15,1,100825,AdultMaleAgent(Clone),6,12,1.71,1.58,0,0,False,2,0,0
2026-03-07_01.24.50,174,sign-optimization-horizontal-vertical_scenario,610,292,3,-1,1,0,90,15,1,100826,WheelchairAgent(Clone),5,10,1.3,1.17,0,0,False,2,0,0
2026-03-07_01.24.50,174,sign-optimization-horizontal-vertical_scenario,610,292,3,-1,1,0,90,15,1,100827,AdultFemaleAgent(Clone),11,10,1.58,1.450001,0,0,False,3,0,0
2026-03-07_01.24.50,174,sign-optimization-horizontal-vertical_scenario,610,292,3,-1,1,0,90,15,1,100828,AdultMaleAgent(Clone),11,10,1.71,1.58,0,0,False,3,0,0
2026-03-07_01.24.50,174,sign-optimization-horizontal-vertical_scenario,610,292,3,-1,1,0,90,15,1,100829,AdultFemaleAgent(Clone),5,10,1.58,1.45,0,0,False,2,0,0
2026-03-07_01.24.50,174,sign-optimization-horizontal-vertical_scenario,610,292,3,-1,1,0,90,15,1,100830,AdultMaleAgent(Clone),7,11,1.71,1.58,0,0,False,2,0,0
2026-03-07_01.24.50,174,sign-optimization-horizontal-vertical_scenario,610,292,3,-1,1,0,90,15,1,100831,AdultFemaleAgent(Clone),6,12,1.58,1.45,0,0,False,2,0,0
2026-03-07_01.24.50,174,sign-optimization-horizontal-vertical_scenario,610,292,3,-1,1,0,90,15,1,100832,AdultFemaleAgent(Clone),11,10,1.58,1.450001,0,0,False,3,0,0
2026-03-07_01.24.50,174,sign-optimization-horizontal-vertical_scenario,610,292,3,-1,1,0,90,15,1,100833,AdultFemaleAgent(Clone),6,12,1.58,1.45,0,0,False,2,0,0
2026-03-07_01.24.50,174,sign-optimization-horizontal-vertical_scenario,610,292,3,-1,1,0,90,15,1,100834,WheelchairAgent(Clone),7,11,1.3,1.17,0,0,False,2,0,0
2026-03-07_01.24.50,174,sign-optimization-horizontal-vertical_scenario,610,292,3,-1,1,0,90,15,1,100835,AdultMaleAgent(Clone),10,12,1.71,1.58,0,0,False,3,0,0
2026-03-07_01.24.50,174,sign-optimization-horizontal-vertical_scenario,610,292,3,-1,1,0,90,15,1,100836,WheelchairAgent(Clone),6,12,1.3,1.17,0,0,False,2,0,0
2026-03-07_01.24.50,174,sign-optimization-horizontal-vertical_scenario,610,292,3,-1,1,0,90,15,1,100837,WheelchairAgent(Clone),10,12,1.3,1.17,0,0,False,3,0,0
2026-03-07_01.24.50,174,sign-optimization-horizontal-vertical_scenario,610,292,3,-1,1,0,90,15,1,100838,AdultFemaleAgent(Clone),7,11,1.58,1.450001,0,0,False,2,0,0
2026-03-07_01.24.50,174,sign-optimization-horizontal-vertical_scenario,610,292,3,-1,1,0,90,15,1,100839,AdultMaleAgent(Clone),7,11,1.71,1.58,0,0,False,2,0,0
2026-03-07_01.24.50,174,sign-optimization-horizontal-vertical_scenario,610,292,3,-1,1,0,90,15,1,100840,AdultMaleAgent(Clone),6,12,1.71,1.58,0,0,False,2,0,0
2026-03-07_01.24.50,174,sign-optimization-horizontal-vertical_scenario,610,292,3,-1,1,0,90,15,1,100841,AdultMaleAgent(Clone),10,12,1.71,1.58,0,0,False,3,0,0
2026-03-07_01.24.50,174,sign-optimization-horizontal-vertical_scenario,610,292,3,-1,1,0,90,15,1,100842,WheelchairAgent(Clone),5,10,1.3,1.17,0,0,False,2,0,0
2026-03-07_01.24.50,174,sign-optimization-horizontal-vertical_scenario,610,292,3,-1,1,0,90,15,1,100843,WheelchairAgent(Clone),6,12,1.3,1.17,0,0,False,2,0,0
2026-03-07_01.24.50,174,sign-optimization-horizontal-vertical_scenario,610,292,3,-1,1,0,90,15,1,100844,AdultFemaleAgent(Clone),6,12,1.58,1.45,0,0,False,2,0,0
2026-03-07_01.24.50,174,sign-optimization-horizontal-vertical_scenario,610,292,3,-1,1,0,90,15,1,100845,AdultFemaleAgent(Clone),11,10,1.58,1.450001,0,0,False,3,0,0
2026-03-07_01.24.50,174,sign-optimization-horizontal-vertical_scenario,610,292,3,-1,1,0,90,15,1,100846,WheelchairAgent(Clone),11,10,1.3,1.17,0,0,False,3,0,0
2026-03-07_01.24.50,174,sign-optimization-horizontal-vertical_scenario,610,292,3,-1,1,0,90,15,1,100847,WheelchairAgent(Clone),7,11,1.3,1.17,0,0,False,2,0,0
2026-03-07_01.24.50,174,sign-optimization-horizontal-vertical_scenario,610,292,3,-1,1,0,90,15,1,100848,WheelchairAgent(Clone),6,12,1.3,1.17,0,0,False,2,0,0
2026-03-07_01.24.50,174,sign-optimization-horizontal-vertical_scenario,610,292,3,-1,1,0,90,15,1,100849,AdultMaleAgent(Clone),7,11,1.71,1.58,0,0,False,2,0,0
2026-03-07_01.24.50,174,sign-optimization-horizontal-vertical_scenario,610,292,3,-1,1,0,90,15,1,100850,AdultFemaleAgent(Clone),6,12,1.58,1.45,0,0,False,2,0,0
2026-03-07_01.24.50,174,sign-optimization-horizontal-vertical_scenario,610,292,3,-1,1,0,90,15,1,100851,AdultFemaleAgent(Clone),5,10,1.58,1.45,0,0,False,2,0,0
2026-03-07_01.24.50,174,sign-optimization-horizontal-vertical_scenario,610,292,3,-1,1,0,90,15,1,100852,AdultFemaleAgent(Clone),6,12,1.58,1.45,0,0,False,2,0,0
2026-03-07_01.24.50,174,sign-optimization-horizontal-vertical_scenario,610,292,3,-1,1,0,90,15,1,100853,WheelchairAgent(Clone),6,12,1.3,1.17,0,0,False,2,0,0
2026-03-07_01.24.50,174,sign-optimization-horizontal-vertical_scenario,610,292,3,-1,1,0,90,15,1,100854,WheelchairAgent(Clone),10,12,1.3,1.17,0,0,False,3,0,0
2026-03-07_01.24.50,174,sign-optimization-horizontal-vertical_scenario,610,292,3,-1,1,0,90,15,1,100855,WheelchairAgent(Clone),5,10,1.3,1.17,0,0,False,2,0,0
2026-03-07_01.24.50,174,sign-optimization-horizontal-vertical_scenario,610,292,3,-1,1,0,90,15,1,100856,WheelchairAgent(Clone),7,11,1.3,1.17,0,0,False,2,0,0
2026-03-07_01.24.50,174,sign-optimization-horizontal-vertical_scenario,610,292,3,-1,1,0,90,15,1,100857,AdultMaleAgent(Clone),11,10,1.71,1.58,0,0,False,3,0,0
2026-03-07_01.24.50,174,sign-optimization-horizontal-vertical_scenario,610,292,3,-1,1,0,90,15,1,100858,WheelchairAgent(Clone),11,10,1.3,1.17,0,0,False,3,0,0
2026-03-07_01.24.50,174,sign-optimization-horizontal-vertical_scenario,610,292,3,-1,1,0,90,15,1,100859,AdultMaleAgent(Clone),5,10,1.71,1.58,0,0,False,2,0,0
2026-03-07_01.24.50,174,sign-optimization-horizontal-vertical_scenario,610,292,3,-1,1,0,90,15,1,100860,AdultFemaleAgent(Clone),6,12,1.58,1.45,0,0,False,2,0,0
2026-03-07_01.24.50,174,sign-optimization-horizontal-vertical_scenario,610,292,3,-1,1,0,90,15,1,100861,WheelchairAgent(Clone),6,12,1.3,1.17,0,0,False,2,0,0
2026-03-07_01.24.50,174,sign-optimization-horizontal-vertical_scenario,610,292,3,-1,1,0,90,15,1,100862,AdultMaleAgent(Clone),6,12,1.71,1.58,0,0,False,2,0,0
2026-03-07_01.24.50,174,sign-optimization-horizontal-vertical_scenario,610,292,3,-1,1,0,90,15,1,100863,AdultFemaleAgent(Clone),11,10,1.58,1.450001,0,0,False,3,0,0
2026-03-07_01.24.50,174,sign-optimization-horizontal-vertical_scenario,610,292,3,-1,1,0,90,15,1,100864,WheelchairAgent(Clone),11,10,1.3,1.17,0,0,False,3,0,0
2026-03-07_01.24.50,174,sign-optimization-horizontal-vertical_scenario,610,292,3,-1,1,0,90,15,1,100865,WheelchairAgent(Clone),5,10,1.3,1.17,0,0,False,2,0,0
2026-03-07_01.24.50,174,sign-optimization-horizontal-vertical_scenario,610,292,3,-1,1,0,90,15,1,100866,AdultFemaleAgent(Clone),7,11,1.58,1.450001,0,0,False,2,0,0
2026-03-07_01.24.50,174,sign-optimization-horizontal-vertical_scenario,610,292,3,-1,1,0,90,15,1,100867,AdultMaleAgent(Clone),11,10,1.71,1.58,0,0,False,3,0,0
