Timestamp,RunIndex,ScenarioID,TotalAgents,VisibleSignCount,SignHeight,SignPositionX,SignPositionZ,SignOrientation,VcaAngle,VcaDistance,SignComprehensionTime,AgentID,AgentType,StartNode,GoalNode,Height,EyeHeight,TimeInVCA,TimesInVCA,SawSign,TotalNodesNavigated,NodesWithDetection,RDEffective
2026-03-06_23.00.47,30,sign-optimization-horizontal-vertical_scenario,617,129,3,-1,-7,0,90,15,1,16959,AdultMaleAgent(Clone),11,10,1.71,1.58,5.555786,1,False,3,0,0
2026-03-06_23.00.47,30,sign-optimization-horizontal-vertical_scenario,617,129,3,-1,-7,0,90,15,1,16960,AdultMaleAgent(Clone),10,12,1.71,1.58,7.537476,1,True,3,1,0.3333333
2026-03-06_23.00.47,30,sign-optimization-horizontal-vertical_scenario,617,129,3,-1,-7,0,90,15,1,16961,WheelchairAgent(Clone),5,10,1.3,1.17,1.679443,2,False,2,1,0.5
2026-03-06_23.00.47,30,sign-optimization-horizontal-vertical_scenario,617,129,3,-1,-7,0,90,15,1,16962,AdultFemaleAgent(Clone),10,12,1.58,1.45,6.49939,1,True,3,1,0.3333333
2026-03-06_23.00.47,30,sign-optimization-horizontal-vertical_scenario,617,129,3,-1,-7,0,90,15,1,16963,WheelchairAgent(Clone),11,10,1.3,1.17,4.625,1,False,3,0,0
2026-03-06_23.00.47,30,sign-optimization-horizontal-vertical_scenario,617,129,3,-1,-7,0,90,15,1,16964,AdultFemaleAgent(Clone),10,12,1.58,1.45,10.52832,1,True,3,1,0.3333333
2026-03-06_23.00.47,30,sign-optimization-horizontal-vertical_scenario,617,129,3,-1,-7,0,90,15,1,16965,AdultMaleAgent(Clone),10,12,1.71,1.58,11.23987,1,True,3,1,0.3333333
2026-03-06_23.00.47,30,sign-optimization-horizontal-vertical_scenario,617,129,3,-1,-7,0,90,15,1,16966,AdultMaleAgent(Clone),11,10,1.71,1.58,6.238525,1,False,3,0,0
2026-03-06_23.00.47,30,sign-optimization-horizontal-vertical_scenario,617,129,3,-1,-7,0,90,15,1,16967,AdultFemaleAgent(Clone),6,12,1.58,1.45,7.356689,1,True,2,1,0.5
2026-03-06_23.00.47,30,sign-optimization-horizontal-vertical_scenario,617,129,3,-1,-7,0,90,15,1,16968,WheelchairAgent(Clone),5,10,1.3,1.17,0,0,False,2,0,0
2026-03-06_23.00.47,30,sign-optimization-horizontal-vertical_scenario,617,129,3,-1,-7,0,90,15,1,16969,AdultFemaleAgent(Clone),7,11,1.58,1.450001,2.040527,1,False,2,1,0.5
2026-03-06_23.00.47,30,sign-optimization-horizontal-vertical_scenario,617,129,3,-1,-7,0,90,15,1,16970,WheelchairAgent(Clone),11,10,1.3,1.17,4.650146,1,False,3,0,0
2026-03-06_23.00.47,30,sign-optimization-horizontal-vertical_scenario,617,129,3,-1,-7,0,90,15,1,16971,AdultMaleAgent(Clone),7,11,1.71,1.58,0,0,False,2,0,0
2026-03-06_23.00.47,30,sign-optimization-horizontal-vertical_scenario,617,129,3,-1,-7,0,90,15,1,16972,AdultMaleAgent(Clone),11,10,1.71,1.58,3.81311,1,False,3,0,0
2026-03-06_23.00.47,30,sign-optimization-horizontal-vertical_scenario,617,129,3,-1,-7,0,90,15,1,16973,WheelchairAgent(Clone),5,10,1.3,1.17,1.803711,2,True,2,1,0.5
2026-03-06_23.00.47,30,sign-optimization-horizontal-vertical_scenario,617,129,3,-1,-7,0,90,15,1,16974,WheelchairAgent(Clone),7,11,1.3,1.17,0,0,False,2,0,0
2026-03-06_23.00.47,30,sign-optimization-horizontal-vertical_scenario,617,129,3,-1,-7,0,90,15,1,16975,AdultMaleAgent(Clone),11,10,1.71,1.58,3.764648,1,False,3,0,0
2026-03-06_23.00.47,30,sign-optimization-horizontal-vertical_scenario,617,129,3,-1,-7,0,90,15,1,16976,WheelchairAgent(Clone),10,12,1.3,1.17,7.702759,1,True,3,1,0.3333333
2026-03-06_23.00.47,30,sign-optimization-horizontal-vertical_scenario,617,129,3,-1,-7,0,90,15,1,16977,AdultMaleAgent(Clone),5,10,1.71,1.58,1.234497,2,False,2,1,0.5
2026-03-06_23.00.47,30,sign-optimization-horizontal-vertical_scenario,617,129,3,-1,-7,0,90,15,1,16978,AdultFemaleAgent(Clone),11,10,1.58,1.450001,4.962646,1,False,3,0,0
2026-03-06_23.00.47,30,sign-optimization-horizontal-vertical_scenario,617,129,3,-1,-7,0,90,15,1,16979,AdultMaleAgent(Clone),6,12,1.71,1.58,8.327759,2,True,2,1,0.5
2026-03-06_23.00.47,30,sign-optimization-horizontal-vertical_scenario,617,129,3,-1,-7,0,90,15,1,16980,WheelchairAgent(Clone),7,11,1.3,1.17,0,0,False,2,0,0
2026-03-06_23.00.47,30,sign-optimization-horizontal-vertical_scenario,617,129,3,-1,-7,0,90,15,1,16981,WheelchairAgent(Clone),6,12,1.3,1.17,7.444946,2,False,2,1,0.5
2026-03-06_23.00.47,30,sign-optimization-horizontal-vertical_scenario,617,129,3,-1,-7,0,90,15,1,16982,AdultFemaleAgent(Clone),6,12,1.58,1.45,8.030518,2,False,2,1,0.5
2026-03-06_23.00.47,30,sign-optimization-horizontal-vertical_scenario,617,129,3,-1,-7,0,90,15,1,16983,WheelchairAgent(Clone),5,10,1.3,1.17,2.57019,2,True,2,1,0.5
2026-03-06_23.00.47,30,sign-optimization-horizontal-vertical_scenario,617,129,3,-1,-7,0,90,15,1,16984,WheelchairAgent(Clone),11,10,1.3,1.17,6.721924,1,False,3,0,0
2026-03-06_23.00.47,30,sign-optimization-horizontal-vertical_scenario,617,129,3,-1,-7,0,90,15,1,16985,AdultMaleAgent(Clone),11,10,1.71,1.58,6.607788,1,False,3,0,0
2026-03-06_23.00.47,30,sign-optimization-horizontal-vertical_scenario,617,129,3,-1,-7,0,90,15,1,16986,WheelchairAgent(Clone),5,10,1.3,1.17,1.83313,1,False,2,0,0
2026-03-06_23.00.47,30,sign-optimization-horizontal-vertical_scenario,617,129,3,-1,-7,0,90,15,1,16987,WheelchairAgent(Clone),10,12,1.3,1.17,8.720825,1,False,3,0,0
2026-03-06_23.00.47,30,sign-optimization-horizontal-vertical_scenario,617,129,3,-1,-7,0,90,15,1,16988,AdultMaleAgent(Clone),5,10,1.71,1.58,2.45105,2,False,2,1,0.5
2026-03-06_23.00.47,30,sign-optimization-horizontal-vertical_scenario,617,129,3,-1,-7,0,90,15,1,16989,WheelchairAgent(Clone),6,12,1.3,1.17,7.155762,2,False,2,1,0.5
2026-03-06_23.00.47,30,sign-optimization-horizontal-vertical_scenario,617,129,3,-1,-7,0,90,15,1,16990,WheelchairAgent(Clone),5,10,1.3,1.17,1.861816,1,False,2,0,0
2026-03-06_23.00.47,30,sign-optimization-horizontal-vertical_scenario,617,129,3,-1,-7,0,90,15,1,16991,AdultFemaleAgent(Clone),10,12,1.58,1.45,8.035034,1,False,3,0,0
2026-03-06_23.00.47,30,sign-optimization-horizontal-vertical_scenario,617,129,3,-1,-7,0,90,15,1,16992,AdultFemaleAgent(Clone),7,11,1.58,1.450001,0,0,False,2,0,0
2026-03-06_23.00.47,30,sign-optimization-horizontal-vertical_scenario,617,129,3,-1,-7,0,90,15,1,16993,AdultFemaleAgent(Clone),5,10,1.58,1.45,0.4931641,1,False,2,0,0
2026-03-06_23.00.47,30,sign-optimization-horizontal-vertical_scenario,617,129,3,-1,-7,0,90,15,1,16994,AdultFemaleAgent(Clone),11,10,1.58,1.450001,7.147949,1,False,3,0,0
2026-03-06_23.00.47,30,sign-optimization-horizontal-vertical_scenario,617,129,3,-1,-7,0,90,15,1,16995,WheelchairAgent(Clone),10,12,1.3,1.17,8.127808,1,True,3,1,0.3333333
2026-03-06_23.00.47,30,sign-optimization-horizontal-vertical_scenario,617,129,3,-1,-7,0,90,15,1,16996,AdultFemaleAgent(Clone),5,10,1.58,1.45,3.73584,2,True,2,1,0.5
2026-03-06_23.00.47,30,sign-optimization-horizontal-vertical_scenario,617,129,3,-1,-7,0,90,15,1,16997,WheelchairAgent(Clone),7,11,1.3,1.17,0.6055908,1,False,2,0,0
2026-03-06_23.00.47,30,sign-optimization-horizontal-vertical_scenario,617,129,3,-1,-7,0,90,15,1,16998,AdultMaleAgent(Clone),11,10,1.71,1.58,3.66626,1,False,3,0,0
2026-03-06_23.00.47,30,sign-optimization-horizontal-vertical_scenario,617,129,3,-1,-7,0,90,15,1,16999,AdultFemaleAgent(Clone),6,12,1.58,1.45,7.005615,2,True,2,1,0.5
2026-03-06_23.00.47,30,sign-optimization-horizontal-vertical_scenario,617,129,3,-1,-7,0,90,15,1,17000,WheelchairAgent(Clone),10,12,1.3,1.17,8.178955,1,True,3,1,0.3333333
2026-03-06_23.00.47,30,sign-optimization-horizontal-vertical_scenario,617,129,3,-1,-7,0,90,15,1,17001,WheelchairAgent(Clone),7,11,1.3,1.17,0,0,False,2,0,0
2026-03-06_23.00.47,30,sign-optimization-horizontal-vertical_scenario,617,129,3,-1,-7,0,90,15,1,17002,WheelchairAgent(Clone),7,11,1.3,1.17,0,0,False,2,0,0
2026-03-06_23.00.47,30,sign-optimization-horizontal-vertical_scenario,617,129,3,-1,-7,0,90,15,1,17003,AdultMaleAgent(Clone),10,12,1.71,1.58,8.342651,1,False,3,0,0
2026-03-06_23.00.47,30,sign-optimization-horizontal-vertical_scenario,617,129,3,-1,-7,0,90,15,1,17004,AdultMaleAgent(Clone),11,10,1.71,1.58,6.968994,1,False,3,0,0
2026-03-06_23.00.47,30,sign-optimization-horizontal-vertical_scenario,617,129,3,-1,-7,0,90,15,1,17005,AdultMaleAgent(Clone),5,10,1.71,1.58,3.084106,2,False,2,1,0.5
2026-03-06_23.00.47,30,sign-optimization-horizontal-vertical_scenario,617,129,3,-1,-7,0,90,15,1,17006,WheelchairAgent(Clone),5,10,1.3,1.17,1.600952,1,False,2,0,0
2026-03-06_23.00.47,30,sign-optimization-horizontal-vertical_scenario,617,129,3,-1,-7,0,90,15,1,17007,AdultMaleAgent(Clone),7,11,1.71,1.58,5.566406,1,True,2,1,0.5
2026-03-06_23.00.47,30,sign-optimization-horizontal-vertical_scenario,617,129,3,-1,-7,0,90,15,1,17008,WheelchairAgent(Clone),7,11,1.3,1.17,0,0,False,2,0,0
2026-03-06_23.00.47,30,sign-optimization-horizontal-vertical_scenario,617,129,3,-1,-7,0,90,15,1,17009,AdultMaleAgent(Clone),11,10,1.71,1.58,5.046265,1,False,3,0,0
2026-03-06_23.00.47,30,sign-optimization-horizontal-vertical_scenario,617,129,3,-1,-7,0,90,15,1,17010,AdultFemaleAgent(Clone),11,10,1.58,1.450001,3.697144,1,False,3,0,0
2026-03-06_23.00.47,30,sign-optimization-horizontal-vertical_scenario,617,129,3,-1,-7,0,90,15,1,17011,AdultMaleAgent(Clone),6,12,1.71,1.58,6.515259,2,True,2,1,0.5
2026-03-06_23.00.47,30,sign-optimization-horizontal-vertical_scenario,617,129,3,-1,-7,0,90,15,1,17012,WheelchairAgent(Clone),10,12,1.3,1.17,8.773193,1,False,3,0,0
2026-03-06_23.00.47,30,sign-optimization-horizontal-vertical_scenario,617,129,3,-1,-7,0,90,15,1,17013,WheelchairAgent(Clone),11,10,1.3,1.17,6.042847,1,False,3,0,0
2026-03-06_23.00.47,30,sign-optimization-horizontal-vertical_scenario,617,129,3,-1,-7,0,90,15,1,17014,AdultMaleAgent(Clone),7,11,1.71,1.58,0,0,False,2,0,0
2026-03-06_23.00.47,30,sign-optimization-horizontal-vertical_scenario,617,129,3,-1,-7,0,90,15,1,17015,AdultFemaleAgent(Clone),5,10,1.58,1.45,0.5733643,1,False,2,0,0
2026-03-06_23.00.47,30,sign-optimization-horizontal-vertical_scenario,617,129,3,-1,-7,0,90,15,1,17016,WheelchairAgent(Clone),11,10,1.3,1.17,9.821533,1,False,3,0,0
2026-03-06_23.00.47,30,sign-optimization-horizontal-vertical_scenario,617,129,3,-1,-7,0,90,15,1,17017,AdultFemaleAgent(Clone),11,10,1.58,1.450001,4.178223,1,False,3,0,0
2026-03-06_23.00.47,30,sign-optimization-horizontal-vertical_scenario,617,129,3,-1,-7,0,90,15,1,17018,AdultMaleAgent(Clone),5,10,1.71,1.58,2.415161,2,True,2,1,0.5
2026-03-06_23.00.47,30,sign-optimization-horizontal-vertical_scenario,617,129,3,-1,-7,0,90,15,1,17019,AdultMaleAgent(Clone),5,10,1.71,1.58,0.3829346,1,False,2,0,0
2026-03-06_23.00.47,30,sign-optimization-horizontal-vertical_scenario,617,129,3,-1,-7,0,90,15,1,17020,WheelchairAgent(Clone),5,10,1.3,1.17,0.4715576,1,False,2,0,0
2026-03-06_23.00.47,30,sign-optimization-horizontal-vertical_scenario,617,129,3,-1,-7,0,90,15,1,17021,AdultFemaleAgent(Clone),5,10,1.58,1.45,2.20752,2,False,2,1,0.5
2026-03-06_23.00.47,30,sign-optimization-horizontal-vertical_scenario,617,129,3,-1,-7,0,90,15,1,17022,AdultFemaleAgent(Clone),6,12,1.58,1.45,7.971069,2,True,2,1,0.5
2026-03-06_23.00.47,30,sign-optimization-horizontal-vertical_scenario,617,129,3,-1,-7,0,90,15,1,17023,AdultFemaleAgent(Clone),6,12,1.58,1.45,6.237305,2,True,2,1,0.5
2026-03-06_23.00.47,30,sign-optimization-horizontal-vertical_scenario,617,129,3,-1,-7,0,90,15,1,17024,AdultMaleAgent(Clone),6,12,1.71,1.58,8.195313,2,False,2,1,0.5
2026-03-06_23.00.47,30,sign-optimization-horizontal-vertical_scenario,617,129,3,-1,-7,0,90,15,1,17025,AdultMaleAgent(Clone),11,10,1.71,1.58,7.092651,2,False,3,0,0
2026-03-06_23.00.47,30,sign-optimization-horizontal-vertical_scenario,617,129,3,-1,-7,0,90,15,1,17026,WheelchairAgent(Clone),10,12,1.3,1.17,8.412598,1,False,3,1,0.3333333
2026-03-06_23.00.47,30,sign-optimization-horizontal-vertical_scenario,617,129,3,-1,-7,0,90,15,1,17027,WheelchairAgent(Clone),10,12,1.3,1.17,8.295288,1,False,3,0,0
2026-03-06_23.00.47,30,sign-optimization-horizontal-vertical_scenario,617,129,3,-1,-7,0,90,15,1,17028,AdultMaleAgent(Clone),7,11,1.71,1.58,0,0,False,2,0,0
2026-03-06_23.00.47,30,sign-optimization-horizontal-vertical_scenario,617,129,3,-1,-7,0,90,15,1,17029,AdultMaleAgent(Clone),11,10,1.71,1.58,7.531738,1,False,3,0,0
2026-03-06_23.00.47,30,sign-optimization-horizontal-vertical_scenario,617,129,3,-1,-7,0,90,15,1,17030,WheelchairAgent(Clone),6,12,1.3,1.17,11.2467,2,True,2,1,0.5
2026-03-06_23.00.47,30,sign-optimization-horizontal-vertical_scenario,617,129,3,-1,-7,0,90,15,1,17031,AdultMaleAgent(Clone),5,10,1.71,1.58,3.150024,2,True,2,1,0.5
2026-03-06_23.00.47,30,sign-optimization-horizontal-vertical_scenario,617,129,3,-1,-7,0,90,15,1,17032,WheelchairAgent(Clone),7,11,1.3,1.17,0,0,False,2,0,0
2026-03-06_23.00.47,30,sign-optimization-horizontal-vertical_scenario,617,129,3,-1,-7,0,90,15,1,17033,AdultFemaleAgent(Clone),10,12,1.58,1.45,10.74219,1,True,3,2,0.6666667
2026-03-06_23.00.47,30,sign-optimization-horizontal-vertical_scenario,617,129,3,-1,-7,0,90,15,1,17034,WheelchairAgent(Clone),7,11,1.3,1.17,0,0,False,2,0,0
2026-03-06_23.00.47,30,sign-optimization-horizontal-vertical_scenario,617,129,3,-1,-7,0,90,15,1,17035,AdultMaleAgent(Clone),6,12,1.71,1.58,16.99304,2,True,2,1,0.5
2026-03-06_23.00.47,30,sign-optimization-horizontal-vertical_scenario,617,129,3,-1,-7,0,90,15,1,17036,AdultFemaleAgent(Clone),10,12,1.58,1.45,8.925171,1,True,3,1,0.3333333
2026-03-06_23.00.47,30,sign-optimization-horizontal-vertical_scenario,617,129,3,-1,-7,0,90,15,1,17037,AdultMaleAgent(Clone),11,10,1.71,1.58,6.369507,1,False,3,0,0
2026-03-06_23.00.47,30,sign-optimization-horizontal-vertical_scenario,617,129,3,-1,-7,0,90,15,1,17038,WheelchairAgent(Clone),6,12,1.3,1.17,6.317261,1,False,2,1,0.5
2026-03-06_23.00.47,30,sign-optimization-horizontal-vertical_scenario,617,129,3,-1,-7,0,90,15,1,17039,WheelchairAgent(Clone),11,10,1.3,1.17,13.38281,1,False,3,0,0
2026-03-06_23.00.47,30,sign-optimization-horizontal-vertical_scenario,617,129,3,-1,-7,0,90,15,1,17040,AdultFemaleAgent(Clone),6,12,1.58,1.45,7.524292,2,False,2,1,0.5
2026-03-06_23.00.47,30,sign-optimization-horizontal-vertical_scenario,617,129,3,-1,-7,0,90,15,1,17041,AdultFemaleAgent(Clone),5,10,1.58,1.45,2.942383,2,True,2,1,0.5
2026-03-06_23.00.47,30,sign-optimization-horizontal-vertical_scenario,617,129,3,-1,-7,0,90,15,1,17042,AdultFemaleAgent(Clone),10,12,1.58,1.45,9.825928,1,True,3,1,0.3333333
2026-03-06_23.00.47,30,sign-optimization-horizontal-vertical_scenario,617,129,3,-1,-7,0,90,15,1,17043,AdultFemaleAgent(Clone),7,11,1.58,1.450001,0,0,False,2,0,0
2026-03-06_23.00.47,30,sign-optimization-horizontal-vertical_scenario,617,129,3,-1,-7,0,90,15,1,17044,WheelchairAgent(Clone),11,10,1.3,1.17,6.075317,2,False,3,0,0
2026-03-06_23.00.47,30,sign-optimization-horizontal-vertical_scenario,617,129,3,-1,-7,0,90,15,1,17045,AdultMaleAgent(Clone),7,11,1.71,1.58,0,0,False,2,0,0
2026-03-06_23.00.47,30,sign-optimization-horizontal-vertical_scenario,617,129,3,-1,-7,0,90,15,1,17046,WheelchairAgent(Clone),11,10,1.3,1.17,8.737427,1,False,3,0,0
2026-03-06_23.00.47,30,sign-optimization-horizontal-vertical_scenario,617,129,3,-1,-7,0,90,15,1,17047,AdultFemaleAgent(Clone),11,10,1.58,1.450001,10.57996,1,False,3,0,0
2026-03-06_23.00.47,30,sign-optimization-horizontal-vertical_scenario,617,129,3,-1,-7,0,90,15,1,17048,AdultMaleAgent(Clone),5,10,1.71,1.58,3.536499,2,False,2,1,0.5
2026-03-06_23.00.47,30,sign-optimization-horizontal-vertical_scenario,617,129,3,-1,-7,0,90,15,1,17049,WheelchairAgent(Clone),6,12,1.3,1.17,7.393311,2,True,2,1,0.5
2026-03-06_23.00.47,30,sign-optimization-horizontal-vertical_scenario,617,129,3,-1,-7,0,90,15,1,17050,AdultFemaleAgent(Clone),11,10,1.58,1.450001,6.42627,1,False,3,0,0
2026-03-06_23.00.47,30,sign-optimization-horizontal-vertical_scenario,617,129,3,-1,-7,0,90,15,1,17051,AdultMaleAgent(Clone),7,11,1.71,1.58,0,0,False,2,0,0
2026-03-06_23.00.47,30,sign-optimization-horizontal-vertical_scenario,617,129,3,-1,-7,0,90,15,1,17052,AdultFemaleAgent(Clone),5,10,1.58,1.45,0,0,False,2,0,0
2026-03-06_23.00.47,30,sign-optimization-horizontal-vertical_scenario,617,129,3,-1,-7,0,90,15,1,17053,WheelchairAgent(Clone),6,12,1.3,1.17,7.774048,2,False,2,1,0.5
2026-03-06_23.00.47,30,sign-optimization-horizontal-vertical_scenario,617,129,3,-1,-7,0,90,15,1,17054,AdultFemaleAgent(Clone),5,10,1.58,1.45,1.876465,2,False,2,1,0.5
2026-03-06_23.00.47,30,sign-optimization-horizontal-vertical_scenario,617,129,3,-1,-7,0,90,15,1,17055,WheelchairAgent(Clone),6,12,1.3,1.17,7.963989,2,False,2,1,0.5
2026-03-06_23.00.47,30,sign-optimization-horizontal-vertical_scenario,617,129,3,-1,-7,0,90,15,1,17056,WheelchairAgent(Clone),11,10,1.3,1.17,7.075073,1,False,3,0,0
2026-03-06_23.00.47,30,sign-optimization-horizontal-vertical_scenario,617,129,3,-1,-7,0,90,15,1,17057,AdultMaleAgent(Clone),11,10,1.71,1.58,7.487793,1,False,3,0,0
2026-03-06_23.00.47,30,sign-optimization-horizontal-vertical_scenario,617,129,3,-1,-7,0,90,15,1,17058,WheelchairAgent(Clone),10,12,1.3,1.17,7.675659,1,True,3,1,0.3333333
2026-03-06_23.00.47,30,sign-optimization-horizontal-vertical_scenario,617,129,3,-1,-7,0,90,15,1,17059,AdultMaleAgent(Clone),10,12,1.71,1.58,9.043335,1,True,3,1,0.3333333
2026-03-06_23.00.47,30,sign-optimization-horizontal-vertical_scenario,617,129,3,-1,-7,0,90,15,1,17060,WheelchairAgent(Clone),11,10,1.3,1.17,11.44788,1,False,3,0,0
2026-03-06_23.00.47,30,sign-optimization-horizontal-vertical_scenario,617,129,3,-1,-7,0,90,15,1,17061,AdultFemaleAgent(Clone),10,12,1.58,1.45,7.793091,1,True,3,1,0.3333333
2026-03-06_23.00.47,30,sign-optimization-horizontal-vertical_scenario,617,129,3,-1,-7,0,90,15,1,17062,AdultMaleAgent(Clone),11,10,1.71,1.58,9.327271,1,False,3,0,0
2026-03-06_23.00.47,30,sign-optimization-horizontal-vertical_scenario,617,129,3,-1,-7,0,90,15,1,17063,AdultMaleAgent(Clone),6,12,1.71,1.58,7.593994,2,False,2,1,0.5
2026-03-06_23.00.47,30,sign-optimization-horizontal-vertical_scenario,617,129,3,-1,-7,0,90,15,1,17064,AdultFemaleAgent(Clone),5,10,1.58,1.45,1.96106,2,True,2,1,0.5
2026-03-06_23.00.47,30,sign-optimization-horizontal-vertical_scenario,617,129,3,-1,-7,0,90,15,1,17065,AdultMaleAgent(Clone),10,12,1.71,1.58,17.27588,1,False,3,1,0.3333333
2026-03-06_23.00.47,30,sign-optimization-horizontal-vertical_scenario,617,129,3,-1,-7,0,90,15,1,17066,WheelchairAgent(Clone),11,10,1.3,1.17,13.23047,1,False,3,0,0
2026-03-06_23.00.47,30,sign-optimization-horizontal-vertical_scenario,617,129,3,-1,-7,0,90,15,1,17067,AdultFemaleAgent(Clone),6,12,1.58,1.45,11.17395,2,True,2,1,0.5
2026-03-06_23.00.47,30,sign-optimization-horizontal-vertical_scenario,617,129,3,-1,-7,0,90,15,1,17068,WheelchairAgent(Clone),11,10,1.3,1.17,6.795776,1,False,3,0,0
2026-03-06_23.00.47,30,sign-optimization-horizontal-vertical_scenario,617,129,3,-1,-7,0,90,15,1,17069,AdultFemaleAgent(Clone),10,12,1.58,1.45,9.076294,1,True,3,1,0.3333333
2026-03-06_23.00.47,30,sign-optimization-horizontal-vertical_scenario,617,129,3,-1,-7,0,90,15,1,17070,AdultFemaleAgent(Clone),10,12,1.58,1.45,7.360718,1,True,3,1,0.3333333
2026-03-06_23.00.47,30,sign-optimization-horizontal-vertical_scenario,617,129,3,-1,-7,0,90,15,1,17071,AdultMaleAgent(Clone),10,12,1.71,1.58,10.64417,1,False,3,1,0.3333333
2026-03-06_23.00.47,30,sign-optimization-horizontal-vertical_scenario,617,129,3,-1,-7,0,90,15,1,17072,AdultFemaleAgent(Clone),11,10,1.58,1.450001,4.079468,1,False,3,0,0
2026-03-06_23.00.47,30,sign-optimization-horizontal-vertical_scenario,617,129,3,-1,-7,0,90,15,1,17073,AdultMaleAgent(Clone),5,10,1.71,1.58,1.019165,1,False,2,0,0
2026-03-06_23.00.47,30,sign-optimization-horizontal-vertical_scenario,617,129,3,-1,-7,0,90,15,1,17074,AdultMaleAgent(Clone),10,12,1.71,1.58,8.024658,1,True,3,1,0.3333333
2026-03-06_23.00.47,30,sign-optimization-horizontal-vertical_scenario,617,129,3,-1,-7,0,90,15,1,17075,WheelchairAgent(Clone),5,10,1.3,1.17,1.250244,1,False,2,0,0
2026-03-06_23.00.47,30,sign-optimization-horizontal-vertical_scenario,617,129,3,-1,-7,0,90,15,1,17076,AdultFemaleAgent(Clone),5,10,1.58,1.45,0,0,False,2,0,0
2026-03-06_23.00.47,30,sign-optimization-horizontal-vertical_scenario,617,129,3,-1,-7,0,90,15,1,17077,AdultFemaleAgent(Clone),5,10,1.58,1.45,2.966187,2,False,2,1,0.5
2026-03-06_23.00.47,30,sign-optimization-horizontal-vertical_scenario,617,129,3,-1,-7,0,90,15,1,17078,WheelchairAgent(Clone),6,12,1.3,1.17,7.578125,1,True,2,1,0.5
2026-03-06_23.00.47,30,sign-optimization-horizontal-vertical_scenario,617,129,3,-1,-7,0,90,15,1,17079,AdultFemaleAgent(Clone),7,11,1.58,1.450001,0,0,False,2,0,0
2026-03-06_23.00.47,30,sign-optimization-horizontal-vertical_scenario,617,129,3,-1,-7,0,90,15,1,17080,AdultFemaleAgent(Clone),7,11,1.58,1.450001,0,0,False,2,0,0
2026-03-06_23.00.47,30,sign-optimization-horizontal-vertical_scenario,617,129,3,-1,-7,0,90,15,1,17081,AdultMaleAgent(Clone),7,11,1.71,1.58,0,0,False,2,0,0
2026-03-06_23.00.47,30,sign-optimization-horizontal-vertical_scenario,617,129,3,-1,-7,0,90,15,1,17082,AdultMaleAgent(Clone),10,12,1.71,1.58,8.022095,2,True,3,1,0.3333333
2026-03-06_23.00.47,30,sign-optimization-horizontal-vertical_scenario,617,129,3,-1,-7,0,90,15,1,17083,AdultFemaleAgent(Clone),11,10,1.58,1.450001,5.70813,1,False,3,0,0
2026-03-06_23.00.47,30,sign-optimization-horizontal-vertical_scenario,617,129,3,-1,-7,0,90,15,1,17084,AdultFemaleAgent(Clone),11,10,1.58,1.450001,6.472656,1,False,3,0,0
2026-03-06_23.00.47,30,sign-optimization-horizontal-vertical_scenario,617,129,3,-1,-7,0,90,15,1,17085,AdultMaleAgent(Clone),5,10,1.71,1.58,1.121704,1,False,2,0,0
2026-03-06_23.00.47,30,sign-optimization-horizontal-vertical_scenario,617,129,3,-1,-7,0,90,15,1,17086,WheelchairAgent(Clone),10,12,1.3,1.17,4.956421,2,False,3,1,0.3333333
2026-03-06_23.00.47,30,sign-optimization-horizontal-vertical_scenario,617,129,3,-1,-7,0,90,15,1,17087,WheelchairAgent(Clone),10,12,1.3,1.17,8.18457,1,True,3,1,0.3333333
2026-03-06_23.00.47,30,sign-optimization-horizontal-vertical_scenario,617,129,3,-1,-7,0,90,15,1,17088,WheelchairAgent(Clone),10,12,1.3,1.17,9.720581,1,False,3,0,0
2026-03-06_23.00.47,30,sign-optimization-horizontal-vertical_scenario,617,129,3,-1,-7,0,90,15,1,17089,AdultFemaleAgent(Clone),6,12,1.58,1.45,6.887451,2,True,2,1,0.5
2026-03-06_23.00.47,30,sign-optimization-horizontal-vertical_scenario,617,129,3,-1,-7,0,90,15,1,17090,AdultMaleAgent(Clone),5,10,1.71,1.58,0,0,False,2,0,0
2026-03-06_23.00.47,30,sign-optimization-horizontal-vertical_scenario,617,129,3,-1,-7,0,90,15,1,17091,AdultFemaleAgent(Clone),11,10,1.58,1.450001,5.283325,1,False,3,0,0
2026-03-06_23.00.47,30,sign-optimization-horizontal-vertical_scenario,617,129,3,-1,-7,0,90,15,1,17092,WheelchairAgent(Clone),6,12,1.3,1.17,8.313354,2,False,2,1,0.5
2026-03-06_23.00.47,30,sign-optimization-horizontal-vertical_scenario,617,129,3,-1,-7,0,90,15,1,17093,WheelchairAgent(Clone),7,11,1.3,1.17,0,0,False,2,0,0
2026-03-06_23.00.47,30,sign-optimization-horizontal-vertical_scenario,617,129,3,-1,-7,0,90,15,1,17094,AdultMaleAgent(Clone),7,11,1.71,1.58,2.142456,1,False,2,1,0.5
2026-03-06_23.00.47,30,sign-optimization-horizontal-vertical_scenario,617,129,3,-1,-7,0,90,15,1,17095,AdultMaleAgent(Clone),11,10,1.71,1.58,6.066162,1,False,3,0,0
2026-03-06_23.00.47,30,sign-optimization-horizontal-vertical_scenario,617,129,3,-1,-7,0,90,15,1,17096,AdultMaleAgent(Clone),10,12,1.71,1.58,8.241333,1,True,3,1,0.3333333
2026-03-06_23.00.47,30,sign-optimization-horizontal-vertical_scenario,617,129,3,-1,-7,0,90,15,1,17097,AdultFemaleAgent(Clone),6,12,1.58,1.45,7.410889,1,False,2,1,0.5
2026-03-06_23.00.47,30,sign-optimization-horizontal-vertical_scenario,617,129,3,-1,-7,0,90,15,1,17098,AdultFemaleAgent(Clone),11,10,1.58,1.450001,12.87891,1,False,3,0,0
2026-03-06_23.00.47,30,sign-optimization-horizontal-vertical_scenario,617,129,3,-1,-7,0,90,15,1,17099,AdultFemaleAgent(Clone),6,12,1.58,1.45,8.594238,2,False,2,1,0.5
2026-03-06_23.00.47,30,sign-optimization-horizontal-vertical_scenario,617,129,3,-1,-7,0,90,15,1,17100,AdultFemaleAgent(Clone),11,10,1.58,1.450001,13.70483,1,False,3,0,0
2026-03-06_23.00.47,30,sign-optimization-horizontal-vertical_scenario,617,129,3,-1,-7,0,90,15,1,17101,WheelchairAgent(Clone),6,12,1.3,1.17,6.587036,1,False,2,0,0
2026-03-06_23.00.47,30,sign-optimization-horizontal-vertical_scenario,617,129,3,-1,-7,0,90,15,1,17102,AdultMaleAgent(Clone),5,10,1.71,1.58,2.072388,2,False,2,1,0.5
2026-03-06_23.00.47,30,sign-optimization-horizontal-vertical_scenario,617,129,3,-1,-7,0,90,15,1,17103,AdultMaleAgent(Clone),5,10,1.71,1.58,0,0,False,2,0,0
2026-03-06_23.00.47,30,sign-optimization-horizontal-vertical_scenario,617,129,3,-1,-7,0,90,15,1,17104,AdultFemaleAgent(Clone),10,12,1.58,1.45,7.156982,2,True,3,1,0.3333333
2026-03-06_23.00.47,30,sign-optimization-horizontal-vertical_scenario,617,129,3,-1,-7,0,90,15,1,17105,WheelchairAgent(Clone),6,12,1.3,1.17,7.144043,2,True,2,1,0.5
2026-03-06_23.00.47,30,sign-optimization-horizontal-vertical_scenario,617,129,3,-1,-7,0,90,15,1,17106,WheelchairAgent(Clone),6,12,1.3,1.17,8.27124,1,False,2,1,0.5
2026-03-06_23.00.47,30,sign-optimization-horizontal-vertical_scenario,617,129,3,-1,-7,0,90,15,1,17107,AdultFemaleAgent(Clone),10,12,1.58,1.45,8.605103,1,True,3,1,0.3333333
2026-03-06_23.00.47,30,sign-optimization-horizontal-vertical_scenario,617,129,3,-1,-7,0,90,15,1,17108,AdultMaleAgent(Clone),10,12,1.71,1.58,10.81189,1,False,3,2,0.6666667
2026-03-06_23.00.47,30,sign-optimization-horizontal-vertical_scenario,617,129,3,-1,-7,0,90,15,1,17109,AdultFemaleAgent(Clone),11,10,1.58,1.450001,0,0,False,3,0,0
2026-03-06_23.00.47,30,sign-optimization-horizontal-vertical_scenario,617,129,3,-1,-7,0,90,15,1,17110,WheelchairAgent(Clone),11,10,1.3,1.17,0,0,False,3,0,0
2026-03-06_23.00.47,30,sign-optimization-horizontal-vertical_scenario,617,129,3,-1,-7,0,90,15,1,17111,AdultFemaleAgent(Clone),10,12,1.58,1.45,9.681396,1,True,3,1,0.3333333
2026-03-06_23.00.47,30,sign-optimization-horizontal-vertical_scenario,617,129,3,-1,-7,0,90,15,1,17112,WheelchairAgent(Clone),11,10,1.3,1.17,0,0,False,3,0,0
2026-03-06_23.00.47,30,sign-optimization-horizontal-vertical_scenario,617,129,3,-1,-7,0,90,15,1,17113,WheelchairAgent(Clone),7,11,1.3,1.17,0,0,False,2,0,0
2026-03-06_23.00.47,30,sign-optimization-horizontal-vertical_scenario,617,129,3,-1,-7,0,90,15,1,17114,WheelchairAgent(Clone),6,12,1.3,1.17,8.348877,2,True,2,1,0.5
2026-03-06_23.00.47,30,sign-optimization-horizontal-vertical_scenario,617,129,3,-1,-7,0,90,15,1,17115,AdultFemaleAgent(Clone),10,12,1.58,1.45,7.76355,1,False,3,1,0.3333333
2026-03-06_23.00.47,30,sign-optimization-horizontal-vertical_scenario,617,129,3,-1,-7,0,90,15,1,17116,AdultMaleAgent(Clone),6,12,1.71,1.58,7.548096,2,True,2,1,0.5
2026-03-06_23.00.47,30,sign-optimization-horizontal-vertical_scenario,617,129,3,-1,-7,0,90,15,1,17117,AdultFemaleAgent(Clone),11,10,1.58,1.450001,5.80896,1,False,3,0,0
2026-03-06_23.00.47,30,sign-optimization-horizontal-vertical_scenario,617,129,3,-1,-7,0,90,15,1,17118,AdultFemaleAgent(Clone),11,10,1.58,1.450001,0,0,False,3,0,0
2026-03-06_23.00.47,30,sign-optimization-horizontal-vertical_scenario,617,129,3,-1,-7,0,90,15,1,17119,AdultFemaleAgent(Clone),6,12,1.58,1.45,6.399658,2,True,2,1,0.5
2026-03-06_23.00.47,30,sign-optimization-horizontal-vertical_scenario,617,129,3,-1,-7,0,90,15,1,17120,WheelchairAgent(Clone),11,10,1.3,1.17,4.788086,1,False,3,0,0
2026-03-06_23.00.47,30,sign-optimization-horizontal-vertical_scenario,617,129,3,-1,-7,0,90,15,1,17121,WheelchairAgent(Clone),10,12,1.3,1.17,7.990356,1,False,3,1,0.3333333
2026-03-06_23.00.47,30,sign-optimization-horizontal-vertical_scenario,617,129,3,-1,-7,0,90,15,1,17122,AdultMaleAgent(Clone),10,12,1.71,1.58,8.437988,1,True,3,1,0.3333333
2026-03-06_23.00.47,30,sign-optimization-horizontal-vertical_scenario,617,129,3,-1,-7,0,90,15,1,17123,AdultFemaleAgent(Clone),11,10,1.58,1.450001,5.281982,1,False,3,0,0
2026-03-06_23.00.47,30,sign-optimization-horizontal-vertical_scenario,617,129,3,-1,-7,0,90,15,1,17124,AdultFemaleAgent(Clone),6,12,1.58,1.45,6.614868,1,True,2,1,0.5
2026-03-06_23.00.47,30,sign-optimization-horizontal-vertical_scenario,617,129,3,-1,-7,0,90,15,1,17125,WheelchairAgent(Clone),7,11,1.3,1.17,0,0,False,2,0,0
2026-03-06_23.00.47,30,sign-optimization-horizontal-vertical_scenario,617,129,3,-1,-7,0,90,15,1,17126,WheelchairAgent(Clone),6,12,1.3,1.17,7.030884,1,True,2,1,0.5
2026-03-06_23.00.47,30,sign-optimization-horizontal-vertical_scenario,617,129,3,-1,-7,0,90,15,1,17127,AdultMaleAgent(Clone),5,10,1.71,1.58,2.627808,1,False,2,0,0
2026-03-06_23.00.47,30,sign-optimization-horizontal-vertical_scenario,617,129,3,-1,-7,0,90,15,1,17128,AdultFemaleAgent(Clone),7,11,1.58,1.450001,0.2987061,1,False,2,0,0
2026-03-06_23.00.47,30,sign-optimization-horizontal-vertical_scenario,617,129,3,-1,-7,0,90,15,1,17129,AdultFemaleAgent(Clone),10,12,1.58,1.45,8.352173,1,True,3,1,0.3333333
2026-03-06_23.00.47,30,sign-optimization-horizontal-vertical_scenario,617,129,3,-1,-7,0,90,15,1,17130,AdultMaleAgent(Clone),5,10,1.71,1.58,2.504028,2,True,2,1,0.5
2026-03-06_23.00.47,30,sign-optimization-horizontal-vertical_scenario,617,129,3,-1,-7,0,90,15,1,17131,AdultMaleAgent(Clone),6,12,1.71,1.58,7.586304,1,False,2,1,0.5
2026-03-06_23.00.47,30,sign-optimization-horizontal-vertical_scenario,617,129,3,-1,-7,0,90,15,1,17132,AdultMaleAgent(Clone),10,12,1.71,1.58,8.247192,1,True,3,1,0.3333333
2026-03-06_23.00.47,30,sign-optimization-horizontal-vertical_scenario,617,129,3,-1,-7,0,90,15,1,17133,AdultMaleAgent(Clone),5,10,1.71,1.58,1.293335,1,False,2,0,0
2026-03-06_23.00.47,30,sign-optimization-horizontal-vertical_scenario,617,129,3,-1,-7,0,90,15,1,17134,AdultFemaleAgent(Clone),5,10,1.58,1.45,3.561523,2,True,2,1,0.5
2026-03-06_23.00.47,30,sign-optimization-horizontal-vertical_scenario,617,129,3,-1,-7,0,90,15,1,17135,WheelchairAgent(Clone),5,10,1.3,1.17,1.726807,2,False,2,0,0
2026-03-06_23.00.47,30,sign-optimization-horizontal-vertical_scenario,617,129,3,-1,-7,0,90,15,1,17136,WheelchairAgent(Clone),5,10,1.3,1.17,0.6116943,1,False,2,0,0
2026-03-06_23.00.47,30,sign-optimization-horizontal-vertical_scenario,617,129,3,-1,-7,0,90,15,1,17137,AdultFemaleAgent(Clone),6,12,1.58,1.45,8.160889,2,True,2,1,0.5
2026-03-06_23.00.47,30,sign-optimization-horizontal-vertical_scenario,617,129,3,-1,-7,0,90,15,1,17138,WheelchairAgent(Clone),5,10,1.3,1.17,3.604858,2,True,2,1,0.5
2026-03-06_23.00.47,30,sign-optimization-horizontal-vertical_scenario,617,129,3,-1,-7,0,90,15,1,17139,AdultFemaleAgent(Clone),5,10,1.58,1.45,1.449585,1,False,2,0,0
2026-03-06_23.00.47,30,sign-optimization-horizontal-vertical_scenario,617,129,3,-1,-7,0,90,15,1,17140,AdultMaleAgent(Clone),5,10,1.71,1.58,1.513062,1,False,2,0,0
2026-03-06_23.00.47,30,sign-optimization-horizontal-vertical_scenario,617,129,3,-1,-7,0,90,15,1,17141,AdultFemaleAgent(Clone),11,10,1.58,1.450001,5.663574,1,False,3,0,0
2026-03-06_23.00.47,30,sign-optimization-horizontal-vertical_scenario,617,129,3,-1,-7,0,90,15,1,17142,WheelchairAgent(Clone),11,10,1.3,1.17,3.42981,1,False,3,0,0
2026-03-06_23.00.47,30,sign-optimization-horizontal-vertical_scenario,617,129,3,-1,-7,0,90,15,1,17143,WheelchairAgent(Clone),10,12,1.3,1.17,7.674438,1,True,3,1,0.3333333
2026-03-06_23.00.47,30,sign-optimization-horizontal-vertical_scenario,617,129,3,-1,-7,0,90,15,1,17144,WheelchairAgent(Clone),7,11,1.3,1.17,0,0,False,2,0,0
2026-03-06_23.00.47,30,sign-optimization-horizontal-vertical_scenario,617,129,3,-1,-7,0,90,15,1,17145,AdultMaleAgent(Clone),7,11,1.71,1.58,0.6260986,1,False,2,0,0
2026-03-06_23.00.47,30,sign-optimization-horizontal-vertical_scenario,617,129,3,-1,-7,0,90,15,1,17146,AdultMaleAgent(Clone),10,12,1.71,1.58,11.29333,1,False,3,1,0.3333333
2026-03-06_23.00.47,30,sign-optimization-horizontal-vertical_scenario,617,129,3,-1,-7,0,90,15,1,17147,WheelchairAgent(Clone),10,12,1.3,1.17,4.854858,2,False,3,0,0
2026-03-06_23.00.47,30,sign-optimization-horizontal-vertical_scenario,617,129,3,-1,-7,0,90,15,1,17148,AdultMaleAgent(Clone),10,12,1.71,1.58,7.582642,2,True,3,1,0.3333333
2026-03-06_23.00.47,30,sign-optimization-horizontal-vertical_scenario,617,129,3,-1,-7,0,90,15,1,17149,AdultMaleAgent(Clone),11,10,1.71,1.58,3.95105,1,False,3,0,0
2026-03-06_23.00.47,30,sign-optimization-horizontal-vertical_scenario,617,129,3,-1,-7,0,90,15,1,17150,AdultMaleAgent(Clone),7,11,1.71,1.58,0,0,False,2,0,0
2026-03-06_23.00.47,30,sign-optimization-horizontal-vertical_scenario,617,129,3,-1,-7,0,90,15,1,17151,AdultMaleAgent(Clone),11,10,1.71,1.58,0,0,False,3,0,0
2026-03-06_23.00.47,30,sign-optimization-horizontal-vertical_scenario,617,129,3,-1,-7,0,90,15,1,17152,WheelchairAgent(Clone),6,12,1.3,1.17,7.347412,1,False,2,1,0.5
2026-03-06_23.00.47,30,sign-optimization-horizontal-vertical_scenario,617,129,3,-1,-7,0,90,15,1,17153,AdultMaleAgent(Clone),5,10,1.71,1.58,0.6403809,1,False,2,0,0
2026-03-06_23.00.47,30,sign-optimization-horizontal-vertical_scenario,617,129,3,-1,-7,0,90,15,1,17154,AdultMaleAgent(Clone),7,11,1.71,1.58,0,0,False,2,0,0
2026-03-06_23.00.47,30,sign-optimization-horizontal-vertical_scenario,617,129,3,-1,-7,0,90,15,1,17155,AdultMaleAgent(Clone),5,10,1.71,1.58,1.105957,1,False,2,0,0
2026-03-06_23.00.47,30,sign-optimization-horizontal-vertical_scenario,617,129,3,-1,-7,0,90,15,1,17156,WheelchairAgent(Clone),5,10,1.3,1.17,2.410278,1,False,2,0,0
2026-03-06_23.00.47,30,sign-optimization-horizontal-vertical_scenario,617,129,3,-1,-7,0,90,15,1,17157,AdultFemaleAgent(Clone),11,10,1.58,1.450001,3.265503,1,False,3,0,0
2026-03-06_23.00.47,30,sign-optimization-horizontal-vertical_scenario,617,129,3,-1,-7,0,90,15,1,17158,WheelchairAgent(Clone),5,10,1.3,1.17,3.730225,2,True,2,1,0.5
2026-03-06_23.00.47,30,sign-optimization-horizontal-vertical_scenario,617,129,3,-1,-7,0,90,15,1,17159,AdultFemaleAgent(Clone),11,10,1.58,1.450001,3.771851,1,False,3,0,0
2026-03-06_23.00.47,30,sign-optimization-horizontal-vertical_scenario,617,129,3,-1,-7,0,90,15,1,17160,AdultFemaleAgent(Clone),5,10,1.58,1.45,4.251343,2,True,2,1,0.5
2026-03-06_23.00.47,30,sign-optimization-horizontal-vertical_scenario,617,129,3,-1,-7,0,90,15,1,17161,AdultFemaleAgent(Clone),7,11,1.58,1.450001,0,0,False,2,0,0
2026-03-06_23.00.47,30,sign-optimization-horizontal-vertical_scenario,617,129,3,-1,-7,0,90,15,1,17162,AdultFemaleAgent(Clone),11,10,1.58,1.450001,0,0,False,3,0,0
2026-03-06_23.00.47,30,sign-optimization-horizontal-vertical_scenario,617,129,3,-1,-7,0,90,15,1,17163,AdultMaleAgent(Clone),7,11,1.71,1.58,0,0,False,2,0,0
2026-03-06_23.00.47,30,sign-optimization-horizontal-vertical_scenario,617,129,3,-1,-7,0,90,15,1,17164,AdultMaleAgent(Clone),6,12,1.71,1.58,6.760132,2,True,2,1,0.5
2026-03-06_23.00.47,30,sign-optimization-horizontal-vertical_scenario,617,129,3,-1,-7,0,90,15,1,17165,AdultFemaleAgent(Clone),11,10,1.58,1.450001,0,0,False,3,0,0
2026-03-06_23.00.47,30,sign-optimization-horizontal-vertical_scenario,617,129,3,-1,-7,0,90,15,1,17166,AdultMaleAgent(Clone),11,10,1.71,1.58,4.831543,1,False,3,0,0
2026-03-06_23.00.47,30,sign-optimization-horizontal-vertical_scenario,617,129,3,-1,-7,0,90,15,1,17167,AdultMaleAgent(Clone),7,11,1.71,1.58,1.576416,1,False,2,0,0
2026-03-06_23.00.47,30,sign-optimization-horizontal-vertical_scenario,617,129,3,-1,-7,0,90,15,1,17168,WheelchairAgent(Clone),5,10,1.3,1.17,0,0,False,2,0,0
2026-03-06_23.00.47,30,sign-optimization-horizontal-vertical_scenario,617,129,3,-1,-7,0,90,15,1,17169,WheelchairAgent(Clone),5,10,1.3,1.17,0,0,False,2,0,0
2026-03-06_23.00.47,30,sign-optimization-horizontal-vertical_scenario,617,129,3,-1,-7,0,90,15,1,17170,AdultFemaleAgent(Clone),10,12,1.58,1.45,8.305176,1,True,3,1,0.3333333
2026-03-06_23.00.47,30,sign-optimization-horizontal-vertical_scenario,617,129,3,-1,-7,0,90,15,1,17171,AdultFemaleAgent(Clone),6,12,1.58,1.45,7.053223,1,True,2,1,0.5
2026-03-06_23.00.47,30,sign-optimization-horizontal-vertical_scenario,617,129,3,-1,-7,0,90,15,1,17172,AdultMaleAgent(Clone),6,12,1.71,1.58,6.085449,1,True,2,1,0.5
2026-03-06_23.00.47,30,sign-optimization-horizontal-vertical_scenario,617,129,3,-1,-7,0,90,15,1,17173,WheelchairAgent(Clone),5,10,1.3,1.17,1.878662,2,False,2,1,0.5
2026-03-06_23.00.47,30,sign-optimization-horizontal-vertical_scenario,617,129,3,-1,-7,0,90,15,1,17174,AdultMaleAgent(Clone),5,10,1.71,1.58,3.817993,2,True,2,1,0.5
2026-03-06_23.00.47,30,sign-optimization-horizontal-vertical_scenario,617,129,3,-1,-7,0,90,15,1,17175,WheelchairAgent(Clone),7,11,1.3,1.17,0,0,False,2,0,0
2026-03-06_23.00.47,30,sign-optimization-horizontal-vertical_scenario,617,129,3,-1,-7,0,90,15,1,17176,AdultFemaleAgent(Clone),6,12,1.58,1.45,8.469849,1,True,2,1,0.5
2026-03-06_23.00.47,30,sign-optimization-horizontal-vertical_scenario,617,129,3,-1,-7,0,90,15,1,17177,AdultFemaleAgent(Clone),6,12,1.58,1.45,6.98877,2,True,2,1,0.5
2026-03-06_23.00.47,30,sign-optimization-horizontal-vertical_scenario,617,129,3,-1,-7,0,90,15,1,17178,WheelchairAgent(Clone),11,10,1.3,1.17,1.081177,1,False,3,0,0
2026-03-06_23.00.47,30,sign-optimization-horizontal-vertical_scenario,617,129,3,-1,-7,0,90,15,1,17179,AdultMaleAgent(Clone),11,10,1.71,1.58,0,0,False,3,0,0
2026-03-06_23.00.47,30,sign-optimization-horizontal-vertical_scenario,617,129,3,-1,-7,0,90,15,1,17180,AdultMaleAgent(Clone),5,10,1.71,1.58,1.822144,2,False,2,1,0.5
2026-03-06_23.00.47,30,sign-optimization-horizontal-vertical_scenario,617,129,3,-1,-7,0,90,15,1,17181,WheelchairAgent(Clone),10,12,1.3,1.17,7.741821,1,False,3,0,0
2026-03-06_23.00.47,30,sign-optimization-horizontal-vertical_scenario,617,129,3,-1,-7,0,90,15,1,17182,WheelchairAgent(Clone),7,11,1.3,1.17,1.580566,1,False,2,0,0
2026-03-06_23.00.47,30,sign-optimization-horizontal-vertical_scenario,617,129,3,-1,-7,0,90,15,1,17183,WheelchairAgent(Clone),5,10,1.3,1.17,0.8398438,1,False,2,0,0
2026-03-06_23.00.47,30,sign-optimization-horizontal-vertical_scenario,617,129,3,-1,-7,0,90,15,1,17184,WheelchairAgent(Clone),5,10,1.3,1.17,2.60083,2,True,2,1,0.5
2026-03-06_23.00.47,30,sign-optimization-horizontal-vertical_scenario,617,129,3,-1,-7,0,90,15,1,17185,WheelchairAgent(Clone),6,12,1.3,1.17,7.260254,2,True,2,1,0.5
2026-03-06_23.00.47,30,sign-optimization-horizontal-vertical_scenario,617,129,3,-1,-7,0,90,15,1,17186,WheelchairAgent(Clone),11,10,1.3,1.17,3.484741,1,False,3,0,0
2026-03-06_23.00.47,30,sign-optimization-horizontal-vertical_scenario,617,129,3,-1,-7,0,90,15,1,17187,WheelchairAgent(Clone),5,10,1.3,1.17,0.8513184,1,False,2,0,0
2026-03-06_23.00.47,30,sign-optimization-horizontal-vertical_scenario,617,129,3,-1,-7,0,90,15,1,17188,AdultMaleAgent(Clone),10,12,1.71,1.58,7.574585,1,True,3,1,0.3333333
2026-03-06_23.00.47,30,sign-optimization-horizontal-vertical_scenario,617,129,3,-1,-7,0,90,15,1,17189,AdultFemaleAgent(Clone),7,11,1.58,1.450001,4.019653,1,False,2,1,0.5
2026-03-06_23.00.47,30,sign-optimization-horizontal-vertical_scenario,617,129,3,-1,-7,0,90,15,1,17190,WheelchairAgent(Clone),6,12,1.3,1.17,6.039795,1,False,2,0,0
2026-03-06_23.00.47,30,sign-optimization-horizontal-vertical_scenario,617,129,3,-1,-7,0,90,15,1,17191,WheelchairAgent(Clone),10,12,1.3,1.17,7.997925,1,False,3,1,0.3333333
2026-03-06_23.00.47,30,sign-optimization-horizontal-vertical_scenario,617,129,3,-1,-7,0,90,15,1,17192,WheelchairAgent(Clone),10,12,1.3,1.17,7.773804,1,False,3,1,0.3333333
2026-03-06_23.00.47,30,sign-optimization-horizontal-vertical_scenario,617,129,3,-1,-7,0,90,15,1,17193,AdultMaleAgent(Clone),11,10,1.71,1.58,4.824341,1,False,3,0,0
2026-03-06_23.00.47,30,sign-optimization-horizontal-vertical_scenario,617,129,3,-1,-7,0,90,15,1,17194,AdultMaleAgent(Clone),10,12,1.71,1.58,8.30542,1,True,3,1,0.3333333
2026-03-06_23.00.47,30,sign-optimization-horizontal-vertical_scenario,617,129,3,-1,-7,0,90,15,1,17195,AdultMaleAgent(Clone),7,11,1.71,1.58,0,0,False,2,0,0
2026-03-06_23.00.47,30,sign-optimization-horizontal-vertical_scenario,617,129,3,-1,-7,0,90,15,1,17196,AdultMaleAgent(Clone),10,12,1.71,1.58,11.88293,1,True,3,1,0.3333333
2026-03-06_23.00.47,30,sign-optimization-horizontal-vertical_scenario,617,129,3,-1,-7,0,90,15,1,17197,AdultFemaleAgent(Clone),7,11,1.58,1.450001,0,0,False,2,0,0
2026-03-06_23.00.47,30,sign-optimization-horizontal-vertical_scenario,617,129,3,-1,-7,0,90,15,1,17198,AdultMaleAgent(Clone),11,10,1.71,1.58,0,0,False,3,0,0
2026-03-06_23.00.47,30,sign-optimization-horizontal-vertical_scenario,617,129,3,-1,-7,0,90,15,1,17199,WheelchairAgent(Clone),7,11,1.3,1.17,1.484131,1,False,2,0,0
2026-03-06_23.00.47,30,sign-optimization-horizontal-vertical_scenario,617,129,3,-1,-7,0,90,15,1,17200,WheelchairAgent(Clone),10,12,1.3,1.17,7.985107,1,False,3,0,0
2026-03-06_23.00.47,30,sign-optimization-horizontal-vertical_scenario,617,129,3,-1,-7,0,90,15,1,17201,WheelchairAgent(Clone),11,10,1.3,1.17,4.921997,1,False,3,0,0
2026-03-06_23.00.47,30,sign-optimization-horizontal-vertical_scenario,617,129,3,-1,-7,0,90,15,1,17202,WheelchairAgent(Clone),11,10,1.3,1.17,1.787842,1,False,3,0,0
2026-03-06_23.00.47,30,sign-optimization-horizontal-vertical_scenario,617,129,3,-1,-7,0,90,15,1,17203,AdultMaleAgent(Clone),10,12,1.71,1.58,8.647461,1,False,3,0,0
2026-03-06_23.00.47,30,sign-optimization-horizontal-vertical_scenario,617,129,3,-1,-7,0,90,15,1,17204,AdultMaleAgent(Clone),5,10,1.71,1.58,2.031006,2,True,2,1,0.5
2026-03-06_23.00.47,30,sign-optimization-horizontal-vertical_scenario,617,129,3,-1,-7,0,90,15,1,17205,AdultFemaleAgent(Clone),11,10,1.58,1.450001,2.048706,1,False,3,0,0
2026-03-06_23.00.47,30,sign-optimization-horizontal-vertical_scenario,617,129,3,-1,-7,0,90,15,1,17206,AdultFemaleAgent(Clone),5,10,1.58,1.45,1.359741,1,False,2,0,0
2026-03-06_23.00.47,30,sign-optimization-horizontal-vertical_scenario,617,129,3,-1,-7,0,90,15,1,17207,WheelchairAgent(Clone),10,12,1.3,1.17,7.744385,1,True,3,1,0.3333333
2026-03-06_23.00.47,30,sign-optimization-horizontal-vertical_scenario,617,129,3,-1,-7,0,90,15,1,17208,AdultFemaleAgent(Clone),10,12,1.58,1.45,8.383423,1,False,3,1,0.3333333
2026-03-06_23.00.47,30,sign-optimization-horizontal-vertical_scenario,617,129,3,-1,-7,0,90,15,1,17209,AdultFemaleAgent(Clone),7,11,1.58,1.450001,1.45752,1,False,2,0,0
2026-03-06_23.00.47,30,sign-optimization-horizontal-vertical_scenario,617,129,3,-1,-7,0,90,15,1,17210,WheelchairAgent(Clone),5,10,1.3,1.17,0.3139648,1,False,2,0,0
2026-03-06_23.00.47,30,sign-optimization-horizontal-vertical_scenario,617,129,3,-1,-7,0,90,15,1,17211,WheelchairAgent(Clone),7,11,1.3,1.17,0,0,False,2,0,0
2026-03-06_23.00.47,30,sign-optimization-horizontal-vertical_scenario,617,129,3,-1,-7,0,90,15,1,17212,AdultMaleAgent(Clone),11,10,1.71,1.58,4.049561,1,False,3,0,0
2026-03-06_23.00.47,30,sign-optimization-horizontal-vertical_scenario,617,129,3,-1,-7,0,90,15,1,17213,AdultFemaleAgent(Clone),5,10,1.58,1.45,2.654541,2,False,2,1,0.5
2026-03-06_23.00.47,30,sign-optimization-horizontal-vertical_scenario,617,129,3,-1,-7,0,90,15,1,17214,AdultFemaleAgent(Clone),6,12,1.58,1.45,6.528687,2,True,2,1,0.5
2026-03-06_23.00.47,30,sign-optimization-horizontal-vertical_scenario,617,129,3,-1,-7,0,90,15,1,17215,AdultMaleAgent(Clone),11,10,1.71,1.58,0.4830322,1,False,3,0,0
2026-03-06_23.00.47,30,sign-optimization-horizontal-vertical_scenario,617,129,3,-1,-7,0,90,15,1,17216,AdultFemaleAgent(Clone),11,10,1.58,1.450001,2.479858,1,False,3,0,0
2026-03-06_23.00.47,30,sign-optimization-horizontal-vertical_scenario,617,129,3,-1,-7,0,90,15,1,17217,AdultMaleAgent(Clone),7,11,1.71,1.58,0,0,False,2,0,0
2026-03-06_23.00.47,30,sign-optimization-horizontal-vertical_scenario,617,129,3,-1,-7,0,90,15,1,17218,AdultMaleAgent(Clone),5,10,1.71,1.58,2.913208,2,False,2,1,0.5
2026-03-06_23.00.47,30,sign-optimization-horizontal-vertical_scenario,617,129,3,-1,-7,0,90,15,1,17219,AdultMaleAgent(Clone),11,10,1.71,1.58,1.542969,1,False,3,0,0
2026-03-06_23.00.47,30,sign-optimization-horizontal-vertical_scenario,617,129,3,-1,-7,0,90,15,1,17220,AdultMaleAgent(Clone),11,10,1.71,1.58,3.421509,1,False,3,0,0
2026-03-06_23.00.47,30,sign-optimization-horizontal-vertical_scenario,617,129,3,-1,-7,0,90,15,1,17221,AdultMaleAgent(Clone),10,12,1.71,1.58,7.925049,1,False,3,0,0
2026-03-06_23.00.47,30,sign-optimization-horizontal-vertical_scenario,617,129,3,-1,-7,0,90,15,1,17222,AdultFemaleAgent(Clone),11,10,1.58,1.450001,3.489014,1,False,3,0,0
2026-03-06_23.00.47,30,sign-optimization-horizontal-vertical_scenario,617,129,3,-1,-7,0,90,15,1,17223,WheelchairAgent(Clone),7,11,1.3,1.17,0,0,False,2,0,0
2026-03-06_23.00.47,30,sign-optimization-horizontal-vertical_scenario,617,129,3,-1,-7,0,90,15,1,17224,AdultFemaleAgent(Clone),10,12,1.58,1.45,8.434204,1,False,3,0,0
2026-03-06_23.00.47,30,sign-optimization-horizontal-vertical_scenario,617,129,3,-1,-7,0,90,15,1,17225,AdultFemaleAgent(Clone),11,10,1.58,1.450001,4.688232,1,False,3,0,0
2026-03-06_23.00.47,30,sign-optimization-horizontal-vertical_scenario,617,129,3,-1,-7,0,90,15,1,17226,AdultMaleAgent(Clone),7,11,1.71,1.58,1.976685,1,False,2,1,0.5
2026-03-06_23.00.47,30,sign-optimization-horizontal-vertical_scenario,617,129,3,-1,-7,0,90,15,1,17227,WheelchairAgent(Clone),7,11,1.3,1.17,0,0,False,2,0,0
2026-03-06_23.00.47,30,sign-optimization-horizontal-vertical_scenario,617,129,3,-1,-7,0,90,15,1,17228,AdultMaleAgent(Clone),7,11,1.71,1.58,0,0,False,2,0,0
2026-03-06_23.00.47,30,sign-optimization-horizontal-vertical_scenario,617,129,3,-1,-7,0,90,15,1,17229,AdultMaleAgent(Clone),7,11,1.71,1.58,0,0,False,2,0,0
2026-03-06_23.00.47,30,sign-optimization-horizontal-vertical_scenario,617,129,3,-1,-7,0,90,15,1,17230,AdultFemaleAgent(Clone),11,10,1.58,1.450001,4.328003,1,False,3,0,0
2026-03-06_23.00.47,30,sign-optimization-horizontal-vertical_scenario,617,129,3,-1,-7,0,90,15,1,17231,AdultFemaleAgent(Clone),10,12,1.58,1.45,6.990967,1,True,3,1,0.3333333
2026-03-06_23.00.47,30,sign-optimization-horizontal-vertical_scenario,617,129,3,-1,-7,0,90,15,1,17232,AdultMaleAgent(Clone),11,10,1.71,1.58,1.140381,1,False,3,0,0
2026-03-06_23.00.47,30,sign-optimization-horizontal-vertical_scenario,617,129,3,-1,-7,0,90,15,1,17233,AdultFemaleAgent(Clone),11,10,1.58,1.450001,2.591919,1,False,3,0,0
2026-03-06_23.00.47,30,sign-optimization-horizontal-vertical_scenario,617,129,3,-1,-7,0,90,15,1,17234,AdultFemaleAgent(Clone),5,10,1.58,1.45,2.418335,2,False,2,1,0.5
2026-03-06_23.00.47,30,sign-optimization-horizontal-vertical_scenario,617,129,3,-1,-7,0,90,15,1,17235,WheelchairAgent(Clone),5,10,1.3,1.17,1.421509,1,False,2,0,0
2026-03-06_23.00.47,30,sign-optimization-horizontal-vertical_scenario,617,129,3,-1,-7,0,90,15,1,17236,WheelchairAgent(Clone),6,12,1.3,1.17,8.615479,1,False,2,1,0.5
2026-03-06_23.00.47,30,sign-optimization-horizontal-vertical_scenario,617,129,3,-1,-7,0,90,15,1,17237,AdultMaleAgent(Clone),11,10,1.71,1.58,2.684937,1,False,3,0,0
2026-03-06_23.00.47,30,sign-optimization-horizontal-vertical_scenario,617,129,3,-1,-7,0,90,15,1,17238,AdultMaleAgent(Clone),11,10,1.71,1.58,0,0,False,3,0,0
2026-03-06_23.00.47,30,sign-optimization-horizontal-vertical_scenario,617,129,3,-1,-7,0,90,15,1,17239,AdultMaleAgent(Clone),6,12,1.71,1.58,9.114136,1,True,2,1,0.5
2026-03-06_23.00.47,30,sign-optimization-horizontal-vertical_scenario,617,129,3,-1,-7,0,90,15,1,17240,AdultMaleAgent(Clone),11,10,1.71,1.58,0.7086182,1,False,3,0,0
2026-03-06_23.00.47,30,sign-optimization-horizontal-vertical_scenario,617,129,3,-1,-7,0,90,15,1,17241,AdultMaleAgent(Clone),7,11,1.71,1.58,5.976685,1,True,2,1,0.5
2026-03-06_23.00.47,30,sign-optimization-horizontal-vertical_scenario,617,129,3,-1,-7,0,90,15,1,17242,WheelchairAgent(Clone),10,12,1.3,1.17,9.873047,1,False,3,1,0.3333333
2026-03-06_23.00.47,30,sign-optimization-horizontal-vertical_scenario,617,129,3,-1,-7,0,90,15,1,17243,WheelchairAgent(Clone),5,10,1.3,1.17,2.720581,2,True,2,1,0.5
2026-03-06_23.00.47,30,sign-optimization-horizontal-vertical_scenario,617,129,3,-1,-7,0,90,15,1,17244,AdultFemaleAgent(Clone),10,12,1.58,1.45,7.708618,1,True,3,1,0.3333333
2026-03-06_23.00.47,30,sign-optimization-horizontal-vertical_scenario,617,129,3,-1,-7,0,90,15,1,17245,WheelchairAgent(Clone),10,12,1.3,1.17,7.909302,1,True,3,1,0.3333333
2026-03-06_23.00.47,30,sign-optimization-horizontal-vertical_scenario,617,129,3,-1,-7,0,90,15,1,17246,AdultMaleAgent(Clone),6,12,1.71,1.58,6.341187,2,True,2,1,0.5
2026-03-06_23.00.47,30,sign-optimization-horizontal-vertical_scenario,617,129,3,-1,-7,0,90,15,1,17247,AdultMaleAgent(Clone),5,10,1.71,1.58,1.581299,1,False,2,0,0
2026-03-06_23.00.47,30,sign-optimization-horizontal-vertical_scenario,617,129,3,-1,-7,0,90,15,1,17248,AdultMaleAgent(Clone),11,10,1.71,1.58,1.236572,1,False,3,0,0
2026-03-06_23.00.47,30,sign-optimization-horizontal-vertical_scenario,617,129,3,-1,-7,0,90,15,1,17249,AdultFemaleAgent(Clone),5,10,1.58,1.45,2.12207,2,False,2,1,0.5
2026-03-06_23.00.47,30,sign-optimization-horizontal-vertical_scenario,617,129,3,-1,-7,0,90,15,1,17250,AdultFemaleAgent(Clone),7,11,1.58,1.450001,0,0,False,2,0,0
2026-03-06_23.00.47,30,sign-optimization-horizontal-vertical_scenario,617,129,3,-1,-7,0,90,15,1,17251,AdultMaleAgent(Clone),6,12,1.71,1.58,7.144653,2,False,2,1,0.5
2026-03-06_23.00.47,30,sign-optimization-horizontal-vertical_scenario,617,129,3,-1,-7,0,90,15,1,17252,AdultMaleAgent(Clone),5,10,1.71,1.58,1.976929,1,False,2,0,0
2026-03-06_23.00.47,30,sign-optimization-horizontal-vertical_scenario,617,129,3,-1,-7,0,90,15,1,17253,WheelchairAgent(Clone),6,12,1.3,1.17,7.472778,1,True,2,1,0.5
2026-03-06_23.00.47,30,sign-optimization-horizontal-vertical_scenario,617,129,3,-1,-7,0,90,15,1,17254,WheelchairAgent(Clone),11,10,1.3,1.17,1.201538,1,False,3,0,0
2026-03-06_23.00.47,30,sign-optimization-horizontal-vertical_scenario,617,129,3,-1,-7,0,90,15,1,17255,AdultMaleAgent(Clone),11,10,1.71,1.58,4.811035,1,False,3,0,0
2026-03-06_23.00.47,30,sign-optimization-horizontal-vertical_scenario,617,129,3,-1,-7,0,90,15,1,17256,WheelchairAgent(Clone),5,10,1.3,1.17,2.31604,2,False,2,1,0.5
2026-03-06_23.00.47,30,sign-optimization-horizontal-vertical_scenario,617,129,3,-1,-7,0,90,15,1,17257,WheelchairAgent(Clone),5,10,1.3,1.17,0,0,False,2,0,0
2026-03-06_23.00.47,30,sign-optimization-horizontal-vertical_scenario,617,129,3,-1,-7,0,90,15,1,17258,AdultFemaleAgent(Clone),6,12,1.58,1.45,8.328247,1,False,2,1,0.5
2026-03-06_23.00.47,30,sign-optimization-horizontal-vertical_scenario,617,129,3,-1,-7,0,90,15,1,17259,WheelchairAgent(Clone),6,12,1.3,1.17,8.897949,1,False,2,1,0.5
2026-03-06_23.00.47,30,sign-optimization-horizontal-vertical_scenario,617,129,3,-1,-7,0,90,15,1,17260,AdultMaleAgent(Clone),5,10,1.71,1.58,0.7304688,1,False,2,0,0
2026-03-06_23.00.47,30,sign-optimization-horizontal-vertical_scenario,617,129,3,-1,-7,0,90,15,1,17261,AdultFemaleAgent(Clone),5,10,1.58,1.45,0.9528809,1,False,2,0,0
2026-03-06_23.00.47,30,sign-optimization-horizontal-vertical_scenario,617,129,3,-1,-7,0,90,15,1,17262,AdultFemaleAgent(Clone),11,10,1.58,1.450001,0,0,False,3,0,0
2026-03-06_23.00.47,30,sign-optimization-horizontal-vertical_scenario,617,129,3,-1,-7,0,90,15,1,17263,WheelchairAgent(Clone),7,11,1.3,1.17,0,0,False,2,0,0
2026-03-06_23.00.47,30,sign-optimization-horizontal-vertical_scenario,617,129,3,-1,-7,0,90,15,1,17264,AdultFemaleAgent(Clone),5,10,1.58,1.45,0.1772461,1,False,2,0,0
2026-03-06_23.00.47,30,sign-optimization-horizontal-vertical_scenario,617,129,3,-1,-7,0,90,15,1,17265,WheelchairAgent(Clone),6,12,1.3,1.17,9.631348,1,False,2,1,0.5
2026-03-06_23.00.47,30,sign-optimization-horizontal-vertical_scenario,617,129,3,-1,-7,0,90,15,1,17266,WheelchairAgent(Clone),11,10,1.3,1.17,3.646973,1,False,3,0,0
2026-03-06_23.00.47,30,sign-optimization-horizontal-vertical_scenario,617,129,3,-1,-7,0,90,15,1,17267,WheelchairAgent(Clone),7,11,1.3,1.17,0,0,False,2,0,0
2026-03-06_23.00.47,30,sign-optimization-horizontal-vertical_scenario,617,129,3,-1,-7,0,90,15,1,17268,AdultFemaleAgent(Clone),7,11,1.58,1.450001,0,0,False,2,0,0
2026-03-06_23.00.47,30,sign-optimization-horizontal-vertical_scenario,617,129,3,-1,-7,0,90,15,1,17269,WheelchairAgent(Clone),11,10,1.3,1.17,1.002563,1,False,3,0,0
2026-03-06_23.00.47,30,sign-optimization-horizontal-vertical_scenario,617,129,3,-1,-7,0,90,15,1,17270,WheelchairAgent(Clone),5,10,1.3,1.17,2.938232,2,True,2,1,0.5
2026-03-06_23.00.47,30,sign-optimization-horizontal-vertical_scenario,617,129,3,-1,-7,0,90,15,1,17271,AdultMaleAgent(Clone),7,11,1.71,1.58,1.499878,1,False,2,0,0
2026-03-06_23.00.47,30,sign-optimization-horizontal-vertical_scenario,617,129,3,-1,-7,0,90,15,1,17272,AdultMaleAgent(Clone),6,12,1.71,1.58,8.585815,1,True,2,1,0.5
2026-03-06_23.00.47,30,sign-optimization-horizontal-vertical_scenario,617,129,3,-1,-7,0,90,15,1,17273,AdultFemaleAgent(Clone),5,10,1.58,1.45,2.964233,2,True,2,1,0.5
2026-03-06_23.00.47,30,sign-optimization-horizontal-vertical_scenario,617,129,3,-1,-7,0,90,15,1,17274,WheelchairAgent(Clone),11,10,1.3,1.17,4.659424,1,False,3,0,0
2026-03-06_23.00.47,30,sign-optimization-horizontal-vertical_scenario,617,129,3,-1,-7,0,90,15,1,17275,AdultMaleAgent(Clone),5,10,1.71,1.58,0.046875,1,False,2,0,0
2026-03-06_23.00.47,30,sign-optimization-horizontal-vertical_scenario,617,129,3,-1,-7,0,90,15,1,17276,AdultMaleAgent(Clone),5,10,1.71,1.58,1.176147,1,False,2,0,0
2026-03-06_23.00.47,30,sign-optimization-horizontal-vertical_scenario,617,129,3,-1,-7,0,90,15,1,17277,AdultMaleAgent(Clone),10,12,1.71,1.58,8.762939,1,False,3,1,0.3333333
2026-03-06_23.00.47,30,sign-optimization-horizontal-vertical_scenario,617,129,3,-1,-7,0,90,15,1,17278,AdultMaleAgent(Clone),5,10,1.71,1.58,1.610596,2,False,2,1,0.5
2026-03-06_23.00.47,30,sign-optimization-horizontal-vertical_scenario,617,129,3,-1,-7,0,90,15,1,17279,AdultFemaleAgent(Clone),5,10,1.58,1.45,1.074707,2,False,2,1,0.5
2026-03-06_23.00.47,30,sign-optimization-horizontal-vertical_scenario,617,129,3,-1,-7,0,90,15,1,17280,AdultMaleAgent(Clone),10,12,1.71,1.58,7.477539,1,True,3,1,0.3333333
2026-03-06_23.00.47,30,sign-optimization-horizontal-vertical_scenario,617,129,3,-1,-7,0,90,15,1,17281,AdultFemaleAgent(Clone),6,12,1.58,1.45,6.608032,1,True,2,1,0.5
2026-03-06_23.00.47,30,sign-optimization-horizontal-vertical_scenario,617,129,3,-1,-7,0,90,15,1,17282,AdultFemaleAgent(Clone),7,11,1.58,1.450001,0,0,False,2,0,0
2026-03-06_23.00.47,30,sign-optimization-horizontal-vertical_scenario,617,129,3,-1,-7,0,90,15,1,17283,AdultMaleAgent(Clone),5,10,1.71,1.58,0.4490967,1,False,2,0,0
2026-03-06_23.00.47,30,sign-optimization-horizontal-vertical_scenario,617,129,3,-1,-7,0,90,15,1,17284,AdultFemaleAgent(Clone),6,12,1.58,1.45,7.415894,1,True,2,1,0.5
2026-03-06_23.00.47,30,sign-optimization-horizontal-vertical_scenario,617,129,3,-1,-7,0,90,15,1,17285,AdultMaleAgent(Clone),5,10,1.71,1.58,3.341309,2,True,2,1,0.5
2026-03-06_23.00.47,30,sign-optimization-horizontal-vertical_scenario,617,129,3,-1,-7,0,90,15,1,17286,AdultFemaleAgent(Clone),7,11,1.58,1.450001,2.160522,1,False,2,1,0.5
2026-03-06_23.00.47,30,sign-optimization-horizontal-vertical_scenario,617,129,3,-1,-7,0,90,15,1,17287,WheelchairAgent(Clone),10,12,1.3,1.17,8.415161,1,False,3,0,0
2026-03-06_23.00.47,30,sign-optimization-horizontal-vertical_scenario,617,129,3,-1,-7,0,90,15,1,17288,AdultMaleAgent(Clone),10,12,1.71,1.58,8.303345,1,True,3,1,0.3333333
2026-03-06_23.00.47,30,sign-optimization-horizontal-vertical_scenario,617,129,3,-1,-7,0,90,15,1,17289,WheelchairAgent(Clone),7,11,1.3,1.17,1.020752,1,False,2,0,0
2026-03-06_23.00.47,30,sign-optimization-horizontal-vertical_scenario,617,129,3,-1,-7,0,90,15,1,17290,WheelchairAgent(Clone),7,11,1.3,1.17,0,0,False,2,0,0
2026-03-06_23.00.47,30,sign-optimization-horizontal-vertical_scenario,617,129,3,-1,-7,0,90,15,1,17291,AdultFemaleAgent(Clone),11,10,1.58,1.450001,5.043823,1,False,3,0,0
2026-03-06_23.00.47,30,sign-optimization-horizontal-vertical_scenario,617,129,3,-1,-7,0,90,15,1,17292,AdultFemaleAgent(Clone),11,10,1.58,1.450001,2.333618,1,False,3,0,0
2026-03-06_23.00.47,30,sign-optimization-horizontal-vertical_scenario,617,129,3,-1,-7,0,90,15,1,17293,AdultMaleAgent(Clone),5,10,1.71,1.58,2.510376,2,False,2,1,0.5
2026-03-06_23.00.47,30,sign-optimization-horizontal-vertical_scenario,617,129,3,-1,-7,0,90,15,1,17294,AdultMaleAgent(Clone),6,12,1.71,1.58,9.329468,1,False,2,1,0.5
2026-03-06_23.00.47,30,sign-optimization-horizontal-vertical_scenario,617,129,3,-1,-7,0,90,15,1,17295,AdultMaleAgent(Clone),10,12,1.71,1.58,9.483521,1,False,3,0,0
2026-03-06_23.00.47,30,sign-optimization-horizontal-vertical_scenario,617,129,3,-1,-7,0,90,15,1,17296,AdultMaleAgent(Clone),6,12,1.71,1.58,9.937744,1,False,2,1,0.5
2026-03-06_23.00.47,30,sign-optimization-horizontal-vertical_scenario,617,129,3,-1,-7,0,90,15,1,17297,AdultMaleAgent(Clone),5,10,1.71,1.58,2.594116,2,True,2,1,0.5
2026-03-06_23.00.47,30,sign-optimization-horizontal-vertical_scenario,617,129,3,-1,-7,0,90,15,1,17298,AdultMaleAgent(Clone),5,10,1.71,1.58,0.6717529,1,False,2,0,0
2026-03-06_23.00.47,30,sign-optimization-horizontal-vertical_scenario,617,129,3,-1,-7,0,90,15,1,17299,WheelchairAgent(Clone),11,10,1.3,1.17,3.504761,1,False,3,0,0
2026-03-06_23.00.47,30,sign-optimization-horizontal-vertical_scenario,617,129,3,-1,-7,0,90,15,1,17300,AdultMaleAgent(Clone),7,11,1.71,1.58,0,0,False,2,0,0
2026-03-06_23.00.47,30,sign-optimization-horizontal-vertical_scenario,617,129,3,-1,-7,0,90,15,1,17301,AdultFemaleAgent(Clone),5,10,1.58,1.45,0.8937988,1,False,2,0,0
2026-03-06_23.00.47,30,sign-optimization-horizontal-vertical_scenario,617,129,3,-1,-7,0,90,15,1,17302,AdultMaleAgent(Clone),11,10,1.71,1.58,4.064941,1,False,3,0,0
2026-03-06_23.00.47,30,sign-optimization-horizontal-vertical_scenario,617,129,3,-1,-7,0,90,15,1,17303,WheelchairAgent(Clone),6,12,1.3,1.17,8.455444,1,True,2,1,0.5
2026-03-06_23.00.47,30,sign-optimization-horizontal-vertical_scenario,617,129,3,-1,-7,0,90,15,1,17304,AdultMaleAgent(Clone),10,12,1.71,1.58,8.992798,1,False,3,0,0
2026-03-06_23.00.47,30,sign-optimization-horizontal-vertical_scenario,617,129,3,-1,-7,0,90,15,1,17305,AdultFemaleAgent(Clone),7,11,1.58,1.450001,0,0,False,2,0,0
2026-03-06_23.00.47,30,sign-optimization-horizontal-vertical_scenario,617,129,3,-1,-7,0,90,15,1,17306,AdultMaleAgent(Clone),5,10,1.71,1.58,1.895996,2,False,2,1,0.5
2026-03-06_23.00.47,30,sign-optimization-horizontal-vertical_scenario,617,129,3,-1,-7,0,90,15,1,17307,AdultMaleAgent(Clone),6,12,1.71,1.58,7.251099,1,True,2,1,0.5
2026-03-06_23.00.47,30,sign-optimization-horizontal-vertical_scenario,617,129,3,-1,-7,0,90,15,1,17308,WheelchairAgent(Clone),5,10,1.3,1.17,1.381958,1,False,2,0,0
2026-03-06_23.00.47,30,sign-optimization-horizontal-vertical_scenario,617,129,3,-1,-7,0,90,15,1,17309,AdultMaleAgent(Clone),5,10,1.71,1.58,1.863892,1,False,2,0,0
2026-03-06_23.00.47,30,sign-optimization-horizontal-vertical_scenario,617,129,3,-1,-7,0,90,15,1,17310,AdultMaleAgent(Clone),10,12,1.71,1.58,7.493042,1,True,3,1,0.3333333
2026-03-06_23.00.47,30,sign-optimization-horizontal-vertical_scenario,617,129,3,-1,-7,0,90,15,1,17311,AdultMaleAgent(Clone),5,10,1.71,1.58,1.751709,2,False,2,1,0.5
2026-03-06_23.00.47,30,sign-optimization-horizontal-vertical_scenario,617,129,3,-1,-7,0,90,15,1,17312,WheelchairAgent(Clone),6,12,1.3,1.17,7.170044,1,False,2,1,0.5
2026-03-06_23.00.47,30,sign-optimization-horizontal-vertical_scenario,617,129,3,-1,-7,0,90,15,1,17313,AdultFemaleAgent(Clone),5,10,1.58,1.45,3.023926,2,True,2,1,0.5
2026-03-06_23.00.47,30,sign-optimization-horizontal-vertical_scenario,617,129,3,-1,-7,0,90,15,1,17314,WheelchairAgent(Clone),10,12,1.3,1.17,7.088013,1,False,3,0,0
2026-03-06_23.00.47,30,sign-optimization-horizontal-vertical_scenario,617,129,3,-1,-7,0,90,15,1,17315,AdultMaleAgent(Clone),10,12,1.71,1.58,6.706543,1,True,3,1,0.3333333
2026-03-06_23.00.47,30,sign-optimization-horizontal-vertical_scenario,617,129,3,-1,-7,0,90,15,1,17316,WheelchairAgent(Clone),6,12,1.3,1.17,11.52844,1,True,2,1,0.5
2026-03-06_23.00.47,30,sign-optimization-horizontal-vertical_scenario,617,129,3,-1,-7,0,90,15,1,17317,WheelchairAgent(Clone),5,10,1.3,1.17,0.4006348,1,False,2,0,0
2026-03-06_23.00.47,30,sign-optimization-horizontal-vertical_scenario,617,129,3,-1,-7,0,90,15,1,17318,AdultFemaleAgent(Clone),7,11,1.58,1.450001,0,0,False,2,0,0
2026-03-06_23.00.47,30,sign-optimization-horizontal-vertical_scenario,617,129,3,-1,-7,0,90,15,1,17319,WheelchairAgent(Clone),5,10,1.3,1.17,2.547485,2,True,2,1,0.5
2026-03-06_23.00.47,30,sign-optimization-horizontal-vertical_scenario,617,129,3,-1,-7,0,90,15,1,17320,WheelchairAgent(Clone),7,11,1.3,1.17,0,0,False,2,0,0
2026-03-06_23.00.47,30,sign-optimization-horizontal-vertical_scenario,617,129,3,-1,-7,0,90,15,1,17321,WheelchairAgent(Clone),7,11,1.3,1.17,0,0,False,2,0,0
2026-03-06_23.00.47,30,sign-optimization-horizontal-vertical_scenario,617,129,3,-1,-7,0,90,15,1,17322,AdultFemaleAgent(Clone),10,12,1.58,1.45,8.046509,1,True,3,1,0.3333333
2026-03-06_23.00.47,30,sign-optimization-horizontal-vertical_scenario,617,129,3,-1,-7,0,90,15,1,17323,WheelchairAgent(Clone),7,11,1.3,1.17,0,0,False,2,0,0
2026-03-06_23.00.47,30,sign-optimization-horizontal-vertical_scenario,617,129,3,-1,-7,0,90,15,1,17324,AdultMaleAgent(Clone),7,11,1.71,1.58,0,0,False,2,0,0
2026-03-06_23.00.47,30,sign-optimization-horizontal-vertical_scenario,617,129,3,-1,-7,0,90,15,1,17325,AdultFemaleAgent(Clone),10,12,1.58,1.45,9.100708,1,False,3,0,0
2026-03-06_23.00.47,30,sign-optimization-horizontal-vertical_scenario,617,129,3,-1,-7,0,90,15,1,17326,WheelchairAgent(Clone),10,12,1.3,1.17,9.437622,1,False,3,1,0.3333333
2026-03-06_23.00.47,30,sign-optimization-horizontal-vertical_scenario,617,129,3,-1,-7,0,90,15,1,17327,AdultFemaleAgent(Clone),7,11,1.58,1.450001,0,0,False,2,0,0
2026-03-06_23.00.47,30,sign-optimization-horizontal-vertical_scenario,617,129,3,-1,-7,0,90,15,1,17328,WheelchairAgent(Clone),10,12,1.3,1.17,8.598755,1,True,3,1,0.3333333
2026-03-06_23.00.47,30,sign-optimization-horizontal-vertical_scenario,617,129,3,-1,-7,0,90,15,1,17329,WheelchairAgent(Clone),11,10,1.3,1.17,4.596191,1,False,3,0,0
2026-03-06_23.00.47,30,sign-optimization-horizontal-vertical_scenario,617,129,3,-1,-7,0,90,15,1,17330,AdultFemaleAgent(Clone),11,10,1.58,1.450001,3.898438,1,False,3,0,0
2026-03-06_23.00.47,30,sign-optimization-horizontal-vertical_scenario,617,129,3,-1,-7,0,90,15,1,17331,AdultFemaleAgent(Clone),6,12,1.58,1.45,7.271362,1,True,2,1,0.5
2026-03-06_23.00.47,30,sign-optimization-horizontal-vertical_scenario,617,129,3,-1,-7,0,90,15,1,17332,AdultFemaleAgent(Clone),7,11,1.58,1.450001,0,0,False,2,0,0
2026-03-06_23.00.47,30,sign-optimization-horizontal-vertical_scenario,617,129,3,-1,-7,0,90,15,1,17333,AdultMaleAgent(Clone),5,10,1.71,1.58,2.368652,1,False,2,0,0
2026-03-06_23.00.47,30,sign-optimization-horizontal-vertical_scenario,617,129,3,-1,-7,0,90,15,1,17334,WheelchairAgent(Clone),7,11,1.3,1.17,0.4146729,1,False,2,0,0
2026-03-06_23.00.47,30,sign-optimization-horizontal-vertical_scenario,617,129,3,-1,-7,0,90,15,1,17335,WheelchairAgent(Clone),10,12,1.3,1.17,0,0,True,3,1,0.3333333
2026-03-06_23.00.47,30,sign-optimization-horizontal-vertical_scenario,617,129,3,-1,-7,0,90,15,1,17336,WheelchairAgent(Clone),10,12,1.3,1.17,7.049438,1,False,3,0,0
2026-03-06_23.00.47,30,sign-optimization-horizontal-vertical_scenario,617,129,3,-1,-7,0,90,15,1,17337,AdultMaleAgent(Clone),6,12,1.71,1.58,7.845215,1,True,2,1,0.5
2026-03-06_23.00.47,30,sign-optimization-horizontal-vertical_scenario,617,129,3,-1,-7,0,90,15,1,17338,AdultMaleAgent(Clone),5,10,1.71,1.58,2.982788,2,True,2,1,0.5
2026-03-06_23.00.47,30,sign-optimization-horizontal-vertical_scenario,617,129,3,-1,-7,0,90,15,1,17339,AdultMaleAgent(Clone),11,10,1.71,1.58,0,0,False,3,0,0
2026-03-06_23.00.47,30,sign-optimization-horizontal-vertical_scenario,617,129,3,-1,-7,0,90,15,1,17340,WheelchairAgent(Clone),11,10,1.3,1.17,4.254639,1,False,3,0,0
2026-03-06_23.00.47,30,sign-optimization-horizontal-vertical_scenario,617,129,3,-1,-7,0,90,15,1,17341,WheelchairAgent(Clone),11,10,1.3,1.17,0,0,False,3,0,0
2026-03-06_23.00.47,30,sign-optimization-horizontal-vertical_scenario,617,129,3,-1,-7,0,90,15,1,17342,AdultMaleAgent(Clone),6,12,1.71,1.58,0,0,True,2,1,0.5
2026-03-06_23.00.47,30,sign-optimization-horizontal-vertical_scenario,617,129,3,-1,-7,0,90,15,1,17343,AdultMaleAgent(Clone),5,10,1.71,1.58,3.429321,2,True,2,1,0.5
2026-03-06_23.00.47,30,sign-optimization-horizontal-vertical_scenario,617,129,3,-1,-7,0,90,15,1,17344,AdultFemaleAgent(Clone),11,10,1.58,1.450001,0,0,False,3,0,0
2026-03-06_23.00.47,30,sign-optimization-horizontal-vertical_scenario,617,129,3,-1,-7,0,90,15,1,17345,AdultMaleAgent(Clone),7,11,1.71,1.58,1.925781,1,False,2,1,0.5
2026-03-06_23.00.47,30,sign-optimization-horizontal-vertical_scenario,617,129,3,-1,-7,0,90,15,1,17346,AdultFemaleAgent(Clone),10,12,1.58,1.45,0,0,False,3,0,0
2026-03-06_23.00.47,30,sign-optimization-horizontal-vertical_scenario,617,129,3,-1,-7,0,90,15,1,17347,AdultMaleAgent(Clone),10,12,1.71,1.58,0,0,False,3,0,0
2026-03-06_23.00.47,30,sign-optimization-horizontal-vertical_scenario,617,129,3,-1,-7,0,90,15,1,17348,AdultFemaleAgent(Clone),7,11,1.58,1.450001,0,0,False,2,0,0
2026-03-06_23.00.47,30,sign-optimization-horizontal-vertical_scenario,617,129,3,-1,-7,0,90,15,1,17349,WheelchairAgent(Clone),11,10,1.3,1.17,0,0,False,3,0,0
2026-03-06_23.00.47,30,sign-optimization-horizontal-vertical_scenario,617,129,3,-1,-7,0,90,15,1,17350,AdultMaleAgent(Clone),5,10,1.71,1.58,1.491577,1,False,2,0,0
2026-03-06_23.00.47,30,sign-optimization-horizontal-vertical_scenario,617,129,3,-1,-7,0,90,15,1,17351,WheelchairAgent(Clone),6,12,1.3,1.17,8.285278,1,True,2,1,0.5
2026-03-06_23.00.47,30,sign-optimization-horizontal-vertical_scenario,617,129,3,-1,-7,0,90,15,1,17352,WheelchairAgent(Clone),5,10,1.3,1.17,1.902344,2,True,2,1,0.5
2026-03-06_23.00.47,30,sign-optimization-horizontal-vertical_scenario,617,129,3,-1,-7,0,90,15,1,17353,AdultMaleAgent(Clone),11,10,1.71,1.58,3.031738,1,False,3,0,0
2026-03-06_23.00.47,30,sign-optimization-horizontal-vertical_scenario,617,129,3,-1,-7,0,90,15,1,17354,AdultFemaleAgent(Clone),6,12,1.58,1.45,7.112915,1,True,2,1,0.5
2026-03-06_23.00.47,30,sign-optimization-horizontal-vertical_scenario,617,129,3,-1,-7,0,90,15,1,17355,AdultMaleAgent(Clone),11,10,1.71,1.58,1.618042,1,False,3,0,0
2026-03-06_23.00.47,30,sign-optimization-horizontal-vertical_scenario,617,129,3,-1,-7,0,90,15,1,17356,WheelchairAgent(Clone),11,10,1.3,1.17,4.171509,1,False,3,0,0
2026-03-06_23.00.47,30,sign-optimization-horizontal-vertical_scenario,617,129,3,-1,-7,0,90,15,1,17357,AdultMaleAgent(Clone),6,12,1.71,1.58,0,0,False,2,1,0.5
2026-03-06_23.00.47,30,sign-optimization-horizontal-vertical_scenario,617,129,3,-1,-7,0,90,15,1,17358,AdultFemaleAgent(Clone),7,11,1.58,1.450001,0,0,False,2,0,0
2026-03-06_23.00.47,30,sign-optimization-horizontal-vertical_scenario,617,129,3,-1,-7,0,90,15,1,17359,AdultFemaleAgent(Clone),5,10,1.58,1.45,2.673584,1,True,2,1,0.5
2026-03-06_23.00.47,30,sign-optimization-horizontal-vertical_scenario,617,129,3,-1,-7,0,90,15,1,17360,AdultMaleAgent(Clone),10,12,1.71,1.58,7.362305,1,True,3,1,0.3333333
2026-03-06_23.00.47,30,sign-optimization-horizontal-vertical_scenario,617,129,3,-1,-7,0,90,15,1,17361,AdultFemaleAgent(Clone),6,12,1.58,1.45,0,0,False,2,1,0.5
2026-03-06_23.00.47,30,sign-optimization-horizontal-vertical_scenario,617,129,3,-1,-7,0,90,15,1,17362,WheelchairAgent(Clone),7,11,1.3,1.17,0.5704346,1,False,2,0,0
2026-03-06_23.00.47,30,sign-optimization-horizontal-vertical_scenario,617,129,3,-1,-7,0,90,15,1,17363,AdultFemaleAgent(Clone),11,10,1.58,1.450001,2.280273,1,False,3,0,0
2026-03-06_23.00.47,30,sign-optimization-horizontal-vertical_scenario,617,129,3,-1,-7,0,90,15,1,17364,AdultFemaleAgent(Clone),7,11,1.58,1.450001,1.835327,1,False,2,1,0.5
2026-03-06_23.00.47,30,sign-optimization-horizontal-vertical_scenario,617,129,3,-1,-7,0,90,15,1,17365,AdultMaleAgent(Clone),11,10,1.71,1.58,0,0,False,3,0,0
2026-03-06_23.00.47,30,sign-optimization-horizontal-vertical_scenario,617,129,3,-1,-7,0,90,15,1,17366,WheelchairAgent(Clone),6,12,1.3,1.17,7.490112,1,True,2,1,0.5
2026-03-06_23.00.47,30,sign-optimization-horizontal-vertical_scenario,617,129,3,-1,-7,0,90,15,1,17367,WheelchairAgent(Clone),5,10,1.3,1.17,0.4244385,1,False,2,1,0.5
2026-03-06_23.00.47,30,sign-optimization-horizontal-vertical_scenario,617,129,3,-1,-7,0,90,15,1,17368,AdultMaleAgent(Clone),11,10,1.71,1.58,0,0,False,3,0,0
2026-03-06_23.00.47,30,sign-optimization-horizontal-vertical_scenario,617,129,3,-1,-7,0,90,15,1,17369,AdultFemaleAgent(Clone),5,10,1.58,1.45,1.328003,1,False,2,0,0
2026-03-06_23.00.47,30,sign-optimization-horizontal-vertical_scenario,617,129,3,-1,-7,0,90,15,1,17370,AdultMaleAgent(Clone),5,10,1.71,1.58,0.2458496,1,False,2,0,0
2026-03-06_23.00.47,30,sign-optimization-horizontal-vertical_scenario,617,129,3,-1,-7,0,90,15,1,17371,AdultFemaleAgent(Clone),7,11,1.58,1.450001,0,0,False,2,0,0
2026-03-06_23.00.47,30,sign-optimization-horizontal-vertical_scenario,617,129,3,-1,-7,0,90,15,1,17372,AdultMaleAgent(Clone),6,12,1.71,1.58,7.313721,1,True,2,1,0.5
2026-03-06_23.00.47,30,sign-optimization-horizontal-vertical_scenario,617,129,3,-1,-7,0,90,15,1,17373,WheelchairAgent(Clone),6,12,1.3,1.17,6.842529,1,True,2,1,0.5
2026-03-06_23.00.47,30,sign-optimization-horizontal-vertical_scenario,617,129,3,-1,-7,0,90,15,1,17374,AdultMaleAgent(Clone),7,11,1.71,1.58,0,0,False,2,0,0
2026-03-06_23.00.47,30,sign-optimization-horizontal-vertical_scenario,617,129,3,-1,-7,0,90,15,1,17375,WheelchairAgent(Clone),10,12,1.3,1.17,7.362549,1,True,3,1,0.3333333
2026-03-06_23.00.47,30,sign-optimization-horizontal-vertical_scenario,617,129,3,-1,-7,0,90,15,1,17376,AdultMaleAgent(Clone),11,10,1.71,1.58,0,0,False,3,0,0
2026-03-06_23.00.47,30,sign-optimization-horizontal-vertical_scenario,617,129,3,-1,-7,0,90,15,1,17377,AdultFemaleAgent(Clone),5,10,1.58,1.45,0,0,False,2,0,0
2026-03-06_23.00.47,30,sign-optimization-horizontal-vertical_scenario,617,129,3,-1,-7,0,90,15,1,17378,AdultMaleAgent(Clone),6,12,1.71,1.58,0,0,False,2,0,0
2026-03-06_23.00.47,30,sign-optimization-horizontal-vertical_scenario,617,129,3,-1,-7,0,90,15,1,17379,AdultFemaleAgent(Clone),10,12,1.58,1.45,0,0,False,3,0,0
2026-03-06_23.00.47,30,sign-optimization-horizontal-vertical_scenario,617,129,3,-1,-7,0,90,15,1,17380,WheelchairAgent(Clone),7,11,1.3,1.17,0,0,False,2,1,0.5
2026-03-06_23.00.47,30,sign-optimization-horizontal-vertical_scenario,617,129,3,-1,-7,0,90,15,1,17381,AdultFemaleAgent(Clone),10,12,1.58,1.45,0,0,True,3,1,0.3333333
2026-03-06_23.00.47,30,sign-optimization-horizontal-vertical_scenario,617,129,3,-1,-7,0,90,15,1,17382,AdultFemaleAgent(Clone),5,10,1.58,1.45,0,0,False,2,0,0
2026-03-06_23.00.47,30,sign-optimization-horizontal-vertical_scenario,617,129,3,-1,-7,0,90,15,1,17383,WheelchairAgent(Clone),11,10,1.3,1.17,0,0,False,3,0,0
2026-03-06_23.00.47,30,sign-optimization-horizontal-vertical_scenario,617,129,3,-1,-7,0,90,15,1,17384,AdultFemaleAgent(Clone),10,12,1.58,1.45,0,0,False,3,0,0
2026-03-06_23.00.47,30,sign-optimization-horizontal-vertical_scenario,617,129,3,-1,-7,0,90,15,1,17385,AdultFemaleAgent(Clone),7,11,1.58,1.450001,0,0,False,2,0,0
2026-03-06_23.00.47,30,sign-optimization-horizontal-vertical_scenario,617,129,3,-1,-7,0,90,15,1,17386,AdultFemaleAgent(Clone),10,12,1.58,1.45,0,0,False,3,0,0
2026-03-06_23.00.47,30,sign-optimization-horizontal-vertical_scenario,617,129,3,-1,-7,0,90,15,1,17387,AdultFemaleAgent(Clone),6,12,1.58,1.45,0,0,True,2,1,0.5
2026-03-06_23.00.47,30,sign-optimization-horizontal-vertical_scenario,617,129,3,-1,-7,0,90,15,1,17388,WheelchairAgent(Clone),6,12,1.3,1.17,0,0,False,2,0,0
2026-03-06_23.00.47,30,sign-optimization-horizontal-vertical_scenario,617,129,3,-1,-7,0,90,15,1,17389,WheelchairAgent(Clone),7,11,1.3,1.17,0,0,False,2,0,0
2026-03-06_23.00.47,30,sign-optimization-horizontal-vertical_scenario,617,129,3,-1,-7,0,90,15,1,17390,AdultFemaleAgent(Clone),7,11,1.58,1.450001,0,0,False,2,0,0
2026-03-06_23.00.47,30,sign-optimization-horizontal-vertical_scenario,617,129,3,-1,-7,0,90,15,1,17391,AdultFemaleAgent(Clone),10,12,1.58,1.45,0,0,False,3,0,0
2026-03-06_23.00.47,30,sign-optimization-horizontal-vertical_scenario,617,129,3,-1,-7,0,90,15,1,17392,AdultMaleAgent(Clone),10,12,1.71,1.58,0,0,False,3,0,0
2026-03-06_23.00.47,30,sign-optimization-horizontal-vertical_scenario,617,129,3,-1,-7,0,90,15,1,17393,WheelchairAgent(Clone),5,10,1.3,1.17,0,0,False,2,0,0
2026-03-06_23.00.47,30,sign-optimization-horizontal-vertical_scenario,617,129,3,-1,-7,0,90,15,1,17394,WheelchairAgent(Clone),6,12,1.3,1.17,0,0,False,2,0,0
2026-03-06_23.00.47,30,sign-optimization-horizontal-vertical_scenario,617,129,3,-1,-7,0,90,15,1,17395,AdultMaleAgent(Clone),6,12,1.71,1.58,0,0,False,2,0,0
2026-03-06_23.00.47,30,sign-optimization-horizontal-vertical_scenario,617,129,3,-1,-7,0,90,15,1,17396,WheelchairAgent(Clone),11,10,1.3,1.17,0,0,False,3,0,0
2026-03-06_23.00.47,30,sign-optimization-horizontal-vertical_scenario,617,129,3,-1,-7,0,90,15,1,17397,AdultFemaleAgent(Clone),5,10,1.58,1.45,2.963867,1,True,2,1,0.5
2026-03-06_23.00.47,30,sign-optimization-horizontal-vertical_scenario,617,129,3,-1,-7,0,90,15,1,17398,AdultMaleAgent(Clone),5,10,1.71,1.58,0,0,False,2,0,0
2026-03-06_23.00.47,30,sign-optimization-horizontal-vertical_scenario,617,129,3,-1,-7,0,90,15,1,17399,AdultFemaleAgent(Clone),10,12,1.58,1.45,0,0,False,3,0,0
2026-03-06_23.00.47,30,sign-optimization-horizontal-vertical_scenario,617,129,3,-1,-7,0,90,15,1,17400,AdultMaleAgent(Clone),5,10,1.71,1.58,0,0,False,2,0,0
2026-03-06_23.00.47,30,sign-optimization-horizontal-vertical_scenario,617,129,3,-1,-7,0,90,15,1,17401,AdultFemaleAgent(Clone),10,12,1.58,1.45,0,0,False,3,0,0
2026-03-06_23.00.47,30,sign-optimization-horizontal-vertical_scenario,617,129,3,-1,-7,0,90,15,1,17402,AdultMaleAgent(Clone),5,10,1.71,1.58,1.087158,1,True,2,1,0.5
2026-03-06_23.00.47,30,sign-optimization-horizontal-vertical_scenario,617,129,3,-1,-7,0,90,15,1,17403,AdultFemaleAgent(Clone),5,10,1.58,1.45,1.431152,1,True,2,1,0.5
2026-03-06_23.00.47,30,sign-optimization-horizontal-vertical_scenario,617,129,3,-1,-7,0,90,15,1,17404,WheelchairAgent(Clone),5,10,1.3,1.17,0,0,False,2,0,0
2026-03-06_23.00.47,30,sign-optimization-horizontal-vertical_scenario,617,129,3,-1,-7,0,90,15,1,17405,WheelchairAgent(Clone),7,11,1.3,1.17,0,0,False,2,0,0
2026-03-06_23.00.47,30,sign-optimization-horizontal-vertical_scenario,617,129,3,-1,-7,0,90,15,1,17406,AdultFemaleAgent(Clone),7,11,1.58,1.450001,0,0,False,2,1,0.5
2026-03-06_23.00.47,30,sign-optimization-horizontal-vertical_scenario,617,129,3,-1,-7,0,90,15,1,17407,AdultMaleAgent(Clone),5,10,1.71,1.58,0,0,False,2,0,0
2026-03-06_23.00.47,30,sign-optimization-horizontal-vertical_scenario,617,129,3,-1,-7,0,90,15,1,17408,AdultFemaleAgent(Clone),7,11,1.58,1.450001,0,0,False,2,0,0
2026-03-06_23.00.47,30,sign-optimization-horizontal-vertical_scenario,617,129,3,-1,-7,0,90,15,1,17409,AdultFemaleAgent(Clone),7,11,1.58,1.450001,0,0,False,2,0,0
2026-03-06_23.00.47,30,sign-optimization-horizontal-vertical_scenario,617,129,3,-1,-7,0,90,15,1,17410,AdultFemaleAgent(Clone),7,11,1.58,1.450001,0,0,False,2,0,0
2026-03-06_23.00.47,30,sign-optimization-horizontal-vertical_scenario,617,129,3,-1,-7,0,90,15,1,17411,AdultFemaleAgent(Clone),5,10,1.58,1.45,0,0,False,2,0,0
2026-03-06_23.00.47,30,sign-optimization-horizontal-vertical_scenario,617,129,3,-1,-7,0,90,15,1,17412,AdultMaleAgent(Clone),10,12,1.71,1.58,0,0,False,3,0,0
2026-03-06_23.00.47,30,sign-optimization-horizontal-vertical_scenario,617,129,3,-1,-7,0,90,15,1,17413,AdultFemaleAgent(Clone),7,11,1.58,1.450001,0,0,False,2,0,0
2026-03-06_23.00.47,30,sign-optimization-horizontal-vertical_scenario,617,129,3,-1,-7,0,90,15,1,17414,WheelchairAgent(Clone),10,12,1.3,1.17,0,0,False,3,0,0
2026-03-06_23.00.47,30,sign-optimization-horizontal-vertical_scenario,617,129,3,-1,-7,0,90,15,1,17415,AdultFemaleAgent(Clone),5,10,1.58,1.45,1.234253,1,True,2,1,0.5
2026-03-06_23.00.47,30,sign-optimization-horizontal-vertical_scenario,617,129,3,-1,-7,0,90,15,1,17416,WheelchairAgent(Clone),11,10,1.3,1.17,0,0,False,3,0,0
2026-03-06_23.00.47,30,sign-optimization-horizontal-vertical_scenario,617,129,3,-1,-7,0,90,15,1,17417,AdultFemaleAgent(Clone),11,10,1.58,1.450001,0,0,False,3,0,0
2026-03-06_23.00.47,30,sign-optimization-horizontal-vertical_scenario,617,129,3,-1,-7,0,90,15,1,17418,AdultMaleAgent(Clone),7,11,1.71,1.58,0,0,False,2,0,0
2026-03-06_23.00.47,30,sign-optimization-horizontal-vertical_scenario,617,129,3,-1,-7,0,90,15,1,17419,WheelchairAgent(Clone),10,12,1.3,1.17,0,0,False,3,0,0
2026-03-06_23.00.47,30,sign-optimization-horizontal-vertical_scenario,617,129,3,-1,-7,0,90,15,1,17420,AdultFemaleAgent(Clone),10,12,1.58,1.45,0,0,False,3,0,0
2026-03-06_23.00.47,30,sign-optimization-horizontal-vertical_scenario,617,129,3,-1,-7,0,90,15,1,17421,WheelchairAgent(Clone),7,11,1.3,1.17,0,0,False,2,0,0
2026-03-06_23.00.47,30,sign-optimization-horizontal-vertical_scenario,617,129,3,-1,-7,0,90,15,1,17422,AdultMaleAgent(Clone),5,10,1.71,1.58,0.09667969,1,False,2,0,0
2026-03-06_23.00.47,30,sign-optimization-horizontal-vertical_scenario,617,129,3,-1,-7,0,90,15,1,17423,AdultMaleAgent(Clone),6,12,1.71,1.58,0,0,False,2,0,0
2026-03-06_23.00.47,30,sign-optimization-horizontal-vertical_scenario,617,129,3,-1,-7,0,90,15,1,17424,AdultMaleAgent(Clone),6,12,1.71,1.58,0,0,False,2,0,0
2026-03-06_23.00.47,30,sign-optimization-horizontal-vertical_scenario,617,129,3,-1,-7,0,90,15,1,17425,AdultMaleAgent(Clone),5,10,1.71,1.58,2.171143,1,True,2,1,0.5
2026-03-06_23.00.47,30,sign-optimization-horizontal-vertical_scenario,617,129,3,-1,-7,0,90,15,1,17426,AdultFemaleAgent(Clone),7,11,1.58,1.450001,0,0,False,2,0,0
2026-03-06_23.00.47,30,sign-optimization-horizontal-vertical_scenario,617,129,3,-1,-7,0,90,15,1,17427,WheelchairAgent(Clone),7,11,1.3,1.17,0,0,False,2,0,0
2026-03-06_23.00.47,30,sign-optimization-horizontal-vertical_scenario,617,129,3,-1,-7,0,90,15,1,17428,AdultMaleAgent(Clone),11,10,1.71,1.58,0,0,False,3,0,0
2026-03-06_23.00.47,30,sign-optimization-horizontal-vertical_scenario,617,129,3,-1,-7,0,90,15,1,17429,AdultFemaleAgent(Clone),7,11,1.58,1.450001,0,0,False,2,0,0
2026-03-06_23.00.47,30,sign-optimization-horizontal-vertical_scenario,617,129,3,-1,-7,0,90,15,1,17430,AdultFemaleAgent(Clone),10,12,1.58,1.45,0,0,False,3,0,0
2026-03-06_23.00.47,30,sign-optimization-horizontal-vertical_scenario,617,129,3,-1,-7,0,90,15,1,17431,AdultFemaleAgent(Clone),11,10,1.58,1.450001,0,0,False,3,0,0
2026-03-06_23.00.47,30,sign-optimization-horizontal-vertical_scenario,617,129,3,-1,-7,0,90,15,1,17432,WheelchairAgent(Clone),6,12,1.3,1.17,0,0,False,2,0,0
2026-03-06_23.00.47,30,sign-optimization-horizontal-vertical_scenario,617,129,3,-1,-7,0,90,15,1,17433,WheelchairAgent(Clone),10,12,1.3,1.17,0,0,False,3,0,0
2026-03-06_23.00.47,30,sign-optimization-horizontal-vertical_scenario,617,129,3,-1,-7,0,90,15,1,17434,AdultFemaleAgent(Clone),7,11,1.58,1.450001,0,0,False,2,0,0
2026-03-06_23.00.47,30,sign-optimization-horizontal-vertical_scenario,617,129,3,-1,-7,0,90,15,1,17435,AdultFemaleAgent(Clone),6,12,1.58,1.45,0,0,False,2,0,0
2026-03-06_23.00.47,30,sign-optimization-horizontal-vertical_scenario,617,129,3,-1,-7,0,90,15,1,17436,WheelchairAgent(Clone),10,12,1.3,1.17,0,0,False,3,0,0
2026-03-06_23.00.47,30,sign-optimization-horizontal-vertical_scenario,617,129,3,-1,-7,0,90,15,1,17437,AdultMaleAgent(Clone),6,12,1.71,1.58,0,0,False,2,0,0
2026-03-06_23.00.47,30,sign-optimization-horizontal-vertical_scenario,617,129,3,-1,-7,0,90,15,1,17438,AdultFemaleAgent(Clone),11,10,1.58,1.450001,0,0,False,3,0,0
2026-03-06_23.00.47,30,sign-optimization-horizontal-vertical_scenario,617,129,3,-1,-7,0,90,15,1,17439,AdultFemaleAgent(Clone),6,12,1.58,1.45,0,0,False,2,0,0
2026-03-06_23.00.47,30,sign-optimization-horizontal-vertical_scenario,617,129,3,-1,-7,0,90,15,1,17440,AdultFemaleAgent(Clone),5,10,1.58,1.45,2.020508,1,True,2,1,0.5
2026-03-06_23.00.47,30,sign-optimization-horizontal-vertical_scenario,617,129,3,-1,-7,0,90,15,1,17441,AdultMaleAgent(Clone),5,10,1.71,1.58,0,0,False,2,0,0
2026-03-06_23.00.47,30,sign-optimization-horizontal-vertical_scenario,617,129,3,-1,-7,0,90,15,1,17442,AdultFemaleAgent(Clone),11,10,1.58,1.450001,0,0,False,3,0,0
2026-03-06_23.00.47,30,sign-optimization-horizontal-vertical_scenario,617,129,3,-1,-7,0,90,15,1,17443,AdultMaleAgent(Clone),5,10,1.71,1.58,0,0,False,2,0,0
2026-03-06_23.00.47,30,sign-optimization-horizontal-vertical_scenario,617,129,3,-1,-7,0,90,15,1,17444,AdultMaleAgent(Clone),10,12,1.71,1.58,0,0,False,3,0,0
2026-03-06_23.00.47,30,sign-optimization-horizontal-vertical_scenario,617,129,3,-1,-7,0,90,15,1,17445,AdultFemaleAgent(Clone),10,12,1.58,1.45,0,0,False,3,0,0
2026-03-06_23.00.47,30,sign-optimization-horizontal-vertical_scenario,617,129,3,-1,-7,0,90,15,1,17446,WheelchairAgent(Clone),11,10,1.3,1.17,0,0,False,3,0,0
2026-03-06_23.00.47,30,sign-optimization-horizontal-vertical_scenario,617,129,3,-1,-7,0,90,15,1,17447,AdultFemaleAgent(Clone),10,12,1.58,1.45,0,0,False,3,0,0
2026-03-06_23.00.47,30,sign-optimization-horizontal-vertical_scenario,617,129,3,-1,-7,0,90,15,1,17448,WheelchairAgent(Clone),11,10,1.3,1.17,0,0,False,3,0,0
2026-03-06_23.00.47,30,sign-optimization-horizontal-vertical_scenario,617,129,3,-1,-7,0,90,15,1,17449,WheelchairAgent(Clone),7,11,1.3,1.17,0,0,False,2,0,0
2026-03-06_23.00.47,30,sign-optimization-horizontal-vertical_scenario,617,129,3,-1,-7,0,90,15,1,17450,AdultFemaleAgent(Clone),5,10,1.58,1.45,0,0,False,2,0,0
2026-03-06_23.00.47,30,sign-optimization-horizontal-vertical_scenario,617,129,3,-1,-7,0,90,15,1,17451,AdultFemaleAgent(Clone),10,12,1.58,1.45,0,0,False,3,0,0
2026-03-06_23.00.47,30,sign-optimization-horizontal-vertical_scenario,617,129,3,-1,-7,0,90,15,1,17452,WheelchairAgent(Clone),11,10,1.3,1.17,0,0,False,3,0,0
2026-03-06_23.00.47,30,sign-optimization-horizontal-vertical_scenario,617,129,3,-1,-7,0,90,15,1,17453,AdultFemaleAgent(Clone),7,11,1.58,1.450001,0,0,False,2,0,0
2026-03-06_23.00.47,30,sign-optimization-horizontal-vertical_scenario,617,129,3,-1,-7,0,90,15,1,17454,AdultMaleAgent(Clone),10,12,1.71,1.58,0,0,False,3,0,0
2026-03-06_23.00.47,30,sign-optimization-horizontal-vertical_scenario,617,129,3,-1,-7,0,90,15,1,17455,AdultMaleAgent(Clone),7,11,1.71,1.58,0,0,False,2,0,0
2026-03-06_23.00.47,30,sign-optimization-horizontal-vertical_scenario,617,129,3,-1,-7,0,90,15,1,17456,AdultMaleAgent(Clone),11,10,1.71,1.58,0,0,False,3,0,0
2026-03-06_23.00.47,30,sign-optimization-horizontal-vertical_scenario,617,129,3,-1,-7,0,90,15,1,17457,WheelchairAgent(Clone),7,11,1.3,1.17,0,0,False,2,0,0
2026-03-06_23.00.47,30,sign-optimization-horizontal-vertical_scenario,617,129,3,-1,-7,0,90,15,1,17458,AdultMaleAgent(Clone),5,10,1.71,1.58,0,0,False,2,0,0
2026-03-06_23.00.47,30,sign-optimization-horizontal-vertical_scenario,617,129,3,-1,-7,0,90,15,1,17459,WheelchairAgent(Clone),6,12,1.3,1.17,0,0,False,2,0,0
2026-03-06_23.00.47,30,sign-optimization-horizontal-vertical_scenario,617,129,3,-1,-7,0,90,15,1,17460,WheelchairAgent(Clone),11,10,1.3,1.17,0,0,False,3,0,0
2026-03-06_23.00.47,30,sign-optimization-horizontal-vertical_scenario,617,129,3,-1,-7,0,90,15,1,17461,AdultMaleAgent(Clone),11,10,1.71,1.58,0,0,False,3,0,0
2026-03-06_23.00.47,30,sign-optimization-horizontal-vertical_scenario,617,129,3,-1,-7,0,90,15,1,17462,WheelchairAgent(Clone),5,10,1.3,1.17,0.03491211,1,False,2,1,0.5
2026-03-06_23.00.47,30,sign-optimization-horizontal-vertical_scenario,617,129,3,-1,-7,0,90,15,1,17463,WheelchairAgent(Clone),10,12,1.3,1.17,0,0,False,3,0,0
2026-03-06_23.00.47,30,sign-optimization-horizontal-vertical_scenario,617,129,3,-1,-7,0,90,15,1,17464,AdultFemaleAgent(Clone),11,10,1.58,1.450001,0,0,False,3,0,0
2026-03-06_23.00.47,30,sign-optimization-horizontal-vertical_scenario,617,129,3,-1,-7,0,90,15,1,17465,AdultMaleAgent(Clone),11,10,1.71,1.58,0,0,False,3,0,0
2026-03-06_23.00.47,30,sign-optimization-horizontal-vertical_scenario,617,129,3,-1,-7,0,90,15,1,17466,AdultFemaleAgent(Clone),6,12,1.58,1.45,0,0,False,2,0,0
2026-03-06_23.00.47,30,sign-optimization-horizontal-vertical_scenario,617,129,3,-1,-7,0,90,15,1,17467,AdultMaleAgent(Clone),11,10,1.71,1.58,0,0,False,3,0,0
2026-03-06_23.00.47,30,sign-optimization-horizontal-vertical_scenario,617,129,3,-1,-7,0,90,15,1,17468,AdultMaleAgent(Clone),7,11,1.71,1.58,0,0,False,2,0,0
2026-03-06_23.00.47,30,sign-optimization-horizontal-vertical_scenario,617,129,3,-1,-7,0,90,15,1,17469,WheelchairAgent(Clone),6,12,1.3,1.17,0,0,False,2,0,0
2026-03-06_23.00.47,30,sign-optimization-horizontal-vertical_scenario,617,129,3,-1,-7,0,90,15,1,17470,AdultFemaleAgent(Clone),11,10,1.58,1.450001,0,0,False,3,0,0
2026-03-06_23.00.47,30,sign-optimization-horizontal-vertical_scenario,617,129,3,-1,-7,0,90,15,1,17471,AdultMaleAgent(Clone),5,10,1.71,1.58,0,0,False,2,0,0
2026-03-06_23.00.47,30,sign-optimization-horizontal-vertical_scenario,617,129,3,-1,-7,0,90,15,1,17472,AdultFemaleAgent(Clone),7,11,1.58,1.450001,0,0,False,2,0,0
2026-03-06_23.00.47,30,sign-optimization-horizontal-vertical_scenario,617,129,3,-1,-7,0,90,15,1,17473,AdultMaleAgent(Clone),10,12,1.71,1.58,0,0,False,3,0,0
2026-03-06_23.00.47,30,sign-optimization-horizontal-vertical_scenario,617,129,3,-1,-7,0,90,15,1,17474,AdultMaleAgent(Clone),11,10,1.71,1.58,0,0,False,3,0,0
2026-03-06_23.00.47,30,sign-optimization-horizontal-vertical_scenario,617,129,3,-1,-7,0,90,15,1,17475,WheelchairAgent(Clone),5,10,1.3,1.17,1.998901,1,True,2,1,0.5
2026-03-06_23.00.47,30,sign-optimization-horizontal-vertical_scenario,617,129,3,-1,-7,0,90,15,1,17476,AdultMaleAgent(Clone),7,11,1.71,1.58,0,0,False,2,0,0
2026-03-06_23.00.47,30,sign-optimization-horizontal-vertical_scenario,617,129,3,-1,-7,0,90,15,1,17477,AdultMaleAgent(Clone),6,12,1.71,1.58,0,0,False,2,0,0
2026-03-06_23.00.47,30,sign-optimization-horizontal-vertical_scenario,617,129,3,-1,-7,0,90,15,1,17478,WheelchairAgent(Clone),5,10,1.3,1.17,0,0,False,2,0,0
2026-03-06_23.00.47,30,sign-optimization-horizontal-vertical_scenario,617,129,3,-1,-7,0,90,15,1,17479,WheelchairAgent(Clone),5,10,1.3,1.17,2.645996,1,True,2,1,0.5
2026-03-06_23.00.47,30,sign-optimization-horizontal-vertical_scenario,617,129,3,-1,-7,0,90,15,1,17480,WheelchairAgent(Clone),11,10,1.3,1.17,0,0,False,3,0,0
2026-03-06_23.00.47,30,sign-optimization-horizontal-vertical_scenario,617,129,3,-1,-7,0,90,15,1,17481,AdultMaleAgent(Clone),11,10,1.71,1.58,0,0,False,3,0,0
2026-03-06_23.00.47,30,sign-optimization-horizontal-vertical_scenario,617,129,3,-1,-7,0,90,15,1,17482,WheelchairAgent(Clone),10,12,1.3,1.17,0,0,False,3,0,0
2026-03-06_23.00.47,30,sign-optimization-horizontal-vertical_scenario,617,129,3,-1,-7,0,90,15,1,17483,AdultFemaleAgent(Clone),10,12,1.58,1.45,0,0,False,3,0,0
2026-03-06_23.00.47,30,sign-optimization-horizontal-vertical_scenario,617,129,3,-1,-7,0,90,15,1,17484,AdultFemaleAgent(Clone),5,10,1.58,1.45,1.478271,1,True,2,1,0.5
2026-03-06_23.00.47,30,sign-optimization-horizontal-vertical_scenario,617,129,3,-1,-7,0,90,15,1,17485,AdultMaleAgent(Clone),11,10,1.71,1.58,0,0,False,3,0,0
2026-03-06_23.00.47,30,sign-optimization-horizontal-vertical_scenario,617,129,3,-1,-7,0,90,15,1,17486,WheelchairAgent(Clone),5,10,1.3,1.17,0,0,False,2,0,0
2026-03-06_23.00.47,30,sign-optimization-horizontal-vertical_scenario,617,129,3,-1,-7,0,90,15,1,17487,WheelchairAgent(Clone),5,10,1.3,1.17,1.543457,1,True,2,1,0.5
2026-03-06_23.00.47,30,sign-optimization-horizontal-vertical_scenario,617,129,3,-1,-7,0,90,15,1,17488,AdultFemaleAgent(Clone),10,12,1.58,1.45,0,0,False,3,0,0
2026-03-06_23.00.47,30,sign-optimization-horizontal-vertical_scenario,617,129,3,-1,-7,0,90,15,1,17489,WheelchairAgent(Clone),11,10,1.3,1.17,0,0,False,3,0,0
2026-03-06_23.00.47,30,sign-optimization-horizontal-vertical_scenario,617,129,3,-1,-7,0,90,15,1,17490,AdultMaleAgent(Clone),5,10,1.71,1.58,0,0,False,2,0,0
2026-03-06_23.00.47,30,sign-optimization-horizontal-vertical_scenario,617,129,3,-1,-7,0,90,15,1,17491,AdultMaleAgent(Clone),6,12,1.71,1.58,0,0,False,2,0,0
2026-03-06_23.00.47,30,sign-optimization-horizontal-vertical_scenario,617,129,3,-1,-7,0,90,15,1,17492,AdultFemaleAgent(Clone),6,12,1.58,1.45,0,0,False,2,0,0
2026-03-06_23.00.47,30,sign-optimization-horizontal-vertical_scenario,617,129,3,-1,-7,0,90,15,1,17493,AdultFemaleAgent(Clone),5,10,1.58,1.45,1.158691,1,False,2,1,0.5
2026-03-06_23.00.47,30,sign-optimization-horizontal-vertical_scenario,617,129,3,-1,-7,0,90,15,1,17494,AdultMaleAgent(Clone),11,10,1.71,1.58,0,0,False,3,0,0
2026-03-06_23.00.47,30,sign-optimization-horizontal-vertical_scenario,617,129,3,-1,-7,0,90,15,1,17495,AdultMaleAgent(Clone),5,10,1.71,1.58,2.277344,1,True,2,1,0.5
2026-03-06_23.00.47,30,sign-optimization-horizontal-vertical_scenario,617,129,3,-1,-7,0,90,15,1,17496,AdultFemaleAgent(Clone),6,12,1.58,1.45,0,0,False,2,0,0
2026-03-06_23.00.47,30,sign-optimization-horizontal-vertical_scenario,617,129,3,-1,-7,0,90,15,1,17497,AdultMaleAgent(Clone),5,10,1.71,1.58,0,0,False,2,0,0
2026-03-06_23.00.47,30,sign-optimization-horizontal-vertical_scenario,617,129,3,-1,-7,0,90,15,1,17498,AdultFemaleAgent(Clone),7,11,1.58,1.450001,0,0,False,2,0,0
2026-03-06_23.00.47,30,sign-optimization-horizontal-vertical_scenario,617,129,3,-1,-7,0,90,15,1,17499,WheelchairAgent(Clone),11,10,1.3,1.17,0,0,False,3,0,0
2026-03-06_23.00.47,30,sign-optimization-horizontal-vertical_scenario,617,129,3,-1,-7,0,90,15,1,17500,WheelchairAgent(Clone),7,11,1.3,1.17,0,0,False,2,0,0
2026-03-06_23.00.47,30,sign-optimization-horizontal-vertical_scenario,617,129,3,-1,-7,0,90,15,1,17501,AdultFemaleAgent(Clone),7,11,1.58,1.450001,0,0,False,2,0,0
2026-03-06_23.00.47,30,sign-optimization-horizontal-vertical_scenario,617,129,3,-1,-7,0,90,15,1,17502,AdultMaleAgent(Clone),5,10,1.71,1.58,0,0,False,2,0,0
2026-03-06_23.00.47,30,sign-optimization-horizontal-vertical_scenario,617,129,3,-1,-7,0,90,15,1,17503,AdultFemaleAgent(Clone),7,11,1.58,1.450001,0,0,False,2,0,0
2026-03-06_23.00.47,30,sign-optimization-horizontal-vertical_scenario,617,129,3,-1,-7,0,90,15,1,17504,WheelchairAgent(Clone),5,10,1.3,1.17,0,0,False,2,0,0
2026-03-06_23.00.47,30,sign-optimization-horizontal-vertical_scenario,617,129,3,-1,-7,0,90,15,1,17505,AdultMaleAgent(Clone),10,12,1.71,1.58,0,0,False,3,0,0
2026-03-06_23.00.47,30,sign-optimization-horizontal-vertical_scenario,617,129,3,-1,-7,0,90,15,1,17506,AdultMaleAgent(Clone),11,10,1.71,1.58,0,0,False,3,0,0
2026-03-06_23.00.47,30,sign-optimization-horizontal-vertical_scenario,617,129,3,-1,-7,0,90,15,1,17507,WheelchairAgent(Clone),7,11,1.3,1.17,0,0,False,2,0,0
2026-03-06_23.00.47,30,sign-optimization-horizontal-vertical_scenario,617,129,3,-1,-7,0,90,15,1,17508,AdultFemaleAgent(Clone),7,11,1.58,1.450001,0,0,False,2,0,0
2026-03-06_23.00.47,30,sign-optimization-horizontal-vertical_scenario,617,129,3,-1,-7,0,90,15,1,17509,WheelchairAgent(Clone),10,12,1.3,1.17,0,0,False,3,0,0
2026-03-06_23.00.47,30,sign-optimization-horizontal-vertical_scenario,617,129,3,-1,-7,0,90,15,1,17510,AdultMaleAgent(Clone),5,10,1.71,1.58,1.98999,1,True,2,1,0.5
2026-03-06_23.00.47,30,sign-optimization-horizontal-vertical_scenario,617,129,3,-1,-7,0,90,15,1,17511,AdultFemaleAgent(Clone),11,10,1.58,1.450001,0,0,False,3,0,0
2026-03-06_23.00.47,30,sign-optimization-horizontal-vertical_scenario,617,129,3,-1,-7,0,90,15,1,17512,AdultMaleAgent(Clone),5,10,1.71,1.58,0.9543457,1,False,2,1,0.5
2026-03-06_23.00.47,30,sign-optimization-horizontal-vertical_scenario,617,129,3,-1,-7,0,90,15,1,17513,AdultMaleAgent(Clone),7,11,1.71,1.58,0,0,False,2,0,0
2026-03-06_23.00.47,30,sign-optimization-horizontal-vertical_scenario,617,129,3,-1,-7,0,90,15,1,17514,WheelchairAgent(Clone),5,10,1.3,1.17,0,0,False,2,0,0
2026-03-06_23.00.47,30,sign-optimization-horizontal-vertical_scenario,617,129,3,-1,-7,0,90,15,1,17515,AdultMaleAgent(Clone),5,10,1.71,1.58,0,0,False,2,0,0
2026-03-06_23.00.47,30,sign-optimization-horizontal-vertical_scenario,617,129,3,-1,-7,0,90,15,1,17516,AdultMaleAgent(Clone),6,12,1.71,1.58,0,0,False,2,0,0
2026-03-06_23.00.47,30,sign-optimization-horizontal-vertical_scenario,617,129,3,-1,-7,0,90,15,1,17517,AdultFemaleAgent(Clone),7,11,1.58,1.450001,0,0,False,2,0,0
2026-03-06_23.00.47,30,sign-optimization-horizontal-vertical_scenario,617,129,3,-1,-7,0,90,15,1,17518,AdultMaleAgent(Clone),10,12,1.71,1.58,0,0,False,3,0,0
2026-03-06_23.00.47,30,sign-optimization-horizontal-vertical_scenario,617,129,3,-1,-7,0,90,15,1,17519,WheelchairAgent(Clone),5,10,1.3,1.17,0,0,False,2,1,0.5
2026-03-06_23.00.47,30,sign-optimization-horizontal-vertical_scenario,617,129,3,-1,-7,0,90,15,1,17520,AdultMaleAgent(Clone),7,11,1.71,1.58,0,0,False,2,0,0
2026-03-06_23.00.47,30,sign-optimization-horizontal-vertical_scenario,617,129,3,-1,-7,0,90,15,1,17521,AdultMaleAgent(Clone),5,10,1.71,1.58,0,0,False,2,0,0
2026-03-06_23.00.47,30,sign-optimization-horizontal-vertical_scenario,617,129,3,-1,-7,0,90,15,1,17522,WheelchairAgent(Clone),5,10,1.3,1.17,0,0,False,2,1,0.5
2026-03-06_23.00.47,30,sign-optimization-horizontal-vertical_scenario,617,129,3,-1,-7,0,90,15,1,17523,AdultFemaleAgent(Clone),5,10,1.58,1.45,0,0,False,2,0,0
2026-03-06_23.00.47,30,sign-optimization-horizontal-vertical_scenario,617,129,3,-1,-7,0,90,15,1,17524,WheelchairAgent(Clone),11,10,1.3,1.17,0,0,False,3,0,0
2026-03-06_23.00.47,30,sign-optimization-horizontal-vertical_scenario,617,129,3,-1,-7,0,90,15,1,17525,AdultMaleAgent(Clone),10,12,1.71,1.58,0,0,False,3,0,0
2026-03-06_23.00.47,30,sign-optimization-horizontal-vertical_scenario,617,129,3,-1,-7,0,90,15,1,17526,AdultMaleAgent(Clone),6,12,1.71,1.58,0,0,False,2,0,0
2026-03-06_23.00.47,30,sign-optimization-horizontal-vertical_scenario,617,129,3,-1,-7,0,90,15,1,17527,AdultFemaleAgent(Clone),5,10,1.58,1.45,0,0,False,2,0,0
2026-03-06_23.00.47,30,sign-optimization-horizontal-vertical_scenario,617,129,3,-1,-7,0,90,15,1,17528,WheelchairAgent(Clone),6,12,1.3,1.17,0,0,False,2,0,0
2026-03-06_23.00.47,30,sign-optimization-horizontal-vertical_scenario,617,129,3,-1,-7,0,90,15,1,17529,WheelchairAgent(Clone),7,11,1.3,1.17,0,0,False,2,0,0
2026-03-06_23.00.47,30,sign-optimization-horizontal-vertical_scenario,617,129,3,-1,-7,0,90,15,1,17530,WheelchairAgent(Clone),11,10,1.3,1.17,0,0,False,3,0,0
2026-03-06_23.00.47,30,sign-optimization-horizontal-vertical_scenario,617,129,3,-1,-7,0,90,15,1,17531,WheelchairAgent(Clone),11,10,1.3,1.17,0,0,False,3,0,0
2026-03-06_23.00.47,30,sign-optimization-horizontal-vertical_scenario,617,129,3,-1,-7,0,90,15,1,17532,AdultFemaleAgent(Clone),6,12,1.58,1.45,0,0,False,2,0,0
2026-03-06_23.00.47,30,sign-optimization-horizontal-vertical_scenario,617,129,3,-1,-7,0,90,15,1,17533,WheelchairAgent(Clone),10,12,1.3,1.17,0,0,False,3,0,0
2026-03-06_23.00.47,30,sign-optimization-horizontal-vertical_scenario,617,129,3,-1,-7,0,90,15,1,17534,AdultFemaleAgent(Clone),5,10,1.58,1.45,0,0,False,2,0,0
2026-03-06_23.00.47,30,sign-optimization-horizontal-vertical_scenario,617,129,3,-1,-7,0,90,15,1,17535,AdultMaleAgent(Clone),10,12,1.71,1.58,0,0,False,3,0,0
2026-03-06_23.00.47,30,sign-optimization-horizontal-vertical_scenario,617,129,3,-1,-7,0,90,15,1,17536,WheelchairAgent(Clone),5,10,1.3,1.17,0,0,False,2,0,0
2026-03-06_23.00.47,30,sign-optimization-horizontal-vertical_scenario,617,129,3,-1,-7,0,90,15,1,17537,AdultMaleAgent(Clone),10,12,1.71,1.58,0,0,False,3,0,0
2026-03-06_23.00.47,30,sign-optimization-horizontal-vertical_scenario,617,129,3,-1,-7,0,90,15,1,17538,AdultFemaleAgent(Clone),5,10,1.58,1.45,0,0,False,2,0,0
2026-03-06_23.00.47,30,sign-optimization-horizontal-vertical_scenario,617,129,3,-1,-7,0,90,15,1,17539,WheelchairAgent(Clone),10,12,1.3,1.17,0,0,False,3,0,0
2026-03-06_23.00.47,30,sign-optimization-horizontal-vertical_scenario,617,129,3,-1,-7,0,90,15,1,17540,AdultFemaleAgent(Clone),10,12,1.58,1.45,0,0,False,3,0,0
2026-03-06_23.00.47,30,sign-optimization-horizontal-vertical_scenario,617,129,3,-1,-7,0,90,15,1,17541,AdultMaleAgent(Clone),7,11,1.71,1.58,0,0,False,2,0,0
2026-03-06_23.00.47,30,sign-optimization-horizontal-vertical_scenario,617,129,3,-1,-7,0,90,15,1,17542,WheelchairAgent(Clone),11,10,1.3,1.17,0,0,False,3,0,0
2026-03-06_23.00.47,30,sign-optimization-horizontal-vertical_scenario,617,129,3,-1,-7,0,90,15,1,17543,AdultFemaleAgent(Clone),11,10,1.58,1.450001,0,0,False,3,0,0
2026-03-06_23.00.47,30,sign-optimization-horizontal-vertical_scenario,617,129,3,-1,-7,0,90,15,1,17544,WheelchairAgent(Clone),6,12,1.3,1.17,0,0,False,2,0,0
2026-03-06_23.00.47,30,sign-optimization-horizontal-vertical_scenario,617,129,3,-1,-7,0,90,15,1,17545,WheelchairAgent(Clone),10,12,1.3,1.17,0,0,False,3,0,0
2026-03-06_23.00.47,30,sign-optimization-horizontal-vertical_scenario,617,129,3,-1,-7,0,90,15,1,17546,AdultMaleAgent(Clone),5,10,1.71,1.58,0,0,False,2,0,0
2026-03-06_23.00.47,30,sign-optimization-horizontal-vertical_scenario,617,129,3,-1,-7,0,90,15,1,17547,AdultFemaleAgent(Clone),11,10,1.58,1.450001,0,0,False,3,0,0
2026-03-06_23.00.47,30,sign-optimization-horizontal-vertical_scenario,617,129,3,-1,-7,0,90,15,1,17548,WheelchairAgent(Clone),6,12,1.3,1.17,0,0,False,2,0,0
2026-03-06_23.00.47,30,sign-optimization-horizontal-vertical_scenario,617,129,3,-1,-7,0,90,15,1,17549,WheelchairAgent(Clone),11,10,1.3,1.17,0,0,False,3,0,0
2026-03-06_23.00.47,30,sign-optimization-horizontal-vertical_scenario,617,129,3,-1,-7,0,90,15,1,17550,AdultMaleAgent(Clone),5,10,1.71,1.58,0,0,False,2,0,0
2026-03-06_23.00.47,30,sign-optimization-horizontal-vertical_scenario,617,129,3,-1,-7,0,90,15,1,17551,AdultFemaleAgent(Clone),10,12,1.58,1.45,0,0,False,3,0,0
2026-03-06_23.00.47,30,sign-optimization-horizontal-vertical_scenario,617,129,3,-1,-7,0,90,15,1,17552,AdultFemaleAgent(Clone),5,10,1.58,1.45,0,0,False,2,0,0
2026-03-06_23.00.47,30,sign-optimization-horizontal-vertical_scenario,617,129,3,-1,-7,0,90,15,1,17553,WheelchairAgent(Clone),6,12,1.3,1.17,0,0,False,2,0,0
2026-03-06_23.00.47,30,sign-optimization-horizontal-vertical_scenario,617,129,3,-1,-7,0,90,15,1,17554,AdultFemaleAgent(Clone),6,12,1.58,1.45,0,0,False,2,0,0
2026-03-06_23.00.47,30,sign-optimization-horizontal-vertical_scenario,617,129,3,-1,-7,0,90,15,1,17555,AdultFemaleAgent(Clone),5,10,1.58,1.45,0,0,False,2,0,0
2026-03-06_23.00.47,30,sign-optimization-horizontal-vertical_scenario,617,129,3,-1,-7,0,90,15,1,17556,WheelchairAgent(Clone),11,10,1.3,1.17,0,0,False,3,0,0
2026-03-06_23.00.47,30,sign-optimization-horizontal-vertical_scenario,617,129,3,-1,-7,0,90,15,1,17557,AdultFemaleAgent(Clone),11,10,1.58,1.450001,0,0,False,3,0,0
2026-03-06_23.00.47,30,sign-optimization-horizontal-vertical_scenario,617,129,3,-1,-7,0,90,15,1,17558,WheelchairAgent(Clone),11,10,1.3,1.17,0,0,False,3,0,0
2026-03-06_23.00.47,30,sign-optimization-horizontal-vertical_scenario,617,129,3,-1,-7,0,90,15,1,17559,AdultFemaleAgent(Clone),6,12,1.58,1.45,0,0,False,2,0,0
2026-03-06_23.00.47,30,sign-optimization-horizontal-vertical_scenario,617,129,3,-1,-7,0,90,15,1,17560,WheelchairAgent(Clone),10,12,1.3,1.17,0,0,False,3,0,0
2026-03-06_23.00.47,30,sign-optimization-horizontal-vertical_scenario,617,129,3,-1,-7,0,90,15,1,17561,AdultMaleAgent(Clone),6,12,1.71,1.58,0,0,False,2,0,0
2026-03-06_23.00.47,30,sign-optimization-horizontal-vertical_scenario,617,129,3,-1,-7,0,90,15,1,17562,AdultFemaleAgent(Clone),7,11,1.58,1.450001,0,0,False,2,0,0
2026-03-06_23.00.47,30,sign-optimization-horizontal-vertical_scenario,617,129,3,-1,-7,0,90,15,1,17563,AdultMaleAgent(Clone),7,11,1.71,1.58,0,0,False,2,0,0
2026-03-06_23.00.47,30,sign-optimization-horizontal-vertical_scenario,617,129,3,-1,-7,0,90,15,1,17564,AdultMaleAgent(Clone),11,10,1.71,1.58,0,0,False,3,0,0
2026-03-06_23.00.47,30,sign-optimization-horizontal-vertical_scenario,617,129,3,-1,-7,0,90,15,1,17565,AdultFemaleAgent(Clone),7,11,1.58,1.450001,0,0,False,2,0,0
2026-03-06_23.00.47,30,sign-optimization-horizontal-vertical_scenario,617,129,3,-1,-7,0,90,15,1,17566,WheelchairAgent(Clone),6,12,1.3,1.17,0,0,False,2,0,0
2026-03-06_23.00.47,30,sign-optimization-horizontal-vertical_scenario,617,129,3,-1,-7,0,90,15,1,17567,AdultFemaleAgent(Clone),6,12,1.58,1.45,0,0,False,2,0,0
2026-03-06_23.00.47,30,sign-optimization-horizontal-vertical_scenario,617,129,3,-1,-7,0,90,15,1,17568,WheelchairAgent(Clone),10,12,1.3,1.17,0,0,False,3,0,0
2026-03-06_23.00.47,30,sign-optimization-horizontal-vertical_scenario,617,129,3,-1,-7,0,90,15,1,17569,AdultFemaleAgent(Clone),7,11,1.58,1.450001,0,0,False,2,0,0
2026-03-06_23.00.47,30,sign-optimization-horizontal-vertical_scenario,617,129,3,-1,-7,0,90,15,1,17570,AdultMaleAgent(Clone),5,10,1.71,1.58,0,0,False,2,0,0
2026-03-06_23.00.47,30,sign-optimization-horizontal-vertical_scenario,617,129,3,-1,-7,0,90,15,1,17571,WheelchairAgent(Clone),6,12,1.3,1.17,0,0,False,2,0,0
2026-03-06_23.00.47,30,sign-optimization-horizontal-vertical_scenario,617,129,3,-1,-7,0,90,15,1,17572,AdultFemaleAgent(Clone),11,10,1.58,1.450001,0,0,False,3,0,0
2026-03-06_23.00.47,30,sign-optimization-horizontal-vertical_scenario,617,129,3,-1,-7,0,90,15,1,17573,AdultFemaleAgent(Clone),7,11,1.58,1.450001,0,0,False,2,0,0
2026-03-06_23.00.47,30,sign-optimization-horizontal-vertical_scenario,617,129,3,-1,-7,0,90,15,1,17574,AdultMaleAgent(Clone),7,11,1.71,1.58,0,0,False,2,0,0
2026-03-06_23.00.47,30,sign-optimization-horizontal-vertical_scenario,617,129,3,-1,-7,0,90,15,1,17575,AdultMaleAgent(Clone),5,10,1.71,1.58,0,0,False,2,0,0
