Timestamp,RunIndex,ScenarioID,TotalAgents,VisibleSignCount,SignHeight,SignPositionX,SignPositionZ,SignOrientation,VcaAngle,VcaDistance,SignComprehensionTime,AgentID,AgentType,StartNode,GoalNode,Height,EyeHeight,TimeInVCA,TimesInVCA,SawSign,TotalNodesNavigated,NodesWithDetection,RDEffective
2026-03-06_18.10.57,51,sign-optimization-horizontal-vertical_scenario,620,206,3,2,-6,90,90,15,1,28858,AdultFemaleAgent(Clone),10,12,1.58,1.45,0,0,False,3,0,0
2026-03-06_18.10.57,51,sign-optimization-horizontal-vertical_scenario,620,206,3,2,-6,90,90,15,1,28859,WheelchairAgent(Clone),10,12,1.3,1.17,3.154785,1,False,3,1,0.3333333
2026-03-06_18.10.57,51,sign-optimization-horizontal-vertical_scenario,620,206,3,2,-6,90,90,15,1,28860,WheelchairAgent(Clone),11,10,1.3,1.17,8.64502,1,True,3,1,0.3333333
2026-03-06_18.10.57,51,sign-optimization-horizontal-vertical_scenario,620,206,3,2,-6,90,90,15,1,28861,AdultFemaleAgent(Clone),5,10,1.58,1.45,11.49902,1,True,2,1,0.5
2026-03-06_18.10.57,51,sign-optimization-horizontal-vertical_scenario,620,206,3,2,-6,90,90,15,1,28862,AdultMaleAgent(Clone),6,12,1.71,1.58,0,0,False,2,0,0
2026-03-06_18.10.57,51,sign-optimization-horizontal-vertical_scenario,620,206,3,2,-6,90,90,15,1,28863,WheelchairAgent(Clone),5,10,1.3,1.17,11.96558,1,True,2,1,0.5
2026-03-06_18.10.57,51,sign-optimization-horizontal-vertical_scenario,620,206,3,2,-6,90,90,15,1,28864,AdultFemaleAgent(Clone),6,12,1.58,1.45,0,0,False,2,0,0
2026-03-06_18.10.57,51,sign-optimization-horizontal-vertical_scenario,620,206,3,2,-6,90,90,15,1,28865,AdultFemaleAgent(Clone),6,12,1.58,1.45,0,0,False,2,0,0
2026-03-06_18.10.57,51,sign-optimization-horizontal-vertical_scenario,620,206,3,2,-6,90,90,15,1,28866,AdultMaleAgent(Clone),5,10,1.71,1.58,8.468018,1,False,2,0,0
2026-03-06_18.10.57,51,sign-optimization-horizontal-vertical_scenario,620,206,3,2,-6,90,90,15,1,28867,AdultMaleAgent(Clone),10,12,1.71,1.58,3.430908,1,False,3,1,0.3333333
2026-03-06_18.10.57,51,sign-optimization-horizontal-vertical_scenario,620,206,3,2,-6,90,90,15,1,28868,AdultFemaleAgent(Clone),11,10,1.58,1.450001,7.376221,1,True,3,2,0.6666667
2026-03-06_18.10.57,51,sign-optimization-horizontal-vertical_scenario,620,206,3,2,-6,90,90,15,1,28869,WheelchairAgent(Clone),11,10,1.3,1.17,8.438721,1,True,3,1,0.3333333
2026-03-06_18.10.57,51,sign-optimization-horizontal-vertical_scenario,620,206,3,2,-6,90,90,15,1,28870,WheelchairAgent(Clone),7,11,1.3,1.17,9.93335,2,True,2,1,0.5
2026-03-06_18.10.57,51,sign-optimization-horizontal-vertical_scenario,620,206,3,2,-6,90,90,15,1,28871,AdultMaleAgent(Clone),6,12,1.71,1.58,2.709473,1,False,2,1,0.5
2026-03-06_18.10.57,51,sign-optimization-horizontal-vertical_scenario,620,206,3,2,-6,90,90,15,1,28872,AdultMaleAgent(Clone),7,11,1.71,1.58,8.105957,2,True,2,1,0.5
2026-03-06_18.10.57,51,sign-optimization-horizontal-vertical_scenario,620,206,3,2,-6,90,90,15,1,28873,AdultFemaleAgent(Clone),5,10,1.58,1.45,9.563965,1,False,2,1,0.5
2026-03-06_18.10.57,51,sign-optimization-horizontal-vertical_scenario,620,206,3,2,-6,90,90,15,1,28874,WheelchairAgent(Clone),10,12,1.3,1.17,0,0,False,3,0,0
2026-03-06_18.10.57,51,sign-optimization-horizontal-vertical_scenario,620,206,3,2,-6,90,90,15,1,28875,WheelchairAgent(Clone),6,12,1.3,1.17,0,0,False,2,0,0
2026-03-06_18.10.57,51,sign-optimization-horizontal-vertical_scenario,620,206,3,2,-6,90,90,15,1,28876,AdultMaleAgent(Clone),6,12,1.71,1.58,0,0,False,2,0,0
2026-03-06_18.10.57,51,sign-optimization-horizontal-vertical_scenario,620,206,3,2,-6,90,90,15,1,28877,WheelchairAgent(Clone),6,12,1.3,1.17,0,0,False,2,0,0
2026-03-06_18.10.57,51,sign-optimization-horizontal-vertical_scenario,620,206,3,2,-6,90,90,15,1,28878,AdultFemaleAgent(Clone),5,10,1.58,1.45,9.231201,1,False,2,0,0
2026-03-06_18.10.57,51,sign-optimization-horizontal-vertical_scenario,620,206,3,2,-6,90,90,15,1,28879,WheelchairAgent(Clone),6,12,1.3,1.17,0,0,False,2,0,0
2026-03-06_18.10.57,51,sign-optimization-horizontal-vertical_scenario,620,206,3,2,-6,90,90,15,1,28880,AdultFemaleAgent(Clone),7,11,1.58,1.450001,9.104248,2,True,2,1,0.5
2026-03-06_18.10.57,51,sign-optimization-horizontal-vertical_scenario,620,206,3,2,-6,90,90,15,1,28881,AdultMaleAgent(Clone),7,11,1.71,1.58,10.53979,2,True,2,1,0.5
2026-03-06_18.10.57,51,sign-optimization-horizontal-vertical_scenario,620,206,3,2,-6,90,90,15,1,28882,AdultFemaleAgent(Clone),5,10,1.58,1.45,12.45068,1,True,2,1,0.5
2026-03-06_18.10.57,51,sign-optimization-horizontal-vertical_scenario,620,206,3,2,-6,90,90,15,1,28883,AdultFemaleAgent(Clone),10,12,1.58,1.45,0,0,False,3,0,0
2026-03-06_18.10.57,51,sign-optimization-horizontal-vertical_scenario,620,206,3,2,-6,90,90,15,1,28884,AdultFemaleAgent(Clone),7,11,1.58,1.450001,8.247314,1,True,2,1,0.5
2026-03-06_18.10.57,51,sign-optimization-horizontal-vertical_scenario,620,206,3,2,-6,90,90,15,1,28885,AdultMaleAgent(Clone),5,10,1.71,1.58,11.51001,1,False,2,1,0.5
2026-03-06_18.10.57,51,sign-optimization-horizontal-vertical_scenario,620,206,3,2,-6,90,90,15,1,28886,AdultFemaleAgent(Clone),6,12,1.58,1.45,0,0,False,2,0,0
2026-03-06_18.10.57,51,sign-optimization-horizontal-vertical_scenario,620,206,3,2,-6,90,90,15,1,28887,AdultMaleAgent(Clone),7,11,1.71,1.58,8.495117,2,True,2,1,0.5
2026-03-06_18.10.57,51,sign-optimization-horizontal-vertical_scenario,620,206,3,2,-6,90,90,15,1,28888,WheelchairAgent(Clone),6,12,1.3,1.17,0,0,False,2,0,0
2026-03-06_18.10.57,51,sign-optimization-horizontal-vertical_scenario,620,206,3,2,-6,90,90,15,1,28889,WheelchairAgent(Clone),6,12,1.3,1.17,0,0,False,2,0,0
2026-03-06_18.10.57,51,sign-optimization-horizontal-vertical_scenario,620,206,3,2,-6,90,90,15,1,28890,AdultFemaleAgent(Clone),11,10,1.58,1.450001,8.460693,1,True,3,2,0.6666667
2026-03-06_18.10.57,51,sign-optimization-horizontal-vertical_scenario,620,206,3,2,-6,90,90,15,1,28891,AdultMaleAgent(Clone),6,12,1.71,1.58,0,0,False,2,0,0
2026-03-06_18.10.57,51,sign-optimization-horizontal-vertical_scenario,620,206,3,2,-6,90,90,15,1,28892,WheelchairAgent(Clone),5,10,1.3,1.17,11.79712,1,True,2,1,0.5
2026-03-06_18.10.57,51,sign-optimization-horizontal-vertical_scenario,620,206,3,2,-6,90,90,15,1,28893,AdultMaleAgent(Clone),10,12,1.71,1.58,0,0,False,3,0,0
2026-03-06_18.10.57,51,sign-optimization-horizontal-vertical_scenario,620,206,3,2,-6,90,90,15,1,28894,WheelchairAgent(Clone),11,10,1.3,1.17,8.82251,1,True,3,2,0.6666667
2026-03-06_18.10.57,51,sign-optimization-horizontal-vertical_scenario,620,206,3,2,-6,90,90,15,1,28895,WheelchairAgent(Clone),10,12,1.3,1.17,0,0,False,3,0,0
2026-03-06_18.10.57,51,sign-optimization-horizontal-vertical_scenario,620,206,3,2,-6,90,90,15,1,28896,AdultMaleAgent(Clone),7,11,1.71,1.58,8.017334,2,True,2,1,0.5
2026-03-06_18.10.57,51,sign-optimization-horizontal-vertical_scenario,620,206,3,2,-6,90,90,15,1,28897,WheelchairAgent(Clone),6,12,1.3,1.17,0.7976074,1,False,2,0,0
2026-03-06_18.10.57,51,sign-optimization-horizontal-vertical_scenario,620,206,3,2,-6,90,90,15,1,28898,WheelchairAgent(Clone),6,12,1.3,1.17,0,0,False,2,0,0
2026-03-06_18.10.57,51,sign-optimization-horizontal-vertical_scenario,620,206,3,2,-6,90,90,15,1,28899,WheelchairAgent(Clone),5,10,1.3,1.17,6.918213,1,False,2,0,0
2026-03-06_18.10.57,51,sign-optimization-horizontal-vertical_scenario,620,206,3,2,-6,90,90,15,1,28900,WheelchairAgent(Clone),6,12,1.3,1.17,2.377686,1,False,2,1,0.5
2026-03-06_18.10.57,51,sign-optimization-horizontal-vertical_scenario,620,206,3,2,-6,90,90,15,1,28901,AdultFemaleAgent(Clone),5,10,1.58,1.45,10.91162,1,False,2,1,0.5
2026-03-06_18.10.57,51,sign-optimization-horizontal-vertical_scenario,620,206,3,2,-6,90,90,15,1,28902,AdultFemaleAgent(Clone),7,11,1.58,1.450001,8.790039,2,True,2,1,0.5
2026-03-06_18.10.57,51,sign-optimization-horizontal-vertical_scenario,620,206,3,2,-6,90,90,15,1,28903,AdultFemaleAgent(Clone),5,10,1.58,1.45,10.9856,1,True,2,1,0.5
2026-03-06_18.10.57,51,sign-optimization-horizontal-vertical_scenario,620,206,3,2,-6,90,90,15,1,28904,WheelchairAgent(Clone),6,12,1.3,1.17,2.733643,1,False,2,1,0.5
2026-03-06_18.10.57,51,sign-optimization-horizontal-vertical_scenario,620,206,3,2,-6,90,90,15,1,28905,WheelchairAgent(Clone),11,10,1.3,1.17,9.369629,1,True,3,1,0.3333333
2026-03-06_18.10.57,51,sign-optimization-horizontal-vertical_scenario,620,206,3,2,-6,90,90,15,1,28906,AdultMaleAgent(Clone),5,10,1.71,1.58,10.35522,1,False,2,1,0.5
2026-03-06_18.10.57,51,sign-optimization-horizontal-vertical_scenario,620,206,3,2,-6,90,90,15,1,28907,WheelchairAgent(Clone),5,10,1.3,1.17,12.82104,1,True,2,1,0.5
2026-03-06_18.10.57,51,sign-optimization-horizontal-vertical_scenario,620,206,3,2,-6,90,90,15,1,28908,WheelchairAgent(Clone),6,12,1.3,1.17,0,0,False,2,0,0
2026-03-06_18.10.57,51,sign-optimization-horizontal-vertical_scenario,620,206,3,2,-6,90,90,15,1,28909,AdultFemaleAgent(Clone),6,12,1.58,1.45,0,0,False,2,0,0
2026-03-06_18.10.57,51,sign-optimization-horizontal-vertical_scenario,620,206,3,2,-6,90,90,15,1,28910,AdultFemaleAgent(Clone),10,12,1.58,1.45,0.871582,1,False,3,0,0
2026-03-06_18.10.57,51,sign-optimization-horizontal-vertical_scenario,620,206,3,2,-6,90,90,15,1,28911,AdultFemaleAgent(Clone),5,10,1.58,1.45,13.92065,1,False,2,1,0.5
2026-03-06_18.10.57,51,sign-optimization-horizontal-vertical_scenario,620,206,3,2,-6,90,90,15,1,28912,WheelchairAgent(Clone),7,11,1.3,1.17,8.752197,2,True,2,1,0.5
2026-03-06_18.10.57,51,sign-optimization-horizontal-vertical_scenario,620,206,3,2,-6,90,90,15,1,28913,WheelchairAgent(Clone),10,12,1.3,1.17,0,0,False,3,0,0
2026-03-06_18.10.57,51,sign-optimization-horizontal-vertical_scenario,620,206,3,2,-6,90,90,15,1,28914,AdultFemaleAgent(Clone),11,10,1.58,1.450001,8.901855,1,True,3,2,0.6666667
2026-03-06_18.10.57,51,sign-optimization-horizontal-vertical_scenario,620,206,3,2,-6,90,90,15,1,28915,AdultMaleAgent(Clone),6,12,1.71,1.58,0,0,False,2,0,0
2026-03-06_18.10.57,51,sign-optimization-horizontal-vertical_scenario,620,206,3,2,-6,90,90,15,1,28916,AdultMaleAgent(Clone),5,10,1.71,1.58,5.310303,1,False,2,0,0
2026-03-06_18.10.57,51,sign-optimization-horizontal-vertical_scenario,620,206,3,2,-6,90,90,15,1,28917,WheelchairAgent(Clone),7,11,1.3,1.17,0.04614258,3,True,2,1,0.5
2026-03-06_18.10.57,51,sign-optimization-horizontal-vertical_scenario,620,206,3,2,-6,90,90,15,1,28918,WheelchairAgent(Clone),6,12,1.3,1.17,0,0,False,2,0,0
2026-03-06_18.10.57,51,sign-optimization-horizontal-vertical_scenario,620,206,3,2,-6,90,90,15,1,28919,AdultFemaleAgent(Clone),11,10,1.58,1.450001,11.72876,1,True,3,2,0.6666667
2026-03-06_18.10.57,51,sign-optimization-horizontal-vertical_scenario,620,206,3,2,-6,90,90,15,1,28920,AdultFemaleAgent(Clone),7,11,1.58,1.450001,9.124512,2,True,2,1,0.5
2026-03-06_18.10.57,51,sign-optimization-horizontal-vertical_scenario,620,206,3,2,-6,90,90,15,1,28921,AdultMaleAgent(Clone),10,12,1.71,1.58,1.953125,1,False,3,0,0
2026-03-06_18.10.57,51,sign-optimization-horizontal-vertical_scenario,620,206,3,2,-6,90,90,15,1,28922,AdultMaleAgent(Clone),5,10,1.71,1.58,13.12891,1,True,2,1,0.5
2026-03-06_18.10.57,51,sign-optimization-horizontal-vertical_scenario,620,206,3,2,-6,90,90,15,1,28923,WheelchairAgent(Clone),6,12,1.3,1.17,0,0,False,2,0,0
2026-03-06_18.10.57,51,sign-optimization-horizontal-vertical_scenario,620,206,3,2,-6,90,90,15,1,28924,WheelchairAgent(Clone),10,12,1.3,1.17,1.402832,1,False,3,0,0
2026-03-06_18.10.57,51,sign-optimization-horizontal-vertical_scenario,620,206,3,2,-6,90,90,15,1,28925,WheelchairAgent(Clone),5,10,1.3,1.17,14.82422,1,True,2,1,0.5
2026-03-06_18.10.57,51,sign-optimization-horizontal-vertical_scenario,620,206,3,2,-6,90,90,15,1,28926,AdultMaleAgent(Clone),10,12,1.71,1.58,2.083008,1,False,3,0,0
2026-03-06_18.10.57,51,sign-optimization-horizontal-vertical_scenario,620,206,3,2,-6,90,90,15,1,28927,AdultMaleAgent(Clone),5,10,1.71,1.58,10.89185,1,False,2,1,0.5
2026-03-06_18.10.57,51,sign-optimization-horizontal-vertical_scenario,620,206,3,2,-6,90,90,15,1,28928,AdultMaleAgent(Clone),7,11,1.71,1.58,16.4668,2,True,2,1,0.5
2026-03-06_18.10.57,51,sign-optimization-horizontal-vertical_scenario,620,206,3,2,-6,90,90,15,1,28929,AdultFemaleAgent(Clone),10,12,1.58,1.45,2.705322,1,False,3,1,0.3333333
2026-03-06_18.10.57,51,sign-optimization-horizontal-vertical_scenario,620,206,3,2,-6,90,90,15,1,28930,AdultFemaleAgent(Clone),7,11,1.58,1.450001,7.484131,2,True,2,1,0.5
2026-03-06_18.10.57,51,sign-optimization-horizontal-vertical_scenario,620,206,3,2,-6,90,90,15,1,28931,AdultFemaleAgent(Clone),7,11,1.58,1.450001,9.487061,2,True,2,1,0.5
2026-03-06_18.10.57,51,sign-optimization-horizontal-vertical_scenario,620,206,3,2,-6,90,90,15,1,28932,WheelchairAgent(Clone),5,10,1.3,1.17,8.112549,1,False,2,0,0
2026-03-06_18.10.57,51,sign-optimization-horizontal-vertical_scenario,620,206,3,2,-6,90,90,15,1,28933,AdultFemaleAgent(Clone),6,12,1.58,1.45,1.352051,1,False,2,0,0
2026-03-06_18.10.57,51,sign-optimization-horizontal-vertical_scenario,620,206,3,2,-6,90,90,15,1,28934,AdultFemaleAgent(Clone),5,10,1.58,1.45,7.837402,1,False,2,0,0
2026-03-06_18.10.57,51,sign-optimization-horizontal-vertical_scenario,620,206,3,2,-6,90,90,15,1,28935,AdultFemaleAgent(Clone),5,10,1.58,1.45,11.80835,1,False,2,1,0.5
2026-03-06_18.10.57,51,sign-optimization-horizontal-vertical_scenario,620,206,3,2,-6,90,90,15,1,28936,AdultMaleAgent(Clone),10,12,1.71,1.58,1.726318,1,False,3,0,0
2026-03-06_18.10.57,51,sign-optimization-horizontal-vertical_scenario,620,206,3,2,-6,90,90,15,1,28937,WheelchairAgent(Clone),7,11,1.3,1.17,12.11279,2,True,2,1,0.5
2026-03-06_18.10.57,51,sign-optimization-horizontal-vertical_scenario,620,206,3,2,-6,90,90,15,1,28938,WheelchairAgent(Clone),11,10,1.3,1.17,8.885254,1,True,3,2,0.6666667
2026-03-06_18.10.57,51,sign-optimization-horizontal-vertical_scenario,620,206,3,2,-6,90,90,15,1,28939,AdultMaleAgent(Clone),7,11,1.71,1.58,10.1189,2,True,2,1,0.5
2026-03-06_18.10.57,51,sign-optimization-horizontal-vertical_scenario,620,206,3,2,-6,90,90,15,1,28940,AdultMaleAgent(Clone),5,10,1.71,1.58,11.95581,1,False,2,0,0
2026-03-06_18.10.57,51,sign-optimization-horizontal-vertical_scenario,620,206,3,2,-6,90,90,15,1,28941,AdultMaleAgent(Clone),10,12,1.71,1.58,0,0,False,3,0,0
2026-03-06_18.10.57,51,sign-optimization-horizontal-vertical_scenario,620,206,3,2,-6,90,90,15,1,28942,AdultFemaleAgent(Clone),6,12,1.58,1.45,1.508301,1,False,2,0,0
2026-03-06_18.10.57,51,sign-optimization-horizontal-vertical_scenario,620,206,3,2,-6,90,90,15,1,28943,AdultFemaleAgent(Clone),6,12,1.58,1.45,0,0,False,2,0,0
2026-03-06_18.10.57,51,sign-optimization-horizontal-vertical_scenario,620,206,3,2,-6,90,90,15,1,28944,AdultMaleAgent(Clone),7,11,1.71,1.58,11.46021,2,True,2,1,0.5
2026-03-06_18.10.57,51,sign-optimization-horizontal-vertical_scenario,620,206,3,2,-6,90,90,15,1,28945,WheelchairAgent(Clone),6,12,1.3,1.17,0,0,False,2,0,0
2026-03-06_18.10.57,51,sign-optimization-horizontal-vertical_scenario,620,206,3,2,-6,90,90,15,1,28946,WheelchairAgent(Clone),11,10,1.3,1.17,10.74731,1,True,3,1,0.3333333
2026-03-06_18.10.57,51,sign-optimization-horizontal-vertical_scenario,620,206,3,2,-6,90,90,15,1,28947,AdultMaleAgent(Clone),6,12,1.71,1.58,0,0,False,2,0,0
2026-03-06_18.10.57,51,sign-optimization-horizontal-vertical_scenario,620,206,3,2,-6,90,90,15,1,28948,AdultMaleAgent(Clone),7,11,1.71,1.58,10.03589,2,True,2,1,0.5
2026-03-06_18.10.57,51,sign-optimization-horizontal-vertical_scenario,620,206,3,2,-6,90,90,15,1,28949,AdultMaleAgent(Clone),10,12,1.71,1.58,1.861572,1,False,3,0,0
2026-03-06_18.10.57,51,sign-optimization-horizontal-vertical_scenario,620,206,3,2,-6,90,90,15,1,28950,AdultMaleAgent(Clone),6,12,1.71,1.58,2.242432,1,False,2,1,0.5
2026-03-06_18.10.57,51,sign-optimization-horizontal-vertical_scenario,620,206,3,2,-6,90,90,15,1,28951,WheelchairAgent(Clone),5,10,1.3,1.17,12.70361,1,True,2,1,0.5
2026-03-06_18.10.57,51,sign-optimization-horizontal-vertical_scenario,620,206,3,2,-6,90,90,15,1,28952,WheelchairAgent(Clone),10,12,1.3,1.17,2.333496,1,False,3,0,0
2026-03-06_18.10.57,51,sign-optimization-horizontal-vertical_scenario,620,206,3,2,-6,90,90,15,1,28953,WheelchairAgent(Clone),11,10,1.3,1.17,8.994141,1,True,3,1,0.3333333
2026-03-06_18.10.57,51,sign-optimization-horizontal-vertical_scenario,620,206,3,2,-6,90,90,15,1,28954,AdultFemaleAgent(Clone),5,10,1.58,1.45,10.35132,1,False,2,0,0
2026-03-06_18.10.57,51,sign-optimization-horizontal-vertical_scenario,620,206,3,2,-6,90,90,15,1,28955,AdultFemaleAgent(Clone),10,12,1.58,1.45,3.481689,1,False,3,1,0.3333333
2026-03-06_18.10.57,51,sign-optimization-horizontal-vertical_scenario,620,206,3,2,-6,90,90,15,1,28956,AdultMaleAgent(Clone),7,11,1.71,1.58,8.650635,2,True,2,1,0.5
2026-03-06_18.10.57,51,sign-optimization-horizontal-vertical_scenario,620,206,3,2,-6,90,90,15,1,28957,AdultFemaleAgent(Clone),6,12,1.58,1.45,0,0,False,2,0,0
2026-03-06_18.10.57,51,sign-optimization-horizontal-vertical_scenario,620,206,3,2,-6,90,90,15,1,28958,AdultMaleAgent(Clone),10,12,1.71,1.58,1.124023,1,False,3,0,0
2026-03-06_18.10.57,51,sign-optimization-horizontal-vertical_scenario,620,206,3,2,-6,90,90,15,1,28959,AdultFemaleAgent(Clone),10,12,1.58,1.45,3.285645,1,False,3,1,0.3333333
2026-03-06_18.10.57,51,sign-optimization-horizontal-vertical_scenario,620,206,3,2,-6,90,90,15,1,28960,AdultFemaleAgent(Clone),10,12,1.58,1.45,2.950684,1,False,3,1,0.3333333
2026-03-06_18.10.57,51,sign-optimization-horizontal-vertical_scenario,620,206,3,2,-6,90,90,15,1,28961,AdultMaleAgent(Clone),7,11,1.71,1.58,9.489258,2,True,2,1,0.5
2026-03-06_18.10.57,51,sign-optimization-horizontal-vertical_scenario,620,206,3,2,-6,90,90,15,1,28962,AdultFemaleAgent(Clone),10,12,1.58,1.45,3.037109,1,False,3,1,0.3333333
2026-03-06_18.10.57,51,sign-optimization-horizontal-vertical_scenario,620,206,3,2,-6,90,90,15,1,28963,AdultMaleAgent(Clone),11,10,1.71,1.58,10.27905,1,True,3,1,0.3333333
2026-03-06_18.10.57,51,sign-optimization-horizontal-vertical_scenario,620,206,3,2,-6,90,90,15,1,28964,AdultMaleAgent(Clone),10,12,1.71,1.58,0,0,False,3,0,0
2026-03-06_18.10.57,51,sign-optimization-horizontal-vertical_scenario,620,206,3,2,-6,90,90,15,1,28965,AdultFemaleAgent(Clone),6,12,1.58,1.45,3.024658,1,False,2,1,0.5
2026-03-06_18.10.57,51,sign-optimization-horizontal-vertical_scenario,620,206,3,2,-6,90,90,15,1,28966,WheelchairAgent(Clone),7,11,1.3,1.17,8.330566,2,True,2,1,0.5
2026-03-06_18.10.57,51,sign-optimization-horizontal-vertical_scenario,620,206,3,2,-6,90,90,15,1,28967,AdultMaleAgent(Clone),7,11,1.71,1.58,10.08618,2,True,2,1,0.5
2026-03-06_18.10.57,51,sign-optimization-horizontal-vertical_scenario,620,206,3,2,-6,90,90,15,1,28968,AdultMaleAgent(Clone),10,12,1.71,1.58,0,0,False,3,0,0
2026-03-06_18.10.57,51,sign-optimization-horizontal-vertical_scenario,620,206,3,2,-6,90,90,15,1,28969,AdultFemaleAgent(Clone),6,12,1.58,1.45,3.400391,1,False,2,1,0.5
2026-03-06_18.10.57,51,sign-optimization-horizontal-vertical_scenario,620,206,3,2,-6,90,90,15,1,28970,WheelchairAgent(Clone),6,12,1.3,1.17,0,0,False,2,0,0
2026-03-06_18.10.57,51,sign-optimization-horizontal-vertical_scenario,620,206,3,2,-6,90,90,15,1,28971,AdultMaleAgent(Clone),6,12,1.71,1.58,3.42041,1,False,2,1,0.5
2026-03-06_18.10.57,51,sign-optimization-horizontal-vertical_scenario,620,206,3,2,-6,90,90,15,1,28972,AdultFemaleAgent(Clone),10,12,1.58,1.45,3.68457,1,False,3,1,0.3333333
2026-03-06_18.10.57,51,sign-optimization-horizontal-vertical_scenario,620,206,3,2,-6,90,90,15,1,28973,AdultMaleAgent(Clone),6,12,1.71,1.58,0,0,False,2,0,0
2026-03-06_18.10.57,51,sign-optimization-horizontal-vertical_scenario,620,206,3,2,-6,90,90,15,1,28974,AdultMaleAgent(Clone),11,10,1.71,1.58,10.34448,1,True,3,1,0.3333333
2026-03-06_18.10.57,51,sign-optimization-horizontal-vertical_scenario,620,206,3,2,-6,90,90,15,1,28975,AdultFemaleAgent(Clone),10,12,1.58,1.45,1.44458,1,False,3,0,0
2026-03-06_18.10.57,51,sign-optimization-horizontal-vertical_scenario,620,206,3,2,-6,90,90,15,1,28976,AdultFemaleAgent(Clone),6,12,1.58,1.45,2.89624,1,False,2,1,0.5
2026-03-06_18.10.57,51,sign-optimization-horizontal-vertical_scenario,620,206,3,2,-6,90,90,15,1,28977,AdultFemaleAgent(Clone),6,12,1.58,1.45,0,0,False,2,0,0
2026-03-06_18.10.57,51,sign-optimization-horizontal-vertical_scenario,620,206,3,2,-6,90,90,15,1,28978,AdultMaleAgent(Clone),6,12,1.71,1.58,0,0,False,2,0,0
2026-03-06_18.10.57,51,sign-optimization-horizontal-vertical_scenario,620,206,3,2,-6,90,90,15,1,28979,AdultMaleAgent(Clone),7,11,1.71,1.58,10.11523,2,True,2,1,0.5
2026-03-06_18.10.57,51,sign-optimization-horizontal-vertical_scenario,620,206,3,2,-6,90,90,15,1,28980,AdultFemaleAgent(Clone),10,12,1.58,1.45,1.31958,1,False,3,0,0
2026-03-06_18.10.57,51,sign-optimization-horizontal-vertical_scenario,620,206,3,2,-6,90,90,15,1,28981,WheelchairAgent(Clone),5,10,1.3,1.17,8.151611,1,False,2,0,0
2026-03-06_18.10.57,51,sign-optimization-horizontal-vertical_scenario,620,206,3,2,-6,90,90,15,1,28982,AdultFemaleAgent(Clone),5,10,1.58,1.45,0,0,False,2,0,0
2026-03-06_18.10.57,51,sign-optimization-horizontal-vertical_scenario,620,206,3,2,-6,90,90,15,1,28983,AdultMaleAgent(Clone),11,10,1.71,1.58,22.94458,1,True,3,2,0.6666667
2026-03-06_18.10.57,51,sign-optimization-horizontal-vertical_scenario,620,206,3,2,-6,90,90,15,1,28984,AdultFemaleAgent(Clone),10,12,1.58,1.45,0,0,False,3,0,0
2026-03-06_18.10.57,51,sign-optimization-horizontal-vertical_scenario,620,206,3,2,-6,90,90,15,1,28985,AdultFemaleAgent(Clone),10,12,1.58,1.45,0,0,False,3,0,0
2026-03-06_18.10.57,51,sign-optimization-horizontal-vertical_scenario,620,206,3,2,-6,90,90,15,1,28986,AdultMaleAgent(Clone),5,10,1.71,1.58,6.69165,1,False,2,0,0
2026-03-06_18.10.57,51,sign-optimization-horizontal-vertical_scenario,620,206,3,2,-6,90,90,15,1,28987,AdultMaleAgent(Clone),11,10,1.71,1.58,13.42358,1,True,3,1,0.3333333
2026-03-06_18.10.57,51,sign-optimization-horizontal-vertical_scenario,620,206,3,2,-6,90,90,15,1,28988,WheelchairAgent(Clone),5,10,1.3,1.17,11.76318,1,False,2,1,0.5
2026-03-06_18.10.57,51,sign-optimization-horizontal-vertical_scenario,620,206,3,2,-6,90,90,15,1,28989,AdultMaleAgent(Clone),5,10,1.71,1.58,7.083984,1,False,2,0,0
2026-03-06_18.10.57,51,sign-optimization-horizontal-vertical_scenario,620,206,3,2,-6,90,90,15,1,28990,AdultMaleAgent(Clone),11,10,1.71,1.58,8.593262,1,True,3,1,0.3333333
2026-03-06_18.10.57,51,sign-optimization-horizontal-vertical_scenario,620,206,3,2,-6,90,90,15,1,28991,AdultMaleAgent(Clone),5,10,1.71,1.58,9.849854,1,False,2,0,0
2026-03-06_18.10.57,51,sign-optimization-horizontal-vertical_scenario,620,206,3,2,-6,90,90,15,1,28992,AdultFemaleAgent(Clone),7,11,1.58,1.450001,8.647217,2,True,2,1,0.5
2026-03-06_18.10.57,51,sign-optimization-horizontal-vertical_scenario,620,206,3,2,-6,90,90,15,1,28993,AdultMaleAgent(Clone),7,11,1.71,1.58,8.328369,2,True,2,1,0.5
2026-03-06_18.10.57,51,sign-optimization-horizontal-vertical_scenario,620,206,3,2,-6,90,90,15,1,28994,WheelchairAgent(Clone),11,10,1.3,1.17,22.37817,1,True,3,1,0.3333333
2026-03-06_18.10.57,51,sign-optimization-horizontal-vertical_scenario,620,206,3,2,-6,90,90,15,1,28995,AdultMaleAgent(Clone),5,10,1.71,1.58,8.669189,1,False,2,0,0
2026-03-06_18.10.57,51,sign-optimization-horizontal-vertical_scenario,620,206,3,2,-6,90,90,15,1,28996,WheelchairAgent(Clone),5,10,1.3,1.17,5.796631,1,False,2,0,0
2026-03-06_18.10.57,51,sign-optimization-horizontal-vertical_scenario,620,206,3,2,-6,90,90,15,1,28997,AdultMaleAgent(Clone),11,10,1.71,1.58,13.14355,1,True,3,1,0.3333333
2026-03-06_18.10.57,51,sign-optimization-horizontal-vertical_scenario,620,206,3,2,-6,90,90,15,1,28998,WheelchairAgent(Clone),5,10,1.3,1.17,7.744629,1,False,2,0,0
2026-03-06_18.10.57,51,sign-optimization-horizontal-vertical_scenario,620,206,3,2,-6,90,90,15,1,28999,AdultFemaleAgent(Clone),5,10,1.58,1.45,10.90479,1,False,2,1,0.5
2026-03-06_18.10.57,51,sign-optimization-horizontal-vertical_scenario,620,206,3,2,-6,90,90,15,1,29000,AdultMaleAgent(Clone),11,10,1.71,1.58,9.269775,2,True,3,1,0.3333333
2026-03-06_18.10.57,51,sign-optimization-horizontal-vertical_scenario,620,206,3,2,-6,90,90,15,1,29001,AdultMaleAgent(Clone),11,10,1.71,1.58,12.23975,1,True,3,1,0.3333333
2026-03-06_18.10.57,51,sign-optimization-horizontal-vertical_scenario,620,206,3,2,-6,90,90,15,1,29002,AdultFemaleAgent(Clone),10,12,1.58,1.45,0,0,False,3,0,0
2026-03-06_18.10.57,51,sign-optimization-horizontal-vertical_scenario,620,206,3,2,-6,90,90,15,1,29003,AdultMaleAgent(Clone),7,11,1.71,1.58,8.719971,2,True,2,1,0.5
2026-03-06_18.10.57,51,sign-optimization-horizontal-vertical_scenario,620,206,3,2,-6,90,90,15,1,29004,AdultFemaleAgent(Clone),10,12,1.58,1.45,0,0,False,3,0,0
2026-03-06_18.10.57,51,sign-optimization-horizontal-vertical_scenario,620,206,3,2,-6,90,90,15,1,29005,AdultFemaleAgent(Clone),7,11,1.58,1.450001,10.55713,2,True,2,1,0.5
2026-03-06_18.10.57,51,sign-optimization-horizontal-vertical_scenario,620,206,3,2,-6,90,90,15,1,29006,WheelchairAgent(Clone),6,12,1.3,1.17,0,0,False,2,0,0
2026-03-06_18.10.57,51,sign-optimization-horizontal-vertical_scenario,620,206,3,2,-6,90,90,15,1,29007,WheelchairAgent(Clone),11,10,1.3,1.17,14.10376,1,False,3,2,0.6666667
2026-03-06_18.10.57,51,sign-optimization-horizontal-vertical_scenario,620,206,3,2,-6,90,90,15,1,29008,AdultMaleAgent(Clone),7,11,1.71,1.58,8.924316,2,True,2,1,0.5
2026-03-06_18.10.57,51,sign-optimization-horizontal-vertical_scenario,620,206,3,2,-6,90,90,15,1,29009,AdultMaleAgent(Clone),7,11,1.71,1.58,9.167236,2,True,2,1,0.5
2026-03-06_18.10.57,51,sign-optimization-horizontal-vertical_scenario,620,206,3,2,-6,90,90,15,1,29010,WheelchairAgent(Clone),10,12,1.3,1.17,0,0,False,3,0,0
2026-03-06_18.10.57,51,sign-optimization-horizontal-vertical_scenario,620,206,3,2,-6,90,90,15,1,29011,AdultFemaleAgent(Clone),11,10,1.58,1.450001,10.24878,1,True,3,1,0.3333333
2026-03-06_18.10.57,51,sign-optimization-horizontal-vertical_scenario,620,206,3,2,-6,90,90,15,1,29012,AdultMaleAgent(Clone),6,12,1.71,1.58,0.2419434,1,False,2,0,0
2026-03-06_18.10.57,51,sign-optimization-horizontal-vertical_scenario,620,206,3,2,-6,90,90,15,1,29013,WheelchairAgent(Clone),10,12,1.3,1.17,0,0,False,3,0,0
2026-03-06_18.10.57,51,sign-optimization-horizontal-vertical_scenario,620,206,3,2,-6,90,90,15,1,29014,WheelchairAgent(Clone),11,10,1.3,1.17,10.2251,1,True,3,1,0.3333333
2026-03-06_18.10.57,51,sign-optimization-horizontal-vertical_scenario,620,206,3,2,-6,90,90,15,1,29015,AdultMaleAgent(Clone),10,12,1.71,1.58,2.617188,1,False,3,1,0.3333333
2026-03-06_18.10.57,51,sign-optimization-horizontal-vertical_scenario,620,206,3,2,-6,90,90,15,1,29016,WheelchairAgent(Clone),5,10,1.3,1.17,9.567139,1,False,2,0,0
2026-03-06_18.10.57,51,sign-optimization-horizontal-vertical_scenario,620,206,3,2,-6,90,90,15,1,29017,AdultFemaleAgent(Clone),6,12,1.58,1.45,3.759277,1,False,2,1,0.5
2026-03-06_18.10.57,51,sign-optimization-horizontal-vertical_scenario,620,206,3,2,-6,90,90,15,1,29018,WheelchairAgent(Clone),10,12,1.3,1.17,1.38501,1,False,3,0,0
2026-03-06_18.10.57,51,sign-optimization-horizontal-vertical_scenario,620,206,3,2,-6,90,90,15,1,29019,AdultFemaleAgent(Clone),11,10,1.58,1.450001,8.593262,1,True,3,1,0.3333333
2026-03-06_18.10.57,51,sign-optimization-horizontal-vertical_scenario,620,206,3,2,-6,90,90,15,1,29020,WheelchairAgent(Clone),7,11,1.3,1.17,9.452393,2,True,2,1,0.5
2026-03-06_18.10.57,51,sign-optimization-horizontal-vertical_scenario,620,206,3,2,-6,90,90,15,1,29021,WheelchairAgent(Clone),11,10,1.3,1.17,8.273193,1,False,3,2,0.6666667
2026-03-06_18.10.57,51,sign-optimization-horizontal-vertical_scenario,620,206,3,2,-6,90,90,15,1,29022,AdultFemaleAgent(Clone),7,11,1.58,1.450001,9.096436,2,True,2,1,0.5
2026-03-06_18.10.57,51,sign-optimization-horizontal-vertical_scenario,620,206,3,2,-6,90,90,15,1,29023,WheelchairAgent(Clone),10,12,1.3,1.17,2.0625,1,False,3,0,0
2026-03-06_18.10.57,51,sign-optimization-horizontal-vertical_scenario,620,206,3,2,-6,90,90,15,1,29024,AdultFemaleAgent(Clone),5,10,1.58,1.45,8.266846,1,False,2,0,0
2026-03-06_18.10.57,51,sign-optimization-horizontal-vertical_scenario,620,206,3,2,-6,90,90,15,1,29025,AdultFemaleAgent(Clone),10,12,1.58,1.45,2.239746,1,False,3,0,0
2026-03-06_18.10.57,51,sign-optimization-horizontal-vertical_scenario,620,206,3,2,-6,90,90,15,1,29026,AdultMaleAgent(Clone),6,12,1.71,1.58,2.352783,1,False,2,1,0.5
2026-03-06_18.10.57,51,sign-optimization-horizontal-vertical_scenario,620,206,3,2,-6,90,90,15,1,29027,AdultFemaleAgent(Clone),7,11,1.58,1.450001,8.605713,2,True,2,1,0.5
2026-03-06_18.10.57,51,sign-optimization-horizontal-vertical_scenario,620,206,3,2,-6,90,90,15,1,29028,AdultFemaleAgent(Clone),5,10,1.58,1.45,9.491943,1,False,2,0,0
2026-03-06_18.10.57,51,sign-optimization-horizontal-vertical_scenario,620,206,3,2,-6,90,90,15,1,29029,AdultMaleAgent(Clone),11,10,1.71,1.58,11.31299,1,True,3,2,0.6666667
2026-03-06_18.10.57,51,sign-optimization-horizontal-vertical_scenario,620,206,3,2,-6,90,90,15,1,29030,AdultFemaleAgent(Clone),11,10,1.58,1.450001,11.85913,1,True,3,1,0.3333333
2026-03-06_18.10.57,51,sign-optimization-horizontal-vertical_scenario,620,206,3,2,-6,90,90,15,1,29031,AdultFemaleAgent(Clone),7,11,1.58,1.450001,9.104248,2,True,2,1,0.5
2026-03-06_18.10.57,51,sign-optimization-horizontal-vertical_scenario,620,206,3,2,-6,90,90,15,1,29032,AdultMaleAgent(Clone),11,10,1.71,1.58,8.593018,1,True,3,1,0.3333333
2026-03-06_18.10.57,51,sign-optimization-horizontal-vertical_scenario,620,206,3,2,-6,90,90,15,1,29033,WheelchairAgent(Clone),7,11,1.3,1.17,12.64941,2,True,2,1,0.5
2026-03-06_18.10.57,51,sign-optimization-horizontal-vertical_scenario,620,206,3,2,-6,90,90,15,1,29034,AdultFemaleAgent(Clone),11,10,1.58,1.450001,8.943604,1,True,3,1,0.3333333
2026-03-06_18.10.57,51,sign-optimization-horizontal-vertical_scenario,620,206,3,2,-6,90,90,15,1,29035,AdultFemaleAgent(Clone),5,10,1.58,1.45,6.924561,1,False,2,0,0
2026-03-06_18.10.57,51,sign-optimization-horizontal-vertical_scenario,620,206,3,2,-6,90,90,15,1,29036,AdultMaleAgent(Clone),6,12,1.71,1.58,2.992432,1,False,2,1,0.5
2026-03-06_18.10.57,51,sign-optimization-horizontal-vertical_scenario,620,206,3,2,-6,90,90,15,1,29037,AdultMaleAgent(Clone),6,12,1.71,1.58,3.80835,1,False,2,1,0.5
2026-03-06_18.10.57,51,sign-optimization-horizontal-vertical_scenario,620,206,3,2,-6,90,90,15,1,29038,AdultFemaleAgent(Clone),11,10,1.58,1.450001,8.006348,1,True,3,1,0.3333333
2026-03-06_18.10.57,51,sign-optimization-horizontal-vertical_scenario,620,206,3,2,-6,90,90,15,1,29039,AdultFemaleAgent(Clone),11,10,1.58,1.450001,9.282715,1,True,3,1,0.3333333
2026-03-06_18.10.57,51,sign-optimization-horizontal-vertical_scenario,620,206,3,2,-6,90,90,15,1,29040,WheelchairAgent(Clone),5,10,1.3,1.17,11.67651,1,True,2,1,0.5
2026-03-06_18.10.57,51,sign-optimization-horizontal-vertical_scenario,620,206,3,2,-6,90,90,15,1,29041,WheelchairAgent(Clone),6,12,1.3,1.17,2.05127,1,False,2,0,0
2026-03-06_18.10.57,51,sign-optimization-horizontal-vertical_scenario,620,206,3,2,-6,90,90,15,1,29042,WheelchairAgent(Clone),5,10,1.3,1.17,10.80713,1,False,2,0,0
2026-03-06_18.10.57,51,sign-optimization-horizontal-vertical_scenario,620,206,3,2,-6,90,90,15,1,29043,AdultFemaleAgent(Clone),5,10,1.58,1.45,12.05566,1,True,2,1,0.5
2026-03-06_18.10.57,51,sign-optimization-horizontal-vertical_scenario,620,206,3,2,-6,90,90,15,1,29044,WheelchairAgent(Clone),11,10,1.3,1.17,9.66626,1,False,3,2,0.6666667
2026-03-06_18.10.57,51,sign-optimization-horizontal-vertical_scenario,620,206,3,2,-6,90,90,15,1,29045,AdultMaleAgent(Clone),10,12,1.71,1.58,0,0,False,3,0,0
2026-03-06_18.10.57,51,sign-optimization-horizontal-vertical_scenario,620,206,3,2,-6,90,90,15,1,29046,AdultMaleAgent(Clone),7,11,1.71,1.58,10.28491,2,True,2,1,0.5
2026-03-06_18.10.57,51,sign-optimization-horizontal-vertical_scenario,620,206,3,2,-6,90,90,15,1,29047,WheelchairAgent(Clone),6,12,1.3,1.17,0,0,False,2,0,0
2026-03-06_18.10.57,51,sign-optimization-horizontal-vertical_scenario,620,206,3,2,-6,90,90,15,1,29048,WheelchairAgent(Clone),11,10,1.3,1.17,9.565186,1,False,3,2,0.6666667
2026-03-06_18.10.57,51,sign-optimization-horizontal-vertical_scenario,620,206,3,2,-6,90,90,15,1,29049,WheelchairAgent(Clone),7,11,1.3,1.17,9.694336,2,True,2,1,0.5
2026-03-06_18.10.57,51,sign-optimization-horizontal-vertical_scenario,620,206,3,2,-6,90,90,15,1,29050,AdultFemaleAgent(Clone),7,11,1.58,1.450001,8.726563,2,True,2,1,0.5
2026-03-06_18.10.57,51,sign-optimization-horizontal-vertical_scenario,620,206,3,2,-6,90,90,15,1,29051,AdultMaleAgent(Clone),11,10,1.71,1.58,8.33374,1,True,3,1,0.3333333
2026-03-06_18.10.57,51,sign-optimization-horizontal-vertical_scenario,620,206,3,2,-6,90,90,15,1,29052,AdultFemaleAgent(Clone),11,10,1.58,1.450001,8.455078,2,True,3,1,0.3333333
2026-03-06_18.10.57,51,sign-optimization-horizontal-vertical_scenario,620,206,3,2,-6,90,90,15,1,29053,AdultFemaleAgent(Clone),6,12,1.58,1.45,2.693848,1,False,2,1,0.5
2026-03-06_18.10.57,51,sign-optimization-horizontal-vertical_scenario,620,206,3,2,-6,90,90,15,1,29054,AdultMaleAgent(Clone),10,12,1.71,1.58,0,0,False,3,0,0
2026-03-06_18.10.57,51,sign-optimization-horizontal-vertical_scenario,620,206,3,2,-6,90,90,15,1,29055,AdultMaleAgent(Clone),11,10,1.71,1.58,10.29126,1,True,3,2,0.6666667
2026-03-06_18.10.57,51,sign-optimization-horizontal-vertical_scenario,620,206,3,2,-6,90,90,15,1,29056,WheelchairAgent(Clone),10,12,1.3,1.17,2.897949,1,False,3,1,0.3333333
2026-03-06_18.10.57,51,sign-optimization-horizontal-vertical_scenario,620,206,3,2,-6,90,90,15,1,29057,WheelchairAgent(Clone),11,10,1.3,1.17,8.695068,1,True,3,1,0.3333333
2026-03-06_18.10.57,51,sign-optimization-horizontal-vertical_scenario,620,206,3,2,-6,90,90,15,1,29058,AdultMaleAgent(Clone),10,12,1.71,1.58,3.153076,1,False,3,1,0.3333333
2026-03-06_18.10.57,51,sign-optimization-horizontal-vertical_scenario,620,206,3,2,-6,90,90,15,1,29059,AdultFemaleAgent(Clone),5,10,1.58,1.45,10.57373,1,False,2,0,0
2026-03-06_18.10.57,51,sign-optimization-horizontal-vertical_scenario,620,206,3,2,-6,90,90,15,1,29060,AdultFemaleAgent(Clone),11,10,1.58,1.450001,9.637695,2,True,3,1,0.3333333
2026-03-06_18.10.57,51,sign-optimization-horizontal-vertical_scenario,620,206,3,2,-6,90,90,15,1,29061,WheelchairAgent(Clone),10,12,1.3,1.17,1.101074,1,False,3,0,0
2026-03-06_18.10.57,51,sign-optimization-horizontal-vertical_scenario,620,206,3,2,-6,90,90,15,1,29062,AdultFemaleAgent(Clone),6,12,1.58,1.45,0,0,False,2,0,0
2026-03-06_18.10.57,51,sign-optimization-horizontal-vertical_scenario,620,206,3,2,-6,90,90,15,1,29063,AdultFemaleAgent(Clone),5,10,1.58,1.45,12.71704,1,True,2,1,0.5
2026-03-06_18.10.57,51,sign-optimization-horizontal-vertical_scenario,620,206,3,2,-6,90,90,15,1,29064,AdultMaleAgent(Clone),10,12,1.71,1.58,0.9719238,1,False,3,0,0
2026-03-06_18.10.57,51,sign-optimization-horizontal-vertical_scenario,620,206,3,2,-6,90,90,15,1,29065,AdultFemaleAgent(Clone),10,12,1.58,1.45,5.31665,1,False,3,0,0
2026-03-06_18.10.57,51,sign-optimization-horizontal-vertical_scenario,620,206,3,2,-6,90,90,15,1,29066,AdultMaleAgent(Clone),5,10,1.71,1.58,13.77686,1,True,2,1,0.5
2026-03-06_18.10.57,51,sign-optimization-horizontal-vertical_scenario,620,206,3,2,-6,90,90,15,1,29067,WheelchairAgent(Clone),5,10,1.3,1.17,12.34131,1,True,2,1,0.5
2026-03-06_18.10.57,51,sign-optimization-horizontal-vertical_scenario,620,206,3,2,-6,90,90,15,1,29068,AdultFemaleAgent(Clone),11,10,1.58,1.450001,10.24023,1,True,3,1,0.3333333
2026-03-06_18.10.57,51,sign-optimization-horizontal-vertical_scenario,620,206,3,2,-6,90,90,15,1,29069,WheelchairAgent(Clone),10,12,1.3,1.17,3.525879,1,False,3,0,0
2026-03-06_18.10.57,51,sign-optimization-horizontal-vertical_scenario,620,206,3,2,-6,90,90,15,1,29070,WheelchairAgent(Clone),6,12,1.3,1.17,0,0,False,2,0,0
2026-03-06_18.10.57,51,sign-optimization-horizontal-vertical_scenario,620,206,3,2,-6,90,90,15,1,29071,WheelchairAgent(Clone),10,12,1.3,1.17,4.170166,1,False,3,1,0.3333333
2026-03-06_18.10.57,51,sign-optimization-horizontal-vertical_scenario,620,206,3,2,-6,90,90,15,1,29072,WheelchairAgent(Clone),5,10,1.3,1.17,10.74097,1,False,2,0,0
2026-03-06_18.10.57,51,sign-optimization-horizontal-vertical_scenario,620,206,3,2,-6,90,90,15,1,29073,WheelchairAgent(Clone),7,11,1.3,1.17,9.349854,2,True,2,1,0.5
2026-03-06_18.10.57,51,sign-optimization-horizontal-vertical_scenario,620,206,3,2,-6,90,90,15,1,29074,AdultMaleAgent(Clone),10,12,1.71,1.58,0,0,False,3,0,0
2026-03-06_18.10.57,51,sign-optimization-horizontal-vertical_scenario,620,206,3,2,-6,90,90,15,1,29075,WheelchairAgent(Clone),11,10,1.3,1.17,15.24243,1,False,3,2,0.6666667
2026-03-06_18.10.57,51,sign-optimization-horizontal-vertical_scenario,620,206,3,2,-6,90,90,15,1,29076,AdultMaleAgent(Clone),5,10,1.71,1.58,13.08447,1,True,2,1,0.5
2026-03-06_18.10.57,51,sign-optimization-horizontal-vertical_scenario,620,206,3,2,-6,90,90,15,1,29077,AdultFemaleAgent(Clone),6,12,1.58,1.45,0,0,False,2,0,0
2026-03-06_18.10.57,51,sign-optimization-horizontal-vertical_scenario,620,206,3,2,-6,90,90,15,1,29078,AdultFemaleAgent(Clone),10,12,1.58,1.45,1.576172,1,False,3,0,0
2026-03-06_18.10.57,51,sign-optimization-horizontal-vertical_scenario,620,206,3,2,-6,90,90,15,1,29079,AdultMaleAgent(Clone),11,10,1.71,1.58,10.92139,1,True,3,1,0.3333333
2026-03-06_18.10.57,51,sign-optimization-horizontal-vertical_scenario,620,206,3,2,-6,90,90,15,1,29080,AdultFemaleAgent(Clone),6,12,1.58,1.45,2.508301,1,False,2,1,0.5
2026-03-06_18.10.57,51,sign-optimization-horizontal-vertical_scenario,620,206,3,2,-6,90,90,15,1,29081,WheelchairAgent(Clone),5,10,1.3,1.17,8.727051,1,False,2,0,0
2026-03-06_18.10.57,51,sign-optimization-horizontal-vertical_scenario,620,206,3,2,-6,90,90,15,1,29082,AdultFemaleAgent(Clone),11,10,1.58,1.450001,9.520264,1,True,3,1,0.3333333
2026-03-06_18.10.57,51,sign-optimization-horizontal-vertical_scenario,620,206,3,2,-6,90,90,15,1,29083,AdultMaleAgent(Clone),7,11,1.71,1.58,9.741211,2,True,2,1,0.5
2026-03-06_18.10.57,51,sign-optimization-horizontal-vertical_scenario,620,206,3,2,-6,90,90,15,1,29084,AdultFemaleAgent(Clone),11,10,1.58,1.450001,8.300781,2,True,3,1,0.3333333
2026-03-06_18.10.57,51,sign-optimization-horizontal-vertical_scenario,620,206,3,2,-6,90,90,15,1,29085,WheelchairAgent(Clone),11,10,1.3,1.17,8.837646,1,True,3,1,0.3333333
2026-03-06_18.10.57,51,sign-optimization-horizontal-vertical_scenario,620,206,3,2,-6,90,90,15,1,29086,AdultMaleAgent(Clone),5,10,1.71,1.58,12.31079,1,True,2,1,0.5
2026-03-06_18.10.57,51,sign-optimization-horizontal-vertical_scenario,620,206,3,2,-6,90,90,15,1,29087,WheelchairAgent(Clone),6,12,1.3,1.17,0,0,False,2,0,0
2026-03-06_18.10.57,51,sign-optimization-horizontal-vertical_scenario,620,206,3,2,-6,90,90,15,1,29088,AdultFemaleAgent(Clone),11,10,1.58,1.450001,9.601074,1,True,3,2,0.6666667
2026-03-06_18.10.57,51,sign-optimization-horizontal-vertical_scenario,620,206,3,2,-6,90,90,15,1,29089,WheelchairAgent(Clone),10,12,1.3,1.17,1.987305,1,False,3,0,0
2026-03-06_18.10.57,51,sign-optimization-horizontal-vertical_scenario,620,206,3,2,-6,90,90,15,1,29090,AdultFemaleAgent(Clone),7,11,1.58,1.450001,9.429199,2,True,2,1,0.5
2026-03-06_18.10.57,51,sign-optimization-horizontal-vertical_scenario,620,206,3,2,-6,90,90,15,1,29091,AdultFemaleAgent(Clone),5,10,1.58,1.45,11.09985,1,False,2,0,0
2026-03-06_18.10.57,51,sign-optimization-horizontal-vertical_scenario,620,206,3,2,-6,90,90,15,1,29092,AdultFemaleAgent(Clone),11,10,1.58,1.450001,13.46631,1,True,3,1,0.3333333
2026-03-06_18.10.57,51,sign-optimization-horizontal-vertical_scenario,620,206,3,2,-6,90,90,15,1,29093,WheelchairAgent(Clone),7,11,1.3,1.17,8.720703,2,True,2,1,0.5
2026-03-06_18.10.57,51,sign-optimization-horizontal-vertical_scenario,620,206,3,2,-6,90,90,15,1,29094,AdultMaleAgent(Clone),7,11,1.71,1.58,8.655273,2,True,2,1,0.5
2026-03-06_18.10.57,51,sign-optimization-horizontal-vertical_scenario,620,206,3,2,-6,90,90,15,1,29095,AdultMaleAgent(Clone),7,11,1.71,1.58,8.290527,2,True,2,1,0.5
2026-03-06_18.10.57,51,sign-optimization-horizontal-vertical_scenario,620,206,3,2,-6,90,90,15,1,29096,AdultMaleAgent(Clone),5,10,1.71,1.58,12.0083,1,False,2,0,0
2026-03-06_18.10.57,51,sign-optimization-horizontal-vertical_scenario,620,206,3,2,-6,90,90,15,1,29097,WheelchairAgent(Clone),10,12,1.3,1.17,0,0,False,3,0,0
2026-03-06_18.10.57,51,sign-optimization-horizontal-vertical_scenario,620,206,3,2,-6,90,90,15,1,29098,AdultMaleAgent(Clone),10,12,1.71,1.58,4.588135,1,False,3,1,0.3333333
2026-03-06_18.10.57,51,sign-optimization-horizontal-vertical_scenario,620,206,3,2,-6,90,90,15,1,29099,AdultMaleAgent(Clone),5,10,1.71,1.58,11.20239,1,False,2,0,0
2026-03-06_18.10.57,51,sign-optimization-horizontal-vertical_scenario,620,206,3,2,-6,90,90,15,1,29100,AdultFemaleAgent(Clone),6,12,1.58,1.45,4.268311,1,False,2,1,0.5
2026-03-06_18.10.57,51,sign-optimization-horizontal-vertical_scenario,620,206,3,2,-6,90,90,15,1,29101,WheelchairAgent(Clone),11,10,1.3,1.17,11.96118,1,False,3,2,0.6666667
2026-03-06_18.10.57,51,sign-optimization-horizontal-vertical_scenario,620,206,3,2,-6,90,90,15,1,29102,AdultFemaleAgent(Clone),6,12,1.58,1.45,2.508301,1,False,2,1,0.5
2026-03-06_18.10.57,51,sign-optimization-horizontal-vertical_scenario,620,206,3,2,-6,90,90,15,1,29103,AdultMaleAgent(Clone),5,10,1.71,1.58,11.42773,1,True,2,1,0.5
2026-03-06_18.10.57,51,sign-optimization-horizontal-vertical_scenario,620,206,3,2,-6,90,90,15,1,29104,AdultFemaleAgent(Clone),7,11,1.58,1.450001,11.26001,2,True,2,1,0.5
2026-03-06_18.10.57,51,sign-optimization-horizontal-vertical_scenario,620,206,3,2,-6,90,90,15,1,29105,AdultFemaleAgent(Clone),11,10,1.58,1.450001,18.19873,1,True,3,1,0.3333333
2026-03-06_18.10.57,51,sign-optimization-horizontal-vertical_scenario,620,206,3,2,-6,90,90,15,1,29106,WheelchairAgent(Clone),7,11,1.3,1.17,7.722656,2,True,2,1,0.5
2026-03-06_18.10.57,51,sign-optimization-horizontal-vertical_scenario,620,206,3,2,-6,90,90,15,1,29107,AdultMaleAgent(Clone),5,10,1.71,1.58,11.62891,1,False,2,0,0
2026-03-06_18.10.57,51,sign-optimization-horizontal-vertical_scenario,620,206,3,2,-6,90,90,15,1,29108,AdultMaleAgent(Clone),10,12,1.71,1.58,1.46582,1,False,3,0,0
2026-03-06_18.10.57,51,sign-optimization-horizontal-vertical_scenario,620,206,3,2,-6,90,90,15,1,29109,WheelchairAgent(Clone),11,10,1.3,1.17,16.01514,1,False,3,0,0
2026-03-06_18.10.57,51,sign-optimization-horizontal-vertical_scenario,620,206,3,2,-6,90,90,15,1,29110,AdultMaleAgent(Clone),5,10,1.71,1.58,7.459961,1,False,2,0,0
2026-03-06_18.10.57,51,sign-optimization-horizontal-vertical_scenario,620,206,3,2,-6,90,90,15,1,29111,AdultMaleAgent(Clone),7,11,1.71,1.58,7.578857,2,True,2,1,0.5
2026-03-06_18.10.57,51,sign-optimization-horizontal-vertical_scenario,620,206,3,2,-6,90,90,15,1,29112,WheelchairAgent(Clone),5,10,1.3,1.17,5.105469,1,False,2,0,0
2026-03-06_18.10.57,51,sign-optimization-horizontal-vertical_scenario,620,206,3,2,-6,90,90,15,1,29113,AdultFemaleAgent(Clone),7,11,1.58,1.450001,7.261963,1,True,2,1,0.5
2026-03-06_18.10.57,51,sign-optimization-horizontal-vertical_scenario,620,206,3,2,-6,90,90,15,1,29114,AdultMaleAgent(Clone),11,10,1.71,1.58,9.564453,1,True,3,1,0.3333333
2026-03-06_18.10.57,51,sign-optimization-horizontal-vertical_scenario,620,206,3,2,-6,90,90,15,1,29115,AdultMaleAgent(Clone),6,12,1.71,1.58,0,0,False,2,0,0
2026-03-06_18.10.57,51,sign-optimization-horizontal-vertical_scenario,620,206,3,2,-6,90,90,15,1,29116,WheelchairAgent(Clone),7,11,1.3,1.17,8.776123,2,True,2,1,0.5
2026-03-06_18.10.57,51,sign-optimization-horizontal-vertical_scenario,620,206,3,2,-6,90,90,15,1,29117,AdultMaleAgent(Clone),10,12,1.71,1.58,0,0,False,3,0,0
2026-03-06_18.10.57,51,sign-optimization-horizontal-vertical_scenario,620,206,3,2,-6,90,90,15,1,29118,AdultMaleAgent(Clone),10,12,1.71,1.58,3.998779,1,False,3,1,0.3333333
2026-03-06_18.10.57,51,sign-optimization-horizontal-vertical_scenario,620,206,3,2,-6,90,90,15,1,29119,WheelchairAgent(Clone),11,10,1.3,1.17,7.712646,2,True,3,1,0.3333333
2026-03-06_18.10.57,51,sign-optimization-horizontal-vertical_scenario,620,206,3,2,-6,90,90,15,1,29120,WheelchairAgent(Clone),5,10,1.3,1.17,9.895264,1,False,2,0,0
2026-03-06_18.10.57,51,sign-optimization-horizontal-vertical_scenario,620,206,3,2,-6,90,90,15,1,29121,AdultFemaleAgent(Clone),5,10,1.58,1.45,9.352295,1,False,2,0,0
2026-03-06_18.10.57,51,sign-optimization-horizontal-vertical_scenario,620,206,3,2,-6,90,90,15,1,29122,WheelchairAgent(Clone),11,10,1.3,1.17,13.62744,1,False,3,2,0.6666667
2026-03-06_18.10.57,51,sign-optimization-horizontal-vertical_scenario,620,206,3,2,-6,90,90,15,1,29123,WheelchairAgent(Clone),7,11,1.3,1.17,8.562744,2,True,2,1,0.5
2026-03-06_18.10.57,51,sign-optimization-horizontal-vertical_scenario,620,206,3,2,-6,90,90,15,1,29124,AdultFemaleAgent(Clone),6,12,1.58,1.45,0.2687988,1,False,2,0,0
2026-03-06_18.10.57,51,sign-optimization-horizontal-vertical_scenario,620,206,3,2,-6,90,90,15,1,29125,WheelchairAgent(Clone),5,10,1.3,1.17,11.32666,1,False,2,1,0.5
2026-03-06_18.10.57,51,sign-optimization-horizontal-vertical_scenario,620,206,3,2,-6,90,90,15,1,29126,WheelchairAgent(Clone),11,10,1.3,1.17,9.28833,1,True,3,1,0.3333333
2026-03-06_18.10.57,51,sign-optimization-horizontal-vertical_scenario,620,206,3,2,-6,90,90,15,1,29127,AdultFemaleAgent(Clone),11,10,1.58,1.450001,15.55859,1,True,3,1,0.3333333
2026-03-06_18.10.57,51,sign-optimization-horizontal-vertical_scenario,620,206,3,2,-6,90,90,15,1,29128,AdultMaleAgent(Clone),6,12,1.71,1.58,2.238281,1,False,2,1,0.5
2026-03-06_18.10.57,51,sign-optimization-horizontal-vertical_scenario,620,206,3,2,-6,90,90,15,1,29129,WheelchairAgent(Clone),11,10,1.3,1.17,10.28125,1,False,3,1,0.3333333
2026-03-06_18.10.57,51,sign-optimization-horizontal-vertical_scenario,620,206,3,2,-6,90,90,15,1,29130,AdultMaleAgent(Clone),7,11,1.71,1.58,10.55103,2,True,2,1,0.5
2026-03-06_18.10.57,51,sign-optimization-horizontal-vertical_scenario,620,206,3,2,-6,90,90,15,1,29131,AdultMaleAgent(Clone),7,11,1.71,1.58,9.085449,2,True,2,1,0.5
2026-03-06_18.10.57,51,sign-optimization-horizontal-vertical_scenario,620,206,3,2,-6,90,90,15,1,29132,WheelchairAgent(Clone),6,12,1.3,1.17,0,0,False,2,0,0
2026-03-06_18.10.57,51,sign-optimization-horizontal-vertical_scenario,620,206,3,2,-6,90,90,15,1,29133,AdultFemaleAgent(Clone),10,12,1.58,1.45,0,0,False,3,0,0
2026-03-06_18.10.57,51,sign-optimization-horizontal-vertical_scenario,620,206,3,2,-6,90,90,15,1,29134,AdultMaleAgent(Clone),10,12,1.71,1.58,4.391357,1,False,3,0,0
2026-03-06_18.10.57,51,sign-optimization-horizontal-vertical_scenario,620,206,3,2,-6,90,90,15,1,29135,AdultFemaleAgent(Clone),7,11,1.58,1.450001,8.170654,2,True,2,1,0.5
2026-03-06_18.10.57,51,sign-optimization-horizontal-vertical_scenario,620,206,3,2,-6,90,90,15,1,29136,AdultMaleAgent(Clone),7,11,1.71,1.58,9.940674,2,True,2,1,0.5
2026-03-06_18.10.57,51,sign-optimization-horizontal-vertical_scenario,620,206,3,2,-6,90,90,15,1,29137,WheelchairAgent(Clone),6,12,1.3,1.17,0.9448242,1,False,2,0,0
2026-03-06_18.10.57,51,sign-optimization-horizontal-vertical_scenario,620,206,3,2,-6,90,90,15,1,29138,AdultMaleAgent(Clone),5,10,1.71,1.58,12.35547,1,True,2,1,0.5
2026-03-06_18.10.57,51,sign-optimization-horizontal-vertical_scenario,620,206,3,2,-6,90,90,15,1,29139,WheelchairAgent(Clone),10,12,1.3,1.17,0,0,False,3,0,0
2026-03-06_18.10.57,51,sign-optimization-horizontal-vertical_scenario,620,206,3,2,-6,90,90,15,1,29140,AdultMaleAgent(Clone),7,11,1.71,1.58,8.634766,2,True,2,1,0.5
2026-03-06_18.10.57,51,sign-optimization-horizontal-vertical_scenario,620,206,3,2,-6,90,90,15,1,29141,WheelchairAgent(Clone),7,11,1.3,1.17,8.186768,1,True,2,1,0.5
2026-03-06_18.10.57,51,sign-optimization-horizontal-vertical_scenario,620,206,3,2,-6,90,90,15,1,29142,WheelchairAgent(Clone),5,10,1.3,1.17,7.015137,1,False,2,0,0
2026-03-06_18.10.57,51,sign-optimization-horizontal-vertical_scenario,620,206,3,2,-6,90,90,15,1,29143,WheelchairAgent(Clone),5,10,1.3,1.17,10.802,1,False,2,0,0
2026-03-06_18.10.57,51,sign-optimization-horizontal-vertical_scenario,620,206,3,2,-6,90,90,15,1,29144,WheelchairAgent(Clone),6,12,1.3,1.17,0,0,False,2,0,0
2026-03-06_18.10.57,51,sign-optimization-horizontal-vertical_scenario,620,206,3,2,-6,90,90,15,1,29145,WheelchairAgent(Clone),7,11,1.3,1.17,7.539551,2,False,2,1,0.5
2026-03-06_18.10.57,51,sign-optimization-horizontal-vertical_scenario,620,206,3,2,-6,90,90,15,1,29146,WheelchairAgent(Clone),10,12,1.3,1.17,4.407471,1,True,3,1,0.3333333
2026-03-06_18.10.57,51,sign-optimization-horizontal-vertical_scenario,620,206,3,2,-6,90,90,15,1,29147,AdultFemaleAgent(Clone),7,11,1.58,1.450001,10.15283,1,True,2,1,0.5
2026-03-06_18.10.57,51,sign-optimization-horizontal-vertical_scenario,620,206,3,2,-6,90,90,15,1,29148,AdultMaleAgent(Clone),11,10,1.71,1.58,9.503906,1,True,3,2,0.6666667
2026-03-06_18.10.57,51,sign-optimization-horizontal-vertical_scenario,620,206,3,2,-6,90,90,15,1,29149,WheelchairAgent(Clone),10,12,1.3,1.17,2.696533,1,False,3,0,0
2026-03-06_18.10.57,51,sign-optimization-horizontal-vertical_scenario,620,206,3,2,-6,90,90,15,1,29150,AdultMaleAgent(Clone),7,11,1.71,1.58,9.515869,2,True,2,1,0.5
2026-03-06_18.10.57,51,sign-optimization-horizontal-vertical_scenario,620,206,3,2,-6,90,90,15,1,29151,AdultFemaleAgent(Clone),11,10,1.58,1.450001,8.87793,1,True,3,1,0.3333333
2026-03-06_18.10.57,51,sign-optimization-horizontal-vertical_scenario,620,206,3,2,-6,90,90,15,1,29152,AdultFemaleAgent(Clone),6,12,1.58,1.45,0,0,False,2,0,0
2026-03-06_18.10.57,51,sign-optimization-horizontal-vertical_scenario,620,206,3,2,-6,90,90,15,1,29153,WheelchairAgent(Clone),5,10,1.3,1.17,11.79346,1,True,2,1,0.5
2026-03-06_18.10.57,51,sign-optimization-horizontal-vertical_scenario,620,206,3,2,-6,90,90,15,1,29154,WheelchairAgent(Clone),7,11,1.3,1.17,8.426514,1,True,2,1,0.5
2026-03-06_18.10.57,51,sign-optimization-horizontal-vertical_scenario,620,206,3,2,-6,90,90,15,1,29155,WheelchairAgent(Clone),6,12,1.3,1.17,0,0,False,2,0,0
2026-03-06_18.10.57,51,sign-optimization-horizontal-vertical_scenario,620,206,3,2,-6,90,90,15,1,29156,AdultFemaleAgent(Clone),10,12,1.58,1.45,0,0,True,3,1,0.3333333
2026-03-06_18.10.57,51,sign-optimization-horizontal-vertical_scenario,620,206,3,2,-6,90,90,15,1,29157,AdultMaleAgent(Clone),10,12,1.71,1.58,4.535645,1,False,3,1,0.3333333
2026-03-06_18.10.57,51,sign-optimization-horizontal-vertical_scenario,620,206,3,2,-6,90,90,15,1,29158,AdultFemaleAgent(Clone),7,11,1.58,1.450001,10.38721,1,True,2,1,0.5
2026-03-06_18.10.57,51,sign-optimization-horizontal-vertical_scenario,620,206,3,2,-6,90,90,15,1,29159,AdultFemaleAgent(Clone),6,12,1.58,1.45,0,0,False,2,0,0
2026-03-06_18.10.57,51,sign-optimization-horizontal-vertical_scenario,620,206,3,2,-6,90,90,15,1,29160,AdultMaleAgent(Clone),11,10,1.71,1.58,8.931396,1,True,3,1,0.3333333
2026-03-06_18.10.57,51,sign-optimization-horizontal-vertical_scenario,620,206,3,2,-6,90,90,15,1,29161,AdultFemaleAgent(Clone),5,10,1.58,1.45,10.88184,1,False,2,0,0
2026-03-06_18.10.57,51,sign-optimization-horizontal-vertical_scenario,620,206,3,2,-6,90,90,15,1,29162,AdultFemaleAgent(Clone),5,10,1.58,1.45,7.828125,1,False,2,0,0
2026-03-06_18.10.57,51,sign-optimization-horizontal-vertical_scenario,620,206,3,2,-6,90,90,15,1,29163,WheelchairAgent(Clone),10,12,1.3,1.17,2.356689,1,False,3,0,0
2026-03-06_18.10.57,51,sign-optimization-horizontal-vertical_scenario,620,206,3,2,-6,90,90,15,1,29164,AdultMaleAgent(Clone),11,10,1.71,1.58,8.17627,2,True,3,1,0.3333333
2026-03-06_18.10.57,51,sign-optimization-horizontal-vertical_scenario,620,206,3,2,-6,90,90,15,1,29165,WheelchairAgent(Clone),5,10,1.3,1.17,12.06299,1,True,2,1,0.5
2026-03-06_18.10.57,51,sign-optimization-horizontal-vertical_scenario,620,206,3,2,-6,90,90,15,1,29166,AdultMaleAgent(Clone),5,10,1.71,1.58,12.677,1,True,2,1,0.5
2026-03-06_18.10.57,51,sign-optimization-horizontal-vertical_scenario,620,206,3,2,-6,90,90,15,1,29167,WheelchairAgent(Clone),6,12,1.3,1.17,0,0,False,2,0,0
2026-03-06_18.10.57,51,sign-optimization-horizontal-vertical_scenario,620,206,3,2,-6,90,90,15,1,29168,WheelchairAgent(Clone),5,10,1.3,1.17,7.574463,1,False,2,0,0
2026-03-06_18.10.57,51,sign-optimization-horizontal-vertical_scenario,620,206,3,2,-6,90,90,15,1,29169,AdultFemaleAgent(Clone),11,10,1.58,1.450001,8.182129,2,True,3,1,0.3333333
2026-03-06_18.10.57,51,sign-optimization-horizontal-vertical_scenario,620,206,3,2,-6,90,90,15,1,29170,AdultFemaleAgent(Clone),10,12,1.58,1.45,4.494629,1,False,3,1,0.3333333
2026-03-06_18.10.57,51,sign-optimization-horizontal-vertical_scenario,620,206,3,2,-6,90,90,15,1,29171,WheelchairAgent(Clone),10,12,1.3,1.17,0,0,False,3,0,0
2026-03-06_18.10.57,51,sign-optimization-horizontal-vertical_scenario,620,206,3,2,-6,90,90,15,1,29172,WheelchairAgent(Clone),10,12,1.3,1.17,0,0,False,3,0,0
2026-03-06_18.10.57,51,sign-optimization-horizontal-vertical_scenario,620,206,3,2,-6,90,90,15,1,29173,AdultFemaleAgent(Clone),6,12,1.58,1.45,0,0,False,2,0,0
2026-03-06_18.10.57,51,sign-optimization-horizontal-vertical_scenario,620,206,3,2,-6,90,90,15,1,29174,AdultFemaleAgent(Clone),11,10,1.58,1.450001,10.27368,1,True,3,1,0.3333333
2026-03-06_18.10.57,51,sign-optimization-horizontal-vertical_scenario,620,206,3,2,-6,90,90,15,1,29175,WheelchairAgent(Clone),10,12,1.3,1.17,1.382324,1,False,3,0,0
2026-03-06_18.10.57,51,sign-optimization-horizontal-vertical_scenario,620,206,3,2,-6,90,90,15,1,29176,WheelchairAgent(Clone),6,12,1.3,1.17,0,0,False,2,1,0.5
2026-03-06_18.10.57,51,sign-optimization-horizontal-vertical_scenario,620,206,3,2,-6,90,90,15,1,29177,WheelchairAgent(Clone),7,11,1.3,1.17,8.858887,1,True,2,1,0.5
2026-03-06_18.10.57,51,sign-optimization-horizontal-vertical_scenario,620,206,3,2,-6,90,90,15,1,29178,AdultFemaleAgent(Clone),5,10,1.58,1.45,10.63623,1,False,2,1,0.5
2026-03-06_18.10.57,51,sign-optimization-horizontal-vertical_scenario,620,206,3,2,-6,90,90,15,1,29179,AdultMaleAgent(Clone),10,12,1.71,1.58,0.7321777,1,False,3,0,0
2026-03-06_18.10.57,51,sign-optimization-horizontal-vertical_scenario,620,206,3,2,-6,90,90,15,1,29180,AdultFemaleAgent(Clone),11,10,1.58,1.450001,10.32544,1,True,3,1,0.3333333
2026-03-06_18.10.57,51,sign-optimization-horizontal-vertical_scenario,620,206,3,2,-6,90,90,15,1,29181,AdultMaleAgent(Clone),10,12,1.71,1.58,0.7897949,1,False,3,0,0
2026-03-06_18.10.57,51,sign-optimization-horizontal-vertical_scenario,620,206,3,2,-6,90,90,15,1,29182,WheelchairAgent(Clone),7,11,1.3,1.17,9.253662,1,True,2,1,0.5
2026-03-06_18.10.57,51,sign-optimization-horizontal-vertical_scenario,620,206,3,2,-6,90,90,15,1,29183,AdultMaleAgent(Clone),6,12,1.71,1.58,2.569092,1,False,2,0,0
2026-03-06_18.10.57,51,sign-optimization-horizontal-vertical_scenario,620,206,3,2,-6,90,90,15,1,29184,WheelchairAgent(Clone),10,12,1.3,1.17,0,0,False,3,0,0
2026-03-06_18.10.57,51,sign-optimization-horizontal-vertical_scenario,620,206,3,2,-6,90,90,15,1,29185,AdultMaleAgent(Clone),5,10,1.71,1.58,12.57178,1,True,2,1,0.5
2026-03-06_18.10.57,51,sign-optimization-horizontal-vertical_scenario,620,206,3,2,-6,90,90,15,1,29186,WheelchairAgent(Clone),5,10,1.3,1.17,7.370361,1,False,2,0,0
2026-03-06_18.10.57,51,sign-optimization-horizontal-vertical_scenario,620,206,3,2,-6,90,90,15,1,29187,WheelchairAgent(Clone),11,10,1.3,1.17,17.0481,1,False,3,2,0.6666667
2026-03-06_18.10.57,51,sign-optimization-horizontal-vertical_scenario,620,206,3,2,-6,90,90,15,1,29188,WheelchairAgent(Clone),7,11,1.3,1.17,9.08667,1,True,2,1,0.5
2026-03-06_18.10.57,51,sign-optimization-horizontal-vertical_scenario,620,206,3,2,-6,90,90,15,1,29189,AdultFemaleAgent(Clone),6,12,1.58,1.45,0,0,False,2,1,0.5
2026-03-06_18.10.57,51,sign-optimization-horizontal-vertical_scenario,620,206,3,2,-6,90,90,15,1,29190,AdultFemaleAgent(Clone),10,12,1.58,1.45,3.935059,1,False,3,1,0.3333333
2026-03-06_18.10.57,51,sign-optimization-horizontal-vertical_scenario,620,206,3,2,-6,90,90,15,1,29191,AdultMaleAgent(Clone),11,10,1.71,1.58,9.418945,1,True,3,2,0.6666667
2026-03-06_18.10.57,51,sign-optimization-horizontal-vertical_scenario,620,206,3,2,-6,90,90,15,1,29192,AdultFemaleAgent(Clone),11,10,1.58,1.450001,8.938721,1,True,3,1,0.3333333
2026-03-06_18.10.57,51,sign-optimization-horizontal-vertical_scenario,620,206,3,2,-6,90,90,15,1,29193,AdultMaleAgent(Clone),7,11,1.71,1.58,9.394043,1,True,2,1,0.5
2026-03-06_18.10.57,51,sign-optimization-horizontal-vertical_scenario,620,206,3,2,-6,90,90,15,1,29194,AdultFemaleAgent(Clone),5,10,1.58,1.45,11.91821,1,True,2,1,0.5
2026-03-06_18.10.57,51,sign-optimization-horizontal-vertical_scenario,620,206,3,2,-6,90,90,15,1,29195,AdultFemaleAgent(Clone),5,10,1.58,1.45,9.412842,1,False,2,0,0
2026-03-06_18.10.57,51,sign-optimization-horizontal-vertical_scenario,620,206,3,2,-6,90,90,15,1,29196,AdultFemaleAgent(Clone),11,10,1.58,1.450001,10.3147,1,True,3,1,0.3333333
2026-03-06_18.10.57,51,sign-optimization-horizontal-vertical_scenario,620,206,3,2,-6,90,90,15,1,29197,AdultFemaleAgent(Clone),5,10,1.58,1.45,7.254639,1,False,2,0,0
2026-03-06_18.10.57,51,sign-optimization-horizontal-vertical_scenario,620,206,3,2,-6,90,90,15,1,29198,AdultMaleAgent(Clone),5,10,1.71,1.58,13.73022,1,True,2,1,0.5
2026-03-06_18.10.57,51,sign-optimization-horizontal-vertical_scenario,620,206,3,2,-6,90,90,15,1,29199,AdultMaleAgent(Clone),5,10,1.71,1.58,10.10596,1,False,2,0,0
2026-03-06_18.10.57,51,sign-optimization-horizontal-vertical_scenario,620,206,3,2,-6,90,90,15,1,29200,AdultFemaleAgent(Clone),5,10,1.58,1.45,11.38623,1,False,2,1,0.5
2026-03-06_18.10.57,51,sign-optimization-horizontal-vertical_scenario,620,206,3,2,-6,90,90,15,1,29201,WheelchairAgent(Clone),5,10,1.3,1.17,11.81494,1,True,2,1,0.5
2026-03-06_18.10.57,51,sign-optimization-horizontal-vertical_scenario,620,206,3,2,-6,90,90,15,1,29202,AdultMaleAgent(Clone),10,12,1.71,1.58,2.715332,1,False,3,1,0.3333333
2026-03-06_18.10.57,51,sign-optimization-horizontal-vertical_scenario,620,206,3,2,-6,90,90,15,1,29203,AdultMaleAgent(Clone),7,11,1.71,1.58,8.765137,1,True,2,1,0.5
2026-03-06_18.10.57,51,sign-optimization-horizontal-vertical_scenario,620,206,3,2,-6,90,90,15,1,29204,AdultMaleAgent(Clone),7,11,1.71,1.58,8.662598,1,True,2,1,0.5
2026-03-06_18.10.57,51,sign-optimization-horizontal-vertical_scenario,620,206,3,2,-6,90,90,15,1,29205,AdultFemaleAgent(Clone),6,12,1.58,1.45,0,0,False,2,0,0
2026-03-06_18.10.57,51,sign-optimization-horizontal-vertical_scenario,620,206,3,2,-6,90,90,15,1,29206,WheelchairAgent(Clone),7,11,1.3,1.17,8.126465,1,True,2,1,0.5
2026-03-06_18.10.57,51,sign-optimization-horizontal-vertical_scenario,620,206,3,2,-6,90,90,15,1,29207,WheelchairAgent(Clone),5,10,1.3,1.17,9.048096,1,False,2,0,0
2026-03-06_18.10.57,51,sign-optimization-horizontal-vertical_scenario,620,206,3,2,-6,90,90,15,1,29208,AdultFemaleAgent(Clone),10,12,1.58,1.45,1.302734,1,False,3,0,0
2026-03-06_18.10.57,51,sign-optimization-horizontal-vertical_scenario,620,206,3,2,-6,90,90,15,1,29209,WheelchairAgent(Clone),11,10,1.3,1.17,10.0105,1,False,3,1,0.3333333
2026-03-06_18.10.57,51,sign-optimization-horizontal-vertical_scenario,620,206,3,2,-6,90,90,15,1,29210,AdultMaleAgent(Clone),6,12,1.71,1.58,0,0,False,2,0,0
2026-03-06_18.10.57,51,sign-optimization-horizontal-vertical_scenario,620,206,3,2,-6,90,90,15,1,29211,AdultFemaleAgent(Clone),10,12,1.58,1.45,0,0,False,3,0,0
2026-03-06_18.10.57,51,sign-optimization-horizontal-vertical_scenario,620,206,3,2,-6,90,90,15,1,29212,AdultFemaleAgent(Clone),10,12,1.58,1.45,0,0,False,3,0,0
2026-03-06_18.10.57,51,sign-optimization-horizontal-vertical_scenario,620,206,3,2,-6,90,90,15,1,29213,WheelchairAgent(Clone),11,10,1.3,1.17,10.9126,1,True,3,1,0.3333333
2026-03-06_18.10.57,51,sign-optimization-horizontal-vertical_scenario,620,206,3,2,-6,90,90,15,1,29214,WheelchairAgent(Clone),11,10,1.3,1.17,13.8894,1,False,3,2,0.6666667
2026-03-06_18.10.57,51,sign-optimization-horizontal-vertical_scenario,620,206,3,2,-6,90,90,15,1,29215,WheelchairAgent(Clone),10,12,1.3,1.17,0,0,False,3,0,0
2026-03-06_18.10.57,51,sign-optimization-horizontal-vertical_scenario,620,206,3,2,-6,90,90,15,1,29216,AdultFemaleAgent(Clone),11,10,1.58,1.450001,0,0,True,3,1,0.3333333
2026-03-06_18.10.57,51,sign-optimization-horizontal-vertical_scenario,620,206,3,2,-6,90,90,15,1,29217,AdultMaleAgent(Clone),10,12,1.71,1.58,0,0,False,3,0,0
2026-03-06_18.10.57,51,sign-optimization-horizontal-vertical_scenario,620,206,3,2,-6,90,90,15,1,29218,AdultFemaleAgent(Clone),7,11,1.58,1.450001,8.708008,1,True,2,1,0.5
2026-03-06_18.10.57,51,sign-optimization-horizontal-vertical_scenario,620,206,3,2,-6,90,90,15,1,29219,WheelchairAgent(Clone),6,12,1.3,1.17,2.414551,1,False,2,1,0.5
2026-03-06_18.10.57,51,sign-optimization-horizontal-vertical_scenario,620,206,3,2,-6,90,90,15,1,29220,WheelchairAgent(Clone),6,12,1.3,1.17,0,0,False,2,0,0
2026-03-06_18.10.57,51,sign-optimization-horizontal-vertical_scenario,620,206,3,2,-6,90,90,15,1,29221,WheelchairAgent(Clone),7,11,1.3,1.17,9.071777,1,True,2,1,0.5
2026-03-06_18.10.57,51,sign-optimization-horizontal-vertical_scenario,620,206,3,2,-6,90,90,15,1,29222,WheelchairAgent(Clone),5,10,1.3,1.17,8.679199,1,False,2,0,0
2026-03-06_18.10.57,51,sign-optimization-horizontal-vertical_scenario,620,206,3,2,-6,90,90,15,1,29223,WheelchairAgent(Clone),7,11,1.3,1.17,9.042236,1,False,2,1,0.5
2026-03-06_18.10.57,51,sign-optimization-horizontal-vertical_scenario,620,206,3,2,-6,90,90,15,1,29224,AdultFemaleAgent(Clone),11,10,1.58,1.450001,9.857178,1,True,3,1,0.3333333
2026-03-06_18.10.57,51,sign-optimization-horizontal-vertical_scenario,620,206,3,2,-6,90,90,15,1,29225,AdultMaleAgent(Clone),11,10,1.71,1.58,10.10229,1,True,3,2,0.6666667
2026-03-06_18.10.57,51,sign-optimization-horizontal-vertical_scenario,620,206,3,2,-6,90,90,15,1,29226,AdultFemaleAgent(Clone),10,12,1.58,1.45,0,0,False,3,1,0.3333333
2026-03-06_18.10.57,51,sign-optimization-horizontal-vertical_scenario,620,206,3,2,-6,90,90,15,1,29227,AdultFemaleAgent(Clone),6,12,1.58,1.45,0,0,False,2,0,0
2026-03-06_18.10.57,51,sign-optimization-horizontal-vertical_scenario,620,206,3,2,-6,90,90,15,1,29228,AdultMaleAgent(Clone),10,12,1.71,1.58,0,0,False,3,0,0
2026-03-06_18.10.57,51,sign-optimization-horizontal-vertical_scenario,620,206,3,2,-6,90,90,15,1,29229,WheelchairAgent(Clone),5,10,1.3,1.17,10.47681,1,False,2,1,0.5
2026-03-06_18.10.57,51,sign-optimization-horizontal-vertical_scenario,620,206,3,2,-6,90,90,15,1,29230,AdultMaleAgent(Clone),6,12,1.71,1.58,0,0,False,2,1,0.5
2026-03-06_18.10.57,51,sign-optimization-horizontal-vertical_scenario,620,206,3,2,-6,90,90,15,1,29231,WheelchairAgent(Clone),5,10,1.3,1.17,10.48047,1,False,2,0,0
2026-03-06_18.10.57,51,sign-optimization-horizontal-vertical_scenario,620,206,3,2,-6,90,90,15,1,29232,WheelchairAgent(Clone),11,10,1.3,1.17,9.455811,1,True,3,1,0.3333333
2026-03-06_18.10.57,51,sign-optimization-horizontal-vertical_scenario,620,206,3,2,-6,90,90,15,1,29233,WheelchairAgent(Clone),10,12,1.3,1.17,0,0,False,3,0,0
2026-03-06_18.10.57,51,sign-optimization-horizontal-vertical_scenario,620,206,3,2,-6,90,90,15,1,29234,AdultFemaleAgent(Clone),11,10,1.58,1.450001,10.17432,1,True,3,1,0.3333333
2026-03-06_18.10.57,51,sign-optimization-horizontal-vertical_scenario,620,206,3,2,-6,90,90,15,1,29235,WheelchairAgent(Clone),10,12,1.3,1.17,0,0,False,3,0,0
2026-03-06_18.10.57,51,sign-optimization-horizontal-vertical_scenario,620,206,3,2,-6,90,90,15,1,29236,WheelchairAgent(Clone),5,10,1.3,1.17,7.998291,1,False,2,0,0
2026-03-06_18.10.57,51,sign-optimization-horizontal-vertical_scenario,620,206,3,2,-6,90,90,15,1,29237,AdultFemaleAgent(Clone),7,11,1.58,1.450001,7.497314,1,True,2,1,0.5
2026-03-06_18.10.57,51,sign-optimization-horizontal-vertical_scenario,620,206,3,2,-6,90,90,15,1,29238,AdultMaleAgent(Clone),6,12,1.71,1.58,0,0,False,2,0,0
2026-03-06_18.10.57,51,sign-optimization-horizontal-vertical_scenario,620,206,3,2,-6,90,90,15,1,29239,WheelchairAgent(Clone),10,12,1.3,1.17,0,0,False,3,0,0
2026-03-06_18.10.57,51,sign-optimization-horizontal-vertical_scenario,620,206,3,2,-6,90,90,15,1,29240,WheelchairAgent(Clone),6,12,1.3,1.17,0,0,False,2,0,0
2026-03-06_18.10.57,51,sign-optimization-horizontal-vertical_scenario,620,206,3,2,-6,90,90,15,1,29241,AdultMaleAgent(Clone),5,10,1.71,1.58,6.385254,1,False,2,0,0
2026-03-06_18.10.57,51,sign-optimization-horizontal-vertical_scenario,620,206,3,2,-6,90,90,15,1,29242,AdultFemaleAgent(Clone),10,12,1.58,1.45,0,0,False,3,0,0
2026-03-06_18.10.57,51,sign-optimization-horizontal-vertical_scenario,620,206,3,2,-6,90,90,15,1,29243,WheelchairAgent(Clone),10,12,1.3,1.17,0,0,False,3,0,0
2026-03-06_18.10.57,51,sign-optimization-horizontal-vertical_scenario,620,206,3,2,-6,90,90,15,1,29244,WheelchairAgent(Clone),10,12,1.3,1.17,0,0,False,3,0,0
2026-03-06_18.10.57,51,sign-optimization-horizontal-vertical_scenario,620,206,3,2,-6,90,90,15,1,29245,AdultFemaleAgent(Clone),5,10,1.58,1.45,12.31421,1,False,2,1,0.5
2026-03-06_18.10.57,51,sign-optimization-horizontal-vertical_scenario,620,206,3,2,-6,90,90,15,1,29246,AdultFemaleAgent(Clone),6,12,1.58,1.45,0,0,False,2,0,0
2026-03-06_18.10.57,51,sign-optimization-horizontal-vertical_scenario,620,206,3,2,-6,90,90,15,1,29247,WheelchairAgent(Clone),5,10,1.3,1.17,12.29541,1,True,2,1,0.5
2026-03-06_18.10.57,51,sign-optimization-horizontal-vertical_scenario,620,206,3,2,-6,90,90,15,1,29248,AdultFemaleAgent(Clone),10,12,1.58,1.45,0,0,False,3,0,0
2026-03-06_18.10.57,51,sign-optimization-horizontal-vertical_scenario,620,206,3,2,-6,90,90,15,1,29249,AdultMaleAgent(Clone),5,10,1.71,1.58,11.58691,1,True,2,1,0.5
2026-03-06_18.10.57,51,sign-optimization-horizontal-vertical_scenario,620,206,3,2,-6,90,90,15,1,29250,AdultMaleAgent(Clone),6,12,1.71,1.58,0,0,False,2,0,0
2026-03-06_18.10.57,51,sign-optimization-horizontal-vertical_scenario,620,206,3,2,-6,90,90,15,1,29251,WheelchairAgent(Clone),6,12,1.3,1.17,0,0,False,2,0,0
2026-03-06_18.10.57,51,sign-optimization-horizontal-vertical_scenario,620,206,3,2,-6,90,90,15,1,29252,AdultFemaleAgent(Clone),7,11,1.58,1.450001,0,0,True,2,1,0.5
2026-03-06_18.10.57,51,sign-optimization-horizontal-vertical_scenario,620,206,3,2,-6,90,90,15,1,29253,WheelchairAgent(Clone),11,10,1.3,1.17,9.362061,1,False,3,1,0.3333333
2026-03-06_18.10.57,51,sign-optimization-horizontal-vertical_scenario,620,206,3,2,-6,90,90,15,1,29254,AdultMaleAgent(Clone),11,10,1.71,1.58,10.01953,1,True,3,2,0.6666667
2026-03-06_18.10.57,51,sign-optimization-horizontal-vertical_scenario,620,206,3,2,-6,90,90,15,1,29255,AdultFemaleAgent(Clone),5,10,1.58,1.45,10.65381,1,False,2,1,0.5
2026-03-06_18.10.57,51,sign-optimization-horizontal-vertical_scenario,620,206,3,2,-6,90,90,15,1,29256,AdultMaleAgent(Clone),11,10,1.71,1.58,11.03491,1,True,3,1,0.3333333
2026-03-06_18.10.57,51,sign-optimization-horizontal-vertical_scenario,620,206,3,2,-6,90,90,15,1,29257,AdultMaleAgent(Clone),10,12,1.71,1.58,0,0,False,3,0,0
2026-03-06_18.10.57,51,sign-optimization-horizontal-vertical_scenario,620,206,3,2,-6,90,90,15,1,29258,WheelchairAgent(Clone),6,12,1.3,1.17,0,0,False,2,0,0
2026-03-06_18.10.57,51,sign-optimization-horizontal-vertical_scenario,620,206,3,2,-6,90,90,15,1,29259,WheelchairAgent(Clone),6,12,1.3,1.17,0,0,False,2,0,0
2026-03-06_18.10.57,51,sign-optimization-horizontal-vertical_scenario,620,206,3,2,-6,90,90,15,1,29260,WheelchairAgent(Clone),5,10,1.3,1.17,11.87012,1,True,2,1,0.5
2026-03-06_18.10.57,51,sign-optimization-horizontal-vertical_scenario,620,206,3,2,-6,90,90,15,1,29261,AdultMaleAgent(Clone),7,11,1.71,1.58,7.622803,1,True,2,1,0.5
2026-03-06_18.10.57,51,sign-optimization-horizontal-vertical_scenario,620,206,3,2,-6,90,90,15,1,29262,AdultFemaleAgent(Clone),11,10,1.58,1.450001,9.66333,1,False,3,1,0.3333333
2026-03-06_18.10.57,51,sign-optimization-horizontal-vertical_scenario,620,206,3,2,-6,90,90,15,1,29263,AdultFemaleAgent(Clone),10,12,1.58,1.45,0,0,False,3,0,0
2026-03-06_18.10.57,51,sign-optimization-horizontal-vertical_scenario,620,206,3,2,-6,90,90,15,1,29264,WheelchairAgent(Clone),5,10,1.3,1.17,0,0,False,2,0,0
2026-03-06_18.10.57,51,sign-optimization-horizontal-vertical_scenario,620,206,3,2,-6,90,90,15,1,29265,WheelchairAgent(Clone),7,11,1.3,1.17,0,0,True,2,1,0.5
2026-03-06_18.10.57,51,sign-optimization-horizontal-vertical_scenario,620,206,3,2,-6,90,90,15,1,29266,WheelchairAgent(Clone),7,11,1.3,1.17,0,0,True,2,1,0.5
2026-03-06_18.10.57,51,sign-optimization-horizontal-vertical_scenario,620,206,3,2,-6,90,90,15,1,29267,AdultMaleAgent(Clone),6,12,1.71,1.58,0,0,False,2,0,0
2026-03-06_18.10.57,51,sign-optimization-horizontal-vertical_scenario,620,206,3,2,-6,90,90,15,1,29268,AdultFemaleAgent(Clone),5,10,1.58,1.45,11.12695,1,False,2,1,0.5
2026-03-06_18.10.57,51,sign-optimization-horizontal-vertical_scenario,620,206,3,2,-6,90,90,15,1,29269,AdultMaleAgent(Clone),11,10,1.71,1.58,8.790039,1,True,3,2,0.6666667
2026-03-06_18.10.57,51,sign-optimization-horizontal-vertical_scenario,620,206,3,2,-6,90,90,15,1,29270,AdultFemaleAgent(Clone),6,12,1.58,1.45,0,0,False,2,0,0
2026-03-06_18.10.57,51,sign-optimization-horizontal-vertical_scenario,620,206,3,2,-6,90,90,15,1,29271,AdultFemaleAgent(Clone),10,12,1.58,1.45,0,0,False,3,0,0
2026-03-06_18.10.57,51,sign-optimization-horizontal-vertical_scenario,620,206,3,2,-6,90,90,15,1,29272,AdultFemaleAgent(Clone),11,10,1.58,1.450001,0,0,True,3,1,0.3333333
2026-03-06_18.10.57,51,sign-optimization-horizontal-vertical_scenario,620,206,3,2,-6,90,90,15,1,29273,AdultMaleAgent(Clone),7,11,1.71,1.58,8.853516,1,True,2,1,0.5
2026-03-06_18.10.57,51,sign-optimization-horizontal-vertical_scenario,620,206,3,2,-6,90,90,15,1,29274,WheelchairAgent(Clone),10,12,1.3,1.17,0,0,False,3,0,0
2026-03-06_18.10.57,51,sign-optimization-horizontal-vertical_scenario,620,206,3,2,-6,90,90,15,1,29275,AdultFemaleAgent(Clone),10,12,1.58,1.45,0,0,False,3,0,0
2026-03-06_18.10.57,51,sign-optimization-horizontal-vertical_scenario,620,206,3,2,-6,90,90,15,1,29276,AdultMaleAgent(Clone),10,12,1.71,1.58,0,0,False,3,0,0
2026-03-06_18.10.57,51,sign-optimization-horizontal-vertical_scenario,620,206,3,2,-6,90,90,15,1,29277,WheelchairAgent(Clone),10,12,1.3,1.17,0,0,False,3,0,0
2026-03-06_18.10.57,51,sign-optimization-horizontal-vertical_scenario,620,206,3,2,-6,90,90,15,1,29278,WheelchairAgent(Clone),10,12,1.3,1.17,0,0,False,3,0,0
2026-03-06_18.10.57,51,sign-optimization-horizontal-vertical_scenario,620,206,3,2,-6,90,90,15,1,29279,AdultMaleAgent(Clone),7,11,1.71,1.58,0,0,True,2,1,0.5
2026-03-06_18.10.57,51,sign-optimization-horizontal-vertical_scenario,620,206,3,2,-6,90,90,15,1,29280,AdultMaleAgent(Clone),6,12,1.71,1.58,0,0,False,2,0,0
2026-03-06_18.10.57,51,sign-optimization-horizontal-vertical_scenario,620,206,3,2,-6,90,90,15,1,29281,AdultMaleAgent(Clone),10,12,1.71,1.58,0,0,False,3,0,0
2026-03-06_18.10.57,51,sign-optimization-horizontal-vertical_scenario,620,206,3,2,-6,90,90,15,1,29282,AdultMaleAgent(Clone),10,12,1.71,1.58,0,0,False,3,0,0
2026-03-06_18.10.57,51,sign-optimization-horizontal-vertical_scenario,620,206,3,2,-6,90,90,15,1,29283,AdultMaleAgent(Clone),11,10,1.71,1.58,8.775146,1,True,3,1,0.3333333
2026-03-06_18.10.57,51,sign-optimization-horizontal-vertical_scenario,620,206,3,2,-6,90,90,15,1,29284,AdultFemaleAgent(Clone),6,12,1.58,1.45,0,0,False,2,0,0
2026-03-06_18.10.57,51,sign-optimization-horizontal-vertical_scenario,620,206,3,2,-6,90,90,15,1,29285,WheelchairAgent(Clone),10,12,1.3,1.17,0,0,False,3,0,0
2026-03-06_18.10.57,51,sign-optimization-horizontal-vertical_scenario,620,206,3,2,-6,90,90,15,1,29286,AdultMaleAgent(Clone),6,12,1.71,1.58,0,0,False,2,0,0
2026-03-06_18.10.57,51,sign-optimization-horizontal-vertical_scenario,620,206,3,2,-6,90,90,15,1,29287,AdultFemaleAgent(Clone),7,11,1.58,1.450001,0,0,True,2,1,0.5
2026-03-06_18.10.57,51,sign-optimization-horizontal-vertical_scenario,620,206,3,2,-6,90,90,15,1,29288,WheelchairAgent(Clone),6,12,1.3,1.17,0,0,False,2,0,0
2026-03-06_18.10.57,51,sign-optimization-horizontal-vertical_scenario,620,206,3,2,-6,90,90,15,1,29289,WheelchairAgent(Clone),5,10,1.3,1.17,0,0,False,2,0,0
2026-03-06_18.10.57,51,sign-optimization-horizontal-vertical_scenario,620,206,3,2,-6,90,90,15,1,29290,AdultMaleAgent(Clone),7,11,1.71,1.58,0,0,True,2,1,0.5
2026-03-06_18.10.57,51,sign-optimization-horizontal-vertical_scenario,620,206,3,2,-6,90,90,15,1,29291,WheelchairAgent(Clone),10,12,1.3,1.17,0,0,False,3,0,0
2026-03-06_18.10.57,51,sign-optimization-horizontal-vertical_scenario,620,206,3,2,-6,90,90,15,1,29292,AdultFemaleAgent(Clone),5,10,1.58,1.45,0,0,False,2,0,0
2026-03-06_18.10.57,51,sign-optimization-horizontal-vertical_scenario,620,206,3,2,-6,90,90,15,1,29293,AdultMaleAgent(Clone),11,10,1.71,1.58,0,0,True,3,1,0.3333333
2026-03-06_18.10.57,51,sign-optimization-horizontal-vertical_scenario,620,206,3,2,-6,90,90,15,1,29294,WheelchairAgent(Clone),11,10,1.3,1.17,0,0,True,3,1,0.3333333
2026-03-06_18.10.57,51,sign-optimization-horizontal-vertical_scenario,620,206,3,2,-6,90,90,15,1,29295,AdultMaleAgent(Clone),5,10,1.71,1.58,0,0,True,2,1,0.5
2026-03-06_18.10.57,51,sign-optimization-horizontal-vertical_scenario,620,206,3,2,-6,90,90,15,1,29296,WheelchairAgent(Clone),7,11,1.3,1.17,0,0,True,2,1,0.5
2026-03-06_18.10.57,51,sign-optimization-horizontal-vertical_scenario,620,206,3,2,-6,90,90,15,1,29297,AdultMaleAgent(Clone),6,12,1.71,1.58,0,0,False,2,0,0
2026-03-06_18.10.57,51,sign-optimization-horizontal-vertical_scenario,620,206,3,2,-6,90,90,15,1,29298,AdultMaleAgent(Clone),10,12,1.71,1.58,0,0,False,3,0,0
2026-03-06_18.10.57,51,sign-optimization-horizontal-vertical_scenario,620,206,3,2,-6,90,90,15,1,29299,AdultMaleAgent(Clone),6,12,1.71,1.58,0,0,False,2,0,0
2026-03-06_18.10.57,51,sign-optimization-horizontal-vertical_scenario,620,206,3,2,-6,90,90,15,1,29300,WheelchairAgent(Clone),10,12,1.3,1.17,0,0,False,3,0,0
2026-03-06_18.10.57,51,sign-optimization-horizontal-vertical_scenario,620,206,3,2,-6,90,90,15,1,29301,AdultMaleAgent(Clone),6,12,1.71,1.58,0,0,False,2,0,0
2026-03-06_18.10.57,51,sign-optimization-horizontal-vertical_scenario,620,206,3,2,-6,90,90,15,1,29302,AdultMaleAgent(Clone),10,12,1.71,1.58,0,0,False,3,0,0
2026-03-06_18.10.57,51,sign-optimization-horizontal-vertical_scenario,620,206,3,2,-6,90,90,15,1,29303,AdultFemaleAgent(Clone),7,11,1.58,1.450001,0,0,True,2,1,0.5
2026-03-06_18.10.57,51,sign-optimization-horizontal-vertical_scenario,620,206,3,2,-6,90,90,15,1,29304,AdultMaleAgent(Clone),6,12,1.71,1.58,0,0,False,2,0,0
2026-03-06_18.10.57,51,sign-optimization-horizontal-vertical_scenario,620,206,3,2,-6,90,90,15,1,29305,AdultFemaleAgent(Clone),5,10,1.58,1.45,0,0,False,2,0,0
2026-03-06_18.10.57,51,sign-optimization-horizontal-vertical_scenario,620,206,3,2,-6,90,90,15,1,29306,AdultMaleAgent(Clone),6,12,1.71,1.58,0,0,False,2,0,0
2026-03-06_18.10.57,51,sign-optimization-horizontal-vertical_scenario,620,206,3,2,-6,90,90,15,1,29307,AdultFemaleAgent(Clone),6,12,1.58,1.45,0,0,False,2,0,0
2026-03-06_18.10.57,51,sign-optimization-horizontal-vertical_scenario,620,206,3,2,-6,90,90,15,1,29308,WheelchairAgent(Clone),7,11,1.3,1.17,0,0,True,2,1,0.5
2026-03-06_18.10.57,51,sign-optimization-horizontal-vertical_scenario,620,206,3,2,-6,90,90,15,1,29309,AdultMaleAgent(Clone),11,10,1.71,1.58,0,0,True,3,2,0.6666667
2026-03-06_18.10.57,51,sign-optimization-horizontal-vertical_scenario,620,206,3,2,-6,90,90,15,1,29310,AdultMaleAgent(Clone),7,11,1.71,1.58,0,0,True,2,1,0.5
2026-03-06_18.10.57,51,sign-optimization-horizontal-vertical_scenario,620,206,3,2,-6,90,90,15,1,29311,AdultFemaleAgent(Clone),11,10,1.58,1.450001,0,0,True,3,1,0.3333333
2026-03-06_18.10.57,51,sign-optimization-horizontal-vertical_scenario,620,206,3,2,-6,90,90,15,1,29312,AdultMaleAgent(Clone),7,11,1.71,1.58,0,0,True,2,1,0.5
2026-03-06_18.10.57,51,sign-optimization-horizontal-vertical_scenario,620,206,3,2,-6,90,90,15,1,29313,AdultFemaleAgent(Clone),5,10,1.58,1.45,0,0,False,2,0,0
2026-03-06_18.10.57,51,sign-optimization-horizontal-vertical_scenario,620,206,3,2,-6,90,90,15,1,29314,AdultFemaleAgent(Clone),7,11,1.58,1.450001,0,0,True,2,1,0.5
2026-03-06_18.10.57,51,sign-optimization-horizontal-vertical_scenario,620,206,3,2,-6,90,90,15,1,29315,WheelchairAgent(Clone),5,10,1.3,1.17,0,0,False,2,1,0.5
2026-03-06_18.10.57,51,sign-optimization-horizontal-vertical_scenario,620,206,3,2,-6,90,90,15,1,29316,WheelchairAgent(Clone),11,10,1.3,1.17,0,0,True,3,2,0.6666667
2026-03-06_18.10.57,51,sign-optimization-horizontal-vertical_scenario,620,206,3,2,-6,90,90,15,1,29317,AdultMaleAgent(Clone),7,11,1.71,1.58,0,0,True,2,1,0.5
2026-03-06_18.10.57,51,sign-optimization-horizontal-vertical_scenario,620,206,3,2,-6,90,90,15,1,29318,AdultFemaleAgent(Clone),6,12,1.58,1.45,0,0,False,2,0,0
2026-03-06_18.10.57,51,sign-optimization-horizontal-vertical_scenario,620,206,3,2,-6,90,90,15,1,29319,AdultMaleAgent(Clone),10,12,1.71,1.58,0,0,False,3,0,0
2026-03-06_18.10.57,51,sign-optimization-horizontal-vertical_scenario,620,206,3,2,-6,90,90,15,1,29320,WheelchairAgent(Clone),7,11,1.3,1.17,0,0,True,2,1,0.5
2026-03-06_18.10.57,51,sign-optimization-horizontal-vertical_scenario,620,206,3,2,-6,90,90,15,1,29321,AdultFemaleAgent(Clone),11,10,1.58,1.450001,0,0,True,3,1,0.3333333
2026-03-06_18.10.57,51,sign-optimization-horizontal-vertical_scenario,620,206,3,2,-6,90,90,15,1,29322,WheelchairAgent(Clone),5,10,1.3,1.17,0,0,True,2,1,0.5
2026-03-06_18.10.57,51,sign-optimization-horizontal-vertical_scenario,620,206,3,2,-6,90,90,15,1,29323,WheelchairAgent(Clone),7,11,1.3,1.17,0,0,False,2,1,0.5
2026-03-06_18.10.57,51,sign-optimization-horizontal-vertical_scenario,620,206,3,2,-6,90,90,15,1,29324,AdultMaleAgent(Clone),5,10,1.71,1.58,0,0,False,2,1,0.5
2026-03-06_18.10.57,51,sign-optimization-horizontal-vertical_scenario,620,206,3,2,-6,90,90,15,1,29325,AdultMaleAgent(Clone),11,10,1.71,1.58,0,0,True,3,2,0.6666667
2026-03-06_18.10.57,51,sign-optimization-horizontal-vertical_scenario,620,206,3,2,-6,90,90,15,1,29326,AdultFemaleAgent(Clone),11,10,1.58,1.450001,0,0,True,3,1,0.3333333
2026-03-06_18.10.57,51,sign-optimization-horizontal-vertical_scenario,620,206,3,2,-6,90,90,15,1,29327,AdultMaleAgent(Clone),6,12,1.71,1.58,0,0,False,2,0,0
2026-03-06_18.10.57,51,sign-optimization-horizontal-vertical_scenario,620,206,3,2,-6,90,90,15,1,29328,WheelchairAgent(Clone),7,11,1.3,1.17,0,0,True,2,1,0.5
2026-03-06_18.10.57,51,sign-optimization-horizontal-vertical_scenario,620,206,3,2,-6,90,90,15,1,29329,AdultFemaleAgent(Clone),10,12,1.58,1.45,0,0,False,3,0,0
2026-03-06_18.10.57,51,sign-optimization-horizontal-vertical_scenario,620,206,3,2,-6,90,90,15,1,29330,WheelchairAgent(Clone),6,12,1.3,1.17,0,0,False,2,0,0
2026-03-06_18.10.57,51,sign-optimization-horizontal-vertical_scenario,620,206,3,2,-6,90,90,15,1,29331,WheelchairAgent(Clone),10,12,1.3,1.17,0,0,False,3,0,0
2026-03-06_18.10.57,51,sign-optimization-horizontal-vertical_scenario,620,206,3,2,-6,90,90,15,1,29332,WheelchairAgent(Clone),7,11,1.3,1.17,0,0,False,2,1,0.5
2026-03-06_18.10.57,51,sign-optimization-horizontal-vertical_scenario,620,206,3,2,-6,90,90,15,1,29333,WheelchairAgent(Clone),6,12,1.3,1.17,0,0,False,2,0,0
2026-03-06_18.10.57,51,sign-optimization-horizontal-vertical_scenario,620,206,3,2,-6,90,90,15,1,29334,AdultFemaleAgent(Clone),6,12,1.58,1.45,0,0,False,2,0,0
2026-03-06_18.10.57,51,sign-optimization-horizontal-vertical_scenario,620,206,3,2,-6,90,90,15,1,29335,AdultFemaleAgent(Clone),7,11,1.58,1.450001,0,0,True,2,1,0.5
2026-03-06_18.10.57,51,sign-optimization-horizontal-vertical_scenario,620,206,3,2,-6,90,90,15,1,29336,WheelchairAgent(Clone),5,10,1.3,1.17,0,0,False,2,0,0
2026-03-06_18.10.57,51,sign-optimization-horizontal-vertical_scenario,620,206,3,2,-6,90,90,15,1,29337,AdultMaleAgent(Clone),5,10,1.71,1.58,0,0,True,2,1,0.5
2026-03-06_18.10.57,51,sign-optimization-horizontal-vertical_scenario,620,206,3,2,-6,90,90,15,1,29338,WheelchairAgent(Clone),10,12,1.3,1.17,0,0,False,3,0,0
2026-03-06_18.10.57,51,sign-optimization-horizontal-vertical_scenario,620,206,3,2,-6,90,90,15,1,29339,AdultFemaleAgent(Clone),5,10,1.58,1.45,0,0,False,2,0,0
2026-03-06_18.10.57,51,sign-optimization-horizontal-vertical_scenario,620,206,3,2,-6,90,90,15,1,29340,AdultFemaleAgent(Clone),7,11,1.58,1.450001,0,0,False,2,1,0.5
2026-03-06_18.10.57,51,sign-optimization-horizontal-vertical_scenario,620,206,3,2,-6,90,90,15,1,29341,WheelchairAgent(Clone),11,10,1.3,1.17,0,0,False,3,2,0.6666667
2026-03-06_18.10.57,51,sign-optimization-horizontal-vertical_scenario,620,206,3,2,-6,90,90,15,1,29342,WheelchairAgent(Clone),6,12,1.3,1.17,0,0,False,2,0,0
2026-03-06_18.10.57,51,sign-optimization-horizontal-vertical_scenario,620,206,3,2,-6,90,90,15,1,29343,AdultFemaleAgent(Clone),5,10,1.58,1.45,0,0,False,2,1,0.5
2026-03-06_18.10.57,51,sign-optimization-horizontal-vertical_scenario,620,206,3,2,-6,90,90,15,1,29344,AdultMaleAgent(Clone),10,12,1.71,1.58,0,0,False,3,0,0
2026-03-06_18.10.57,51,sign-optimization-horizontal-vertical_scenario,620,206,3,2,-6,90,90,15,1,29345,WheelchairAgent(Clone),5,10,1.3,1.17,0,0,False,2,0,0
2026-03-06_18.10.57,51,sign-optimization-horizontal-vertical_scenario,620,206,3,2,-6,90,90,15,1,29346,AdultMaleAgent(Clone),5,10,1.71,1.58,0,0,False,2,0,0
2026-03-06_18.10.57,51,sign-optimization-horizontal-vertical_scenario,620,206,3,2,-6,90,90,15,1,29347,WheelchairAgent(Clone),10,12,1.3,1.17,0,0,False,3,0,0
2026-03-06_18.10.57,51,sign-optimization-horizontal-vertical_scenario,620,206,3,2,-6,90,90,15,1,29348,AdultMaleAgent(Clone),7,11,1.71,1.58,0,0,True,2,1,0.5
2026-03-06_18.10.57,51,sign-optimization-horizontal-vertical_scenario,620,206,3,2,-6,90,90,15,1,29349,AdultFemaleAgent(Clone),7,11,1.58,1.450001,0,0,False,2,1,0.5
2026-03-06_18.10.57,51,sign-optimization-horizontal-vertical_scenario,620,206,3,2,-6,90,90,15,1,29350,AdultMaleAgent(Clone),5,10,1.71,1.58,0,0,True,2,1,0.5
2026-03-06_18.10.57,51,sign-optimization-horizontal-vertical_scenario,620,206,3,2,-6,90,90,15,1,29351,AdultFemaleAgent(Clone),6,12,1.58,1.45,0,0,False,2,0,0
2026-03-06_18.10.57,51,sign-optimization-horizontal-vertical_scenario,620,206,3,2,-6,90,90,15,1,29352,AdultFemaleAgent(Clone),6,12,1.58,1.45,0,0,False,2,0,0
2026-03-06_18.10.57,51,sign-optimization-horizontal-vertical_scenario,620,206,3,2,-6,90,90,15,1,29353,AdultMaleAgent(Clone),7,11,1.71,1.58,0,0,True,2,1,0.5
2026-03-06_18.10.57,51,sign-optimization-horizontal-vertical_scenario,620,206,3,2,-6,90,90,15,1,29354,WheelchairAgent(Clone),6,12,1.3,1.17,0,0,False,2,0,0
2026-03-06_18.10.57,51,sign-optimization-horizontal-vertical_scenario,620,206,3,2,-6,90,90,15,1,29355,WheelchairAgent(Clone),6,12,1.3,1.17,0,0,False,2,0,0
2026-03-06_18.10.57,51,sign-optimization-horizontal-vertical_scenario,620,206,3,2,-6,90,90,15,1,29356,AdultFemaleAgent(Clone),6,12,1.58,1.45,0,0,False,2,0,0
2026-03-06_18.10.57,51,sign-optimization-horizontal-vertical_scenario,620,206,3,2,-6,90,90,15,1,29357,AdultMaleAgent(Clone),10,12,1.71,1.58,0,0,False,3,0,0
2026-03-06_18.10.57,51,sign-optimization-horizontal-vertical_scenario,620,206,3,2,-6,90,90,15,1,29358,AdultFemaleAgent(Clone),6,12,1.58,1.45,0,0,False,2,0,0
2026-03-06_18.10.57,51,sign-optimization-horizontal-vertical_scenario,620,206,3,2,-6,90,90,15,1,29359,AdultMaleAgent(Clone),5,10,1.71,1.58,0,0,False,2,0,0
2026-03-06_18.10.57,51,sign-optimization-horizontal-vertical_scenario,620,206,3,2,-6,90,90,15,1,29360,WheelchairAgent(Clone),11,10,1.3,1.17,0,0,True,3,1,0.3333333
2026-03-06_18.10.57,51,sign-optimization-horizontal-vertical_scenario,620,206,3,2,-6,90,90,15,1,29361,WheelchairAgent(Clone),7,11,1.3,1.17,0,0,False,2,0,0
2026-03-06_18.10.57,51,sign-optimization-horizontal-vertical_scenario,620,206,3,2,-6,90,90,15,1,29362,WheelchairAgent(Clone),5,10,1.3,1.17,0,0,False,2,1,0.5
2026-03-06_18.10.57,51,sign-optimization-horizontal-vertical_scenario,620,206,3,2,-6,90,90,15,1,29363,AdultMaleAgent(Clone),10,12,1.71,1.58,0,0,False,3,0,0
2026-03-06_18.10.57,51,sign-optimization-horizontal-vertical_scenario,620,206,3,2,-6,90,90,15,1,29364,AdultMaleAgent(Clone),10,12,1.71,1.58,0,0,False,3,0,0
2026-03-06_18.10.57,51,sign-optimization-horizontal-vertical_scenario,620,206,3,2,-6,90,90,15,1,29365,WheelchairAgent(Clone),11,10,1.3,1.17,0,0,True,3,1,0.3333333
2026-03-06_18.10.57,51,sign-optimization-horizontal-vertical_scenario,620,206,3,2,-6,90,90,15,1,29366,WheelchairAgent(Clone),10,12,1.3,1.17,0,0,False,3,0,0
2026-03-06_18.10.57,51,sign-optimization-horizontal-vertical_scenario,620,206,3,2,-6,90,90,15,1,29367,AdultFemaleAgent(Clone),7,11,1.58,1.450001,0,0,False,2,0,0
2026-03-06_18.10.57,51,sign-optimization-horizontal-vertical_scenario,620,206,3,2,-6,90,90,15,1,29368,AdultMaleAgent(Clone),5,10,1.71,1.58,0,0,True,2,1,0.5
2026-03-06_18.10.57,51,sign-optimization-horizontal-vertical_scenario,620,206,3,2,-6,90,90,15,1,29369,AdultFemaleAgent(Clone),11,10,1.58,1.450001,0,0,True,3,1,0.3333333
2026-03-06_18.10.57,51,sign-optimization-horizontal-vertical_scenario,620,206,3,2,-6,90,90,15,1,29370,WheelchairAgent(Clone),11,10,1.3,1.17,0,0,True,3,1,0.3333333
2026-03-06_18.10.57,51,sign-optimization-horizontal-vertical_scenario,620,206,3,2,-6,90,90,15,1,29371,WheelchairAgent(Clone),11,10,1.3,1.17,0,0,True,3,1,0.3333333
2026-03-06_18.10.57,51,sign-optimization-horizontal-vertical_scenario,620,206,3,2,-6,90,90,15,1,29372,WheelchairAgent(Clone),6,12,1.3,1.17,0,0,False,2,0,0
2026-03-06_18.10.57,51,sign-optimization-horizontal-vertical_scenario,620,206,3,2,-6,90,90,15,1,29373,AdultMaleAgent(Clone),6,12,1.71,1.58,0,0,False,2,0,0
2026-03-06_18.10.57,51,sign-optimization-horizontal-vertical_scenario,620,206,3,2,-6,90,90,15,1,29374,WheelchairAgent(Clone),5,10,1.3,1.17,0,0,False,2,0,0
2026-03-06_18.10.57,51,sign-optimization-horizontal-vertical_scenario,620,206,3,2,-6,90,90,15,1,29375,WheelchairAgent(Clone),5,10,1.3,1.17,0,0,False,2,0,0
2026-03-06_18.10.57,51,sign-optimization-horizontal-vertical_scenario,620,206,3,2,-6,90,90,15,1,29376,WheelchairAgent(Clone),11,10,1.3,1.17,0,0,True,3,1,0.3333333
2026-03-06_18.10.57,51,sign-optimization-horizontal-vertical_scenario,620,206,3,2,-6,90,90,15,1,29377,WheelchairAgent(Clone),11,10,1.3,1.17,0,0,False,3,1,0.3333333
2026-03-06_18.10.57,51,sign-optimization-horizontal-vertical_scenario,620,206,3,2,-6,90,90,15,1,29378,AdultFemaleAgent(Clone),10,12,1.58,1.45,0,0,False,3,0,0
2026-03-06_18.10.57,51,sign-optimization-horizontal-vertical_scenario,620,206,3,2,-6,90,90,15,1,29379,AdultMaleAgent(Clone),7,11,1.71,1.58,0,0,False,2,0,0
2026-03-06_18.10.57,51,sign-optimization-horizontal-vertical_scenario,620,206,3,2,-6,90,90,15,1,29380,WheelchairAgent(Clone),10,12,1.3,1.17,0,0,False,3,0,0
2026-03-06_18.10.57,51,sign-optimization-horizontal-vertical_scenario,620,206,3,2,-6,90,90,15,1,29381,AdultFemaleAgent(Clone),10,12,1.58,1.45,0,0,False,3,0,0
2026-03-06_18.10.57,51,sign-optimization-horizontal-vertical_scenario,620,206,3,2,-6,90,90,15,1,29382,AdultFemaleAgent(Clone),10,12,1.58,1.45,0,0,False,3,0,0
2026-03-06_18.10.57,51,sign-optimization-horizontal-vertical_scenario,620,206,3,2,-6,90,90,15,1,29383,AdultFemaleAgent(Clone),6,12,1.58,1.45,0,0,False,2,0,0
2026-03-06_18.10.57,51,sign-optimization-horizontal-vertical_scenario,620,206,3,2,-6,90,90,15,1,29384,AdultFemaleAgent(Clone),6,12,1.58,1.45,0,0,False,2,0,0
2026-03-06_18.10.57,51,sign-optimization-horizontal-vertical_scenario,620,206,3,2,-6,90,90,15,1,29385,AdultFemaleAgent(Clone),10,12,1.58,1.45,0,0,False,3,0,0
2026-03-06_18.10.57,51,sign-optimization-horizontal-vertical_scenario,620,206,3,2,-6,90,90,15,1,29386,AdultMaleAgent(Clone),5,10,1.71,1.58,0,0,False,2,0,0
2026-03-06_18.10.57,51,sign-optimization-horizontal-vertical_scenario,620,206,3,2,-6,90,90,15,1,29387,WheelchairAgent(Clone),7,11,1.3,1.17,0,0,False,2,0,0
2026-03-06_18.10.57,51,sign-optimization-horizontal-vertical_scenario,620,206,3,2,-6,90,90,15,1,29388,AdultFemaleAgent(Clone),5,10,1.58,1.45,0,0,False,2,1,0.5
2026-03-06_18.10.57,51,sign-optimization-horizontal-vertical_scenario,620,206,3,2,-6,90,90,15,1,29389,AdultFemaleAgent(Clone),7,11,1.58,1.450001,0,0,False,2,0,0
2026-03-06_18.10.57,51,sign-optimization-horizontal-vertical_scenario,620,206,3,2,-6,90,90,15,1,29390,AdultFemaleAgent(Clone),5,10,1.58,1.45,0,0,True,2,1,0.5
2026-03-06_18.10.57,51,sign-optimization-horizontal-vertical_scenario,620,206,3,2,-6,90,90,15,1,29391,AdultMaleAgent(Clone),7,11,1.71,1.58,0,0,False,2,0,0
2026-03-06_18.10.57,51,sign-optimization-horizontal-vertical_scenario,620,206,3,2,-6,90,90,15,1,29392,AdultFemaleAgent(Clone),5,10,1.58,1.45,0,0,False,2,0,0
2026-03-06_18.10.57,51,sign-optimization-horizontal-vertical_scenario,620,206,3,2,-6,90,90,15,1,29393,AdultMaleAgent(Clone),7,11,1.71,1.58,0,0,False,2,0,0
2026-03-06_18.10.57,51,sign-optimization-horizontal-vertical_scenario,620,206,3,2,-6,90,90,15,1,29394,AdultFemaleAgent(Clone),11,10,1.58,1.450001,0,0,False,3,1,0.3333333
2026-03-06_18.10.57,51,sign-optimization-horizontal-vertical_scenario,620,206,3,2,-6,90,90,15,1,29395,AdultFemaleAgent(Clone),11,10,1.58,1.450001,0,0,False,3,1,0.3333333
2026-03-06_18.10.57,51,sign-optimization-horizontal-vertical_scenario,620,206,3,2,-6,90,90,15,1,29396,AdultFemaleAgent(Clone),10,12,1.58,1.45,0,0,False,3,0,0
2026-03-06_18.10.57,51,sign-optimization-horizontal-vertical_scenario,620,206,3,2,-6,90,90,15,1,29397,WheelchairAgent(Clone),7,11,1.3,1.17,0,0,False,2,0,0
2026-03-06_18.10.57,51,sign-optimization-horizontal-vertical_scenario,620,206,3,2,-6,90,90,15,1,29398,AdultFemaleAgent(Clone),10,12,1.58,1.45,0,0,False,3,0,0
2026-03-06_18.10.57,51,sign-optimization-horizontal-vertical_scenario,620,206,3,2,-6,90,90,15,1,29399,AdultMaleAgent(Clone),10,12,1.71,1.58,0,0,False,3,0,0
2026-03-06_18.10.57,51,sign-optimization-horizontal-vertical_scenario,620,206,3,2,-6,90,90,15,1,29400,AdultFemaleAgent(Clone),6,12,1.58,1.45,0,0,False,2,0,0
2026-03-06_18.10.57,51,sign-optimization-horizontal-vertical_scenario,620,206,3,2,-6,90,90,15,1,29401,AdultFemaleAgent(Clone),10,12,1.58,1.45,0,0,False,3,0,0
2026-03-06_18.10.57,51,sign-optimization-horizontal-vertical_scenario,620,206,3,2,-6,90,90,15,1,29402,AdultFemaleAgent(Clone),6,12,1.58,1.45,0,0,False,2,0,0
2026-03-06_18.10.57,51,sign-optimization-horizontal-vertical_scenario,620,206,3,2,-6,90,90,15,1,29403,AdultFemaleAgent(Clone),6,12,1.58,1.45,0,0,False,2,0,0
2026-03-06_18.10.57,51,sign-optimization-horizontal-vertical_scenario,620,206,3,2,-6,90,90,15,1,29404,WheelchairAgent(Clone),11,10,1.3,1.17,0,0,False,3,0,0
2026-03-06_18.10.57,51,sign-optimization-horizontal-vertical_scenario,620,206,3,2,-6,90,90,15,1,29405,AdultMaleAgent(Clone),7,11,1.71,1.58,0,0,False,2,0,0
2026-03-06_18.10.57,51,sign-optimization-horizontal-vertical_scenario,620,206,3,2,-6,90,90,15,1,29406,AdultMaleAgent(Clone),11,10,1.71,1.58,0,0,False,3,1,0.3333333
2026-03-06_18.10.57,51,sign-optimization-horizontal-vertical_scenario,620,206,3,2,-6,90,90,15,1,29407,AdultMaleAgent(Clone),7,11,1.71,1.58,0,0,False,2,0,0
2026-03-06_18.10.57,51,sign-optimization-horizontal-vertical_scenario,620,206,3,2,-6,90,90,15,1,29408,AdultFemaleAgent(Clone),11,10,1.58,1.450001,0,0,False,3,0,0
2026-03-06_18.10.57,51,sign-optimization-horizontal-vertical_scenario,620,206,3,2,-6,90,90,15,1,29409,AdultMaleAgent(Clone),5,10,1.71,1.58,0,0,False,2,0,0
2026-03-06_18.10.57,51,sign-optimization-horizontal-vertical_scenario,620,206,3,2,-6,90,90,15,1,29410,AdultMaleAgent(Clone),7,11,1.71,1.58,0,0,False,2,0,0
2026-03-06_18.10.57,51,sign-optimization-horizontal-vertical_scenario,620,206,3,2,-6,90,90,15,1,29411,WheelchairAgent(Clone),10,12,1.3,1.17,0,0,False,3,0,0
2026-03-06_18.10.57,51,sign-optimization-horizontal-vertical_scenario,620,206,3,2,-6,90,90,15,1,29412,WheelchairAgent(Clone),7,11,1.3,1.17,0,0,False,2,0,0
2026-03-06_18.10.57,51,sign-optimization-horizontal-vertical_scenario,620,206,3,2,-6,90,90,15,1,29413,WheelchairAgent(Clone),6,12,1.3,1.17,0,0,False,2,0,0
2026-03-06_18.10.57,51,sign-optimization-horizontal-vertical_scenario,620,206,3,2,-6,90,90,15,1,29414,AdultMaleAgent(Clone),11,10,1.71,1.58,0,0,False,3,0,0
2026-03-06_18.10.57,51,sign-optimization-horizontal-vertical_scenario,620,206,3,2,-6,90,90,15,1,29415,AdultFemaleAgent(Clone),7,11,1.58,1.450001,0,0,False,2,0,0
2026-03-06_18.10.57,51,sign-optimization-horizontal-vertical_scenario,620,206,3,2,-6,90,90,15,1,29416,WheelchairAgent(Clone),7,11,1.3,1.17,0,0,False,2,0,0
2026-03-06_18.10.57,51,sign-optimization-horizontal-vertical_scenario,620,206,3,2,-6,90,90,15,1,29417,AdultMaleAgent(Clone),11,10,1.71,1.58,0,0,False,3,0,0
2026-03-06_18.10.57,51,sign-optimization-horizontal-vertical_scenario,620,206,3,2,-6,90,90,15,1,29418,WheelchairAgent(Clone),10,12,1.3,1.17,0,0,False,3,0,0
2026-03-06_18.10.57,51,sign-optimization-horizontal-vertical_scenario,620,206,3,2,-6,90,90,15,1,29419,WheelchairAgent(Clone),5,10,1.3,1.17,0,0,False,2,0,0
2026-03-06_18.10.57,51,sign-optimization-horizontal-vertical_scenario,620,206,3,2,-6,90,90,15,1,29420,AdultFemaleAgent(Clone),6,12,1.58,1.45,0,0,False,2,0,0
2026-03-06_18.10.57,51,sign-optimization-horizontal-vertical_scenario,620,206,3,2,-6,90,90,15,1,29421,AdultMaleAgent(Clone),10,12,1.71,1.58,0,0,False,3,0,0
2026-03-06_18.10.57,51,sign-optimization-horizontal-vertical_scenario,620,206,3,2,-6,90,90,15,1,29422,AdultMaleAgent(Clone),5,10,1.71,1.58,0,0,False,2,0,0
2026-03-06_18.10.57,51,sign-optimization-horizontal-vertical_scenario,620,206,3,2,-6,90,90,15,1,29423,AdultMaleAgent(Clone),11,10,1.71,1.58,0,0,False,3,0,0
2026-03-06_18.10.57,51,sign-optimization-horizontal-vertical_scenario,620,206,3,2,-6,90,90,15,1,29424,AdultFemaleAgent(Clone),6,12,1.58,1.45,0,0,False,2,0,0
2026-03-06_18.10.57,51,sign-optimization-horizontal-vertical_scenario,620,206,3,2,-6,90,90,15,1,29425,WheelchairAgent(Clone),5,10,1.3,1.17,0,0,False,2,0,0
2026-03-06_18.10.57,51,sign-optimization-horizontal-vertical_scenario,620,206,3,2,-6,90,90,15,1,29426,WheelchairAgent(Clone),7,11,1.3,1.17,0,0,False,2,0,0
2026-03-06_18.10.57,51,sign-optimization-horizontal-vertical_scenario,620,206,3,2,-6,90,90,15,1,29427,WheelchairAgent(Clone),6,12,1.3,1.17,0,0,False,2,0,0
2026-03-06_18.10.57,51,sign-optimization-horizontal-vertical_scenario,620,206,3,2,-6,90,90,15,1,29428,AdultMaleAgent(Clone),11,10,1.71,1.58,0,0,False,3,0,0
2026-03-06_18.10.57,51,sign-optimization-horizontal-vertical_scenario,620,206,3,2,-6,90,90,15,1,29429,AdultFemaleAgent(Clone),5,10,1.58,1.45,0,0,False,2,0,0
2026-03-06_18.10.57,51,sign-optimization-horizontal-vertical_scenario,620,206,3,2,-6,90,90,15,1,29430,AdultFemaleAgent(Clone),7,11,1.58,1.450001,0,0,False,2,0,0
2026-03-06_18.10.57,51,sign-optimization-horizontal-vertical_scenario,620,206,3,2,-6,90,90,15,1,29431,WheelchairAgent(Clone),7,11,1.3,1.17,0,0,False,2,0,0
2026-03-06_18.10.57,51,sign-optimization-horizontal-vertical_scenario,620,206,3,2,-6,90,90,15,1,29432,WheelchairAgent(Clone),11,10,1.3,1.17,0,0,False,3,0,0
2026-03-06_18.10.57,51,sign-optimization-horizontal-vertical_scenario,620,206,3,2,-6,90,90,15,1,29433,WheelchairAgent(Clone),11,10,1.3,1.17,0,0,False,3,0,0
2026-03-06_18.10.57,51,sign-optimization-horizontal-vertical_scenario,620,206,3,2,-6,90,90,15,1,29434,WheelchairAgent(Clone),7,11,1.3,1.17,0,0,False,2,0,0
2026-03-06_18.10.57,51,sign-optimization-horizontal-vertical_scenario,620,206,3,2,-6,90,90,15,1,29435,AdultFemaleAgent(Clone),5,10,1.58,1.45,0,0,False,2,0,0
2026-03-06_18.10.57,51,sign-optimization-horizontal-vertical_scenario,620,206,3,2,-6,90,90,15,1,29436,AdultFemaleAgent(Clone),11,10,1.58,1.450001,0,0,False,3,0,0
2026-03-06_18.10.57,51,sign-optimization-horizontal-vertical_scenario,620,206,3,2,-6,90,90,15,1,29437,AdultFemaleAgent(Clone),7,11,1.58,1.450001,0,0,False,2,0,0
2026-03-06_18.10.57,51,sign-optimization-horizontal-vertical_scenario,620,206,3,2,-6,90,90,15,1,29438,WheelchairAgent(Clone),6,12,1.3,1.17,0,0,False,2,0,0
2026-03-06_18.10.57,51,sign-optimization-horizontal-vertical_scenario,620,206,3,2,-6,90,90,15,1,29439,WheelchairAgent(Clone),10,12,1.3,1.17,0,0,False,3,0,0
2026-03-06_18.10.57,51,sign-optimization-horizontal-vertical_scenario,620,206,3,2,-6,90,90,15,1,29440,AdultFemaleAgent(Clone),6,12,1.58,1.45,0,0,False,2,0,0
2026-03-06_18.10.57,51,sign-optimization-horizontal-vertical_scenario,620,206,3,2,-6,90,90,15,1,29441,AdultFemaleAgent(Clone),5,10,1.58,1.45,0,0,False,2,0,0
2026-03-06_18.10.57,51,sign-optimization-horizontal-vertical_scenario,620,206,3,2,-6,90,90,15,1,29442,AdultMaleAgent(Clone),10,12,1.71,1.58,0,0,False,3,0,0
2026-03-06_18.10.57,51,sign-optimization-horizontal-vertical_scenario,620,206,3,2,-6,90,90,15,1,29443,AdultFemaleAgent(Clone),5,10,1.58,1.45,0,0,False,2,0,0
2026-03-06_18.10.57,51,sign-optimization-horizontal-vertical_scenario,620,206,3,2,-6,90,90,15,1,29444,AdultFemaleAgent(Clone),6,12,1.58,1.45,0,0,False,2,0,0
2026-03-06_18.10.57,51,sign-optimization-horizontal-vertical_scenario,620,206,3,2,-6,90,90,15,1,29445,AdultMaleAgent(Clone),6,12,1.71,1.58,0,0,False,2,0,0
2026-03-06_18.10.57,51,sign-optimization-horizontal-vertical_scenario,620,206,3,2,-6,90,90,15,1,29446,AdultMaleAgent(Clone),6,12,1.71,1.58,0,0,False,2,0,0
2026-03-06_18.10.57,51,sign-optimization-horizontal-vertical_scenario,620,206,3,2,-6,90,90,15,1,29447,AdultFemaleAgent(Clone),6,12,1.58,1.45,0,0,False,2,0,0
2026-03-06_18.10.57,51,sign-optimization-horizontal-vertical_scenario,620,206,3,2,-6,90,90,15,1,29448,AdultMaleAgent(Clone),10,12,1.71,1.58,0,0,False,3,0,0
2026-03-06_18.10.57,51,sign-optimization-horizontal-vertical_scenario,620,206,3,2,-6,90,90,15,1,29449,WheelchairAgent(Clone),7,11,1.3,1.17,0,0,False,2,0,0
2026-03-06_18.10.57,51,sign-optimization-horizontal-vertical_scenario,620,206,3,2,-6,90,90,15,1,29450,AdultFemaleAgent(Clone),10,12,1.58,1.45,0,0,False,3,0,0
2026-03-06_18.10.57,51,sign-optimization-horizontal-vertical_scenario,620,206,3,2,-6,90,90,15,1,29451,WheelchairAgent(Clone),11,10,1.3,1.17,0,0,False,3,0,0
2026-03-06_18.10.57,51,sign-optimization-horizontal-vertical_scenario,620,206,3,2,-6,90,90,15,1,29452,WheelchairAgent(Clone),7,11,1.3,1.17,0,0,False,2,0,0
2026-03-06_18.10.57,51,sign-optimization-horizontal-vertical_scenario,620,206,3,2,-6,90,90,15,1,29453,AdultFemaleAgent(Clone),11,10,1.58,1.450001,0,0,False,3,0,0
2026-03-06_18.10.57,51,sign-optimization-horizontal-vertical_scenario,620,206,3,2,-6,90,90,15,1,29454,AdultMaleAgent(Clone),6,12,1.71,1.58,0,0,False,2,0,0
2026-03-06_18.10.57,51,sign-optimization-horizontal-vertical_scenario,620,206,3,2,-6,90,90,15,1,29455,AdultMaleAgent(Clone),6,12,1.71,1.58,0,0,False,2,0,0
2026-03-06_18.10.57,51,sign-optimization-horizontal-vertical_scenario,620,206,3,2,-6,90,90,15,1,29456,AdultFemaleAgent(Clone),10,12,1.58,1.45,0,0,False,3,0,0
2026-03-06_18.10.57,51,sign-optimization-horizontal-vertical_scenario,620,206,3,2,-6,90,90,15,1,29457,AdultFemaleAgent(Clone),10,12,1.58,1.45,0,0,False,3,0,0
2026-03-06_18.10.57,51,sign-optimization-horizontal-vertical_scenario,620,206,3,2,-6,90,90,15,1,29458,AdultFemaleAgent(Clone),6,12,1.58,1.45,0,0,False,2,0,0
2026-03-06_18.10.57,51,sign-optimization-horizontal-vertical_scenario,620,206,3,2,-6,90,90,15,1,29459,WheelchairAgent(Clone),7,11,1.3,1.17,0,0,False,2,0,0
2026-03-06_18.10.57,51,sign-optimization-horizontal-vertical_scenario,620,206,3,2,-6,90,90,15,1,29460,AdultFemaleAgent(Clone),11,10,1.58,1.450001,0,0,False,3,0,0
2026-03-06_18.10.57,51,sign-optimization-horizontal-vertical_scenario,620,206,3,2,-6,90,90,15,1,29461,WheelchairAgent(Clone),7,11,1.3,1.17,0,0,False,2,0,0
2026-03-06_18.10.57,51,sign-optimization-horizontal-vertical_scenario,620,206,3,2,-6,90,90,15,1,29462,AdultFemaleAgent(Clone),10,12,1.58,1.45,0,0,False,3,0,0
2026-03-06_18.10.57,51,sign-optimization-horizontal-vertical_scenario,620,206,3,2,-6,90,90,15,1,29463,WheelchairAgent(Clone),5,10,1.3,1.17,0,0,False,2,0,0
2026-03-06_18.10.57,51,sign-optimization-horizontal-vertical_scenario,620,206,3,2,-6,90,90,15,1,29464,AdultFemaleAgent(Clone),5,10,1.58,1.45,0,0,False,2,0,0
2026-03-06_18.10.57,51,sign-optimization-horizontal-vertical_scenario,620,206,3,2,-6,90,90,15,1,29465,WheelchairAgent(Clone),6,12,1.3,1.17,0,0,False,2,0,0
2026-03-06_18.10.57,51,sign-optimization-horizontal-vertical_scenario,620,206,3,2,-6,90,90,15,1,29466,AdultMaleAgent(Clone),10,12,1.71,1.58,0,0,False,3,0,0
2026-03-06_18.10.57,51,sign-optimization-horizontal-vertical_scenario,620,206,3,2,-6,90,90,15,1,29467,WheelchairAgent(Clone),6,12,1.3,1.17,0,0,False,2,0,0
2026-03-06_18.10.57,51,sign-optimization-horizontal-vertical_scenario,620,206,3,2,-6,90,90,15,1,29468,WheelchairAgent(Clone),11,10,1.3,1.17,0,0,False,3,0,0
2026-03-06_18.10.57,51,sign-optimization-horizontal-vertical_scenario,620,206,3,2,-6,90,90,15,1,29469,AdultMaleAgent(Clone),7,11,1.71,1.58,0,0,False,2,0,0
2026-03-06_18.10.57,51,sign-optimization-horizontal-vertical_scenario,620,206,3,2,-6,90,90,15,1,29470,AdultMaleAgent(Clone),7,11,1.71,1.58,0,0,False,2,0,0
2026-03-06_18.10.57,51,sign-optimization-horizontal-vertical_scenario,620,206,3,2,-6,90,90,15,1,29471,AdultFemaleAgent(Clone),5,10,1.58,1.45,0,0,False,2,0,0
2026-03-06_18.10.57,51,sign-optimization-horizontal-vertical_scenario,620,206,3,2,-6,90,90,15,1,29472,WheelchairAgent(Clone),6,12,1.3,1.17,0,0,False,2,0,0
2026-03-06_18.10.57,51,sign-optimization-horizontal-vertical_scenario,620,206,3,2,-6,90,90,15,1,29473,AdultMaleAgent(Clone),6,12,1.71,1.58,0,0,False,2,0,0
2026-03-06_18.10.57,51,sign-optimization-horizontal-vertical_scenario,620,206,3,2,-6,90,90,15,1,29474,AdultMaleAgent(Clone),6,12,1.71,1.58,0,0,False,2,0,0
2026-03-06_18.10.57,51,sign-optimization-horizontal-vertical_scenario,620,206,3,2,-6,90,90,15,1,29475,WheelchairAgent(Clone),11,10,1.3,1.17,0,0,False,3,0,0
2026-03-06_18.10.57,51,sign-optimization-horizontal-vertical_scenario,620,206,3,2,-6,90,90,15,1,29476,AdultMaleAgent(Clone),10,12,1.71,1.58,0,0,False,3,0,0
2026-03-06_18.10.57,51,sign-optimization-horizontal-vertical_scenario,620,206,3,2,-6,90,90,15,1,29477,WheelchairAgent(Clone),5,10,1.3,1.17,0,0,False,2,0,0
