Timestamp,RunIndex,ScenarioID,TotalAgents,VisibleSignCount,SignHeight,SignPositionX,SignPositionZ,SignOrientation,VcaAngle,VcaDistance,SignComprehensionTime,AgentID,AgentType,StartNode,GoalNode,Height,EyeHeight,TimeInVCA,TimesInVCA,SawSign,TotalNodesNavigated,NodesWithDetection,RDEffective
2026-03-06_19.31.59,132,sign-optimization-horizontal-vertical_scenario,614,195,3,-7,-1,90,90,15,1,75961,AdultFemaleAgent(Clone),5,10,1.58,1.45,2.415039,1,False,2,1,0.5
2026-03-06_19.31.59,132,sign-optimization-horizontal-vertical_scenario,614,195,3,-7,-1,90,90,15,1,75962,WheelchairAgent(Clone),7,11,1.3,1.17,7.456055,2,True,2,1,0.5
2026-03-06_19.31.59,132,sign-optimization-horizontal-vertical_scenario,614,195,3,-7,-1,90,90,15,1,75963,AdultFemaleAgent(Clone),6,12,1.58,1.45,9.591309,1,False,2,1,0.5
2026-03-06_19.31.59,132,sign-optimization-horizontal-vertical_scenario,614,195,3,-7,-1,90,90,15,1,75964,AdultFemaleAgent(Clone),11,10,1.58,1.450001,13.5083,1,True,3,1,0.3333333
2026-03-06_19.31.59,132,sign-optimization-horizontal-vertical_scenario,614,195,3,-7,-1,90,90,15,1,75965,AdultMaleAgent(Clone),7,11,1.71,1.58,5.946289,2,True,2,1,0.5
2026-03-06_19.31.59,132,sign-optimization-horizontal-vertical_scenario,614,195,3,-7,-1,90,90,15,1,75966,AdultFemaleAgent(Clone),11,10,1.58,1.450001,11.19287,1,True,3,1,0.3333333
2026-03-06_19.31.59,132,sign-optimization-horizontal-vertical_scenario,614,195,3,-7,-1,90,90,15,1,75967,AdultMaleAgent(Clone),10,12,1.71,1.58,17.80518,1,False,3,0,0
2026-03-06_19.31.59,132,sign-optimization-horizontal-vertical_scenario,614,195,3,-7,-1,90,90,15,1,75968,WheelchairAgent(Clone),6,12,1.3,1.17,10.16846,1,False,2,1,0.5
2026-03-06_19.31.59,132,sign-optimization-horizontal-vertical_scenario,614,195,3,-7,-1,90,90,15,1,75969,WheelchairAgent(Clone),11,10,1.3,1.17,9.723633,1,False,3,1,0.3333333
2026-03-06_19.31.59,132,sign-optimization-horizontal-vertical_scenario,614,195,3,-7,-1,90,90,15,1,75970,AdultMaleAgent(Clone),6,12,1.71,1.58,13.00342,1,True,2,1,0.5
2026-03-06_19.31.59,132,sign-optimization-horizontal-vertical_scenario,614,195,3,-7,-1,90,90,15,1,75971,AdultFemaleAgent(Clone),5,10,1.58,1.45,4.535156,1,True,2,1,0.5
2026-03-06_19.31.59,132,sign-optimization-horizontal-vertical_scenario,614,195,3,-7,-1,90,90,15,1,75972,AdultFemaleAgent(Clone),7,11,1.58,1.450001,4.499023,2,True,2,1,0.5
2026-03-06_19.31.59,132,sign-optimization-horizontal-vertical_scenario,614,195,3,-7,-1,90,90,15,1,75973,AdultFemaleAgent(Clone),11,10,1.58,1.450001,10.12598,1,False,3,1,0.3333333
2026-03-06_19.31.59,132,sign-optimization-horizontal-vertical_scenario,614,195,3,-7,-1,90,90,15,1,75974,WheelchairAgent(Clone),11,10,1.3,1.17,12.67529,1,True,3,1,0.3333333
2026-03-06_19.31.59,132,sign-optimization-horizontal-vertical_scenario,614,195,3,-7,-1,90,90,15,1,75975,AdultFemaleAgent(Clone),7,11,1.58,1.450001,5.748047,2,True,2,1,0.5
2026-03-06_19.31.59,132,sign-optimization-horizontal-vertical_scenario,614,195,3,-7,-1,90,90,15,1,75976,AdultMaleAgent(Clone),10,12,1.71,1.58,13.11914,1,False,3,0,0
2026-03-06_19.31.59,132,sign-optimization-horizontal-vertical_scenario,614,195,3,-7,-1,90,90,15,1,75977,WheelchairAgent(Clone),10,12,1.3,1.17,11.35986,1,False,3,1,0.3333333
2026-03-06_19.31.59,132,sign-optimization-horizontal-vertical_scenario,614,195,3,-7,-1,90,90,15,1,75978,AdultFemaleAgent(Clone),11,10,1.58,1.450001,11.91846,1,True,3,1,0.3333333
2026-03-06_19.31.59,132,sign-optimization-horizontal-vertical_scenario,614,195,3,-7,-1,90,90,15,1,75979,AdultFemaleAgent(Clone),7,11,1.58,1.450001,7.137207,2,True,2,1,0.5
2026-03-06_19.31.59,132,sign-optimization-horizontal-vertical_scenario,614,195,3,-7,-1,90,90,15,1,75980,AdultMaleAgent(Clone),10,12,1.71,1.58,12.0708,1,False,3,0,0
2026-03-06_19.31.59,132,sign-optimization-horizontal-vertical_scenario,614,195,3,-7,-1,90,90,15,1,75981,WheelchairAgent(Clone),6,12,1.3,1.17,10.83594,1,False,2,1,0.5
2026-03-06_19.31.59,132,sign-optimization-horizontal-vertical_scenario,614,195,3,-7,-1,90,90,15,1,75982,AdultFemaleAgent(Clone),10,12,1.58,1.45,13.26123,1,False,3,1,0.3333333
2026-03-06_19.31.59,132,sign-optimization-horizontal-vertical_scenario,614,195,3,-7,-1,90,90,15,1,75983,AdultFemaleAgent(Clone),7,11,1.58,1.450001,5.739746,2,True,2,1,0.5
2026-03-06_19.31.59,132,sign-optimization-horizontal-vertical_scenario,614,195,3,-7,-1,90,90,15,1,75984,AdultFemaleAgent(Clone),7,11,1.58,1.450001,3.668457,2,False,2,1,0.5
2026-03-06_19.31.59,132,sign-optimization-horizontal-vertical_scenario,614,195,3,-7,-1,90,90,15,1,75985,AdultMaleAgent(Clone),7,11,1.71,1.58,8.112305,2,True,2,1,0.5
2026-03-06_19.31.59,132,sign-optimization-horizontal-vertical_scenario,614,195,3,-7,-1,90,90,15,1,75986,WheelchairAgent(Clone),5,10,1.3,1.17,3.891113,1,False,2,1,0.5
2026-03-06_19.31.59,132,sign-optimization-horizontal-vertical_scenario,614,195,3,-7,-1,90,90,15,1,75987,WheelchairAgent(Clone),5,10,1.3,1.17,0,0,False,2,0,0
2026-03-06_19.31.59,132,sign-optimization-horizontal-vertical_scenario,614,195,3,-7,-1,90,90,15,1,75988,WheelchairAgent(Clone),7,11,1.3,1.17,4.644531,2,True,2,1,0.5
2026-03-06_19.31.59,132,sign-optimization-horizontal-vertical_scenario,614,195,3,-7,-1,90,90,15,1,75989,WheelchairAgent(Clone),10,12,1.3,1.17,12.31445,1,False,3,0,0
2026-03-06_19.31.59,132,sign-optimization-horizontal-vertical_scenario,614,195,3,-7,-1,90,90,15,1,75990,AdultMaleAgent(Clone),10,12,1.71,1.58,12.58301,1,False,3,0,0
2026-03-06_19.31.59,132,sign-optimization-horizontal-vertical_scenario,614,195,3,-7,-1,90,90,15,1,75991,AdultMaleAgent(Clone),10,12,1.71,1.58,12.97314,1,False,3,1,0.3333333
2026-03-06_19.31.59,132,sign-optimization-horizontal-vertical_scenario,614,195,3,-7,-1,90,90,15,1,75992,AdultMaleAgent(Clone),5,10,1.71,1.58,6.699707,1,True,2,1,0.5
2026-03-06_19.31.59,132,sign-optimization-horizontal-vertical_scenario,614,195,3,-7,-1,90,90,15,1,75993,AdultMaleAgent(Clone),5,10,1.71,1.58,5.111816,1,True,2,1,0.5
2026-03-06_19.31.59,132,sign-optimization-horizontal-vertical_scenario,614,195,3,-7,-1,90,90,15,1,75994,AdultFemaleAgent(Clone),5,10,1.58,1.45,4.264648,1,False,2,1,0.5
2026-03-06_19.31.59,132,sign-optimization-horizontal-vertical_scenario,614,195,3,-7,-1,90,90,15,1,75995,WheelchairAgent(Clone),5,10,1.3,1.17,3.490234,1,False,2,1,0.5
2026-03-06_19.31.59,132,sign-optimization-horizontal-vertical_scenario,614,195,3,-7,-1,90,90,15,1,75996,AdultFemaleAgent(Clone),11,10,1.58,1.450001,11.16797,1,True,3,1,0.3333333
2026-03-06_19.31.59,132,sign-optimization-horizontal-vertical_scenario,614,195,3,-7,-1,90,90,15,1,75997,AdultFemaleAgent(Clone),5,10,1.58,1.45,3.255859,1,False,2,1,0.5
2026-03-06_19.31.59,132,sign-optimization-horizontal-vertical_scenario,614,195,3,-7,-1,90,90,15,1,75998,WheelchairAgent(Clone),10,12,1.3,1.17,12.24463,1,False,3,0,0
2026-03-06_19.31.59,132,sign-optimization-horizontal-vertical_scenario,614,195,3,-7,-1,90,90,15,1,75999,AdultMaleAgent(Clone),5,10,1.71,1.58,2.98877,1,False,2,1,0.5
2026-03-06_19.31.59,132,sign-optimization-horizontal-vertical_scenario,614,195,3,-7,-1,90,90,15,1,76000,WheelchairAgent(Clone),10,12,1.3,1.17,19.29834,1,False,3,0,0
2026-03-06_19.31.59,132,sign-optimization-horizontal-vertical_scenario,614,195,3,-7,-1,90,90,15,1,76001,AdultMaleAgent(Clone),11,10,1.71,1.58,4.301758,1,False,3,0,0
2026-03-06_19.31.59,132,sign-optimization-horizontal-vertical_scenario,614,195,3,-7,-1,90,90,15,1,76002,AdultMaleAgent(Clone),7,11,1.71,1.58,3.283203,2,True,2,1,0.5
2026-03-06_19.31.59,132,sign-optimization-horizontal-vertical_scenario,614,195,3,-7,-1,90,90,15,1,76003,AdultFemaleAgent(Clone),11,10,1.58,1.450001,8.769043,1,False,3,0,0
2026-03-06_19.31.59,132,sign-optimization-horizontal-vertical_scenario,614,195,3,-7,-1,90,90,15,1,76004,AdultMaleAgent(Clone),5,10,1.71,1.58,1.472168,1,False,2,0,0
2026-03-06_19.31.59,132,sign-optimization-horizontal-vertical_scenario,614,195,3,-7,-1,90,90,15,1,76005,AdultMaleAgent(Clone),7,11,1.71,1.58,4.126465,2,True,2,1,0.5
2026-03-06_19.31.59,132,sign-optimization-horizontal-vertical_scenario,614,195,3,-7,-1,90,90,15,1,76006,AdultFemaleAgent(Clone),11,10,1.58,1.450001,11.43457,1,True,3,1,0.3333333
2026-03-06_19.31.59,132,sign-optimization-horizontal-vertical_scenario,614,195,3,-7,-1,90,90,15,1,76007,AdultMaleAgent(Clone),10,12,1.71,1.58,12.28174,1,False,3,0,0
2026-03-06_19.31.59,132,sign-optimization-horizontal-vertical_scenario,614,195,3,-7,-1,90,90,15,1,76008,AdultFemaleAgent(Clone),5,10,1.58,1.45,0.4907227,1,False,2,0,0
2026-03-06_19.31.59,132,sign-optimization-horizontal-vertical_scenario,614,195,3,-7,-1,90,90,15,1,76009,AdultMaleAgent(Clone),10,12,1.71,1.58,13.05078,1,False,3,0,0
2026-03-06_19.31.59,132,sign-optimization-horizontal-vertical_scenario,614,195,3,-7,-1,90,90,15,1,76010,WheelchairAgent(Clone),7,11,1.3,1.17,5.523926,2,True,2,1,0.5
2026-03-06_19.31.59,132,sign-optimization-horizontal-vertical_scenario,614,195,3,-7,-1,90,90,15,1,76011,AdultFemaleAgent(Clone),10,12,1.58,1.45,12.58594,1,False,3,0,0
2026-03-06_19.31.59,132,sign-optimization-horizontal-vertical_scenario,614,195,3,-7,-1,90,90,15,1,76012,AdultFemaleAgent(Clone),10,12,1.58,1.45,13.83008,1,False,3,0,0
2026-03-06_19.31.59,132,sign-optimization-horizontal-vertical_scenario,614,195,3,-7,-1,90,90,15,1,76013,WheelchairAgent(Clone),5,10,1.3,1.17,5.424316,1,True,2,1,0.5
2026-03-06_19.31.59,132,sign-optimization-horizontal-vertical_scenario,614,195,3,-7,-1,90,90,15,1,76014,AdultFemaleAgent(Clone),6,12,1.58,1.45,13.9458,1,False,2,1,0.5
2026-03-06_19.31.59,132,sign-optimization-horizontal-vertical_scenario,614,195,3,-7,-1,90,90,15,1,76015,AdultMaleAgent(Clone),6,12,1.71,1.58,13.88818,1,False,2,1,0.5
2026-03-06_19.31.59,132,sign-optimization-horizontal-vertical_scenario,614,195,3,-7,-1,90,90,15,1,76016,WheelchairAgent(Clone),6,12,1.3,1.17,13.03223,1,False,2,1,0.5
2026-03-06_19.31.59,132,sign-optimization-horizontal-vertical_scenario,614,195,3,-7,-1,90,90,15,1,76017,WheelchairAgent(Clone),7,11,1.3,1.17,7.831543,2,True,2,1,0.5
2026-03-06_19.31.59,132,sign-optimization-horizontal-vertical_scenario,614,195,3,-7,-1,90,90,15,1,76018,AdultMaleAgent(Clone),10,12,1.71,1.58,12.52197,1,False,3,0,0
2026-03-06_19.31.59,132,sign-optimization-horizontal-vertical_scenario,614,195,3,-7,-1,90,90,15,1,76019,WheelchairAgent(Clone),10,12,1.3,1.17,13.70264,1,False,3,0,0
2026-03-06_19.31.59,132,sign-optimization-horizontal-vertical_scenario,614,195,3,-7,-1,90,90,15,1,76020,WheelchairAgent(Clone),6,12,1.3,1.17,13.43945,1,False,2,1,0.5
2026-03-06_19.31.59,132,sign-optimization-horizontal-vertical_scenario,614,195,3,-7,-1,90,90,15,1,76021,AdultMaleAgent(Clone),7,11,1.71,1.58,5.174805,2,True,2,1,0.5
2026-03-06_19.31.59,132,sign-optimization-horizontal-vertical_scenario,614,195,3,-7,-1,90,90,15,1,76022,WheelchairAgent(Clone),11,10,1.3,1.17,8.794922,1,False,3,0,0
2026-03-06_19.31.59,132,sign-optimization-horizontal-vertical_scenario,614,195,3,-7,-1,90,90,15,1,76023,AdultMaleAgent(Clone),6,12,1.71,1.58,14.20557,1,True,2,1,0.5
2026-03-06_19.31.59,132,sign-optimization-horizontal-vertical_scenario,614,195,3,-7,-1,90,90,15,1,76024,AdultFemaleAgent(Clone),5,10,1.58,1.45,0,0,False,2,0,0
2026-03-06_19.31.59,132,sign-optimization-horizontal-vertical_scenario,614,195,3,-7,-1,90,90,15,1,76025,WheelchairAgent(Clone),11,10,1.3,1.17,12.45801,1,False,3,1,0.3333333
2026-03-06_19.31.59,132,sign-optimization-horizontal-vertical_scenario,614,195,3,-7,-1,90,90,15,1,76026,WheelchairAgent(Clone),5,10,1.3,1.17,0.7841797,1,False,2,0,0
2026-03-06_19.31.59,132,sign-optimization-horizontal-vertical_scenario,614,195,3,-7,-1,90,90,15,1,76027,AdultMaleAgent(Clone),7,11,1.71,1.58,8.370117,2,True,2,1,0.5
2026-03-06_19.31.59,132,sign-optimization-horizontal-vertical_scenario,614,195,3,-7,-1,90,90,15,1,76028,AdultMaleAgent(Clone),7,11,1.71,1.58,8.943359,2,True,2,1,0.5
2026-03-06_19.31.59,132,sign-optimization-horizontal-vertical_scenario,614,195,3,-7,-1,90,90,15,1,76029,AdultFemaleAgent(Clone),10,12,1.58,1.45,12.13184,1,False,3,0,0
2026-03-06_19.31.59,132,sign-optimization-horizontal-vertical_scenario,614,195,3,-7,-1,90,90,15,1,76030,AdultMaleAgent(Clone),7,11,1.71,1.58,5.355469,2,True,2,1,0.5
2026-03-06_19.31.59,132,sign-optimization-horizontal-vertical_scenario,614,195,3,-7,-1,90,90,15,1,76031,AdultMaleAgent(Clone),11,10,1.71,1.58,14.04297,1,True,3,1,0.3333333
2026-03-06_19.31.59,132,sign-optimization-horizontal-vertical_scenario,614,195,3,-7,-1,90,90,15,1,76032,WheelchairAgent(Clone),7,11,1.3,1.17,4.939941,2,True,2,1,0.5
2026-03-06_19.31.59,132,sign-optimization-horizontal-vertical_scenario,614,195,3,-7,-1,90,90,15,1,76033,WheelchairAgent(Clone),10,12,1.3,1.17,14.19189,1,False,3,0,0
2026-03-06_19.31.59,132,sign-optimization-horizontal-vertical_scenario,614,195,3,-7,-1,90,90,15,1,76034,WheelchairAgent(Clone),11,10,1.3,1.17,14.3584,1,False,3,1,0.3333333
2026-03-06_19.31.59,132,sign-optimization-horizontal-vertical_scenario,614,195,3,-7,-1,90,90,15,1,76035,AdultMaleAgent(Clone),6,12,1.71,1.58,13.125,1,False,2,1,0.5
2026-03-06_19.31.59,132,sign-optimization-horizontal-vertical_scenario,614,195,3,-7,-1,90,90,15,1,76036,AdultMaleAgent(Clone),6,12,1.71,1.58,9.887695,1,True,2,1,0.5
2026-03-06_19.31.59,132,sign-optimization-horizontal-vertical_scenario,614,195,3,-7,-1,90,90,15,1,76037,WheelchairAgent(Clone),5,10,1.3,1.17,0.8564453,1,False,2,0,0
2026-03-06_19.31.59,132,sign-optimization-horizontal-vertical_scenario,614,195,3,-7,-1,90,90,15,1,76038,WheelchairAgent(Clone),6,12,1.3,1.17,11.74268,1,True,2,1,0.5
2026-03-06_19.31.59,132,sign-optimization-horizontal-vertical_scenario,614,195,3,-7,-1,90,90,15,1,76039,WheelchairAgent(Clone),5,10,1.3,1.17,3.438965,1,False,2,1,0.5
2026-03-06_19.31.59,132,sign-optimization-horizontal-vertical_scenario,614,195,3,-7,-1,90,90,15,1,76040,AdultFemaleAgent(Clone),10,12,1.58,1.45,12.14111,1,False,3,0,0
2026-03-06_19.31.59,132,sign-optimization-horizontal-vertical_scenario,614,195,3,-7,-1,90,90,15,1,76041,AdultMaleAgent(Clone),6,12,1.71,1.58,13.69287,1,False,2,1,0.5
2026-03-06_19.31.59,132,sign-optimization-horizontal-vertical_scenario,614,195,3,-7,-1,90,90,15,1,76042,AdultFemaleAgent(Clone),5,10,1.58,1.45,2.790039,1,False,2,1,0.5
2026-03-06_19.31.59,132,sign-optimization-horizontal-vertical_scenario,614,195,3,-7,-1,90,90,15,1,76043,AdultFemaleAgent(Clone),5,10,1.58,1.45,5.710938,1,True,2,1,0.5
2026-03-06_19.31.59,132,sign-optimization-horizontal-vertical_scenario,614,195,3,-7,-1,90,90,15,1,76044,AdultMaleAgent(Clone),10,12,1.71,1.58,14.76318,1,False,3,0,0
2026-03-06_19.31.59,132,sign-optimization-horizontal-vertical_scenario,614,195,3,-7,-1,90,90,15,1,76045,WheelchairAgent(Clone),7,11,1.3,1.17,4.496582,2,True,2,1,0.5
2026-03-06_19.31.59,132,sign-optimization-horizontal-vertical_scenario,614,195,3,-7,-1,90,90,15,1,76046,WheelchairAgent(Clone),6,12,1.3,1.17,13.04688,1,False,2,1,0.5
2026-03-06_19.31.59,132,sign-optimization-horizontal-vertical_scenario,614,195,3,-7,-1,90,90,15,1,76047,AdultMaleAgent(Clone),5,10,1.71,1.58,4.807617,1,True,2,1,0.5
2026-03-06_19.31.59,132,sign-optimization-horizontal-vertical_scenario,614,195,3,-7,-1,90,90,15,1,76048,WheelchairAgent(Clone),7,11,1.3,1.17,6.37793,2,True,2,1,0.5
2026-03-06_19.31.59,132,sign-optimization-horizontal-vertical_scenario,614,195,3,-7,-1,90,90,15,1,76049,WheelchairAgent(Clone),5,10,1.3,1.17,1.616699,1,False,2,0,0
2026-03-06_19.31.59,132,sign-optimization-horizontal-vertical_scenario,614,195,3,-7,-1,90,90,15,1,76050,WheelchairAgent(Clone),7,11,1.3,1.17,5.483398,2,True,2,1,0.5
2026-03-06_19.31.59,132,sign-optimization-horizontal-vertical_scenario,614,195,3,-7,-1,90,90,15,1,76051,WheelchairAgent(Clone),10,12,1.3,1.17,12.42188,1,False,3,0,0
2026-03-06_19.31.59,132,sign-optimization-horizontal-vertical_scenario,614,195,3,-7,-1,90,90,15,1,76052,AdultMaleAgent(Clone),6,12,1.71,1.58,15.73145,1,True,2,1,0.5
2026-03-06_19.31.59,132,sign-optimization-horizontal-vertical_scenario,614,195,3,-7,-1,90,90,15,1,76053,AdultFemaleAgent(Clone),10,12,1.58,1.45,13.6958,1,False,3,0,0
2026-03-06_19.31.59,132,sign-optimization-horizontal-vertical_scenario,614,195,3,-7,-1,90,90,15,1,76054,AdultFemaleAgent(Clone),5,10,1.58,1.45,2.901367,1,False,2,1,0.5
2026-03-06_19.31.59,132,sign-optimization-horizontal-vertical_scenario,614,195,3,-7,-1,90,90,15,1,76055,AdultFemaleAgent(Clone),5,10,1.58,1.45,4.25293,1,True,2,1,0.5
2026-03-06_19.31.59,132,sign-optimization-horizontal-vertical_scenario,614,195,3,-7,-1,90,90,15,1,76056,AdultMaleAgent(Clone),10,12,1.71,1.58,14.11084,1,False,3,0,0
2026-03-06_19.31.59,132,sign-optimization-horizontal-vertical_scenario,614,195,3,-7,-1,90,90,15,1,76057,WheelchairAgent(Clone),5,10,1.3,1.17,3.079102,1,False,2,1,0.5
2026-03-06_19.31.59,132,sign-optimization-horizontal-vertical_scenario,614,195,3,-7,-1,90,90,15,1,76058,AdultFemaleAgent(Clone),7,11,1.58,1.450001,4.918945,2,True,2,1,0.5
2026-03-06_19.31.59,132,sign-optimization-horizontal-vertical_scenario,614,195,3,-7,-1,90,90,15,1,76059,WheelchairAgent(Clone),5,10,1.3,1.17,0,0,False,2,0,0
2026-03-06_19.31.59,132,sign-optimization-horizontal-vertical_scenario,614,195,3,-7,-1,90,90,15,1,76060,WheelchairAgent(Clone),10,12,1.3,1.17,22.46631,1,False,3,1,0.3333333
2026-03-06_19.31.59,132,sign-optimization-horizontal-vertical_scenario,614,195,3,-7,-1,90,90,15,1,76061,WheelchairAgent(Clone),7,11,1.3,1.17,5.216797,2,True,2,1,0.5
2026-03-06_19.31.59,132,sign-optimization-horizontal-vertical_scenario,614,195,3,-7,-1,90,90,15,1,76062,AdultFemaleAgent(Clone),6,12,1.58,1.45,13.27441,1,True,2,1,0.5
2026-03-06_19.31.59,132,sign-optimization-horizontal-vertical_scenario,614,195,3,-7,-1,90,90,15,1,76063,WheelchairAgent(Clone),7,11,1.3,1.17,3.280762,2,True,2,1,0.5
2026-03-06_19.31.59,132,sign-optimization-horizontal-vertical_scenario,614,195,3,-7,-1,90,90,15,1,76064,AdultMaleAgent(Clone),5,10,1.71,1.58,3.866211,1,False,2,1,0.5
2026-03-06_19.31.59,132,sign-optimization-horizontal-vertical_scenario,614,195,3,-7,-1,90,90,15,1,76065,WheelchairAgent(Clone),11,10,1.3,1.17,7.776855,1,False,3,0,0
2026-03-06_19.31.59,132,sign-optimization-horizontal-vertical_scenario,614,195,3,-7,-1,90,90,15,1,76066,AdultFemaleAgent(Clone),6,12,1.58,1.45,14.59814,1,True,2,1,0.5
2026-03-06_19.31.59,132,sign-optimization-horizontal-vertical_scenario,614,195,3,-7,-1,90,90,15,1,76067,WheelchairAgent(Clone),6,12,1.3,1.17,11.98584,1,False,2,1,0.5
2026-03-06_19.31.59,132,sign-optimization-horizontal-vertical_scenario,614,195,3,-7,-1,90,90,15,1,76068,AdultFemaleAgent(Clone),10,12,1.58,1.45,13.14893,1,False,3,0,0
2026-03-06_19.31.59,132,sign-optimization-horizontal-vertical_scenario,614,195,3,-7,-1,90,90,15,1,76069,AdultFemaleAgent(Clone),7,11,1.58,1.450001,4.979004,2,True,2,1,0.5
2026-03-06_19.31.59,132,sign-optimization-horizontal-vertical_scenario,614,195,3,-7,-1,90,90,15,1,76070,AdultMaleAgent(Clone),7,11,1.71,1.58,4.431641,2,True,2,1,0.5
2026-03-06_19.31.59,132,sign-optimization-horizontal-vertical_scenario,614,195,3,-7,-1,90,90,15,1,76071,AdultFemaleAgent(Clone),7,11,1.58,1.450001,3.722168,2,True,2,1,0.5
2026-03-06_19.31.59,132,sign-optimization-horizontal-vertical_scenario,614,195,3,-7,-1,90,90,15,1,76072,AdultMaleAgent(Clone),5,10,1.71,1.58,4.646973,1,True,2,1,0.5
2026-03-06_19.31.59,132,sign-optimization-horizontal-vertical_scenario,614,195,3,-7,-1,90,90,15,1,76073,AdultFemaleAgent(Clone),6,12,1.58,1.45,14.12305,1,False,2,1,0.5
2026-03-06_19.31.59,132,sign-optimization-horizontal-vertical_scenario,614,195,3,-7,-1,90,90,15,1,76074,AdultMaleAgent(Clone),10,12,1.71,1.58,14.45068,1,False,3,0,0
2026-03-06_19.31.59,132,sign-optimization-horizontal-vertical_scenario,614,195,3,-7,-1,90,90,15,1,76075,AdultMaleAgent(Clone),11,10,1.71,1.58,9.691895,1,False,3,1,0.3333333
2026-03-06_19.31.59,132,sign-optimization-horizontal-vertical_scenario,614,195,3,-7,-1,90,90,15,1,76076,AdultFemaleAgent(Clone),7,11,1.58,1.450001,6.436035,2,True,2,1,0.5
2026-03-06_19.31.59,132,sign-optimization-horizontal-vertical_scenario,614,195,3,-7,-1,90,90,15,1,76077,AdultMaleAgent(Clone),5,10,1.71,1.58,1.41748,1,False,2,0,0
2026-03-06_19.31.59,132,sign-optimization-horizontal-vertical_scenario,614,195,3,-7,-1,90,90,15,1,76078,AdultMaleAgent(Clone),10,12,1.71,1.58,13.77246,1,False,3,0,0
2026-03-06_19.31.59,132,sign-optimization-horizontal-vertical_scenario,614,195,3,-7,-1,90,90,15,1,76079,AdultMaleAgent(Clone),7,11,1.71,1.58,4.633789,2,True,2,1,0.5
2026-03-06_19.31.59,132,sign-optimization-horizontal-vertical_scenario,614,195,3,-7,-1,90,90,15,1,76080,AdultFemaleAgent(Clone),11,10,1.58,1.450001,9.70459,1,False,3,1,0.3333333
2026-03-06_19.31.59,132,sign-optimization-horizontal-vertical_scenario,614,195,3,-7,-1,90,90,15,1,76081,AdultMaleAgent(Clone),7,11,1.71,1.58,3.70459,2,True,2,1,0.5
2026-03-06_19.31.59,132,sign-optimization-horizontal-vertical_scenario,614,195,3,-7,-1,90,90,15,1,76082,WheelchairAgent(Clone),6,12,1.3,1.17,10.84766,1,False,2,1,0.5
2026-03-06_19.31.59,132,sign-optimization-horizontal-vertical_scenario,614,195,3,-7,-1,90,90,15,1,76083,WheelchairAgent(Clone),11,10,1.3,1.17,7.498535,1,False,3,0,0
2026-03-06_19.31.59,132,sign-optimization-horizontal-vertical_scenario,614,195,3,-7,-1,90,90,15,1,76084,AdultMaleAgent(Clone),6,12,1.71,1.58,12.84766,1,True,2,1,0.5
2026-03-06_19.31.59,132,sign-optimization-horizontal-vertical_scenario,614,195,3,-7,-1,90,90,15,1,76085,AdultMaleAgent(Clone),11,10,1.71,1.58,0,0,False,3,0,0
2026-03-06_19.31.59,132,sign-optimization-horizontal-vertical_scenario,614,195,3,-7,-1,90,90,15,1,76086,AdultFemaleAgent(Clone),5,10,1.58,1.45,3.754883,1,False,2,1,0.5
2026-03-06_19.31.59,132,sign-optimization-horizontal-vertical_scenario,614,195,3,-7,-1,90,90,15,1,76087,WheelchairAgent(Clone),6,12,1.3,1.17,8.416504,1,False,2,1,0.5
2026-03-06_19.31.59,132,sign-optimization-horizontal-vertical_scenario,614,195,3,-7,-1,90,90,15,1,76088,AdultMaleAgent(Clone),11,10,1.71,1.58,8.227539,1,False,3,0,0
2026-03-06_19.31.59,132,sign-optimization-horizontal-vertical_scenario,614,195,3,-7,-1,90,90,15,1,76089,AdultFemaleAgent(Clone),7,11,1.58,1.450001,7.09082,2,True,2,1,0.5
2026-03-06_19.31.59,132,sign-optimization-horizontal-vertical_scenario,614,195,3,-7,-1,90,90,15,1,76090,AdultMaleAgent(Clone),5,10,1.71,1.58,5.527832,1,True,2,1,0.5
2026-03-06_19.31.59,132,sign-optimization-horizontal-vertical_scenario,614,195,3,-7,-1,90,90,15,1,76091,WheelchairAgent(Clone),10,12,1.3,1.17,11.01172,1,False,3,0,0
2026-03-06_19.31.59,132,sign-optimization-horizontal-vertical_scenario,614,195,3,-7,-1,90,90,15,1,76092,WheelchairAgent(Clone),7,11,1.3,1.17,4.978027,2,True,2,1,0.5
2026-03-06_19.31.59,132,sign-optimization-horizontal-vertical_scenario,614,195,3,-7,-1,90,90,15,1,76093,AdultFemaleAgent(Clone),11,10,1.58,1.450001,8.087891,1,False,3,0,0
2026-03-06_19.31.59,132,sign-optimization-horizontal-vertical_scenario,614,195,3,-7,-1,90,90,15,1,76094,AdultFemaleAgent(Clone),7,11,1.58,1.450001,6.432129,2,True,2,1,0.5
2026-03-06_19.31.59,132,sign-optimization-horizontal-vertical_scenario,614,195,3,-7,-1,90,90,15,1,76095,AdultMaleAgent(Clone),5,10,1.71,1.58,4.265625,1,True,2,1,0.5
2026-03-06_19.31.59,132,sign-optimization-horizontal-vertical_scenario,614,195,3,-7,-1,90,90,15,1,76096,AdultFemaleAgent(Clone),11,10,1.58,1.450001,0,0,False,3,0,0
2026-03-06_19.31.59,132,sign-optimization-horizontal-vertical_scenario,614,195,3,-7,-1,90,90,15,1,76097,AdultFemaleAgent(Clone),5,10,1.58,1.45,2.376953,1,False,2,0,0
2026-03-06_19.31.59,132,sign-optimization-horizontal-vertical_scenario,614,195,3,-7,-1,90,90,15,1,76098,AdultMaleAgent(Clone),7,11,1.71,1.58,7.083496,2,True,2,1,0.5
2026-03-06_19.31.59,132,sign-optimization-horizontal-vertical_scenario,614,195,3,-7,-1,90,90,15,1,76099,WheelchairAgent(Clone),7,11,1.3,1.17,4.411621,2,True,2,1,0.5
2026-03-06_19.31.59,132,sign-optimization-horizontal-vertical_scenario,614,195,3,-7,-1,90,90,15,1,76100,WheelchairAgent(Clone),6,12,1.3,1.17,14.27783,1,False,2,1,0.5
2026-03-06_19.31.59,132,sign-optimization-horizontal-vertical_scenario,614,195,3,-7,-1,90,90,15,1,76101,AdultMaleAgent(Clone),6,12,1.71,1.58,13.95947,1,True,2,1,0.5
2026-03-06_19.31.59,132,sign-optimization-horizontal-vertical_scenario,614,195,3,-7,-1,90,90,15,1,76102,WheelchairAgent(Clone),7,11,1.3,1.17,4.253418,2,False,2,0,0
2026-03-06_19.31.59,132,sign-optimization-horizontal-vertical_scenario,614,195,3,-7,-1,90,90,15,1,76103,AdultFemaleAgent(Clone),6,12,1.58,1.45,15.25439,1,True,2,1,0.5
2026-03-06_19.31.59,132,sign-optimization-horizontal-vertical_scenario,614,195,3,-7,-1,90,90,15,1,76104,AdultMaleAgent(Clone),5,10,1.71,1.58,3.484863,1,False,2,1,0.5
2026-03-06_19.31.59,132,sign-optimization-horizontal-vertical_scenario,614,195,3,-7,-1,90,90,15,1,76105,AdultFemaleAgent(Clone),6,12,1.58,1.45,13.75635,1,True,2,1,0.5
2026-03-06_19.31.59,132,sign-optimization-horizontal-vertical_scenario,614,195,3,-7,-1,90,90,15,1,76106,AdultMaleAgent(Clone),10,12,1.71,1.58,13.86572,1,False,3,0,0
2026-03-06_19.31.59,132,sign-optimization-horizontal-vertical_scenario,614,195,3,-7,-1,90,90,15,1,76107,AdultFemaleAgent(Clone),11,10,1.58,1.450001,8.57666,1,False,3,0,0
2026-03-06_19.31.59,132,sign-optimization-horizontal-vertical_scenario,614,195,3,-7,-1,90,90,15,1,76108,AdultMaleAgent(Clone),6,12,1.71,1.58,12.47021,1,True,2,1,0.5
2026-03-06_19.31.59,132,sign-optimization-horizontal-vertical_scenario,614,195,3,-7,-1,90,90,15,1,76109,AdultMaleAgent(Clone),6,12,1.71,1.58,13.2124,1,True,2,1,0.5
2026-03-06_19.31.59,132,sign-optimization-horizontal-vertical_scenario,614,195,3,-7,-1,90,90,15,1,76110,AdultFemaleAgent(Clone),6,12,1.58,1.45,14.5708,1,True,2,1,0.5
2026-03-06_19.31.59,132,sign-optimization-horizontal-vertical_scenario,614,195,3,-7,-1,90,90,15,1,76111,AdultMaleAgent(Clone),7,11,1.71,1.58,6.138184,2,True,2,1,0.5
2026-03-06_19.31.59,132,sign-optimization-horizontal-vertical_scenario,614,195,3,-7,-1,90,90,15,1,76112,WheelchairAgent(Clone),5,10,1.3,1.17,0.07763672,1,False,2,0,0
2026-03-06_19.31.59,132,sign-optimization-horizontal-vertical_scenario,614,195,3,-7,-1,90,90,15,1,76113,AdultFemaleAgent(Clone),11,10,1.58,1.450001,0,0,False,3,0,0
2026-03-06_19.31.59,132,sign-optimization-horizontal-vertical_scenario,614,195,3,-7,-1,90,90,15,1,76114,AdultFemaleAgent(Clone),7,11,1.58,1.450001,6.721191,2,True,2,1,0.5
2026-03-06_19.31.59,132,sign-optimization-horizontal-vertical_scenario,614,195,3,-7,-1,90,90,15,1,76115,WheelchairAgent(Clone),10,12,1.3,1.17,11.30713,1,False,3,0,0
2026-03-06_19.31.59,132,sign-optimization-horizontal-vertical_scenario,614,195,3,-7,-1,90,90,15,1,76116,AdultMaleAgent(Clone),5,10,1.71,1.58,0,0,False,2,0,0
2026-03-06_19.31.59,132,sign-optimization-horizontal-vertical_scenario,614,195,3,-7,-1,90,90,15,1,76117,AdultFemaleAgent(Clone),10,12,1.58,1.45,11.46533,1,False,3,0,0
2026-03-06_19.31.59,132,sign-optimization-horizontal-vertical_scenario,614,195,3,-7,-1,90,90,15,1,76118,AdultMaleAgent(Clone),5,10,1.71,1.58,4.921387,1,True,2,1,0.5
2026-03-06_19.31.59,132,sign-optimization-horizontal-vertical_scenario,614,195,3,-7,-1,90,90,15,1,76119,AdultFemaleAgent(Clone),10,12,1.58,1.45,12.98828,1,False,3,0,0
2026-03-06_19.31.59,132,sign-optimization-horizontal-vertical_scenario,614,195,3,-7,-1,90,90,15,1,76120,WheelchairAgent(Clone),10,12,1.3,1.17,11.90967,1,False,3,0,0
2026-03-06_19.31.59,132,sign-optimization-horizontal-vertical_scenario,614,195,3,-7,-1,90,90,15,1,76121,WheelchairAgent(Clone),11,10,1.3,1.17,6.108887,1,False,3,0,0
2026-03-06_19.31.59,132,sign-optimization-horizontal-vertical_scenario,614,195,3,-7,-1,90,90,15,1,76122,AdultFemaleAgent(Clone),7,11,1.58,1.450001,8.001465,2,True,2,1,0.5
2026-03-06_19.31.59,132,sign-optimization-horizontal-vertical_scenario,614,195,3,-7,-1,90,90,15,1,76123,AdultFemaleAgent(Clone),10,12,1.58,1.45,14.33008,1,False,3,0,0
2026-03-06_19.31.59,132,sign-optimization-horizontal-vertical_scenario,614,195,3,-7,-1,90,90,15,1,76124,AdultFemaleAgent(Clone),11,10,1.58,1.450001,5.062012,1,False,3,0,0
2026-03-06_19.31.59,132,sign-optimization-horizontal-vertical_scenario,614,195,3,-7,-1,90,90,15,1,76125,AdultFemaleAgent(Clone),6,12,1.58,1.45,11.90771,1,True,2,1,0.5
2026-03-06_19.31.59,132,sign-optimization-horizontal-vertical_scenario,614,195,3,-7,-1,90,90,15,1,76126,WheelchairAgent(Clone),11,10,1.3,1.17,4.128906,1,False,3,0,0
2026-03-06_19.31.59,132,sign-optimization-horizontal-vertical_scenario,614,195,3,-7,-1,90,90,15,1,76127,AdultFemaleAgent(Clone),7,11,1.58,1.450001,3.963379,2,True,2,1,0.5
2026-03-06_19.31.59,132,sign-optimization-horizontal-vertical_scenario,614,195,3,-7,-1,90,90,15,1,76128,WheelchairAgent(Clone),6,12,1.3,1.17,13.49902,1,False,2,0,0
2026-03-06_19.31.59,132,sign-optimization-horizontal-vertical_scenario,614,195,3,-7,-1,90,90,15,1,76129,WheelchairAgent(Clone),10,12,1.3,1.17,12.13525,1,False,3,0,0
2026-03-06_19.31.59,132,sign-optimization-horizontal-vertical_scenario,614,195,3,-7,-1,90,90,15,1,76130,AdultMaleAgent(Clone),7,11,1.71,1.58,3.482422,2,True,2,1,0.5
2026-03-06_19.31.59,132,sign-optimization-horizontal-vertical_scenario,614,195,3,-7,-1,90,90,15,1,76131,AdultMaleAgent(Clone),7,11,1.71,1.58,5.349121,2,True,2,1,0.5
2026-03-06_19.31.59,132,sign-optimization-horizontal-vertical_scenario,614,195,3,-7,-1,90,90,15,1,76132,WheelchairAgent(Clone),10,12,1.3,1.17,12.21631,1,False,3,0,0
2026-03-06_19.31.59,132,sign-optimization-horizontal-vertical_scenario,614,195,3,-7,-1,90,90,15,1,76133,AdultMaleAgent(Clone),5,10,1.71,1.58,5.53418,1,True,2,1,0.5
2026-03-06_19.31.59,132,sign-optimization-horizontal-vertical_scenario,614,195,3,-7,-1,90,90,15,1,76134,AdultMaleAgent(Clone),11,10,1.71,1.58,5.23584,1,False,3,0,0
2026-03-06_19.31.59,132,sign-optimization-horizontal-vertical_scenario,614,195,3,-7,-1,90,90,15,1,76135,AdultMaleAgent(Clone),11,10,1.71,1.58,7.462891,1,False,3,0,0
2026-03-06_19.31.59,132,sign-optimization-horizontal-vertical_scenario,614,195,3,-7,-1,90,90,15,1,76136,AdultFemaleAgent(Clone),10,12,1.58,1.45,13.41748,1,False,3,0,0
2026-03-06_19.31.59,132,sign-optimization-horizontal-vertical_scenario,614,195,3,-7,-1,90,90,15,1,76137,AdultMaleAgent(Clone),7,11,1.71,1.58,5.566895,2,True,2,1,0.5
2026-03-06_19.31.59,132,sign-optimization-horizontal-vertical_scenario,614,195,3,-7,-1,90,90,15,1,76138,WheelchairAgent(Clone),6,12,1.3,1.17,13.86572,1,False,2,1,0.5
2026-03-06_19.31.59,132,sign-optimization-horizontal-vertical_scenario,614,195,3,-7,-1,90,90,15,1,76139,AdultMaleAgent(Clone),10,12,1.71,1.58,12.79346,1,False,3,0,0
2026-03-06_19.31.59,132,sign-optimization-horizontal-vertical_scenario,614,195,3,-7,-1,90,90,15,1,76140,WheelchairAgent(Clone),10,12,1.3,1.17,12.14648,1,False,3,0,0
2026-03-06_19.31.59,132,sign-optimization-horizontal-vertical_scenario,614,195,3,-7,-1,90,90,15,1,76141,WheelchairAgent(Clone),11,10,1.3,1.17,7.203125,1,False,3,0,0
2026-03-06_19.31.59,132,sign-optimization-horizontal-vertical_scenario,614,195,3,-7,-1,90,90,15,1,76142,AdultFemaleAgent(Clone),6,12,1.58,1.45,10.25098,1,True,2,1,0.5
2026-03-06_19.31.59,132,sign-optimization-horizontal-vertical_scenario,614,195,3,-7,-1,90,90,15,1,76143,WheelchairAgent(Clone),10,12,1.3,1.17,12.99268,1,False,3,0,0
2026-03-06_19.31.59,132,sign-optimization-horizontal-vertical_scenario,614,195,3,-7,-1,90,90,15,1,76144,AdultMaleAgent(Clone),5,10,1.71,1.58,2.701172,1,False,2,1,0.5
2026-03-06_19.31.59,132,sign-optimization-horizontal-vertical_scenario,614,195,3,-7,-1,90,90,15,1,76145,AdultFemaleAgent(Clone),11,10,1.58,1.450001,0,0,False,3,0,0
2026-03-06_19.31.59,132,sign-optimization-horizontal-vertical_scenario,614,195,3,-7,-1,90,90,15,1,76146,AdultMaleAgent(Clone),10,12,1.71,1.58,13.96094,1,False,3,0,0
2026-03-06_19.31.59,132,sign-optimization-horizontal-vertical_scenario,614,195,3,-7,-1,90,90,15,1,76147,AdultMaleAgent(Clone),11,10,1.71,1.58,5.626953,1,False,3,0,0
2026-03-06_19.31.59,132,sign-optimization-horizontal-vertical_scenario,614,195,3,-7,-1,90,90,15,1,76148,WheelchairAgent(Clone),5,10,1.3,1.17,6.109375,1,True,2,1,0.5
2026-03-06_19.31.59,132,sign-optimization-horizontal-vertical_scenario,614,195,3,-7,-1,90,90,15,1,76149,AdultMaleAgent(Clone),5,10,1.71,1.58,2.419922,1,False,2,1,0.5
2026-03-06_19.31.59,132,sign-optimization-horizontal-vertical_scenario,614,195,3,-7,-1,90,90,15,1,76150,WheelchairAgent(Clone),11,10,1.3,1.17,0,0,False,3,0,0
2026-03-06_19.31.59,132,sign-optimization-horizontal-vertical_scenario,614,195,3,-7,-1,90,90,15,1,76151,AdultFemaleAgent(Clone),7,11,1.58,1.450001,4.494141,2,True,2,1,0.5
2026-03-06_19.31.59,132,sign-optimization-horizontal-vertical_scenario,614,195,3,-7,-1,90,90,15,1,76152,AdultFemaleAgent(Clone),11,10,1.58,1.450001,0,0,False,3,0,0
2026-03-06_19.31.59,132,sign-optimization-horizontal-vertical_scenario,614,195,3,-7,-1,90,90,15,1,76153,AdultMaleAgent(Clone),11,10,1.71,1.58,0,0,False,3,0,0
2026-03-06_19.31.59,132,sign-optimization-horizontal-vertical_scenario,614,195,3,-7,-1,90,90,15,1,76154,WheelchairAgent(Clone),5,10,1.3,1.17,3.289063,1,False,2,0,0
2026-03-06_19.31.59,132,sign-optimization-horizontal-vertical_scenario,614,195,3,-7,-1,90,90,15,1,76155,WheelchairAgent(Clone),10,12,1.3,1.17,13.63086,1,False,3,0,0
2026-03-06_19.31.59,132,sign-optimization-horizontal-vertical_scenario,614,195,3,-7,-1,90,90,15,1,76156,AdultFemaleAgent(Clone),7,11,1.58,1.450001,7.327148,2,True,2,1,0.5
2026-03-06_19.31.59,132,sign-optimization-horizontal-vertical_scenario,614,195,3,-7,-1,90,90,15,1,76157,AdultMaleAgent(Clone),11,10,1.71,1.58,6.841797,1,False,3,0,0
2026-03-06_19.31.59,132,sign-optimization-horizontal-vertical_scenario,614,195,3,-7,-1,90,90,15,1,76158,AdultFemaleAgent(Clone),5,10,1.58,1.45,5.359375,1,True,2,1,0.5
2026-03-06_19.31.59,132,sign-optimization-horizontal-vertical_scenario,614,195,3,-7,-1,90,90,15,1,76159,AdultFemaleAgent(Clone),11,10,1.58,1.450001,1.987793,1,False,3,0,0
2026-03-06_19.31.59,132,sign-optimization-horizontal-vertical_scenario,614,195,3,-7,-1,90,90,15,1,76160,WheelchairAgent(Clone),7,11,1.3,1.17,4.035156,2,True,2,1,0.5
2026-03-06_19.31.59,132,sign-optimization-horizontal-vertical_scenario,614,195,3,-7,-1,90,90,15,1,76161,AdultMaleAgent(Clone),6,12,1.71,1.58,13.43018,1,False,2,1,0.5
2026-03-06_19.31.59,132,sign-optimization-horizontal-vertical_scenario,614,195,3,-7,-1,90,90,15,1,76162,AdultFemaleAgent(Clone),11,10,1.58,1.450001,5.463379,1,False,3,0,0
2026-03-06_19.31.59,132,sign-optimization-horizontal-vertical_scenario,614,195,3,-7,-1,90,90,15,1,76163,AdultMaleAgent(Clone),7,11,1.71,1.58,5.867676,2,True,2,1,0.5
2026-03-06_19.31.59,132,sign-optimization-horizontal-vertical_scenario,614,195,3,-7,-1,90,90,15,1,76164,AdultMaleAgent(Clone),6,12,1.71,1.58,11.37695,1,True,2,1,0.5
2026-03-06_19.31.59,132,sign-optimization-horizontal-vertical_scenario,614,195,3,-7,-1,90,90,15,1,76165,AdultFemaleAgent(Clone),10,12,1.58,1.45,12.58594,2,False,3,1,0.3333333
2026-03-06_19.31.59,132,sign-optimization-horizontal-vertical_scenario,614,195,3,-7,-1,90,90,15,1,76166,WheelchairAgent(Clone),10,12,1.3,1.17,13.30127,1,False,3,0,0
2026-03-06_19.31.59,132,sign-optimization-horizontal-vertical_scenario,614,195,3,-7,-1,90,90,15,1,76167,AdultFemaleAgent(Clone),7,11,1.58,1.450001,7.393066,2,True,2,1,0.5
2026-03-06_19.31.59,132,sign-optimization-horizontal-vertical_scenario,614,195,3,-7,-1,90,90,15,1,76168,AdultFemaleAgent(Clone),7,11,1.58,1.450001,5.993164,2,True,2,1,0.5
2026-03-06_19.31.59,132,sign-optimization-horizontal-vertical_scenario,614,195,3,-7,-1,90,90,15,1,76169,AdultMaleAgent(Clone),6,12,1.71,1.58,11.5127,1,True,2,1,0.5
2026-03-06_19.31.59,132,sign-optimization-horizontal-vertical_scenario,614,195,3,-7,-1,90,90,15,1,76170,AdultMaleAgent(Clone),10,12,1.71,1.58,14.51514,1,False,3,0,0
2026-03-06_19.31.59,132,sign-optimization-horizontal-vertical_scenario,614,195,3,-7,-1,90,90,15,1,76171,WheelchairAgent(Clone),5,10,1.3,1.17,0.8706055,1,False,2,0,0
2026-03-06_19.31.59,132,sign-optimization-horizontal-vertical_scenario,614,195,3,-7,-1,90,90,15,1,76172,AdultMaleAgent(Clone),6,12,1.71,1.58,10.54883,1,True,2,1,0.5
2026-03-06_19.31.59,132,sign-optimization-horizontal-vertical_scenario,614,195,3,-7,-1,90,90,15,1,76173,WheelchairAgent(Clone),11,10,1.3,1.17,0,0,False,3,0,0
2026-03-06_19.31.59,132,sign-optimization-horizontal-vertical_scenario,614,195,3,-7,-1,90,90,15,1,76174,AdultFemaleAgent(Clone),7,11,1.58,1.450001,5.305664,2,True,2,1,0.5
2026-03-06_19.31.59,132,sign-optimization-horizontal-vertical_scenario,614,195,3,-7,-1,90,90,15,1,76175,AdultMaleAgent(Clone),6,12,1.71,1.58,12.7002,1,False,2,1,0.5
2026-03-06_19.31.59,132,sign-optimization-horizontal-vertical_scenario,614,195,3,-7,-1,90,90,15,1,76176,WheelchairAgent(Clone),10,12,1.3,1.17,13.6123,1,False,3,0,0
2026-03-06_19.31.59,132,sign-optimization-horizontal-vertical_scenario,614,195,3,-7,-1,90,90,15,1,76177,AdultFemaleAgent(Clone),6,12,1.58,1.45,9.369629,1,True,2,1,0.5
2026-03-06_19.31.59,132,sign-optimization-horizontal-vertical_scenario,614,195,3,-7,-1,90,90,15,1,76178,AdultMaleAgent(Clone),7,11,1.71,1.58,4.158203,2,True,2,1,0.5
2026-03-06_19.31.59,132,sign-optimization-horizontal-vertical_scenario,614,195,3,-7,-1,90,90,15,1,76179,AdultFemaleAgent(Clone),7,11,1.58,1.450001,7.491699,2,True,2,1,0.5
2026-03-06_19.31.59,132,sign-optimization-horizontal-vertical_scenario,614,195,3,-7,-1,90,90,15,1,76180,WheelchairAgent(Clone),11,10,1.3,1.17,8.114746,1,False,3,0,0
2026-03-06_19.31.59,132,sign-optimization-horizontal-vertical_scenario,614,195,3,-7,-1,90,90,15,1,76181,AdultMaleAgent(Clone),11,10,1.71,1.58,6.259277,1,False,3,0,0
2026-03-06_19.31.59,132,sign-optimization-horizontal-vertical_scenario,614,195,3,-7,-1,90,90,15,1,76182,AdultMaleAgent(Clone),6,12,1.71,1.58,14.51563,1,True,2,1,0.5
2026-03-06_19.31.59,132,sign-optimization-horizontal-vertical_scenario,614,195,3,-7,-1,90,90,15,1,76183,AdultFemaleAgent(Clone),10,12,1.58,1.45,12.07422,1,False,3,0,0
2026-03-06_19.31.59,132,sign-optimization-horizontal-vertical_scenario,614,195,3,-7,-1,90,90,15,1,76184,AdultFemaleAgent(Clone),5,10,1.58,1.45,2.533691,1,False,2,1,0.5
2026-03-06_19.31.59,132,sign-optimization-horizontal-vertical_scenario,614,195,3,-7,-1,90,90,15,1,76185,AdultMaleAgent(Clone),7,11,1.71,1.58,6.778809,2,True,2,1,0.5
2026-03-06_19.31.59,132,sign-optimization-horizontal-vertical_scenario,614,195,3,-7,-1,90,90,15,1,76186,WheelchairAgent(Clone),6,12,1.3,1.17,10.24023,1,False,2,1,0.5
2026-03-06_19.31.59,132,sign-optimization-horizontal-vertical_scenario,614,195,3,-7,-1,90,90,15,1,76187,WheelchairAgent(Clone),6,12,1.3,1.17,12.28906,1,False,2,1,0.5
2026-03-06_19.31.59,132,sign-optimization-horizontal-vertical_scenario,614,195,3,-7,-1,90,90,15,1,76188,AdultFemaleAgent(Clone),5,10,1.58,1.45,3.596191,1,False,2,1,0.5
2026-03-06_19.31.59,132,sign-optimization-horizontal-vertical_scenario,614,195,3,-7,-1,90,90,15,1,76189,AdultFemaleAgent(Clone),6,12,1.58,1.45,13.61523,1,False,2,1,0.5
2026-03-06_19.31.59,132,sign-optimization-horizontal-vertical_scenario,614,195,3,-7,-1,90,90,15,1,76190,AdultFemaleAgent(Clone),10,12,1.58,1.45,15.05127,1,False,3,0,0
2026-03-06_19.31.59,132,sign-optimization-horizontal-vertical_scenario,614,195,3,-7,-1,90,90,15,1,76191,AdultFemaleAgent(Clone),7,11,1.58,1.450001,4.915039,2,True,2,1,0.5
2026-03-06_19.31.59,132,sign-optimization-horizontal-vertical_scenario,614,195,3,-7,-1,90,90,15,1,76192,AdultFemaleAgent(Clone),5,10,1.58,1.45,3.124023,1,False,2,1,0.5
2026-03-06_19.31.59,132,sign-optimization-horizontal-vertical_scenario,614,195,3,-7,-1,90,90,15,1,76193,AdultMaleAgent(Clone),6,12,1.71,1.58,10.88818,1,True,2,1,0.5
2026-03-06_19.31.59,132,sign-optimization-horizontal-vertical_scenario,614,195,3,-7,-1,90,90,15,1,76194,AdultMaleAgent(Clone),11,10,1.71,1.58,7.154785,1,False,3,0,0
2026-03-06_19.31.59,132,sign-optimization-horizontal-vertical_scenario,614,195,3,-7,-1,90,90,15,1,76195,AdultFemaleAgent(Clone),11,10,1.58,1.450001,6.227051,1,False,3,0,0
2026-03-06_19.31.59,132,sign-optimization-horizontal-vertical_scenario,614,195,3,-7,-1,90,90,15,1,76196,WheelchairAgent(Clone),5,10,1.3,1.17,5.683105,1,True,2,1,0.5
2026-03-06_19.31.59,132,sign-optimization-horizontal-vertical_scenario,614,195,3,-7,-1,90,90,15,1,76197,WheelchairAgent(Clone),10,12,1.3,1.17,12.24463,1,False,3,0,0
2026-03-06_19.31.59,132,sign-optimization-horizontal-vertical_scenario,614,195,3,-7,-1,90,90,15,1,76198,AdultMaleAgent(Clone),6,12,1.71,1.58,14.44922,1,True,2,1,0.5
2026-03-06_19.31.59,132,sign-optimization-horizontal-vertical_scenario,614,195,3,-7,-1,90,90,15,1,76199,AdultMaleAgent(Clone),11,10,1.71,1.58,7.827148,1,False,3,0,0
2026-03-06_19.31.59,132,sign-optimization-horizontal-vertical_scenario,614,195,3,-7,-1,90,90,15,1,76200,AdultMaleAgent(Clone),6,12,1.71,1.58,12.90723,1,True,2,1,0.5
2026-03-06_19.31.59,132,sign-optimization-horizontal-vertical_scenario,614,195,3,-7,-1,90,90,15,1,76201,WheelchairAgent(Clone),5,10,1.3,1.17,0,0,False,2,0,0
2026-03-06_19.31.59,132,sign-optimization-horizontal-vertical_scenario,614,195,3,-7,-1,90,90,15,1,76202,WheelchairAgent(Clone),10,12,1.3,1.17,11.59082,1,False,3,0,0
2026-03-06_19.31.59,132,sign-optimization-horizontal-vertical_scenario,614,195,3,-7,-1,90,90,15,1,76203,AdultFemaleAgent(Clone),6,12,1.58,1.45,13.40625,1,False,2,1,0.5
2026-03-06_19.31.59,132,sign-optimization-horizontal-vertical_scenario,614,195,3,-7,-1,90,90,15,1,76204,WheelchairAgent(Clone),10,12,1.3,1.17,14.21631,1,False,3,0,0
2026-03-06_19.31.59,132,sign-optimization-horizontal-vertical_scenario,614,195,3,-7,-1,90,90,15,1,76205,WheelchairAgent(Clone),11,10,1.3,1.17,6.458984,1,False,3,0,0
2026-03-06_19.31.59,132,sign-optimization-horizontal-vertical_scenario,614,195,3,-7,-1,90,90,15,1,76206,AdultFemaleAgent(Clone),7,11,1.58,1.450001,6.037109,2,False,2,0,0
2026-03-06_19.31.59,132,sign-optimization-horizontal-vertical_scenario,614,195,3,-7,-1,90,90,15,1,76207,AdultFemaleAgent(Clone),6,12,1.58,1.45,10.33984,1,False,2,0,0
2026-03-06_19.31.59,132,sign-optimization-horizontal-vertical_scenario,614,195,3,-7,-1,90,90,15,1,76208,AdultMaleAgent(Clone),10,12,1.71,1.58,11.89404,1,False,3,0,0
2026-03-06_19.31.59,132,sign-optimization-horizontal-vertical_scenario,614,195,3,-7,-1,90,90,15,1,76209,WheelchairAgent(Clone),10,12,1.3,1.17,14.4209,1,False,3,0,0
2026-03-06_19.31.59,132,sign-optimization-horizontal-vertical_scenario,614,195,3,-7,-1,90,90,15,1,76210,AdultFemaleAgent(Clone),11,10,1.58,1.450001,0,0,False,3,0,0
2026-03-06_19.31.59,132,sign-optimization-horizontal-vertical_scenario,614,195,3,-7,-1,90,90,15,1,76211,AdultFemaleAgent(Clone),10,12,1.58,1.45,18.18311,1,False,3,0,0
2026-03-06_19.31.59,132,sign-optimization-horizontal-vertical_scenario,614,195,3,-7,-1,90,90,15,1,76212,WheelchairAgent(Clone),6,12,1.3,1.17,12.49658,1,True,2,1,0.5
2026-03-06_19.31.59,132,sign-optimization-horizontal-vertical_scenario,614,195,3,-7,-1,90,90,15,1,76213,AdultFemaleAgent(Clone),6,12,1.58,1.45,12.12646,1,False,2,1,0.5
2026-03-06_19.31.59,132,sign-optimization-horizontal-vertical_scenario,614,195,3,-7,-1,90,90,15,1,76214,WheelchairAgent(Clone),10,12,1.3,1.17,12.68799,1,False,3,0,0
2026-03-06_19.31.59,132,sign-optimization-horizontal-vertical_scenario,614,195,3,-7,-1,90,90,15,1,76215,AdultFemaleAgent(Clone),5,10,1.58,1.45,2.220703,1,False,2,1,0.5
2026-03-06_19.31.59,132,sign-optimization-horizontal-vertical_scenario,614,195,3,-7,-1,90,90,15,1,76216,AdultFemaleAgent(Clone),5,10,1.58,1.45,0,0,False,2,0,0
2026-03-06_19.31.59,132,sign-optimization-horizontal-vertical_scenario,614,195,3,-7,-1,90,90,15,1,76217,AdultMaleAgent(Clone),11,10,1.71,1.58,3.854492,1,False,3,0,0
2026-03-06_19.31.59,132,sign-optimization-horizontal-vertical_scenario,614,195,3,-7,-1,90,90,15,1,76218,AdultFemaleAgent(Clone),5,10,1.58,1.45,4.949707,1,True,2,1,0.5
2026-03-06_19.31.59,132,sign-optimization-horizontal-vertical_scenario,614,195,3,-7,-1,90,90,15,1,76219,WheelchairAgent(Clone),11,10,1.3,1.17,5.373535,1,False,3,0,0
2026-03-06_19.31.59,132,sign-optimization-horizontal-vertical_scenario,614,195,3,-7,-1,90,90,15,1,76220,AdultMaleAgent(Clone),7,11,1.71,1.58,7.37793,2,True,2,1,0.5
2026-03-06_19.31.59,132,sign-optimization-horizontal-vertical_scenario,614,195,3,-7,-1,90,90,15,1,76221,AdultFemaleAgent(Clone),11,10,1.58,1.450001,0,0,False,3,0,0
2026-03-06_19.31.59,132,sign-optimization-horizontal-vertical_scenario,614,195,3,-7,-1,90,90,15,1,76222,WheelchairAgent(Clone),5,10,1.3,1.17,3.532227,1,False,2,1,0.5
2026-03-06_19.31.59,132,sign-optimization-horizontal-vertical_scenario,614,195,3,-7,-1,90,90,15,1,76223,AdultMaleAgent(Clone),7,11,1.71,1.58,7.148438,2,True,2,1,0.5
2026-03-06_19.31.59,132,sign-optimization-horizontal-vertical_scenario,614,195,3,-7,-1,90,90,15,1,76224,AdultMaleAgent(Clone),10,12,1.71,1.58,15.28223,1,False,3,0,0
2026-03-06_19.31.59,132,sign-optimization-horizontal-vertical_scenario,614,195,3,-7,-1,90,90,15,1,76225,AdultMaleAgent(Clone),11,10,1.71,1.58,0,0,False,3,0,0
2026-03-06_19.31.59,132,sign-optimization-horizontal-vertical_scenario,614,195,3,-7,-1,90,90,15,1,76226,AdultMaleAgent(Clone),5,10,1.71,1.58,3.889648,1,False,2,1,0.5
2026-03-06_19.31.59,132,sign-optimization-horizontal-vertical_scenario,614,195,3,-7,-1,90,90,15,1,76227,WheelchairAgent(Clone),6,12,1.3,1.17,13.27002,1,False,2,1,0.5
2026-03-06_19.31.59,132,sign-optimization-horizontal-vertical_scenario,614,195,3,-7,-1,90,90,15,1,76228,AdultMaleAgent(Clone),10,12,1.71,1.58,14.81885,1,False,3,0,0
2026-03-06_19.31.59,132,sign-optimization-horizontal-vertical_scenario,614,195,3,-7,-1,90,90,15,1,76229,AdultFemaleAgent(Clone),10,12,1.58,1.45,13.42676,1,False,3,0,0
2026-03-06_19.31.59,132,sign-optimization-horizontal-vertical_scenario,614,195,3,-7,-1,90,90,15,1,76230,AdultFemaleAgent(Clone),10,12,1.58,1.45,12.91162,1,False,3,1,0.3333333
2026-03-06_19.31.59,132,sign-optimization-horizontal-vertical_scenario,614,195,3,-7,-1,90,90,15,1,76231,AdultFemaleAgent(Clone),10,12,1.58,1.45,13.33887,1,False,3,0,0
2026-03-06_19.31.59,132,sign-optimization-horizontal-vertical_scenario,614,195,3,-7,-1,90,90,15,1,76232,AdultMaleAgent(Clone),10,12,1.71,1.58,13.48438,1,False,3,0,0
2026-03-06_19.31.59,132,sign-optimization-horizontal-vertical_scenario,614,195,3,-7,-1,90,90,15,1,76233,AdultMaleAgent(Clone),10,12,1.71,1.58,14.96729,1,False,3,0,0
2026-03-06_19.31.59,132,sign-optimization-horizontal-vertical_scenario,614,195,3,-7,-1,90,90,15,1,76234,AdultFemaleAgent(Clone),11,10,1.58,1.450001,3.161133,1,False,3,0,0
2026-03-06_19.31.59,132,sign-optimization-horizontal-vertical_scenario,614,195,3,-7,-1,90,90,15,1,76235,WheelchairAgent(Clone),5,10,1.3,1.17,2.658691,1,False,2,1,0.5
2026-03-06_19.31.59,132,sign-optimization-horizontal-vertical_scenario,614,195,3,-7,-1,90,90,15,1,76236,WheelchairAgent(Clone),7,11,1.3,1.17,5.962891,2,True,2,1,0.5
2026-03-06_19.31.59,132,sign-optimization-horizontal-vertical_scenario,614,195,3,-7,-1,90,90,15,1,76237,AdultFemaleAgent(Clone),6,12,1.58,1.45,11.02344,1,True,2,1,0.5
2026-03-06_19.31.59,132,sign-optimization-horizontal-vertical_scenario,614,195,3,-7,-1,90,90,15,1,76238,AdultFemaleAgent(Clone),10,12,1.58,1.45,15.61475,1,False,3,0,0
2026-03-06_19.31.59,132,sign-optimization-horizontal-vertical_scenario,614,195,3,-7,-1,90,90,15,1,76239,WheelchairAgent(Clone),11,10,1.3,1.17,7.988281,1,False,3,0,0
2026-03-06_19.31.59,132,sign-optimization-horizontal-vertical_scenario,614,195,3,-7,-1,90,90,15,1,76240,WheelchairAgent(Clone),6,12,1.3,1.17,14.771,1,False,2,0,0
2026-03-06_19.31.59,132,sign-optimization-horizontal-vertical_scenario,614,195,3,-7,-1,90,90,15,1,76241,AdultFemaleAgent(Clone),5,10,1.58,1.45,4.895996,1,True,2,1,0.5
2026-03-06_19.31.59,132,sign-optimization-horizontal-vertical_scenario,614,195,3,-7,-1,90,90,15,1,76242,AdultFemaleAgent(Clone),7,11,1.58,1.450001,5.101563,2,True,2,1,0.5
2026-03-06_19.31.59,132,sign-optimization-horizontal-vertical_scenario,614,195,3,-7,-1,90,90,15,1,76243,AdultMaleAgent(Clone),11,10,1.71,1.58,6.478516,1,False,3,0,0
2026-03-06_19.31.59,132,sign-optimization-horizontal-vertical_scenario,614,195,3,-7,-1,90,90,15,1,76244,AdultMaleAgent(Clone),11,10,1.71,1.58,6.360352,1,False,3,0,0
2026-03-06_19.31.59,132,sign-optimization-horizontal-vertical_scenario,614,195,3,-7,-1,90,90,15,1,76245,AdultFemaleAgent(Clone),6,12,1.58,1.45,13.38623,1,True,2,1,0.5
2026-03-06_19.31.59,132,sign-optimization-horizontal-vertical_scenario,614,195,3,-7,-1,90,90,15,1,76246,AdultMaleAgent(Clone),11,10,1.71,1.58,0,0,False,3,0,0
2026-03-06_19.31.59,132,sign-optimization-horizontal-vertical_scenario,614,195,3,-7,-1,90,90,15,1,76247,AdultMaleAgent(Clone),11,10,1.71,1.58,0,0,False,3,0,0
2026-03-06_19.31.59,132,sign-optimization-horizontal-vertical_scenario,614,195,3,-7,-1,90,90,15,1,76248,WheelchairAgent(Clone),5,10,1.3,1.17,3.321777,1,False,2,1,0.5
2026-03-06_19.31.59,132,sign-optimization-horizontal-vertical_scenario,614,195,3,-7,-1,90,90,15,1,76249,WheelchairAgent(Clone),7,11,1.3,1.17,5.441895,2,True,2,1,0.5
2026-03-06_19.31.59,132,sign-optimization-horizontal-vertical_scenario,614,195,3,-7,-1,90,90,15,1,76250,AdultFemaleAgent(Clone),10,12,1.58,1.45,8.818359,1,False,3,0,0
2026-03-06_19.31.59,132,sign-optimization-horizontal-vertical_scenario,614,195,3,-7,-1,90,90,15,1,76251,AdultFemaleAgent(Clone),6,12,1.58,1.45,12.18945,1,False,2,1,0.5
2026-03-06_19.31.59,132,sign-optimization-horizontal-vertical_scenario,614,195,3,-7,-1,90,90,15,1,76252,AdultMaleAgent(Clone),5,10,1.71,1.58,3.672363,1,False,2,1,0.5
2026-03-06_19.31.59,132,sign-optimization-horizontal-vertical_scenario,614,195,3,-7,-1,90,90,15,1,76253,AdultMaleAgent(Clone),5,10,1.71,1.58,4.145996,1,False,2,1,0.5
2026-03-06_19.31.59,132,sign-optimization-horizontal-vertical_scenario,614,195,3,-7,-1,90,90,15,1,76254,AdultMaleAgent(Clone),6,12,1.71,1.58,13.02881,1,False,2,1,0.5
2026-03-06_19.31.59,132,sign-optimization-horizontal-vertical_scenario,614,195,3,-7,-1,90,90,15,1,76255,WheelchairAgent(Clone),5,10,1.3,1.17,0.7807617,1,False,2,0,0
2026-03-06_19.31.59,132,sign-optimization-horizontal-vertical_scenario,614,195,3,-7,-1,90,90,15,1,76256,AdultFemaleAgent(Clone),7,11,1.58,1.450001,6.995605,2,True,2,1,0.5
2026-03-06_19.31.59,132,sign-optimization-horizontal-vertical_scenario,614,195,3,-7,-1,90,90,15,1,76257,AdultFemaleAgent(Clone),5,10,1.58,1.45,1.487305,1,False,2,0,0
2026-03-06_19.31.59,132,sign-optimization-horizontal-vertical_scenario,614,195,3,-7,-1,90,90,15,1,76258,WheelchairAgent(Clone),7,11,1.3,1.17,8.076172,2,False,2,0,0
2026-03-06_19.31.59,132,sign-optimization-horizontal-vertical_scenario,614,195,3,-7,-1,90,90,15,1,76259,WheelchairAgent(Clone),7,11,1.3,1.17,5.923828,2,True,2,1,0.5
2026-03-06_19.31.59,132,sign-optimization-horizontal-vertical_scenario,614,195,3,-7,-1,90,90,15,1,76260,WheelchairAgent(Clone),10,12,1.3,1.17,12.01025,1,False,3,0,0
2026-03-06_19.31.59,132,sign-optimization-horizontal-vertical_scenario,614,195,3,-7,-1,90,90,15,1,76261,AdultFemaleAgent(Clone),5,10,1.58,1.45,5.177246,1,True,2,1,0.5
2026-03-06_19.31.59,132,sign-optimization-horizontal-vertical_scenario,614,195,3,-7,-1,90,90,15,1,76262,AdultMaleAgent(Clone),7,11,1.71,1.58,10.37012,2,True,2,1,0.5
2026-03-06_19.31.59,132,sign-optimization-horizontal-vertical_scenario,614,195,3,-7,-1,90,90,15,1,76263,AdultMaleAgent(Clone),5,10,1.71,1.58,4.316895,1,True,2,1,0.5
2026-03-06_19.31.59,132,sign-optimization-horizontal-vertical_scenario,614,195,3,-7,-1,90,90,15,1,76264,WheelchairAgent(Clone),6,12,1.3,1.17,12.79785,1,True,2,1,0.5
2026-03-06_19.31.59,132,sign-optimization-horizontal-vertical_scenario,614,195,3,-7,-1,90,90,15,1,76265,WheelchairAgent(Clone),7,11,1.3,1.17,4.408691,2,True,2,1,0.5
2026-03-06_19.31.59,132,sign-optimization-horizontal-vertical_scenario,614,195,3,-7,-1,90,90,15,1,76266,AdultMaleAgent(Clone),11,10,1.71,1.58,9.520508,1,False,3,0,0
2026-03-06_19.31.59,132,sign-optimization-horizontal-vertical_scenario,614,195,3,-7,-1,90,90,15,1,76267,AdultMaleAgent(Clone),11,10,1.71,1.58,0,0,False,3,0,0
2026-03-06_19.31.59,132,sign-optimization-horizontal-vertical_scenario,614,195,3,-7,-1,90,90,15,1,76268,WheelchairAgent(Clone),10,12,1.3,1.17,13.60156,1,False,3,0,0
2026-03-06_19.31.59,132,sign-optimization-horizontal-vertical_scenario,614,195,3,-7,-1,90,90,15,1,76269,AdultMaleAgent(Clone),11,10,1.71,1.58,0,0,False,3,0,0
2026-03-06_19.31.59,132,sign-optimization-horizontal-vertical_scenario,614,195,3,-7,-1,90,90,15,1,76270,AdultMaleAgent(Clone),11,10,1.71,1.58,0,0,False,3,0,0
2026-03-06_19.31.59,132,sign-optimization-horizontal-vertical_scenario,614,195,3,-7,-1,90,90,15,1,76271,AdultFemaleAgent(Clone),7,11,1.58,1.450001,6.332031,2,True,2,1,0.5
2026-03-06_19.31.59,132,sign-optimization-horizontal-vertical_scenario,614,195,3,-7,-1,90,90,15,1,76272,AdultMaleAgent(Clone),7,11,1.71,1.58,4.667969,2,True,2,1,0.5
2026-03-06_19.31.59,132,sign-optimization-horizontal-vertical_scenario,614,195,3,-7,-1,90,90,15,1,76273,AdultMaleAgent(Clone),6,12,1.71,1.58,10.68701,1,True,2,1,0.5
2026-03-06_19.31.59,132,sign-optimization-horizontal-vertical_scenario,614,195,3,-7,-1,90,90,15,1,76274,WheelchairAgent(Clone),6,12,1.3,1.17,9.629883,1,True,2,1,0.5
2026-03-06_19.31.59,132,sign-optimization-horizontal-vertical_scenario,614,195,3,-7,-1,90,90,15,1,76275,WheelchairAgent(Clone),11,10,1.3,1.17,6.84375,1,False,3,0,0
2026-03-06_19.31.59,132,sign-optimization-horizontal-vertical_scenario,614,195,3,-7,-1,90,90,15,1,76276,AdultMaleAgent(Clone),5,10,1.71,1.58,5.98877,1,True,2,1,0.5
2026-03-06_19.31.59,132,sign-optimization-horizontal-vertical_scenario,614,195,3,-7,-1,90,90,15,1,76277,WheelchairAgent(Clone),5,10,1.3,1.17,5.222656,1,True,2,1,0.5
2026-03-06_19.31.59,132,sign-optimization-horizontal-vertical_scenario,614,195,3,-7,-1,90,90,15,1,76278,AdultMaleAgent(Clone),6,12,1.71,1.58,8.530273,2,True,2,1,0.5
2026-03-06_19.31.59,132,sign-optimization-horizontal-vertical_scenario,614,195,3,-7,-1,90,90,15,1,76279,AdultMaleAgent(Clone),7,11,1.71,1.58,6.856445,2,True,2,1,0.5
2026-03-06_19.31.59,132,sign-optimization-horizontal-vertical_scenario,614,195,3,-7,-1,90,90,15,1,76280,WheelchairAgent(Clone),11,10,1.3,1.17,0,0,False,3,0,0
2026-03-06_19.31.59,132,sign-optimization-horizontal-vertical_scenario,614,195,3,-7,-1,90,90,15,1,76281,AdultMaleAgent(Clone),6,12,1.71,1.58,11.74609,1,True,2,1,0.5
2026-03-06_19.31.59,132,sign-optimization-horizontal-vertical_scenario,614,195,3,-7,-1,90,90,15,1,76282,AdultFemaleAgent(Clone),11,10,1.58,1.450001,3.646973,1,False,3,0,0
2026-03-06_19.31.59,132,sign-optimization-horizontal-vertical_scenario,614,195,3,-7,-1,90,90,15,1,76283,WheelchairAgent(Clone),6,12,1.3,1.17,10.40234,1,False,2,1,0.5
2026-03-06_19.31.59,132,sign-optimization-horizontal-vertical_scenario,614,195,3,-7,-1,90,90,15,1,76284,AdultMaleAgent(Clone),7,11,1.71,1.58,3.98291,2,True,2,1,0.5
2026-03-06_19.31.59,132,sign-optimization-horizontal-vertical_scenario,614,195,3,-7,-1,90,90,15,1,76285,AdultFemaleAgent(Clone),6,12,1.58,1.45,12.31201,1,True,2,1,0.5
2026-03-06_19.31.59,132,sign-optimization-horizontal-vertical_scenario,614,195,3,-7,-1,90,90,15,1,76286,AdultFemaleAgent(Clone),6,12,1.58,1.45,11.54932,1,True,2,1,0.5
2026-03-06_19.31.59,132,sign-optimization-horizontal-vertical_scenario,614,195,3,-7,-1,90,90,15,1,76287,AdultMaleAgent(Clone),11,10,1.71,1.58,7.662109,1,False,3,0,0
2026-03-06_19.31.59,132,sign-optimization-horizontal-vertical_scenario,614,195,3,-7,-1,90,90,15,1,76288,WheelchairAgent(Clone),11,10,1.3,1.17,7.174316,1,False,3,0,0
2026-03-06_19.31.59,132,sign-optimization-horizontal-vertical_scenario,614,195,3,-7,-1,90,90,15,1,76289,AdultFemaleAgent(Clone),7,11,1.58,1.450001,5.507324,2,True,2,1,0.5
2026-03-06_19.31.59,132,sign-optimization-horizontal-vertical_scenario,614,195,3,-7,-1,90,90,15,1,76290,AdultFemaleAgent(Clone),5,10,1.58,1.45,0.6083984,1,False,2,0,0
2026-03-06_19.31.59,132,sign-optimization-horizontal-vertical_scenario,614,195,3,-7,-1,90,90,15,1,76291,AdultMaleAgent(Clone),6,12,1.71,1.58,11.19482,1,True,2,1,0.5
2026-03-06_19.31.59,132,sign-optimization-horizontal-vertical_scenario,614,195,3,-7,-1,90,90,15,1,76292,AdultFemaleAgent(Clone),10,12,1.58,1.45,0,0,False,3,0,0
2026-03-06_19.31.59,132,sign-optimization-horizontal-vertical_scenario,614,195,3,-7,-1,90,90,15,1,76293,AdultMaleAgent(Clone),5,10,1.71,1.58,5.941406,1,True,2,1,0.5
2026-03-06_19.31.59,132,sign-optimization-horizontal-vertical_scenario,614,195,3,-7,-1,90,90,15,1,76294,AdultFemaleAgent(Clone),7,11,1.58,1.450001,5.279785,2,True,2,1,0.5
2026-03-06_19.31.59,132,sign-optimization-horizontal-vertical_scenario,614,195,3,-7,-1,90,90,15,1,76295,WheelchairAgent(Clone),6,12,1.3,1.17,13.99707,1,False,2,1,0.5
2026-03-06_19.31.59,132,sign-optimization-horizontal-vertical_scenario,614,195,3,-7,-1,90,90,15,1,76296,WheelchairAgent(Clone),10,12,1.3,1.17,12.89746,1,False,3,0,0
2026-03-06_19.31.59,132,sign-optimization-horizontal-vertical_scenario,614,195,3,-7,-1,90,90,15,1,76297,AdultMaleAgent(Clone),5,10,1.71,1.58,5.714355,1,True,2,1,0.5
2026-03-06_19.31.59,132,sign-optimization-horizontal-vertical_scenario,614,195,3,-7,-1,90,90,15,1,76298,AdultMaleAgent(Clone),11,10,1.71,1.58,0,0,False,3,0,0
2026-03-06_19.31.59,132,sign-optimization-horizontal-vertical_scenario,614,195,3,-7,-1,90,90,15,1,76299,AdultMaleAgent(Clone),10,12,1.71,1.58,0,0,False,3,0,0
2026-03-06_19.31.59,132,sign-optimization-horizontal-vertical_scenario,614,195,3,-7,-1,90,90,15,1,76300,AdultFemaleAgent(Clone),7,11,1.58,1.450001,5.241211,1,True,2,1,0.5
2026-03-06_19.31.59,132,sign-optimization-horizontal-vertical_scenario,614,195,3,-7,-1,90,90,15,1,76301,AdultMaleAgent(Clone),7,11,1.71,1.58,2.878906,2,True,2,1,0.5
2026-03-06_19.31.59,132,sign-optimization-horizontal-vertical_scenario,614,195,3,-7,-1,90,90,15,1,76302,AdultMaleAgent(Clone),11,10,1.71,1.58,0,0,False,3,0,0
2026-03-06_19.31.59,132,sign-optimization-horizontal-vertical_scenario,614,195,3,-7,-1,90,90,15,1,76303,WheelchairAgent(Clone),7,11,1.3,1.17,5.278809,1,True,2,1,0.5
2026-03-06_19.31.59,132,sign-optimization-horizontal-vertical_scenario,614,195,3,-7,-1,90,90,15,1,76304,AdultMaleAgent(Clone),7,11,1.71,1.58,4.037109,1,True,2,1,0.5
2026-03-06_19.31.59,132,sign-optimization-horizontal-vertical_scenario,614,195,3,-7,-1,90,90,15,1,76305,WheelchairAgent(Clone),11,10,1.3,1.17,0,0,False,3,0,0
2026-03-06_19.31.59,132,sign-optimization-horizontal-vertical_scenario,614,195,3,-7,-1,90,90,15,1,76306,AdultFemaleAgent(Clone),5,10,1.58,1.45,0.5615234,1,False,2,0,0
2026-03-06_19.31.59,132,sign-optimization-horizontal-vertical_scenario,614,195,3,-7,-1,90,90,15,1,76307,AdultFemaleAgent(Clone),7,11,1.58,1.450001,5.910156,1,True,2,1,0.5
2026-03-06_19.31.59,132,sign-optimization-horizontal-vertical_scenario,614,195,3,-7,-1,90,90,15,1,76308,AdultMaleAgent(Clone),6,12,1.71,1.58,0,0,True,2,1,0.5
2026-03-06_19.31.59,132,sign-optimization-horizontal-vertical_scenario,614,195,3,-7,-1,90,90,15,1,76309,AdultFemaleAgent(Clone),11,10,1.58,1.450001,0,0,False,3,0,0
2026-03-06_19.31.59,132,sign-optimization-horizontal-vertical_scenario,614,195,3,-7,-1,90,90,15,1,76310,WheelchairAgent(Clone),10,12,1.3,1.17,0,0,False,3,0,0
2026-03-06_19.31.59,132,sign-optimization-horizontal-vertical_scenario,614,195,3,-7,-1,90,90,15,1,76311,AdultFemaleAgent(Clone),6,12,1.58,1.45,10.31494,2,True,2,1,0.5
2026-03-06_19.31.59,132,sign-optimization-horizontal-vertical_scenario,614,195,3,-7,-1,90,90,15,1,76312,AdultMaleAgent(Clone),5,10,1.71,1.58,3.847168,1,False,2,1,0.5
2026-03-06_19.31.59,132,sign-optimization-horizontal-vertical_scenario,614,195,3,-7,-1,90,90,15,1,76313,WheelchairAgent(Clone),7,11,1.3,1.17,5.933105,2,True,2,1,0.5
2026-03-06_19.31.59,132,sign-optimization-horizontal-vertical_scenario,614,195,3,-7,-1,90,90,15,1,76314,AdultMaleAgent(Clone),10,12,1.71,1.58,0,0,False,3,1,0.3333333
2026-03-06_19.31.59,132,sign-optimization-horizontal-vertical_scenario,614,195,3,-7,-1,90,90,15,1,76315,AdultFemaleAgent(Clone),10,12,1.58,1.45,0,0,False,3,0,0
2026-03-06_19.31.59,132,sign-optimization-horizontal-vertical_scenario,614,195,3,-7,-1,90,90,15,1,76316,AdultFemaleAgent(Clone),5,10,1.58,1.45,5.113281,1,True,2,1,0.5
2026-03-06_19.31.59,132,sign-optimization-horizontal-vertical_scenario,614,195,3,-7,-1,90,90,15,1,76317,AdultMaleAgent(Clone),7,11,1.71,1.58,4.015625,1,True,2,1,0.5
2026-03-06_19.31.59,132,sign-optimization-horizontal-vertical_scenario,614,195,3,-7,-1,90,90,15,1,76318,AdultFemaleAgent(Clone),6,12,1.58,1.45,12.06201,1,False,2,1,0.5
2026-03-06_19.31.59,132,sign-optimization-horizontal-vertical_scenario,614,195,3,-7,-1,90,90,15,1,76319,AdultFemaleAgent(Clone),5,10,1.58,1.45,3.061035,1,False,2,1,0.5
2026-03-06_19.31.59,132,sign-optimization-horizontal-vertical_scenario,614,195,3,-7,-1,90,90,15,1,76320,AdultFemaleAgent(Clone),6,12,1.58,1.45,0,0,True,2,1,0.5
2026-03-06_19.31.59,132,sign-optimization-horizontal-vertical_scenario,614,195,3,-7,-1,90,90,15,1,76321,WheelchairAgent(Clone),7,11,1.3,1.17,3.932129,1,True,2,1,0.5
2026-03-06_19.31.59,132,sign-optimization-horizontal-vertical_scenario,614,195,3,-7,-1,90,90,15,1,76322,AdultFemaleAgent(Clone),7,11,1.58,1.450001,6.768066,2,True,2,1,0.5
2026-03-06_19.31.59,132,sign-optimization-horizontal-vertical_scenario,614,195,3,-7,-1,90,90,15,1,76323,WheelchairAgent(Clone),7,11,1.3,1.17,6.734863,1,True,2,1,0.5
2026-03-06_19.31.59,132,sign-optimization-horizontal-vertical_scenario,614,195,3,-7,-1,90,90,15,1,76324,AdultMaleAgent(Clone),11,10,1.71,1.58,0,0,False,3,0,0
2026-03-06_19.31.59,132,sign-optimization-horizontal-vertical_scenario,614,195,3,-7,-1,90,90,15,1,76325,AdultMaleAgent(Clone),11,10,1.71,1.58,0,0,False,3,0,0
2026-03-06_19.31.59,132,sign-optimization-horizontal-vertical_scenario,614,195,3,-7,-1,90,90,15,1,76326,WheelchairAgent(Clone),10,12,1.3,1.17,0,0,False,3,0,0
2026-03-06_19.31.59,132,sign-optimization-horizontal-vertical_scenario,614,195,3,-7,-1,90,90,15,1,76327,AdultMaleAgent(Clone),6,12,1.71,1.58,10.38525,1,False,2,1,0.5
2026-03-06_19.31.59,132,sign-optimization-horizontal-vertical_scenario,614,195,3,-7,-1,90,90,15,1,76328,AdultFemaleAgent(Clone),10,12,1.58,1.45,0,0,False,3,0,0
2026-03-06_19.31.59,132,sign-optimization-horizontal-vertical_scenario,614,195,3,-7,-1,90,90,15,1,76329,AdultMaleAgent(Clone),10,12,1.71,1.58,0,0,False,3,0,0
2026-03-06_19.31.59,132,sign-optimization-horizontal-vertical_scenario,614,195,3,-7,-1,90,90,15,1,76330,WheelchairAgent(Clone),7,11,1.3,1.17,5.650391,1,True,2,1,0.5
2026-03-06_19.31.59,132,sign-optimization-horizontal-vertical_scenario,614,195,3,-7,-1,90,90,15,1,76331,AdultFemaleAgent(Clone),10,12,1.58,1.45,0,0,False,3,0,0
2026-03-06_19.31.59,132,sign-optimization-horizontal-vertical_scenario,614,195,3,-7,-1,90,90,15,1,76332,WheelchairAgent(Clone),6,12,1.3,1.17,0,0,False,2,1,0.5
2026-03-06_19.31.59,132,sign-optimization-horizontal-vertical_scenario,614,195,3,-7,-1,90,90,15,1,76333,AdultFemaleAgent(Clone),11,10,1.58,1.450001,0,0,False,3,0,0
2026-03-06_19.31.59,132,sign-optimization-horizontal-vertical_scenario,614,195,3,-7,-1,90,90,15,1,76334,WheelchairAgent(Clone),10,12,1.3,1.17,0,0,False,3,0,0
2026-03-06_19.31.59,132,sign-optimization-horizontal-vertical_scenario,614,195,3,-7,-1,90,90,15,1,76335,AdultFemaleAgent(Clone),7,11,1.58,1.450001,4.736816,1,True,2,1,0.5
2026-03-06_19.31.59,132,sign-optimization-horizontal-vertical_scenario,614,195,3,-7,-1,90,90,15,1,76336,WheelchairAgent(Clone),11,10,1.3,1.17,6.476074,1,False,3,0,0
2026-03-06_19.31.59,132,sign-optimization-horizontal-vertical_scenario,614,195,3,-7,-1,90,90,15,1,76337,AdultMaleAgent(Clone),5,10,1.71,1.58,4.150879,1,False,2,1,0.5
2026-03-06_19.31.59,132,sign-optimization-horizontal-vertical_scenario,614,195,3,-7,-1,90,90,15,1,76338,WheelchairAgent(Clone),6,12,1.3,1.17,0,0,True,2,1,0.5
2026-03-06_19.31.59,132,sign-optimization-horizontal-vertical_scenario,614,195,3,-7,-1,90,90,15,1,76339,AdultMaleAgent(Clone),6,12,1.71,1.58,0,0,True,2,1,0.5
2026-03-06_19.31.59,132,sign-optimization-horizontal-vertical_scenario,614,195,3,-7,-1,90,90,15,1,76340,WheelchairAgent(Clone),7,11,1.3,1.17,4.721191,1,True,2,1,0.5
2026-03-06_19.31.59,132,sign-optimization-horizontal-vertical_scenario,614,195,3,-7,-1,90,90,15,1,76341,WheelchairAgent(Clone),7,11,1.3,1.17,5.831055,1,True,2,1,0.5
2026-03-06_19.31.59,132,sign-optimization-horizontal-vertical_scenario,614,195,3,-7,-1,90,90,15,1,76342,AdultMaleAgent(Clone),11,10,1.71,1.58,0,0,False,3,0,0
2026-03-06_19.31.59,132,sign-optimization-horizontal-vertical_scenario,614,195,3,-7,-1,90,90,15,1,76343,WheelchairAgent(Clone),7,11,1.3,1.17,3.818848,1,True,2,1,0.5
2026-03-06_19.31.59,132,sign-optimization-horizontal-vertical_scenario,614,195,3,-7,-1,90,90,15,1,76344,AdultFemaleAgent(Clone),10,12,1.58,1.45,0,0,False,3,0,0
2026-03-06_19.31.59,132,sign-optimization-horizontal-vertical_scenario,614,195,3,-7,-1,90,90,15,1,76345,AdultMaleAgent(Clone),11,10,1.71,1.58,0,0,False,3,0,0
2026-03-06_19.31.59,132,sign-optimization-horizontal-vertical_scenario,614,195,3,-7,-1,90,90,15,1,76346,WheelchairAgent(Clone),11,10,1.3,1.17,7.54541,1,False,3,0,0
2026-03-06_19.31.59,132,sign-optimization-horizontal-vertical_scenario,614,195,3,-7,-1,90,90,15,1,76347,AdultFemaleAgent(Clone),5,10,1.58,1.45,2.541504,1,False,2,1,0.5
2026-03-06_19.31.59,132,sign-optimization-horizontal-vertical_scenario,614,195,3,-7,-1,90,90,15,1,76348,AdultMaleAgent(Clone),6,12,1.71,1.58,0,0,False,2,1,0.5
2026-03-06_19.31.59,132,sign-optimization-horizontal-vertical_scenario,614,195,3,-7,-1,90,90,15,1,76349,AdultMaleAgent(Clone),7,11,1.71,1.58,6.017578,1,True,2,1,0.5
2026-03-06_19.31.59,132,sign-optimization-horizontal-vertical_scenario,614,195,3,-7,-1,90,90,15,1,76350,WheelchairAgent(Clone),10,12,1.3,1.17,0,0,False,3,0,0
2026-03-06_19.31.59,132,sign-optimization-horizontal-vertical_scenario,614,195,3,-7,-1,90,90,15,1,76351,AdultMaleAgent(Clone),10,12,1.71,1.58,0,0,False,3,0,0
2026-03-06_19.31.59,132,sign-optimization-horizontal-vertical_scenario,614,195,3,-7,-1,90,90,15,1,76352,AdultFemaleAgent(Clone),7,11,1.58,1.450001,5.134277,1,True,2,1,0.5
2026-03-06_19.31.59,132,sign-optimization-horizontal-vertical_scenario,614,195,3,-7,-1,90,90,15,1,76353,WheelchairAgent(Clone),7,11,1.3,1.17,6.09082,1,True,2,1,0.5
2026-03-06_19.31.59,132,sign-optimization-horizontal-vertical_scenario,614,195,3,-7,-1,90,90,15,1,76354,AdultFemaleAgent(Clone),11,10,1.58,1.450001,0,0,False,3,0,0
2026-03-06_19.31.59,132,sign-optimization-horizontal-vertical_scenario,614,195,3,-7,-1,90,90,15,1,76355,AdultFemaleAgent(Clone),6,12,1.58,1.45,0,0,True,2,1,0.5
2026-03-06_19.31.59,132,sign-optimization-horizontal-vertical_scenario,614,195,3,-7,-1,90,90,15,1,76356,AdultFemaleAgent(Clone),7,11,1.58,1.450001,4.538086,1,True,2,1,0.5
2026-03-06_19.31.59,132,sign-optimization-horizontal-vertical_scenario,614,195,3,-7,-1,90,90,15,1,76357,WheelchairAgent(Clone),11,10,1.3,1.17,0,0,False,3,0,0
2026-03-06_19.31.59,132,sign-optimization-horizontal-vertical_scenario,614,195,3,-7,-1,90,90,15,1,76358,AdultMaleAgent(Clone),5,10,1.71,1.58,3.20166,1,False,2,1,0.5
2026-03-06_19.31.59,132,sign-optimization-horizontal-vertical_scenario,614,195,3,-7,-1,90,90,15,1,76359,AdultMaleAgent(Clone),11,10,1.71,1.58,0,0,False,3,0,0
2026-03-06_19.31.59,132,sign-optimization-horizontal-vertical_scenario,614,195,3,-7,-1,90,90,15,1,76360,WheelchairAgent(Clone),11,10,1.3,1.17,0,0,False,3,0,0
2026-03-06_19.31.59,132,sign-optimization-horizontal-vertical_scenario,614,195,3,-7,-1,90,90,15,1,76361,AdultMaleAgent(Clone),5,10,1.71,1.58,0,0,True,2,1,0.5
2026-03-06_19.31.59,132,sign-optimization-horizontal-vertical_scenario,614,195,3,-7,-1,90,90,15,1,76362,WheelchairAgent(Clone),10,12,1.3,1.17,0,0,False,3,0,0
2026-03-06_19.31.59,132,sign-optimization-horizontal-vertical_scenario,614,195,3,-7,-1,90,90,15,1,76363,WheelchairAgent(Clone),6,12,1.3,1.17,0,0,False,2,1,0.5
2026-03-06_19.31.59,132,sign-optimization-horizontal-vertical_scenario,614,195,3,-7,-1,90,90,15,1,76364,AdultMaleAgent(Clone),10,12,1.71,1.58,0,0,False,3,0,0
2026-03-06_19.31.59,132,sign-optimization-horizontal-vertical_scenario,614,195,3,-7,-1,90,90,15,1,76365,WheelchairAgent(Clone),6,12,1.3,1.17,0,0,True,2,1,0.5
2026-03-06_19.31.59,132,sign-optimization-horizontal-vertical_scenario,614,195,3,-7,-1,90,90,15,1,76366,AdultMaleAgent(Clone),6,12,1.71,1.58,0,0,False,2,1,0.5
2026-03-06_19.31.59,132,sign-optimization-horizontal-vertical_scenario,614,195,3,-7,-1,90,90,15,1,76367,WheelchairAgent(Clone),10,12,1.3,1.17,0,0,False,3,0,0
2026-03-06_19.31.59,132,sign-optimization-horizontal-vertical_scenario,614,195,3,-7,-1,90,90,15,1,76368,AdultFemaleAgent(Clone),7,11,1.58,1.450001,5.353027,1,True,2,1,0.5
2026-03-06_19.31.59,132,sign-optimization-horizontal-vertical_scenario,614,195,3,-7,-1,90,90,15,1,76369,AdultFemaleAgent(Clone),7,11,1.58,1.450001,5.013184,1,True,2,1,0.5
2026-03-06_19.31.59,132,sign-optimization-horizontal-vertical_scenario,614,195,3,-7,-1,90,90,15,1,76370,WheelchairAgent(Clone),6,12,1.3,1.17,0,0,False,2,1,0.5
2026-03-06_19.31.59,132,sign-optimization-horizontal-vertical_scenario,614,195,3,-7,-1,90,90,15,1,76371,WheelchairAgent(Clone),5,10,1.3,1.17,2.145508,1,False,2,0,0
2026-03-06_19.31.59,132,sign-optimization-horizontal-vertical_scenario,614,195,3,-7,-1,90,90,15,1,76372,AdultFemaleAgent(Clone),11,10,1.58,1.450001,0,0,False,3,0,0
2026-03-06_19.31.59,132,sign-optimization-horizontal-vertical_scenario,614,195,3,-7,-1,90,90,15,1,76373,AdultMaleAgent(Clone),6,12,1.71,1.58,0,0,False,2,1,0.5
2026-03-06_19.31.59,132,sign-optimization-horizontal-vertical_scenario,614,195,3,-7,-1,90,90,15,1,76374,AdultMaleAgent(Clone),11,10,1.71,1.58,0,0,False,3,0,0
2026-03-06_19.31.59,132,sign-optimization-horizontal-vertical_scenario,614,195,3,-7,-1,90,90,15,1,76375,WheelchairAgent(Clone),7,11,1.3,1.17,3.93457,1,True,2,1,0.5
2026-03-06_19.31.59,132,sign-optimization-horizontal-vertical_scenario,614,195,3,-7,-1,90,90,15,1,76376,AdultFemaleAgent(Clone),10,12,1.58,1.45,0,0,False,3,0,0
2026-03-06_19.31.59,132,sign-optimization-horizontal-vertical_scenario,614,195,3,-7,-1,90,90,15,1,76377,AdultFemaleAgent(Clone),7,11,1.58,1.450001,5.555176,1,True,2,1,0.5
2026-03-06_19.31.59,132,sign-optimization-horizontal-vertical_scenario,614,195,3,-7,-1,90,90,15,1,76378,AdultFemaleAgent(Clone),6,12,1.58,1.45,0,0,False,2,1,0.5
2026-03-06_19.31.59,132,sign-optimization-horizontal-vertical_scenario,614,195,3,-7,-1,90,90,15,1,76379,WheelchairAgent(Clone),7,11,1.3,1.17,5.181641,1,True,2,1,0.5
2026-03-06_19.31.59,132,sign-optimization-horizontal-vertical_scenario,614,195,3,-7,-1,90,90,15,1,76380,WheelchairAgent(Clone),7,11,1.3,1.17,6.592285,1,True,2,1,0.5
2026-03-06_19.31.59,132,sign-optimization-horizontal-vertical_scenario,614,195,3,-7,-1,90,90,15,1,76381,AdultFemaleAgent(Clone),5,10,1.58,1.45,0,0,False,2,0,0
2026-03-06_19.31.59,132,sign-optimization-horizontal-vertical_scenario,614,195,3,-7,-1,90,90,15,1,76382,WheelchairAgent(Clone),10,12,1.3,1.17,0,0,False,3,0,0
2026-03-06_19.31.59,132,sign-optimization-horizontal-vertical_scenario,614,195,3,-7,-1,90,90,15,1,76383,WheelchairAgent(Clone),11,10,1.3,1.17,0,0,False,3,0,0
2026-03-06_19.31.59,132,sign-optimization-horizontal-vertical_scenario,614,195,3,-7,-1,90,90,15,1,76384,AdultFemaleAgent(Clone),7,11,1.58,1.450001,5.573242,1,True,2,1,0.5
2026-03-06_19.31.59,132,sign-optimization-horizontal-vertical_scenario,614,195,3,-7,-1,90,90,15,1,76385,AdultFemaleAgent(Clone),6,12,1.58,1.45,0,0,False,2,1,0.5
2026-03-06_19.31.59,132,sign-optimization-horizontal-vertical_scenario,614,195,3,-7,-1,90,90,15,1,76386,AdultMaleAgent(Clone),6,12,1.71,1.58,0,0,False,2,1,0.5
2026-03-06_19.31.59,132,sign-optimization-horizontal-vertical_scenario,614,195,3,-7,-1,90,90,15,1,76387,AdultMaleAgent(Clone),11,10,1.71,1.58,0,0,False,3,0,0
2026-03-06_19.31.59,132,sign-optimization-horizontal-vertical_scenario,614,195,3,-7,-1,90,90,15,1,76388,AdultMaleAgent(Clone),10,12,1.71,1.58,0,0,False,3,0,0
2026-03-06_19.31.59,132,sign-optimization-horizontal-vertical_scenario,614,195,3,-7,-1,90,90,15,1,76389,WheelchairAgent(Clone),7,11,1.3,1.17,5.304688,1,False,2,1,0.5
2026-03-06_19.31.59,132,sign-optimization-horizontal-vertical_scenario,614,195,3,-7,-1,90,90,15,1,76390,AdultFemaleAgent(Clone),10,12,1.58,1.45,0,0,False,3,0,0
2026-03-06_19.31.59,132,sign-optimization-horizontal-vertical_scenario,614,195,3,-7,-1,90,90,15,1,76391,AdultFemaleAgent(Clone),6,12,1.58,1.45,0,0,True,2,1,0.5
2026-03-06_19.31.59,132,sign-optimization-horizontal-vertical_scenario,614,195,3,-7,-1,90,90,15,1,76392,AdultFemaleAgent(Clone),11,10,1.58,1.450001,0,0,False,3,0,0
2026-03-06_19.31.59,132,sign-optimization-horizontal-vertical_scenario,614,195,3,-7,-1,90,90,15,1,76393,AdultFemaleAgent(Clone),10,12,1.58,1.45,0,0,False,3,0,0
2026-03-06_19.31.59,132,sign-optimization-horizontal-vertical_scenario,614,195,3,-7,-1,90,90,15,1,76394,AdultMaleAgent(Clone),5,10,1.71,1.58,0,0,True,2,1,0.5
2026-03-06_19.31.59,132,sign-optimization-horizontal-vertical_scenario,614,195,3,-7,-1,90,90,15,1,76395,WheelchairAgent(Clone),6,12,1.3,1.17,0,0,False,2,0,0
2026-03-06_19.31.59,132,sign-optimization-horizontal-vertical_scenario,614,195,3,-7,-1,90,90,15,1,76396,AdultFemaleAgent(Clone),6,12,1.58,1.45,0,0,False,2,1,0.5
2026-03-06_19.31.59,132,sign-optimization-horizontal-vertical_scenario,614,195,3,-7,-1,90,90,15,1,76397,AdultFemaleAgent(Clone),10,12,1.58,1.45,0,0,False,3,0,0
2026-03-06_19.31.59,132,sign-optimization-horizontal-vertical_scenario,614,195,3,-7,-1,90,90,15,1,76398,WheelchairAgent(Clone),11,10,1.3,1.17,0,0,False,3,0,0
2026-03-06_19.31.59,132,sign-optimization-horizontal-vertical_scenario,614,195,3,-7,-1,90,90,15,1,76399,WheelchairAgent(Clone),11,10,1.3,1.17,0,0,False,3,0,0
2026-03-06_19.31.59,132,sign-optimization-horizontal-vertical_scenario,614,195,3,-7,-1,90,90,15,1,76400,AdultFemaleAgent(Clone),5,10,1.58,1.45,0,0,False,2,1,0.5
2026-03-06_19.31.59,132,sign-optimization-horizontal-vertical_scenario,614,195,3,-7,-1,90,90,15,1,76401,AdultFemaleAgent(Clone),5,10,1.58,1.45,0,0,False,2,0,0
2026-03-06_19.31.59,132,sign-optimization-horizontal-vertical_scenario,614,195,3,-7,-1,90,90,15,1,76402,WheelchairAgent(Clone),7,11,1.3,1.17,5.111816,1,True,2,1,0.5
2026-03-06_19.31.59,132,sign-optimization-horizontal-vertical_scenario,614,195,3,-7,-1,90,90,15,1,76403,AdultFemaleAgent(Clone),6,12,1.58,1.45,0,0,False,2,1,0.5
2026-03-06_19.31.59,132,sign-optimization-horizontal-vertical_scenario,614,195,3,-7,-1,90,90,15,1,76404,AdultFemaleAgent(Clone),11,10,1.58,1.450001,0,0,False,3,0,0
2026-03-06_19.31.59,132,sign-optimization-horizontal-vertical_scenario,614,195,3,-7,-1,90,90,15,1,76405,WheelchairAgent(Clone),7,11,1.3,1.17,6.168457,1,True,2,1,0.5
2026-03-06_19.31.59,132,sign-optimization-horizontal-vertical_scenario,614,195,3,-7,-1,90,90,15,1,76406,WheelchairAgent(Clone),7,11,1.3,1.17,4.909668,1,True,2,1,0.5
2026-03-06_19.31.59,132,sign-optimization-horizontal-vertical_scenario,614,195,3,-7,-1,90,90,15,1,76407,AdultFemaleAgent(Clone),5,10,1.58,1.45,3.901855,1,True,2,1,0.5
2026-03-06_19.31.59,132,sign-optimization-horizontal-vertical_scenario,614,195,3,-7,-1,90,90,15,1,76408,AdultFemaleAgent(Clone),7,11,1.58,1.450001,5.740723,1,True,2,1,0.5
2026-03-06_19.31.59,132,sign-optimization-horizontal-vertical_scenario,614,195,3,-7,-1,90,90,15,1,76409,WheelchairAgent(Clone),5,10,1.3,1.17,3.185547,1,False,2,1,0.5
2026-03-06_19.31.59,132,sign-optimization-horizontal-vertical_scenario,614,195,3,-7,-1,90,90,15,1,76410,AdultMaleAgent(Clone),11,10,1.71,1.58,0,0,False,3,0,0
2026-03-06_19.31.59,132,sign-optimization-horizontal-vertical_scenario,614,195,3,-7,-1,90,90,15,1,76411,WheelchairAgent(Clone),7,11,1.3,1.17,3.237305,1,True,2,1,0.5
2026-03-06_19.31.59,132,sign-optimization-horizontal-vertical_scenario,614,195,3,-7,-1,90,90,15,1,76412,AdultMaleAgent(Clone),6,12,1.71,1.58,0,0,True,2,1,0.5
2026-03-06_19.31.59,132,sign-optimization-horizontal-vertical_scenario,614,195,3,-7,-1,90,90,15,1,76413,AdultMaleAgent(Clone),11,10,1.71,1.58,0,0,False,3,0,0
2026-03-06_19.31.59,132,sign-optimization-horizontal-vertical_scenario,614,195,3,-7,-1,90,90,15,1,76414,AdultMaleAgent(Clone),10,12,1.71,1.58,0,0,False,3,0,0
2026-03-06_19.31.59,132,sign-optimization-horizontal-vertical_scenario,614,195,3,-7,-1,90,90,15,1,76415,AdultMaleAgent(Clone),11,10,1.71,1.58,0,0,False,3,0,0
2026-03-06_19.31.59,132,sign-optimization-horizontal-vertical_scenario,614,195,3,-7,-1,90,90,15,1,76416,AdultFemaleAgent(Clone),10,12,1.58,1.45,0,0,False,3,0,0
2026-03-06_19.31.59,132,sign-optimization-horizontal-vertical_scenario,614,195,3,-7,-1,90,90,15,1,76417,WheelchairAgent(Clone),7,11,1.3,1.17,5.830078,1,True,2,1,0.5
2026-03-06_19.31.59,132,sign-optimization-horizontal-vertical_scenario,614,195,3,-7,-1,90,90,15,1,76418,WheelchairAgent(Clone),7,11,1.3,1.17,7.098145,1,True,2,1,0.5
2026-03-06_19.31.59,132,sign-optimization-horizontal-vertical_scenario,614,195,3,-7,-1,90,90,15,1,76419,AdultMaleAgent(Clone),10,12,1.71,1.58,0,0,False,3,0,0
2026-03-06_19.31.59,132,sign-optimization-horizontal-vertical_scenario,614,195,3,-7,-1,90,90,15,1,76420,WheelchairAgent(Clone),6,12,1.3,1.17,0,0,False,2,0,0
2026-03-06_19.31.59,132,sign-optimization-horizontal-vertical_scenario,614,195,3,-7,-1,90,90,15,1,76421,AdultMaleAgent(Clone),10,12,1.71,1.58,0,0,False,3,0,0
2026-03-06_19.31.59,132,sign-optimization-horizontal-vertical_scenario,614,195,3,-7,-1,90,90,15,1,76422,AdultFemaleAgent(Clone),6,12,1.58,1.45,0,0,False,2,1,0.5
2026-03-06_19.31.59,132,sign-optimization-horizontal-vertical_scenario,614,195,3,-7,-1,90,90,15,1,76423,WheelchairAgent(Clone),11,10,1.3,1.17,0,0,False,3,0,0
2026-03-06_19.31.59,132,sign-optimization-horizontal-vertical_scenario,614,195,3,-7,-1,90,90,15,1,76424,AdultFemaleAgent(Clone),5,10,1.58,1.45,0,0,False,2,1,0.5
2026-03-06_19.31.59,132,sign-optimization-horizontal-vertical_scenario,614,195,3,-7,-1,90,90,15,1,76425,WheelchairAgent(Clone),6,12,1.3,1.17,0,0,False,2,1,0.5
2026-03-06_19.31.59,132,sign-optimization-horizontal-vertical_scenario,614,195,3,-7,-1,90,90,15,1,76426,AdultMaleAgent(Clone),7,11,1.71,1.58,6.006836,1,True,2,1,0.5
2026-03-06_19.31.59,132,sign-optimization-horizontal-vertical_scenario,614,195,3,-7,-1,90,90,15,1,76427,AdultMaleAgent(Clone),11,10,1.71,1.58,0,0,False,3,0,0
2026-03-06_19.31.59,132,sign-optimization-horizontal-vertical_scenario,614,195,3,-7,-1,90,90,15,1,76428,AdultFemaleAgent(Clone),5,10,1.58,1.45,0,0,False,2,1,0.5
2026-03-06_19.31.59,132,sign-optimization-horizontal-vertical_scenario,614,195,3,-7,-1,90,90,15,1,76429,AdultMaleAgent(Clone),5,10,1.71,1.58,0,0,False,2,0,0
2026-03-06_19.31.59,132,sign-optimization-horizontal-vertical_scenario,614,195,3,-7,-1,90,90,15,1,76430,WheelchairAgent(Clone),10,12,1.3,1.17,0,0,False,3,0,0
2026-03-06_19.31.59,132,sign-optimization-horizontal-vertical_scenario,614,195,3,-7,-1,90,90,15,1,76431,AdultMaleAgent(Clone),10,12,1.71,1.58,0,0,False,3,0,0
2026-03-06_19.31.59,132,sign-optimization-horizontal-vertical_scenario,614,195,3,-7,-1,90,90,15,1,76432,AdultMaleAgent(Clone),6,12,1.71,1.58,0,0,False,2,1,0.5
2026-03-06_19.31.59,132,sign-optimization-horizontal-vertical_scenario,614,195,3,-7,-1,90,90,15,1,76433,AdultMaleAgent(Clone),11,10,1.71,1.58,0,0,False,3,0,0
2026-03-06_19.31.59,132,sign-optimization-horizontal-vertical_scenario,614,195,3,-7,-1,90,90,15,1,76434,AdultMaleAgent(Clone),10,12,1.71,1.58,0,0,False,3,0,0
2026-03-06_19.31.59,132,sign-optimization-horizontal-vertical_scenario,614,195,3,-7,-1,90,90,15,1,76435,AdultMaleAgent(Clone),7,11,1.71,1.58,5.217773,1,True,2,1,0.5
2026-03-06_19.31.59,132,sign-optimization-horizontal-vertical_scenario,614,195,3,-7,-1,90,90,15,1,76436,AdultFemaleAgent(Clone),5,10,1.58,1.45,0,0,False,2,0,0
2026-03-06_19.31.59,132,sign-optimization-horizontal-vertical_scenario,614,195,3,-7,-1,90,90,15,1,76437,WheelchairAgent(Clone),6,12,1.3,1.17,0,0,False,2,1,0.5
2026-03-06_19.31.59,132,sign-optimization-horizontal-vertical_scenario,614,195,3,-7,-1,90,90,15,1,76438,AdultMaleAgent(Clone),11,10,1.71,1.58,0,0,False,3,0,0
2026-03-06_19.31.59,132,sign-optimization-horizontal-vertical_scenario,614,195,3,-7,-1,90,90,15,1,76439,AdultFemaleAgent(Clone),10,12,1.58,1.45,0,0,False,3,0,0
2026-03-06_19.31.59,132,sign-optimization-horizontal-vertical_scenario,614,195,3,-7,-1,90,90,15,1,76440,AdultFemaleAgent(Clone),11,10,1.58,1.450001,0,0,False,3,0,0
2026-03-06_19.31.59,132,sign-optimization-horizontal-vertical_scenario,614,195,3,-7,-1,90,90,15,1,76441,AdultFemaleAgent(Clone),6,12,1.58,1.45,0,0,False,2,1,0.5
2026-03-06_19.31.59,132,sign-optimization-horizontal-vertical_scenario,614,195,3,-7,-1,90,90,15,1,76442,AdultMaleAgent(Clone),7,11,1.71,1.58,4.853516,1,True,2,1,0.5
2026-03-06_19.31.59,132,sign-optimization-horizontal-vertical_scenario,614,195,3,-7,-1,90,90,15,1,76443,AdultMaleAgent(Clone),11,10,1.71,1.58,0,0,False,3,0,0
2026-03-06_19.31.59,132,sign-optimization-horizontal-vertical_scenario,614,195,3,-7,-1,90,90,15,1,76444,AdultMaleAgent(Clone),7,11,1.71,1.58,5.503906,1,True,2,1,0.5
2026-03-06_19.31.59,132,sign-optimization-horizontal-vertical_scenario,614,195,3,-7,-1,90,90,15,1,76445,AdultMaleAgent(Clone),11,10,1.71,1.58,0,0,False,3,0,0
2026-03-06_19.31.59,132,sign-optimization-horizontal-vertical_scenario,614,195,3,-7,-1,90,90,15,1,76446,AdultFemaleAgent(Clone),11,10,1.58,1.450001,0,0,False,3,0,0
2026-03-06_19.31.59,132,sign-optimization-horizontal-vertical_scenario,614,195,3,-7,-1,90,90,15,1,76447,AdultMaleAgent(Clone),11,10,1.71,1.58,0,0,False,3,0,0
2026-03-06_19.31.59,132,sign-optimization-horizontal-vertical_scenario,614,195,3,-7,-1,90,90,15,1,76448,WheelchairAgent(Clone),7,11,1.3,1.17,6.157715,1,True,2,1,0.5
2026-03-06_19.31.59,132,sign-optimization-horizontal-vertical_scenario,614,195,3,-7,-1,90,90,15,1,76449,AdultFemaleAgent(Clone),10,12,1.58,1.45,0,0,False,3,0,0
2026-03-06_19.31.59,132,sign-optimization-horizontal-vertical_scenario,614,195,3,-7,-1,90,90,15,1,76450,AdultFemaleAgent(Clone),10,12,1.58,1.45,0,0,False,3,0,0
2026-03-06_19.31.59,132,sign-optimization-horizontal-vertical_scenario,614,195,3,-7,-1,90,90,15,1,76451,AdultFemaleAgent(Clone),7,11,1.58,1.450001,5.298828,1,True,2,1,0.5
2026-03-06_19.31.59,132,sign-optimization-horizontal-vertical_scenario,614,195,3,-7,-1,90,90,15,1,76452,AdultMaleAgent(Clone),7,11,1.71,1.58,3.61084,1,True,2,1,0.5
2026-03-06_19.31.59,132,sign-optimization-horizontal-vertical_scenario,614,195,3,-7,-1,90,90,15,1,76453,WheelchairAgent(Clone),11,10,1.3,1.17,0,0,False,3,0,0
2026-03-06_19.31.59,132,sign-optimization-horizontal-vertical_scenario,614,195,3,-7,-1,90,90,15,1,76454,WheelchairAgent(Clone),5,10,1.3,1.17,0,0,False,2,0,0
2026-03-06_19.31.59,132,sign-optimization-horizontal-vertical_scenario,614,195,3,-7,-1,90,90,15,1,76455,AdultMaleAgent(Clone),10,12,1.71,1.58,0,0,False,3,0,0
2026-03-06_19.31.59,132,sign-optimization-horizontal-vertical_scenario,614,195,3,-7,-1,90,90,15,1,76456,AdultMaleAgent(Clone),7,11,1.71,1.58,6.190918,1,True,2,1,0.5
2026-03-06_19.31.59,132,sign-optimization-horizontal-vertical_scenario,614,195,3,-7,-1,90,90,15,1,76457,AdultMaleAgent(Clone),6,12,1.71,1.58,0,0,False,2,1,0.5
2026-03-06_19.31.59,132,sign-optimization-horizontal-vertical_scenario,614,195,3,-7,-1,90,90,15,1,76458,AdultFemaleAgent(Clone),6,12,1.58,1.45,0,0,False,2,0,0
2026-03-06_19.31.59,132,sign-optimization-horizontal-vertical_scenario,614,195,3,-7,-1,90,90,15,1,76459,AdultMaleAgent(Clone),7,11,1.71,1.58,4.262207,1,True,2,1,0.5
2026-03-06_19.31.59,132,sign-optimization-horizontal-vertical_scenario,614,195,3,-7,-1,90,90,15,1,76460,AdultMaleAgent(Clone),7,11,1.71,1.58,5.066406,1,True,2,1,0.5
2026-03-06_19.31.59,132,sign-optimization-horizontal-vertical_scenario,614,195,3,-7,-1,90,90,15,1,76461,WheelchairAgent(Clone),7,11,1.3,1.17,6.521973,1,True,2,1,0.5
2026-03-06_19.31.59,132,sign-optimization-horizontal-vertical_scenario,614,195,3,-7,-1,90,90,15,1,76462,WheelchairAgent(Clone),6,12,1.3,1.17,0,0,False,2,0,0
2026-03-06_19.31.59,132,sign-optimization-horizontal-vertical_scenario,614,195,3,-7,-1,90,90,15,1,76463,WheelchairAgent(Clone),7,11,1.3,1.17,6.33252,1,True,2,1,0.5
2026-03-06_19.31.59,132,sign-optimization-horizontal-vertical_scenario,614,195,3,-7,-1,90,90,15,1,76464,AdultMaleAgent(Clone),11,10,1.71,1.58,0,0,False,3,0,0
2026-03-06_19.31.59,132,sign-optimization-horizontal-vertical_scenario,614,195,3,-7,-1,90,90,15,1,76465,AdultFemaleAgent(Clone),6,12,1.58,1.45,0,0,False,2,0,0
2026-03-06_19.31.59,132,sign-optimization-horizontal-vertical_scenario,614,195,3,-7,-1,90,90,15,1,76466,AdultFemaleAgent(Clone),5,10,1.58,1.45,0,0,False,2,0,0
2026-03-06_19.31.59,132,sign-optimization-horizontal-vertical_scenario,614,195,3,-7,-1,90,90,15,1,76467,WheelchairAgent(Clone),6,12,1.3,1.17,0,0,False,2,0,0
2026-03-06_19.31.59,132,sign-optimization-horizontal-vertical_scenario,614,195,3,-7,-1,90,90,15,1,76468,WheelchairAgent(Clone),11,10,1.3,1.17,0,0,False,3,0,0
2026-03-06_19.31.59,132,sign-optimization-horizontal-vertical_scenario,614,195,3,-7,-1,90,90,15,1,76469,AdultMaleAgent(Clone),5,10,1.71,1.58,0,0,False,2,0,0
2026-03-06_19.31.59,132,sign-optimization-horizontal-vertical_scenario,614,195,3,-7,-1,90,90,15,1,76470,AdultFemaleAgent(Clone),7,11,1.58,1.450001,4.647461,1,True,2,1,0.5
2026-03-06_19.31.59,132,sign-optimization-horizontal-vertical_scenario,614,195,3,-7,-1,90,90,15,1,76471,WheelchairAgent(Clone),11,10,1.3,1.17,0,0,False,3,0,0
2026-03-06_19.31.59,132,sign-optimization-horizontal-vertical_scenario,614,195,3,-7,-1,90,90,15,1,76472,AdultFemaleAgent(Clone),7,11,1.58,1.450001,5.67334,1,True,2,1,0.5
2026-03-06_19.31.59,132,sign-optimization-horizontal-vertical_scenario,614,195,3,-7,-1,90,90,15,1,76473,WheelchairAgent(Clone),11,10,1.3,1.17,0,0,False,3,0,0
2026-03-06_19.31.59,132,sign-optimization-horizontal-vertical_scenario,614,195,3,-7,-1,90,90,15,1,76474,AdultMaleAgent(Clone),7,11,1.71,1.58,0,0,True,2,1,0.5
2026-03-06_19.31.59,132,sign-optimization-horizontal-vertical_scenario,614,195,3,-7,-1,90,90,15,1,76475,AdultFemaleAgent(Clone),5,10,1.58,1.45,0,0,False,2,0,0
2026-03-06_19.31.59,132,sign-optimization-horizontal-vertical_scenario,614,195,3,-7,-1,90,90,15,1,76476,WheelchairAgent(Clone),11,10,1.3,1.17,0,0,False,3,0,0
2026-03-06_19.31.59,132,sign-optimization-horizontal-vertical_scenario,614,195,3,-7,-1,90,90,15,1,76477,WheelchairAgent(Clone),6,12,1.3,1.17,0,0,False,2,0,0
2026-03-06_19.31.59,132,sign-optimization-horizontal-vertical_scenario,614,195,3,-7,-1,90,90,15,1,76478,WheelchairAgent(Clone),6,12,1.3,1.17,0,0,False,2,0,0
2026-03-06_19.31.59,132,sign-optimization-horizontal-vertical_scenario,614,195,3,-7,-1,90,90,15,1,76479,WheelchairAgent(Clone),10,12,1.3,1.17,0,0,False,3,0,0
2026-03-06_19.31.59,132,sign-optimization-horizontal-vertical_scenario,614,195,3,-7,-1,90,90,15,1,76480,WheelchairAgent(Clone),6,12,1.3,1.17,0,0,False,2,0,0
2026-03-06_19.31.59,132,sign-optimization-horizontal-vertical_scenario,614,195,3,-7,-1,90,90,15,1,76481,AdultMaleAgent(Clone),7,11,1.71,1.58,5.286621,1,True,2,1,0.5
2026-03-06_19.31.59,132,sign-optimization-horizontal-vertical_scenario,614,195,3,-7,-1,90,90,15,1,76482,AdultMaleAgent(Clone),6,12,1.71,1.58,0,0,False,2,0,0
2026-03-06_19.31.59,132,sign-optimization-horizontal-vertical_scenario,614,195,3,-7,-1,90,90,15,1,76483,AdultMaleAgent(Clone),10,12,1.71,1.58,0,0,False,3,0,0
2026-03-06_19.31.59,132,sign-optimization-horizontal-vertical_scenario,614,195,3,-7,-1,90,90,15,1,76484,AdultFemaleAgent(Clone),5,10,1.58,1.45,0,0,False,2,0,0
2026-03-06_19.31.59,132,sign-optimization-horizontal-vertical_scenario,614,195,3,-7,-1,90,90,15,1,76485,AdultMaleAgent(Clone),10,12,1.71,1.58,0,0,False,3,0,0
2026-03-06_19.31.59,132,sign-optimization-horizontal-vertical_scenario,614,195,3,-7,-1,90,90,15,1,76486,AdultMaleAgent(Clone),10,12,1.71,1.58,0,0,False,3,0,0
2026-03-06_19.31.59,132,sign-optimization-horizontal-vertical_scenario,614,195,3,-7,-1,90,90,15,1,76487,AdultFemaleAgent(Clone),11,10,1.58,1.450001,0,0,False,3,0,0
2026-03-06_19.31.59,132,sign-optimization-horizontal-vertical_scenario,614,195,3,-7,-1,90,90,15,1,76488,AdultMaleAgent(Clone),10,12,1.71,1.58,0,0,False,3,0,0
2026-03-06_19.31.59,132,sign-optimization-horizontal-vertical_scenario,614,195,3,-7,-1,90,90,15,1,76489,AdultMaleAgent(Clone),11,10,1.71,1.58,0,0,False,3,0,0
2026-03-06_19.31.59,132,sign-optimization-horizontal-vertical_scenario,614,195,3,-7,-1,90,90,15,1,76490,WheelchairAgent(Clone),10,12,1.3,1.17,0,0,False,3,0,0
2026-03-06_19.31.59,132,sign-optimization-horizontal-vertical_scenario,614,195,3,-7,-1,90,90,15,1,76491,WheelchairAgent(Clone),10,12,1.3,1.17,0,0,False,3,0,0
2026-03-06_19.31.59,132,sign-optimization-horizontal-vertical_scenario,614,195,3,-7,-1,90,90,15,1,76492,WheelchairAgent(Clone),7,11,1.3,1.17,0,0,False,2,1,0.5
2026-03-06_19.31.59,132,sign-optimization-horizontal-vertical_scenario,614,195,3,-7,-1,90,90,15,1,76493,WheelchairAgent(Clone),10,12,1.3,1.17,0,0,False,3,0,0
2026-03-06_19.31.59,132,sign-optimization-horizontal-vertical_scenario,614,195,3,-7,-1,90,90,15,1,76494,WheelchairAgent(Clone),5,10,1.3,1.17,0,0,False,2,0,0
2026-03-06_19.31.59,132,sign-optimization-horizontal-vertical_scenario,614,195,3,-7,-1,90,90,15,1,76495,AdultFemaleAgent(Clone),6,12,1.58,1.45,0,0,False,2,0,0
2026-03-06_19.31.59,132,sign-optimization-horizontal-vertical_scenario,614,195,3,-7,-1,90,90,15,1,76496,AdultMaleAgent(Clone),11,10,1.71,1.58,0,0,False,3,0,0
2026-03-06_19.31.59,132,sign-optimization-horizontal-vertical_scenario,614,195,3,-7,-1,90,90,15,1,76497,WheelchairAgent(Clone),7,11,1.3,1.17,0,0,True,2,1,0.5
2026-03-06_19.31.59,132,sign-optimization-horizontal-vertical_scenario,614,195,3,-7,-1,90,90,15,1,76498,AdultMaleAgent(Clone),10,12,1.71,1.58,0,0,False,3,0,0
2026-03-06_19.31.59,132,sign-optimization-horizontal-vertical_scenario,614,195,3,-7,-1,90,90,15,1,76499,WheelchairAgent(Clone),7,11,1.3,1.17,0,0,False,2,1,0.5
2026-03-06_19.31.59,132,sign-optimization-horizontal-vertical_scenario,614,195,3,-7,-1,90,90,15,1,76500,WheelchairAgent(Clone),5,10,1.3,1.17,0,0,False,2,0,0
2026-03-06_19.31.59,132,sign-optimization-horizontal-vertical_scenario,614,195,3,-7,-1,90,90,15,1,76501,AdultMaleAgent(Clone),5,10,1.71,1.58,0,0,False,2,0,0
2026-03-06_19.31.59,132,sign-optimization-horizontal-vertical_scenario,614,195,3,-7,-1,90,90,15,1,76502,WheelchairAgent(Clone),5,10,1.3,1.17,0,0,False,2,0,0
2026-03-06_19.31.59,132,sign-optimization-horizontal-vertical_scenario,614,195,3,-7,-1,90,90,15,1,76503,AdultMaleAgent(Clone),10,12,1.71,1.58,0,0,False,3,0,0
2026-03-06_19.31.59,132,sign-optimization-horizontal-vertical_scenario,614,195,3,-7,-1,90,90,15,1,76504,WheelchairAgent(Clone),5,10,1.3,1.17,0,0,False,2,0,0
2026-03-06_19.31.59,132,sign-optimization-horizontal-vertical_scenario,614,195,3,-7,-1,90,90,15,1,76505,WheelchairAgent(Clone),5,10,1.3,1.17,0,0,False,2,0,0
2026-03-06_19.31.59,132,sign-optimization-horizontal-vertical_scenario,614,195,3,-7,-1,90,90,15,1,76506,AdultFemaleAgent(Clone),6,12,1.58,1.45,0,0,False,2,0,0
2026-03-06_19.31.59,132,sign-optimization-horizontal-vertical_scenario,614,195,3,-7,-1,90,90,15,1,76507,AdultFemaleAgent(Clone),7,11,1.58,1.450001,0,0,False,2,1,0.5
2026-03-06_19.31.59,132,sign-optimization-horizontal-vertical_scenario,614,195,3,-7,-1,90,90,15,1,76508,AdultFemaleAgent(Clone),10,12,1.58,1.45,0,0,False,3,0,0
2026-03-06_19.31.59,132,sign-optimization-horizontal-vertical_scenario,614,195,3,-7,-1,90,90,15,1,76509,AdultFemaleAgent(Clone),11,10,1.58,1.450001,0,0,False,3,0,0
2026-03-06_19.31.59,132,sign-optimization-horizontal-vertical_scenario,614,195,3,-7,-1,90,90,15,1,76510,WheelchairAgent(Clone),6,12,1.3,1.17,0,0,False,2,0,0
2026-03-06_19.31.59,132,sign-optimization-horizontal-vertical_scenario,614,195,3,-7,-1,90,90,15,1,76511,AdultMaleAgent(Clone),6,12,1.71,1.58,0,0,False,2,0,0
2026-03-06_19.31.59,132,sign-optimization-horizontal-vertical_scenario,614,195,3,-7,-1,90,90,15,1,76512,AdultMaleAgent(Clone),10,12,1.71,1.58,0,0,False,3,0,0
2026-03-06_19.31.59,132,sign-optimization-horizontal-vertical_scenario,614,195,3,-7,-1,90,90,15,1,76513,AdultMaleAgent(Clone),11,10,1.71,1.58,0,0,False,3,0,0
2026-03-06_19.31.59,132,sign-optimization-horizontal-vertical_scenario,614,195,3,-7,-1,90,90,15,1,76514,WheelchairAgent(Clone),7,11,1.3,1.17,0,0,False,2,1,0.5
2026-03-06_19.31.59,132,sign-optimization-horizontal-vertical_scenario,614,195,3,-7,-1,90,90,15,1,76515,WheelchairAgent(Clone),5,10,1.3,1.17,0,0,False,2,0,0
2026-03-06_19.31.59,132,sign-optimization-horizontal-vertical_scenario,614,195,3,-7,-1,90,90,15,1,76516,AdultMaleAgent(Clone),11,10,1.71,1.58,0,0,False,3,0,0
2026-03-06_19.31.59,132,sign-optimization-horizontal-vertical_scenario,614,195,3,-7,-1,90,90,15,1,76517,AdultMaleAgent(Clone),10,12,1.71,1.58,0,0,False,3,0,0
2026-03-06_19.31.59,132,sign-optimization-horizontal-vertical_scenario,614,195,3,-7,-1,90,90,15,1,76518,AdultFemaleAgent(Clone),10,12,1.58,1.45,0,0,False,3,0,0
2026-03-06_19.31.59,132,sign-optimization-horizontal-vertical_scenario,614,195,3,-7,-1,90,90,15,1,76519,WheelchairAgent(Clone),6,12,1.3,1.17,0,0,False,2,0,0
2026-03-06_19.31.59,132,sign-optimization-horizontal-vertical_scenario,614,195,3,-7,-1,90,90,15,1,76520,AdultMaleAgent(Clone),5,10,1.71,1.58,0,0,False,2,0,0
2026-03-06_19.31.59,132,sign-optimization-horizontal-vertical_scenario,614,195,3,-7,-1,90,90,15,1,76521,WheelchairAgent(Clone),11,10,1.3,1.17,0,0,False,3,0,0
2026-03-06_19.31.59,132,sign-optimization-horizontal-vertical_scenario,614,195,3,-7,-1,90,90,15,1,76522,WheelchairAgent(Clone),5,10,1.3,1.17,0,0,False,2,0,0
2026-03-06_19.31.59,132,sign-optimization-horizontal-vertical_scenario,614,195,3,-7,-1,90,90,15,1,76523,WheelchairAgent(Clone),6,12,1.3,1.17,0,0,False,2,0,0
2026-03-06_19.31.59,132,sign-optimization-horizontal-vertical_scenario,614,195,3,-7,-1,90,90,15,1,76524,WheelchairAgent(Clone),11,10,1.3,1.17,0,0,False,3,0,0
2026-03-06_19.31.59,132,sign-optimization-horizontal-vertical_scenario,614,195,3,-7,-1,90,90,15,1,76525,WheelchairAgent(Clone),7,11,1.3,1.17,0,0,False,2,0,0
2026-03-06_19.31.59,132,sign-optimization-horizontal-vertical_scenario,614,195,3,-7,-1,90,90,15,1,76526,AdultMaleAgent(Clone),10,12,1.71,1.58,0,0,False,3,0,0
2026-03-06_19.31.59,132,sign-optimization-horizontal-vertical_scenario,614,195,3,-7,-1,90,90,15,1,76527,AdultFemaleAgent(Clone),7,11,1.58,1.450001,0,0,False,2,0,0
2026-03-06_19.31.59,132,sign-optimization-horizontal-vertical_scenario,614,195,3,-7,-1,90,90,15,1,76528,WheelchairAgent(Clone),5,10,1.3,1.17,0,0,False,2,0,0
2026-03-06_19.31.59,132,sign-optimization-horizontal-vertical_scenario,614,195,3,-7,-1,90,90,15,1,76529,AdultMaleAgent(Clone),10,12,1.71,1.58,0,0,False,3,0,0
2026-03-06_19.31.59,132,sign-optimization-horizontal-vertical_scenario,614,195,3,-7,-1,90,90,15,1,76530,WheelchairAgent(Clone),5,10,1.3,1.17,0,0,False,2,0,0
2026-03-06_19.31.59,132,sign-optimization-horizontal-vertical_scenario,614,195,3,-7,-1,90,90,15,1,76531,AdultMaleAgent(Clone),6,12,1.71,1.58,0,0,False,2,0,0
2026-03-06_19.31.59,132,sign-optimization-horizontal-vertical_scenario,614,195,3,-7,-1,90,90,15,1,76532,WheelchairAgent(Clone),6,12,1.3,1.17,0,0,False,2,0,0
2026-03-06_19.31.59,132,sign-optimization-horizontal-vertical_scenario,614,195,3,-7,-1,90,90,15,1,76533,AdultMaleAgent(Clone),11,10,1.71,1.58,0,0,False,3,0,0
2026-03-06_19.31.59,132,sign-optimization-horizontal-vertical_scenario,614,195,3,-7,-1,90,90,15,1,76534,WheelchairAgent(Clone),7,11,1.3,1.17,0,0,False,2,0,0
2026-03-06_19.31.59,132,sign-optimization-horizontal-vertical_scenario,614,195,3,-7,-1,90,90,15,1,76535,WheelchairAgent(Clone),7,11,1.3,1.17,0,0,False,2,0,0
2026-03-06_19.31.59,132,sign-optimization-horizontal-vertical_scenario,614,195,3,-7,-1,90,90,15,1,76536,AdultMaleAgent(Clone),10,12,1.71,1.58,0,0,False,3,0,0
2026-03-06_19.31.59,132,sign-optimization-horizontal-vertical_scenario,614,195,3,-7,-1,90,90,15,1,76537,AdultMaleAgent(Clone),10,12,1.71,1.58,0,0,False,3,0,0
2026-03-06_19.31.59,132,sign-optimization-horizontal-vertical_scenario,614,195,3,-7,-1,90,90,15,1,76538,AdultFemaleAgent(Clone),11,10,1.58,1.450001,0,0,False,3,0,0
2026-03-06_19.31.59,132,sign-optimization-horizontal-vertical_scenario,614,195,3,-7,-1,90,90,15,1,76539,AdultMaleAgent(Clone),5,10,1.71,1.58,0,0,False,2,0,0
2026-03-06_19.31.59,132,sign-optimization-horizontal-vertical_scenario,614,195,3,-7,-1,90,90,15,1,76540,AdultMaleAgent(Clone),10,12,1.71,1.58,0,0,False,3,0,0
2026-03-06_19.31.59,132,sign-optimization-horizontal-vertical_scenario,614,195,3,-7,-1,90,90,15,1,76541,WheelchairAgent(Clone),5,10,1.3,1.17,0,0,False,2,0,0
2026-03-06_19.31.59,132,sign-optimization-horizontal-vertical_scenario,614,195,3,-7,-1,90,90,15,1,76542,WheelchairAgent(Clone),5,10,1.3,1.17,0,0,False,2,0,0
2026-03-06_19.31.59,132,sign-optimization-horizontal-vertical_scenario,614,195,3,-7,-1,90,90,15,1,76543,AdultFemaleAgent(Clone),5,10,1.58,1.45,0,0,False,2,0,0
2026-03-06_19.31.59,132,sign-optimization-horizontal-vertical_scenario,614,195,3,-7,-1,90,90,15,1,76544,AdultMaleAgent(Clone),10,12,1.71,1.58,0,0,False,3,0,0
2026-03-06_19.31.59,132,sign-optimization-horizontal-vertical_scenario,614,195,3,-7,-1,90,90,15,1,76545,AdultMaleAgent(Clone),5,10,1.71,1.58,0,0,False,2,0,0
2026-03-06_19.31.59,132,sign-optimization-horizontal-vertical_scenario,614,195,3,-7,-1,90,90,15,1,76546,AdultMaleAgent(Clone),11,10,1.71,1.58,0,0,False,3,0,0
2026-03-06_19.31.59,132,sign-optimization-horizontal-vertical_scenario,614,195,3,-7,-1,90,90,15,1,76547,AdultFemaleAgent(Clone),5,10,1.58,1.45,0,0,False,2,0,0
2026-03-06_19.31.59,132,sign-optimization-horizontal-vertical_scenario,614,195,3,-7,-1,90,90,15,1,76548,AdultFemaleAgent(Clone),5,10,1.58,1.45,0,0,False,2,0,0
2026-03-06_19.31.59,132,sign-optimization-horizontal-vertical_scenario,614,195,3,-7,-1,90,90,15,1,76549,AdultFemaleAgent(Clone),10,12,1.58,1.45,0,0,False,3,0,0
2026-03-06_19.31.59,132,sign-optimization-horizontal-vertical_scenario,614,195,3,-7,-1,90,90,15,1,76550,WheelchairAgent(Clone),5,10,1.3,1.17,0,0,False,2,0,0
2026-03-06_19.31.59,132,sign-optimization-horizontal-vertical_scenario,614,195,3,-7,-1,90,90,15,1,76551,WheelchairAgent(Clone),10,12,1.3,1.17,0,0,False,3,0,0
2026-03-06_19.31.59,132,sign-optimization-horizontal-vertical_scenario,614,195,3,-7,-1,90,90,15,1,76552,AdultFemaleAgent(Clone),6,12,1.58,1.45,0,0,False,2,0,0
2026-03-06_19.31.59,132,sign-optimization-horizontal-vertical_scenario,614,195,3,-7,-1,90,90,15,1,76553,WheelchairAgent(Clone),10,12,1.3,1.17,0,0,False,3,0,0
2026-03-06_19.31.59,132,sign-optimization-horizontal-vertical_scenario,614,195,3,-7,-1,90,90,15,1,76554,AdultMaleAgent(Clone),7,11,1.71,1.58,0,0,False,2,0,0
2026-03-06_19.31.59,132,sign-optimization-horizontal-vertical_scenario,614,195,3,-7,-1,90,90,15,1,76555,AdultFemaleAgent(Clone),6,12,1.58,1.45,0,0,False,2,0,0
2026-03-06_19.31.59,132,sign-optimization-horizontal-vertical_scenario,614,195,3,-7,-1,90,90,15,1,76556,AdultFemaleAgent(Clone),5,10,1.58,1.45,0,0,False,2,0,0
2026-03-06_19.31.59,132,sign-optimization-horizontal-vertical_scenario,614,195,3,-7,-1,90,90,15,1,76557,WheelchairAgent(Clone),7,11,1.3,1.17,0,0,False,2,0,0
2026-03-06_19.31.59,132,sign-optimization-horizontal-vertical_scenario,614,195,3,-7,-1,90,90,15,1,76558,AdultMaleAgent(Clone),7,11,1.71,1.58,0,0,False,2,0,0
2026-03-06_19.31.59,132,sign-optimization-horizontal-vertical_scenario,614,195,3,-7,-1,90,90,15,1,76559,AdultFemaleAgent(Clone),7,11,1.58,1.450001,0,0,False,2,0,0
2026-03-06_19.31.59,132,sign-optimization-horizontal-vertical_scenario,614,195,3,-7,-1,90,90,15,1,76560,AdultFemaleAgent(Clone),7,11,1.58,1.450001,0,0,False,2,0,0
2026-03-06_19.31.59,132,sign-optimization-horizontal-vertical_scenario,614,195,3,-7,-1,90,90,15,1,76561,AdultMaleAgent(Clone),6,12,1.71,1.58,0,0,False,2,0,0
2026-03-06_19.31.59,132,sign-optimization-horizontal-vertical_scenario,614,195,3,-7,-1,90,90,15,1,76562,AdultFemaleAgent(Clone),5,10,1.58,1.45,0,0,False,2,0,0
2026-03-06_19.31.59,132,sign-optimization-horizontal-vertical_scenario,614,195,3,-7,-1,90,90,15,1,76563,WheelchairAgent(Clone),5,10,1.3,1.17,0,0,False,2,0,0
2026-03-06_19.31.59,132,sign-optimization-horizontal-vertical_scenario,614,195,3,-7,-1,90,90,15,1,76564,AdultMaleAgent(Clone),10,12,1.71,1.58,0,0,False,3,0,0
2026-03-06_19.31.59,132,sign-optimization-horizontal-vertical_scenario,614,195,3,-7,-1,90,90,15,1,76565,WheelchairAgent(Clone),10,12,1.3,1.17,0,0,False,3,0,0
2026-03-06_19.31.59,132,sign-optimization-horizontal-vertical_scenario,614,195,3,-7,-1,90,90,15,1,76566,WheelchairAgent(Clone),7,11,1.3,1.17,0,0,False,2,0,0
2026-03-06_19.31.59,132,sign-optimization-horizontal-vertical_scenario,614,195,3,-7,-1,90,90,15,1,76567,AdultMaleAgent(Clone),7,11,1.71,1.58,0,0,False,2,0,0
2026-03-06_19.31.59,132,sign-optimization-horizontal-vertical_scenario,614,195,3,-7,-1,90,90,15,1,76568,AdultMaleAgent(Clone),5,10,1.71,1.58,0,0,False,2,0,0
2026-03-06_19.31.59,132,sign-optimization-horizontal-vertical_scenario,614,195,3,-7,-1,90,90,15,1,76569,AdultMaleAgent(Clone),6,12,1.71,1.58,0,0,False,2,0,0
2026-03-06_19.31.59,132,sign-optimization-horizontal-vertical_scenario,614,195,3,-7,-1,90,90,15,1,76570,AdultFemaleAgent(Clone),10,12,1.58,1.45,0,0,False,3,0,0
2026-03-06_19.31.59,132,sign-optimization-horizontal-vertical_scenario,614,195,3,-7,-1,90,90,15,1,76571,AdultFemaleAgent(Clone),11,10,1.58,1.450001,0,0,False,3,0,0
2026-03-06_19.31.59,132,sign-optimization-horizontal-vertical_scenario,614,195,3,-7,-1,90,90,15,1,76572,WheelchairAgent(Clone),5,10,1.3,1.17,0,0,False,2,0,0
2026-03-06_19.31.59,132,sign-optimization-horizontal-vertical_scenario,614,195,3,-7,-1,90,90,15,1,76573,AdultMaleAgent(Clone),5,10,1.71,1.58,0,0,False,2,0,0
2026-03-06_19.31.59,132,sign-optimization-horizontal-vertical_scenario,614,195,3,-7,-1,90,90,15,1,76574,AdultFemaleAgent(Clone),6,12,1.58,1.45,0,0,False,2,0,0
