Timestamp,RunIndex,ScenarioID,TotalAgents,VisibleSignCount,SignHeight,SignPositionX,SignPositionZ,SignOrientation,VcaAngle,VcaDistance,SignComprehensionTime,AgentID,AgentType,StartNode,GoalNode,Height,EyeHeight,TimeInVCA,TimesInVCA,SawSign,TotalNodesNavigated,NodesWithDetection,RDEffective
2026-03-06_19.09.59,110,sign-optimization-horizontal-vertical_scenario,622,125,3,-11,-2,90,90,15,1,63141,WheelchairAgent(Clone),5,10,1.3,1.17,0,0,False,2,0,0
2026-03-06_19.09.59,110,sign-optimization-horizontal-vertical_scenario,622,125,3,-11,-2,90,90,15,1,63142,AdultMaleAgent(Clone),5,10,1.71,1.58,1.114746,1,False,2,0,0
2026-03-06_19.09.59,110,sign-optimization-horizontal-vertical_scenario,622,125,3,-11,-2,90,90,15,1,63143,AdultFemaleAgent(Clone),7,11,1.58,1.450001,8.397461,2,True,2,1,0.5
2026-03-06_19.09.59,110,sign-optimization-horizontal-vertical_scenario,622,125,3,-11,-2,90,90,15,1,63144,AdultMaleAgent(Clone),6,12,1.71,1.58,5.785156,1,False,2,0,0
2026-03-06_19.09.59,110,sign-optimization-horizontal-vertical_scenario,622,125,3,-11,-2,90,90,15,1,63145,AdultMaleAgent(Clone),11,10,1.71,1.58,0,0,False,3,0,0
2026-03-06_19.09.59,110,sign-optimization-horizontal-vertical_scenario,622,125,3,-11,-2,90,90,15,1,63146,AdultMaleAgent(Clone),5,10,1.71,1.58,0,0,False,2,0,0
2026-03-06_19.09.59,110,sign-optimization-horizontal-vertical_scenario,622,125,3,-11,-2,90,90,15,1,63147,AdultMaleAgent(Clone),11,10,1.71,1.58,0,0,False,3,0,0
2026-03-06_19.09.59,110,sign-optimization-horizontal-vertical_scenario,622,125,3,-11,-2,90,90,15,1,63148,AdultFemaleAgent(Clone),5,10,1.58,1.45,2.272949,1,False,2,1,0.5
2026-03-06_19.09.59,110,sign-optimization-horizontal-vertical_scenario,622,125,3,-11,-2,90,90,15,1,63149,AdultFemaleAgent(Clone),7,11,1.58,1.450001,5.775391,2,True,2,1,0.5
2026-03-06_19.09.59,110,sign-optimization-horizontal-vertical_scenario,622,125,3,-11,-2,90,90,15,1,63150,AdultFemaleAgent(Clone),11,10,1.58,1.450001,0,0,False,3,0,0
2026-03-06_19.09.59,110,sign-optimization-horizontal-vertical_scenario,622,125,3,-11,-2,90,90,15,1,63151,AdultMaleAgent(Clone),5,10,1.71,1.58,0,0,False,2,0,0
2026-03-06_19.09.59,110,sign-optimization-horizontal-vertical_scenario,622,125,3,-11,-2,90,90,15,1,63152,WheelchairAgent(Clone),6,12,1.3,1.17,9.588867,1,False,2,0,0
2026-03-06_19.09.59,110,sign-optimization-horizontal-vertical_scenario,622,125,3,-11,-2,90,90,15,1,63153,WheelchairAgent(Clone),6,12,1.3,1.17,11.11523,1,True,2,1,0.5
2026-03-06_19.09.59,110,sign-optimization-horizontal-vertical_scenario,622,125,3,-11,-2,90,90,15,1,63154,AdultFemaleAgent(Clone),11,10,1.58,1.450001,0,0,False,3,0,0
2026-03-06_19.09.59,110,sign-optimization-horizontal-vertical_scenario,622,125,3,-11,-2,90,90,15,1,63155,AdultMaleAgent(Clone),10,12,1.71,1.58,9.541992,1,False,3,0,0
2026-03-06_19.09.59,110,sign-optimization-horizontal-vertical_scenario,622,125,3,-11,-2,90,90,15,1,63156,WheelchairAgent(Clone),10,12,1.3,1.17,9.253906,1,False,3,0,0
2026-03-06_19.09.59,110,sign-optimization-horizontal-vertical_scenario,622,125,3,-11,-2,90,90,15,1,63157,WheelchairAgent(Clone),7,11,1.3,1.17,6.282227,2,True,2,1,0.5
2026-03-06_19.09.59,110,sign-optimization-horizontal-vertical_scenario,622,125,3,-11,-2,90,90,15,1,63158,AdultFemaleAgent(Clone),7,11,1.58,1.450001,6.130371,2,True,2,1,0.5
2026-03-06_19.09.59,110,sign-optimization-horizontal-vertical_scenario,622,125,3,-11,-2,90,90,15,1,63159,AdultFemaleAgent(Clone),6,12,1.58,1.45,11.87207,1,False,2,1,0.5
2026-03-06_19.09.59,110,sign-optimization-horizontal-vertical_scenario,622,125,3,-11,-2,90,90,15,1,63160,WheelchairAgent(Clone),5,10,1.3,1.17,0,0,False,2,0,0
2026-03-06_19.09.59,110,sign-optimization-horizontal-vertical_scenario,622,125,3,-11,-2,90,90,15,1,63161,AdultMaleAgent(Clone),10,12,1.71,1.58,2.482422,2,False,3,2,0.6666667
2026-03-06_19.09.59,110,sign-optimization-horizontal-vertical_scenario,622,125,3,-11,-2,90,90,15,1,63162,AdultFemaleAgent(Clone),7,11,1.58,1.450001,4.398438,2,True,2,1,0.5
2026-03-06_19.09.59,110,sign-optimization-horizontal-vertical_scenario,622,125,3,-11,-2,90,90,15,1,63163,AdultMaleAgent(Clone),11,10,1.71,1.58,0,0,False,3,0,0
2026-03-06_19.09.59,110,sign-optimization-horizontal-vertical_scenario,622,125,3,-11,-2,90,90,15,1,63164,AdultFemaleAgent(Clone),10,12,1.58,1.45,6.139648,1,False,3,0,0
2026-03-06_19.09.59,110,sign-optimization-horizontal-vertical_scenario,622,125,3,-11,-2,90,90,15,1,63165,AdultFemaleAgent(Clone),11,10,1.58,1.450001,0,0,False,3,0,0
2026-03-06_19.09.59,110,sign-optimization-horizontal-vertical_scenario,622,125,3,-11,-2,90,90,15,1,63166,WheelchairAgent(Clone),11,10,1.3,1.17,0,0,False,3,0,0
2026-03-06_19.09.59,110,sign-optimization-horizontal-vertical_scenario,622,125,3,-11,-2,90,90,15,1,63167,AdultFemaleAgent(Clone),6,12,1.58,1.45,12.6626,1,False,2,1,0.5
2026-03-06_19.09.59,110,sign-optimization-horizontal-vertical_scenario,622,125,3,-11,-2,90,90,15,1,63168,AdultMaleAgent(Clone),7,11,1.71,1.58,6.033691,2,True,2,1,0.5
2026-03-06_19.09.59,110,sign-optimization-horizontal-vertical_scenario,622,125,3,-11,-2,90,90,15,1,63169,WheelchairAgent(Clone),6,12,1.3,1.17,8.633789,1,False,2,0,0
2026-03-06_19.09.59,110,sign-optimization-horizontal-vertical_scenario,622,125,3,-11,-2,90,90,15,1,63170,AdultMaleAgent(Clone),10,12,1.71,1.58,4.977539,1,False,3,0,0
2026-03-06_19.09.59,110,sign-optimization-horizontal-vertical_scenario,622,125,3,-11,-2,90,90,15,1,63171,AdultFemaleAgent(Clone),10,12,1.58,1.45,8.871582,1,False,3,0,0
2026-03-06_19.09.59,110,sign-optimization-horizontal-vertical_scenario,622,125,3,-11,-2,90,90,15,1,63172,WheelchairAgent(Clone),5,10,1.3,1.17,0,0,False,2,0,0
2026-03-06_19.09.59,110,sign-optimization-horizontal-vertical_scenario,622,125,3,-11,-2,90,90,15,1,63173,AdultFemaleAgent(Clone),11,10,1.58,1.450001,0,0,False,3,0,0
2026-03-06_19.09.59,110,sign-optimization-horizontal-vertical_scenario,622,125,3,-11,-2,90,90,15,1,63174,AdultFemaleAgent(Clone),11,10,1.58,1.450001,0,0,False,3,0,0
2026-03-06_19.09.59,110,sign-optimization-horizontal-vertical_scenario,622,125,3,-11,-2,90,90,15,1,63175,WheelchairAgent(Clone),10,12,1.3,1.17,7.760742,1,False,3,0,0
2026-03-06_19.09.59,110,sign-optimization-horizontal-vertical_scenario,622,125,3,-11,-2,90,90,15,1,63176,AdultFemaleAgent(Clone),7,11,1.58,1.450001,4.06543,2,True,2,1,0.5
2026-03-06_19.09.59,110,sign-optimization-horizontal-vertical_scenario,622,125,3,-11,-2,90,90,15,1,63177,AdultFemaleAgent(Clone),7,11,1.58,1.450001,7.030273,2,True,2,1,0.5
2026-03-06_19.09.59,110,sign-optimization-horizontal-vertical_scenario,622,125,3,-11,-2,90,90,15,1,63178,WheelchairAgent(Clone),10,12,1.3,1.17,6.959961,1,False,3,0,0
2026-03-06_19.09.59,110,sign-optimization-horizontal-vertical_scenario,622,125,3,-11,-2,90,90,15,1,63179,WheelchairAgent(Clone),10,12,1.3,1.17,4.890137,1,False,3,0,0
2026-03-06_19.09.59,110,sign-optimization-horizontal-vertical_scenario,622,125,3,-11,-2,90,90,15,1,63180,AdultFemaleAgent(Clone),10,12,1.58,1.45,11.65625,1,False,3,0,0
2026-03-06_19.09.59,110,sign-optimization-horizontal-vertical_scenario,622,125,3,-11,-2,90,90,15,1,63181,AdultFemaleAgent(Clone),11,10,1.58,1.450001,0,0,False,3,0,0
2026-03-06_19.09.59,110,sign-optimization-horizontal-vertical_scenario,622,125,3,-11,-2,90,90,15,1,63182,AdultFemaleAgent(Clone),11,10,1.58,1.450001,0,0,False,3,0,0
2026-03-06_19.09.59,110,sign-optimization-horizontal-vertical_scenario,622,125,3,-11,-2,90,90,15,1,63183,WheelchairAgent(Clone),7,11,1.3,1.17,6.015137,2,True,2,1,0.5
2026-03-06_19.09.59,110,sign-optimization-horizontal-vertical_scenario,622,125,3,-11,-2,90,90,15,1,63184,AdultMaleAgent(Clone),11,10,1.71,1.58,12.4292,1,False,3,0,0
2026-03-06_19.09.59,110,sign-optimization-horizontal-vertical_scenario,622,125,3,-11,-2,90,90,15,1,63185,WheelchairAgent(Clone),6,12,1.3,1.17,13.58301,1,True,2,1,0.5
2026-03-06_19.09.59,110,sign-optimization-horizontal-vertical_scenario,622,125,3,-11,-2,90,90,15,1,63186,WheelchairAgent(Clone),6,12,1.3,1.17,12.33838,1,False,2,1,0.5
2026-03-06_19.09.59,110,sign-optimization-horizontal-vertical_scenario,622,125,3,-11,-2,90,90,15,1,63187,WheelchairAgent(Clone),5,10,1.3,1.17,0,0,False,2,0,0
2026-03-06_19.09.59,110,sign-optimization-horizontal-vertical_scenario,622,125,3,-11,-2,90,90,15,1,63188,WheelchairAgent(Clone),6,12,1.3,1.17,13.95752,1,True,2,1,0.5
2026-03-06_19.09.59,110,sign-optimization-horizontal-vertical_scenario,622,125,3,-11,-2,90,90,15,1,63189,AdultMaleAgent(Clone),11,10,1.71,1.58,0,0,False,3,0,0
2026-03-06_19.09.59,110,sign-optimization-horizontal-vertical_scenario,622,125,3,-11,-2,90,90,15,1,63190,AdultMaleAgent(Clone),7,11,1.71,1.58,6.010254,2,True,2,1,0.5
2026-03-06_19.09.59,110,sign-optimization-horizontal-vertical_scenario,622,125,3,-11,-2,90,90,15,1,63191,AdultMaleAgent(Clone),10,12,1.71,1.58,7.016602,1,False,3,0,0
2026-03-06_19.09.59,110,sign-optimization-horizontal-vertical_scenario,622,125,3,-11,-2,90,90,15,1,63192,WheelchairAgent(Clone),11,10,1.3,1.17,0,0,False,3,0,0
2026-03-06_19.09.59,110,sign-optimization-horizontal-vertical_scenario,622,125,3,-11,-2,90,90,15,1,63193,AdultMaleAgent(Clone),5,10,1.71,1.58,2.052246,1,False,2,0,0
2026-03-06_19.09.59,110,sign-optimization-horizontal-vertical_scenario,622,125,3,-11,-2,90,90,15,1,63194,AdultFemaleAgent(Clone),10,12,1.58,1.45,11.0166,1,False,3,0,0
2026-03-06_19.09.59,110,sign-optimization-horizontal-vertical_scenario,622,125,3,-11,-2,90,90,15,1,63195,AdultMaleAgent(Clone),10,12,1.71,1.58,0.4755859,2,False,3,2,0.6666667
2026-03-06_19.09.59,110,sign-optimization-horizontal-vertical_scenario,622,125,3,-11,-2,90,90,15,1,63196,AdultFemaleAgent(Clone),5,10,1.58,1.45,0,0,False,2,0,0
2026-03-06_19.09.59,110,sign-optimization-horizontal-vertical_scenario,622,125,3,-11,-2,90,90,15,1,63197,AdultFemaleAgent(Clone),11,10,1.58,1.450001,0,0,False,3,0,0
2026-03-06_19.09.59,110,sign-optimization-horizontal-vertical_scenario,622,125,3,-11,-2,90,90,15,1,63198,WheelchairAgent(Clone),6,12,1.3,1.17,9.874512,1,False,2,1,0.5
2026-03-06_19.09.59,110,sign-optimization-horizontal-vertical_scenario,622,125,3,-11,-2,90,90,15,1,63199,AdultMaleAgent(Clone),10,12,1.71,1.58,5.827148,1,False,3,0,0
2026-03-06_19.09.59,110,sign-optimization-horizontal-vertical_scenario,622,125,3,-11,-2,90,90,15,1,63200,WheelchairAgent(Clone),7,11,1.3,1.17,6.661621,2,True,2,1,0.5
2026-03-06_19.09.59,110,sign-optimization-horizontal-vertical_scenario,622,125,3,-11,-2,90,90,15,1,63201,AdultFemaleAgent(Clone),10,12,1.58,1.45,0,0,False,3,0,0
2026-03-06_19.09.59,110,sign-optimization-horizontal-vertical_scenario,622,125,3,-11,-2,90,90,15,1,63202,AdultFemaleAgent(Clone),11,10,1.58,1.450001,0,0,False,3,0,0
2026-03-06_19.09.59,110,sign-optimization-horizontal-vertical_scenario,622,125,3,-11,-2,90,90,15,1,63203,WheelchairAgent(Clone),6,12,1.3,1.17,9.229492,1,False,2,1,0.5
2026-03-06_19.09.59,110,sign-optimization-horizontal-vertical_scenario,622,125,3,-11,-2,90,90,15,1,63204,AdultFemaleAgent(Clone),6,12,1.58,1.45,13.10986,1,False,2,1,0.5
2026-03-06_19.09.59,110,sign-optimization-horizontal-vertical_scenario,622,125,3,-11,-2,90,90,15,1,63205,AdultMaleAgent(Clone),10,12,1.71,1.58,3.644043,2,False,3,0,0
2026-03-06_19.09.59,110,sign-optimization-horizontal-vertical_scenario,622,125,3,-11,-2,90,90,15,1,63206,AdultFemaleAgent(Clone),6,12,1.58,1.45,14.78174,1,True,2,1,0.5
2026-03-06_19.09.59,110,sign-optimization-horizontal-vertical_scenario,622,125,3,-11,-2,90,90,15,1,63207,AdultFemaleAgent(Clone),7,11,1.58,1.450001,8.170898,2,True,2,1,0.5
2026-03-06_19.09.59,110,sign-optimization-horizontal-vertical_scenario,622,125,3,-11,-2,90,90,15,1,63208,AdultFemaleAgent(Clone),5,10,1.58,1.45,0,0,False,2,0,0
2026-03-06_19.09.59,110,sign-optimization-horizontal-vertical_scenario,622,125,3,-11,-2,90,90,15,1,63209,AdultMaleAgent(Clone),7,11,1.71,1.58,7.504395,2,True,2,1,0.5
2026-03-06_19.09.59,110,sign-optimization-horizontal-vertical_scenario,622,125,3,-11,-2,90,90,15,1,63210,AdultMaleAgent(Clone),6,12,1.71,1.58,8.949707,1,False,2,1,0.5
2026-03-06_19.09.59,110,sign-optimization-horizontal-vertical_scenario,622,125,3,-11,-2,90,90,15,1,63211,AdultMaleAgent(Clone),6,12,1.71,1.58,14.69043,1,True,2,1,0.5
2026-03-06_19.09.59,110,sign-optimization-horizontal-vertical_scenario,622,125,3,-11,-2,90,90,15,1,63212,AdultMaleAgent(Clone),7,11,1.71,1.58,7.131836,2,True,2,1,0.5
2026-03-06_19.09.59,110,sign-optimization-horizontal-vertical_scenario,622,125,3,-11,-2,90,90,15,1,63213,AdultFemaleAgent(Clone),11,10,1.58,1.450001,0,0,False,3,0,0
2026-03-06_19.09.59,110,sign-optimization-horizontal-vertical_scenario,622,125,3,-11,-2,90,90,15,1,63214,WheelchairAgent(Clone),5,10,1.3,1.17,0.1274414,1,False,2,0,0
2026-03-06_19.09.59,110,sign-optimization-horizontal-vertical_scenario,622,125,3,-11,-2,90,90,15,1,63215,AdultFemaleAgent(Clone),10,12,1.58,1.45,7.980957,1,False,3,0,0
2026-03-06_19.09.59,110,sign-optimization-horizontal-vertical_scenario,622,125,3,-11,-2,90,90,15,1,63216,AdultMaleAgent(Clone),5,10,1.71,1.58,0,0,False,2,0,0
2026-03-06_19.09.59,110,sign-optimization-horizontal-vertical_scenario,622,125,3,-11,-2,90,90,15,1,63217,AdultMaleAgent(Clone),11,10,1.71,1.58,0,0,False,3,0,0
2026-03-06_19.09.59,110,sign-optimization-horizontal-vertical_scenario,622,125,3,-11,-2,90,90,15,1,63218,AdultFemaleAgent(Clone),10,12,1.58,1.45,6.658203,1,False,3,0,0
2026-03-06_19.09.59,110,sign-optimization-horizontal-vertical_scenario,622,125,3,-11,-2,90,90,15,1,63219,AdultMaleAgent(Clone),10,12,1.71,1.58,13.25635,1,False,3,0,0
2026-03-06_19.09.59,110,sign-optimization-horizontal-vertical_scenario,622,125,3,-11,-2,90,90,15,1,63220,AdultFemaleAgent(Clone),6,12,1.58,1.45,8.57959,1,False,2,1,0.5
2026-03-06_19.09.59,110,sign-optimization-horizontal-vertical_scenario,622,125,3,-11,-2,90,90,15,1,63221,WheelchairAgent(Clone),7,11,1.3,1.17,7.205078,2,True,2,1,0.5
2026-03-06_19.09.59,110,sign-optimization-horizontal-vertical_scenario,622,125,3,-11,-2,90,90,15,1,63222,WheelchairAgent(Clone),10,12,1.3,1.17,11.09033,1,False,3,0,0
2026-03-06_19.09.59,110,sign-optimization-horizontal-vertical_scenario,622,125,3,-11,-2,90,90,15,1,63223,AdultFemaleAgent(Clone),5,10,1.58,1.45,3.039063,1,False,2,1,0.5
2026-03-06_19.09.59,110,sign-optimization-horizontal-vertical_scenario,622,125,3,-11,-2,90,90,15,1,63224,AdultFemaleAgent(Clone),11,10,1.58,1.450001,9.940918,1,False,3,0,0
2026-03-06_19.09.59,110,sign-optimization-horizontal-vertical_scenario,622,125,3,-11,-2,90,90,15,1,63225,AdultMaleAgent(Clone),5,10,1.71,1.58,0,0,False,2,0,0
2026-03-06_19.09.59,110,sign-optimization-horizontal-vertical_scenario,622,125,3,-11,-2,90,90,15,1,63226,AdultMaleAgent(Clone),5,10,1.71,1.58,0,0,False,2,0,0
2026-03-06_19.09.59,110,sign-optimization-horizontal-vertical_scenario,622,125,3,-11,-2,90,90,15,1,63227,AdultFemaleAgent(Clone),5,10,1.58,1.45,1.288086,1,False,2,0,0
2026-03-06_19.09.59,110,sign-optimization-horizontal-vertical_scenario,622,125,3,-11,-2,90,90,15,1,63228,AdultFemaleAgent(Clone),7,11,1.58,1.450001,9.378418,2,True,2,1,0.5
2026-03-06_19.09.59,110,sign-optimization-horizontal-vertical_scenario,622,125,3,-11,-2,90,90,15,1,63229,AdultFemaleAgent(Clone),10,12,1.58,1.45,11.81934,1,False,3,0,0
2026-03-06_19.09.59,110,sign-optimization-horizontal-vertical_scenario,622,125,3,-11,-2,90,90,15,1,63230,AdultMaleAgent(Clone),5,10,1.71,1.58,0,0,False,2,0,0
2026-03-06_19.09.59,110,sign-optimization-horizontal-vertical_scenario,622,125,3,-11,-2,90,90,15,1,63231,AdultMaleAgent(Clone),7,11,1.71,1.58,10.69434,2,True,2,1,0.5
2026-03-06_19.09.59,110,sign-optimization-horizontal-vertical_scenario,622,125,3,-11,-2,90,90,15,1,63232,AdultFemaleAgent(Clone),10,12,1.58,1.45,4.756348,1,False,3,0,0
2026-03-06_19.09.59,110,sign-optimization-horizontal-vertical_scenario,622,125,3,-11,-2,90,90,15,1,63233,AdultFemaleAgent(Clone),11,10,1.58,1.450001,0,0,False,3,0,0
2026-03-06_19.09.59,110,sign-optimization-horizontal-vertical_scenario,622,125,3,-11,-2,90,90,15,1,63234,WheelchairAgent(Clone),11,10,1.3,1.17,0,0,False,3,0,0
2026-03-06_19.09.59,110,sign-optimization-horizontal-vertical_scenario,622,125,3,-11,-2,90,90,15,1,63235,AdultFemaleAgent(Clone),10,12,1.58,1.45,8.168457,1,False,3,0,0
2026-03-06_19.09.59,110,sign-optimization-horizontal-vertical_scenario,622,125,3,-11,-2,90,90,15,1,63236,AdultMaleAgent(Clone),6,12,1.71,1.58,10.46631,1,False,2,0,0
2026-03-06_19.09.59,110,sign-optimization-horizontal-vertical_scenario,622,125,3,-11,-2,90,90,15,1,63237,WheelchairAgent(Clone),7,11,1.3,1.17,6.633301,2,True,2,1,0.5
2026-03-06_19.09.59,110,sign-optimization-horizontal-vertical_scenario,622,125,3,-11,-2,90,90,15,1,63238,WheelchairAgent(Clone),6,12,1.3,1.17,1.183594,1,False,2,0,0
2026-03-06_19.09.59,110,sign-optimization-horizontal-vertical_scenario,622,125,3,-11,-2,90,90,15,1,63239,WheelchairAgent(Clone),11,10,1.3,1.17,0,0,False,3,0,0
2026-03-06_19.09.59,110,sign-optimization-horizontal-vertical_scenario,622,125,3,-11,-2,90,90,15,1,63240,AdultFemaleAgent(Clone),5,10,1.58,1.45,1.744629,1,False,2,0,0
2026-03-06_19.09.59,110,sign-optimization-horizontal-vertical_scenario,622,125,3,-11,-2,90,90,15,1,63241,WheelchairAgent(Clone),6,12,1.3,1.17,0,0,False,2,0,0
2026-03-06_19.09.59,110,sign-optimization-horizontal-vertical_scenario,622,125,3,-11,-2,90,90,15,1,63242,WheelchairAgent(Clone),7,11,1.3,1.17,9.269043,2,True,2,1,0.5
2026-03-06_19.09.59,110,sign-optimization-horizontal-vertical_scenario,622,125,3,-11,-2,90,90,15,1,63243,AdultFemaleAgent(Clone),5,10,1.58,1.45,0,0,False,2,0,0
2026-03-06_19.09.59,110,sign-optimization-horizontal-vertical_scenario,622,125,3,-11,-2,90,90,15,1,63244,AdultFemaleAgent(Clone),7,11,1.58,1.450001,6.455566,2,True,2,1,0.5
2026-03-06_19.09.59,110,sign-optimization-horizontal-vertical_scenario,622,125,3,-11,-2,90,90,15,1,63245,WheelchairAgent(Clone),10,12,1.3,1.17,14.71631,1,False,3,0,0
2026-03-06_19.09.59,110,sign-optimization-horizontal-vertical_scenario,622,125,3,-11,-2,90,90,15,1,63246,AdultFemaleAgent(Clone),5,10,1.58,1.45,0,0,False,2,0,0
2026-03-06_19.09.59,110,sign-optimization-horizontal-vertical_scenario,622,125,3,-11,-2,90,90,15,1,63247,WheelchairAgent(Clone),5,10,1.3,1.17,0,0,False,2,0,0
2026-03-06_19.09.59,110,sign-optimization-horizontal-vertical_scenario,622,125,3,-11,-2,90,90,15,1,63248,AdultMaleAgent(Clone),10,12,1.71,1.58,4.983887,1,False,3,0,0
2026-03-06_19.09.59,110,sign-optimization-horizontal-vertical_scenario,622,125,3,-11,-2,90,90,15,1,63249,AdultMaleAgent(Clone),10,12,1.71,1.58,4.540527,2,False,3,0,0
2026-03-06_19.09.59,110,sign-optimization-horizontal-vertical_scenario,622,125,3,-11,-2,90,90,15,1,63250,AdultFemaleAgent(Clone),11,10,1.58,1.450001,0,0,False,3,0,0
2026-03-06_19.09.59,110,sign-optimization-horizontal-vertical_scenario,622,125,3,-11,-2,90,90,15,1,63251,AdultMaleAgent(Clone),5,10,1.71,1.58,2.881348,1,False,2,1,0.5
2026-03-06_19.09.59,110,sign-optimization-horizontal-vertical_scenario,622,125,3,-11,-2,90,90,15,1,63252,AdultFemaleAgent(Clone),6,12,1.58,1.45,0,0,False,2,0,0
2026-03-06_19.09.59,110,sign-optimization-horizontal-vertical_scenario,622,125,3,-11,-2,90,90,15,1,63253,AdultFemaleAgent(Clone),10,12,1.58,1.45,8.899902,1,False,3,0,0
2026-03-06_19.09.59,110,sign-optimization-horizontal-vertical_scenario,622,125,3,-11,-2,90,90,15,1,63254,AdultMaleAgent(Clone),10,12,1.71,1.58,9.220703,1,False,3,0,0
2026-03-06_19.09.59,110,sign-optimization-horizontal-vertical_scenario,622,125,3,-11,-2,90,90,15,1,63255,WheelchairAgent(Clone),6,12,1.3,1.17,11.47852,1,False,2,0,0
2026-03-06_19.09.59,110,sign-optimization-horizontal-vertical_scenario,622,125,3,-11,-2,90,90,15,1,63256,WheelchairAgent(Clone),7,11,1.3,1.17,6.945801,2,True,2,1,0.5
2026-03-06_19.09.59,110,sign-optimization-horizontal-vertical_scenario,622,125,3,-11,-2,90,90,15,1,63257,AdultMaleAgent(Clone),10,12,1.71,1.58,8.842285,1,False,3,0,0
2026-03-06_19.09.59,110,sign-optimization-horizontal-vertical_scenario,622,125,3,-11,-2,90,90,15,1,63258,AdultFemaleAgent(Clone),5,10,1.58,1.45,0,0,False,2,0,0
2026-03-06_19.09.59,110,sign-optimization-horizontal-vertical_scenario,622,125,3,-11,-2,90,90,15,1,63259,WheelchairAgent(Clone),6,12,1.3,1.17,0,0,False,2,0,0
2026-03-06_19.09.59,110,sign-optimization-horizontal-vertical_scenario,622,125,3,-11,-2,90,90,15,1,63260,AdultMaleAgent(Clone),10,12,1.71,1.58,12.24658,1,False,3,0,0
2026-03-06_19.09.59,110,sign-optimization-horizontal-vertical_scenario,622,125,3,-11,-2,90,90,15,1,63261,AdultMaleAgent(Clone),5,10,1.71,1.58,0,0,False,2,0,0
2026-03-06_19.09.59,110,sign-optimization-horizontal-vertical_scenario,622,125,3,-11,-2,90,90,15,1,63262,WheelchairAgent(Clone),11,10,1.3,1.17,0,0,False,3,0,0
2026-03-06_19.09.59,110,sign-optimization-horizontal-vertical_scenario,622,125,3,-11,-2,90,90,15,1,63263,AdultFemaleAgent(Clone),5,10,1.58,1.45,0,0,False,2,0,0
2026-03-06_19.09.59,110,sign-optimization-horizontal-vertical_scenario,622,125,3,-11,-2,90,90,15,1,63264,AdultMaleAgent(Clone),6,12,1.71,1.58,0,0,False,2,0,0
2026-03-06_19.09.59,110,sign-optimization-horizontal-vertical_scenario,622,125,3,-11,-2,90,90,15,1,63265,WheelchairAgent(Clone),5,10,1.3,1.17,0,0,False,2,0,0
2026-03-06_19.09.59,110,sign-optimization-horizontal-vertical_scenario,622,125,3,-11,-2,90,90,15,1,63266,AdultMaleAgent(Clone),10,12,1.71,1.58,9.452148,1,False,3,0,0
2026-03-06_19.09.59,110,sign-optimization-horizontal-vertical_scenario,622,125,3,-11,-2,90,90,15,1,63267,AdultMaleAgent(Clone),5,10,1.71,1.58,0,0,False,2,0,0
2026-03-06_19.09.59,110,sign-optimization-horizontal-vertical_scenario,622,125,3,-11,-2,90,90,15,1,63268,AdultMaleAgent(Clone),11,10,1.71,1.58,0,0,False,3,0,0
2026-03-06_19.09.59,110,sign-optimization-horizontal-vertical_scenario,622,125,3,-11,-2,90,90,15,1,63269,WheelchairAgent(Clone),6,12,1.3,1.17,3.979492,2,False,2,0,0
2026-03-06_19.09.59,110,sign-optimization-horizontal-vertical_scenario,622,125,3,-11,-2,90,90,15,1,63270,AdultFemaleAgent(Clone),6,12,1.58,1.45,3.57373,2,False,2,0,0
2026-03-06_19.09.59,110,sign-optimization-horizontal-vertical_scenario,622,125,3,-11,-2,90,90,15,1,63271,WheelchairAgent(Clone),7,11,1.3,1.17,8.22168,2,True,2,1,0.5
2026-03-06_19.09.59,110,sign-optimization-horizontal-vertical_scenario,622,125,3,-11,-2,90,90,15,1,63272,AdultFemaleAgent(Clone),10,12,1.58,1.45,6.907227,1,False,3,0,0
2026-03-06_19.09.59,110,sign-optimization-horizontal-vertical_scenario,622,125,3,-11,-2,90,90,15,1,63273,AdultMaleAgent(Clone),11,10,1.71,1.58,0,0,False,3,0,0
2026-03-06_19.09.59,110,sign-optimization-horizontal-vertical_scenario,622,125,3,-11,-2,90,90,15,1,63274,AdultFemaleAgent(Clone),11,10,1.58,1.450001,0,0,False,3,0,0
2026-03-06_19.09.59,110,sign-optimization-horizontal-vertical_scenario,622,125,3,-11,-2,90,90,15,1,63275,WheelchairAgent(Clone),7,11,1.3,1.17,10.95166,2,True,2,1,0.5
2026-03-06_19.09.59,110,sign-optimization-horizontal-vertical_scenario,622,125,3,-11,-2,90,90,15,1,63276,WheelchairAgent(Clone),7,11,1.3,1.17,6.145508,2,True,2,1,0.5
2026-03-06_19.09.59,110,sign-optimization-horizontal-vertical_scenario,622,125,3,-11,-2,90,90,15,1,63277,AdultMaleAgent(Clone),5,10,1.71,1.58,0,0,False,2,0,0
2026-03-06_19.09.59,110,sign-optimization-horizontal-vertical_scenario,622,125,3,-11,-2,90,90,15,1,63278,AdultFemaleAgent(Clone),10,12,1.58,1.45,7.20459,1,False,3,0,0
2026-03-06_19.09.59,110,sign-optimization-horizontal-vertical_scenario,622,125,3,-11,-2,90,90,15,1,63279,AdultFemaleAgent(Clone),10,12,1.58,1.45,1.472168,2,False,3,0,0
2026-03-06_19.09.59,110,sign-optimization-horizontal-vertical_scenario,622,125,3,-11,-2,90,90,15,1,63280,AdultMaleAgent(Clone),11,10,1.71,1.58,0,0,False,3,0,0
2026-03-06_19.09.59,110,sign-optimization-horizontal-vertical_scenario,622,125,3,-11,-2,90,90,15,1,63281,AdultFemaleAgent(Clone),7,11,1.58,1.450001,6.248535,2,True,2,1,0.5
2026-03-06_19.09.59,110,sign-optimization-horizontal-vertical_scenario,622,125,3,-11,-2,90,90,15,1,63282,AdultFemaleAgent(Clone),5,10,1.58,1.45,2.383301,1,False,2,1,0.5
2026-03-06_19.09.59,110,sign-optimization-horizontal-vertical_scenario,622,125,3,-11,-2,90,90,15,1,63283,AdultMaleAgent(Clone),6,12,1.71,1.58,0,0,False,2,0,0
2026-03-06_19.09.59,110,sign-optimization-horizontal-vertical_scenario,622,125,3,-11,-2,90,90,15,1,63284,WheelchairAgent(Clone),11,10,1.3,1.17,0,0,False,3,0,0
2026-03-06_19.09.59,110,sign-optimization-horizontal-vertical_scenario,622,125,3,-11,-2,90,90,15,1,63285,AdultFemaleAgent(Clone),5,10,1.58,1.45,0,0,False,2,0,0
2026-03-06_19.09.59,110,sign-optimization-horizontal-vertical_scenario,622,125,3,-11,-2,90,90,15,1,63286,AdultMaleAgent(Clone),7,11,1.71,1.58,7.646973,2,True,2,1,0.5
2026-03-06_19.09.59,110,sign-optimization-horizontal-vertical_scenario,622,125,3,-11,-2,90,90,15,1,63287,AdultFemaleAgent(Clone),5,10,1.58,1.45,0,0,False,2,0,0
2026-03-06_19.09.59,110,sign-optimization-horizontal-vertical_scenario,622,125,3,-11,-2,90,90,15,1,63288,AdultMaleAgent(Clone),10,12,1.71,1.58,0,0,False,3,0,0
2026-03-06_19.09.59,110,sign-optimization-horizontal-vertical_scenario,622,125,3,-11,-2,90,90,15,1,63289,WheelchairAgent(Clone),5,10,1.3,1.17,0,0,False,2,0,0
2026-03-06_19.09.59,110,sign-optimization-horizontal-vertical_scenario,622,125,3,-11,-2,90,90,15,1,63290,AdultFemaleAgent(Clone),6,12,1.58,1.45,12.86035,1,False,2,1,0.5
2026-03-06_19.09.59,110,sign-optimization-horizontal-vertical_scenario,622,125,3,-11,-2,90,90,15,1,63291,WheelchairAgent(Clone),6,12,1.3,1.17,11.60303,1,False,2,1,0.5
2026-03-06_19.09.59,110,sign-optimization-horizontal-vertical_scenario,622,125,3,-11,-2,90,90,15,1,63292,AdultMaleAgent(Clone),6,12,1.71,1.58,0,0,False,2,0,0
2026-03-06_19.09.59,110,sign-optimization-horizontal-vertical_scenario,622,125,3,-11,-2,90,90,15,1,63293,WheelchairAgent(Clone),7,11,1.3,1.17,7,2,True,2,1,0.5
2026-03-06_19.09.59,110,sign-optimization-horizontal-vertical_scenario,622,125,3,-11,-2,90,90,15,1,63294,AdultMaleAgent(Clone),10,12,1.71,1.58,2.582031,1,False,3,0,0
2026-03-06_19.09.59,110,sign-optimization-horizontal-vertical_scenario,622,125,3,-11,-2,90,90,15,1,63295,WheelchairAgent(Clone),11,10,1.3,1.17,0,0,False,3,0,0
2026-03-06_19.09.59,110,sign-optimization-horizontal-vertical_scenario,622,125,3,-11,-2,90,90,15,1,63296,AdultMaleAgent(Clone),11,10,1.71,1.58,0,0,False,3,0,0
2026-03-06_19.09.59,110,sign-optimization-horizontal-vertical_scenario,622,125,3,-11,-2,90,90,15,1,63297,AdultMaleAgent(Clone),7,11,1.71,1.58,6.286133,2,True,2,1,0.5
2026-03-06_19.09.59,110,sign-optimization-horizontal-vertical_scenario,622,125,3,-11,-2,90,90,15,1,63298,AdultMaleAgent(Clone),7,11,1.71,1.58,7.656738,2,True,2,1,0.5
2026-03-06_19.09.59,110,sign-optimization-horizontal-vertical_scenario,622,125,3,-11,-2,90,90,15,1,63299,WheelchairAgent(Clone),11,10,1.3,1.17,0,0,False,3,0,0
2026-03-06_19.09.59,110,sign-optimization-horizontal-vertical_scenario,622,125,3,-11,-2,90,90,15,1,63300,WheelchairAgent(Clone),11,10,1.3,1.17,0,0,False,3,0,0
2026-03-06_19.09.59,110,sign-optimization-horizontal-vertical_scenario,622,125,3,-11,-2,90,90,15,1,63301,WheelchairAgent(Clone),10,12,1.3,1.17,6.713379,1,False,3,0,0
2026-03-06_19.09.59,110,sign-optimization-horizontal-vertical_scenario,622,125,3,-11,-2,90,90,15,1,63302,WheelchairAgent(Clone),6,12,1.3,1.17,12.87207,1,True,2,1,0.5
2026-03-06_19.09.59,110,sign-optimization-horizontal-vertical_scenario,622,125,3,-11,-2,90,90,15,1,63303,AdultMaleAgent(Clone),10,12,1.71,1.58,5.730469,1,False,3,0,0
2026-03-06_19.09.59,110,sign-optimization-horizontal-vertical_scenario,622,125,3,-11,-2,90,90,15,1,63304,AdultMaleAgent(Clone),11,10,1.71,1.58,0,0,False,3,0,0
2026-03-06_19.09.59,110,sign-optimization-horizontal-vertical_scenario,622,125,3,-11,-2,90,90,15,1,63305,WheelchairAgent(Clone),10,12,1.3,1.17,9.189941,1,False,3,0,0
2026-03-06_19.09.59,110,sign-optimization-horizontal-vertical_scenario,622,125,3,-11,-2,90,90,15,1,63306,AdultFemaleAgent(Clone),11,10,1.58,1.450001,0,0,False,3,0,0
2026-03-06_19.09.59,110,sign-optimization-horizontal-vertical_scenario,622,125,3,-11,-2,90,90,15,1,63307,AdultMaleAgent(Clone),5,10,1.71,1.58,0,0,False,2,0,0
2026-03-06_19.09.59,110,sign-optimization-horizontal-vertical_scenario,622,125,3,-11,-2,90,90,15,1,63308,WheelchairAgent(Clone),10,12,1.3,1.17,7.988281,1,False,3,0,0
2026-03-06_19.09.59,110,sign-optimization-horizontal-vertical_scenario,622,125,3,-11,-2,90,90,15,1,63309,AdultMaleAgent(Clone),10,12,1.71,1.58,0.1225586,3,False,3,0,0
2026-03-06_19.09.59,110,sign-optimization-horizontal-vertical_scenario,622,125,3,-11,-2,90,90,15,1,63310,AdultMaleAgent(Clone),11,10,1.71,1.58,0,0,False,3,0,0
2026-03-06_19.09.59,110,sign-optimization-horizontal-vertical_scenario,622,125,3,-11,-2,90,90,15,1,63311,AdultFemaleAgent(Clone),5,10,1.58,1.45,1.516602,1,False,2,0,0
2026-03-06_19.09.59,110,sign-optimization-horizontal-vertical_scenario,622,125,3,-11,-2,90,90,15,1,63312,AdultFemaleAgent(Clone),6,12,1.58,1.45,1.683105,1,False,2,0,0
2026-03-06_19.09.59,110,sign-optimization-horizontal-vertical_scenario,622,125,3,-11,-2,90,90,15,1,63313,AdultMaleAgent(Clone),7,11,1.71,1.58,5.301758,2,True,2,1,0.5
2026-03-06_19.09.59,110,sign-optimization-horizontal-vertical_scenario,622,125,3,-11,-2,90,90,15,1,63314,WheelchairAgent(Clone),11,10,1.3,1.17,0,0,False,3,0,0
2026-03-06_19.09.59,110,sign-optimization-horizontal-vertical_scenario,622,125,3,-11,-2,90,90,15,1,63315,AdultMaleAgent(Clone),7,11,1.71,1.58,3.958008,2,True,2,1,0.5
2026-03-06_19.09.59,110,sign-optimization-horizontal-vertical_scenario,622,125,3,-11,-2,90,90,15,1,63316,AdultFemaleAgent(Clone),11,10,1.58,1.450001,0,0,False,3,0,0
2026-03-06_19.09.59,110,sign-optimization-horizontal-vertical_scenario,622,125,3,-11,-2,90,90,15,1,63317,AdultMaleAgent(Clone),11,10,1.71,1.58,0,0,False,3,0,0
2026-03-06_19.09.59,110,sign-optimization-horizontal-vertical_scenario,622,125,3,-11,-2,90,90,15,1,63318,AdultMaleAgent(Clone),6,12,1.71,1.58,4.851074,2,False,2,1,0.5
2026-03-06_19.09.59,110,sign-optimization-horizontal-vertical_scenario,622,125,3,-11,-2,90,90,15,1,63319,WheelchairAgent(Clone),10,12,1.3,1.17,6.377441,1,False,3,0,0
2026-03-06_19.09.59,110,sign-optimization-horizontal-vertical_scenario,622,125,3,-11,-2,90,90,15,1,63320,WheelchairAgent(Clone),7,11,1.3,1.17,6.801758,2,True,2,1,0.5
2026-03-06_19.09.59,110,sign-optimization-horizontal-vertical_scenario,622,125,3,-11,-2,90,90,15,1,63321,WheelchairAgent(Clone),6,12,1.3,1.17,9.960449,1,False,2,0,0
2026-03-06_19.09.59,110,sign-optimization-horizontal-vertical_scenario,622,125,3,-11,-2,90,90,15,1,63322,AdultMaleAgent(Clone),10,12,1.71,1.58,5.731445,1,False,3,0,0
2026-03-06_19.09.59,110,sign-optimization-horizontal-vertical_scenario,622,125,3,-11,-2,90,90,15,1,63323,WheelchairAgent(Clone),7,11,1.3,1.17,8.008789,2,True,2,1,0.5
2026-03-06_19.09.59,110,sign-optimization-horizontal-vertical_scenario,622,125,3,-11,-2,90,90,15,1,63324,AdultMaleAgent(Clone),10,12,1.71,1.58,6.835449,1,False,3,0,0
2026-03-06_19.09.59,110,sign-optimization-horizontal-vertical_scenario,622,125,3,-11,-2,90,90,15,1,63325,WheelchairAgent(Clone),6,12,1.3,1.17,13.75146,1,True,2,1,0.5
2026-03-06_19.09.59,110,sign-optimization-horizontal-vertical_scenario,622,125,3,-11,-2,90,90,15,1,63326,AdultFemaleAgent(Clone),10,12,1.58,1.45,8.92334,1,False,3,0,0
2026-03-06_19.09.59,110,sign-optimization-horizontal-vertical_scenario,622,125,3,-11,-2,90,90,15,1,63327,AdultFemaleAgent(Clone),11,10,1.58,1.450001,0,0,False,3,0,0
2026-03-06_19.09.59,110,sign-optimization-horizontal-vertical_scenario,622,125,3,-11,-2,90,90,15,1,63328,WheelchairAgent(Clone),6,12,1.3,1.17,0,0,False,2,0,0
2026-03-06_19.09.59,110,sign-optimization-horizontal-vertical_scenario,622,125,3,-11,-2,90,90,15,1,63329,WheelchairAgent(Clone),11,10,1.3,1.17,0,0,False,3,0,0
2026-03-06_19.09.59,110,sign-optimization-horizontal-vertical_scenario,622,125,3,-11,-2,90,90,15,1,63330,WheelchairAgent(Clone),7,11,1.3,1.17,6.309082,2,True,2,1,0.5
2026-03-06_19.09.59,110,sign-optimization-horizontal-vertical_scenario,622,125,3,-11,-2,90,90,15,1,63331,AdultMaleAgent(Clone),6,12,1.71,1.58,10.87207,1,False,2,1,0.5
2026-03-06_19.09.59,110,sign-optimization-horizontal-vertical_scenario,622,125,3,-11,-2,90,90,15,1,63332,AdultMaleAgent(Clone),11,10,1.71,1.58,0,0,False,3,0,0
2026-03-06_19.09.59,110,sign-optimization-horizontal-vertical_scenario,622,125,3,-11,-2,90,90,15,1,63333,AdultMaleAgent(Clone),7,11,1.71,1.58,5.743652,2,True,2,1,0.5
2026-03-06_19.09.59,110,sign-optimization-horizontal-vertical_scenario,622,125,3,-11,-2,90,90,15,1,63334,WheelchairAgent(Clone),5,10,1.3,1.17,1.020996,1,False,2,0,0
2026-03-06_19.09.59,110,sign-optimization-horizontal-vertical_scenario,622,125,3,-11,-2,90,90,15,1,63335,AdultFemaleAgent(Clone),7,11,1.58,1.450001,8.710938,2,True,2,1,0.5
2026-03-06_19.09.59,110,sign-optimization-horizontal-vertical_scenario,622,125,3,-11,-2,90,90,15,1,63336,AdultFemaleAgent(Clone),6,12,1.58,1.45,13.23682,1,False,2,1,0.5
2026-03-06_19.09.59,110,sign-optimization-horizontal-vertical_scenario,622,125,3,-11,-2,90,90,15,1,63337,AdultMaleAgent(Clone),6,12,1.71,1.58,11.81006,1,True,2,1,0.5
2026-03-06_19.09.59,110,sign-optimization-horizontal-vertical_scenario,622,125,3,-11,-2,90,90,15,1,63338,AdultFemaleAgent(Clone),5,10,1.58,1.45,0,0,False,2,0,0
2026-03-06_19.09.59,110,sign-optimization-horizontal-vertical_scenario,622,125,3,-11,-2,90,90,15,1,63339,AdultMaleAgent(Clone),7,11,1.71,1.58,7.691406,2,True,2,1,0.5
2026-03-06_19.09.59,110,sign-optimization-horizontal-vertical_scenario,622,125,3,-11,-2,90,90,15,1,63340,AdultMaleAgent(Clone),6,12,1.71,1.58,14.99463,1,True,2,1,0.5
2026-03-06_19.09.59,110,sign-optimization-horizontal-vertical_scenario,622,125,3,-11,-2,90,90,15,1,63341,AdultFemaleAgent(Clone),6,12,1.58,1.45,8.618164,1,False,2,0,0
2026-03-06_19.09.59,110,sign-optimization-horizontal-vertical_scenario,622,125,3,-11,-2,90,90,15,1,63342,AdultMaleAgent(Clone),7,11,1.71,1.58,5.097656,2,True,2,1,0.5
2026-03-06_19.09.59,110,sign-optimization-horizontal-vertical_scenario,622,125,3,-11,-2,90,90,15,1,63343,AdultMaleAgent(Clone),7,11,1.71,1.58,10.69287,2,True,2,1,0.5
2026-03-06_19.09.59,110,sign-optimization-horizontal-vertical_scenario,622,125,3,-11,-2,90,90,15,1,63344,AdultFemaleAgent(Clone),5,10,1.58,1.45,0,0,False,2,0,0
2026-03-06_19.09.59,110,sign-optimization-horizontal-vertical_scenario,622,125,3,-11,-2,90,90,15,1,63345,AdultFemaleAgent(Clone),10,12,1.58,1.45,7.712402,1,False,3,0,0
2026-03-06_19.09.59,110,sign-optimization-horizontal-vertical_scenario,622,125,3,-11,-2,90,90,15,1,63346,AdultMaleAgent(Clone),10,12,1.71,1.58,6.070313,1,False,3,0,0
2026-03-06_19.09.59,110,sign-optimization-horizontal-vertical_scenario,622,125,3,-11,-2,90,90,15,1,63347,WheelchairAgent(Clone),7,11,1.3,1.17,6.697266,2,True,2,1,0.5
2026-03-06_19.09.59,110,sign-optimization-horizontal-vertical_scenario,622,125,3,-11,-2,90,90,15,1,63348,AdultMaleAgent(Clone),6,12,1.71,1.58,11.646,1,True,2,1,0.5
2026-03-06_19.09.59,110,sign-optimization-horizontal-vertical_scenario,622,125,3,-11,-2,90,90,15,1,63349,AdultFemaleAgent(Clone),6,12,1.58,1.45,1.913086,2,False,2,0,0
2026-03-06_19.09.59,110,sign-optimization-horizontal-vertical_scenario,622,125,3,-11,-2,90,90,15,1,63350,WheelchairAgent(Clone),5,10,1.3,1.17,0,0,False,2,0,0
2026-03-06_19.09.59,110,sign-optimization-horizontal-vertical_scenario,622,125,3,-11,-2,90,90,15,1,63351,AdultMaleAgent(Clone),7,11,1.71,1.58,7.882813,2,True,2,1,0.5
2026-03-06_19.09.59,110,sign-optimization-horizontal-vertical_scenario,622,125,3,-11,-2,90,90,15,1,63352,WheelchairAgent(Clone),11,10,1.3,1.17,0,0,False,3,0,0
2026-03-06_19.09.59,110,sign-optimization-horizontal-vertical_scenario,622,125,3,-11,-2,90,90,15,1,63353,AdultFemaleAgent(Clone),7,11,1.58,1.450001,7.543945,2,True,2,1,0.5
2026-03-06_19.09.59,110,sign-optimization-horizontal-vertical_scenario,622,125,3,-11,-2,90,90,15,1,63354,WheelchairAgent(Clone),7,11,1.3,1.17,7.427734,2,True,2,1,0.5
2026-03-06_19.09.59,110,sign-optimization-horizontal-vertical_scenario,622,125,3,-11,-2,90,90,15,1,63355,AdultFemaleAgent(Clone),6,12,1.58,1.45,9.688477,1,False,2,1,0.5
2026-03-06_19.09.59,110,sign-optimization-horizontal-vertical_scenario,622,125,3,-11,-2,90,90,15,1,63356,WheelchairAgent(Clone),10,12,1.3,1.17,6.450684,1,False,3,0,0
2026-03-06_19.09.59,110,sign-optimization-horizontal-vertical_scenario,622,125,3,-11,-2,90,90,15,1,63357,AdultFemaleAgent(Clone),6,12,1.58,1.45,13.57422,1,False,2,1,0.5
2026-03-06_19.09.59,110,sign-optimization-horizontal-vertical_scenario,622,125,3,-11,-2,90,90,15,1,63358,AdultMaleAgent(Clone),11,10,1.71,1.58,0,0,False,3,0,0
2026-03-06_19.09.59,110,sign-optimization-horizontal-vertical_scenario,622,125,3,-11,-2,90,90,15,1,63359,WheelchairAgent(Clone),7,11,1.3,1.17,5.618652,2,True,2,1,0.5
2026-03-06_19.09.59,110,sign-optimization-horizontal-vertical_scenario,622,125,3,-11,-2,90,90,15,1,63360,WheelchairAgent(Clone),6,12,1.3,1.17,2.121094,2,False,2,0,0
2026-03-06_19.09.59,110,sign-optimization-horizontal-vertical_scenario,622,125,3,-11,-2,90,90,15,1,63361,AdultFemaleAgent(Clone),10,12,1.58,1.45,7.285645,1,False,3,0,0
2026-03-06_19.09.59,110,sign-optimization-horizontal-vertical_scenario,622,125,3,-11,-2,90,90,15,1,63362,AdultMaleAgent(Clone),7,11,1.71,1.58,7.810059,2,True,2,1,0.5
2026-03-06_19.09.59,110,sign-optimization-horizontal-vertical_scenario,622,125,3,-11,-2,90,90,15,1,63363,AdultMaleAgent(Clone),11,10,1.71,1.58,0,0,False,3,0,0
2026-03-06_19.09.59,110,sign-optimization-horizontal-vertical_scenario,622,125,3,-11,-2,90,90,15,1,63364,AdultMaleAgent(Clone),5,10,1.71,1.58,2.605469,1,False,2,1,0.5
2026-03-06_19.09.59,110,sign-optimization-horizontal-vertical_scenario,622,125,3,-11,-2,90,90,15,1,63365,AdultMaleAgent(Clone),11,10,1.71,1.58,0,0,False,3,0,0
2026-03-06_19.09.59,110,sign-optimization-horizontal-vertical_scenario,622,125,3,-11,-2,90,90,15,1,63366,WheelchairAgent(Clone),6,12,1.3,1.17,9.881348,1,False,2,0,0
2026-03-06_19.09.59,110,sign-optimization-horizontal-vertical_scenario,622,125,3,-11,-2,90,90,15,1,63367,AdultFemaleAgent(Clone),11,10,1.58,1.450001,0,0,False,3,0,0
2026-03-06_19.09.59,110,sign-optimization-horizontal-vertical_scenario,622,125,3,-11,-2,90,90,15,1,63368,AdultFemaleAgent(Clone),6,12,1.58,1.45,12.79004,1,False,2,1,0.5
2026-03-06_19.09.59,110,sign-optimization-horizontal-vertical_scenario,622,125,3,-11,-2,90,90,15,1,63369,AdultMaleAgent(Clone),6,12,1.71,1.58,12.24854,1,False,2,1,0.5
2026-03-06_19.09.59,110,sign-optimization-horizontal-vertical_scenario,622,125,3,-11,-2,90,90,15,1,63370,AdultMaleAgent(Clone),10,12,1.71,1.58,2.310547,2,False,3,0,0
2026-03-06_19.09.59,110,sign-optimization-horizontal-vertical_scenario,622,125,3,-11,-2,90,90,15,1,63371,AdultMaleAgent(Clone),6,12,1.71,1.58,10.88037,1,False,2,1,0.5
2026-03-06_19.09.59,110,sign-optimization-horizontal-vertical_scenario,622,125,3,-11,-2,90,90,15,1,63372,AdultMaleAgent(Clone),11,10,1.71,1.58,0,0,False,3,0,0
2026-03-06_19.09.59,110,sign-optimization-horizontal-vertical_scenario,622,125,3,-11,-2,90,90,15,1,63373,WheelchairAgent(Clone),6,12,1.3,1.17,13.4458,1,False,2,1,0.5
2026-03-06_19.09.59,110,sign-optimization-horizontal-vertical_scenario,622,125,3,-11,-2,90,90,15,1,63374,AdultFemaleAgent(Clone),6,12,1.58,1.45,0.09326172,2,False,2,0,0
2026-03-06_19.09.59,110,sign-optimization-horizontal-vertical_scenario,622,125,3,-11,-2,90,90,15,1,63375,AdultMaleAgent(Clone),10,12,1.71,1.58,7.112305,1,False,3,0,0
2026-03-06_19.09.59,110,sign-optimization-horizontal-vertical_scenario,622,125,3,-11,-2,90,90,15,1,63376,AdultFemaleAgent(Clone),7,11,1.58,1.450001,7.338867,2,True,2,1,0.5
2026-03-06_19.09.59,110,sign-optimization-horizontal-vertical_scenario,622,125,3,-11,-2,90,90,15,1,63377,WheelchairAgent(Clone),10,12,1.3,1.17,8.748047,1,False,3,0,0
2026-03-06_19.09.59,110,sign-optimization-horizontal-vertical_scenario,622,125,3,-11,-2,90,90,15,1,63378,WheelchairAgent(Clone),10,12,1.3,1.17,9.384277,1,False,3,0,0
2026-03-06_19.09.59,110,sign-optimization-horizontal-vertical_scenario,622,125,3,-11,-2,90,90,15,1,63379,AdultFemaleAgent(Clone),5,10,1.58,1.45,0,0,False,2,0,0
2026-03-06_19.09.59,110,sign-optimization-horizontal-vertical_scenario,622,125,3,-11,-2,90,90,15,1,63380,AdultFemaleAgent(Clone),5,10,1.58,1.45,0,0,False,2,0,0
2026-03-06_19.09.59,110,sign-optimization-horizontal-vertical_scenario,622,125,3,-11,-2,90,90,15,1,63381,AdultMaleAgent(Clone),7,11,1.71,1.58,7.61377,2,True,2,1,0.5
2026-03-06_19.09.59,110,sign-optimization-horizontal-vertical_scenario,622,125,3,-11,-2,90,90,15,1,63382,AdultMaleAgent(Clone),6,12,1.71,1.58,11.84473,1,True,2,1,0.5
2026-03-06_19.09.59,110,sign-optimization-horizontal-vertical_scenario,622,125,3,-11,-2,90,90,15,1,63383,AdultMaleAgent(Clone),6,12,1.71,1.58,10.2583,1,False,2,1,0.5
2026-03-06_19.09.59,110,sign-optimization-horizontal-vertical_scenario,622,125,3,-11,-2,90,90,15,1,63384,WheelchairAgent(Clone),10,12,1.3,1.17,6.540039,1,False,3,0,0
2026-03-06_19.09.59,110,sign-optimization-horizontal-vertical_scenario,622,125,3,-11,-2,90,90,15,1,63385,AdultFemaleAgent(Clone),5,10,1.58,1.45,0,0,False,2,0,0
2026-03-06_19.09.59,110,sign-optimization-horizontal-vertical_scenario,622,125,3,-11,-2,90,90,15,1,63386,AdultMaleAgent(Clone),6,12,1.71,1.58,10.76318,1,False,2,1,0.5
2026-03-06_19.09.59,110,sign-optimization-horizontal-vertical_scenario,622,125,3,-11,-2,90,90,15,1,63387,AdultMaleAgent(Clone),6,12,1.71,1.58,13.79346,1,True,2,1,0.5
2026-03-06_19.09.59,110,sign-optimization-horizontal-vertical_scenario,622,125,3,-11,-2,90,90,15,1,63388,AdultFemaleAgent(Clone),10,12,1.58,1.45,9.734375,1,False,3,0,0
2026-03-06_19.09.59,110,sign-optimization-horizontal-vertical_scenario,622,125,3,-11,-2,90,90,15,1,63389,AdultFemaleAgent(Clone),6,12,1.58,1.45,13.13721,1,True,2,1,0.5
2026-03-06_19.09.59,110,sign-optimization-horizontal-vertical_scenario,622,125,3,-11,-2,90,90,15,1,63390,AdultFemaleAgent(Clone),10,12,1.58,1.45,12.43262,1,False,3,0,0
2026-03-06_19.09.59,110,sign-optimization-horizontal-vertical_scenario,622,125,3,-11,-2,90,90,15,1,63391,AdultMaleAgent(Clone),7,11,1.71,1.58,7.794922,2,True,2,1,0.5
2026-03-06_19.09.59,110,sign-optimization-horizontal-vertical_scenario,622,125,3,-11,-2,90,90,15,1,63392,AdultMaleAgent(Clone),11,10,1.71,1.58,0,0,False,3,0,0
2026-03-06_19.09.59,110,sign-optimization-horizontal-vertical_scenario,622,125,3,-11,-2,90,90,15,1,63393,AdultFemaleAgent(Clone),6,12,1.58,1.45,12.35156,1,True,2,1,0.5
2026-03-06_19.09.59,110,sign-optimization-horizontal-vertical_scenario,622,125,3,-11,-2,90,90,15,1,63394,AdultFemaleAgent(Clone),5,10,1.58,1.45,0,0,False,2,0,0
2026-03-06_19.09.59,110,sign-optimization-horizontal-vertical_scenario,622,125,3,-11,-2,90,90,15,1,63395,WheelchairAgent(Clone),10,12,1.3,1.17,7.829102,1,False,3,0,0
2026-03-06_19.09.59,110,sign-optimization-horizontal-vertical_scenario,622,125,3,-11,-2,90,90,15,1,63396,AdultMaleAgent(Clone),7,11,1.71,1.58,6.035156,2,True,2,1,0.5
2026-03-06_19.09.59,110,sign-optimization-horizontal-vertical_scenario,622,125,3,-11,-2,90,90,15,1,63397,AdultFemaleAgent(Clone),6,12,1.58,1.45,13.59668,1,True,2,1,0.5
2026-03-06_19.09.59,110,sign-optimization-horizontal-vertical_scenario,622,125,3,-11,-2,90,90,15,1,63398,AdultMaleAgent(Clone),11,10,1.71,1.58,0,0,False,3,0,0
2026-03-06_19.09.59,110,sign-optimization-horizontal-vertical_scenario,622,125,3,-11,-2,90,90,15,1,63399,WheelchairAgent(Clone),7,11,1.3,1.17,7.407227,2,True,2,1,0.5
2026-03-06_19.09.59,110,sign-optimization-horizontal-vertical_scenario,622,125,3,-11,-2,90,90,15,1,63400,AdultMaleAgent(Clone),6,12,1.71,1.58,9.3125,1,False,2,1,0.5
2026-03-06_19.09.59,110,sign-optimization-horizontal-vertical_scenario,622,125,3,-11,-2,90,90,15,1,63401,WheelchairAgent(Clone),6,12,1.3,1.17,0,0,False,2,0,0
2026-03-06_19.09.59,110,sign-optimization-horizontal-vertical_scenario,622,125,3,-11,-2,90,90,15,1,63402,AdultMaleAgent(Clone),6,12,1.71,1.58,11.20801,1,False,2,1,0.5
2026-03-06_19.09.59,110,sign-optimization-horizontal-vertical_scenario,622,125,3,-11,-2,90,90,15,1,63403,AdultFemaleAgent(Clone),7,11,1.58,1.450001,7.427734,2,True,2,1,0.5
2026-03-06_19.09.59,110,sign-optimization-horizontal-vertical_scenario,622,125,3,-11,-2,90,90,15,1,63404,WheelchairAgent(Clone),6,12,1.3,1.17,0,0,False,2,0,0
2026-03-06_19.09.59,110,sign-optimization-horizontal-vertical_scenario,622,125,3,-11,-2,90,90,15,1,63405,AdultMaleAgent(Clone),10,12,1.71,1.58,3.444824,1,False,3,0,0
2026-03-06_19.09.59,110,sign-optimization-horizontal-vertical_scenario,622,125,3,-11,-2,90,90,15,1,63406,AdultFemaleAgent(Clone),5,10,1.58,1.45,0,0,False,2,0,0
2026-03-06_19.09.59,110,sign-optimization-horizontal-vertical_scenario,622,125,3,-11,-2,90,90,15,1,63407,WheelchairAgent(Clone),11,10,1.3,1.17,0,0,False,3,0,0
2026-03-06_19.09.59,110,sign-optimization-horizontal-vertical_scenario,622,125,3,-11,-2,90,90,15,1,63408,WheelchairAgent(Clone),10,12,1.3,1.17,8.966797,1,False,3,0,0
2026-03-06_19.09.59,110,sign-optimization-horizontal-vertical_scenario,622,125,3,-11,-2,90,90,15,1,63409,AdultFemaleAgent(Clone),5,10,1.58,1.45,0,0,False,2,0,0
2026-03-06_19.09.59,110,sign-optimization-horizontal-vertical_scenario,622,125,3,-11,-2,90,90,15,1,63410,AdultFemaleAgent(Clone),10,12,1.58,1.45,2.491211,2,False,3,0,0
2026-03-06_19.09.59,110,sign-optimization-horizontal-vertical_scenario,622,125,3,-11,-2,90,90,15,1,63411,AdultFemaleAgent(Clone),11,10,1.58,1.450001,0,0,False,3,0,0
2026-03-06_19.09.59,110,sign-optimization-horizontal-vertical_scenario,622,125,3,-11,-2,90,90,15,1,63412,WheelchairAgent(Clone),7,11,1.3,1.17,8.936035,2,True,2,1,0.5
2026-03-06_19.09.59,110,sign-optimization-horizontal-vertical_scenario,622,125,3,-11,-2,90,90,15,1,63413,AdultMaleAgent(Clone),10,12,1.71,1.58,9.55957,1,False,3,0,0
2026-03-06_19.09.59,110,sign-optimization-horizontal-vertical_scenario,622,125,3,-11,-2,90,90,15,1,63414,WheelchairAgent(Clone),11,10,1.3,1.17,0,0,False,3,0,0
2026-03-06_19.09.59,110,sign-optimization-horizontal-vertical_scenario,622,125,3,-11,-2,90,90,15,1,63415,WheelchairAgent(Clone),5,10,1.3,1.17,1.695313,1,False,2,0,0
2026-03-06_19.09.59,110,sign-optimization-horizontal-vertical_scenario,622,125,3,-11,-2,90,90,15,1,63416,AdultFemaleAgent(Clone),10,12,1.58,1.45,11.05908,1,False,3,0,0
2026-03-06_19.09.59,110,sign-optimization-horizontal-vertical_scenario,622,125,3,-11,-2,90,90,15,1,63417,AdultFemaleAgent(Clone),10,12,1.58,1.45,2.615234,2,False,3,0,0
2026-03-06_19.09.59,110,sign-optimization-horizontal-vertical_scenario,622,125,3,-11,-2,90,90,15,1,63418,AdultMaleAgent(Clone),11,10,1.71,1.58,0,0,False,3,0,0
2026-03-06_19.09.59,110,sign-optimization-horizontal-vertical_scenario,622,125,3,-11,-2,90,90,15,1,63419,WheelchairAgent(Clone),10,12,1.3,1.17,3.961426,2,False,3,0,0
2026-03-06_19.09.59,110,sign-optimization-horizontal-vertical_scenario,622,125,3,-11,-2,90,90,15,1,63420,AdultMaleAgent(Clone),5,10,1.71,1.58,2.758789,1,False,2,1,0.5
2026-03-06_19.09.59,110,sign-optimization-horizontal-vertical_scenario,622,125,3,-11,-2,90,90,15,1,63421,WheelchairAgent(Clone),11,10,1.3,1.17,0,0,False,3,0,0
2026-03-06_19.09.59,110,sign-optimization-horizontal-vertical_scenario,622,125,3,-11,-2,90,90,15,1,63422,WheelchairAgent(Clone),5,10,1.3,1.17,0,0,False,2,0,0
2026-03-06_19.09.59,110,sign-optimization-horizontal-vertical_scenario,622,125,3,-11,-2,90,90,15,1,63423,WheelchairAgent(Clone),7,11,1.3,1.17,7.664551,2,True,2,1,0.5
2026-03-06_19.09.59,110,sign-optimization-horizontal-vertical_scenario,622,125,3,-11,-2,90,90,15,1,63424,WheelchairAgent(Clone),6,12,1.3,1.17,0,0,False,2,0,0
2026-03-06_19.09.59,110,sign-optimization-horizontal-vertical_scenario,622,125,3,-11,-2,90,90,15,1,63425,AdultFemaleAgent(Clone),6,12,1.58,1.45,12.28076,1,True,2,1,0.5
2026-03-06_19.09.59,110,sign-optimization-horizontal-vertical_scenario,622,125,3,-11,-2,90,90,15,1,63426,AdultMaleAgent(Clone),7,11,1.71,1.58,7.768555,2,True,2,1,0.5
2026-03-06_19.09.59,110,sign-optimization-horizontal-vertical_scenario,622,125,3,-11,-2,90,90,15,1,63427,AdultMaleAgent(Clone),5,10,1.71,1.58,1.185059,1,False,2,0,0
2026-03-06_19.09.59,110,sign-optimization-horizontal-vertical_scenario,622,125,3,-11,-2,90,90,15,1,63428,WheelchairAgent(Clone),10,12,1.3,1.17,0,0,False,3,0,0
2026-03-06_19.09.59,110,sign-optimization-horizontal-vertical_scenario,622,125,3,-11,-2,90,90,15,1,63429,AdultFemaleAgent(Clone),5,10,1.58,1.45,0,0,False,2,0,0
2026-03-06_19.09.59,110,sign-optimization-horizontal-vertical_scenario,622,125,3,-11,-2,90,90,15,1,63430,AdultMaleAgent(Clone),11,10,1.71,1.58,0,0,False,3,0,0
2026-03-06_19.09.59,110,sign-optimization-horizontal-vertical_scenario,622,125,3,-11,-2,90,90,15,1,63431,AdultFemaleAgent(Clone),10,12,1.58,1.45,6.405762,1,False,3,0,0
2026-03-06_19.09.59,110,sign-optimization-horizontal-vertical_scenario,622,125,3,-11,-2,90,90,15,1,63432,WheelchairAgent(Clone),6,12,1.3,1.17,8.413574,1,False,2,0,0
2026-03-06_19.09.59,110,sign-optimization-horizontal-vertical_scenario,622,125,3,-11,-2,90,90,15,1,63433,WheelchairAgent(Clone),11,10,1.3,1.17,0,0,False,3,0,0
2026-03-06_19.09.59,110,sign-optimization-horizontal-vertical_scenario,622,125,3,-11,-2,90,90,15,1,63434,AdultFemaleAgent(Clone),10,12,1.58,1.45,0,0,False,3,0,0
2026-03-06_19.09.59,110,sign-optimization-horizontal-vertical_scenario,622,125,3,-11,-2,90,90,15,1,63435,AdultMaleAgent(Clone),7,11,1.71,1.58,4.393066,2,True,2,1,0.5
2026-03-06_19.09.59,110,sign-optimization-horizontal-vertical_scenario,622,125,3,-11,-2,90,90,15,1,63436,WheelchairAgent(Clone),10,12,1.3,1.17,6.351563,1,False,3,0,0
2026-03-06_19.09.59,110,sign-optimization-horizontal-vertical_scenario,622,125,3,-11,-2,90,90,15,1,63437,AdultFemaleAgent(Clone),7,11,1.58,1.450001,10.77295,2,True,2,1,0.5
2026-03-06_19.09.59,110,sign-optimization-horizontal-vertical_scenario,622,125,3,-11,-2,90,90,15,1,63438,WheelchairAgent(Clone),11,10,1.3,1.17,0,0,False,3,0,0
2026-03-06_19.09.59,110,sign-optimization-horizontal-vertical_scenario,622,125,3,-11,-2,90,90,15,1,63439,WheelchairAgent(Clone),7,11,1.3,1.17,8.007813,2,True,2,1,0.5
2026-03-06_19.09.59,110,sign-optimization-horizontal-vertical_scenario,622,125,3,-11,-2,90,90,15,1,63440,AdultMaleAgent(Clone),10,12,1.71,1.58,12.23145,1,False,3,0,0
2026-03-06_19.09.59,110,sign-optimization-horizontal-vertical_scenario,622,125,3,-11,-2,90,90,15,1,63441,WheelchairAgent(Clone),5,10,1.3,1.17,0,0,False,2,0,0
2026-03-06_19.09.59,110,sign-optimization-horizontal-vertical_scenario,622,125,3,-11,-2,90,90,15,1,63442,AdultMaleAgent(Clone),10,12,1.71,1.58,13.75244,1,False,3,0,0
2026-03-06_19.09.59,110,sign-optimization-horizontal-vertical_scenario,622,125,3,-11,-2,90,90,15,1,63443,AdultFemaleAgent(Clone),6,12,1.58,1.45,11.13428,1,False,2,1,0.5
2026-03-06_19.09.59,110,sign-optimization-horizontal-vertical_scenario,622,125,3,-11,-2,90,90,15,1,63444,AdultMaleAgent(Clone),6,12,1.71,1.58,11.57764,1,False,2,0,0
2026-03-06_19.09.59,110,sign-optimization-horizontal-vertical_scenario,622,125,3,-11,-2,90,90,15,1,63445,WheelchairAgent(Clone),11,10,1.3,1.17,0,0,False,3,0,0
2026-03-06_19.09.59,110,sign-optimization-horizontal-vertical_scenario,622,125,3,-11,-2,90,90,15,1,63446,WheelchairAgent(Clone),5,10,1.3,1.17,0,0,False,2,0,0
2026-03-06_19.09.59,110,sign-optimization-horizontal-vertical_scenario,622,125,3,-11,-2,90,90,15,1,63447,AdultMaleAgent(Clone),10,12,1.71,1.58,7.291016,1,False,3,0,0
2026-03-06_19.09.59,110,sign-optimization-horizontal-vertical_scenario,622,125,3,-11,-2,90,90,15,1,63448,WheelchairAgent(Clone),7,11,1.3,1.17,7.106934,2,False,2,1,0.5
2026-03-06_19.09.59,110,sign-optimization-horizontal-vertical_scenario,622,125,3,-11,-2,90,90,15,1,63449,AdultFemaleAgent(Clone),5,10,1.58,1.45,2.181641,1,False,2,0,0
2026-03-06_19.09.59,110,sign-optimization-horizontal-vertical_scenario,622,125,3,-11,-2,90,90,15,1,63450,AdultMaleAgent(Clone),11,10,1.71,1.58,0,0,False,3,0,0
2026-03-06_19.09.59,110,sign-optimization-horizontal-vertical_scenario,622,125,3,-11,-2,90,90,15,1,63451,AdultFemaleAgent(Clone),5,10,1.58,1.45,0,0,False,2,0,0
2026-03-06_19.09.59,110,sign-optimization-horizontal-vertical_scenario,622,125,3,-11,-2,90,90,15,1,63452,WheelchairAgent(Clone),5,10,1.3,1.17,0,0,False,2,0,0
2026-03-06_19.09.59,110,sign-optimization-horizontal-vertical_scenario,622,125,3,-11,-2,90,90,15,1,63453,AdultMaleAgent(Clone),7,11,1.71,1.58,4.944824,2,True,2,1,0.5
2026-03-06_19.09.59,110,sign-optimization-horizontal-vertical_scenario,622,125,3,-11,-2,90,90,15,1,63454,AdultMaleAgent(Clone),6,12,1.71,1.58,0,0,True,2,1,0.5
2026-03-06_19.09.59,110,sign-optimization-horizontal-vertical_scenario,622,125,3,-11,-2,90,90,15,1,63455,WheelchairAgent(Clone),7,11,1.3,1.17,8.040527,1,True,2,1,0.5
2026-03-06_19.09.59,110,sign-optimization-horizontal-vertical_scenario,622,125,3,-11,-2,90,90,15,1,63456,AdultFemaleAgent(Clone),6,12,1.58,1.45,14.87842,1,True,2,1,0.5
2026-03-06_19.09.59,110,sign-optimization-horizontal-vertical_scenario,622,125,3,-11,-2,90,90,15,1,63457,AdultFemaleAgent(Clone),5,10,1.58,1.45,0,0,False,2,0,0
2026-03-06_19.09.59,110,sign-optimization-horizontal-vertical_scenario,622,125,3,-11,-2,90,90,15,1,63458,AdultFemaleAgent(Clone),6,12,1.58,1.45,11.66943,1,False,2,1,0.5
2026-03-06_19.09.59,110,sign-optimization-horizontal-vertical_scenario,622,125,3,-11,-2,90,90,15,1,63459,WheelchairAgent(Clone),6,12,1.3,1.17,13.26172,1,True,2,1,0.5
2026-03-06_19.09.59,110,sign-optimization-horizontal-vertical_scenario,622,125,3,-11,-2,90,90,15,1,63460,AdultMaleAgent(Clone),11,10,1.71,1.58,0,0,False,3,0,0
2026-03-06_19.09.59,110,sign-optimization-horizontal-vertical_scenario,622,125,3,-11,-2,90,90,15,1,63461,WheelchairAgent(Clone),7,11,1.3,1.17,5.523926,2,True,2,1,0.5
2026-03-06_19.09.59,110,sign-optimization-horizontal-vertical_scenario,622,125,3,-11,-2,90,90,15,1,63462,AdultMaleAgent(Clone),11,10,1.71,1.58,0,0,False,3,0,0
2026-03-06_19.09.59,110,sign-optimization-horizontal-vertical_scenario,622,125,3,-11,-2,90,90,15,1,63463,AdultMaleAgent(Clone),11,10,1.71,1.58,0,0,False,3,0,0
2026-03-06_19.09.59,110,sign-optimization-horizontal-vertical_scenario,622,125,3,-11,-2,90,90,15,1,63464,WheelchairAgent(Clone),7,11,1.3,1.17,7.526367,2,True,2,1,0.5
2026-03-06_19.09.59,110,sign-optimization-horizontal-vertical_scenario,622,125,3,-11,-2,90,90,15,1,63465,AdultFemaleAgent(Clone),10,12,1.58,1.45,7.225098,1,False,3,0,0
2026-03-06_19.09.59,110,sign-optimization-horizontal-vertical_scenario,622,125,3,-11,-2,90,90,15,1,63466,AdultMaleAgent(Clone),10,12,1.71,1.58,6.32666,1,False,3,0,0
2026-03-06_19.09.59,110,sign-optimization-horizontal-vertical_scenario,622,125,3,-11,-2,90,90,15,1,63467,AdultFemaleAgent(Clone),11,10,1.58,1.450001,0,0,False,3,0,0
2026-03-06_19.09.59,110,sign-optimization-horizontal-vertical_scenario,622,125,3,-11,-2,90,90,15,1,63468,WheelchairAgent(Clone),11,10,1.3,1.17,0,0,False,3,0,0
2026-03-06_19.09.59,110,sign-optimization-horizontal-vertical_scenario,622,125,3,-11,-2,90,90,15,1,63469,AdultMaleAgent(Clone),10,12,1.71,1.58,9.084961,1,False,3,0,0
2026-03-06_19.09.59,110,sign-optimization-horizontal-vertical_scenario,622,125,3,-11,-2,90,90,15,1,63470,WheelchairAgent(Clone),6,12,1.3,1.17,2.268066,2,False,2,0,0
2026-03-06_19.09.59,110,sign-optimization-horizontal-vertical_scenario,622,125,3,-11,-2,90,90,15,1,63471,WheelchairAgent(Clone),10,12,1.3,1.17,0,0,False,3,0,0
2026-03-06_19.09.59,110,sign-optimization-horizontal-vertical_scenario,622,125,3,-11,-2,90,90,15,1,63472,AdultFemaleAgent(Clone),7,11,1.58,1.450001,7.117676,2,True,2,1,0.5
2026-03-06_19.09.59,110,sign-optimization-horizontal-vertical_scenario,622,125,3,-11,-2,90,90,15,1,63473,WheelchairAgent(Clone),5,10,1.3,1.17,0,0,False,2,0,0
2026-03-06_19.09.59,110,sign-optimization-horizontal-vertical_scenario,622,125,3,-11,-2,90,90,15,1,63474,WheelchairAgent(Clone),6,12,1.3,1.17,2.018555,2,False,2,0,0
2026-03-06_19.09.59,110,sign-optimization-horizontal-vertical_scenario,622,125,3,-11,-2,90,90,15,1,63475,WheelchairAgent(Clone),5,10,1.3,1.17,0,0,False,2,0,0
2026-03-06_19.09.59,110,sign-optimization-horizontal-vertical_scenario,622,125,3,-11,-2,90,90,15,1,63476,WheelchairAgent(Clone),5,10,1.3,1.17,0,0,False,2,0,0
2026-03-06_19.09.59,110,sign-optimization-horizontal-vertical_scenario,622,125,3,-11,-2,90,90,15,1,63477,AdultMaleAgent(Clone),7,11,1.71,1.58,6.050781,2,True,2,1,0.5
2026-03-06_19.09.59,110,sign-optimization-horizontal-vertical_scenario,622,125,3,-11,-2,90,90,15,1,63478,WheelchairAgent(Clone),5,10,1.3,1.17,0,0,False,2,0,0
2026-03-06_19.09.59,110,sign-optimization-horizontal-vertical_scenario,622,125,3,-11,-2,90,90,15,1,63479,WheelchairAgent(Clone),5,10,1.3,1.17,2.376953,1,False,2,0,0
2026-03-06_19.09.59,110,sign-optimization-horizontal-vertical_scenario,622,125,3,-11,-2,90,90,15,1,63480,AdultMaleAgent(Clone),6,12,1.71,1.58,0,0,False,2,0,0
2026-03-06_19.09.59,110,sign-optimization-horizontal-vertical_scenario,622,125,3,-11,-2,90,90,15,1,63481,AdultFemaleAgent(Clone),7,11,1.58,1.450001,5.713867,2,True,2,1,0.5
2026-03-06_19.09.59,110,sign-optimization-horizontal-vertical_scenario,622,125,3,-11,-2,90,90,15,1,63482,AdultMaleAgent(Clone),5,10,1.71,1.58,0,0,False,2,0,0
2026-03-06_19.09.59,110,sign-optimization-horizontal-vertical_scenario,622,125,3,-11,-2,90,90,15,1,63483,AdultMaleAgent(Clone),11,10,1.71,1.58,0,0,False,3,0,0
2026-03-06_19.09.59,110,sign-optimization-horizontal-vertical_scenario,622,125,3,-11,-2,90,90,15,1,63484,WheelchairAgent(Clone),7,11,1.3,1.17,6.748047,2,True,2,1,0.5
2026-03-06_19.09.59,110,sign-optimization-horizontal-vertical_scenario,622,125,3,-11,-2,90,90,15,1,63485,WheelchairAgent(Clone),5,10,1.3,1.17,2.37793,1,False,2,0,0
2026-03-06_19.09.59,110,sign-optimization-horizontal-vertical_scenario,622,125,3,-11,-2,90,90,15,1,63486,AdultFemaleAgent(Clone),5,10,1.58,1.45,1.721191,1,False,2,0,0
2026-03-06_19.09.59,110,sign-optimization-horizontal-vertical_scenario,622,125,3,-11,-2,90,90,15,1,63487,AdultMaleAgent(Clone),5,10,1.71,1.58,0,0,False,2,0,0
2026-03-06_19.09.59,110,sign-optimization-horizontal-vertical_scenario,622,125,3,-11,-2,90,90,15,1,63488,WheelchairAgent(Clone),10,12,1.3,1.17,4.234375,1,False,3,0,0
2026-03-06_19.09.59,110,sign-optimization-horizontal-vertical_scenario,622,125,3,-11,-2,90,90,15,1,63489,AdultMaleAgent(Clone),5,10,1.71,1.58,0,0,False,2,0,0
2026-03-06_19.09.59,110,sign-optimization-horizontal-vertical_scenario,622,125,3,-11,-2,90,90,15,1,63490,AdultMaleAgent(Clone),7,11,1.71,1.58,6.69043,2,True,2,1,0.5
2026-03-06_19.09.59,110,sign-optimization-horizontal-vertical_scenario,622,125,3,-11,-2,90,90,15,1,63491,AdultFemaleAgent(Clone),10,12,1.58,1.45,7.32373,1,False,3,0,0
2026-03-06_19.09.59,110,sign-optimization-horizontal-vertical_scenario,622,125,3,-11,-2,90,90,15,1,63492,AdultFemaleAgent(Clone),11,10,1.58,1.450001,0,0,False,3,0,0
2026-03-06_19.09.59,110,sign-optimization-horizontal-vertical_scenario,622,125,3,-11,-2,90,90,15,1,63493,AdultFemaleAgent(Clone),10,12,1.58,1.45,7.28418,1,False,3,0,0
2026-03-06_19.09.59,110,sign-optimization-horizontal-vertical_scenario,622,125,3,-11,-2,90,90,15,1,63494,AdultMaleAgent(Clone),6,12,1.71,1.58,0,0,False,2,0,0
2026-03-06_19.09.59,110,sign-optimization-horizontal-vertical_scenario,622,125,3,-11,-2,90,90,15,1,63495,WheelchairAgent(Clone),6,12,1.3,1.17,0,0,False,2,0,0
2026-03-06_19.09.59,110,sign-optimization-horizontal-vertical_scenario,622,125,3,-11,-2,90,90,15,1,63496,AdultMaleAgent(Clone),5,10,1.71,1.58,1.434082,1,False,2,0,0
2026-03-06_19.09.59,110,sign-optimization-horizontal-vertical_scenario,622,125,3,-11,-2,90,90,15,1,63497,WheelchairAgent(Clone),10,12,1.3,1.17,0,0,False,3,0,0
2026-03-06_19.09.59,110,sign-optimization-horizontal-vertical_scenario,622,125,3,-11,-2,90,90,15,1,63498,AdultFemaleAgent(Clone),5,10,1.58,1.45,0,0,False,2,0,0
2026-03-06_19.09.59,110,sign-optimization-horizontal-vertical_scenario,622,125,3,-11,-2,90,90,15,1,63499,AdultFemaleAgent(Clone),5,10,1.58,1.45,0,0,False,2,0,0
2026-03-06_19.09.59,110,sign-optimization-horizontal-vertical_scenario,622,125,3,-11,-2,90,90,15,1,63500,AdultMaleAgent(Clone),10,12,1.71,1.58,9.725586,1,False,3,0,0
2026-03-06_19.09.59,110,sign-optimization-horizontal-vertical_scenario,622,125,3,-11,-2,90,90,15,1,63501,AdultFemaleAgent(Clone),5,10,1.58,1.45,0,0,False,2,0,0
2026-03-06_19.09.59,110,sign-optimization-horizontal-vertical_scenario,622,125,3,-11,-2,90,90,15,1,63502,AdultFemaleAgent(Clone),7,11,1.58,1.450001,7.976074,2,True,2,1,0.5
2026-03-06_19.09.59,110,sign-optimization-horizontal-vertical_scenario,622,125,3,-11,-2,90,90,15,1,63503,AdultMaleAgent(Clone),11,10,1.71,1.58,0,0,False,3,0,0
2026-03-06_19.09.59,110,sign-optimization-horizontal-vertical_scenario,622,125,3,-11,-2,90,90,15,1,63504,AdultFemaleAgent(Clone),11,10,1.58,1.450001,0,0,False,3,0,0
2026-03-06_19.09.59,110,sign-optimization-horizontal-vertical_scenario,622,125,3,-11,-2,90,90,15,1,63505,AdultFemaleAgent(Clone),5,10,1.58,1.45,0,0,False,2,0,0
2026-03-06_19.09.59,110,sign-optimization-horizontal-vertical_scenario,622,125,3,-11,-2,90,90,15,1,63506,AdultMaleAgent(Clone),7,11,1.71,1.58,7.453613,1,True,2,1,0.5
2026-03-06_19.09.59,110,sign-optimization-horizontal-vertical_scenario,622,125,3,-11,-2,90,90,15,1,63507,AdultMaleAgent(Clone),7,11,1.71,1.58,7.047363,2,True,2,1,0.5
2026-03-06_19.09.59,110,sign-optimization-horizontal-vertical_scenario,622,125,3,-11,-2,90,90,15,1,63508,WheelchairAgent(Clone),11,10,1.3,1.17,0,0,False,3,0,0
2026-03-06_19.09.59,110,sign-optimization-horizontal-vertical_scenario,622,125,3,-11,-2,90,90,15,1,63509,WheelchairAgent(Clone),5,10,1.3,1.17,0,0,False,2,0,0
2026-03-06_19.09.59,110,sign-optimization-horizontal-vertical_scenario,622,125,3,-11,-2,90,90,15,1,63510,AdultFemaleAgent(Clone),10,12,1.58,1.45,9.503906,1,False,3,0,0
2026-03-06_19.09.59,110,sign-optimization-horizontal-vertical_scenario,622,125,3,-11,-2,90,90,15,1,63511,WheelchairAgent(Clone),6,12,1.3,1.17,0,0,False,2,0,0
2026-03-06_19.09.59,110,sign-optimization-horizontal-vertical_scenario,622,125,3,-11,-2,90,90,15,1,63512,WheelchairAgent(Clone),5,10,1.3,1.17,0,0,False,2,0,0
2026-03-06_19.09.59,110,sign-optimization-horizontal-vertical_scenario,622,125,3,-11,-2,90,90,15,1,63513,WheelchairAgent(Clone),7,11,1.3,1.17,4.583496,1,True,2,1,0.5
2026-03-06_19.09.59,110,sign-optimization-horizontal-vertical_scenario,622,125,3,-11,-2,90,90,15,1,63514,AdultMaleAgent(Clone),11,10,1.71,1.58,0,0,False,3,0,0
2026-03-06_19.09.59,110,sign-optimization-horizontal-vertical_scenario,622,125,3,-11,-2,90,90,15,1,63515,WheelchairAgent(Clone),6,12,1.3,1.17,0,0,False,2,1,0.5
2026-03-06_19.09.59,110,sign-optimization-horizontal-vertical_scenario,622,125,3,-11,-2,90,90,15,1,63516,AdultMaleAgent(Clone),7,11,1.71,1.58,7.462402,2,True,2,1,0.5
2026-03-06_19.09.59,110,sign-optimization-horizontal-vertical_scenario,622,125,3,-11,-2,90,90,15,1,63517,WheelchairAgent(Clone),6,12,1.3,1.17,0,0,True,2,1,0.5
2026-03-06_19.09.59,110,sign-optimization-horizontal-vertical_scenario,622,125,3,-11,-2,90,90,15,1,63518,WheelchairAgent(Clone),5,10,1.3,1.17,0,0,False,2,0,0
2026-03-06_19.09.59,110,sign-optimization-horizontal-vertical_scenario,622,125,3,-11,-2,90,90,15,1,63519,AdultFemaleAgent(Clone),11,10,1.58,1.450001,0,0,False,3,0,0
2026-03-06_19.09.59,110,sign-optimization-horizontal-vertical_scenario,622,125,3,-11,-2,90,90,15,1,63520,WheelchairAgent(Clone),10,12,1.3,1.17,9.782227,1,False,3,0,0
2026-03-06_19.09.59,110,sign-optimization-horizontal-vertical_scenario,622,125,3,-11,-2,90,90,15,1,63521,AdultFemaleAgent(Clone),10,12,1.58,1.45,0,0,False,3,0,0
2026-03-06_19.09.59,110,sign-optimization-horizontal-vertical_scenario,622,125,3,-11,-2,90,90,15,1,63522,AdultFemaleAgent(Clone),6,12,1.58,1.45,0,0,False,2,0,0
2026-03-06_19.09.59,110,sign-optimization-horizontal-vertical_scenario,622,125,3,-11,-2,90,90,15,1,63523,WheelchairAgent(Clone),6,12,1.3,1.17,0,0,True,2,1,0.5
2026-03-06_19.09.59,110,sign-optimization-horizontal-vertical_scenario,622,125,3,-11,-2,90,90,15,1,63524,WheelchairAgent(Clone),10,12,1.3,1.17,6.800293,1,False,3,0,0
2026-03-06_19.09.59,110,sign-optimization-horizontal-vertical_scenario,622,125,3,-11,-2,90,90,15,1,63525,WheelchairAgent(Clone),11,10,1.3,1.17,0,0,False,3,0,0
2026-03-06_19.09.59,110,sign-optimization-horizontal-vertical_scenario,622,125,3,-11,-2,90,90,15,1,63526,AdultFemaleAgent(Clone),6,12,1.58,1.45,0,0,False,2,1,0.5
2026-03-06_19.09.59,110,sign-optimization-horizontal-vertical_scenario,622,125,3,-11,-2,90,90,15,1,63527,AdultFemaleAgent(Clone),11,10,1.58,1.450001,0,0,False,3,0,0
2026-03-06_19.09.59,110,sign-optimization-horizontal-vertical_scenario,622,125,3,-11,-2,90,90,15,1,63528,AdultMaleAgent(Clone),5,10,1.71,1.58,2.109375,1,False,2,1,0.5
2026-03-06_19.09.59,110,sign-optimization-horizontal-vertical_scenario,622,125,3,-11,-2,90,90,15,1,63529,AdultFemaleAgent(Clone),11,10,1.58,1.450001,0,0,False,3,0,0
2026-03-06_19.09.59,110,sign-optimization-horizontal-vertical_scenario,622,125,3,-11,-2,90,90,15,1,63530,AdultFemaleAgent(Clone),10,12,1.58,1.45,0,0,False,3,0,0
2026-03-06_19.09.59,110,sign-optimization-horizontal-vertical_scenario,622,125,3,-11,-2,90,90,15,1,63531,AdultFemaleAgent(Clone),11,10,1.58,1.450001,0,0,False,3,0,0
2026-03-06_19.09.59,110,sign-optimization-horizontal-vertical_scenario,622,125,3,-11,-2,90,90,15,1,63532,WheelchairAgent(Clone),11,10,1.3,1.17,0,0,False,3,0,0
2026-03-06_19.09.59,110,sign-optimization-horizontal-vertical_scenario,622,125,3,-11,-2,90,90,15,1,63533,WheelchairAgent(Clone),6,12,1.3,1.17,4.57373,1,False,2,1,0.5
2026-03-06_19.09.59,110,sign-optimization-horizontal-vertical_scenario,622,125,3,-11,-2,90,90,15,1,63534,WheelchairAgent(Clone),6,12,1.3,1.17,0,0,False,2,0,0
2026-03-06_19.09.59,110,sign-optimization-horizontal-vertical_scenario,622,125,3,-11,-2,90,90,15,1,63535,AdultFemaleAgent(Clone),10,12,1.58,1.45,5.085938,1,False,3,0,0
2026-03-06_19.09.59,110,sign-optimization-horizontal-vertical_scenario,622,125,3,-11,-2,90,90,15,1,63536,WheelchairAgent(Clone),7,11,1.3,1.17,5.545898,1,True,2,1,0.5
2026-03-06_19.09.59,110,sign-optimization-horizontal-vertical_scenario,622,125,3,-11,-2,90,90,15,1,63537,AdultFemaleAgent(Clone),11,10,1.58,1.450001,0,0,False,3,0,0
2026-03-06_19.09.59,110,sign-optimization-horizontal-vertical_scenario,622,125,3,-11,-2,90,90,15,1,63538,AdultMaleAgent(Clone),7,11,1.71,1.58,6.535156,1,True,2,1,0.5
2026-03-06_19.09.59,110,sign-optimization-horizontal-vertical_scenario,622,125,3,-11,-2,90,90,15,1,63539,AdultFemaleAgent(Clone),10,12,1.58,1.45,3.345703,1,False,3,0,0
2026-03-06_19.09.59,110,sign-optimization-horizontal-vertical_scenario,622,125,3,-11,-2,90,90,15,1,63540,AdultFemaleAgent(Clone),5,10,1.58,1.45,0,0,False,2,0,0
2026-03-06_19.09.59,110,sign-optimization-horizontal-vertical_scenario,622,125,3,-11,-2,90,90,15,1,63541,AdultMaleAgent(Clone),6,12,1.71,1.58,0,0,False,2,1,0.5
2026-03-06_19.09.59,110,sign-optimization-horizontal-vertical_scenario,622,125,3,-11,-2,90,90,15,1,63542,AdultMaleAgent(Clone),7,11,1.71,1.58,6.606934,1,True,2,1,0.5
2026-03-06_19.09.59,110,sign-optimization-horizontal-vertical_scenario,622,125,3,-11,-2,90,90,15,1,63543,AdultMaleAgent(Clone),7,11,1.71,1.58,6.503906,1,True,2,1,0.5
2026-03-06_19.09.59,110,sign-optimization-horizontal-vertical_scenario,622,125,3,-11,-2,90,90,15,1,63544,WheelchairAgent(Clone),5,10,1.3,1.17,1.159668,1,False,2,0,0
2026-03-06_19.09.59,110,sign-optimization-horizontal-vertical_scenario,622,125,3,-11,-2,90,90,15,1,63545,WheelchairAgent(Clone),7,11,1.3,1.17,7.818359,1,True,2,1,0.5
2026-03-06_19.09.59,110,sign-optimization-horizontal-vertical_scenario,622,125,3,-11,-2,90,90,15,1,63546,AdultMaleAgent(Clone),5,10,1.71,1.58,0,0,False,2,0,0
2026-03-06_19.09.59,110,sign-optimization-horizontal-vertical_scenario,622,125,3,-11,-2,90,90,15,1,63547,WheelchairAgent(Clone),10,12,1.3,1.17,2.962891,1,False,3,0,0
2026-03-06_19.09.59,110,sign-optimization-horizontal-vertical_scenario,622,125,3,-11,-2,90,90,15,1,63548,AdultMaleAgent(Clone),5,10,1.71,1.58,0,0,False,2,0,0
2026-03-06_19.09.59,110,sign-optimization-horizontal-vertical_scenario,622,125,3,-11,-2,90,90,15,1,63549,WheelchairAgent(Clone),6,12,1.3,1.17,0,0,False,2,1,0.5
2026-03-06_19.09.59,110,sign-optimization-horizontal-vertical_scenario,622,125,3,-11,-2,90,90,15,1,63550,AdultFemaleAgent(Clone),6,12,1.58,1.45,0,0,True,2,1,0.5
2026-03-06_19.09.59,110,sign-optimization-horizontal-vertical_scenario,622,125,3,-11,-2,90,90,15,1,63551,AdultMaleAgent(Clone),5,10,1.71,1.58,0,0,False,2,0,0
2026-03-06_19.09.59,110,sign-optimization-horizontal-vertical_scenario,622,125,3,-11,-2,90,90,15,1,63552,WheelchairAgent(Clone),10,12,1.3,1.17,7.096191,1,False,3,0,0
2026-03-06_19.09.59,110,sign-optimization-horizontal-vertical_scenario,622,125,3,-11,-2,90,90,15,1,63553,AdultMaleAgent(Clone),11,10,1.71,1.58,0,0,False,3,0,0
2026-03-06_19.09.59,110,sign-optimization-horizontal-vertical_scenario,622,125,3,-11,-2,90,90,15,1,63554,WheelchairAgent(Clone),10,12,1.3,1.17,5.318359,1,False,3,0,0
2026-03-06_19.09.59,110,sign-optimization-horizontal-vertical_scenario,622,125,3,-11,-2,90,90,15,1,63555,AdultFemaleAgent(Clone),6,12,1.58,1.45,0,0,False,2,1,0.5
2026-03-06_19.09.59,110,sign-optimization-horizontal-vertical_scenario,622,125,3,-11,-2,90,90,15,1,63556,WheelchairAgent(Clone),7,11,1.3,1.17,6.508301,1,True,2,1,0.5
2026-03-06_19.09.59,110,sign-optimization-horizontal-vertical_scenario,622,125,3,-11,-2,90,90,15,1,63557,AdultMaleAgent(Clone),10,12,1.71,1.58,0,0,False,3,0,0
2026-03-06_19.09.59,110,sign-optimization-horizontal-vertical_scenario,622,125,3,-11,-2,90,90,15,1,63558,WheelchairAgent(Clone),5,10,1.3,1.17,0,0,False,2,0,0
2026-03-06_19.09.59,110,sign-optimization-horizontal-vertical_scenario,622,125,3,-11,-2,90,90,15,1,63559,AdultMaleAgent(Clone),10,12,1.71,1.58,0,0,False,3,0,0
2026-03-06_19.09.59,110,sign-optimization-horizontal-vertical_scenario,622,125,3,-11,-2,90,90,15,1,63560,AdultFemaleAgent(Clone),7,11,1.58,1.450001,7.662598,1,True,2,1,0.5
2026-03-06_19.09.59,110,sign-optimization-horizontal-vertical_scenario,622,125,3,-11,-2,90,90,15,1,63561,AdultMaleAgent(Clone),6,12,1.71,1.58,0,0,False,2,0,0
2026-03-06_19.09.59,110,sign-optimization-horizontal-vertical_scenario,622,125,3,-11,-2,90,90,15,1,63562,AdultFemaleAgent(Clone),5,10,1.58,1.45,0,0,False,2,0,0
2026-03-06_19.09.59,110,sign-optimization-horizontal-vertical_scenario,622,125,3,-11,-2,90,90,15,1,63563,AdultMaleAgent(Clone),6,12,1.71,1.58,0,0,False,2,0,0
2026-03-06_19.09.59,110,sign-optimization-horizontal-vertical_scenario,622,125,3,-11,-2,90,90,15,1,63564,AdultMaleAgent(Clone),6,12,1.71,1.58,0,0,False,2,1,0.5
2026-03-06_19.09.59,110,sign-optimization-horizontal-vertical_scenario,622,125,3,-11,-2,90,90,15,1,63565,AdultMaleAgent(Clone),10,12,1.71,1.58,0,0,False,3,0,0
2026-03-06_19.09.59,110,sign-optimization-horizontal-vertical_scenario,622,125,3,-11,-2,90,90,15,1,63566,WheelchairAgent(Clone),7,11,1.3,1.17,7.798828,1,True,2,1,0.5
2026-03-06_19.09.59,110,sign-optimization-horizontal-vertical_scenario,622,125,3,-11,-2,90,90,15,1,63567,AdultFemaleAgent(Clone),7,11,1.58,1.450001,4.459473,1,True,2,1,0.5
2026-03-06_19.09.59,110,sign-optimization-horizontal-vertical_scenario,622,125,3,-11,-2,90,90,15,1,63568,AdultMaleAgent(Clone),11,10,1.71,1.58,0,0,False,3,0,0
2026-03-06_19.09.59,110,sign-optimization-horizontal-vertical_scenario,622,125,3,-11,-2,90,90,15,1,63569,AdultFemaleAgent(Clone),11,10,1.58,1.450001,0,0,False,3,0,0
2026-03-06_19.09.59,110,sign-optimization-horizontal-vertical_scenario,622,125,3,-11,-2,90,90,15,1,63570,WheelchairAgent(Clone),10,12,1.3,1.17,0,0,False,3,0,0
2026-03-06_19.09.59,110,sign-optimization-horizontal-vertical_scenario,622,125,3,-11,-2,90,90,15,1,63571,WheelchairAgent(Clone),5,10,1.3,1.17,0,0,False,2,0,0
2026-03-06_19.09.59,110,sign-optimization-horizontal-vertical_scenario,622,125,3,-11,-2,90,90,15,1,63572,WheelchairAgent(Clone),6,12,1.3,1.17,0,0,False,2,0,0
2026-03-06_19.09.59,110,sign-optimization-horizontal-vertical_scenario,622,125,3,-11,-2,90,90,15,1,63573,WheelchairAgent(Clone),5,10,1.3,1.17,0,0,False,2,0,0
2026-03-06_19.09.59,110,sign-optimization-horizontal-vertical_scenario,622,125,3,-11,-2,90,90,15,1,63574,WheelchairAgent(Clone),11,10,1.3,1.17,0,0,False,3,0,0
2026-03-06_19.09.59,110,sign-optimization-horizontal-vertical_scenario,622,125,3,-11,-2,90,90,15,1,63575,WheelchairAgent(Clone),7,11,1.3,1.17,4.724609,1,True,2,1,0.5
2026-03-06_19.09.59,110,sign-optimization-horizontal-vertical_scenario,622,125,3,-11,-2,90,90,15,1,63576,WheelchairAgent(Clone),5,10,1.3,1.17,0,0,False,2,0,0
2026-03-06_19.09.59,110,sign-optimization-horizontal-vertical_scenario,622,125,3,-11,-2,90,90,15,1,63577,WheelchairAgent(Clone),5,10,1.3,1.17,0,0,False,2,0,0
2026-03-06_19.09.59,110,sign-optimization-horizontal-vertical_scenario,622,125,3,-11,-2,90,90,15,1,63578,WheelchairAgent(Clone),7,11,1.3,1.17,6.844238,1,True,2,1,0.5
2026-03-06_19.09.59,110,sign-optimization-horizontal-vertical_scenario,622,125,3,-11,-2,90,90,15,1,63579,AdultFemaleAgent(Clone),6,12,1.58,1.45,0,0,False,2,0,0
2026-03-06_19.09.59,110,sign-optimization-horizontal-vertical_scenario,622,125,3,-11,-2,90,90,15,1,63580,AdultMaleAgent(Clone),5,10,1.71,1.58,1.865723,1,False,2,0,0
2026-03-06_19.09.59,110,sign-optimization-horizontal-vertical_scenario,622,125,3,-11,-2,90,90,15,1,63581,WheelchairAgent(Clone),11,10,1.3,1.17,0,0,False,3,0,0
2026-03-06_19.09.59,110,sign-optimization-horizontal-vertical_scenario,622,125,3,-11,-2,90,90,15,1,63582,AdultFemaleAgent(Clone),6,12,1.58,1.45,0,0,False,2,0,0
2026-03-06_19.09.59,110,sign-optimization-horizontal-vertical_scenario,622,125,3,-11,-2,90,90,15,1,63583,AdultMaleAgent(Clone),6,12,1.71,1.58,0,0,True,2,1,0.5
2026-03-06_19.09.59,110,sign-optimization-horizontal-vertical_scenario,622,125,3,-11,-2,90,90,15,1,63584,AdultFemaleAgent(Clone),6,12,1.58,1.45,0,0,True,2,1,0.5
2026-03-06_19.09.59,110,sign-optimization-horizontal-vertical_scenario,622,125,3,-11,-2,90,90,15,1,63585,WheelchairAgent(Clone),6,12,1.3,1.17,0,0,False,2,0,0
2026-03-06_19.09.59,110,sign-optimization-horizontal-vertical_scenario,622,125,3,-11,-2,90,90,15,1,63586,AdultFemaleAgent(Clone),10,12,1.58,1.45,0,0,False,3,0,0
2026-03-06_19.09.59,110,sign-optimization-horizontal-vertical_scenario,622,125,3,-11,-2,90,90,15,1,63587,AdultFemaleAgent(Clone),11,10,1.58,1.450001,0,0,False,3,0,0
2026-03-06_19.09.59,110,sign-optimization-horizontal-vertical_scenario,622,125,3,-11,-2,90,90,15,1,63588,AdultMaleAgent(Clone),10,12,1.71,1.58,0,0,False,3,0,0
2026-03-06_19.09.59,110,sign-optimization-horizontal-vertical_scenario,622,125,3,-11,-2,90,90,15,1,63589,AdultFemaleAgent(Clone),5,10,1.58,1.45,0,0,False,2,0,0
2026-03-06_19.09.59,110,sign-optimization-horizontal-vertical_scenario,622,125,3,-11,-2,90,90,15,1,63590,AdultFemaleAgent(Clone),7,11,1.58,1.450001,4.899414,1,True,2,1,0.5
2026-03-06_19.09.59,110,sign-optimization-horizontal-vertical_scenario,622,125,3,-11,-2,90,90,15,1,63591,AdultMaleAgent(Clone),11,10,1.71,1.58,0,0,False,3,0,0
2026-03-06_19.09.59,110,sign-optimization-horizontal-vertical_scenario,622,125,3,-11,-2,90,90,15,1,63592,AdultFemaleAgent(Clone),6,12,1.58,1.45,0,0,False,2,0,0
2026-03-06_19.09.59,110,sign-optimization-horizontal-vertical_scenario,622,125,3,-11,-2,90,90,15,1,63593,WheelchairAgent(Clone),5,10,1.3,1.17,0,0,False,2,0,0
2026-03-06_19.09.59,110,sign-optimization-horizontal-vertical_scenario,622,125,3,-11,-2,90,90,15,1,63594,WheelchairAgent(Clone),11,10,1.3,1.17,0,0,False,3,0,0
2026-03-06_19.09.59,110,sign-optimization-horizontal-vertical_scenario,622,125,3,-11,-2,90,90,15,1,63595,AdultMaleAgent(Clone),5,10,1.71,1.58,0,0,False,2,0,0
2026-03-06_19.09.59,110,sign-optimization-horizontal-vertical_scenario,622,125,3,-11,-2,90,90,15,1,63596,AdultMaleAgent(Clone),7,11,1.71,1.58,5.762207,1,True,2,1,0.5
2026-03-06_19.09.59,110,sign-optimization-horizontal-vertical_scenario,622,125,3,-11,-2,90,90,15,1,63597,WheelchairAgent(Clone),11,10,1.3,1.17,0,0,False,3,0,0
2026-03-06_19.09.59,110,sign-optimization-horizontal-vertical_scenario,622,125,3,-11,-2,90,90,15,1,63598,AdultMaleAgent(Clone),6,12,1.71,1.58,0,0,True,2,1,0.5
2026-03-06_19.09.59,110,sign-optimization-horizontal-vertical_scenario,622,125,3,-11,-2,90,90,15,1,63599,WheelchairAgent(Clone),7,11,1.3,1.17,6.399414,1,True,2,1,0.5
2026-03-06_19.09.59,110,sign-optimization-horizontal-vertical_scenario,622,125,3,-11,-2,90,90,15,1,63600,WheelchairAgent(Clone),11,10,1.3,1.17,0,0,False,3,0,0
2026-03-06_19.09.59,110,sign-optimization-horizontal-vertical_scenario,622,125,3,-11,-2,90,90,15,1,63601,AdultFemaleAgent(Clone),6,12,1.58,1.45,0,0,False,2,1,0.5
2026-03-06_19.09.59,110,sign-optimization-horizontal-vertical_scenario,622,125,3,-11,-2,90,90,15,1,63602,WheelchairAgent(Clone),11,10,1.3,1.17,0,0,False,3,0,0
2026-03-06_19.09.59,110,sign-optimization-horizontal-vertical_scenario,622,125,3,-11,-2,90,90,15,1,63603,AdultMaleAgent(Clone),10,12,1.71,1.58,0,0,False,3,0,0
2026-03-06_19.09.59,110,sign-optimization-horizontal-vertical_scenario,622,125,3,-11,-2,90,90,15,1,63604,AdultMaleAgent(Clone),5,10,1.71,1.58,0,0,False,2,0,0
2026-03-06_19.09.59,110,sign-optimization-horizontal-vertical_scenario,622,125,3,-11,-2,90,90,15,1,63605,WheelchairAgent(Clone),10,12,1.3,1.17,0,0,False,3,0,0
2026-03-06_19.09.59,110,sign-optimization-horizontal-vertical_scenario,622,125,3,-11,-2,90,90,15,1,63606,WheelchairAgent(Clone),7,11,1.3,1.17,6.412598,1,True,2,1,0.5
2026-03-06_19.09.59,110,sign-optimization-horizontal-vertical_scenario,622,125,3,-11,-2,90,90,15,1,63607,WheelchairAgent(Clone),6,12,1.3,1.17,0,0,False,2,1,0.5
2026-03-06_19.09.59,110,sign-optimization-horizontal-vertical_scenario,622,125,3,-11,-2,90,90,15,1,63608,AdultMaleAgent(Clone),11,10,1.71,1.58,0,0,False,3,0,0
2026-03-06_19.09.59,110,sign-optimization-horizontal-vertical_scenario,622,125,3,-11,-2,90,90,15,1,63609,WheelchairAgent(Clone),11,10,1.3,1.17,0,0,False,3,0,0
2026-03-06_19.09.59,110,sign-optimization-horizontal-vertical_scenario,622,125,3,-11,-2,90,90,15,1,63610,AdultFemaleAgent(Clone),11,10,1.58,1.450001,0,0,False,3,0,0
2026-03-06_19.09.59,110,sign-optimization-horizontal-vertical_scenario,622,125,3,-11,-2,90,90,15,1,63611,AdultMaleAgent(Clone),6,12,1.71,1.58,0,0,False,2,0,0
2026-03-06_19.09.59,110,sign-optimization-horizontal-vertical_scenario,622,125,3,-11,-2,90,90,15,1,63612,WheelchairAgent(Clone),5,10,1.3,1.17,0,0,False,2,0,0
2026-03-06_19.09.59,110,sign-optimization-horizontal-vertical_scenario,622,125,3,-11,-2,90,90,15,1,63613,WheelchairAgent(Clone),6,12,1.3,1.17,0,0,False,2,0,0
2026-03-06_19.09.59,110,sign-optimization-horizontal-vertical_scenario,622,125,3,-11,-2,90,90,15,1,63614,AdultMaleAgent(Clone),5,10,1.71,1.58,0,0,False,2,0,0
2026-03-06_19.09.59,110,sign-optimization-horizontal-vertical_scenario,622,125,3,-11,-2,90,90,15,1,63615,AdultMaleAgent(Clone),10,12,1.71,1.58,0,0,False,3,0,0
2026-03-06_19.09.59,110,sign-optimization-horizontal-vertical_scenario,622,125,3,-11,-2,90,90,15,1,63616,WheelchairAgent(Clone),11,10,1.3,1.17,0,0,False,3,0,0
2026-03-06_19.09.59,110,sign-optimization-horizontal-vertical_scenario,622,125,3,-11,-2,90,90,15,1,63617,AdultMaleAgent(Clone),11,10,1.71,1.58,0,0,False,3,0,0
2026-03-06_19.09.59,110,sign-optimization-horizontal-vertical_scenario,622,125,3,-11,-2,90,90,15,1,63618,AdultFemaleAgent(Clone),10,12,1.58,1.45,0,0,False,3,0,0
2026-03-06_19.09.59,110,sign-optimization-horizontal-vertical_scenario,622,125,3,-11,-2,90,90,15,1,63619,AdultFemaleAgent(Clone),6,12,1.58,1.45,0,0,False,2,0,0
2026-03-06_19.09.59,110,sign-optimization-horizontal-vertical_scenario,622,125,3,-11,-2,90,90,15,1,63620,AdultFemaleAgent(Clone),11,10,1.58,1.450001,0,0,False,3,0,0
2026-03-06_19.09.59,110,sign-optimization-horizontal-vertical_scenario,622,125,3,-11,-2,90,90,15,1,63621,WheelchairAgent(Clone),11,10,1.3,1.17,0,0,False,3,0,0
2026-03-06_19.09.59,110,sign-optimization-horizontal-vertical_scenario,622,125,3,-11,-2,90,90,15,1,63622,AdultMaleAgent(Clone),11,10,1.71,1.58,0,0,False,3,0,0
2026-03-06_19.09.59,110,sign-optimization-horizontal-vertical_scenario,622,125,3,-11,-2,90,90,15,1,63623,WheelchairAgent(Clone),5,10,1.3,1.17,0,0,False,2,0,0
2026-03-06_19.09.59,110,sign-optimization-horizontal-vertical_scenario,622,125,3,-11,-2,90,90,15,1,63624,AdultMaleAgent(Clone),11,10,1.71,1.58,0,0,False,3,0,0
2026-03-06_19.09.59,110,sign-optimization-horizontal-vertical_scenario,622,125,3,-11,-2,90,90,15,1,63625,AdultMaleAgent(Clone),5,10,1.71,1.58,0,0,False,2,0,0
2026-03-06_19.09.59,110,sign-optimization-horizontal-vertical_scenario,622,125,3,-11,-2,90,90,15,1,63626,AdultFemaleAgent(Clone),7,11,1.58,1.450001,4.536133,1,True,2,1,0.5
2026-03-06_19.09.59,110,sign-optimization-horizontal-vertical_scenario,622,125,3,-11,-2,90,90,15,1,63627,WheelchairAgent(Clone),11,10,1.3,1.17,0,0,False,3,0,0
2026-03-06_19.09.59,110,sign-optimization-horizontal-vertical_scenario,622,125,3,-11,-2,90,90,15,1,63628,AdultFemaleAgent(Clone),6,12,1.58,1.45,0,0,False,2,0,0
2026-03-06_19.09.59,110,sign-optimization-horizontal-vertical_scenario,622,125,3,-11,-2,90,90,15,1,63629,AdultMaleAgent(Clone),10,12,1.71,1.58,0,0,False,3,0,0
2026-03-06_19.09.59,110,sign-optimization-horizontal-vertical_scenario,622,125,3,-11,-2,90,90,15,1,63630,AdultFemaleAgent(Clone),6,12,1.58,1.45,0,0,False,2,0,0
2026-03-06_19.09.59,110,sign-optimization-horizontal-vertical_scenario,622,125,3,-11,-2,90,90,15,1,63631,AdultMaleAgent(Clone),7,11,1.71,1.58,5.938965,1,True,2,1,0.5
2026-03-06_19.09.59,110,sign-optimization-horizontal-vertical_scenario,622,125,3,-11,-2,90,90,15,1,63632,AdultMaleAgent(Clone),5,10,1.71,1.58,0,0,False,2,0,0
2026-03-06_19.09.59,110,sign-optimization-horizontal-vertical_scenario,622,125,3,-11,-2,90,90,15,1,63633,WheelchairAgent(Clone),7,11,1.3,1.17,5.966797,1,True,2,1,0.5
2026-03-06_19.09.59,110,sign-optimization-horizontal-vertical_scenario,622,125,3,-11,-2,90,90,15,1,63634,AdultMaleAgent(Clone),10,12,1.71,1.58,0,0,False,3,0,0
2026-03-06_19.09.59,110,sign-optimization-horizontal-vertical_scenario,622,125,3,-11,-2,90,90,15,1,63635,AdultMaleAgent(Clone),10,12,1.71,1.58,0,0,False,3,0,0
2026-03-06_19.09.59,110,sign-optimization-horizontal-vertical_scenario,622,125,3,-11,-2,90,90,15,1,63636,AdultFemaleAgent(Clone),6,12,1.58,1.45,0,0,False,2,0,0
2026-03-06_19.09.59,110,sign-optimization-horizontal-vertical_scenario,622,125,3,-11,-2,90,90,15,1,63637,AdultFemaleAgent(Clone),11,10,1.58,1.450001,0,0,False,3,0,0
2026-03-06_19.09.59,110,sign-optimization-horizontal-vertical_scenario,622,125,3,-11,-2,90,90,15,1,63638,AdultFemaleAgent(Clone),11,10,1.58,1.450001,0,0,False,3,0,0
2026-03-06_19.09.59,110,sign-optimization-horizontal-vertical_scenario,622,125,3,-11,-2,90,90,15,1,63639,WheelchairAgent(Clone),10,12,1.3,1.17,0,0,False,3,0,0
2026-03-06_19.09.59,110,sign-optimization-horizontal-vertical_scenario,622,125,3,-11,-2,90,90,15,1,63640,AdultMaleAgent(Clone),10,12,1.71,1.58,0,0,False,3,0,0
2026-03-06_19.09.59,110,sign-optimization-horizontal-vertical_scenario,622,125,3,-11,-2,90,90,15,1,63641,AdultMaleAgent(Clone),6,12,1.71,1.58,0,0,False,2,0,0
2026-03-06_19.09.59,110,sign-optimization-horizontal-vertical_scenario,622,125,3,-11,-2,90,90,15,1,63642,AdultMaleAgent(Clone),10,12,1.71,1.58,0,0,False,3,0,0
2026-03-06_19.09.59,110,sign-optimization-horizontal-vertical_scenario,622,125,3,-11,-2,90,90,15,1,63643,AdultFemaleAgent(Clone),7,11,1.58,1.450001,7.270508,1,True,2,1,0.5
2026-03-06_19.09.59,110,sign-optimization-horizontal-vertical_scenario,622,125,3,-11,-2,90,90,15,1,63644,WheelchairAgent(Clone),5,10,1.3,1.17,0,0,False,2,0,0
2026-03-06_19.09.59,110,sign-optimization-horizontal-vertical_scenario,622,125,3,-11,-2,90,90,15,1,63645,WheelchairAgent(Clone),11,10,1.3,1.17,0,0,False,3,0,0
2026-03-06_19.09.59,110,sign-optimization-horizontal-vertical_scenario,622,125,3,-11,-2,90,90,15,1,63646,AdultMaleAgent(Clone),11,10,1.71,1.58,0,0,False,3,0,0
2026-03-06_19.09.59,110,sign-optimization-horizontal-vertical_scenario,622,125,3,-11,-2,90,90,15,1,63647,AdultMaleAgent(Clone),10,12,1.71,1.58,0,0,False,3,0,0
2026-03-06_19.09.59,110,sign-optimization-horizontal-vertical_scenario,622,125,3,-11,-2,90,90,15,1,63648,AdultFemaleAgent(Clone),6,12,1.58,1.45,0,0,False,2,0,0
2026-03-06_19.09.59,110,sign-optimization-horizontal-vertical_scenario,622,125,3,-11,-2,90,90,15,1,63649,AdultFemaleAgent(Clone),6,12,1.58,1.45,0,0,False,2,0,0
2026-03-06_19.09.59,110,sign-optimization-horizontal-vertical_scenario,622,125,3,-11,-2,90,90,15,1,63650,AdultMaleAgent(Clone),5,10,1.71,1.58,0,0,False,2,0,0
2026-03-06_19.09.59,110,sign-optimization-horizontal-vertical_scenario,622,125,3,-11,-2,90,90,15,1,63651,AdultMaleAgent(Clone),11,10,1.71,1.58,0,0,False,3,0,0
2026-03-06_19.09.59,110,sign-optimization-horizontal-vertical_scenario,622,125,3,-11,-2,90,90,15,1,63652,AdultMaleAgent(Clone),10,12,1.71,1.58,0,0,False,3,0,0
2026-03-06_19.09.59,110,sign-optimization-horizontal-vertical_scenario,622,125,3,-11,-2,90,90,15,1,63653,AdultFemaleAgent(Clone),7,11,1.58,1.450001,4.72998,1,False,2,0,0
2026-03-06_19.09.59,110,sign-optimization-horizontal-vertical_scenario,622,125,3,-11,-2,90,90,15,1,63654,AdultMaleAgent(Clone),7,11,1.71,1.58,5.314941,1,True,2,1,0.5
2026-03-06_19.09.59,110,sign-optimization-horizontal-vertical_scenario,622,125,3,-11,-2,90,90,15,1,63655,WheelchairAgent(Clone),7,11,1.3,1.17,6.430176,1,True,2,1,0.5
2026-03-06_19.09.59,110,sign-optimization-horizontal-vertical_scenario,622,125,3,-11,-2,90,90,15,1,63656,WheelchairAgent(Clone),10,12,1.3,1.17,0,0,False,3,0,0
2026-03-06_19.09.59,110,sign-optimization-horizontal-vertical_scenario,622,125,3,-11,-2,90,90,15,1,63657,AdultMaleAgent(Clone),5,10,1.71,1.58,0,0,False,2,0,0
2026-03-06_19.09.59,110,sign-optimization-horizontal-vertical_scenario,622,125,3,-11,-2,90,90,15,1,63658,WheelchairAgent(Clone),11,10,1.3,1.17,0,0,False,3,0,0
2026-03-06_19.09.59,110,sign-optimization-horizontal-vertical_scenario,622,125,3,-11,-2,90,90,15,1,63659,AdultFemaleAgent(Clone),6,12,1.58,1.45,0,0,False,2,0,0
2026-03-06_19.09.59,110,sign-optimization-horizontal-vertical_scenario,622,125,3,-11,-2,90,90,15,1,63660,AdultMaleAgent(Clone),6,12,1.71,1.58,0,0,False,2,0,0
2026-03-06_19.09.59,110,sign-optimization-horizontal-vertical_scenario,622,125,3,-11,-2,90,90,15,1,63661,AdultFemaleAgent(Clone),6,12,1.58,1.45,0,0,False,2,0,0
2026-03-06_19.09.59,110,sign-optimization-horizontal-vertical_scenario,622,125,3,-11,-2,90,90,15,1,63662,AdultMaleAgent(Clone),11,10,1.71,1.58,0,0,False,3,0,0
2026-03-06_19.09.59,110,sign-optimization-horizontal-vertical_scenario,622,125,3,-11,-2,90,90,15,1,63663,AdultMaleAgent(Clone),10,12,1.71,1.58,0,0,False,3,0,0
2026-03-06_19.09.59,110,sign-optimization-horizontal-vertical_scenario,622,125,3,-11,-2,90,90,15,1,63664,AdultMaleAgent(Clone),11,10,1.71,1.58,0,0,False,3,0,0
2026-03-06_19.09.59,110,sign-optimization-horizontal-vertical_scenario,622,125,3,-11,-2,90,90,15,1,63665,WheelchairAgent(Clone),6,12,1.3,1.17,0,0,False,2,0,0
2026-03-06_19.09.59,110,sign-optimization-horizontal-vertical_scenario,622,125,3,-11,-2,90,90,15,1,63666,AdultFemaleAgent(Clone),7,11,1.58,1.450001,0,0,True,2,1,0.5
2026-03-06_19.09.59,110,sign-optimization-horizontal-vertical_scenario,622,125,3,-11,-2,90,90,15,1,63667,AdultFemaleAgent(Clone),10,12,1.58,1.45,0,0,False,3,0,0
2026-03-06_19.09.59,110,sign-optimization-horizontal-vertical_scenario,622,125,3,-11,-2,90,90,15,1,63668,AdultMaleAgent(Clone),10,12,1.71,1.58,0,0,False,3,0,0
2026-03-06_19.09.59,110,sign-optimization-horizontal-vertical_scenario,622,125,3,-11,-2,90,90,15,1,63669,AdultFemaleAgent(Clone),5,10,1.58,1.45,0,0,False,2,0,0
2026-03-06_19.09.59,110,sign-optimization-horizontal-vertical_scenario,622,125,3,-11,-2,90,90,15,1,63670,WheelchairAgent(Clone),5,10,1.3,1.17,0,0,False,2,0,0
2026-03-06_19.09.59,110,sign-optimization-horizontal-vertical_scenario,622,125,3,-11,-2,90,90,15,1,63671,WheelchairAgent(Clone),7,11,1.3,1.17,5.175781,1,True,2,1,0.5
2026-03-06_19.09.59,110,sign-optimization-horizontal-vertical_scenario,622,125,3,-11,-2,90,90,15,1,63672,AdultFemaleAgent(Clone),10,12,1.58,1.45,0,0,False,3,0,0
2026-03-06_19.09.59,110,sign-optimization-horizontal-vertical_scenario,622,125,3,-11,-2,90,90,15,1,63673,AdultFemaleAgent(Clone),6,12,1.58,1.45,0,0,False,2,0,0
2026-03-06_19.09.59,110,sign-optimization-horizontal-vertical_scenario,622,125,3,-11,-2,90,90,15,1,63674,AdultMaleAgent(Clone),11,10,1.71,1.58,0,0,False,3,0,0
2026-03-06_19.09.59,110,sign-optimization-horizontal-vertical_scenario,622,125,3,-11,-2,90,90,15,1,63675,WheelchairAgent(Clone),11,10,1.3,1.17,0,0,False,3,0,0
2026-03-06_19.09.59,110,sign-optimization-horizontal-vertical_scenario,622,125,3,-11,-2,90,90,15,1,63676,AdultFemaleAgent(Clone),5,10,1.58,1.45,0,0,False,2,0,0
2026-03-06_19.09.59,110,sign-optimization-horizontal-vertical_scenario,622,125,3,-11,-2,90,90,15,1,63677,AdultMaleAgent(Clone),7,11,1.71,1.58,0,0,True,2,1,0.5
2026-03-06_19.09.59,110,sign-optimization-horizontal-vertical_scenario,622,125,3,-11,-2,90,90,15,1,63678,AdultFemaleAgent(Clone),10,12,1.58,1.45,0,0,False,3,0,0
2026-03-06_19.09.59,110,sign-optimization-horizontal-vertical_scenario,622,125,3,-11,-2,90,90,15,1,63679,AdultFemaleAgent(Clone),11,10,1.58,1.450001,0,0,False,3,0,0
2026-03-06_19.09.59,110,sign-optimization-horizontal-vertical_scenario,622,125,3,-11,-2,90,90,15,1,63680,AdultFemaleAgent(Clone),7,11,1.58,1.450001,0,0,True,2,1,0.5
2026-03-06_19.09.59,110,sign-optimization-horizontal-vertical_scenario,622,125,3,-11,-2,90,90,15,1,63681,AdultMaleAgent(Clone),7,11,1.71,1.58,5.067871,1,True,2,1,0.5
2026-03-06_19.09.59,110,sign-optimization-horizontal-vertical_scenario,622,125,3,-11,-2,90,90,15,1,63682,AdultMaleAgent(Clone),11,10,1.71,1.58,0,0,False,3,0,0
2026-03-06_19.09.59,110,sign-optimization-horizontal-vertical_scenario,622,125,3,-11,-2,90,90,15,1,63683,AdultFemaleAgent(Clone),5,10,1.58,1.45,0,0,False,2,0,0
2026-03-06_19.09.59,110,sign-optimization-horizontal-vertical_scenario,622,125,3,-11,-2,90,90,15,1,63684,AdultMaleAgent(Clone),5,10,1.71,1.58,0,0,False,2,0,0
2026-03-06_19.09.59,110,sign-optimization-horizontal-vertical_scenario,622,125,3,-11,-2,90,90,15,1,63685,AdultFemaleAgent(Clone),7,11,1.58,1.450001,0,0,True,2,1,0.5
2026-03-06_19.09.59,110,sign-optimization-horizontal-vertical_scenario,622,125,3,-11,-2,90,90,15,1,63686,AdultFemaleAgent(Clone),7,11,1.58,1.450001,0,0,True,2,1,0.5
2026-03-06_19.09.59,110,sign-optimization-horizontal-vertical_scenario,622,125,3,-11,-2,90,90,15,1,63687,AdultFemaleAgent(Clone),5,10,1.58,1.45,0,0,False,2,0,0
2026-03-06_19.09.59,110,sign-optimization-horizontal-vertical_scenario,622,125,3,-11,-2,90,90,15,1,63688,AdultFemaleAgent(Clone),6,12,1.58,1.45,0,0,False,2,0,0
2026-03-06_19.09.59,110,sign-optimization-horizontal-vertical_scenario,622,125,3,-11,-2,90,90,15,1,63689,AdultMaleAgent(Clone),10,12,1.71,1.58,0,0,False,3,0,0
2026-03-06_19.09.59,110,sign-optimization-horizontal-vertical_scenario,622,125,3,-11,-2,90,90,15,1,63690,AdultMaleAgent(Clone),10,12,1.71,1.58,0,0,False,3,0,0
2026-03-06_19.09.59,110,sign-optimization-horizontal-vertical_scenario,622,125,3,-11,-2,90,90,15,1,63691,WheelchairAgent(Clone),6,12,1.3,1.17,0,0,False,2,0,0
2026-03-06_19.09.59,110,sign-optimization-horizontal-vertical_scenario,622,125,3,-11,-2,90,90,15,1,63692,AdultFemaleAgent(Clone),6,12,1.58,1.45,0,0,False,2,0,0
2026-03-06_19.09.59,110,sign-optimization-horizontal-vertical_scenario,622,125,3,-11,-2,90,90,15,1,63693,AdultMaleAgent(Clone),11,10,1.71,1.58,0,0,False,3,0,0
2026-03-06_19.09.59,110,sign-optimization-horizontal-vertical_scenario,622,125,3,-11,-2,90,90,15,1,63694,AdultFemaleAgent(Clone),5,10,1.58,1.45,0,0,False,2,0,0
2026-03-06_19.09.59,110,sign-optimization-horizontal-vertical_scenario,622,125,3,-11,-2,90,90,15,1,63695,WheelchairAgent(Clone),10,12,1.3,1.17,0,0,False,3,0,0
2026-03-06_19.09.59,110,sign-optimization-horizontal-vertical_scenario,622,125,3,-11,-2,90,90,15,1,63696,AdultFemaleAgent(Clone),10,12,1.58,1.45,0,0,False,3,0,0
2026-03-06_19.09.59,110,sign-optimization-horizontal-vertical_scenario,622,125,3,-11,-2,90,90,15,1,63697,AdultMaleAgent(Clone),7,11,1.71,1.58,0,0,True,2,1,0.5
2026-03-06_19.09.59,110,sign-optimization-horizontal-vertical_scenario,622,125,3,-11,-2,90,90,15,1,63698,AdultFemaleAgent(Clone),11,10,1.58,1.450001,0,0,False,3,0,0
2026-03-06_19.09.59,110,sign-optimization-horizontal-vertical_scenario,622,125,3,-11,-2,90,90,15,1,63699,AdultMaleAgent(Clone),5,10,1.71,1.58,0,0,False,2,0,0
2026-03-06_19.09.59,110,sign-optimization-horizontal-vertical_scenario,622,125,3,-11,-2,90,90,15,1,63700,AdultMaleAgent(Clone),11,10,1.71,1.58,0,0,False,3,0,0
2026-03-06_19.09.59,110,sign-optimization-horizontal-vertical_scenario,622,125,3,-11,-2,90,90,15,1,63701,WheelchairAgent(Clone),6,12,1.3,1.17,0,0,False,2,0,0
2026-03-06_19.09.59,110,sign-optimization-horizontal-vertical_scenario,622,125,3,-11,-2,90,90,15,1,63702,AdultFemaleAgent(Clone),10,12,1.58,1.45,0,0,False,3,0,0
2026-03-06_19.09.59,110,sign-optimization-horizontal-vertical_scenario,622,125,3,-11,-2,90,90,15,1,63703,WheelchairAgent(Clone),11,10,1.3,1.17,0,0,False,3,0,0
2026-03-06_19.09.59,110,sign-optimization-horizontal-vertical_scenario,622,125,3,-11,-2,90,90,15,1,63704,AdultMaleAgent(Clone),6,12,1.71,1.58,0,0,False,2,0,0
2026-03-06_19.09.59,110,sign-optimization-horizontal-vertical_scenario,622,125,3,-11,-2,90,90,15,1,63705,AdultMaleAgent(Clone),7,11,1.71,1.58,0,0,False,2,0,0
2026-03-06_19.09.59,110,sign-optimization-horizontal-vertical_scenario,622,125,3,-11,-2,90,90,15,1,63706,WheelchairAgent(Clone),6,12,1.3,1.17,0,0,False,2,0,0
2026-03-06_19.09.59,110,sign-optimization-horizontal-vertical_scenario,622,125,3,-11,-2,90,90,15,1,63707,AdultFemaleAgent(Clone),10,12,1.58,1.45,0,0,False,3,0,0
2026-03-06_19.09.59,110,sign-optimization-horizontal-vertical_scenario,622,125,3,-11,-2,90,90,15,1,63708,AdultFemaleAgent(Clone),11,10,1.58,1.450001,0,0,False,3,0,0
2026-03-06_19.09.59,110,sign-optimization-horizontal-vertical_scenario,622,125,3,-11,-2,90,90,15,1,63709,WheelchairAgent(Clone),6,12,1.3,1.17,0,0,False,2,0,0
2026-03-06_19.09.59,110,sign-optimization-horizontal-vertical_scenario,622,125,3,-11,-2,90,90,15,1,63710,WheelchairAgent(Clone),5,10,1.3,1.17,0,0,False,2,0,0
2026-03-06_19.09.59,110,sign-optimization-horizontal-vertical_scenario,622,125,3,-11,-2,90,90,15,1,63711,WheelchairAgent(Clone),5,10,1.3,1.17,0,0,False,2,0,0
2026-03-06_19.09.59,110,sign-optimization-horizontal-vertical_scenario,622,125,3,-11,-2,90,90,15,1,63712,AdultMaleAgent(Clone),11,10,1.71,1.58,0,0,False,3,0,0
2026-03-06_19.09.59,110,sign-optimization-horizontal-vertical_scenario,622,125,3,-11,-2,90,90,15,1,63713,WheelchairAgent(Clone),5,10,1.3,1.17,0,0,False,2,0,0
2026-03-06_19.09.59,110,sign-optimization-horizontal-vertical_scenario,622,125,3,-11,-2,90,90,15,1,63714,AdultFemaleAgent(Clone),7,11,1.58,1.450001,0,0,False,2,0,0
2026-03-06_19.09.59,110,sign-optimization-horizontal-vertical_scenario,622,125,3,-11,-2,90,90,15,1,63715,WheelchairAgent(Clone),11,10,1.3,1.17,0,0,False,3,0,0
2026-03-06_19.09.59,110,sign-optimization-horizontal-vertical_scenario,622,125,3,-11,-2,90,90,15,1,63716,WheelchairAgent(Clone),5,10,1.3,1.17,0,0,False,2,0,0
2026-03-06_19.09.59,110,sign-optimization-horizontal-vertical_scenario,622,125,3,-11,-2,90,90,15,1,63717,AdultMaleAgent(Clone),11,10,1.71,1.58,0,0,False,3,0,0
2026-03-06_19.09.59,110,sign-optimization-horizontal-vertical_scenario,622,125,3,-11,-2,90,90,15,1,63718,WheelchairAgent(Clone),6,12,1.3,1.17,0,0,False,2,0,0
2026-03-06_19.09.59,110,sign-optimization-horizontal-vertical_scenario,622,125,3,-11,-2,90,90,15,1,63719,WheelchairAgent(Clone),11,10,1.3,1.17,0,0,False,3,0,0
2026-03-06_19.09.59,110,sign-optimization-horizontal-vertical_scenario,622,125,3,-11,-2,90,90,15,1,63720,AdultFemaleAgent(Clone),6,12,1.58,1.45,0,0,False,2,0,0
2026-03-06_19.09.59,110,sign-optimization-horizontal-vertical_scenario,622,125,3,-11,-2,90,90,15,1,63721,AdultMaleAgent(Clone),11,10,1.71,1.58,0,0,False,3,0,0
2026-03-06_19.09.59,110,sign-optimization-horizontal-vertical_scenario,622,125,3,-11,-2,90,90,15,1,63722,WheelchairAgent(Clone),6,12,1.3,1.17,0,0,False,2,0,0
2026-03-06_19.09.59,110,sign-optimization-horizontal-vertical_scenario,622,125,3,-11,-2,90,90,15,1,63723,AdultMaleAgent(Clone),5,10,1.71,1.58,0,0,False,2,0,0
2026-03-06_19.09.59,110,sign-optimization-horizontal-vertical_scenario,622,125,3,-11,-2,90,90,15,1,63724,AdultFemaleAgent(Clone),10,12,1.58,1.45,0,0,False,3,0,0
2026-03-06_19.09.59,110,sign-optimization-horizontal-vertical_scenario,622,125,3,-11,-2,90,90,15,1,63725,AdultMaleAgent(Clone),11,10,1.71,1.58,0,0,False,3,0,0
2026-03-06_19.09.59,110,sign-optimization-horizontal-vertical_scenario,622,125,3,-11,-2,90,90,15,1,63726,AdultMaleAgent(Clone),5,10,1.71,1.58,0,0,False,2,0,0
2026-03-06_19.09.59,110,sign-optimization-horizontal-vertical_scenario,622,125,3,-11,-2,90,90,15,1,63727,AdultMaleAgent(Clone),11,10,1.71,1.58,0,0,False,3,0,0
2026-03-06_19.09.59,110,sign-optimization-horizontal-vertical_scenario,622,125,3,-11,-2,90,90,15,1,63728,AdultFemaleAgent(Clone),6,12,1.58,1.45,0,0,False,2,0,0
2026-03-06_19.09.59,110,sign-optimization-horizontal-vertical_scenario,622,125,3,-11,-2,90,90,15,1,63729,AdultMaleAgent(Clone),11,10,1.71,1.58,0,0,False,3,0,0
2026-03-06_19.09.59,110,sign-optimization-horizontal-vertical_scenario,622,125,3,-11,-2,90,90,15,1,63730,WheelchairAgent(Clone),6,12,1.3,1.17,0,0,False,2,0,0
2026-03-06_19.09.59,110,sign-optimization-horizontal-vertical_scenario,622,125,3,-11,-2,90,90,15,1,63731,AdultFemaleAgent(Clone),10,12,1.58,1.45,0,0,False,3,0,0
2026-03-06_19.09.59,110,sign-optimization-horizontal-vertical_scenario,622,125,3,-11,-2,90,90,15,1,63732,AdultMaleAgent(Clone),10,12,1.71,1.58,0,0,False,3,0,0
2026-03-06_19.09.59,110,sign-optimization-horizontal-vertical_scenario,622,125,3,-11,-2,90,90,15,1,63733,AdultFemaleAgent(Clone),5,10,1.58,1.45,0,0,False,2,0,0
2026-03-06_19.09.59,110,sign-optimization-horizontal-vertical_scenario,622,125,3,-11,-2,90,90,15,1,63734,WheelchairAgent(Clone),7,11,1.3,1.17,0,0,False,2,0,0
2026-03-06_19.09.59,110,sign-optimization-horizontal-vertical_scenario,622,125,3,-11,-2,90,90,15,1,63735,WheelchairAgent(Clone),5,10,1.3,1.17,0,0,False,2,0,0
2026-03-06_19.09.59,110,sign-optimization-horizontal-vertical_scenario,622,125,3,-11,-2,90,90,15,1,63736,AdultFemaleAgent(Clone),11,10,1.58,1.450001,0,0,False,3,0,0
2026-03-06_19.09.59,110,sign-optimization-horizontal-vertical_scenario,622,125,3,-11,-2,90,90,15,1,63737,AdultFemaleAgent(Clone),11,10,1.58,1.450001,0,0,False,3,0,0
2026-03-06_19.09.59,110,sign-optimization-horizontal-vertical_scenario,622,125,3,-11,-2,90,90,15,1,63738,AdultFemaleAgent(Clone),11,10,1.58,1.450001,0,0,False,3,0,0
2026-03-06_19.09.59,110,sign-optimization-horizontal-vertical_scenario,622,125,3,-11,-2,90,90,15,1,63739,AdultFemaleAgent(Clone),10,12,1.58,1.45,0,0,False,3,0,0
2026-03-06_19.09.59,110,sign-optimization-horizontal-vertical_scenario,622,125,3,-11,-2,90,90,15,1,63740,AdultMaleAgent(Clone),6,12,1.71,1.58,0,0,False,2,0,0
2026-03-06_19.09.59,110,sign-optimization-horizontal-vertical_scenario,622,125,3,-11,-2,90,90,15,1,63741,AdultFemaleAgent(Clone),10,12,1.58,1.45,0,0,False,3,0,0
2026-03-06_19.09.59,110,sign-optimization-horizontal-vertical_scenario,622,125,3,-11,-2,90,90,15,1,63742,AdultMaleAgent(Clone),5,10,1.71,1.58,0,0,False,2,0,0
2026-03-06_19.09.59,110,sign-optimization-horizontal-vertical_scenario,622,125,3,-11,-2,90,90,15,1,63743,AdultMaleAgent(Clone),6,12,1.71,1.58,0,0,False,2,0,0
2026-03-06_19.09.59,110,sign-optimization-horizontal-vertical_scenario,622,125,3,-11,-2,90,90,15,1,63744,AdultFemaleAgent(Clone),6,12,1.58,1.45,0,0,False,2,0,0
2026-03-06_19.09.59,110,sign-optimization-horizontal-vertical_scenario,622,125,3,-11,-2,90,90,15,1,63745,WheelchairAgent(Clone),7,11,1.3,1.17,0,0,False,2,0,0
2026-03-06_19.09.59,110,sign-optimization-horizontal-vertical_scenario,622,125,3,-11,-2,90,90,15,1,63746,WheelchairAgent(Clone),5,10,1.3,1.17,0,0,False,2,0,0
2026-03-06_19.09.59,110,sign-optimization-horizontal-vertical_scenario,622,125,3,-11,-2,90,90,15,1,63747,WheelchairAgent(Clone),7,11,1.3,1.17,0,0,False,2,0,0
2026-03-06_19.09.59,110,sign-optimization-horizontal-vertical_scenario,622,125,3,-11,-2,90,90,15,1,63748,AdultMaleAgent(Clone),7,11,1.71,1.58,0,0,False,2,0,0
2026-03-06_19.09.59,110,sign-optimization-horizontal-vertical_scenario,622,125,3,-11,-2,90,90,15,1,63749,AdultMaleAgent(Clone),10,12,1.71,1.58,0,0,False,3,0,0
2026-03-06_19.09.59,110,sign-optimization-horizontal-vertical_scenario,622,125,3,-11,-2,90,90,15,1,63750,WheelchairAgent(Clone),7,11,1.3,1.17,0,0,False,2,0,0
2026-03-06_19.09.59,110,sign-optimization-horizontal-vertical_scenario,622,125,3,-11,-2,90,90,15,1,63751,WheelchairAgent(Clone),5,10,1.3,1.17,0,0,False,2,0,0
2026-03-06_19.09.59,110,sign-optimization-horizontal-vertical_scenario,622,125,3,-11,-2,90,90,15,1,63752,AdultMaleAgent(Clone),10,12,1.71,1.58,0,0,False,3,0,0
2026-03-06_19.09.59,110,sign-optimization-horizontal-vertical_scenario,622,125,3,-11,-2,90,90,15,1,63753,AdultMaleAgent(Clone),6,12,1.71,1.58,0,0,False,2,0,0
2026-03-06_19.09.59,110,sign-optimization-horizontal-vertical_scenario,622,125,3,-11,-2,90,90,15,1,63754,WheelchairAgent(Clone),11,10,1.3,1.17,0,0,False,3,0,0
2026-03-06_19.09.59,110,sign-optimization-horizontal-vertical_scenario,622,125,3,-11,-2,90,90,15,1,63755,AdultFemaleAgent(Clone),11,10,1.58,1.450001,0,0,False,3,0,0
2026-03-06_19.09.59,110,sign-optimization-horizontal-vertical_scenario,622,125,3,-11,-2,90,90,15,1,63756,WheelchairAgent(Clone),7,11,1.3,1.17,0,0,False,2,0,0
2026-03-06_19.09.59,110,sign-optimization-horizontal-vertical_scenario,622,125,3,-11,-2,90,90,15,1,63757,AdultFemaleAgent(Clone),7,11,1.58,1.450001,0,0,False,2,0,0
2026-03-06_19.09.59,110,sign-optimization-horizontal-vertical_scenario,622,125,3,-11,-2,90,90,15,1,63758,WheelchairAgent(Clone),6,12,1.3,1.17,0,0,False,2,0,0
2026-03-06_19.09.59,110,sign-optimization-horizontal-vertical_scenario,622,125,3,-11,-2,90,90,15,1,63759,AdultMaleAgent(Clone),5,10,1.71,1.58,0,0,False,2,0,0
2026-03-06_19.09.59,110,sign-optimization-horizontal-vertical_scenario,622,125,3,-11,-2,90,90,15,1,63760,WheelchairAgent(Clone),7,11,1.3,1.17,0,0,False,2,0,0
2026-03-06_19.09.59,110,sign-optimization-horizontal-vertical_scenario,622,125,3,-11,-2,90,90,15,1,63761,AdultMaleAgent(Clone),5,10,1.71,1.58,0,0,False,2,0,0
2026-03-06_19.09.59,110,sign-optimization-horizontal-vertical_scenario,622,125,3,-11,-2,90,90,15,1,63762,AdultFemaleAgent(Clone),5,10,1.58,1.45,0,0,False,2,0,0
