Timestamp,RunIndex,ScenarioID,TotalAgents,VisibleSignCount,SignHeight,SignPositionX,SignPositionZ,SignOrientation,VcaAngle,VcaDistance,SignComprehensionTime,AgentID,AgentType,StartNode,GoalNode,Height,EyeHeight,TimeInVCA,TimesInVCA,SawSign,TotalNodesNavigated,NodesWithDetection,RDEffective
2026-03-07_02.29.51,239,sign-optimization-horizontal-vertical_scenario,633,306,3,-8,5,0,90,15,1,138133,AdultFemaleAgent(Clone),11,10,1.58,1.450001,3.942383,1,False,3,0,0
2026-03-07_02.29.51,239,sign-optimization-horizontal-vertical_scenario,633,306,3,-8,5,0,90,15,1,138134,AdultFemaleAgent(Clone),10,12,1.58,1.45,7.415039,1,True,3,1,0.3333333
2026-03-07_02.29.51,239,sign-optimization-horizontal-vertical_scenario,633,306,3,-8,5,0,90,15,1,138135,AdultMaleAgent(Clone),11,10,1.71,1.58,4.117188,1,False,3,0,0
2026-03-07_02.29.51,239,sign-optimization-horizontal-vertical_scenario,633,306,3,-8,5,0,90,15,1,138136,AdultMaleAgent(Clone),7,11,1.71,1.58,16.77637,1,True,2,1,0.5
2026-03-07_02.29.51,239,sign-optimization-horizontal-vertical_scenario,633,306,3,-8,5,0,90,15,1,138137,AdultFemaleAgent(Clone),10,12,1.58,1.45,5.103516,1,True,3,1,0.3333333
2026-03-07_02.29.51,239,sign-optimization-horizontal-vertical_scenario,633,306,3,-8,5,0,90,15,1,138138,AdultFemaleAgent(Clone),7,11,1.58,1.450001,7.874023,1,False,2,0,0
2026-03-07_02.29.51,239,sign-optimization-horizontal-vertical_scenario,633,306,3,-8,5,0,90,15,1,138139,WheelchairAgent(Clone),5,10,1.3,1.17,9.751953,2,True,2,1,0.5
2026-03-07_02.29.51,239,sign-optimization-horizontal-vertical_scenario,633,306,3,-8,5,0,90,15,1,138140,AdultFemaleAgent(Clone),11,10,1.58,1.450001,3.984375,1,False,3,0,0
2026-03-07_02.29.51,239,sign-optimization-horizontal-vertical_scenario,633,306,3,-8,5,0,90,15,1,138141,AdultFemaleAgent(Clone),10,12,1.58,1.45,4.658203,1,True,3,1,0.3333333
2026-03-07_02.29.51,239,sign-optimization-horizontal-vertical_scenario,633,306,3,-8,5,0,90,15,1,138142,AdultMaleAgent(Clone),6,12,1.71,1.58,0.09960938,2,True,2,1,0.5
2026-03-07_02.29.51,239,sign-optimization-horizontal-vertical_scenario,633,306,3,-8,5,0,90,15,1,138143,WheelchairAgent(Clone),7,11,1.3,1.17,8.986328,1,False,2,0,0
2026-03-07_02.29.51,239,sign-optimization-horizontal-vertical_scenario,633,306,3,-8,5,0,90,15,1,138144,AdultFemaleAgent(Clone),10,12,1.58,1.45,4.775391,1,True,3,1,0.3333333
2026-03-07_02.29.51,239,sign-optimization-horizontal-vertical_scenario,633,306,3,-8,5,0,90,15,1,138145,AdultMaleAgent(Clone),6,12,1.71,1.58,0.9306641,2,True,2,1,0.5
2026-03-07_02.29.51,239,sign-optimization-horizontal-vertical_scenario,633,306,3,-8,5,0,90,15,1,138146,AdultMaleAgent(Clone),11,10,1.71,1.58,4.144531,1,False,3,0,0
2026-03-07_02.29.51,239,sign-optimization-horizontal-vertical_scenario,633,306,3,-8,5,0,90,15,1,138147,WheelchairAgent(Clone),11,10,1.3,1.17,6.511719,1,False,3,0,0
2026-03-07_02.29.51,239,sign-optimization-horizontal-vertical_scenario,633,306,3,-8,5,0,90,15,1,138148,WheelchairAgent(Clone),11,10,1.3,1.17,4.299805,1,False,3,0,0
2026-03-07_02.29.51,239,sign-optimization-horizontal-vertical_scenario,633,306,3,-8,5,0,90,15,1,138149,AdultMaleAgent(Clone),6,12,1.71,1.58,4.117188,2,True,2,1,0.5
2026-03-07_02.29.51,239,sign-optimization-horizontal-vertical_scenario,633,306,3,-8,5,0,90,15,1,138150,AdultFemaleAgent(Clone),7,11,1.58,1.450001,14.58496,1,True,2,1,0.5
2026-03-07_02.29.51,239,sign-optimization-horizontal-vertical_scenario,633,306,3,-8,5,0,90,15,1,138151,AdultMaleAgent(Clone),6,12,1.71,1.58,0.06054688,2,True,2,1,0.5
2026-03-07_02.29.51,239,sign-optimization-horizontal-vertical_scenario,633,306,3,-8,5,0,90,15,1,138152,AdultMaleAgent(Clone),6,12,1.71,1.58,1.786133,2,True,2,1,0.5
2026-03-07_02.29.51,239,sign-optimization-horizontal-vertical_scenario,633,306,3,-8,5,0,90,15,1,138153,AdultMaleAgent(Clone),5,10,1.71,1.58,8.626953,2,True,2,1,0.5
2026-03-07_02.29.51,239,sign-optimization-horizontal-vertical_scenario,633,306,3,-8,5,0,90,15,1,138154,AdultFemaleAgent(Clone),6,12,1.58,1.45,1.388672,2,False,2,0,0
2026-03-07_02.29.51,239,sign-optimization-horizontal-vertical_scenario,633,306,3,-8,5,0,90,15,1,138155,WheelchairAgent(Clone),11,10,1.3,1.17,4.349609,1,False,3,0,0
2026-03-07_02.29.51,239,sign-optimization-horizontal-vertical_scenario,633,306,3,-8,5,0,90,15,1,138156,AdultMaleAgent(Clone),10,12,1.71,1.58,4.873047,1,True,3,1,0.3333333
2026-03-07_02.29.51,239,sign-optimization-horizontal-vertical_scenario,633,306,3,-8,5,0,90,15,1,138157,AdultFemaleAgent(Clone),7,11,1.58,1.450001,16.50098,1,True,2,1,0.5
2026-03-07_02.29.51,239,sign-optimization-horizontal-vertical_scenario,633,306,3,-8,5,0,90,15,1,138158,WheelchairAgent(Clone),11,10,1.3,1.17,3.126953,1,False,3,0,0
2026-03-07_02.29.51,239,sign-optimization-horizontal-vertical_scenario,633,306,3,-8,5,0,90,15,1,138159,WheelchairAgent(Clone),10,12,1.3,1.17,6.293945,1,True,3,1,0.3333333
2026-03-07_02.29.51,239,sign-optimization-horizontal-vertical_scenario,633,306,3,-8,5,0,90,15,1,138160,AdultMaleAgent(Clone),7,11,1.71,1.58,14.46289,1,True,2,1,0.5
2026-03-07_02.29.51,239,sign-optimization-horizontal-vertical_scenario,633,306,3,-8,5,0,90,15,1,138161,AdultMaleAgent(Clone),5,10,1.71,1.58,8.450195,2,True,2,1,0.5
2026-03-07_02.29.51,239,sign-optimization-horizontal-vertical_scenario,633,306,3,-8,5,0,90,15,1,138162,AdultFemaleAgent(Clone),10,12,1.58,1.45,5.561523,1,True,3,1,0.3333333
2026-03-07_02.29.51,239,sign-optimization-horizontal-vertical_scenario,633,306,3,-8,5,0,90,15,1,138163,WheelchairAgent(Clone),7,11,1.3,1.17,10.82129,1,False,2,1,0.5
2026-03-07_02.29.51,239,sign-optimization-horizontal-vertical_scenario,633,306,3,-8,5,0,90,15,1,138164,AdultFemaleAgent(Clone),10,12,1.58,1.45,3.711914,1,True,3,1,0.3333333
2026-03-07_02.29.51,239,sign-optimization-horizontal-vertical_scenario,633,306,3,-8,5,0,90,15,1,138165,AdultFemaleAgent(Clone),10,12,1.58,1.45,4.612305,1,True,3,1,0.3333333
2026-03-07_02.29.51,239,sign-optimization-horizontal-vertical_scenario,633,306,3,-8,5,0,90,15,1,138166,AdultMaleAgent(Clone),10,12,1.71,1.58,4.783203,1,True,3,1,0.3333333
2026-03-07_02.29.51,239,sign-optimization-horizontal-vertical_scenario,633,306,3,-8,5,0,90,15,1,138167,AdultFemaleAgent(Clone),10,12,1.58,1.45,5.459961,1,True,3,1,0.3333333
2026-03-07_02.29.51,239,sign-optimization-horizontal-vertical_scenario,633,306,3,-8,5,0,90,15,1,138168,AdultMaleAgent(Clone),7,11,1.71,1.58,11.05371,1,False,2,1,0.5
2026-03-07_02.29.51,239,sign-optimization-horizontal-vertical_scenario,633,306,3,-8,5,0,90,15,1,138169,AdultMaleAgent(Clone),7,11,1.71,1.58,15.5918,1,True,2,1,0.5
2026-03-07_02.29.51,239,sign-optimization-horizontal-vertical_scenario,633,306,3,-8,5,0,90,15,1,138170,AdultFemaleAgent(Clone),5,10,1.58,1.45,8.636719,2,True,2,1,0.5
2026-03-07_02.29.51,239,sign-optimization-horizontal-vertical_scenario,633,306,3,-8,5,0,90,15,1,138171,AdultFemaleAgent(Clone),5,10,1.58,1.45,8.732422,2,True,2,1,0.5
2026-03-07_02.29.51,239,sign-optimization-horizontal-vertical_scenario,633,306,3,-8,5,0,90,15,1,138172,WheelchairAgent(Clone),7,11,1.3,1.17,11.0459,1,False,2,0,0
2026-03-07_02.29.51,239,sign-optimization-horizontal-vertical_scenario,633,306,3,-8,5,0,90,15,1,138173,WheelchairAgent(Clone),6,12,1.3,1.17,1.068359,1,False,2,1,0.5
2026-03-07_02.29.51,239,sign-optimization-horizontal-vertical_scenario,633,306,3,-8,5,0,90,15,1,138174,AdultFemaleAgent(Clone),6,12,1.58,1.45,2.167969,2,True,2,1,0.5
2026-03-07_02.29.51,239,sign-optimization-horizontal-vertical_scenario,633,306,3,-8,5,0,90,15,1,138175,AdultMaleAgent(Clone),7,11,1.71,1.58,11.51172,1,False,2,0,0
2026-03-07_02.29.51,239,sign-optimization-horizontal-vertical_scenario,633,306,3,-8,5,0,90,15,1,138176,AdultFemaleAgent(Clone),5,10,1.58,1.45,7.19043,2,True,2,1,0.5
2026-03-07_02.29.51,239,sign-optimization-horizontal-vertical_scenario,633,306,3,-8,5,0,90,15,1,138177,AdultFemaleAgent(Clone),11,10,1.58,1.450001,4.419922,1,False,3,0,0
2026-03-07_02.29.51,239,sign-optimization-horizontal-vertical_scenario,633,306,3,-8,5,0,90,15,1,138178,AdultMaleAgent(Clone),6,12,1.71,1.58,7.771484,2,True,2,1,0.5
2026-03-07_02.29.51,239,sign-optimization-horizontal-vertical_scenario,633,306,3,-8,5,0,90,15,1,138179,WheelchairAgent(Clone),6,12,1.3,1.17,1.94043,1,False,2,0,0
2026-03-07_02.29.51,239,sign-optimization-horizontal-vertical_scenario,633,306,3,-8,5,0,90,15,1,138180,WheelchairAgent(Clone),10,12,1.3,1.17,5.841797,1,True,3,1,0.3333333
2026-03-07_02.29.51,239,sign-optimization-horizontal-vertical_scenario,633,306,3,-8,5,0,90,15,1,138181,AdultMaleAgent(Clone),11,10,1.71,1.58,4.000977,1,False,3,0,0
2026-03-07_02.29.51,239,sign-optimization-horizontal-vertical_scenario,633,306,3,-8,5,0,90,15,1,138182,AdultFemaleAgent(Clone),6,12,1.58,1.45,0.7265625,2,True,2,1,0.5
2026-03-07_02.29.51,239,sign-optimization-horizontal-vertical_scenario,633,306,3,-8,5,0,90,15,1,138183,AdultFemaleAgent(Clone),5,10,1.58,1.45,8.611328,2,True,2,1,0.5
2026-03-07_02.29.51,239,sign-optimization-horizontal-vertical_scenario,633,306,3,-8,5,0,90,15,1,138184,AdultFemaleAgent(Clone),7,11,1.58,1.450001,12.07324,1,False,2,0,0
2026-03-07_02.29.51,239,sign-optimization-horizontal-vertical_scenario,633,306,3,-8,5,0,90,15,1,138185,AdultFemaleAgent(Clone),6,12,1.58,1.45,2.875977,2,True,2,1,0.5
2026-03-07_02.29.51,239,sign-optimization-horizontal-vertical_scenario,633,306,3,-8,5,0,90,15,1,138186,AdultFemaleAgent(Clone),10,12,1.58,1.45,5.524414,1,True,3,1,0.3333333
2026-03-07_02.29.51,239,sign-optimization-horizontal-vertical_scenario,633,306,3,-8,5,0,90,15,1,138187,AdultFemaleAgent(Clone),6,12,1.58,1.45,1.106445,2,True,2,1,0.5
2026-03-07_02.29.51,239,sign-optimization-horizontal-vertical_scenario,633,306,3,-8,5,0,90,15,1,138188,AdultFemaleAgent(Clone),6,12,1.58,1.45,0.09863281,1,False,2,1,0.5
2026-03-07_02.29.51,239,sign-optimization-horizontal-vertical_scenario,633,306,3,-8,5,0,90,15,1,138189,AdultFemaleAgent(Clone),6,12,1.58,1.45,0.2871094,1,False,2,1,0.5
2026-03-07_02.29.51,239,sign-optimization-horizontal-vertical_scenario,633,306,3,-8,5,0,90,15,1,138190,WheelchairAgent(Clone),6,12,1.3,1.17,1.313477,2,False,2,1,0.5
2026-03-07_02.29.51,239,sign-optimization-horizontal-vertical_scenario,633,306,3,-8,5,0,90,15,1,138191,AdultFemaleAgent(Clone),11,10,1.58,1.450001,3.155273,1,False,3,0,0
2026-03-07_02.29.51,239,sign-optimization-horizontal-vertical_scenario,633,306,3,-8,5,0,90,15,1,138192,AdultFemaleAgent(Clone),6,12,1.58,1.45,3.645508,2,True,2,1,0.5
2026-03-07_02.29.51,239,sign-optimization-horizontal-vertical_scenario,633,306,3,-8,5,0,90,15,1,138193,WheelchairAgent(Clone),7,11,1.3,1.17,11.41504,1,False,2,1,0.5
2026-03-07_02.29.51,239,sign-optimization-horizontal-vertical_scenario,633,306,3,-8,5,0,90,15,1,138194,AdultFemaleAgent(Clone),6,12,1.58,1.45,3.460938,2,False,2,1,0.5
2026-03-07_02.29.51,239,sign-optimization-horizontal-vertical_scenario,633,306,3,-8,5,0,90,15,1,138195,WheelchairAgent(Clone),11,10,1.3,1.17,3.441406,1,False,3,0,0
2026-03-07_02.29.51,239,sign-optimization-horizontal-vertical_scenario,633,306,3,-8,5,0,90,15,1,138196,WheelchairAgent(Clone),6,12,1.3,1.17,0.7880859,2,False,2,1,0.5
2026-03-07_02.29.51,239,sign-optimization-horizontal-vertical_scenario,633,306,3,-8,5,0,90,15,1,138197,AdultFemaleAgent(Clone),11,10,1.58,1.450001,4.390625,1,False,3,0,0
2026-03-07_02.29.51,239,sign-optimization-horizontal-vertical_scenario,633,306,3,-8,5,0,90,15,1,138198,AdultFemaleAgent(Clone),7,11,1.58,1.450001,15.54297,1,True,2,1,0.5
2026-03-07_02.29.51,239,sign-optimization-horizontal-vertical_scenario,633,306,3,-8,5,0,90,15,1,138199,AdultFemaleAgent(Clone),10,12,1.58,1.45,6.822266,1,True,3,1,0.3333333
2026-03-07_02.29.51,239,sign-optimization-horizontal-vertical_scenario,633,306,3,-8,5,0,90,15,1,138200,WheelchairAgent(Clone),7,11,1.3,1.17,11.96582,1,False,2,1,0.5
2026-03-07_02.29.51,239,sign-optimization-horizontal-vertical_scenario,633,306,3,-8,5,0,90,15,1,138201,WheelchairAgent(Clone),11,10,1.3,1.17,4.665039,1,False,3,0,0
2026-03-07_02.29.51,239,sign-optimization-horizontal-vertical_scenario,633,306,3,-8,5,0,90,15,1,138202,AdultMaleAgent(Clone),11,10,1.71,1.58,3.298828,1,False,3,0,0
2026-03-07_02.29.51,239,sign-optimization-horizontal-vertical_scenario,633,306,3,-8,5,0,90,15,1,138203,AdultFemaleAgent(Clone),11,10,1.58,1.450001,4.207031,1,False,3,0,0
2026-03-07_02.29.51,239,sign-optimization-horizontal-vertical_scenario,633,306,3,-8,5,0,90,15,1,138204,AdultFemaleAgent(Clone),5,10,1.58,1.45,7.597656,2,True,2,1,0.5
2026-03-07_02.29.51,239,sign-optimization-horizontal-vertical_scenario,633,306,3,-8,5,0,90,15,1,138205,WheelchairAgent(Clone),11,10,1.3,1.17,4.745117,1,False,3,0,0
2026-03-07_02.29.51,239,sign-optimization-horizontal-vertical_scenario,633,306,3,-8,5,0,90,15,1,138206,WheelchairAgent(Clone),5,10,1.3,1.17,8.146484,2,True,2,1,0.5
2026-03-07_02.29.51,239,sign-optimization-horizontal-vertical_scenario,633,306,3,-8,5,0,90,15,1,138207,AdultFemaleAgent(Clone),11,10,1.58,1.450001,5.150391,1,False,3,0,0
2026-03-07_02.29.51,239,sign-optimization-horizontal-vertical_scenario,633,306,3,-8,5,0,90,15,1,138208,AdultMaleAgent(Clone),6,12,1.71,1.58,0.4541016,2,True,2,1,0.5
2026-03-07_02.29.51,239,sign-optimization-horizontal-vertical_scenario,633,306,3,-8,5,0,90,15,1,138209,WheelchairAgent(Clone),11,10,1.3,1.17,5.563477,1,False,3,0,0
2026-03-07_02.29.51,239,sign-optimization-horizontal-vertical_scenario,633,306,3,-8,5,0,90,15,1,138210,AdultFemaleAgent(Clone),10,12,1.58,1.45,5.677734,1,True,3,1,0.3333333
2026-03-07_02.29.51,239,sign-optimization-horizontal-vertical_scenario,633,306,3,-8,5,0,90,15,1,138211,WheelchairAgent(Clone),7,11,1.3,1.17,8.917969,1,False,2,0,0
2026-03-07_02.29.51,239,sign-optimization-horizontal-vertical_scenario,633,306,3,-8,5,0,90,15,1,138212,AdultFemaleAgent(Clone),5,10,1.58,1.45,8.626953,2,True,2,1,0.5
2026-03-07_02.29.51,239,sign-optimization-horizontal-vertical_scenario,633,306,3,-8,5,0,90,15,1,138213,WheelchairAgent(Clone),6,12,1.3,1.17,0,0,False,2,0,0
2026-03-07_02.29.51,239,sign-optimization-horizontal-vertical_scenario,633,306,3,-8,5,0,90,15,1,138214,WheelchairAgent(Clone),6,12,1.3,1.17,1.855469,2,True,2,1,0.5
2026-03-07_02.29.51,239,sign-optimization-horizontal-vertical_scenario,633,306,3,-8,5,0,90,15,1,138215,WheelchairAgent(Clone),6,12,1.3,1.17,0,0,False,2,0,0
2026-03-07_02.29.51,239,sign-optimization-horizontal-vertical_scenario,633,306,3,-8,5,0,90,15,1,138216,AdultMaleAgent(Clone),7,11,1.71,1.58,10.90137,1,False,2,1,0.5
2026-03-07_02.29.51,239,sign-optimization-horizontal-vertical_scenario,633,306,3,-8,5,0,90,15,1,138217,AdultMaleAgent(Clone),10,12,1.71,1.58,6.084961,1,True,3,1,0.3333333
2026-03-07_02.29.51,239,sign-optimization-horizontal-vertical_scenario,633,306,3,-8,5,0,90,15,1,138218,AdultMaleAgent(Clone),10,12,1.71,1.58,4.964844,1,True,3,1,0.3333333
2026-03-07_02.29.51,239,sign-optimization-horizontal-vertical_scenario,633,306,3,-8,5,0,90,15,1,138219,AdultFemaleAgent(Clone),6,12,1.58,1.45,2.402344,2,True,2,1,0.5
2026-03-07_02.29.51,239,sign-optimization-horizontal-vertical_scenario,633,306,3,-8,5,0,90,15,1,138220,AdultFemaleAgent(Clone),5,10,1.58,1.45,8.587891,2,True,2,1,0.5
2026-03-07_02.29.51,239,sign-optimization-horizontal-vertical_scenario,633,306,3,-8,5,0,90,15,1,138221,WheelchairAgent(Clone),7,11,1.3,1.17,12.62988,1,False,2,0,0
2026-03-07_02.29.51,239,sign-optimization-horizontal-vertical_scenario,633,306,3,-8,5,0,90,15,1,138222,AdultFemaleAgent(Clone),11,10,1.58,1.450001,3.469727,1,False,3,0,0
2026-03-07_02.29.51,239,sign-optimization-horizontal-vertical_scenario,633,306,3,-8,5,0,90,15,1,138223,AdultFemaleAgent(Clone),6,12,1.58,1.45,1.214844,2,False,2,0,0
2026-03-07_02.29.51,239,sign-optimization-horizontal-vertical_scenario,633,306,3,-8,5,0,90,15,1,138224,AdultFemaleAgent(Clone),7,11,1.58,1.450001,10.75293,1,False,2,0,0
2026-03-07_02.29.51,239,sign-optimization-horizontal-vertical_scenario,633,306,3,-8,5,0,90,15,1,138225,AdultMaleAgent(Clone),6,12,1.71,1.58,0,0,False,2,0,0
2026-03-07_02.29.51,239,sign-optimization-horizontal-vertical_scenario,633,306,3,-8,5,0,90,15,1,138226,AdultFemaleAgent(Clone),5,10,1.58,1.45,7.643555,2,True,2,1,0.5
2026-03-07_02.29.51,239,sign-optimization-horizontal-vertical_scenario,633,306,3,-8,5,0,90,15,1,138227,AdultMaleAgent(Clone),7,11,1.71,1.58,14.00391,1,True,2,1,0.5
2026-03-07_02.29.51,239,sign-optimization-horizontal-vertical_scenario,633,306,3,-8,5,0,90,15,1,138228,AdultFemaleAgent(Clone),7,11,1.58,1.450001,14.10742,1,True,2,1,0.5
2026-03-07_02.29.51,239,sign-optimization-horizontal-vertical_scenario,633,306,3,-8,5,0,90,15,1,138229,WheelchairAgent(Clone),7,11,1.3,1.17,13.74609,1,True,2,1,0.5
2026-03-07_02.29.51,239,sign-optimization-horizontal-vertical_scenario,633,306,3,-8,5,0,90,15,1,138230,WheelchairAgent(Clone),10,12,1.3,1.17,4.255859,1,True,3,1,0.3333333
2026-03-07_02.29.51,239,sign-optimization-horizontal-vertical_scenario,633,306,3,-8,5,0,90,15,1,138231,AdultMaleAgent(Clone),5,10,1.71,1.58,8.59668,2,True,2,1,0.5
2026-03-07_02.29.51,239,sign-optimization-horizontal-vertical_scenario,633,306,3,-8,5,0,90,15,1,138232,WheelchairAgent(Clone),11,10,1.3,1.17,6.102539,1,False,3,0,0
2026-03-07_02.29.51,239,sign-optimization-horizontal-vertical_scenario,633,306,3,-8,5,0,90,15,1,138233,AdultFemaleAgent(Clone),10,12,1.58,1.45,5.632813,1,True,3,1,0.3333333
2026-03-07_02.29.51,239,sign-optimization-horizontal-vertical_scenario,633,306,3,-8,5,0,90,15,1,138234,AdultMaleAgent(Clone),10,12,1.71,1.58,5.119141,1,True,3,1,0.3333333
2026-03-07_02.29.51,239,sign-optimization-horizontal-vertical_scenario,633,306,3,-8,5,0,90,15,1,138235,WheelchairAgent(Clone),11,10,1.3,1.17,4.508789,1,False,3,0,0
2026-03-07_02.29.51,239,sign-optimization-horizontal-vertical_scenario,633,306,3,-8,5,0,90,15,1,138236,AdultFemaleAgent(Clone),5,10,1.58,1.45,8.075195,2,True,2,1,0.5
2026-03-07_02.29.51,239,sign-optimization-horizontal-vertical_scenario,633,306,3,-8,5,0,90,15,1,138237,WheelchairAgent(Clone),7,11,1.3,1.17,15.30469,1,True,2,1,0.5
2026-03-07_02.29.51,239,sign-optimization-horizontal-vertical_scenario,633,306,3,-8,5,0,90,15,1,138238,AdultMaleAgent(Clone),7,11,1.71,1.58,15.3125,1,True,2,1,0.5
2026-03-07_02.29.51,239,sign-optimization-horizontal-vertical_scenario,633,306,3,-8,5,0,90,15,1,138239,WheelchairAgent(Clone),11,10,1.3,1.17,3.258789,1,False,3,0,0
2026-03-07_02.29.51,239,sign-optimization-horizontal-vertical_scenario,633,306,3,-8,5,0,90,15,1,138240,AdultMaleAgent(Clone),11,10,1.71,1.58,1.892578,1,False,3,0,0
2026-03-07_02.29.51,239,sign-optimization-horizontal-vertical_scenario,633,306,3,-8,5,0,90,15,1,138241,WheelchairAgent(Clone),10,12,1.3,1.17,6.140625,1,True,3,1,0.3333333
2026-03-07_02.29.51,239,sign-optimization-horizontal-vertical_scenario,633,306,3,-8,5,0,90,15,1,138242,AdultMaleAgent(Clone),10,12,1.71,1.58,5.764648,1,True,3,1,0.3333333
2026-03-07_02.29.51,239,sign-optimization-horizontal-vertical_scenario,633,306,3,-8,5,0,90,15,1,138243,AdultFemaleAgent(Clone),10,12,1.58,1.45,5.77832,1,True,3,1,0.3333333
2026-03-07_02.29.51,239,sign-optimization-horizontal-vertical_scenario,633,306,3,-8,5,0,90,15,1,138244,AdultMaleAgent(Clone),6,12,1.71,1.58,0,0,False,2,0,0
2026-03-07_02.29.51,239,sign-optimization-horizontal-vertical_scenario,633,306,3,-8,5,0,90,15,1,138245,AdultMaleAgent(Clone),5,10,1.71,1.58,8.773438,2,True,2,1,0.5
2026-03-07_02.29.51,239,sign-optimization-horizontal-vertical_scenario,633,306,3,-8,5,0,90,15,1,138246,AdultMaleAgent(Clone),6,12,1.71,1.58,0.7216797,2,True,2,1,0.5
2026-03-07_02.29.51,239,sign-optimization-horizontal-vertical_scenario,633,306,3,-8,5,0,90,15,1,138247,WheelchairAgent(Clone),10,12,1.3,1.17,6.114258,1,True,3,1,0.3333333
2026-03-07_02.29.51,239,sign-optimization-horizontal-vertical_scenario,633,306,3,-8,5,0,90,15,1,138248,WheelchairAgent(Clone),7,11,1.3,1.17,11.94238,1,True,2,1,0.5
2026-03-07_02.29.51,239,sign-optimization-horizontal-vertical_scenario,633,306,3,-8,5,0,90,15,1,138249,WheelchairAgent(Clone),5,10,1.3,1.17,8.701172,2,True,2,1,0.5
2026-03-07_02.29.51,239,sign-optimization-horizontal-vertical_scenario,633,306,3,-8,5,0,90,15,1,138250,AdultFemaleAgent(Clone),6,12,1.58,1.45,1.581055,2,True,2,1,0.5
2026-03-07_02.29.51,239,sign-optimization-horizontal-vertical_scenario,633,306,3,-8,5,0,90,15,1,138251,AdultMaleAgent(Clone),6,12,1.71,1.58,0,0,False,2,0,0
2026-03-07_02.29.51,239,sign-optimization-horizontal-vertical_scenario,633,306,3,-8,5,0,90,15,1,138252,AdultFemaleAgent(Clone),11,10,1.58,1.450001,8.157227,1,False,3,0,0
2026-03-07_02.29.51,239,sign-optimization-horizontal-vertical_scenario,633,306,3,-8,5,0,90,15,1,138253,AdultMaleAgent(Clone),5,10,1.71,1.58,9.041992,2,True,2,1,0.5
2026-03-07_02.29.51,239,sign-optimization-horizontal-vertical_scenario,633,306,3,-8,5,0,90,15,1,138254,AdultMaleAgent(Clone),10,12,1.71,1.58,4.5,1,True,3,1,0.3333333
2026-03-07_02.29.51,239,sign-optimization-horizontal-vertical_scenario,633,306,3,-8,5,0,90,15,1,138255,WheelchairAgent(Clone),6,12,1.3,1.17,1.766602,1,False,2,1,0.5
2026-03-07_02.29.51,239,sign-optimization-horizontal-vertical_scenario,633,306,3,-8,5,0,90,15,1,138256,WheelchairAgent(Clone),11,10,1.3,1.17,6.013672,1,False,3,0,0
2026-03-07_02.29.51,239,sign-optimization-horizontal-vertical_scenario,633,306,3,-8,5,0,90,15,1,138257,AdultMaleAgent(Clone),7,11,1.71,1.58,12.90527,1,True,2,1,0.5
2026-03-07_02.29.51,239,sign-optimization-horizontal-vertical_scenario,633,306,3,-8,5,0,90,15,1,138258,WheelchairAgent(Clone),5,10,1.3,1.17,8.134766,2,True,2,1,0.5
2026-03-07_02.29.51,239,sign-optimization-horizontal-vertical_scenario,633,306,3,-8,5,0,90,15,1,138259,AdultFemaleAgent(Clone),6,12,1.58,1.45,2.458984,1,True,2,1,0.5
2026-03-07_02.29.51,239,sign-optimization-horizontal-vertical_scenario,633,306,3,-8,5,0,90,15,1,138260,WheelchairAgent(Clone),7,11,1.3,1.17,13.46484,1,True,2,1,0.5
2026-03-07_02.29.51,239,sign-optimization-horizontal-vertical_scenario,633,306,3,-8,5,0,90,15,1,138261,WheelchairAgent(Clone),6,12,1.3,1.17,0.1943359,2,False,2,1,0.5
2026-03-07_02.29.51,239,sign-optimization-horizontal-vertical_scenario,633,306,3,-8,5,0,90,15,1,138262,WheelchairAgent(Clone),5,10,1.3,1.17,7.491211,2,True,2,1,0.5
2026-03-07_02.29.51,239,sign-optimization-horizontal-vertical_scenario,633,306,3,-8,5,0,90,15,1,138263,AdultMaleAgent(Clone),5,10,1.71,1.58,7.49707,2,True,2,1,0.5
2026-03-07_02.29.51,239,sign-optimization-horizontal-vertical_scenario,633,306,3,-8,5,0,90,15,1,138264,WheelchairAgent(Clone),6,12,1.3,1.17,0,0,False,2,0,0
2026-03-07_02.29.51,239,sign-optimization-horizontal-vertical_scenario,633,306,3,-8,5,0,90,15,1,138265,AdultMaleAgent(Clone),7,11,1.71,1.58,13.19727,1,True,2,1,0.5
2026-03-07_02.29.51,239,sign-optimization-horizontal-vertical_scenario,633,306,3,-8,5,0,90,15,1,138266,AdultMaleAgent(Clone),10,12,1.71,1.58,6.422852,1,True,3,1,0.3333333
2026-03-07_02.29.51,239,sign-optimization-horizontal-vertical_scenario,633,306,3,-8,5,0,90,15,1,138267,AdultFemaleAgent(Clone),5,10,1.58,1.45,7.592773,2,True,2,1,0.5
2026-03-07_02.29.51,239,sign-optimization-horizontal-vertical_scenario,633,306,3,-8,5,0,90,15,1,138268,AdultMaleAgent(Clone),6,12,1.71,1.58,1.513672,2,True,2,1,0.5
2026-03-07_02.29.51,239,sign-optimization-horizontal-vertical_scenario,633,306,3,-8,5,0,90,15,1,138269,AdultMaleAgent(Clone),6,12,1.71,1.58,0.6142578,1,False,2,1,0.5
2026-03-07_02.29.51,239,sign-optimization-horizontal-vertical_scenario,633,306,3,-8,5,0,90,15,1,138270,AdultFemaleAgent(Clone),6,12,1.58,1.45,2.617188,2,True,2,1,0.5
2026-03-07_02.29.51,239,sign-optimization-horizontal-vertical_scenario,633,306,3,-8,5,0,90,15,1,138271,AdultMaleAgent(Clone),11,10,1.71,1.58,2.694336,1,False,3,0,0
2026-03-07_02.29.51,239,sign-optimization-horizontal-vertical_scenario,633,306,3,-8,5,0,90,15,1,138272,AdultFemaleAgent(Clone),11,10,1.58,1.450001,2.454102,1,False,3,0,0
2026-03-07_02.29.51,239,sign-optimization-horizontal-vertical_scenario,633,306,3,-8,5,0,90,15,1,138273,WheelchairAgent(Clone),11,10,1.3,1.17,4.00293,1,False,3,0,0
2026-03-07_02.29.51,239,sign-optimization-horizontal-vertical_scenario,633,306,3,-8,5,0,90,15,1,138274,AdultFemaleAgent(Clone),7,11,1.58,1.450001,8.697266,1,False,2,0,0
2026-03-07_02.29.51,239,sign-optimization-horizontal-vertical_scenario,633,306,3,-8,5,0,90,15,1,138275,AdultMaleAgent(Clone),10,12,1.71,1.58,4.72168,1,True,3,1,0.3333333
2026-03-07_02.29.51,239,sign-optimization-horizontal-vertical_scenario,633,306,3,-8,5,0,90,15,1,138276,WheelchairAgent(Clone),11,10,1.3,1.17,2.02832,1,False,3,0,0
2026-03-07_02.29.51,239,sign-optimization-horizontal-vertical_scenario,633,306,3,-8,5,0,90,15,1,138277,WheelchairAgent(Clone),5,10,1.3,1.17,8.174805,2,True,2,1,0.5
2026-03-07_02.29.51,239,sign-optimization-horizontal-vertical_scenario,633,306,3,-8,5,0,90,15,1,138278,AdultMaleAgent(Clone),11,10,1.71,1.58,4.141602,1,False,3,0,0
2026-03-07_02.29.51,239,sign-optimization-horizontal-vertical_scenario,633,306,3,-8,5,0,90,15,1,138279,AdultFemaleAgent(Clone),6,12,1.58,1.45,1.053711,2,False,2,1,0.5
2026-03-07_02.29.51,239,sign-optimization-horizontal-vertical_scenario,633,306,3,-8,5,0,90,15,1,138280,WheelchairAgent(Clone),11,10,1.3,1.17,5.310547,1,False,3,0,0
2026-03-07_02.29.51,239,sign-optimization-horizontal-vertical_scenario,633,306,3,-8,5,0,90,15,1,138281,AdultFemaleAgent(Clone),7,11,1.58,1.450001,13.20508,1,True,2,1,0.5
2026-03-07_02.29.51,239,sign-optimization-horizontal-vertical_scenario,633,306,3,-8,5,0,90,15,1,138282,WheelchairAgent(Clone),5,10,1.3,1.17,7.633789,2,True,2,1,0.5
2026-03-07_02.29.51,239,sign-optimization-horizontal-vertical_scenario,633,306,3,-8,5,0,90,15,1,138283,AdultFemaleAgent(Clone),6,12,1.58,1.45,4.37207,2,True,2,1,0.5
2026-03-07_02.29.51,239,sign-optimization-horizontal-vertical_scenario,633,306,3,-8,5,0,90,15,1,138284,AdultFemaleAgent(Clone),7,11,1.58,1.450001,13.43457,1,True,2,1,0.5
2026-03-07_02.29.51,239,sign-optimization-horizontal-vertical_scenario,633,306,3,-8,5,0,90,15,1,138285,AdultFemaleAgent(Clone),5,10,1.58,1.45,8.814453,2,True,2,1,0.5
2026-03-07_02.29.51,239,sign-optimization-horizontal-vertical_scenario,633,306,3,-8,5,0,90,15,1,138286,AdultFemaleAgent(Clone),11,10,1.58,1.450001,5.94043,1,False,3,0,0
2026-03-07_02.29.51,239,sign-optimization-horizontal-vertical_scenario,633,306,3,-8,5,0,90,15,1,138287,AdultMaleAgent(Clone),5,10,1.71,1.58,7.526367,2,True,2,1,0.5
2026-03-07_02.29.51,239,sign-optimization-horizontal-vertical_scenario,633,306,3,-8,5,0,90,15,1,138288,WheelchairAgent(Clone),11,10,1.3,1.17,0,0,False,3,0,0
2026-03-07_02.29.51,239,sign-optimization-horizontal-vertical_scenario,633,306,3,-8,5,0,90,15,1,138289,AdultMaleAgent(Clone),6,12,1.71,1.58,1.923828,2,True,2,1,0.5
2026-03-07_02.29.51,239,sign-optimization-horizontal-vertical_scenario,633,306,3,-8,5,0,90,15,1,138290,AdultMaleAgent(Clone),7,11,1.71,1.58,15.86816,1,True,2,1,0.5
2026-03-07_02.29.51,239,sign-optimization-horizontal-vertical_scenario,633,306,3,-8,5,0,90,15,1,138291,AdultMaleAgent(Clone),10,12,1.71,1.58,6.24707,1,True,3,1,0.3333333
2026-03-07_02.29.51,239,sign-optimization-horizontal-vertical_scenario,633,306,3,-8,5,0,90,15,1,138292,AdultFemaleAgent(Clone),6,12,1.58,1.45,2.172852,2,True,2,1,0.5
2026-03-07_02.29.51,239,sign-optimization-horizontal-vertical_scenario,633,306,3,-8,5,0,90,15,1,138293,AdultMaleAgent(Clone),7,11,1.71,1.58,13.16211,1,True,2,1,0.5
2026-03-07_02.29.51,239,sign-optimization-horizontal-vertical_scenario,633,306,3,-8,5,0,90,15,1,138294,AdultFemaleAgent(Clone),10,12,1.58,1.45,5.375,1,True,3,1,0.3333333
2026-03-07_02.29.51,239,sign-optimization-horizontal-vertical_scenario,633,306,3,-8,5,0,90,15,1,138295,AdultFemaleAgent(Clone),11,10,1.58,1.450001,4.955078,1,False,3,0,0
2026-03-07_02.29.51,239,sign-optimization-horizontal-vertical_scenario,633,306,3,-8,5,0,90,15,1,138296,AdultMaleAgent(Clone),10,12,1.71,1.58,5.140625,1,True,3,1,0.3333333
2026-03-07_02.29.51,239,sign-optimization-horizontal-vertical_scenario,633,306,3,-8,5,0,90,15,1,138297,AdultMaleAgent(Clone),7,11,1.71,1.58,12.73145,1,False,2,1,0.5
2026-03-07_02.29.51,239,sign-optimization-horizontal-vertical_scenario,633,306,3,-8,5,0,90,15,1,138298,AdultFemaleAgent(Clone),7,11,1.58,1.450001,12.98145,1,True,2,1,0.5
2026-03-07_02.29.51,239,sign-optimization-horizontal-vertical_scenario,633,306,3,-8,5,0,90,15,1,138299,AdultFemaleAgent(Clone),5,10,1.58,1.45,9.124023,2,True,2,1,0.5
2026-03-07_02.29.51,239,sign-optimization-horizontal-vertical_scenario,633,306,3,-8,5,0,90,15,1,138300,AdultMaleAgent(Clone),7,11,1.71,1.58,11.22559,1,False,2,1,0.5
2026-03-07_02.29.51,239,sign-optimization-horizontal-vertical_scenario,633,306,3,-8,5,0,90,15,1,138301,AdultMaleAgent(Clone),7,11,1.71,1.58,14.58496,1,True,2,1,0.5
2026-03-07_02.29.51,239,sign-optimization-horizontal-vertical_scenario,633,306,3,-8,5,0,90,15,1,138302,WheelchairAgent(Clone),6,12,1.3,1.17,0.9873047,1,False,2,0,0
2026-03-07_02.29.51,239,sign-optimization-horizontal-vertical_scenario,633,306,3,-8,5,0,90,15,1,138303,WheelchairAgent(Clone),7,11,1.3,1.17,8.81543,1,False,2,0,0
2026-03-07_02.29.51,239,sign-optimization-horizontal-vertical_scenario,633,306,3,-8,5,0,90,15,1,138304,AdultMaleAgent(Clone),10,12,1.71,1.58,4.227539,1,False,3,0,0
2026-03-07_02.29.51,239,sign-optimization-horizontal-vertical_scenario,633,306,3,-8,5,0,90,15,1,138305,AdultFemaleAgent(Clone),11,10,1.58,1.450001,3.549805,1,False,3,0,0
2026-03-07_02.29.51,239,sign-optimization-horizontal-vertical_scenario,633,306,3,-8,5,0,90,15,1,138306,WheelchairAgent(Clone),6,12,1.3,1.17,0,0,False,2,0,0
2026-03-07_02.29.51,239,sign-optimization-horizontal-vertical_scenario,633,306,3,-8,5,0,90,15,1,138307,WheelchairAgent(Clone),11,10,1.3,1.17,3.134766,1,False,3,0,0
2026-03-07_02.29.51,239,sign-optimization-horizontal-vertical_scenario,633,306,3,-8,5,0,90,15,1,138308,AdultMaleAgent(Clone),7,11,1.71,1.58,14.97266,1,True,2,1,0.5
2026-03-07_02.29.51,239,sign-optimization-horizontal-vertical_scenario,633,306,3,-8,5,0,90,15,1,138309,WheelchairAgent(Clone),5,10,1.3,1.17,8.735352,2,True,2,1,0.5
2026-03-07_02.29.51,239,sign-optimization-horizontal-vertical_scenario,633,306,3,-8,5,0,90,15,1,138310,WheelchairAgent(Clone),7,11,1.3,1.17,14.35547,1,True,2,1,0.5
2026-03-07_02.29.51,239,sign-optimization-horizontal-vertical_scenario,633,306,3,-8,5,0,90,15,1,138311,AdultFemaleAgent(Clone),10,12,1.58,1.45,4.738281,1,False,3,0,0
2026-03-07_02.29.51,239,sign-optimization-horizontal-vertical_scenario,633,306,3,-8,5,0,90,15,1,138312,AdultFemaleAgent(Clone),11,10,1.58,1.450001,5.814453,1,False,3,0,0
2026-03-07_02.29.51,239,sign-optimization-horizontal-vertical_scenario,633,306,3,-8,5,0,90,15,1,138313,AdultFemaleAgent(Clone),5,10,1.58,1.45,7.297852,2,True,2,1,0.5
2026-03-07_02.29.51,239,sign-optimization-horizontal-vertical_scenario,633,306,3,-8,5,0,90,15,1,138314,AdultMaleAgent(Clone),11,10,1.71,1.58,0,0,False,3,0,0
2026-03-07_02.29.51,239,sign-optimization-horizontal-vertical_scenario,633,306,3,-8,5,0,90,15,1,138315,AdultMaleAgent(Clone),5,10,1.71,1.58,8.685547,2,True,2,1,0.5
2026-03-07_02.29.51,239,sign-optimization-horizontal-vertical_scenario,633,306,3,-8,5,0,90,15,1,138316,AdultFemaleAgent(Clone),11,10,1.58,1.450001,4.216797,1,False,3,0,0
2026-03-07_02.29.51,239,sign-optimization-horizontal-vertical_scenario,633,306,3,-8,5,0,90,15,1,138317,AdultFemaleAgent(Clone),7,11,1.58,1.450001,15.87012,1,True,2,1,0.5
2026-03-07_02.29.51,239,sign-optimization-horizontal-vertical_scenario,633,306,3,-8,5,0,90,15,1,138318,WheelchairAgent(Clone),11,10,1.3,1.17,2.541016,1,False,3,0,0
2026-03-07_02.29.51,239,sign-optimization-horizontal-vertical_scenario,633,306,3,-8,5,0,90,15,1,138319,WheelchairAgent(Clone),7,11,1.3,1.17,8.326172,1,False,2,0,0
2026-03-07_02.29.51,239,sign-optimization-horizontal-vertical_scenario,633,306,3,-8,5,0,90,15,1,138320,AdultMaleAgent(Clone),6,12,1.71,1.58,0,0,False,2,0,0
2026-03-07_02.29.51,239,sign-optimization-horizontal-vertical_scenario,633,306,3,-8,5,0,90,15,1,138321,WheelchairAgent(Clone),10,12,1.3,1.17,5.140625,1,True,3,1,0.3333333
2026-03-07_02.29.51,239,sign-optimization-horizontal-vertical_scenario,633,306,3,-8,5,0,90,15,1,138322,AdultFemaleAgent(Clone),11,10,1.58,1.450001,2.470703,1,False,3,0,0
2026-03-07_02.29.51,239,sign-optimization-horizontal-vertical_scenario,633,306,3,-8,5,0,90,15,1,138323,AdultFemaleAgent(Clone),6,12,1.58,1.45,2.466797,2,True,2,1,0.5
2026-03-07_02.29.51,239,sign-optimization-horizontal-vertical_scenario,633,306,3,-8,5,0,90,15,1,138324,AdultMaleAgent(Clone),7,11,1.71,1.58,12.12891,1,True,2,1,0.5
2026-03-07_02.29.51,239,sign-optimization-horizontal-vertical_scenario,633,306,3,-8,5,0,90,15,1,138325,WheelchairAgent(Clone),6,12,1.3,1.17,2.158203,1,True,2,1,0.5
2026-03-07_02.29.51,239,sign-optimization-horizontal-vertical_scenario,633,306,3,-8,5,0,90,15,1,138326,AdultFemaleAgent(Clone),11,10,1.58,1.450001,4.100586,1,False,3,0,0
2026-03-07_02.29.51,239,sign-optimization-horizontal-vertical_scenario,633,306,3,-8,5,0,90,15,1,138327,AdultFemaleAgent(Clone),11,10,1.58,1.450001,2.036133,1,False,3,0,0
2026-03-07_02.29.51,239,sign-optimization-horizontal-vertical_scenario,633,306,3,-8,5,0,90,15,1,138328,WheelchairAgent(Clone),7,11,1.3,1.17,11.48145,1,False,2,1,0.5
2026-03-07_02.29.51,239,sign-optimization-horizontal-vertical_scenario,633,306,3,-8,5,0,90,15,1,138329,AdultMaleAgent(Clone),5,10,1.71,1.58,8.568359,2,True,2,1,0.5
2026-03-07_02.29.51,239,sign-optimization-horizontal-vertical_scenario,633,306,3,-8,5,0,90,15,1,138330,AdultMaleAgent(Clone),6,12,1.71,1.58,3.935547,2,True,2,1,0.5
2026-03-07_02.29.51,239,sign-optimization-horizontal-vertical_scenario,633,306,3,-8,5,0,90,15,1,138331,AdultMaleAgent(Clone),10,12,1.71,1.58,4.491211,1,True,3,1,0.3333333
2026-03-07_02.29.51,239,sign-optimization-horizontal-vertical_scenario,633,306,3,-8,5,0,90,15,1,138332,AdultMaleAgent(Clone),10,12,1.71,1.58,6.706055,1,True,3,1,0.3333333
2026-03-07_02.29.51,239,sign-optimization-horizontal-vertical_scenario,633,306,3,-8,5,0,90,15,1,138333,AdultFemaleAgent(Clone),6,12,1.58,1.45,1.855469,2,True,2,1,0.5
2026-03-07_02.29.51,239,sign-optimization-horizontal-vertical_scenario,633,306,3,-8,5,0,90,15,1,138334,AdultMaleAgent(Clone),6,12,1.71,1.58,2.449219,2,True,2,1,0.5
2026-03-07_02.29.51,239,sign-optimization-horizontal-vertical_scenario,633,306,3,-8,5,0,90,15,1,138335,WheelchairAgent(Clone),5,10,1.3,1.17,8.894531,2,True,2,1,0.5
2026-03-07_02.29.51,239,sign-optimization-horizontal-vertical_scenario,633,306,3,-8,5,0,90,15,1,138336,WheelchairAgent(Clone),11,10,1.3,1.17,3.348633,1,False,3,0,0
2026-03-07_02.29.51,239,sign-optimization-horizontal-vertical_scenario,633,306,3,-8,5,0,90,15,1,138337,WheelchairAgent(Clone),7,11,1.3,1.17,14.22656,1,True,2,1,0.5
2026-03-07_02.29.51,239,sign-optimization-horizontal-vertical_scenario,633,306,3,-8,5,0,90,15,1,138338,WheelchairAgent(Clone),6,12,1.3,1.17,0,0,False,2,0,0
2026-03-07_02.29.51,239,sign-optimization-horizontal-vertical_scenario,633,306,3,-8,5,0,90,15,1,138339,WheelchairAgent(Clone),5,10,1.3,1.17,8.118164,2,True,2,1,0.5
2026-03-07_02.29.51,239,sign-optimization-horizontal-vertical_scenario,633,306,3,-8,5,0,90,15,1,138340,AdultFemaleAgent(Clone),10,12,1.58,1.45,5.070313,1,True,3,1,0.3333333
2026-03-07_02.29.51,239,sign-optimization-horizontal-vertical_scenario,633,306,3,-8,5,0,90,15,1,138341,AdultMaleAgent(Clone),5,10,1.71,1.58,7.282227,2,True,2,1,0.5
2026-03-07_02.29.51,239,sign-optimization-horizontal-vertical_scenario,633,306,3,-8,5,0,90,15,1,138342,WheelchairAgent(Clone),6,12,1.3,1.17,3.359375,1,True,2,1,0.5
2026-03-07_02.29.51,239,sign-optimization-horizontal-vertical_scenario,633,306,3,-8,5,0,90,15,1,138343,AdultFemaleAgent(Clone),6,12,1.58,1.45,0.9150391,1,False,2,1,0.5
2026-03-07_02.29.51,239,sign-optimization-horizontal-vertical_scenario,633,306,3,-8,5,0,90,15,1,138344,AdultMaleAgent(Clone),7,11,1.71,1.58,14.34375,1,True,2,1,0.5
2026-03-07_02.29.51,239,sign-optimization-horizontal-vertical_scenario,633,306,3,-8,5,0,90,15,1,138345,AdultMaleAgent(Clone),10,12,1.71,1.58,5.251953,1,True,3,1,0.3333333
2026-03-07_02.29.51,239,sign-optimization-horizontal-vertical_scenario,633,306,3,-8,5,0,90,15,1,138346,WheelchairAgent(Clone),11,10,1.3,1.17,1.546875,1,False,3,0,0
2026-03-07_02.29.51,239,sign-optimization-horizontal-vertical_scenario,633,306,3,-8,5,0,90,15,1,138347,WheelchairAgent(Clone),11,10,1.3,1.17,3.55957,1,False,3,0,0
2026-03-07_02.29.51,239,sign-optimization-horizontal-vertical_scenario,633,306,3,-8,5,0,90,15,1,138348,WheelchairAgent(Clone),10,12,1.3,1.17,5.095703,1,True,3,1,0.3333333
2026-03-07_02.29.51,239,sign-optimization-horizontal-vertical_scenario,633,306,3,-8,5,0,90,15,1,138349,AdultMaleAgent(Clone),10,12,1.71,1.58,6.224609,1,True,3,1,0.3333333
2026-03-07_02.29.51,239,sign-optimization-horizontal-vertical_scenario,633,306,3,-8,5,0,90,15,1,138350,AdultMaleAgent(Clone),5,10,1.71,1.58,9.166016,2,True,2,1,0.5
2026-03-07_02.29.51,239,sign-optimization-horizontal-vertical_scenario,633,306,3,-8,5,0,90,15,1,138351,AdultFemaleAgent(Clone),10,12,1.58,1.45,4.166992,1,True,3,1,0.3333333
2026-03-07_02.29.51,239,sign-optimization-horizontal-vertical_scenario,633,306,3,-8,5,0,90,15,1,138352,AdultMaleAgent(Clone),11,10,1.71,1.58,3.773438,1,False,3,0,0
2026-03-07_02.29.51,239,sign-optimization-horizontal-vertical_scenario,633,306,3,-8,5,0,90,15,1,138353,AdultMaleAgent(Clone),7,11,1.71,1.58,9.553711,1,False,2,0,0
2026-03-07_02.29.51,239,sign-optimization-horizontal-vertical_scenario,633,306,3,-8,5,0,90,15,1,138354,AdultFemaleAgent(Clone),10,12,1.58,1.45,5.401367,1,True,3,1,0.3333333
2026-03-07_02.29.51,239,sign-optimization-horizontal-vertical_scenario,633,306,3,-8,5,0,90,15,1,138355,AdultFemaleAgent(Clone),10,12,1.58,1.45,6.118164,1,True,3,1,0.3333333
2026-03-07_02.29.51,239,sign-optimization-horizontal-vertical_scenario,633,306,3,-8,5,0,90,15,1,138356,AdultMaleAgent(Clone),6,12,1.71,1.58,1.010742,2,True,2,1,0.5
2026-03-07_02.29.51,239,sign-optimization-horizontal-vertical_scenario,633,306,3,-8,5,0,90,15,1,138357,AdultFemaleAgent(Clone),5,10,1.58,1.45,9.125,2,True,2,1,0.5
2026-03-07_02.29.51,239,sign-optimization-horizontal-vertical_scenario,633,306,3,-8,5,0,90,15,1,138358,AdultMaleAgent(Clone),10,12,1.71,1.58,4.952148,1,True,3,1,0.3333333
2026-03-07_02.29.51,239,sign-optimization-horizontal-vertical_scenario,633,306,3,-8,5,0,90,15,1,138359,AdultMaleAgent(Clone),5,10,1.71,1.58,9.142578,2,True,2,1,0.5
2026-03-07_02.29.51,239,sign-optimization-horizontal-vertical_scenario,633,306,3,-8,5,0,90,15,1,138360,AdultMaleAgent(Clone),11,10,1.71,1.58,4.313477,1,False,3,0,0
2026-03-07_02.29.51,239,sign-optimization-horizontal-vertical_scenario,633,306,3,-8,5,0,90,15,1,138361,AdultMaleAgent(Clone),10,12,1.71,1.58,3.985352,1,True,3,1,0.3333333
2026-03-07_02.29.51,239,sign-optimization-horizontal-vertical_scenario,633,306,3,-8,5,0,90,15,1,138362,AdultMaleAgent(Clone),7,11,1.71,1.58,11.18652,1,True,2,1,0.5
2026-03-07_02.29.51,239,sign-optimization-horizontal-vertical_scenario,633,306,3,-8,5,0,90,15,1,138363,AdultFemaleAgent(Clone),10,12,1.58,1.45,6.203125,1,True,3,1,0.3333333
2026-03-07_02.29.51,239,sign-optimization-horizontal-vertical_scenario,633,306,3,-8,5,0,90,15,1,138364,AdultFemaleAgent(Clone),6,12,1.58,1.45,1.112305,1,True,2,1,0.5
2026-03-07_02.29.51,239,sign-optimization-horizontal-vertical_scenario,633,306,3,-8,5,0,90,15,1,138365,AdultMaleAgent(Clone),7,11,1.71,1.58,11.22266,1,False,2,0,0
2026-03-07_02.29.51,239,sign-optimization-horizontal-vertical_scenario,633,306,3,-8,5,0,90,15,1,138366,AdultMaleAgent(Clone),11,10,1.71,1.58,0,0,False,3,0,0
2026-03-07_02.29.51,239,sign-optimization-horizontal-vertical_scenario,633,306,3,-8,5,0,90,15,1,138367,AdultMaleAgent(Clone),5,10,1.71,1.58,8.586914,2,True,2,1,0.5
2026-03-07_02.29.51,239,sign-optimization-horizontal-vertical_scenario,633,306,3,-8,5,0,90,15,1,138368,AdultMaleAgent(Clone),11,10,1.71,1.58,2.59668,1,False,3,0,0
2026-03-07_02.29.51,239,sign-optimization-horizontal-vertical_scenario,633,306,3,-8,5,0,90,15,1,138369,AdultMaleAgent(Clone),6,12,1.71,1.58,2.304688,1,True,2,1,0.5
2026-03-07_02.29.51,239,sign-optimization-horizontal-vertical_scenario,633,306,3,-8,5,0,90,15,1,138370,AdultFemaleAgent(Clone),6,12,1.58,1.45,3.401367,1,False,2,1,0.5
2026-03-07_02.29.51,239,sign-optimization-horizontal-vertical_scenario,633,306,3,-8,5,0,90,15,1,138371,AdultMaleAgent(Clone),7,11,1.71,1.58,12.83984,1,True,2,1,0.5
2026-03-07_02.29.51,239,sign-optimization-horizontal-vertical_scenario,633,306,3,-8,5,0,90,15,1,138372,AdultMaleAgent(Clone),10,12,1.71,1.58,6.416016,1,True,3,1,0.3333333
2026-03-07_02.29.51,239,sign-optimization-horizontal-vertical_scenario,633,306,3,-8,5,0,90,15,1,138373,AdultMaleAgent(Clone),11,10,1.71,1.58,2.077148,1,False,3,0,0
2026-03-07_02.29.51,239,sign-optimization-horizontal-vertical_scenario,633,306,3,-8,5,0,90,15,1,138374,WheelchairAgent(Clone),7,11,1.3,1.17,12.47266,1,False,2,1,0.5
2026-03-07_02.29.51,239,sign-optimization-horizontal-vertical_scenario,633,306,3,-8,5,0,90,15,1,138375,AdultMaleAgent(Clone),10,12,1.71,1.58,4.436523,1,True,3,1,0.3333333
2026-03-07_02.29.51,239,sign-optimization-horizontal-vertical_scenario,633,306,3,-8,5,0,90,15,1,138376,AdultFemaleAgent(Clone),7,11,1.58,1.450001,10.30273,1,False,2,0,0
2026-03-07_02.29.51,239,sign-optimization-horizontal-vertical_scenario,633,306,3,-8,5,0,90,15,1,138377,AdultMaleAgent(Clone),5,10,1.71,1.58,8.276367,2,True,2,1,0.5
2026-03-07_02.29.51,239,sign-optimization-horizontal-vertical_scenario,633,306,3,-8,5,0,90,15,1,138378,AdultFemaleAgent(Clone),10,12,1.58,1.45,5.716797,1,True,3,1,0.3333333
2026-03-07_02.29.51,239,sign-optimization-horizontal-vertical_scenario,633,306,3,-8,5,0,90,15,1,138379,WheelchairAgent(Clone),10,12,1.3,1.17,4.994141,1,False,3,0,0
2026-03-07_02.29.51,239,sign-optimization-horizontal-vertical_scenario,633,306,3,-8,5,0,90,15,1,138380,WheelchairAgent(Clone),5,10,1.3,1.17,8.146484,2,True,2,1,0.5
2026-03-07_02.29.51,239,sign-optimization-horizontal-vertical_scenario,633,306,3,-8,5,0,90,15,1,138381,AdultMaleAgent(Clone),10,12,1.71,1.58,6.269531,1,True,3,1,0.3333333
2026-03-07_02.29.51,239,sign-optimization-horizontal-vertical_scenario,633,306,3,-8,5,0,90,15,1,138382,AdultMaleAgent(Clone),11,10,1.71,1.58,0,0,False,3,0,0
2026-03-07_02.29.51,239,sign-optimization-horizontal-vertical_scenario,633,306,3,-8,5,0,90,15,1,138383,AdultMaleAgent(Clone),6,12,1.71,1.58,0.9765625,2,True,2,1,0.5
2026-03-07_02.29.51,239,sign-optimization-horizontal-vertical_scenario,633,306,3,-8,5,0,90,15,1,138384,AdultMaleAgent(Clone),6,12,1.71,1.58,1.238281,2,True,2,1,0.5
2026-03-07_02.29.51,239,sign-optimization-horizontal-vertical_scenario,633,306,3,-8,5,0,90,15,1,138385,AdultFemaleAgent(Clone),11,10,1.58,1.450001,2.033203,1,False,3,0,0
2026-03-07_02.29.51,239,sign-optimization-horizontal-vertical_scenario,633,306,3,-8,5,0,90,15,1,138386,AdultMaleAgent(Clone),7,11,1.71,1.58,13.85449,1,True,2,1,0.5
2026-03-07_02.29.51,239,sign-optimization-horizontal-vertical_scenario,633,306,3,-8,5,0,90,15,1,138387,WheelchairAgent(Clone),11,10,1.3,1.17,3.293945,1,False,3,0,0
2026-03-07_02.29.51,239,sign-optimization-horizontal-vertical_scenario,633,306,3,-8,5,0,90,15,1,138388,AdultFemaleAgent(Clone),11,10,1.58,1.450001,2.723633,1,False,3,0,0
2026-03-07_02.29.51,239,sign-optimization-horizontal-vertical_scenario,633,306,3,-8,5,0,90,15,1,138389,WheelchairAgent(Clone),5,10,1.3,1.17,8.751953,2,True,2,1,0.5
2026-03-07_02.29.51,239,sign-optimization-horizontal-vertical_scenario,633,306,3,-8,5,0,90,15,1,138390,AdultMaleAgent(Clone),11,10,1.71,1.58,4.353516,1,False,3,0,0
2026-03-07_02.29.51,239,sign-optimization-horizontal-vertical_scenario,633,306,3,-8,5,0,90,15,1,138391,WheelchairAgent(Clone),10,12,1.3,1.17,5.711914,1,True,3,1,0.3333333
2026-03-07_02.29.51,239,sign-optimization-horizontal-vertical_scenario,633,306,3,-8,5,0,90,15,1,138392,AdultFemaleAgent(Clone),5,10,1.58,1.45,8.21875,2,False,2,1,0.5
2026-03-07_02.29.51,239,sign-optimization-horizontal-vertical_scenario,633,306,3,-8,5,0,90,15,1,138393,AdultFemaleAgent(Clone),11,10,1.58,1.450001,1.130859,1,False,3,0,0
2026-03-07_02.29.51,239,sign-optimization-horizontal-vertical_scenario,633,306,3,-8,5,0,90,15,1,138394,AdultMaleAgent(Clone),11,10,1.71,1.58,2.613281,1,False,3,0,0
2026-03-07_02.29.51,239,sign-optimization-horizontal-vertical_scenario,633,306,3,-8,5,0,90,15,1,138395,AdultMaleAgent(Clone),11,10,1.71,1.58,4.897461,1,False,3,0,0
2026-03-07_02.29.51,239,sign-optimization-horizontal-vertical_scenario,633,306,3,-8,5,0,90,15,1,138396,WheelchairAgent(Clone),10,12,1.3,1.17,5.237305,1,True,3,1,0.3333333
2026-03-07_02.29.51,239,sign-optimization-horizontal-vertical_scenario,633,306,3,-8,5,0,90,15,1,138397,AdultFemaleAgent(Clone),11,10,1.58,1.450001,3.880859,1,False,3,0,0
2026-03-07_02.29.51,239,sign-optimization-horizontal-vertical_scenario,633,306,3,-8,5,0,90,15,1,138398,AdultFemaleAgent(Clone),7,11,1.58,1.450001,16.49805,1,True,2,1,0.5
2026-03-07_02.29.51,239,sign-optimization-horizontal-vertical_scenario,633,306,3,-8,5,0,90,15,1,138399,AdultFemaleAgent(Clone),11,10,1.58,1.450001,2.958008,1,False,3,0,0
2026-03-07_02.29.51,239,sign-optimization-horizontal-vertical_scenario,633,306,3,-8,5,0,90,15,1,138400,AdultMaleAgent(Clone),5,10,1.71,1.58,9.485352,2,True,2,1,0.5
2026-03-07_02.29.51,239,sign-optimization-horizontal-vertical_scenario,633,306,3,-8,5,0,90,15,1,138401,WheelchairAgent(Clone),6,12,1.3,1.17,0.46875,2,False,2,1,0.5
2026-03-07_02.29.51,239,sign-optimization-horizontal-vertical_scenario,633,306,3,-8,5,0,90,15,1,138402,WheelchairAgent(Clone),10,12,1.3,1.17,5.663086,1,True,3,1,0.3333333
2026-03-07_02.29.51,239,sign-optimization-horizontal-vertical_scenario,633,306,3,-8,5,0,90,15,1,138403,WheelchairAgent(Clone),11,10,1.3,1.17,0.9335938,1,False,3,0,0
2026-03-07_02.29.51,239,sign-optimization-horizontal-vertical_scenario,633,306,3,-8,5,0,90,15,1,138404,WheelchairAgent(Clone),10,12,1.3,1.17,5.800781,1,True,3,1,0.3333333
2026-03-07_02.29.51,239,sign-optimization-horizontal-vertical_scenario,633,306,3,-8,5,0,90,15,1,138405,AdultMaleAgent(Clone),7,11,1.71,1.58,10.87012,1,False,2,1,0.5
2026-03-07_02.29.51,239,sign-optimization-horizontal-vertical_scenario,633,306,3,-8,5,0,90,15,1,138406,WheelchairAgent(Clone),7,11,1.3,1.17,11.60742,1,False,2,1,0.5
2026-03-07_02.29.51,239,sign-optimization-horizontal-vertical_scenario,633,306,3,-8,5,0,90,15,1,138407,WheelchairAgent(Clone),11,10,1.3,1.17,4.400391,1,False,3,0,0
2026-03-07_02.29.51,239,sign-optimization-horizontal-vertical_scenario,633,306,3,-8,5,0,90,15,1,138408,AdultFemaleAgent(Clone),11,10,1.58,1.450001,1.488281,1,False,3,0,0
2026-03-07_02.29.51,239,sign-optimization-horizontal-vertical_scenario,633,306,3,-8,5,0,90,15,1,138409,AdultFemaleAgent(Clone),10,12,1.58,1.45,5.800781,1,True,3,1,0.3333333
2026-03-07_02.29.51,239,sign-optimization-horizontal-vertical_scenario,633,306,3,-8,5,0,90,15,1,138410,AdultFemaleAgent(Clone),5,10,1.58,1.45,9.027344,2,True,2,1,0.5
2026-03-07_02.29.51,239,sign-optimization-horizontal-vertical_scenario,633,306,3,-8,5,0,90,15,1,138411,AdultFemaleAgent(Clone),7,11,1.58,1.450001,12.50488,1,True,2,1,0.5
2026-03-07_02.29.51,239,sign-optimization-horizontal-vertical_scenario,633,306,3,-8,5,0,90,15,1,138412,AdultMaleAgent(Clone),11,10,1.71,1.58,1.193359,1,False,3,0,0
2026-03-07_02.29.51,239,sign-optimization-horizontal-vertical_scenario,633,306,3,-8,5,0,90,15,1,138413,WheelchairAgent(Clone),7,11,1.3,1.17,13.51855,1,False,2,0,0
2026-03-07_02.29.51,239,sign-optimization-horizontal-vertical_scenario,633,306,3,-8,5,0,90,15,1,138414,AdultMaleAgent(Clone),11,10,1.71,1.58,0,0,False,3,0,0
2026-03-07_02.29.51,239,sign-optimization-horizontal-vertical_scenario,633,306,3,-8,5,0,90,15,1,138415,AdultMaleAgent(Clone),10,12,1.71,1.58,5.463867,1,True,3,1,0.3333333
2026-03-07_02.29.51,239,sign-optimization-horizontal-vertical_scenario,633,306,3,-8,5,0,90,15,1,138416,AdultMaleAgent(Clone),6,12,1.71,1.58,0,0,False,2,0,0
2026-03-07_02.29.51,239,sign-optimization-horizontal-vertical_scenario,633,306,3,-8,5,0,90,15,1,138417,AdultMaleAgent(Clone),5,10,1.71,1.58,8.262695,2,True,2,1,0.5
2026-03-07_02.29.51,239,sign-optimization-horizontal-vertical_scenario,633,306,3,-8,5,0,90,15,1,138418,AdultMaleAgent(Clone),10,12,1.71,1.58,5.615234,1,True,3,1,0.3333333
2026-03-07_02.29.51,239,sign-optimization-horizontal-vertical_scenario,633,306,3,-8,5,0,90,15,1,138419,AdultMaleAgent(Clone),6,12,1.71,1.58,1.230469,1,True,2,1,0.5
2026-03-07_02.29.51,239,sign-optimization-horizontal-vertical_scenario,633,306,3,-8,5,0,90,15,1,138420,WheelchairAgent(Clone),6,12,1.3,1.17,0.8183594,2,False,2,1,0.5
2026-03-07_02.29.51,239,sign-optimization-horizontal-vertical_scenario,633,306,3,-8,5,0,90,15,1,138421,AdultFemaleAgent(Clone),5,10,1.58,1.45,8.086914,2,True,2,1,0.5
2026-03-07_02.29.51,239,sign-optimization-horizontal-vertical_scenario,633,306,3,-8,5,0,90,15,1,138422,AdultFemaleAgent(Clone),6,12,1.58,1.45,4.014648,1,False,2,1,0.5
2026-03-07_02.29.51,239,sign-optimization-horizontal-vertical_scenario,633,306,3,-8,5,0,90,15,1,138423,AdultFemaleAgent(Clone),7,11,1.58,1.450001,10.35059,1,False,2,1,0.5
2026-03-07_02.29.51,239,sign-optimization-horizontal-vertical_scenario,633,306,3,-8,5,0,90,15,1,138424,AdultFemaleAgent(Clone),6,12,1.58,1.45,0,0,False,2,0,0
2026-03-07_02.29.51,239,sign-optimization-horizontal-vertical_scenario,633,306,3,-8,5,0,90,15,1,138425,WheelchairAgent(Clone),5,10,1.3,1.17,8.113281,2,True,2,1,0.5
2026-03-07_02.29.51,239,sign-optimization-horizontal-vertical_scenario,633,306,3,-8,5,0,90,15,1,138426,AdultFemaleAgent(Clone),7,11,1.58,1.450001,14.10938,1,True,2,1,0.5
2026-03-07_02.29.51,239,sign-optimization-horizontal-vertical_scenario,633,306,3,-8,5,0,90,15,1,138427,WheelchairAgent(Clone),11,10,1.3,1.17,0,0,False,3,0,0
2026-03-07_02.29.51,239,sign-optimization-horizontal-vertical_scenario,633,306,3,-8,5,0,90,15,1,138428,WheelchairAgent(Clone),10,12,1.3,1.17,5.001953,1,True,3,1,0.3333333
2026-03-07_02.29.51,239,sign-optimization-horizontal-vertical_scenario,633,306,3,-8,5,0,90,15,1,138429,AdultMaleAgent(Clone),6,12,1.71,1.58,0.5126953,2,True,2,1,0.5
2026-03-07_02.29.51,239,sign-optimization-horizontal-vertical_scenario,633,306,3,-8,5,0,90,15,1,138430,WheelchairAgent(Clone),10,12,1.3,1.17,5.288086,1,True,3,1,0.3333333
2026-03-07_02.29.51,239,sign-optimization-horizontal-vertical_scenario,633,306,3,-8,5,0,90,15,1,138431,AdultFemaleAgent(Clone),7,11,1.58,1.450001,15.50684,1,True,2,1,0.5
2026-03-07_02.29.51,239,sign-optimization-horizontal-vertical_scenario,633,306,3,-8,5,0,90,15,1,138432,WheelchairAgent(Clone),10,12,1.3,1.17,4.676758,1,True,3,1,0.3333333
2026-03-07_02.29.51,239,sign-optimization-horizontal-vertical_scenario,633,306,3,-8,5,0,90,15,1,138433,AdultMaleAgent(Clone),7,11,1.71,1.58,14.05371,1,True,2,1,0.5
2026-03-07_02.29.51,239,sign-optimization-horizontal-vertical_scenario,633,306,3,-8,5,0,90,15,1,138434,AdultFemaleAgent(Clone),7,11,1.58,1.450001,9.749023,1,False,2,0,0
2026-03-07_02.29.51,239,sign-optimization-horizontal-vertical_scenario,633,306,3,-8,5,0,90,15,1,138435,AdultMaleAgent(Clone),10,12,1.71,1.58,5.234375,1,True,3,1,0.3333333
2026-03-07_02.29.51,239,sign-optimization-horizontal-vertical_scenario,633,306,3,-8,5,0,90,15,1,138436,WheelchairAgent(Clone),10,12,1.3,1.17,5.176758,1,True,3,1,0.3333333
2026-03-07_02.29.51,239,sign-optimization-horizontal-vertical_scenario,633,306,3,-8,5,0,90,15,1,138437,WheelchairAgent(Clone),11,10,1.3,1.17,0,0,False,3,0,0
2026-03-07_02.29.51,239,sign-optimization-horizontal-vertical_scenario,633,306,3,-8,5,0,90,15,1,138438,AdultFemaleAgent(Clone),11,10,1.58,1.450001,0,0,False,3,0,0
2026-03-07_02.29.51,239,sign-optimization-horizontal-vertical_scenario,633,306,3,-8,5,0,90,15,1,138439,WheelchairAgent(Clone),10,12,1.3,1.17,5.833008,1,True,3,1,0.3333333
2026-03-07_02.29.51,239,sign-optimization-horizontal-vertical_scenario,633,306,3,-8,5,0,90,15,1,138440,AdultMaleAgent(Clone),11,10,1.71,1.58,0,0,False,3,0,0
2026-03-07_02.29.51,239,sign-optimization-horizontal-vertical_scenario,633,306,3,-8,5,0,90,15,1,138441,AdultFemaleAgent(Clone),7,11,1.58,1.450001,13.7832,1,True,2,1,0.5
2026-03-07_02.29.51,239,sign-optimization-horizontal-vertical_scenario,633,306,3,-8,5,0,90,15,1,138442,AdultFemaleAgent(Clone),11,10,1.58,1.450001,0,0,False,3,0,0
2026-03-07_02.29.51,239,sign-optimization-horizontal-vertical_scenario,633,306,3,-8,5,0,90,15,1,138443,AdultFemaleAgent(Clone),5,10,1.58,1.45,9.649414,1,True,2,1,0.5
2026-03-07_02.29.51,239,sign-optimization-horizontal-vertical_scenario,633,306,3,-8,5,0,90,15,1,138444,AdultFemaleAgent(Clone),10,12,1.58,1.45,6.548828,1,True,3,1,0.3333333
2026-03-07_02.29.51,239,sign-optimization-horizontal-vertical_scenario,633,306,3,-8,5,0,90,15,1,138445,WheelchairAgent(Clone),7,11,1.3,1.17,10.64648,1,True,2,1,0.5
2026-03-07_02.29.51,239,sign-optimization-horizontal-vertical_scenario,633,306,3,-8,5,0,90,15,1,138446,AdultFemaleAgent(Clone),5,10,1.58,1.45,8.157227,2,True,2,1,0.5
2026-03-07_02.29.51,239,sign-optimization-horizontal-vertical_scenario,633,306,3,-8,5,0,90,15,1,138447,WheelchairAgent(Clone),5,10,1.3,1.17,8.573242,2,True,2,1,0.5
2026-03-07_02.29.51,239,sign-optimization-horizontal-vertical_scenario,633,306,3,-8,5,0,90,15,1,138448,AdultFemaleAgent(Clone),11,10,1.58,1.450001,0,0,False,3,0,0
2026-03-07_02.29.51,239,sign-optimization-horizontal-vertical_scenario,633,306,3,-8,5,0,90,15,1,138449,WheelchairAgent(Clone),11,10,1.3,1.17,0,0,False,3,0,0
2026-03-07_02.29.51,239,sign-optimization-horizontal-vertical_scenario,633,306,3,-8,5,0,90,15,1,138450,WheelchairAgent(Clone),11,10,1.3,1.17,0,0,False,3,0,0
2026-03-07_02.29.51,239,sign-optimization-horizontal-vertical_scenario,633,306,3,-8,5,0,90,15,1,138451,AdultMaleAgent(Clone),11,10,1.71,1.58,0,0,False,3,0,0
2026-03-07_02.29.51,239,sign-optimization-horizontal-vertical_scenario,633,306,3,-8,5,0,90,15,1,138452,AdultFemaleAgent(Clone),6,12,1.58,1.45,2.081055,2,True,2,1,0.5
2026-03-07_02.29.51,239,sign-optimization-horizontal-vertical_scenario,633,306,3,-8,5,0,90,15,1,138453,AdultMaleAgent(Clone),6,12,1.71,1.58,1.086914,1,True,2,1,0.5
2026-03-07_02.29.51,239,sign-optimization-horizontal-vertical_scenario,633,306,3,-8,5,0,90,15,1,138454,AdultMaleAgent(Clone),7,11,1.71,1.58,10.73535,1,False,2,1,0.5
2026-03-07_02.29.51,239,sign-optimization-horizontal-vertical_scenario,633,306,3,-8,5,0,90,15,1,138455,AdultFemaleAgent(Clone),5,10,1.58,1.45,8.541016,2,True,2,1,0.5
2026-03-07_02.29.51,239,sign-optimization-horizontal-vertical_scenario,633,306,3,-8,5,0,90,15,1,138456,WheelchairAgent(Clone),7,11,1.3,1.17,10.52344,1,False,2,1,0.5
2026-03-07_02.29.51,239,sign-optimization-horizontal-vertical_scenario,633,306,3,-8,5,0,90,15,1,138457,WheelchairAgent(Clone),10,12,1.3,1.17,5.089844,1,True,3,1,0.3333333
2026-03-07_02.29.51,239,sign-optimization-horizontal-vertical_scenario,633,306,3,-8,5,0,90,15,1,138458,AdultFemaleAgent(Clone),7,11,1.58,1.450001,14.18262,1,True,2,1,0.5
2026-03-07_02.29.51,239,sign-optimization-horizontal-vertical_scenario,633,306,3,-8,5,0,90,15,1,138459,AdultFemaleAgent(Clone),6,12,1.58,1.45,0.4453125,1,False,2,1,0.5
2026-03-07_02.29.51,239,sign-optimization-horizontal-vertical_scenario,633,306,3,-8,5,0,90,15,1,138460,AdultMaleAgent(Clone),7,11,1.71,1.58,14.18164,1,True,2,1,0.5
2026-03-07_02.29.51,239,sign-optimization-horizontal-vertical_scenario,633,306,3,-8,5,0,90,15,1,138461,AdultFemaleAgent(Clone),10,12,1.58,1.45,5.395508,1,True,3,1,0.3333333
2026-03-07_02.29.51,239,sign-optimization-horizontal-vertical_scenario,633,306,3,-8,5,0,90,15,1,138462,WheelchairAgent(Clone),6,12,1.3,1.17,0.2636719,1,False,2,1,0.5
2026-03-07_02.29.51,239,sign-optimization-horizontal-vertical_scenario,633,306,3,-8,5,0,90,15,1,138463,AdultFemaleAgent(Clone),10,12,1.58,1.45,5.931641,1,True,3,1,0.3333333
2026-03-07_02.29.51,239,sign-optimization-horizontal-vertical_scenario,633,306,3,-8,5,0,90,15,1,138464,AdultMaleAgent(Clone),7,11,1.71,1.58,14.4668,1,True,2,1,0.5
2026-03-07_02.29.51,239,sign-optimization-horizontal-vertical_scenario,633,306,3,-8,5,0,90,15,1,138465,WheelchairAgent(Clone),11,10,1.3,1.17,0,0,False,3,0,0
2026-03-07_02.29.51,239,sign-optimization-horizontal-vertical_scenario,633,306,3,-8,5,0,90,15,1,138466,AdultMaleAgent(Clone),6,12,1.71,1.58,0.8720703,2,True,2,1,0.5
2026-03-07_02.29.51,239,sign-optimization-horizontal-vertical_scenario,633,306,3,-8,5,0,90,15,1,138467,AdultFemaleAgent(Clone),7,11,1.58,1.450001,11.46387,1,False,2,1,0.5
2026-03-07_02.29.51,239,sign-optimization-horizontal-vertical_scenario,633,306,3,-8,5,0,90,15,1,138468,AdultFemaleAgent(Clone),10,12,1.58,1.45,5.399414,1,True,3,1,0.3333333
2026-03-07_02.29.51,239,sign-optimization-horizontal-vertical_scenario,633,306,3,-8,5,0,90,15,1,138469,AdultMaleAgent(Clone),10,12,1.71,1.58,5.507813,1,True,3,1,0.3333333
2026-03-07_02.29.51,239,sign-optimization-horizontal-vertical_scenario,633,306,3,-8,5,0,90,15,1,138470,WheelchairAgent(Clone),10,12,1.3,1.17,5.520508,1,True,3,1,0.3333333
2026-03-07_02.29.51,239,sign-optimization-horizontal-vertical_scenario,633,306,3,-8,5,0,90,15,1,138471,AdultFemaleAgent(Clone),5,10,1.58,1.45,7.816406,2,True,2,1,0.5
2026-03-07_02.29.51,239,sign-optimization-horizontal-vertical_scenario,633,306,3,-8,5,0,90,15,1,138472,AdultMaleAgent(Clone),5,10,1.71,1.58,7.760742,1,True,2,1,0.5
2026-03-07_02.29.51,239,sign-optimization-horizontal-vertical_scenario,633,306,3,-8,5,0,90,15,1,138473,WheelchairAgent(Clone),5,10,1.3,1.17,7.879883,1,True,2,1,0.5
2026-03-07_02.29.51,239,sign-optimization-horizontal-vertical_scenario,633,306,3,-8,5,0,90,15,1,138474,AdultMaleAgent(Clone),11,10,1.71,1.58,0,0,False,3,0,0
2026-03-07_02.29.51,239,sign-optimization-horizontal-vertical_scenario,633,306,3,-8,5,0,90,15,1,138475,AdultMaleAgent(Clone),6,12,1.71,1.58,1.464844,2,True,2,1,0.5
2026-03-07_02.29.51,239,sign-optimization-horizontal-vertical_scenario,633,306,3,-8,5,0,90,15,1,138476,AdultFemaleAgent(Clone),6,12,1.58,1.45,2.081055,1,True,2,1,0.5
2026-03-07_02.29.51,239,sign-optimization-horizontal-vertical_scenario,633,306,3,-8,5,0,90,15,1,138477,AdultFemaleAgent(Clone),7,11,1.58,1.450001,10.44531,1,False,2,0,0
2026-03-07_02.29.51,239,sign-optimization-horizontal-vertical_scenario,633,306,3,-8,5,0,90,15,1,138478,WheelchairAgent(Clone),6,12,1.3,1.17,0,0,False,2,0,0
2026-03-07_02.29.51,239,sign-optimization-horizontal-vertical_scenario,633,306,3,-8,5,0,90,15,1,138479,WheelchairAgent(Clone),10,12,1.3,1.17,5.12793,1,True,3,1,0.3333333
2026-03-07_02.29.51,239,sign-optimization-horizontal-vertical_scenario,633,306,3,-8,5,0,90,15,1,138480,AdultFemaleAgent(Clone),11,10,1.58,1.450001,0,0,False,3,0,0
2026-03-07_02.29.51,239,sign-optimization-horizontal-vertical_scenario,633,306,3,-8,5,0,90,15,1,138481,AdultFemaleAgent(Clone),11,10,1.58,1.450001,0,0,False,3,0,0
2026-03-07_02.29.51,239,sign-optimization-horizontal-vertical_scenario,633,306,3,-8,5,0,90,15,1,138482,WheelchairAgent(Clone),7,11,1.3,1.17,11.79199,1,True,2,1,0.5
2026-03-07_02.29.51,239,sign-optimization-horizontal-vertical_scenario,633,306,3,-8,5,0,90,15,1,138483,AdultFemaleAgent(Clone),10,12,1.58,1.45,6.806641,1,True,3,1,0.3333333
2026-03-07_02.29.51,239,sign-optimization-horizontal-vertical_scenario,633,306,3,-8,5,0,90,15,1,138484,WheelchairAgent(Clone),7,11,1.3,1.17,11.47461,1,True,2,1,0.5
2026-03-07_02.29.51,239,sign-optimization-horizontal-vertical_scenario,633,306,3,-8,5,0,90,15,1,138485,AdultFemaleAgent(Clone),7,11,1.58,1.450001,14.38477,1,True,2,1,0.5
2026-03-07_02.29.51,239,sign-optimization-horizontal-vertical_scenario,633,306,3,-8,5,0,90,15,1,138486,AdultFemaleAgent(Clone),6,12,1.58,1.45,0.1660156,1,False,2,1,0.5
2026-03-07_02.29.51,239,sign-optimization-horizontal-vertical_scenario,633,306,3,-8,5,0,90,15,1,138487,WheelchairAgent(Clone),10,12,1.3,1.17,5.292969,1,True,3,1,0.3333333
2026-03-07_02.29.51,239,sign-optimization-horizontal-vertical_scenario,633,306,3,-8,5,0,90,15,1,138488,AdultFemaleAgent(Clone),6,12,1.58,1.45,1.145508,2,True,2,1,0.5
2026-03-07_02.29.51,239,sign-optimization-horizontal-vertical_scenario,633,306,3,-8,5,0,90,15,1,138489,AdultMaleAgent(Clone),7,11,1.71,1.58,11.94238,1,False,2,1,0.5
2026-03-07_02.29.51,239,sign-optimization-horizontal-vertical_scenario,633,306,3,-8,5,0,90,15,1,138490,AdultFemaleAgent(Clone),5,10,1.58,1.45,8.526367,1,True,2,1,0.5
2026-03-07_02.29.51,239,sign-optimization-horizontal-vertical_scenario,633,306,3,-8,5,0,90,15,1,138491,AdultMaleAgent(Clone),6,12,1.71,1.58,1.415039,1,True,2,1,0.5
2026-03-07_02.29.51,239,sign-optimization-horizontal-vertical_scenario,633,306,3,-8,5,0,90,15,1,138492,AdultMaleAgent(Clone),10,12,1.71,1.58,5.386719,1,True,3,1,0.3333333
2026-03-07_02.29.51,239,sign-optimization-horizontal-vertical_scenario,633,306,3,-8,5,0,90,15,1,138493,AdultFemaleAgent(Clone),6,12,1.58,1.45,2.709961,2,True,2,1,0.5
2026-03-07_02.29.51,239,sign-optimization-horizontal-vertical_scenario,633,306,3,-8,5,0,90,15,1,138494,WheelchairAgent(Clone),7,11,1.3,1.17,12.84961,1,True,2,1,0.5
2026-03-07_02.29.51,239,sign-optimization-horizontal-vertical_scenario,633,306,3,-8,5,0,90,15,1,138495,WheelchairAgent(Clone),7,11,1.3,1.17,12.00195,1,False,2,1,0.5
2026-03-07_02.29.51,239,sign-optimization-horizontal-vertical_scenario,633,306,3,-8,5,0,90,15,1,138496,AdultMaleAgent(Clone),11,10,1.71,1.58,0,0,False,3,0,0
2026-03-07_02.29.51,239,sign-optimization-horizontal-vertical_scenario,633,306,3,-8,5,0,90,15,1,138497,AdultMaleAgent(Clone),5,10,1.71,1.58,9.973633,1,True,2,1,0.5
2026-03-07_02.29.51,239,sign-optimization-horizontal-vertical_scenario,633,306,3,-8,5,0,90,15,1,138498,AdultFemaleAgent(Clone),11,10,1.58,1.450001,0,0,False,3,0,0
2026-03-07_02.29.51,239,sign-optimization-horizontal-vertical_scenario,633,306,3,-8,5,0,90,15,1,138499,AdultFemaleAgent(Clone),11,10,1.58,1.450001,0,0,False,3,0,0
2026-03-07_02.29.51,239,sign-optimization-horizontal-vertical_scenario,633,306,3,-8,5,0,90,15,1,138500,WheelchairAgent(Clone),11,10,1.3,1.17,0,0,False,3,0,0
2026-03-07_02.29.51,239,sign-optimization-horizontal-vertical_scenario,633,306,3,-8,5,0,90,15,1,138501,WheelchairAgent(Clone),5,10,1.3,1.17,7.84668,1,True,2,1,0.5
2026-03-07_02.29.51,239,sign-optimization-horizontal-vertical_scenario,633,306,3,-8,5,0,90,15,1,138502,WheelchairAgent(Clone),6,12,1.3,1.17,3.59668,1,True,2,1,0.5
2026-03-07_02.29.51,239,sign-optimization-horizontal-vertical_scenario,633,306,3,-8,5,0,90,15,1,138503,WheelchairAgent(Clone),6,12,1.3,1.17,0.7431641,1,False,2,0,0
2026-03-07_02.29.51,239,sign-optimization-horizontal-vertical_scenario,633,306,3,-8,5,0,90,15,1,138504,WheelchairAgent(Clone),11,10,1.3,1.17,0,0,False,3,0,0
2026-03-07_02.29.51,239,sign-optimization-horizontal-vertical_scenario,633,306,3,-8,5,0,90,15,1,138505,AdultMaleAgent(Clone),6,12,1.71,1.58,3.960938,2,True,2,1,0.5
2026-03-07_02.29.51,239,sign-optimization-horizontal-vertical_scenario,633,306,3,-8,5,0,90,15,1,138506,AdultMaleAgent(Clone),10,12,1.71,1.58,5.592773,1,True,3,1,0.3333333
2026-03-07_02.29.51,239,sign-optimization-horizontal-vertical_scenario,633,306,3,-8,5,0,90,15,1,138507,AdultFemaleAgent(Clone),11,10,1.58,1.450001,0,0,False,3,0,0
2026-03-07_02.29.51,239,sign-optimization-horizontal-vertical_scenario,633,306,3,-8,5,0,90,15,1,138508,AdultFemaleAgent(Clone),10,12,1.58,1.45,5.679688,1,True,3,1,0.3333333
2026-03-07_02.29.51,239,sign-optimization-horizontal-vertical_scenario,633,306,3,-8,5,0,90,15,1,138509,WheelchairAgent(Clone),7,11,1.3,1.17,11.19727,1,True,2,1,0.5
2026-03-07_02.29.51,239,sign-optimization-horizontal-vertical_scenario,633,306,3,-8,5,0,90,15,1,138510,AdultFemaleAgent(Clone),6,12,1.58,1.45,0.1689453,2,False,2,1,0.5
2026-03-07_02.29.51,239,sign-optimization-horizontal-vertical_scenario,633,306,3,-8,5,0,90,15,1,138511,WheelchairAgent(Clone),7,11,1.3,1.17,13.70605,1,True,2,1,0.5
2026-03-07_02.29.51,239,sign-optimization-horizontal-vertical_scenario,633,306,3,-8,5,0,90,15,1,138512,AdultFemaleAgent(Clone),7,11,1.58,1.450001,12.79004,1,True,2,1,0.5
2026-03-07_02.29.51,239,sign-optimization-horizontal-vertical_scenario,633,306,3,-8,5,0,90,15,1,138513,AdultMaleAgent(Clone),11,10,1.71,1.58,0,0,False,3,0,0
2026-03-07_02.29.51,239,sign-optimization-horizontal-vertical_scenario,633,306,3,-8,5,0,90,15,1,138514,WheelchairAgent(Clone),6,12,1.3,1.17,2.967773,1,False,2,1,0.5
2026-03-07_02.29.51,239,sign-optimization-horizontal-vertical_scenario,633,306,3,-8,5,0,90,15,1,138515,AdultMaleAgent(Clone),6,12,1.71,1.58,0,0,False,2,0,0
2026-03-07_02.29.51,239,sign-optimization-horizontal-vertical_scenario,633,306,3,-8,5,0,90,15,1,138516,AdultMaleAgent(Clone),5,10,1.71,1.58,8.646484,1,True,2,1,0.5
2026-03-07_02.29.51,239,sign-optimization-horizontal-vertical_scenario,633,306,3,-8,5,0,90,15,1,138517,AdultMaleAgent(Clone),11,10,1.71,1.58,0,0,False,3,0,0
2026-03-07_02.29.51,239,sign-optimization-horizontal-vertical_scenario,633,306,3,-8,5,0,90,15,1,138518,AdultFemaleAgent(Clone),5,10,1.58,1.45,7.9375,1,True,2,1,0.5
2026-03-07_02.29.51,239,sign-optimization-horizontal-vertical_scenario,633,306,3,-8,5,0,90,15,1,138519,WheelchairAgent(Clone),7,11,1.3,1.17,9.298828,1,False,2,0,0
2026-03-07_02.29.51,239,sign-optimization-horizontal-vertical_scenario,633,306,3,-8,5,0,90,15,1,138520,WheelchairAgent(Clone),5,10,1.3,1.17,8.038086,1,True,2,1,0.5
2026-03-07_02.29.51,239,sign-optimization-horizontal-vertical_scenario,633,306,3,-8,5,0,90,15,1,138521,AdultMaleAgent(Clone),6,12,1.71,1.58,2.417969,2,True,2,1,0.5
2026-03-07_02.29.51,239,sign-optimization-horizontal-vertical_scenario,633,306,3,-8,5,0,90,15,1,138522,AdultFemaleAgent(Clone),7,11,1.58,1.450001,13.06836,1,True,2,1,0.5
2026-03-07_02.29.51,239,sign-optimization-horizontal-vertical_scenario,633,306,3,-8,5,0,90,15,1,138523,WheelchairAgent(Clone),10,12,1.3,1.17,5.729492,1,True,3,1,0.3333333
2026-03-07_02.29.51,239,sign-optimization-horizontal-vertical_scenario,633,306,3,-8,5,0,90,15,1,138524,AdultMaleAgent(Clone),7,11,1.71,1.58,13.22363,1,True,2,1,0.5
2026-03-07_02.29.51,239,sign-optimization-horizontal-vertical_scenario,633,306,3,-8,5,0,90,15,1,138525,WheelchairAgent(Clone),11,10,1.3,1.17,0,0,False,3,0,0
2026-03-07_02.29.51,239,sign-optimization-horizontal-vertical_scenario,633,306,3,-8,5,0,90,15,1,138526,WheelchairAgent(Clone),10,12,1.3,1.17,5.214844,1,True,3,1,0.3333333
2026-03-07_02.29.51,239,sign-optimization-horizontal-vertical_scenario,633,306,3,-8,5,0,90,15,1,138527,AdultFemaleAgent(Clone),7,11,1.58,1.450001,9.571289,1,False,2,0,0
2026-03-07_02.29.51,239,sign-optimization-horizontal-vertical_scenario,633,306,3,-8,5,0,90,15,1,138528,AdultMaleAgent(Clone),5,10,1.71,1.58,9.180664,1,True,2,1,0.5
2026-03-07_02.29.51,239,sign-optimization-horizontal-vertical_scenario,633,306,3,-8,5,0,90,15,1,138529,AdultFemaleAgent(Clone),10,12,1.58,1.45,5.477539,1,True,3,1,0.3333333
2026-03-07_02.29.51,239,sign-optimization-horizontal-vertical_scenario,633,306,3,-8,5,0,90,15,1,138530,AdultFemaleAgent(Clone),10,12,1.58,1.45,4.994141,1,True,3,1,0.3333333
2026-03-07_02.29.51,239,sign-optimization-horizontal-vertical_scenario,633,306,3,-8,5,0,90,15,1,138531,AdultMaleAgent(Clone),11,10,1.71,1.58,0,0,False,3,0,0
2026-03-07_02.29.51,239,sign-optimization-horizontal-vertical_scenario,633,306,3,-8,5,0,90,15,1,138532,WheelchairAgent(Clone),11,10,1.3,1.17,0,0,False,3,0,0
2026-03-07_02.29.51,239,sign-optimization-horizontal-vertical_scenario,633,306,3,-8,5,0,90,15,1,138533,WheelchairAgent(Clone),6,12,1.3,1.17,4.174805,1,False,2,1,0.5
2026-03-07_02.29.51,239,sign-optimization-horizontal-vertical_scenario,633,306,3,-8,5,0,90,15,1,138534,AdultMaleAgent(Clone),11,10,1.71,1.58,0,0,False,3,0,0
2026-03-07_02.29.51,239,sign-optimization-horizontal-vertical_scenario,633,306,3,-8,5,0,90,15,1,138535,WheelchairAgent(Clone),10,12,1.3,1.17,5.299805,1,True,3,1,0.3333333
2026-03-07_02.29.51,239,sign-optimization-horizontal-vertical_scenario,633,306,3,-8,5,0,90,15,1,138536,WheelchairAgent(Clone),7,11,1.3,1.17,11.53711,1,False,2,1,0.5
2026-03-07_02.29.51,239,sign-optimization-horizontal-vertical_scenario,633,306,3,-8,5,0,90,15,1,138537,AdultMaleAgent(Clone),10,12,1.71,1.58,6.15332,1,True,3,1,0.3333333
2026-03-07_02.29.51,239,sign-optimization-horizontal-vertical_scenario,633,306,3,-8,5,0,90,15,1,138538,WheelchairAgent(Clone),5,10,1.3,1.17,6.803711,1,True,2,1,0.5
2026-03-07_02.29.51,239,sign-optimization-horizontal-vertical_scenario,633,306,3,-8,5,0,90,15,1,138539,AdultMaleAgent(Clone),5,10,1.71,1.58,9.135742,1,True,2,1,0.5
2026-03-07_02.29.51,239,sign-optimization-horizontal-vertical_scenario,633,306,3,-8,5,0,90,15,1,138540,AdultFemaleAgent(Clone),5,10,1.58,1.45,8.952148,1,True,2,1,0.5
2026-03-07_02.29.51,239,sign-optimization-horizontal-vertical_scenario,633,306,3,-8,5,0,90,15,1,138541,WheelchairAgent(Clone),6,12,1.3,1.17,0,0,False,2,0,0
2026-03-07_02.29.51,239,sign-optimization-horizontal-vertical_scenario,633,306,3,-8,5,0,90,15,1,138542,AdultFemaleAgent(Clone),10,12,1.58,1.45,6.855469,1,True,3,1,0.3333333
2026-03-07_02.29.51,239,sign-optimization-horizontal-vertical_scenario,633,306,3,-8,5,0,90,15,1,138543,AdultFemaleAgent(Clone),6,12,1.58,1.45,4.637695,1,True,2,1,0.5
2026-03-07_02.29.51,239,sign-optimization-horizontal-vertical_scenario,633,306,3,-8,5,0,90,15,1,138544,WheelchairAgent(Clone),11,10,1.3,1.17,0,0,False,3,0,0
2026-03-07_02.29.51,239,sign-optimization-horizontal-vertical_scenario,633,306,3,-8,5,0,90,15,1,138545,AdultMaleAgent(Clone),11,10,1.71,1.58,0,0,False,3,0,0
2026-03-07_02.29.51,239,sign-optimization-horizontal-vertical_scenario,633,306,3,-8,5,0,90,15,1,138546,AdultFemaleAgent(Clone),5,10,1.58,1.45,9.748047,1,True,2,1,0.5
2026-03-07_02.29.51,239,sign-optimization-horizontal-vertical_scenario,633,306,3,-8,5,0,90,15,1,138547,WheelchairAgent(Clone),10,12,1.3,1.17,5.53125,1,True,3,1,0.3333333
2026-03-07_02.29.51,239,sign-optimization-horizontal-vertical_scenario,633,306,3,-8,5,0,90,15,1,138548,WheelchairAgent(Clone),11,10,1.3,1.17,0,0,False,3,0,0
2026-03-07_02.29.51,239,sign-optimization-horizontal-vertical_scenario,633,306,3,-8,5,0,90,15,1,138549,AdultMaleAgent(Clone),11,10,1.71,1.58,0,0,False,3,0,0
2026-03-07_02.29.51,239,sign-optimization-horizontal-vertical_scenario,633,306,3,-8,5,0,90,15,1,138550,AdultMaleAgent(Clone),6,12,1.71,1.58,1.454102,1,True,2,1,0.5
2026-03-07_02.29.51,239,sign-optimization-horizontal-vertical_scenario,633,306,3,-8,5,0,90,15,1,138551,AdultMaleAgent(Clone),10,12,1.71,1.58,5.738281,1,True,3,1,0.3333333
2026-03-07_02.29.51,239,sign-optimization-horizontal-vertical_scenario,633,306,3,-8,5,0,90,15,1,138552,WheelchairAgent(Clone),5,10,1.3,1.17,7.248047,1,True,2,1,0.5
2026-03-07_02.29.51,239,sign-optimization-horizontal-vertical_scenario,633,306,3,-8,5,0,90,15,1,138553,AdultMaleAgent(Clone),7,11,1.71,1.58,11.91211,1,False,2,1,0.5
2026-03-07_02.29.51,239,sign-optimization-horizontal-vertical_scenario,633,306,3,-8,5,0,90,15,1,138554,AdultMaleAgent(Clone),11,10,1.71,1.58,0,0,False,3,0,0
2026-03-07_02.29.51,239,sign-optimization-horizontal-vertical_scenario,633,306,3,-8,5,0,90,15,1,138555,WheelchairAgent(Clone),7,11,1.3,1.17,0,0,False,2,1,0.5
2026-03-07_02.29.51,239,sign-optimization-horizontal-vertical_scenario,633,306,3,-8,5,0,90,15,1,138556,WheelchairAgent(Clone),7,11,1.3,1.17,0,0,False,2,0,0
2026-03-07_02.29.51,239,sign-optimization-horizontal-vertical_scenario,633,306,3,-8,5,0,90,15,1,138557,AdultMaleAgent(Clone),5,10,1.71,1.58,7.361328,1,True,2,1,0.5
2026-03-07_02.29.51,239,sign-optimization-horizontal-vertical_scenario,633,306,3,-8,5,0,90,15,1,138558,AdultFemaleAgent(Clone),6,12,1.58,1.45,0,0,False,2,0,0
2026-03-07_02.29.51,239,sign-optimization-horizontal-vertical_scenario,633,306,3,-8,5,0,90,15,1,138559,AdultMaleAgent(Clone),11,10,1.71,1.58,0,0,False,3,0,0
2026-03-07_02.29.51,239,sign-optimization-horizontal-vertical_scenario,633,306,3,-8,5,0,90,15,1,138560,WheelchairAgent(Clone),7,11,1.3,1.17,0,0,True,2,1,0.5
2026-03-07_02.29.51,239,sign-optimization-horizontal-vertical_scenario,633,306,3,-8,5,0,90,15,1,138561,AdultFemaleAgent(Clone),5,10,1.58,1.45,8.580078,1,True,2,1,0.5
2026-03-07_02.29.51,239,sign-optimization-horizontal-vertical_scenario,633,306,3,-8,5,0,90,15,1,138562,AdultFemaleAgent(Clone),6,12,1.58,1.45,4.585938,1,True,2,1,0.5
2026-03-07_02.29.51,239,sign-optimization-horizontal-vertical_scenario,633,306,3,-8,5,0,90,15,1,138563,AdultMaleAgent(Clone),5,10,1.71,1.58,7.682617,1,True,2,1,0.5
2026-03-07_02.29.51,239,sign-optimization-horizontal-vertical_scenario,633,306,3,-8,5,0,90,15,1,138564,AdultFemaleAgent(Clone),10,12,1.58,1.45,5.673828,1,True,3,1,0.3333333
2026-03-07_02.29.51,239,sign-optimization-horizontal-vertical_scenario,633,306,3,-8,5,0,90,15,1,138565,WheelchairAgent(Clone),6,12,1.3,1.17,0,0,False,2,0,0
2026-03-07_02.29.51,239,sign-optimization-horizontal-vertical_scenario,633,306,3,-8,5,0,90,15,1,138566,WheelchairAgent(Clone),11,10,1.3,1.17,0,0,False,3,0,0
2026-03-07_02.29.51,239,sign-optimization-horizontal-vertical_scenario,633,306,3,-8,5,0,90,15,1,138567,AdultMaleAgent(Clone),7,11,1.71,1.58,0,0,True,2,1,0.5
2026-03-07_02.29.51,239,sign-optimization-horizontal-vertical_scenario,633,306,3,-8,5,0,90,15,1,138568,AdultFemaleAgent(Clone),7,11,1.58,1.450001,0,0,True,2,1,0.5
2026-03-07_02.29.51,239,sign-optimization-horizontal-vertical_scenario,633,306,3,-8,5,0,90,15,1,138569,AdultMaleAgent(Clone),7,11,1.71,1.58,0,0,False,2,1,0.5
2026-03-07_02.29.51,239,sign-optimization-horizontal-vertical_scenario,633,306,3,-8,5,0,90,15,1,138570,AdultMaleAgent(Clone),5,10,1.71,1.58,0,0,True,2,1,0.5
2026-03-07_02.29.51,239,sign-optimization-horizontal-vertical_scenario,633,306,3,-8,5,0,90,15,1,138571,WheelchairAgent(Clone),5,10,1.3,1.17,0,0,True,2,1,0.5
2026-03-07_02.29.51,239,sign-optimization-horizontal-vertical_scenario,633,306,3,-8,5,0,90,15,1,138572,WheelchairAgent(Clone),6,12,1.3,1.17,4.925781,1,True,2,1,0.5
2026-03-07_02.29.51,239,sign-optimization-horizontal-vertical_scenario,633,306,3,-8,5,0,90,15,1,138573,AdultFemaleAgent(Clone),11,10,1.58,1.450001,0,0,False,3,0,0
2026-03-07_02.29.51,239,sign-optimization-horizontal-vertical_scenario,633,306,3,-8,5,0,90,15,1,138574,AdultFemaleAgent(Clone),6,12,1.58,1.45,5.070313,1,True,2,1,0.5
2026-03-07_02.29.51,239,sign-optimization-horizontal-vertical_scenario,633,306,3,-8,5,0,90,15,1,138575,AdultMaleAgent(Clone),6,12,1.71,1.58,4.920898,1,True,2,1,0.5
2026-03-07_02.29.51,239,sign-optimization-horizontal-vertical_scenario,633,306,3,-8,5,0,90,15,1,138576,AdultFemaleAgent(Clone),5,10,1.58,1.45,0,0,True,2,1,0.5
2026-03-07_02.29.51,239,sign-optimization-horizontal-vertical_scenario,633,306,3,-8,5,0,90,15,1,138577,AdultFemaleAgent(Clone),11,10,1.58,1.450001,0,0,False,3,0,0
2026-03-07_02.29.51,239,sign-optimization-horizontal-vertical_scenario,633,306,3,-8,5,0,90,15,1,138578,AdultMaleAgent(Clone),10,12,1.71,1.58,6.348633,1,True,3,1,0.3333333
2026-03-07_02.29.51,239,sign-optimization-horizontal-vertical_scenario,633,306,3,-8,5,0,90,15,1,138579,WheelchairAgent(Clone),5,10,1.3,1.17,0,0,False,2,1,0.5
2026-03-07_02.29.51,239,sign-optimization-horizontal-vertical_scenario,633,306,3,-8,5,0,90,15,1,138580,AdultMaleAgent(Clone),7,11,1.71,1.58,0,0,False,2,1,0.5
2026-03-07_02.29.51,239,sign-optimization-horizontal-vertical_scenario,633,306,3,-8,5,0,90,15,1,138581,AdultMaleAgent(Clone),10,12,1.71,1.58,5.369141,1,True,3,1,0.3333333
2026-03-07_02.29.51,239,sign-optimization-horizontal-vertical_scenario,633,306,3,-8,5,0,90,15,1,138582,AdultMaleAgent(Clone),10,12,1.71,1.58,6.578125,1,True,3,1,0.3333333
2026-03-07_02.29.51,239,sign-optimization-horizontal-vertical_scenario,633,306,3,-8,5,0,90,15,1,138583,WheelchairAgent(Clone),6,12,1.3,1.17,0,0,False,2,0,0
2026-03-07_02.29.51,239,sign-optimization-horizontal-vertical_scenario,633,306,3,-8,5,0,90,15,1,138584,AdultFemaleAgent(Clone),5,10,1.58,1.45,0,0,True,2,1,0.5
2026-03-07_02.29.51,239,sign-optimization-horizontal-vertical_scenario,633,306,3,-8,5,0,90,15,1,138585,AdultFemaleAgent(Clone),11,10,1.58,1.450001,0,0,False,3,0,0
2026-03-07_02.29.51,239,sign-optimization-horizontal-vertical_scenario,633,306,3,-8,5,0,90,15,1,138586,AdultMaleAgent(Clone),7,11,1.71,1.58,0,0,False,2,0,0
2026-03-07_02.29.51,239,sign-optimization-horizontal-vertical_scenario,633,306,3,-8,5,0,90,15,1,138587,AdultFemaleAgent(Clone),10,12,1.58,1.45,5.808594,1,True,3,1,0.3333333
2026-03-07_02.29.51,239,sign-optimization-horizontal-vertical_scenario,633,306,3,-8,5,0,90,15,1,138588,WheelchairAgent(Clone),6,12,1.3,1.17,1.255859,1,False,2,1,0.5
2026-03-07_02.29.51,239,sign-optimization-horizontal-vertical_scenario,633,306,3,-8,5,0,90,15,1,138589,AdultMaleAgent(Clone),7,11,1.71,1.58,0,0,False,2,1,0.5
2026-03-07_02.29.51,239,sign-optimization-horizontal-vertical_scenario,633,306,3,-8,5,0,90,15,1,138590,AdultMaleAgent(Clone),5,10,1.71,1.58,0,0,True,2,1,0.5
2026-03-07_02.29.51,239,sign-optimization-horizontal-vertical_scenario,633,306,3,-8,5,0,90,15,1,138591,AdultMaleAgent(Clone),10,12,1.71,1.58,6.376953,1,True,3,1,0.3333333
2026-03-07_02.29.51,239,sign-optimization-horizontal-vertical_scenario,633,306,3,-8,5,0,90,15,1,138592,AdultFemaleAgent(Clone),7,11,1.58,1.450001,0,0,True,2,1,0.5
2026-03-07_02.29.51,239,sign-optimization-horizontal-vertical_scenario,633,306,3,-8,5,0,90,15,1,138593,AdultFemaleAgent(Clone),6,12,1.58,1.45,5.839844,1,True,2,1,0.5
2026-03-07_02.29.51,239,sign-optimization-horizontal-vertical_scenario,633,306,3,-8,5,0,90,15,1,138594,AdultMaleAgent(Clone),7,11,1.71,1.58,0,0,True,2,1,0.5
2026-03-07_02.29.51,239,sign-optimization-horizontal-vertical_scenario,633,306,3,-8,5,0,90,15,1,138595,AdultFemaleAgent(Clone),7,11,1.58,1.450001,0,0,True,2,1,0.5
2026-03-07_02.29.51,239,sign-optimization-horizontal-vertical_scenario,633,306,3,-8,5,0,90,15,1,138596,AdultMaleAgent(Clone),6,12,1.71,1.58,2.704102,1,True,2,1,0.5
2026-03-07_02.29.51,239,sign-optimization-horizontal-vertical_scenario,633,306,3,-8,5,0,90,15,1,138597,AdultMaleAgent(Clone),10,12,1.71,1.58,5.712891,1,True,3,1,0.3333333
2026-03-07_02.29.51,239,sign-optimization-horizontal-vertical_scenario,633,306,3,-8,5,0,90,15,1,138598,AdultFemaleAgent(Clone),6,12,1.58,1.45,2.432617,1,False,2,1,0.5
2026-03-07_02.29.51,239,sign-optimization-horizontal-vertical_scenario,633,306,3,-8,5,0,90,15,1,138599,AdultFemaleAgent(Clone),7,11,1.58,1.450001,0,0,False,2,0,0
2026-03-07_02.29.51,239,sign-optimization-horizontal-vertical_scenario,633,306,3,-8,5,0,90,15,1,138600,AdultMaleAgent(Clone),7,11,1.71,1.58,0,0,False,2,0,0
2026-03-07_02.29.51,239,sign-optimization-horizontal-vertical_scenario,633,306,3,-8,5,0,90,15,1,138601,AdultFemaleAgent(Clone),5,10,1.58,1.45,0,0,True,2,1,0.5
2026-03-07_02.29.51,239,sign-optimization-horizontal-vertical_scenario,633,306,3,-8,5,0,90,15,1,138602,AdultFemaleAgent(Clone),5,10,1.58,1.45,0,0,False,2,1,0.5
2026-03-07_02.29.51,239,sign-optimization-horizontal-vertical_scenario,633,306,3,-8,5,0,90,15,1,138603,AdultFemaleAgent(Clone),5,10,1.58,1.45,0,0,True,2,1,0.5
2026-03-07_02.29.51,239,sign-optimization-horizontal-vertical_scenario,633,306,3,-8,5,0,90,15,1,138604,WheelchairAgent(Clone),10,12,1.3,1.17,5.71582,1,True,3,1,0.3333333
2026-03-07_02.29.51,239,sign-optimization-horizontal-vertical_scenario,633,306,3,-8,5,0,90,15,1,138605,AdultFemaleAgent(Clone),10,12,1.58,1.45,6.198242,1,True,3,1,0.3333333
2026-03-07_02.29.51,239,sign-optimization-horizontal-vertical_scenario,633,306,3,-8,5,0,90,15,1,138606,AdultMaleAgent(Clone),7,11,1.71,1.58,0,0,False,2,1,0.5
2026-03-07_02.29.51,239,sign-optimization-horizontal-vertical_scenario,633,306,3,-8,5,0,90,15,1,138607,AdultMaleAgent(Clone),5,10,1.71,1.58,0,0,True,2,1,0.5
2026-03-07_02.29.51,239,sign-optimization-horizontal-vertical_scenario,633,306,3,-8,5,0,90,15,1,138608,WheelchairAgent(Clone),10,12,1.3,1.17,5.228516,1,True,3,1,0.3333333
2026-03-07_02.29.51,239,sign-optimization-horizontal-vertical_scenario,633,306,3,-8,5,0,90,15,1,138609,WheelchairAgent(Clone),6,12,1.3,1.17,2.798828,1,True,2,1,0.5
2026-03-07_02.29.51,239,sign-optimization-horizontal-vertical_scenario,633,306,3,-8,5,0,90,15,1,138610,AdultFemaleAgent(Clone),5,10,1.58,1.45,0,0,True,2,1,0.5
2026-03-07_02.29.51,239,sign-optimization-horizontal-vertical_scenario,633,306,3,-8,5,0,90,15,1,138611,AdultMaleAgent(Clone),7,11,1.71,1.58,0,0,True,2,1,0.5
2026-03-07_02.29.51,239,sign-optimization-horizontal-vertical_scenario,633,306,3,-8,5,0,90,15,1,138612,AdultFemaleAgent(Clone),10,12,1.58,1.45,6.40918,1,True,3,1,0.3333333
2026-03-07_02.29.51,239,sign-optimization-horizontal-vertical_scenario,633,306,3,-8,5,0,90,15,1,138613,AdultMaleAgent(Clone),5,10,1.71,1.58,0,0,True,2,1,0.5
2026-03-07_02.29.51,239,sign-optimization-horizontal-vertical_scenario,633,306,3,-8,5,0,90,15,1,138614,WheelchairAgent(Clone),7,11,1.3,1.17,0,0,False,2,0,0
2026-03-07_02.29.51,239,sign-optimization-horizontal-vertical_scenario,633,306,3,-8,5,0,90,15,1,138615,AdultFemaleAgent(Clone),5,10,1.58,1.45,0,0,False,2,1,0.5
2026-03-07_02.29.51,239,sign-optimization-horizontal-vertical_scenario,633,306,3,-8,5,0,90,15,1,138616,AdultFemaleAgent(Clone),7,11,1.58,1.450001,0,0,False,2,0,0
2026-03-07_02.29.51,239,sign-optimization-horizontal-vertical_scenario,633,306,3,-8,5,0,90,15,1,138617,WheelchairAgent(Clone),6,12,1.3,1.17,3.696289,1,True,2,1,0.5
2026-03-07_02.29.51,239,sign-optimization-horizontal-vertical_scenario,633,306,3,-8,5,0,90,15,1,138618,AdultFemaleAgent(Clone),5,10,1.58,1.45,0,0,False,2,1,0.5
2026-03-07_02.29.51,239,sign-optimization-horizontal-vertical_scenario,633,306,3,-8,5,0,90,15,1,138619,AdultMaleAgent(Clone),10,12,1.71,1.58,5.240234,1,True,3,1,0.3333333
2026-03-07_02.29.51,239,sign-optimization-horizontal-vertical_scenario,633,306,3,-8,5,0,90,15,1,138620,AdultFemaleAgent(Clone),10,12,1.58,1.45,5.086914,1,True,3,1,0.3333333
2026-03-07_02.29.51,239,sign-optimization-horizontal-vertical_scenario,633,306,3,-8,5,0,90,15,1,138621,AdultMaleAgent(Clone),7,11,1.71,1.58,0,0,False,2,1,0.5
2026-03-07_02.29.51,239,sign-optimization-horizontal-vertical_scenario,633,306,3,-8,5,0,90,15,1,138622,AdultMaleAgent(Clone),6,12,1.71,1.58,3.941406,1,True,2,1,0.5
2026-03-07_02.29.51,239,sign-optimization-horizontal-vertical_scenario,633,306,3,-8,5,0,90,15,1,138623,AdultMaleAgent(Clone),6,12,1.71,1.58,3.033203,1,True,2,1,0.5
2026-03-07_02.29.51,239,sign-optimization-horizontal-vertical_scenario,633,306,3,-8,5,0,90,15,1,138624,WheelchairAgent(Clone),5,10,1.3,1.17,0,0,False,2,1,0.5
2026-03-07_02.29.51,239,sign-optimization-horizontal-vertical_scenario,633,306,3,-8,5,0,90,15,1,138625,AdultMaleAgent(Clone),10,12,1.71,1.58,6.044922,1,True,3,1,0.3333333
2026-03-07_02.29.51,239,sign-optimization-horizontal-vertical_scenario,633,306,3,-8,5,0,90,15,1,138626,WheelchairAgent(Clone),10,12,1.3,1.17,0,0,True,3,1,0.3333333
2026-03-07_02.29.51,239,sign-optimization-horizontal-vertical_scenario,633,306,3,-8,5,0,90,15,1,138627,WheelchairAgent(Clone),5,10,1.3,1.17,0,0,False,2,1,0.5
2026-03-07_02.29.51,239,sign-optimization-horizontal-vertical_scenario,633,306,3,-8,5,0,90,15,1,138628,AdultFemaleAgent(Clone),7,11,1.58,1.450001,0,0,False,2,0,0
2026-03-07_02.29.51,239,sign-optimization-horizontal-vertical_scenario,633,306,3,-8,5,0,90,15,1,138629,WheelchairAgent(Clone),11,10,1.3,1.17,0,0,False,3,0,0
2026-03-07_02.29.51,239,sign-optimization-horizontal-vertical_scenario,633,306,3,-8,5,0,90,15,1,138630,AdultFemaleAgent(Clone),6,12,1.58,1.45,3.298828,1,True,2,1,0.5
2026-03-07_02.29.51,239,sign-optimization-horizontal-vertical_scenario,633,306,3,-8,5,0,90,15,1,138631,AdultMaleAgent(Clone),7,11,1.71,1.58,0,0,True,2,1,0.5
2026-03-07_02.29.51,239,sign-optimization-horizontal-vertical_scenario,633,306,3,-8,5,0,90,15,1,138632,AdultFemaleAgent(Clone),6,12,1.58,1.45,1.861328,1,True,2,1,0.5
2026-03-07_02.29.51,239,sign-optimization-horizontal-vertical_scenario,633,306,3,-8,5,0,90,15,1,138633,WheelchairAgent(Clone),10,12,1.3,1.17,5.258789,1,True,3,1,0.3333333
2026-03-07_02.29.51,239,sign-optimization-horizontal-vertical_scenario,633,306,3,-8,5,0,90,15,1,138634,AdultFemaleAgent(Clone),7,11,1.58,1.450001,0,0,False,2,1,0.5
2026-03-07_02.29.51,239,sign-optimization-horizontal-vertical_scenario,633,306,3,-8,5,0,90,15,1,138635,WheelchairAgent(Clone),5,10,1.3,1.17,0,0,False,2,1,0.5
2026-03-07_02.29.51,239,sign-optimization-horizontal-vertical_scenario,633,306,3,-8,5,0,90,15,1,138636,AdultFemaleAgent(Clone),11,10,1.58,1.450001,0,0,False,3,0,0
2026-03-07_02.29.51,239,sign-optimization-horizontal-vertical_scenario,633,306,3,-8,5,0,90,15,1,138637,AdultMaleAgent(Clone),7,11,1.71,1.58,0,0,False,2,1,0.5
2026-03-07_02.29.51,239,sign-optimization-horizontal-vertical_scenario,633,306,3,-8,5,0,90,15,1,138638,WheelchairAgent(Clone),11,10,1.3,1.17,0,0,False,3,0,0
2026-03-07_02.29.51,239,sign-optimization-horizontal-vertical_scenario,633,306,3,-8,5,0,90,15,1,138639,AdultFemaleAgent(Clone),5,10,1.58,1.45,0,0,False,2,0,0
2026-03-07_02.29.51,239,sign-optimization-horizontal-vertical_scenario,633,306,3,-8,5,0,90,15,1,138640,AdultMaleAgent(Clone),5,10,1.71,1.58,0,0,True,2,1,0.5
2026-03-07_02.29.51,239,sign-optimization-horizontal-vertical_scenario,633,306,3,-8,5,0,90,15,1,138641,AdultMaleAgent(Clone),7,11,1.71,1.58,0,0,False,2,0,0
2026-03-07_02.29.51,239,sign-optimization-horizontal-vertical_scenario,633,306,3,-8,5,0,90,15,1,138642,AdultFemaleAgent(Clone),5,10,1.58,1.45,0,0,False,2,0,0
2026-03-07_02.29.51,239,sign-optimization-horizontal-vertical_scenario,633,306,3,-8,5,0,90,15,1,138643,AdultMaleAgent(Clone),5,10,1.71,1.58,0,0,False,2,1,0.5
2026-03-07_02.29.51,239,sign-optimization-horizontal-vertical_scenario,633,306,3,-8,5,0,90,15,1,138644,WheelchairAgent(Clone),7,11,1.3,1.17,0,0,False,2,0,0
2026-03-07_02.29.51,239,sign-optimization-horizontal-vertical_scenario,633,306,3,-8,5,0,90,15,1,138645,AdultMaleAgent(Clone),10,12,1.71,1.58,0,0,True,3,1,0.3333333
2026-03-07_02.29.51,239,sign-optimization-horizontal-vertical_scenario,633,306,3,-8,5,0,90,15,1,138646,WheelchairAgent(Clone),5,10,1.3,1.17,0,0,False,2,1,0.5
2026-03-07_02.29.51,239,sign-optimization-horizontal-vertical_scenario,633,306,3,-8,5,0,90,15,1,138647,AdultMaleAgent(Clone),11,10,1.71,1.58,0,0,False,3,0,0
2026-03-07_02.29.51,239,sign-optimization-horizontal-vertical_scenario,633,306,3,-8,5,0,90,15,1,138648,AdultFemaleAgent(Clone),7,11,1.58,1.450001,0,0,True,2,1,0.5
2026-03-07_02.29.51,239,sign-optimization-horizontal-vertical_scenario,633,306,3,-8,5,0,90,15,1,138649,AdultMaleAgent(Clone),7,11,1.71,1.58,0,0,False,2,0,0
2026-03-07_02.29.51,239,sign-optimization-horizontal-vertical_scenario,633,306,3,-8,5,0,90,15,1,138650,AdultFemaleAgent(Clone),7,11,1.58,1.450001,0,0,False,2,1,0.5
2026-03-07_02.29.51,239,sign-optimization-horizontal-vertical_scenario,633,306,3,-8,5,0,90,15,1,138651,AdultMaleAgent(Clone),10,12,1.71,1.58,0,0,True,3,1,0.3333333
2026-03-07_02.29.51,239,sign-optimization-horizontal-vertical_scenario,633,306,3,-8,5,0,90,15,1,138652,WheelchairAgent(Clone),10,12,1.3,1.17,0,0,True,3,1,0.3333333
2026-03-07_02.29.51,239,sign-optimization-horizontal-vertical_scenario,633,306,3,-8,5,0,90,15,1,138653,AdultFemaleAgent(Clone),11,10,1.58,1.450001,0,0,False,3,0,0
2026-03-07_02.29.51,239,sign-optimization-horizontal-vertical_scenario,633,306,3,-8,5,0,90,15,1,138654,AdultMaleAgent(Clone),11,10,1.71,1.58,0,0,False,3,0,0
2026-03-07_02.29.51,239,sign-optimization-horizontal-vertical_scenario,633,306,3,-8,5,0,90,15,1,138655,AdultMaleAgent(Clone),7,11,1.71,1.58,0,0,True,2,1,0.5
2026-03-07_02.29.51,239,sign-optimization-horizontal-vertical_scenario,633,306,3,-8,5,0,90,15,1,138656,AdultMaleAgent(Clone),6,12,1.71,1.58,2.49707,1,True,2,1,0.5
2026-03-07_02.29.51,239,sign-optimization-horizontal-vertical_scenario,633,306,3,-8,5,0,90,15,1,138657,WheelchairAgent(Clone),5,10,1.3,1.17,0,0,False,2,0,0
2026-03-07_02.29.51,239,sign-optimization-horizontal-vertical_scenario,633,306,3,-8,5,0,90,15,1,138658,AdultMaleAgent(Clone),5,10,1.71,1.58,0,0,False,2,0,0
2026-03-07_02.29.51,239,sign-optimization-horizontal-vertical_scenario,633,306,3,-8,5,0,90,15,1,138659,WheelchairAgent(Clone),10,12,1.3,1.17,0,0,False,3,0,0
2026-03-07_02.29.51,239,sign-optimization-horizontal-vertical_scenario,633,306,3,-8,5,0,90,15,1,138660,AdultFemaleAgent(Clone),10,12,1.58,1.45,0,0,False,3,1,0.3333333
2026-03-07_02.29.51,239,sign-optimization-horizontal-vertical_scenario,633,306,3,-8,5,0,90,15,1,138661,AdultFemaleAgent(Clone),6,12,1.58,1.45,1.351563,1,False,2,1,0.5
2026-03-07_02.29.51,239,sign-optimization-horizontal-vertical_scenario,633,306,3,-8,5,0,90,15,1,138662,AdultFemaleAgent(Clone),7,11,1.58,1.450001,0,0,False,2,0,0
2026-03-07_02.29.51,239,sign-optimization-horizontal-vertical_scenario,633,306,3,-8,5,0,90,15,1,138663,WheelchairAgent(Clone),11,10,1.3,1.17,0,0,False,3,0,0
2026-03-07_02.29.51,239,sign-optimization-horizontal-vertical_scenario,633,306,3,-8,5,0,90,15,1,138664,WheelchairAgent(Clone),10,12,1.3,1.17,0,0,True,3,1,0.3333333
2026-03-07_02.29.51,239,sign-optimization-horizontal-vertical_scenario,633,306,3,-8,5,0,90,15,1,138665,WheelchairAgent(Clone),10,12,1.3,1.17,0,0,True,3,1,0.3333333
2026-03-07_02.29.51,239,sign-optimization-horizontal-vertical_scenario,633,306,3,-8,5,0,90,15,1,138666,AdultMaleAgent(Clone),5,10,1.71,1.58,0,0,False,2,0,0
2026-03-07_02.29.51,239,sign-optimization-horizontal-vertical_scenario,633,306,3,-8,5,0,90,15,1,138667,WheelchairAgent(Clone),11,10,1.3,1.17,0,0,False,3,0,0
2026-03-07_02.29.51,239,sign-optimization-horizontal-vertical_scenario,633,306,3,-8,5,0,90,15,1,138668,AdultFemaleAgent(Clone),5,10,1.58,1.45,0,0,False,2,0,0
2026-03-07_02.29.51,239,sign-optimization-horizontal-vertical_scenario,633,306,3,-8,5,0,90,15,1,138669,WheelchairAgent(Clone),6,12,1.3,1.17,0.09277344,1,False,2,1,0.5
2026-03-07_02.29.51,239,sign-optimization-horizontal-vertical_scenario,633,306,3,-8,5,0,90,15,1,138670,AdultFemaleAgent(Clone),10,12,1.58,1.45,0,0,True,3,1,0.3333333
2026-03-07_02.29.51,239,sign-optimization-horizontal-vertical_scenario,633,306,3,-8,5,0,90,15,1,138671,AdultFemaleAgent(Clone),7,11,1.58,1.450001,0,0,False,2,1,0.5
2026-03-07_02.29.51,239,sign-optimization-horizontal-vertical_scenario,633,306,3,-8,5,0,90,15,1,138672,AdultFemaleAgent(Clone),5,10,1.58,1.45,0,0,False,2,0,0
2026-03-07_02.29.51,239,sign-optimization-horizontal-vertical_scenario,633,306,3,-8,5,0,90,15,1,138673,AdultMaleAgent(Clone),6,12,1.71,1.58,0,0,True,2,1,0.5
2026-03-07_02.29.51,239,sign-optimization-horizontal-vertical_scenario,633,306,3,-8,5,0,90,15,1,138674,AdultMaleAgent(Clone),6,12,1.71,1.58,0,0,False,2,0,0
2026-03-07_02.29.51,239,sign-optimization-horizontal-vertical_scenario,633,306,3,-8,5,0,90,15,1,138675,AdultMaleAgent(Clone),7,11,1.71,1.58,0,0,False,2,1,0.5
2026-03-07_02.29.51,239,sign-optimization-horizontal-vertical_scenario,633,306,3,-8,5,0,90,15,1,138676,AdultMaleAgent(Clone),7,11,1.71,1.58,0,0,False,2,0,0
2026-03-07_02.29.51,239,sign-optimization-horizontal-vertical_scenario,633,306,3,-8,5,0,90,15,1,138677,WheelchairAgent(Clone),6,12,1.3,1.17,0,0,False,2,1,0.5
2026-03-07_02.29.51,239,sign-optimization-horizontal-vertical_scenario,633,306,3,-8,5,0,90,15,1,138678,AdultMaleAgent(Clone),7,11,1.71,1.58,0,0,False,2,1,0.5
2026-03-07_02.29.51,239,sign-optimization-horizontal-vertical_scenario,633,306,3,-8,5,0,90,15,1,138679,AdultFemaleAgent(Clone),11,10,1.58,1.450001,0,0,False,3,0,0
2026-03-07_02.29.51,239,sign-optimization-horizontal-vertical_scenario,633,306,3,-8,5,0,90,15,1,138680,WheelchairAgent(Clone),11,10,1.3,1.17,0,0,False,3,0,0
2026-03-07_02.29.51,239,sign-optimization-horizontal-vertical_scenario,633,306,3,-8,5,0,90,15,1,138681,AdultFemaleAgent(Clone),6,12,1.58,1.45,0,0,False,2,0,0
2026-03-07_02.29.51,239,sign-optimization-horizontal-vertical_scenario,633,306,3,-8,5,0,90,15,1,138682,AdultMaleAgent(Clone),7,11,1.71,1.58,0,0,False,2,0,0
2026-03-07_02.29.51,239,sign-optimization-horizontal-vertical_scenario,633,306,3,-8,5,0,90,15,1,138683,AdultMaleAgent(Clone),7,11,1.71,1.58,0,0,False,2,0,0
2026-03-07_02.29.51,239,sign-optimization-horizontal-vertical_scenario,633,306,3,-8,5,0,90,15,1,138684,AdultFemaleAgent(Clone),7,11,1.58,1.450001,0,0,False,2,0,0
2026-03-07_02.29.51,239,sign-optimization-horizontal-vertical_scenario,633,306,3,-8,5,0,90,15,1,138685,WheelchairAgent(Clone),7,11,1.3,1.17,0,0,False,2,0,0
2026-03-07_02.29.51,239,sign-optimization-horizontal-vertical_scenario,633,306,3,-8,5,0,90,15,1,138686,WheelchairAgent(Clone),10,12,1.3,1.17,0,0,True,3,1,0.3333333
2026-03-07_02.29.51,239,sign-optimization-horizontal-vertical_scenario,633,306,3,-8,5,0,90,15,1,138687,WheelchairAgent(Clone),11,10,1.3,1.17,0,0,False,3,0,0
2026-03-07_02.29.51,239,sign-optimization-horizontal-vertical_scenario,633,306,3,-8,5,0,90,15,1,138688,AdultFemaleAgent(Clone),10,12,1.58,1.45,0,0,True,3,1,0.3333333
2026-03-07_02.29.51,239,sign-optimization-horizontal-vertical_scenario,633,306,3,-8,5,0,90,15,1,138689,AdultFemaleAgent(Clone),6,12,1.58,1.45,0,0,False,2,1,0.5
2026-03-07_02.29.51,239,sign-optimization-horizontal-vertical_scenario,633,306,3,-8,5,0,90,15,1,138690,WheelchairAgent(Clone),10,12,1.3,1.17,0,0,True,3,1,0.3333333
2026-03-07_02.29.51,239,sign-optimization-horizontal-vertical_scenario,633,306,3,-8,5,0,90,15,1,138691,AdultMaleAgent(Clone),5,10,1.71,1.58,0,0,False,2,0,0
2026-03-07_02.29.51,239,sign-optimization-horizontal-vertical_scenario,633,306,3,-8,5,0,90,15,1,138692,AdultMaleAgent(Clone),5,10,1.71,1.58,0,0,False,2,0,0
2026-03-07_02.29.51,239,sign-optimization-horizontal-vertical_scenario,633,306,3,-8,5,0,90,15,1,138693,AdultMaleAgent(Clone),11,10,1.71,1.58,0,0,False,3,0,0
2026-03-07_02.29.51,239,sign-optimization-horizontal-vertical_scenario,633,306,3,-8,5,0,90,15,1,138694,AdultMaleAgent(Clone),5,10,1.71,1.58,0,0,False,2,0,0
2026-03-07_02.29.51,239,sign-optimization-horizontal-vertical_scenario,633,306,3,-8,5,0,90,15,1,138695,WheelchairAgent(Clone),7,11,1.3,1.17,0,0,False,2,0,0
2026-03-07_02.29.51,239,sign-optimization-horizontal-vertical_scenario,633,306,3,-8,5,0,90,15,1,138696,AdultFemaleAgent(Clone),10,12,1.58,1.45,0,0,False,3,1,0.3333333
2026-03-07_02.29.51,239,sign-optimization-horizontal-vertical_scenario,633,306,3,-8,5,0,90,15,1,138697,AdultFemaleAgent(Clone),5,10,1.58,1.45,0,0,False,2,0,0
2026-03-07_02.29.51,239,sign-optimization-horizontal-vertical_scenario,633,306,3,-8,5,0,90,15,1,138698,AdultFemaleAgent(Clone),11,10,1.58,1.450001,0,0,False,3,0,0
2026-03-07_02.29.51,239,sign-optimization-horizontal-vertical_scenario,633,306,3,-8,5,0,90,15,1,138699,WheelchairAgent(Clone),6,12,1.3,1.17,0,0,False,2,0,0
2026-03-07_02.29.51,239,sign-optimization-horizontal-vertical_scenario,633,306,3,-8,5,0,90,15,1,138700,WheelchairAgent(Clone),5,10,1.3,1.17,0,0,False,2,0,0
2026-03-07_02.29.51,239,sign-optimization-horizontal-vertical_scenario,633,306,3,-8,5,0,90,15,1,138701,AdultMaleAgent(Clone),6,12,1.71,1.58,0,0,False,2,0,0
2026-03-07_02.29.51,239,sign-optimization-horizontal-vertical_scenario,633,306,3,-8,5,0,90,15,1,138702,WheelchairAgent(Clone),11,10,1.3,1.17,0,0,False,3,0,0
2026-03-07_02.29.51,239,sign-optimization-horizontal-vertical_scenario,633,306,3,-8,5,0,90,15,1,138703,AdultFemaleAgent(Clone),6,12,1.58,1.45,0,0,False,2,0,0
2026-03-07_02.29.51,239,sign-optimization-horizontal-vertical_scenario,633,306,3,-8,5,0,90,15,1,138704,AdultMaleAgent(Clone),5,10,1.71,1.58,0,0,False,2,0,0
2026-03-07_02.29.51,239,sign-optimization-horizontal-vertical_scenario,633,306,3,-8,5,0,90,15,1,138705,WheelchairAgent(Clone),10,12,1.3,1.17,0,0,False,3,0,0
2026-03-07_02.29.51,239,sign-optimization-horizontal-vertical_scenario,633,306,3,-8,5,0,90,15,1,138706,WheelchairAgent(Clone),5,10,1.3,1.17,0,0,False,2,0,0
2026-03-07_02.29.51,239,sign-optimization-horizontal-vertical_scenario,633,306,3,-8,5,0,90,15,1,138707,AdultFemaleAgent(Clone),11,10,1.58,1.450001,0,0,False,3,0,0
2026-03-07_02.29.51,239,sign-optimization-horizontal-vertical_scenario,633,306,3,-8,5,0,90,15,1,138708,AdultFemaleAgent(Clone),5,10,1.58,1.45,0,0,False,2,0,0
2026-03-07_02.29.51,239,sign-optimization-horizontal-vertical_scenario,633,306,3,-8,5,0,90,15,1,138709,AdultMaleAgent(Clone),7,11,1.71,1.58,0,0,False,2,0,0
2026-03-07_02.29.51,239,sign-optimization-horizontal-vertical_scenario,633,306,3,-8,5,0,90,15,1,138710,AdultFemaleAgent(Clone),7,11,1.58,1.450001,0,0,False,2,0,0
2026-03-07_02.29.51,239,sign-optimization-horizontal-vertical_scenario,633,306,3,-8,5,0,90,15,1,138711,AdultMaleAgent(Clone),5,10,1.71,1.58,0,0,False,2,0,0
2026-03-07_02.29.51,239,sign-optimization-horizontal-vertical_scenario,633,306,3,-8,5,0,90,15,1,138712,AdultFemaleAgent(Clone),11,10,1.58,1.450001,0,0,False,3,0,0
2026-03-07_02.29.51,239,sign-optimization-horizontal-vertical_scenario,633,306,3,-8,5,0,90,15,1,138713,AdultMaleAgent(Clone),5,10,1.71,1.58,0,0,False,2,0,0
2026-03-07_02.29.51,239,sign-optimization-horizontal-vertical_scenario,633,306,3,-8,5,0,90,15,1,138714,AdultMaleAgent(Clone),7,11,1.71,1.58,0,0,False,2,0,0
2026-03-07_02.29.51,239,sign-optimization-horizontal-vertical_scenario,633,306,3,-8,5,0,90,15,1,138715,WheelchairAgent(Clone),6,12,1.3,1.17,0,0,False,2,0,0
2026-03-07_02.29.51,239,sign-optimization-horizontal-vertical_scenario,633,306,3,-8,5,0,90,15,1,138716,WheelchairAgent(Clone),11,10,1.3,1.17,0,0,False,3,0,0
2026-03-07_02.29.51,239,sign-optimization-horizontal-vertical_scenario,633,306,3,-8,5,0,90,15,1,138717,AdultMaleAgent(Clone),10,12,1.71,1.58,0,0,False,3,1,0.3333333
2026-03-07_02.29.51,239,sign-optimization-horizontal-vertical_scenario,633,306,3,-8,5,0,90,15,1,138718,AdultFemaleAgent(Clone),7,11,1.58,1.450001,0,0,False,2,0,0
2026-03-07_02.29.51,239,sign-optimization-horizontal-vertical_scenario,633,306,3,-8,5,0,90,15,1,138719,AdultMaleAgent(Clone),6,12,1.71,1.58,0,0,False,2,0,0
2026-03-07_02.29.51,239,sign-optimization-horizontal-vertical_scenario,633,306,3,-8,5,0,90,15,1,138720,WheelchairAgent(Clone),10,12,1.3,1.17,0,0,False,3,0,0
2026-03-07_02.29.51,239,sign-optimization-horizontal-vertical_scenario,633,306,3,-8,5,0,90,15,1,138721,AdultFemaleAgent(Clone),6,12,1.58,1.45,0,0,False,2,0,0
2026-03-07_02.29.51,239,sign-optimization-horizontal-vertical_scenario,633,306,3,-8,5,0,90,15,1,138722,AdultMaleAgent(Clone),10,12,1.71,1.58,0,0,False,3,0,0
2026-03-07_02.29.51,239,sign-optimization-horizontal-vertical_scenario,633,306,3,-8,5,0,90,15,1,138723,AdultFemaleAgent(Clone),11,10,1.58,1.450001,0,0,False,3,0,0
2026-03-07_02.29.51,239,sign-optimization-horizontal-vertical_scenario,633,306,3,-8,5,0,90,15,1,138724,AdultMaleAgent(Clone),6,12,1.71,1.58,0,0,False,2,0,0
2026-03-07_02.29.51,239,sign-optimization-horizontal-vertical_scenario,633,306,3,-8,5,0,90,15,1,138725,WheelchairAgent(Clone),11,10,1.3,1.17,0,0,False,3,0,0
2026-03-07_02.29.51,239,sign-optimization-horizontal-vertical_scenario,633,306,3,-8,5,0,90,15,1,138726,WheelchairAgent(Clone),5,10,1.3,1.17,0,0,False,2,0,0
2026-03-07_02.29.51,239,sign-optimization-horizontal-vertical_scenario,633,306,3,-8,5,0,90,15,1,138727,AdultMaleAgent(Clone),5,10,1.71,1.58,0,0,False,2,0,0
2026-03-07_02.29.51,239,sign-optimization-horizontal-vertical_scenario,633,306,3,-8,5,0,90,15,1,138728,AdultFemaleAgent(Clone),11,10,1.58,1.450001,0,0,False,3,0,0
2026-03-07_02.29.51,239,sign-optimization-horizontal-vertical_scenario,633,306,3,-8,5,0,90,15,1,138729,WheelchairAgent(Clone),6,12,1.3,1.17,0,0,False,2,0,0
2026-03-07_02.29.51,239,sign-optimization-horizontal-vertical_scenario,633,306,3,-8,5,0,90,15,1,138730,WheelchairAgent(Clone),7,11,1.3,1.17,0,0,False,2,0,0
2026-03-07_02.29.51,239,sign-optimization-horizontal-vertical_scenario,633,306,3,-8,5,0,90,15,1,138731,AdultFemaleAgent(Clone),5,10,1.58,1.45,0,0,False,2,0,0
2026-03-07_02.29.51,239,sign-optimization-horizontal-vertical_scenario,633,306,3,-8,5,0,90,15,1,138732,AdultFemaleAgent(Clone),10,12,1.58,1.45,0,0,False,3,0,0
2026-03-07_02.29.51,239,sign-optimization-horizontal-vertical_scenario,633,306,3,-8,5,0,90,15,1,138733,AdultFemaleAgent(Clone),5,10,1.58,1.45,0,0,False,2,0,0
2026-03-07_02.29.51,239,sign-optimization-horizontal-vertical_scenario,633,306,3,-8,5,0,90,15,1,138734,AdultMaleAgent(Clone),10,12,1.71,1.58,0,0,False,3,0,0
2026-03-07_02.29.51,239,sign-optimization-horizontal-vertical_scenario,633,306,3,-8,5,0,90,15,1,138735,AdultMaleAgent(Clone),10,12,1.71,1.58,0,0,False,3,0,0
2026-03-07_02.29.51,239,sign-optimization-horizontal-vertical_scenario,633,306,3,-8,5,0,90,15,1,138736,AdultFemaleAgent(Clone),5,10,1.58,1.45,0,0,False,2,0,0
2026-03-07_02.29.51,239,sign-optimization-horizontal-vertical_scenario,633,306,3,-8,5,0,90,15,1,138737,AdultFemaleAgent(Clone),6,12,1.58,1.45,0,0,False,2,0,0
2026-03-07_02.29.51,239,sign-optimization-horizontal-vertical_scenario,633,306,3,-8,5,0,90,15,1,138738,AdultFemaleAgent(Clone),6,12,1.58,1.45,0,0,False,2,0,0
2026-03-07_02.29.51,239,sign-optimization-horizontal-vertical_scenario,633,306,3,-8,5,0,90,15,1,138739,AdultMaleAgent(Clone),5,10,1.71,1.58,0,0,False,2,0,0
2026-03-07_02.29.51,239,sign-optimization-horizontal-vertical_scenario,633,306,3,-8,5,0,90,15,1,138740,AdultMaleAgent(Clone),7,11,1.71,1.58,0,0,False,2,0,0
2026-03-07_02.29.51,239,sign-optimization-horizontal-vertical_scenario,633,306,3,-8,5,0,90,15,1,138741,AdultFemaleAgent(Clone),11,10,1.58,1.450001,0,0,False,3,0,0
2026-03-07_02.29.51,239,sign-optimization-horizontal-vertical_scenario,633,306,3,-8,5,0,90,15,1,138742,AdultMaleAgent(Clone),6,12,1.71,1.58,0,0,False,2,0,0
2026-03-07_02.29.51,239,sign-optimization-horizontal-vertical_scenario,633,306,3,-8,5,0,90,15,1,138743,AdultMaleAgent(Clone),11,10,1.71,1.58,0,0,False,3,0,0
2026-03-07_02.29.51,239,sign-optimization-horizontal-vertical_scenario,633,306,3,-8,5,0,90,15,1,138744,AdultMaleAgent(Clone),6,12,1.71,1.58,0,0,False,2,0,0
2026-03-07_02.29.51,239,sign-optimization-horizontal-vertical_scenario,633,306,3,-8,5,0,90,15,1,138745,AdultFemaleAgent(Clone),10,12,1.58,1.45,0,0,False,3,0,0
2026-03-07_02.29.51,239,sign-optimization-horizontal-vertical_scenario,633,306,3,-8,5,0,90,15,1,138746,AdultMaleAgent(Clone),6,12,1.71,1.58,0,0,False,2,0,0
2026-03-07_02.29.51,239,sign-optimization-horizontal-vertical_scenario,633,306,3,-8,5,0,90,15,1,138747,WheelchairAgent(Clone),11,10,1.3,1.17,0,0,False,3,0,0
2026-03-07_02.29.51,239,sign-optimization-horizontal-vertical_scenario,633,306,3,-8,5,0,90,15,1,138748,AdultMaleAgent(Clone),10,12,1.71,1.58,0,0,False,3,0,0
2026-03-07_02.29.51,239,sign-optimization-horizontal-vertical_scenario,633,306,3,-8,5,0,90,15,1,138749,WheelchairAgent(Clone),6,12,1.3,1.17,0,0,False,2,0,0
2026-03-07_02.29.51,239,sign-optimization-horizontal-vertical_scenario,633,306,3,-8,5,0,90,15,1,138750,AdultMaleAgent(Clone),6,12,1.71,1.58,0,0,False,2,0,0
2026-03-07_02.29.51,239,sign-optimization-horizontal-vertical_scenario,633,306,3,-8,5,0,90,15,1,138751,AdultMaleAgent(Clone),7,11,1.71,1.58,0,0,False,2,0,0
2026-03-07_02.29.51,239,sign-optimization-horizontal-vertical_scenario,633,306,3,-8,5,0,90,15,1,138752,AdultMaleAgent(Clone),10,12,1.71,1.58,0,0,False,3,0,0
2026-03-07_02.29.51,239,sign-optimization-horizontal-vertical_scenario,633,306,3,-8,5,0,90,15,1,138753,WheelchairAgent(Clone),6,12,1.3,1.17,0,0,False,2,0,0
2026-03-07_02.29.51,239,sign-optimization-horizontal-vertical_scenario,633,306,3,-8,5,0,90,15,1,138754,AdultMaleAgent(Clone),7,11,1.71,1.58,0,0,False,2,0,0
2026-03-07_02.29.51,239,sign-optimization-horizontal-vertical_scenario,633,306,3,-8,5,0,90,15,1,138755,AdultFemaleAgent(Clone),10,12,1.58,1.45,0,0,False,3,0,0
2026-03-07_02.29.51,239,sign-optimization-horizontal-vertical_scenario,633,306,3,-8,5,0,90,15,1,138756,AdultMaleAgent(Clone),6,12,1.71,1.58,0,0,False,2,0,0
2026-03-07_02.29.51,239,sign-optimization-horizontal-vertical_scenario,633,306,3,-8,5,0,90,15,1,138757,AdultFemaleAgent(Clone),11,10,1.58,1.450001,0,0,False,3,0,0
2026-03-07_02.29.51,239,sign-optimization-horizontal-vertical_scenario,633,306,3,-8,5,0,90,15,1,138758,AdultMaleAgent(Clone),10,12,1.71,1.58,0,0,False,3,0,0
2026-03-07_02.29.51,239,sign-optimization-horizontal-vertical_scenario,633,306,3,-8,5,0,90,15,1,138759,AdultFemaleAgent(Clone),5,10,1.58,1.45,0,0,False,2,0,0
2026-03-07_02.29.51,239,sign-optimization-horizontal-vertical_scenario,633,306,3,-8,5,0,90,15,1,138760,WheelchairAgent(Clone),7,11,1.3,1.17,0,0,False,2,0,0
2026-03-07_02.29.51,239,sign-optimization-horizontal-vertical_scenario,633,306,3,-8,5,0,90,15,1,138761,AdultFemaleAgent(Clone),5,10,1.58,1.45,0,0,False,2,0,0
2026-03-07_02.29.51,239,sign-optimization-horizontal-vertical_scenario,633,306,3,-8,5,0,90,15,1,138762,WheelchairAgent(Clone),6,12,1.3,1.17,0,0,False,2,0,0
2026-03-07_02.29.51,239,sign-optimization-horizontal-vertical_scenario,633,306,3,-8,5,0,90,15,1,138763,AdultMaleAgent(Clone),5,10,1.71,1.58,0,0,False,2,0,0
2026-03-07_02.29.51,239,sign-optimization-horizontal-vertical_scenario,633,306,3,-8,5,0,90,15,1,138764,AdultMaleAgent(Clone),11,10,1.71,1.58,0,0,False,3,0,0
2026-03-07_02.29.51,239,sign-optimization-horizontal-vertical_scenario,633,306,3,-8,5,0,90,15,1,138765,AdultMaleAgent(Clone),5,10,1.71,1.58,0,0,False,2,0,0
